date,tp
1998-01-01 00:00:00,0.13499999046325684
1998-01-02 00:00:00,6.704999923706055
1998-01-03 00:00:00,4.349999904632568
1998-01-04 00:00:00,27.884998321533203
1998-01-05 00:00:00,8.914999961853027
1998-01-06 00:00:00,0.20500001311302185
1998-01-07 00:00:00,0.2449999749660492
1998-01-08 00:00:00,4.339999675750732
1998-01-09 00:00:00,4.74500036239624
1998-01-10 00:00:00,5.740000247955322
1998-01-11 00:00:00,2.294999837875366
1998-01-12 00:00:00,0.019999999552965164
1998-01-13 00:00:00,0.17499999701976776
1998-01-14 00:00:00,0.09000000357627869
1998-01-15 00:00:00,0.304999977350235
1998-01-16 00:00:00,0.0
1998-01-17 00:00:00,0.3400000035762787
1998-01-18 00:00:00,0.16500000655651093
1998-01-19 00:00:00,0.1599999964237213
1998-01-20 00:00:00,0.06499999761581421
1998-01-21 00:00:00,0.7850000858306885
1998-01-22 00:00:00,0.5749999284744263
1998-01-23 00:00:00,1.7249999046325684
1998-01-24 00:00:00,1.274999976158142
1998-01-25 00:00:00,3.444999933242798
1998-01-26 00:00:00,6.529999732971191
1998-01-27 00:00:00,15.240001678466797
1998-01-28 00:00:00,4.324999809265137
1998-01-29 00:00:00,19.78499984741211
1998-01-30 00:00:00,4.7300004959106445
1998-01-31 00:00:00,0.0
1998-02-01 00:00:00,0.0
1998-02-02 00:00:00,0.0
1998-02-03 00:00:00,0.0
1998-02-04 00:00:00,0.0
1998-02-05 00:00:00,0.45499998331069946
1998-02-06 00:00:00,0.0
1998-02-07 00:00:00,4.025000095367432
1998-02-08 00:00:00,9.560001373291016
1998-02-09 00:00:00,0.31999996304512024
1998-02-10 00:00:00,0.0
1998-02-11 00:00:00,0.17999999225139618
1998-02-12 00:00:00,0.14499999582767487
1998-02-13 00:00:00,9.88499927520752
1998-02-14 00:00:00,4.965000152587891
1998-02-15 00:00:00,2.0850000381469727
1998-02-16 00:00:00,5.875001430511475
1998-02-17 00:00:00,0.029999997466802597
1998-02-18 00:00:00,0.16500000655651093
1998-02-19 00:00:00,4.839999675750732
1998-02-20 00:00:00,3.739999771118164
1998-02-21 00:00:00,4.295000076293945
1998-02-22 00:00:00,0.3499999940395355
1998-02-23 00:00:00,0.0
1998-02-24 00:00:00,0.0
1998-02-25 00:00:00,0.004999999888241291
1998-02-26 00:00:00,0.7149999141693115
1998-02-27 00:00:00,0.0
1998-02-28 00:00:00,1.2400000095367432
1998-03-01 00:00:00,3.2800002098083496
1998-03-02 00:00:00,0.0
1998-03-03 00:00:00,0.17499999701976776
1998-03-04 00:00:00,0.9650000333786011
1998-03-05 00:00:00,0.0
1998-03-06 00:00:00,0.07499999552965164
1998-03-07 00:00:00,0.4949999451637268
1998-03-08 00:00:00,0.8400000333786011
1998-03-09 00:00:00,0.7100000381469727
1998-03-10 00:00:00,0.0
1998-03-11 00:00:00,0.9449999332427979
1998-03-12 00:00:00,1.3650000095367432
1998-03-13 00:00:00,0.3349999785423279
1998-03-14 00:00:00,0.004999999888241291
1998-03-15 00:00:00,0.5449999570846558
1998-03-16 00:00:00,0.934999942779541
1998-03-17 00:00:00,5.00499963760376
1998-03-18 00:00:00,0.0
1998-03-19 00:00:00,0.0
1998-03-20 00:00:00,0.0
1998-03-21 00:00:00,0.7399999499320984
1998-03-22 00:00:00,0.0
1998-03-23 00:00:00,0.0
1998-03-24 00:00:00,0.0
1998-03-25 00:00:00,1.5899999141693115
1998-03-26 00:00:00,0.09999999403953552
1998-03-27 00:00:00,0.875
1998-03-28 00:00:00,0.10999999940395355
1998-03-29 00:00:00,3.994999885559082
1998-03-30 00:00:00,1.4399999380111694
1998-03-31 00:00:00,0.0
1998-04-01 00:00:00,0.9399999976158142
1998-04-02 00:00:00,1.8299999237060547
1998-04-03 00:00:00,0.0
1998-04-04 00:00:00,0.0
1998-04-05 00:00:00,0.0
1998-04-06 00:00:00,0.7649999856948853
1998-04-07 00:00:00,0.0
1998-04-08 00:00:00,0.0
1998-04-09 00:00:00,0.0
1998-04-10 00:00:00,0.0
1998-04-11 00:00:00,0.0
1998-04-12 00:00:00,0.0
1998-04-13 00:00:00,0.0
1998-04-14 00:00:00,0.0
1998-04-15 00:00:00,0.38499999046325684
1998-04-16 00:00:00,0.0
1998-04-17 00:00:00,0.0
1998-04-18 00:00:00,0.0
1998-04-19 00:00:00,0.0
1998-04-20 00:00:00,0.0
1998-04-21 00:00:00,0.0
1998-04-22 00:00:00,0.0
1998-04-23 00:00:00,0.0
1998-04-24 00:00:00,0.004999999888241291
1998-04-25 00:00:00,0.25999999046325684
1998-04-26 00:00:00,0.0
1998-04-27 00:00:00,0.0
1998-04-28 00:00:00,0.0
1998-04-29 00:00:00,0.0
1998-04-30 00:00:00,0.0
1998-05-01 00:00:00,0.0
1998-05-02 00:00:00,0.0
1998-05-03 00:00:00,0.0
1998-05-04 00:00:00,0.0
1998-05-05 00:00:00,0.0
1998-05-06 00:00:00,0.0
1998-05-07 00:00:00,0.0
1998-05-08 00:00:00,0.0
1998-05-09 00:00:00,0.0
1998-05-10 00:00:00,0.0
1998-05-11 00:00:00,0.0
1998-05-12 00:00:00,0.029999999329447746
1998-05-13 00:00:00,0.03500000014901161
1998-05-14 00:00:00,0.0
1998-05-15 00:00:00,0.0
1998-05-16 00:00:00,0.0
1998-05-17 00:00:00,0.0
1998-05-18 00:00:00,0.0
1998-05-19 00:00:00,0.0
1998-05-20 00:00:00,0.0
1998-05-21 00:00:00,0.0
1998-05-22 00:00:00,0.0
1998-05-23 00:00:00,0.0
1998-05-24 00:00:00,0.0
1998-05-25 00:00:00,0.0
1998-05-26 00:00:00,0.0
1998-05-27 00:00:00,0.0
1998-05-28 00:00:00,0.0
1998-05-29 00:00:00,0.0
1998-05-30 00:00:00,0.0
1998-05-31 00:00:00,0.0
1998-06-01 00:00:00,0.09000000357627869
1998-06-02 00:00:00,0.0
1998-06-03 00:00:00,0.0
1998-06-04 00:00:00,0.0
1998-06-05 00:00:00,0.0
1998-06-06 00:00:00,0.004999999888241291
1998-06-07 00:00:00,0.07999999821186066
1998-06-08 00:00:00,0.0
1998-06-09 00:00:00,0.0
1998-06-10 00:00:00,0.8000000715255737
1998-06-11 00:00:00,0.0
1998-06-12 00:00:00,0.0
1998-06-13 00:00:00,0.2549999952316284
1998-06-14 00:00:00,0.13499999046325684
1998-06-15 00:00:00,0.0
1998-06-16 00:00:00,0.004999999888241291
1998-06-17 00:00:00,2.5
1998-06-18 00:00:00,0.0
1998-06-19 00:00:00,0.0
1998-06-20 00:00:00,0.0
1998-06-21 00:00:00,0.0
1998-06-22 00:00:00,0.14999999105930328
1998-06-23 00:00:00,4.005000114440918
1998-06-24 00:00:00,0.014999999664723873
1998-06-25 00:00:00,2.7450003623962402
1998-06-26 00:00:00,2.365000009536743
1998-06-27 00:00:00,0.0
1998-06-28 00:00:00,0.29499998688697815
1998-06-29 00:00:00,0.4699999988079071
1998-06-30 00:00:00,1.8899998664855957
1998-07-01 00:00:00,0.0
1998-07-02 00:00:00,0.0
1998-07-03 00:00:00,0.0
1998-07-04 00:00:00,0.0
1998-07-05 00:00:00,0.0
1998-07-06 00:00:00,0.0
1998-07-07 00:00:00,0.0
1998-07-08 00:00:00,0.0
1998-07-09 00:00:00,0.05000000447034836
1998-07-10 00:00:00,0.0
1998-07-11 00:00:00,0.0
1998-07-12 00:00:00,0.0
1998-07-13 00:00:00,0.0
1998-07-14 00:00:00,0.0
1998-07-15 00:00:00,0.0
1998-07-16 00:00:00,0.0
1998-07-17 00:00:00,0.0
1998-07-18 00:00:00,0.0
1998-07-19 00:00:00,0.0
1998-07-20 00:00:00,0.0
1998-07-21 00:00:00,0.0
1998-07-22 00:00:00,0.17999999225139618
1998-07-23 00:00:00,0.0
1998-07-24 00:00:00,0.0
1998-07-25 00:00:00,0.16499999165534973
1998-07-26 00:00:00,0.0
1998-07-27 00:00:00,0.0
1998-07-28 00:00:00,0.0
1998-07-29 00:00:00,0.0
1998-07-30 00:00:00,0.0
1998-07-31 00:00:00,0.0
1998-08-01 00:00:00,0.004999999888241291
1998-08-02 00:00:00,0.0
1998-08-03 00:00:00,0.0
1998-08-04 00:00:00,0.0
1998-08-05 00:00:00,0.0
1998-08-06 00:00:00,0.0
1998-08-07 00:00:00,0.0
1998-08-08 00:00:00,0.0
1998-08-09 00:00:00,0.0
1998-08-10 00:00:00,0.0
1998-08-11 00:00:00,0.0
1998-08-12 00:00:00,0.08500000089406967
1998-08-13 00:00:00,0.014999999664723873
1998-08-14 00:00:00,0.0
1998-08-15 00:00:00,0.0
1998-08-16 00:00:00,0.0
1998-08-17 00:00:00,0.0
1998-08-18 00:00:00,0.0
1998-08-19 00:00:00,0.0
1998-08-20 00:00:00,0.05999999865889549
1998-08-21 00:00:00,1.1149998903274536
1998-08-22 00:00:00,0.1899999976158142
1998-08-23 00:00:00,0.39000004529953003
1998-08-24 00:00:00,0.36000001430511475
1998-08-25 00:00:00,0.0
1998-08-26 00:00:00,0.0
1998-08-27 00:00:00,0.0
1998-08-28 00:00:00,0.0
1998-08-29 00:00:00,0.0
1998-08-30 00:00:00,0.02499999850988388
1998-08-31 00:00:00,1.6699998378753662
1998-09-01 00:00:00,0.6200000047683716
1998-09-02 00:00:00,0.23999999463558197
1998-09-03 00:00:00,0.0
1998-09-04 00:00:00,0.19499999284744263
1998-09-05 00:00:00,0.029999999329447746
1998-09-06 00:00:00,0.059999994933605194
1998-09-07 00:00:00,0.0
1998-09-08 00:00:00,0.004999999888241291
1998-09-09 00:00:00,0.0
1998-09-10 00:00:00,0.0
1998-09-11 00:00:00,0.0
1998-09-12 00:00:00,0.0
1998-09-13 00:00:00,0.0
1998-09-14 00:00:00,0.004999999888241291
1998-09-15 00:00:00,0.0
1998-09-16 00:00:00,0.0
1998-09-17 00:00:00,0.0
1998-09-18 00:00:00,0.0
1998-09-19 00:00:00,0.0
1998-09-20 00:00:00,0.0
1998-09-21 00:00:00,0.0
1998-09-22 00:00:00,0.0
1998-09-23 00:00:00,0.0
1998-09-24 00:00:00,0.0
1998-09-25 00:00:00,0.0
1998-09-26 00:00:00,0.0
1998-09-27 00:00:00,3.5299997329711914
1998-09-28 00:00:00,0.0
1998-09-29 00:00:00,0.009999999776482582
1998-09-30 00:00:00,0.0
1998-10-01 00:00:00,0.0
1998-10-02 00:00:00,0.0
1998-10-03 00:00:00,0.0
1998-10-04 00:00:00,0.0
1998-10-05 00:00:00,0.0
1998-10-06 00:00:00,0.0
1998-10-07 00:00:00,0.0
1998-10-08 00:00:00,0.004999999888241291
1998-10-09 00:00:00,0.0
1998-10-10 00:00:00,0.0
1998-10-11 00:00:00,0.0
1998-10-12 00:00:00,0.0
1998-10-13 00:00:00,0.0
1998-10-14 00:00:00,0.6749999523162842
1998-10-15 00:00:00,0.0
1998-10-16 00:00:00,0.0
1998-10-17 00:00:00,0.0
1998-10-18 00:00:00,0.8700000047683716
1998-10-19 00:00:00,0.14000000059604645
1998-10-20 00:00:00,0.0
1998-10-21 00:00:00,0.42000001668930054
1998-10-22 00:00:00,0.19499999284744263
1998-10-23 00:00:00,5.885000228881836
1998-10-24 00:00:00,8.744999885559082
1998-10-25 00:00:00,0.0
1998-10-26 00:00:00,0.0
1998-10-27 00:00:00,0.0
1998-10-28 00:00:00,0.0
1998-10-29 00:00:00,0.1550000011920929
1998-10-30 00:00:00,0.0
1998-10-31 00:00:00,0.0
1998-11-01 00:00:00,0.0
1998-11-02 00:00:00,0.0
1998-11-03 00:00:00,0.0
1998-11-04 00:00:00,0.0
1998-11-05 00:00:00,0.0
1998-11-06 00:00:00,0.0
1998-11-07 00:00:00,0.0
1998-11-08 00:00:00,0.0
1998-11-09 00:00:00,0.0
1998-11-10 00:00:00,0.0
1998-11-11 00:00:00,0.0
1998-11-12 00:00:00,0.0
1998-11-13 00:00:00,0.0
1998-11-14 00:00:00,2.609999656677246
1998-11-15 00:00:00,0.17499998211860657
1998-11-16 00:00:00,2.8199996948242188
1998-11-17 00:00:00,3.3100008964538574
1998-11-18 00:00:00,0.8200000524520874
1998-11-19 00:00:00,0.5999999642372131
1998-11-20 00:00:00,4.505000114440918
1998-11-21 00:00:00,8.49000072479248
1998-11-22 00:00:00,0.19499999284744263
1998-11-23 00:00:00,0.0
1998-11-24 00:00:00,0.06499999761581421
1998-11-25 00:00:00,0.0
1998-11-26 00:00:00,1.1449998617172241
1998-11-27 00:00:00,0.0
1998-11-28 00:00:00,0.0
1998-11-29 00:00:00,1.119999885559082
1998-11-30 00:00:00,3.619999885559082
1998-12-01 00:00:00,1.7100000381469727
1998-12-02 00:00:00,0.0
1998-12-03 00:00:00,0.0
1998-12-04 00:00:00,0.0
1998-12-05 00:00:00,0.0
1998-12-06 00:00:00,0.0
1998-12-07 00:00:00,1.4850000143051147
1998-12-08 00:00:00,0.004999999888241291
1998-12-09 00:00:00,0.0
1998-12-10 00:00:00,1.59499990940094
1998-12-11 00:00:00,0.08999999612569809
1998-12-12 00:00:00,0.044999998062849045
1998-12-13 00:00:00,0.0
1998-12-14 00:00:00,0.05999999865889549
1998-12-15 00:00:00,1.2050000429153442
1998-12-16 00:00:00,0.1249999925494194
1998-12-17 00:00:00,0.4449999928474426
1998-12-18 00:00:00,0.9649999737739563
1998-12-19 00:00:00,0.4050000309944153
1998-12-20 00:00:00,5.999999523162842
1998-12-21 00:00:00,0.37999993562698364
1998-12-22 00:00:00,0.7799999713897705
1998-12-23 00:00:00,0.7049999833106995
1998-12-24 00:00:00,2.069999933242798
1998-12-25 00:00:00,0.07000000029802322
1998-12-26 00:00:00,1.3399999141693115
1998-12-27 00:00:00,0.044999998062849045
1998-12-28 00:00:00,0.17499999701976776
1998-12-29 00:00:00,0.0
1998-12-30 00:00:00,0.19499999284744263
1998-12-31 00:00:00,1.2849998474121094
1999-01-01 00:00:00,7.674999237060547
1999-01-02 00:00:00,10.229999542236328
1999-01-03 00:00:00,0.0
1999-01-04 00:00:00,0.0
1999-01-05 00:00:00,2.4750001430511475
1999-01-06 00:00:00,0.14999999105930328
1999-01-07 00:00:00,0.5349999666213989
1999-01-08 00:00:00,0.0
1999-01-09 00:00:00,0.21000000834465027
1999-01-10 00:00:00,3.1649999618530273
1999-01-11 00:00:00,0.07499999552965164
1999-01-12 00:00:00,0.044999998062849045
1999-01-13 00:00:00,2.740000009536743
1999-01-14 00:00:00,0.0
1999-01-15 00:00:00,0.0
1999-01-16 00:00:00,0.0
1999-01-17 00:00:00,0.17000000178813934
1999-01-18 00:00:00,0.0
1999-01-19 00:00:00,0.0
1999-01-20 00:00:00,3.2699997425079346
1999-01-21 00:00:00,0.0
1999-01-22 00:00:00,2.1500000953674316
1999-01-23 00:00:00,8.799999237060547
1999-01-24 00:00:00,2.1999998092651367
1999-01-25 00:00:00,1.4500000476837158
1999-01-26 00:00:00,3.2049999237060547
1999-01-27 00:00:00,0.574999988079071
1999-01-28 00:00:00,5.039999485015869
1999-01-29 00:00:00,0.9499999284744263
1999-01-30 00:00:00,6.649999618530273
1999-01-31 00:00:00,14.565000534057617
1999-02-01 00:00:00,3.3349995613098145
1999-02-02 00:00:00,8.735000610351562
1999-02-03 00:00:00,21.6149959564209
1999-02-04 00:00:00,10.055000305175781
1999-02-05 00:00:00,20.755001068115234
1999-02-06 00:00:00,7.549999237060547
1999-02-07 00:00:00,1.154999852180481
1999-02-08 00:00:00,0.5349999666213989
1999-02-09 00:00:00,1.5149999856948853
1999-02-10 00:00:00,11.105000495910645
1999-02-11 00:00:00,9.249999046325684
1999-02-12 00:00:00,9.989999771118164
1999-02-13 00:00:00,8.744999885559082
1999-02-14 00:00:00,2.370000123977661
1999-02-15 00:00:00,5.554999351501465
1999-02-16 00:00:00,4.655000686645508
1999-02-17 00:00:00,2.0950000286102295
1999-02-18 00:00:00,2.865000009536743
1999-02-19 00:00:00,1.5249996185302734
1999-02-20 00:00:00,1.5299999713897705
1999-02-21 00:00:00,5.425000190734863
1999-02-22 00:00:00,4.940000057220459
1999-02-23 00:00:00,0.16499999165534973
1999-02-24 00:00:00,1.5049999952316284
1999-02-25 00:00:00,5.480000019073486
1999-02-26 00:00:00,0.14000000059604645
1999-02-27 00:00:00,6.594999313354492
1999-02-28 00:00:00,0.32499998807907104
1999-03-01 00:00:00,2.6599996089935303
1999-03-02 00:00:00,2.9950003623962402
1999-03-03 00:00:00,5.119999885559082
1999-03-04 00:00:00,1.3299999237060547
1999-03-05 00:00:00,2.444999933242798
1999-03-06 00:00:00,5.644999980926514
1999-03-07 00:00:00,16.510000228881836
1999-03-08 00:00:00,5.695000171661377
1999-03-09 00:00:00,11.56500244140625
1999-03-10 00:00:00,9.024999618530273
1999-03-11 00:00:00,4.9900007247924805
1999-03-12 00:00:00,9.094999313354492
1999-03-13 00:00:00,6.314999580383301
1999-03-14 00:00:00,1.4649999141693115
1999-03-15 00:00:00,8.595000267028809
1999-03-16 00:00:00,0.24000000953674316
1999-03-17 00:00:00,0.16999998688697815
1999-03-18 00:00:00,5.269999980926514
1999-03-19 00:00:00,17.849998474121094
1999-03-20 00:00:00,6.210000514984131
1999-03-21 00:00:00,4.205000877380371
1999-03-22 00:00:00,8.630000114440918
1999-03-23 00:00:00,15.299999237060547
1999-03-24 00:00:00,11.125
1999-03-25 00:00:00,8.264999389648438
1999-03-26 00:00:00,0.2499999850988388
1999-03-27 00:00:00,0.019999999552965164
1999-03-28 00:00:00,3.4050002098083496
1999-03-29 00:00:00,1.5249998569488525
1999-03-30 00:00:00,0.06499999761581421
1999-03-31 00:00:00,0.6449999809265137
1999-04-01 00:00:00,6.2400007247924805
1999-04-02 00:00:00,2.5400002002716064
1999-04-03 00:00:00,1.4749999046325684
1999-04-04 00:00:00,1.7949998378753662
1999-04-05 00:00:00,0.0
1999-04-06 00:00:00,0.8899999856948853
1999-04-07 00:00:00,0.0
1999-04-08 00:00:00,1.034999966621399
1999-04-09 00:00:00,0.16999998688697815
1999-04-10 00:00:00,0.13499999046325684
1999-04-11 00:00:00,2.509999990463257
1999-04-12 00:00:00,0.0
1999-04-13 00:00:00,0.0
1999-04-14 00:00:00,0.26999998092651367
1999-04-15 00:00:00,0.0
1999-04-16 00:00:00,0.0
1999-04-17 00:00:00,0.009999999776482582
1999-04-18 00:00:00,0.20500001311302185
1999-04-19 00:00:00,0.0
1999-04-20 00:00:00,1.8650000095367432
1999-04-21 00:00:00,0.559999942779541
1999-04-22 00:00:00,0.0
1999-04-23 00:00:00,0.0
1999-04-24 00:00:00,0.0
1999-04-25 00:00:00,0.03999999910593033
1999-04-26 00:00:00,0.0
1999-04-27 00:00:00,0.0
1999-04-28 00:00:00,1.0049999952316284
1999-04-29 00:00:00,0.0
1999-04-30 00:00:00,0.0
1999-05-01 00:00:00,0.014999999664723873
1999-05-02 00:00:00,0.4650000035762787
1999-05-03 00:00:00,0.004999999888241291
1999-05-04 00:00:00,0.0
1999-05-05 00:00:00,0.0
1999-05-06 00:00:00,0.0
1999-05-07 00:00:00,0.0
1999-05-08 00:00:00,0.0
1999-05-09 00:00:00,0.0
1999-05-10 00:00:00,0.0
1999-05-11 00:00:00,0.0
1999-05-12 00:00:00,0.0
1999-05-13 00:00:00,0.0
1999-05-14 00:00:00,0.0
1999-05-15 00:00:00,0.0
1999-05-16 00:00:00,0.0
1999-05-17 00:00:00,0.0
1999-05-18 00:00:00,0.0
1999-05-19 00:00:00,0.0
1999-05-20 00:00:00,0.0
1999-05-21 00:00:00,0.0
1999-05-22 00:00:00,0.0
1999-05-23 00:00:00,0.0
1999-05-24 00:00:00,0.0
1999-05-25 00:00:00,0.3050000071525574
1999-05-26 00:00:00,0.0
1999-05-27 00:00:00,0.0
1999-05-28 00:00:00,1.5699999332427979
1999-05-29 00:00:00,0.014999999664723873
1999-05-30 00:00:00,0.0
1999-05-31 00:00:00,0.0
1999-06-01 00:00:00,0.0
1999-06-02 00:00:00,0.0
1999-06-03 00:00:00,0.0
1999-06-04 00:00:00,0.0
1999-06-05 00:00:00,0.0
1999-06-06 00:00:00,0.0
1999-06-07 00:00:00,0.0
1999-06-08 00:00:00,0.0
1999-06-09 00:00:00,0.0
1999-06-10 00:00:00,0.0
1999-06-11 00:00:00,0.0
1999-06-12 00:00:00,0.0
1999-06-13 00:00:00,0.0
1999-06-14 00:00:00,0.0
1999-06-15 00:00:00,0.0
1999-06-16 00:00:00,0.0
1999-06-17 00:00:00,0.0
1999-06-18 00:00:00,0.0
1999-06-19 00:00:00,0.0
1999-06-20 00:00:00,0.0
1999-06-21 00:00:00,0.0
1999-06-22 00:00:00,0.0
1999-06-23 00:00:00,0.0
1999-06-24 00:00:00,0.0
1999-06-25 00:00:00,0.0
1999-06-26 00:00:00,0.019999999552965164
1999-06-27 00:00:00,0.12999999523162842
1999-06-28 00:00:00,0.0
1999-06-29 00:00:00,0.0
1999-06-30 00:00:00,0.0
1999-07-01 00:00:00,0.0
1999-07-02 00:00:00,0.0
1999-07-03 00:00:00,0.0
1999-07-04 00:00:00,0.0
1999-07-05 00:00:00,0.0
1999-07-06 00:00:00,0.0
1999-07-07 00:00:00,0.0
1999-07-08 00:00:00,0.0
1999-07-09 00:00:00,0.0
1999-07-10 00:00:00,0.04999999701976776
1999-07-11 00:00:00,0.10999999940395355
1999-07-12 00:00:00,0.375
1999-07-13 00:00:00,0.0
1999-07-14 00:00:00,0.0
1999-07-15 00:00:00,0.0
1999-07-16 00:00:00,0.0
1999-07-17 00:00:00,0.009999999776482582
1999-07-18 00:00:00,0.0
1999-07-19 00:00:00,0.0
1999-07-20 00:00:00,0.0
1999-07-21 00:00:00,0.0
1999-07-22 00:00:00,0.11499999463558197
1999-07-23 00:00:00,0.25
1999-07-24 00:00:00,0.004999999888241291
1999-07-25 00:00:00,0.0
1999-07-26 00:00:00,0.0
1999-07-27 00:00:00,0.0
1999-07-28 00:00:00,0.7949999570846558
1999-07-29 00:00:00,0.7650001049041748
1999-07-30 00:00:00,0.0
1999-07-31 00:00:00,0.0
1999-08-01 00:00:00,2.455000162124634
1999-08-02 00:00:00,2.179999828338623
1999-08-03 00:00:00,0.044999998062849045
1999-08-04 00:00:00,0.1249999925494194
1999-08-05 00:00:00,0.049999989569187164
1999-08-06 00:00:00,0.0
1999-08-07 00:00:00,0.0
1999-08-08 00:00:00,0.0
1999-08-09 00:00:00,0.17000000178813934
1999-08-10 00:00:00,0.1849999874830246
1999-08-11 00:00:00,0.25999999046325684
1999-08-12 00:00:00,0.0
1999-08-13 00:00:00,0.0
1999-08-14 00:00:00,0.0
1999-08-15 00:00:00,0.009999999776482582
1999-08-16 00:00:00,0.0
1999-08-17 00:00:00,0.0
1999-08-18 00:00:00,0.0
1999-08-19 00:00:00,0.0
1999-08-20 00:00:00,0.0
1999-08-21 00:00:00,0.0
1999-08-22 00:00:00,0.11499999463558197
1999-08-23 00:00:00,0.29999998211860657
1999-08-24 00:00:00,0.0
1999-08-25 00:00:00,0.0
1999-08-26 00:00:00,0.0
1999-08-27 00:00:00,0.0
1999-08-28 00:00:00,0.0
1999-08-29 00:00:00,0.0
1999-08-30 00:00:00,0.0
1999-08-31 00:00:00,0.0
1999-09-01 00:00:00,3.3449997901916504
1999-09-02 00:00:00,0.9149998426437378
1999-09-03 00:00:00,0.0
1999-09-04 00:00:00,1.0099999904632568
1999-09-05 00:00:00,0.0
1999-09-06 00:00:00,0.10000000894069672
1999-09-07 00:00:00,0.0
1999-09-08 00:00:00,0.02499999850988388
1999-09-09 00:00:00,0.02499999850988388
1999-09-10 00:00:00,0.004999999888241291
1999-09-11 00:00:00,0.0
1999-09-12 00:00:00,0.0
1999-09-13 00:00:00,0.0
1999-09-14 00:00:00,0.0
1999-09-15 00:00:00,0.009999999776482582
1999-09-16 00:00:00,0.5799999833106995
1999-09-17 00:00:00,1.8550000190734863
1999-09-18 00:00:00,4.220000267028809
1999-09-19 00:00:00,0.5749999284744263
1999-09-20 00:00:00,0.054999999701976776
1999-09-21 00:00:00,0.0
1999-09-22 00:00:00,0.0
1999-09-23 00:00:00,0.0
1999-09-24 00:00:00,0.0
1999-09-25 00:00:00,0.0
1999-09-26 00:00:00,0.14999999105930328
1999-09-27 00:00:00,1.0699999332427979
1999-09-28 00:00:00,0.06000000238418579
1999-09-29 00:00:00,3.009999990463257
1999-09-30 00:00:00,1.8999998569488525
1999-10-01 00:00:00,1.1899999380111694
1999-10-02 00:00:00,0.5649999976158142
1999-10-03 00:00:00,2.259999990463257
1999-10-04 00:00:00,0.815000057220459
1999-10-05 00:00:00,2.8550000190734863
1999-10-06 00:00:00,0.004999999888241291
1999-10-07 00:00:00,0.0
1999-10-08 00:00:00,0.0
1999-10-09 00:00:00,0.0
1999-10-10 00:00:00,0.0
1999-10-11 00:00:00,0.0
1999-10-12 00:00:00,0.8899999856948853
1999-10-13 00:00:00,0.0
1999-10-14 00:00:00,0.004999999888241291
1999-10-15 00:00:00,4.659999847412109
1999-10-16 00:00:00,8.320000648498535
1999-10-17 00:00:00,0.12999999523162842
1999-10-18 00:00:00,0.25999999046325684
1999-10-19 00:00:00,0.0
1999-10-20 00:00:00,0.125
1999-10-21 00:00:00,0.0
1999-10-22 00:00:00,0.0
1999-10-23 00:00:00,0.0
1999-10-24 00:00:00,0.0
1999-10-25 00:00:00,0.0
1999-10-26 00:00:00,0.0
1999-10-27 00:00:00,0.009999999776482582
1999-10-28 00:00:00,0.5199999809265137
1999-10-29 00:00:00,0.0
1999-10-30 00:00:00,0.3199999928474426
1999-10-31 00:00:00,0.03999999910593033
1999-11-01 00:00:00,0.0
1999-11-02 00:00:00,0.06499999761581421
1999-11-03 00:00:00,0.1599999964237213
1999-11-04 00:00:00,0.16499999165534973
1999-11-05 00:00:00,0.019999999552965164
1999-11-06 00:00:00,0.0
1999-11-07 00:00:00,0.0
1999-11-08 00:00:00,0.0
1999-11-09 00:00:00,0.02499999850988388
1999-11-10 00:00:00,0.009999999776482582
1999-11-11 00:00:00,0.029999997466802597
1999-11-12 00:00:00,0.0
1999-11-13 00:00:00,0.02499999850988388
1999-11-14 00:00:00,0.36500000953674316
1999-11-15 00:00:00,2.3450000286102295
1999-11-16 00:00:00,0.0
1999-11-17 00:00:00,0.14499999582767487
1999-11-18 00:00:00,0.9449999928474426
1999-11-19 00:00:00,0.0
1999-11-20 00:00:00,0.0
1999-11-21 00:00:00,0.17499999701976776
1999-11-22 00:00:00,0.014999999664723873
1999-11-23 00:00:00,0.0
1999-11-24 00:00:00,0.0
1999-11-25 00:00:00,0.0
1999-11-26 00:00:00,0.0
1999-11-27 00:00:00,0.4150000214576721
1999-11-28 00:00:00,0.0
1999-11-29 00:00:00,0.0
1999-11-30 00:00:00,0.0
1999-12-01 00:00:00,0.0
1999-12-02 00:00:00,0.0
1999-12-03 00:00:00,0.004999999888241291
1999-12-04 00:00:00,0.0
1999-12-05 00:00:00,0.0
1999-12-06 00:00:00,0.0
1999-12-07 00:00:00,0.009999999776482582
1999-12-08 00:00:00,1.1999999284744263
1999-12-09 00:00:00,4.830000400543213
1999-12-10 00:00:00,0.05999999865889549
1999-12-11 00:00:00,0.11499999463558197
1999-12-12 00:00:00,0.0
1999-12-13 00:00:00,0.0
1999-12-14 00:00:00,0.0
1999-12-15 00:00:00,0.3399999737739563
1999-12-16 00:00:00,2.2150003910064697
1999-12-17 00:00:00,0.25999999046325684
1999-12-18 00:00:00,0.0
1999-12-19 00:00:00,0.0
1999-12-20 00:00:00,0.4150000214576721
1999-12-21 00:00:00,1.619999885559082
1999-12-22 00:00:00,0.4699999690055847
1999-12-23 00:00:00,0.45499998331069946
1999-12-24 00:00:00,0.0
1999-12-25 00:00:00,4.274999618530273
1999-12-26 00:00:00,0.0
1999-12-27 00:00:00,0.7050000429153442
1999-12-28 00:00:00,2.8349997997283936
1999-12-29 00:00:00,6.174999237060547
1999-12-30 00:00:00,2.8499999046325684
1999-12-31 00:00:00,9.204999923706055
2000-01-01 00:00:00,14.989999771118164
2000-01-02 00:00:00,4.610000133514404
2000-01-03 00:00:00,11.825000762939453
2000-01-04 00:00:00,0.0
2000-01-05 00:00:00,0.0
2000-01-06 00:00:00,0.05999999865889549
2000-01-07 00:00:00,1.2349998950958252
2000-01-08 00:00:00,1.5399999618530273
2000-01-09 00:00:00,3.7249999046325684
2000-01-10 00:00:00,5.59999942779541
2000-01-11 00:00:00,1.7199997901916504
2000-01-12 00:00:00,3.305000066757202
2000-01-13 00:00:00,0.8899999856948853
2000-01-14 00:00:00,3.4800002574920654
2000-01-15 00:00:00,1.34499990940094
2000-01-16 00:00:00,5.864999771118164
2000-01-17 00:00:00,0.009999999776482582
2000-01-18 00:00:00,0.11999999731779099
2000-01-19 00:00:00,0.32499998807907104
2000-01-20 00:00:00,0.19999998807907104
2000-01-21 00:00:00,3.6500000953674316
2000-01-22 00:00:00,2.0850000381469727
2000-01-23 00:00:00,1.1949999332427979
2000-01-24 00:00:00,2.379999876022339
2000-01-25 00:00:00,17.645000457763672
2000-01-26 00:00:00,3.789999485015869
2000-01-27 00:00:00,0.10999999940395355
2000-01-28 00:00:00,14.90999984741211
2000-01-29 00:00:00,11.989999771118164
2000-01-30 00:00:00,12.270000457763672
2000-01-31 00:00:00,17.520000457763672
2000-02-01 00:00:00,7.840000152587891
2000-02-02 00:00:00,6.25
2000-02-03 00:00:00,1.059999942779541
2000-02-04 00:00:00,0.0
2000-02-05 00:00:00,0.03999999910593033
2000-02-06 00:00:00,0.0
2000-02-07 00:00:00,0.0
2000-02-08 00:00:00,4.84999942779541
2000-02-09 00:00:00,0.38499999046325684
2000-02-10 00:00:00,2.4549999237060547
2000-02-11 00:00:00,3.879999876022339
2000-02-12 00:00:00,0.6149999499320984
2000-02-13 00:00:00,1.0049999952316284
2000-02-14 00:00:00,0.0
2000-02-15 00:00:00,0.0
2000-02-16 00:00:00,0.9949999451637268
2000-02-17 00:00:00,0.0
2000-02-18 00:00:00,0.0
2000-02-19 00:00:00,0.0
2000-02-20 00:00:00,1.559999942779541
2000-02-21 00:00:00,14.165000915527344
2000-02-22 00:00:00,4.175000190734863
2000-02-23 00:00:00,10.409998893737793
2000-02-24 00:00:00,4.919999122619629
2000-02-25 00:00:00,6.284999847412109
2000-02-26 00:00:00,4.0849995613098145
2000-02-27 00:00:00,0.375
2000-02-28 00:00:00,1.684999942779541
2000-02-29 00:00:00,1.9600000381469727
2000-03-01 00:00:00,6.079998970031738
2000-03-02 00:00:00,0.0949999988079071
2000-03-03 00:00:00,0.42500001192092896
2000-03-04 00:00:00,4.125000476837158
2000-03-05 00:00:00,0.3199999928474426
2000-03-06 00:00:00,3.25
2000-03-07 00:00:00,2.374999761581421
2000-03-08 00:00:00,16.220001220703125
2000-03-09 00:00:00,3.619999885559082
2000-03-10 00:00:00,2.619999885559082
2000-03-11 00:00:00,1.874999761581421
2000-03-12 00:00:00,3.5450000762939453
2000-03-13 00:00:00,0.03500000014901161
2000-03-14 00:00:00,0.0
2000-03-15 00:00:00,1.0699999332427979
2000-03-16 00:00:00,0.0
2000-03-17 00:00:00,0.0
2000-03-18 00:00:00,2.739999771118164
2000-03-19 00:00:00,0.029999999329447746
2000-03-20 00:00:00,0.044999998062849045
2000-03-21 00:00:00,0.4350000023841858
2000-03-22 00:00:00,0.14000000059604645
2000-03-23 00:00:00,0.0949999988079071
2000-03-24 00:00:00,0.3499999940395355
2000-03-25 00:00:00,0.3799999952316284
2000-03-26 00:00:00,1.9499998092651367
2000-03-27 00:00:00,0.574999988079071
2000-03-28 00:00:00,0.0
2000-03-29 00:00:00,0.009999999776482582
2000-03-30 00:00:00,0.5600000023841858
2000-03-31 00:00:00,0.0
2000-04-01 00:00:00,0.0
2000-04-02 00:00:00,0.0
2000-04-03 00:00:00,0.05000000447034836
2000-04-04 00:00:00,0.3050000071525574
2000-04-05 00:00:00,0.054999999701976776
2000-04-06 00:00:00,0.0
2000-04-07 00:00:00,0.0
2000-04-08 00:00:00,0.009999999776482582
2000-04-09 00:00:00,0.0
2000-04-10 00:00:00,0.0
2000-04-11 00:00:00,0.0
2000-04-12 00:00:00,0.0
2000-04-13 00:00:00,0.0
2000-04-14 00:00:00,0.0
2000-04-15 00:00:00,0.0
2000-04-16 00:00:00,0.0
2000-04-17 00:00:00,0.0
2000-04-18 00:00:00,0.014999999664723873
2000-04-19 00:00:00,0.10999999940395355
2000-04-20 00:00:00,0.5349999666213989
2000-04-21 00:00:00,0.0
2000-04-22 00:00:00,0.6349999904632568
2000-04-23 00:00:00,1.0899999141693115
2000-04-24 00:00:00,0.029999999329447746
2000-04-25 00:00:00,0.07499999552965164
2000-04-26 00:00:00,0.0
2000-04-27 00:00:00,0.0
2000-04-28 00:00:00,0.0
2000-04-29 00:00:00,0.0
2000-04-30 00:00:00,0.0
2000-05-01 00:00:00,0.0
2000-05-02 00:00:00,0.0
2000-05-03 00:00:00,0.0
2000-05-04 00:00:00,0.0
2000-05-05 00:00:00,0.0
2000-05-06 00:00:00,0.0
2000-05-07 00:00:00,0.02499999850988388
2000-05-08 00:00:00,0.0
2000-05-09 00:00:00,0.0
2000-05-10 00:00:00,1.5099999904632568
2000-05-11 00:00:00,0.10500000417232513
2000-05-12 00:00:00,0.0
2000-05-13 00:00:00,1.2300000190734863
2000-05-14 00:00:00,0.04999999701976776
2000-05-15 00:00:00,0.0
2000-05-16 00:00:00,0.0
2000-05-17 00:00:00,0.28999999165534973
2000-05-18 00:00:00,0.0
2000-05-19 00:00:00,0.12999999523162842
2000-05-20 00:00:00,0.0
2000-05-21 00:00:00,0.0
2000-05-22 00:00:00,0.0
2000-05-23 00:00:00,0.0
2000-05-24 00:00:00,0.0
2000-05-25 00:00:00,0.02499999850988388
2000-05-26 00:00:00,0.0
2000-05-27 00:00:00,0.0
2000-05-28 00:00:00,0.0
2000-05-29 00:00:00,0.0
2000-05-30 00:00:00,0.0
2000-05-31 00:00:00,0.0
2000-06-01 00:00:00,0.0
2000-06-02 00:00:00,0.0
2000-06-03 00:00:00,0.0
2000-06-04 00:00:00,0.0
2000-06-05 00:00:00,0.0
2000-06-06 00:00:00,0.42000001668930054
2000-06-07 00:00:00,0.0
2000-06-08 00:00:00,0.0
2000-06-09 00:00:00,0.0
2000-06-10 00:00:00,0.2199999988079071
2000-06-11 00:00:00,0.3050000071525574
2000-06-12 00:00:00,0.0
2000-06-13 00:00:00,0.0
2000-06-14 00:00:00,0.014999999664723873
2000-06-15 00:00:00,0.0
2000-06-16 00:00:00,0.0
2000-06-17 00:00:00,0.0
2000-06-18 00:00:00,0.0
2000-06-19 00:00:00,0.059999994933605194
2000-06-20 00:00:00,0.019999999552965164
2000-06-21 00:00:00,0.0
2000-06-22 00:00:00,0.0
2000-06-23 00:00:00,0.0
2000-06-24 00:00:00,0.0
2000-06-25 00:00:00,0.0
2000-06-26 00:00:00,0.004999999888241291
2000-06-27 00:00:00,0.0
2000-06-28 00:00:00,0.0
2000-06-29 00:00:00,0.03999999910593033
2000-06-30 00:00:00,0.009999999776482582
2000-07-01 00:00:00,0.0
2000-07-02 00:00:00,0.0
2000-07-03 00:00:00,0.0
2000-07-04 00:00:00,0.0
2000-07-05 00:00:00,0.0
2000-07-06 00:00:00,0.0
2000-07-07 00:00:00,0.0
2000-07-08 00:00:00,0.0
2000-07-09 00:00:00,0.0
2000-07-10 00:00:00,0.0
2000-07-11 00:00:00,0.0
2000-07-12 00:00:00,0.009999999776482582
2000-07-13 00:00:00,0.0
2000-07-14 00:00:00,0.13500000536441803
2000-07-15 00:00:00,0.10999999940395355
2000-07-16 00:00:00,0.0
2000-07-17 00:00:00,0.0
2000-07-18 00:00:00,0.0
2000-07-19 00:00:00,0.02499999850988388
2000-07-20 00:00:00,0.07999999821186066
2000-07-21 00:00:00,0.0
2000-07-22 00:00:00,0.2499999850988388
2000-07-23 00:00:00,0.0
2000-07-24 00:00:00,0.0
2000-07-25 00:00:00,0.0
2000-07-26 00:00:00,0.014999999664723873
2000-07-27 00:00:00,0.0
2000-07-28 00:00:00,0.0
2000-07-29 00:00:00,0.0
2000-07-30 00:00:00,0.0
2000-07-31 00:00:00,0.004999999888241291
2000-08-01 00:00:00,0.019999999552965164
2000-08-02 00:00:00,0.0
2000-08-03 00:00:00,0.019999999552965164
2000-08-04 00:00:00,0.0
2000-08-05 00:00:00,0.0
2000-08-06 00:00:00,0.09000000357627869
2000-08-07 00:00:00,0.0
2000-08-08 00:00:00,0.0
2000-08-09 00:00:00,0.0
2000-08-10 00:00:00,0.0
2000-08-11 00:00:00,0.11999999731779099
2000-08-12 00:00:00,0.019999999552965164
2000-08-13 00:00:00,0.7549998760223389
2000-08-14 00:00:00,0.0
2000-08-15 00:00:00,0.004999999888241291
2000-08-16 00:00:00,0.0
2000-08-17 00:00:00,0.0
2000-08-18 00:00:00,0.0
2000-08-19 00:00:00,1.6749999523162842
2000-08-20 00:00:00,1.9600000381469727
2000-08-21 00:00:00,0.0
2000-08-22 00:00:00,0.0
2000-08-23 00:00:00,1.1050000190734863
2000-08-24 00:00:00,0.14000000059604645
2000-08-25 00:00:00,0.0
2000-08-26 00:00:00,0.0
2000-08-27 00:00:00,0.375
2000-08-28 00:00:00,1.0099999904632568
2000-08-29 00:00:00,0.0949999988079071
2000-08-30 00:00:00,0.004999999888241291
2000-08-31 00:00:00,0.5450000166893005
2000-09-01 00:00:00,0.0
2000-09-02 00:00:00,0.0
2000-09-03 00:00:00,0.0
2000-09-04 00:00:00,0.0
2000-09-05 00:00:00,0.0
2000-09-06 00:00:00,0.0
2000-09-07 00:00:00,0.0
2000-09-08 00:00:00,0.0
2000-09-09 00:00:00,0.0
2000-09-10 00:00:00,0.0
2000-09-11 00:00:00,0.11499999463558197
2000-09-12 00:00:00,0.0
2000-09-13 00:00:00,0.0
2000-09-14 00:00:00,0.0
2000-09-15 00:00:00,0.0
2000-09-16 00:00:00,0.0
2000-09-17 00:00:00,0.0
2000-09-18 00:00:00,0.009999999776482582
2000-09-19 00:00:00,0.03500000014901161
2000-09-20 00:00:00,0.0
2000-09-21 00:00:00,0.0
2000-09-22 00:00:00,0.6599999666213989
2000-09-23 00:00:00,0.0
2000-09-24 00:00:00,0.0
2000-09-25 00:00:00,0.0
2000-09-26 00:00:00,0.0
2000-09-27 00:00:00,0.0
2000-09-28 00:00:00,0.0
2000-09-29 00:00:00,0.0
2000-09-30 00:00:00,0.0
2000-10-01 00:00:00,0.0
2000-10-02 00:00:00,0.0
2000-10-03 00:00:00,0.029999999329447746
2000-10-04 00:00:00,0.004999999888241291
2000-10-05 00:00:00,0.0
2000-10-06 00:00:00,0.0
2000-10-07 00:00:00,0.42500001192092896
2000-10-08 00:00:00,1.2650001049041748
2000-10-09 00:00:00,3.3299999237060547
2000-10-10 00:00:00,4.3600006103515625
2000-10-11 00:00:00,0.3399999737739563
2000-10-12 00:00:00,1.0299999713897705
2000-10-13 00:00:00,0.5299999713897705
2000-10-14 00:00:00,1.5649999380111694
2000-10-15 00:00:00,0.02499999850988388
2000-10-16 00:00:00,0.32499998807907104
2000-10-17 00:00:00,0.0
2000-10-18 00:00:00,0.029999999329447746
2000-10-19 00:00:00,1.959999918937683
2000-10-20 00:00:00,1.1999999284744263
2000-10-21 00:00:00,2.9800000190734863
2000-10-22 00:00:00,0.5649999380111694
2000-10-23 00:00:00,0.0
2000-10-24 00:00:00,0.0
2000-10-25 00:00:00,0.5449999570846558
2000-10-26 00:00:00,0.1899999976158142
2000-10-27 00:00:00,0.09999999403953552
2000-10-28 00:00:00,0.009999999776482582
2000-10-29 00:00:00,0.019999999552965164
2000-10-30 00:00:00,0.0
2000-10-31 00:00:00,0.0
2000-11-01 00:00:00,0.22499999403953552
2000-11-02 00:00:00,0.0
2000-11-03 00:00:00,0.0
2000-11-04 00:00:00,0.0
2000-11-05 00:00:00,0.0
2000-11-06 00:00:00,0.0
2000-11-07 00:00:00,0.0
2000-11-08 00:00:00,0.0
2000-11-09 00:00:00,0.0
2000-11-10 00:00:00,0.0
2000-11-11 00:00:00,0.06999999284744263
2000-11-12 00:00:00,0.0
2000-11-13 00:00:00,0.0
2000-11-14 00:00:00,0.0
2000-11-15 00:00:00,0.0
2000-11-16 00:00:00,0.0
2000-11-17 00:00:00,0.0
2000-11-18 00:00:00,0.0
2000-11-19 00:00:00,0.0
2000-11-20 00:00:00,0.0
2000-11-21 00:00:00,0.0
2000-11-22 00:00:00,0.0
2000-11-23 00:00:00,0.7699999809265137
2000-11-24 00:00:00,0.4399999976158142
2000-11-25 00:00:00,0.6549999713897705
2000-11-26 00:00:00,0.6200000047683716
2000-11-27 00:00:00,0.21000000834465027
2000-11-28 00:00:00,0.32999998331069946
2000-11-29 00:00:00,0.0
2000-11-30 00:00:00,1.9149999618530273
2000-12-01 00:00:00,0.014999999664723873
2000-12-02 00:00:00,0.0
2000-12-03 00:00:00,0.019999999552965164
2000-12-04 00:00:00,0.0
2000-12-05 00:00:00,0.32499998807907104
2000-12-06 00:00:00,1.1200000047683716
2000-12-07 00:00:00,1.6200001239776611
2000-12-08 00:00:00,1.5649998188018799
2000-12-09 00:00:00,9.789999961853027
2000-12-10 00:00:00,20.0049991607666
2000-12-11 00:00:00,1.679999828338623
2000-12-12 00:00:00,0.0
2000-12-13 00:00:00,0.0
2000-12-14 00:00:00,0.029999999329447746
2000-12-15 00:00:00,0.0
2000-12-16 00:00:00,0.0
2000-12-17 00:00:00,0.0
2000-12-18 00:00:00,0.11999999731779099
2000-12-19 00:00:00,0.0
2000-12-20 00:00:00,1.9950001239776611
2000-12-21 00:00:00,0.9099999666213989
2000-12-22 00:00:00,0.4350000023841858
2000-12-23 00:00:00,0.03999999910593033
2000-12-24 00:00:00,0.009999999776482582
2000-12-25 00:00:00,0.07500000298023224
2000-12-26 00:00:00,0.2499999850988388
2000-12-27 00:00:00,0.19999998807907104
2000-12-28 00:00:00,2.319999933242798
2000-12-29 00:00:00,4.129999160766602
2000-12-30 00:00:00,7.234999656677246
2000-12-31 00:00:00,4.649999618530273
2001-01-01 00:00:00,5.504999160766602
2001-01-02 00:00:00,5.360000133514404
2001-01-03 00:00:00,9.34000015258789
2001-01-04 00:00:00,3.2100000381469727
2001-01-05 00:00:00,1.3450000286102295
2001-01-06 00:00:00,2.25
2001-01-07 00:00:00,9.294999122619629
2001-01-08 00:00:00,3.739999771118164
2001-01-09 00:00:00,5.09499979019165
2001-01-10 00:00:00,5.569999694824219
2001-01-11 00:00:00,5.669999122619629
2001-01-12 00:00:00,3.3400001525878906
2001-01-13 00:00:00,0.11499999463558197
2001-01-14 00:00:00,1.0750000476837158
2001-01-15 00:00:00,12.569998741149902
2001-01-16 00:00:00,1.809999942779541
2001-01-17 00:00:00,3.9599997997283936
2001-01-18 00:00:00,5.945000171661377
2001-01-19 00:00:00,5.71999979019165
2001-01-20 00:00:00,10.424999237060547
2001-01-21 00:00:00,3.364999771118164
2001-01-22 00:00:00,6.059999942779541
2001-01-23 00:00:00,4.7350006103515625
2001-01-24 00:00:00,1.4649999141693115
2001-01-25 00:00:00,1.3550000190734863
2001-01-26 00:00:00,8.734999656677246
2001-01-27 00:00:00,30.454998016357422
2001-01-28 00:00:00,8.8149995803833
2001-01-29 00:00:00,1.5399999618530273
2001-01-30 00:00:00,2.4900002479553223
2001-01-31 00:00:00,5.699999809265137
2001-02-01 00:00:00,1.244999885559082
2001-02-02 00:00:00,4.784999847412109
2001-02-03 00:00:00,4.090001106262207
2001-02-04 00:00:00,1.3799999952316284
2001-02-05 00:00:00,0.3400000035762787
2001-02-06 00:00:00,0.5699999928474426
2001-02-07 00:00:00,0.14499998092651367
2001-02-08 00:00:00,0.0
2001-02-09 00:00:00,17.1299991607666
2001-02-10 00:00:00,5.299999237060547
2001-02-11 00:00:00,0.47999995946884155
2001-02-12 00:00:00,3.565000057220459
2001-02-13 00:00:00,7.680000305175781
2001-02-14 00:00:00,16.564998626708984
2001-02-15 00:00:00,7.009999752044678
2001-02-16 00:00:00,14.25
2001-02-17 00:00:00,3.9800000190734863
2001-02-18 00:00:00,19.079999923706055
2001-02-19 00:00:00,7.72499942779541
2001-02-20 00:00:00,3.6000001430511475
2001-02-21 00:00:00,0.05999999865889549
2001-02-22 00:00:00,0.12000000476837158
2001-02-23 00:00:00,2.200000047683716
2001-02-24 00:00:00,8.38499927520752
2001-02-25 00:00:00,8.104999542236328
2001-02-26 00:00:00,7.4300007820129395
2001-02-27 00:00:00,2.4100000858306885
2001-02-28 00:00:00,1.7049999237060547
2001-03-01 00:00:00,3.9600000381469727
2001-03-02 00:00:00,2.679999828338623
2001-03-03 00:00:00,6.404999732971191
2001-03-04 00:00:00,16.96999740600586
2001-03-05 00:00:00,5.614999771118164
2001-03-06 00:00:00,0.4150000214576721
2001-03-07 00:00:00,3.0199995040893555
2001-03-08 00:00:00,6.449999809265137
2001-03-09 00:00:00,10.749998092651367
2001-03-10 00:00:00,8.72499942779541
2001-03-11 00:00:00,10.770000457763672
2001-03-12 00:00:00,1.2999999523162842
2001-03-13 00:00:00,5.829999923706055
2001-03-14 00:00:00,0.10000000894069672
2001-03-15 00:00:00,6.204999923706055
2001-03-16 00:00:00,0.02499999850988388
2001-03-17 00:00:00,1.7899999618530273
2001-03-18 00:00:00,3.9799997806549072
2001-03-19 00:00:00,5.589999198913574
2001-03-20 00:00:00,0.0
2001-03-21 00:00:00,0.004999999888241291
2001-03-22 00:00:00,0.3099999725818634
2001-03-23 00:00:00,0.0
2001-03-24 00:00:00,2.7149999141693115
2001-03-25 00:00:00,1.2249999046325684
2001-03-26 00:00:00,0.26499998569488525
2001-03-27 00:00:00,0.004999999888241291
2001-03-28 00:00:00,0.5449999570846558
2001-03-29 00:00:00,0.0
2001-03-30 00:00:00,1.6499998569488525
2001-03-31 00:00:00,0.0
2001-04-01 00:00:00,0.0
2001-04-02 00:00:00,0.0
2001-04-03 00:00:00,0.0
2001-04-04 00:00:00,0.6949999928474426
2001-04-05 00:00:00,3.3550000190734863
2001-04-06 00:00:00,1.404999852180481
2001-04-07 00:00:00,2.244999647140503
2001-04-08 00:00:00,0.6599999666213989
2001-04-09 00:00:00,1.869999885559082
2001-04-10 00:00:00,2.059999942779541
2001-04-11 00:00:00,2.825000047683716
2001-04-12 00:00:00,0.0
2001-04-13 00:00:00,0.0
2001-04-14 00:00:00,0.0
2001-04-15 00:00:00,0.0
2001-04-16 00:00:00,0.0
2001-04-17 00:00:00,0.0
2001-04-18 00:00:00,0.09999999403953552
2001-04-19 00:00:00,0.0
2001-04-20 00:00:00,0.0
2001-04-21 00:00:00,0.0
2001-04-22 00:00:00,0.0
2001-04-23 00:00:00,0.0
2001-04-24 00:00:00,0.004999999888241291
2001-04-25 00:00:00,0.11499999463558197
2001-04-26 00:00:00,0.0
2001-04-27 00:00:00,0.0
2001-04-28 00:00:00,0.019999999552965164
2001-04-29 00:00:00,0.014999999664723873
2001-04-30 00:00:00,0.0
2001-05-01 00:00:00,0.0
2001-05-02 00:00:00,0.0
2001-05-03 00:00:00,0.0
2001-05-04 00:00:00,0.2549999952316284
2001-05-05 00:00:00,0.13999998569488525
2001-05-06 00:00:00,0.2800000011920929
2001-05-07 00:00:00,0.0
2001-05-08 00:00:00,0.0
2001-05-09 00:00:00,0.0
2001-05-10 00:00:00,0.0
2001-05-11 00:00:00,0.0
2001-05-12 00:00:00,0.0
2001-05-13 00:00:00,0.0
2001-05-14 00:00:00,1.2699999809265137
2001-05-15 00:00:00,0.014999999664723873
2001-05-16 00:00:00,0.0
2001-05-17 00:00:00,0.0
2001-05-18 00:00:00,0.0
2001-05-19 00:00:00,1.1449999809265137
2001-05-20 00:00:00,0.0
2001-05-21 00:00:00,0.0
2001-05-22 00:00:00,0.10000000894069672
2001-05-23 00:00:00,0.11499999463558197
2001-05-24 00:00:00,0.009999999776482582
2001-05-25 00:00:00,0.0
2001-05-26 00:00:00,0.0
2001-05-27 00:00:00,0.0
2001-05-28 00:00:00,0.0
2001-05-29 00:00:00,0.0
2001-05-30 00:00:00,0.0
2001-05-31 00:00:00,0.0
2001-06-01 00:00:00,0.0
2001-06-02 00:00:00,0.0
2001-06-03 00:00:00,0.0
2001-06-04 00:00:00,0.0
2001-06-05 00:00:00,0.0
2001-06-06 00:00:00,0.0
2001-06-07 00:00:00,0.0
2001-06-08 00:00:00,0.0
2001-06-09 00:00:00,0.0
2001-06-10 00:00:00,0.0
2001-06-11 00:00:00,0.0
2001-06-12 00:00:00,0.0
2001-06-13 00:00:00,0.0
2001-06-14 00:00:00,0.0
2001-06-15 00:00:00,0.0
2001-06-16 00:00:00,0.0
2001-06-17 00:00:00,0.0
2001-06-18 00:00:00,0.0
2001-06-19 00:00:00,0.02499999850988388
2001-06-20 00:00:00,0.08999999612569809
2001-06-21 00:00:00,0.0
2001-06-22 00:00:00,0.0
2001-06-23 00:00:00,1.4800000190734863
2001-06-24 00:00:00,0.0
2001-06-25 00:00:00,0.0
2001-06-26 00:00:00,0.17999999225139618
2001-06-27 00:00:00,0.054999999701976776
2001-06-28 00:00:00,1.5850000381469727
2001-06-29 00:00:00,0.0
2001-06-30 00:00:00,0.0
2001-07-01 00:00:00,0.0
2001-07-02 00:00:00,0.0
2001-07-03 00:00:00,0.0
2001-07-04 00:00:00,0.0
2001-07-05 00:00:00,0.0
2001-07-06 00:00:00,2.5250000953674316
2001-07-07 00:00:00,0.004999999888241291
2001-07-08 00:00:00,0.02499999850988388
2001-07-09 00:00:00,0.0
2001-07-10 00:00:00,0.0
2001-07-11 00:00:00,0.0
2001-07-12 00:00:00,0.0
2001-07-13 00:00:00,0.0
2001-07-14 00:00:00,0.0
2001-07-15 00:00:00,0.0
2001-07-16 00:00:00,0.0
2001-07-17 00:00:00,0.0
2001-07-18 00:00:00,0.0
2001-07-19 00:00:00,0.0
2001-07-20 00:00:00,0.0
2001-07-21 00:00:00,0.0
2001-07-22 00:00:00,0.0
2001-07-23 00:00:00,0.0
2001-07-24 00:00:00,0.0
2001-07-25 00:00:00,0.0
2001-07-26 00:00:00,0.0
2001-07-27 00:00:00,0.0
2001-07-28 00:00:00,0.0
2001-07-29 00:00:00,0.0
2001-07-30 00:00:00,0.014999999664723873
2001-07-31 00:00:00,0.0
2001-08-01 00:00:00,0.0
2001-08-02 00:00:00,0.0
2001-08-03 00:00:00,0.0
2001-08-04 00:00:00,0.0
2001-08-05 00:00:00,0.0
2001-08-06 00:00:00,0.0
2001-08-07 00:00:00,0.009999999776482582
2001-08-08 00:00:00,0.0
2001-08-09 00:00:00,0.0
2001-08-10 00:00:00,0.0
2001-08-11 00:00:00,0.0
2001-08-12 00:00:00,0.0
2001-08-13 00:00:00,0.0
2001-08-14 00:00:00,0.0
2001-08-15 00:00:00,0.07499999552965164
2001-08-16 00:00:00,1.524999976158142
2001-08-17 00:00:00,0.0
2001-08-18 00:00:00,0.0
2001-08-19 00:00:00,0.7849999666213989
2001-08-20 00:00:00,1.6949999332427979
2001-08-21 00:00:00,0.17999999225139618
2001-08-22 00:00:00,0.044999998062849045
2001-08-23 00:00:00,0.0
2001-08-24 00:00:00,0.0
2001-08-25 00:00:00,0.0
2001-08-26 00:00:00,0.0
2001-08-27 00:00:00,0.0
2001-08-28 00:00:00,0.0
2001-08-29 00:00:00,0.0
2001-08-30 00:00:00,0.0
2001-08-31 00:00:00,3.1499998569488525
2001-09-01 00:00:00,0.0
2001-09-02 00:00:00,0.0
2001-09-03 00:00:00,0.0
2001-09-04 00:00:00,1.4449999332427979
2001-09-05 00:00:00,5.824999809265137
2001-09-06 00:00:00,2.1050000190734863
2001-09-07 00:00:00,0.0
2001-09-08 00:00:00,0.0
2001-09-09 00:00:00,0.019999999552965164
2001-09-10 00:00:00,0.0
2001-09-11 00:00:00,0.3499999940395355
2001-09-12 00:00:00,0.10999999940395355
2001-09-13 00:00:00,0.0
2001-09-14 00:00:00,0.0
2001-09-15 00:00:00,0.0
2001-09-16 00:00:00,0.0
2001-09-17 00:00:00,0.0
2001-09-18 00:00:00,0.0
2001-09-19 00:00:00,0.2449999749660492
2001-09-20 00:00:00,0.0
2001-09-21 00:00:00,0.0
2001-09-22 00:00:00,0.009999999776482582
2001-09-23 00:00:00,0.0
2001-09-24 00:00:00,0.0
2001-09-25 00:00:00,0.0
2001-09-26 00:00:00,0.0
2001-09-27 00:00:00,0.004999999888241291
2001-09-28 00:00:00,0.009999999776482582
2001-09-29 00:00:00,0.0
2001-09-30 00:00:00,0.0
2001-10-01 00:00:00,0.0
2001-10-02 00:00:00,0.0
2001-10-03 00:00:00,0.0
2001-10-04 00:00:00,1.4850000143051147
2001-10-05 00:00:00,0.019999999552965164
2001-10-06 00:00:00,0.10999999940395355
2001-10-07 00:00:00,1.0149999856948853
2001-10-08 00:00:00,0.0
2001-10-09 00:00:00,0.0
2001-10-10 00:00:00,0.0
2001-10-11 00:00:00,0.0
2001-10-12 00:00:00,0.9849998950958252
2001-10-13 00:00:00,0.0
2001-10-14 00:00:00,0.0
2001-10-15 00:00:00,0.06499999761581421
2001-10-16 00:00:00,0.0
2001-10-17 00:00:00,0.8300000429153442
2001-10-18 00:00:00,0.0
2001-10-19 00:00:00,0.0
2001-10-20 00:00:00,0.0
2001-10-21 00:00:00,0.0
2001-10-22 00:00:00,0.0
2001-10-23 00:00:00,0.1850000023841858
2001-10-24 00:00:00,0.7450000047683716
2001-10-25 00:00:00,0.0
2001-10-26 00:00:00,0.0
2001-10-27 00:00:00,0.0
2001-10-28 00:00:00,0.0
2001-10-29 00:00:00,0.0
2001-10-30 00:00:00,0.0
2001-10-31 00:00:00,0.019999999552965164
2001-11-01 00:00:00,0.7599999904632568
2001-11-02 00:00:00,0.02499999850988388
2001-11-03 00:00:00,0.0
2001-11-04 00:00:00,0.0
2001-11-05 00:00:00,0.0
2001-11-06 00:00:00,0.0
2001-11-07 00:00:00,0.0
2001-11-08 00:00:00,0.14499999582767487
2001-11-09 00:00:00,1.2350000143051147
2001-11-10 00:00:00,0.22999998927116394
2001-11-11 00:00:00,0.0
2001-11-12 00:00:00,0.0
2001-11-13 00:00:00,0.044999998062849045
2001-11-14 00:00:00,0.0
2001-11-15 00:00:00,0.0
2001-11-16 00:00:00,0.0
2001-11-17 00:00:00,0.0
2001-11-18 00:00:00,0.004999999888241291
2001-11-19 00:00:00,0.0
2001-11-20 00:00:00,0.0
2001-11-21 00:00:00,0.0
2001-11-22 00:00:00,0.0
2001-11-23 00:00:00,0.009999999776482582
2001-11-24 00:00:00,0.0
2001-11-25 00:00:00,0.06499999761581421
2001-11-26 00:00:00,1.244999885559082
2001-11-27 00:00:00,0.3399999737739563
2001-11-28 00:00:00,0.03999999910593033
2001-11-29 00:00:00,7.12999963760376
2001-11-30 00:00:00,0.0
2001-12-01 00:00:00,0.004999999888241291
2001-12-02 00:00:00,0.0
2001-12-03 00:00:00,0.0
2001-12-04 00:00:00,0.0
2001-12-05 00:00:00,0.054999999701976776
2001-12-06 00:00:00,0.9749999642372131
2001-12-07 00:00:00,0.3700000047683716
2001-12-08 00:00:00,0.009999999776482582
2001-12-09 00:00:00,0.5449999570846558
2001-12-10 00:00:00,0.014999999664723873
2001-12-11 00:00:00,0.029999999329447746
2001-12-12 00:00:00,0.0
2001-12-13 00:00:00,0.4350000023841858
2001-12-14 00:00:00,0.21000000834465027
2001-12-15 00:00:00,1.9799997806549072
2001-12-16 00:00:00,2.944999933242798
2001-12-17 00:00:00,5.394999980926514
2001-12-18 00:00:00,13.920000076293945
2001-12-19 00:00:00,4.7649993896484375
2001-12-20 00:00:00,0.0
2001-12-21 00:00:00,1.0699999332427979
2001-12-22 00:00:00,0.5149999856948853
2001-12-23 00:00:00,0.11499999463558197
2001-12-24 00:00:00,1.534999966621399
2001-12-25 00:00:00,0.1550000011920929
2001-12-26 00:00:00,0.05999999865889549
2001-12-27 00:00:00,0.13499999046325684
2001-12-28 00:00:00,3.609999656677246
2001-12-29 00:00:00,0.45499998331069946
2001-12-30 00:00:00,0.0
2001-12-31 00:00:00,0.0
2002-01-01 00:00:00,0.29999998211860657
2002-01-02 00:00:00,0.004999999888241291
2002-01-03 00:00:00,0.029999999329447746
2002-01-04 00:00:00,0.019999999552965164
2002-01-05 00:00:00,2.749999761581421
2002-01-06 00:00:00,0.32499998807907104
2002-01-07 00:00:00,0.0
2002-01-08 00:00:00,0.0
2002-01-09 00:00:00,0.0
2002-01-10 00:00:00,0.07999999821186066
2002-01-11 00:00:00,0.0
2002-01-12 00:00:00,0.0
2002-01-13 00:00:00,0.0
2002-01-14 00:00:00,0.0
2002-01-15 00:00:00,0.2449999898672104
2002-01-16 00:00:00,0.0
2002-01-17 00:00:00,4.659999847412109
2002-01-18 00:00:00,5.259999752044678
2002-01-19 00:00:00,4.799999713897705
2002-01-20 00:00:00,0.1300000101327896
2002-01-21 00:00:00,0.0
2002-01-22 00:00:00,2.3999998569488525
2002-01-23 00:00:00,7.354999542236328
2002-01-24 00:00:00,4.460000038146973
2002-01-25 00:00:00,7.850000381469727
2002-01-26 00:00:00,0.7199999690055847
2002-01-27 00:00:00,10.929999351501465
2002-01-28 00:00:00,2.129999876022339
2002-01-29 00:00:00,0.3649999797344208
2002-01-30 00:00:00,0.0
2002-01-31 00:00:00,0.08500000089406967
2002-02-01 00:00:00,2.1599998474121094
2002-02-02 00:00:00,2.9150002002716064
2002-02-03 00:00:00,11.954998970031738
2002-02-04 00:00:00,6.890000343322754
2002-02-05 00:00:00,17.19499969482422
2002-02-06 00:00:00,3.674999713897705
2002-02-07 00:00:00,2.174999713897705
2002-02-08 00:00:00,2.444999933242798
2002-02-09 00:00:00,0.014999999664723873
2002-02-10 00:00:00,0.10999999940395355
2002-02-11 00:00:00,0.35999998450279236
2002-02-12 00:00:00,0.6449999809265137
2002-02-13 00:00:00,1.1099998950958252
2002-02-14 00:00:00,3.609999656677246
2002-02-15 00:00:00,6.630000114440918
2002-02-16 00:00:00,4.074999809265137
2002-02-17 00:00:00,7.969999313354492
2002-02-18 00:00:00,13.465001106262207
2002-02-19 00:00:00,8.295000076293945
2002-02-20 00:00:00,0.5899999737739563
2002-02-21 00:00:00,0.07000000029802322
2002-02-22 00:00:00,0.6999999284744263
2002-02-23 00:00:00,0.6399999856948853
2002-02-24 00:00:00,1.4450000524520874
2002-02-25 00:00:00,22.774999618530273
2002-02-26 00:00:00,4.174999713897705
2002-02-27 00:00:00,4.675000190734863
2002-02-28 00:00:00,0.08500000089406967
2002-03-01 00:00:00,2.055000066757202
2002-03-02 00:00:00,2.265000104904175
2002-03-03 00:00:00,14.779998779296875
2002-03-04 00:00:00,6.760000228881836
2002-03-05 00:00:00,0.0
2002-03-06 00:00:00,1.994999885559082
2002-03-07 00:00:00,0.125
2002-03-08 00:00:00,0.0
2002-03-09 00:00:00,0.30000001192092896
2002-03-10 00:00:00,14.979998588562012
2002-03-11 00:00:00,8.850000381469727
2002-03-12 00:00:00,5.3249993324279785
2002-03-13 00:00:00,5.405000686645508
2002-03-14 00:00:00,7.004999160766602
2002-03-15 00:00:00,2.7700002193450928
2002-03-16 00:00:00,1.184999942779541
2002-03-17 00:00:00,14.485000610351562
2002-03-18 00:00:00,2.684999942779541
2002-03-19 00:00:00,1.9999998807907104
2002-03-20 00:00:00,0.0
2002-03-21 00:00:00,0.0
2002-03-22 00:00:00,0.0
2002-03-23 00:00:00,0.0
2002-03-24 00:00:00,0.0
2002-03-25 00:00:00,0.0
2002-03-26 00:00:00,0.0
2002-03-27 00:00:00,0.0
2002-03-28 00:00:00,0.0
2002-03-29 00:00:00,0.0
2002-03-30 00:00:00,0.1850000023841858
2002-03-31 00:00:00,0.6850000023841858
2002-04-01 00:00:00,0.019999999552965164
2002-04-02 00:00:00,0.029999997466802597
2002-04-03 00:00:00,0.0949999988079071
2002-04-04 00:00:00,0.0
2002-04-05 00:00:00,2.059999942779541
2002-04-06 00:00:00,5.300000190734863
2002-04-07 00:00:00,0.7549999952316284
2002-04-08 00:00:00,0.0
2002-04-09 00:00:00,1.6649999618530273
2002-04-10 00:00:00,0.3099999725818634
2002-04-11 00:00:00,0.7599999904632568
2002-04-12 00:00:00,0.054999999701976776
2002-04-13 00:00:00,0.0
2002-04-14 00:00:00,0.0
2002-04-15 00:00:00,0.0
2002-04-16 00:00:00,0.44999998807907104
2002-04-17 00:00:00,3.1050000190734863
2002-04-18 00:00:00,0.0
2002-04-19 00:00:00,0.9599999785423279
2002-04-20 00:00:00,1.4549999237060547
2002-04-21 00:00:00,0.9150000214576721
2002-04-22 00:00:00,3.1499998569488525
2002-04-23 00:00:00,1.2149999141693115
2002-04-24 00:00:00,0.0
2002-04-25 00:00:00,0.07999999821186066
2002-04-26 00:00:00,0.0
2002-04-27 00:00:00,0.0
2002-04-28 00:00:00,0.0
2002-04-29 00:00:00,0.0
2002-04-30 00:00:00,0.0
2002-05-01 00:00:00,0.0
2002-05-02 00:00:00,0.07000000029802322
2002-05-03 00:00:00,0.21000000834465027
2002-05-04 00:00:00,2.6399998664855957
2002-05-05 00:00:00,0.0
2002-05-06 00:00:00,0.0
2002-05-07 00:00:00,0.0
2002-05-08 00:00:00,0.0
2002-05-09 00:00:00,0.004999999888241291
2002-05-10 00:00:00,0.0
2002-05-11 00:00:00,0.0
2002-05-12 00:00:00,0.0
2002-05-13 00:00:00,0.35499998927116394
2002-05-14 00:00:00,0.07499999552965164
2002-05-15 00:00:00,0.0
2002-05-16 00:00:00,0.0
2002-05-17 00:00:00,0.0
2002-05-18 00:00:00,0.07999999821186066
2002-05-19 00:00:00,0.0
2002-05-20 00:00:00,0.0
2002-05-21 00:00:00,0.0
2002-05-22 00:00:00,0.0
2002-05-23 00:00:00,0.0
2002-05-24 00:00:00,0.7900000810623169
2002-05-25 00:00:00,0.08500000089406967
2002-05-26 00:00:00,0.004999999888241291
2002-05-27 00:00:00,0.0
2002-05-28 00:00:00,0.0
2002-05-29 00:00:00,0.0
2002-05-30 00:00:00,0.0949999988079071
2002-05-31 00:00:00,0.07500000298023224
2002-06-01 00:00:00,0.0
2002-06-02 00:00:00,0.0
2002-06-03 00:00:00,0.0
2002-06-04 00:00:00,0.0
2002-06-05 00:00:00,0.0
2002-06-06 00:00:00,0.0
2002-06-07 00:00:00,0.0
2002-06-08 00:00:00,0.0
2002-06-09 00:00:00,0.0
2002-06-10 00:00:00,0.0
2002-06-11 00:00:00,0.0
2002-06-12 00:00:00,0.0
2002-06-13 00:00:00,0.0
2002-06-14 00:00:00,0.0
2002-06-15 00:00:00,0.0
2002-06-16 00:00:00,0.0
2002-06-17 00:00:00,0.0
2002-06-18 00:00:00,0.0
2002-06-19 00:00:00,0.0
2002-06-20 00:00:00,0.0
2002-06-21 00:00:00,0.0
2002-06-22 00:00:00,0.0
2002-06-23 00:00:00,0.0
2002-06-24 00:00:00,0.0
2002-06-25 00:00:00,0.0
2002-06-26 00:00:00,0.0
2002-06-27 00:00:00,0.019999999552965164
2002-06-28 00:00:00,0.07999999821186066
2002-06-29 00:00:00,0.19999998807907104
2002-06-30 00:00:00,2.124999761581421
2002-07-01 00:00:00,0.029999999329447746
2002-07-02 00:00:00,0.25
2002-07-03 00:00:00,0.07499999552965164
2002-07-04 00:00:00,0.0
2002-07-05 00:00:00,0.0
2002-07-06 00:00:00,0.0
2002-07-07 00:00:00,0.0
2002-07-08 00:00:00,0.0
2002-07-09 00:00:00,0.0
2002-07-10 00:00:00,0.26999998092651367
2002-07-11 00:00:00,0.029999999329447746
2002-07-12 00:00:00,0.0
2002-07-13 00:00:00,0.2750000059604645
2002-07-14 00:00:00,0.0
2002-07-15 00:00:00,0.0
2002-07-16 00:00:00,0.0
2002-07-17 00:00:00,0.0
2002-07-18 00:00:00,0.2799999713897705
2002-07-19 00:00:00,0.0
2002-07-20 00:00:00,0.0
2002-07-21 00:00:00,0.0
2002-07-22 00:00:00,0.0
2002-07-23 00:00:00,0.0
2002-07-24 00:00:00,0.0
2002-07-25 00:00:00,0.0
2002-07-26 00:00:00,0.0
2002-07-27 00:00:00,0.0
2002-07-28 00:00:00,5.190000057220459
2002-07-29 00:00:00,0.0
2002-07-30 00:00:00,0.0
2002-07-31 00:00:00,0.0
2002-08-01 00:00:00,0.0
2002-08-02 00:00:00,0.0
2002-08-03 00:00:00,0.0
2002-08-04 00:00:00,0.0
2002-08-05 00:00:00,0.15000000596046448
2002-08-06 00:00:00,0.0
2002-08-07 00:00:00,0.0
2002-08-08 00:00:00,0.0
2002-08-09 00:00:00,0.004999999888241291
2002-08-10 00:00:00,0.0
2002-08-11 00:00:00,0.0
2002-08-12 00:00:00,0.7549999952316284
2002-08-13 00:00:00,1.4749999046325684
2002-08-14 00:00:00,0.14999999105930328
2002-08-15 00:00:00,0.0
2002-08-16 00:00:00,0.48499995470046997
2002-08-17 00:00:00,0.0
2002-08-18 00:00:00,0.0
2002-08-19 00:00:00,0.0
2002-08-20 00:00:00,0.0
2002-08-21 00:00:00,0.0
2002-08-22 00:00:00,0.014999999664723873
2002-08-23 00:00:00,0.9399999976158142
2002-08-24 00:00:00,0.0
2002-08-25 00:00:00,0.009999999776482582
2002-08-26 00:00:00,1.5099997520446777
2002-08-27 00:00:00,0.25
2002-08-28 00:00:00,0.0
2002-08-29 00:00:00,0.0
2002-08-30 00:00:00,0.0
2002-08-31 00:00:00,0.0
2002-09-01 00:00:00,0.014999999664723873
2002-09-02 00:00:00,0.0
2002-09-03 00:00:00,0.05999999865889549
2002-09-04 00:00:00,0.009999999776482582
2002-09-05 00:00:00,0.0
2002-09-06 00:00:00,0.0
2002-09-07 00:00:00,0.0
2002-09-08 00:00:00,0.0
2002-09-09 00:00:00,0.14499999582767487
2002-09-10 00:00:00,1.9199998378753662
2002-09-11 00:00:00,1.2649999856948853
2002-09-12 00:00:00,1.7999999523162842
2002-09-13 00:00:00,3.440000295639038
2002-09-14 00:00:00,0.009999999776482582
2002-09-15 00:00:00,0.0
2002-09-16 00:00:00,0.0
2002-09-17 00:00:00,0.0
2002-09-18 00:00:00,0.17999999225139618
2002-09-19 00:00:00,0.0
2002-09-20 00:00:00,0.0
2002-09-21 00:00:00,0.0
2002-09-22 00:00:00,0.0
2002-09-23 00:00:00,0.009999999776482582
2002-09-24 00:00:00,0.0
2002-09-25 00:00:00,0.0
2002-09-26 00:00:00,0.0
2002-09-27 00:00:00,0.0
2002-09-28 00:00:00,0.0
2002-09-29 00:00:00,0.0
2002-09-30 00:00:00,0.0
2002-10-01 00:00:00,0.5049999952316284
2002-10-02 00:00:00,2.559999704360962
2002-10-03 00:00:00,0.009999999776482582
2002-10-04 00:00:00,0.044999998062849045
2002-10-05 00:00:00,2.330000162124634
2002-10-06 00:00:00,0.4700000286102295
2002-10-07 00:00:00,0.0
2002-10-08 00:00:00,0.4699999988079071
2002-10-09 00:00:00,8.994999885559082
2002-10-10 00:00:00,0.0
2002-10-11 00:00:00,0.0
2002-10-12 00:00:00,0.9350000619888306
2002-10-13 00:00:00,2.7149999141693115
2002-10-14 00:00:00,0.05999999865889549
2002-10-15 00:00:00,0.029999999329447746
2002-10-16 00:00:00,0.07999999821186066
2002-10-17 00:00:00,0.6399999260902405
2002-10-18 00:00:00,0.0
2002-10-19 00:00:00,0.0
2002-10-20 00:00:00,0.07999999821186066
2002-10-21 00:00:00,1.9950001239776611
2002-10-22 00:00:00,1.5999999046325684
2002-10-23 00:00:00,0.9800000190734863
2002-10-24 00:00:00,0.0
2002-10-25 00:00:00,0.0
2002-10-26 00:00:00,1.149999976158142
2002-10-27 00:00:00,1.1149998903274536
2002-10-28 00:00:00,0.004999999888241291
2002-10-29 00:00:00,0.014999999664723873
2002-10-30 00:00:00,0.009999999776482582
2002-10-31 00:00:00,0.014999999664723873
2002-11-01 00:00:00,0.0
2002-11-02 00:00:00,0.07500000298023224
2002-11-03 00:00:00,0.0
2002-11-04 00:00:00,0.2750000059604645
2002-11-05 00:00:00,1.6800000667572021
2002-11-06 00:00:00,0.4150000214576721
2002-11-07 00:00:00,0.0
2002-11-08 00:00:00,0.06499999761581421
2002-11-09 00:00:00,0.0
2002-11-10 00:00:00,0.0
2002-11-11 00:00:00,0.17499999701976776
2002-11-12 00:00:00,0.2549999952316284
2002-11-13 00:00:00,0.0
2002-11-14 00:00:00,0.0
2002-11-15 00:00:00,0.8799999952316284
2002-11-16 00:00:00,1.4749999046325684
2002-11-17 00:00:00,0.0
2002-11-18 00:00:00,0.0
2002-11-19 00:00:00,0.0
2002-11-20 00:00:00,0.25999999046325684
2002-11-21 00:00:00,1.315000057220459
2002-11-22 00:00:00,0.9299999475479126
2002-11-23 00:00:00,4.764999866485596
2002-11-24 00:00:00,3.3499999046325684
2002-11-25 00:00:00,0.0
2002-11-26 00:00:00,4.375000476837158
2002-11-27 00:00:00,1.7649998664855957
2002-11-28 00:00:00,0.0
2002-11-29 00:00:00,0.0
2002-11-30 00:00:00,0.35499998927116394
2002-12-01 00:00:00,3.5950002670288086
2002-12-02 00:00:00,3.6999998092651367
2002-12-03 00:00:00,0.019999999552965164
2002-12-04 00:00:00,0.2549999952316284
2002-12-05 00:00:00,2.5950000286102295
2002-12-06 00:00:00,0.0
2002-12-07 00:00:00,0.009999999776482582
2002-12-08 00:00:00,0.0
2002-12-09 00:00:00,0.0
2002-12-10 00:00:00,0.9099999666213989
2002-12-11 00:00:00,0.0
2002-12-12 00:00:00,0.2549999952316284
2002-12-13 00:00:00,0.12999999523162842
2002-12-14 00:00:00,0.0
2002-12-15 00:00:00,0.0
2002-12-16 00:00:00,0.0
2002-12-17 00:00:00,0.0
2002-12-18 00:00:00,0.1899999976158142
2002-12-19 00:00:00,4.949999809265137
2002-12-20 00:00:00,2.129999876022339
2002-12-21 00:00:00,8.5649995803833
2002-12-22 00:00:00,6.265000343322754
2002-12-23 00:00:00,0.0
2002-12-24 00:00:00,0.29499998688697815
2002-12-25 00:00:00,0.0
2002-12-26 00:00:00,0.9599999189376831
2002-12-27 00:00:00,0.0
2002-12-28 00:00:00,0.07499999552965164
2002-12-29 00:00:00,0.8949999809265137
2002-12-30 00:00:00,1.190000057220459
2002-12-31 00:00:00,0.07999999821186066
2003-01-01 00:00:00,5.735001564025879
2003-01-02 00:00:00,0.39499998092651367
2003-01-03 00:00:00,0.3699999749660492
2003-01-04 00:00:00,0.0
2003-01-05 00:00:00,0.0
2003-01-06 00:00:00,0.0
2003-01-07 00:00:00,0.13499999046325684
2003-01-08 00:00:00,0.0
2003-01-09 00:00:00,0.2150000035762787
2003-01-10 00:00:00,0.5349999666213989
2003-01-11 00:00:00,9.84999942779541
2003-01-12 00:00:00,0.22999998927116394
2003-01-13 00:00:00,0.03999999910593033
2003-01-14 00:00:00,0.3399999737739563
2003-01-15 00:00:00,1.2750000953674316
2003-01-16 00:00:00,5.060000419616699
2003-01-17 00:00:00,9.454999923706055
2003-01-18 00:00:00,4.275000095367432
2003-01-19 00:00:00,10.574999809265137
2003-01-20 00:00:00,8.309999465942383
2003-01-21 00:00:00,7.085000038146973
2003-01-22 00:00:00,1.149999976158142
2003-01-23 00:00:00,5.274999618530273
2003-01-24 00:00:00,2.069999933242798
2003-01-25 00:00:00,3.3349995613098145
2003-01-26 00:00:00,2.994999885559082
2003-01-27 00:00:00,0.8850000500679016
2003-01-28 00:00:00,0.0
2003-01-29 00:00:00,1.2049999237060547
2003-01-30 00:00:00,3.4200000762939453
2003-01-31 00:00:00,0.29500001668930054
2003-02-01 00:00:00,1.3799998760223389
2003-02-02 00:00:00,0.0
2003-02-03 00:00:00,0.26999998092651367
2003-02-04 00:00:00,0.4350000023841858
2003-02-05 00:00:00,0.6699999570846558
2003-02-06 00:00:00,0.5449999570846558
2003-02-07 00:00:00,0.06499999761581421
2003-02-08 00:00:00,1.1150000095367432
2003-02-09 00:00:00,0.09499998390674591
2003-02-10 00:00:00,4.929999828338623
2003-02-11 00:00:00,5.684999942779541
2003-02-12 00:00:00,7.2300004959106445
2003-02-13 00:00:00,0.4599999785423279
2003-02-14 00:00:00,0.2150000035762787
2003-02-15 00:00:00,0.0
2003-02-16 00:00:00,4.210000038146973
2003-02-17 00:00:00,1.309999942779541
2003-02-18 00:00:00,1.6150000095367432
2003-02-19 00:00:00,7.680000305175781
2003-02-20 00:00:00,4.240000247955322
2003-02-21 00:00:00,0.7999999523162842
2003-02-22 00:00:00,0.7049999833106995
2003-02-23 00:00:00,2.8999998569488525
2003-02-24 00:00:00,6.354999542236328
2003-02-25 00:00:00,6.579999923706055
2003-02-26 00:00:00,2.9049999713897705
2003-02-27 00:00:00,0.07999999821186066
2003-02-28 00:00:00,4.6449995040893555
2003-03-01 00:00:00,4.65500020980835
2003-03-02 00:00:00,5.97499942779541
2003-03-03 00:00:00,0.014999999664723873
2003-03-04 00:00:00,20.375
2003-03-05 00:00:00,4.300000190734863
2003-03-06 00:00:00,11.870000839233398
2003-03-07 00:00:00,2.7100000381469727
2003-03-08 00:00:00,0.7599998712539673
2003-03-09 00:00:00,0.6499999761581421
2003-03-10 00:00:00,0.0
2003-03-11 00:00:00,0.0
2003-03-12 00:00:00,0.14000000059604645
2003-03-13 00:00:00,0.054999999701976776
2003-03-14 00:00:00,4.450000286102295
2003-03-15 00:00:00,0.054999999701976776
2003-03-16 00:00:00,0.9900000095367432
2003-03-17 00:00:00,1.1349998712539673
2003-03-18 00:00:00,0.0
2003-03-19 00:00:00,1.159999966621399
2003-03-20 00:00:00,15.775001525878906
2003-03-21 00:00:00,7.350000381469727
2003-03-22 00:00:00,0.8450000286102295
2003-03-23 00:00:00,5.485000133514404
2003-03-24 00:00:00,0.1249999925494194
2003-03-25 00:00:00,0.11499999463558197
2003-03-26 00:00:00,0.029999999329447746
2003-03-27 00:00:00,0.0
2003-03-28 00:00:00,0.029999999329447746
2003-03-29 00:00:00,0.0
2003-03-30 00:00:00,6.730000019073486
2003-03-31 00:00:00,1.209999918937683
2003-04-01 00:00:00,0.014999999664723873
2003-04-02 00:00:00,0.009999999776482582
2003-04-03 00:00:00,10.010000228881836
2003-04-04 00:00:00,0.03999999910593033
2003-04-05 00:00:00,0.0
2003-04-06 00:00:00,0.009999999776482582
2003-04-07 00:00:00,0.3449999690055847
2003-04-08 00:00:00,0.0
2003-04-09 00:00:00,0.0
2003-04-10 00:00:00,0.0
2003-04-11 00:00:00,0.0
2003-04-12 00:00:00,0.0
2003-04-13 00:00:00,0.0
2003-04-14 00:00:00,0.10999999940395355
2003-04-15 00:00:00,0.014999999664723873
2003-04-16 00:00:00,0.09999999403953552
2003-04-17 00:00:00,0.0
2003-04-18 00:00:00,0.0
2003-04-19 00:00:00,0.0
2003-04-20 00:00:00,0.014999999664723873
2003-04-21 00:00:00,0.0
2003-04-22 00:00:00,0.17499999701976776
2003-04-23 00:00:00,0.044999998062849045
2003-04-24 00:00:00,0.004999999888241291
2003-04-25 00:00:00,0.014999999664723873
2003-04-26 00:00:00,0.0
2003-04-27 00:00:00,0.0
2003-04-28 00:00:00,0.0
2003-04-29 00:00:00,0.0
2003-04-30 00:00:00,0.0
2003-05-01 00:00:00,0.0
2003-05-02 00:00:00,0.0
2003-05-03 00:00:00,0.0
2003-05-04 00:00:00,0.0
2003-05-05 00:00:00,0.0
2003-05-06 00:00:00,0.0
2003-05-07 00:00:00,0.0
2003-05-08 00:00:00,0.0
2003-05-09 00:00:00,0.05999999865889549
2003-05-10 00:00:00,0.0
2003-05-11 00:00:00,0.2150000035762787
2003-05-12 00:00:00,0.809999942779541
2003-05-13 00:00:00,0.0
2003-05-14 00:00:00,0.0
2003-05-15 00:00:00,0.3799999952316284
2003-05-16 00:00:00,6.34999942779541
2003-05-17 00:00:00,1.8149998188018799
2003-05-18 00:00:00,0.004999999888241291
2003-05-19 00:00:00,0.004999999888241291
2003-05-20 00:00:00,0.0
2003-05-21 00:00:00,0.0
2003-05-22 00:00:00,0.0
2003-05-23 00:00:00,0.0
2003-05-24 00:00:00,0.0
2003-05-25 00:00:00,0.0
2003-05-26 00:00:00,0.0
2003-05-27 00:00:00,0.0
2003-05-28 00:00:00,0.0
2003-05-29 00:00:00,0.0
2003-05-30 00:00:00,0.0
2003-05-31 00:00:00,0.0
2003-06-01 00:00:00,0.0
2003-06-02 00:00:00,0.0
2003-06-03 00:00:00,0.0
2003-06-04 00:00:00,0.0
2003-06-05 00:00:00,0.0
2003-06-06 00:00:00,0.0
2003-06-07 00:00:00,0.0
2003-06-08 00:00:00,0.0
2003-06-09 00:00:00,0.0
2003-06-10 00:00:00,0.0
2003-06-11 00:00:00,0.0
2003-06-12 00:00:00,0.0
2003-06-13 00:00:00,0.0
2003-06-14 00:00:00,0.0
2003-06-15 00:00:00,0.0
2003-06-16 00:00:00,0.0
2003-06-17 00:00:00,0.0
2003-06-18 00:00:00,0.0
2003-06-19 00:00:00,0.0
2003-06-20 00:00:00,0.0
2003-06-21 00:00:00,0.0
2003-06-22 00:00:00,0.0
2003-06-23 00:00:00,0.0
2003-06-24 00:00:00,0.0
2003-06-25 00:00:00,0.0
2003-06-26 00:00:00,0.0
2003-06-27 00:00:00,0.0
2003-06-28 00:00:00,0.0
2003-06-29 00:00:00,0.0
2003-06-30 00:00:00,0.0
2003-07-01 00:00:00,0.0
2003-07-02 00:00:00,0.0
2003-07-03 00:00:00,0.0
2003-07-04 00:00:00,0.0
2003-07-05 00:00:00,0.0
2003-07-06 00:00:00,0.0
2003-07-07 00:00:00,0.0
2003-07-08 00:00:00,0.0
2003-07-09 00:00:00,0.0
2003-07-10 00:00:00,0.0
2003-07-11 00:00:00,0.0
2003-07-12 00:00:00,0.0
2003-07-13 00:00:00,0.0
2003-07-14 00:00:00,0.0
2003-07-15 00:00:00,0.0
2003-07-16 00:00:00,0.0
2003-07-17 00:00:00,0.9249999523162842
2003-07-18 00:00:00,0.0
2003-07-19 00:00:00,0.0
2003-07-20 00:00:00,0.029999999329447746
2003-07-21 00:00:00,0.73499995470047
2003-07-22 00:00:00,0.0
2003-07-23 00:00:00,0.0
2003-07-24 00:00:00,0.0
2003-07-25 00:00:00,0.8700000047683716
2003-07-26 00:00:00,0.004999999888241291
2003-07-27 00:00:00,0.044999998062849045
2003-07-28 00:00:00,0.22999998927116394
2003-07-29 00:00:00,0.0
2003-07-30 00:00:00,0.0
2003-07-31 00:00:00,0.0
2003-08-01 00:00:00,0.0
2003-08-02 00:00:00,1.7300000190734863
2003-08-03 00:00:00,2.8249993324279785
2003-08-04 00:00:00,0.0
2003-08-05 00:00:00,0.0
2003-08-06 00:00:00,0.0
2003-08-07 00:00:00,0.0
2003-08-08 00:00:00,0.0
2003-08-09 00:00:00,0.625
2003-08-10 00:00:00,0.0
2003-08-11 00:00:00,0.0
2003-08-12 00:00:00,0.0
2003-08-13 00:00:00,0.0
2003-08-14 00:00:00,0.0
2003-08-15 00:00:00,0.0
2003-08-16 00:00:00,0.0
2003-08-17 00:00:00,0.0
2003-08-18 00:00:00,0.0
2003-08-19 00:00:00,0.0
2003-08-20 00:00:00,0.0
2003-08-21 00:00:00,0.0
2003-08-22 00:00:00,0.0
2003-08-23 00:00:00,0.0
2003-08-24 00:00:00,0.0
2003-08-25 00:00:00,0.0
2003-08-26 00:00:00,0.0
2003-08-27 00:00:00,0.0
2003-08-28 00:00:00,0.0
2003-08-29 00:00:00,0.0
2003-08-30 00:00:00,0.0
2003-08-31 00:00:00,0.0
2003-09-01 00:00:00,0.0
2003-09-02 00:00:00,0.0
2003-09-03 00:00:00,0.0
2003-09-04 00:00:00,0.0
2003-09-05 00:00:00,0.0
2003-09-06 00:00:00,0.0
2003-09-07 00:00:00,0.0
2003-09-08 00:00:00,0.0
2003-09-09 00:00:00,0.0
2003-09-10 00:00:00,0.0
2003-09-11 00:00:00,0.004999999888241291
2003-09-12 00:00:00,1.4549999237060547
2003-09-13 00:00:00,0.0
2003-09-14 00:00:00,0.0
2003-09-15 00:00:00,0.0
2003-09-16 00:00:00,0.0
2003-09-17 00:00:00,0.0
2003-09-18 00:00:00,0.0
2003-09-19 00:00:00,0.5649999380111694
2003-09-20 00:00:00,0.17999999225139618
2003-09-21 00:00:00,0.0
2003-09-22 00:00:00,0.4999999403953552
2003-09-23 00:00:00,5.289999485015869
2003-09-24 00:00:00,1.5800001621246338
2003-09-25 00:00:00,0.0
2003-09-26 00:00:00,0.0
2003-09-27 00:00:00,0.0
2003-09-28 00:00:00,0.0
2003-09-29 00:00:00,0.17999999225139618
2003-09-30 00:00:00,0.009999999776482582
2003-10-01 00:00:00,0.0
2003-10-02 00:00:00,0.809999942779541
2003-10-03 00:00:00,0.07499999552965164
2003-10-04 00:00:00,0.0
2003-10-05 00:00:00,0.4399999976158142
2003-10-06 00:00:00,0.0
2003-10-07 00:00:00,0.0
2003-10-08 00:00:00,0.0
2003-10-09 00:00:00,0.0
2003-10-10 00:00:00,0.0
2003-10-11 00:00:00,1.0999999046325684
2003-10-12 00:00:00,0.19499999284744263
2003-10-13 00:00:00,0.16500000655651093
2003-10-14 00:00:00,0.0
2003-10-15 00:00:00,0.0
2003-10-16 00:00:00,0.0
2003-10-17 00:00:00,0.0
2003-10-18 00:00:00,0.0
2003-10-19 00:00:00,0.0
2003-10-20 00:00:00,0.0
2003-10-21 00:00:00,0.0
2003-10-22 00:00:00,0.0
2003-10-23 00:00:00,0.0
2003-10-24 00:00:00,0.0
2003-10-25 00:00:00,0.73499995470047
2003-10-26 00:00:00,0.0
2003-10-27 00:00:00,0.3399999737739563
2003-10-28 00:00:00,1.8899999856948853
2003-10-29 00:00:00,0.5049999356269836
2003-10-30 00:00:00,0.0
2003-10-31 00:00:00,0.0949999988079071
2003-11-01 00:00:00,0.304999977350235
2003-11-02 00:00:00,0.0
2003-11-03 00:00:00,0.0
2003-11-04 00:00:00,0.23499999940395355
2003-11-05 00:00:00,0.0
2003-11-06 00:00:00,0.0
2003-11-07 00:00:00,0.0
2003-11-08 00:00:00,2.1649999618530273
2003-11-09 00:00:00,0.9299999475479126
2003-11-10 00:00:00,0.0
2003-11-11 00:00:00,0.0
2003-11-12 00:00:00,0.03999999910593033
2003-11-13 00:00:00,0.07000000029802322
2003-11-14 00:00:00,0.574999988079071
2003-11-15 00:00:00,0.03500000014901161
2003-11-16 00:00:00,0.0
2003-11-17 00:00:00,0.0
2003-11-18 00:00:00,0.0
2003-11-19 00:00:00,0.0
2003-11-20 00:00:00,0.0
2003-11-21 00:00:00,0.0
2003-11-22 00:00:00,0.0
2003-11-23 00:00:00,0.0
2003-11-24 00:00:00,0.0
2003-11-25 00:00:00,1.2599999904632568
2003-11-26 00:00:00,1.3399999141693115
2003-11-27 00:00:00,0.03500000014901161
2003-11-28 00:00:00,0.004999999888241291
2003-11-29 00:00:00,0.37999993562698364
2003-11-30 00:00:00,0.0
2003-12-01 00:00:00,0.3199999928474426
2003-12-02 00:00:00,0.13499999046325684
2003-12-03 00:00:00,0.004999999888241291
2003-12-04 00:00:00,0.0
2003-12-05 00:00:00,0.0
2003-12-06 00:00:00,0.034999996423721313
2003-12-07 00:00:00,0.03500000014901161
2003-12-08 00:00:00,0.0
2003-12-09 00:00:00,0.4599999785423279
2003-12-10 00:00:00,0.2849999964237213
2003-12-11 00:00:00,0.0
2003-12-12 00:00:00,0.029999999329447746
2003-12-13 00:00:00,0.29499998688697815
2003-12-14 00:00:00,0.004999999888241291
2003-12-15 00:00:00,0.0
2003-12-16 00:00:00,0.7799999713897705
2003-12-17 00:00:00,4.269999980926514
2003-12-18 00:00:00,8.274999618530273
2003-12-19 00:00:00,8.97499942779541
2003-12-20 00:00:00,0.3499999940395355
2003-12-21 00:00:00,1.7549998760223389
2003-12-22 00:00:00,0.23000000417232513
2003-12-23 00:00:00,4.509999752044678
2003-12-24 00:00:00,0.2449999898672104
2003-12-25 00:00:00,1.2049998044967651
2003-12-26 00:00:00,9.385000228881836
2003-12-27 00:00:00,0.004999999888241291
2003-12-28 00:00:00,0.10000000894069672
2003-12-29 00:00:00,6.345000743865967
2003-12-30 00:00:00,8.830000877380371
2003-12-31 00:00:00,0.699999988079071
2004-01-01 00:00:00,5.049999713897705
2004-01-02 00:00:00,0.5399999618530273
2004-01-03 00:00:00,0.7150000333786011
2004-01-04 00:00:00,0.20999997854232788
2004-01-05 00:00:00,0.7649999856948853
2004-01-06 00:00:00,2.929999828338623
2004-01-07 00:00:00,6.1050004959106445
2004-01-08 00:00:00,9.500000953674316
2004-01-09 00:00:00,4.869999885559082
2004-01-10 00:00:00,0.5099999904632568
2004-01-11 00:00:00,2.5450000762939453
2004-01-12 00:00:00,10.65999984741211
2004-01-13 00:00:00,11.995000839233398
2004-01-14 00:00:00,3.2749996185302734
2004-01-15 00:00:00,4.125
2004-01-16 00:00:00,5.450000286102295
2004-01-17 00:00:00,5.614999771118164
2004-01-18 00:00:00,0.6599999666213989
2004-01-19 00:00:00,0.8300000429153442
2004-01-20 00:00:00,13.104999542236328
2004-01-21 00:00:00,1.6249998807907104
2004-01-22 00:00:00,14.819999694824219
2004-01-23 00:00:00,9.934999465942383
2004-01-24 00:00:00,7.42500114440918
2004-01-25 00:00:00,1.9649996757507324
2004-01-26 00:00:00,0.6249999403953552
2004-01-27 00:00:00,0.574999988079071
2004-01-28 00:00:00,8.59000015258789
2004-01-29 00:00:00,0.1899999976158142
2004-01-30 00:00:00,0.08999999612569809
2004-01-31 00:00:00,1.3250000476837158
2004-02-01 00:00:00,0.38999998569488525
2004-02-02 00:00:00,0.25999999046325684
2004-02-03 00:00:00,1.2549999952316284
2004-02-04 00:00:00,0.809999942779541
2004-02-05 00:00:00,8.234999656677246
2004-02-06 00:00:00,4.259999752044678
2004-02-07 00:00:00,7.100000381469727
2004-02-08 00:00:00,12.670000076293945
2004-02-09 00:00:00,3.7849998474121094
2004-02-10 00:00:00,4.279999732971191
2004-02-11 00:00:00,11.050000190734863
2004-02-12 00:00:00,9.210000038146973
2004-02-13 00:00:00,7.544999599456787
2004-02-14 00:00:00,3.765000343322754
2004-02-15 00:00:00,14.225000381469727
2004-02-16 00:00:00,0.004999999888241291
2004-02-17 00:00:00,0.0
2004-02-18 00:00:00,0.08999999612569809
2004-02-19 00:00:00,2.504999876022339
2004-02-20 00:00:00,3.4250001907348633
2004-02-21 00:00:00,2.1599998474121094
2004-02-22 00:00:00,0.5350000262260437
2004-02-23 00:00:00,0.0
2004-02-24 00:00:00,0.0
2004-02-25 00:00:00,0.2749999761581421
2004-02-26 00:00:00,0.0
2004-02-27 00:00:00,0.0
2004-02-28 00:00:00,0.044999998062849045
2004-02-29 00:00:00,0.0
2004-03-01 00:00:00,0.25999999046325684
2004-03-02 00:00:00,0.009999999776482582
2004-03-03 00:00:00,0.19499999284744263
2004-03-04 00:00:00,0.0
2004-03-05 00:00:00,0.16499999165534973
2004-03-06 00:00:00,0.019999999552965164
2004-03-07 00:00:00,0.0
2004-03-08 00:00:00,0.0
2004-03-09 00:00:00,0.3449999988079071
2004-03-10 00:00:00,0.6249999403953552
2004-03-11 00:00:00,1.059999942779541
2004-03-12 00:00:00,0.11000000685453415
2004-03-13 00:00:00,0.07500000298023224
2004-03-14 00:00:00,3.0199999809265137
2004-03-15 00:00:00,0.17499999701976776
2004-03-16 00:00:00,1.1399999856948853
2004-03-17 00:00:00,0.03500000014901161
2004-03-18 00:00:00,0.0
2004-03-19 00:00:00,0.009999999776482582
2004-03-20 00:00:00,0.4399999976158142
2004-03-21 00:00:00,0.009999999776482582
2004-03-22 00:00:00,0.18000000715255737
2004-03-23 00:00:00,1.8549997806549072
2004-03-24 00:00:00,1.0399998426437378
2004-03-25 00:00:00,0.8550000190734863
2004-03-26 00:00:00,0.3449999988079071
2004-03-27 00:00:00,0.0
2004-03-28 00:00:00,0.0
2004-03-29 00:00:00,6.0149993896484375
2004-03-30 00:00:00,17.03000259399414
2004-03-31 00:00:00,4.27500057220459
2004-04-01 00:00:00,1.6749999523162842
2004-04-02 00:00:00,3.3949995040893555
2004-04-03 00:00:00,0.17999999225139618
2004-04-04 00:00:00,0.08499999344348907
2004-04-05 00:00:00,0.014999999664723873
2004-04-06 00:00:00,0.2499999850988388
2004-04-07 00:00:00,0.0
2004-04-08 00:00:00,0.0
2004-04-09 00:00:00,0.0
2004-04-10 00:00:00,0.0
2004-04-11 00:00:00,0.0
2004-04-12 00:00:00,0.0
2004-04-13 00:00:00,0.0
2004-04-14 00:00:00,0.0
2004-04-15 00:00:00,0.0
2004-04-16 00:00:00,0.014999999664723873
2004-04-17 00:00:00,1.21999990940094
2004-04-18 00:00:00,0.044999998062849045
2004-04-19 00:00:00,0.0
2004-04-20 00:00:00,0.0
2004-04-21 00:00:00,0.0
2004-04-22 00:00:00,0.0
2004-04-23 00:00:00,0.0
2004-04-24 00:00:00,0.0
2004-04-25 00:00:00,0.14499999582767487
2004-04-26 00:00:00,0.0
2004-04-27 00:00:00,0.0
2004-04-28 00:00:00,0.0
2004-04-29 00:00:00,0.0
2004-04-30 00:00:00,0.0
2004-05-01 00:00:00,0.0
2004-05-02 00:00:00,0.0
2004-05-03 00:00:00,0.0
2004-05-04 00:00:00,0.3700000047683716
2004-05-05 00:00:00,0.0
2004-05-06 00:00:00,0.0
2004-05-07 00:00:00,0.0
2004-05-08 00:00:00,0.0
2004-05-09 00:00:00,0.0
2004-05-10 00:00:00,0.0
2004-05-11 00:00:00,0.0
2004-05-12 00:00:00,0.0
2004-05-13 00:00:00,0.0
2004-05-14 00:00:00,0.0
2004-05-15 00:00:00,0.0
2004-05-16 00:00:00,0.0
2004-05-17 00:00:00,0.0
2004-05-18 00:00:00,0.0
2004-05-19 00:00:00,0.0
2004-05-20 00:00:00,0.0
2004-05-21 00:00:00,0.0
2004-05-22 00:00:00,0.0
2004-05-23 00:00:00,0.0
2004-05-24 00:00:00,0.0
2004-05-25 00:00:00,0.0
2004-05-26 00:00:00,0.0
2004-05-27 00:00:00,0.0
2004-05-28 00:00:00,0.0
2004-05-29 00:00:00,0.0
2004-05-30 00:00:00,0.0
2004-05-31 00:00:00,0.0
2004-06-01 00:00:00,0.0
2004-06-02 00:00:00,0.0
2004-06-03 00:00:00,0.0
2004-06-04 00:00:00,0.0
2004-06-05 00:00:00,0.0
2004-06-06 00:00:00,0.0
2004-06-07 00:00:00,0.0
2004-06-08 00:00:00,0.08499999344348907
2004-06-09 00:00:00,0.014999999664723873
2004-06-10 00:00:00,0.0
2004-06-11 00:00:00,0.0
2004-06-12 00:00:00,0.0
2004-06-13 00:00:00,0.0
2004-06-14 00:00:00,0.0
2004-06-15 00:00:00,0.0
2004-06-16 00:00:00,0.0
2004-06-17 00:00:00,0.0
2004-06-18 00:00:00,0.0
2004-06-19 00:00:00,0.0
2004-06-20 00:00:00,0.0
2004-06-21 00:00:00,0.0
2004-06-22 00:00:00,0.0
2004-06-23 00:00:00,0.014999999664723873
2004-06-24 00:00:00,0.0
2004-06-25 00:00:00,0.0
2004-06-26 00:00:00,0.0
2004-06-27 00:00:00,0.0
2004-06-28 00:00:00,0.0
2004-06-29 00:00:00,0.0
2004-06-30 00:00:00,0.0
2004-07-01 00:00:00,0.10999999940395355
2004-07-02 00:00:00,2.270000457763672
2004-07-03 00:00:00,12.594999313354492
2004-07-04 00:00:00,1.869999885559082
2004-07-05 00:00:00,1.6499998569488525
2004-07-06 00:00:00,4.974999904632568
2004-07-07 00:00:00,0.0
2004-07-08 00:00:00,0.0
2004-07-09 00:00:00,0.0
2004-07-10 00:00:00,0.0
2004-07-11 00:00:00,0.0
2004-07-12 00:00:00,0.0
2004-07-13 00:00:00,0.0
2004-07-14 00:00:00,0.0
2004-07-15 00:00:00,0.0
2004-07-16 00:00:00,0.0
2004-07-17 00:00:00,0.009999999776482582
2004-07-18 00:00:00,0.0
2004-07-19 00:00:00,0.0
2004-07-20 00:00:00,0.0
2004-07-21 00:00:00,0.0
2004-07-22 00:00:00,0.0
2004-07-23 00:00:00,0.0
2004-07-24 00:00:00,0.0
2004-07-25 00:00:00,0.32999998331069946
2004-07-26 00:00:00,4.669999599456787
2004-07-27 00:00:00,0.6499999165534973
2004-07-28 00:00:00,0.0
2004-07-29 00:00:00,0.004999999888241291
2004-07-30 00:00:00,0.0
2004-07-31 00:00:00,0.0
2004-08-01 00:00:00,0.0
2004-08-02 00:00:00,0.0
2004-08-03 00:00:00,0.0
2004-08-04 00:00:00,0.0
2004-08-05 00:00:00,0.0
2004-08-06 00:00:00,0.0
2004-08-07 00:00:00,0.029999999329447746
2004-08-08 00:00:00,0.08999999612569809
2004-08-09 00:00:00,2.4749999046325684
2004-08-10 00:00:00,2.3349997997283936
2004-08-11 00:00:00,0.14000000059604645
2004-08-12 00:00:00,0.0
2004-08-13 00:00:00,0.0
2004-08-14 00:00:00,0.0
2004-08-15 00:00:00,0.0
2004-08-16 00:00:00,0.5
2004-08-17 00:00:00,0.009999999776482582
2004-08-18 00:00:00,0.034999996423721313
2004-08-19 00:00:00,2.9000000953674316
2004-08-20 00:00:00,0.0
2004-08-21 00:00:00,0.0
2004-08-22 00:00:00,0.4399999976158142
2004-08-23 00:00:00,0.7749999761581421
2004-08-24 00:00:00,10.080002784729004
2004-08-25 00:00:00,0.6699998378753662
2004-08-26 00:00:00,0.009999999776482582
2004-08-27 00:00:00,0.0
2004-08-28 00:00:00,0.0
2004-08-29 00:00:00,0.0
2004-08-30 00:00:00,0.0
2004-08-31 00:00:00,0.03999999910593033
2004-09-01 00:00:00,2.434999942779541
2004-09-02 00:00:00,0.0
2004-09-03 00:00:00,0.009999999776482582
2004-09-04 00:00:00,0.019999999552965164
2004-09-05 00:00:00,0.0
2004-09-06 00:00:00,0.0
2004-09-07 00:00:00,0.0
2004-09-08 00:00:00,2.380000114440918
2004-09-09 00:00:00,1.6049998998641968
2004-09-10 00:00:00,0.0
2004-09-11 00:00:00,0.0
2004-09-12 00:00:00,0.0
2004-09-13 00:00:00,0.0
2004-09-14 00:00:00,0.0
2004-09-15 00:00:00,0.0
2004-09-16 00:00:00,0.0
2004-09-17 00:00:00,0.0
2004-09-18 00:00:00,0.0
2004-09-19 00:00:00,0.0
2004-09-20 00:00:00,0.0
2004-09-21 00:00:00,0.0
2004-09-22 00:00:00,0.4049999713897705
2004-09-23 00:00:00,0.25999999046325684
2004-09-24 00:00:00,0.03999999910593033
2004-09-25 00:00:00,1.4299999475479126
2004-09-26 00:00:00,0.0
2004-09-27 00:00:00,0.02499999850988388
2004-09-28 00:00:00,0.0
2004-09-29 00:00:00,0.17999999225139618
2004-09-30 00:00:00,0.0
2004-10-01 00:00:00,0.17499999701976776
2004-10-02 00:00:00,0.0
2004-10-03 00:00:00,0.0
2004-10-04 00:00:00,0.004999999888241291
2004-10-05 00:00:00,0.05999999865889549
2004-10-06 00:00:00,0.0
2004-10-07 00:00:00,0.47999998927116394
2004-10-08 00:00:00,0.47999995946884155
2004-10-09 00:00:00,1.4399998188018799
2004-10-10 00:00:00,0.4599999785423279
2004-10-11 00:00:00,0.07999999821186066
2004-10-12 00:00:00,0.0
2004-10-13 00:00:00,0.0
2004-10-14 00:00:00,0.019999999552965164
2004-10-15 00:00:00,0.14000000059604645
2004-10-16 00:00:00,0.0
2004-10-17 00:00:00,0.0
2004-10-18 00:00:00,0.0
2004-10-19 00:00:00,0.029999999329447746
2004-10-20 00:00:00,0.10000000894069672
2004-10-21 00:00:00,0.11499999463558197
2004-10-22 00:00:00,0.3449999988079071
2004-10-23 00:00:00,0.0
2004-10-24 00:00:00,0.0
2004-10-25 00:00:00,0.17499999701976776
2004-10-26 00:00:00,0.06499999761581421
2004-10-27 00:00:00,0.009999999776482582
2004-10-28 00:00:00,0.8799999952316284
2004-10-29 00:00:00,0.25
2004-10-30 00:00:00,0.0
2004-10-31 00:00:00,0.0
2004-11-01 00:00:00,0.03999999910593033
2004-11-02 00:00:00,0.8200000524520874
2004-11-03 00:00:00,0.0
2004-11-04 00:00:00,0.0
2004-11-05 00:00:00,0.0
2004-11-06 00:00:00,0.009999999776482582
2004-11-07 00:00:00,3.2899999618530273
2004-11-08 00:00:00,0.22999998927116394
2004-11-09 00:00:00,0.7249999642372131
2004-11-10 00:00:00,0.0
2004-11-11 00:00:00,0.0
2004-11-12 00:00:00,0.004999999888241291
2004-11-13 00:00:00,0.014999999664723873
2004-11-14 00:00:00,0.0
2004-11-15 00:00:00,0.0
2004-11-16 00:00:00,0.0
2004-11-17 00:00:00,0.0
2004-11-18 00:00:00,0.0
2004-11-19 00:00:00,0.0
2004-11-20 00:00:00,0.0
2004-11-21 00:00:00,0.0
2004-11-22 00:00:00,0.03500000014901161
2004-11-23 00:00:00,1.9499999284744263
2004-11-24 00:00:00,1.8250000476837158
2004-11-25 00:00:00,0.0
2004-11-26 00:00:00,0.6799998879432678
2004-11-27 00:00:00,0.07499999552965164
2004-11-28 00:00:00,0.044999998062849045
2004-11-29 00:00:00,0.0
2004-11-30 00:00:00,0.6399999856948853
2004-12-01 00:00:00,0.0
2004-12-02 00:00:00,0.0
2004-12-03 00:00:00,0.0
2004-12-04 00:00:00,0.3449999988079071
2004-12-05 00:00:00,0.375
2004-12-06 00:00:00,0.8500000238418579
2004-12-07 00:00:00,0.0
2004-12-08 00:00:00,0.0
2004-12-09 00:00:00,0.054999999701976776
2004-12-10 00:00:00,0.48500001430511475
2004-12-11 00:00:00,2.054999828338623
2004-12-12 00:00:00,2.2250003814697266
2004-12-13 00:00:00,0.22499999403953552
2004-12-14 00:00:00,0.6200000047683716
2004-12-15 00:00:00,1.6649998426437378
2004-12-16 00:00:00,1.0149999856948853
2004-12-17 00:00:00,0.19499999284744263
2004-12-18 00:00:00,1.6600000858306885
2004-12-19 00:00:00,2.3249998092651367
2004-12-20 00:00:00,0.5550000071525574
2004-12-21 00:00:00,0.125
2004-12-22 00:00:00,1.149999976158142
2004-12-23 00:00:00,0.0
2004-12-24 00:00:00,0.0
2004-12-25 00:00:00,0.0
2004-12-26 00:00:00,0.6399999856948853
2004-12-27 00:00:00,0.6650000214576721
2004-12-28 00:00:00,0.32499998807907104
2004-12-29 00:00:00,6.470000267028809
2004-12-30 00:00:00,4.265000343322754
2004-12-31 00:00:00,8.649998664855957
2005-01-01 00:00:00,7.7350006103515625
2005-01-02 00:00:00,7.190000534057617
2005-01-03 00:00:00,0.6449999809265137
2005-01-04 00:00:00,1.404999852180481
2005-01-05 00:00:00,0.0
2005-01-06 00:00:00,0.004999999888241291
2005-01-07 00:00:00,0.05999999865889549
2005-01-08 00:00:00,0.08999999612569809
2005-01-09 00:00:00,0.1249999925494194
2005-01-10 00:00:00,13.0600004196167
2005-01-11 00:00:00,0.3149999976158142
2005-01-12 00:00:00,1.1000001430511475
2005-01-13 00:00:00,3.0400004386901855
2005-01-14 00:00:00,3.2149996757507324
2005-01-15 00:00:00,0.0
2005-01-16 00:00:00,0.8250000476837158
2005-01-17 00:00:00,1.409999966621399
2005-01-18 00:00:00,3.9149999618530273
2005-01-19 00:00:00,3.950000286102295
2005-01-20 00:00:00,0.7699999809265137
2005-01-21 00:00:00,7.799999713897705
2005-01-22 00:00:00,0.22999998927116394
2005-01-23 00:00:00,0.014999999664723873
2005-01-24 00:00:00,0.29499998688697815
2005-01-25 00:00:00,0.0
2005-01-26 00:00:00,0.0
2005-01-27 00:00:00,0.14499999582767487
2005-01-28 00:00:00,1.684999942779541
2005-01-29 00:00:00,0.41499996185302734
2005-01-30 00:00:00,0.45500001311302185
2005-01-31 00:00:00,1.215000033378601
2005-02-01 00:00:00,1.1099998950958252
2005-02-02 00:00:00,3.059999465942383
2005-02-03 00:00:00,16.560001373291016
2005-02-04 00:00:00,6.6650004386901855
2005-02-05 00:00:00,0.0
2005-02-06 00:00:00,0.13999998569488525
2005-02-07 00:00:00,0.04999999701976776
2005-02-08 00:00:00,0.17999999225139618
2005-02-09 00:00:00,4.859999656677246
2005-02-10 00:00:00,13.280000686645508
2005-02-11 00:00:00,12.779998779296875
2005-02-12 00:00:00,4.259999752044678
2005-02-13 00:00:00,7.625
2005-02-14 00:00:00,3.434999942779541
2005-02-15 00:00:00,2.065000057220459
2005-02-16 00:00:00,1.5699999332427979
2005-02-17 00:00:00,0.4699999690055847
2005-02-18 00:00:00,1.2850000858306885
2005-02-19 00:00:00,6.2049994468688965
2005-02-20 00:00:00,1.8100001811981201
2005-02-21 00:00:00,8.109999656677246
2005-02-22 00:00:00,1.9849998950958252
2005-02-23 00:00:00,0.13500000536441803
2005-02-24 00:00:00,0.029999997466802597
2005-02-25 00:00:00,1.739999532699585
2005-02-26 00:00:00,0.14499999582767487
2005-02-27 00:00:00,0.36500000953674316
2005-02-28 00:00:00,0.06499999761581421
2005-03-01 00:00:00,0.0
2005-03-02 00:00:00,0.0
2005-03-03 00:00:00,0.0
2005-03-04 00:00:00,0.11999999731779099
2005-03-05 00:00:00,0.0
2005-03-06 00:00:00,0.0
2005-03-07 00:00:00,0.07000000029802322
2005-03-08 00:00:00,0.0
2005-03-09 00:00:00,0.0
2005-03-10 00:00:00,3.565000057220459
2005-03-11 00:00:00,0.044999998062849045
2005-03-12 00:00:00,1.934999704360962
2005-03-13 00:00:00,0.0
2005-03-14 00:00:00,1.75
2005-03-15 00:00:00,0.0
2005-03-16 00:00:00,0.0
2005-03-17 00:00:00,0.0
2005-03-18 00:00:00,0.0
2005-03-19 00:00:00,0.0
2005-03-20 00:00:00,0.4949999749660492
2005-03-21 00:00:00,8.359999656677246
2005-03-22 00:00:00,0.8350000381469727
2005-03-23 00:00:00,0.9649999737739563
2005-03-24 00:00:00,0.03500000014901161
2005-03-25 00:00:00,0.03500000014901161
2005-03-26 00:00:00,0.26999998092651367
2005-03-27 00:00:00,0.019999999552965164
2005-03-28 00:00:00,0.0
2005-03-29 00:00:00,1.409999966621399
2005-03-30 00:00:00,2.56000018119812
2005-03-31 00:00:00,1.8299999237060547
2005-04-01 00:00:00,1.9549999237060547
2005-04-02 00:00:00,1.4749999046325684
2005-04-03 00:00:00,0.07499999552965164
2005-04-04 00:00:00,1.7749998569488525
2005-04-05 00:00:00,1.0549999475479126
2005-04-06 00:00:00,0.9099999666213989
2005-04-07 00:00:00,0.47999995946884155
2005-04-08 00:00:00,2.1949996948242188
2005-04-09 00:00:00,0.7450000047683716
2005-04-10 00:00:00,0.0
2005-04-11 00:00:00,0.33500000834465027
2005-04-12 00:00:00,0.0
2005-04-13 00:00:00,0.125
2005-04-14 00:00:00,0.06499999761581421
2005-04-15 00:00:00,0.6799999475479126
2005-04-16 00:00:00,0.2800000011920929
2005-04-17 00:00:00,0.014999999664723873
2005-04-18 00:00:00,0.0
2005-04-19 00:00:00,0.0
2005-04-20 00:00:00,0.0
2005-04-21 00:00:00,0.0
2005-04-22 00:00:00,0.0
2005-04-23 00:00:00,0.0
2005-04-24 00:00:00,1.2899999618530273
2005-04-25 00:00:00,0.0
2005-04-26 00:00:00,0.0
2005-04-27 00:00:00,0.0
2005-04-28 00:00:00,0.0
2005-04-29 00:00:00,0.0
2005-04-30 00:00:00,0.0
2005-05-01 00:00:00,0.0
2005-05-02 00:00:00,0.0
2005-05-03 00:00:00,0.06999999284744263
2005-05-04 00:00:00,0.0
2005-05-05 00:00:00,0.7649999856948853
2005-05-06 00:00:00,0.0
2005-05-07 00:00:00,0.0
2005-05-08 00:00:00,0.0
2005-05-09 00:00:00,0.0
2005-05-10 00:00:00,0.0
2005-05-11 00:00:00,0.0
2005-05-12 00:00:00,0.0
2005-05-13 00:00:00,0.0
2005-05-14 00:00:00,0.0
2005-05-15 00:00:00,0.0
2005-05-16 00:00:00,0.0
2005-05-17 00:00:00,0.0
2005-05-18 00:00:00,0.0
2005-05-19 00:00:00,0.0
2005-05-20 00:00:00,0.0
2005-05-21 00:00:00,0.0
2005-05-22 00:00:00,0.0
2005-05-23 00:00:00,0.0
2005-05-24 00:00:00,0.0
2005-05-25 00:00:00,0.0
2005-05-26 00:00:00,0.0
2005-05-27 00:00:00,0.0
2005-05-28 00:00:00,0.0
2005-05-29 00:00:00,0.0
2005-05-30 00:00:00,0.07499999552965164
2005-05-31 00:00:00,0.0
2005-06-01 00:00:00,0.0
2005-06-02 00:00:00,0.0
2005-06-03 00:00:00,0.0
2005-06-04 00:00:00,0.0
2005-06-05 00:00:00,0.0
2005-06-06 00:00:00,0.0
2005-06-07 00:00:00,0.0
2005-06-08 00:00:00,0.0
2005-06-09 00:00:00,0.0
2005-06-10 00:00:00,0.0
2005-06-11 00:00:00,0.0
2005-06-12 00:00:00,0.0
2005-06-13 00:00:00,0.0
2005-06-14 00:00:00,0.0
2005-06-15 00:00:00,0.0
2005-06-16 00:00:00,0.0
2005-06-17 00:00:00,0.0
2005-06-18 00:00:00,0.0
2005-06-19 00:00:00,0.0
2005-06-20 00:00:00,0.0
2005-06-21 00:00:00,0.0
2005-06-22 00:00:00,0.0
2005-06-23 00:00:00,0.0
2005-06-24 00:00:00,0.0
2005-06-25 00:00:00,0.0
2005-06-26 00:00:00,0.0
2005-06-27 00:00:00,0.0
2005-06-28 00:00:00,0.0
2005-06-29 00:00:00,0.0
2005-06-30 00:00:00,0.0
2005-07-01 00:00:00,0.0
2005-07-02 00:00:00,0.0
2005-07-03 00:00:00,0.0
2005-07-04 00:00:00,0.0
2005-07-05 00:00:00,0.0
2005-07-06 00:00:00,0.0
2005-07-07 00:00:00,0.0
2005-07-08 00:00:00,0.0
2005-07-09 00:00:00,0.0
2005-07-10 00:00:00,0.0
2005-07-11 00:00:00,0.0
2005-07-12 00:00:00,0.0
2005-07-13 00:00:00,0.0
2005-07-14 00:00:00,0.0
2005-07-15 00:00:00,0.0
2005-07-16 00:00:00,0.0
2005-07-17 00:00:00,0.0
2005-07-18 00:00:00,0.0
2005-07-19 00:00:00,0.13499999046325684
2005-07-20 00:00:00,0.0
2005-07-21 00:00:00,0.0
2005-07-22 00:00:00,0.0
2005-07-23 00:00:00,0.0
2005-07-24 00:00:00,0.0
2005-07-25 00:00:00,0.0
2005-07-26 00:00:00,0.0
2005-07-27 00:00:00,0.0
2005-07-28 00:00:00,0.0
2005-07-29 00:00:00,0.0
2005-07-30 00:00:00,0.0
2005-07-31 00:00:00,0.0
2005-08-01 00:00:00,0.0
2005-08-02 00:00:00,0.0
2005-08-03 00:00:00,0.0
2005-08-04 00:00:00,0.0
2005-08-05 00:00:00,0.0
2005-08-06 00:00:00,0.054999999701976776
2005-08-07 00:00:00,0.9649999141693115
2005-08-08 00:00:00,0.0
2005-08-09 00:00:00,0.0
2005-08-10 00:00:00,0.0
2005-08-11 00:00:00,0.0
2005-08-12 00:00:00,0.0
2005-08-13 00:00:00,0.0
2005-08-14 00:00:00,0.0
2005-08-15 00:00:00,0.0
2005-08-16 00:00:00,0.0
2005-08-17 00:00:00,0.0
2005-08-18 00:00:00,0.0
2005-08-19 00:00:00,0.0
2005-08-20 00:00:00,0.0
2005-08-21 00:00:00,0.0
2005-08-22 00:00:00,0.0
2005-08-23 00:00:00,0.02499999850988388
2005-08-24 00:00:00,0.0
2005-08-25 00:00:00,0.0
2005-08-26 00:00:00,0.0
2005-08-27 00:00:00,0.0
2005-08-28 00:00:00,0.0
2005-08-29 00:00:00,0.0
2005-08-30 00:00:00,0.0
2005-08-31 00:00:00,0.0
2005-09-01 00:00:00,0.014999999664723873
2005-09-02 00:00:00,0.0
2005-09-03 00:00:00,0.0
2005-09-04 00:00:00,0.0
2005-09-05 00:00:00,0.0
2005-09-06 00:00:00,0.0
2005-09-07 00:00:00,0.0
2005-09-08 00:00:00,0.0
2005-09-09 00:00:00,0.0
2005-09-10 00:00:00,0.0
2005-09-11 00:00:00,2.1549999713897705
2005-09-12 00:00:00,0.03500000014901161
2005-09-13 00:00:00,5.6100006103515625
2005-09-14 00:00:00,2.2450003623962402
2005-09-15 00:00:00,0.28999996185302734
2005-09-16 00:00:00,3.2649998664855957
2005-09-17 00:00:00,1.1699999570846558
2005-09-18 00:00:00,0.0
2005-09-19 00:00:00,0.4399999976158142
2005-09-20 00:00:00,2.0399999618530273
2005-09-21 00:00:00,0.6800000071525574
2005-09-22 00:00:00,0.0
2005-09-23 00:00:00,0.0
2005-09-24 00:00:00,0.2800000011920929
2005-09-25 00:00:00,0.0
2005-09-26 00:00:00,0.004999999888241291
2005-09-27 00:00:00,0.0
2005-09-28 00:00:00,0.0
2005-09-29 00:00:00,0.004999999888241291
2005-09-30 00:00:00,0.0
2005-10-01 00:00:00,0.0
2005-10-02 00:00:00,0.0
2005-10-03 00:00:00,0.0
2005-10-04 00:00:00,0.0
2005-10-05 00:00:00,0.08999999612569809
2005-10-06 00:00:00,0.11999998986721039
2005-10-07 00:00:00,0.11999999731779099
2005-10-08 00:00:00,1.3499999046325684
2005-10-09 00:00:00,2.7299997806549072
2005-10-10 00:00:00,0.26499998569488525
2005-10-11 00:00:00,0.0
2005-10-12 00:00:00,0.6000000238418579
2005-10-13 00:00:00,0.0
2005-10-14 00:00:00,0.0
2005-10-15 00:00:00,0.16499999165534973
2005-10-16 00:00:00,0.12999999523162842
2005-10-17 00:00:00,0.0
2005-10-18 00:00:00,1.21999990940094
2005-10-19 00:00:00,0.0
2005-10-20 00:00:00,0.7699998617172241
2005-10-21 00:00:00,0.0
2005-10-22 00:00:00,0.0
2005-10-23 00:00:00,0.0
2005-10-24 00:00:00,0.0
2005-10-25 00:00:00,0.29499995708465576
2005-10-26 00:00:00,2.5450000762939453
2005-10-27 00:00:00,0.4950000047683716
2005-10-28 00:00:00,0.0
2005-10-29 00:00:00,0.0
2005-10-30 00:00:00,0.0
2005-10-31 00:00:00,0.0
2005-11-01 00:00:00,0.0
2005-11-02 00:00:00,0.0
2005-11-03 00:00:00,0.0
2005-11-04 00:00:00,0.0
2005-11-05 00:00:00,0.0
2005-11-06 00:00:00,0.7599998712539673
2005-11-07 00:00:00,0.7149999737739563
2005-11-08 00:00:00,5.150000095367432
2005-11-09 00:00:00,10.049999237060547
2005-11-10 00:00:00,1.2249999046325684
2005-11-11 00:00:00,0.07000000029802322
2005-11-12 00:00:00,0.014999999664723873
2005-11-13 00:00:00,0.0
2005-11-14 00:00:00,0.0
2005-11-15 00:00:00,0.0
2005-11-16 00:00:00,0.0
2005-11-17 00:00:00,0.0
2005-11-18 00:00:00,0.0
2005-11-19 00:00:00,0.02499999850988388
2005-11-20 00:00:00,0.5499999523162842
2005-11-21 00:00:00,0.12999999523162842
2005-11-22 00:00:00,0.6349999904632568
2005-11-23 00:00:00,0.0
2005-11-24 00:00:00,0.10500000417232513
2005-11-25 00:00:00,0.19499999284744263
2005-11-26 00:00:00,4.59499979019165
2005-11-27 00:00:00,0.009999999776482582
2005-11-28 00:00:00,0.0
2005-11-29 00:00:00,0.0
2005-11-30 00:00:00,0.45499998331069946
2005-12-01 00:00:00,0.11499999463558197
2005-12-02 00:00:00,0.04999999701976776
2005-12-03 00:00:00,1.334999918937683
2005-12-04 00:00:00,0.029999999329447746
2005-12-05 00:00:00,0.16499999165534973
2005-12-06 00:00:00,0.0
2005-12-07 00:00:00,0.0
2005-12-08 00:00:00,0.0
2005-12-09 00:00:00,0.0
2005-12-10 00:00:00,0.0
2005-12-11 00:00:00,1.2549999952316284
2005-12-12 00:00:00,0.2849999964237213
2005-12-13 00:00:00,6.185000419616699
2005-12-14 00:00:00,0.36500000953674316
2005-12-15 00:00:00,0.35499998927116394
2005-12-16 00:00:00,0.7649999856948853
2005-12-17 00:00:00,0.5999999642372131
2005-12-18 00:00:00,0.3149999976158142
2005-12-19 00:00:00,0.11500000208616257
2005-12-20 00:00:00,2.0149998664855957
2005-12-21 00:00:00,3.799999952316284
2005-12-22 00:00:00,0.09999999403953552
2005-12-23 00:00:00,1.5549999475479126
2005-12-24 00:00:00,0.24500000476837158
2005-12-25 00:00:00,2.7749998569488525
2005-12-26 00:00:00,0.2499999850988388
2005-12-27 00:00:00,1.2699999809265137
2005-12-28 00:00:00,0.07499999552965164
2005-12-29 00:00:00,3.5399999618530273
2005-12-30 00:00:00,16.714998245239258
2005-12-31 00:00:00,6.659999847412109
2006-01-01 00:00:00,3.6500000953674316
2006-01-02 00:00:00,3.4950003623962402
2006-01-03 00:00:00,11.110000610351562
2006-01-04 00:00:00,13.144998550415039
2006-01-05 00:00:00,0.5249999761581421
2006-01-06 00:00:00,0.0
2006-01-07 00:00:00,0.0
2006-01-08 00:00:00,0.04999999701976776
2006-01-09 00:00:00,0.054999999701976776
2006-01-10 00:00:00,0.07999999821186066
2006-01-11 00:00:00,0.21000000834465027
2006-01-12 00:00:00,5.96999979019165
2006-01-13 00:00:00,6.284999847412109
2006-01-14 00:00:00,13.954999923706055
2006-01-15 00:00:00,16.0
2006-01-16 00:00:00,36.92500305175781
2006-01-17 00:00:00,6.429999351501465
2006-01-18 00:00:00,1.994999885559082
2006-01-19 00:00:00,0.2749999761581421
2006-01-20 00:00:00,1.7100000381469727
2006-01-21 00:00:00,2.194999933242798
2006-01-22 00:00:00,1.0049998760223389
2006-01-23 00:00:00,5.349999904632568
2006-01-24 00:00:00,1.1699998378753662
2006-01-25 00:00:00,3.84999942779541
2006-01-26 00:00:00,1.399999976158142
2006-01-27 00:00:00,3.064999580383301
2006-01-28 00:00:00,8.794999122619629
2006-01-29 00:00:00,0.1899999976158142
2006-01-30 00:00:00,2.114999771118164
2006-01-31 00:00:00,2.4099998474121094
2006-02-01 00:00:00,4.365000247955322
2006-02-02 00:00:00,9.395000457763672
2006-02-03 00:00:00,1.6649999618530273
2006-02-04 00:00:00,3.924999713897705
2006-02-05 00:00:00,4.619999885559082
2006-02-06 00:00:00,1.7400000095367432
2006-02-07 00:00:00,0.5499999523162842
2006-02-08 00:00:00,11.750000953674316
2006-02-09 00:00:00,11.714999198913574
2006-02-10 00:00:00,7.089999675750732
2006-02-11 00:00:00,2.2150001525878906
2006-02-12 00:00:00,0.0
2006-02-13 00:00:00,0.17000000178813934
2006-02-14 00:00:00,0.03999999910593033
2006-02-15 00:00:00,0.0
2006-02-16 00:00:00,0.0
2006-02-17 00:00:00,1.1299999952316284
2006-02-18 00:00:00,0.0
2006-02-19 00:00:00,0.06499999761581421
2006-02-20 00:00:00,0.0
2006-02-21 00:00:00,0.0
2006-02-22 00:00:00,0.0
2006-02-23 00:00:00,2.5149998664855957
2006-02-24 00:00:00,0.0
2006-02-25 00:00:00,0.0
2006-02-26 00:00:00,0.0
2006-02-27 00:00:00,0.004999999888241291
2006-02-28 00:00:00,0.0
2006-03-01 00:00:00,6.149999618530273
2006-03-02 00:00:00,5.055000305175781
2006-03-03 00:00:00,1.4200000762939453
2006-03-04 00:00:00,3.7350001335144043
2006-03-05 00:00:00,2.179999828338623
2006-03-06 00:00:00,2.640000104904175
2006-03-07 00:00:00,0.0
2006-03-08 00:00:00,0.0
2006-03-09 00:00:00,0.0
2006-03-10 00:00:00,1.8149998188018799
2006-03-11 00:00:00,0.07499999552965164
2006-03-12 00:00:00,0.0
2006-03-13 00:00:00,0.0
2006-03-14 00:00:00,0.8300000429153442
2006-03-15 00:00:00,0.0949999988079071
2006-03-16 00:00:00,0.0
2006-03-17 00:00:00,0.054999999701976776
2006-03-18 00:00:00,0.25999999046325684
2006-03-19 00:00:00,0.5949999690055847
2006-03-20 00:00:00,0.574999988079071
2006-03-21 00:00:00,4.939999580383301
2006-03-22 00:00:00,16.059999465942383
2006-03-23 00:00:00,3.2599997520446777
2006-03-24 00:00:00,3.5249998569488525
2006-03-25 00:00:00,10.6850004196167
2006-03-26 00:00:00,5.925000190734863
2006-03-27 00:00:00,0.25999999046325684
2006-03-28 00:00:00,0.3699999749660492
2006-03-29 00:00:00,0.9850000143051147
2006-03-30 00:00:00,1.2100000381469727
2006-03-31 00:00:00,0.07999999821186066
2006-04-01 00:00:00,2.7749998569488525
2006-04-02 00:00:00,0.9449999332427979
2006-04-03 00:00:00,5.465000152587891
2006-04-04 00:00:00,0.009999999776482582
2006-04-05 00:00:00,0.0
2006-04-06 00:00:00,0.9450000524520874
2006-04-07 00:00:00,0.0
2006-04-08 00:00:00,0.0
2006-04-09 00:00:00,0.0
2006-04-10 00:00:00,0.0
2006-04-11 00:00:00,0.0
2006-04-12 00:00:00,0.0
2006-04-13 00:00:00,0.07000000029802322
2006-04-14 00:00:00,0.17499998211860657
2006-04-15 00:00:00,0.10500000417232513
2006-04-16 00:00:00,1.3799999952316284
2006-04-17 00:00:00,0.0
2006-04-18 00:00:00,0.0
2006-04-19 00:00:00,0.0
2006-04-20 00:00:00,0.0
2006-04-21 00:00:00,0.0
2006-04-22 00:00:00,0.0
2006-04-23 00:00:00,0.0
2006-04-24 00:00:00,0.0
2006-04-25 00:00:00,0.0
2006-04-26 00:00:00,0.0
2006-04-27 00:00:00,0.3399999737739563
2006-04-28 00:00:00,0.16499999165534973
2006-04-29 00:00:00,0.0
2006-04-30 00:00:00,1.2799999713897705
2006-05-01 00:00:00,1.6449999809265137
2006-05-02 00:00:00,0.0
2006-05-03 00:00:00,0.0
2006-05-04 00:00:00,0.02499999850988388
2006-05-05 00:00:00,0.004999999888241291
2006-05-06 00:00:00,0.0
2006-05-07 00:00:00,0.0
2006-05-08 00:00:00,0.0
2006-05-09 00:00:00,0.0
2006-05-10 00:00:00,0.0
2006-05-11 00:00:00,0.3449999690055847
2006-05-12 00:00:00,0.0
2006-05-13 00:00:00,0.0
2006-05-14 00:00:00,0.0
2006-05-15 00:00:00,0.014999999664723873
2006-05-16 00:00:00,0.0
2006-05-17 00:00:00,0.0
2006-05-18 00:00:00,0.0
2006-05-19 00:00:00,0.0
2006-05-20 00:00:00,0.26999998092651367
2006-05-21 00:00:00,0.0
2006-05-22 00:00:00,0.0
2006-05-23 00:00:00,0.0
2006-05-24 00:00:00,0.38999998569488525
2006-05-25 00:00:00,0.0
2006-05-26 00:00:00,0.0
2006-05-27 00:00:00,0.0
2006-05-28 00:00:00,0.0
2006-05-29 00:00:00,0.0
2006-05-30 00:00:00,0.0
2006-05-31 00:00:00,0.0
2006-06-01 00:00:00,0.0
2006-06-02 00:00:00,0.0
2006-06-03 00:00:00,0.10500000417232513
2006-06-04 00:00:00,0.0
2006-06-05 00:00:00,0.0
2006-06-06 00:00:00,0.0
2006-06-07 00:00:00,0.0
2006-06-08 00:00:00,0.0
2006-06-09 00:00:00,0.0
2006-06-10 00:00:00,0.0
2006-06-11 00:00:00,0.0
2006-06-12 00:00:00,0.0
2006-06-13 00:00:00,0.0
2006-06-14 00:00:00,0.0
2006-06-15 00:00:00,0.0
2006-06-16 00:00:00,0.0
2006-06-17 00:00:00,0.0
2006-06-18 00:00:00,0.0
2006-06-19 00:00:00,0.0
2006-06-20 00:00:00,0.0
2006-06-21 00:00:00,0.0
2006-06-22 00:00:00,0.0
2006-06-23 00:00:00,0.0
2006-06-24 00:00:00,0.0
2006-06-25 00:00:00,0.0
2006-06-26 00:00:00,0.0
2006-06-27 00:00:00,0.0
2006-06-28 00:00:00,0.0
2006-06-29 00:00:00,0.0
2006-06-30 00:00:00,0.004999999888241291
2006-07-01 00:00:00,0.0
2006-07-02 00:00:00,0.0
2006-07-03 00:00:00,0.0
2006-07-04 00:00:00,0.0
2006-07-05 00:00:00,0.0
2006-07-06 00:00:00,0.0
2006-07-07 00:00:00,0.0
2006-07-08 00:00:00,0.0
2006-07-09 00:00:00,0.0
2006-07-10 00:00:00,0.0
2006-07-11 00:00:00,0.0
2006-07-12 00:00:00,0.0
2006-07-13 00:00:00,0.0
2006-07-14 00:00:00,0.0
2006-07-15 00:00:00,0.0
2006-07-16 00:00:00,0.0
2006-07-17 00:00:00,0.0
2006-07-18 00:00:00,0.0
2006-07-19 00:00:00,0.0
2006-07-20 00:00:00,0.0
2006-07-21 00:00:00,0.0
2006-07-22 00:00:00,0.0
2006-07-23 00:00:00,0.0
2006-07-24 00:00:00,0.0
2006-07-25 00:00:00,0.0
2006-07-26 00:00:00,0.0
2006-07-27 00:00:00,0.0
2006-07-28 00:00:00,0.0
2006-07-29 00:00:00,0.0
2006-07-30 00:00:00,0.02499999850988388
2006-07-31 00:00:00,0.03999999910593033
2006-08-01 00:00:00,0.0
2006-08-02 00:00:00,0.0
2006-08-03 00:00:00,0.0
2006-08-04 00:00:00,0.0
2006-08-05 00:00:00,0.0
2006-08-06 00:00:00,0.2449999898672104
2006-08-07 00:00:00,0.0
2006-08-08 00:00:00,0.0
2006-08-09 00:00:00,0.0
2006-08-10 00:00:00,0.0
2006-08-11 00:00:00,0.1550000011920929
2006-08-12 00:00:00,0.07499999552965164
2006-08-13 00:00:00,1.4749999046325684
2006-08-14 00:00:00,1.0
2006-08-15 00:00:00,0.14499999582767487
2006-08-16 00:00:00,0.004999999888241291
2006-08-17 00:00:00,0.0
2006-08-18 00:00:00,0.0
2006-08-19 00:00:00,0.0
2006-08-20 00:00:00,0.0
2006-08-21 00:00:00,0.0
2006-08-22 00:00:00,0.0
2006-08-23 00:00:00,0.0
2006-08-24 00:00:00,0.0
2006-08-25 00:00:00,0.0
2006-08-26 00:00:00,0.0
2006-08-27 00:00:00,0.0
2006-08-28 00:00:00,0.0
2006-08-29 00:00:00,0.40000003576278687
2006-08-30 00:00:00,0.0
2006-08-31 00:00:00,0.0
2006-09-01 00:00:00,0.0
2006-09-02 00:00:00,0.0
2006-09-03 00:00:00,0.0
2006-09-04 00:00:00,0.0
2006-09-05 00:00:00,0.0
2006-09-06 00:00:00,0.0
2006-09-07 00:00:00,0.22999998927116394
2006-09-08 00:00:00,0.17499999701976776
2006-09-09 00:00:00,0.04999999701976776
2006-09-10 00:00:00,0.0
2006-09-11 00:00:00,0.0
2006-09-12 00:00:00,0.0
2006-09-13 00:00:00,0.0
2006-09-14 00:00:00,0.0
2006-09-15 00:00:00,0.0
2006-09-16 00:00:00,0.0
2006-09-17 00:00:00,0.0
2006-09-18 00:00:00,0.13499999046325684
2006-09-19 00:00:00,0.0
2006-09-20 00:00:00,0.0
2006-09-21 00:00:00,0.0
2006-09-22 00:00:00,0.0
2006-09-23 00:00:00,0.0
2006-09-24 00:00:00,0.17499999701976776
2006-09-25 00:00:00,0.9549999833106995
2006-09-26 00:00:00,4.369999885559082
2006-09-27 00:00:00,0.029999999329447746
2006-09-28 00:00:00,0.13500000536441803
2006-09-29 00:00:00,0.5149999856948853
2006-09-30 00:00:00,0.05999999865889549
2006-10-01 00:00:00,0.0
2006-10-02 00:00:00,0.0
2006-10-03 00:00:00,0.0
2006-10-04 00:00:00,0.0
2006-10-05 00:00:00,0.0
2006-10-06 00:00:00,0.0
2006-10-07 00:00:00,0.0
2006-10-08 00:00:00,0.0
2006-10-09 00:00:00,0.0
2006-10-10 00:00:00,0.0
2006-10-11 00:00:00,0.0
2006-10-12 00:00:00,0.0
2006-10-13 00:00:00,0.0
2006-10-14 00:00:00,0.0
2006-10-15 00:00:00,0.0
2006-10-16 00:00:00,0.11999999731779099
2006-10-17 00:00:00,0.4999999701976776
2006-10-18 00:00:00,0.0
2006-10-19 00:00:00,0.0
2006-10-20 00:00:00,0.3649999797344208
2006-10-21 00:00:00,0.044999998062849045
2006-10-22 00:00:00,6.875
2006-10-23 00:00:00,0.16499999165534973
2006-10-24 00:00:00,0.0
2006-10-25 00:00:00,0.0
2006-10-26 00:00:00,0.0
2006-10-27 00:00:00,0.0
2006-10-28 00:00:00,0.1599999964237213
2006-10-29 00:00:00,0.0
2006-10-30 00:00:00,0.0
2006-10-31 00:00:00,0.0
2006-11-01 00:00:00,0.07999999821186066
2006-11-02 00:00:00,0.02499999850988388
2006-11-03 00:00:00,0.0
2006-11-04 00:00:00,5.3349995613098145
2006-11-05 00:00:00,0.6349999308586121
2006-11-06 00:00:00,0.0
2006-11-07 00:00:00,1.8200000524520874
2006-11-08 00:00:00,5.089999675750732
2006-11-09 00:00:00,0.05999999865889549
2006-11-10 00:00:00,0.0
2006-11-11 00:00:00,0.20000001788139343
2006-11-12 00:00:00,0.06499999761581421
2006-11-13 00:00:00,0.12999999523162842
2006-11-14 00:00:00,1.534999966621399
2006-11-15 00:00:00,0.9249999523162842
2006-11-16 00:00:00,0.3649999797344208
2006-11-17 00:00:00,1.9149999618530273
2006-11-18 00:00:00,2.8349997997283936
2006-11-19 00:00:00,0.11499999463558197
2006-11-20 00:00:00,0.5499999523162842
2006-11-21 00:00:00,0.014999999664723873
2006-11-22 00:00:00,0.4299999475479126
2006-11-23 00:00:00,0.26999998092651367
2006-11-24 00:00:00,0.0
2006-11-25 00:00:00,4.054999828338623
2006-11-26 00:00:00,0.5049999952316284
2006-11-27 00:00:00,0.0
2006-11-28 00:00:00,0.0
2006-11-29 00:00:00,0.0
2006-11-30 00:00:00,3.7300000190734863
2006-12-01 00:00:00,0.7200000286102295
2006-12-02 00:00:00,0.03999999910593033
2006-12-03 00:00:00,0.0
2006-12-04 00:00:00,3.005000114440918
2006-12-05 00:00:00,0.0
2006-12-06 00:00:00,0.3799999952316284
2006-12-07 00:00:00,2.9549999237060547
2006-12-08 00:00:00,0.07499999552965164
2006-12-09 00:00:00,0.0
2006-12-10 00:00:00,0.0
2006-12-11 00:00:00,0.28999999165534973
2006-12-12 00:00:00,0.22499999403953552
2006-12-13 00:00:00,0.0
2006-12-14 00:00:00,0.0
2006-12-15 00:00:00,0.0
2006-12-16 00:00:00,0.0
2006-12-17 00:00:00,7.204999923706055
2006-12-18 00:00:00,8.265000343322754
2006-12-19 00:00:00,4.190000057220459
2006-12-20 00:00:00,2.799999952316284
2006-12-21 00:00:00,0.625
2006-12-22 00:00:00,0.014999999664723873
2006-12-23 00:00:00,0.054999999701976776
2006-12-24 00:00:00,0.0
2006-12-25 00:00:00,0.0
2006-12-26 00:00:00,0.0
2006-12-27 00:00:00,0.8350000381469727
2006-12-28 00:00:00,0.10500000417232513
2006-12-29 00:00:00,0.0
2006-12-30 00:00:00,3.054999828338623
2006-12-31 00:00:00,1.3499999046325684
2007-01-01 00:00:00,1.1749999523162842
2007-01-02 00:00:00,1.630000114440918
2007-01-03 00:00:00,0.375
2007-01-04 00:00:00,2.5749998092651367
2007-01-05 00:00:00,4.024999618530273
2007-01-06 00:00:00,6.22499942779541
2007-01-07 00:00:00,14.819999694824219
2007-01-08 00:00:00,1.440000057220459
2007-01-09 00:00:00,1.369999885559082
2007-01-10 00:00:00,20.369997024536133
2007-01-11 00:00:00,3.184999942779541
2007-01-12 00:00:00,5.210000038146973
2007-01-13 00:00:00,4.739999294281006
2007-01-14 00:00:00,7.550000190734863
2007-01-15 00:00:00,7.0199995040893555
2007-01-16 00:00:00,1.9649999141693115
2007-01-17 00:00:00,0.004999999888241291
2007-01-18 00:00:00,1.6149998903274536
2007-01-19 00:00:00,0.0949999988079071
2007-01-20 00:00:00,0.054999999701976776
2007-01-21 00:00:00,0.0
2007-01-22 00:00:00,0.5199999809265137
2007-01-23 00:00:00,0.7499999403953552
2007-01-24 00:00:00,0.019999999552965164
2007-01-25 00:00:00,0.0
2007-01-26 00:00:00,0.25
2007-01-27 00:00:00,0.17499999701976776
2007-01-28 00:00:00,0.0
2007-01-29 00:00:00,0.0
2007-01-30 00:00:00,0.0
2007-01-31 00:00:00,0.009999999776482582
2007-02-01 00:00:00,0.35499998927116394
2007-02-02 00:00:00,0.0
2007-02-03 00:00:00,0.0
2007-02-04 00:00:00,0.0
2007-02-05 00:00:00,0.0
2007-02-06 00:00:00,0.0
2007-02-07 00:00:00,3.684999942779541
2007-02-08 00:00:00,0.22499999403953552
2007-02-09 00:00:00,1.8949999809265137
2007-02-10 00:00:00,1.1399999856948853
2007-02-11 00:00:00,0.26999998092651367
2007-02-12 00:00:00,14.934999465942383
2007-02-13 00:00:00,18.854999542236328
2007-02-14 00:00:00,1.804999828338623
2007-02-15 00:00:00,0.0
2007-02-16 00:00:00,0.4100000262260437
2007-02-17 00:00:00,0.0
2007-02-18 00:00:00,1.21999990940094
2007-02-19 00:00:00,0.0
2007-02-20 00:00:00,1.4049999713897705
2007-02-21 00:00:00,2.0999999046325684
2007-02-22 00:00:00,1.8549997806549072
2007-02-23 00:00:00,0.3149999976158142
2007-02-24 00:00:00,0.3199999928474426
2007-02-25 00:00:00,0.7599999904632568
2007-02-26 00:00:00,0.0
2007-02-27 00:00:00,0.0
2007-02-28 00:00:00,1.2200000286102295
2007-03-01 00:00:00,4.090000152587891
2007-03-02 00:00:00,0.8049999475479126
2007-03-03 00:00:00,1.440000057220459
2007-03-04 00:00:00,9.059999465942383
2007-03-05 00:00:00,4.6449995040893555
2007-03-06 00:00:00,4.505000114440918
2007-03-07 00:00:00,13.249998092651367
2007-03-08 00:00:00,9.820001602172852
2007-03-09 00:00:00,2.2549996376037598
2007-03-10 00:00:00,1.1100000143051147
2007-03-11 00:00:00,0.21000000834465027
2007-03-12 00:00:00,4.139999866485596
2007-03-13 00:00:00,0.40000003576278687
2007-03-14 00:00:00,1.7650001049041748
2007-03-15 00:00:00,3.749999523162842
2007-03-16 00:00:00,4.03000020980835
2007-03-17 00:00:00,1.8249998092651367
2007-03-18 00:00:00,0.7449999451637268
2007-03-19 00:00:00,0.0
2007-03-20 00:00:00,0.0
2007-03-21 00:00:00,0.0
2007-03-22 00:00:00,0.0
2007-03-23 00:00:00,0.1550000011920929
2007-03-24 00:00:00,0.014999999664723873
2007-03-25 00:00:00,0.0
2007-03-26 00:00:00,0.029999999329447746
2007-03-27 00:00:00,0.0
2007-03-28 00:00:00,0.0
2007-03-29 00:00:00,0.0
2007-03-30 00:00:00,0.0
2007-03-31 00:00:00,2.7149999141693115
2007-04-01 00:00:00,5.855000019073486
2007-04-02 00:00:00,0.6899999380111694
2007-04-03 00:00:00,0.054999999701976776
2007-04-04 00:00:00,0.0
2007-04-05 00:00:00,3.3899998664855957
2007-04-06 00:00:00,0.0
2007-04-07 00:00:00,0.0
2007-04-08 00:00:00,0.0
2007-04-09 00:00:00,0.019999999552965164
2007-04-10 00:00:00,0.38499999046325684
2007-04-11 00:00:00,0.22499999403953552
2007-04-12 00:00:00,6.305000305175781
2007-04-13 00:00:00,0.36500000953674316
2007-04-14 00:00:00,0.0949999988079071
2007-04-15 00:00:00,0.0
2007-04-16 00:00:00,0.0
2007-04-17 00:00:00,0.0
2007-04-18 00:00:00,0.0
2007-04-19 00:00:00,0.0
2007-04-20 00:00:00,0.0
2007-04-21 00:00:00,0.0
2007-04-22 00:00:00,0.0
2007-04-23 00:00:00,0.16500000655651093
2007-04-24 00:00:00,0.0
2007-04-25 00:00:00,0.0
2007-04-26 00:00:00,0.0
2007-04-27 00:00:00,0.0
2007-04-28 00:00:00,0.4050000309944153
2007-04-29 00:00:00,0.0
2007-04-30 00:00:00,0.03500000014901161
2007-05-01 00:00:00,0.02499999850988388
2007-05-02 00:00:00,0.029999999329447746
2007-05-03 00:00:00,0.3100000023841858
2007-05-04 00:00:00,0.004999999888241291
2007-05-05 00:00:00,0.06499999761581421
2007-05-06 00:00:00,0.47499996423721313
2007-05-07 00:00:00,0.029999999329447746
2007-05-08 00:00:00,0.0
2007-05-09 00:00:00,0.044999998062849045
2007-05-10 00:00:00,0.0
2007-05-11 00:00:00,0.0
2007-05-12 00:00:00,0.0
2007-05-13 00:00:00,0.0
2007-05-14 00:00:00,0.0
2007-05-15 00:00:00,0.0
2007-05-16 00:00:00,0.0
2007-05-17 00:00:00,0.0
2007-05-18 00:00:00,0.0
2007-05-19 00:00:00,0.0
2007-05-20 00:00:00,0.0
2007-05-21 00:00:00,0.0
2007-05-22 00:00:00,0.0
2007-05-23 00:00:00,0.0
2007-05-24 00:00:00,0.0
2007-05-25 00:00:00,0.0
2007-05-26 00:00:00,0.0
2007-05-27 00:00:00,0.0
2007-05-28 00:00:00,0.0
2007-05-29 00:00:00,0.0
2007-05-30 00:00:00,0.0
2007-05-31 00:00:00,0.0
2007-06-01 00:00:00,0.0
2007-06-02 00:00:00,0.0
2007-06-03 00:00:00,0.0
2007-06-04 00:00:00,0.0
2007-06-05 00:00:00,0.0
2007-06-06 00:00:00,0.004999999888241291
2007-06-07 00:00:00,1.3599998950958252
2007-06-08 00:00:00,0.03500000014901161
2007-06-09 00:00:00,0.0
2007-06-10 00:00:00,0.0
2007-06-11 00:00:00,0.0
2007-06-12 00:00:00,0.0
2007-06-13 00:00:00,0.0
2007-06-14 00:00:00,0.0
2007-06-15 00:00:00,0.0
2007-06-16 00:00:00,0.0
2007-06-17 00:00:00,0.0
2007-06-18 00:00:00,0.0
2007-06-19 00:00:00,0.0
2007-06-20 00:00:00,0.0
2007-06-21 00:00:00,0.0
2007-06-22 00:00:00,0.0
2007-06-23 00:00:00,0.0
2007-06-24 00:00:00,0.04999999701976776
2007-06-25 00:00:00,0.004999999888241291
2007-06-26 00:00:00,0.029999997466802597
2007-06-27 00:00:00,0.0
2007-06-28 00:00:00,0.0
2007-06-29 00:00:00,0.0
2007-06-30 00:00:00,0.0
2007-07-01 00:00:00,0.0
2007-07-02 00:00:00,0.0
2007-07-03 00:00:00,0.0
2007-07-04 00:00:00,0.0
2007-07-05 00:00:00,0.0
2007-07-06 00:00:00,0.0
2007-07-07 00:00:00,0.0
2007-07-08 00:00:00,0.0
2007-07-09 00:00:00,0.0
2007-07-10 00:00:00,0.0
2007-07-11 00:00:00,0.0
2007-07-12 00:00:00,0.0
2007-07-13 00:00:00,0.0
2007-07-14 00:00:00,0.0
2007-07-15 00:00:00,0.0
2007-07-16 00:00:00,0.0
2007-07-17 00:00:00,0.0
2007-07-18 00:00:00,0.03999999910593033
2007-07-19 00:00:00,0.0
2007-07-20 00:00:00,0.0
2007-07-21 00:00:00,0.0
2007-07-22 00:00:00,0.0
2007-07-23 00:00:00,0.0
2007-07-24 00:00:00,0.0
2007-07-25 00:00:00,0.0
2007-07-26 00:00:00,0.0
2007-07-27 00:00:00,0.0
2007-07-28 00:00:00,0.0
2007-07-29 00:00:00,0.0
2007-07-30 00:00:00,4.289999485015869
2007-07-31 00:00:00,0.0
2007-08-01 00:00:00,0.13499999046325684
2007-08-02 00:00:00,0.0
2007-08-03 00:00:00,0.0
2007-08-04 00:00:00,0.0
2007-08-05 00:00:00,0.0
2007-08-06 00:00:00,0.0
2007-08-07 00:00:00,0.0
2007-08-08 00:00:00,0.009999999776482582
2007-08-09 00:00:00,0.5249999761581421
2007-08-10 00:00:00,0.0
2007-08-11 00:00:00,0.0
2007-08-12 00:00:00,0.0
2007-08-13 00:00:00,0.0
2007-08-14 00:00:00,0.0
2007-08-15 00:00:00,0.0
2007-08-16 00:00:00,0.0
2007-08-17 00:00:00,0.0
2007-08-18 00:00:00,0.0
2007-08-19 00:00:00,0.0
2007-08-20 00:00:00,0.0
2007-08-21 00:00:00,0.0
2007-08-22 00:00:00,0.0
2007-08-23 00:00:00,0.0
2007-08-24 00:00:00,0.0
2007-08-25 00:00:00,0.0
2007-08-26 00:00:00,0.0
2007-08-27 00:00:00,0.0
2007-08-28 00:00:00,0.0
2007-08-29 00:00:00,0.0
2007-08-30 00:00:00,0.0
2007-08-31 00:00:00,0.004999999888241291
2007-09-01 00:00:00,0.8999999761581421
2007-09-02 00:00:00,0.0
2007-09-03 00:00:00,0.0
2007-09-04 00:00:00,0.0
2007-09-05 00:00:00,0.12999999523162842
2007-09-06 00:00:00,0.004999999888241291
2007-09-07 00:00:00,0.28999999165534973
2007-09-08 00:00:00,0.03500000014901161
2007-09-09 00:00:00,0.23999997973442078
2007-09-10 00:00:00,0.0
2007-09-11 00:00:00,0.03999999910593033
2007-09-12 00:00:00,0.5999999642372131
2007-09-13 00:00:00,0.0
2007-09-14 00:00:00,0.3700000047683716
2007-09-15 00:00:00,0.46000000834465027
2007-09-16 00:00:00,0.19499999284744263
2007-09-17 00:00:00,0.0
2007-09-18 00:00:00,2.744999885559082
2007-09-19 00:00:00,0.014999999664723873
2007-09-20 00:00:00,0.22999998927116394
2007-09-21 00:00:00,0.8250000476837158
2007-09-22 00:00:00,0.809999942779541
2007-09-23 00:00:00,0.0
2007-09-24 00:00:00,2.4150002002716064
2007-09-25 00:00:00,0.1549999862909317
2007-09-26 00:00:00,0.10999999940395355
2007-09-27 00:00:00,0.004999999888241291
2007-09-28 00:00:00,6.225000381469727
2007-09-29 00:00:00,3.9149999618530273
2007-09-30 00:00:00,0.044999998062849045
2007-10-01 00:00:00,0.0
2007-10-02 00:00:00,0.0
2007-10-03 00:00:00,0.0
2007-10-04 00:00:00,0.0
2007-10-05 00:00:00,0.0
2007-10-06 00:00:00,0.0
2007-10-07 00:00:00,0.11499999463558197
2007-10-08 00:00:00,0.0
2007-10-09 00:00:00,0.0
2007-10-10 00:00:00,0.35999998450279236
2007-10-11 00:00:00,0.0
2007-10-12 00:00:00,0.0
2007-10-13 00:00:00,0.04999999701976776
2007-10-14 00:00:00,0.029999999329447746
2007-10-15 00:00:00,0.0
2007-10-16 00:00:00,0.6199999451637268
2007-10-17 00:00:00,0.0
2007-10-18 00:00:00,0.0
2007-10-19 00:00:00,0.0
2007-10-20 00:00:00,0.08499999344348907
2007-10-21 00:00:00,0.0
2007-10-22 00:00:00,0.0
2007-10-23 00:00:00,0.8949999809265137
2007-10-24 00:00:00,0.0
2007-10-25 00:00:00,0.0
2007-10-26 00:00:00,0.0
2007-10-27 00:00:00,0.0
2007-10-28 00:00:00,1.375
2007-10-29 00:00:00,3.7200000286102295
2007-10-30 00:00:00,1.7849998474121094
2007-10-31 00:00:00,0.0
2007-11-01 00:00:00,0.0
2007-11-02 00:00:00,0.0
2007-11-03 00:00:00,0.0
2007-11-04 00:00:00,0.14499999582767487
2007-11-05 00:00:00,0.0
2007-11-06 00:00:00,0.06499999761581421
2007-11-07 00:00:00,0.09999999403953552
2007-11-08 00:00:00,0.0
2007-11-09 00:00:00,0.0
2007-11-10 00:00:00,0.0
2007-11-11 00:00:00,0.0
2007-11-12 00:00:00,0.009999999776482582
2007-11-13 00:00:00,0.0
2007-11-14 00:00:00,0.029999999329447746
2007-11-15 00:00:00,0.29500001668930054
2007-11-16 00:00:00,4.404999732971191
2007-11-17 00:00:00,1.3100000619888306
2007-11-18 00:00:00,2.259999990463257
2007-11-19 00:00:00,7.974999904632568
2007-11-20 00:00:00,7.619998931884766
2007-11-21 00:00:00,4.125
2007-11-22 00:00:00,3.119999885559082
2007-11-23 00:00:00,2.565000057220459
2007-11-24 00:00:00,0.07000000029802322
2007-11-25 00:00:00,0.0
2007-11-26 00:00:00,0.0
2007-11-27 00:00:00,0.07999999821186066
2007-11-28 00:00:00,0.10500000417232513
2007-11-29 00:00:00,0.0
2007-11-30 00:00:00,0.02499999850988388
2007-12-01 00:00:00,3.3299994468688965
2007-12-02 00:00:00,0.22499999403953552
2007-12-03 00:00:00,6.899999618530273
2007-12-04 00:00:00,0.07999999821186066
2007-12-05 00:00:00,0.014999999664723873
2007-12-06 00:00:00,0.0
2007-12-07 00:00:00,0.0
2007-12-08 00:00:00,0.08999999612569809
2007-12-09 00:00:00,0.07499999552965164
2007-12-10 00:00:00,0.0
2007-12-11 00:00:00,0.35999998450279236
2007-12-12 00:00:00,0.11499999463558197
2007-12-13 00:00:00,0.004999999888241291
2007-12-14 00:00:00,0.044999998062849045
2007-12-15 00:00:00,1.3949999809265137
2007-12-16 00:00:00,6.635000228881836
2007-12-17 00:00:00,1.119999885559082
2007-12-18 00:00:00,0.8799998760223389
2007-12-19 00:00:00,0.17999999225139618
2007-12-20 00:00:00,4.229999542236328
2007-12-21 00:00:00,1.290000081062317
2007-12-22 00:00:00,0.14000000059604645
2007-12-23 00:00:00,0.0
2007-12-24 00:00:00,0.0
2007-12-25 00:00:00,0.0
2007-12-26 00:00:00,0.0
2007-12-27 00:00:00,0.0
2007-12-28 00:00:00,0.0
2007-12-29 00:00:00,0.0
2007-12-30 00:00:00,2.630000114440918
2007-12-31 00:00:00,0.8650000095367432
2008-01-01 00:00:00,4.449999809265137
2008-01-02 00:00:00,3.0249991416931152
2008-01-03 00:00:00,1.0199999809265137
2008-01-04 00:00:00,0.05999999865889549
2008-01-05 00:00:00,1.625
2008-01-06 00:00:00,0.815000057220459
2008-01-07 00:00:00,5.149999618530273
2008-01-08 00:00:00,10.74000072479248
2008-01-09 00:00:00,0.7749999761581421
2008-01-10 00:00:00,3.7150001525878906
2008-01-11 00:00:00,7.714999198913574
2008-01-12 00:00:00,4.740000247955322
2008-01-13 00:00:00,7.179999351501465
2008-01-14 00:00:00,2.200000047683716
2008-01-15 00:00:00,0.03999999910593033
2008-01-16 00:00:00,0.23999999463558197
2008-01-17 00:00:00,0.7799999713897705
2008-01-18 00:00:00,0.09499998390674591
2008-01-19 00:00:00,21.3799991607666
2008-01-20 00:00:00,7.989999771118164
2008-01-21 00:00:00,5.110000133514404
2008-01-22 00:00:00,5.764999866485596
2008-01-23 00:00:00,1.8249998092651367
2008-01-24 00:00:00,7.949999809265137
2008-01-25 00:00:00,7.59999942779541
2008-01-26 00:00:00,0.8549998998641968
2008-01-27 00:00:00,0.44999998807907104
2008-01-28 00:00:00,0.0
2008-01-29 00:00:00,2.629999876022339
2008-01-30 00:00:00,12.469999313354492
2008-01-31 00:00:00,0.2749999761581421
2008-02-01 00:00:00,0.0
2008-02-02 00:00:00,0.0
2008-02-03 00:00:00,15.485002517700195
2008-02-04 00:00:00,0.16999998688697815
2008-02-05 00:00:00,0.0
2008-02-06 00:00:00,6.559999465942383
2008-02-07 00:00:00,1.3399999141693115
2008-02-08 00:00:00,0.0
2008-02-09 00:00:00,0.0
2008-02-10 00:00:00,0.0
2008-02-11 00:00:00,0.0
2008-02-12 00:00:00,0.0
2008-02-13 00:00:00,0.07999999821186066
2008-02-14 00:00:00,0.0
2008-02-15 00:00:00,0.0
2008-02-16 00:00:00,0.4399999976158142
2008-02-17 00:00:00,0.08999999612569809
2008-02-18 00:00:00,0.0
2008-02-19 00:00:00,0.0
2008-02-20 00:00:00,1.8299999237060547
2008-02-21 00:00:00,0.4999999701976776
2008-02-22 00:00:00,4.069999694824219
2008-02-23 00:00:00,10.960000038146973
2008-02-24 00:00:00,0.35499998927116394
2008-02-25 00:00:00,3.690000534057617
2008-02-26 00:00:00,8.675000190734863
2008-02-27 00:00:00,0.8550000190734863
2008-02-28 00:00:00,0.5449999570846558
2008-02-29 00:00:00,0.0
2008-03-01 00:00:00,0.009999999776482582
2008-03-02 00:00:00,0.0
2008-03-03 00:00:00,0.11999999731779099
2008-03-04 00:00:00,6.109999656677246
2008-03-05 00:00:00,2.3849997520446777
2008-03-06 00:00:00,0.49000000953674316
2008-03-07 00:00:00,6.25
2008-03-08 00:00:00,7.669999122619629
2008-03-09 00:00:00,1.8349997997283936
2008-03-10 00:00:00,1.9449999332427979
2008-03-11 00:00:00,6.524999618530273
2008-03-12 00:00:00,4.02500057220459
2008-03-13 00:00:00,0.41999995708465576
2008-03-14 00:00:00,2.6999998092651367
2008-03-15 00:00:00,4.119999885559082
2008-03-16 00:00:00,0.0
2008-03-17 00:00:00,0.0
2008-03-18 00:00:00,0.0
2008-03-19 00:00:00,0.29999998211860657
2008-03-20 00:00:00,0.0
2008-03-21 00:00:00,0.0
2008-03-22 00:00:00,0.22999998927116394
2008-03-23 00:00:00,2.549999952316284
2008-03-24 00:00:00,11.999999046325684
2008-03-25 00:00:00,0.0
2008-03-26 00:00:00,0.0
2008-03-27 00:00:00,0.0
2008-03-28 00:00:00,0.11999998986721039
2008-03-29 00:00:00,2.804999828338623
2008-03-30 00:00:00,0.23999999463558197
2008-03-31 00:00:00,0.4699999988079071
2008-04-01 00:00:00,0.0
2008-04-02 00:00:00,0.10999999940395355
2008-04-03 00:00:00,0.0
2008-04-04 00:00:00,0.10999999940395355
2008-04-05 00:00:00,0.0
2008-04-06 00:00:00,0.0
2008-04-07 00:00:00,0.0
2008-04-08 00:00:00,0.0
2008-04-09 00:00:00,0.0
2008-04-10 00:00:00,0.9899999499320984
2008-04-11 00:00:00,0.17499999701976776
2008-04-12 00:00:00,0.875
2008-04-13 00:00:00,0.11999999731779099
2008-04-14 00:00:00,0.0
2008-04-15 00:00:00,0.0
2008-04-16 00:00:00,0.17499999701976776
2008-04-17 00:00:00,0.07500000298023224
2008-04-18 00:00:00,0.2849999964237213
2008-04-19 00:00:00,0.014999999664723873
2008-04-20 00:00:00,0.0
2008-04-21 00:00:00,0.0
2008-04-22 00:00:00,0.0
2008-04-23 00:00:00,0.0
2008-04-24 00:00:00,0.014999999664723873
2008-04-25 00:00:00,0.0
2008-04-26 00:00:00,0.0
2008-04-27 00:00:00,0.0
2008-04-28 00:00:00,0.004999999888241291
2008-04-29 00:00:00,0.02499999850988388
2008-04-30 00:00:00,0.0
2008-05-01 00:00:00,0.0
2008-05-02 00:00:00,0.0
2008-05-03 00:00:00,0.0
2008-05-04 00:00:00,0.0
2008-05-05 00:00:00,0.0
2008-05-06 00:00:00,0.0
2008-05-07 00:00:00,0.0
2008-05-08 00:00:00,0.0
2008-05-09 00:00:00,0.0
2008-05-10 00:00:00,0.0
2008-05-11 00:00:00,0.0
2008-05-12 00:00:00,0.06499999761581421
2008-05-13 00:00:00,0.0
2008-05-14 00:00:00,0.0
2008-05-15 00:00:00,0.0
2008-05-16 00:00:00,0.0
2008-05-17 00:00:00,0.0
2008-05-18 00:00:00,0.0
2008-05-19 00:00:00,0.0
2008-05-20 00:00:00,0.0
2008-05-21 00:00:00,0.0
2008-05-22 00:00:00,0.0
2008-05-23 00:00:00,0.0
2008-05-24 00:00:00,0.0
2008-05-25 00:00:00,0.0
2008-05-26 00:00:00,0.0
2008-05-27 00:00:00,0.0
2008-05-28 00:00:00,0.0
2008-05-29 00:00:00,0.0
2008-05-30 00:00:00,0.0
2008-05-31 00:00:00,0.0
2008-06-01 00:00:00,0.0
2008-06-02 00:00:00,0.0
2008-06-03 00:00:00,0.0
2008-06-04 00:00:00,0.0
2008-06-05 00:00:00,0.0
2008-06-06 00:00:00,0.0
2008-06-07 00:00:00,0.0
2008-06-08 00:00:00,0.0
2008-06-09 00:00:00,0.0
2008-06-10 00:00:00,0.0
2008-06-11 00:00:00,0.25
2008-06-12 00:00:00,0.0
2008-06-13 00:00:00,0.0
2008-06-14 00:00:00,0.0
2008-06-15 00:00:00,0.06499999761581421
2008-06-16 00:00:00,0.0
2008-06-17 00:00:00,0.14999999105930328
2008-06-18 00:00:00,0.08499999344348907
2008-06-19 00:00:00,0.0
2008-06-20 00:00:00,0.004999999888241291
2008-06-21 00:00:00,0.0
2008-06-22 00:00:00,0.0
2008-06-23 00:00:00,0.0
2008-06-24 00:00:00,0.0
2008-06-25 00:00:00,0.03500000014901161
2008-06-26 00:00:00,0.19999998807907104
2008-06-27 00:00:00,0.3149999976158142
2008-06-28 00:00:00,0.0
2008-06-29 00:00:00,0.0
2008-06-30 00:00:00,0.0
2008-07-01 00:00:00,0.0
2008-07-02 00:00:00,0.0
2008-07-03 00:00:00,0.0
2008-07-04 00:00:00,0.0
2008-07-06 00:00:00,0.0
2008-07-07 00:00:00,0.0
2008-07-08 00:00:00,0.0
2008-07-09 00:00:00,0.0
2008-07-10 00:00:00,0.0
2008-07-11 00:00:00,0.0
2008-07-12 00:00:00,0.0
2008-07-13 00:00:00,0.0
2008-07-14 00:00:00,0.0
2008-07-15 00:00:00,0.0
2008-07-16 00:00:00,0.0
2008-07-17 00:00:00,0.0
2008-07-18 00:00:00,0.0
2008-07-19 00:00:00,0.0
2008-07-20 00:00:00,0.0
2008-07-21 00:00:00,0.0
2008-07-22 00:00:00,0.0
2008-07-23 00:00:00,0.0
2008-07-24 00:00:00,0.0
2008-07-25 00:00:00,0.0
2008-07-26 00:00:00,0.0
2008-07-27 00:00:00,0.0
2008-07-28 00:00:00,0.044999998062849045
2008-07-29 00:00:00,0.29500001668930054
2008-07-30 00:00:00,0.2749999761581421
2008-07-31 00:00:00,0.029999999329447746
2008-08-01 00:00:00,0.0
2008-08-02 00:00:00,0.0
2008-08-03 00:00:00,0.0
2008-08-04 00:00:00,0.0
2008-08-05 00:00:00,0.0
2008-08-06 00:00:00,0.0
2008-08-07 00:00:00,0.6599999666213989
2008-08-08 00:00:00,2.5
2008-08-09 00:00:00,0.0
2008-08-10 00:00:00,0.0
2008-08-11 00:00:00,0.0
2008-08-12 00:00:00,0.0
2008-08-13 00:00:00,0.0
2008-08-14 00:00:00,0.0
2008-08-15 00:00:00,0.0
2008-08-16 00:00:00,0.0
2008-08-17 00:00:00,0.0
2008-08-18 00:00:00,0.0
2008-08-19 00:00:00,0.0
2008-08-20 00:00:00,0.0
2008-08-21 00:00:00,0.0
2008-08-22 00:00:00,0.0
2008-08-23 00:00:00,0.0
2008-08-24 00:00:00,0.0
2008-08-25 00:00:00,0.0
2008-08-26 00:00:00,0.0
2008-08-27 00:00:00,0.0
2008-08-28 00:00:00,0.0
2008-08-29 00:00:00,0.0
2008-08-30 00:00:00,0.0
2008-08-31 00:00:00,0.0
2008-09-01 00:00:00,0.0
2008-09-02 00:00:00,0.0
2008-09-03 00:00:00,0.0
2008-09-04 00:00:00,0.03500000014901161
2008-09-05 00:00:00,0.0
2008-09-06 00:00:00,0.0
2008-09-07 00:00:00,0.0
2008-09-08 00:00:00,0.0
2008-09-09 00:00:00,0.0
2008-09-10 00:00:00,0.0
2008-09-11 00:00:00,0.0
2008-09-12 00:00:00,0.0
2008-09-13 00:00:00,0.0
2008-09-14 00:00:00,0.009999999776482582
2008-09-15 00:00:00,0.014999999664723873
2008-09-16 00:00:00,0.0
2008-09-17 00:00:00,0.0
2008-09-18 00:00:00,0.0
2008-09-19 00:00:00,0.0
2008-09-20 00:00:00,0.0
2008-09-21 00:00:00,0.0
2008-09-22 00:00:00,0.0
2008-09-23 00:00:00,0.0
2008-09-24 00:00:00,0.0
2008-09-25 00:00:00,0.0
2008-09-26 00:00:00,0.0
2008-09-27 00:00:00,0.0
2008-09-28 00:00:00,0.0
2008-09-29 00:00:00,0.004999999888241291
2008-09-30 00:00:00,0.8249999284744263
2008-10-01 00:00:00,0.0
2008-10-02 00:00:00,0.0
2008-10-03 00:00:00,0.0
2008-10-04 00:00:00,0.3399999737739563
2008-10-05 00:00:00,0.004999999888241291
2008-10-06 00:00:00,0.0
2008-10-07 00:00:00,2.6050000190734863
2008-10-08 00:00:00,0.0
2008-10-09 00:00:00,0.0
2008-10-10 00:00:00,0.0
2008-10-11 00:00:00,0.0
2008-10-12 00:00:00,0.0
2008-10-13 00:00:00,0.0
2008-10-14 00:00:00,0.25999999046325684
2008-10-15 00:00:00,1.9699997901916504
2008-10-16 00:00:00,0.044999998062849045
2008-10-17 00:00:00,0.45499998331069946
2008-10-18 00:00:00,0.06499999761581421
2008-10-19 00:00:00,1.6649999618530273
2008-10-20 00:00:00,0.0
2008-10-21 00:00:00,0.0
2008-10-22 00:00:00,0.0
2008-10-23 00:00:00,0.0
2008-10-24 00:00:00,3.755000114440918
2008-10-25 00:00:00,0.11499999463558197
2008-10-26 00:00:00,0.0
2008-10-27 00:00:00,0.0
2008-10-28 00:00:00,0.0
2008-10-29 00:00:00,0.38999998569488525
2008-10-30 00:00:00,0.0
2008-10-31 00:00:00,0.14499999582767487
2008-11-01 00:00:00,0.02499999850988388
2008-11-02 00:00:00,0.0
2008-11-03 00:00:00,0.0
2008-11-04 00:00:00,0.0
2008-11-05 00:00:00,0.054999999701976776
2008-11-06 00:00:00,0.019999999552965164
2008-11-07 00:00:00,0.0
2008-11-08 00:00:00,0.0
2008-11-09 00:00:00,0.0
2008-11-10 00:00:00,0.0
2008-11-11 00:00:00,0.0
2008-11-12 00:00:00,0.0
2008-11-13 00:00:00,0.0
2008-11-14 00:00:00,1.059999942779541
2008-11-15 00:00:00,0.4050000309944153
2008-11-16 00:00:00,0.0
2008-11-17 00:00:00,0.0
2008-11-18 00:00:00,1.4950000047683716
2008-11-19 00:00:00,0.47999998927116394
2008-11-20 00:00:00,0.0
2008-11-21 00:00:00,0.0
2008-11-22 00:00:00,0.9650000333786011
2008-11-23 00:00:00,0.0
2008-11-24 00:00:00,0.14499999582767487
2008-11-25 00:00:00,0.699999988079071
2008-11-26 00:00:00,0.0
2008-11-27 00:00:00,0.14499999582767487
2008-11-28 00:00:00,0.7450000643730164
2008-11-29 00:00:00,0.3699999749660492
2008-11-30 00:00:00,1.0699999332427979
2008-12-01 00:00:00,0.014999999664723873
2008-12-02 00:00:00,0.0
2008-12-03 00:00:00,0.21000000834465027
2008-12-04 00:00:00,0.0
2008-12-05 00:00:00,0.0
2008-12-06 00:00:00,0.4099999666213989
2008-12-07 00:00:00,0.4949999749660492
2008-12-08 00:00:00,0.019999999552965164
2008-12-09 00:00:00,3.554999828338623
2008-12-10 00:00:00,2.245000123977661
2008-12-11 00:00:00,0.0949999988079071
2008-12-12 00:00:00,0.0
2008-12-13 00:00:00,0.3700000047683716
2008-12-14 00:00:00,0.7749999761581421
2008-12-15 00:00:00,0.0
2008-12-16 00:00:00,0.0
2008-12-17 00:00:00,1.5850000381469727
2008-12-18 00:00:00,1.559999704360962
2008-12-19 00:00:00,8.09999942779541
2008-12-20 00:00:00,13.530000686645508
2008-12-21 00:00:00,8.844999313354492
2008-12-22 00:00:00,1.2049999237060547
2008-12-23 00:00:00,7.104999542236328
2008-12-24 00:00:00,4.139999866485596
2008-12-25 00:00:00,5.6449995040893555
2008-12-26 00:00:00,4.664999961853027
2008-12-27 00:00:00,16.65999984741211
2008-12-28 00:00:00,9.414999008178711
2008-12-29 00:00:00,7.440000057220459
2008-12-30 00:00:00,5.434999942779541
2008-12-31 00:00:00,0.07999999821186066
2009-01-01 00:00:00,4.099999904632568
2009-01-02 00:00:00,9.725000381469727
2009-01-03 00:00:00,5.029999732971191
2009-01-04 00:00:00,0.0
2009-01-05 00:00:00,0.0
2009-01-06 00:00:00,0.02499999850988388
2009-01-07 00:00:00,0.304999977350235
2009-01-08 00:00:00,0.019999999552965164
2009-01-09 00:00:00,0.0
2009-01-10 00:00:00,3.0450000762939453
2009-01-11 00:00:00,5.210000038146973
2009-01-12 00:00:00,4.099999904632568
2009-01-13 00:00:00,8.75999927520752
2009-01-14 00:00:00,2.515000104904175
2009-01-15 00:00:00,4.174999713897705
2009-01-16 00:00:00,1.1850000619888306
2009-01-17 00:00:00,1.5499999523162842
2009-01-18 00:00:00,0.42000001668930054
2009-01-19 00:00:00,0.0
2009-01-20 00:00:00,0.6550000309944153
2009-01-21 00:00:00,0.0
2009-01-22 00:00:00,0.0
2009-01-23 00:00:00,4.875
2009-01-24 00:00:00,0.054999999701976776
2009-01-25 00:00:00,0.2199999988079071
2009-01-26 00:00:00,0.0
2009-01-27 00:00:00,1.584999918937683
2009-01-28 00:00:00,3.069999933242798
2009-01-29 00:00:00,3.3400001525878906
2009-01-30 00:00:00,0.0
2009-01-31 00:00:00,0.0
2009-02-01 00:00:00,0.9900000095367432
2009-02-02 00:00:00,0.32499998807907104
2009-02-03 00:00:00,5.424999713897705
2009-02-04 00:00:00,0.07000000029802322
2009-02-05 00:00:00,4.539999485015869
2009-02-06 00:00:00,7.340000152587891
2009-02-07 00:00:00,25.204999923706055
2009-02-08 00:00:00,10.71500015258789
2009-02-09 00:00:00,11.369998931884766
2009-02-10 00:00:00,2.9149999618530273
2009-02-11 00:00:00,1.8450000286102295
2009-02-12 00:00:00,2.5199999809265137
2009-02-13 00:00:00,0.0
2009-02-14 00:00:00,0.0
2009-02-15 00:00:00,0.11499999463558197
2009-02-16 00:00:00,0.0
2009-02-17 00:00:00,0.0
2009-02-18 00:00:00,2.499999761581421
2009-02-19 00:00:00,18.889999389648438
2009-02-20 00:00:00,1.2699999809265137
2009-02-21 00:00:00,0.11499999463558197
2009-02-22 00:00:00,0.044999998062849045
2009-02-23 00:00:00,0.6499999761581421
2009-02-24 00:00:00,2.0450000762939453
2009-02-25 00:00:00,8.59000015258789
2009-02-26 00:00:00,10.90999984741211
2009-02-27 00:00:00,1.9049999713897705
2009-02-28 00:00:00,5.299999713897705
2009-03-01 00:00:00,12.134998321533203
2009-03-02 00:00:00,11.274999618530273
2009-03-03 00:00:00,23.80500030517578
2009-03-04 00:00:00,21.654998779296875
2009-03-05 00:00:00,1.2549999952316284
2009-03-06 00:00:00,1.2300000190734863
2009-03-07 00:00:00,2.3299999237060547
2009-03-08 00:00:00,3.059999942779541
2009-03-09 00:00:00,0.17999999225139618
2009-03-10 00:00:00,0.13499999046325684
2009-03-11 00:00:00,0.08999999612569809
2009-03-12 00:00:00,0.054999999701976776
2009-03-13 00:00:00,0.0
2009-03-14 00:00:00,0.0
2009-03-15 00:00:00,0.17499999701976776
2009-03-16 00:00:00,0.0
2009-03-17 00:00:00,0.20500001311302185
2009-03-18 00:00:00,0.5849999785423279
2009-03-19 00:00:00,0.04999999701976776
2009-03-20 00:00:00,0.8650000095367432
2009-03-21 00:00:00,4.380000114440918
2009-03-22 00:00:00,0.22500000894069672
2009-03-23 00:00:00,0.0
2009-03-24 00:00:00,0.19500002264976501
2009-03-25 00:00:00,0.0
2009-03-26 00:00:00,0.1599999964237213
2009-03-27 00:00:00,0.0
2009-03-28 00:00:00,0.0
2009-03-29 00:00:00,0.0
2009-03-30 00:00:00,0.0
2009-03-31 00:00:00,0.8500000238418579
2009-04-01 00:00:00,0.45499998331069946
2009-04-02 00:00:00,1.125
2009-04-03 00:00:00,0.0
2009-04-04 00:00:00,0.0
2009-04-05 00:00:00,0.0
2009-04-06 00:00:00,0.0
2009-04-07 00:00:00,0.0
2009-04-08 00:00:00,0.4249998927116394
2009-04-09 00:00:00,7.375
2009-04-10 00:00:00,8.295000076293945
2009-04-11 00:00:00,4.574999809265137
2009-04-12 00:00:00,3.7800002098083496
2009-04-13 00:00:00,0.8400000929832458
2009-04-14 00:00:00,0.07499999552965164
2009-04-15 00:00:00,0.0
2009-04-16 00:00:00,0.0
2009-04-17 00:00:00,0.0
2009-04-18 00:00:00,0.0
2009-04-19 00:00:00,0.0
2009-04-20 00:00:00,0.0
2009-04-21 00:00:00,0.0
2009-04-22 00:00:00,1.6099998950958252
2009-04-23 00:00:00,0.0
2009-04-24 00:00:00,0.0
2009-04-25 00:00:00,0.0
2009-04-26 00:00:00,0.0
2009-04-27 00:00:00,0.0
2009-04-28 00:00:00,0.0
2009-04-29 00:00:00,0.0
2009-04-30 00:00:00,0.0
2009-05-01 00:00:00,0.0
2009-05-02 00:00:00,0.0
2009-05-03 00:00:00,0.0
2009-05-04 00:00:00,0.0
2009-05-05 00:00:00,0.0
2009-05-06 00:00:00,0.0
2009-05-07 00:00:00,0.0
2009-05-08 00:00:00,0.06499999761581421
2009-05-09 00:00:00,0.0
2009-05-10 00:00:00,0.0
2009-05-11 00:00:00,0.0
2009-05-12 00:00:00,0.11499999463558197
2009-05-13 00:00:00,0.12999999523162842
2009-05-14 00:00:00,0.0
2009-05-15 00:00:00,0.0
2009-05-16 00:00:00,0.0
2009-05-17 00:00:00,0.0
2009-05-18 00:00:00,0.0
2009-05-19 00:00:00,0.0
2009-05-20 00:00:00,0.0
2009-05-21 00:00:00,0.0
2009-05-22 00:00:00,0.0
2009-05-23 00:00:00,0.0
2009-05-24 00:00:00,0.0
2009-05-25 00:00:00,0.0
2009-05-26 00:00:00,0.0
2009-05-27 00:00:00,0.0
2009-05-28 00:00:00,0.014999999664723873
2009-05-29 00:00:00,0.1599999964237213
2009-05-30 00:00:00,0.0
2009-05-31 00:00:00,0.0
2009-06-01 00:00:00,0.0
2009-06-02 00:00:00,0.0
2009-06-03 00:00:00,0.0
2009-06-04 00:00:00,0.0
2009-06-05 00:00:00,0.0
2009-06-06 00:00:00,0.0
2009-06-07 00:00:00,0.0
2009-06-08 00:00:00,0.0
2009-06-09 00:00:00,0.0
2009-06-10 00:00:00,0.0
2009-06-11 00:00:00,0.0
2009-06-12 00:00:00,0.0
2009-06-13 00:00:00,0.0
2009-06-14 00:00:00,0.0
2009-06-15 00:00:00,0.9149999618530273
2009-06-16 00:00:00,0.0
2009-06-17 00:00:00,0.0
2009-06-18 00:00:00,0.0
2009-06-19 00:00:00,0.0
2009-06-20 00:00:00,0.0
2009-06-21 00:00:00,0.0
2009-06-22 00:00:00,0.0
2009-06-23 00:00:00,0.0
2009-06-24 00:00:00,0.02499999850988388
2009-06-25 00:00:00,0.0
2009-06-26 00:00:00,0.0
2009-06-27 00:00:00,0.0
2009-06-28 00:00:00,0.0
2009-06-29 00:00:00,0.0
2009-06-30 00:00:00,0.0
2009-07-01 00:00:00,0.0
2009-07-02 00:00:00,0.0
2009-07-03 00:00:00,0.0
2009-07-04 00:00:00,0.0
2009-07-05 00:00:00,0.004999999888241291
2009-07-06 00:00:00,0.0
2009-07-07 00:00:00,0.0
2009-07-08 00:00:00,0.0
2009-07-09 00:00:00,0.0
2009-07-10 00:00:00,0.0
2009-07-11 00:00:00,0.0
2009-07-12 00:00:00,0.0
2009-07-13 00:00:00,0.0
2009-07-14 00:00:00,0.4350000023841858
2009-07-15 00:00:00,0.5349999666213989
2009-07-16 00:00:00,0.0
2009-07-17 00:00:00,0.0
2009-07-18 00:00:00,0.0
2009-07-19 00:00:00,0.0
2009-07-20 00:00:00,9.420000076293945
2009-07-21 00:00:00,0.0
2009-07-22 00:00:00,0.0
2009-07-23 00:00:00,0.0
2009-07-24 00:00:00,0.0
2009-07-25 00:00:00,0.0
2009-07-26 00:00:00,2.4600000381469727
2009-07-27 00:00:00,1.3749998807907104
2009-07-28 00:00:00,0.0
2009-07-29 00:00:00,0.0
2009-07-30 00:00:00,0.0
2009-07-31 00:00:00,0.0
2009-08-01 00:00:00,0.0
2009-08-02 00:00:00,0.0
2009-08-03 00:00:00,0.0
2009-08-04 00:00:00,0.0
2009-08-05 00:00:00,0.0
2009-08-06 00:00:00,0.0
2009-08-07 00:00:00,0.0
2009-08-08 00:00:00,0.009999999776482582
2009-08-09 00:00:00,0.0
2009-08-10 00:00:00,0.0
2009-08-11 00:00:00,0.0
2009-08-12 00:00:00,0.0
2009-08-13 00:00:00,0.0
2009-08-14 00:00:00,0.0
2009-08-15 00:00:00,0.0
2009-08-16 00:00:00,0.019999999552965164
2009-08-17 00:00:00,0.0
2009-08-18 00:00:00,0.0
2009-08-19 00:00:00,0.0
2009-08-20 00:00:00,0.0
2009-08-21 00:00:00,0.0
2009-08-22 00:00:00,0.0
2009-08-23 00:00:00,0.0
2009-08-24 00:00:00,0.004999999888241291
2009-08-25 00:00:00,0.0
2009-08-26 00:00:00,0.0
2009-08-27 00:00:00,0.0
2009-08-28 00:00:00,0.0
2009-08-29 00:00:00,0.0
2009-08-30 00:00:00,0.0
2009-08-31 00:00:00,0.0
2009-09-01 00:00:00,0.10500000417232513
2009-09-02 00:00:00,0.625
2009-09-03 00:00:00,0.0
2009-09-04 00:00:00,0.004999999888241291
2009-09-05 00:00:00,0.0
2009-09-06 00:00:00,0.0
2009-09-07 00:00:00,0.0
2009-09-08 00:00:00,0.0
2009-09-09 00:00:00,0.0
2009-09-10 00:00:00,0.0
2009-09-11 00:00:00,0.0
2009-09-12 00:00:00,0.0
2009-09-13 00:00:00,0.0
2009-09-14 00:00:00,0.0
2009-09-15 00:00:00,0.014999999664723873
2009-09-16 00:00:00,0.004999999888241291
2009-09-17 00:00:00,0.6699999570846558
2009-09-18 00:00:00,0.0
2009-09-19 00:00:00,0.08999999612569809
2009-09-20 00:00:00,0.0
2009-09-21 00:00:00,0.0
2009-09-22 00:00:00,0.029999999329447746
2009-09-23 00:00:00,0.0
2009-09-24 00:00:00,0.0
2009-09-25 00:00:00,0.0
2009-09-26 00:00:00,0.0
2009-09-27 00:00:00,0.0
2009-09-28 00:00:00,0.0
2009-09-29 00:00:00,2.614999771118164
2009-09-30 00:00:00,0.17499999701976776
2009-10-01 00:00:00,0.0
2009-10-02 00:00:00,0.0
2009-10-03 00:00:00,0.0
2009-10-04 00:00:00,0.0
2009-10-05 00:00:00,0.0
2009-10-06 00:00:00,0.0
2009-10-07 00:00:00,0.0
2009-10-08 00:00:00,0.0
2009-10-09 00:00:00,0.0
2009-10-10 00:00:00,0.0
2009-10-11 00:00:00,0.0
2009-10-12 00:00:00,0.0
2009-10-13 00:00:00,0.0
2009-10-14 00:00:00,0.0
2009-10-15 00:00:00,0.0
2009-10-16 00:00:00,0.0
2009-10-17 00:00:00,0.03999999910593033
2009-10-18 00:00:00,0.03500000014901161
2009-10-19 00:00:00,0.10500000417232513
2009-10-20 00:00:00,0.0
2009-10-21 00:00:00,0.0
2009-10-22 00:00:00,0.0
2009-10-23 00:00:00,2.924999952316284
2009-10-24 00:00:00,4.039999485015869
2009-10-25 00:00:00,0.5699999928474426
2009-10-26 00:00:00,0.3749999701976776
2009-10-27 00:00:00,0.0
2009-10-28 00:00:00,0.0
2009-10-29 00:00:00,0.0
2009-10-30 00:00:00,0.0
2009-10-31 00:00:00,0.0
2009-11-01 00:00:00,0.0
2009-11-02 00:00:00,0.1899999976158142
2009-11-03 00:00:00,0.0
2009-11-04 00:00:00,0.0
2009-11-05 00:00:00,0.0
2009-11-06 00:00:00,0.0
2009-11-07 00:00:00,0.0
2009-11-08 00:00:00,0.0
2009-11-09 00:00:00,0.0
2009-11-10 00:00:00,0.0
2009-11-11 00:00:00,4.109999656677246
2009-11-12 00:00:00,3.244999885559082
2009-11-13 00:00:00,3.0299999713897705
2009-11-14 00:00:00,3.6499996185302734
2009-11-15 00:00:00,1.5399997234344482
2009-11-16 00:00:00,0.6499999761581421
2009-11-17 00:00:00,2.2950000762939453
2009-11-18 00:00:00,5.674999713897705
2009-11-19 00:00:00,2.2200000286102295
2009-11-20 00:00:00,3.125
2009-11-21 00:00:00,0.4699999690055847
2009-11-22 00:00:00,0.08999999612569809
2009-11-23 00:00:00,0.4599999785423279
2009-11-24 00:00:00,9.130000114440918
2009-11-25 00:00:00,2.2899999618530273
2009-11-26 00:00:00,1.75
2009-11-27 00:00:00,2.56499981880188
2009-11-28 00:00:00,2.625
2009-11-29 00:00:00,2.5299999713897705
2009-11-30 00:00:00,2.2649998664855957
2009-12-01 00:00:00,8.594999313354492
2009-12-02 00:00:00,0.625
2009-12-03 00:00:00,0.2849999964237213
2009-12-04 00:00:00,0.0
2009-12-05 00:00:00,0.07999999821186066
2009-12-06 00:00:00,0.0
2009-12-07 00:00:00,0.0
2009-12-08 00:00:00,0.004999999888241291
2009-12-09 00:00:00,4.404999732971191
2009-12-10 00:00:00,2.7799999713897705
2009-12-11 00:00:00,0.4449999928474426
2009-12-12 00:00:00,0.0
2009-12-13 00:00:00,0.0
2009-12-14 00:00:00,0.0
2009-12-15 00:00:00,0.10999999940395355
2009-12-16 00:00:00,0.5149999856948853
2009-12-17 00:00:00,4.044999599456787
2009-12-18 00:00:00,2.004999876022339
2009-12-19 00:00:00,13.4350004196167
2009-12-20 00:00:00,6.419999599456787
2009-12-21 00:00:00,6.484999656677246
2009-12-22 00:00:00,3.4699997901916504
2009-12-23 00:00:00,6.755000114440918
2009-12-24 00:00:00,18.334997177124023
2009-12-25 00:00:00,7.194999694824219
2009-12-26 00:00:00,5.340000152587891
2009-12-27 00:00:00,1.7899999618530273
2009-12-28 00:00:00,6.434999942779541
2009-12-29 00:00:00,3.3949999809265137
2009-12-30 00:00:00,1.9399999380111694
2009-12-31 00:00:00,0.4650000035762787
2010-01-01 00:00:00,0.0
2010-01-02 00:00:00,0.6549999713897705
2010-01-03 00:00:00,9.504999160766602
2010-01-04 00:00:00,5.924999713897705
2010-01-05 00:00:00,0.6749999523162842
2010-01-06 00:00:00,3.0099997520446777
2010-01-07 00:00:00,1.5150001049041748
2010-01-08 00:00:00,6.909998893737793
2010-01-09 00:00:00,6.690000534057617
2010-01-10 00:00:00,4.994999885559082
2010-01-11 00:00:00,0.12999999523162842
2010-01-12 00:00:00,16.915000915527344
2010-01-13 00:00:00,10.59999942779541
2010-01-14 00:00:00,0.7149999737739563
2010-01-15 00:00:00,2.440000295639038
2010-01-16 00:00:00,2.055000066757202
2010-01-17 00:00:00,5.114999771118164
2010-01-18 00:00:00,3.3899998664855957
2010-01-19 00:00:00,0.009999999776482582
2010-01-20 00:00:00,0.0
2010-01-21 00:00:00,0.4950000047683716
2010-01-22 00:00:00,2.989999771118164
2010-01-23 00:00:00,2.18999981880188
2010-01-24 00:00:00,4.869999408721924
2010-01-25 00:00:00,4.074999809265137
2010-01-26 00:00:00,0.5549999475479126
2010-01-27 00:00:00,0.26499998569488525
2010-01-28 00:00:00,16.73499870300293
2010-01-29 00:00:00,3.635000228881836
2010-01-30 00:00:00,3.5849995613098145
2010-01-31 00:00:00,6.279999732971191
2010-02-01 00:00:00,5.4449992179870605
2010-02-02 00:00:00,1.1150000095367432
2010-02-03 00:00:00,0.0
2010-02-04 00:00:00,0.029999999329447746
2010-02-05 00:00:00,1.429999828338623
2010-02-06 00:00:00,1.5649999380111694
2010-02-07 00:00:00,0.10500000417232513
2010-02-08 00:00:00,0.5600000023841858
2010-02-09 00:00:00,4.884999752044678
2010-02-10 00:00:00,0.0
2010-02-11 00:00:00,0.009999999776482582
2010-02-12 00:00:00,0.06499999761581421
2010-02-13 00:00:00,0.0
2010-02-14 00:00:00,0.10500000417232513
2010-02-15 00:00:00,2.0199999809265137
2010-02-16 00:00:00,0.5649999976158142
2010-02-17 00:00:00,0.5549999475479126
2010-02-18 00:00:00,5.0199995040893555
2010-02-19 00:00:00,12.394998550415039
2010-02-20 00:00:00,5.950000286102295
2010-02-21 00:00:00,22.979999542236328
2010-02-22 00:00:00,6.289999961853027
2010-02-23 00:00:00,13.975000381469727
2010-02-24 00:00:00,5.944999694824219
2010-02-25 00:00:00,2.544999837875366
2010-02-26 00:00:00,15.129999160766602
2010-02-27 00:00:00,7.310000419616699
2010-02-28 00:00:00,7.520000457763672
2010-03-01 00:00:00,1.6749999523162842
2010-03-02 00:00:00,4.8949995040893555
2010-03-03 00:00:00,8.629999160766602
2010-03-04 00:00:00,1.2349998950958252
2010-03-05 00:00:00,1.1649999618530273
2010-03-06 00:00:00,0.0
2010-03-07 00:00:00,0.0
2010-03-08 00:00:00,0.0
2010-03-09 00:00:00,0.0
2010-03-10 00:00:00,0.0
2010-03-11 00:00:00,2.4600000381469727
2010-03-12 00:00:00,3.4749999046325684
2010-03-13 00:00:00,0.0
2010-03-14 00:00:00,0.0
2010-03-15 00:00:00,0.0
2010-03-16 00:00:00,0.07999999821186066
2010-03-17 00:00:00,1.239999771118164
2010-03-18 00:00:00,0.004999999888241291
2010-03-19 00:00:00,1.1749999523162842
2010-03-20 00:00:00,1.840000033378601
2010-03-21 00:00:00,1.0399998426437378
2010-03-22 00:00:00,0.0
2010-03-23 00:00:00,0.0
2010-03-24 00:00:00,0.0
2010-03-25 00:00:00,0.0
2010-03-26 00:00:00,0.0
2010-03-27 00:00:00,0.009999999776482582
2010-03-28 00:00:00,6.1050004959106445
2010-03-29 00:00:00,0.8350000381469727
2010-03-30 00:00:00,1.625
2010-03-31 00:00:00,0.0
2010-04-01 00:00:00,0.0
2010-04-02 00:00:00,0.0
2010-04-03 00:00:00,0.0
2010-04-04 00:00:00,0.0
2010-04-05 00:00:00,0.16999998688697815
2010-04-06 00:00:00,0.2449999898672104
2010-04-07 00:00:00,0.4749999940395355
2010-04-08 00:00:00,1.4700000286102295
2010-04-09 00:00:00,0.8450000286102295
2010-04-10 00:00:00,0.5949999690055847
2010-04-11 00:00:00,0.0
2010-04-12 00:00:00,0.0
2010-04-13 00:00:00,0.009999999776482582
2010-04-14 00:00:00,0.019999999552965164
2010-04-15 00:00:00,0.0
2010-04-16 00:00:00,0.0
2010-04-17 00:00:00,0.5499999523162842
2010-04-18 00:00:00,5.755000114440918
2010-04-19 00:00:00,1.940000057220459
2010-04-20 00:00:00,3.4049999713897705
2010-04-21 00:00:00,1.350000023841858
2010-04-22 00:00:00,0.45500001311302185
2010-04-23 00:00:00,0.0
2010-04-24 00:00:00,0.0
2010-04-25 00:00:00,0.0
2010-04-26 00:00:00,0.0
2010-04-27 00:00:00,0.0
2010-04-28 00:00:00,0.0
2010-04-29 00:00:00,0.0
2010-04-30 00:00:00,1.5799999237060547
2010-05-01 00:00:00,0.869999885559082
2010-05-02 00:00:00,0.0
2010-05-03 00:00:00,0.0
2010-05-04 00:00:00,0.0
2010-05-05 00:00:00,0.0
2010-05-06 00:00:00,0.0
2010-05-07 00:00:00,0.0
2010-05-08 00:00:00,0.0
2010-05-09 00:00:00,0.0
2010-05-10 00:00:00,0.0
2010-05-11 00:00:00,0.0
2010-05-12 00:00:00,0.0
2010-05-13 00:00:00,0.0
2010-05-14 00:00:00,0.3499999940395355
2010-05-15 00:00:00,0.0
2010-05-16 00:00:00,0.29999998211860657
2010-05-17 00:00:00,0.0
2010-05-18 00:00:00,0.0
2010-05-19 00:00:00,0.0
2010-05-20 00:00:00,0.0
2010-05-21 00:00:00,0.0
2010-05-22 00:00:00,0.0
2010-05-23 00:00:00,1.9799998998641968
2010-05-24 00:00:00,2.75
2010-05-25 00:00:00,0.0
2010-05-26 00:00:00,0.9049999713897705
2010-05-27 00:00:00,3.7750000953674316
2010-05-28 00:00:00,0.29500001668930054
2010-05-29 00:00:00,0.0
2010-05-30 00:00:00,0.0
2010-05-31 00:00:00,0.0
2010-06-01 00:00:00,0.014999999664723873
2010-06-02 00:00:00,0.0
2010-06-03 00:00:00,0.0
2010-06-04 00:00:00,0.0
2010-06-05 00:00:00,0.0
2010-06-06 00:00:00,0.0
2010-06-07 00:00:00,0.4350000023841858
2010-06-08 00:00:00,0.0
2010-06-09 00:00:00,0.0
2010-06-10 00:00:00,0.0
2010-06-11 00:00:00,0.0
2010-06-12 00:00:00,0.0
2010-06-13 00:00:00,0.0
2010-06-14 00:00:00,0.0
2010-06-15 00:00:00,0.0
2010-06-16 00:00:00,0.0
2010-06-17 00:00:00,0.0
2010-06-18 00:00:00,0.0
2010-06-19 00:00:00,0.0
2010-06-20 00:00:00,0.0
2010-06-21 00:00:00,0.0
2010-06-22 00:00:00,0.0
2010-06-23 00:00:00,0.0
2010-06-24 00:00:00,0.0
2010-06-25 00:00:00,0.0
2010-06-26 00:00:00,0.0
2010-06-27 00:00:00,0.0
2010-06-28 00:00:00,0.1850000023841858
2010-06-29 00:00:00,0.0
2010-06-30 00:00:00,0.0
2010-07-01 00:00:00,0.0
2010-07-02 00:00:00,0.0
2010-07-03 00:00:00,0.0
2010-07-04 00:00:00,0.0
2010-07-05 00:00:00,0.0
2010-07-06 00:00:00,0.0
2010-07-07 00:00:00,0.0
2010-07-08 00:00:00,0.0
2010-07-09 00:00:00,0.0
2010-07-10 00:00:00,0.0
2010-07-11 00:00:00,0.0
2010-07-12 00:00:00,0.0
2010-07-13 00:00:00,0.0
2010-07-14 00:00:00,0.0
2010-07-15 00:00:00,0.0
2010-07-16 00:00:00,0.0
2010-07-17 00:00:00,0.0
2010-07-18 00:00:00,0.0
2010-07-19 00:00:00,0.0
2010-07-20 00:00:00,0.0
2010-07-21 00:00:00,0.0
2010-07-22 00:00:00,0.0
2010-07-23 00:00:00,0.0
2010-07-24 00:00:00,0.0
2010-07-25 00:00:00,0.0
2010-07-26 00:00:00,0.0
2010-07-27 00:00:00,0.0
2010-07-28 00:00:00,0.0
2010-07-29 00:00:00,0.0
2010-07-30 00:00:00,0.0
2010-07-31 00:00:00,0.0
2010-08-01 00:00:00,0.0
2010-08-02 00:00:00,0.044999998062849045
2010-08-03 00:00:00,0.009999999776482582
2010-08-04 00:00:00,1.2899998426437378
2010-08-05 00:00:00,0.0
2010-08-06 00:00:00,0.0
2010-08-07 00:00:00,0.0
2010-08-08 00:00:00,0.0
2010-08-09 00:00:00,0.0
2010-08-10 00:00:00,0.0
2010-08-11 00:00:00,0.0
2010-08-12 00:00:00,0.0
2010-08-13 00:00:00,0.0
2010-08-14 00:00:00,0.0
2010-08-15 00:00:00,0.0
2010-08-16 00:00:00,0.0
2010-08-17 00:00:00,0.0
2010-08-18 00:00:00,0.0
2010-08-19 00:00:00,0.029999997466802597
2010-08-20 00:00:00,0.0
2010-08-21 00:00:00,0.0
2010-08-22 00:00:00,0.0
2010-08-23 00:00:00,0.0
2010-08-24 00:00:00,0.0
2010-08-25 00:00:00,0.0
2010-08-26 00:00:00,0.0
2010-08-27 00:00:00,0.0
2010-08-28 00:00:00,0.0
2010-08-29 00:00:00,0.0
2010-08-30 00:00:00,0.0
2010-08-31 00:00:00,0.0
2010-09-01 00:00:00,0.10500000417232513
2010-09-02 00:00:00,1.1449999809265137
2010-09-03 00:00:00,0.0
2010-09-04 00:00:00,0.0
2010-09-05 00:00:00,0.0
2010-09-06 00:00:00,0.0
2010-09-07 00:00:00,0.0
2010-09-08 00:00:00,0.0
2010-09-09 00:00:00,0.0
2010-09-10 00:00:00,0.0
2010-09-11 00:00:00,1.7049999237060547
2010-09-12 00:00:00,0.009999999776482582
2010-09-13 00:00:00,0.0
2010-09-14 00:00:00,0.014999999664723873
2010-09-15 00:00:00,0.0
2010-09-16 00:00:00,0.0
2010-09-17 00:00:00,0.0
2010-09-18 00:00:00,0.0
2010-09-19 00:00:00,0.0
2010-09-20 00:00:00,0.0
2010-09-21 00:00:00,0.0
2010-09-22 00:00:00,0.0
2010-09-23 00:00:00,0.0
2010-09-24 00:00:00,0.0
2010-09-25 00:00:00,0.0
2010-09-26 00:00:00,0.0
2010-09-27 00:00:00,0.0
2010-09-28 00:00:00,0.0
2010-09-29 00:00:00,0.0
2010-09-30 00:00:00,0.0
2010-10-01 00:00:00,0.0
2010-10-02 00:00:00,0.0
2010-10-03 00:00:00,0.41499996185302734
2010-10-04 00:00:00,0.0
2010-10-05 00:00:00,0.0
2010-10-06 00:00:00,0.0
2010-10-07 00:00:00,0.0
2010-10-08 00:00:00,0.0
2010-10-09 00:00:00,0.004999999888241291
2010-10-10 00:00:00,0.8949999809265137
2010-10-11 00:00:00,10.979999542236328
2010-10-12 00:00:00,3.950000286102295
2010-10-13 00:00:00,0.7299999594688416
2010-10-14 00:00:00,0.0
2010-10-15 00:00:00,0.0
2010-10-16 00:00:00,0.14499999582767487
2010-10-17 00:00:00,0.0
2010-10-18 00:00:00,0.0
2010-10-19 00:00:00,0.0
2010-10-20 00:00:00,1.744999885559082
2010-10-21 00:00:00,0.6150000095367432
2010-10-22 00:00:00,0.3150000274181366
2010-10-23 00:00:00,0.0
2010-10-24 00:00:00,0.10999999940395355
2010-10-25 00:00:00,0.0
2010-10-26 00:00:00,0.03999999910593033
2010-10-27 00:00:00,0.0
2010-10-28 00:00:00,0.0
2010-10-29 00:00:00,0.0
2010-10-30 00:00:00,0.0
2010-10-31 00:00:00,0.08999999612569809
2010-11-01 00:00:00,0.0
2010-11-02 00:00:00,0.0
2010-11-03 00:00:00,0.0
2010-11-04 00:00:00,0.0
2010-11-05 00:00:00,0.0
2010-11-06 00:00:00,0.0
2010-11-07 00:00:00,0.0
2010-11-08 00:00:00,0.0
2010-11-09 00:00:00,0.0
2010-11-10 00:00:00,0.304999977350235
2010-11-11 00:00:00,0.445000022649765
2010-11-12 00:00:00,0.0
2010-11-13 00:00:00,0.0
2010-11-14 00:00:00,0.0
2010-11-15 00:00:00,0.0
2010-11-16 00:00:00,0.0
2010-11-17 00:00:00,0.0
2010-11-18 00:00:00,0.0
2010-11-19 00:00:00,0.0
2010-11-20 00:00:00,0.0
2010-11-21 00:00:00,0.0
2010-11-22 00:00:00,0.0
2010-11-23 00:00:00,0.019999999552965164
2010-11-24 00:00:00,0.0
2010-11-25 00:00:00,0.0
2010-11-26 00:00:00,0.0949999988079071
2010-11-27 00:00:00,0.0
2010-11-28 00:00:00,0.0
2010-11-29 00:00:00,0.08999999612569809
2010-11-30 00:00:00,0.31999996304512024
2010-12-01 00:00:00,0.004999999888241291
2010-12-02 00:00:00,0.004999999888241291
2010-12-03 00:00:00,0.1599999964237213
2010-12-04 00:00:00,0.0
2010-12-05 00:00:00,10.5
2010-12-06 00:00:00,3.065000057220459
2010-12-07 00:00:00,0.0
2010-12-08 00:00:00,0.004999999888241291
2010-12-09 00:00:00,0.004999999888241291
2010-12-10 00:00:00,0.1249999925494194
2010-12-11 00:00:00,0.3349999785423279
2010-12-12 00:00:00,0.25999999046325684
2010-12-13 00:00:00,0.7350000143051147
2010-12-14 00:00:00,0.0
2010-12-15 00:00:00,0.0
2010-12-16 00:00:00,0.08499999344348907
2010-12-17 00:00:00,0.6199999451637268
2010-12-18 00:00:00,0.0
2010-12-19 00:00:00,0.3349999785423279
2010-12-20 00:00:00,0.5799999833106995
2010-12-21 00:00:00,8.579999923706055
2010-12-22 00:00:00,5.690000057220459
2010-12-23 00:00:00,5.059999942779541
2010-12-24 00:00:00,0.22999998927116394
2010-12-25 00:00:00,12.479997634887695
2010-12-26 00:00:00,8.5
2010-12-27 00:00:00,4.260000228881836
2010-12-28 00:00:00,5.345000267028809
2010-12-29 00:00:00,4.180000305175781
2010-12-30 00:00:00,0.9099999666213989
2010-12-31 00:00:00,0.1850000023841858
2011-01-01 00:00:00,0.24500000476837158
2011-01-02 00:00:00,0.32499998807907104
2011-01-03 00:00:00,0.0
2011-01-04 00:00:00,0.0
2011-01-05 00:00:00,0.0
2011-01-06 00:00:00,0.5649999976158142
2011-01-07 00:00:00,2.315000057220459
2011-01-08 00:00:00,1.5149999856948853
2011-01-09 00:00:00,0.10999999940395355
2011-01-10 00:00:00,2.684999942779541
2011-01-11 00:00:00,0.869999885559082
2011-01-12 00:00:00,2.3199996948242188
2011-01-13 00:00:00,0.0
2011-01-14 00:00:00,0.054999999701976776
2011-01-15 00:00:00,0.0
2011-01-16 00:00:00,0.03500000014901161
2011-01-17 00:00:00,0.4049999713897705
2011-01-18 00:00:00,1.739999771118164
2011-01-19 00:00:00,0.7949999570846558
2011-01-20 00:00:00,12.274999618530273
2011-01-21 00:00:00,2.5849997997283936
2011-01-22 00:00:00,4.815000057220459
2011-01-23 00:00:00,0.75
2011-01-24 00:00:00,0.6699999570846558
2011-01-25 00:00:00,3.9300003051757812
2011-01-26 00:00:00,1.3499999046325684
2011-01-27 00:00:00,5.135000228881836
2011-01-28 00:00:00,1.690000057220459
2011-01-29 00:00:00,0.014999999664723873
2011-01-30 00:00:00,0.2199999988079071
2011-01-31 00:00:00,7.175000190734863
2011-02-01 00:00:00,0.19499999284744263
2011-02-02 00:00:00,3.5299994945526123
2011-02-03 00:00:00,5.010000705718994
2011-02-04 00:00:00,8.760000228881836
2011-02-05 00:00:00,3.909999370574951
2011-02-06 00:00:00,7.944999694824219
2011-02-07 00:00:00,10.049999237060547
2011-02-08 00:00:00,10.065000534057617
2011-02-09 00:00:00,4.904999732971191
2011-02-10 00:00:00,9.305000305175781
2011-02-11 00:00:00,2.7950005531311035
2011-02-12 00:00:00,0.26500001549720764
2011-02-13 00:00:00,0.0
2011-02-14 00:00:00,0.3050000071525574
2011-02-15 00:00:00,1.9799998998641968
2011-02-16 00:00:00,6.699999809265137
2011-02-17 00:00:00,1.5900001525878906
2011-02-18 00:00:00,1.5149999856948853
2011-02-19 00:00:00,3.9549999237060547
2011-02-20 00:00:00,1.6149998903274536
2011-02-21 00:00:00,4.075000286102295
2011-02-22 00:00:00,17.799999237060547
2011-02-23 00:00:00,22.98999786376953
2011-02-24 00:00:00,0.7999998331069946
2011-02-25 00:00:00,3.809999942779541
2011-02-26 00:00:00,5.109999656677246
2011-02-27 00:00:00,4.2099995613098145
2011-02-28 00:00:00,1.7349997758865356
2011-03-01 00:00:00,0.8249999284744263
2011-03-02 00:00:00,0.0
2011-03-03 00:00:00,0.7949999570846558
2011-03-04 00:00:00,0.0
2011-03-05 00:00:00,0.10999999940395355
2011-03-06 00:00:00,2.6649999618530273
2011-03-07 00:00:00,1.5900001525878906
2011-03-08 00:00:00,8.690000534057617
2011-03-09 00:00:00,4.5849995613098145
2011-03-10 00:00:00,0.3649999797344208
2011-03-11 00:00:00,0.0
2011-03-12 00:00:00,0.0
2011-03-13 00:00:00,0.0
2011-03-14 00:00:00,0.29499998688697815
2011-03-15 00:00:00,6.75
2011-03-16 00:00:00,5.28000020980835
2011-03-17 00:00:00,11.5649995803833
2011-03-18 00:00:00,0.10999999940395355
2011-03-19 00:00:00,2.4000000953674316
2011-03-20 00:00:00,1.0449999570846558
2011-03-21 00:00:00,2.8600001335144043
2011-03-22 00:00:00,0.07499999552965164
2011-03-23 00:00:00,0.0
2011-03-24 00:00:00,0.0
2011-03-25 00:00:00,0.0
2011-03-26 00:00:00,0.7400000095367432
2011-03-27 00:00:00,0.07499999552965164
2011-03-28 00:00:00,0.2849999964237213
2011-03-29 00:00:00,0.8400000333786011
2011-03-30 00:00:00,0.9449999332427979
2011-03-31 00:00:00,0.0
2011-04-01 00:00:00,4.5
2011-04-02 00:00:00,0.2549999952316284
2011-04-03 00:00:00,0.0
2011-04-04 00:00:00,0.0
2011-04-05 00:00:00,0.004999999888241291
2011-04-06 00:00:00,0.004999999888241291
2011-04-07 00:00:00,2.5349998474121094
2011-04-08 00:00:00,2.4850001335144043
2011-04-09 00:00:00,0.029999999329447746
2011-04-10 00:00:00,0.4300000071525574
2011-04-11 00:00:00,0.0
2011-04-12 00:00:00,0.0
2011-04-13 00:00:00,0.0
2011-04-14 00:00:00,0.0
2011-04-15 00:00:00,0.0
2011-04-16 00:00:00,0.16499999165534973
2011-04-17 00:00:00,0.11999998986721039
2011-04-18 00:00:00,0.0
2011-04-19 00:00:00,0.0
2011-04-20 00:00:00,0.0
2011-04-21 00:00:00,0.0
2011-04-22 00:00:00,0.0
2011-04-23 00:00:00,0.0
2011-04-24 00:00:00,0.0
2011-04-25 00:00:00,0.0
2011-04-26 00:00:00,0.004999999888241291
2011-04-27 00:00:00,0.17499998211860657
2011-04-28 00:00:00,0.0
2011-04-29 00:00:00,0.0
2011-04-30 00:00:00,0.0
2011-05-01 00:00:00,0.0
2011-05-02 00:00:00,0.04999999701976776
2011-05-03 00:00:00,0.0
2011-05-04 00:00:00,0.2150000035762787
2011-05-05 00:00:00,0.39000004529953003
2011-05-06 00:00:00,0.10500000417232513
2011-05-07 00:00:00,1.0149999856948853
2011-05-08 00:00:00,0.8099998235702515
2011-05-09 00:00:00,0.0
2011-05-10 00:00:00,0.3799999952316284
2011-05-11 00:00:00,0.8300000429153442
2011-05-12 00:00:00,0.0
2011-05-13 00:00:00,0.0
2011-05-14 00:00:00,0.0
2011-05-15 00:00:00,0.0
2011-05-16 00:00:00,0.0
2011-05-17 00:00:00,0.0
2011-05-18 00:00:00,0.0
2011-05-19 00:00:00,0.0
2011-05-20 00:00:00,0.0
2011-05-21 00:00:00,0.0
2011-05-22 00:00:00,0.0
2011-05-23 00:00:00,1.4749999046325684
2011-05-24 00:00:00,0.3699999749660492
2011-05-25 00:00:00,0.6450000405311584
2011-05-26 00:00:00,1.1150000095367432
2011-05-27 00:00:00,0.054999999701976776
2011-05-28 00:00:00,0.0
2011-05-29 00:00:00,0.0
2011-05-30 00:00:00,0.0
2011-05-31 00:00:00,0.0
2011-06-01 00:00:00,0.0
2011-06-02 00:00:00,0.0
2011-06-03 00:00:00,0.0
2011-06-04 00:00:00,1.1349999904632568
2011-06-05 00:00:00,0.6249999403953552
2011-06-06 00:00:00,0.0
2011-06-07 00:00:00,0.0
2011-06-08 00:00:00,0.0
2011-06-09 00:00:00,0.0
2011-06-10 00:00:00,0.0
2011-06-11 00:00:00,0.0
2011-06-12 00:00:00,0.0
2011-06-13 00:00:00,0.0
2011-06-14 00:00:00,0.0
2011-06-15 00:00:00,0.0
2011-06-16 00:00:00,0.0
2011-06-17 00:00:00,0.029999999329447746
2011-06-18 00:00:00,0.06499999761581421
2011-06-19 00:00:00,0.0
2011-06-20 00:00:00,0.0
2011-06-21 00:00:00,0.0
2011-06-22 00:00:00,0.0
2011-06-23 00:00:00,0.0
2011-06-24 00:00:00,0.0
2011-06-25 00:00:00,0.0
2011-06-26 00:00:00,0.0
2011-06-27 00:00:00,0.0
2011-06-28 00:00:00,0.0
2011-06-29 00:00:00,0.0
2011-06-30 00:00:00,0.17499999701976776
2011-07-01 00:00:00,0.0
2011-07-02 00:00:00,0.0
2011-07-03 00:00:00,0.054999999701976776
2011-07-04 00:00:00,3.125
2011-07-05 00:00:00,1.4550000429153442
2011-07-06 00:00:00,0.009999999776482582
2011-07-07 00:00:00,0.0
2011-07-08 00:00:00,1.6249998807907104
2011-07-09 00:00:00,0.0
2011-07-10 00:00:00,0.02499999850988388
2011-07-11 00:00:00,0.0
2011-07-12 00:00:00,0.0
2011-07-13 00:00:00,0.0
2011-07-14 00:00:00,0.0
2011-07-15 00:00:00,0.0
2011-07-16 00:00:00,0.0
2011-07-17 00:00:00,0.0
2011-07-18 00:00:00,0.0
2011-07-19 00:00:00,0.0
2011-07-20 00:00:00,0.0
2011-07-21 00:00:00,0.0
2011-07-22 00:00:00,0.0
2011-07-23 00:00:00,0.0
2011-07-24 00:00:00,0.0
2011-07-25 00:00:00,0.0
2011-07-26 00:00:00,0.0
2011-07-27 00:00:00,0.009999999776482582
2011-07-28 00:00:00,0.0
2011-07-29 00:00:00,0.0
2011-07-30 00:00:00,0.0
2011-07-31 00:00:00,0.0
2011-08-01 00:00:00,0.12999999523162842
2011-08-02 00:00:00,0.0
2011-08-03 00:00:00,0.0
2011-08-04 00:00:00,0.0
2011-08-05 00:00:00,0.009999999776482582
2011-08-06 00:00:00,0.25999999046325684
2011-08-07 00:00:00,0.9099998474121094
2011-08-08 00:00:00,0.004999999888241291
2011-08-09 00:00:00,0.0
2011-08-10 00:00:00,0.0
2011-08-11 00:00:00,0.0
2011-08-12 00:00:00,0.0
2011-08-13 00:00:00,0.014999999664723873
2011-08-14 00:00:00,0.09000000357627869
2011-08-15 00:00:00,0.0
2011-08-16 00:00:00,0.0
2011-08-17 00:00:00,0.0
2011-08-18 00:00:00,0.0
2011-08-19 00:00:00,0.0
2011-08-20 00:00:00,0.0
2011-08-21 00:00:00,0.0
2011-08-22 00:00:00,0.0
2011-08-23 00:00:00,0.0
2011-08-24 00:00:00,0.0
2011-08-25 00:00:00,0.16499999165534973
2011-08-26 00:00:00,0.10000000894069672
2011-08-27 00:00:00,0.0
2011-08-28 00:00:00,0.0
2011-08-29 00:00:00,0.0
2011-08-30 00:00:00,0.0
2011-08-31 00:00:00,0.0
2011-09-01 00:00:00,0.0
2011-09-02 00:00:00,0.0
2011-09-03 00:00:00,0.0
2011-09-04 00:00:00,0.0
2011-09-05 00:00:00,0.0
2011-09-06 00:00:00,0.0
2011-09-07 00:00:00,0.0
2011-09-08 00:00:00,0.0
2011-09-09 00:00:00,0.0
2011-09-10 00:00:00,0.0
2011-09-11 00:00:00,0.03500000014901161
2011-09-12 00:00:00,1.7849998474121094
2011-09-13 00:00:00,0.4050000309944153
2011-09-14 00:00:00,0.5699999928474426
2011-09-15 00:00:00,1.084999918937683
2011-09-16 00:00:00,0.0
2011-09-17 00:00:00,0.0
2011-09-18 00:00:00,0.6899999976158142
2011-09-19 00:00:00,0.0
2011-09-20 00:00:00,0.0
2011-09-21 00:00:00,0.0
2011-09-22 00:00:00,0.0
2011-09-23 00:00:00,0.0
2011-09-24 00:00:00,0.0
2011-09-25 00:00:00,0.0
2011-09-26 00:00:00,0.044999998062849045
2011-09-27 00:00:00,0.0
2011-09-28 00:00:00,0.0
2011-09-29 00:00:00,0.029999999329447746
2011-09-30 00:00:00,0.0
2011-10-01 00:00:00,0.0
2011-10-02 00:00:00,0.0
2011-10-03 00:00:00,0.0
2011-10-04 00:00:00,0.0
2011-10-05 00:00:00,0.0
2011-10-06 00:00:00,0.12999999523162842
2011-10-07 00:00:00,0.10000000894069672
2011-10-08 00:00:00,0.0
2011-10-09 00:00:00,0.32499998807907104
2011-10-10 00:00:00,0.22999998927116394
2011-10-11 00:00:00,0.03999999910593033
2011-10-12 00:00:00,0.0
2011-10-13 00:00:00,0.12999999523162842
2011-10-14 00:00:00,0.004999999888241291
2011-10-15 00:00:00,0.0
2011-10-16 00:00:00,0.02499999850988388
2011-10-17 00:00:00,0.0
2011-10-18 00:00:00,0.0
2011-10-19 00:00:00,0.0
2011-10-20 00:00:00,0.0
2011-10-21 00:00:00,0.0
2011-10-22 00:00:00,0.0
2011-10-23 00:00:00,0.07999999821186066
2011-10-24 00:00:00,0.0
2011-10-25 00:00:00,0.004999999888241291
2011-10-26 00:00:00,0.019999999552965164
2011-10-27 00:00:00,0.27000001072883606
2011-10-28 00:00:00,1.2649998664855957
2011-10-29 00:00:00,0.054999999701976776
2011-10-30 00:00:00,0.29499998688697815
2011-10-31 00:00:00,0.07999999821186066
2011-11-01 00:00:00,0.16999998688697815
2011-11-02 00:00:00,0.0
2011-11-03 00:00:00,0.17000000178813934
2011-11-04 00:00:00,0.0
2011-11-05 00:00:00,0.0
2011-11-06 00:00:00,0.0
2011-11-07 00:00:00,0.0
2011-11-08 00:00:00,0.0
2011-11-09 00:00:00,0.0
2011-11-10 00:00:00,0.009999999776482582
2011-11-11 00:00:00,0.0
2011-11-12 00:00:00,0.019999999552965164
2011-11-13 00:00:00,0.4650000035762787
2011-11-14 00:00:00,0.0
2011-11-15 00:00:00,0.0
2011-11-16 00:00:00,0.004999999888241291
2011-11-17 00:00:00,0.0
2011-11-18 00:00:00,0.30000001192092896
2011-11-19 00:00:00,3.9800000190734863
2011-11-20 00:00:00,1.9750001430511475
2011-11-21 00:00:00,0.03500000014901161
2011-11-22 00:00:00,2.759999990463257
2011-11-23 00:00:00,0.05000000447034836
2011-11-24 00:00:00,0.0
2011-11-25 00:00:00,0.0
2011-11-26 00:00:00,0.0
2011-11-27 00:00:00,0.0
2011-11-28 00:00:00,0.0
2011-11-29 00:00:00,0.8700000047683716
2011-11-30 00:00:00,0.3399999737739563
2011-12-01 00:00:00,0.0
2011-12-02 00:00:00,0.0
2011-12-03 00:00:00,0.0
2011-12-04 00:00:00,0.0
2011-12-05 00:00:00,0.0
2011-12-06 00:00:00,0.0
2011-12-07 00:00:00,0.32999998331069946
2011-12-08 00:00:00,0.0
2011-12-09 00:00:00,0.5
2011-12-10 00:00:00,1.9600000381469727
2011-12-11 00:00:00,12.354999542236328
2011-12-12 00:00:00,17.924999237060547
2011-12-13 00:00:00,1.7799999713897705
2011-12-14 00:00:00,2.5
2011-12-15 00:00:00,1.9800000190734863
2011-12-16 00:00:00,0.12999999523162842
2011-12-17 00:00:00,0.0
2011-12-18 00:00:00,0.029999999329447746
2011-12-19 00:00:00,9.925000190734863
2011-12-20 00:00:00,7.854999542236328
2011-12-21 00:00:00,2.2249996662139893
2011-12-22 00:00:00,1.2299998998641968
2011-12-23 00:00:00,10.164999961853027
2011-12-24 00:00:00,18.909997940063477
2011-12-25 00:00:00,10.629999160766602
2011-12-26 00:00:00,0.0949999988079071
2011-12-27 00:00:00,1.559999942779541
2011-12-28 00:00:00,1.2500001192092896
2011-12-29 00:00:00,4.929999828338623
2011-12-30 00:00:00,10.035001754760742
2011-12-31 00:00:00,3.190000057220459
2012-01-01 00:00:00,10.85999870300293
2012-01-02 00:00:00,21.110000610351562
2012-01-03 00:00:00,1.549999713897705
2012-01-04 00:00:00,1.029999852180481
2012-01-05 00:00:00,3.3899998664855957
2012-01-06 00:00:00,3.5249998569488525
2012-01-07 00:00:00,4.439999580383301
2012-01-08 00:00:00,7.834999084472656
2012-01-09 00:00:00,6.419999599456787
2012-01-10 00:00:00,0.08999999612569809
2012-01-11 00:00:00,0.03999999910593033
2012-01-12 00:00:00,0.0
2012-01-13 00:00:00,0.004999999888241291
2012-01-14 00:00:00,0.36500000953674316
2012-01-15 00:00:00,0.0
2012-01-16 00:00:00,0.0
2012-01-17 00:00:00,0.23999999463558197
2012-01-18 00:00:00,0.0
2012-01-19 00:00:00,0.0
2012-01-20 00:00:00,0.9899999499320984
2012-01-21 00:00:00,4.450000286102295
2012-01-22 00:00:00,10.425000190734863
2012-01-23 00:00:00,2.694999933242798
2012-01-24 00:00:00,0.2849999964237213
2012-01-25 00:00:00,12.850000381469727
2012-01-26 00:00:00,2.7849998474121094
2012-01-27 00:00:00,1.034999966621399
2012-01-28 00:00:00,7.384999752044678
2012-01-29 00:00:00,8.794999122619629
2012-01-30 00:00:00,1.7899999618530273
2012-01-31 00:00:00,6.114999771118164
2012-02-01 00:00:00,6.225000381469727
2012-02-02 00:00:00,2.7049999237060547
2012-02-03 00:00:00,3.0899999141693115
2012-02-04 00:00:00,9.24000072479248
2012-02-05 00:00:00,4.75499963760376
2012-02-06 00:00:00,7.765000343322754
2012-02-07 00:00:00,0.7599999904632568
2012-02-08 00:00:00,0.0
2012-02-09 00:00:00,0.3449999988079071
2012-02-10 00:00:00,4.37999963760376
2012-02-11 00:00:00,0.39500004053115845
2012-02-12 00:00:00,4.420000076293945
2012-02-13 00:00:00,3.5949997901916504
2012-02-14 00:00:00,8.295000076293945
2012-02-15 00:00:00,6.059999465942383
2012-02-16 00:00:00,5.734999656677246
2012-02-17 00:00:00,3.619999885559082
2012-02-18 00:00:00,9.269999504089355
2012-02-19 00:00:00,6.90000057220459
2012-02-20 00:00:00,5.40500020980835
2012-02-21 00:00:00,0.49000000953674316
2012-02-22 00:00:00,5.3299994468688965
2012-02-23 00:00:00,1.8849999904632568
2012-02-24 00:00:00,4.324999809265137
2012-02-25 00:00:00,0.0
2012-02-26 00:00:00,0.0
2012-02-27 00:00:00,0.009999999776482582
2012-02-28 00:00:00,0.0
2012-02-29 00:00:00,1.0
2012-03-01 00:00:00,8.860000610351562
2012-03-02 00:00:00,12.510000228881836
2012-03-03 00:00:00,7.489999771118164
2012-03-04 00:00:00,5.639998912811279
2012-03-05 00:00:00,1.2949999570846558
2012-03-06 00:00:00,2.3600001335144043
2012-03-07 00:00:00,0.07999999821186066
2012-03-08 00:00:00,0.0
2012-03-09 00:00:00,0.2800000011920929
2012-03-10 00:00:00,0.044999998062849045
2012-03-11 00:00:00,0.46000000834465027
2012-03-12 00:00:00,2.8550000190734863
2012-03-13 00:00:00,0.4449999928474426
2012-03-14 00:00:00,0.0
2012-03-15 00:00:00,1.1249998807907104
2012-03-16 00:00:00,0.3449999988079071
2012-03-17 00:00:00,0.02499999850988388
2012-03-18 00:00:00,1.3899999856948853
2012-03-19 00:00:00,2.0149998664855957
2012-03-20 00:00:00,2.7049999237060547
2012-03-21 00:00:00,0.0
2012-03-22 00:00:00,0.0
2012-03-23 00:00:00,0.0
2012-03-24 00:00:00,0.14499999582767487
2012-03-25 00:00:00,0.0
2012-03-26 00:00:00,2.2750000953674316
2012-03-27 00:00:00,6.77500057220459
2012-03-28 00:00:00,0.11999999731779099
2012-03-29 00:00:00,1.9299999475479126
2012-03-30 00:00:00,18.139997482299805
2012-03-31 00:00:00,0.10999999940395355
2012-04-01 00:00:00,0.22499999403953552
2012-04-02 00:00:00,2.940000057220459
2012-04-03 00:00:00,0.19499999284744263
2012-04-04 00:00:00,0.9249999523162842
2012-04-05 00:00:00,0.9599999189376831
2012-04-06 00:00:00,0.0
2012-04-07 00:00:00,0.0
2012-04-08 00:00:00,0.5349999666213989
2012-04-09 00:00:00,0.0
2012-04-10 00:00:00,0.0
2012-04-11 00:00:00,0.14000000059604645
2012-04-12 00:00:00,0.5399999618530273
2012-04-13 00:00:00,0.03500000014901161
2012-04-14 00:00:00,0.0
2012-04-15 00:00:00,0.0
2012-04-16 00:00:00,0.2150000035762787
2012-04-17 00:00:00,0.21000000834465027
2012-04-18 00:00:00,2.0149998664855957
2012-04-19 00:00:00,2.059999942779541
2012-04-20 00:00:00,5.469999313354492
2012-04-21 00:00:00,0.0
2012-04-22 00:00:00,0.0
2012-04-23 00:00:00,0.004999999888241291
2012-04-24 00:00:00,0.004999999888241291
2012-04-25 00:00:00,0.05999999865889549
2012-04-26 00:00:00,0.0
2012-04-27 00:00:00,0.0
2012-04-28 00:00:00,0.9399999976158142
2012-04-29 00:00:00,0.0
2012-04-30 00:00:00,0.0
2012-05-01 00:00:00,0.11999998986721039
2012-05-02 00:00:00,0.0
2012-05-03 00:00:00,0.0
2012-05-04 00:00:00,0.0
2012-05-05 00:00:00,0.0
2012-05-06 00:00:00,0.0
2012-05-07 00:00:00,0.0
2012-05-08 00:00:00,0.0
2012-05-09 00:00:00,0.0
2012-05-10 00:00:00,0.0
2012-05-11 00:00:00,0.0
2012-05-12 00:00:00,0.0
2012-05-13 00:00:00,0.019999999552965164
2012-05-14 00:00:00,0.0
2012-05-15 00:00:00,0.0
2012-05-16 00:00:00,0.0
2012-05-17 00:00:00,0.0
2012-05-18 00:00:00,0.0
2012-05-19 00:00:00,0.0
2012-05-20 00:00:00,0.0
2012-05-21 00:00:00,0.0
2012-05-22 00:00:00,0.0
2012-05-23 00:00:00,0.0
2012-05-24 00:00:00,0.0
2012-05-25 00:00:00,0.5649999976158142
2012-05-26 00:00:00,0.0
2012-05-27 00:00:00,0.0
2012-05-28 00:00:00,0.0
2012-05-29 00:00:00,0.0
2012-05-30 00:00:00,0.0
2012-05-31 00:00:00,0.0
2012-06-01 00:00:00,0.0
2012-06-02 00:00:00,0.0
2012-06-03 00:00:00,0.0
2012-06-04 00:00:00,0.0
2012-06-05 00:00:00,0.0
2012-06-06 00:00:00,0.0
2012-06-07 00:00:00,0.22499999403953552
2012-06-08 00:00:00,0.0
2012-06-09 00:00:00,0.09999999403953552
2012-06-10 00:00:00,0.0
2012-06-11 00:00:00,0.6049999594688416
2012-06-12 00:00:00,0.06499999761581421
2012-06-13 00:00:00,0.004999999888241291
2012-06-14 00:00:00,0.0
2012-06-15 00:00:00,0.0
2012-06-16 00:00:00,0.0
2012-06-17 00:00:00,0.0
2012-06-18 00:00:00,0.0
2012-06-19 00:00:00,0.0
2012-06-20 00:00:00,0.009999999776482582
2012-06-21 00:00:00,1.5399997234344482
2012-06-22 00:00:00,0.009999999776482582
2012-06-23 00:00:00,0.014999999664723873
2012-06-24 00:00:00,0.0
2012-06-25 00:00:00,0.0
2012-06-26 00:00:00,0.0
2012-06-27 00:00:00,0.0
2012-06-28 00:00:00,0.0
2012-06-29 00:00:00,0.0
2012-06-30 00:00:00,0.0
2012-07-01 00:00:00,0.0
2012-07-02 00:00:00,0.0
2012-07-03 00:00:00,0.0
2012-07-04 00:00:00,0.0
2012-07-05 00:00:00,0.0
2012-07-06 00:00:00,0.0
2012-07-07 00:00:00,0.0
2012-07-08 00:00:00,0.0
2012-07-09 00:00:00,0.0
2012-07-10 00:00:00,0.0
2012-07-11 00:00:00,0.0
2012-07-12 00:00:00,0.0
2012-07-13 00:00:00,0.0
2012-07-14 00:00:00,0.0
2012-07-15 00:00:00,0.0
2012-07-16 00:00:00,0.0
2012-07-17 00:00:00,0.0
2012-07-18 00:00:00,0.0
2012-07-19 00:00:00,0.0
2012-07-20 00:00:00,0.0
2012-07-21 00:00:00,0.0
2012-07-22 00:00:00,0.0
2012-07-23 00:00:00,0.0
2012-07-24 00:00:00,0.0
2012-07-25 00:00:00,0.0
2012-07-26 00:00:00,0.0
2012-07-27 00:00:00,0.0
2012-07-28 00:00:00,0.08999999612569809
2012-07-29 00:00:00,0.014999999664723873
2012-07-30 00:00:00,0.32999998331069946
2012-07-31 00:00:00,0.044999998062849045
2012-08-01 00:00:00,0.014999999664723873
2012-08-02 00:00:00,0.0
2012-08-03 00:00:00,0.0
2012-08-04 00:00:00,0.0
2012-08-05 00:00:00,0.0
2012-08-06 00:00:00,0.0
2012-08-07 00:00:00,0.0
2012-08-08 00:00:00,0.0
2012-08-09 00:00:00,0.0
2012-08-10 00:00:00,0.0
2012-08-11 00:00:00,0.0
2012-08-12 00:00:00,0.0
2012-08-13 00:00:00,0.0
2012-08-14 00:00:00,0.4949999749660492
2012-08-15 00:00:00,0.0
2012-08-16 00:00:00,0.0
2012-08-17 00:00:00,0.009999999776482582
2012-08-18 00:00:00,0.004999999888241291
2012-08-19 00:00:00,0.0
2012-08-20 00:00:00,0.0
2012-08-21 00:00:00,0.0
2012-08-22 00:00:00,0.0
2012-08-23 00:00:00,0.0
2012-08-24 00:00:00,0.0
2012-08-25 00:00:00,0.0
2012-08-26 00:00:00,0.0
2012-08-27 00:00:00,0.125
2012-08-28 00:00:00,0.0
2012-08-29 00:00:00,0.0
2012-08-30 00:00:00,0.0
2012-08-31 00:00:00,0.0
2012-09-01 00:00:00,0.0
2012-09-02 00:00:00,0.3199999928474426
2012-09-03 00:00:00,0.40000003576278687
2012-09-04 00:00:00,0.0
2012-09-05 00:00:00,0.0
2012-09-06 00:00:00,0.0
2012-09-07 00:00:00,0.0
2012-09-08 00:00:00,0.0
2012-09-09 00:00:00,0.0
2012-09-10 00:00:00,0.0
2012-09-11 00:00:00,0.044999998062849045
2012-09-12 00:00:00,0.0
2012-09-13 00:00:00,0.0
2012-09-14 00:00:00,0.0
2012-09-15 00:00:00,0.10999999940395355
2012-09-16 00:00:00,2.135000228881836
2012-09-17 00:00:00,0.0
2012-09-18 00:00:00,0.0
2012-09-19 00:00:00,0.0
2012-09-20 00:00:00,0.0
2012-09-21 00:00:00,0.0
2012-09-22 00:00:00,0.0
2012-09-23 00:00:00,0.0
2012-09-24 00:00:00,0.0
2012-09-25 00:00:00,0.0
2012-09-26 00:00:00,0.28999999165534973
2012-09-27 00:00:00,1.0149999856948853
2012-09-28 00:00:00,0.04500000178813934
2012-09-29 00:00:00,0.0
2012-09-30 00:00:00,0.004999999888241291
2012-10-01 00:00:00,0.08500000089406967
2012-10-02 00:00:00,0.46000000834465027
2012-10-03 00:00:00,0.0
2012-10-04 00:00:00,0.0
2012-10-05 00:00:00,0.0
2012-10-06 00:00:00,0.0
2012-10-07 00:00:00,0.0
2012-10-08 00:00:00,0.2749999761581421
2012-10-09 00:00:00,0.0
2012-10-10 00:00:00,0.04999999701976776
2012-10-11 00:00:00,0.3999999761581421
2012-10-12 00:00:00,0.0
2012-10-13 00:00:00,0.29500001668930054
2012-10-14 00:00:00,0.6549999713897705
2012-10-15 00:00:00,0.0
2012-10-16 00:00:00,0.0
2012-10-17 00:00:00,0.0
2012-10-18 00:00:00,0.0
2012-10-19 00:00:00,0.3699999749660492
2012-10-20 00:00:00,0.03500000014901161
2012-10-21 00:00:00,0.5299999713897705
2012-10-22 00:00:00,0.0
2012-10-23 00:00:00,0.0
2012-10-24 00:00:00,0.0
2012-10-25 00:00:00,0.25999999046325684
2012-10-26 00:00:00,0.20499998331069946
2012-10-27 00:00:00,0.8650000095367432
2012-10-28 00:00:00,0.009999999776482582
2012-10-29 00:00:00,2.700000047683716
2012-10-30 00:00:00,20.979999542236328
2012-10-31 00:00:00,2.9900002479553223
2012-11-01 00:00:00,0.019999999552965164
2012-11-02 00:00:00,0.0
2012-11-03 00:00:00,0.1850000023841858
2012-11-04 00:00:00,0.0
2012-11-05 00:00:00,0.0
2012-11-06 00:00:00,1.8149998188018799
2012-11-07 00:00:00,0.0
2012-11-08 00:00:00,0.0
2012-11-09 00:00:00,0.0
2012-11-10 00:00:00,0.0
2012-11-11 00:00:00,0.0
2012-11-12 00:00:00,0.22499999403953552
2012-11-13 00:00:00,1.6700000762939453
2012-11-14 00:00:00,0.0
2012-11-15 00:00:00,0.3699999749660492
2012-11-16 00:00:00,0.0
2012-11-17 00:00:00,4.184999942779541
2012-11-18 00:00:00,3.5299997329711914
2012-11-19 00:00:00,2.4600000381469727
2012-11-20 00:00:00,0.47499996423721313
2012-11-21 00:00:00,11.470000267028809
2012-11-22 00:00:00,0.04999999701976776
2012-11-23 00:00:00,0.0
2012-11-24 00:00:00,0.0
2012-11-25 00:00:00,0.4749999940395355
2012-11-26 00:00:00,0.054999999701976776
2012-11-27 00:00:00,0.0
2012-11-28 00:00:00,0.4449999928474426
2012-11-29 00:00:00,0.0
2012-11-30 00:00:00,0.06499999761581421
2012-12-01 00:00:00,0.08999999612569809
2012-12-02 00:00:00,1.9500000476837158
2012-12-03 00:00:00,5.5
2012-12-04 00:00:00,4.000000476837158
2012-12-05 00:00:00,0.4049999713897705
2012-12-06 00:00:00,2.319999933242798
2012-12-07 00:00:00,0.7499999403953552
2012-12-08 00:00:00,2.739999771118164
2012-12-09 00:00:00,3.179999828338623
2012-12-10 00:00:00,1.5149999856948853
2012-12-11 00:00:00,17.63500213623047
2012-12-12 00:00:00,0.6549999713897705
2012-12-13 00:00:00,0.23999999463558197
2012-12-14 00:00:00,4.759999752044678
2012-12-15 00:00:00,1.2949999570846558
2012-12-16 00:00:00,6.72499942779541
2012-12-17 00:00:00,9.260000228881836
2012-12-18 00:00:00,1.744999885559082
2012-12-19 00:00:00,0.3649999797344208
2012-12-20 00:00:00,0.0
2012-12-21 00:00:00,0.019999999552965164
2012-12-22 00:00:00,0.1899999976158142
2012-12-23 00:00:00,0.0
2012-12-24 00:00:00,2.869999885559082
2012-12-25 00:00:00,9.90999984741211
2012-12-26 00:00:00,23.30000114440918
2012-12-27 00:00:00,3.3899998664855957
2012-12-28 00:00:00,7.504999160766602
2012-12-29 00:00:00,0.925000011920929
2012-12-30 00:00:00,0.5049999952316284
2012-12-31 00:00:00,0.434999942779541
2013-01-01 00:00:00,5.3349995613098145
2013-01-02 00:00:00,1.2899999618530273
2013-01-03 00:00:00,0.0
2013-01-04 00:00:00,1.9850001335144043
2013-01-05 00:00:00,1.1949998140335083
2013-01-06 00:00:00,24.47500228881836
2013-01-07 00:00:00,0.0
2013-01-08 00:00:00,4.189999580383301
2013-01-09 00:00:00,1.2300001382827759
2013-01-10 00:00:00,7.929999351501465
2013-01-11 00:00:00,0.3449999988079071
2013-01-12 00:00:00,0.0
2013-01-13 00:00:00,1.9500000476837158
2013-01-14 00:00:00,2.2899999618530273
2013-01-15 00:00:00,9.420000076293945
2013-01-16 00:00:00,27.05999755859375
2013-01-17 00:00:00,7.179999351501465
2013-01-18 00:00:00,0.8250000476837158
2013-01-19 00:00:00,8.24000072479248
2013-01-20 00:00:00,9.845000267028809
2013-01-21 00:00:00,0.12999999523162842
2013-01-22 00:00:00,0.6700000166893005
2013-01-23 00:00:00,1.149999976158142
2013-01-24 00:00:00,0.7849998474121094
2013-01-25 00:00:00,0.014999999664723873
2013-01-26 00:00:00,4.25
2013-01-27 00:00:00,0.0
2013-01-28 00:00:00,5.789999961853027
2013-01-29 00:00:00,7.550000190734863
2013-01-30 00:00:00,0.0
2013-01-31 00:00:00,0.39499998092651367
2013-02-01 00:00:00,0.0
2013-02-02 00:00:00,1.1749999523162842
2013-02-03 00:00:00,0.5449999570846558
2013-02-04 00:00:00,0.5600000023841858
2013-02-05 00:00:00,10.3100004196167
2013-02-06 00:00:00,7.609999656677246
2013-02-07 00:00:00,6.284999847412109
2013-02-08 00:00:00,0.0
2013-02-09 00:00:00,0.0
2013-02-10 00:00:00,0.0
2013-02-11 00:00:00,2.294999837875366
2013-02-12 00:00:00,0.009999999776482582
2013-02-13 00:00:00,0.0
2013-02-14 00:00:00,1.0399999618530273
2013-02-15 00:00:00,9.359999656677246
2013-02-16 00:00:00,3.2100000381469727
2013-02-17 00:00:00,7.079999923706055
2013-02-18 00:00:00,3.8249998092651367
2013-02-19 00:00:00,4.924999713897705
2013-02-20 00:00:00,1.4099998474121094
2013-02-21 00:00:00,8.265000343322754
2013-02-22 00:00:00,5.424999713897705
2013-02-23 00:00:00,0.0
2013-02-24 00:00:00,0.16499999165534973
2013-02-25 00:00:00,16.959999084472656
2013-02-26 00:00:00,4.715000152587891
2013-02-27 00:00:00,2.255000114440918
2013-02-28 00:00:00,10.125000953674316
2013-03-01 00:00:00,0.11499999463558197
2013-03-02 00:00:00,0.0
2013-03-03 00:00:00,0.0
2013-03-04 00:00:00,2.7149999141693115
2013-03-05 00:00:00,1.6649998426437378
2013-03-06 00:00:00,1.309999942779541
2013-03-07 00:00:00,0.5699999332427979
2013-03-08 00:00:00,0.0
2013-03-09 00:00:00,8.48499870300293
2013-03-10 00:00:00,0.4449999928474426
2013-03-11 00:00:00,1.534999966621399
2013-03-12 00:00:00,0.1249999925494194
2013-03-13 00:00:00,0.0
2013-03-14 00:00:00,0.19999998807907104
2013-03-15 00:00:00,6.265000343322754
2013-03-16 00:00:00,0.5199999809265137
2013-03-17 00:00:00,5.819999694824219
2013-03-18 00:00:00,5.884999752044678
2013-03-19 00:00:00,0.0
2013-03-20 00:00:00,0.0
2013-03-21 00:00:00,0.0
2013-03-22 00:00:00,0.0
2013-03-23 00:00:00,0.06499999761581421
2013-03-24 00:00:00,0.0
2013-03-25 00:00:00,0.8549998998641968
2013-03-26 00:00:00,1.334999918937683
2013-03-27 00:00:00,0.7099999189376831
2013-03-28 00:00:00,0.0
2013-03-29 00:00:00,0.5849999785423279
2013-03-30 00:00:00,0.0
2013-03-31 00:00:00,0.0
2013-04-01 00:00:00,0.0
2013-04-02 00:00:00,0.0
2013-04-03 00:00:00,0.2849999964237213
2013-04-04 00:00:00,0.0
2013-04-05 00:00:00,0.0
2013-04-06 00:00:00,0.0
2013-04-07 00:00:00,0.0
2013-04-08 00:00:00,0.0
2013-04-09 00:00:00,0.0
2013-04-10 00:00:00,0.0
2013-04-11 00:00:00,0.0
2013-04-12 00:00:00,0.1550000011920929
2013-04-13 00:00:00,0.0
2013-04-14 00:00:00,0.02499999850988388
2013-04-15 00:00:00,0.0
2013-04-16 00:00:00,0.0
2013-04-17 00:00:00,0.07499999552965164
2013-04-18 00:00:00,1.0299999713897705
2013-04-19 00:00:00,0.14000000059604645
2013-04-20 00:00:00,0.0
2013-04-21 00:00:00,0.0
2013-04-22 00:00:00,0.0
2013-04-23 00:00:00,0.0
2013-04-24 00:00:00,0.0
2013-04-25 00:00:00,0.0
2013-04-26 00:00:00,0.0
2013-04-27 00:00:00,0.0
2013-04-28 00:00:00,0.0
2013-04-29 00:00:00,0.0
2013-04-30 00:00:00,0.0
2013-05-01 00:00:00,0.0
2013-05-02 00:00:00,0.0
2013-05-03 00:00:00,0.0
2013-05-04 00:00:00,0.0
2013-05-05 00:00:00,0.0
2013-05-06 00:00:00,0.0
2013-05-07 00:00:00,0.0
2013-05-08 00:00:00,0.0
2013-05-09 00:00:00,0.0
2013-05-10 00:00:00,0.0
2013-05-11 00:00:00,0.0
2013-05-12 00:00:00,0.0
2013-05-13 00:00:00,0.0
2013-05-14 00:00:00,0.0
2013-05-15 00:00:00,0.0
2013-05-16 00:00:00,0.3699999451637268
2013-05-17 00:00:00,10.329999923706055
2013-05-18 00:00:00,3.799999713897705
2013-05-19 00:00:00,0.014999999664723873
2013-05-20 00:00:00,0.0
2013-05-21 00:00:00,0.05999999865889549
2013-05-22 00:00:00,0.0
2013-05-23 00:00:00,0.0
2013-05-24 00:00:00,0.08500000089406967
2013-05-25 00:00:00,0.0
2013-05-26 00:00:00,0.0
2013-05-27 00:00:00,0.0
2013-05-28 00:00:00,0.0
2013-05-29 00:00:00,0.0
2013-05-30 00:00:00,0.0
2013-05-31 00:00:00,0.0
2013-06-01 00:00:00,0.0
2013-06-02 00:00:00,0.0
2013-06-03 00:00:00,0.0
2013-06-04 00:00:00,0.0
2013-06-05 00:00:00,0.0
2013-06-06 00:00:00,0.0
2013-06-07 00:00:00,0.3749999701976776
2013-06-08 00:00:00,1.2599999904632568
2013-06-09 00:00:00,0.29500001668930054
2013-06-10 00:00:00,0.0
2013-06-11 00:00:00,1.1200000047683716
2013-06-12 00:00:00,0.029999999329447746
2013-06-13 00:00:00,1.8149998188018799
2013-06-14 00:00:00,0.0
2013-06-15 00:00:00,0.0
2013-06-16 00:00:00,0.0
2013-06-17 00:00:00,0.0
2013-06-18 00:00:00,0.0
2013-06-19 00:00:00,0.0
2013-06-20 00:00:00,0.0
2013-06-21 00:00:00,3.2249999046325684
2013-06-22 00:00:00,0.0
2013-06-23 00:00:00,0.5499999523162842
2013-06-24 00:00:00,0.26999998092651367
2013-06-25 00:00:00,1.125
2013-06-26 00:00:00,0.0
2013-06-27 00:00:00,0.0
2013-06-28 00:00:00,0.0
2013-06-29 00:00:00,0.0
2013-06-30 00:00:00,0.0
2013-07-01 00:00:00,0.0
2013-07-02 00:00:00,0.0
2013-07-03 00:00:00,0.0
2013-07-04 00:00:00,0.0
2013-07-05 00:00:00,0.17999999225139618
2013-07-06 00:00:00,0.17999999225139618
2013-07-07 00:00:00,0.0
2013-07-08 00:00:00,0.07499999552965164
2013-07-09 00:00:00,0.0
2013-07-10 00:00:00,0.0
2013-07-11 00:00:00,0.0
2013-07-12 00:00:00,0.0
2013-07-13 00:00:00,0.0
2013-07-14 00:00:00,0.0
2013-07-15 00:00:00,0.0
2013-07-16 00:00:00,0.19499999284744263
2013-07-17 00:00:00,0.0
2013-07-18 00:00:00,0.0
2013-07-19 00:00:00,0.029999999329447746
2013-07-20 00:00:00,0.014999999664723873
2013-07-21 00:00:00,0.0
2013-07-22 00:00:00,0.0
2013-07-23 00:00:00,0.0
2013-07-24 00:00:00,0.0
2013-07-25 00:00:00,0.0
2013-07-26 00:00:00,0.0
2013-07-27 00:00:00,0.0
2013-07-28 00:00:00,0.014999999664723873
2013-07-29 00:00:00,0.0
2013-07-30 00:00:00,0.0
2013-07-31 00:00:00,0.0
2013-08-01 00:00:00,0.0
2013-08-02 00:00:00,0.0
2013-08-03 00:00:00,0.0
2013-08-04 00:00:00,0.0
2013-08-05 00:00:00,0.0
2013-08-06 00:00:00,2.9099998474121094
2013-08-07 00:00:00,0.14999999105930328
2013-08-08 00:00:00,0.0
2013-08-09 00:00:00,0.0
2013-08-10 00:00:00,0.0
2013-08-11 00:00:00,0.0
2013-08-12 00:00:00,0.0
2013-08-13 00:00:00,0.0
2013-08-14 00:00:00,0.0
2013-08-15 00:00:00,0.0
2013-08-16 00:00:00,0.0
2013-08-17 00:00:00,0.0
2013-08-18 00:00:00,0.0
2013-08-19 00:00:00,0.0
2013-08-20 00:00:00,0.0
2013-08-21 00:00:00,0.0
2013-08-22 00:00:00,0.7849999666213989
2013-08-23 00:00:00,2.934999942779541
2013-08-24 00:00:00,5.400000095367432
2013-08-25 00:00:00,3.320000171661377
2013-08-26 00:00:00,0.42000001668930054
2013-08-27 00:00:00,0.0
2013-08-28 00:00:00,0.35500001907348633
2013-08-29 00:00:00,0.9950000047683716
2013-08-30 00:00:00,0.3199999928474426
2013-08-31 00:00:00,0.0
2013-09-01 00:00:00,0.0
2013-09-02 00:00:00,0.0
2013-09-03 00:00:00,0.0
2013-09-04 00:00:00,0.0
2013-09-05 00:00:00,0.0
2013-09-06 00:00:00,0.0
2013-09-07 00:00:00,0.0
2013-09-08 00:00:00,0.004999999888241291
2013-09-09 00:00:00,0.0
2013-09-10 00:00:00,0.0
2013-09-11 00:00:00,0.0
2013-09-12 00:00:00,0.0
2013-09-13 00:00:00,0.0
2013-09-14 00:00:00,0.0
2013-09-15 00:00:00,0.0
2013-09-16 00:00:00,0.0
2013-09-17 00:00:00,0.0
2013-09-18 00:00:00,0.0
2013-09-19 00:00:00,0.0
2013-09-20 00:00:00,0.0
2013-09-21 00:00:00,0.0
2013-09-22 00:00:00,0.0
2013-09-23 00:00:00,0.0
2013-09-24 00:00:00,0.0
2013-09-25 00:00:00,0.044999998062849045
2013-09-26 00:00:00,0.7199999690055847
2013-09-27 00:00:00,0.0
2013-09-28 00:00:00,0.0
2013-09-29 00:00:00,0.0
2013-09-30 00:00:00,0.0
2013-10-01 00:00:00,0.0
2013-10-02 00:00:00,0.0
2013-10-03 00:00:00,0.5899999737739563
2013-10-04 00:00:00,1.75
2013-10-05 00:00:00,0.0
2013-10-06 00:00:00,0.0
2013-10-07 00:00:00,0.0
2013-10-08 00:00:00,0.0
2013-10-09 00:00:00,0.0
2013-10-10 00:00:00,0.0
2013-10-11 00:00:00,0.25999999046325684
2013-10-12 00:00:00,0.0
2013-10-13 00:00:00,0.5699999928474426
2013-10-14 00:00:00,2.140000104904175
2013-10-15 00:00:00,0.10999999940395355
2013-10-16 00:00:00,0.4050000309944153
2013-10-17 00:00:00,0.0
2013-10-18 00:00:00,0.0
2013-10-19 00:00:00,0.2800000011920929
2013-10-20 00:00:00,0.0
2013-10-21 00:00:00,0.0
2013-10-22 00:00:00,0.10500000417232513
2013-10-23 00:00:00,0.6249999403953552
2013-10-24 00:00:00,0.29999998211860657
2013-10-25 00:00:00,3.2850000858306885
2013-10-26 00:00:00,0.0
2013-10-27 00:00:00,0.1899999976158142
2013-10-28 00:00:00,5.739999771118164
2013-10-29 00:00:00,0.0
2013-10-30 00:00:00,0.0
2013-10-31 00:00:00,1.4799998998641968
2013-11-01 00:00:00,0.4699999988079071
2013-11-02 00:00:00,0.054999999701976776
2013-11-03 00:00:00,0.7299999594688416
2013-11-04 00:00:00,0.004999999888241291
2013-11-05 00:00:00,0.029999999329447746
2013-11-06 00:00:00,0.0
2013-11-07 00:00:00,0.6100000143051147
2013-11-08 00:00:00,0.8100000619888306
2013-11-09 00:00:00,0.03500000014901161
2013-11-10 00:00:00,0.0
2013-11-11 00:00:00,0.0
2013-11-12 00:00:00,0.0
2013-11-13 00:00:00,0.0
2013-11-14 00:00:00,0.4049999713897705
2013-11-15 00:00:00,0.0
2013-11-16 00:00:00,0.4399999976158142
2013-11-17 00:00:00,0.029999999329447746
2013-11-18 00:00:00,0.0
2013-11-19 00:00:00,0.0
2013-11-20 00:00:00,0.0
2013-11-21 00:00:00,0.12999999523162842
2013-11-22 00:00:00,13.350000381469727
2013-11-23 00:00:00,0.0
2013-11-24 00:00:00,0.0
2013-11-25 00:00:00,0.0
2013-11-26 00:00:00,0.29499998688697815
2013-11-27 00:00:00,0.14499999582767487
2013-11-28 00:00:00,0.8899999856948853
2013-11-29 00:00:00,1.6400001049041748
2013-11-30 00:00:00,1.2400001287460327
2013-12-01 00:00:00,0.38499999046325684
2013-12-02 00:00:00,0.2800000011920929
2013-12-03 00:00:00,0.08500000089406967
2013-12-04 00:00:00,0.07999999821186066
2013-12-05 00:00:00,2.0950000286102295
2013-12-06 00:00:00,2.069999933242798
2013-12-07 00:00:00,2.879999876022339
2013-12-08 00:00:00,0.14499999582767487
2013-12-09 00:00:00,2.1349997520446777
2013-12-10 00:00:00,15.929998397827148
2013-12-11 00:00:00,2.8399999141693115
2013-12-12 00:00:00,3.8499999046325684
2013-12-13 00:00:00,2.119999885559082
2013-12-14 00:00:00,7.135000228881836
2013-12-15 00:00:00,8.789999961853027
2013-12-16 00:00:00,1.6649999618530273
2013-12-17 00:00:00,0.06499999761581421
2013-12-18 00:00:00,0.11999999731779099
2013-12-19 00:00:00,0.0
2013-12-20 00:00:00,0.42500001192092896
2013-12-21 00:00:00,7.539999008178711
2013-12-22 00:00:00,0.5600000023841858
2013-12-23 00:00:00,3.815000057220459
2013-12-24 00:00:00,0.0
2013-12-25 00:00:00,0.0
2013-12-26 00:00:00,1.1299999952316284
2013-12-27 00:00:00,0.3850000500679016
2013-12-28 00:00:00,1.2799999713897705
2013-12-29 00:00:00,12.505001068115234
2013-12-30 00:00:00,2.830000162124634
2013-12-31 00:00:00,16.514999389648438
2014-01-01 00:00:00,5.34499979019165
2014-01-02 00:00:00,6.319999694824219
2014-01-03 00:00:00,11.800000190734863
2014-01-04 00:00:00,3.1649999618530273
2014-01-05 00:00:00,11.669999122619629
2014-01-06 00:00:00,4.824999809265137
2014-01-07 00:00:00,14.839998245239258
2014-01-08 00:00:00,1.4850000143051147
2014-01-09 00:00:00,0.04999999701976776
2014-01-10 00:00:00,0.0
2014-01-11 00:00:00,0.0
2014-01-12 00:00:00,0.9599999785423279
2014-01-13 00:00:00,4.634999752044678
2014-01-14 00:00:00,3.995000123977661
2014-01-15 00:00:00,0.6200000047683716
2014-01-16 00:00:00,4.309999942779541
2014-01-17 00:00:00,6.1349992752075195
2014-01-18 00:00:00,2.864999771118164
2014-01-19 00:00:00,4.169999599456787
2014-01-20 00:00:00,3.5950002670288086
2014-01-21 00:00:00,0.8250000476837158
2014-01-22 00:00:00,2.9800000190734863
2014-01-23 00:00:00,0.4399999976158142
2014-01-24 00:00:00,0.0
2014-01-25 00:00:00,1.6000001430511475
2014-01-26 00:00:00,3.8999998569488525
2014-01-27 00:00:00,2.0450000762939453
2014-01-28 00:00:00,5.105000019073486
2014-01-29 00:00:00,7.755000114440918
2014-01-30 00:00:00,5.740000247955322
2014-01-31 00:00:00,0.0949999988079071
2014-02-01 00:00:00,6.22499942779541
2014-02-02 00:00:00,2.6600000858306885
2014-02-03 00:00:00,0.0
2014-02-04 00:00:00,0.22999998927116394
2014-02-05 00:00:00,0.2449999898672104
2014-02-06 00:00:00,3.7800002098083496
2014-02-07 00:00:00,1.4250000715255737
2014-02-08 00:00:00,0.14499999582767487
2014-02-09 00:00:00,1.149999976158142
2014-02-10 00:00:00,0.14999999105930328
2014-02-11 00:00:00,0.7949999570846558
2014-02-12 00:00:00,0.5149999856948853
2014-02-13 00:00:00,0.04999999701976776
2014-02-14 00:00:00,0.0
2014-02-15 00:00:00,0.38999998569488525
2014-02-16 00:00:00,0.35999998450279236
2014-02-17 00:00:00,3.3899998664855957
2014-02-18 00:00:00,20.955001831054688
2014-02-19 00:00:00,0.5600000023841858
2014-02-20 00:00:00,1.2350000143051147
2014-02-21 00:00:00,0.9649999737739563
2014-02-22 00:00:00,0.34999996423721313
2014-02-23 00:00:00,0.0
2014-02-24 00:00:00,0.9399999380111694
2014-02-25 00:00:00,0.0
2014-02-26 00:00:00,0.0
2014-02-27 00:00:00,0.5449999570846558
2014-02-28 00:00:00,0.0
2014-03-01 00:00:00,0.0
2014-03-02 00:00:00,0.0
2014-03-03 00:00:00,0.0
2014-03-04 00:00:00,0.18000000715255737
2014-03-05 00:00:00,1.159999966621399
2014-03-06 00:00:00,0.0
2014-03-07 00:00:00,1.434999942779541
2014-03-08 00:00:00,0.5299999713897705
2014-03-09 00:00:00,13.529998779296875
2014-03-10 00:00:00,0.0
2014-03-11 00:00:00,0.0
2014-03-12 00:00:00,0.3499999940395355
2014-03-13 00:00:00,0.4650000035762787
2014-03-14 00:00:00,0.3499999940395355
2014-03-15 00:00:00,0.20500001311302185
2014-03-16 00:00:00,0.06499999761581421
2014-03-17 00:00:00,3.565000057220459
2014-03-18 00:00:00,10.735000610351562
2014-03-19 00:00:00,0.1550000011920929
2014-03-20 00:00:00,0.0
2014-03-21 00:00:00,0.0
2014-03-22 00:00:00,1.0049999952316284
2014-03-23 00:00:00,1.7699999809265137
2014-03-24 00:00:00,0.0
2014-03-25 00:00:00,0.08500000089406967
2014-03-26 00:00:00,0.125
2014-03-27 00:00:00,0.0
2014-03-28 00:00:00,0.0
2014-03-29 00:00:00,0.0
2014-03-30 00:00:00,0.0
2014-03-31 00:00:00,0.0
2014-04-01 00:00:00,0.0
2014-04-02 00:00:00,0.004999999888241291
2014-04-03 00:00:00,1.3599998950958252
2014-04-04 00:00:00,0.9699999690055847
2014-04-05 00:00:00,0.014999999664723873
2014-04-06 00:00:00,0.10500000417232513
2014-04-07 00:00:00,0.38499999046325684
2014-04-08 00:00:00,5.299999713897705
2014-04-09 00:00:00,0.8400000333786011
2014-04-10 00:00:00,0.0
2014-04-11 00:00:00,0.0
2014-04-12 00:00:00,0.0
2014-04-13 00:00:00,0.0
2014-04-14 00:00:00,0.0949999988079071
2014-04-15 00:00:00,0.0
2014-04-16 00:00:00,0.0
2014-04-17 00:00:00,0.0
2014-04-18 00:00:00,2.2300000190734863
2014-04-19 00:00:00,0.0
2014-04-20 00:00:00,0.2750000059604645
2014-04-21 00:00:00,0.0
2014-04-22 00:00:00,0.0
2014-04-23 00:00:00,0.0
2014-04-24 00:00:00,0.0
2014-04-25 00:00:00,0.0
2014-04-26 00:00:00,0.0
2014-04-27 00:00:00,0.0
2014-04-28 00:00:00,0.0
2014-04-29 00:00:00,0.0
2014-04-30 00:00:00,0.019999999552965164
2014-05-01 00:00:00,0.03500000014901161
2014-05-02 00:00:00,0.0
2014-05-03 00:00:00,0.0
2014-05-04 00:00:00,0.0
2014-05-05 00:00:00,0.0
2014-05-06 00:00:00,0.0
2014-05-07 00:00:00,0.0
2014-05-08 00:00:00,0.0
2014-05-09 00:00:00,0.0
2014-05-10 00:00:00,0.0
2014-05-11 00:00:00,0.0
2014-05-12 00:00:00,0.304999977350235
2014-05-13 00:00:00,0.03500000014901161
2014-05-14 00:00:00,0.0
2014-05-15 00:00:00,0.0
2014-05-16 00:00:00,0.0
2014-05-17 00:00:00,0.0
2014-05-18 00:00:00,0.029999997466802597
2014-05-19 00:00:00,0.0
2014-05-20 00:00:00,0.0
2014-05-21 00:00:00,0.0
2014-05-22 00:00:00,0.3349999785423279
2014-05-23 00:00:00,0.0
2014-05-24 00:00:00,0.0
2014-05-25 00:00:00,0.0
2014-05-26 00:00:00,0.0
2014-05-27 00:00:00,0.0
2014-05-28 00:00:00,0.0
2014-05-29 00:00:00,0.0
2014-05-30 00:00:00,0.0
2014-05-31 00:00:00,0.0
2014-06-01 00:00:00,0.0
2014-06-02 00:00:00,0.0
2014-06-03 00:00:00,0.0
2014-06-04 00:00:00,0.0
2014-06-05 00:00:00,0.0
2014-06-06 00:00:00,0.0
2014-06-07 00:00:00,0.0
2014-06-08 00:00:00,0.0
2014-06-09 00:00:00,0.0
2014-06-10 00:00:00,0.0
2014-06-11 00:00:00,0.004999999888241291
2014-06-12 00:00:00,0.0
2014-06-13 00:00:00,0.0
2014-06-14 00:00:00,0.0
2014-06-15 00:00:00,0.0
2014-06-16 00:00:00,0.0
2014-06-17 00:00:00,0.0
2014-06-18 00:00:00,0.0
2014-06-19 00:00:00,0.0
2014-06-20 00:00:00,0.0
2014-06-21 00:00:00,0.0
2014-06-22 00:00:00,0.0
2014-06-23 00:00:00,0.0
2014-06-24 00:00:00,0.0
2014-06-25 00:00:00,0.0
2014-06-26 00:00:00,0.0
2014-06-27 00:00:00,0.0
2014-06-28 00:00:00,0.0
2014-06-29 00:00:00,0.0
2014-06-30 00:00:00,0.0
2014-07-01 00:00:00,0.0
2014-07-02 00:00:00,0.0
2014-07-03 00:00:00,0.0
2014-07-04 00:00:00,0.0
2014-07-05 00:00:00,0.0
2014-07-06 00:00:00,0.32999998331069946
2014-07-07 00:00:00,0.0
2014-07-08 00:00:00,0.0
2014-07-09 00:00:00,0.0
2014-07-10 00:00:00,0.0
2014-07-11 00:00:00,0.0
2014-07-12 00:00:00,0.0
2014-07-13 00:00:00,0.0
2014-07-14 00:00:00,0.7049999833106995
2014-07-15 00:00:00,0.0
2014-07-16 00:00:00,0.0
2014-07-17 00:00:00,0.0
2014-07-18 00:00:00,0.0
2014-07-19 00:00:00,0.0
2014-07-20 00:00:00,0.1550000011920929
2014-07-21 00:00:00,0.0
2014-07-22 00:00:00,0.0
2014-07-23 00:00:00,0.0
2014-07-24 00:00:00,0.0
2014-07-25 00:00:00,0.42500001192092896
2014-07-26 00:00:00,0.6499999761581421
2014-07-27 00:00:00,0.0
2014-07-28 00:00:00,0.0
2014-07-29 00:00:00,0.0
2014-07-30 00:00:00,0.0
2014-07-31 00:00:00,0.0
2014-08-01 00:00:00,0.0
2014-08-02 00:00:00,0.0
2014-08-03 00:00:00,0.0
2014-08-04 00:00:00,0.0
2014-08-05 00:00:00,0.0
2014-08-06 00:00:00,0.0
2014-08-07 00:00:00,0.0
2014-08-08 00:00:00,0.0
2014-08-09 00:00:00,0.0
2014-08-10 00:00:00,0.0
2014-08-11 00:00:00,0.0
2014-08-12 00:00:00,0.0
2014-08-13 00:00:00,0.0
2014-08-14 00:00:00,0.5199999809265137
2014-08-15 00:00:00,0.4300000071525574
2014-08-16 00:00:00,0.0
2014-08-17 00:00:00,0.0
2014-08-18 00:00:00,0.0
2014-08-19 00:00:00,0.0
2014-08-20 00:00:00,0.0
2014-08-21 00:00:00,0.0
2014-08-22 00:00:00,0.0
2014-08-23 00:00:00,0.0
2014-08-24 00:00:00,0.0
2014-08-25 00:00:00,0.0
2014-08-26 00:00:00,0.0
2014-08-27 00:00:00,0.0
2014-08-28 00:00:00,0.0
2014-08-29 00:00:00,0.9149999618530273
2014-08-30 00:00:00,0.0949999988079071
2014-08-31 00:00:00,0.0
2014-09-01 00:00:00,0.2549999952316284
2014-09-02 00:00:00,0.0
2014-09-03 00:00:00,0.0
2014-09-04 00:00:00,0.0
2014-09-05 00:00:00,0.22499999403953552
2014-09-06 00:00:00,0.7049999833106995
2014-09-07 00:00:00,0.14499999582767487
2014-09-08 00:00:00,0.9599999785423279
2014-09-09 00:00:00,0.0
2014-09-10 00:00:00,0.0
2014-09-11 00:00:00,0.2199999988079071
2014-09-12 00:00:00,18.729997634887695
2014-09-13 00:00:00,0.17000000178813934
2014-09-14 00:00:00,0.0
2014-09-15 00:00:00,0.0
2014-09-16 00:00:00,0.125
2014-09-17 00:00:00,2.004999876022339
2014-09-18 00:00:00,0.09999999403953552
2014-09-19 00:00:00,0.03999999910593033
2014-09-20 00:00:00,0.0
2014-09-21 00:00:00,0.6200000047683716
2014-09-22 00:00:00,0.004999999888241291
2014-09-23 00:00:00,0.03500000014901161
2014-09-24 00:00:00,1.0399999618530273
2014-09-25 00:00:00,0.0
2014-09-26 00:00:00,0.48499998450279236
2014-09-27 00:00:00,0.73499995470047
2014-09-28 00:00:00,0.11999999731779099
2014-09-29 00:00:00,1.375
2014-09-30 00:00:00,1.7749998569488525
2014-10-01 00:00:00,1.940000057220459
2014-10-02 00:00:00,1.4149999618530273
2014-10-03 00:00:00,5.819999694824219
2014-10-04 00:00:00,0.0
2014-10-05 00:00:00,0.0
2014-10-06 00:00:00,0.044999998062849045
2014-10-07 00:00:00,0.08500000089406967
2014-10-08 00:00:00,0.1249999925494194
2014-10-09 00:00:00,0.0
2014-10-10 00:00:00,0.0
2014-10-11 00:00:00,0.25
2014-10-12 00:00:00,3.9749999046325684
2014-10-13 00:00:00,1.7849998474121094
2014-10-14 00:00:00,0.0
2014-10-15 00:00:00,0.0
2014-10-16 00:00:00,0.0
2014-10-17 00:00:00,0.0
2014-10-18 00:00:00,0.0
2014-10-19 00:00:00,0.4999999701976776
2014-10-20 00:00:00,4.760000228881836
2014-10-21 00:00:00,4.559999942779541
2014-10-22 00:00:00,1.1899999380111694
2014-10-23 00:00:00,0.20000001788139343
2014-10-24 00:00:00,0.0
2014-10-25 00:00:00,0.0
2014-10-26 00:00:00,0.0
2014-10-27 00:00:00,0.0
2014-10-28 00:00:00,0.0
2014-10-29 00:00:00,0.0
2014-10-30 00:00:00,0.0
2014-10-31 00:00:00,0.0
2014-11-01 00:00:00,0.029999999329447746
2014-11-02 00:00:00,0.0
2014-11-03 00:00:00,0.0
2014-11-04 00:00:00,0.0
2014-11-05 00:00:00,0.0
2014-11-06 00:00:00,0.0
2014-11-07 00:00:00,0.0
2014-11-08 00:00:00,0.029999999329447746
2014-11-09 00:00:00,0.0
2014-11-10 00:00:00,2.174999713897705
2014-11-11 00:00:00,0.1900000274181366
2014-11-12 00:00:00,0.0
2014-11-13 00:00:00,0.009999999776482582
2014-11-14 00:00:00,0.4449999928474426
2014-11-15 00:00:00,0.004999999888241291
2014-11-16 00:00:00,9.989999771118164
2014-11-17 00:00:00,2.8899998664855957
2014-11-18 00:00:00,0.14499999582767487
2014-11-19 00:00:00,0.0
2014-11-20 00:00:00,0.0
2014-11-21 00:00:00,0.0
2014-11-22 00:00:00,0.125
2014-11-23 00:00:00,0.2549999952316284
2014-11-24 00:00:00,0.09999999403953552
2014-11-25 00:00:00,0.0
2014-11-26 00:00:00,0.0
2014-11-27 00:00:00,0.0
2014-11-28 00:00:00,1.0749999284744263
2014-11-29 00:00:00,0.02499999850988388
2014-11-30 00:00:00,0.5049999952316284
2014-12-01 00:00:00,2.615000009536743
2014-12-02 00:00:00,0.04999999701976776
2014-12-03 00:00:00,0.25
2014-12-04 00:00:00,0.8999999761581421
2014-12-05 00:00:00,0.0
2014-12-06 00:00:00,0.0
2014-12-07 00:00:00,0.009999999776482582
2014-12-08 00:00:00,0.3349999785423279
2014-12-09 00:00:00,0.375
2014-12-10 00:00:00,0.0
2014-12-11 00:00:00,0.0
2014-12-12 00:00:00,0.0
2014-12-13 00:00:00,0.019999999552965164
2014-12-14 00:00:00,0.5799999833106995
2014-12-15 00:00:00,0.8200000524520874
2014-12-16 00:00:00,3.260000228881836
2014-12-17 00:00:00,2.309999942779541
2014-12-18 00:00:00,0.6299999952316284
2014-12-19 00:00:00,0.7149999737739563
2014-12-20 00:00:00,0.0
2014-12-21 00:00:00,0.0
2014-12-22 00:00:00,0.0
2014-12-23 00:00:00,0.5600000023841858
2014-12-24 00:00:00,0.0
2014-12-25 00:00:00,5.354999542236328
2014-12-26 00:00:00,10.334999084472656
2014-12-27 00:00:00,2.509999990463257
2014-12-28 00:00:00,12.030000686645508
2014-12-29 00:00:00,13.995000839233398
2014-12-30 00:00:00,2.93999981880188
2014-12-31 00:00:00,0.1850000023841858
2015-01-01 00:00:00,1.0699999332427979
2015-01-02 00:00:00,2.1600000858306885
2015-01-03 00:00:00,0.09999999403953552
2015-01-04 00:00:00,1.5799999237060547
2015-01-05 00:00:00,10.835000038146973
2015-01-06 00:00:00,5.589999198913574
2015-01-07 00:00:00,1.409999966621399
2015-01-08 00:00:00,9.760000228881836
2015-01-09 00:00:00,1.5450000762939453
2015-01-10 00:00:00,15.180000305175781
2015-01-11 00:00:00,3.5799999237060547
2015-01-12 00:00:00,9.619999885559082
2015-01-13 00:00:00,1.3399999141693115
2015-01-14 00:00:00,0.0
2015-01-15 00:00:00,0.0
2015-01-16 00:00:00,0.3149999976158142
2015-01-17 00:00:00,0.2449999898672104
2015-01-18 00:00:00,9.540000915527344
2015-01-19 00:00:00,4.449999809265137
2015-01-20 00:00:00,5.314999580383301
2015-01-21 00:00:00,10.160000801086426
2015-01-22 00:00:00,0.5849999785423279
2015-01-23 00:00:00,5.079999923706055
2015-01-24 00:00:00,2.4200000762939453
2015-01-25 00:00:00,1.8299999237060547
2015-01-26 00:00:00,0.0
2015-01-27 00:00:00,0.0
2015-01-28 00:00:00,0.5099999904632568
2015-01-29 00:00:00,1.9850001335144043
2015-01-30 00:00:00,5.0099992752075195
2015-01-31 00:00:00,5.710000038146973
2015-02-01 00:00:00,1.4749999046325684
2015-02-02 00:00:00,0.1550000011920929
2015-02-03 00:00:00,7.084999084472656
2015-02-04 00:00:00,9.960000038146973
2015-02-05 00:00:00,2.9099998474121094
2015-02-06 00:00:00,10.444998741149902
2015-02-07 00:00:00,0.004999999888241291
2015-02-08 00:00:00,0.0
2015-02-09 00:00:00,0.9049999713897705
2015-02-10 00:00:00,4.699999809265137
2015-02-11 00:00:00,10.054999351501465
2015-02-12 00:00:00,0.559999942779541
2015-02-13 00:00:00,0.6000000238418579
2015-02-14 00:00:00,4.360000133514404
2015-02-15 00:00:00,11.930000305175781
2015-02-16 00:00:00,11.455000877380371
2015-02-17 00:00:00,0.019999999552965164
2015-02-18 00:00:00,0.0
2015-02-19 00:00:00,0.0
2015-02-20 00:00:00,0.0
2015-02-21 00:00:00,3.7799997329711914
2015-02-22 00:00:00,0.809999942779541
2015-02-23 00:00:00,1.6449999809265137
2015-02-24 00:00:00,0.0
2015-02-25 00:00:00,0.0
2015-02-26 00:00:00,0.0
2015-02-27 00:00:00,0.8400000333786011
2015-02-28 00:00:00,0.699999988079071
2015-03-01 00:00:00,0.0
2015-03-02 00:00:00,0.0
2015-03-03 00:00:00,1.690000057220459
2015-03-04 00:00:00,1.5
2015-03-05 00:00:00,1.3399999141693115
2015-03-06 00:00:00,7.654999732971191
2015-03-07 00:00:00,28.404996871948242
2015-03-08 00:00:00,8.84000015258789
2015-03-09 00:00:00,4.704999923706055
2015-03-10 00:00:00,0.6700000166893005
2015-03-11 00:00:00,0.0
2015-03-12 00:00:00,0.5699999928474426
2015-03-13 00:00:00,0.14000000059604645
2015-03-14 00:00:00,1.7049999237060547
2015-03-15 00:00:00,0.0
2015-03-16 00:00:00,0.7199999690055847
2015-03-17 00:00:00,8.339999198913574
2015-03-18 00:00:00,0.0
2015-03-19 00:00:00,0.6050000190734863
2015-03-20 00:00:00,0.5649999976158142
2015-03-21 00:00:00,0.0
2015-03-22 00:00:00,0.004999999888241291
2015-03-23 00:00:00,2.184999942779541
2015-03-24 00:00:00,2.5899999141693115
2015-03-25 00:00:00,0.5450000166893005
2015-03-26 00:00:00,3.0
2015-03-27 00:00:00,0.3199999928474426
2015-03-28 00:00:00,0.0
2015-03-29 00:00:00,0.0
2015-03-30 00:00:00,0.6149999499320984
2015-03-31 00:00:00,0.0
2015-04-01 00:00:00,0.0
2015-04-02 00:00:00,3.0999999046325684
2015-04-03 00:00:00,0.5849999785423279
2015-04-04 00:00:00,0.0
2015-04-05 00:00:00,0.0
2015-04-06 00:00:00,0.0
2015-04-07 00:00:00,6.579999923706055
2015-04-08 00:00:00,1.654999852180481
2015-04-09 00:00:00,0.0
2015-04-10 00:00:00,0.3100000023841858
2015-04-11 00:00:00,0.3199999928474426
2015-04-12 00:00:00,2.4600000381469727
2015-04-13 00:00:00,0.7299999594688416
2015-04-14 00:00:00,1.4749999046325684
2015-04-15 00:00:00,0.0
2015-04-16 00:00:00,0.0
2015-04-17 00:00:00,0.0
2015-04-18 00:00:00,0.8600000143051147
2015-04-19 00:00:00,0.10500000417232513
2015-04-20 00:00:00,0.25
2015-04-21 00:00:00,0.6650000214576721
2015-04-22 00:00:00,1.625
2015-04-23 00:00:00,2.0799999237060547
2015-04-24 00:00:00,0.0
2015-04-25 00:00:00,1.309999942779541
2015-04-26 00:00:00,9.344999313354492
2015-04-27 00:00:00,0.10999999940395355
2015-04-28 00:00:00,0.004999999888241291
2015-04-29 00:00:00,3.5799999237060547
2015-04-30 00:00:00,0.0
2015-05-01 00:00:00,0.0
2015-05-02 00:00:00,0.0
2015-05-03 00:00:00,0.0
2015-05-04 00:00:00,0.0
2015-05-05 00:00:00,0.0
2015-05-06 00:00:00,0.0
2015-05-07 00:00:00,0.0
2015-05-08 00:00:00,0.0
2015-05-09 00:00:00,0.0
2015-05-10 00:00:00,0.0
2015-05-11 00:00:00,0.0
2015-05-12 00:00:00,0.0
2015-05-13 00:00:00,0.0
2015-05-14 00:00:00,0.0
2015-05-15 00:00:00,0.0
2015-05-16 00:00:00,0.014999999664723873
2015-05-17 00:00:00,0.0
2015-05-18 00:00:00,0.0
2015-05-19 00:00:00,0.0
2015-05-20 00:00:00,0.0
2015-05-21 00:00:00,0.0
2015-05-22 00:00:00,0.0
2015-05-23 00:00:00,0.0
2015-05-24 00:00:00,0.0
2015-05-25 00:00:00,0.0
2015-05-26 00:00:00,0.0
2015-05-27 00:00:00,0.0
2015-05-28 00:00:00,0.0
2015-05-29 00:00:00,0.0
2015-05-30 00:00:00,0.0
2015-05-31 00:00:00,0.0
2015-06-01 00:00:00,0.0
2015-06-02 00:00:00,0.0
2015-06-03 00:00:00,0.0
2015-06-04 00:00:00,0.0
2015-06-05 00:00:00,0.0
2015-06-06 00:00:00,0.0
2015-06-07 00:00:00,0.0
2015-06-08 00:00:00,0.0
2015-06-09 00:00:00,0.0
2015-06-10 00:00:00,0.004999999888241291
2015-06-11 00:00:00,0.0
2015-06-12 00:00:00,0.0
2015-06-13 00:00:00,0.0
2015-06-14 00:00:00,0.0
2015-06-15 00:00:00,0.0
2015-06-16 00:00:00,0.0
2015-06-17 00:00:00,0.0
2015-06-18 00:00:00,0.0
2015-06-19 00:00:00,0.0
2015-06-20 00:00:00,0.0
2015-06-21 00:00:00,0.0
2015-06-22 00:00:00,0.0
2015-06-23 00:00:00,0.0
2015-06-24 00:00:00,0.0
2015-06-25 00:00:00,0.25999999046325684
2015-06-26 00:00:00,0.16499999165534973
2015-06-27 00:00:00,0.0
2015-06-28 00:00:00,0.0
2015-06-29 00:00:00,0.0
2015-06-30 00:00:00,0.0
2015-07-01 00:00:00,0.0
2015-07-02 00:00:00,0.0
2015-07-03 00:00:00,0.3999999761581421
2015-07-04 00:00:00,5.125
2015-07-05 00:00:00,0.07499999552965164
2015-07-06 00:00:00,0.07000000029802322
2015-07-07 00:00:00,0.0
2015-07-08 00:00:00,0.0
2015-07-09 00:00:00,0.0
2015-07-10 00:00:00,0.0
2015-07-11 00:00:00,0.0
2015-07-12 00:00:00,0.0
2015-07-13 00:00:00,0.2549999952316284
2015-07-14 00:00:00,0.08999999612569809
2015-07-15 00:00:00,0.004999999888241291
2015-07-16 00:00:00,0.0
2015-07-17 00:00:00,0.0
2015-07-18 00:00:00,0.0
2015-07-19 00:00:00,0.0
2015-07-20 00:00:00,0.0
2015-07-21 00:00:00,0.0
2015-07-22 00:00:00,0.0
2015-07-23 00:00:00,0.0
2015-07-24 00:00:00,0.0
2015-07-25 00:00:00,0.0
2015-07-26 00:00:00,0.0
2015-07-27 00:00:00,0.0
2015-07-28 00:00:00,0.0
2015-07-29 00:00:00,0.0
2015-07-30 00:00:00,0.0
2015-07-31 00:00:00,0.0
2015-08-01 00:00:00,0.0
2015-08-02 00:00:00,0.0
2015-08-03 00:00:00,0.0
2015-08-04 00:00:00,0.0
2015-08-05 00:00:00,0.0
2015-08-06 00:00:00,0.0
2015-08-07 00:00:00,0.0
2015-08-08 00:00:00,0.0
2015-08-09 00:00:00,0.0
2015-08-10 00:00:00,0.0
2015-08-11 00:00:00,0.3700000047683716
2015-08-12 00:00:00,0.19499999284744263
2015-08-13 00:00:00,0.009999999776482582
2015-08-14 00:00:00,0.0
2015-08-15 00:00:00,0.014999999664723873
2015-08-16 00:00:00,0.0
2015-08-17 00:00:00,0.0
2015-08-18 00:00:00,0.009999999776482582
2015-08-19 00:00:00,3.859999895095825
2015-08-20 00:00:00,0.0
2015-08-21 00:00:00,1.1549999713897705
2015-08-22 00:00:00,0.0
2015-08-23 00:00:00,0.23999999463558197
2015-08-24 00:00:00,0.0
2015-08-25 00:00:00,0.0
2015-08-26 00:00:00,0.0
2015-08-27 00:00:00,0.0
2015-08-28 00:00:00,0.0
2015-08-29 00:00:00,0.0
2015-08-30 00:00:00,0.0
2015-08-31 00:00:00,0.0
2015-09-01 00:00:00,0.0
2015-09-02 00:00:00,0.7950000762939453
2015-09-03 00:00:00,0.3999999761581421
2015-09-04 00:00:00,7.095000267028809
2015-09-05 00:00:00,1.4300000667572021
2015-09-06 00:00:00,0.3999999761581421
2015-09-07 00:00:00,0.0
2015-09-08 00:00:00,0.0
2015-09-09 00:00:00,0.0
2015-09-10 00:00:00,0.0
2015-09-11 00:00:00,0.0
2015-09-12 00:00:00,0.0
2015-09-13 00:00:00,1.46999990940094
2015-09-14 00:00:00,0.0
2015-09-15 00:00:00,0.0
2015-09-16 00:00:00,0.0
2015-09-17 00:00:00,0.4649999737739563
2015-09-18 00:00:00,4.034999847412109
2015-09-19 00:00:00,0.0
2015-09-20 00:00:00,0.0
2015-09-21 00:00:00,0.6699999570846558
2015-09-22 00:00:00,0.0
2015-09-23 00:00:00,1.1349999904632568
2015-09-24 00:00:00,0.9799998998641968
2015-09-25 00:00:00,5.015000343322754
2015-09-26 00:00:00,0.0
2015-09-27 00:00:00,0.0
2015-09-28 00:00:00,0.0
2015-09-29 00:00:00,0.0
2015-09-30 00:00:00,0.0
2015-10-01 00:00:00,0.009999999776482582
2015-10-02 00:00:00,4.999999523162842
2015-10-03 00:00:00,7.699999809265137
2015-10-04 00:00:00,0.05999999865889549
2015-10-05 00:00:00,0.0
2015-10-06 00:00:00,0.8299999237060547
2015-10-07 00:00:00,0.28999999165534973
2015-10-08 00:00:00,0.0
2015-10-09 00:00:00,0.0
2015-10-10 00:00:00,0.0
2015-10-11 00:00:00,0.0
2015-10-12 00:00:00,0.0
2015-10-13 00:00:00,0.0
2015-10-14 00:00:00,0.0
2015-10-15 00:00:00,0.0
2015-10-16 00:00:00,0.7799999713897705
2015-10-17 00:00:00,0.0
2015-10-18 00:00:00,0.2449999898672104
2015-10-19 00:00:00,0.27000001072883606
2015-10-20 00:00:00,0.06499999761581421
2015-10-21 00:00:00,0.0
2015-10-22 00:00:00,0.0
2015-10-23 00:00:00,0.0
2015-10-24 00:00:00,0.1899999976158142
2015-10-25 00:00:00,15.305000305175781
2015-10-26 00:00:00,1.559999704360962
2015-10-27 00:00:00,0.0
2015-10-28 00:00:00,0.0
2015-10-29 00:00:00,0.32500001788139343
2015-10-30 00:00:00,0.0
2015-10-31 00:00:00,0.0
2015-11-01 00:00:00,0.3349999785423279
2015-11-02 00:00:00,0.0
2015-11-03 00:00:00,0.009999999776482582
2015-11-04 00:00:00,0.0
2015-11-05 00:00:00,0.0
2015-11-06 00:00:00,0.004999999888241291
2015-11-07 00:00:00,0.0
2015-11-08 00:00:00,0.0
2015-11-09 00:00:00,0.7450000047683716
2015-11-10 00:00:00,2.629999876022339
2015-11-11 00:00:00,0.2849999964237213
2015-11-12 00:00:00,2.2950000762939453
2015-11-13 00:00:00,1.8149998188018799
2015-11-14 00:00:00,4.565000057220459
2015-11-15 00:00:00,0.0
2015-11-16 00:00:00,0.0
2015-11-17 00:00:00,0.0
2015-11-18 00:00:00,0.0
2015-11-19 00:00:00,0.0
2015-11-20 00:00:00,0.0
2015-11-21 00:00:00,0.0
2015-11-22 00:00:00,0.0
2015-11-23 00:00:00,0.3349999785423279
2015-11-24 00:00:00,1.4199999570846558
2015-11-25 00:00:00,0.5449999570846558
2015-11-26 00:00:00,0.2749999761581421
2015-11-27 00:00:00,0.0
2015-11-28 00:00:00,0.0
2015-11-29 00:00:00,0.0
2015-11-30 00:00:00,0.39499998092651367
2015-12-01 00:00:00,0.6450000405311584
2015-12-02 00:00:00,0.0
2015-12-03 00:00:00,0.0
2015-12-04 00:00:00,0.0
2015-12-05 00:00:00,0.0
2015-12-06 00:00:00,0.19999998807907104
2015-12-07 00:00:00,0.7549999952316284
2015-12-08 00:00:00,1.1049998998641968
2015-12-09 00:00:00,0.0
2015-12-10 00:00:00,0.0
2015-12-11 00:00:00,0.0
2015-12-12 00:00:00,0.5
2015-12-13 00:00:00,0.0
2015-12-14 00:00:00,0.0
2015-12-15 00:00:00,0.0
2015-12-16 00:00:00,0.004999999888241291
2015-12-17 00:00:00,0.05999999865889549
2015-12-18 00:00:00,1.1150000095367432
2015-12-19 00:00:00,0.6499999761581421
2015-12-20 00:00:00,5.909999847412109
2015-12-21 00:00:00,0.22499999403953552
2015-12-22 00:00:00,0.4150000214576721
2015-12-23 00:00:00,0.21000000834465027
2015-12-24 00:00:00,0.8899999856948853
2015-12-25 00:00:00,0.33000001311302185
2015-12-26 00:00:00,10.014999389648438
2015-12-27 00:00:00,3.804999828338623
2015-12-28 00:00:00,0.0
2015-12-29 00:00:00,0.0
2015-12-30 00:00:00,0.014999999664723873
2015-12-31 00:00:00,0.0
2016-01-01 00:00:00,0.0
2016-01-02 00:00:00,0.004999999888241291
2016-01-03 00:00:00,0.08999999612569809
2016-01-04 00:00:00,0.10500000417232513
2016-01-05 00:00:00,2.1050000190734863
2016-01-06 00:00:00,12.710000038146973
2016-01-07 00:00:00,5.115000247955322
2016-01-08 00:00:00,0.5450000166893005
2016-01-09 00:00:00,0.0949999988079071
2016-01-10 00:00:00,0.2750000059604645
2016-01-11 00:00:00,10.520000457763672
2016-01-12 00:00:00,4.414999961853027
2016-01-13 00:00:00,2.8349997997283936
2016-01-14 00:00:00,0.03500000014901161
2016-01-15 00:00:00,0.0
2016-01-16 00:00:00,12.059999465942383
2016-01-17 00:00:00,8.475000381469727
2016-01-18 00:00:00,8.21500015258789
2016-01-19 00:00:00,4.84499979019165
2016-01-20 00:00:00,0.48500001430511475
2016-01-21 00:00:00,0.0
2016-01-22 00:00:00,0.0
2016-01-23 00:00:00,0.0
2016-01-24 00:00:00,1.7599999904632568
2016-01-25 00:00:00,0.5399999618530273
2016-01-26 00:00:00,0.0
2016-01-27 00:00:00,0.0
2016-01-28 00:00:00,0.2199999988079071
2016-01-29 00:00:00,0.35999998450279236
2016-01-30 00:00:00,0.5550000071525574
2016-01-31 00:00:00,1.9650001525878906
2016-02-01 00:00:00,0.3349999785423279
2016-02-02 00:00:00,4.579999923706055
2016-02-03 00:00:00,0.0
2016-02-04 00:00:00,0.0
2016-02-05 00:00:00,0.0
2016-02-06 00:00:00,0.2549999952316284
2016-02-07 00:00:00,4.255000114440918
2016-02-08 00:00:00,2.4099998474121094
2016-02-09 00:00:00,5.489998817443848
2016-02-10 00:00:00,4.200000286102295
2016-02-11 00:00:00,0.04999999701976776
2016-02-12 00:00:00,0.6599999666213989
2016-02-13 00:00:00,3.8550000190734863
2016-02-14 00:00:00,5.6999993324279785
2016-02-15 00:00:00,2.56499981880188
2016-02-16 00:00:00,15.690000534057617
2016-02-17 00:00:00,5.809999942779541
2016-02-18 00:00:00,3.9599997997283936
2016-02-19 00:00:00,7.5149993896484375
2016-02-20 00:00:00,0.8250000476837158
2016-02-21 00:00:00,2.2799999713897705
2016-02-22 00:00:00,11.179999351501465
2016-02-23 00:00:00,3.5099997520446777
2016-02-24 00:00:00,7.300000190734863
2016-02-25 00:00:00,5.945000171661377
2016-02-26 00:00:00,6.704999923706055
2016-02-27 00:00:00,0.08999999612569809
2016-02-28 00:00:00,0.0
2016-02-29 00:00:00,0.0
2016-03-01 00:00:00,0.0
2016-03-02 00:00:00,0.7799999713897705
2016-03-03 00:00:00,0.0
2016-03-04 00:00:00,0.0
2016-03-05 00:00:00,0.0
2016-03-06 00:00:00,0.0
2016-03-07 00:00:00,0.26499998569488525
2016-03-08 00:00:00,0.08500000089406967
2016-03-09 00:00:00,1.1050000190734863
2016-03-10 00:00:00,0.6749999523162842
2016-03-11 00:00:00,0.014999999664723873
2016-03-12 00:00:00,0.0
2016-03-13 00:00:00,1.7749998569488525
2016-03-14 00:00:00,1.0799999237060547
2016-03-15 00:00:00,2.934999942779541
2016-03-16 00:00:00,0.6850000023841858
2016-03-17 00:00:00,0.0
2016-03-18 00:00:00,0.0
2016-03-19 00:00:00,0.0
2016-03-20 00:00:00,0.0
2016-03-21 00:00:00,3.0149998664855957
2016-03-22 00:00:00,0.3999999761581421
2016-03-23 00:00:00,6.689999580383301
2016-03-24 00:00:00,0.0
2016-03-25 00:00:00,0.0
2016-03-26 00:00:00,0.0
2016-03-27 00:00:00,0.0
2016-03-28 00:00:00,0.42500001192092896
2016-03-29 00:00:00,0.4099999666213989
2016-03-30 00:00:00,0.25999999046325684
2016-03-31 00:00:00,0.11499999463558197
2016-04-01 00:00:00,0.12999999523162842
2016-04-02 00:00:00,0.0
2016-04-03 00:00:00,0.4150000214576721
2016-04-04 00:00:00,0.0
2016-04-05 00:00:00,3.5349998474121094
2016-04-06 00:00:00,1.5099997520446777
2016-04-07 00:00:00,2.700000047683716
2016-04-08 00:00:00,1.9249999523162842
2016-04-09 00:00:00,10.75
2016-04-10 00:00:00,0.0
2016-04-11 00:00:00,0.0
2016-04-12 00:00:00,0.0
2016-04-13 00:00:00,0.0
2016-04-14 00:00:00,0.0
2016-04-15 00:00:00,0.0
2016-04-16 00:00:00,1.7799999713897705
2016-04-17 00:00:00,3.2649998664855957
2016-04-18 00:00:00,11.71500015258789
2016-04-19 00:00:00,2.680000066757202
2016-04-20 00:00:00,0.22499999403953552
2016-04-21 00:00:00,1.8799999952316284
2016-04-22 00:00:00,0.0
2016-04-23 00:00:00,0.0
2016-04-24 00:00:00,0.0
2016-04-25 00:00:00,0.0
2016-04-26 00:00:00,0.0
2016-04-27 00:00:00,0.0
2016-04-28 00:00:00,0.0
2016-04-29 00:00:00,0.0
2016-04-30 00:00:00,0.0
2016-05-01 00:00:00,0.0
2016-05-02 00:00:00,0.0
2016-05-03 00:00:00,0.0
2016-05-04 00:00:00,0.0
2016-05-05 00:00:00,0.0
2016-05-06 00:00:00,0.0
2016-05-07 00:00:00,0.0
2016-05-08 00:00:00,0.0
2016-05-09 00:00:00,0.0
2016-05-10 00:00:00,0.0
2016-05-11 00:00:00,0.0
2016-05-12 00:00:00,0.0
2016-05-13 00:00:00,0.004999999888241291
2016-05-14 00:00:00,0.0
2016-05-15 00:00:00,0.0
2016-05-16 00:00:00,0.0
2016-05-17 00:00:00,0.0
2016-05-18 00:00:00,0.0
2016-05-19 00:00:00,0.0
2016-05-20 00:00:00,0.0
2016-05-21 00:00:00,0.0
2016-05-22 00:00:00,0.0
2016-05-23 00:00:00,0.0
2016-05-24 00:00:00,0.0
2016-05-25 00:00:00,0.0
2016-05-26 00:00:00,0.0
2016-05-27 00:00:00,0.0
2016-05-28 00:00:00,0.0
2016-05-29 00:00:00,0.0
2016-05-30 00:00:00,0.0
2016-05-31 00:00:00,0.0
2016-06-01 00:00:00,0.0
2016-06-02 00:00:00,0.0
2016-06-03 00:00:00,0.0
2016-06-04 00:00:00,0.0
2016-06-05 00:00:00,0.0
2016-06-06 00:00:00,0.009999999776482582
2016-06-07 00:00:00,0.0
2016-06-08 00:00:00,0.0
2016-06-09 00:00:00,0.0
2016-06-10 00:00:00,0.0
2016-06-11 00:00:00,0.0
2016-06-12 00:00:00,0.0
2016-06-13 00:00:00,0.0
2016-06-14 00:00:00,0.0
2016-06-15 00:00:00,0.0
2016-06-16 00:00:00,0.0
2016-06-17 00:00:00,0.0
2016-06-18 00:00:00,0.0
2016-06-19 00:00:00,0.0
2016-06-20 00:00:00,0.16999998688697815
2016-06-21 00:00:00,0.0
2016-06-22 00:00:00,0.0
2016-06-23 00:00:00,0.0
2016-06-24 00:00:00,0.0
2016-06-25 00:00:00,0.0
2016-06-26 00:00:00,0.0
2016-06-27 00:00:00,0.0
2016-06-28 00:00:00,5.240000247955322
2016-06-29 00:00:00,0.6449999809265137
2016-06-30 00:00:00,0.0
2016-07-01 00:00:00,1.184999942779541
2016-07-02 00:00:00,3.8499999046325684
2016-07-03 00:00:00,0.8300000429153442
2016-07-04 00:00:00,0.0
2016-07-05 00:00:00,0.0
2016-07-06 00:00:00,0.0
2016-07-07 00:00:00,0.014999999664723873
2016-07-08 00:00:00,0.0
2016-07-09 00:00:00,0.0
2016-07-10 00:00:00,0.0
2016-07-11 00:00:00,0.0
2016-07-12 00:00:00,0.0
2016-07-13 00:00:00,0.0
2016-07-14 00:00:00,0.0
2016-07-15 00:00:00,0.0
2016-07-16 00:00:00,0.0
2016-07-17 00:00:00,0.0
2016-07-18 00:00:00,0.0
2016-07-19 00:00:00,0.0
2016-07-20 00:00:00,0.0
2016-07-21 00:00:00,0.0
2016-07-22 00:00:00,0.0
2016-07-23 00:00:00,0.0
2016-07-24 00:00:00,0.0
2016-07-25 00:00:00,0.0
2016-07-26 00:00:00,0.0
2016-07-27 00:00:00,0.0
2016-07-28 00:00:00,0.0
2016-07-29 00:00:00,0.0
2016-07-30 00:00:00,0.0
2016-07-31 00:00:00,0.0
2016-08-01 00:00:00,0.0
2016-08-02 00:00:00,0.0
2016-08-03 00:00:00,0.0
2016-08-04 00:00:00,0.0
2016-08-05 00:00:00,0.0
2016-08-06 00:00:00,0.0
2016-08-07 00:00:00,0.4399999976158142
2016-08-08 00:00:00,0.0
2016-08-09 00:00:00,0.0
2016-08-10 00:00:00,0.0
2016-08-11 00:00:00,0.0
2016-08-12 00:00:00,0.0
2016-08-13 00:00:00,0.0
2016-08-14 00:00:00,0.0
2016-08-15 00:00:00,0.0
2016-08-16 00:00:00,0.0
2016-08-17 00:00:00,0.0
2016-08-18 00:00:00,0.004999999888241291
2016-08-19 00:00:00,0.0
2016-08-20 00:00:00,0.0
2016-08-21 00:00:00,0.0
2016-08-22 00:00:00,0.9199999570846558
2016-08-23 00:00:00,1.1750000715255737
2016-08-24 00:00:00,0.0949999988079071
2016-08-25 00:00:00,0.0
2016-08-26 00:00:00,0.0
2016-08-27 00:00:00,0.0
2016-08-28 00:00:00,0.0
2016-08-29 00:00:00,0.0
2016-08-30 00:00:00,0.0
2016-08-31 00:00:00,0.0
2016-09-01 00:00:00,0.25
2016-09-02 00:00:00,0.125
2016-09-03 00:00:00,0.0
2016-09-04 00:00:00,0.0
2016-09-05 00:00:00,0.0
2016-09-06 00:00:00,0.0
2016-09-07 00:00:00,0.0
2016-09-08 00:00:00,0.0
2016-09-09 00:00:00,0.0
2016-09-10 00:00:00,0.0
2016-09-11 00:00:00,0.0
2016-09-12 00:00:00,0.0
2016-09-13 00:00:00,0.0
2016-09-14 00:00:00,0.0
2016-09-15 00:00:00,0.08999999612569809
2016-09-16 00:00:00,0.0
2016-09-17 00:00:00,0.8100000619888306
2016-09-18 00:00:00,0.07999999821186066
2016-09-19 00:00:00,0.3999999761581421
2016-09-20 00:00:00,0.0
2016-09-21 00:00:00,0.08500000089406967
2016-09-22 00:00:00,0.1899999976158142
2016-09-23 00:00:00,0.0949999988079071
2016-09-24 00:00:00,0.29499998688697815
2016-09-25 00:00:00,0.16499999165534973
2016-09-26 00:00:00,0.0
2016-09-27 00:00:00,0.0
2016-09-28 00:00:00,0.0
2016-09-29 00:00:00,0.21000000834465027
2016-09-30 00:00:00,0.0
2016-10-01 00:00:00,1.6800000667572021
2016-10-02 00:00:00,3.2899999618530273
2016-10-03 00:00:00,4.114999771118164
2016-10-04 00:00:00,0.08999999612569809
2016-10-05 00:00:00,0.0
2016-10-06 00:00:00,0.0
2016-10-07 00:00:00,0.0
2016-10-08 00:00:00,0.0
2016-10-09 00:00:00,0.0
2016-10-10 00:00:00,0.3399999737739563
2016-10-11 00:00:00,0.3999999761581421
2016-10-12 00:00:00,0.0
2016-10-13 00:00:00,0.0
2016-10-14 00:00:00,0.0
2016-10-15 00:00:00,0.0
2016-10-16 00:00:00,0.4699999690055847
2016-10-17 00:00:00,0.0
2016-10-18 00:00:00,0.0
2016-10-19 00:00:00,0.0
2016-10-20 00:00:00,0.7199999690055847
2016-10-21 00:00:00,0.45499998331069946
2016-10-22 00:00:00,0.0
2016-10-23 00:00:00,0.0
2016-10-24 00:00:00,0.0
2016-10-25 00:00:00,0.0
2016-10-26 00:00:00,0.0
2016-10-27 00:00:00,2.1499998569488525
2016-10-28 00:00:00,2.6750001907348633
2016-10-29 00:00:00,0.35999998450279236
2016-10-30 00:00:00,0.0
2016-10-31 00:00:00,0.014999999664723873
2016-11-01 00:00:00,0.0
2016-11-02 00:00:00,0.0
2016-11-03 00:00:00,0.0
2016-11-04 00:00:00,0.4999999701976776
2016-11-05 00:00:00,0.35499998927116394
2016-11-06 00:00:00,0.2199999988079071
2016-11-07 00:00:00,0.3349999785423279
2016-11-08 00:00:00,1.6800000667572021
2016-11-09 00:00:00,0.0
2016-11-10 00:00:00,0.0
2016-11-11 00:00:00,0.0
2016-11-12 00:00:00,0.0
2016-11-13 00:00:00,0.0
2016-11-14 00:00:00,0.0
2016-11-15 00:00:00,0.0
2016-11-16 00:00:00,0.0
2016-11-17 00:00:00,0.0
2016-11-18 00:00:00,0.9549999237060547
2016-11-19 00:00:00,0.5299999713897705
2016-11-20 00:00:00,0.16500000655651093
2016-11-21 00:00:00,0.0
2016-11-22 00:00:00,0.1850000023841858
2016-11-23 00:00:00,0.0
2016-11-24 00:00:00,0.0
2016-11-25 00:00:00,0.26999998092651367
2016-11-26 00:00:00,1.459999918937683
2016-11-27 00:00:00,0.29500001668930054
2016-11-28 00:00:00,0.2849999666213989
2016-11-29 00:00:00,0.14000000059604645
2016-11-30 00:00:00,2.1600000858306885
2016-12-01 00:00:00,19.25
2016-12-02 00:00:00,0.0
2016-12-03 00:00:00,0.20500001311302185
2016-12-04 00:00:00,5.614999771118164
2016-12-05 00:00:00,0.0
2016-12-06 00:00:00,0.16499999165534973
2016-12-07 00:00:00,4.055000305175781
2016-12-08 00:00:00,0.14000000059604645
2016-12-09 00:00:00,0.10500000417232513
2016-12-10 00:00:00,0.009999999776482582
2016-12-11 00:00:00,0.0
2016-12-12 00:00:00,0.0
2016-12-13 00:00:00,0.0
2016-12-14 00:00:00,6.149999618530273
2016-12-15 00:00:00,6.355000019073486
2016-12-16 00:00:00,0.0
2016-12-17 00:00:00,0.5349999666213989
2016-12-18 00:00:00,1.3899999856948853
2016-12-19 00:00:00,0.0
2016-12-20 00:00:00,0.0
2016-12-21 00:00:00,0.9850000143051147
2016-12-22 00:00:00,0.0
2016-12-23 00:00:00,0.0
2016-12-24 00:00:00,0.34999996423721313
2016-12-25 00:00:00,3.5749998092651367
2016-12-26 00:00:00,0.2199999988079071
2016-12-27 00:00:00,0.0
2016-12-28 00:00:00,0.5149999856948853
2016-12-29 00:00:00,1.679999828338623
2016-12-30 00:00:00,9.210000038146973
2016-12-31 00:00:00,2.819999933242798
2017-01-01 00:00:00,11.779998779296875
2017-01-02 00:00:00,0.47999998927116394
2017-01-03 00:00:00,1.0549999475479126
2017-01-04 00:00:00,0.5849999785423279
2017-01-05 00:00:00,3.8899998664855957
2017-01-06 00:00:00,6.714999198913574
2017-01-07 00:00:00,8.710000038146973
2017-01-08 00:00:00,9.949999809265137
2017-01-09 00:00:00,5.545000076293945
2017-01-10 00:00:00,0.6700000166893005
2017-01-11 00:00:00,9.769999504089355
2017-01-12 00:00:00,0.29499998688697815
2017-01-13 00:00:00,3.65000057220459
2017-01-14 00:00:00,0.5999999642372131
2017-01-15 00:00:00,0.5149999856948853
2017-01-16 00:00:00,0.25999999046325684
2017-01-17 00:00:00,0.03500000014901161
2017-01-18 00:00:00,0.47499996423721313
2017-01-19 00:00:00,0.0
2017-01-20 00:00:00,0.0
2017-01-21 00:00:00,0.0
2017-01-22 00:00:00,0.0
2017-01-23 00:00:00,1.059999942779541
2017-01-24 00:00:00,0.03500000014901161
2017-01-25 00:00:00,3.940000057220459
2017-01-26 00:00:00,10.114999771118164
2017-01-27 00:00:00,1.274999976158142
2017-01-28 00:00:00,0.0
2017-01-29 00:00:00,0.0
2017-01-30 00:00:00,0.0
2017-01-31 00:00:00,0.0
2017-02-01 00:00:00,0.0
2017-02-02 00:00:00,0.0
2017-02-03 00:00:00,0.6299999952316284
2017-02-04 00:00:00,0.0
2017-02-05 00:00:00,1.4249999523162842
2017-02-06 00:00:00,0.4449999928474426
2017-02-07 00:00:00,0.10500000417232513
2017-02-08 00:00:00,0.0
2017-02-09 00:00:00,0.0
2017-02-10 00:00:00,0.0
2017-02-11 00:00:00,0.0
2017-02-12 00:00:00,0.0
2017-02-13 00:00:00,2.950000047683716
2017-02-14 00:00:00,6.554999828338623
2017-02-15 00:00:00,0.9899998903274536
2017-02-16 00:00:00,0.574999988079071
2017-02-17 00:00:00,3.1999998092651367
2017-02-18 00:00:00,10.319999694824219
2017-02-19 00:00:00,1.8299999237060547
2017-02-20 00:00:00,15.309999465942383
2017-02-21 00:00:00,21.454998016357422
2017-02-22 00:00:00,0.0
2017-02-23 00:00:00,0.0
2017-02-24 00:00:00,2.3550000190734863
2017-02-25 00:00:00,1.2200000286102295
2017-02-26 00:00:00,2.1000001430511475
2017-02-27 00:00:00,1.1399999856948853
2017-02-28 00:00:00,5.704999923706055
2017-03-01 00:00:00,3.0749998092651367
2017-03-02 00:00:00,2.3550000190734863
2017-03-03 00:00:00,0.11499999463558197
2017-03-04 00:00:00,2.109999895095825
2017-03-05 00:00:00,0.26999998092651367
2017-03-06 00:00:00,0.7149999737739563
2017-03-07 00:00:00,1.2699999809265137
2017-03-08 00:00:00,1.5750000476837158
2017-03-09 00:00:00,10.630000114440918
2017-03-10 00:00:00,0.6199999451637268
2017-03-11 00:00:00,0.14999999105930328
2017-03-12 00:00:00,0.0
2017-03-13 00:00:00,1.3700000047683716
2017-03-14 00:00:00,2.5250000953674316
2017-03-15 00:00:00,5.360000133514404
2017-03-16 00:00:00,3.265000104904175
2017-03-17 00:00:00,0.4399999976158142
2017-03-18 00:00:00,0.8350000381469727
2017-03-19 00:00:00,0.0
2017-03-20 00:00:00,0.0
2017-03-21 00:00:00,0.0
2017-03-22 00:00:00,8.449999809265137
2017-03-23 00:00:00,12.125
2017-03-24 00:00:00,0.8350000381469727
2017-03-25 00:00:00,0.16499999165534973
2017-03-26 00:00:00,2.7200000286102295
2017-03-27 00:00:00,2.0950002670288086
2017-03-28 00:00:00,5.795000076293945
2017-03-29 00:00:00,5.74500036239624
2017-03-30 00:00:00,0.1599999964237213
2017-03-31 00:00:00,0.9549999237060547
2017-04-01 00:00:00,1.6600000858306885
2017-04-02 00:00:00,2.3299999237060547
2017-04-03 00:00:00,0.5649999976158142
2017-04-04 00:00:00,0.0
2017-04-05 00:00:00,0.0
2017-04-06 00:00:00,0.0
2017-04-07 00:00:00,0.0
2017-04-08 00:00:00,0.35499998927116394
2017-04-09 00:00:00,0.6999999284744263
2017-04-10 00:00:00,0.0
2017-04-11 00:00:00,0.4899999797344208
2017-04-12 00:00:00,1.7999999523162842
2017-04-13 00:00:00,0.0
2017-04-14 00:00:00,0.0
2017-04-15 00:00:00,0.004999999888241291
2017-04-16 00:00:00,0.0
2017-04-17 00:00:00,0.0
2017-04-18 00:00:00,0.0
2017-04-19 00:00:00,0.0
2017-04-20 00:00:00,0.0
2017-04-21 00:00:00,0.0
2017-04-22 00:00:00,0.0
2017-04-23 00:00:00,0.0
2017-04-24 00:00:00,0.28999999165534973
2017-04-25 00:00:00,0.0
2017-04-26 00:00:00,0.0
2017-04-27 00:00:00,0.0
2017-04-28 00:00:00,0.0
2017-04-29 00:00:00,0.8700000047683716
2017-04-30 00:00:00,0.0
2017-05-01 00:00:00,0.0
2017-05-02 00:00:00,0.0
2017-05-03 00:00:00,0.0
2017-05-04 00:00:00,0.0
2017-05-05 00:00:00,0.0
2017-05-06 00:00:00,0.0
2017-05-07 00:00:00,0.0
2017-05-08 00:00:00,0.0
2017-05-09 00:00:00,0.014999999664723873
2017-05-10 00:00:00,0.03500000014901161
2017-05-11 00:00:00,0.0
2017-05-12 00:00:00,0.0
2017-05-13 00:00:00,0.0
2017-05-14 00:00:00,0.0
2017-05-15 00:00:00,0.0
2017-05-16 00:00:00,0.125
2017-05-17 00:00:00,0.04999999701976776
2017-05-18 00:00:00,0.0
2017-05-19 00:00:00,0.0
2017-05-20 00:00:00,0.0
2017-05-21 00:00:00,0.0
2017-05-22 00:00:00,1.0199999809265137
2017-05-23 00:00:00,0.6149999499320984
2017-05-24 00:00:00,0.0
2017-05-25 00:00:00,0.2750000059604645
2017-05-26 00:00:00,2.6050000190734863
2017-05-27 00:00:00,0.05999999865889549
2017-05-28 00:00:00,0.0
2017-05-29 00:00:00,1.024999976158142
2017-05-30 00:00:00,0.08999999612569809
2017-05-31 00:00:00,0.0
2017-06-01 00:00:00,0.0
2017-06-02 00:00:00,0.0
2017-06-03 00:00:00,0.0
2017-06-04 00:00:00,0.0
2017-06-05 00:00:00,0.3799999952316284
2017-06-06 00:00:00,1.570000171661377
2017-06-07 00:00:00,0.0
2017-06-08 00:00:00,0.009999999776482582
2017-06-09 00:00:00,0.0
2017-06-10 00:00:00,3.740000009536743
2017-06-11 00:00:00,0.0
2017-06-12 00:00:00,0.0
2017-06-13 00:00:00,0.0
2017-06-14 00:00:00,0.0
2017-06-15 00:00:00,0.0
2017-06-16 00:00:00,0.0
2017-06-17 00:00:00,0.0
2017-06-18 00:00:00,0.0
2017-06-19 00:00:00,0.0
2017-06-20 00:00:00,0.0
2017-06-21 00:00:00,0.0
2017-06-22 00:00:00,0.0
2017-06-23 00:00:00,0.0
2017-06-24 00:00:00,0.0
2017-06-25 00:00:00,0.0
2017-06-26 00:00:00,0.0
2017-06-27 00:00:00,0.0
2017-06-28 00:00:00,0.0
2017-06-29 00:00:00,0.0
2017-06-30 00:00:00,0.0
2017-07-01 00:00:00,0.07000000029802322
2017-07-02 00:00:00,0.7949999570846558
2017-07-03 00:00:00,0.0
2017-07-04 00:00:00,0.0
2017-07-05 00:00:00,0.0
2017-07-06 00:00:00,0.0
2017-07-07 00:00:00,0.0
2017-07-08 00:00:00,0.0
2017-07-09 00:00:00,0.0
2017-07-10 00:00:00,0.0
2017-07-11 00:00:00,0.0
2017-07-12 00:00:00,0.0
2017-07-13 00:00:00,0.0
2017-07-14 00:00:00,0.0
2017-07-15 00:00:00,0.0
2017-07-16 00:00:00,0.0
2017-07-17 00:00:00,0.0
2017-07-18 00:00:00,0.0
2017-07-19 00:00:00,0.0
2017-07-20 00:00:00,0.0
2017-07-21 00:00:00,0.0
2017-07-22 00:00:00,0.0
2017-07-23 00:00:00,0.0
2017-07-24 00:00:00,0.0
2017-07-25 00:00:00,0.0
2017-07-26 00:00:00,0.0
2017-07-27 00:00:00,0.0
2017-07-28 00:00:00,0.0
2017-07-29 00:00:00,0.0
2017-07-30 00:00:00,0.0
2017-07-31 00:00:00,0.0
2017-08-01 00:00:00,0.0
2017-08-02 00:00:00,0.0
2017-08-03 00:00:00,0.0
2017-08-04 00:00:00,0.0
2017-08-05 00:00:00,0.0
2017-08-06 00:00:00,0.0
2017-08-07 00:00:00,0.0
2017-08-08 00:00:00,0.0
2017-08-09 00:00:00,0.0
2017-08-10 00:00:00,0.0
2017-08-11 00:00:00,0.0
2017-08-12 00:00:00,0.0
2017-08-13 00:00:00,0.0
2017-08-14 00:00:00,0.0
2017-08-15 00:00:00,0.0
2017-08-16 00:00:00,0.0
2017-08-17 00:00:00,0.0
2017-08-18 00:00:00,0.0
2017-08-19 00:00:00,0.0
2017-08-20 00:00:00,0.0
2017-08-21 00:00:00,0.0
2017-08-22 00:00:00,0.0
2017-08-23 00:00:00,0.0
2017-08-24 00:00:00,0.0
2017-08-25 00:00:00,0.0
2017-08-26 00:00:00,0.0
2017-08-27 00:00:00,0.0
2017-08-28 00:00:00,0.0
2017-08-29 00:00:00,0.0
2017-08-30 00:00:00,0.0
2017-08-31 00:00:00,0.0
2017-09-01 00:00:00,0.0
2017-09-02 00:00:00,0.0
2017-09-03 00:00:00,2.0999999046325684
2017-09-04 00:00:00,2.6649999618530273
2017-09-05 00:00:00,0.0
2017-09-06 00:00:00,0.0
2017-09-07 00:00:00,0.9449999928474426
2017-09-08 00:00:00,0.8899999856948853
2017-09-09 00:00:00,0.0
2017-09-10 00:00:00,0.0
2017-09-11 00:00:00,0.6699999570846558
2017-09-12 00:00:00,7.739998817443848
2017-09-13 00:00:00,0.5450000166893005
2017-09-14 00:00:00,0.0
2017-09-15 00:00:00,0.009999999776482582
2017-09-16 00:00:00,0.5899999737739563
2017-09-17 00:00:00,0.02499999850988388
2017-09-18 00:00:00,0.0
2017-09-19 00:00:00,0.0
2017-09-20 00:00:00,0.0
2017-09-21 00:00:00,0.4050000309944153
2017-09-22 00:00:00,0.125
2017-09-23 00:00:00,1.369999885559082
2017-09-24 00:00:00,0.0
2017-09-25 00:00:00,0.0
2017-09-26 00:00:00,0.3050000071525574
2017-09-27 00:00:00,0.0
2017-09-28 00:00:00,0.0
2017-09-29 00:00:00,0.0
2017-09-30 00:00:00,0.0
2017-10-01 00:00:00,0.0
2017-10-02 00:00:00,0.0
2017-10-03 00:00:00,0.0
2017-10-04 00:00:00,0.0
2017-10-05 00:00:00,0.0
2017-10-06 00:00:00,0.0
2017-10-07 00:00:00,0.0
2017-10-08 00:00:00,0.0
2017-10-09 00:00:00,0.0
2017-10-10 00:00:00,0.7549998760223389
2017-10-11 00:00:00,0.0
2017-10-12 00:00:00,0.0
2017-10-13 00:00:00,0.0
2017-10-14 00:00:00,5.8949995040893555
2017-10-15 00:00:00,5.599999904632568
2017-10-16 00:00:00,1.5099999904632568
2017-10-17 00:00:00,0.029999999329447746
2017-10-18 00:00:00,0.16499999165534973
2017-10-19 00:00:00,0.8149999380111694
2017-10-20 00:00:00,0.0
2017-10-21 00:00:00,0.0
2017-10-22 00:00:00,0.0
2017-10-23 00:00:00,0.04999999701976776
2017-10-24 00:00:00,0.0949999988079071
2017-10-25 00:00:00,0.029999999329447746
2017-10-26 00:00:00,0.0
2017-10-27 00:00:00,0.0
2017-10-28 00:00:00,0.0
2017-10-29 00:00:00,0.0
2017-10-30 00:00:00,0.0
2017-10-31 00:00:00,0.0
2017-11-01 00:00:00,0.03500000014901161
2017-11-02 00:00:00,0.0
2017-11-03 00:00:00,0.23999997973442078
2017-11-04 00:00:00,0.0
2017-11-05 00:00:00,0.0
2017-11-06 00:00:00,0.699999988079071
2017-11-07 00:00:00,0.7249999642372131
2017-11-08 00:00:00,0.0
2017-11-09 00:00:00,0.0
2017-11-10 00:00:00,0.9049999713897705
2017-11-11 00:00:00,2.4499998092651367
2017-11-12 00:00:00,0.4899999797344208
2017-11-13 00:00:00,0.0
2017-11-14 00:00:00,1.8599998950958252
2017-11-15 00:00:00,0.1599999964237213
2017-11-16 00:00:00,0.0
2017-11-17 00:00:00,0.0
2017-11-18 00:00:00,0.0
2017-11-19 00:00:00,0.0
2017-11-20 00:00:00,0.0
2017-11-21 00:00:00,0.0
2017-11-22 00:00:00,0.0
2017-11-23 00:00:00,0.0
2017-11-24 00:00:00,0.0
2017-11-25 00:00:00,0.0
2017-11-26 00:00:00,0.0
2017-11-27 00:00:00,0.42500001192092896
2017-11-28 00:00:00,0.0949999988079071
2017-11-29 00:00:00,0.07999999821186066
2017-11-30 00:00:00,0.0
2017-12-01 00:00:00,0.0
2017-12-02 00:00:00,0.0
2017-12-03 00:00:00,0.0
2017-12-04 00:00:00,3.8949999809265137
2017-12-05 00:00:00,0.26499998569488525
2017-12-06 00:00:00,0.0
2017-12-07 00:00:00,0.0
2017-12-08 00:00:00,1.119999885559082
2017-12-09 00:00:00,0.9699999690055847
2017-12-10 00:00:00,0.20500001311302185
2017-12-11 00:00:00,0.0
2017-12-12 00:00:00,0.0
2017-12-13 00:00:00,0.0
2017-12-14 00:00:00,0.0
2017-12-15 00:00:00,0.0
2017-12-16 00:00:00,0.0
2017-12-17 00:00:00,0.17499999701976776
2017-12-18 00:00:00,1.350000023841858
2017-12-19 00:00:00,3.1449999809265137
2017-12-20 00:00:00,8.119999885559082
2017-12-21 00:00:00,14.350000381469727
2017-12-22 00:00:00,1.840000033378601
2017-12-23 00:00:00,0.5649999976158142
2017-12-24 00:00:00,0.0
2017-12-25 00:00:00,0.0
2017-12-26 00:00:00,0.14999999105930328
2017-12-27 00:00:00,0.009999999776482582
2017-12-28 00:00:00,1.399999976158142
2017-12-29 00:00:00,4.635000228881836
2017-12-30 00:00:00,1.934999942779541
2017-12-31 00:00:00,1.100000023841858
2018-01-01 00:00:00,5.234999656677246
2018-01-02 00:00:00,0.009999999776482582
2018-01-03 00:00:00,0.0
2018-01-04 00:00:00,0.0
2018-01-05 00:00:00,0.0
2018-01-06 00:00:00,0.0
2018-01-07 00:00:00,2.0249998569488525
2018-01-08 00:00:00,0.9049999713897705
2018-01-09 00:00:00,2.4499998092651367
2018-01-10 00:00:00,5.149999618530273
2018-01-11 00:00:00,1.4649999141693115
2018-01-12 00:00:00,2.2300000190734863
2018-01-13 00:00:00,0.0
2018-01-14 00:00:00,0.0
2018-01-15 00:00:00,2.8450000286102295
2018-01-16 00:00:00,9.429999351501465
2018-01-17 00:00:00,0.2199999988079071
2018-01-18 00:00:00,48.654998779296875
2018-01-19 00:00:00,1.4499999284744263
2018-01-20 00:00:00,4.0
2018-01-21 00:00:00,0.0
2018-01-22 00:00:00,0.0
2018-01-23 00:00:00,0.0
2018-01-24 00:00:00,0.044999998062849045
2018-01-25 00:00:00,7.920000076293945
2018-01-26 00:00:00,0.2449999898672104
2018-01-27 00:00:00,0.02499999850988388
2018-01-28 00:00:00,2.3999998569488525
2018-01-29 00:00:00,6.210000038146973
2018-01-30 00:00:00,5.154999732971191
2018-01-31 00:00:00,4.53000020980835
2018-02-01 00:00:00,1.2049999237060547
2018-02-02 00:00:00,4.755000114440918
2018-02-03 00:00:00,5.539999961853027
2018-02-04 00:00:00,4.284999847412109
2018-02-05 00:00:00,4.550000190734863
2018-02-06 00:00:00,4.990000247955322
2018-02-07 00:00:00,0.47999998927116394
2018-02-08 00:00:00,3.3600001335144043
2018-02-09 00:00:00,10.769999504089355
2018-02-10 00:00:00,9.604999542236328
2018-02-11 00:00:00,8.805000305175781
2018-02-12 00:00:00,6.549999237060547
2018-02-13 00:00:00,0.7450000047683716
2018-02-14 00:00:00,9.924999237060547
2018-02-15 00:00:00,12.939997673034668
2018-02-16 00:00:00,1.8450000286102295
2018-02-17 00:00:00,1.619999885559082
2018-02-18 00:00:00,0.9699999690055847
2018-02-19 00:00:00,0.0
2018-02-20 00:00:00,0.29499998688697815
2018-02-21 00:00:00,0.0
2018-02-22 00:00:00,1.5149999856948853
2018-02-23 00:00:00,4.139999866485596
2018-02-24 00:00:00,0.42500001192092896
2018-02-25 00:00:00,3.6700005531311035
2018-02-26 00:00:00,2.7199997901916504
2018-02-27 00:00:00,5.054999828338623
2018-02-28 00:00:00,1.6049998998641968
2018-03-01 00:00:00,7.255000114440918
2018-03-02 00:00:00,1.1200000047683716
2018-03-03 00:00:00,4.474999904632568
2018-03-04 00:00:00,3.2249999046325684
2018-03-05 00:00:00,1.3600000143051147
2018-03-06 00:00:00,0.22499999403953552
2018-03-07 00:00:00,1.3700000047683716
2018-03-08 00:00:00,3.5899996757507324
2018-03-09 00:00:00,0.0
2018-03-10 00:00:00,0.0
2018-03-11 00:00:00,0.2199999988079071
2018-03-12 00:00:00,0.0
2018-03-13 00:00:00,2.9100000858306885
2018-03-14 00:00:00,3.005000114440918
2018-03-15 00:00:00,5.094999313354492
2018-03-16 00:00:00,9.630000114440918
2018-03-17 00:00:00,9.305000305175781
2018-03-18 00:00:00,1.4449999332427979
2018-03-19 00:00:00,1.1799999475479126
2018-03-20 00:00:00,3.434999942779541
2018-03-21 00:00:00,0.0
2018-03-22 00:00:00,1.1299999952316284
2018-03-23 00:00:00,0.0
2018-03-24 00:00:00,1.184999942779541
2018-03-25 00:00:00,3.5450000762939453
2018-03-26 00:00:00,0.0
2018-03-27 00:00:00,0.0
2018-03-28 00:00:00,0.0
2018-03-29 00:00:00,0.0
2018-03-30 00:00:00,0.0
2018-03-31 00:00:00,0.0
2018-04-01 00:00:00,0.0
2018-04-02 00:00:00,0.0
2018-04-03 00:00:00,0.0
2018-04-04 00:00:00,0.0
2018-04-05 00:00:00,0.0
2018-04-06 00:00:00,0.0
2018-04-07 00:00:00,0.0
2018-04-08 00:00:00,0.0
2018-04-09 00:00:00,0.09999999403953552
2018-04-10 00:00:00,0.125
2018-04-11 00:00:00,0.0
2018-04-12 00:00:00,0.0
2018-04-13 00:00:00,0.32999998331069946
2018-04-14 00:00:00,0.8550000190734863
2018-04-15 00:00:00,0.0
2018-04-16 00:00:00,0.0
2018-04-17 00:00:00,0.0
2018-04-18 00:00:00,0.0
2018-04-19 00:00:00,0.0
2018-04-20 00:00:00,0.0
2018-04-21 00:00:00,0.0
2018-04-22 00:00:00,0.0
2018-04-23 00:00:00,0.0
2018-04-24 00:00:00,0.0
2018-04-25 00:00:00,0.4649999737739563
2018-04-26 00:00:00,0.22999998927116394
2018-04-27 00:00:00,1.994999885559082
2018-04-28 00:00:00,9.094999313354492
2018-04-29 00:00:00,1.2300000190734863
2018-04-30 00:00:00,0.0
2018-05-01 00:00:00,1.8249998092651367
2018-05-02 00:00:00,0.5849999785423279
2018-05-03 00:00:00,0.0
2018-05-04 00:00:00,0.0
2018-05-05 00:00:00,0.0
2018-05-06 00:00:00,4.195000171661377
2018-05-07 00:00:00,0.0
2018-05-08 00:00:00,0.0
2018-05-09 00:00:00,0.0
2018-05-10 00:00:00,0.7649999856948853
2018-05-11 00:00:00,0.0
2018-05-12 00:00:00,0.0
2018-05-13 00:00:00,0.0
2018-05-14 00:00:00,0.0
2018-05-15 00:00:00,0.0
2018-05-16 00:00:00,0.0
2018-05-17 00:00:00,0.0
2018-05-18 00:00:00,0.0
2018-05-19 00:00:00,0.0
2018-05-20 00:00:00,0.0
2018-05-21 00:00:00,0.0
2018-05-22 00:00:00,0.0
2018-05-23 00:00:00,0.0
2018-05-24 00:00:00,0.0
2018-05-25 00:00:00,0.0
2018-05-26 00:00:00,0.0
2018-05-27 00:00:00,0.0
2018-05-28 00:00:00,0.0
2018-05-29 00:00:00,0.0
2018-05-30 00:00:00,0.0
2018-05-31 00:00:00,0.0
2018-06-01 00:00:00,0.0
2018-06-02 00:00:00,0.0
2018-06-03 00:00:00,0.25
2018-06-04 00:00:00,0.3699999749660492
2018-06-05 00:00:00,0.0
2018-06-06 00:00:00,0.004999999888241291
2018-06-07 00:00:00,0.0
2018-06-08 00:00:00,0.8999999761581421
2018-06-09 00:00:00,0.0
2018-06-10 00:00:00,0.0
2018-06-11 00:00:00,0.0
2018-06-12 00:00:00,0.0
2018-06-13 00:00:00,0.004999999888241291
2018-06-14 00:00:00,0.0
2018-06-15 00:00:00,0.004999999888241291
2018-06-16 00:00:00,0.0
2018-06-17 00:00:00,0.0
2018-06-18 00:00:00,3.25
2018-06-19 00:00:00,0.004999999888241291
2018-06-20 00:00:00,0.0
2018-06-21 00:00:00,0.0
2018-06-22 00:00:00,0.0
2018-06-23 00:00:00,0.019999999552965164
2018-06-24 00:00:00,1.0549999475479126
2018-06-25 00:00:00,0.0
2018-06-26 00:00:00,0.0
2018-06-27 00:00:00,0.0
2018-06-28 00:00:00,0.2800000011920929
2018-06-29 00:00:00,0.0
2018-06-30 00:00:00,0.0
2018-07-01 00:00:00,0.0
2018-07-02 00:00:00,0.0
2018-07-03 00:00:00,0.0
2018-07-04 00:00:00,0.0
2018-07-05 00:00:00,0.0
2018-07-06 00:00:00,0.0
2018-07-07 00:00:00,0.0
2018-07-08 00:00:00,0.0
2018-07-09 00:00:00,0.0
2018-07-10 00:00:00,0.0
2018-07-11 00:00:00,0.18000000715255737
2018-07-12 00:00:00,0.0
2018-07-13 00:00:00,0.2549999952316284
2018-07-14 00:00:00,0.3999999761581421
2018-07-15 00:00:00,0.0
2018-07-16 00:00:00,0.0
2018-07-17 00:00:00,0.0
2018-07-18 00:00:00,0.4399999976158142
2018-07-19 00:00:00,0.009999999776482582
2018-07-20 00:00:00,0.8600000143051147
2018-07-21 00:00:00,9.144999504089355
2018-07-22 00:00:00,1.7200000286102295
2018-07-23 00:00:00,0.0
2018-07-24 00:00:00,0.04999999701976776
2018-07-25 00:00:00,0.0
2018-07-26 00:00:00,0.0
2018-07-27 00:00:00,0.0
2018-07-28 00:00:00,0.0
2018-07-29 00:00:00,0.0
2018-07-30 00:00:00,0.0
2018-07-31 00:00:00,0.0
2018-08-01 00:00:00,0.26999998092651367
2018-08-02 00:00:00,0.004999999888241291
2018-08-03 00:00:00,3.2199997901916504
2018-08-04 00:00:00,0.19999998807907104
2018-08-05 00:00:00,0.2499999850988388
2018-08-06 00:00:00,0.0
2018-08-07 00:00:00,0.03999999910593033
2018-08-08 00:00:00,0.0
2018-08-09 00:00:00,0.0
2018-08-10 00:00:00,0.0
2018-08-11 00:00:00,0.0
2018-08-12 00:00:00,0.0
2018-08-13 00:00:00,0.0
2018-08-14 00:00:00,0.0
2018-08-15 00:00:00,0.0
2018-08-16 00:00:00,0.0
2018-08-17 00:00:00,0.0
2018-08-18 00:00:00,0.0
2018-08-19 00:00:00,0.0
2018-08-20 00:00:00,0.0
2018-08-21 00:00:00,0.0
2018-08-22 00:00:00,0.0
2018-08-23 00:00:00,0.0
2018-08-24 00:00:00,0.0
2018-08-25 00:00:00,0.0
2018-08-26 00:00:00,0.0
2018-08-27 00:00:00,0.0
2018-08-28 00:00:00,0.6150000095367432
2018-08-29 00:00:00,0.8450000286102295
2018-08-30 00:00:00,0.0
2018-08-31 00:00:00,0.0
2018-09-01 00:00:00,1.3899999856948853
2018-09-02 00:00:00,0.0
2018-09-03 00:00:00,0.0
2018-09-04 00:00:00,0.0
2018-09-05 00:00:00,0.0
2018-09-06 00:00:00,0.0
2018-09-07 00:00:00,0.0
2018-09-08 00:00:00,0.0
2018-09-09 00:00:00,0.0
2018-09-10 00:00:00,0.004999999888241291
2018-09-11 00:00:00,0.0
2018-09-12 00:00:00,0.0
2018-09-13 00:00:00,0.0
2018-09-14 00:00:00,0.0
2018-09-15 00:00:00,0.0
2018-09-16 00:00:00,0.0
2018-09-17 00:00:00,0.0
2018-09-18 00:00:00,0.0
2018-09-19 00:00:00,0.0
2018-09-20 00:00:00,0.0
2018-09-21 00:00:00,0.0
2018-09-22 00:00:00,2.179999828338623
2018-09-23 00:00:00,1.4849998950958252
2018-09-24 00:00:00,0.09000000357627869
2018-09-25 00:00:00,0.0
2018-09-26 00:00:00,0.0
2018-09-27 00:00:00,0.0
2018-09-28 00:00:00,0.9299999475479126
2018-09-29 00:00:00,0.0
2018-09-30 00:00:00,0.0
2018-10-01 00:00:00,0.0
2018-10-02 00:00:00,0.0
2018-10-03 00:00:00,0.4150000214576721
2018-10-04 00:00:00,0.0
2018-10-05 00:00:00,4.019999980926514
2018-10-06 00:00:00,4.519999980926514
2018-10-07 00:00:00,0.0
2018-10-08 00:00:00,0.0
2018-10-09 00:00:00,0.0
2018-10-10 00:00:00,0.21000000834465027
2018-10-11 00:00:00,0.36500000953674316
2018-10-12 00:00:00,0.0
2018-10-13 00:00:00,3.5199999809265137
2018-10-14 00:00:00,4.5
2018-10-15 00:00:00,0.1899999976158142
2018-10-16 00:00:00,0.0
2018-10-17 00:00:00,0.0
2018-10-18 00:00:00,0.1599999964237213
2018-10-19 00:00:00,6.6449995040893555
2018-10-20 00:00:00,0.03500000014901161
2018-10-21 00:00:00,1.7349998950958252
2018-10-22 00:00:00,3.080000400543213
2018-10-23 00:00:00,0.48499995470046997
2018-10-24 00:00:00,0.13499999046325684
2018-10-25 00:00:00,3.0450000762939453
2018-10-26 00:00:00,0.4399999976158142
2018-10-27 00:00:00,0.0
2018-10-28 00:00:00,0.0
2018-10-29 00:00:00,0.0
2018-10-30 00:00:00,0.9800000190734863
2018-10-31 00:00:00,0.7800000905990601
2018-11-01 00:00:00,0.0
2018-11-02 00:00:00,0.19999998807907104
2018-11-03 00:00:00,0.0
2018-11-04 00:00:00,0.0
2018-11-05 00:00:00,0.7799999713897705
2018-11-06 00:00:00,1.1399998664855957
2018-11-07 00:00:00,6.3249993324279785
2018-11-08 00:00:00,0.4449999928474426
2018-11-09 00:00:00,0.0
2018-11-10 00:00:00,0.3700000047683716
2018-11-11 00:00:00,0.17000000178813934
2018-11-12 00:00:00,0.0
2018-11-13 00:00:00,0.0
2018-11-14 00:00:00,0.0
2018-11-15 00:00:00,0.0
2018-11-16 00:00:00,0.2199999988079071
2018-11-17 00:00:00,0.1899999976158142
2018-11-18 00:00:00,2.740000009536743
2018-11-19 00:00:00,0.875
2018-11-20 00:00:00,1.6899998188018799
2018-11-21 00:00:00,0.14499999582767487
2018-11-22 00:00:00,0.0
2018-11-23 00:00:00,0.0
2018-11-24 00:00:00,0.0
2018-11-25 00:00:00,0.19499999284744263
2018-11-26 00:00:00,0.0
2018-11-27 00:00:00,2.195000171661377
2018-11-28 00:00:00,1.8600001335144043
2018-11-29 00:00:00,0.0
2018-11-30 00:00:00,0.0
2018-12-01 00:00:00,0.0
2018-12-02 00:00:00,0.4399999976158142
2018-12-03 00:00:00,0.0
2018-12-04 00:00:00,0.0
2018-12-05 00:00:00,0.0
2018-12-06 00:00:00,0.03999999910593033
2018-12-07 00:00:00,0.6449999809265137
2018-12-08 00:00:00,0.32999998331069946
2018-12-09 00:00:00,0.9899999499320984
2018-12-10 00:00:00,0.7299999594688416
2018-12-11 00:00:00,0.9350000023841858
2018-12-12 00:00:00,1.024999976158142
2018-12-13 00:00:00,0.0
2018-12-14 00:00:00,0.22499999403953552
2018-12-15 00:00:00,4.984999656677246
2018-12-16 00:00:00,6.849999904632568
2018-12-17 00:00:00,2.234999895095825
2018-12-18 00:00:00,11.920000076293945
2018-12-19 00:00:00,0.12999999523162842
2018-12-20 00:00:00,0.5600000023841858
2018-12-21 00:00:00,0.0
2018-12-22 00:00:00,0.0
2018-12-23 00:00:00,6.065000534057617
2018-12-24 00:00:00,2.0849997997283936
2018-12-25 00:00:00,0.1549999862909317
2018-12-26 00:00:00,2.5199999809265137
2018-12-27 00:00:00,0.0
2018-12-28 00:00:00,8.170000076293945
2018-12-29 00:00:00,10.370000839233398
2018-12-30 00:00:00,5.114999771118164
2018-12-31 00:00:00,1.4199999570846558
2019-01-01 00:00:00,0.1899999976158142
2019-01-02 00:00:00,3.065000057220459
2019-01-03 00:00:00,3.0299999713897705
2019-01-04 00:00:00,4.7599992752075195
2019-01-05 00:00:00,6.789999008178711
2019-01-06 00:00:00,1.5449999570846558
2019-01-07 00:00:00,0.0
2019-01-08 00:00:00,0.0
2019-01-09 00:00:00,0.02499999850988388
2019-01-10 00:00:00,1.1799999475479126
2019-01-11 00:00:00,0.05999999865889549
2019-01-12 00:00:00,5.339999675750732
2019-01-13 00:00:00,5.935000419616699
2019-01-14 00:00:00,4.574999809265137
2019-01-15 00:00:00,7.594999313354492
2019-01-16 00:00:00,9.654998779296875
2019-01-17 00:00:00,6.175000190734863
2019-01-18 00:00:00,1.3949998617172241
2019-01-19 00:00:00,6.420000076293945
2019-01-20 00:00:00,3.9900002479553223
2019-01-21 00:00:00,0.0
2019-01-22 00:00:00,0.07999999821186066
2019-01-23 00:00:00,2.1499998569488525
2019-01-24 00:00:00,0.009999999776482582
2019-01-25 00:00:00,0.2549999952316284
2019-01-26 00:00:00,0.004999999888241291
2019-01-27 00:00:00,4.710000038146973
2019-01-28 00:00:00,12.989997863769531
2019-01-29 00:00:00,2.9850003719329834
2019-01-30 00:00:00,2.4000000953674316
2019-01-31 00:00:00,4.659999370574951
2019-02-01 00:00:00,1.1949999332427979
2019-02-02 00:00:00,10.324999809265137
2019-02-03 00:00:00,1.159999966621399
2019-02-04 00:00:00,11.75
2019-02-05 00:00:00,10.369999885559082
2019-02-06 00:00:00,6.090000152587891
2019-02-07 00:00:00,0.8300000429153442
2019-02-08 00:00:00,0.5149999856948853
2019-02-09 00:00:00,3.7599997520446777
2019-02-10 00:00:00,4.674999713897705
2019-02-11 00:00:00,0.6050000190734863
2019-02-12 00:00:00,2.0349998474121094
2019-02-13 00:00:00,1.9699997901916504
2019-02-14 00:00:00,4.434999942779541
2019-02-15 00:00:00,11.25999927520752
2019-02-16 00:00:00,5.679998874664307
2019-02-17 00:00:00,0.25999999046325684
2019-02-18 00:00:00,0.08999999612569809
2019-02-19 00:00:00,5.524999618530273
2019-02-20 00:00:00,0.40000003576278687
2019-02-21 00:00:00,0.6199999451637268
2019-02-22 00:00:00,0.6150000095367432
2019-02-23 00:00:00,0.0
2019-02-24 00:00:00,0.0
2019-02-25 00:00:00,2.114999771118164
2019-02-26 00:00:00,0.0
2019-02-27 00:00:00,0.014999999664723873
2019-02-28 00:00:00,0.0
2019-03-01 00:00:00,0.1899999976158142
2019-03-02 00:00:00,0.1599999964237213
2019-03-03 00:00:00,12.450000762939453
2019-03-04 00:00:00,0.8250000476837158
2019-03-05 00:00:00,1.5049999952316284
2019-03-06 00:00:00,0.9549999833106995
2019-03-07 00:00:00,0.0
2019-03-08 00:00:00,0.0
2019-03-09 00:00:00,3.619999885559082
2019-03-10 00:00:00,0.3100000023841858
2019-03-11 00:00:00,0.0
2019-03-12 00:00:00,0.0
2019-03-13 00:00:00,2.119999885559082
2019-03-14 00:00:00,0.45499998331069946
2019-03-15 00:00:00,0.0
2019-03-16 00:00:00,1.2000000476837158
2019-03-17 00:00:00,0.0
2019-03-18 00:00:00,0.0
2019-03-19 00:00:00,0.0
2019-03-20 00:00:00,0.0
2019-03-21 00:00:00,0.0
2019-03-22 00:00:00,0.0
2019-03-23 00:00:00,0.0
2019-03-24 00:00:00,0.9549999833106995
2019-03-25 00:00:00,0.3349999785423279
2019-03-26 00:00:00,0.0
2019-03-27 00:00:00,5.144999980926514
2019-03-28 00:00:00,1.6050000190734863
2019-03-29 00:00:00,0.0
2019-03-30 00:00:00,0.0
2019-03-31 00:00:00,3.299999713897705
2019-04-01 00:00:00,6.429999351501465
2019-04-02 00:00:00,2.0199999809265137
2019-04-03 00:00:00,0.7350000143051147
2019-04-04 00:00:00,0.0
2019-04-05 00:00:00,2.0349998474121094
2019-04-06 00:00:00,0.38499993085861206
2019-04-07 00:00:00,0.0
2019-04-08 00:00:00,0.0
2019-04-09 00:00:00,0.0
2019-04-10 00:00:00,0.0
2019-04-11 00:00:00,0.14999999105930328
2019-04-12 00:00:00,0.0
2019-04-13 00:00:00,0.0
2019-04-14 00:00:00,0.004999999888241291
2019-04-15 00:00:00,0.0
2019-04-16 00:00:00,0.0
2019-04-17 00:00:00,0.375
2019-04-18 00:00:00,1.0449999570846558
2019-04-19 00:00:00,1.5799999237060547
2019-04-20 00:00:00,0.0
2019-04-21 00:00:00,0.0
2019-04-22 00:00:00,0.0
2019-04-23 00:00:00,0.7799999713897705
2019-04-24 00:00:00,0.0
2019-04-25 00:00:00,0.0
2019-04-26 00:00:00,0.0
2019-04-27 00:00:00,0.0
2019-04-28 00:00:00,0.0
2019-04-29 00:00:00,0.0
2019-04-30 00:00:00,0.1899999976158142
2019-05-01 00:00:00,0.0
2019-05-02 00:00:00,0.0
2019-05-03 00:00:00,0.0
2019-05-04 00:00:00,0.0
2019-05-05 00:00:00,0.0
2019-05-06 00:00:00,0.0
2019-05-07 00:00:00,0.0
2019-05-08 00:00:00,1.9200000762939453
2019-05-09 00:00:00,0.0
2019-05-10 00:00:00,0.0
2019-05-11 00:00:00,0.0
2019-05-12 00:00:00,0.0
2019-05-13 00:00:00,0.07499999552965164
2019-05-14 00:00:00,0.009999999776482582
2019-05-15 00:00:00,0.0
2019-05-16 00:00:00,0.0
2019-05-17 00:00:00,0.0
2019-05-18 00:00:00,0.0
2019-05-19 00:00:00,0.0
2019-05-20 00:00:00,0.0
2019-05-21 00:00:00,0.029999999329447746
2019-05-22 00:00:00,0.0
2019-05-23 00:00:00,0.03999999910593033
2019-05-24 00:00:00,0.0
2019-05-25 00:00:00,0.0
2019-05-26 00:00:00,0.0
2019-05-27 00:00:00,0.0
2019-05-28 00:00:00,0.0
2019-05-29 00:00:00,0.0
2019-05-30 00:00:00,0.0
2019-05-31 00:00:00,0.0
2019-06-01 00:00:00,0.0
2019-06-02 00:00:00,0.0
2019-06-03 00:00:00,0.0
2019-06-04 00:00:00,0.0
2019-06-05 00:00:00,0.0
2019-06-06 00:00:00,0.0
2019-06-07 00:00:00,0.0
2019-06-08 00:00:00,0.0
2019-06-09 00:00:00,0.0
2019-06-10 00:00:00,0.0
2019-06-11 00:00:00,0.0
2019-06-12 00:00:00,0.0
2019-06-13 00:00:00,0.8600000143051147
2019-06-14 00:00:00,0.14999999105930328
2019-06-15 00:00:00,1.4449999332427979
2019-06-16 00:00:00,1.3799998760223389
2019-06-17 00:00:00,0.0
2019-06-18 00:00:00,0.0
2019-06-19 00:00:00,0.0
2019-06-20 00:00:00,0.0
2019-06-21 00:00:00,0.0
2019-06-22 00:00:00,0.0
2019-06-23 00:00:00,0.0
2019-06-24 00:00:00,0.0
2019-06-25 00:00:00,0.0
2019-06-26 00:00:00,0.0
2019-06-27 00:00:00,0.0
2019-06-28 00:00:00,0.0
2019-06-29 00:00:00,0.0
2019-06-30 00:00:00,0.0
2019-07-01 00:00:00,0.0
2019-07-02 00:00:00,0.0
2019-07-03 00:00:00,0.0
2019-07-04 00:00:00,0.0
2019-07-05 00:00:00,0.0
2019-07-06 00:00:00,0.0
2019-07-07 00:00:00,0.0
2019-07-08 00:00:00,0.0
2019-07-09 00:00:00,0.0
2019-07-10 00:00:00,0.0
2019-07-11 00:00:00,0.0
2019-07-12 00:00:00,0.0
2019-07-13 00:00:00,0.0
2019-07-14 00:00:00,0.0
2019-07-15 00:00:00,0.0
2019-07-16 00:00:00,0.0
2019-07-17 00:00:00,4.170000076293945
2019-07-18 00:00:00,0.5649999976158142
2019-07-19 00:00:00,0.0
2019-07-20 00:00:00,0.0
2019-07-21 00:00:00,0.0
2019-07-22 00:00:00,0.0
2019-07-23 00:00:00,0.1599999964237213
2019-07-24 00:00:00,1.524999976158142
2019-07-25 00:00:00,0.0
2019-07-26 00:00:00,0.0
2019-07-27 00:00:00,0.0
2019-07-28 00:00:00,0.0
2019-07-29 00:00:00,0.0
2019-07-30 00:00:00,0.0
2019-07-31 00:00:00,0.0
2019-08-01 00:00:00,0.0
2019-08-02 00:00:00,0.0
2019-08-03 00:00:00,0.0
2019-08-04 00:00:00,0.0
2019-08-05 00:00:00,0.0
2019-08-06 00:00:00,0.0
2019-08-07 00:00:00,0.0
2019-08-08 00:00:00,0.0
2019-08-09 00:00:00,0.0
2019-08-10 00:00:00,0.0
2019-08-11 00:00:00,0.0
2019-08-12 00:00:00,0.0
2019-08-13 00:00:00,0.8550000190734863
2019-08-14 00:00:00,0.2750000059604645
2019-08-15 00:00:00,0.0
2019-08-16 00:00:00,0.0
2019-08-17 00:00:00,0.0
2019-08-18 00:00:00,0.0
2019-08-19 00:00:00,0.0
2019-08-20 00:00:00,0.0
2019-08-21 00:00:00,0.0
2019-08-22 00:00:00,0.0
2019-08-23 00:00:00,0.0
2019-08-24 00:00:00,0.0
2019-08-25 00:00:00,0.0
2019-08-26 00:00:00,0.0
2019-08-27 00:00:00,0.0
2019-08-28 00:00:00,0.0
2019-08-29 00:00:00,0.0
2019-08-30 00:00:00,0.0
2019-08-31 00:00:00,0.0
2019-09-01 00:00:00,0.0
2019-09-02 00:00:00,0.0
2019-09-03 00:00:00,0.06499999761581421
2019-09-04 00:00:00,6.1449995040893555
2019-09-05 00:00:00,3.5249996185302734
2019-09-06 00:00:00,2.4750001430511475
2019-09-07 00:00:00,4.62999963760376
2019-09-08 00:00:00,1.7749998569488525
2019-09-09 00:00:00,0.0
2019-09-10 00:00:00,0.0
2019-09-11 00:00:00,0.02499999850988388
2019-09-12 00:00:00,8.269999504089355
2019-09-13 00:00:00,0.23499999940395355
2019-09-14 00:00:00,0.0
2019-09-15 00:00:00,0.04999999701976776
2019-09-16 00:00:00,0.03500000014901161
2019-09-17 00:00:00,0.0
2019-09-18 00:00:00,0.0
2019-09-19 00:00:00,0.0
2019-09-20 00:00:00,0.0
2019-09-21 00:00:00,0.029999999329447746
2019-09-22 00:00:00,0.23000000417232513
2019-09-23 00:00:00,1.7599999904632568
2019-09-24 00:00:00,0.0
2019-09-25 00:00:00,0.0
2019-09-26 00:00:00,0.0
2019-09-27 00:00:00,0.0
2019-09-28 00:00:00,0.0
2019-09-29 00:00:00,0.0
2019-09-30 00:00:00,0.0
2019-10-01 00:00:00,0.9499999284744263
2019-10-02 00:00:00,0.044999998062849045
2019-10-03 00:00:00,0.2549999952316284
2019-10-04 00:00:00,0.26499995589256287
2019-10-05 00:00:00,0.0
2019-10-06 00:00:00,0.0
2019-10-07 00:00:00,0.0
2019-10-08 00:00:00,0.0
2019-10-09 00:00:00,0.0
2019-10-10 00:00:00,0.0
2019-10-11 00:00:00,0.0
2019-10-12 00:00:00,0.0
2019-10-13 00:00:00,0.4399999976158142
2019-10-14 00:00:00,0.0
2019-10-15 00:00:00,0.32499998807907104
2019-10-16 00:00:00,0.0
2019-10-17 00:00:00,0.0949999988079071
2019-10-18 00:00:00,1.9350001811981201
2019-10-19 00:00:00,4.500000476837158
2019-10-20 00:00:00,0.5049999952316284
2019-10-21 00:00:00,0.0
2019-10-22 00:00:00,0.0
2019-10-23 00:00:00,0.0
2019-10-24 00:00:00,0.0
2019-10-25 00:00:00,0.0
2019-10-26 00:00:00,0.0
2019-10-27 00:00:00,0.0
2019-10-28 00:00:00,0.0
2019-10-29 00:00:00,0.004999999888241291
2019-10-30 00:00:00,0.0
2019-10-31 00:00:00,0.0
2019-11-01 00:00:00,0.0
2019-11-02 00:00:00,0.0
2019-11-03 00:00:00,0.0
2019-11-04 00:00:00,1.6500000953674316
2019-11-05 00:00:00,4.805000305175781
2019-11-06 00:00:00,2.315000057220459
2019-11-07 00:00:00,0.32499998807907104
2019-11-08 00:00:00,0.0
2019-11-09 00:00:00,0.15000000596046448
2019-11-10 00:00:00,6.090000152587891
2019-11-11 00:00:00,2.765000104904175
2019-11-12 00:00:00,1.159999966621399
2019-11-13 00:00:00,0.02499999850988388
2019-11-14 00:00:00,1.7149999141693115
2019-11-15 00:00:00,0.06499999761581421
2019-11-16 00:00:00,0.0
2019-11-17 00:00:00,0.0
2019-11-18 00:00:00,0.14000000059604645
2019-11-19 00:00:00,0.0
2019-11-20 00:00:00,1.0499999523162842
2019-11-21 00:00:00,0.23499998450279236
2019-11-22 00:00:00,0.0
2019-11-23 00:00:00,0.5799999833106995
2019-11-24 00:00:00,8.139999389648438
2019-11-25 00:00:00,1.3550000190734863
2019-11-26 00:00:00,0.14000000059604645
2019-11-27 00:00:00,0.0
2019-11-28 00:00:00,0.4049999713897705
2019-11-29 00:00:00,0.0
2019-11-30 00:00:00,0.0
2019-12-01 00:00:00,0.009999999776482582
2019-12-02 00:00:00,0.09000000357627869
2019-12-03 00:00:00,0.0
2019-12-04 00:00:00,0.0
2019-12-05 00:00:00,2.8299999237060547
2019-12-06 00:00:00,9.930000305175781
2019-12-07 00:00:00,1.7000000476837158
2019-12-08 00:00:00,0.6999999284744263
2019-12-09 00:00:00,0.12000000476837158
2019-12-10 00:00:00,0.0
2019-12-11 00:00:00,0.029999999329447746
2019-12-12 00:00:00,0.0
2019-12-13 00:00:00,3.5250000953674316
2019-12-14 00:00:00,1.3000000715255737
2019-12-15 00:00:00,0.0
2019-12-16 00:00:00,0.0
2019-12-17 00:00:00,0.3199999928474426
2019-12-18 00:00:00,0.3349999785423279
2019-12-19 00:00:00,1.7000000476837158
2019-12-20 00:00:00,0.875
2019-12-21 00:00:00,0.029999999329447746
2019-12-22 00:00:00,0.0
2019-12-23 00:00:00,0.7400000095367432
2019-12-24 00:00:00,0.0
2019-12-25 00:00:00,9.010000228881836
2019-12-26 00:00:00,9.869998931884766
2019-12-27 00:00:00,6.7649993896484375
2019-12-28 00:00:00,3.815000057220459
2019-12-29 00:00:00,0.7199999094009399
2019-12-30 00:00:00,0.06499999761581421
2019-12-31 00:00:00,1.6749999523162842
2020-01-01 00:00:00,10.1899995803833
2020-01-02 00:00:00,5.324999809265137
2020-01-03 00:00:00,5.114999771118164
2020-01-04 00:00:00,0.8100000619888306
2020-01-05 00:00:00,1.100000023841858
2020-01-06 00:00:00,0.0
2020-01-07 00:00:00,0.0
2020-01-08 00:00:00,0.029999999329447746
2020-01-09 00:00:00,0.0
2020-01-10 00:00:00,0.32999998331069946
2020-01-11 00:00:00,3.129999876022339
2020-01-12 00:00:00,0.0
2020-01-13 00:00:00,2.3600001335144043
2020-01-14 00:00:00,6.369999885559082
2020-01-15 00:00:00,2.7750000953674316
2020-01-16 00:00:00,0.6899999976158142
2020-01-17 00:00:00,0.4449999928474426
2020-01-18 00:00:00,0.0
2020-01-19 00:00:00,0.0
2020-01-20 00:00:00,0.8700000047683716
2020-01-21 00:00:00,8.219999313354492
2020-01-22 00:00:00,5.7099995613098145
2020-01-23 00:00:00,0.0
2020-01-24 00:00:00,0.0
2020-01-25 00:00:00,0.0
2020-01-26 00:00:00,12.189998626708984
2020-01-27 00:00:00,2.184999942779541
2020-01-28 00:00:00,0.0
2020-01-29 00:00:00,0.0
2020-01-30 00:00:00,4.214999675750732
2020-01-31 00:00:00,0.0
2020-02-01 00:00:00,0.17499999701976776
2020-02-02 00:00:00,4.384999752044678
2020-02-03 00:00:00,0.4950000047683716
2020-02-04 00:00:00,11.589999198913574
2020-02-05 00:00:00,1.125
2020-02-06 00:00:00,1.7799999713897705
2020-02-07 00:00:00,10.014998435974121
2020-02-08 00:00:00,4.670000076293945
2020-02-09 00:00:00,2.7899999618530273
2020-02-10 00:00:00,1.2899999618530273
2020-02-11 00:00:00,2.93999981880188
2020-02-12 00:00:00,0.02499999850988388
2020-02-13 00:00:00,9.354999542236328
2020-02-14 00:00:00,0.5950000286102295
2020-02-15 00:00:00,4.619999885559082
2020-02-16 00:00:00,0.13999998569488525
2020-02-17 00:00:00,2.7749998569488525
2020-02-18 00:00:00,0.6799999475479126
2020-02-19 00:00:00,0.029999999329447746
2020-02-20 00:00:00,0.4599999785423279
2020-02-21 00:00:00,0.125
2020-02-22 00:00:00,4.170000076293945
2020-02-23 00:00:00,1.934999942779541
2020-02-24 00:00:00,0.0
2020-02-25 00:00:00,6.399999618530273
2020-02-26 00:00:00,5.75
2020-02-27 00:00:00,2.5399999618530273
2020-02-28 00:00:00,3.4699997901916504
2020-02-29 00:00:00,4.360000133514404
2020-03-01 00:00:00,0.10999999940395355
2020-03-02 00:00:00,1.8149998188018799
2020-03-03 00:00:00,0.0
2020-03-04 00:00:00,0.0
2020-03-05 00:00:00,0.0
2020-03-06 00:00:00,0.0
2020-03-07 00:00:00,0.0
2020-03-08 00:00:00,0.0
2020-03-09 00:00:00,2.8949995040893555
2020-03-10 00:00:00,0.0
2020-03-11 00:00:00,0.13999998569488525
2020-03-12 00:00:00,0.0
2020-03-13 00:00:00,0.0
2020-03-14 00:00:00,1.2999999523162842
2020-03-15 00:00:00,1.6299998760223389
2020-03-16 00:00:00,10.65000057220459
2020-03-17 00:00:00,5.994999885559082
2020-03-18 00:00:00,3.4950003623962402
2020-03-19 00:00:00,2.3449997901916504
2020-03-20 00:00:00,3.8050003051757812
2020-03-21 00:00:00,0.08500000089406967
2020-03-22 00:00:00,1.3149999380111694
2020-03-23 00:00:00,1.209999918937683
2020-03-24 00:00:00,0.0
2020-03-25 00:00:00,0.14000000059604645
2020-03-26 00:00:00,0.009999999776482582
2020-03-27 00:00:00,0.0
2020-03-28 00:00:00,0.19499999284744263
2020-03-29 00:00:00,0.0
2020-03-30 00:00:00,0.0
2020-03-31 00:00:00,0.0
2020-04-01 00:00:00,0.02499999850988388
2020-04-02 00:00:00,0.0
2020-04-03 00:00:00,0.0
2020-04-04 00:00:00,1.6549999713897705
2020-04-05 00:00:00,0.004999999888241291
2020-04-06 00:00:00,0.0
2020-04-07 00:00:00,0.0
2020-04-08 00:00:00,0.0
2020-04-09 00:00:00,0.0
2020-04-10 00:00:00,0.0
2020-04-11 00:00:00,0.0
2020-04-12 00:00:00,0.0
2020-04-13 00:00:00,0.0
2020-04-14 00:00:00,0.0
2020-04-15 00:00:00,0.0
2020-04-16 00:00:00,0.0
2020-04-17 00:00:00,0.0
2020-04-18 00:00:00,0.09999999403953552
2020-04-19 00:00:00,0.0
2020-04-20 00:00:00,1.6600000858306885
2020-04-21 00:00:00,0.14000000059604645
2020-04-22 00:00:00,0.0
2020-04-23 00:00:00,0.0
2020-04-24 00:00:00,0.0
2020-04-25 00:00:00,0.0
2020-04-26 00:00:00,0.05999999865889549
2020-04-27 00:00:00,0.0
2020-04-28 00:00:00,0.0
2020-04-29 00:00:00,0.0
2020-04-30 00:00:00,0.0
2020-05-01 00:00:00,0.0
2020-05-02 00:00:00,0.7899999618530273
2020-05-03 00:00:00,0.23000000417232513
2020-05-04 00:00:00,0.0
2020-05-05 00:00:00,0.054999999701976776
2020-05-06 00:00:00,0.0
2020-05-07 00:00:00,0.0
2020-05-08 00:00:00,0.0
2020-05-09 00:00:00,0.0
2020-05-10 00:00:00,0.0
2020-05-11 00:00:00,0.0
2020-05-12 00:00:00,0.0
2020-05-13 00:00:00,0.0
2020-05-14 00:00:00,0.0
2020-05-15 00:00:00,0.0
2020-05-16 00:00:00,0.0
2020-05-17 00:00:00,0.0
2020-05-18 00:00:00,0.0
2020-05-19 00:00:00,0.0
2020-05-20 00:00:00,0.0
2020-05-21 00:00:00,0.0
2020-05-22 00:00:00,0.0
2020-05-23 00:00:00,0.0
2020-05-24 00:00:00,0.0
2020-05-25 00:00:00,0.0
2020-05-26 00:00:00,0.0
2020-05-27 00:00:00,0.0
2020-05-28 00:00:00,0.0
2020-05-29 00:00:00,0.0
2020-05-30 00:00:00,0.0
2020-05-31 00:00:00,0.0
2020-06-01 00:00:00,0.029999999329447746
2020-06-02 00:00:00,0.5699999928474426
2020-06-03 00:00:00,0.04999999701976776
2020-06-04 00:00:00,0.0
2020-06-05 00:00:00,0.0
2020-06-06 00:00:00,0.03500000014901161
2020-06-07 00:00:00,0.0
2020-06-08 00:00:00,0.0
2020-06-09 00:00:00,0.0
2020-06-10 00:00:00,0.0
2020-06-11 00:00:00,0.0
2020-06-12 00:00:00,0.0
2020-06-13 00:00:00,0.0
2020-06-14 00:00:00,0.1850000023841858
2020-06-15 00:00:00,0.0
2020-06-16 00:00:00,0.0
2020-06-17 00:00:00,0.0
2020-06-18 00:00:00,0.0
2020-06-19 00:00:00,0.0
2020-06-20 00:00:00,0.0
2020-06-21 00:00:00,0.0
2020-06-22 00:00:00,0.0
2020-06-23 00:00:00,0.0
2020-06-24 00:00:00,0.0
2020-06-25 00:00:00,0.0
2020-06-26 00:00:00,0.0
2020-06-27 00:00:00,0.0
2020-06-28 00:00:00,0.0
2020-06-29 00:00:00,0.0
2020-06-30 00:00:00,0.0
2020-07-01 00:00:00,0.0
2020-07-02 00:00:00,0.0
2020-07-03 00:00:00,0.0
2020-07-04 00:00:00,0.0
2020-07-05 00:00:00,0.0
2020-07-06 00:00:00,0.0
2020-07-07 00:00:00,0.0
2020-07-08 00:00:00,0.0
2020-07-09 00:00:00,0.0
2020-07-10 00:00:00,0.0
2020-07-11 00:00:00,0.0
2020-07-12 00:00:00,0.0
2020-07-13 00:00:00,0.0
2020-07-14 00:00:00,0.0
2020-07-15 00:00:00,0.0
2020-07-16 00:00:00,0.0
2020-07-17 00:00:00,0.0
2020-07-18 00:00:00,0.0
2020-07-19 00:00:00,0.0
2020-07-20 00:00:00,0.1550000011920929
2020-07-21 00:00:00,0.0
2020-07-22 00:00:00,0.0
2020-07-23 00:00:00,0.0
2020-07-24 00:00:00,0.0
2020-07-25 00:00:00,0.0
2020-07-26 00:00:00,0.0
2020-07-27 00:00:00,0.0
2020-07-28 00:00:00,0.0
2020-07-29 00:00:00,0.0
2020-07-30 00:00:00,0.0
2020-07-31 00:00:00,0.0
2020-08-01 00:00:00,0.0
2020-08-02 00:00:00,0.0
2020-08-03 00:00:00,0.0
2020-08-04 00:00:00,0.0
2020-08-05 00:00:00,0.0
2020-08-06 00:00:00,0.0
2020-08-07 00:00:00,0.0
2020-08-08 00:00:00,0.0
2020-08-09 00:00:00,0.0
2020-08-10 00:00:00,0.0
2020-08-11 00:00:00,0.0
2020-08-12 00:00:00,0.0
2020-08-13 00:00:00,0.0
2020-08-14 00:00:00,0.0
2020-08-15 00:00:00,0.0
2020-08-16 00:00:00,0.0
2020-08-17 00:00:00,0.0
2020-08-18 00:00:00,0.0
2020-08-19 00:00:00,0.0
2020-08-20 00:00:00,0.0
2020-08-21 00:00:00,0.044999998062849045
2020-08-22 00:00:00,0.0
2020-08-23 00:00:00,0.0
2020-08-24 00:00:00,0.0
2020-08-25 00:00:00,0.0
2020-08-26 00:00:00,0.0
2020-08-27 00:00:00,0.0
2020-08-28 00:00:00,0.0
2020-08-29 00:00:00,0.0
2020-08-30 00:00:00,0.0
2020-08-31 00:00:00,0.0
2020-09-01 00:00:00,0.23999999463558197
2020-09-02 00:00:00,0.034999996423721313
2020-09-03 00:00:00,0.0
2020-09-04 00:00:00,0.0
2020-09-05 00:00:00,0.009999999776482582
2020-09-06 00:00:00,0.0
2020-09-07 00:00:00,0.07499999552965164
2020-09-08 00:00:00,0.23999999463558197
2020-09-09 00:00:00,0.004999999888241291
2020-09-10 00:00:00,0.875
2020-09-11 00:00:00,0.0
2020-09-12 00:00:00,0.0
2020-09-13 00:00:00,0.4999999403953552
2020-09-14 00:00:00,0.815000057220459
2020-09-15 00:00:00,0.1599999964237213
2020-09-16 00:00:00,0.0
2020-09-17 00:00:00,0.4300000071525574
2020-09-18 00:00:00,0.4150000214576721
2020-09-19 00:00:00,0.0
2020-09-20 00:00:00,0.0
2020-09-21 00:00:00,0.0
2020-09-22 00:00:00,0.0
2020-09-23 00:00:00,0.0
2020-09-24 00:00:00,0.0
2020-09-25 00:00:00,0.0
2020-09-26 00:00:00,0.0
2020-09-27 00:00:00,0.0
2020-09-28 00:00:00,1.4600000381469727
2020-09-29 00:00:00,0.0
2020-09-30 00:00:00,0.47499996423721313
2020-10-01 00:00:00,5.115000247955322
2020-10-02 00:00:00,0.934999942779541
2020-10-03 00:00:00,0.0
2020-10-04 00:00:00,0.054999999701976776
2020-10-05 00:00:00,0.014999999664723873
2020-10-06 00:00:00,0.0
2020-10-07 00:00:00,0.044999998062849045
2020-10-08 00:00:00,0.0
2020-10-09 00:00:00,0.0
2020-10-10 00:00:00,0.17000000178813934
2020-10-11 00:00:00,0.034999996423721313
2020-10-12 00:00:00,0.004999999888241291
2020-10-13 00:00:00,1.7949998378753662
2020-10-14 00:00:00,3.3600001335144043
2020-10-15 00:00:00,0.0
2020-10-16 00:00:00,0.014999999664723873
2020-10-17 00:00:00,0.0
2020-10-18 00:00:00,0.23499998450279236
2020-10-19 00:00:00,0.014999999664723873
2020-10-20 00:00:00,0.0
2020-10-21 00:00:00,0.0
2020-10-22 00:00:00,1.1050000190734863
2020-10-23 00:00:00,0.0
2020-10-24 00:00:00,0.0
2020-10-25 00:00:00,0.0
2020-10-26 00:00:00,0.0
2020-10-27 00:00:00,0.0
2020-10-28 00:00:00,0.0
2020-10-29 00:00:00,0.0
2020-10-30 00:00:00,0.009999999776482582
2020-10-31 00:00:00,0.0
2020-11-01 00:00:00,0.0
2020-11-02 00:00:00,0.0
2020-11-03 00:00:00,0.0
2020-11-04 00:00:00,0.0
2020-11-05 00:00:00,0.019999999552965164
2020-11-06 00:00:00,0.25
2020-11-07 00:00:00,0.0
2020-11-08 00:00:00,0.22999998927116394
2020-11-09 00:00:00,0.009999999776482582
2020-11-10 00:00:00,0.0
2020-11-11 00:00:00,0.0
2020-11-12 00:00:00,0.0
2020-11-13 00:00:00,0.0
2020-11-14 00:00:00,0.009999999776482582
2020-11-15 00:00:00,0.0
2020-11-16 00:00:00,0.0
2020-11-17 00:00:00,0.0
2020-11-18 00:00:00,0.0
2020-11-19 00:00:00,0.0
2020-11-20 00:00:00,0.0
2020-11-21 00:00:00,0.0
2020-11-22 00:00:00,0.0
2020-11-23 00:00:00,3.174999713897705
2020-11-24 00:00:00,0.5899999737739563
2020-11-25 00:00:00,1.130000114440918
2020-11-26 00:00:00,0.23499999940395355
2020-11-27 00:00:00,0.12999999523162842
2020-11-28 00:00:00,1.4449999332427979
2020-11-29 00:00:00,1.1099998950958252
2020-11-30 00:00:00,1.179999828338623
2020-12-01 00:00:00,2.424999952316284
2020-12-02 00:00:00,0.07000000029802322
2020-12-03 00:00:00,0.6100000143051147
2020-12-04 00:00:00,1.4700000286102295
2020-12-05 00:00:00,0.22999998927116394
2020-12-06 00:00:00,0.029999997466802597
2020-12-07 00:00:00,0.0
2020-12-08 00:00:00,0.0
2020-12-09 00:00:00,0.0
2020-12-10 00:00:00,0.0
2020-12-11 00:00:00,0.0
2020-12-12 00:00:00,0.0
2020-12-13 00:00:00,0.0
2020-12-14 00:00:00,0.0
2020-12-15 00:00:00,0.0
2020-12-16 00:00:00,0.0
2020-12-17 00:00:00,0.39499998092651367
2020-12-18 00:00:00,0.07999999821186066
2020-12-19 00:00:00,0.0
2020-12-20 00:00:00,0.044999998062849045
2020-12-21 00:00:00,2.7299997806549072
2020-12-22 00:00:00,4.429999828338623
2020-12-23 00:00:00,0.0
2020-12-24 00:00:00,1.244999885559082
2020-12-25 00:00:00,4.464999675750732
2020-12-26 00:00:00,0.0949999988079071
2020-12-27 00:00:00,2.9600000381469727
2020-12-28 00:00:00,2.434999942779541
2020-12-29 00:00:00,3.320000171661377
2020-12-30 00:00:00,13.055000305175781
2020-12-31 00:00:00,2.1649999618530273
2021-01-01 00:00:00,0.6299999952316284
2021-01-02 00:00:00,0.934999942779541
2021-01-03 00:00:00,0.05999999865889549
2021-01-04 00:00:00,0.0
2021-01-05 00:00:00,0.0
2021-01-06 00:00:00,0.09999999403953552
2021-01-07 00:00:00,7.72499942779541
2021-01-08 00:00:00,0.699999988079071
2021-01-09 00:00:00,3.809999942779541
2021-01-10 00:00:00,8.164999008178711
2021-01-11 00:00:00,2.109999895095825
2021-01-12 00:00:00,7.864999294281006
2021-01-13 00:00:00,11.86500072479248
2021-01-14 00:00:00,1.9649999141693115
2021-01-15 00:00:00,1.4850000143051147
2021-01-16 00:00:00,10.77500057220459
2021-01-17 00:00:00,9.15999984741211
2021-01-18 00:00:00,4.8949995040893555
2021-01-19 00:00:00,0.08499999344348907
2021-01-20 00:00:00,0.0949999988079071
2021-01-21 00:00:00,6.204999923706055
2021-01-22 00:00:00,3.0500001907348633
2021-01-23 00:00:00,0.3199999928474426
2021-01-24 00:00:00,5.094999313354492
2021-01-25 00:00:00,4.194999694824219
2021-01-26 00:00:00,0.38499999046325684
2021-01-27 00:00:00,0.0
2021-01-28 00:00:00,0.0
2021-01-29 00:00:00,0.0
2021-01-30 00:00:00,0.0
2021-01-31 00:00:00,0.6150000095367432
2021-02-01 00:00:00,2.5450000762939453
2021-02-02 00:00:00,2.1649999618530273
2021-02-03 00:00:00,0.7249999642372131
2021-02-04 00:00:00,6.529999732971191
2021-02-05 00:00:00,1.1899999380111694
2021-02-06 00:00:00,1.875
2021-02-07 00:00:00,1.209999918937683
2021-02-08 00:00:00,7.114999771118164
2021-02-09 00:00:00,0.2750000059604645
2021-02-10 00:00:00,0.0
2021-02-11 00:00:00,0.0
2021-02-12 00:00:00,0.0
2021-02-13 00:00:00,0.14999999105930328
2021-02-14 00:00:00,0.0
2021-02-15 00:00:00,0.009999999776482582
2021-02-16 00:00:00,0.0
2021-02-17 00:00:00,0.4649999737739563
2021-02-18 00:00:00,3.0149998664855957
2021-02-19 00:00:00,5.590000152587891
2021-02-20 00:00:00,1.624999761581421
2021-02-21 00:00:00,2.554999589920044
2021-02-22 00:00:00,0.0
2021-02-23 00:00:00,0.0
2021-02-24 00:00:00,0.0
2021-02-25 00:00:00,0.0
2021-02-26 00:00:00,2.3349997997283936
2021-02-27 00:00:00,0.0
2021-02-28 00:00:00,0.4649999737739563
2021-03-01 00:00:00,1.8799999952316284
2021-03-02 00:00:00,1.7249999046325684
2021-03-03 00:00:00,1.864999771118164
2021-03-04 00:00:00,0.9300000071525574
2021-03-05 00:00:00,0.11999999731779099
2021-03-06 00:00:00,2.180000066757202
2021-03-07 00:00:00,0.0
2021-03-08 00:00:00,0.0
2021-03-09 00:00:00,0.0
2021-03-10 00:00:00,0.0
2021-03-11 00:00:00,0.03999999910593033
2021-03-12 00:00:00,0.0
2021-03-13 00:00:00,0.6899999380111694
2021-03-14 00:00:00,0.5349999666213989
2021-03-15 00:00:00,5.375
2021-03-16 00:00:00,0.2549999952316284
2021-03-17 00:00:00,0.6899999976158142
2021-03-18 00:00:00,0.009999999776482582
2021-03-19 00:00:00,3.5999999046325684
2021-03-20 00:00:00,0.17499999701976776
2021-03-21 00:00:00,0.0
2021-03-22 00:00:00,3.0799999237060547
2021-03-23 00:00:00,5.049999713897705
2021-03-24 00:00:00,2.6449999809265137
2021-03-25 00:00:00,6.805000305175781
2021-03-26 00:00:00,1.1299999952316284
2021-03-27 00:00:00,0.49000000953674316
2021-03-28 00:00:00,2.8949997425079346
2021-03-29 00:00:00,0.26499998569488525
2021-03-30 00:00:00,2.3299996852874756
2021-03-31 00:00:00,4.799999713897705
2021-04-01 00:00:00,0.0
2021-04-02 00:00:00,0.0
2021-04-03 00:00:00,2.0999999046325684
2021-04-04 00:00:00,0.4399999976158142
2021-04-05 00:00:00,1.7449997663497925
2021-04-06 00:00:00,0.0
2021-04-07 00:00:00,0.0
2021-04-08 00:00:00,0.10500000417232513
2021-04-09 00:00:00,0.0
2021-04-10 00:00:00,0.0
2021-04-11 00:00:00,0.0
2021-04-12 00:00:00,0.03999999910593033
2021-04-13 00:00:00,2.1499998569488525
2021-04-14 00:00:00,0.009999999776482582
2021-04-15 00:00:00,0.0
2021-04-16 00:00:00,0.0
2021-04-17 00:00:00,0.0
2021-04-18 00:00:00,0.0
2021-04-19 00:00:00,0.0
2021-04-20 00:00:00,0.0
2021-04-21 00:00:00,0.0
2021-04-22 00:00:00,0.0
2021-04-23 00:00:00,0.0
2021-04-24 00:00:00,0.0
2021-04-25 00:00:00,0.0
2021-04-26 00:00:00,0.0
2021-04-27 00:00:00,0.0
2021-04-28 00:00:00,0.24500000476837158
2021-04-29 00:00:00,0.0
2021-04-30 00:00:00,0.0
2021-05-01 00:00:00,0.0
2021-05-02 00:00:00,0.0
2021-05-03 00:00:00,0.0
2021-05-04 00:00:00,0.0
2021-05-05 00:00:00,0.0
2021-05-06 00:00:00,0.12999999523162842
2021-05-07 00:00:00,0.0
2021-05-08 00:00:00,0.75
2021-05-09 00:00:00,0.004999999888241291
2021-05-10 00:00:00,0.1849999874830246
2021-05-11 00:00:00,0.35499998927116394
2021-05-12 00:00:00,0.08999999612569809
2021-05-13 00:00:00,0.0
2021-05-14 00:00:00,0.0
2021-05-15 00:00:00,0.0
2021-05-16 00:00:00,0.0
2021-05-17 00:00:00,0.0
2021-05-18 00:00:00,0.0
2021-05-19 00:00:00,0.0
2021-05-20 00:00:00,0.0
2021-05-21 00:00:00,0.0
2021-05-22 00:00:00,0.0
2021-05-23 00:00:00,0.0
2021-05-24 00:00:00,0.0
2021-05-25 00:00:00,0.004999999888241291
2021-05-26 00:00:00,4.824999809265137
2021-05-27 00:00:00,3.174999713897705
2021-05-28 00:00:00,0.0
2021-05-29 00:00:00,0.0
2021-05-30 00:00:00,0.0
2021-05-31 00:00:00,0.0
2021-06-01 00:00:00,0.39500004053115845
2021-06-02 00:00:00,0.0
2021-06-03 00:00:00,0.0
2021-06-04 00:00:00,0.0
2021-06-05 00:00:00,0.02499999850988388
2021-06-06 00:00:00,0.0
2021-06-07 00:00:00,0.0
2021-06-08 00:00:00,0.0
2021-06-09 00:00:00,0.0
2021-06-10 00:00:00,0.0
2021-06-11 00:00:00,0.004999999888241291
2021-06-12 00:00:00,0.0
2021-06-13 00:00:00,0.0
2021-06-14 00:00:00,0.0
2021-06-15 00:00:00,0.0
2021-06-16 00:00:00,0.0
2021-06-17 00:00:00,0.0
2021-06-18 00:00:00,0.0
2021-06-19 00:00:00,0.0
2021-06-20 00:00:00,0.0
2021-06-21 00:00:00,0.0
2021-06-22 00:00:00,0.0
2021-06-23 00:00:00,0.0
2021-06-24 00:00:00,0.0
2021-06-25 00:00:00,0.0
2021-06-26 00:00:00,0.0
2021-06-27 00:00:00,0.0
2021-06-28 00:00:00,0.0
2021-06-29 00:00:00,0.0
2021-06-30 00:00:00,0.0
2021-07-01 00:00:00,0.0
2021-07-02 00:00:00,0.0
2021-07-03 00:00:00,0.0
2021-07-04 00:00:00,0.0
2021-07-05 00:00:00,0.0
2021-07-06 00:00:00,0.0
2021-07-07 00:00:00,0.0
2021-07-08 00:00:00,0.0
2021-07-09 00:00:00,0.0
2021-07-10 00:00:00,0.0
2021-07-11 00:00:00,0.0
2021-07-12 00:00:00,0.0
2021-07-13 00:00:00,0.0
2021-07-14 00:00:00,0.0
2021-07-15 00:00:00,0.0
2021-07-16 00:00:00,0.0
2021-07-17 00:00:00,0.0
2021-07-18 00:00:00,0.0
2021-07-19 00:00:00,0.0
2021-07-20 00:00:00,0.0
2021-07-21 00:00:00,0.0
2021-07-22 00:00:00,0.0
2021-07-23 00:00:00,0.0
2021-07-24 00:00:00,0.0
2021-07-25 00:00:00,4.269999980926514
2021-07-26 00:00:00,0.0
2021-07-27 00:00:00,0.0
2021-07-28 00:00:00,0.0
2021-07-29 00:00:00,0.0
2021-07-30 00:00:00,0.0
2021-07-31 00:00:00,0.0
2021-08-01 00:00:00,0.3099999725818634
2021-08-02 00:00:00,0.004999999888241291
2021-08-03 00:00:00,1.0149999856948853
2021-08-04 00:00:00,3.4200000762939453
2021-08-05 00:00:00,0.0
2021-08-06 00:00:00,0.0
2021-08-07 00:00:00,0.0
2021-08-08 00:00:00,0.0
2021-08-09 00:00:00,0.0
2021-08-10 00:00:00,0.0
2021-08-11 00:00:00,0.004999999888241291
2021-08-12 00:00:00,0.0
2021-08-13 00:00:00,0.0
2021-08-14 00:00:00,0.0
2021-08-15 00:00:00,0.0
2021-08-16 00:00:00,0.0
2021-08-17 00:00:00,0.0
2021-08-18 00:00:00,0.0
2021-08-19 00:00:00,0.0
2021-08-20 00:00:00,0.0
2021-08-21 00:00:00,0.0
2021-08-22 00:00:00,0.0
2021-08-23 00:00:00,0.0
2021-08-24 00:00:00,0.0
2021-08-25 00:00:00,0.0
2021-08-26 00:00:00,0.0
2021-08-27 00:00:00,0.0
2021-08-28 00:00:00,0.0
2021-08-29 00:00:00,0.004999999888241291
2021-08-30 00:00:00,0.0
2021-08-31 00:00:00,0.0
2021-09-01 00:00:00,0.0
2021-09-02 00:00:00,0.0
2021-09-03 00:00:00,0.0
2021-09-04 00:00:00,0.0
2021-09-05 00:00:00,0.0
2021-09-06 00:00:00,0.0
2021-09-07 00:00:00,0.0
2021-09-08 00:00:00,0.0
2021-09-09 00:00:00,0.0
2021-09-10 00:00:00,0.0
2021-09-11 00:00:00,0.0
2021-09-12 00:00:00,0.0
2021-09-13 00:00:00,0.0
2021-09-14 00:00:00,0.0
2021-09-15 00:00:00,0.0
2021-09-16 00:00:00,0.8049999475479126
2021-09-17 00:00:00,0.0
2021-09-18 00:00:00,0.0
2021-09-19 00:00:00,0.0
2021-09-20 00:00:00,0.875
2021-09-21 00:00:00,1.1299999952316284
2021-09-22 00:00:00,1.0999999046325684
2021-09-23 00:00:00,2.1549999713897705
2021-09-24 00:00:00,0.0
2021-09-25 00:00:00,0.0
2021-09-26 00:00:00,0.0
2021-09-27 00:00:00,0.0
2021-09-28 00:00:00,0.0
2021-09-29 00:00:00,0.39000004529953003
2021-09-30 00:00:00,0.0
2021-10-01 00:00:00,0.0
2021-10-02 00:00:00,0.0
2021-10-03 00:00:00,0.0
2021-10-04 00:00:00,0.0
2021-10-05 00:00:00,0.0
2021-10-06 00:00:00,0.19999998807907104
2021-10-07 00:00:00,0.14999999105930328
2021-10-08 00:00:00,0.0
2021-10-09 00:00:00,2.0850000381469727
2021-10-10 00:00:00,0.0
2021-10-11 00:00:00,0.0
2021-10-12 00:00:00,0.0
2021-10-13 00:00:00,0.0
2021-10-14 00:00:00,0.0
2021-10-15 00:00:00,0.0
2021-10-16 00:00:00,0.0
2021-10-17 00:00:00,0.0
2021-10-18 00:00:00,0.0
2021-10-19 00:00:00,0.0
2021-10-20 00:00:00,1.3599998950958252
2021-10-21 00:00:00,0.0
2021-10-22 00:00:00,0.0
2021-10-23 00:00:00,0.0
2021-10-24 00:00:00,0.0
2021-10-25 00:00:00,0.0
2021-10-26 00:00:00,0.0
2021-10-27 00:00:00,0.0
2021-10-28 00:00:00,0.8399999141693115
2021-10-29 00:00:00,1.4299999475479126
2021-10-30 00:00:00,0.0
2021-10-31 00:00:00,1.4850000143051147
2021-11-01 00:00:00,0.0
2021-11-02 00:00:00,0.21000000834465027
2021-11-03 00:00:00,0.0
2021-11-04 00:00:00,0.8450000286102295
2021-11-05 00:00:00,0.0
2021-11-06 00:00:00,0.0
2021-11-07 00:00:00,0.0
2021-11-08 00:00:00,0.0
2021-11-09 00:00:00,0.0
2021-11-10 00:00:00,0.0
2021-11-11 00:00:00,0.3749999701976776
2021-11-12 00:00:00,0.22999998927116394
2021-11-13 00:00:00,1.1399999856948853
2021-11-14 00:00:00,0.12999999523162842
2021-11-15 00:00:00,0.0
2021-11-16 00:00:00,0.35999998450279236
2021-11-17 00:00:00,0.0
2021-11-18 00:00:00,0.0
2021-11-19 00:00:00,0.0
2021-11-20 00:00:00,0.0
2021-11-21 00:00:00,0.004999999888241291
2021-11-22 00:00:00,0.6149999499320984
2021-11-23 00:00:00,2.5149998664855957
2021-11-24 00:00:00,0.3999999761581421
2021-11-25 00:00:00,0.0
2021-11-26 00:00:00,0.35500001907348633
2021-11-27 00:00:00,6.019999980926514
2021-11-28 00:00:00,3.1349997520446777
2021-11-29 00:00:00,0.375
2021-11-30 00:00:00,0.6399999856948853
2021-12-01 00:00:00,0.0
2021-12-02 00:00:00,1.2499998807907104
2021-12-03 00:00:00,7.584999084472656
2021-12-04 00:00:00,0.03999999910593033
2021-12-05 00:00:00,3.690000057220459
2021-12-06 00:00:00,3.3550000190734863
2021-12-07 00:00:00,1.2599999904632568
2021-12-08 00:00:00,2.9599995613098145
2021-12-09 00:00:00,8.09000015258789
2021-12-10 00:00:00,3.9649996757507324
2021-12-11 00:00:00,0.0
2021-12-12 00:00:00,0.0
2021-12-13 00:00:00,0.0
2021-12-14 00:00:00,0.23999997973442078
2021-12-15 00:00:00,0.7099999785423279
2021-12-16 00:00:00,1.6399998664855957
2021-12-17 00:00:00,5.0
2021-12-18 00:00:00,3.0250000953674316
2021-12-19 00:00:00,3.635000228881836
2021-12-20 00:00:00,6.310000419616699
2021-12-21 00:00:00,7.4900007247924805
2021-12-22 00:00:00,9.539999008178711
2021-12-23 00:00:00,3.299999713897705
2021-12-24 00:00:00,3.4600000381469727
2021-12-25 00:00:00,2.3999998569488525
2021-12-26 00:00:00,1.125
2021-12-27 00:00:00,1.1549999713897705
2021-12-28 00:00:00,6.029999732971191
2021-12-29 00:00:00,0.25
2021-12-30 00:00:00,0.0
2021-12-31 00:00:00,0.0
2022-01-01 00:00:00,0.3199999928474426
2022-01-02 00:00:00,0.0
2022-01-03 00:00:00,0.0
2022-01-04 00:00:00,0.0
2022-01-05 00:00:00,0.0
2022-01-06 00:00:00,3.625
2022-01-07 00:00:00,0.9699999690055847
2022-01-08 00:00:00,6.819999694824219
2022-01-09 00:00:00,2.5
2022-01-10 00:00:00,4.784999847412109
2022-01-11 00:00:00,1.3850001096725464
2022-01-12 00:00:00,2.93500018119812
2022-01-13 00:00:00,0.2549999952316284
2022-01-14 00:00:00,1.3550000190734863
2022-01-15 00:00:00,0.0
2022-01-16 00:00:00,5.005000114440918
2022-01-17 00:00:00,5.319999694824219
2022-01-18 00:00:00,3.1449999809265137
2022-01-19 00:00:00,0.7250000238418579
2022-01-20 00:00:00,2.4549999237060547
2022-01-21 00:00:00,6.394999980926514
2022-01-22 00:00:00,0.24500000476837158
2022-01-23 00:00:00,10.939998626708984
2022-01-24 00:00:00,2.119999885559082
2022-01-25 00:00:00,7.529999732971191
2022-01-26 00:00:00,7.765000343322754
2022-01-27 00:00:00,2.9549999237060547
2022-01-28 00:00:00,8.460000038146973
2022-01-29 00:00:00,7.6449995040893555
2022-01-30 00:00:00,7.7649993896484375
2022-01-31 00:00:00,4.400000095367432
2022-02-01 00:00:00,0.16999998688697815
2022-02-02 00:00:00,12.07499885559082
2022-02-03 00:00:00,11.520000457763672
2022-02-04 00:00:00,3.9499998092651367
2022-02-05 00:00:00,0.0
2022-02-06 00:00:00,2.3399999141693115
2022-02-07 00:00:00,0.0
2022-02-08 00:00:00,5.8199992179870605
2022-02-09 00:00:00,0.3100000023841858
2022-02-10 00:00:00,0.0
2022-02-11 00:00:00,0.0
2022-02-12 00:00:00,0.07000000029802322
2022-02-13 00:00:00,0.949999988079071
2022-02-14 00:00:00,1.959999918937683
2022-02-15 00:00:00,0.3400000035762787
2022-02-16 00:00:00,0.14999999105930328
2022-02-17 00:00:00,0.08500000089406967
2022-02-18 00:00:00,3.75
2022-02-19 00:00:00,1.2200000286102295
2022-02-20 00:00:00,1.6549999713897705
2022-02-21 00:00:00,5.009999752044678
2022-02-22 00:00:00,3.020000457763672
2022-02-23 00:00:00,0.8949999809265137
2022-02-24 00:00:00,13.659997940063477
2022-02-25 00:00:00,0.2800000011920929
2022-02-26 00:00:00,0.0
2022-02-27 00:00:00,2.6100001335144043
2022-02-28 00:00:00,5.389999866485596
2022-03-01 00:00:00,1.8549997806549072
2022-03-02 00:00:00,0.22499999403953552
2022-03-03 00:00:00,0.6699999570846558
2022-03-04 00:00:00,0.7999999523162842
2022-03-05 00:00:00,0.0
2022-03-06 00:00:00,0.3399999737739563
2022-03-07 00:00:00,8.494999885559082
2022-03-08 00:00:00,0.25
2022-03-09 00:00:00,2.794999837875366
2022-03-10 00:00:00,9.3149995803833
2022-03-11 00:00:00,3.9900002479553223
2022-03-12 00:00:00,0.0
2022-03-13 00:00:00,0.0
2022-03-14 00:00:00,0.4399999976158142
2022-03-15 00:00:00,3.1499998569488525
2022-03-16 00:00:00,0.28999999165534973
2022-03-17 00:00:00,0.0
2022-03-18 00:00:00,0.0
2022-03-19 00:00:00,0.9249999523162842
2022-03-20 00:00:00,6.550000190734863
2022-03-21 00:00:00,1.5449998378753662
2022-03-22 00:00:00,3.804999828338623
2022-03-23 00:00:00,2.8550000190734863
2022-03-24 00:00:00,0.06499999761581421
2022-03-25 00:00:00,7.480000019073486
2022-03-26 00:00:00,0.0
2022-03-27 00:00:00,0.0
2022-03-28 00:00:00,0.0
2022-03-29 00:00:00,0.0
2022-03-30 00:00:00,0.0
2022-03-31 00:00:00,0.0
2022-04-01 00:00:00,0.39499998092651367
2022-04-02 00:00:00,1.9399999380111694
2022-04-03 00:00:00,0.0
2022-04-04 00:00:00,0.0
2022-04-05 00:00:00,0.0
2022-04-06 00:00:00,0.0
2022-04-07 00:00:00,0.3100000023841858
2022-04-08 00:00:00,2.5899999141693115
2022-04-09 00:00:00,7.289999485015869
2022-04-10 00:00:00,0.0
2022-04-11 00:00:00,0.0
2022-04-12 00:00:00,0.0
2022-04-13 00:00:00,0.0
2022-04-14 00:00:00,0.0
2022-04-15 00:00:00,0.0
2022-04-16 00:00:00,0.0
2022-04-17 00:00:00,0.0
2022-04-18 00:00:00,0.0
2022-04-19 00:00:00,0.0
2022-04-20 00:00:00,0.0
2022-04-21 00:00:00,0.22999998927116394
2022-04-22 00:00:00,0.0
2022-04-23 00:00:00,0.0
2022-04-24 00:00:00,0.0
2022-04-25 00:00:00,0.0
2022-04-26 00:00:00,0.0
2022-04-27 00:00:00,0.0
2022-04-28 00:00:00,0.0
2022-04-29 00:00:00,0.0
2022-04-30 00:00:00,0.0
2022-05-01 00:00:00,0.0
2022-05-02 00:00:00,0.0
2022-05-03 00:00:00,0.0
2022-05-04 00:00:00,0.0
2022-05-05 00:00:00,0.0
2022-05-06 00:00:00,0.0
2022-05-07 00:00:00,0.0
2022-05-08 00:00:00,0.0
2022-05-09 00:00:00,0.0
2022-05-10 00:00:00,0.0
2022-05-11 00:00:00,0.0
2022-05-12 00:00:00,0.0
2022-05-13 00:00:00,0.0
2022-05-14 00:00:00,0.0
2022-05-15 00:00:00,0.0
2022-05-16 00:00:00,0.0
2022-05-17 00:00:00,0.0
2022-05-18 00:00:00,0.0
2022-05-19 00:00:00,0.0
2022-05-20 00:00:00,0.0
2022-05-21 00:00:00,0.0
2022-05-22 00:00:00,0.0
2022-05-23 00:00:00,0.0
2022-05-24 00:00:00,0.0
2022-05-25 00:00:00,0.004999999888241291
2022-05-26 00:00:00,0.0
2022-05-27 00:00:00,0.0
2022-05-28 00:00:00,0.0
2022-05-29 00:00:00,0.0
2022-05-30 00:00:00,0.0
2022-05-31 00:00:00,0.04999999701976776
2022-06-01 00:00:00,0.0
2022-06-02 00:00:00,0.0
2022-06-03 00:00:00,0.0
2022-06-04 00:00:00,0.0
2022-06-05 00:00:00,0.25999999046325684
2022-06-06 00:00:00,0.0
2022-06-07 00:00:00,0.0
2022-06-08 00:00:00,0.0
2022-06-09 00:00:00,0.0
2022-06-10 00:00:00,0.0
2022-06-11 00:00:00,0.0
2022-06-12 00:00:00,0.0
2022-06-13 00:00:00,0.0
2022-06-14 00:00:00,0.0
2022-06-15 00:00:00,0.0
2022-06-16 00:00:00,0.0
2022-06-17 00:00:00,0.0
2022-06-18 00:00:00,0.0
2022-06-19 00:00:00,0.0
2022-06-20 00:00:00,0.0
2022-06-21 00:00:00,0.0
2022-06-22 00:00:00,0.0
2022-06-23 00:00:00,0.0
2022-06-24 00:00:00,0.0
2022-06-25 00:00:00,0.0
2022-06-26 00:00:00,0.0
2022-06-27 00:00:00,0.0
2022-06-28 00:00:00,0.0
2022-06-29 00:00:00,0.0
2022-06-30 00:00:00,0.0
2022-07-01 00:00:00,0.0
2022-07-02 00:00:00,0.0
2022-07-03 00:00:00,0.0
2022-07-04 00:00:00,0.0
2022-07-05 00:00:00,0.0
2022-07-06 00:00:00,0.0
2022-07-07 00:00:00,0.0
2022-07-08 00:00:00,0.0
2022-07-09 00:00:00,0.0
2022-07-10 00:00:00,0.0
2022-07-11 00:00:00,0.0
2022-07-12 00:00:00,0.0
2022-07-13 00:00:00,0.0
2022-07-14 00:00:00,0.0
2022-07-15 00:00:00,0.03500000014901161
2022-07-16 00:00:00,0.0
2022-07-17 00:00:00,0.0
2022-07-18 00:00:00,0.0
2022-07-19 00:00:00,0.0
2022-07-20 00:00:00,0.0
2022-07-21 00:00:00,0.0
2022-07-22 00:00:00,0.0
2022-07-23 00:00:00,0.0
2022-07-24 00:00:00,0.0
2022-07-25 00:00:00,0.0
2022-07-26 00:00:00,0.0
2022-07-27 00:00:00,0.0
2022-07-28 00:00:00,0.0
2022-07-29 00:00:00,0.0
2022-07-30 00:00:00,0.0
2022-07-31 00:00:00,0.0
2022-08-01 00:00:00,0.0
2022-08-02 00:00:00,0.0
2022-08-03 00:00:00,0.0
2022-08-04 00:00:00,0.0
2022-08-05 00:00:00,0.0
2022-08-06 00:00:00,0.044999998062849045
2022-08-07 00:00:00,0.24000000953674316
2022-08-08 00:00:00,0.0
2022-08-09 00:00:00,0.0
2022-08-10 00:00:00,0.0
2022-08-11 00:00:00,0.0
2022-08-12 00:00:00,0.0
2022-08-13 00:00:00,0.0
2022-08-14 00:00:00,0.0
2022-08-15 00:00:00,0.0
2022-08-16 00:00:00,0.0
2022-08-17 00:00:00,0.004999999888241291
2022-08-18 00:00:00,0.0
2022-08-19 00:00:00,0.0
2022-08-20 00:00:00,0.0
2022-08-21 00:00:00,0.0
2022-08-22 00:00:00,0.0
2022-08-23 00:00:00,0.0
2022-08-24 00:00:00,0.0
2022-08-25 00:00:00,0.0
2022-08-26 00:00:00,0.0
2022-08-27 00:00:00,0.0
2022-08-28 00:00:00,0.07999999821186066
2022-08-29 00:00:00,0.5
2022-08-30 00:00:00,0.0
2022-08-31 00:00:00,0.0
2022-09-01 00:00:00,0.0
2022-09-02 00:00:00,0.0
2022-09-03 00:00:00,0.0
2022-09-04 00:00:00,0.0
2022-09-05 00:00:00,0.0
2022-09-06 00:00:00,0.0
2022-09-07 00:00:00,0.0
2022-09-08 00:00:00,0.0
2022-09-09 00:00:00,0.0
2022-09-10 00:00:00,0.0
2022-09-11 00:00:00,0.0
2022-09-12 00:00:00,0.0
2022-09-13 00:00:00,0.0
2022-09-14 00:00:00,0.0
2022-09-15 00:00:00,0.0
2022-09-16 00:00:00,0.0
2022-09-17 00:00:00,0.0
2022-09-18 00:00:00,0.0
2022-09-19 00:00:00,0.0
2022-09-20 00:00:00,0.0
2022-09-21 00:00:00,0.0
2022-09-22 00:00:00,0.0
2022-09-23 00:00:00,0.0
2022-09-24 00:00:00,0.0
2022-09-25 00:00:00,0.0
2022-09-26 00:00:00,0.0
2022-09-27 00:00:00,0.0
2022-09-28 00:00:00,0.0
2022-09-29 00:00:00,0.0
2022-09-30 00:00:00,0.0
2022-10-01 00:00:00,0.044999998062849045
2022-10-02 00:00:00,0.0
2022-10-03 00:00:00,0.0
2022-10-04 00:00:00,0.0
2022-10-05 00:00:00,0.0
2022-10-06 00:00:00,0.0
2022-10-07 00:00:00,0.0
2022-10-08 00:00:00,0.0
2022-10-09 00:00:00,0.0
2022-10-10 00:00:00,0.0
2022-10-11 00:00:00,0.0
2022-10-12 00:00:00,0.0
2022-10-13 00:00:00,0.0
2022-10-14 00:00:00,0.0
2022-10-15 00:00:00,0.06999999284744263
2022-10-16 00:00:00,0.44999998807907104
2022-10-17 00:00:00,0.0
2022-10-18 00:00:00,0.0
2022-10-19 00:00:00,0.0
2022-10-20 00:00:00,0.0
2022-10-21 00:00:00,0.0
2022-10-22 00:00:00,0.0
2022-10-23 00:00:00,0.0
2022-10-24 00:00:00,0.0
2022-10-25 00:00:00,0.0
2022-10-26 00:00:00,0.0
2022-10-27 00:00:00,0.05999999865889549
2022-10-28 00:00:00,0.0
2022-10-29 00:00:00,0.0
2022-10-30 00:00:00,0.0
2022-10-31 00:00:00,0.0
2022-11-01 00:00:00,0.0
2022-11-02 00:00:00,0.0
2022-11-03 00:00:00,0.0
2022-11-04 00:00:00,0.0
2022-11-05 00:00:00,0.0
2022-11-06 00:00:00,0.0
2022-11-07 00:00:00,0.0
2022-11-08 00:00:00,0.0
2022-11-09 00:00:00,0.0
2022-11-10 00:00:00,0.0
2022-11-11 00:00:00,0.0
2022-11-12 00:00:00,0.0
2022-11-13 00:00:00,0.0
2022-11-14 00:00:00,0.0
2022-11-15 00:00:00,0.0
2022-11-16 00:00:00,0.0
2022-11-17 00:00:00,0.0
2022-11-18 00:00:00,0.2549999952316284
2022-11-19 00:00:00,0.0
2022-11-20 00:00:00,0.0
2022-11-21 00:00:00,0.0
2022-11-22 00:00:00,0.09999999403953552
2022-11-23 00:00:00,1.5449999570846558
2022-11-24 00:00:00,2.6649999618530273
2022-11-25 00:00:00,0.3199999928474426
2022-11-26 00:00:00,0.0
2022-11-27 00:00:00,0.0
2022-11-28 00:00:00,0.26999998092651367
2022-11-29 00:00:00,0.0
2022-11-30 00:00:00,0.0
2022-12-01 00:00:00,0.0
2022-12-02 00:00:00,0.0
2022-12-03 00:00:00,0.0
2022-12-04 00:00:00,0.0
2022-12-05 00:00:00,0.014999999664723873
2022-12-06 00:00:00,0.06499999761581421
2022-12-07 00:00:00,0.0
2022-12-08 00:00:00,1.720000147819519
2022-12-09 00:00:00,0.8799999952316284
2022-12-10 00:00:00,0.13999998569488525
2022-12-11 00:00:00,6.965000152587891
2022-12-12 00:00:00,0.28999999165534973
2022-12-13 00:00:00,0.22499999403953552
2022-12-14 00:00:00,7.484999656677246
2022-12-15 00:00:00,3.609999656677246
2022-12-16 00:00:00,2.809999704360962
2022-12-17 00:00:00,0.0
2022-12-18 00:00:00,0.0
2022-12-19 00:00:00,0.0
2022-12-20 00:00:00,0.0
2022-12-21 00:00:00,0.0
2022-12-22 00:00:00,0.0
2022-12-23 00:00:00,0.0
2022-12-24 00:00:00,0.0
2022-12-25 00:00:00,0.009999999776482582
2022-12-26 00:00:00,0.0
2022-12-27 00:00:00,0.0
2022-12-28 00:00:00,0.0
2022-12-29 00:00:00,0.044999998062849045
2022-12-30 00:00:00,0.41999995708465576
2022-12-31 00:00:00,2.620000123977661
2023-01-01 00:00:00,1.7249999046325684
2023-01-02 00:00:00,13.184998512268066
2023-01-03 00:00:00,0.4749999940395355
2023-01-04 00:00:00,1.4199998378753662
2023-01-05 00:00:00,1.4249999523162842
2023-01-06 00:00:00,4.90500020980835
2023-01-07 00:00:00,0.45499998331069946
2023-01-08 00:00:00,1.6949999332427979
2023-01-09 00:00:00,0.0
2023-01-10 00:00:00,0.0
2023-01-11 00:00:00,0.0
2023-01-12 00:00:00,0.0
2023-01-13 00:00:00,0.0
2023-01-14 00:00:00,0.0
2023-01-15 00:00:00,0.0
2023-01-16 00:00:00,0.0
2023-01-17 00:00:00,0.0
2023-01-18 00:00:00,0.0
2023-01-19 00:00:00,0.48499998450279236
2023-01-20 00:00:00,0.0
2023-01-21 00:00:00,0.0
2023-01-22 00:00:00,0.0
2023-01-23 00:00:00,0.6949999928474426
2023-01-24 00:00:00,1.8949999809265137
2023-01-25 00:00:00,0.0
2023-01-26 00:00:00,2.299999952316284
2023-01-27 00:00:00,7.654999732971191
2023-01-28 00:00:00,0.16499999165534973
2023-01-29 00:00:00,1.4749999046325684
2023-01-30 00:00:00,0.29999998211860657
2023-01-31 00:00:00,5.885000228881836
2023-02-01 00:00:00,0.02499999850988388
2023-02-02 00:00:00,0.0
2023-02-03 00:00:00,6.979999542236328
2023-02-04 00:00:00,12.579999923706055
2023-02-05 00:00:00,4.705000400543213
2023-02-06 00:00:00,3.1450002193450928
2023-02-07 00:00:00,7.50499963760376
2023-02-08 00:00:00,1.3350000381469727
2023-02-09 00:00:00,1.1499998569488525
2023-02-10 00:00:00,6.640000343322754
2023-02-11 00:00:00,6.989998817443848
2023-02-12 00:00:00,0.06499999761581421
2023-02-13 00:00:00,0.0
2023-02-14 00:00:00,0.29499998688697815
2023-02-15 00:00:00,0.4100000262260437
2023-02-16 00:00:00,0.08500000089406967
2023-02-17 00:00:00,0.0
2023-02-18 00:00:00,0.17999999225139618
2023-02-19 00:00:00,0.0
2023-02-20 00:00:00,1.4399999380111694
2023-02-21 00:00:00,1.3949998617172241
2023-02-22 00:00:00,0.7950000762939453
2023-02-23 00:00:00,6.0149993896484375
2023-02-24 00:00:00,0.3349999785423279
2023-02-25 00:00:00,0.0
2023-02-26 00:00:00,0.0
2023-02-27 00:00:00,0.0
2023-02-28 00:00:00,0.0
2023-03-01 00:00:00,0.29499998688697815
2023-03-02 00:00:00,0.0
2023-03-03 00:00:00,0.0
2023-03-04 00:00:00,0.0
2023-03-05 00:00:00,0.059999994933605194
2023-03-06 00:00:00,1.3949999809265137
2023-03-07 00:00:00,16.160001754760742
2023-03-08 00:00:00,0.004999999888241291
2023-03-09 00:00:00,0.0
2023-03-10 00:00:00,0.09999999403953552
2023-03-11 00:00:00,0.0
2023-03-12 00:00:00,0.0
2023-03-13 00:00:00,0.014999999664723873
2023-03-14 00:00:00,0.875
2023-03-15 00:00:00,0.0
2023-03-16 00:00:00,0.0
2023-03-17 00:00:00,4.130000114440918
2023-03-18 00:00:00,0.6800000071525574
2023-03-19 00:00:00,0.0
2023-03-20 00:00:00,0.16499999165534973
2023-03-21 00:00:00,1.6400001049041748
2023-03-22 00:00:00,0.0
2023-03-23 00:00:00,0.0
2023-03-24 00:00:00,4.414999961853027
2023-03-25 00:00:00,11.190000534057617
2023-03-26 00:00:00,3.4250001907348633
2023-03-27 00:00:00,1.59499990940094
2023-03-28 00:00:00,5.359999656677246
2023-03-29 00:00:00,1.494999885559082
2023-03-30 00:00:00,1.875
2023-03-31 00:00:00,0.0
2023-04-01 00:00:00,0.0
2023-04-02 00:00:00,0.02499999850988388
2023-04-03 00:00:00,1.3799998760223389
2023-04-04 00:00:00,0.0
2023-04-05 00:00:00,0.0
2023-04-06 00:00:00,0.0
2023-04-07 00:00:00,0.4300000071525574
2023-04-08 00:00:00,7.09999942779541
2023-04-09 00:00:00,1.2899999618530273
2023-04-10 00:00:00,0.0
2023-04-11 00:00:00,0.0
2023-04-12 00:00:00,0.0
2023-04-13 00:00:00,0.0
2023-04-14 00:00:00,0.0
2023-04-15 00:00:00,0.0
2023-04-16 00:00:00,0.0
2023-04-17 00:00:00,0.0
2023-04-18 00:00:00,0.0
2023-04-19 00:00:00,0.0
2023-04-20 00:00:00,0.004999999888241291
2023-04-21 00:00:00,0.07999999821186066
2023-04-22 00:00:00,0.0
2023-04-23 00:00:00,0.0
2023-04-24 00:00:00,0.0
2023-04-25 00:00:00,0.0
2023-04-26 00:00:00,0.0
2023-04-27 00:00:00,0.0
2023-04-28 00:00:00,0.0
2023-04-29 00:00:00,0.0
2023-04-30 00:00:00,0.0
2023-05-01 00:00:00,0.0
2023-05-02 00:00:00,0.0
2023-05-03 00:00:00,0.0
2023-05-04 00:00:00,0.0
2023-05-05 00:00:00,0.35999998450279236
2023-05-06 00:00:00,0.0
2023-05-07 00:00:00,0.8500000238418579
2023-05-08 00:00:00,0.6349999904632568
2023-05-09 00:00:00,0.014999999664723873
2023-05-10 00:00:00,0.0
2023-05-11 00:00:00,0.0
2023-05-12 00:00:00,0.0
2023-05-13 00:00:00,2.7049999237060547
2023-05-14 00:00:00,10.09000015258789
2023-05-15 00:00:00,0.0
2023-05-16 00:00:00,0.0
2023-05-17 00:00:00,0.0
2023-05-18 00:00:00,0.0
2023-05-19 00:00:00,0.0
2023-05-20 00:00:00,0.0
2023-05-21 00:00:00,0.0
2023-05-22 00:00:00,0.014999999664723873
2023-05-23 00:00:00,0.0
2023-05-24 00:00:00,0.0
2023-05-25 00:00:00,0.0
2023-05-26 00:00:00,0.0
2023-05-27 00:00:00,0.0
2023-05-28 00:00:00,0.029999997466802597
2023-05-29 00:00:00,0.0
2023-05-30 00:00:00,0.0
2023-05-31 00:00:00,0.0
2023-06-01 00:00:00,0.0
2023-06-02 00:00:00,0.0
2023-06-03 00:00:00,0.0
2023-06-04 00:00:00,0.0
2023-06-05 00:00:00,0.0
2023-06-06 00:00:00,0.0
2023-06-07 00:00:00,0.0
2023-06-08 00:00:00,0.0
2023-06-09 00:00:00,1.0399999618530273
2023-06-10 00:00:00,0.0
2023-06-11 00:00:00,0.0
2023-06-12 00:00:00,0.0
2023-06-13 00:00:00,0.0
2023-06-14 00:00:00,0.0
2023-06-15 00:00:00,0.0
2023-06-16 00:00:00,0.0
2023-06-17 00:00:00,0.0
2023-06-18 00:00:00,0.0
2023-06-19 00:00:00,0.0
2023-06-20 00:00:00,0.0
2023-06-21 00:00:00,0.0
2023-06-22 00:00:00,0.0
2023-06-23 00:00:00,0.0
2023-06-24 00:00:00,0.0
2023-06-25 00:00:00,0.0
2023-06-26 00:00:00,0.0
2023-06-27 00:00:00,0.0
2023-06-28 00:00:00,0.0
2023-06-29 00:00:00,0.0
2023-06-30 00:00:00,0.0
2023-07-01 00:00:00,0.0
2023-07-02 00:00:00,0.0
2023-07-03 00:00:00,0.0
2023-07-04 00:00:00,0.0
2023-07-05 00:00:00,0.0
2023-07-06 00:00:00,0.0
2023-07-07 00:00:00,0.0
2023-07-08 00:00:00,0.0
2023-07-09 00:00:00,0.0
2023-07-10 00:00:00,0.0
2023-07-11 00:00:00,0.014999999664723873
2023-07-12 00:00:00,0.0
2023-07-13 00:00:00,0.0
2023-07-14 00:00:00,0.0
2023-07-15 00:00:00,0.0
2023-07-16 00:00:00,0.0
2023-07-17 00:00:00,0.0
2023-07-18 00:00:00,0.0
2023-07-19 00:00:00,0.0
2023-07-20 00:00:00,0.0
2023-07-21 00:00:00,0.0
2023-07-22 00:00:00,0.0
2023-07-23 00:00:00,0.0
2023-07-24 00:00:00,0.0
2023-07-25 00:00:00,0.0
2023-07-26 00:00:00,0.0
2023-07-27 00:00:00,0.0
2023-07-28 00:00:00,0.0
2023-07-29 00:00:00,0.0
2023-07-30 00:00:00,0.0
2023-07-31 00:00:00,0.0
2023-08-01 00:00:00,0.0
2023-08-02 00:00:00,0.0
2023-08-03 00:00:00,0.0
2023-08-04 00:00:00,0.0
2023-08-05 00:00:00,0.0
2023-08-06 00:00:00,0.0
2023-08-07 00:00:00,0.0
2023-08-08 00:00:00,0.0
2023-08-09 00:00:00,0.0
2023-08-10 00:00:00,0.0
2023-08-11 00:00:00,0.0
2023-08-12 00:00:00,1.1750000715255737
2023-08-13 00:00:00,0.07999999821186066
2023-08-14 00:00:00,0.0
2023-08-15 00:00:00,0.0
2023-08-16 00:00:00,0.0
2023-08-17 00:00:00,0.0
2023-08-18 00:00:00,0.0
2023-08-19 00:00:00,0.0
2023-08-20 00:00:00,0.0
2023-08-21 00:00:00,0.0
2023-08-22 00:00:00,0.0
2023-08-23 00:00:00,0.0
2023-08-24 00:00:00,0.0
2023-08-25 00:00:00,0.0
2023-08-26 00:00:00,0.0
2023-08-27 00:00:00,0.0
2023-08-28 00:00:00,0.0
2023-08-29 00:00:00,0.0
2023-08-30 00:00:00,0.0
2023-08-31 00:00:00,0.0
2023-09-01 00:00:00,0.019999999552965164
2023-09-02 00:00:00,0.0
2023-09-03 00:00:00,0.0
2023-09-04 00:00:00,0.0
2023-09-05 00:00:00,0.0
2023-09-06 00:00:00,0.004999999888241291
2023-09-07 00:00:00,0.004999999888241291
2023-09-08 00:00:00,0.0
2023-09-09 00:00:00,0.0
2023-09-10 00:00:00,0.0
2023-09-11 00:00:00,0.0
2023-09-12 00:00:00,0.0
2023-09-13 00:00:00,0.0
2023-09-14 00:00:00,0.0
2023-09-15 00:00:00,0.0
2023-09-16 00:00:00,0.0
2023-09-17 00:00:00,0.0
2023-09-18 00:00:00,0.0
2023-09-19 00:00:00,0.0
2023-09-20 00:00:00,0.0
2023-09-21 00:00:00,0.0
2023-09-22 00:00:00,0.0
2023-09-23 00:00:00,0.0
2023-09-24 00:00:00,0.0
2023-09-25 00:00:00,0.0
2023-09-26 00:00:00,0.0
2023-09-27 00:00:00,0.0
2023-09-28 00:00:00,0.0
2023-09-29 00:00:00,0.0
2023-09-30 00:00:00,0.5349999666213989
2023-10-01 00:00:00,0.0
2023-10-02 00:00:00,0.0
2023-10-03 00:00:00,0.0
2023-10-04 00:00:00,0.0
2023-10-05 00:00:00,0.0
2023-10-06 00:00:00,0.0
2023-10-07 00:00:00,0.0
2023-10-08 00:00:00,0.0
2023-10-09 00:00:00,0.0
2023-10-10 00:00:00,0.0
2023-10-11 00:00:00,0.0
2023-10-12 00:00:00,0.4950000047683716
2023-10-13 00:00:00,0.0
2023-10-14 00:00:00,0.0
2023-10-15 00:00:00,0.0
2023-10-16 00:00:00,0.0
2023-10-17 00:00:00,0.0
2023-10-18 00:00:00,1.024999976158142
2023-10-19 00:00:00,3.249999523162842
2023-10-20 00:00:00,1.4449999332427979
2023-10-21 00:00:00,1.2399998903274536
2023-10-22 00:00:00,0.9499999284744263
2023-10-23 00:00:00,0.4050000309944153
2023-10-24 00:00:00,0.0
2023-10-25 00:00:00,0.0
2023-10-26 00:00:00,0.0
2023-10-27 00:00:00,0.0
2023-10-28 00:00:00,0.0
2023-10-29 00:00:00,0.0
2023-10-30 00:00:00,0.014999999664723873
2023-10-31 00:00:00,0.0
2023-11-01 00:00:00,0.0
2023-11-02 00:00:00,0.0
2023-11-03 00:00:00,0.0
2023-11-04 00:00:00,0.13999998569488525
2023-11-05 00:00:00,0.0
2023-11-06 00:00:00,0.0
2023-11-07 00:00:00,2.4650001525878906
2023-11-08 00:00:00,1.5300002098083496
2023-11-09 00:00:00,3.18500018119812
2023-11-10 00:00:00,0.17000000178813934
2023-11-11 00:00:00,0.32499998807907104
2023-11-12 00:00:00,12.820000648498535
2023-11-13 00:00:00,1.309999942779541
2023-11-14 00:00:00,0.0
2023-11-15 00:00:00,0.0
2023-11-16 00:00:00,4.059999942779541
2023-11-17 00:00:00,0.7449999451637268
2023-11-18 00:00:00,0.0
2023-11-19 00:00:00,0.0
2023-11-20 00:00:00,0.0
2023-11-21 00:00:00,0.0
2023-11-22 00:00:00,0.0
2023-11-23 00:00:00,0.0
2023-11-24 00:00:00,0.05999999865889549
2023-11-25 00:00:00,8.350000381469727
2023-11-26 00:00:00,3.2049999237060547
2023-11-27 00:00:00,0.12999999523162842
2023-11-28 00:00:00,0.009999999776482582
2023-11-29 00:00:00,0.0
2023-11-30 00:00:00,0.6949999928474426
2023-12-01 00:00:00,9.045000076293945
2023-12-02 00:00:00,0.0
2023-12-03 00:00:00,0.2750000059604645
2023-12-04 00:00:00,0.02499999850988388
2023-12-05 00:00:00,1.4049999713897705
2023-12-06 00:00:00,0.14999999105930328
2023-12-07 00:00:00,0.9550000429153442
2023-12-08 00:00:00,0.49000000953674316
2023-12-09 00:00:00,3.4050002098083496
2023-12-10 00:00:00,2.254999876022339
2023-12-11 00:00:00,0.9950000047683716
2023-12-12 00:00:00,3.0899999141693115
2023-12-13 00:00:00,6.210000038146973
2023-12-14 00:00:00,1.2149999141693115
2023-12-15 00:00:00,1.274999976158142
2023-12-16 00:00:00,0.3449999988079071
2023-12-17 00:00:00,1.8949997425079346
2023-12-18 00:00:00,0.8700000047683716
2023-12-19 00:00:00,0.6349999904632568
2023-12-20 00:00:00,0.0
2023-12-21 00:00:00,0.07499999552965164
2023-12-22 00:00:00,0.1850000023841858
2023-12-23 00:00:00,0.0
2023-12-24 00:00:00,0.0
2023-12-25 00:00:00,0.0
2023-12-26 00:00:00,0.4749999940395355
2023-12-27 00:00:00,0.4449999928474426
2023-12-28 00:00:00,2.559999942779541
2023-12-29 00:00:00,5.949999809265137
2023-12-30 00:00:00,10.69999885559082
2023-12-31 00:00:00,0.014999999664723873
