date,tp
1998-01-01 00:00:00,39.27499771118164
1998-01-02 00:00:00,44.57500076293945
1998-01-03 00:00:00,0.0
1998-01-04 00:00:00,2.4800000190734863
1998-01-05 00:00:00,0.08999999612569809
1998-01-06 00:00:00,15.704998970031738
1998-01-07 00:00:00,7.409999847412109
1998-01-08 00:00:00,0.0
1998-01-09 00:00:00,0.0
1998-01-10 00:00:00,4.055000305175781
1998-01-11 00:00:00,14.290000915527344
1998-01-12 00:00:00,3.1549997329711914
1998-01-13 00:00:00,1.2050000429153442
1998-01-14 00:00:00,0.0
1998-01-15 00:00:00,0.0
1998-01-16 00:00:00,82.04999542236328
1998-01-17 00:00:00,0.0
1998-01-18 00:00:00,9.75
1998-01-19 00:00:00,2.215000629425049
1998-01-20 00:00:00,0.0
1998-01-21 00:00:00,0.4899999499320984
1998-01-22 00:00:00,18.35999870300293
1998-01-23 00:00:00,23.919998168945312
1998-01-24 00:00:00,4.2900004386901855
1998-01-25 00:00:00,2.2950003147125244
1998-01-26 00:00:00,15.935001373291016
1998-01-27 00:00:00,50.875
1998-01-28 00:00:00,3.969999313354492
1998-01-29 00:00:00,37.8650016784668
1998-01-30 00:00:00,24.56500244140625
1998-01-31 00:00:00,0.29499995708465576
1998-02-01 00:00:00,5.034999847412109
1998-02-02 00:00:00,0.0
1998-02-03 00:00:00,8.360000610351562
1998-02-04 00:00:00,10.729999542236328
1998-02-05 00:00:00,41.70500183105469
1998-02-06 00:00:00,19.204998016357422
1998-02-07 00:00:00,19.964998245239258
1998-02-08 00:00:00,45.0050048828125
1998-02-09 00:00:00,0.5399999618530273
1998-02-10 00:00:00,5.904999256134033
1998-02-11 00:00:00,5.439999580383301
1998-02-12 00:00:00,0.0
1998-02-13 00:00:00,0.0
1998-02-14 00:00:00,0.0
1998-02-15 00:00:00,0.004999999888241291
1998-02-16 00:00:00,5.53000020980835
1998-02-17 00:00:00,3.679999828338623
1998-02-18 00:00:00,30.030000686645508
1998-02-19 00:00:00,26.240001678466797
1998-02-20 00:00:00,1.6999998092651367
1998-02-21 00:00:00,36.17499923706055
1998-02-22 00:00:00,3.1650002002716064
1998-02-23 00:00:00,0.4099999666213989
1998-02-24 00:00:00,2.1549999713897705
1998-02-25 00:00:00,163.13999938964844
1998-02-26 00:00:00,24.189998626708984
1998-02-27 00:00:00,2.575000047683716
1998-02-28 00:00:00,6.3600006103515625
1998-03-01 00:00:00,3.760000228881836
1998-03-02 00:00:00,0.26499998569488525
1998-03-03 00:00:00,0.0
1998-03-04 00:00:00,11.779999732971191
1998-03-05 00:00:00,0.2750000059604645
1998-03-06 00:00:00,64.06999206542969
1998-03-07 00:00:00,19.84999656677246
1998-03-08 00:00:00,50.939998626708984
1998-03-09 00:00:00,0.13499999046325684
1998-03-10 00:00:00,0.0
1998-03-11 00:00:00,22.05500030517578
1998-03-12 00:00:00,0.4599999785423279
1998-03-13 00:00:00,0.03500000014901161
1998-03-14 00:00:00,0.0
1998-03-15 00:00:00,0.7649999856948853
1998-03-16 00:00:00,1.924999713897705
1998-03-17 00:00:00,0.07999999821186066
1998-03-18 00:00:00,1.0799999237060547
1998-03-19 00:00:00,11.90000057220459
1998-03-20 00:00:00,0.0
1998-03-21 00:00:00,6.75499963760376
1998-03-22 00:00:00,0.0
1998-03-23 00:00:00,4.014999866485596
1998-03-24 00:00:00,23.749996185302734
1998-03-25 00:00:00,2.1600000858306885
1998-03-26 00:00:00,0.11999999731779099
1998-03-27 00:00:00,0.0
1998-03-28 00:00:00,0.019999999552965164
1998-03-29 00:00:00,9.714999198913574
1998-03-30 00:00:00,5.470000267028809
1998-03-31 00:00:00,0.08499999344348907
1998-04-01 00:00:00,3.2400002479553223
1998-04-02 00:00:00,0.21000000834465027
1998-04-03 00:00:00,0.22999998927116394
1998-04-04 00:00:00,0.0
1998-04-05 00:00:00,0.0
1998-04-06 00:00:00,0.13499999046325684
1998-04-07 00:00:00,9.489999771118164
1998-04-08 00:00:00,1.084999918937683
1998-04-09 00:00:00,16.829998016357422
1998-04-10 00:00:00,0.0
1998-04-11 00:00:00,0.0
1998-04-12 00:00:00,13.84000015258789
1998-04-13 00:00:00,22.19499969482422
1998-04-14 00:00:00,2.4100000858306885
1998-04-15 00:00:00,38.57999801635742
1998-04-16 00:00:00,1.9299999475479126
1998-04-17 00:00:00,7.50499963760376
1998-04-18 00:00:00,0.0
1998-04-19 00:00:00,0.0
1998-04-20 00:00:00,0.0
1998-04-21 00:00:00,0.0
1998-04-22 00:00:00,11.375
1998-04-23 00:00:00,0.0
1998-04-24 00:00:00,0.0
1998-04-25 00:00:00,10.15999984741211
1998-04-26 00:00:00,51.209999084472656
1998-04-27 00:00:00,0.13499999046325684
1998-04-28 00:00:00,1.5399999618530273
1998-04-29 00:00:00,0.0
1998-04-30 00:00:00,0.0
1998-05-01 00:00:00,0.0
1998-05-02 00:00:00,0.0
1998-05-03 00:00:00,0.0
1998-05-04 00:00:00,0.0
1998-05-05 00:00:00,0.0
1998-05-06 00:00:00,0.0
1998-05-07 00:00:00,0.0
1998-05-08 00:00:00,0.0
1998-05-09 00:00:00,0.0
1998-05-10 00:00:00,0.17000000178813934
1998-05-11 00:00:00,0.004999999888241291
1998-05-12 00:00:00,0.07499999552965164
1998-05-13 00:00:00,4.265000343322754
1998-05-14 00:00:00,1.0699999332427979
1998-05-15 00:00:00,6.619999408721924
1998-05-16 00:00:00,0.044999998062849045
1998-05-17 00:00:00,1.225000023841858
1998-05-18 00:00:00,0.0
1998-05-19 00:00:00,0.029999999329447746
1998-05-20 00:00:00,0.0
1998-05-21 00:00:00,0.0
1998-05-22 00:00:00,0.0
1998-05-23 00:00:00,0.0
1998-05-24 00:00:00,0.0
1998-05-25 00:00:00,0.0
1998-05-26 00:00:00,0.0
1998-05-27 00:00:00,0.0
1998-05-28 00:00:00,0.0
1998-05-29 00:00:00,0.0
1998-05-30 00:00:00,0.0
1998-05-31 00:00:00,0.0
1998-06-01 00:00:00,0.6899999976158142
1998-06-02 00:00:00,0.009999999776482582
1998-06-03 00:00:00,0.0
1998-06-04 00:00:00,0.0
1998-06-05 00:00:00,0.0
1998-06-06 00:00:00,0.0
1998-06-07 00:00:00,0.0
1998-06-08 00:00:00,0.0
1998-06-09 00:00:00,0.0
1998-06-10 00:00:00,0.0
1998-06-11 00:00:00,0.9799998998641968
1998-06-12 00:00:00,0.0
1998-06-13 00:00:00,0.0
1998-06-14 00:00:00,0.0
1998-06-15 00:00:00,0.0
1998-06-16 00:00:00,0.0
1998-06-17 00:00:00,0.0
1998-06-18 00:00:00,0.0
1998-06-19 00:00:00,0.0
1998-06-20 00:00:00,0.0
1998-06-21 00:00:00,0.0
1998-06-22 00:00:00,0.0
1998-06-23 00:00:00,13.479999542236328
1998-06-24 00:00:00,38.63999938964844
1998-06-25 00:00:00,12.745000839233398
1998-06-26 00:00:00,7.630000114440918
1998-06-27 00:00:00,0.0
1998-06-28 00:00:00,0.0
1998-06-29 00:00:00,0.0949999988079071
1998-06-30 00:00:00,0.0
1998-07-01 00:00:00,0.0
1998-07-02 00:00:00,0.0
1998-07-03 00:00:00,0.0
1998-07-04 00:00:00,0.0
1998-07-05 00:00:00,0.0
1998-07-06 00:00:00,0.0
1998-07-07 00:00:00,0.0
1998-07-08 00:00:00,0.2749999761581421
1998-07-09 00:00:00,0.0
1998-07-10 00:00:00,0.0
1998-07-11 00:00:00,0.0
1998-07-12 00:00:00,0.0
1998-07-13 00:00:00,0.0
1998-07-14 00:00:00,0.0
1998-07-15 00:00:00,0.0
1998-07-16 00:00:00,0.0
1998-07-17 00:00:00,0.0
1998-07-18 00:00:00,0.0
1998-07-19 00:00:00,0.0
1998-07-20 00:00:00,0.0
1998-07-21 00:00:00,0.0
1998-07-22 00:00:00,0.0
1998-07-23 00:00:00,0.0
1998-07-24 00:00:00,0.0
1998-07-25 00:00:00,10.254999160766602
1998-07-26 00:00:00,0.0
1998-07-27 00:00:00,0.0
1998-07-28 00:00:00,0.0
1998-07-29 00:00:00,0.0
1998-07-30 00:00:00,0.0
1998-07-31 00:00:00,0.0
1998-08-01 00:00:00,0.0
1998-08-02 00:00:00,0.0
1998-08-03 00:00:00,0.0
1998-08-04 00:00:00,0.4749999940395355
1998-08-05 00:00:00,0.0
1998-08-06 00:00:00,0.3700000047683716
1998-08-07 00:00:00,0.0
1998-08-08 00:00:00,0.0
1998-08-09 00:00:00,0.0
1998-08-10 00:00:00,0.0
1998-08-11 00:00:00,2.1750001907348633
1998-08-12 00:00:00,36.595001220703125
1998-08-13 00:00:00,1.434999942779541
1998-08-14 00:00:00,7.299999237060547
1998-08-15 00:00:00,0.6849998831748962
1998-08-16 00:00:00,0.0
1998-08-17 00:00:00,0.0
1998-08-18 00:00:00,0.0
1998-08-19 00:00:00,2.0349998474121094
1998-08-20 00:00:00,4.734999656677246
1998-08-21 00:00:00,2.809999704360962
1998-08-22 00:00:00,0.0
1998-08-23 00:00:00,0.0
1998-08-24 00:00:00,0.0
1998-08-25 00:00:00,0.0
1998-08-26 00:00:00,0.4300000071525574
1998-08-27 00:00:00,0.0
1998-08-28 00:00:00,0.0
1998-08-29 00:00:00,0.0
1998-08-30 00:00:00,0.0
1998-08-31 00:00:00,0.0
1998-09-01 00:00:00,0.0
1998-09-02 00:00:00,0.0
1998-09-03 00:00:00,0.0
1998-09-04 00:00:00,0.0
1998-09-05 00:00:00,0.6150000095367432
1998-09-06 00:00:00,39.404991149902344
1998-09-07 00:00:00,0.9299999475479126
1998-09-08 00:00:00,0.4999999701976776
1998-09-09 00:00:00,2.6649999618530273
1998-09-10 00:00:00,0.0
1998-09-11 00:00:00,0.6050000190734863
1998-09-12 00:00:00,0.0
1998-09-13 00:00:00,0.08500000089406967
1998-09-14 00:00:00,0.9799998998641968
1998-09-15 00:00:00,0.0
1998-09-16 00:00:00,0.0
1998-09-17 00:00:00,0.0
1998-09-18 00:00:00,7.880000114440918
1998-09-19 00:00:00,12.164999008178711
1998-09-20 00:00:00,2.4200000762939453
1998-09-21 00:00:00,0.0
1998-09-22 00:00:00,0.0
1998-09-23 00:00:00,0.0
1998-09-24 00:00:00,0.0
1998-09-25 00:00:00,0.0
1998-09-26 00:00:00,0.0
1998-09-27 00:00:00,0.37999993562698364
1998-09-28 00:00:00,0.28999996185302734
1998-09-29 00:00:00,0.7699999809265137
1998-09-30 00:00:00,0.0
1998-10-01 00:00:00,0.0
1998-10-02 00:00:00,0.0
1998-10-03 00:00:00,0.0
1998-10-04 00:00:00,0.0
1998-10-05 00:00:00,6.904999732971191
1998-10-06 00:00:00,6.209999084472656
1998-10-07 00:00:00,1.5750000476837158
1998-10-08 00:00:00,0.009999999776482582
1998-10-09 00:00:00,0.0
1998-10-10 00:00:00,5.210000038146973
1998-10-11 00:00:00,0.0
1998-10-12 00:00:00,0.9350000023841858
1998-10-13 00:00:00,36.06499481201172
1998-10-14 00:00:00,11.255001068115234
1998-10-15 00:00:00,0.06499999761581421
1998-10-16 00:00:00,0.0
1998-10-17 00:00:00,0.0
1998-10-18 00:00:00,0.8550000190734863
1998-10-19 00:00:00,0.0
1998-10-20 00:00:00,0.07499999552965164
1998-10-21 00:00:00,0.0
1998-10-22 00:00:00,1.75
1998-10-23 00:00:00,10.5
1998-10-24 00:00:00,16.60999870300293
1998-10-25 00:00:00,2.240000009536743
1998-10-26 00:00:00,0.0
1998-10-27 00:00:00,17.420000076293945
1998-10-28 00:00:00,4.860000133514404
1998-10-29 00:00:00,5.175000190734863
1998-10-30 00:00:00,1.2999998331069946
1998-10-31 00:00:00,7.170001029968262
1998-11-01 00:00:00,2.694999933242798
1998-11-02 00:00:00,1.899999976158142
1998-11-03 00:00:00,6.364999771118164
1998-11-04 00:00:00,0.17999999225139618
1998-11-05 00:00:00,0.7599999904632568
1998-11-06 00:00:00,0.16499999165534973
1998-11-07 00:00:00,0.3499999940395355
1998-11-08 00:00:00,6.339999675750732
1998-11-09 00:00:00,1.2249999046325684
1998-11-10 00:00:00,6.054999351501465
1998-11-11 00:00:00,17.23499870300293
1998-11-12 00:00:00,0.8450000286102295
1998-11-13 00:00:00,0.7350000143051147
1998-11-14 00:00:00,2.68500018119812
1998-11-15 00:00:00,10.929999351501465
1998-11-16 00:00:00,1.5499999523162842
1998-11-17 00:00:00,13.209999084472656
1998-11-18 00:00:00,1.3749998807907104
1998-11-19 00:00:00,0.0
1998-11-20 00:00:00,0.0
1998-11-21 00:00:00,0.0
1998-11-22 00:00:00,0.7299999594688416
1998-11-23 00:00:00,0.0
1998-11-24 00:00:00,1.684999942779541
1998-11-25 00:00:00,42.6099967956543
1998-11-26 00:00:00,4.624999523162842
1998-11-27 00:00:00,0.009999999776482582
1998-11-28 00:00:00,0.0949999988079071
1998-11-29 00:00:00,28.03499984741211
1998-11-30 00:00:00,21.940000534057617
1998-12-01 00:00:00,0.22499999403953552
1998-12-02 00:00:00,0.7599999904632568
1998-12-03 00:00:00,0.7549998760223389
1998-12-04 00:00:00,0.0
1998-12-05 00:00:00,6.5149993896484375
1998-12-06 00:00:00,0.9149999618530273
1998-12-07 00:00:00,0.28999999165534973
1998-12-08 00:00:00,6.655000686645508
1998-12-09 00:00:00,12.130001068115234
1998-12-10 00:00:00,13.079999923706055
1998-12-11 00:00:00,0.0
1998-12-12 00:00:00,0.16499999165534973
1998-12-13 00:00:00,0.0
1998-12-14 00:00:00,0.0
1998-12-15 00:00:00,2.1500000953674316
1998-12-16 00:00:00,4.635000228881836
1998-12-17 00:00:00,61.714996337890625
1998-12-18 00:00:00,0.0
1998-12-19 00:00:00,0.1850000023841858
1998-12-20 00:00:00,0.0
1998-12-21 00:00:00,44.10499954223633
1998-12-22 00:00:00,29.294994354248047
1998-12-23 00:00:00,0.0
1998-12-24 00:00:00,0.0
1998-12-25 00:00:00,0.0
1998-12-26 00:00:00,0.0
1998-12-27 00:00:00,0.0
1998-12-28 00:00:00,0.0
1998-12-29 00:00:00,87.40000915527344
1998-12-30 00:00:00,0.9249999523162842
1998-12-31 00:00:00,2.760000228881836
1999-01-01 00:00:00,2.5399999618530273
1999-01-02 00:00:00,2.315000057220459
1999-01-03 00:00:00,1.570000171661377
1999-01-04 00:00:00,1.21999990940094
1999-01-05 00:00:00,10.649999618530273
1999-01-06 00:00:00,1.5549999475479126
1999-01-07 00:00:00,5.5400004386901855
1999-01-08 00:00:00,0.07500000298023224
1999-01-09 00:00:00,0.7999999523162842
1999-01-10 00:00:00,4.470000267028809
1999-01-11 00:00:00,0.0
1999-01-12 00:00:00,0.02499999850988388
1999-01-13 00:00:00,0.0
1999-01-14 00:00:00,7.389998435974121
1999-01-15 00:00:00,2.9150004386901855
1999-01-16 00:00:00,0.0
1999-01-17 00:00:00,0.0
1999-01-18 00:00:00,24.470001220703125
1999-01-19 00:00:00,79.3900146484375
1999-01-20 00:00:00,0.07999999821186066
1999-01-21 00:00:00,8.485000610351562
1999-01-22 00:00:00,0.0
1999-01-23 00:00:00,0.0
1999-01-24 00:00:00,0.0
1999-01-25 00:00:00,5.539999961853027
1999-01-26 00:00:00,2.489999771118164
1999-01-27 00:00:00,0.0
1999-01-28 00:00:00,10.30999755859375
1999-01-29 00:00:00,31.360004425048828
1999-01-30 00:00:00,13.319999694824219
1999-01-31 00:00:00,171.79502868652344
1999-02-01 00:00:00,3.9750001430511475
1999-02-02 00:00:00,78.69498443603516
1999-02-03 00:00:00,12.434999465942383
1999-02-04 00:00:00,0.5249999761581421
1999-02-05 00:00:00,0.45499998331069946
1999-02-06 00:00:00,3.5899996757507324
1999-02-07 00:00:00,0.0
1999-02-08 00:00:00,72.82999420166016
1999-02-09 00:00:00,0.0
1999-02-10 00:00:00,0.0
1999-02-11 00:00:00,10.735001564025879
1999-02-12 00:00:00,1.2749998569488525
1999-02-13 00:00:00,13.395000457763672
1999-02-14 00:00:00,121.13996887207031
1999-02-15 00:00:00,0.3850000500679016
1999-02-16 00:00:00,0.3649999797344208
1999-02-17 00:00:00,12.84000015258789
1999-02-18 00:00:00,8.944999694824219
1999-02-19 00:00:00,0.809999942779541
1999-02-20 00:00:00,0.0
1999-02-21 00:00:00,5.224999904632568
1999-02-22 00:00:00,0.04999999701976776
1999-02-23 00:00:00,0.36000001430511475
1999-02-24 00:00:00,5.724999904632568
1999-02-25 00:00:00,1.684999942779541
1999-02-26 00:00:00,10.779999732971191
1999-02-27 00:00:00,2.8500001430511475
1999-02-28 00:00:00,0.5799999833106995
1999-03-01 00:00:00,0.0
1999-03-02 00:00:00,17.434999465942383
1999-03-03 00:00:00,18.969995498657227
1999-03-04 00:00:00,6.234999656677246
1999-03-05 00:00:00,16.10000228881836
1999-03-06 00:00:00,0.45500001311302185
1999-03-07 00:00:00,0.0
1999-03-08 00:00:00,1.7300000190734863
1999-03-09 00:00:00,27.27499771118164
1999-03-10 00:00:00,12.69999885559082
1999-03-11 00:00:00,14.209999084472656
1999-03-12 00:00:00,0.9299999475479126
1999-03-13 00:00:00,0.42000001668930054
1999-03-14 00:00:00,6.284999847412109
1999-03-15 00:00:00,28.664997100830078
1999-03-16 00:00:00,37.644996643066406
1999-03-17 00:00:00,7.574999809265137
1999-03-18 00:00:00,42.7349967956543
1999-03-19 00:00:00,6.279999732971191
1999-03-20 00:00:00,14.744998931884766
1999-03-21 00:00:00,4.009999752044678
1999-03-22 00:00:00,9.515000343322754
1999-03-23 00:00:00,0.10500000417232513
1999-03-24 00:00:00,0.0
1999-03-25 00:00:00,67.03997802734375
1999-03-26 00:00:00,18.834999084472656
1999-03-27 00:00:00,1.3149999380111694
1999-03-28 00:00:00,16.985000610351562
1999-03-29 00:00:00,129.5299835205078
1999-03-30 00:00:00,4.565000057220459
1999-03-31 00:00:00,0.5799999833106995
1999-04-01 00:00:00,0.0
1999-04-02 00:00:00,3.174999713897705
1999-04-03 00:00:00,1.2200000286102295
1999-04-04 00:00:00,0.0
1999-04-05 00:00:00,0.9049999713897705
1999-04-06 00:00:00,0.0
1999-04-07 00:00:00,0.0
1999-04-08 00:00:00,1.2749998569488525
1999-04-09 00:00:00,0.0
1999-04-10 00:00:00,0.0
1999-04-11 00:00:00,0.0
1999-04-12 00:00:00,32.78999710083008
1999-04-13 00:00:00,24.539995193481445
1999-04-14 00:00:00,0.0
1999-04-15 00:00:00,0.31999996304512024
1999-04-16 00:00:00,35.060001373291016
1999-04-17 00:00:00,0.08500000089406967
1999-04-18 00:00:00,0.0
1999-04-19 00:00:00,0.3199999928474426
1999-04-20 00:00:00,0.0
1999-04-21 00:00:00,0.0
1999-04-22 00:00:00,0.6899999380111694
1999-04-23 00:00:00,7.954998970031738
1999-04-24 00:00:00,0.4749999940395355
1999-04-25 00:00:00,2.9049997329711914
1999-04-26 00:00:00,0.0
1999-04-27 00:00:00,3.4649996757507324
1999-04-28 00:00:00,5.215000152587891
1999-04-29 00:00:00,0.0
1999-04-30 00:00:00,0.0
1999-05-01 00:00:00,0.32999998331069946
1999-05-02 00:00:00,0.0
1999-05-03 00:00:00,0.044999998062849045
1999-05-04 00:00:00,0.0
1999-05-05 00:00:00,2.7249996662139893
1999-05-06 00:00:00,0.0
1999-05-07 00:00:00,1.9800000190734863
1999-05-08 00:00:00,0.7350000143051147
1999-05-09 00:00:00,0.0
1999-05-10 00:00:00,0.0
1999-05-11 00:00:00,0.0
1999-05-12 00:00:00,0.0
1999-05-13 00:00:00,0.0
1999-05-14 00:00:00,0.0
1999-05-15 00:00:00,0.0
1999-05-16 00:00:00,0.0
1999-05-17 00:00:00,0.0
1999-05-18 00:00:00,1.4199999570846558
1999-05-19 00:00:00,0.0
1999-05-20 00:00:00,0.0
1999-05-21 00:00:00,0.0
1999-05-22 00:00:00,0.2749999761581421
1999-05-23 00:00:00,0.0
1999-05-24 00:00:00,0.0
1999-05-25 00:00:00,0.42500001192092896
1999-05-26 00:00:00,5.380000114440918
1999-05-27 00:00:00,0.08999999612569809
1999-05-28 00:00:00,0.0
1999-05-29 00:00:00,1.8949997425079346
1999-05-30 00:00:00,0.0
1999-05-31 00:00:00,0.0
1999-06-01 00:00:00,0.13999998569488525
1999-06-02 00:00:00,0.3799999952316284
1999-06-03 00:00:00,0.0
1999-06-04 00:00:00,0.25999999046325684
1999-06-05 00:00:00,1.6649999618530273
1999-06-06 00:00:00,0.0
1999-06-07 00:00:00,0.0
1999-06-08 00:00:00,0.0
1999-06-09 00:00:00,0.0
1999-06-10 00:00:00,0.009999999776482582
1999-06-11 00:00:00,0.1850000023841858
1999-06-12 00:00:00,0.059999994933605194
1999-06-13 00:00:00,0.0
1999-06-14 00:00:00,0.0
1999-06-15 00:00:00,0.0
1999-06-16 00:00:00,0.0
1999-06-17 00:00:00,0.0
1999-06-18 00:00:00,0.07999999821186066
1999-06-19 00:00:00,1.0799999237060547
1999-06-20 00:00:00,0.0
1999-06-21 00:00:00,0.0
1999-06-22 00:00:00,0.0
1999-06-23 00:00:00,0.0
1999-06-24 00:00:00,0.0
1999-06-25 00:00:00,0.0
1999-06-26 00:00:00,0.7499999403953552
1999-06-27 00:00:00,0.0
1999-06-28 00:00:00,1.1549999713897705
1999-06-29 00:00:00,0.0
1999-06-30 00:00:00,0.0
1999-07-01 00:00:00,0.0
1999-07-02 00:00:00,0.0
1999-07-03 00:00:00,0.0
1999-07-04 00:00:00,1.7300000190734863
1999-07-05 00:00:00,0.0
1999-07-06 00:00:00,3.5949997901916504
1999-07-07 00:00:00,0.8849999904632568
1999-07-08 00:00:00,0.0
1999-07-09 00:00:00,0.0
1999-07-10 00:00:00,0.0
1999-07-11 00:00:00,0.0
1999-07-12 00:00:00,0.0
1999-07-13 00:00:00,0.0
1999-07-14 00:00:00,0.0
1999-07-15 00:00:00,0.0
1999-07-16 00:00:00,0.0
1999-07-17 00:00:00,2.3350000381469727
1999-07-18 00:00:00,3.4200000762939453
1999-07-19 00:00:00,0.9749999642372131
1999-07-20 00:00:00,0.0
1999-07-21 00:00:00,0.0
1999-07-22 00:00:00,0.0
1999-07-23 00:00:00,0.0
1999-07-24 00:00:00,0.0
1999-07-25 00:00:00,0.0
1999-07-26 00:00:00,0.0
1999-07-27 00:00:00,0.0
1999-07-28 00:00:00,0.0
1999-07-29 00:00:00,0.0
1999-07-30 00:00:00,7.519999980926514
1999-07-31 00:00:00,0.0
1999-08-01 00:00:00,0.0
1999-08-02 00:00:00,0.0
1999-08-03 00:00:00,0.0
1999-08-04 00:00:00,0.0
1999-08-05 00:00:00,0.0
1999-08-06 00:00:00,0.0
1999-08-07 00:00:00,22.559999465942383
1999-08-08 00:00:00,0.0
1999-08-09 00:00:00,0.0
1999-08-10 00:00:00,0.0
1999-08-11 00:00:00,0.0
1999-08-12 00:00:00,0.0
1999-08-13 00:00:00,0.21000000834465027
1999-08-14 00:00:00,0.0
1999-08-15 00:00:00,0.0
1999-08-16 00:00:00,0.0
1999-08-17 00:00:00,0.0
1999-08-18 00:00:00,0.0
1999-08-19 00:00:00,0.0
1999-08-20 00:00:00,0.0
1999-08-21 00:00:00,0.0
1999-08-22 00:00:00,0.0
1999-08-23 00:00:00,0.0
1999-08-24 00:00:00,0.0
1999-08-25 00:00:00,0.0
1999-08-26 00:00:00,0.0
1999-08-27 00:00:00,0.0
1999-08-28 00:00:00,0.0
1999-08-29 00:00:00,3.7750000953674316
1999-08-30 00:00:00,4.704999923706055
1999-08-31 00:00:00,0.0
1999-09-01 00:00:00,0.0
1999-09-02 00:00:00,5.554999351501465
1999-09-03 00:00:00,0.4949999749660492
1999-09-04 00:00:00,3.6049997806549072
1999-09-05 00:00:00,6.760000228881836
1999-09-06 00:00:00,0.0
1999-09-07 00:00:00,5.525000095367432
1999-09-08 00:00:00,0.0949999988079071
1999-09-09 00:00:00,0.0
1999-09-10 00:00:00,0.05999999865889549
1999-09-11 00:00:00,0.0
1999-09-12 00:00:00,0.0
1999-09-13 00:00:00,0.0
1999-09-14 00:00:00,6.975000381469727
1999-09-15 00:00:00,7.325000762939453
1999-09-16 00:00:00,3.2850003242492676
1999-09-17 00:00:00,1.244999885559082
1999-09-18 00:00:00,0.0
1999-09-19 00:00:00,8.914999008178711
1999-09-20 00:00:00,5.22999906539917
1999-09-21 00:00:00,0.0
1999-09-22 00:00:00,0.0
1999-09-23 00:00:00,1.8549997806549072
1999-09-24 00:00:00,0.0
1999-09-25 00:00:00,0.0
1999-09-26 00:00:00,0.0
1999-09-27 00:00:00,0.9049999713897705
1999-09-28 00:00:00,0.3449999690055847
1999-09-29 00:00:00,2.875
1999-09-30 00:00:00,3.054999828338623
1999-10-01 00:00:00,2.875
1999-10-02 00:00:00,19.725000381469727
1999-10-03 00:00:00,0.0
1999-10-04 00:00:00,0.0
1999-10-05 00:00:00,0.23499999940395355
1999-10-06 00:00:00,0.0
1999-10-07 00:00:00,0.5199999809265137
1999-10-08 00:00:00,0.4300000071525574
1999-10-09 00:00:00,0.0
1999-10-10 00:00:00,0.13999998569488525
1999-10-11 00:00:00,0.5350000262260437
1999-10-12 00:00:00,0.014999999664723873
1999-10-13 00:00:00,1.5199999809265137
1999-10-14 00:00:00,0.0
1999-10-15 00:00:00,0.28999999165534973
1999-10-16 00:00:00,0.0
1999-10-17 00:00:00,83.8499984741211
1999-10-18 00:00:00,0.3149999976158142
1999-10-19 00:00:00,0.0
1999-10-20 00:00:00,0.0
1999-10-21 00:00:00,4.880000591278076
1999-10-22 00:00:00,3.015000343322754
1999-10-23 00:00:00,0.029999999329447746
1999-10-24 00:00:00,19.78999900817871
1999-10-25 00:00:00,2.6600005626678467
1999-10-26 00:00:00,0.6649999618530273
1999-10-27 00:00:00,0.16499999165534973
1999-10-28 00:00:00,14.220001220703125
1999-10-29 00:00:00,0.0
1999-10-30 00:00:00,0.054999999701976776
1999-10-31 00:00:00,0.004999999888241291
1999-11-01 00:00:00,0.0
1999-11-02 00:00:00,0.19500002264976501
1999-11-03 00:00:00,183.68003845214844
1999-11-04 00:00:00,0.5450000166893005
1999-11-05 00:00:00,0.0
1999-11-06 00:00:00,0.004999999888241291
1999-11-07 00:00:00,0.0
1999-11-08 00:00:00,1.4799998998641968
1999-11-09 00:00:00,2.0399999618530273
1999-11-10 00:00:00,0.5949999690055847
1999-11-11 00:00:00,0.8500000238418579
1999-11-12 00:00:00,0.0
1999-11-13 00:00:00,0.0
1999-11-14 00:00:00,0.0
1999-11-15 00:00:00,0.15000000596046448
1999-11-16 00:00:00,0.04999999701976776
1999-11-17 00:00:00,1.1449998617172241
1999-11-18 00:00:00,0.0
1999-11-19 00:00:00,0.9099999666213989
1999-11-20 00:00:00,5.484999656677246
1999-11-21 00:00:00,0.13499999046325684
1999-11-22 00:00:00,0.3349999785423279
1999-11-23 00:00:00,0.0
1999-11-24 00:00:00,0.0
1999-11-25 00:00:00,0.4699999988079071
1999-11-26 00:00:00,28.62999725341797
1999-11-27 00:00:00,0.0
1999-11-28 00:00:00,0.0
1999-11-29 00:00:00,0.0
1999-11-30 00:00:00,0.6950000524520874
1999-12-01 00:00:00,2.510000228881836
1999-12-02 00:00:00,14.204999923706055
1999-12-03 00:00:00,31.55500030517578
1999-12-04 00:00:00,0.0
1999-12-05 00:00:00,0.0
1999-12-06 00:00:00,85.875
1999-12-07 00:00:00,1.7549998760223389
1999-12-08 00:00:00,0.0
1999-12-09 00:00:00,0.0
1999-12-10 00:00:00,16.865001678466797
1999-12-11 00:00:00,0.05999999865889549
1999-12-12 00:00:00,30.470001220703125
1999-12-13 00:00:00,38.17499542236328
1999-12-14 00:00:00,178.85501098632812
1999-12-15 00:00:00,0.13499999046325684
1999-12-16 00:00:00,2.179999828338623
1999-12-17 00:00:00,0.25999999046325684
1999-12-18 00:00:00,1.7249999046325684
1999-12-19 00:00:00,29.81999969482422
1999-12-20 00:00:00,1.494999885559082
1999-12-21 00:00:00,0.0
1999-12-22 00:00:00,1.6449998617172241
1999-12-23 00:00:00,25.079998016357422
1999-12-24 00:00:00,0.0
1999-12-25 00:00:00,5.825000286102295
1999-12-26 00:00:00,0.0
1999-12-27 00:00:00,5.21999979019165
1999-12-28 00:00:00,0.1249999925494194
1999-12-29 00:00:00,22.369997024536133
1999-12-30 00:00:00,28.03499984741211
1999-12-31 00:00:00,15.875001907348633
2000-01-01 00:00:00,0.5799999833106995
2000-01-02 00:00:00,0.014999999664723873
2000-01-03 00:00:00,0.11500000208616257
2000-01-04 00:00:00,1.9199999570846558
2000-01-05 00:00:00,20.975000381469727
2000-01-06 00:00:00,1.1349999904632568
2000-01-07 00:00:00,1.9449999332427979
2000-01-08 00:00:00,12.935001373291016
2000-01-09 00:00:00,9.994999885559082
2000-01-10 00:00:00,7.510000228881836
2000-01-11 00:00:00,50.88500213623047
2000-01-12 00:00:00,0.0
2000-01-13 00:00:00,4.139999866485596
2000-01-14 00:00:00,11.524998664855957
2000-01-15 00:00:00,80.46501159667969
2000-01-16 00:00:00,14.354999542236328
2000-01-17 00:00:00,0.0
2000-01-18 00:00:00,1.1899999380111694
2000-01-19 00:00:00,88.10000610351562
2000-01-20 00:00:00,7.270000457763672
2000-01-21 00:00:00,3.0149998664855957
2000-01-22 00:00:00,9.054999351501465
2000-01-23 00:00:00,5.264999866485596
2000-01-24 00:00:00,7.245000839233398
2000-01-25 00:00:00,2.43999981880188
2000-01-26 00:00:00,14.714998245239258
2000-01-27 00:00:00,3.114999771118164
2000-01-28 00:00:00,7.445000648498535
2000-01-29 00:00:00,0.07000000029802322
2000-01-30 00:00:00,41.58500289916992
2000-01-31 00:00:00,23.724998474121094
2000-02-01 00:00:00,9.774999618530273
2000-02-02 00:00:00,0.044999998062849045
2000-02-03 00:00:00,28.509998321533203
2000-02-04 00:00:00,56.95500946044922
2000-02-05 00:00:00,0.2800000011920929
2000-02-06 00:00:00,2.5999996662139893
2000-02-07 00:00:00,2.1650004386901855
2000-02-08 00:00:00,2.2699999809265137
2000-02-09 00:00:00,21.584999084472656
2000-02-10 00:00:00,1.4149999618530273
2000-02-11 00:00:00,2.4050002098083496
2000-02-12 00:00:00,33.720001220703125
2000-02-13 00:00:00,41.55999755859375
2000-02-14 00:00:00,3.5849997997283936
2000-02-15 00:00:00,0.17499999701976776
2000-02-16 00:00:00,0.029999997466802597
2000-02-17 00:00:00,0.9399999976158142
2000-02-18 00:00:00,0.0
2000-02-19 00:00:00,16.260000228881836
2000-02-20 00:00:00,3.624999761581421
2000-02-21 00:00:00,13.595000267028809
2000-02-22 00:00:00,1.6700000762939453
2000-02-23 00:00:00,1.3299999237060547
2000-02-24 00:00:00,2.799999952316284
2000-02-25 00:00:00,3.3949995040893555
2000-02-26 00:00:00,7.299999237060547
2000-02-27 00:00:00,0.0
2000-02-28 00:00:00,2.5899999141693115
2000-02-29 00:00:00,14.224998474121094
2000-03-01 00:00:00,0.0
2000-03-02 00:00:00,0.0
2000-03-03 00:00:00,1.2949999570846558
2000-03-04 00:00:00,21.055002212524414
2000-03-05 00:00:00,16.814998626708984
2000-03-06 00:00:00,39.00499725341797
2000-03-07 00:00:00,5.510000228881836
2000-03-08 00:00:00,12.210000991821289
2000-03-09 00:00:00,8.015000343322754
2000-03-10 00:00:00,0.28999999165534973
2000-03-11 00:00:00,7.440000057220459
2000-03-12 00:00:00,0.6499999761581421
2000-03-13 00:00:00,2.1649999618530273
2000-03-14 00:00:00,26.864999771118164
2000-03-15 00:00:00,0.6699999570846558
2000-03-16 00:00:00,0.0
2000-03-17 00:00:00,2.3499999046325684
2000-03-18 00:00:00,32.93499755859375
2000-03-19 00:00:00,0.03999999910593033
2000-03-20 00:00:00,0.7749999761581421
2000-03-21 00:00:00,1.0399999618530273
2000-03-22 00:00:00,6.085000038146973
2000-03-23 00:00:00,9.130001068115234
2000-03-24 00:00:00,1.8849999904632568
2000-03-25 00:00:00,0.02499999850988388
2000-03-26 00:00:00,0.0
2000-03-27 00:00:00,6.515000343322754
2000-03-28 00:00:00,57.709999084472656
2000-03-29 00:00:00,0.044999998062849045
2000-03-30 00:00:00,0.625
2000-03-31 00:00:00,2.5199999809265137
2000-04-01 00:00:00,0.1550000011920929
2000-04-02 00:00:00,0.8799999952316284
2000-04-03 00:00:00,0.8050000667572021
2000-04-04 00:00:00,0.19499999284744263
2000-04-05 00:00:00,0.45499998331069946
2000-04-06 00:00:00,0.4099999666213989
2000-04-07 00:00:00,0.0
2000-04-08 00:00:00,2.3350000381469727
2000-04-09 00:00:00,0.8500000238418579
2000-04-10 00:00:00,0.0
2000-04-11 00:00:00,0.0
2000-04-12 00:00:00,0.0
2000-04-13 00:00:00,0.0
2000-04-14 00:00:00,12.755001068115234
2000-04-15 00:00:00,18.739999771118164
2000-04-16 00:00:00,36.71000671386719
2000-04-17 00:00:00,23.389999389648438
2000-04-18 00:00:00,3.314999580383301
2000-04-19 00:00:00,0.004999999888241291
2000-04-20 00:00:00,0.0
2000-04-21 00:00:00,0.0
2000-04-22 00:00:00,2.195000171661377
2000-04-23 00:00:00,0.0
2000-04-24 00:00:00,0.004999999888241291
2000-04-25 00:00:00,0.0
2000-04-26 00:00:00,0.004999999888241291
2000-04-27 00:00:00,6.149999618530273
2000-04-28 00:00:00,0.019999999552965164
2000-04-29 00:00:00,0.0
2000-04-30 00:00:00,0.0
2000-05-01 00:00:00,0.0
2000-05-02 00:00:00,0.0
2000-05-03 00:00:00,0.0
2000-05-04 00:00:00,0.004999999888241291
2000-05-05 00:00:00,0.0
2000-05-06 00:00:00,0.0
2000-05-07 00:00:00,0.0
2000-05-08 00:00:00,0.0
2000-05-09 00:00:00,0.0
2000-05-10 00:00:00,0.0
2000-05-11 00:00:00,0.0
2000-05-12 00:00:00,0.0
2000-05-13 00:00:00,0.0
2000-05-14 00:00:00,6.0
2000-05-15 00:00:00,0.03500000014901161
2000-05-16 00:00:00,0.19999998807907104
2000-05-17 00:00:00,0.08500000089406967
2000-05-18 00:00:00,0.0
2000-05-19 00:00:00,0.03999999910593033
2000-05-20 00:00:00,0.029999999329447746
2000-05-21 00:00:00,0.0
2000-05-22 00:00:00,0.0
2000-05-23 00:00:00,0.0
2000-05-24 00:00:00,0.0
2000-05-25 00:00:00,0.0
2000-05-26 00:00:00,0.0
2000-05-27 00:00:00,0.0
2000-05-28 00:00:00,0.0
2000-05-29 00:00:00,0.0
2000-05-30 00:00:00,0.0
2000-05-31 00:00:00,0.0
2000-06-01 00:00:00,0.0
2000-06-02 00:00:00,0.13999998569488525
2000-06-03 00:00:00,0.0
2000-06-04 00:00:00,0.0
2000-06-05 00:00:00,0.0
2000-06-06 00:00:00,0.8300000429153442
2000-06-07 00:00:00,10.239999771118164
2000-06-08 00:00:00,20.10999870300293
2000-06-09 00:00:00,3.3050003051757812
2000-06-10 00:00:00,0.4050000309944153
2000-06-11 00:00:00,0.014999999664723873
2000-06-12 00:00:00,1.1200000047683716
2000-06-13 00:00:00,0.07500000298023224
2000-06-14 00:00:00,0.7899999618530273
2000-06-15 00:00:00,0.0
2000-06-16 00:00:00,17.28999900817871
2000-06-17 00:00:00,5.609999656677246
2000-06-18 00:00:00,0.0
2000-06-19 00:00:00,0.03500000014901161
2000-06-20 00:00:00,0.0
2000-06-21 00:00:00,0.0
2000-06-22 00:00:00,0.0
2000-06-23 00:00:00,0.0
2000-06-24 00:00:00,0.0
2000-06-25 00:00:00,0.0
2000-06-26 00:00:00,0.0
2000-06-27 00:00:00,0.0
2000-06-28 00:00:00,0.0
2000-06-29 00:00:00,0.009999999776482582
2000-06-30 00:00:00,0.0
2000-07-01 00:00:00,0.5450000166893005
2000-07-02 00:00:00,4.394999980926514
2000-07-03 00:00:00,7.114999771118164
2000-07-04 00:00:00,0.0
2000-07-05 00:00:00,0.0
2000-07-06 00:00:00,0.0
2000-07-07 00:00:00,0.0
2000-07-08 00:00:00,0.0
2000-07-09 00:00:00,1.024999976158142
2000-07-10 00:00:00,0.014999999664723873
2000-07-11 00:00:00,2.294999837875366
2000-07-12 00:00:00,0.0
2000-07-13 00:00:00,0.0
2000-07-14 00:00:00,0.0
2000-07-15 00:00:00,0.0
2000-07-16 00:00:00,0.0
2000-07-17 00:00:00,0.0
2000-07-18 00:00:00,0.004999999888241291
2000-07-19 00:00:00,3.375
2000-07-20 00:00:00,0.3649999797344208
2000-07-21 00:00:00,0.0
2000-07-22 00:00:00,0.0
2000-07-23 00:00:00,4.204999923706055
2000-07-24 00:00:00,2.5399999618530273
2000-07-25 00:00:00,0.0
2000-07-26 00:00:00,0.0
2000-07-27 00:00:00,0.2800000011920929
2000-07-28 00:00:00,0.0
2000-07-29 00:00:00,0.0
2000-07-30 00:00:00,0.0
2000-07-31 00:00:00,5.109999656677246
2000-08-01 00:00:00,0.0
2000-08-02 00:00:00,0.0
2000-08-03 00:00:00,1.9650001525878906
2000-08-04 00:00:00,0.0
2000-08-05 00:00:00,0.0
2000-08-06 00:00:00,0.0
2000-08-07 00:00:00,0.0
2000-08-08 00:00:00,0.45499998331069946
2000-08-09 00:00:00,0.0
2000-08-10 00:00:00,20.464998245239258
2000-08-11 00:00:00,0.0
2000-08-12 00:00:00,0.0
2000-08-13 00:00:00,0.19999998807907104
2000-08-14 00:00:00,0.3649999797344208
2000-08-15 00:00:00,2.8899998664855957
2000-08-16 00:00:00,3.8550000190734863
2000-08-17 00:00:00,0.0
2000-08-18 00:00:00,0.0
2000-08-19 00:00:00,0.7549999952316284
2000-08-20 00:00:00,7.725000381469727
2000-08-21 00:00:00,7.184999942779541
2000-08-22 00:00:00,0.0
2000-08-23 00:00:00,0.0
2000-08-24 00:00:00,4.0
2000-08-25 00:00:00,2.2699999809265137
2000-08-26 00:00:00,0.19999998807907104
2000-08-27 00:00:00,0.0
2000-08-28 00:00:00,2.940000057220459
2000-08-29 00:00:00,2.5999999046325684
2000-08-30 00:00:00,0.4899999797344208
2000-08-31 00:00:00,0.6100000143051147
2000-09-01 00:00:00,3.680000066757202
2000-09-02 00:00:00,2.200000286102295
2000-09-03 00:00:00,0.0
2000-09-04 00:00:00,0.054999999701976776
2000-09-05 00:00:00,0.0
2000-09-06 00:00:00,0.22499999403953552
2000-09-07 00:00:00,0.02499999850988388
2000-09-08 00:00:00,0.0
2000-09-09 00:00:00,2.565000057220459
2000-09-10 00:00:00,16.125
2000-09-11 00:00:00,11.755000114440918
2000-09-12 00:00:00,1.339999794960022
2000-09-13 00:00:00,1.1100000143051147
2000-09-14 00:00:00,5.904999732971191
2000-09-15 00:00:00,0.09999999403953552
2000-09-16 00:00:00,0.0
2000-09-17 00:00:00,0.0
2000-09-18 00:00:00,0.0
2000-09-19 00:00:00,0.0
2000-09-20 00:00:00,4.860000133514404
2000-09-21 00:00:00,7.3949995040893555
2000-09-22 00:00:00,55.93999099731445
2000-09-23 00:00:00,0.0
2000-09-24 00:00:00,0.3700000047683716
2000-09-25 00:00:00,0.019999999552965164
2000-09-26 00:00:00,0.10999999940395355
2000-09-27 00:00:00,0.32499998807907104
2000-09-28 00:00:00,0.21000000834465027
2000-09-29 00:00:00,0.0
2000-09-30 00:00:00,0.0
2000-10-01 00:00:00,0.0
2000-10-02 00:00:00,0.0
2000-10-03 00:00:00,11.46500015258789
2000-10-04 00:00:00,41.060001373291016
2000-10-05 00:00:00,0.0
2000-10-06 00:00:00,0.0
2000-10-07 00:00:00,0.13499999046325684
2000-10-08 00:00:00,0.875
2000-10-09 00:00:00,5.864999771118164
2000-10-10 00:00:00,86.6099853515625
2000-10-11 00:00:00,9.830000877380371
2000-10-12 00:00:00,6.2699995040893555
2000-10-13 00:00:00,2.695000410079956
2000-10-14 00:00:00,0.7699998617172241
2000-10-15 00:00:00,13.994999885559082
2000-10-16 00:00:00,0.304999977350235
2000-10-17 00:00:00,0.3149999976158142
2000-10-18 00:00:00,14.430000305175781
2000-10-19 00:00:00,0.029999999329447746
2000-10-20 00:00:00,0.26999998092651367
2000-10-21 00:00:00,1.809999942779541
2000-10-22 00:00:00,6.22499942779541
2000-10-23 00:00:00,56.66499710083008
2000-10-24 00:00:00,3.934999942779541
2000-10-25 00:00:00,0.0
2000-10-26 00:00:00,1.0700000524520874
2000-10-27 00:00:00,24.855003356933594
2000-10-28 00:00:00,1.9799998998641968
2000-10-29 00:00:00,0.125
2000-10-30 00:00:00,0.12999999523162842
2000-10-31 00:00:00,0.0
2000-11-01 00:00:00,0.15000000596046448
2000-11-02 00:00:00,6.654998779296875
2000-11-03 00:00:00,21.364999771118164
2000-11-04 00:00:00,0.3149999976158142
2000-11-05 00:00:00,0.6850000023841858
2000-11-06 00:00:00,0.4150000214576721
2000-11-07 00:00:00,0.0
2000-11-08 00:00:00,1.7799999713897705
2000-11-09 00:00:00,1.2649999856948853
2000-11-10 00:00:00,2.5849997997283936
2000-11-11 00:00:00,0.0
2000-11-12 00:00:00,0.029999999329447746
2000-11-13 00:00:00,31.889997482299805
2000-11-14 00:00:00,1.0099999904632568
2000-11-15 00:00:00,1.2399998903274536
2000-11-16 00:00:00,0.0
2000-11-17 00:00:00,0.39499998092651367
2000-11-18 00:00:00,0.5449999570846558
2000-11-19 00:00:00,0.0
2000-11-20 00:00:00,0.0
2000-11-21 00:00:00,15.244998931884766
2000-11-22 00:00:00,0.0
2000-11-23 00:00:00,1.9399999380111694
2000-11-24 00:00:00,1.1449999809265137
2000-11-25 00:00:00,71.92499542236328
2000-11-26 00:00:00,2.8350000381469727
2000-11-27 00:00:00,3.135000228881836
2000-11-28 00:00:00,0.27000001072883606
2000-11-29 00:00:00,53.469993591308594
2000-11-30 00:00:00,1.7699999809265137
2000-12-01 00:00:00,0.004999999888241291
2000-12-02 00:00:00,0.0
2000-12-03 00:00:00,0.9249999523162842
2000-12-04 00:00:00,15.149999618530273
2000-12-05 00:00:00,16.084997177124023
2000-12-06 00:00:00,0.07499999552965164
2000-12-07 00:00:00,0.9500000476837158
2000-12-08 00:00:00,0.2549999952316284
2000-12-09 00:00:00,21.264999389648438
2000-12-10 00:00:00,31.299997329711914
2000-12-11 00:00:00,4.6349992752075195
2000-12-12 00:00:00,19.44499969482422
2000-12-13 00:00:00,1.440000057220459
2000-12-14 00:00:00,0.32999998331069946
2000-12-15 00:00:00,13.259998321533203
2000-12-16 00:00:00,71.63999938964844
2000-12-17 00:00:00,1.6150000095367432
2000-12-18 00:00:00,0.0
2000-12-19 00:00:00,0.0
2000-12-20 00:00:00,0.07999999821186066
2000-12-21 00:00:00,13.914999008178711
2000-12-22 00:00:00,13.120000839233398
2000-12-23 00:00:00,9.769999504089355
2000-12-24 00:00:00,86.35498046875
2000-12-25 00:00:00,6.034999847412109
2000-12-26 00:00:00,106.81501007080078
2000-12-27 00:00:00,0.5499999523162842
2000-12-28 00:00:00,87.86998748779297
2000-12-29 00:00:00,1.2149999141693115
2000-12-30 00:00:00,5.744999885559082
2000-12-31 00:00:00,19.389999389648438
2001-01-01 00:00:00,0.7400000095367432
2001-01-02 00:00:00,7.820000648498535
2001-01-03 00:00:00,12.420000076293945
2001-01-04 00:00:00,72.03999328613281
2001-01-05 00:00:00,9.454998970031738
2001-01-06 00:00:00,26.395000457763672
2001-01-07 00:00:00,4.359999656677246
2001-01-08 00:00:00,77.44999694824219
2001-01-09 00:00:00,5.034999847412109
2001-01-10 00:00:00,16.23499870300293
2001-01-11 00:00:00,15.070001602172852
2001-01-12 00:00:00,0.0
2001-01-13 00:00:00,1.1049998998641968
2001-01-14 00:00:00,41.22999572753906
2001-01-15 00:00:00,2.5249998569488525
2001-01-16 00:00:00,0.6449999213218689
2001-01-17 00:00:00,5.064999580383301
2001-01-18 00:00:00,1.5049998760223389
2001-01-19 00:00:00,0.7149999737739563
2001-01-20 00:00:00,1.2249999046325684
2001-01-21 00:00:00,2.375000238418579
2001-01-22 00:00:00,31.18000030517578
2001-01-23 00:00:00,7.579999923706055
2001-01-24 00:00:00,18.3799991607666
2001-01-25 00:00:00,6.060000419616699
2001-01-26 00:00:00,8.465001106262207
2001-01-27 00:00:00,0.0
2001-01-28 00:00:00,0.0
2001-01-29 00:00:00,17.905000686645508
2001-01-30 00:00:00,80.49000549316406
2001-01-31 00:00:00,7.400000095367432
2001-02-01 00:00:00,33.20000076293945
2001-02-02 00:00:00,20.184999465942383
2001-02-03 00:00:00,54.82501220703125
2001-02-04 00:00:00,7.274999618530273
2001-02-05 00:00:00,5.024999618530273
2001-02-06 00:00:00,0.08500000089406967
2001-02-07 00:00:00,1.5850000381469727
2001-02-08 00:00:00,2.984999895095825
2001-02-09 00:00:00,25.404998779296875
2001-02-10 00:00:00,38.5050048828125
2001-02-11 00:00:00,8.264999389648438
2001-02-12 00:00:00,6.934999465942383
2001-02-13 00:00:00,13.054999351501465
2001-02-14 00:00:00,0.17499999701976776
2001-02-15 00:00:00,96.81498718261719
2001-02-16 00:00:00,9.680000305175781
2001-02-17 00:00:00,26.694997787475586
2001-02-18 00:00:00,1.630000114440918
2001-02-19 00:00:00,4.429999828338623
2001-02-20 00:00:00,1.1700000762939453
2001-02-21 00:00:00,1.1899999380111694
2001-02-22 00:00:00,0.6000000238418579
2001-02-23 00:00:00,0.10500000417232513
2001-02-24 00:00:00,34.685001373291016
2001-02-25 00:00:00,24.24500274658203
2001-02-26 00:00:00,7.885000228881836
2001-02-27 00:00:00,5.145000457763672
2001-02-28 00:00:00,0.699999988079071
2001-03-01 00:00:00,9.794999122619629
2001-03-02 00:00:00,4.105000019073486
2001-03-03 00:00:00,2.4700000286102295
2001-03-04 00:00:00,0.625
2001-03-05 00:00:00,37.689998626708984
2001-03-06 00:00:00,18.209999084472656
2001-03-07 00:00:00,32.755001068115234
2001-03-08 00:00:00,55.92999267578125
2001-03-09 00:00:00,44.03499984741211
2001-03-10 00:00:00,1.4499999284744263
2001-03-11 00:00:00,4.25499963760376
2001-03-12 00:00:00,0.4449999928474426
2001-03-13 00:00:00,2.2699999809265137
2001-03-14 00:00:00,0.12999999523162842
2001-03-15 00:00:00,0.5149999856948853
2001-03-16 00:00:00,2.309999942779541
2001-03-17 00:00:00,13.34999942779541
2001-03-18 00:00:00,0.0
2001-03-19 00:00:00,13.46500015258789
2001-03-20 00:00:00,0.3100000023841858
2001-03-21 00:00:00,4.139999866485596
2001-03-22 00:00:00,30.855003356933594
2001-03-23 00:00:00,10.054999351501465
2001-03-24 00:00:00,88.43000030517578
2001-03-25 00:00:00,1.524999976158142
2001-03-26 00:00:00,0.0
2001-03-27 00:00:00,9.059999465942383
2001-03-28 00:00:00,0.03999999910593033
2001-03-29 00:00:00,0.0
2001-03-30 00:00:00,0.0
2001-03-31 00:00:00,0.0
2001-04-01 00:00:00,0.004999999888241291
2001-04-02 00:00:00,0.0
2001-04-03 00:00:00,0.8250000476837158
2001-04-04 00:00:00,0.0
2001-04-05 00:00:00,0.28999999165534973
2001-04-06 00:00:00,66.20999908447266
2001-04-07 00:00:00,0.03999999910593033
2001-04-08 00:00:00,0.0
2001-04-09 00:00:00,0.6200000047683716
2001-04-10 00:00:00,4.679999351501465
2001-04-11 00:00:00,0.6999999284744263
2001-04-12 00:00:00,3.2099997997283936
2001-04-13 00:00:00,0.0
2001-04-14 00:00:00,0.0
2001-04-15 00:00:00,10.274999618530273
2001-04-16 00:00:00,0.5
2001-04-17 00:00:00,0.23499998450279236
2001-04-18 00:00:00,0.0
2001-04-19 00:00:00,0.0
2001-04-20 00:00:00,0.0
2001-04-21 00:00:00,8.849998474121094
2001-04-22 00:00:00,52.31500244140625
2001-04-23 00:00:00,11.220001220703125
2001-04-24 00:00:00,58.62499237060547
2001-04-25 00:00:00,0.0
2001-04-26 00:00:00,0.05999999865889549
2001-04-27 00:00:00,0.08999999612569809
2001-04-28 00:00:00,0.0
2001-04-29 00:00:00,111.7449951171875
2001-04-30 00:00:00,0.40000003576278687
2001-05-01 00:00:00,0.0
2001-05-02 00:00:00,0.0
2001-05-03 00:00:00,0.6599999666213989
2001-05-04 00:00:00,0.0
2001-05-05 00:00:00,0.0
2001-05-06 00:00:00,1.7300000190734863
2001-05-07 00:00:00,26.359996795654297
2001-05-08 00:00:00,0.2800000011920929
2001-05-09 00:00:00,0.0
2001-05-10 00:00:00,0.08999999612569809
2001-05-11 00:00:00,0.004999999888241291
2001-05-12 00:00:00,13.005001068115234
2001-05-13 00:00:00,0.0
2001-05-14 00:00:00,0.3799999952316284
2001-05-15 00:00:00,7.984999656677246
2001-05-16 00:00:00,0.0
2001-05-17 00:00:00,0.0
2001-05-18 00:00:00,0.23499998450279236
2001-05-19 00:00:00,0.02499999850988388
2001-05-20 00:00:00,0.0
2001-05-21 00:00:00,0.19999998807907104
2001-05-22 00:00:00,0.009999999776482582
2001-05-23 00:00:00,0.0
2001-05-24 00:00:00,0.0
2001-05-25 00:00:00,0.38499999046325684
2001-05-26 00:00:00,6.345000267028809
2001-05-27 00:00:00,0.0
2001-05-28 00:00:00,0.4899999499320984
2001-05-29 00:00:00,0.0
2001-05-30 00:00:00,0.4899999797344208
2001-05-31 00:00:00,0.0
2001-06-01 00:00:00,0.044999998062849045
2001-06-02 00:00:00,14.259998321533203
2001-06-03 00:00:00,51.43500518798828
2001-06-04 00:00:00,3.114999771118164
2001-06-05 00:00:00,0.0
2001-06-06 00:00:00,0.0
2001-06-07 00:00:00,0.9650000333786011
2001-06-08 00:00:00,0.0
2001-06-09 00:00:00,0.0
2001-06-10 00:00:00,7.934999465942383
2001-06-11 00:00:00,0.0
2001-06-12 00:00:00,0.0
2001-06-13 00:00:00,0.044999998062849045
2001-06-14 00:00:00,0.0
2001-06-15 00:00:00,0.0
2001-06-16 00:00:00,1.3099998235702515
2001-06-17 00:00:00,14.78000259399414
2001-06-18 00:00:00,0.2199999988079071
2001-06-19 00:00:00,0.49000000953674316
2001-06-20 00:00:00,0.014999999664723873
2001-06-21 00:00:00,0.6600000262260437
2001-06-22 00:00:00,0.3500000238418579
2001-06-23 00:00:00,4.960000038146973
2001-06-24 00:00:00,0.08500000089406967
2001-06-25 00:00:00,0.014999999664723873
2001-06-26 00:00:00,0.0
2001-06-27 00:00:00,0.0
2001-06-28 00:00:00,3.9099998474121094
2001-06-29 00:00:00,0.0
2001-06-30 00:00:00,0.0
2001-07-01 00:00:00,0.6449999809265137
2001-07-02 00:00:00,0.0
2001-07-03 00:00:00,0.0
2001-07-04 00:00:00,0.0
2001-07-05 00:00:00,0.42000001668930054
2001-07-06 00:00:00,0.4050000309944153
2001-07-07 00:00:00,0.17499999701976776
2001-07-08 00:00:00,0.9099999666213989
2001-07-09 00:00:00,0.0
2001-07-10 00:00:00,0.35499998927116394
2001-07-11 00:00:00,0.0949999988079071
2001-07-12 00:00:00,0.8949999809265137
2001-07-13 00:00:00,0.0
2001-07-14 00:00:00,0.0
2001-07-15 00:00:00,0.0
2001-07-16 00:00:00,0.0
2001-07-17 00:00:00,0.375
2001-07-18 00:00:00,0.0
2001-07-19 00:00:00,0.0
2001-07-20 00:00:00,0.0
2001-07-21 00:00:00,0.0
2001-07-22 00:00:00,23.02499771118164
2001-07-23 00:00:00,0.0
2001-07-24 00:00:00,0.0
2001-07-25 00:00:00,0.0
2001-07-26 00:00:00,0.18000000715255737
2001-07-27 00:00:00,5.364999771118164
2001-07-28 00:00:00,0.0
2001-07-29 00:00:00,0.0
2001-07-30 00:00:00,0.0
2001-07-31 00:00:00,0.0
2001-08-01 00:00:00,0.0
2001-08-02 00:00:00,0.0
2001-08-03 00:00:00,0.0
2001-08-04 00:00:00,0.0
2001-08-05 00:00:00,0.0
2001-08-06 00:00:00,0.0
2001-08-07 00:00:00,4.299999237060547
2001-08-08 00:00:00,0.0
2001-08-09 00:00:00,0.08500000089406967
2001-08-10 00:00:00,0.0
2001-08-11 00:00:00,0.0
2001-08-12 00:00:00,0.0
2001-08-13 00:00:00,0.0
2001-08-14 00:00:00,0.0
2001-08-15 00:00:00,0.11499999463558197
2001-08-16 00:00:00,14.405001640319824
2001-08-17 00:00:00,0.03500000014901161
2001-08-18 00:00:00,3.7300004959106445
2001-08-19 00:00:00,6.030000686645508
2001-08-20 00:00:00,20.705001831054688
2001-08-21 00:00:00,0.034999996423721313
2001-08-22 00:00:00,0.029999997466802597
2001-08-23 00:00:00,0.0
2001-08-24 00:00:00,0.004999999888241291
2001-08-25 00:00:00,0.0
2001-08-26 00:00:00,0.0
2001-08-27 00:00:00,0.3050000071525574
2001-08-28 00:00:00,0.0
2001-08-29 00:00:00,0.1550000011920929
2001-08-30 00:00:00,2.5399999618530273
2001-08-31 00:00:00,35.45500183105469
2001-09-01 00:00:00,12.075000762939453
2001-09-02 00:00:00,0.19999998807907104
2001-09-03 00:00:00,17.31999969482422
2001-09-04 00:00:00,0.6299999952316284
2001-09-05 00:00:00,0.0
2001-09-06 00:00:00,0.0
2001-09-07 00:00:00,0.0
2001-09-08 00:00:00,0.0
2001-09-09 00:00:00,0.20499998331069946
2001-09-10 00:00:00,1.2049999237060547
2001-09-11 00:00:00,0.014999999664723873
2001-09-12 00:00:00,0.0
2001-09-13 00:00:00,1.8650000095367432
2001-09-14 00:00:00,10.200000762939453
2001-09-15 00:00:00,0.0
2001-09-16 00:00:00,0.14999999105930328
2001-09-17 00:00:00,0.0
2001-09-18 00:00:00,0.0
2001-09-19 00:00:00,0.0
2001-09-20 00:00:00,0.19499999284744263
2001-09-21 00:00:00,10.269999504089355
2001-09-22 00:00:00,0.0
2001-09-23 00:00:00,0.0
2001-09-24 00:00:00,24.189998626708984
2001-09-25 00:00:00,2.6050000190734863
2001-09-26 00:00:00,0.1899999976158142
2001-09-27 00:00:00,1.0499998331069946
2001-09-28 00:00:00,6.939999580383301
2001-09-29 00:00:00,1.7699999809265137
2001-09-30 00:00:00,2.194999933242798
2001-10-01 00:00:00,0.0
2001-10-02 00:00:00,0.11999999731779099
2001-10-03 00:00:00,0.14999999105930328
2001-10-04 00:00:00,1.9500000476837158
2001-10-05 00:00:00,3.5899996757507324
2001-10-06 00:00:00,1.3600000143051147
2001-10-07 00:00:00,6.050000190734863
2001-10-08 00:00:00,1.2599999904632568
2001-10-09 00:00:00,1.1949999332427979
2001-10-10 00:00:00,0.0
2001-10-11 00:00:00,4.199999809265137
2001-10-12 00:00:00,1.5350000858306885
2001-10-13 00:00:00,1.625
2001-10-14 00:00:00,0.0
2001-10-15 00:00:00,0.7300000190734863
2001-10-16 00:00:00,0.4099999666213989
2001-10-17 00:00:00,0.009999999776482582
2001-10-18 00:00:00,0.0
2001-10-19 00:00:00,0.0
2001-10-20 00:00:00,0.0
2001-10-21 00:00:00,0.5
2001-10-22 00:00:00,0.5600000023841858
2001-10-23 00:00:00,0.7499999403953552
2001-10-24 00:00:00,0.0
2001-10-25 00:00:00,0.0
2001-10-26 00:00:00,0.0
2001-10-27 00:00:00,23.284996032714844
2001-10-28 00:00:00,70.8600082397461
2001-10-29 00:00:00,0.375
2001-10-30 00:00:00,12.094999313354492
2001-10-31 00:00:00,0.14999999105930328
2001-11-01 00:00:00,0.0
2001-11-02 00:00:00,26.819995880126953
2001-11-03 00:00:00,3.3949999809265137
2001-11-04 00:00:00,2.380000114440918
2001-11-05 00:00:00,0.009999999776482582
2001-11-06 00:00:00,0.7249999642372131
2001-11-07 00:00:00,6.859999656677246
2001-11-08 00:00:00,0.2150000035762787
2001-11-09 00:00:00,10.824999809265137
2001-11-10 00:00:00,0.9449999928474426
2001-11-11 00:00:00,3.2249999046325684
2001-11-12 00:00:00,10.03499984741211
2001-11-13 00:00:00,0.17999999225139618
2001-11-14 00:00:00,0.054999999701976776
2001-11-15 00:00:00,46.63999938964844
2001-11-16 00:00:00,1.59499990940094
2001-11-17 00:00:00,0.675000011920929
2001-11-18 00:00:00,0.0
2001-11-19 00:00:00,0.8300000429153442
2001-11-20 00:00:00,0.0
2001-11-21 00:00:00,5.7649993896484375
2001-11-22 00:00:00,0.0
2001-11-23 00:00:00,1.340000033378601
2001-11-24 00:00:00,0.0
2001-11-25 00:00:00,17.15999984741211
2001-11-26 00:00:00,0.0
2001-11-27 00:00:00,4.859999656677246
2001-11-28 00:00:00,0.7849999666213989
2001-11-29 00:00:00,0.0
2001-11-30 00:00:00,51.74000549316406
2001-12-01 00:00:00,0.0
2001-12-02 00:00:00,0.4999999701976776
2001-12-03 00:00:00,2.309999942779541
2001-12-04 00:00:00,31.76000213623047
2001-12-05 00:00:00,0.14999999105930328
2001-12-06 00:00:00,0.0
2001-12-07 00:00:00,0.24500000476837158
2001-12-08 00:00:00,152.74002075195312
2001-12-09 00:00:00,9.094998359680176
2001-12-10 00:00:00,1.1649999618530273
2001-12-11 00:00:00,1.2699999809265137
2001-12-12 00:00:00,20.464996337890625
2001-12-13 00:00:00,0.5849999785423279
2001-12-14 00:00:00,0.4949999749660492
2001-12-15 00:00:00,12.815000534057617
2001-12-16 00:00:00,5.320000171661377
2001-12-17 00:00:00,0.6299999952316284
2001-12-18 00:00:00,5.459999084472656
2001-12-19 00:00:00,0.08000000566244125
2001-12-20 00:00:00,0.815000057220459
2001-12-21 00:00:00,22.25
2001-12-22 00:00:00,8.925000190734863
2001-12-23 00:00:00,11.85999870300293
2001-12-24 00:00:00,0.0
2001-12-25 00:00:00,0.044999998062849045
2001-12-26 00:00:00,0.0
2001-12-27 00:00:00,0.8899999856948853
2001-12-28 00:00:00,0.4599999785423279
2001-12-29 00:00:00,1.6549999713897705
2001-12-30 00:00:00,33.95000076293945
2001-12-31 00:00:00,44.05499267578125
2002-01-01 00:00:00,13.5
2002-01-02 00:00:00,14.914997100830078
2002-01-03 00:00:00,0.2849999666213989
2002-01-04 00:00:00,0.0
2002-01-05 00:00:00,17.430002212524414
2002-01-06 00:00:00,98.74501037597656
2002-01-07 00:00:00,0.0
2002-01-08 00:00:00,0.0
2002-01-09 00:00:00,0.8550000190734863
2002-01-10 00:00:00,1.1799999475479126
2002-01-11 00:00:00,0.05999999865889549
2002-01-12 00:00:00,0.0
2002-01-13 00:00:00,0.2549999952316284
2002-01-14 00:00:00,60.529998779296875
2002-01-15 00:00:00,7.25
2002-01-16 00:00:00,1.25
2002-01-17 00:00:00,0.7899999618530273
2002-01-18 00:00:00,0.0
2002-01-19 00:00:00,0.0
2002-01-20 00:00:00,0.0
2002-01-21 00:00:00,1.5950000286102295
2002-01-22 00:00:00,14.039999008178711
2002-01-23 00:00:00,9.434999465942383
2002-01-24 00:00:00,0.0
2002-01-25 00:00:00,30.075000762939453
2002-01-26 00:00:00,0.0
2002-01-27 00:00:00,21.459999084472656
2002-01-28 00:00:00,13.950000762939453
2002-01-29 00:00:00,2.0899999141693115
2002-01-30 00:00:00,5.97499942779541
2002-01-31 00:00:00,8.464999198913574
2002-02-01 00:00:00,2.809999942779541
2002-02-02 00:00:00,56.3950080871582
2002-02-03 00:00:00,17.07499885559082
2002-02-04 00:00:00,0.0
2002-02-05 00:00:00,3.9049997329711914
2002-02-06 00:00:00,39.119998931884766
2002-02-07 00:00:00,0.47999995946884155
2002-02-08 00:00:00,1.4499999284744263
2002-02-09 00:00:00,0.0
2002-02-10 00:00:00,2.4000000953674316
2002-02-11 00:00:00,0.6449999809265137
2002-02-12 00:00:00,19.529998779296875
2002-02-13 00:00:00,8.160000801086426
2002-02-14 00:00:00,0.0
2002-02-15 00:00:00,2.580000400543213
2002-02-16 00:00:00,72.43999481201172
2002-02-17 00:00:00,0.7949999570846558
2002-02-18 00:00:00,0.06499999761581421
2002-02-19 00:00:00,11.90000057220459
2002-02-20 00:00:00,95.39501190185547
2002-02-21 00:00:00,13.774999618530273
2002-02-22 00:00:00,1.2549998760223389
2002-02-23 00:00:00,0.06999999284744263
2002-02-24 00:00:00,12.24499797821045
2002-02-25 00:00:00,1.21999990940094
2002-02-26 00:00:00,0.44999998807907104
2002-02-27 00:00:00,89.34999084472656
2002-02-28 00:00:00,0.21000000834465027
2002-03-01 00:00:00,1.1449999809265137
2002-03-02 00:00:00,18.584999084472656
2002-03-03 00:00:00,23.669998168945312
2002-03-04 00:00:00,4.574999809265137
2002-03-05 00:00:00,0.0949999988079071
2002-03-06 00:00:00,0.12999999523162842
2002-03-07 00:00:00,5.770000457763672
2002-03-08 00:00:00,3.2749996185302734
2002-03-09 00:00:00,0.4049999713897705
2002-03-10 00:00:00,0.32499998807907104
2002-03-11 00:00:00,4.210000038146973
2002-03-12 00:00:00,4.619999408721924
2002-03-13 00:00:00,0.0
2002-03-14 00:00:00,0.07999999821186066
2002-03-15 00:00:00,25.19499969482422
2002-03-16 00:00:00,12.470000267028809
2002-03-17 00:00:00,27.130001068115234
2002-03-18 00:00:00,1.5950000286102295
2002-03-19 00:00:00,38.57500076293945
2002-03-20 00:00:00,51.72499465942383
2002-03-21 00:00:00,1.8199999332427979
2002-03-22 00:00:00,0.0
2002-03-23 00:00:00,1.5149999856948853
2002-03-24 00:00:00,0.17499999701976776
2002-03-25 00:00:00,0.0
2002-03-26 00:00:00,15.379999160766602
2002-03-27 00:00:00,26.749998092651367
2002-03-28 00:00:00,23.189998626708984
2002-03-29 00:00:00,21.17999839782715
2002-03-30 00:00:00,103.22000122070312
2002-03-31 00:00:00,47.21000671386719
2002-04-01 00:00:00,0.004999999888241291
2002-04-02 00:00:00,0.0
2002-04-03 00:00:00,0.0
2002-04-04 00:00:00,1.1249998807907104
2002-04-05 00:00:00,3.434999465942383
2002-04-06 00:00:00,0.875
2002-04-07 00:00:00,3.2400002479553223
2002-04-08 00:00:00,0.0
2002-04-09 00:00:00,5.835000038146973
2002-04-10 00:00:00,1.7000000476837158
2002-04-11 00:00:00,33.73999786376953
2002-04-12 00:00:00,9.315000534057617
2002-04-13 00:00:00,0.0
2002-04-14 00:00:00,0.0
2002-04-15 00:00:00,0.0
2002-04-16 00:00:00,0.0
2002-04-17 00:00:00,0.3449999988079071
2002-04-18 00:00:00,29.09000015258789
2002-04-19 00:00:00,0.0
2002-04-20 00:00:00,7.069999694824219
2002-04-21 00:00:00,33.79499816894531
2002-04-22 00:00:00,2.3299999237060547
2002-04-23 00:00:00,2.234999895095825
2002-04-24 00:00:00,2.495000123977661
2002-04-25 00:00:00,11.745000839233398
2002-04-26 00:00:00,42.8700065612793
2002-04-27 00:00:00,59.660003662109375
2002-04-28 00:00:00,0.004999999888241291
2002-04-29 00:00:00,0.0
2002-04-30 00:00:00,0.0
2002-05-01 00:00:00,0.0
2002-05-02 00:00:00,0.0
2002-05-03 00:00:00,0.5
2002-05-04 00:00:00,1.9199999570846558
2002-05-05 00:00:00,15.649999618530273
2002-05-06 00:00:00,59.93500518798828
2002-05-07 00:00:00,0.11999999731779099
2002-05-08 00:00:00,1.7149999141693115
2002-05-09 00:00:00,0.0
2002-05-10 00:00:00,0.0
2002-05-11 00:00:00,0.0
2002-05-12 00:00:00,0.0
2002-05-13 00:00:00,0.29499998688697815
2002-05-14 00:00:00,15.299999237060547
2002-05-15 00:00:00,55.73500061035156
2002-05-16 00:00:00,0.0
2002-05-17 00:00:00,16.46999740600586
2002-05-18 00:00:00,5.189999580383301
2002-05-19 00:00:00,0.14999999105930328
2002-05-20 00:00:00,0.2150000035762787
2002-05-21 00:00:00,0.0
2002-05-22 00:00:00,0.0
2002-05-23 00:00:00,0.0
2002-05-24 00:00:00,0.0
2002-05-25 00:00:00,0.0
2002-05-26 00:00:00,0.0
2002-05-27 00:00:00,0.0
2002-05-28 00:00:00,0.0
2002-05-29 00:00:00,0.7849999666213989
2002-05-30 00:00:00,16.32499885559082
2002-05-31 00:00:00,3.5999999046325684
2002-06-01 00:00:00,0.0
2002-06-02 00:00:00,0.0
2002-06-03 00:00:00,0.0
2002-06-04 00:00:00,0.0
2002-06-05 00:00:00,0.0
2002-06-06 00:00:00,0.0
2002-06-07 00:00:00,0.0
2002-06-08 00:00:00,0.0
2002-06-09 00:00:00,0.0
2002-06-10 00:00:00,1.9849998950958252
2002-06-11 00:00:00,0.6800000071525574
2002-06-12 00:00:00,0.35499998927116394
2002-06-13 00:00:00,0.0
2002-06-14 00:00:00,0.9950000047683716
2002-06-15 00:00:00,0.0
2002-06-16 00:00:00,0.0
2002-06-17 00:00:00,0.0
2002-06-18 00:00:00,0.0
2002-06-19 00:00:00,0.0
2002-06-20 00:00:00,0.0
2002-06-21 00:00:00,0.0
2002-06-22 00:00:00,0.0
2002-06-23 00:00:00,0.0
2002-06-24 00:00:00,0.0
2002-06-25 00:00:00,0.0
2002-06-26 00:00:00,0.0
2002-06-27 00:00:00,0.17000000178813934
2002-06-28 00:00:00,0.13499999046325684
2002-06-29 00:00:00,0.044999998062849045
2002-06-30 00:00:00,0.004999999888241291
2002-07-01 00:00:00,0.0
2002-07-02 00:00:00,0.27000001072883606
2002-07-03 00:00:00,2.9700000286102295
2002-07-04 00:00:00,16.199996948242188
2002-07-05 00:00:00,10.320001602172852
2002-07-06 00:00:00,0.11500000208616257
2002-07-07 00:00:00,0.019999999552965164
2002-07-08 00:00:00,0.03999999910593033
2002-07-09 00:00:00,0.0
2002-07-10 00:00:00,0.0950000137090683
2002-07-11 00:00:00,0.5999999046325684
2002-07-12 00:00:00,0.26499998569488525
2002-07-13 00:00:00,0.0
2002-07-14 00:00:00,0.14499999582767487
2002-07-15 00:00:00,0.0
2002-07-16 00:00:00,0.004999999888241291
2002-07-17 00:00:00,6.114999771118164
2002-07-18 00:00:00,0.7699998617172241
2002-07-19 00:00:00,0.7299999594688416
2002-07-20 00:00:00,0.0
2002-07-21 00:00:00,0.0
2002-07-22 00:00:00,0.0
2002-07-23 00:00:00,0.0
2002-07-24 00:00:00,0.0
2002-07-25 00:00:00,7.470000267028809
2002-07-26 00:00:00,0.3449999988079071
2002-07-27 00:00:00,0.0
2002-07-28 00:00:00,1.1399999856948853
2002-07-29 00:00:00,2.634999990463257
2002-07-30 00:00:00,0.0
2002-07-31 00:00:00,0.0
2002-08-01 00:00:00,0.17999999225139618
2002-08-02 00:00:00,0.0
2002-08-03 00:00:00,0.0
2002-08-04 00:00:00,0.0
2002-08-05 00:00:00,1.0299999713897705
2002-08-06 00:00:00,0.0
2002-08-07 00:00:00,0.0
2002-08-08 00:00:00,0.0
2002-08-09 00:00:00,29.949995040893555
2002-08-10 00:00:00,0.8650000095367432
2002-08-11 00:00:00,0.0
2002-08-12 00:00:00,0.0
2002-08-13 00:00:00,0.0
2002-08-14 00:00:00,0.0
2002-08-15 00:00:00,2.7300000190734863
2002-08-16 00:00:00,0.0
2002-08-17 00:00:00,0.32499995827674866
2002-08-18 00:00:00,16.399999618530273
2002-08-19 00:00:00,6.649999618530273
2002-08-20 00:00:00,15.779998779296875
2002-08-21 00:00:00,0.07000000029802322
2002-08-22 00:00:00,0.14499999582767487
2002-08-23 00:00:00,0.09999999403953552
2002-08-24 00:00:00,0.0
2002-08-25 00:00:00,0.684999942779541
2002-08-26 00:00:00,3.0299997329711914
2002-08-27 00:00:00,4.574999809265137
2002-08-28 00:00:00,0.22499999403953552
2002-08-29 00:00:00,0.0
2002-08-30 00:00:00,0.06499999761581421
2002-08-31 00:00:00,0.029999999329447746
2002-09-01 00:00:00,2.3999998569488525
2002-09-02 00:00:00,0.029999999329447746
2002-09-03 00:00:00,0.1850000023841858
2002-09-04 00:00:00,0.0
2002-09-05 00:00:00,0.14499999582767487
2002-09-06 00:00:00,0.0
2002-09-07 00:00:00,20.2450008392334
2002-09-08 00:00:00,0.0
2002-09-09 00:00:00,0.0
2002-09-10 00:00:00,1.4449998140335083
2002-09-11 00:00:00,15.440000534057617
2002-09-12 00:00:00,16.220001220703125
2002-09-13 00:00:00,3.7799997329711914
2002-09-14 00:00:00,2.4200000762939453
2002-09-15 00:00:00,0.5
2002-09-16 00:00:00,5.005000114440918
2002-09-17 00:00:00,0.10999999940395355
2002-09-18 00:00:00,13.304998397827148
2002-09-19 00:00:00,0.3349999785423279
2002-09-20 00:00:00,15.26500129699707
2002-09-21 00:00:00,0.0
2002-09-22 00:00:00,0.004999999888241291
2002-09-23 00:00:00,0.0
2002-09-24 00:00:00,0.0
2002-09-25 00:00:00,0.0
2002-09-26 00:00:00,0.0
2002-09-27 00:00:00,0.0
2002-09-28 00:00:00,0.0
2002-09-29 00:00:00,0.0
2002-09-30 00:00:00,0.6949999928474426
2002-10-01 00:00:00,10.09000015258789
2002-10-02 00:00:00,1.0649999380111694
2002-10-03 00:00:00,1.9549999237060547
2002-10-04 00:00:00,18.455001831054688
2002-10-05 00:00:00,9.88499927520752
2002-10-06 00:00:00,10.245000839233398
2002-10-07 00:00:00,1.7899999618530273
2002-10-08 00:00:00,3.444999933242798
2002-10-09 00:00:00,0.1850000023841858
2002-10-10 00:00:00,3.2649998664855957
2002-10-11 00:00:00,0.0
2002-10-12 00:00:00,1.8299999237060547
2002-10-13 00:00:00,21.59000015258789
2002-10-14 00:00:00,10.074999809265137
2002-10-15 00:00:00,0.5449999570846558
2002-10-16 00:00:00,2.7649998664855957
2002-10-17 00:00:00,13.600000381469727
2002-10-18 00:00:00,0.0
2002-10-19 00:00:00,0.0
2002-10-20 00:00:00,0.7449999451637268
2002-10-21 00:00:00,2.494999885559082
2002-10-22 00:00:00,0.029999999329447746
2002-10-23 00:00:00,0.004999999888241291
2002-10-24 00:00:00,0.0
2002-10-25 00:00:00,2.6100001335144043
2002-10-26 00:00:00,6.149999618530273
2002-10-27 00:00:00,21.11499786376953
2002-10-28 00:00:00,0.29999998211860657
2002-10-29 00:00:00,50.94000244140625
2002-10-30 00:00:00,16.215002059936523
2002-10-31 00:00:00,0.7149999737739563
2002-11-01 00:00:00,0.5249999761581421
2002-11-02 00:00:00,0.0
2002-11-03 00:00:00,0.0
2002-11-04 00:00:00,21.360000610351562
2002-11-05 00:00:00,0.17499999701976776
2002-11-06 00:00:00,0.0
2002-11-07 00:00:00,0.0949999988079071
2002-11-08 00:00:00,0.0
2002-11-09 00:00:00,0.03500000014901161
2002-11-10 00:00:00,45.04500198364258
2002-11-11 00:00:00,0.26499998569488525
2002-11-12 00:00:00,5.204999923706055
2002-11-13 00:00:00,1.5850000381469727
2002-11-14 00:00:00,0.4049999713897705
2002-11-15 00:00:00,44.59999465942383
2002-11-16 00:00:00,10.774999618530273
2002-11-17 00:00:00,13.035000801086426
2002-11-18 00:00:00,5.704999923706055
2002-11-19 00:00:00,14.84999942779541
2002-11-20 00:00:00,2.2049999237060547
2002-11-21 00:00:00,5.064999580383301
2002-11-22 00:00:00,1.7899997234344482
2002-11-23 00:00:00,9.78499984741211
2002-11-24 00:00:00,8.695000648498535
2002-11-25 00:00:00,12.274999618530273
2002-11-26 00:00:00,44.16999816894531
2002-11-27 00:00:00,2.2249999046325684
2002-11-28 00:00:00,6.9900007247924805
2002-11-29 00:00:00,14.469998359680176
2002-11-30 00:00:00,68.37000274658203
2002-12-01 00:00:00,47.695003509521484
2002-12-02 00:00:00,33.93500518798828
2002-12-03 00:00:00,5.179999828338623
2002-12-04 00:00:00,3.0199999809265137
2002-12-05 00:00:00,5.114999771118164
2002-12-06 00:00:00,1.3499999046325684
2002-12-07 00:00:00,2.7100000381469727
2002-12-08 00:00:00,32.19499969482422
2002-12-09 00:00:00,0.4300000071525574
2002-12-10 00:00:00,0.9849998950958252
2002-12-11 00:00:00,0.0
2002-12-12 00:00:00,0.6100000143051147
2002-12-13 00:00:00,0.0
2002-12-14 00:00:00,1.524999976158142
2002-12-15 00:00:00,0.0
2002-12-16 00:00:00,1.3849998712539673
2002-12-17 00:00:00,25.899999618530273
2002-12-18 00:00:00,0.1599999964237213
2002-12-19 00:00:00,24.470001220703125
2002-12-20 00:00:00,23.059999465942383
2002-12-21 00:00:00,17.73499870300293
2002-12-22 00:00:00,2.515000104904175
2002-12-23 00:00:00,5.289999485015869
2002-12-24 00:00:00,104.7249984741211
2002-12-25 00:00:00,0.7699999809265137
2002-12-26 00:00:00,0.0
2002-12-27 00:00:00,7.470000267028809
2002-12-28 00:00:00,17.68000030517578
2002-12-29 00:00:00,39.060001373291016
2002-12-30 00:00:00,42.02000045776367
2002-12-31 00:00:00,5.5
2003-01-01 00:00:00,1.7549998760223389
2003-01-02 00:00:00,30.669998168945312
2003-01-03 00:00:00,18.5
2003-01-04 00:00:00,45.55500411987305
2003-01-05 00:00:00,260.6449890136719
2003-01-06 00:00:00,4.824999809265137
2003-01-07 00:00:00,0.44999998807907104
2003-01-08 00:00:00,0.0
2003-01-09 00:00:00,35.01999282836914
2003-01-10 00:00:00,18.97500228881836
2003-01-11 00:00:00,32.14500045776367
2003-01-12 00:00:00,8.024999618530273
2003-01-13 00:00:00,6.7350006103515625
2003-01-14 00:00:00,4.899999141693115
2003-01-15 00:00:00,7.904999732971191
2003-01-16 00:00:00,9.809999465942383
2003-01-17 00:00:00,28.609996795654297
2003-01-18 00:00:00,60.519989013671875
2003-01-19 00:00:00,18.94500160217285
2003-01-20 00:00:00,1.0149999856948853
2003-01-21 00:00:00,2.0450000762939453
2003-01-22 00:00:00,0.06499999761581421
2003-01-23 00:00:00,13.085000038146973
2003-01-24 00:00:00,46.41498565673828
2003-01-25 00:00:00,0.0
2003-01-26 00:00:00,12.25
2003-01-27 00:00:00,3.635000228881836
2003-01-28 00:00:00,4.60499906539917
2003-01-29 00:00:00,5.339999198913574
2003-01-30 00:00:00,0.0
2003-01-31 00:00:00,1.0749999284744263
2003-02-01 00:00:00,0.0
2003-02-02 00:00:00,3.0099997520446777
2003-02-03 00:00:00,2.8999998569488525
2003-02-04 00:00:00,0.22999998927116394
2003-02-05 00:00:00,24.164997100830078
2003-02-06 00:00:00,2.049999952316284
2003-02-07 00:00:00,0.0
2003-02-08 00:00:00,127.04000854492188
2003-02-09 00:00:00,10.414999008178711
2003-02-10 00:00:00,6.514999866485596
2003-02-11 00:00:00,4.164999961853027
2003-02-12 00:00:00,0.9799999594688416
2003-02-13 00:00:00,79.87997436523438
2003-02-14 00:00:00,0.574999988079071
2003-02-15 00:00:00,0.9099999666213989
2003-02-16 00:00:00,3.879999876022339
2003-02-17 00:00:00,16.829999923706055
2003-02-18 00:00:00,14.870002746582031
2003-02-19 00:00:00,0.9599999785423279
2003-02-20 00:00:00,11.545000076293945
2003-02-21 00:00:00,14.424999237060547
2003-02-22 00:00:00,0.0
2003-02-23 00:00:00,0.0
2003-02-24 00:00:00,0.0
2003-02-25 00:00:00,0.4300000071525574
2003-02-26 00:00:00,4.659999847412109
2003-02-27 00:00:00,0.574999988079071
2003-02-28 00:00:00,14.094998359680176
2003-03-01 00:00:00,1.8350000381469727
2003-03-02 00:00:00,8.680000305175781
2003-03-03 00:00:00,20.790000915527344
2003-03-04 00:00:00,3.8299994468688965
2003-03-05 00:00:00,0.5249999761581421
2003-03-06 00:00:00,3.1549997329711914
2003-03-07 00:00:00,1.6149998903274536
2003-03-08 00:00:00,12.500000953674316
2003-03-09 00:00:00,0.004999999888241291
2003-03-10 00:00:00,2.9749999046325684
2003-03-11 00:00:00,4.680000305175781
2003-03-12 00:00:00,0.1899999976158142
2003-03-13 00:00:00,1.4900000095367432
2003-03-14 00:00:00,73.41499328613281
2003-03-15 00:00:00,9.15999984741211
2003-03-16 00:00:00,2.544999837875366
2003-03-17 00:00:00,27.275005340576172
2003-03-18 00:00:00,0.42000001668930054
2003-03-19 00:00:00,0.004999999888241291
2003-03-20 00:00:00,4.894999980926514
2003-03-21 00:00:00,15.299999237060547
2003-03-22 00:00:00,2.499999761581421
2003-03-23 00:00:00,0.0
2003-03-24 00:00:00,0.0
2003-03-25 00:00:00,0.07499999552965164
2003-03-26 00:00:00,0.0
2003-03-27 00:00:00,0.2849999964237213
2003-03-28 00:00:00,0.26999998092651367
2003-03-29 00:00:00,6.975000381469727
2003-03-30 00:00:00,2.7850000858306885
2003-03-31 00:00:00,137.61996459960938
2003-04-01 00:00:00,0.0
2003-04-02 00:00:00,0.0
2003-04-03 00:00:00,0.0
2003-04-04 00:00:00,1.4499999284744263
2003-04-05 00:00:00,96.5899887084961
2003-04-06 00:00:00,0.0
2003-04-07 00:00:00,0.0
2003-04-08 00:00:00,0.45500001311302185
2003-04-09 00:00:00,0.0
2003-04-10 00:00:00,33.57500457763672
2003-04-11 00:00:00,0.2849999964237213
2003-04-12 00:00:00,0.0
2003-04-13 00:00:00,0.0
2003-04-14 00:00:00,0.4350000023841858
2003-04-15 00:00:00,0.0
2003-04-16 00:00:00,0.07499999552965164
2003-04-17 00:00:00,0.04500000178813934
2003-04-18 00:00:00,0.9700000286102295
2003-04-19 00:00:00,0.11999999731779099
2003-04-20 00:00:00,0.5950000286102295
2003-04-21 00:00:00,0.0
2003-04-22 00:00:00,0.0
2003-04-23 00:00:00,10.359999656677246
2003-04-24 00:00:00,0.06499999761581421
2003-04-25 00:00:00,2.3499996662139893
2003-04-26 00:00:00,1.5649999380111694
2003-04-27 00:00:00,4.349999904632568
2003-04-28 00:00:00,0.0
2003-04-29 00:00:00,8.614999771118164
2003-04-30 00:00:00,2.7799999713897705
2003-05-01 00:00:00,14.079999923706055
2003-05-02 00:00:00,12.985000610351562
2003-05-03 00:00:00,0.0
2003-05-04 00:00:00,0.0
2003-05-05 00:00:00,0.0
2003-05-06 00:00:00,0.0
2003-05-07 00:00:00,2.5949997901916504
2003-05-08 00:00:00,0.0
2003-05-09 00:00:00,0.25999999046325684
2003-05-10 00:00:00,0.0
2003-05-11 00:00:00,0.0
2003-05-12 00:00:00,0.29999998211860657
2003-05-13 00:00:00,0.0
2003-05-14 00:00:00,0.0
2003-05-15 00:00:00,0.07000000029802322
2003-05-16 00:00:00,0.0
2003-05-17 00:00:00,0.0
2003-05-18 00:00:00,5.304999828338623
2003-05-19 00:00:00,0.21000000834465027
2003-05-20 00:00:00,0.029999999329447746
2003-05-21 00:00:00,0.029999999329447746
2003-05-22 00:00:00,0.0
2003-05-23 00:00:00,1.1899999380111694
2003-05-24 00:00:00,1.690000057220459
2003-05-25 00:00:00,0.029999999329447746
2003-05-26 00:00:00,0.0
2003-05-27 00:00:00,0.17999999225139618
2003-05-28 00:00:00,0.16499999165534973
2003-05-29 00:00:00,0.0
2003-05-30 00:00:00,0.05999999865889549
2003-05-31 00:00:00,0.0
2003-06-01 00:00:00,0.0
2003-06-02 00:00:00,0.0
2003-06-03 00:00:00,6.520000457763672
2003-06-04 00:00:00,14.700000762939453
2003-06-05 00:00:00,0.0
2003-06-06 00:00:00,0.0
2003-06-07 00:00:00,0.0
2003-06-08 00:00:00,0.0
2003-06-09 00:00:00,0.0
2003-06-10 00:00:00,0.044999998062849045
2003-06-11 00:00:00,0.0
2003-06-12 00:00:00,0.0
2003-06-13 00:00:00,0.0
2003-06-14 00:00:00,0.0
2003-06-15 00:00:00,0.0
2003-06-16 00:00:00,0.7499999403953552
2003-06-17 00:00:00,0.3400000035762787
2003-06-18 00:00:00,0.029999999329447746
2003-06-19 00:00:00,3.0149998664855957
2003-06-20 00:00:00,1.554999828338623
2003-06-21 00:00:00,0.0
2003-06-22 00:00:00,0.0
2003-06-23 00:00:00,0.0
2003-06-24 00:00:00,0.0
2003-06-25 00:00:00,0.0
2003-06-26 00:00:00,0.0
2003-06-27 00:00:00,0.0
2003-06-28 00:00:00,0.44999998807907104
2003-06-29 00:00:00,0.5799999833106995
2003-06-30 00:00:00,0.0
2003-07-01 00:00:00,0.0
2003-07-02 00:00:00,0.0
2003-07-03 00:00:00,0.0
2003-07-04 00:00:00,0.0
2003-07-05 00:00:00,0.0
2003-07-06 00:00:00,0.0
2003-07-07 00:00:00,0.25999999046325684
2003-07-08 00:00:00,0.0
2003-07-09 00:00:00,0.0
2003-07-10 00:00:00,0.0
2003-07-11 00:00:00,2.815000057220459
2003-07-12 00:00:00,0.0
2003-07-13 00:00:00,0.0
2003-07-14 00:00:00,0.0
2003-07-15 00:00:00,0.26999998092651367
2003-07-16 00:00:00,0.0
2003-07-17 00:00:00,0.809999942779541
2003-07-18 00:00:00,7.950000762939453
2003-07-19 00:00:00,0.0
2003-07-20 00:00:00,0.0
2003-07-21 00:00:00,0.0
2003-07-22 00:00:00,0.0
2003-07-23 00:00:00,1.1749999523162842
2003-07-24 00:00:00,0.3649999797344208
2003-07-25 00:00:00,1.0
2003-07-26 00:00:00,0.9499999284744263
2003-07-27 00:00:00,0.07499999552965164
2003-07-28 00:00:00,0.13499999046325684
2003-07-29 00:00:00,3.3600001335144043
2003-07-30 00:00:00,5.84499979019165
2003-07-31 00:00:00,0.0
2003-08-01 00:00:00,0.0
2003-08-02 00:00:00,0.0
2003-08-03 00:00:00,9.59999942779541
2003-08-04 00:00:00,0.07499999552965164
2003-08-05 00:00:00,0.0
2003-08-06 00:00:00,0.14499999582767487
2003-08-07 00:00:00,0.07999999821186066
2003-08-08 00:00:00,0.8999999761581421
2003-08-09 00:00:00,9.395001411437988
2003-08-10 00:00:00,0.37999993562698364
2003-08-11 00:00:00,0.0
2003-08-12 00:00:00,0.0
2003-08-13 00:00:00,0.0
2003-08-14 00:00:00,0.0
2003-08-15 00:00:00,0.4999999701976776
2003-08-16 00:00:00,0.0
2003-08-17 00:00:00,0.0
2003-08-18 00:00:00,0.0
2003-08-19 00:00:00,0.0
2003-08-20 00:00:00,0.0
2003-08-21 00:00:00,0.0
2003-08-22 00:00:00,0.0
2003-08-23 00:00:00,0.7299999594688416
2003-08-24 00:00:00,0.014999999664723873
2003-08-25 00:00:00,0.26499998569488525
2003-08-26 00:00:00,0.0
2003-08-27 00:00:00,0.0
2003-08-28 00:00:00,2.8449995517730713
2003-08-29 00:00:00,0.0
2003-08-30 00:00:00,0.0
2003-08-31 00:00:00,12.10999870300293
2003-09-01 00:00:00,0.7399999499320984
2003-09-02 00:00:00,0.0
2003-09-03 00:00:00,0.0
2003-09-04 00:00:00,0.0
2003-09-05 00:00:00,0.009999999776482582
2003-09-06 00:00:00,18.160001754760742
2003-09-07 00:00:00,1.9950001239776611
2003-09-08 00:00:00,0.0
2003-09-09 00:00:00,0.22999998927116394
2003-09-10 00:00:00,0.0
2003-09-11 00:00:00,0.07999999821186066
2003-09-12 00:00:00,3.069999933242798
2003-09-13 00:00:00,4.440000057220459
2003-09-14 00:00:00,0.0
2003-09-15 00:00:00,0.11999999731779099
2003-09-16 00:00:00,1.090000033378601
2003-09-17 00:00:00,0.17999999225139618
2003-09-18 00:00:00,0.0
2003-09-19 00:00:00,0.0
2003-09-20 00:00:00,0.0
2003-09-21 00:00:00,13.694997787475586
2003-09-22 00:00:00,0.0
2003-09-23 00:00:00,9.450000762939453
2003-09-24 00:00:00,19.1299991607666
2003-09-25 00:00:00,2.059999942779541
2003-09-26 00:00:00,0.3799999952316284
2003-09-27 00:00:00,0.0
2003-09-28 00:00:00,24.42499542236328
2003-09-29 00:00:00,3.1449999809265137
2003-09-30 00:00:00,0.0
2003-10-01 00:00:00,0.0
2003-10-02 00:00:00,13.224998474121094
2003-10-03 00:00:00,7.835000991821289
2003-10-04 00:00:00,0.5399999618530273
2003-10-05 00:00:00,2.2250001430511475
2003-10-06 00:00:00,0.8600000143051147
2003-10-07 00:00:00,0.7799999713897705
2003-10-08 00:00:00,0.0
2003-10-09 00:00:00,0.0
2003-10-10 00:00:00,4.690000534057617
2003-10-11 00:00:00,0.05999999865889549
2003-10-12 00:00:00,0.0
2003-10-13 00:00:00,0.0
2003-10-14 00:00:00,0.0
2003-10-15 00:00:00,0.26999998092651367
2003-10-16 00:00:00,0.0
2003-10-17 00:00:00,0.0
2003-10-18 00:00:00,0.0
2003-10-19 00:00:00,0.8600000143051147
2003-10-20 00:00:00,0.4999999701976776
2003-10-21 00:00:00,1.084999918937683
2003-10-22 00:00:00,3.2599997520446777
2003-10-23 00:00:00,1.475000023841858
2003-10-24 00:00:00,1.0799999237060547
2003-10-25 00:00:00,4.369999885559082
2003-10-26 00:00:00,17.260000228881836
2003-10-27 00:00:00,52.30500030517578
2003-10-28 00:00:00,0.8450000286102295
2003-10-29 00:00:00,0.17000000178813934
2003-10-30 00:00:00,0.7149999737739563
2003-10-31 00:00:00,0.22499999403953552
2003-11-01 00:00:00,14.694999694824219
2003-11-02 00:00:00,0.42500001192092896
2003-11-03 00:00:00,0.0
2003-11-04 00:00:00,0.0
2003-11-05 00:00:00,0.0
2003-11-06 00:00:00,0.0
2003-11-07 00:00:00,0.0
2003-11-08 00:00:00,0.0
2003-11-09 00:00:00,0.3349999785423279
2003-11-10 00:00:00,22.17499542236328
2003-11-11 00:00:00,0.03500000014901161
2003-11-12 00:00:00,0.10999999940395355
2003-11-13 00:00:00,47.97000503540039
2003-11-14 00:00:00,0.059999994933605194
2003-11-15 00:00:00,1.9699997901916504
2003-11-16 00:00:00,0.0
2003-11-17 00:00:00,16.600000381469727
2003-11-18 00:00:00,6.835000038146973
2003-11-19 00:00:00,0.0
2003-11-20 00:00:00,0.0
2003-11-21 00:00:00,0.0
2003-11-22 00:00:00,0.0
2003-11-23 00:00:00,0.0
2003-11-24 00:00:00,0.4049999713897705
2003-11-25 00:00:00,12.375001907348633
2003-11-26 00:00:00,0.0
2003-11-27 00:00:00,4.674999237060547
2003-11-28 00:00:00,86.56499481201172
2003-11-29 00:00:00,0.75
2003-11-30 00:00:00,7.325000762939453
2003-12-01 00:00:00,3.069999933242798
2003-12-02 00:00:00,0.0
2003-12-03 00:00:00,115.77999114990234
2003-12-04 00:00:00,61.19999694824219
2003-12-05 00:00:00,0.0
2003-12-06 00:00:00,10.829999923706055
2003-12-07 00:00:00,0.0
2003-12-08 00:00:00,0.0
2003-12-09 00:00:00,83.44999694824219
2003-12-10 00:00:00,0.0
2003-12-11 00:00:00,0.0
2003-12-12 00:00:00,19.32999610900879
2003-12-13 00:00:00,33.3800048828125
2003-12-14 00:00:00,1.1099998950958252
2003-12-15 00:00:00,0.13499999046325684
2003-12-16 00:00:00,0.5149999856948853
2003-12-17 00:00:00,0.42500001192092896
2003-12-18 00:00:00,0.0
2003-12-19 00:00:00,0.0
2003-12-20 00:00:00,14.569999694824219
2003-12-21 00:00:00,0.02499999850988388
2003-12-22 00:00:00,0.4049999713897705
2003-12-23 00:00:00,134.9250030517578
2003-12-24 00:00:00,0.7149999141693115
2003-12-25 00:00:00,8.914999961853027
2003-12-26 00:00:00,2.580000162124634
2003-12-27 00:00:00,14.469998359680176
2003-12-28 00:00:00,83.45499420166016
2003-12-29 00:00:00,1.804999828338623
2003-12-30 00:00:00,0.0
2003-12-31 00:00:00,0.14499999582767487
2004-01-01 00:00:00,25.50499725341797
2004-01-02 00:00:00,0.44999998807907104
2004-01-03 00:00:00,0.0
2004-01-04 00:00:00,0.05999999865889549
2004-01-05 00:00:00,7.544999599456787
2004-01-06 00:00:00,37.625
2004-01-07 00:00:00,2.3299999237060547
2004-01-08 00:00:00,6.804999351501465
2004-01-09 00:00:00,1.5200002193450928
2004-01-10 00:00:00,5.095000267028809
2004-01-11 00:00:00,14.604999542236328
2004-01-12 00:00:00,13.680001258850098
2004-01-13 00:00:00,5.784999847412109
2004-01-14 00:00:00,36.59500503540039
2004-01-15 00:00:00,0.6549999713897705
2004-01-16 00:00:00,1.9100000858306885
2004-01-17 00:00:00,5.760000228881836
2004-01-18 00:00:00,3.054999828338623
2004-01-19 00:00:00,1.5449999570846558
2004-01-20 00:00:00,5.739999771118164
2004-01-21 00:00:00,8.9350004196167
2004-01-22 00:00:00,26.675003051757812
2004-01-23 00:00:00,9.604999542236328
2004-01-24 00:00:00,1.7649998664855957
2004-01-25 00:00:00,0.004999999888241291
2004-01-26 00:00:00,0.0
2004-01-27 00:00:00,0.0
2004-01-28 00:00:00,20.885000228881836
2004-01-29 00:00:00,11.50999927520752
2004-01-30 00:00:00,24.099998474121094
2004-01-31 00:00:00,2.2950000762939453
2004-02-01 00:00:00,2.4600000381469727
2004-02-02 00:00:00,2.0400002002716064
2004-02-03 00:00:00,0.7799999713897705
2004-02-04 00:00:00,0.4099999666213989
2004-02-05 00:00:00,17.814998626708984
2004-02-06 00:00:00,6.899999618530273
2004-02-07 00:00:00,2.125
2004-02-08 00:00:00,0.26499998569488525
2004-02-09 00:00:00,3.0999999046325684
2004-02-10 00:00:00,9.244998931884766
2004-02-11 00:00:00,0.0
2004-02-12 00:00:00,12.770000457763672
2004-02-13 00:00:00,76.47499084472656
2004-02-14 00:00:00,39.595001220703125
2004-02-15 00:00:00,0.3700000047683716
2004-02-16 00:00:00,3.1650002002716064
2004-02-17 00:00:00,2.305000066757202
2004-02-18 00:00:00,15.07499885559082
2004-02-19 00:00:00,20.32499885559082
2004-02-20 00:00:00,1.5799999237060547
2004-02-21 00:00:00,2.930000066757202
2004-02-22 00:00:00,1.5900001525878906
2004-02-23 00:00:00,0.45499998331069946
2004-02-24 00:00:00,0.0
2004-02-25 00:00:00,0.0
2004-02-26 00:00:00,0.0
2004-02-27 00:00:00,0.0
2004-02-28 00:00:00,0.0
2004-02-29 00:00:00,0.0
2004-03-01 00:00:00,15.029998779296875
2004-03-02 00:00:00,2.8949997425079346
2004-03-03 00:00:00,122.57498168945312
2004-03-04 00:00:00,0.9299999475479126
2004-03-05 00:00:00,0.0
2004-03-06 00:00:00,0.044999998062849045
2004-03-07 00:00:00,1.4600000381469727
2004-03-08 00:00:00,3.760000228881836
2004-03-09 00:00:00,0.12999999523162842
2004-03-10 00:00:00,1.0299999713897705
2004-03-11 00:00:00,6.119999885559082
2004-03-12 00:00:00,1.3799999952316284
2004-03-13 00:00:00,31.61499786376953
2004-03-14 00:00:00,31.78499984741211
2004-03-15 00:00:00,14.809999465942383
2004-03-16 00:00:00,0.7399999499320984
2004-03-17 00:00:00,0.004999999888241291
2004-03-18 00:00:00,28.369998931884766
2004-03-19 00:00:00,0.0
2004-03-20 00:00:00,0.0
2004-03-21 00:00:00,0.11499999463558197
2004-03-22 00:00:00,0.0
2004-03-23 00:00:00,0.0
2004-03-24 00:00:00,0.0
2004-03-25 00:00:00,0.0
2004-03-26 00:00:00,0.004999999888241291
2004-03-27 00:00:00,3.844999313354492
2004-03-28 00:00:00,0.0
2004-03-29 00:00:00,24.169998168945312
2004-03-30 00:00:00,11.545000076293945
2004-03-31 00:00:00,0.04999999701976776
2004-04-01 00:00:00,1.0549999475479126
2004-04-02 00:00:00,3.9000000953674316
2004-04-03 00:00:00,10.244999885559082
2004-04-04 00:00:00,26.10999870300293
2004-04-05 00:00:00,0.0
2004-04-06 00:00:00,1.654999852180481
2004-04-07 00:00:00,5.364999771118164
2004-04-08 00:00:00,22.555002212524414
2004-04-09 00:00:00,0.35499995946884155
2004-04-10 00:00:00,0.7049999833106995
2004-04-11 00:00:00,0.9649999141693115
2004-04-12 00:00:00,0.17999999225139618
2004-04-13 00:00:00,1.0499999523162842
2004-04-14 00:00:00,0.0
2004-04-15 00:00:00,16.844999313354492
2004-04-16 00:00:00,0.6799999475479126
2004-04-17 00:00:00,14.135000228881836
2004-04-18 00:00:00,29.10999870300293
2004-04-19 00:00:00,0.1899999976158142
2004-04-20 00:00:00,11.934999465942383
2004-04-21 00:00:00,0.0
2004-04-22 00:00:00,1.3799999952316284
2004-04-23 00:00:00,0.0
2004-04-24 00:00:00,93.87000274658203
2004-04-25 00:00:00,0.08999999612569809
2004-04-26 00:00:00,0.0
2004-04-27 00:00:00,0.0
2004-04-28 00:00:00,0.0
2004-04-29 00:00:00,0.0
2004-04-30 00:00:00,1.3450000286102295
2004-05-01 00:00:00,0.0
2004-05-02 00:00:00,0.0
2004-05-03 00:00:00,0.8949999809265137
2004-05-04 00:00:00,46.65499496459961
2004-05-05 00:00:00,0.8700000047683716
2004-05-06 00:00:00,3.869999885559082
2004-05-07 00:00:00,0.0
2004-05-08 00:00:00,3.304999828338623
2004-05-09 00:00:00,0.004999999888241291
2004-05-10 00:00:00,0.0
2004-05-11 00:00:00,0.0
2004-05-12 00:00:00,0.0
2004-05-13 00:00:00,0.0
2004-05-14 00:00:00,0.0
2004-05-15 00:00:00,0.0
2004-05-16 00:00:00,0.0
2004-05-17 00:00:00,0.0
2004-05-18 00:00:00,0.0
2004-05-19 00:00:00,0.0
2004-05-20 00:00:00,0.0
2004-05-21 00:00:00,0.0
2004-05-22 00:00:00,0.0
2004-05-23 00:00:00,0.5849999785423279
2004-05-24 00:00:00,14.629999160766602
2004-05-25 00:00:00,6.515000343322754
2004-05-26 00:00:00,2.2750000953674316
2004-05-27 00:00:00,0.6749999523162842
2004-05-28 00:00:00,0.0
2004-05-29 00:00:00,0.0
2004-05-30 00:00:00,0.0
2004-05-31 00:00:00,0.0
2004-06-01 00:00:00,0.0
2004-06-02 00:00:00,0.0
2004-06-03 00:00:00,0.11999999731779099
2004-06-04 00:00:00,0.0
2004-06-05 00:00:00,0.0
2004-06-06 00:00:00,0.0
2004-06-07 00:00:00,0.8250000476837158
2004-06-08 00:00:00,4.894999980926514
2004-06-09 00:00:00,9.255000114440918
2004-06-10 00:00:00,1.5249998569488525
2004-06-11 00:00:00,3.069999933242798
2004-06-12 00:00:00,1.0049998760223389
2004-06-13 00:00:00,0.0
2004-06-14 00:00:00,0.0
2004-06-15 00:00:00,0.0
2004-06-16 00:00:00,0.0
2004-06-17 00:00:00,0.16499999165534973
2004-06-18 00:00:00,0.0
2004-06-19 00:00:00,0.0
2004-06-20 00:00:00,0.0
2004-06-21 00:00:00,0.0
2004-06-22 00:00:00,0.0
2004-06-23 00:00:00,0.0
2004-06-24 00:00:00,4.150000095367432
2004-06-25 00:00:00,0.0
2004-06-26 00:00:00,0.2449999898672104
2004-06-27 00:00:00,1.7200000286102295
2004-06-28 00:00:00,0.029999999329447746
2004-06-29 00:00:00,0.0
2004-06-30 00:00:00,0.0
2004-07-01 00:00:00,0.32500001788139343
2004-07-02 00:00:00,2.499999761581421
2004-07-03 00:00:00,2.0749998092651367
2004-07-04 00:00:00,29.204998016357422
2004-07-05 00:00:00,0.815000057220459
2004-07-06 00:00:00,0.0
2004-07-07 00:00:00,0.07000000029802322
2004-07-08 00:00:00,0.05999999865889549
2004-07-09 00:00:00,0.0
2004-07-10 00:00:00,0.0
2004-07-11 00:00:00,0.08999999612569809
2004-07-12 00:00:00,0.11499999463558197
2004-07-13 00:00:00,0.0
2004-07-14 00:00:00,0.03999999910593033
2004-07-15 00:00:00,0.0
2004-07-16 00:00:00,1.7699999809265137
2004-07-17 00:00:00,0.3699999749660492
2004-07-18 00:00:00,6.75499963760376
2004-07-19 00:00:00,0.0
2004-07-20 00:00:00,0.0
2004-07-21 00:00:00,0.0
2004-07-22 00:00:00,0.0
2004-07-23 00:00:00,0.0
2004-07-24 00:00:00,0.22999998927116394
2004-07-25 00:00:00,2.3450000286102295
2004-07-26 00:00:00,0.0
2004-07-27 00:00:00,0.0
2004-07-28 00:00:00,0.4050000309944153
2004-07-29 00:00:00,1.5399997234344482
2004-07-30 00:00:00,6.875
2004-07-31 00:00:00,0.7999999523162842
2004-08-01 00:00:00,0.03999999910593033
2004-08-02 00:00:00,0.02499999850988388
2004-08-03 00:00:00,0.0
2004-08-04 00:00:00,0.0
2004-08-05 00:00:00,0.0
2004-08-06 00:00:00,0.0
2004-08-07 00:00:00,0.02499999850988388
2004-08-08 00:00:00,0.07499999552965164
2004-08-09 00:00:00,0.29499998688697815
2004-08-10 00:00:00,0.11999999731779099
2004-08-11 00:00:00,0.04999999701976776
2004-08-12 00:00:00,0.12999999523162842
2004-08-13 00:00:00,0.0949999988079071
2004-08-14 00:00:00,0.0
2004-08-15 00:00:00,0.0
2004-08-16 00:00:00,0.809999942779541
2004-08-17 00:00:00,1.6000001430511475
2004-08-18 00:00:00,2.8249998092651367
2004-08-19 00:00:00,0.0
2004-08-20 00:00:00,0.23999997973442078
2004-08-21 00:00:00,39.43000030517578
2004-08-22 00:00:00,0.044999998062849045
2004-08-23 00:00:00,0.0
2004-08-24 00:00:00,0.125
2004-08-25 00:00:00,1.8349997997283936
2004-08-26 00:00:00,7.924999237060547
2004-08-27 00:00:00,0.2849999964237213
2004-08-28 00:00:00,0.8949999809265137
2004-08-29 00:00:00,0.0
2004-08-30 00:00:00,0.3100000023841858
2004-08-31 00:00:00,0.0
2004-09-01 00:00:00,0.0
2004-09-02 00:00:00,0.14499999582767487
2004-09-03 00:00:00,16.21999740600586
2004-09-04 00:00:00,0.0
2004-09-05 00:00:00,0.0949999988079071
2004-09-06 00:00:00,0.03999999910593033
2004-09-07 00:00:00,0.029999999329447746
2004-09-08 00:00:00,5.300000190734863
2004-09-09 00:00:00,1.4449999332427979
2004-09-10 00:00:00,1.3399999141693115
2004-09-11 00:00:00,0.0
2004-09-12 00:00:00,0.0
2004-09-13 00:00:00,0.0
2004-09-14 00:00:00,0.0
2004-09-15 00:00:00,0.0
2004-09-16 00:00:00,0.0
2004-09-17 00:00:00,0.0
2004-09-18 00:00:00,0.0
2004-09-19 00:00:00,0.0
2004-09-20 00:00:00,9.204998016357422
2004-09-21 00:00:00,0.6450000405311584
2004-09-22 00:00:00,0.11499999463558197
2004-09-23 00:00:00,3.47499942779541
2004-09-24 00:00:00,0.029999999329447746
2004-09-25 00:00:00,0.3649999797344208
2004-09-26 00:00:00,0.0
2004-09-27 00:00:00,1.0999999046325684
2004-09-28 00:00:00,27.480003356933594
2004-09-29 00:00:00,11.3100004196167
2004-09-30 00:00:00,2.6399998664855957
2004-10-01 00:00:00,0.0
2004-10-02 00:00:00,0.32499998807907104
2004-10-03 00:00:00,0.6200000047683716
2004-10-04 00:00:00,0.9699999690055847
2004-10-05 00:00:00,0.0
2004-10-06 00:00:00,0.0
2004-10-07 00:00:00,0.0
2004-10-08 00:00:00,0.0
2004-10-09 00:00:00,0.9750000238418579
2004-10-10 00:00:00,0.5799999833106995
2004-10-11 00:00:00,14.104999542236328
2004-10-12 00:00:00,28.55999755859375
2004-10-13 00:00:00,5.179999828338623
2004-10-14 00:00:00,0.004999999888241291
2004-10-15 00:00:00,0.0949999988079071
2004-10-16 00:00:00,0.5899999737739563
2004-10-17 00:00:00,0.0
2004-10-18 00:00:00,0.0
2004-10-19 00:00:00,23.034996032714844
2004-10-20 00:00:00,0.0
2004-10-21 00:00:00,0.0
2004-10-22 00:00:00,0.0
2004-10-23 00:00:00,0.014999999664723873
2004-10-24 00:00:00,8.005000114440918
2004-10-25 00:00:00,1.4199999570846558
2004-10-26 00:00:00,0.0
2004-10-27 00:00:00,0.9649999737739563
2004-10-28 00:00:00,0.22999998927116394
2004-10-29 00:00:00,0.0
2004-10-30 00:00:00,0.0
2004-10-31 00:00:00,28.775001525878906
2004-11-01 00:00:00,0.25999999046325684
2004-11-02 00:00:00,0.5099999904632568
2004-11-03 00:00:00,11.075000762939453
2004-11-04 00:00:00,4.949999809265137
2004-11-05 00:00:00,13.450002670288086
2004-11-06 00:00:00,0.4950000047683716
2004-11-07 00:00:00,0.0
2004-11-08 00:00:00,0.29499998688697815
2004-11-09 00:00:00,1.0099999904632568
2004-11-10 00:00:00,0.125
2004-11-11 00:00:00,55.29499816894531
2004-11-12 00:00:00,0.1249999925494194
2004-11-13 00:00:00,0.14499999582767487
2004-11-14 00:00:00,0.22499999403953552
2004-11-15 00:00:00,23.5049991607666
2004-11-16 00:00:00,5.849999904632568
2004-11-17 00:00:00,26.114999771118164
2004-11-18 00:00:00,1.9649996757507324
2004-11-19 00:00:00,0.0
2004-11-20 00:00:00,0.18000000715255737
2004-11-21 00:00:00,0.0
2004-11-22 00:00:00,0.0
2004-11-23 00:00:00,26.654998779296875
2004-11-24 00:00:00,4.409999847412109
2004-11-25 00:00:00,5.644999980926514
2004-11-26 00:00:00,52.16499328613281
2004-11-27 00:00:00,1.6400001049041748
2004-11-28 00:00:00,6.624999046325684
2004-11-29 00:00:00,1.2249999046325684
2004-11-30 00:00:00,0.0
2004-12-01 00:00:00,1.9049997329711914
2004-12-02 00:00:00,1.0199999809265137
2004-12-03 00:00:00,0.3449999690055847
2004-12-04 00:00:00,1.5999999046325684
2004-12-05 00:00:00,71.40499877929688
2004-12-06 00:00:00,0.33500000834465027
2004-12-07 00:00:00,56.399993896484375
2004-12-08 00:00:00,23.725000381469727
2004-12-09 00:00:00,0.7949999570846558
2004-12-10 00:00:00,0.8849999904632568
2004-12-11 00:00:00,0.0
2004-12-12 00:00:00,0.0
2004-12-13 00:00:00,13.80000114440918
2004-12-14 00:00:00,0.6549999713897705
2004-12-15 00:00:00,0.1849999874830246
2004-12-16 00:00:00,7.32499885559082
2004-12-17 00:00:00,3.8299994468688965
2004-12-18 00:00:00,2.7800002098083496
2004-12-19 00:00:00,24.93000030517578
2004-12-20 00:00:00,34.630001068115234
2004-12-21 00:00:00,0.9099999666213989
2004-12-22 00:00:00,0.8199999332427979
2004-12-23 00:00:00,0.28999999165534973
2004-12-24 00:00:00,1.6499998569488525
2004-12-25 00:00:00,24.75999641418457
2004-12-26 00:00:00,3.564999580383301
2004-12-27 00:00:00,0.0
2004-12-28 00:00:00,0.574999988079071
2004-12-29 00:00:00,11.014999389648438
2004-12-30 00:00:00,23.160001754760742
2004-12-31 00:00:00,16.259998321533203
2005-01-01 00:00:00,10.57499885559082
2005-01-02 00:00:00,20.849998474121094
2005-01-03 00:00:00,10.40000057220459
2005-01-04 00:00:00,0.16499999165534973
2005-01-05 00:00:00,0.0
2005-01-06 00:00:00,0.0
2005-01-07 00:00:00,1.1399999856948853
2005-01-08 00:00:00,3.940000057220459
2005-01-09 00:00:00,41.29500198364258
2005-01-10 00:00:00,5.839999675750732
2005-01-11 00:00:00,4.855000019073486
2005-01-12 00:00:00,2.9100000858306885
2005-01-13 00:00:00,5.055000305175781
2005-01-14 00:00:00,1.5800001621246338
2005-01-15 00:00:00,95.46997833251953
2005-01-16 00:00:00,56.769996643066406
2005-01-17 00:00:00,0.5649999976158142
2005-01-18 00:00:00,0.054999999701976776
2005-01-19 00:00:00,0.1899999976158142
2005-01-20 00:00:00,0.26499998569488525
2005-01-21 00:00:00,0.0
2005-01-22 00:00:00,0.08500000089406967
2005-01-23 00:00:00,5.319999694824219
2005-01-24 00:00:00,6.15500020980835
2005-01-25 00:00:00,7.984999656677246
2005-01-26 00:00:00,17.895000457763672
2005-01-27 00:00:00,0.17499998211860657
2005-01-28 00:00:00,0.0
2005-01-29 00:00:00,0.0
2005-01-30 00:00:00,26.71000099182129
2005-01-31 00:00:00,105.41999816894531
2005-02-01 00:00:00,0.5400000214576721
2005-02-02 00:00:00,0.0
2005-02-03 00:00:00,0.0
2005-02-04 00:00:00,0.0
2005-02-05 00:00:00,0.0
2005-02-06 00:00:00,0.3399999737739563
2005-02-07 00:00:00,122.74501037597656
2005-02-08 00:00:00,22.839996337890625
2005-02-09 00:00:00,28.764995574951172
2005-02-10 00:00:00,27.084999084472656
2005-02-11 00:00:00,7.435000419616699
2005-02-12 00:00:00,12.830001831054688
2005-02-13 00:00:00,1.029999852180481
2005-02-14 00:00:00,6.149999141693115
2005-02-15 00:00:00,5.174999713897705
2005-02-16 00:00:00,3.6449999809265137
2005-02-17 00:00:00,0.9599999189376831
2005-02-18 00:00:00,0.0
2005-02-19 00:00:00,20.184995651245117
2005-02-20 00:00:00,0.8199999332427979
2005-02-21 00:00:00,6.494999885559082
2005-02-22 00:00:00,3.200000286102295
2005-02-23 00:00:00,15.684999465942383
2005-02-24 00:00:00,62.345001220703125
2005-02-25 00:00:00,0.05999999865889549
2005-02-26 00:00:00,9.094999313354492
2005-02-27 00:00:00,2.1049997806549072
2005-02-28 00:00:00,0.47999995946884155
2005-03-01 00:00:00,19.169998168945312
2005-03-02 00:00:00,0.28999999165534973
2005-03-03 00:00:00,0.19499999284744263
2005-03-04 00:00:00,0.14499999582767487
2005-03-05 00:00:00,0.0
2005-03-06 00:00:00,0.0
2005-03-07 00:00:00,0.0
2005-03-08 00:00:00,0.0
2005-03-09 00:00:00,109.29998779296875
2005-03-10 00:00:00,0.29499998688697815
2005-03-11 00:00:00,0.4399999976158142
2005-03-12 00:00:00,2.3350000381469727
2005-03-13 00:00:00,30.459999084472656
2005-03-14 00:00:00,0.7199999690055847
2005-03-15 00:00:00,0.0
2005-03-16 00:00:00,0.27000001072883606
2005-03-17 00:00:00,0.0
2005-03-18 00:00:00,0.6799999475479126
2005-03-19 00:00:00,0.1850000023841858
2005-03-20 00:00:00,1.100000023841858
2005-03-21 00:00:00,15.969999313354492
2005-03-22 00:00:00,60.60000228881836
2005-03-23 00:00:00,0.0
2005-03-24 00:00:00,0.0
2005-03-25 00:00:00,0.0
2005-03-26 00:00:00,0.0
2005-03-27 00:00:00,0.4099999666213989
2005-03-28 00:00:00,0.23999999463558197
2005-03-29 00:00:00,1.5550000667572021
2005-03-30 00:00:00,60.610008239746094
2005-03-31 00:00:00,3.984999656677246
2005-04-01 00:00:00,0.0
2005-04-02 00:00:00,8.800000190734863
2005-04-03 00:00:00,48.780006408691406
2005-04-04 00:00:00,0.0
2005-04-05 00:00:00,0.0
2005-04-06 00:00:00,0.0
2005-04-07 00:00:00,0.004999999888241291
2005-04-08 00:00:00,5.875000476837158
2005-04-09 00:00:00,0.6349999308586121
2005-04-10 00:00:00,1.5999999046325684
2005-04-11 00:00:00,0.26499998569488525
2005-04-12 00:00:00,42.79999923706055
2005-04-13 00:00:00,10.669999122619629
2005-04-14 00:00:00,1.1699998378753662
2005-04-15 00:00:00,0.125
2005-04-16 00:00:00,0.0
2005-04-17 00:00:00,0.0949999988079071
2005-04-18 00:00:00,0.1899999976158142
2005-04-19 00:00:00,0.0
2005-04-20 00:00:00,12.329999923706055
2005-04-21 00:00:00,2.8550000190734863
2005-04-22 00:00:00,0.029999999329447746
2005-04-23 00:00:00,0.8999999761581421
2005-04-24 00:00:00,0.029999999329447746
2005-04-25 00:00:00,73.04999542236328
2005-04-26 00:00:00,0.26999998092651367
2005-04-27 00:00:00,0.12999999523162842
2005-04-28 00:00:00,0.0
2005-04-29 00:00:00,0.0
2005-04-30 00:00:00,0.029999999329447746
2005-05-01 00:00:00,0.0
2005-05-02 00:00:00,0.0
2005-05-03 00:00:00,0.0
2005-05-04 00:00:00,0.0
2005-05-05 00:00:00,0.06499999761581421
2005-05-06 00:00:00,3.4049997329711914
2005-05-07 00:00:00,101.51998901367188
2005-05-08 00:00:00,0.0
2005-05-09 00:00:00,0.0
2005-05-10 00:00:00,0.0
2005-05-11 00:00:00,0.0
2005-05-12 00:00:00,0.0
2005-05-13 00:00:00,0.0
2005-05-14 00:00:00,0.684999942779541
2005-05-15 00:00:00,2.2899999618530273
2005-05-16 00:00:00,0.0
2005-05-17 00:00:00,0.07499999552965164
2005-05-18 00:00:00,0.3050000071525574
2005-05-19 00:00:00,0.6149999499320984
2005-05-20 00:00:00,0.0
2005-05-21 00:00:00,1.0800000429153442
2005-05-22 00:00:00,0.014999999664723873
2005-05-23 00:00:00,0.0
2005-05-24 00:00:00,0.0
2005-05-25 00:00:00,0.2800000011920929
2005-05-26 00:00:00,0.4449999928474426
2005-05-27 00:00:00,0.0
2005-05-28 00:00:00,0.0
2005-05-29 00:00:00,0.0
2005-05-30 00:00:00,21.404998779296875
2005-05-31 00:00:00,0.0
2005-06-01 00:00:00,2.9649999141693115
2005-06-02 00:00:00,0.0
2005-06-03 00:00:00,0.0
2005-06-04 00:00:00,0.0
2005-06-05 00:00:00,9.0
2005-06-06 00:00:00,8.064998626708984
2005-06-07 00:00:00,0.0
2005-06-08 00:00:00,1.8849999904632568
2005-06-09 00:00:00,0.0
2005-06-10 00:00:00,0.0
2005-06-11 00:00:00,0.45499998331069946
2005-06-12 00:00:00,0.5249999761581421
2005-06-13 00:00:00,0.0
2005-06-14 00:00:00,0.04999999701976776
2005-06-15 00:00:00,2.3000001907348633
2005-06-16 00:00:00,0.0
2005-06-17 00:00:00,0.0
2005-06-18 00:00:00,0.0
2005-06-19 00:00:00,0.0
2005-06-20 00:00:00,0.0
2005-06-21 00:00:00,0.0
2005-06-22 00:00:00,0.0
2005-06-23 00:00:00,0.0
2005-06-24 00:00:00,0.0
2005-06-25 00:00:00,0.0
2005-06-26 00:00:00,9.725000381469727
2005-06-27 00:00:00,0.9049999713897705
2005-06-28 00:00:00,0.0
2005-06-29 00:00:00,0.0
2005-06-30 00:00:00,0.14999999105930328
2005-07-01 00:00:00,0.0
2005-07-02 00:00:00,0.004999999888241291
2005-07-03 00:00:00,0.0
2005-07-04 00:00:00,0.0
2005-07-05 00:00:00,22.485002517700195
2005-07-06 00:00:00,0.0
2005-07-07 00:00:00,0.0
2005-07-08 00:00:00,0.0
2005-07-09 00:00:00,0.0
2005-07-10 00:00:00,0.0
2005-07-11 00:00:00,0.0
2005-07-12 00:00:00,0.0
2005-07-13 00:00:00,0.17999999225139618
2005-07-14 00:00:00,0.0
2005-07-15 00:00:00,0.0
2005-07-16 00:00:00,0.0
2005-07-17 00:00:00,3.6299996376037598
2005-07-18 00:00:00,0.0
2005-07-19 00:00:00,0.2750000059604645
2005-07-20 00:00:00,0.0
2005-07-21 00:00:00,0.0
2005-07-22 00:00:00,0.125
2005-07-23 00:00:00,0.004999999888241291
2005-07-24 00:00:00,0.0
2005-07-25 00:00:00,0.0
2005-07-26 00:00:00,0.07499999552965164
2005-07-27 00:00:00,0.0
2005-07-28 00:00:00,0.0
2005-07-29 00:00:00,0.0
2005-07-30 00:00:00,0.0
2005-07-31 00:00:00,0.0
2005-08-01 00:00:00,0.14999999105930328
2005-08-02 00:00:00,0.0
2005-08-03 00:00:00,0.0
2005-08-04 00:00:00,0.0
2005-08-05 00:00:00,0.0
2005-08-06 00:00:00,5.455000400543213
2005-08-07 00:00:00,0.6649999618530273
2005-08-08 00:00:00,2.309999942779541
2005-08-09 00:00:00,0.0
2005-08-10 00:00:00,0.0
2005-08-11 00:00:00,0.0
2005-08-12 00:00:00,0.029999997466802597
2005-08-13 00:00:00,0.0
2005-08-14 00:00:00,0.0
2005-08-15 00:00:00,0.0949999988079071
2005-08-16 00:00:00,0.0
2005-08-17 00:00:00,0.1899999976158142
2005-08-18 00:00:00,0.6599999666213989
2005-08-19 00:00:00,0.0
2005-08-20 00:00:00,0.0
2005-08-21 00:00:00,0.0
2005-08-22 00:00:00,2.7049999237060547
2005-08-23 00:00:00,0.47499996423721313
2005-08-24 00:00:00,41.279998779296875
2005-08-25 00:00:00,0.47999998927116394
2005-08-26 00:00:00,0.0
2005-08-27 00:00:00,0.0
2005-08-28 00:00:00,0.0
2005-08-29 00:00:00,0.0
2005-08-30 00:00:00,1.130000114440918
2005-08-31 00:00:00,0.0
2005-09-01 00:00:00,0.07499999552965164
2005-09-02 00:00:00,0.0
2005-09-03 00:00:00,0.22999998927116394
2005-09-04 00:00:00,0.12999999523162842
2005-09-05 00:00:00,0.0
2005-09-06 00:00:00,0.02499999850988388
2005-09-07 00:00:00,0.019999999552965164
2005-09-08 00:00:00,0.0
2005-09-09 00:00:00,0.0
2005-09-10 00:00:00,2.5899999141693115
2005-09-11 00:00:00,18.520000457763672
2005-09-12 00:00:00,13.135002136230469
2005-09-13 00:00:00,3.9149999618530273
2005-09-14 00:00:00,3.005000114440918
2005-09-15 00:00:00,0.7900000810623169
2005-09-16 00:00:00,0.3449999988079071
2005-09-17 00:00:00,1.1299998760223389
2005-09-18 00:00:00,0.0
2005-09-19 00:00:00,0.03500000014901161
2005-09-20 00:00:00,0.0
2005-09-21 00:00:00,0.0
2005-09-22 00:00:00,0.014999999664723873
2005-09-23 00:00:00,0.5349999666213989
2005-09-24 00:00:00,5.234999656677246
2005-09-25 00:00:00,5.314999580383301
2005-09-26 00:00:00,0.004999999888241291
2005-09-27 00:00:00,0.8899999856948853
2005-09-28 00:00:00,0.0
2005-09-29 00:00:00,0.0
2005-09-30 00:00:00,9.75500202178955
2005-10-01 00:00:00,6.975000381469727
2005-10-02 00:00:00,0.0
2005-10-03 00:00:00,1.1399998664855957
2005-10-04 00:00:00,1.46999990940094
2005-10-05 00:00:00,103.79499816894531
2005-10-06 00:00:00,0.16499999165534973
2005-10-07 00:00:00,0.32999998331069946
2005-10-08 00:00:00,0.49000000953674316
2005-10-09 00:00:00,0.22499999403953552
2005-10-10 00:00:00,0.17999999225139618
2005-10-11 00:00:00,0.03999999910593033
2005-10-12 00:00:00,0.0
2005-10-13 00:00:00,0.0
2005-10-14 00:00:00,4.320000648498535
2005-10-15 00:00:00,4.130000114440918
2005-10-16 00:00:00,0.0
2005-10-17 00:00:00,33.910003662109375
2005-10-18 00:00:00,0.16999998688697815
2005-10-19 00:00:00,0.6200000047683716
2005-10-20 00:00:00,0.0
2005-10-21 00:00:00,0.0
2005-10-22 00:00:00,0.0
2005-10-23 00:00:00,3.200000286102295
2005-10-24 00:00:00,15.995000839233398
2005-10-25 00:00:00,47.44499206542969
2005-10-26 00:00:00,61.329994201660156
2005-10-27 00:00:00,0.4399999976158142
2005-10-28 00:00:00,53.224998474121094
2005-10-29 00:00:00,68.59500122070312
2005-10-30 00:00:00,0.0
2005-10-31 00:00:00,0.0
2005-11-01 00:00:00,0.0
2005-11-02 00:00:00,0.0
2005-11-03 00:00:00,0.0
2005-11-04 00:00:00,0.004999999888241291
2005-11-05 00:00:00,14.569999694824219
2005-11-06 00:00:00,1.9900000095367432
2005-11-07 00:00:00,0.33500000834465027
2005-11-08 00:00:00,1.850000023841858
2005-11-09 00:00:00,0.04999999701976776
2005-11-10 00:00:00,0.014999999664723873
2005-11-11 00:00:00,10.5
2005-11-12 00:00:00,0.0
2005-11-13 00:00:00,0.054999999701976776
2005-11-14 00:00:00,8.90999984741211
2005-11-15 00:00:00,1.7549998760223389
2005-11-16 00:00:00,0.6150000095367432
2005-11-17 00:00:00,11.594999313354492
2005-11-18 00:00:00,5.134999752044678
2005-11-19 00:00:00,35.845001220703125
2005-11-20 00:00:00,0.1550000011920929
2005-11-21 00:00:00,1.0499999523162842
2005-11-22 00:00:00,57.17499542236328
2005-11-23 00:00:00,50.654998779296875
2005-11-24 00:00:00,160.27500915527344
2005-11-25 00:00:00,15.850000381469727
2005-11-26 00:00:00,0.5199999809265137
2005-11-27 00:00:00,0.17999999225139618
2005-11-28 00:00:00,0.0
2005-11-29 00:00:00,1.024999976158142
2005-11-30 00:00:00,14.455000877380371
2005-12-01 00:00:00,18.15999984741211
2005-12-02 00:00:00,12.665000915527344
2005-12-03 00:00:00,0.054999999701976776
2005-12-04 00:00:00,3.2800002098083496
2005-12-05 00:00:00,40.80500030517578
2005-12-06 00:00:00,17.44499969482422
2005-12-07 00:00:00,0.8250000476837158
2005-12-08 00:00:00,0.26999998092651367
2005-12-09 00:00:00,0.0
2005-12-10 00:00:00,4.354999542236328
2005-12-11 00:00:00,1.2400000095367432
2005-12-12 00:00:00,1.6050000190734863
2005-12-13 00:00:00,0.08500000089406967
2005-12-14 00:00:00,1.3450000286102295
2005-12-15 00:00:00,1.2750000953674316
2005-12-16 00:00:00,6.185000419616699
2005-12-17 00:00:00,0.029999999329447746
2005-12-18 00:00:00,8.234999656677246
2005-12-19 00:00:00,0.6599999666213989
2005-12-20 00:00:00,40.67500305175781
2005-12-21 00:00:00,0.044999998062849045
2005-12-22 00:00:00,0.7599999904632568
2005-12-23 00:00:00,0.3349999785423279
2005-12-24 00:00:00,43.23999786376953
2005-12-25 00:00:00,5.234999656677246
2005-12-26 00:00:00,3.0799999237060547
2005-12-27 00:00:00,1.6749999523162842
2005-12-28 00:00:00,5.265000343322754
2005-12-29 00:00:00,0.0
2005-12-30 00:00:00,0.4599999785423279
2005-12-31 00:00:00,0.28999999165534973
2006-01-01 00:00:00,5.034999847412109
2006-01-02 00:00:00,2.0899999141693115
2006-01-03 00:00:00,0.5899999737739563
2006-01-04 00:00:00,37.53499984741211
2006-01-05 00:00:00,0.08999999612569809
2006-01-06 00:00:00,0.9249999523162842
2006-01-07 00:00:00,0.4599999785423279
2006-01-08 00:00:00,0.0
2006-01-09 00:00:00,5.159999847412109
2006-01-10 00:00:00,9.854999542236328
2006-01-11 00:00:00,4.939999580383301
2006-01-12 00:00:00,54.459999084472656
2006-01-13 00:00:00,9.699999809265137
2006-01-14 00:00:00,15.539999008178711
2006-01-15 00:00:00,2.000000238418579
2006-01-16 00:00:00,2.5249996185302734
2006-01-17 00:00:00,0.07999999821186066
2006-01-18 00:00:00,4.625
2006-01-19 00:00:00,0.0
2006-01-20 00:00:00,20.649999618530273
2006-01-21 00:00:00,15.454999923706055
2006-01-22 00:00:00,16.64499855041504
2006-01-23 00:00:00,0.04999999701976776
2006-01-24 00:00:00,5.760000705718994
2006-01-25 00:00:00,24.66499900817871
2006-01-26 00:00:00,60.57500457763672
2006-01-27 00:00:00,0.3349999785423279
2006-01-28 00:00:00,6.059999942779541
2006-01-29 00:00:00,2.505000114440918
2006-01-30 00:00:00,5.574999809265137
2006-01-31 00:00:00,0.31999996304512024
2006-02-01 00:00:00,0.9749999642372131
2006-02-02 00:00:00,0.02499999850988388
2006-02-03 00:00:00,0.3499999940395355
2006-02-04 00:00:00,1.909999966621399
2006-02-05 00:00:00,18.6200008392334
2006-02-06 00:00:00,10.325000762939453
2006-02-07 00:00:00,13.414997100830078
2006-02-08 00:00:00,8.604999542236328
2006-02-09 00:00:00,32.51499938964844
2006-02-10 00:00:00,25.57499885559082
2006-02-11 00:00:00,0.0
2006-02-12 00:00:00,2.6599998474121094
2006-02-13 00:00:00,17.21999740600586
2006-02-14 00:00:00,0.0949999988079071
2006-02-15 00:00:00,1.559999942779541
2006-02-16 00:00:00,0.13499999046325684
2006-02-17 00:00:00,0.5950000286102295
2006-02-18 00:00:00,0.779999852180481
2006-02-19 00:00:00,2.6700000762939453
2006-02-20 00:00:00,8.324999809265137
2006-02-21 00:00:00,0.0
2006-02-22 00:00:00,31.529998779296875
2006-02-23 00:00:00,1.5449998378753662
2006-02-24 00:00:00,134.64999389648438
2006-02-25 00:00:00,1.9650001525878906
2006-02-26 00:00:00,0.0
2006-02-27 00:00:00,0.0
2006-02-28 00:00:00,0.8650000095367432
2006-03-01 00:00:00,0.0
2006-03-02 00:00:00,74.86499786376953
2006-03-03 00:00:00,134.27499389648438
2006-03-04 00:00:00,26.634998321533203
2006-03-05 00:00:00,1.0799999237060547
2006-03-06 00:00:00,0.0
2006-03-07 00:00:00,0.0
2006-03-08 00:00:00,0.0
2006-03-09 00:00:00,5.065000057220459
2006-03-10 00:00:00,1.9950001239776611
2006-03-11 00:00:00,0.014999999664723873
2006-03-12 00:00:00,9.110000610351562
2006-03-13 00:00:00,9.839999198913574
2006-03-14 00:00:00,9.444998741149902
2006-03-15 00:00:00,7.5149993896484375
2006-03-16 00:00:00,0.7899999618530273
2006-03-17 00:00:00,0.0
2006-03-18 00:00:00,3.84999942779541
2006-03-19 00:00:00,3.6299996376037598
2006-03-20 00:00:00,1.2049999237060547
2006-03-21 00:00:00,6.324999809265137
2006-03-22 00:00:00,0.0
2006-03-23 00:00:00,20.530000686645508
2006-03-24 00:00:00,22.73999786376953
2006-03-25 00:00:00,22.435001373291016
2006-03-26 00:00:00,3.9499993324279785
2006-03-27 00:00:00,0.0
2006-03-28 00:00:00,1.559999942779541
2006-03-29 00:00:00,46.52499771118164
2006-03-30 00:00:00,0.2749999761581421
2006-03-31 00:00:00,0.0
2006-04-01 00:00:00,11.355000495910645
2006-04-02 00:00:00,6.920000076293945
2006-04-03 00:00:00,0.7499999403953552
2006-04-04 00:00:00,2.9800000190734863
2006-04-05 00:00:00,10.295000076293945
2006-04-06 00:00:00,10.214999198913574
2006-04-07 00:00:00,3.924999713897705
2006-04-08 00:00:00,0.0
2006-04-09 00:00:00,3.4649996757507324
2006-04-10 00:00:00,0.0
2006-04-11 00:00:00,0.0
2006-04-12 00:00:00,0.0
2006-04-13 00:00:00,2.0999996662139893
2006-04-14 00:00:00,63.56999969482422
2006-04-15 00:00:00,59.875
2006-04-16 00:00:00,4.0
2006-04-17 00:00:00,0.0
2006-04-18 00:00:00,0.0
2006-04-19 00:00:00,0.0
2006-04-20 00:00:00,0.0
2006-04-21 00:00:00,0.0
2006-04-22 00:00:00,0.0
2006-04-23 00:00:00,0.5449999570846558
2006-04-24 00:00:00,0.925000011920929
2006-04-25 00:00:00,0.5649999976158142
2006-04-26 00:00:00,0.029999997466802597
2006-04-27 00:00:00,0.0
2006-04-28 00:00:00,0.0
2006-04-29 00:00:00,0.0
2006-04-30 00:00:00,0.4350000023841858
2006-05-01 00:00:00,0.0
2006-05-02 00:00:00,0.3199999928474426
2006-05-03 00:00:00,1.6700000762939453
2006-05-04 00:00:00,1.3199999332427979
2006-05-05 00:00:00,0.28999999165534973
2006-05-06 00:00:00,0.0
2006-05-07 00:00:00,0.0
2006-05-08 00:00:00,0.0
2006-05-09 00:00:00,0.0
2006-05-10 00:00:00,0.2150000035762787
2006-05-11 00:00:00,0.5899999737739563
2006-05-12 00:00:00,2.495000123977661
2006-05-13 00:00:00,0.0
2006-05-14 00:00:00,0.0
2006-05-15 00:00:00,0.5949999690055847
2006-05-16 00:00:00,0.0
2006-05-17 00:00:00,1.4500000476837158
2006-05-18 00:00:00,0.0
2006-05-19 00:00:00,0.0
2006-05-20 00:00:00,0.0
2006-05-21 00:00:00,0.0
2006-05-22 00:00:00,0.0
2006-05-23 00:00:00,0.0
2006-05-24 00:00:00,0.0
2006-05-25 00:00:00,0.0
2006-05-26 00:00:00,0.0
2006-05-27 00:00:00,0.0
2006-05-28 00:00:00,0.0
2006-05-29 00:00:00,0.46000000834465027
2006-05-30 00:00:00,3.0250000953674316
2006-05-31 00:00:00,0.0
2006-06-01 00:00:00,0.1850000023841858
2006-06-02 00:00:00,15.765000343322754
2006-06-03 00:00:00,0.10500000417232513
2006-06-04 00:00:00,3.6549997329711914
2006-06-05 00:00:00,0.0
2006-06-06 00:00:00,0.0
2006-06-07 00:00:00,0.0
2006-06-08 00:00:00,0.7450000047683716
2006-06-09 00:00:00,0.0
2006-06-10 00:00:00,0.0
2006-06-11 00:00:00,2.0400002002716064
2006-06-12 00:00:00,0.0
2006-06-13 00:00:00,0.0
2006-06-14 00:00:00,0.0
2006-06-15 00:00:00,0.0
2006-06-16 00:00:00,0.4350000023841858
2006-06-17 00:00:00,0.0
2006-06-18 00:00:00,0.0
2006-06-19 00:00:00,0.0
2006-06-20 00:00:00,0.38499999046325684
2006-06-21 00:00:00,0.0
2006-06-22 00:00:00,0.0
2006-06-23 00:00:00,0.0
2006-06-24 00:00:00,0.0
2006-06-25 00:00:00,0.014999999664723873
2006-06-26 00:00:00,65.51499938964844
2006-06-27 00:00:00,4.989999771118164
2006-06-28 00:00:00,0.10500000417232513
2006-06-29 00:00:00,0.0
2006-06-30 00:00:00,0.0
2006-07-01 00:00:00,0.0
2006-07-02 00:00:00,0.0
2006-07-03 00:00:00,0.0
2006-07-04 00:00:00,1.1349999904632568
2006-07-05 00:00:00,0.0
2006-07-06 00:00:00,0.0
2006-07-07 00:00:00,0.0
2006-07-08 00:00:00,0.0
2006-07-09 00:00:00,0.0
2006-07-10 00:00:00,0.0
2006-07-11 00:00:00,0.8550000190734863
2006-07-12 00:00:00,0.0
2006-07-13 00:00:00,0.009999999776482582
2006-07-14 00:00:00,0.47499996423721313
2006-07-15 00:00:00,0.0
2006-07-16 00:00:00,0.0
2006-07-17 00:00:00,0.0
2006-07-18 00:00:00,0.0
2006-07-19 00:00:00,0.0
2006-07-20 00:00:00,0.07499999552965164
2006-07-21 00:00:00,0.0
2006-07-22 00:00:00,0.0
2006-07-23 00:00:00,0.0
2006-07-24 00:00:00,0.0
2006-07-25 00:00:00,0.0
2006-07-26 00:00:00,0.6050000190734863
2006-07-27 00:00:00,0.4950000047683716
2006-07-28 00:00:00,0.12999999523162842
2006-07-29 00:00:00,18.579998016357422
2006-07-30 00:00:00,3.7899999618530273
2006-07-31 00:00:00,0.0
2006-08-01 00:00:00,0.14000000059604645
2006-08-02 00:00:00,0.0
2006-08-03 00:00:00,0.0
2006-08-04 00:00:00,0.0
2006-08-05 00:00:00,0.07499999552965164
2006-08-06 00:00:00,0.07999999821186066
2006-08-07 00:00:00,0.0
2006-08-08 00:00:00,0.0
2006-08-09 00:00:00,0.0
2006-08-10 00:00:00,0.059999994933605194
2006-08-11 00:00:00,0.2849999666213989
2006-08-12 00:00:00,0.0
2006-08-13 00:00:00,0.0
2006-08-14 00:00:00,0.21000000834465027
2006-08-15 00:00:00,8.385000228881836
2006-08-16 00:00:00,8.934999465942383
2006-08-17 00:00:00,5.579999923706055
2006-08-18 00:00:00,6.175000190734863
2006-08-19 00:00:00,0.004999999888241291
2006-08-20 00:00:00,0.0
2006-08-21 00:00:00,0.0
2006-08-22 00:00:00,1.034999966621399
2006-08-23 00:00:00,0.0
2006-08-24 00:00:00,0.0
2006-08-25 00:00:00,0.0
2006-08-26 00:00:00,0.0
2006-08-27 00:00:00,0.0
2006-08-28 00:00:00,39.97500228881836
2006-08-29 00:00:00,0.0
2006-08-30 00:00:00,0.0
2006-08-31 00:00:00,0.004999999888241291
2006-09-01 00:00:00,0.0
2006-09-02 00:00:00,0.20500001311302185
2006-09-03 00:00:00,0.0
2006-09-04 00:00:00,0.004999999888241291
2006-09-05 00:00:00,0.0
2006-09-06 00:00:00,0.0
2006-09-07 00:00:00,0.0
2006-09-08 00:00:00,0.10500000417232513
2006-09-09 00:00:00,5.124999523162842
2006-09-10 00:00:00,0.5299999713897705
2006-09-11 00:00:00,0.029999999329447746
2006-09-12 00:00:00,0.014999999664723873
2006-09-13 00:00:00,0.0
2006-09-14 00:00:00,0.0
2006-09-15 00:00:00,0.5249999165534973
2006-09-16 00:00:00,2.384999990463257
2006-09-17 00:00:00,0.03999999910593033
2006-09-18 00:00:00,0.019999999552965164
2006-09-19 00:00:00,1.75
2006-09-20 00:00:00,0.29999998211860657
2006-09-21 00:00:00,0.1599999964237213
2006-09-22 00:00:00,0.0
2006-09-23 00:00:00,18.665002822875977
2006-09-24 00:00:00,1.374999761581421
2006-09-25 00:00:00,0.019999999552965164
2006-09-26 00:00:00,0.0
2006-09-27 00:00:00,1.09499990940094
2006-09-28 00:00:00,33.185001373291016
2006-09-29 00:00:00,0.8600000143051147
2006-09-30 00:00:00,0.0
2006-10-01 00:00:00,0.019999999552965164
2006-10-02 00:00:00,2.0199997425079346
2006-10-03 00:00:00,0.09999999403953552
2006-10-04 00:00:00,1.3199998140335083
2006-10-05 00:00:00,0.22499999403953552
2006-10-06 00:00:00,2.3999998569488525
2006-10-07 00:00:00,0.0
2006-10-08 00:00:00,0.1300000101327896
2006-10-09 00:00:00,0.009999999776482582
2006-10-10 00:00:00,0.0
2006-10-11 00:00:00,4.644999980926514
2006-10-12 00:00:00,2.765000104904175
2006-10-13 00:00:00,0.0
2006-10-14 00:00:00,0.0
2006-10-15 00:00:00,9.304999351501465
2006-10-16 00:00:00,1.8200000524520874
2006-10-17 00:00:00,0.304999977350235
2006-10-18 00:00:00,0.0
2006-10-19 00:00:00,0.10999999940395355
2006-10-20 00:00:00,1.4350000619888306
2006-10-21 00:00:00,1.3049999475479126
2006-10-22 00:00:00,0.8249999284744263
2006-10-23 00:00:00,1.6700000762939453
2006-10-24 00:00:00,6.175000190734863
2006-10-25 00:00:00,60.88500213623047
2006-10-26 00:00:00,23.519996643066406
2006-10-27 00:00:00,1.3450000286102295
2006-10-28 00:00:00,31.934995651245117
2006-10-29 00:00:00,0.03999999910593033
2006-10-30 00:00:00,70.44499969482422
2006-10-31 00:00:00,7.289999485015869
2006-11-01 00:00:00,2.054999828338623
2006-11-02 00:00:00,1.1299999952316284
2006-11-03 00:00:00,0.49000000953674316
2006-11-04 00:00:00,2.440000057220459
2006-11-05 00:00:00,4.59499979019165
2006-11-06 00:00:00,0.20499998331069946
2006-11-07 00:00:00,6.9200005531311035
2006-11-08 00:00:00,0.16999998688697815
2006-11-09 00:00:00,0.0
2006-11-10 00:00:00,0.0
2006-11-11 00:00:00,0.6449999809265137
2006-11-12 00:00:00,0.0
2006-11-13 00:00:00,0.10999999940395355
2006-11-14 00:00:00,0.0
2006-11-15 00:00:00,0.0
2006-11-16 00:00:00,0.0
2006-11-17 00:00:00,54.36500549316406
2006-11-18 00:00:00,10.375
2006-11-19 00:00:00,16.819997787475586
2006-11-20 00:00:00,0.23499998450279236
2006-11-21 00:00:00,0.0
2006-11-22 00:00:00,0.0
2006-11-23 00:00:00,6.045000076293945
2006-11-24 00:00:00,19.75499725341797
2006-11-25 00:00:00,0.625
2006-11-26 00:00:00,3.740000009536743
2006-11-27 00:00:00,64.94000244140625
2006-11-28 00:00:00,47.60499572753906
2006-11-29 00:00:00,3.794999599456787
2006-11-30 00:00:00,5.0199995040893555
2006-12-01 00:00:00,1.9850001335144043
2006-12-02 00:00:00,54.54500198364258
2006-12-03 00:00:00,0.0
2006-12-04 00:00:00,10.375
2006-12-05 00:00:00,0.06499999761581421
2006-12-06 00:00:00,22.18000030517578
2006-12-07 00:00:00,7.659999847412109
2006-12-08 00:00:00,44.96000289916992
2006-12-09 00:00:00,2.119999885559082
2006-12-10 00:00:00,17.439998626708984
2006-12-11 00:00:00,0.0
2006-12-12 00:00:00,0.5699999928474426
2006-12-13 00:00:00,0.0
2006-12-14 00:00:00,2.2350001335144043
2006-12-15 00:00:00,10.369999885559082
2006-12-16 00:00:00,0.3799999952316284
2006-12-17 00:00:00,15.944997787475586
2006-12-18 00:00:00,38.95500183105469
2006-12-19 00:00:00,11.3149995803833
2006-12-20 00:00:00,44.750003814697266
2006-12-21 00:00:00,6.280000686645508
2006-12-22 00:00:00,0.0
2006-12-23 00:00:00,31.860000610351562
2006-12-24 00:00:00,6.039999961853027
2006-12-25 00:00:00,121.97999572753906
2006-12-26 00:00:00,24.959999084472656
2006-12-27 00:00:00,0.6599999666213989
2006-12-28 00:00:00,17.610000610351562
2006-12-29 00:00:00,4.934999942779541
2006-12-30 00:00:00,10.725000381469727
2006-12-31 00:00:00,1.125
2007-01-01 00:00:00,0.23499998450279236
2007-01-02 00:00:00,30.014997482299805
2007-01-03 00:00:00,23.48000144958496
2007-01-04 00:00:00,14.929998397827148
2007-01-05 00:00:00,4.549999713897705
2007-01-06 00:00:00,6.345000267028809
2007-01-07 00:00:00,5.619999885559082
2007-01-08 00:00:00,24.30500030517578
2007-01-09 00:00:00,1.6400001049041748
2007-01-10 00:00:00,14.659998893737793
2007-01-11 00:00:00,2.065000295639038
2007-01-12 00:00:00,45.910003662109375
2007-01-13 00:00:00,1.1349999904632568
2007-01-14 00:00:00,20.260000228881836
2007-01-15 00:00:00,0.6049999594688416
2007-01-16 00:00:00,14.219999313354492
2007-01-17 00:00:00,0.7449999451637268
2007-01-18 00:00:00,66.53999328613281
2007-01-19 00:00:00,61.91999816894531
2007-01-20 00:00:00,81.8849868774414
2007-01-21 00:00:00,13.13499927520752
2007-01-22 00:00:00,0.0
2007-01-23 00:00:00,4.150000095367432
2007-01-24 00:00:00,94.58001708984375
2007-01-25 00:00:00,0.17499999701976776
2007-01-26 00:00:00,2.009999990463257
2007-01-27 00:00:00,23.94000244140625
2007-01-28 00:00:00,40.27000045776367
2007-01-29 00:00:00,0.7199999690055847
2007-01-30 00:00:00,70.62999725341797
2007-01-31 00:00:00,73.57999420166016
2007-02-01 00:00:00,0.29500001668930054
2007-02-02 00:00:00,7.684999465942383
2007-02-03 00:00:00,0.2199999988079071
2007-02-04 00:00:00,0.4950000047683716
2007-02-05 00:00:00,33.35499954223633
2007-02-06 00:00:00,3.744999885559082
2007-02-07 00:00:00,56.87499237060547
2007-02-08 00:00:00,4.764999866485596
2007-02-09 00:00:00,7.319999694824219
2007-02-10 00:00:00,27.319995880126953
2007-02-11 00:00:00,5.940000534057617
2007-02-12 00:00:00,0.5
2007-02-13 00:00:00,1.96999990940094
2007-02-14 00:00:00,41.12499237060547
2007-02-15 00:00:00,18.169998168945312
2007-02-16 00:00:00,10.09999942779541
2007-02-17 00:00:00,19.225000381469727
2007-02-18 00:00:00,67.69500732421875
2007-02-19 00:00:00,0.0
2007-02-20 00:00:00,0.2549999952316284
2007-02-21 00:00:00,0.0
2007-02-22 00:00:00,0.0
2007-02-23 00:00:00,0.4049999713897705
2007-02-24 00:00:00,2.870000123977661
2007-02-25 00:00:00,1.5049999952316284
2007-02-26 00:00:00,0.07499999552965164
2007-02-27 00:00:00,11.040000915527344
2007-02-28 00:00:00,31.509994506835938
2007-03-01 00:00:00,1.9399998188018799
2007-03-02 00:00:00,48.005001068115234
2007-03-03 00:00:00,73.56001281738281
2007-03-04 00:00:00,0.0
2007-03-05 00:00:00,0.5349999666213989
2007-03-06 00:00:00,20.705001831054688
2007-03-07 00:00:00,0.0
2007-03-08 00:00:00,0.14499999582767487
2007-03-09 00:00:00,8.714999198913574
2007-03-10 00:00:00,38.54500198364258
2007-03-11 00:00:00,22.649999618530273
2007-03-12 00:00:00,0.05999999865889549
2007-03-13 00:00:00,0.48499998450279236
2007-03-14 00:00:00,0.004999999888241291
2007-03-15 00:00:00,15.65999984741211
2007-03-16 00:00:00,0.5049999952316284
2007-03-17 00:00:00,0.2749999761581421
2007-03-18 00:00:00,3.4800000190734863
2007-03-19 00:00:00,0.11499999463558197
2007-03-20 00:00:00,0.4150000214576721
2007-03-21 00:00:00,0.08999999612569809
2007-03-22 00:00:00,0.0
2007-03-23 00:00:00,0.0
2007-03-24 00:00:00,0.20500001311302185
2007-03-25 00:00:00,0.0
2007-03-26 00:00:00,0.05999999865889549
2007-03-27 00:00:00,11.314998626708984
2007-03-28 00:00:00,12.919998168945312
2007-03-29 00:00:00,23.539997100830078
2007-03-30 00:00:00,0.5649999976158142
2007-03-31 00:00:00,27.65500259399414
2007-04-01 00:00:00,11.13499927520752
2007-04-02 00:00:00,0.20000001788139343
2007-04-03 00:00:00,0.9350000619888306
2007-04-04 00:00:00,12.03499984741211
2007-04-05 00:00:00,0.07000000029802322
2007-04-06 00:00:00,0.0
2007-04-07 00:00:00,39.224998474121094
2007-04-08 00:00:00,4.539999961853027
2007-04-09 00:00:00,0.0
2007-04-10 00:00:00,0.6349999904632568
2007-04-11 00:00:00,0.5049999952316284
2007-04-12 00:00:00,1.1500000953674316
2007-04-13 00:00:00,29.459999084472656
2007-04-14 00:00:00,0.0
2007-04-15 00:00:00,0.0
2007-04-16 00:00:00,0.0
2007-04-17 00:00:00,0.0
2007-04-18 00:00:00,0.17499999701976776
2007-04-19 00:00:00,0.0
2007-04-20 00:00:00,0.0
2007-04-21 00:00:00,4.730000019073486
2007-04-22 00:00:00,1.1549999713897705
2007-04-23 00:00:00,3.5
2007-04-24 00:00:00,0.30000001192092896
2007-04-25 00:00:00,1.1100000143051147
2007-04-26 00:00:00,17.09000015258789
2007-04-27 00:00:00,23.955001831054688
2007-04-28 00:00:00,0.38999998569488525
2007-04-29 00:00:00,0.5649999380111694
2007-04-30 00:00:00,0.0
2007-05-01 00:00:00,0.0
2007-05-02 00:00:00,0.0
2007-05-03 00:00:00,11.994999885559082
2007-05-04 00:00:00,0.0
2007-05-05 00:00:00,0.0
2007-05-06 00:00:00,2.2850000858306885
2007-05-07 00:00:00,22.58500099182129
2007-05-08 00:00:00,26.435001373291016
2007-05-09 00:00:00,0.9800000190734863
2007-05-10 00:00:00,0.38499999046325684
2007-05-11 00:00:00,0.0
2007-05-12 00:00:00,0.0
2007-05-13 00:00:00,1.3149999380111694
2007-05-14 00:00:00,0.0
2007-05-15 00:00:00,0.0
2007-05-16 00:00:00,0.17999999225139618
2007-05-17 00:00:00,11.430000305175781
2007-05-18 00:00:00,0.0
2007-05-19 00:00:00,0.4350000023841858
2007-05-20 00:00:00,0.375
2007-05-21 00:00:00,0.009999999776482582
2007-05-22 00:00:00,1.5749999284744263
2007-05-23 00:00:00,2.615000009536743
2007-05-24 00:00:00,0.05999999865889549
2007-05-25 00:00:00,0.5049999356269836
2007-05-26 00:00:00,0.0
2007-05-27 00:00:00,0.0
2007-05-28 00:00:00,0.0
2007-05-29 00:00:00,0.0
2007-05-30 00:00:00,0.0
2007-05-31 00:00:00,0.0
2007-06-01 00:00:00,0.0
2007-06-02 00:00:00,0.0
2007-06-03 00:00:00,0.0
2007-06-04 00:00:00,0.0
2007-06-05 00:00:00,0.05999999865889549
2007-06-06 00:00:00,0.0
2007-06-07 00:00:00,1.0649999380111694
2007-06-08 00:00:00,0.0
2007-06-09 00:00:00,0.0
2007-06-10 00:00:00,0.0
2007-06-11 00:00:00,0.009999999776482582
2007-06-12 00:00:00,0.019999999552965164
2007-06-13 00:00:00,0.0
2007-06-14 00:00:00,0.0
2007-06-15 00:00:00,0.0
2007-06-16 00:00:00,0.8199999332427979
2007-06-17 00:00:00,0.014999999664723873
2007-06-18 00:00:00,0.0
2007-06-19 00:00:00,0.0
2007-06-20 00:00:00,0.0
2007-06-21 00:00:00,0.1899999976158142
2007-06-22 00:00:00,0.0
2007-06-23 00:00:00,0.25999999046325684
2007-06-24 00:00:00,57.58000183105469
2007-06-25 00:00:00,0.5899999737739563
2007-06-26 00:00:00,1.4249999523162842
2007-06-27 00:00:00,0.07499999552965164
2007-06-28 00:00:00,0.0
2007-06-29 00:00:00,0.0
2007-06-30 00:00:00,0.2750000059604645
2007-07-01 00:00:00,0.19499999284744263
2007-07-02 00:00:00,0.0
2007-07-03 00:00:00,0.0
2007-07-04 00:00:00,0.0
2007-07-05 00:00:00,0.0
2007-07-06 00:00:00,0.0
2007-07-07 00:00:00,0.0
2007-07-08 00:00:00,0.6149999499320984
2007-07-09 00:00:00,17.69500160217285
2007-07-10 00:00:00,3.7749996185302734
2007-07-11 00:00:00,0.73499995470047
2007-07-12 00:00:00,0.22499999403953552
2007-07-13 00:00:00,0.0
2007-07-14 00:00:00,0.0
2007-07-15 00:00:00,3.0399999618530273
2007-07-16 00:00:00,0.014999999664723873
2007-07-17 00:00:00,0.26499998569488525
2007-07-18 00:00:00,0.0
2007-07-19 00:00:00,0.0
2007-07-20 00:00:00,0.0
2007-07-21 00:00:00,0.0
2007-07-22 00:00:00,0.0
2007-07-23 00:00:00,0.375
2007-07-24 00:00:00,0.0
2007-07-25 00:00:00,0.125
2007-07-26 00:00:00,0.0
2007-07-27 00:00:00,0.0
2007-07-28 00:00:00,0.0
2007-07-29 00:00:00,0.23999999463558197
2007-07-30 00:00:00,0.08999999612569809
2007-07-31 00:00:00,0.0
2007-08-01 00:00:00,0.0
2007-08-02 00:00:00,0.0
2007-08-03 00:00:00,0.0
2007-08-04 00:00:00,0.0
2007-08-05 00:00:00,0.0
2007-08-06 00:00:00,0.009999999776482582
2007-08-07 00:00:00,0.0
2007-08-08 00:00:00,0.0
2007-08-09 00:00:00,4.315000057220459
2007-08-10 00:00:00,0.0
2007-08-11 00:00:00,0.0
2007-08-12 00:00:00,0.0
2007-08-13 00:00:00,0.0
2007-08-14 00:00:00,0.05999999865889549
2007-08-15 00:00:00,0.0
2007-08-16 00:00:00,17.010000228881836
2007-08-17 00:00:00,0.0
2007-08-18 00:00:00,0.0
2007-08-19 00:00:00,0.0
2007-08-20 00:00:00,0.0
2007-08-21 00:00:00,0.05999999865889549
2007-08-22 00:00:00,0.0
2007-08-23 00:00:00,0.0
2007-08-24 00:00:00,0.0
2007-08-25 00:00:00,0.0
2007-08-26 00:00:00,1.5449999570846558
2007-08-27 00:00:00,0.0
2007-08-28 00:00:00,0.004999999888241291
2007-08-29 00:00:00,0.0
2007-08-30 00:00:00,0.0
2007-08-31 00:00:00,0.13499999046325684
2007-09-01 00:00:00,0.0
2007-09-02 00:00:00,0.03999999910593033
2007-09-03 00:00:00,0.0
2007-09-04 00:00:00,0.2849999964237213
2007-09-05 00:00:00,1.4799998998641968
2007-09-06 00:00:00,0.0
2007-09-07 00:00:00,0.019999999552965164
2007-09-08 00:00:00,2.5899999141693115
2007-09-09 00:00:00,1.4999998807907104
2007-09-10 00:00:00,0.6949999928474426
2007-09-11 00:00:00,1.0749999284744263
2007-09-12 00:00:00,4.835000038146973
2007-09-13 00:00:00,5.815000057220459
2007-09-14 00:00:00,0.0
2007-09-15 00:00:00,4.954999923706055
2007-09-16 00:00:00,0.054999999701976776
2007-09-17 00:00:00,0.23999999463558197
2007-09-18 00:00:00,0.3049999475479126
2007-09-19 00:00:00,3.0349998474121094
2007-09-20 00:00:00,0.22999998927116394
2007-09-21 00:00:00,0.3199999928474426
2007-09-22 00:00:00,0.1599999964237213
2007-09-23 00:00:00,68.92499542236328
2007-09-24 00:00:00,59.989990234375
2007-09-25 00:00:00,0.2800000011920929
2007-09-26 00:00:00,0.0
2007-09-27 00:00:00,0.25999999046325684
2007-09-28 00:00:00,0.014999999664723873
2007-09-29 00:00:00,0.0
2007-09-30 00:00:00,0.0
2007-10-01 00:00:00,0.0
2007-10-02 00:00:00,0.0
2007-10-03 00:00:00,0.014999999664723873
2007-10-04 00:00:00,2.43999981880188
2007-10-05 00:00:00,0.4599999785423279
2007-10-06 00:00:00,0.17499999701976776
2007-10-07 00:00:00,40.93499755859375
2007-10-08 00:00:00,0.1850000023841858
2007-10-09 00:00:00,0.0
2007-10-10 00:00:00,0.0
2007-10-11 00:00:00,5.7699995040893555
2007-10-12 00:00:00,2.0399999618530273
2007-10-13 00:00:00,1.9149999618530273
2007-10-14 00:00:00,3.1050000190734863
2007-10-15 00:00:00,0.03500000014901161
2007-10-16 00:00:00,0.0
2007-10-17 00:00:00,46.6300048828125
2007-10-18 00:00:00,0.054999999701976776
2007-10-19 00:00:00,0.4300000071525574
2007-10-20 00:00:00,2.555000066757202
2007-10-21 00:00:00,0.03500000014901161
2007-10-22 00:00:00,29.839996337890625
2007-10-23 00:00:00,13.944999694824219
2007-10-24 00:00:00,2.8700003623962402
2007-10-25 00:00:00,0.0
2007-10-26 00:00:00,0.0
2007-10-27 00:00:00,0.0
2007-10-28 00:00:00,0.0
2007-10-29 00:00:00,10.645000457763672
2007-10-30 00:00:00,6.694999694824219
2007-10-31 00:00:00,22.940000534057617
2007-11-01 00:00:00,10.869998931884766
2007-11-02 00:00:00,10.195000648498535
2007-11-03 00:00:00,0.550000011920929
2007-11-04 00:00:00,4.425000190734863
2007-11-05 00:00:00,0.23499999940395355
2007-11-06 00:00:00,2.6449999809265137
2007-11-07 00:00:00,3.8500003814697266
2007-11-08 00:00:00,0.5450000166893005
2007-11-09 00:00:00,14.21500015258789
2007-11-10 00:00:00,0.0
2007-11-11 00:00:00,21.200000762939453
2007-11-12 00:00:00,0.0949999988079071
2007-11-13 00:00:00,0.0
2007-11-14 00:00:00,0.0
2007-11-15 00:00:00,8.050000190734863
2007-11-16 00:00:00,0.0
2007-11-17 00:00:00,0.2749999761581421
2007-11-18 00:00:00,27.064998626708984
2007-11-19 00:00:00,38.834991455078125
2007-11-20 00:00:00,69.90000915527344
2007-11-21 00:00:00,2.125
2007-11-22 00:00:00,4.689999580383301
2007-11-23 00:00:00,0.0
2007-11-24 00:00:00,161.65501403808594
2007-11-25 00:00:00,0.0
2007-11-26 00:00:00,0.0
2007-11-27 00:00:00,0.03500000014901161
2007-11-28 00:00:00,0.6649999618530273
2007-11-29 00:00:00,3.234999656677246
2007-11-30 00:00:00,1.1299999952316284
2007-12-01 00:00:00,0.4100000262260437
2007-12-02 00:00:00,9.059999465942383
2007-12-03 00:00:00,2.1600000858306885
2007-12-04 00:00:00,12.394996643066406
2007-12-05 00:00:00,9.90999984741211
2007-12-06 00:00:00,5.6399993896484375
2007-12-07 00:00:00,0.2549999952316284
2007-12-08 00:00:00,4.865000247955322
2007-12-09 00:00:00,97.33999633789062
2007-12-10 00:00:00,0.29999998211860657
2007-12-11 00:00:00,3.7199997901916504
2007-12-12 00:00:00,4.649999618530273
2007-12-13 00:00:00,2.6549999713897705
2007-12-14 00:00:00,8.879999160766602
2007-12-15 00:00:00,178.4600067138672
2007-12-16 00:00:00,68.7550048828125
2007-12-17 00:00:00,0.03999999910593033
2007-12-18 00:00:00,12.50500202178955
2007-12-19 00:00:00,4.550000190734863
2007-12-20 00:00:00,0.0
2007-12-21 00:00:00,0.13499999046325684
2007-12-22 00:00:00,1.6349997520446777
2007-12-23 00:00:00,0.0
2007-12-24 00:00:00,4.71999979019165
2007-12-25 00:00:00,5.930000305175781
2007-12-26 00:00:00,11.020001411437988
2007-12-27 00:00:00,5.659999370574951
2007-12-28 00:00:00,3.0949997901916504
2007-12-29 00:00:00,0.0
2007-12-30 00:00:00,17.035001754760742
2007-12-31 00:00:00,26.329999923706055
2008-01-01 00:00:00,2.0799999237060547
2008-01-02 00:00:00,7.6050004959106445
2008-01-03 00:00:00,18.939998626708984
2008-01-04 00:00:00,13.824997901916504
2008-01-05 00:00:00,23.204998016357422
2008-01-06 00:00:00,4.014999866485596
2008-01-07 00:00:00,0.004999999888241291
2008-01-08 00:00:00,9.359999656677246
2008-01-09 00:00:00,24.979995727539062
2008-01-10 00:00:00,0.13499999046325684
2008-01-11 00:00:00,29.424999237060547
2008-01-12 00:00:00,23.779998779296875
2008-01-13 00:00:00,0.044999998062849045
2008-01-14 00:00:00,0.029999997466802597
2008-01-15 00:00:00,10.704999923706055
2008-01-16 00:00:00,1.0699999332427979
2008-01-17 00:00:00,26.92500114440918
2008-01-18 00:00:00,2.2700002193450928
2008-01-19 00:00:00,87.4949951171875
2008-01-20 00:00:00,102.73999786376953
2008-01-21 00:00:00,19.875001907348633
2008-01-22 00:00:00,28.139999389648438
2008-01-23 00:00:00,41.554996490478516
2008-01-24 00:00:00,2.759999990463257
2008-01-25 00:00:00,0.0
2008-01-26 00:00:00,39.250003814697266
2008-01-27 00:00:00,55.88999938964844
2008-01-28 00:00:00,8.845000267028809
2008-01-29 00:00:00,11.804998397827148
2008-01-30 00:00:00,6.190000534057617
2008-01-31 00:00:00,3.2350006103515625
2008-02-01 00:00:00,0.20499998331069946
2008-02-02 00:00:00,27.714998245239258
2008-02-03 00:00:00,3.3000001907348633
2008-02-04 00:00:00,0.23999997973442078
2008-02-05 00:00:00,0.0
2008-02-06 00:00:00,0.0
2008-02-07 00:00:00,0.0
2008-02-08 00:00:00,15.539999008178711
2008-02-09 00:00:00,51.17000198364258
2008-02-10 00:00:00,0.5399999618530273
2008-02-11 00:00:00,34.55500030517578
2008-02-12 00:00:00,0.11499999463558197
2008-02-13 00:00:00,0.0
2008-02-14 00:00:00,0.0
2008-02-15 00:00:00,15.724998474121094
2008-02-16 00:00:00,93.55499267578125
2008-02-17 00:00:00,7.645000457763672
2008-02-18 00:00:00,0.8149999380111694
2008-02-19 00:00:00,7.0
2008-02-20 00:00:00,5.574999809265137
2008-02-21 00:00:00,8.98499870300293
2008-02-22 00:00:00,0.07999999821186066
2008-02-23 00:00:00,52.660003662109375
2008-02-24 00:00:00,11.574999809265137
2008-02-25 00:00:00,49.394989013671875
2008-02-26 00:00:00,35.82999801635742
2008-02-27 00:00:00,76.62998962402344
2008-02-28 00:00:00,25.25
2008-02-29 00:00:00,6.429999351501465
2008-03-01 00:00:00,2.8249998092651367
2008-03-02 00:00:00,2.9099998474121094
2008-03-03 00:00:00,0.684999942779541
2008-03-04 00:00:00,9.639999389648438
2008-03-05 00:00:00,2.0850000381469727
2008-03-06 00:00:00,0.26499998569488525
2008-03-07 00:00:00,66.6550064086914
2008-03-08 00:00:00,47.72499084472656
2008-03-09 00:00:00,28.3700008392334
2008-03-10 00:00:00,54.71499252319336
2008-03-11 00:00:00,20.720001220703125
2008-03-12 00:00:00,3.184999942779541
2008-03-13 00:00:00,13.564998626708984
2008-03-14 00:00:00,3.304999828338623
2008-03-15 00:00:00,0.0
2008-03-16 00:00:00,0.0
2008-03-17 00:00:00,0.4150000214576721
2008-03-18 00:00:00,0.0
2008-03-19 00:00:00,0.9099999666213989
2008-03-20 00:00:00,0.4150000214576721
2008-03-21 00:00:00,2.4149999618530273
2008-03-22 00:00:00,1.7249999046325684
2008-03-23 00:00:00,0.0
2008-03-24 00:00:00,12.020000457763672
2008-03-25 00:00:00,0.0
2008-03-26 00:00:00,0.0
2008-03-27 00:00:00,0.3050000071525574
2008-03-28 00:00:00,10.78499984741211
2008-03-29 00:00:00,2.2800002098083496
2008-03-30 00:00:00,0.0
2008-03-31 00:00:00,0.0
2008-04-01 00:00:00,2.2749998569488525
2008-04-02 00:00:00,45.159996032714844
2008-04-03 00:00:00,2.794999837875366
2008-04-04 00:00:00,0.0
2008-04-05 00:00:00,3.979999542236328
2008-04-06 00:00:00,0.4399999976158142
2008-04-07 00:00:00,0.0
2008-04-08 00:00:00,1.5449999570846558
2008-04-09 00:00:00,30.979999542236328
2008-04-10 00:00:00,1.0499999523162842
2008-04-11 00:00:00,8.204998970031738
2008-04-12 00:00:00,21.68000030517578
2008-04-13 00:00:00,2.880000114440918
2008-04-14 00:00:00,60.10499572753906
2008-04-15 00:00:00,0.1249999925494194
2008-04-16 00:00:00,0.0
2008-04-17 00:00:00,0.0
2008-04-18 00:00:00,0.0
2008-04-19 00:00:00,0.0
2008-04-20 00:00:00,0.0
2008-04-21 00:00:00,0.0
2008-04-22 00:00:00,0.0
2008-04-23 00:00:00,0.0
2008-04-24 00:00:00,0.0
2008-04-25 00:00:00,0.19499999284744263
2008-04-26 00:00:00,0.7399999499320984
2008-04-27 00:00:00,0.08500000089406967
2008-04-28 00:00:00,0.004999999888241291
2008-04-29 00:00:00,16.395000457763672
2008-04-30 00:00:00,5.649999618530273
2008-05-01 00:00:00,0.0
2008-05-02 00:00:00,2.2249999046325684
2008-05-03 00:00:00,0.0
2008-05-04 00:00:00,0.0
2008-05-05 00:00:00,0.0
2008-05-06 00:00:00,0.0
2008-05-07 00:00:00,0.0
2008-05-08 00:00:00,0.0
2008-05-09 00:00:00,0.0
2008-05-10 00:00:00,0.12999999523162842
2008-05-11 00:00:00,22.459997177124023
2008-05-12 00:00:00,7.534999847412109
2008-05-13 00:00:00,0.574999988079071
2008-05-14 00:00:00,0.004999999888241291
2008-05-15 00:00:00,0.0
2008-05-16 00:00:00,0.0
2008-05-17 00:00:00,0.0
2008-05-18 00:00:00,0.0
2008-05-19 00:00:00,0.0
2008-05-20 00:00:00,0.0
2008-05-21 00:00:00,0.0
2008-05-22 00:00:00,0.0
2008-05-23 00:00:00,0.0
2008-05-24 00:00:00,0.0
2008-05-25 00:00:00,0.7649999856948853
2008-05-26 00:00:00,0.0
2008-05-27 00:00:00,0.0
2008-05-28 00:00:00,0.0
2008-05-29 00:00:00,0.0
2008-05-30 00:00:00,0.0
2008-05-31 00:00:00,0.044999998062849045
2008-06-01 00:00:00,0.0
2008-06-02 00:00:00,0.0
2008-06-03 00:00:00,0.0
2008-06-04 00:00:00,0.0
2008-06-05 00:00:00,0.0
2008-06-06 00:00:00,0.0
2008-06-07 00:00:00,0.02499999850988388
2008-06-08 00:00:00,0.0
2008-06-09 00:00:00,0.0
2008-06-10 00:00:00,0.0
2008-06-11 00:00:00,0.3349999785423279
2008-06-12 00:00:00,35.44000244140625
2008-06-13 00:00:00,1.0399999618530273
2008-06-14 00:00:00,0.4650000035762787
2008-06-15 00:00:00,0.3749999701976776
2008-06-16 00:00:00,0.019999999552965164
2008-06-17 00:00:00,0.0
2008-06-18 00:00:00,0.0
2008-06-19 00:00:00,0.0
2008-06-20 00:00:00,0.0
2008-06-21 00:00:00,0.0
2008-06-22 00:00:00,0.0
2008-06-23 00:00:00,0.0
2008-06-24 00:00:00,0.0
2008-06-25 00:00:00,0.0
2008-06-26 00:00:00,0.0
2008-06-27 00:00:00,0.3799999952316284
2008-06-28 00:00:00,0.0
2008-06-29 00:00:00,0.16999998688697815
2008-06-30 00:00:00,0.0
2008-07-01 00:00:00,0.0
2008-07-02 00:00:00,0.08999999612569809
2008-07-03 00:00:00,0.0
2008-07-04 00:00:00,0.0
2008-07-06 00:00:00,0.0
2008-07-07 00:00:00,0.0
2008-07-08 00:00:00,0.0
2008-07-09 00:00:00,0.0
2008-07-10 00:00:00,0.0
2008-07-11 00:00:00,0.0
2008-07-12 00:00:00,0.0
2008-07-13 00:00:00,0.3700000047683716
2008-07-14 00:00:00,0.044999998062849045
2008-07-15 00:00:00,0.0
2008-07-16 00:00:00,0.0
2008-07-17 00:00:00,0.0
2008-07-18 00:00:00,0.0
2008-07-19 00:00:00,0.0
2008-07-20 00:00:00,0.0
2008-07-21 00:00:00,0.08999999612569809
2008-07-22 00:00:00,0.11999999731779099
2008-07-23 00:00:00,0.0
2008-07-24 00:00:00,0.0
2008-07-25 00:00:00,0.0
2008-07-26 00:00:00,0.8250000476837158
2008-07-27 00:00:00,0.3149999976158142
2008-07-28 00:00:00,0.1550000011920929
2008-07-29 00:00:00,0.0
2008-07-30 00:00:00,17.03999900817871
2008-07-31 00:00:00,0.04999999701976776
2008-08-01 00:00:00,0.09999999403953552
2008-08-02 00:00:00,0.6599999666213989
2008-08-03 00:00:00,0.0
2008-08-04 00:00:00,0.0
2008-08-05 00:00:00,0.0949999988079071
2008-08-06 00:00:00,0.0
2008-08-07 00:00:00,3.1949996948242188
2008-08-08 00:00:00,16.784997940063477
2008-08-09 00:00:00,0.0
2008-08-10 00:00:00,0.0
2008-08-11 00:00:00,0.0
2008-08-12 00:00:00,0.7099999785423279
2008-08-13 00:00:00,1.4549999237060547
2008-08-14 00:00:00,0.0
2008-08-15 00:00:00,0.0
2008-08-16 00:00:00,0.0
2008-08-17 00:00:00,1.25
2008-08-18 00:00:00,40.689998626708984
2008-08-19 00:00:00,0.0
2008-08-20 00:00:00,0.0
2008-08-21 00:00:00,0.6499999761581421
2008-08-22 00:00:00,0.0
2008-08-23 00:00:00,0.0
2008-08-24 00:00:00,0.16499999165534973
2008-08-25 00:00:00,0.0
2008-08-26 00:00:00,0.0
2008-08-27 00:00:00,0.0
2008-08-28 00:00:00,0.07999999821186066
2008-08-29 00:00:00,0.0
2008-08-30 00:00:00,0.0
2008-08-31 00:00:00,0.0
2008-09-01 00:00:00,0.0
2008-09-02 00:00:00,0.0
2008-09-03 00:00:00,0.0
2008-09-04 00:00:00,1.2799999713897705
2008-09-05 00:00:00,0.375
2008-09-06 00:00:00,0.0
2008-09-07 00:00:00,0.0
2008-09-08 00:00:00,0.0
2008-09-09 00:00:00,0.10999999940395355
2008-09-10 00:00:00,0.0
2008-09-11 00:00:00,0.18999996781349182
2008-09-12 00:00:00,20.3799991607666
2008-09-13 00:00:00,0.16499999165534973
2008-09-14 00:00:00,0.0
2008-09-15 00:00:00,0.0
2008-09-16 00:00:00,0.014999999664723873
2008-09-17 00:00:00,0.0
2008-09-18 00:00:00,0.0
2008-09-19 00:00:00,0.0
2008-09-20 00:00:00,23.440000534057617
2008-09-21 00:00:00,0.125
2008-09-22 00:00:00,0.0
2008-09-23 00:00:00,0.0
2008-09-24 00:00:00,0.0
2008-09-25 00:00:00,0.0
2008-09-26 00:00:00,0.13499999046325684
2008-09-27 00:00:00,0.0
2008-09-28 00:00:00,0.029999999329447746
2008-09-29 00:00:00,13.17500114440918
2008-09-30 00:00:00,9.320000648498535
2008-10-01 00:00:00,0.009999999776482582
2008-10-02 00:00:00,0.054999999701976776
2008-10-03 00:00:00,4.760000228881836
2008-10-04 00:00:00,7.329999923706055
2008-10-05 00:00:00,60.78498840332031
2008-10-06 00:00:00,4.585000038146973
2008-10-07 00:00:00,0.0
2008-10-08 00:00:00,0.0
2008-10-09 00:00:00,0.4999999701976776
2008-10-10 00:00:00,0.06499999761581421
2008-10-11 00:00:00,0.044999998062849045
2008-10-12 00:00:00,2.18999981880188
2008-10-13 00:00:00,2.929999589920044
2008-10-14 00:00:00,4.815000057220459
2008-10-15 00:00:00,0.0
2008-10-16 00:00:00,0.0
2008-10-17 00:00:00,7.289999961853027
2008-10-18 00:00:00,1.7249999046325684
2008-10-19 00:00:00,0.03999999910593033
2008-10-20 00:00:00,0.0
2008-10-21 00:00:00,0.0
2008-10-22 00:00:00,5.009999752044678
2008-10-23 00:00:00,8.960000991821289
2008-10-24 00:00:00,3.879999876022339
2008-10-25 00:00:00,13.895000457763672
2008-10-26 00:00:00,8.594999313354492
2008-10-27 00:00:00,64.22500610351562
2008-10-28 00:00:00,8.030000686645508
2008-10-29 00:00:00,6.254999160766602
2008-10-30 00:00:00,64.52999114990234
2008-10-31 00:00:00,0.0949999988079071
2008-11-01 00:00:00,1.1500000953674316
2008-11-02 00:00:00,0.06499999761581421
2008-11-03 00:00:00,20.23000144958496
2008-11-04 00:00:00,4.144999980926514
2008-11-05 00:00:00,0.10500000417232513
2008-11-06 00:00:00,8.470000267028809
2008-11-07 00:00:00,20.564998626708984
2008-11-08 00:00:00,2.200000047683716
2008-11-09 00:00:00,0.0
2008-11-10 00:00:00,20.709999084472656
2008-11-11 00:00:00,0.23999999463558197
2008-11-12 00:00:00,4.909999847412109
2008-11-13 00:00:00,0.0
2008-11-14 00:00:00,0.0
2008-11-15 00:00:00,0.28999999165534973
2008-11-16 00:00:00,60.31500244140625
2008-11-17 00:00:00,0.0
2008-11-18 00:00:00,0.0
2008-11-19 00:00:00,0.0
2008-11-20 00:00:00,0.5699999332427979
2008-11-21 00:00:00,1.9299999475479126
2008-11-22 00:00:00,0.10999999940395355
2008-11-23 00:00:00,0.4350000321865082
2008-11-24 00:00:00,5.319999694824219
2008-11-25 00:00:00,12.039999961853027
2008-11-26 00:00:00,0.054999999701976776
2008-11-27 00:00:00,0.0
2008-11-28 00:00:00,0.02499999850988388
2008-11-29 00:00:00,1.5499999523162842
2008-11-30 00:00:00,0.9749999642372131
2008-12-01 00:00:00,1.6749999523162842
2008-12-02 00:00:00,20.469999313354492
2008-12-03 00:00:00,0.3649999797344208
2008-12-04 00:00:00,0.35999998450279236
2008-12-05 00:00:00,0.3700000047683716
2008-12-06 00:00:00,0.0
2008-12-07 00:00:00,0.5699999928474426
2008-12-08 00:00:00,0.009999999776482582
2008-12-09 00:00:00,3.1649999618530273
2008-12-10 00:00:00,31.40999984741211
2008-12-11 00:00:00,56.43499755859375
2008-12-12 00:00:00,1.565000057220459
2008-12-13 00:00:00,0.25999999046325684
2008-12-14 00:00:00,14.670000076293945
2008-12-15 00:00:00,0.10000000894069672
2008-12-16 00:00:00,0.5999999642372131
2008-12-17 00:00:00,13.815000534057617
2008-12-18 00:00:00,11.424999237060547
2008-12-19 00:00:00,1.3599998950958252
2008-12-20 00:00:00,0.17999999225139618
2008-12-21 00:00:00,2.7249999046325684
2008-12-22 00:00:00,6.484999656677246
2008-12-23 00:00:00,5.474999904632568
2008-12-24 00:00:00,2.424999713897705
2008-12-25 00:00:00,11.444999694824219
2008-12-26 00:00:00,5.815000534057617
2008-12-27 00:00:00,0.07999999821186066
2008-12-28 00:00:00,0.0
2008-12-29 00:00:00,6.149999618530273
2008-12-30 00:00:00,6.469999313354492
2008-12-31 00:00:00,0.19999998807907104
2009-01-01 00:00:00,34.065006256103516
2009-01-02 00:00:00,3.4749999046325684
2009-01-03 00:00:00,95.65000915527344
2009-01-04 00:00:00,0.3199999928474426
2009-01-05 00:00:00,0.0
2009-01-06 00:00:00,0.03500000014901161
2009-01-07 00:00:00,3.2150001525878906
2009-01-08 00:00:00,7.580000877380371
2009-01-09 00:00:00,2.6500000953674316
2009-01-10 00:00:00,0.4749999940395355
2009-01-11 00:00:00,0.6100000143051147
2009-01-12 00:00:00,13.534998893737793
2009-01-13 00:00:00,2.365000009536743
2009-01-14 00:00:00,2.9750001430511475
2009-01-15 00:00:00,9.585000038146973
2009-01-16 00:00:00,64.67498779296875
2009-01-17 00:00:00,5.239999771118164
2009-01-18 00:00:00,0.8600000143051147
2009-01-19 00:00:00,40.659996032714844
2009-01-20 00:00:00,0.17999999225139618
2009-01-21 00:00:00,0.22999998927116394
2009-01-22 00:00:00,0.39499998092651367
2009-01-23 00:00:00,0.0
2009-01-24 00:00:00,0.044999998062849045
2009-01-25 00:00:00,17.114999771118164
2009-01-26 00:00:00,1.1749999523162842
2009-01-27 00:00:00,1.755000114440918
2009-01-28 00:00:00,0.17999999225139618
2009-01-29 00:00:00,1.554999828338623
2009-01-30 00:00:00,0.02499999850988388
2009-01-31 00:00:00,2.8549997806549072
2009-02-01 00:00:00,0.4599999785423279
2009-02-02 00:00:00,0.7049999833106995
2009-02-03 00:00:00,0.0
2009-02-04 00:00:00,43.534996032714844
2009-02-05 00:00:00,0.0
2009-02-06 00:00:00,5.789999485015869
2009-02-07 00:00:00,28.884998321533203
2009-02-08 00:00:00,79.7300033569336
2009-02-09 00:00:00,64.29499053955078
2009-02-10 00:00:00,3.804999828338623
2009-02-11 00:00:00,8.470000267028809
2009-02-12 00:00:00,1.7999999523162842
2009-02-13 00:00:00,0.34999996423721313
2009-02-14 00:00:00,44.83500671386719
2009-02-15 00:00:00,0.574999988079071
2009-02-16 00:00:00,0.26999998092651367
2009-02-17 00:00:00,4.324999809265137
2009-02-18 00:00:00,3.7750000953674316
2009-02-19 00:00:00,11.800000190734863
2009-02-20 00:00:00,28.75499725341797
2009-02-21 00:00:00,0.09999999403953552
2009-02-22 00:00:00,0.014999999664723873
2009-02-23 00:00:00,2.0899999141693115
2009-02-24 00:00:00,3.7049996852874756
2009-02-25 00:00:00,8.434999465942383
2009-02-26 00:00:00,1.5299997329711914
2009-02-27 00:00:00,5.284999370574951
2009-02-28 00:00:00,1.534999966621399
2009-03-01 00:00:00,0.6349999904632568
2009-03-02 00:00:00,4.105000019073486
2009-03-03 00:00:00,2.179999828338623
2009-03-04 00:00:00,24.23999786376953
2009-03-05 00:00:00,2.9100000858306885
2009-03-06 00:00:00,0.5049999952316284
2009-03-07 00:00:00,0.0
2009-03-08 00:00:00,0.4449999928474426
2009-03-09 00:00:00,0.0
2009-03-10 00:00:00,10.600000381469727
2009-03-11 00:00:00,16.82499885559082
2009-03-12 00:00:00,13.829999923706055
2009-03-13 00:00:00,1.8650000095367432
2009-03-14 00:00:00,0.7749999761581421
2009-03-15 00:00:00,0.0
2009-03-16 00:00:00,0.125
2009-03-17 00:00:00,1.3350000381469727
2009-03-18 00:00:00,0.1599999964237213
2009-03-19 00:00:00,0.5249999761581421
2009-03-20 00:00:00,28.264999389648438
2009-03-21 00:00:00,23.864999771118164
2009-03-22 00:00:00,7.774999618530273
2009-03-23 00:00:00,46.845008850097656
2009-03-24 00:00:00,3.239999771118164
2009-03-25 00:00:00,18.604997634887695
2009-03-26 00:00:00,4.360000133514404
2009-03-27 00:00:00,29.6199951171875
2009-03-28 00:00:00,0.574999988079071
2009-03-29 00:00:00,0.13499999046325684
2009-03-30 00:00:00,0.2849999964237213
2009-03-31 00:00:00,5.999999523162842
2009-04-01 00:00:00,0.17499999701976776
2009-04-02 00:00:00,0.6349999904632568
2009-04-03 00:00:00,0.0
2009-04-04 00:00:00,0.0
2009-04-05 00:00:00,63.970008850097656
2009-04-06 00:00:00,11.975000381469727
2009-04-07 00:00:00,2.7649998664855957
2009-04-08 00:00:00,19.154998779296875
2009-04-09 00:00:00,0.6050000190734863
2009-04-10 00:00:00,28.869998931884766
2009-04-11 00:00:00,0.23999999463558197
2009-04-12 00:00:00,0.48499998450279236
2009-04-13 00:00:00,0.0
2009-04-14 00:00:00,5.3849992752075195
2009-04-15 00:00:00,0.0
2009-04-16 00:00:00,0.0
2009-04-17 00:00:00,0.0
2009-04-18 00:00:00,0.0
2009-04-19 00:00:00,0.0
2009-04-20 00:00:00,0.014999999664723873
2009-04-21 00:00:00,0.0
2009-04-22 00:00:00,0.0
2009-04-23 00:00:00,0.0
2009-04-24 00:00:00,1.0799999237060547
2009-04-25 00:00:00,0.009999999776482582
2009-04-26 00:00:00,0.26499998569488525
2009-04-27 00:00:00,0.0
2009-04-28 00:00:00,0.0
2009-04-29 00:00:00,0.0
2009-04-30 00:00:00,2.3349997997283936
2009-05-01 00:00:00,0.0
2009-05-02 00:00:00,0.0
2009-05-03 00:00:00,0.3799999952316284
2009-05-04 00:00:00,0.0
2009-05-05 00:00:00,15.71500015258789
2009-05-06 00:00:00,0.7999999523162842
2009-05-07 00:00:00,0.7399999499320984
2009-05-08 00:00:00,0.0
2009-05-09 00:00:00,0.684999942779541
2009-05-10 00:00:00,0.0
2009-05-11 00:00:00,0.11499999463558197
2009-05-12 00:00:00,22.78999900817871
2009-05-13 00:00:00,0.0
2009-05-14 00:00:00,0.0
2009-05-15 00:00:00,0.0
2009-05-16 00:00:00,0.0
2009-05-17 00:00:00,0.0
2009-05-18 00:00:00,0.09999999403953552
2009-05-19 00:00:00,0.2849999964237213
2009-05-20 00:00:00,0.0
2009-05-21 00:00:00,0.0
2009-05-22 00:00:00,0.0
2009-05-23 00:00:00,0.0
2009-05-24 00:00:00,1.1200000047683716
2009-05-25 00:00:00,0.0
2009-05-26 00:00:00,6.774999618530273
2009-05-27 00:00:00,7.34499979019165
2009-05-28 00:00:00,25.110000610351562
2009-05-29 00:00:00,2.0299999713897705
2009-05-30 00:00:00,0.42500001192092896
2009-05-31 00:00:00,0.0
2009-06-01 00:00:00,0.0
2009-06-02 00:00:00,6.125
2009-06-03 00:00:00,0.0
2009-06-04 00:00:00,0.0
2009-06-05 00:00:00,0.0
2009-06-06 00:00:00,0.0
2009-06-07 00:00:00,0.0
2009-06-08 00:00:00,0.0
2009-06-09 00:00:00,0.0
2009-06-10 00:00:00,0.0
2009-06-11 00:00:00,0.0
2009-06-12 00:00:00,0.014999999664723873
2009-06-13 00:00:00,0.7700001001358032
2009-06-14 00:00:00,0.0
2009-06-15 00:00:00,0.10999999940395355
2009-06-16 00:00:00,1.7749998569488525
2009-06-17 00:00:00,0.1550000011920929
2009-06-18 00:00:00,0.0
2009-06-19 00:00:00,0.0
2009-06-20 00:00:00,0.0
2009-06-21 00:00:00,0.0
2009-06-22 00:00:00,0.0
2009-06-23 00:00:00,0.0
2009-06-24 00:00:00,20.304996490478516
2009-06-25 00:00:00,0.0
2009-06-26 00:00:00,0.014999999664723873
2009-06-27 00:00:00,0.0
2009-06-28 00:00:00,0.0
2009-06-29 00:00:00,0.0
2009-06-30 00:00:00,0.0
2009-07-01 00:00:00,0.0
2009-07-02 00:00:00,0.0
2009-07-03 00:00:00,0.0
2009-07-04 00:00:00,0.0
2009-07-05 00:00:00,2.174999952316284
2009-07-06 00:00:00,0.0
2009-07-07 00:00:00,0.0
2009-07-08 00:00:00,0.0
2009-07-09 00:00:00,5.1050004959106445
2009-07-10 00:00:00,0.11499999463558197
2009-07-11 00:00:00,0.08500000089406967
2009-07-12 00:00:00,0.0
2009-07-13 00:00:00,0.0
2009-07-14 00:00:00,0.0
2009-07-15 00:00:00,0.0
2009-07-16 00:00:00,0.0
2009-07-17 00:00:00,0.0
2009-07-18 00:00:00,0.0
2009-07-19 00:00:00,0.0
2009-07-20 00:00:00,0.8849999904632568
2009-07-21 00:00:00,1.284999966621399
2009-07-22 00:00:00,0.0
2009-07-23 00:00:00,0.0
2009-07-24 00:00:00,4.099999904632568
2009-07-25 00:00:00,3.3249998092651367
2009-07-26 00:00:00,7.510000228881836
2009-07-27 00:00:00,9.539999961853027
2009-07-28 00:00:00,0.0
2009-07-29 00:00:00,7.864999771118164
2009-07-30 00:00:00,0.0
2009-07-31 00:00:00,0.7049999833106995
2009-08-01 00:00:00,0.17000000178813934
2009-08-02 00:00:00,0.29499998688697815
2009-08-03 00:00:00,0.0
2009-08-04 00:00:00,0.0
2009-08-05 00:00:00,0.0
2009-08-06 00:00:00,3.9099998474121094
2009-08-07 00:00:00,8.710000038146973
2009-08-08 00:00:00,23.689998626708984
2009-08-09 00:00:00,0.17000000178813934
2009-08-10 00:00:00,0.0
2009-08-11 00:00:00,0.0
2009-08-12 00:00:00,0.0
2009-08-13 00:00:00,0.0
2009-08-14 00:00:00,0.0
2009-08-15 00:00:00,0.0
2009-08-16 00:00:00,0.0
2009-08-17 00:00:00,0.14000000059604645
2009-08-18 00:00:00,0.0
2009-08-19 00:00:00,0.0
2009-08-20 00:00:00,0.6549999713897705
2009-08-21 00:00:00,0.0
2009-08-22 00:00:00,0.0
2009-08-23 00:00:00,0.0
2009-08-24 00:00:00,0.029999999329447746
2009-08-25 00:00:00,0.0
2009-08-26 00:00:00,0.0
2009-08-27 00:00:00,0.0
2009-08-28 00:00:00,0.0
2009-08-29 00:00:00,0.0
2009-08-30 00:00:00,0.0
2009-08-31 00:00:00,0.0
2009-09-01 00:00:00,2.4000000953674316
2009-09-02 00:00:00,6.65000057220459
2009-09-03 00:00:00,7.350000381469727
2009-09-04 00:00:00,1.8949997425079346
2009-09-05 00:00:00,0.0
2009-09-06 00:00:00,0.0
2009-09-07 00:00:00,0.0
2009-09-08 00:00:00,0.4950000047683716
2009-09-09 00:00:00,15.779998779296875
2009-09-10 00:00:00,0.004999999888241291
2009-09-11 00:00:00,0.0
2009-09-12 00:00:00,0.0
2009-09-13 00:00:00,0.0
2009-09-14 00:00:00,0.0
2009-09-15 00:00:00,0.0
2009-09-16 00:00:00,0.0
2009-09-17 00:00:00,0.019999999552965164
2009-09-18 00:00:00,1.5499999523162842
2009-09-19 00:00:00,3.5999999046325684
2009-09-20 00:00:00,0.7299999594688416
2009-09-21 00:00:00,1.1649999618530273
2009-09-22 00:00:00,0.0
2009-09-23 00:00:00,19.235000610351562
2009-09-24 00:00:00,0.0
2009-09-25 00:00:00,0.0
2009-09-26 00:00:00,0.06499999761581421
2009-09-27 00:00:00,9.769999504089355
2009-09-28 00:00:00,9.164999961853027
2009-09-29 00:00:00,0.0
2009-09-30 00:00:00,0.0
2009-10-01 00:00:00,0.6449999809265137
2009-10-02 00:00:00,0.26999998092651367
2009-10-03 00:00:00,0.0
2009-10-04 00:00:00,0.1849999874830246
2009-10-05 00:00:00,0.5649999976158142
2009-10-06 00:00:00,0.8949999809265137
2009-10-07 00:00:00,21.56999969482422
2009-10-08 00:00:00,0.0
2009-10-09 00:00:00,0.0
2009-10-10 00:00:00,0.0
2009-10-11 00:00:00,0.0
2009-10-12 00:00:00,3.205000162124634
2009-10-13 00:00:00,0.0
2009-10-14 00:00:00,0.0
2009-10-15 00:00:00,0.0
2009-10-16 00:00:00,25.104999542236328
2009-10-17 00:00:00,0.009999999776482582
2009-10-18 00:00:00,0.004999999888241291
2009-10-19 00:00:00,33.70499801635742
2009-10-20 00:00:00,5.054999828338623
2009-10-21 00:00:00,2.1500000953674316
2009-10-22 00:00:00,7.1100006103515625
2009-10-23 00:00:00,9.450000762939453
2009-10-24 00:00:00,21.049997329711914
2009-10-25 00:00:00,80.58499908447266
2009-10-26 00:00:00,0.7699999809265137
2009-10-27 00:00:00,1.465000033378601
2009-10-28 00:00:00,0.8799999952316284
2009-10-29 00:00:00,0.0
2009-10-30 00:00:00,0.0
2009-10-31 00:00:00,0.0
2009-11-01 00:00:00,0.0
2009-11-02 00:00:00,0.0
2009-11-03 00:00:00,25.229995727539062
2009-11-04 00:00:00,0.0
2009-11-05 00:00:00,6.675000190734863
2009-11-06 00:00:00,0.3199999928474426
2009-11-07 00:00:00,19.299999237060547
2009-11-08 00:00:00,35.58999252319336
2009-11-09 00:00:00,2.0849997997283936
2009-11-10 00:00:00,2.6499998569488525
2009-11-11 00:00:00,65.16999816894531
2009-11-12 00:00:00,11.964999198913574
2009-11-13 00:00:00,20.959999084472656
2009-11-14 00:00:00,0.06499999761581421
2009-11-15 00:00:00,47.08000183105469
2009-11-16 00:00:00,2.9600000381469727
2009-11-17 00:00:00,4.260000228881836
2009-11-18 00:00:00,1.225000023841858
2009-11-19 00:00:00,56.69500732421875
2009-11-20 00:00:00,135.85499572753906
2009-11-21 00:00:00,23.685001373291016
2009-11-22 00:00:00,0.23999997973442078
2009-11-23 00:00:00,29.990001678466797
2009-11-24 00:00:00,23.760000228881836
2009-11-25 00:00:00,0.0
2009-11-26 00:00:00,2.924999713897705
2009-11-27 00:00:00,34.19999694824219
2009-11-28 00:00:00,9.144999504089355
2009-11-29 00:00:00,66.72998809814453
2009-11-30 00:00:00,3.445000171661377
2009-12-01 00:00:00,2.0899999141693115
2009-12-02 00:00:00,1.5750000476837158
2009-12-03 00:00:00,19.00499725341797
2009-12-04 00:00:00,11.220000267028809
2009-12-05 00:00:00,0.14000000059604645
2009-12-06 00:00:00,0.0
2009-12-07 00:00:00,41.73500061035156
2009-12-08 00:00:00,0.14000000059604645
2009-12-09 00:00:00,0.0
2009-12-10 00:00:00,2.930000066757202
2009-12-11 00:00:00,0.004999999888241291
2009-12-12 00:00:00,25.579998016357422
2009-12-13 00:00:00,0.029999999329447746
2009-12-14 00:00:00,0.5550000071525574
2009-12-15 00:00:00,0.5799999833106995
2009-12-16 00:00:00,0.2799999713897705
2009-12-17 00:00:00,1.3599998950958252
2009-12-18 00:00:00,13.635000228881836
2009-12-19 00:00:00,17.375
2009-12-20 00:00:00,1.1799999475479126
2009-12-21 00:00:00,86.74000549316406
2009-12-22 00:00:00,0.6449999809265137
2009-12-23 00:00:00,0.0
2009-12-24 00:00:00,13.914999008178711
2009-12-25 00:00:00,49.064998626708984
2009-12-26 00:00:00,0.0
2009-12-27 00:00:00,2.3600001335144043
2009-12-28 00:00:00,0.38999998569488525
2009-12-29 00:00:00,76.35499572753906
2009-12-30 00:00:00,105.9749755859375
2009-12-31 00:00:00,2.68999981880188
2010-01-01 00:00:00,1.6349999904632568
2010-01-02 00:00:00,8.404999732971191
2010-01-03 00:00:00,28.859996795654297
2010-01-04 00:00:00,2.8299999237060547
2010-01-05 00:00:00,0.0
2010-01-06 00:00:00,13.689998626708984
2010-01-07 00:00:00,27.70999526977539
2010-01-08 00:00:00,22.064998626708984
2010-01-09 00:00:00,2.6550002098083496
2010-01-10 00:00:00,0.5699999928474426
2010-01-11 00:00:00,1.0299999713897705
2010-01-12 00:00:00,0.0
2010-01-13 00:00:00,38.720001220703125
2010-01-14 00:00:00,2.3550000190734863
2010-01-15 00:00:00,0.0
2010-01-16 00:00:00,0.0
2010-01-17 00:00:00,0.10999999940395355
2010-01-18 00:00:00,55.05000305175781
2010-01-19 00:00:00,26.639995574951172
2010-01-20 00:00:00,145.22499084472656
2010-01-21 00:00:00,2.569999933242798
2010-01-22 00:00:00,1.1399999856948853
2010-01-23 00:00:00,5.724999904632568
2010-01-24 00:00:00,5.480000019073486
2010-01-25 00:00:00,8.039999961853027
2010-01-26 00:00:00,5.215000152587891
2010-01-27 00:00:00,1.1950000524520874
2010-01-28 00:00:00,0.25
2010-01-29 00:00:00,2.0199999809265137
2010-01-30 00:00:00,7.874999046325684
2010-01-31 00:00:00,7.4149980545043945
2010-02-01 00:00:00,31.204999923706055
2010-02-02 00:00:00,46.4799919128418
2010-02-03 00:00:00,0.4650000035762787
2010-02-04 00:00:00,2.759999990463257
2010-02-05 00:00:00,88.68498992919922
2010-02-06 00:00:00,13.93499755859375
2010-02-07 00:00:00,0.07499999552965164
2010-02-08 00:00:00,0.0
2010-02-09 00:00:00,2.6649999618530273
2010-02-10 00:00:00,0.14499999582767487
2010-02-11 00:00:00,63.775001525878906
2010-02-12 00:00:00,0.35499998927116394
2010-02-13 00:00:00,0.3449999988079071
2010-02-14 00:00:00,0.07499999552965164
2010-02-15 00:00:00,1.815000057220459
2010-02-16 00:00:00,55.93499755859375
2010-02-17 00:00:00,29.800003051757812
2010-02-18 00:00:00,7.489999771118164
2010-02-19 00:00:00,4.474999904632568
2010-02-20 00:00:00,0.13499999046325684
2010-02-21 00:00:00,37.17499923706055
2010-02-22 00:00:00,10.169999122619629
2010-02-23 00:00:00,2.0949997901916504
2010-02-24 00:00:00,22.375
2010-02-25 00:00:00,35.8549919128418
2010-02-26 00:00:00,3.0949997901916504
2010-02-27 00:00:00,0.0
2010-02-28 00:00:00,0.5550000071525574
2010-03-01 00:00:00,0.0
2010-03-02 00:00:00,0.0
2010-03-03 00:00:00,0.0
2010-03-04 00:00:00,26.400001525878906
2010-03-05 00:00:00,40.945003509521484
2010-03-06 00:00:00,0.0
2010-03-07 00:00:00,0.11999999731779099
2010-03-08 00:00:00,0.0
2010-03-09 00:00:00,41.525001525878906
2010-03-10 00:00:00,12.600000381469727
2010-03-11 00:00:00,4.704999923706055
2010-03-12 00:00:00,26.464996337890625
2010-03-13 00:00:00,0.044999998062849045
2010-03-14 00:00:00,3.364999771118164
2010-03-15 00:00:00,12.53499984741211
2010-03-16 00:00:00,6.924999237060547
2010-03-17 00:00:00,0.9299999475479126
2010-03-18 00:00:00,0.0
2010-03-19 00:00:00,3.6100001335144043
2010-03-20 00:00:00,3.5300002098083496
2010-03-21 00:00:00,23.704999923706055
2010-03-22 00:00:00,3.4099998474121094
2010-03-23 00:00:00,73.09500885009766
2010-03-24 00:00:00,83.35501098632812
2010-03-25 00:00:00,0.8550000190734863
2010-03-26 00:00:00,0.0
2010-03-27 00:00:00,1.4100000858306885
2010-03-28 00:00:00,0.0
2010-03-29 00:00:00,0.004999999888241291
2010-03-30 00:00:00,22.749998092651367
2010-03-31 00:00:00,0.9449999332427979
2010-04-01 00:00:00,0.0
2010-04-02 00:00:00,0.0
2010-04-03 00:00:00,0.0
2010-04-04 00:00:00,3.1649999618530273
2010-04-05 00:00:00,3.4549999237060547
2010-04-06 00:00:00,0.0
2010-04-07 00:00:00,0.0
2010-04-08 00:00:00,0.0
2010-04-09 00:00:00,0.5999999642372131
2010-04-10 00:00:00,0.11999999731779099
2010-04-11 00:00:00,0.0
2010-04-12 00:00:00,0.0
2010-04-13 00:00:00,3.429999828338623
2010-04-14 00:00:00,0.0
2010-04-15 00:00:00,0.0
2010-04-16 00:00:00,0.0
2010-04-17 00:00:00,0.0
2010-04-18 00:00:00,0.0
2010-04-19 00:00:00,0.0
2010-04-20 00:00:00,0.6549999713897705
2010-04-21 00:00:00,0.0
2010-04-22 00:00:00,0.45500001311302185
2010-04-23 00:00:00,28.240001678466797
2010-04-24 00:00:00,0.0
2010-04-25 00:00:00,0.0
2010-04-26 00:00:00,0.0
2010-04-27 00:00:00,0.0
2010-04-28 00:00:00,0.0
2010-04-29 00:00:00,0.0
2010-04-30 00:00:00,0.0
2010-05-01 00:00:00,0.7949999570846558
2010-05-02 00:00:00,0.0
2010-05-03 00:00:00,0.0
2010-05-04 00:00:00,3.114999771118164
2010-05-05 00:00:00,0.14999999105930328
2010-05-06 00:00:00,0.0
2010-05-07 00:00:00,1.3350000381469727
2010-05-08 00:00:00,0.0
2010-05-09 00:00:00,0.0
2010-05-10 00:00:00,0.0
2010-05-11 00:00:00,0.0
2010-05-12 00:00:00,0.0
2010-05-13 00:00:00,0.0
2010-05-14 00:00:00,0.0
2010-05-15 00:00:00,0.0
2010-05-16 00:00:00,0.0
2010-05-17 00:00:00,26.789997100830078
2010-05-18 00:00:00,0.0
2010-05-19 00:00:00,0.0
2010-05-20 00:00:00,0.0
2010-05-21 00:00:00,0.0
2010-05-22 00:00:00,0.0
2010-05-23 00:00:00,0.0
2010-05-24 00:00:00,2.695000171661377
2010-05-25 00:00:00,0.0
2010-05-26 00:00:00,0.19499999284744263
2010-05-27 00:00:00,0.0
2010-05-28 00:00:00,0.0
2010-05-29 00:00:00,0.0
2010-05-30 00:00:00,38.85499954223633
2010-05-31 00:00:00,0.0
2010-06-01 00:00:00,0.0
2010-06-02 00:00:00,0.125
2010-06-03 00:00:00,0.0
2010-06-04 00:00:00,0.0
2010-06-05 00:00:00,0.0
2010-06-06 00:00:00,5.899999618530273
2010-06-07 00:00:00,0.21000000834465027
2010-06-08 00:00:00,0.0
2010-06-09 00:00:00,0.0
2010-06-10 00:00:00,0.0
2010-06-11 00:00:00,0.0
2010-06-12 00:00:00,0.0
2010-06-13 00:00:00,0.1850000023841858
2010-06-14 00:00:00,0.0
2010-06-15 00:00:00,0.0
2010-06-16 00:00:00,0.0
2010-06-17 00:00:00,0.0
2010-06-18 00:00:00,0.0
2010-06-19 00:00:00,0.0
2010-06-20 00:00:00,0.0
2010-06-21 00:00:00,0.0
2010-06-22 00:00:00,0.0
2010-06-23 00:00:00,0.0
2010-06-24 00:00:00,0.0
2010-06-25 00:00:00,0.0
2010-06-26 00:00:00,0.0
2010-06-27 00:00:00,1.459999918937683
2010-06-28 00:00:00,0.0
2010-06-29 00:00:00,2.004999876022339
2010-06-30 00:00:00,0.02499999850988388
2010-07-01 00:00:00,0.019999999552965164
2010-07-02 00:00:00,0.0
2010-07-03 00:00:00,0.0
2010-07-04 00:00:00,0.0
2010-07-05 00:00:00,0.0
2010-07-06 00:00:00,0.0
2010-07-07 00:00:00,0.0
2010-07-08 00:00:00,0.12999999523162842
2010-07-09 00:00:00,0.07499999552965164
2010-07-10 00:00:00,25.575000762939453
2010-07-11 00:00:00,0.0
2010-07-12 00:00:00,0.0
2010-07-13 00:00:00,0.0
2010-07-14 00:00:00,0.0
2010-07-15 00:00:00,18.174999237060547
2010-07-16 00:00:00,19.610004425048828
2010-07-17 00:00:00,2.7299997806549072
2010-07-18 00:00:00,0.6050000190734863
2010-07-19 00:00:00,0.0
2010-07-20 00:00:00,0.0
2010-07-21 00:00:00,0.0
2010-07-22 00:00:00,0.0
2010-07-23 00:00:00,0.0
2010-07-24 00:00:00,0.0
2010-07-25 00:00:00,0.0
2010-07-26 00:00:00,0.0
2010-07-27 00:00:00,0.0
2010-07-28 00:00:00,0.0
2010-07-29 00:00:00,0.0
2010-07-30 00:00:00,0.0
2010-07-31 00:00:00,0.11999999731779099
2010-08-01 00:00:00,1.2549998760223389
2010-08-02 00:00:00,0.0
2010-08-03 00:00:00,0.23499999940395355
2010-08-04 00:00:00,3.924999713897705
2010-08-05 00:00:00,0.0
2010-08-06 00:00:00,0.0
2010-08-07 00:00:00,0.0
2010-08-08 00:00:00,0.0
2010-08-09 00:00:00,0.0
2010-08-10 00:00:00,0.0
2010-08-11 00:00:00,0.0
2010-08-12 00:00:00,0.0
2010-08-13 00:00:00,0.0
2010-08-14 00:00:00,0.0
2010-08-15 00:00:00,0.0
2010-08-16 00:00:00,0.0
2010-08-17 00:00:00,0.0
2010-08-18 00:00:00,0.0
2010-08-19 00:00:00,0.0
2010-08-20 00:00:00,0.0
2010-08-21 00:00:00,0.0
2010-08-22 00:00:00,0.0
2010-08-23 00:00:00,0.0
2010-08-24 00:00:00,0.0
2010-08-25 00:00:00,0.0
2010-08-26 00:00:00,0.019999999552965164
2010-08-27 00:00:00,0.0
2010-08-28 00:00:00,0.029999999329447746
2010-08-29 00:00:00,0.7599998712539673
2010-08-30 00:00:00,0.5049999952316284
2010-08-31 00:00:00,2.934999942779541
2010-09-01 00:00:00,0.13499999046325684
2010-09-02 00:00:00,6.495000839233398
2010-09-03 00:00:00,0.11499999463558197
2010-09-04 00:00:00,1.0
2010-09-05 00:00:00,0.0
2010-09-06 00:00:00,0.12999999523162842
2010-09-07 00:00:00,0.0
2010-09-08 00:00:00,0.0
2010-09-09 00:00:00,0.0
2010-09-10 00:00:00,0.0
2010-09-11 00:00:00,0.0
2010-09-12 00:00:00,0.0
2010-09-13 00:00:00,0.004999999888241291
2010-09-14 00:00:00,26.759998321533203
2010-09-15 00:00:00,0.0
2010-09-16 00:00:00,0.0
2010-09-17 00:00:00,0.0
2010-09-18 00:00:00,0.0
2010-09-19 00:00:00,0.0
2010-09-20 00:00:00,0.0
2010-09-21 00:00:00,0.0
2010-09-22 00:00:00,0.0
2010-09-23 00:00:00,0.0
2010-09-24 00:00:00,9.559999465942383
2010-09-25 00:00:00,0.0
2010-09-26 00:00:00,0.2150000035762787
2010-09-27 00:00:00,0.0
2010-09-28 00:00:00,0.0
2010-09-29 00:00:00,8.989999771118164
2010-09-30 00:00:00,0.6949999928474426
2010-10-01 00:00:00,0.03999999538064003
2010-10-02 00:00:00,13.750003814697266
2010-10-03 00:00:00,0.7499998807907104
2010-10-04 00:00:00,0.0
2010-10-05 00:00:00,0.0
2010-10-06 00:00:00,3.6600000858306885
2010-10-07 00:00:00,0.07000000029802322
2010-10-08 00:00:00,0.9049999713897705
2010-10-09 00:00:00,0.16999998688697815
2010-10-10 00:00:00,0.3349999487400055
2010-10-11 00:00:00,0.0
2010-10-12 00:00:00,0.6850000023841858
2010-10-13 00:00:00,0.044999998062849045
2010-10-14 00:00:00,1.1399999856948853
2010-10-15 00:00:00,3.2350001335144043
2010-10-16 00:00:00,0.15000000596046448
2010-10-17 00:00:00,14.53499984741211
2010-10-18 00:00:00,2.4800000190734863
2010-10-19 00:00:00,0.0
2010-10-20 00:00:00,0.0
2010-10-21 00:00:00,0.3349999785423279
2010-10-22 00:00:00,0.7599999904632568
2010-10-23 00:00:00,15.994998931884766
2010-10-24 00:00:00,0.05999999865889549
2010-10-25 00:00:00,0.11499999463558197
2010-10-26 00:00:00,0.0
2010-10-27 00:00:00,0.0
2010-10-28 00:00:00,0.02499999850988388
2010-10-29 00:00:00,4.589999675750732
2010-10-30 00:00:00,29.039997100830078
2010-10-31 00:00:00,12.910001754760742
2010-11-01 00:00:00,0.054999999701976776
2010-11-02 00:00:00,0.26499995589256287
2010-11-03 00:00:00,0.0
2010-11-04 00:00:00,0.0
2010-11-05 00:00:00,0.8400000333786011
2010-11-06 00:00:00,0.949999988079071
2010-11-07 00:00:00,0.0
2010-11-08 00:00:00,0.0
2010-11-09 00:00:00,4.8849992752075195
2010-11-10 00:00:00,0.0
2010-11-11 00:00:00,0.10999999940395355
2010-11-12 00:00:00,0.26499998569488525
2010-11-13 00:00:00,0.2199999988079071
2010-11-14 00:00:00,0.0
2010-11-15 00:00:00,1.4700000286102295
2010-11-16 00:00:00,1.2049999237060547
2010-11-17 00:00:00,0.0
2010-11-18 00:00:00,0.0
2010-11-19 00:00:00,0.04999999701976776
2010-11-20 00:00:00,46.83499526977539
2010-11-21 00:00:00,41.650001525878906
2010-11-22 00:00:00,19.46000099182129
2010-11-23 00:00:00,5.080000400543213
2010-11-24 00:00:00,0.32999998331069946
2010-11-25 00:00:00,0.0
2010-11-26 00:00:00,0.0
2010-11-27 00:00:00,0.0
2010-11-28 00:00:00,0.49000000953674316
2010-11-29 00:00:00,45.9849967956543
2010-11-30 00:00:00,0.03999999910593033
2010-12-01 00:00:00,0.0
2010-12-02 00:00:00,0.03999999910593033
2010-12-03 00:00:00,0.0
2010-12-04 00:00:00,4.150000095367432
2010-12-05 00:00:00,0.8550000190734863
2010-12-06 00:00:00,1.40500009059906
2010-12-07 00:00:00,35.27000427246094
2010-12-08 00:00:00,13.075000762939453
2010-12-09 00:00:00,14.944997787475586
2010-12-10 00:00:00,3.5249998569488525
2010-12-11 00:00:00,7.904999732971191
2010-12-12 00:00:00,83.71499633789062
2010-12-13 00:00:00,98.90498352050781
2010-12-14 00:00:00,0.26999998092651367
2010-12-15 00:00:00,0.14499999582767487
2010-12-16 00:00:00,0.0
2010-12-17 00:00:00,0.0
2010-12-18 00:00:00,0.054999999701976776
2010-12-19 00:00:00,1.1099998950958252
2010-12-20 00:00:00,2.9749996662139893
2010-12-21 00:00:00,19.385000228881836
2010-12-22 00:00:00,6.045000076293945
2010-12-23 00:00:00,2.9149999618530273
2010-12-24 00:00:00,1.0449999570846558
2010-12-25 00:00:00,44.33501052856445
2010-12-26 00:00:00,33.3650016784668
2010-12-27 00:00:00,2.7299997806549072
2010-12-28 00:00:00,39.17499923706055
2010-12-29 00:00:00,28.269996643066406
2010-12-30 00:00:00,2.0249998569488525
2010-12-31 00:00:00,0.0
2011-01-01 00:00:00,4.029999732971191
2011-01-02 00:00:00,0.7249999642372131
2011-01-03 00:00:00,0.10000000894069672
2011-01-04 00:00:00,0.2849999666213989
2011-01-05 00:00:00,1.5899999141693115
2011-01-06 00:00:00,5.914999485015869
2011-01-07 00:00:00,0.0949999988079071
2011-01-08 00:00:00,10.0600004196167
2011-01-09 00:00:00,0.0
2011-01-10 00:00:00,1.34499990940094
2011-01-11 00:00:00,40.30000305175781
2011-01-12 00:00:00,85.9699935913086
2011-01-13 00:00:00,28.710002899169922
2011-01-14 00:00:00,0.22999998927116394
2011-01-15 00:00:00,29.544998168945312
2011-01-16 00:00:00,1.0199998617172241
2011-01-17 00:00:00,6.119999885559082
2011-01-18 00:00:00,39.78498840332031
2011-01-19 00:00:00,0.0
2011-01-20 00:00:00,8.664999961853027
2011-01-21 00:00:00,5.195000171661377
2011-01-22 00:00:00,0.4949999451637268
2011-01-23 00:00:00,28.990001678466797
2011-01-24 00:00:00,11.085000038146973
2011-01-25 00:00:00,0.3749999701976776
2011-01-26 00:00:00,9.529999732971191
2011-01-27 00:00:00,1.4200000762939453
2011-01-28 00:00:00,0.9699999094009399
2011-01-29 00:00:00,1.7749998569488525
2011-01-30 00:00:00,1.7549998760223389
2011-01-31 00:00:00,66.79499816894531
2011-02-01 00:00:00,4.439999580383301
2011-02-02 00:00:00,8.574999809265137
2011-02-03 00:00:00,3.880000114440918
2011-02-04 00:00:00,75.0099868774414
2011-02-05 00:00:00,66.114990234375
2011-02-06 00:00:00,7.125
2011-02-07 00:00:00,4.454999923706055
2011-02-08 00:00:00,36.13999557495117
2011-02-09 00:00:00,68.82000732421875
2011-02-10 00:00:00,0.0
2011-02-11 00:00:00,1.1949999332427979
2011-02-12 00:00:00,0.044999998062849045
2011-02-13 00:00:00,22.889999389648438
2011-02-14 00:00:00,1.1749999523162842
2011-02-15 00:00:00,1.2149999141693115
2011-02-16 00:00:00,0.044999998062849045
2011-02-17 00:00:00,2.179999828338623
2011-02-18 00:00:00,51.04999923706055
2011-02-19 00:00:00,5.894999980926514
2011-02-20 00:00:00,11.364999771118164
2011-02-21 00:00:00,15.830001831054688
2011-02-22 00:00:00,10.71500015258789
2011-02-23 00:00:00,0.35499998927116394
2011-02-24 00:00:00,104.85499572753906
2011-02-25 00:00:00,19.174999237060547
2011-02-26 00:00:00,126.82999420166016
2011-02-27 00:00:00,0.26499998569488525
2011-02-28 00:00:00,0.0
2011-03-01 00:00:00,1.874999761581421
2011-03-02 00:00:00,1.2599999904632568
2011-03-03 00:00:00,2.619999885559082
2011-03-04 00:00:00,2.190000057220459
2011-03-05 00:00:00,0.559999942779541
2011-03-06 00:00:00,0.0
2011-03-07 00:00:00,5.389999866485596
2011-03-08 00:00:00,20.729997634887695
2011-03-09 00:00:00,0.3100000023841858
2011-03-10 00:00:00,0.4100000262260437
2011-03-11 00:00:00,0.6699999570846558
2011-03-12 00:00:00,21.225000381469727
2011-03-13 00:00:00,6.845000267028809
2011-03-14 00:00:00,0.7549999952316284
2011-03-15 00:00:00,0.0
2011-03-16 00:00:00,0.0
2011-03-17 00:00:00,0.0
2011-03-18 00:00:00,22.9950008392334
2011-03-19 00:00:00,7.234999656677246
2011-03-20 00:00:00,0.36000001430511475
2011-03-21 00:00:00,3.539999485015869
2011-03-22 00:00:00,2.5399999618530273
2011-03-23 00:00:00,0.0
2011-03-24 00:00:00,2.06499981880188
2011-03-25 00:00:00,2.2149999141693115
2011-03-26 00:00:00,52.43500518798828
2011-03-27 00:00:00,94.5199966430664
2011-03-28 00:00:00,0.0
2011-03-29 00:00:00,74.6199951171875
2011-03-30 00:00:00,0.0
2011-03-31 00:00:00,0.0
2011-04-01 00:00:00,1.7649998664855957
2011-04-02 00:00:00,31.77499771118164
2011-04-03 00:00:00,0.9099999666213989
2011-04-04 00:00:00,0.1899999976158142
2011-04-05 00:00:00,35.02000045776367
2011-04-06 00:00:00,3.4149999618530273
2011-04-07 00:00:00,0.0
2011-04-08 00:00:00,0.6699999570846558
2011-04-09 00:00:00,0.26999998092651367
2011-04-10 00:00:00,0.0
2011-04-11 00:00:00,1.9149999618530273
2011-04-12 00:00:00,0.0
2011-04-13 00:00:00,0.13499999046325684
2011-04-14 00:00:00,0.0
2011-04-15 00:00:00,24.289997100830078
2011-04-16 00:00:00,0.3349999785423279
2011-04-17 00:00:00,0.7999999523162842
2011-04-18 00:00:00,2.5
2011-04-19 00:00:00,0.0
2011-04-20 00:00:00,0.4050000309944153
2011-04-21 00:00:00,0.0
2011-04-22 00:00:00,0.0
2011-04-23 00:00:00,0.0
2011-04-24 00:00:00,23.5
2011-04-25 00:00:00,0.0
2011-04-26 00:00:00,0.42500001192092896
2011-04-27 00:00:00,0.16499999165534973
2011-04-28 00:00:00,0.0
2011-04-29 00:00:00,0.1899999976158142
2011-04-30 00:00:00,0.5099999904632568
2011-05-01 00:00:00,0.38999998569488525
2011-05-02 00:00:00,0.05999999865889549
2011-05-03 00:00:00,1.8149998188018799
2011-05-04 00:00:00,0.5099999904632568
2011-05-05 00:00:00,0.0
2011-05-06 00:00:00,0.0
2011-05-07 00:00:00,0.0
2011-05-08 00:00:00,0.0
2011-05-09 00:00:00,0.7999999523162842
2011-05-10 00:00:00,5.810000419616699
2011-05-11 00:00:00,16.100000381469727
2011-05-12 00:00:00,4.990000247955322
2011-05-13 00:00:00,0.0
2011-05-14 00:00:00,0.0
2011-05-15 00:00:00,0.0
2011-05-16 00:00:00,0.0
2011-05-17 00:00:00,0.0
2011-05-18 00:00:00,0.0
2011-05-19 00:00:00,0.0
2011-05-20 00:00:00,0.0
2011-05-21 00:00:00,0.0
2011-05-22 00:00:00,0.04999999701976776
2011-05-23 00:00:00,0.22999998927116394
2011-05-24 00:00:00,5.675000190734863
2011-05-25 00:00:00,1.9300000667572021
2011-05-26 00:00:00,14.9350004196167
2011-05-27 00:00:00,1.0850000381469727
2011-05-28 00:00:00,0.0
2011-05-29 00:00:00,0.0
2011-05-30 00:00:00,0.4050000309944153
2011-05-31 00:00:00,0.5249999761581421
2011-06-01 00:00:00,0.0
2011-06-02 00:00:00,0.0
2011-06-03 00:00:00,0.0
2011-06-04 00:00:00,0.0
2011-06-05 00:00:00,0.0
2011-06-06 00:00:00,0.0
2011-06-07 00:00:00,0.0
2011-06-08 00:00:00,0.0
2011-06-09 00:00:00,0.0
2011-06-10 00:00:00,0.0
2011-06-11 00:00:00,0.0
2011-06-12 00:00:00,0.0
2011-06-13 00:00:00,1.3450000286102295
2011-06-14 00:00:00,0.0
2011-06-15 00:00:00,0.0
2011-06-16 00:00:00,0.0
2011-06-17 00:00:00,3.1449999809265137
2011-06-18 00:00:00,0.9750000238418579
2011-06-19 00:00:00,0.7350000143051147
2011-06-20 00:00:00,0.0
2011-06-21 00:00:00,0.0
2011-06-22 00:00:00,1.3599998950958252
2011-06-23 00:00:00,0.0
2011-06-24 00:00:00,0.0
2011-06-25 00:00:00,0.0
2011-06-26 00:00:00,0.0
2011-06-27 00:00:00,0.0
2011-06-28 00:00:00,0.0
2011-06-29 00:00:00,2.2249999046325684
2011-06-30 00:00:00,13.44999885559082
2011-07-01 00:00:00,9.854999542236328
2011-07-02 00:00:00,17.05999755859375
2011-07-03 00:00:00,0.0
2011-07-04 00:00:00,0.0
2011-07-05 00:00:00,0.0
2011-07-06 00:00:00,0.0
2011-07-07 00:00:00,0.0
2011-07-08 00:00:00,0.0
2011-07-09 00:00:00,0.0
2011-07-10 00:00:00,0.0
2011-07-11 00:00:00,0.0
2011-07-12 00:00:00,0.0
2011-07-13 00:00:00,0.0
2011-07-14 00:00:00,0.0
2011-07-15 00:00:00,0.21000000834465027
2011-07-16 00:00:00,0.0
2011-07-17 00:00:00,0.0
2011-07-18 00:00:00,0.0
2011-07-19 00:00:00,8.484999656677246
2011-07-20 00:00:00,0.09999999403953552
2011-07-21 00:00:00,3.5
2011-07-22 00:00:00,6.844999313354492
2011-07-23 00:00:00,0.0
2011-07-24 00:00:00,0.0
2011-07-25 00:00:00,0.03500000014901161
2011-07-26 00:00:00,0.4300000071525574
2011-07-27 00:00:00,0.0
2011-07-28 00:00:00,0.0
2011-07-29 00:00:00,0.0
2011-07-30 00:00:00,0.1849999874830246
2011-07-31 00:00:00,0.17000000178813934
2011-08-01 00:00:00,1.4849998950958252
2011-08-02 00:00:00,0.4449999928474426
2011-08-03 00:00:00,0.0
2011-08-04 00:00:00,0.0
2011-08-05 00:00:00,0.10999999940395355
2011-08-06 00:00:00,0.04500000178813934
2011-08-07 00:00:00,0.0
2011-08-08 00:00:00,0.0
2011-08-09 00:00:00,1.1649999618530273
2011-08-10 00:00:00,0.0
2011-08-11 00:00:00,0.0
2011-08-12 00:00:00,0.0
2011-08-13 00:00:00,0.0
2011-08-14 00:00:00,0.0
2011-08-15 00:00:00,0.0
2011-08-16 00:00:00,0.0
2011-08-17 00:00:00,0.17499999701976776
2011-08-18 00:00:00,0.35499998927116394
2011-08-19 00:00:00,10.104999542236328
2011-08-20 00:00:00,17.0
2011-08-21 00:00:00,0.0
2011-08-22 00:00:00,0.0
2011-08-23 00:00:00,0.0
2011-08-24 00:00:00,0.0
2011-08-25 00:00:00,0.0
2011-08-26 00:00:00,0.7949999570846558
2011-08-27 00:00:00,0.0
2011-08-28 00:00:00,0.0
2011-08-29 00:00:00,0.0
2011-08-30 00:00:00,0.0
2011-08-31 00:00:00,0.0
2011-09-01 00:00:00,0.0
2011-09-02 00:00:00,0.0
2011-09-03 00:00:00,0.0
2011-09-04 00:00:00,0.0
2011-09-05 00:00:00,0.0
2011-09-06 00:00:00,1.9149997234344482
2011-09-07 00:00:00,0.0
2011-09-08 00:00:00,3.740000009536743
2011-09-09 00:00:00,0.18000000715255737
2011-09-10 00:00:00,0.0
2011-09-11 00:00:00,0.4449999928474426
2011-09-12 00:00:00,0.0
2011-09-13 00:00:00,0.0
2011-09-14 00:00:00,0.0
2011-09-15 00:00:00,0.0
2011-09-16 00:00:00,0.0
2011-09-17 00:00:00,0.29499998688697815
2011-09-18 00:00:00,4.425000190734863
2011-09-19 00:00:00,0.0
2011-09-20 00:00:00,3.054999828338623
2011-09-21 00:00:00,0.0
2011-09-22 00:00:00,9.600000381469727
2011-09-23 00:00:00,13.1899995803833
2011-09-24 00:00:00,32.17500305175781
2011-09-25 00:00:00,1.6749998331069946
2011-09-26 00:00:00,0.1899999976158142
2011-09-27 00:00:00,0.0
2011-09-28 00:00:00,0.0
2011-09-29 00:00:00,0.13999998569488525
2011-09-30 00:00:00,3.065000057220459
2011-10-01 00:00:00,0.0
2011-10-02 00:00:00,7.5
2011-10-03 00:00:00,0.4749999940395355
2011-10-04 00:00:00,0.0
2011-10-05 00:00:00,8.265000343322754
2011-10-06 00:00:00,0.0
2011-10-07 00:00:00,0.4999999403953552
2011-10-08 00:00:00,0.3699999749660492
2011-10-09 00:00:00,18.210002899169922
2011-10-10 00:00:00,1.5400002002716064
2011-10-11 00:00:00,97.07000732421875
2011-10-12 00:00:00,1.1099998950958252
2011-10-13 00:00:00,7.969999313354492
2011-10-14 00:00:00,53.654998779296875
2011-10-15 00:00:00,6.439998626708984
2011-10-16 00:00:00,0.009999999776482582
2011-10-17 00:00:00,0.0
2011-10-18 00:00:00,0.0
2011-10-19 00:00:00,0.5149999856948853
2011-10-20 00:00:00,3.9149999618530273
2011-10-21 00:00:00,0.0
2011-10-22 00:00:00,0.0
2011-10-23 00:00:00,0.0
2011-10-24 00:00:00,1.8650000095367432
2011-10-25 00:00:00,1.0299999713897705
2011-10-26 00:00:00,3.9200000762939453
2011-10-27 00:00:00,0.0
2011-10-28 00:00:00,0.0
2011-10-29 00:00:00,0.25999996066093445
2011-10-30 00:00:00,75.6199951171875
2011-10-31 00:00:00,0.7350000143051147
2011-11-01 00:00:00,0.0
2011-11-02 00:00:00,0.11499999463558197
2011-11-03 00:00:00,1.125
2011-11-04 00:00:00,2.2149996757507324
2011-11-05 00:00:00,0.08500000089406967
2011-11-06 00:00:00,0.125
2011-11-07 00:00:00,0.8450000286102295
2011-11-08 00:00:00,0.0
2011-11-09 00:00:00,0.0
2011-11-10 00:00:00,10.460000038146973
2011-11-11 00:00:00,8.674999237060547
2011-11-12 00:00:00,0.4749999940395355
2011-11-13 00:00:00,4.204999923706055
2011-11-14 00:00:00,0.0
2011-11-15 00:00:00,2.490000009536743
2011-11-16 00:00:00,1.1749999523162842
2011-11-17 00:00:00,0.1550000011920929
2011-11-18 00:00:00,0.7900000810623169
2011-11-19 00:00:00,1.9850001335144043
2011-11-20 00:00:00,5.505000114440918
2011-11-21 00:00:00,29.920000076293945
2011-11-22 00:00:00,27.234996795654297
2011-11-23 00:00:00,0.0
2011-11-24 00:00:00,0.0
2011-11-25 00:00:00,0.125
2011-11-26 00:00:00,0.03500000014901161
2011-11-27 00:00:00,0.0
2011-11-28 00:00:00,0.8300000429153442
2011-11-29 00:00:00,0.3700000047683716
2011-11-30 00:00:00,0.0
2011-12-01 00:00:00,0.12999999523162842
2011-12-02 00:00:00,0.0
2011-12-03 00:00:00,1.9899998903274536
2011-12-04 00:00:00,1.2400000095367432
2011-12-05 00:00:00,13.92500114440918
2011-12-06 00:00:00,0.004999999888241291
2011-12-07 00:00:00,0.014999999664723873
2011-12-08 00:00:00,42.33000183105469
2011-12-09 00:00:00,24.75
2011-12-10 00:00:00,0.1550000011920929
2011-12-11 00:00:00,0.0
2011-12-12 00:00:00,3.4800000190734863
2011-12-13 00:00:00,22.65999984741211
2011-12-14 00:00:00,4.00499963760376
2011-12-15 00:00:00,0.3649999797344208
2011-12-16 00:00:00,0.0
2011-12-17 00:00:00,2.6499998569488525
2011-12-18 00:00:00,0.38499999046325684
2011-12-19 00:00:00,0.23999997973442078
2011-12-20 00:00:00,0.0
2011-12-21 00:00:00,8.829999923706055
2011-12-22 00:00:00,1.1899999380111694
2011-12-23 00:00:00,21.62999725341797
2011-12-24 00:00:00,19.71999740600586
2011-12-25 00:00:00,4.669999599456787
2011-12-26 00:00:00,0.0
2011-12-27 00:00:00,0.6599999666213989
2011-12-28 00:00:00,2.1649997234344482
2011-12-29 00:00:00,5.174999713897705
2011-12-30 00:00:00,32.56999588012695
2011-12-31 00:00:00,38.41999435424805
2012-01-01 00:00:00,13.370000839233398
2012-01-02 00:00:00,2.6549999713897705
2012-01-03 00:00:00,1.4450000524520874
2012-01-04 00:00:00,0.0
2012-01-05 00:00:00,0.0
2012-01-06 00:00:00,0.0
2012-01-07 00:00:00,7.010000228881836
2012-01-08 00:00:00,0.8450000286102295
2012-01-09 00:00:00,0.0
2012-01-10 00:00:00,16.08500099182129
2012-01-11 00:00:00,0.9599999785423279
2012-01-12 00:00:00,16.009998321533203
2012-01-13 00:00:00,0.07499999552965164
2012-01-14 00:00:00,2.179999828338623
2012-01-15 00:00:00,0.7849999666213989
2012-01-16 00:00:00,4.619999408721924
2012-01-17 00:00:00,0.0
2012-01-18 00:00:00,0.9749999046325684
2012-01-19 00:00:00,2.0
2012-01-20 00:00:00,0.6050000190734863
2012-01-21 00:00:00,10.870000839233398
2012-01-22 00:00:00,36.18499755859375
2012-01-23 00:00:00,3.740000009536743
2012-01-24 00:00:00,126.05998229980469
2012-01-25 00:00:00,70.41999816894531
2012-01-26 00:00:00,4.514999866485596
2012-01-27 00:00:00,0.44999998807907104
2012-01-28 00:00:00,0.12999999523162842
2012-01-29 00:00:00,2.6050002574920654
2012-01-30 00:00:00,0.304999977350235
2012-01-31 00:00:00,26.43999481201172
2012-02-01 00:00:00,224.20999145507812
2012-02-02 00:00:00,14.65999984741211
2012-02-03 00:00:00,0.0
2012-02-04 00:00:00,25.029996871948242
2012-02-05 00:00:00,4.420000076293945
2012-02-06 00:00:00,0.0
2012-02-07 00:00:00,0.054999999701976776
2012-02-08 00:00:00,0.0
2012-02-09 00:00:00,29.985000610351562
2012-02-10 00:00:00,10.684999465942383
2012-02-11 00:00:00,0.07000000029802322
2012-02-12 00:00:00,0.42500001192092896
2012-02-13 00:00:00,7.859999656677246
2012-02-14 00:00:00,4.184999942779541
2012-02-15 00:00:00,21.56999969482422
2012-02-16 00:00:00,13.52499771118164
2012-02-17 00:00:00,5.820000648498535
2012-02-18 00:00:00,2.120000123977661
2012-02-19 00:00:00,0.0
2012-02-20 00:00:00,0.7050000429153442
2012-02-21 00:00:00,10.5649995803833
2012-02-22 00:00:00,3.4099998474121094
2012-02-23 00:00:00,4.504999160766602
2012-02-24 00:00:00,43.755001068115234
2012-02-25 00:00:00,12.719999313354492
2012-02-26 00:00:00,3.859999895095825
2012-02-27 00:00:00,3.005000114440918
2012-02-28 00:00:00,0.7699998617172241
2012-02-29 00:00:00,20.35999870300293
2012-03-01 00:00:00,1.929999828338623
2012-03-02 00:00:00,2.569999933242798
2012-03-03 00:00:00,0.0
2012-03-04 00:00:00,5.345000267028809
2012-03-05 00:00:00,1.409999966621399
2012-03-06 00:00:00,7.680000305175781
2012-03-07 00:00:00,11.985000610351562
2012-03-08 00:00:00,4.744999885559082
2012-03-09 00:00:00,2.06499981880188
2012-03-10 00:00:00,0.4699999690055847
2012-03-11 00:00:00,15.274999618530273
2012-03-12 00:00:00,5.575000286102295
2012-03-13 00:00:00,28.234996795654297
2012-03-14 00:00:00,33.30500030517578
2012-03-15 00:00:00,0.9300000071525574
2012-03-16 00:00:00,0.0
2012-03-17 00:00:00,0.0
2012-03-18 00:00:00,0.0
2012-03-19 00:00:00,0.0
2012-03-20 00:00:00,3.114999771118164
2012-03-21 00:00:00,0.0
2012-03-22 00:00:00,3.0749998092651367
2012-03-23 00:00:00,79.03999328613281
2012-03-24 00:00:00,0.125
2012-03-25 00:00:00,0.0
2012-03-26 00:00:00,0.0
2012-03-27 00:00:00,58.374996185302734
2012-03-28 00:00:00,0.0
2012-03-29 00:00:00,0.004999999888241291
2012-03-30 00:00:00,0.0
2012-03-31 00:00:00,0.3400000035762787
2012-04-01 00:00:00,3.190000057220459
2012-04-02 00:00:00,0.25999999046325684
2012-04-03 00:00:00,1.8450000286102295
2012-04-04 00:00:00,2.5399997234344482
2012-04-05 00:00:00,16.359996795654297
2012-04-06 00:00:00,14.570001602172852
2012-04-07 00:00:00,7.274999618530273
2012-04-08 00:00:00,0.0
2012-04-09 00:00:00,0.0
2012-04-10 00:00:00,20.17999839782715
2012-04-11 00:00:00,2.2699999809265137
2012-04-12 00:00:00,0.5799999237060547
2012-04-13 00:00:00,5.419999122619629
2012-04-14 00:00:00,9.785000801086426
2012-04-15 00:00:00,59.36500549316406
2012-04-16 00:00:00,0.0
2012-04-17 00:00:00,0.3799999952316284
2012-04-18 00:00:00,0.4300000071525574
2012-04-19 00:00:00,0.054999999701976776
2012-04-20 00:00:00,91.13998413085938
2012-04-21 00:00:00,59.10499572753906
2012-04-22 00:00:00,0.0
2012-04-23 00:00:00,0.0
2012-04-24 00:00:00,3.8550000190734863
2012-04-25 00:00:00,10.28499984741211
2012-04-26 00:00:00,0.02499999850988388
2012-04-27 00:00:00,8.90999984741211
2012-04-28 00:00:00,0.48499995470046997
2012-04-29 00:00:00,0.0
2012-04-30 00:00:00,0.03500000014901161
2012-05-01 00:00:00,0.0
2012-05-02 00:00:00,0.0
2012-05-03 00:00:00,0.0
2012-05-04 00:00:00,0.0
2012-05-05 00:00:00,0.0
2012-05-06 00:00:00,0.0
2012-05-07 00:00:00,0.0
2012-05-08 00:00:00,0.0
2012-05-09 00:00:00,0.0
2012-05-10 00:00:00,0.0
2012-05-11 00:00:00,0.0
2012-05-12 00:00:00,0.0
2012-05-13 00:00:00,3.1349997520446777
2012-05-14 00:00:00,0.054999999701976776
2012-05-15 00:00:00,0.0
2012-05-16 00:00:00,0.0
2012-05-17 00:00:00,0.0
2012-05-18 00:00:00,0.0
2012-05-19 00:00:00,0.9399999976158142
2012-05-20 00:00:00,0.7599999904632568
2012-05-21 00:00:00,1.3799998760223389
2012-05-22 00:00:00,4.610000133514404
2012-05-23 00:00:00,0.0
2012-05-24 00:00:00,0.0
2012-05-25 00:00:00,0.0
2012-05-26 00:00:00,0.0
2012-05-27 00:00:00,0.0
2012-05-28 00:00:00,0.0
2012-05-29 00:00:00,0.0
2012-05-30 00:00:00,0.0
2012-05-31 00:00:00,3.8350000381469727
2012-06-01 00:00:00,5.939999580383301
2012-06-02 00:00:00,0.0
2012-06-03 00:00:00,0.0
2012-06-04 00:00:00,0.0
2012-06-05 00:00:00,5.144999980926514
2012-06-06 00:00:00,0.0
2012-06-07 00:00:00,5.795000076293945
2012-06-08 00:00:00,0.0
2012-06-09 00:00:00,0.39499998092651367
2012-06-10 00:00:00,0.0
2012-06-11 00:00:00,0.0
2012-06-12 00:00:00,0.0
2012-06-13 00:00:00,0.0
2012-06-14 00:00:00,1.630000114440918
2012-06-15 00:00:00,0.45499998331069946
2012-06-16 00:00:00,0.0
2012-06-17 00:00:00,0.0
2012-06-18 00:00:00,0.0
2012-06-19 00:00:00,0.0
2012-06-20 00:00:00,0.7649999856948853
2012-06-21 00:00:00,0.2199999988079071
2012-06-22 00:00:00,0.0
2012-06-23 00:00:00,0.0
2012-06-24 00:00:00,0.0
2012-06-25 00:00:00,13.75
2012-06-26 00:00:00,0.029999999329447746
2012-06-27 00:00:00,0.0
2012-06-28 00:00:00,0.0
2012-06-29 00:00:00,0.0
2012-06-30 00:00:00,0.0
2012-07-01 00:00:00,0.0
2012-07-02 00:00:00,0.0
2012-07-03 00:00:00,0.0
2012-07-04 00:00:00,0.0
2012-07-05 00:00:00,10.524998664855957
2012-07-06 00:00:00,8.045000076293945
2012-07-07 00:00:00,1.1549999713897705
2012-07-08 00:00:00,0.029999997466802597
2012-07-09 00:00:00,0.0
2012-07-10 00:00:00,0.0
2012-07-11 00:00:00,0.0
2012-07-12 00:00:00,0.0
2012-07-13 00:00:00,0.0
2012-07-14 00:00:00,0.0
2012-07-15 00:00:00,0.0
2012-07-16 00:00:00,0.0
2012-07-17 00:00:00,0.0
2012-07-18 00:00:00,0.0
2012-07-19 00:00:00,0.0
2012-07-20 00:00:00,0.0
2012-07-21 00:00:00,0.0
2012-07-22 00:00:00,0.0
2012-07-23 00:00:00,0.0
2012-07-24 00:00:00,0.0
2012-07-25 00:00:00,2.049999952316284
2012-07-26 00:00:00,0.0
2012-07-27 00:00:00,1.6449998617172241
2012-07-28 00:00:00,0.0
2012-07-29 00:00:00,8.274999618530273
2012-07-30 00:00:00,16.029998779296875
2012-07-31 00:00:00,0.0
2012-08-01 00:00:00,0.0
2012-08-02 00:00:00,0.0
2012-08-03 00:00:00,0.0
2012-08-04 00:00:00,0.0
2012-08-05 00:00:00,0.0
2012-08-06 00:00:00,0.0
2012-08-07 00:00:00,0.0
2012-08-08 00:00:00,0.0
2012-08-09 00:00:00,0.0
2012-08-10 00:00:00,0.0
2012-08-11 00:00:00,0.0
2012-08-12 00:00:00,0.0
2012-08-13 00:00:00,0.0
2012-08-14 00:00:00,0.0
2012-08-15 00:00:00,0.0
2012-08-16 00:00:00,0.0
2012-08-17 00:00:00,4.9599995613098145
2012-08-18 00:00:00,8.925000190734863
2012-08-19 00:00:00,5.239999771118164
2012-08-20 00:00:00,0.3400000035762787
2012-08-21 00:00:00,0.0
2012-08-22 00:00:00,0.0
2012-08-23 00:00:00,0.0
2012-08-24 00:00:00,0.0
2012-08-25 00:00:00,3.859999895095825
2012-08-26 00:00:00,0.0
2012-08-27 00:00:00,4.135000228881836
2012-08-28 00:00:00,0.0
2012-08-29 00:00:00,0.0
2012-08-30 00:00:00,0.0
2012-08-31 00:00:00,0.0
2012-09-01 00:00:00,0.0
2012-09-02 00:00:00,0.0
2012-09-03 00:00:00,0.0
2012-09-04 00:00:00,0.0
2012-09-05 00:00:00,0.0
2012-09-06 00:00:00,0.0
2012-09-07 00:00:00,0.0
2012-09-08 00:00:00,0.06499999761581421
2012-09-09 00:00:00,58.39500045776367
2012-09-10 00:00:00,2.114999771118164
2012-09-11 00:00:00,0.0
2012-09-12 00:00:00,0.029999999329447746
2012-09-13 00:00:00,0.0
2012-09-14 00:00:00,0.0
2012-09-15 00:00:00,0.5149999856948853
2012-09-16 00:00:00,0.014999999664723873
2012-09-17 00:00:00,22.0049991607666
2012-09-18 00:00:00,0.0
2012-09-19 00:00:00,0.0
2012-09-20 00:00:00,0.0
2012-09-21 00:00:00,0.0
2012-09-22 00:00:00,0.0
2012-09-23 00:00:00,0.1599999964237213
2012-09-24 00:00:00,0.10500000417232513
2012-09-25 00:00:00,0.925000011920929
2012-09-26 00:00:00,0.7999999523162842
2012-09-27 00:00:00,1.4950000047683716
2012-09-28 00:00:00,0.09999999403953552
2012-09-29 00:00:00,0.0
2012-09-30 00:00:00,0.20500001311302185
2012-10-01 00:00:00,0.3700000047683716
2012-10-02 00:00:00,8.244999885559082
2012-10-03 00:00:00,0.0
2012-10-04 00:00:00,0.4749999940395355
2012-10-05 00:00:00,0.25999999046325684
2012-10-06 00:00:00,1.4799998998641968
2012-10-07 00:00:00,0.5549999475479126
2012-10-08 00:00:00,0.9300000071525574
2012-10-09 00:00:00,5.0
2012-10-10 00:00:00,41.51000213623047
2012-10-11 00:00:00,0.4350000023841858
2012-10-12 00:00:00,0.0
2012-10-13 00:00:00,0.0
2012-10-14 00:00:00,0.0
2012-10-15 00:00:00,15.395000457763672
2012-10-16 00:00:00,0.0
2012-10-17 00:00:00,3.1999998092651367
2012-10-18 00:00:00,0.0
2012-10-19 00:00:00,0.08500000089406967
2012-10-20 00:00:00,4.740000247955322
2012-10-21 00:00:00,2.2149999141693115
2012-10-22 00:00:00,0.019999999552965164
2012-10-23 00:00:00,0.11999999731779099
2012-10-24 00:00:00,0.4949999749660492
2012-10-25 00:00:00,0.0
2012-10-26 00:00:00,12.510000228881836
2012-10-27 00:00:00,11.304999351501465
2012-10-28 00:00:00,2.5749998092651367
2012-10-29 00:00:00,0.0
2012-10-30 00:00:00,0.09999999403953552
2012-10-31 00:00:00,78.84501647949219
2012-11-01 00:00:00,21.939998626708984
2012-11-02 00:00:00,10.899998664855957
2012-11-03 00:00:00,5.445000648498535
2012-11-04 00:00:00,1.350000023841858
2012-11-05 00:00:00,5.079999923706055
2012-11-06 00:00:00,23.69499969482422
2012-11-07 00:00:00,1.5449998378753662
2012-11-08 00:00:00,0.0
2012-11-09 00:00:00,0.0
2012-11-10 00:00:00,0.0
2012-11-11 00:00:00,84.53499603271484
2012-11-12 00:00:00,5.225000381469727
2012-11-13 00:00:00,0.35999998450279236
2012-11-14 00:00:00,0.0
2012-11-15 00:00:00,0.0
2012-11-16 00:00:00,0.0
2012-11-17 00:00:00,0.21000000834465027
2012-11-18 00:00:00,0.38499999046325684
2012-11-19 00:00:00,0.0
2012-11-20 00:00:00,1.8700001239776611
2012-11-21 00:00:00,4.0
2012-11-22 00:00:00,3.504999876022339
2012-11-23 00:00:00,72.69499206542969
2012-11-24 00:00:00,5.465000152587891
2012-11-25 00:00:00,0.0
2012-11-26 00:00:00,0.14499999582767487
2012-11-27 00:00:00,1.2200000286102295
2012-11-28 00:00:00,0.28999999165534973
2012-11-29 00:00:00,11.489999771118164
2012-11-30 00:00:00,49.95500183105469
2012-12-01 00:00:00,0.23999999463558197
2012-12-02 00:00:00,1.334999918937683
2012-12-03 00:00:00,0.05999999865889549
2012-12-04 00:00:00,0.4949999749660492
2012-12-05 00:00:00,23.11499786376953
2012-12-06 00:00:00,0.7049999833106995
2012-12-07 00:00:00,10.779999732971191
2012-12-08 00:00:00,157.1399688720703
2012-12-09 00:00:00,0.0
2012-12-10 00:00:00,0.0
2012-12-11 00:00:00,0.044999998062849045
2012-12-12 00:00:00,16.999998092651367
2012-12-13 00:00:00,1.6749999523162842
2012-12-14 00:00:00,0.7400000095367432
2012-12-15 00:00:00,1.864999771118164
2012-12-16 00:00:00,0.7049999833106995
2012-12-17 00:00:00,8.424999237060547
2012-12-18 00:00:00,80.41498565673828
2012-12-19 00:00:00,61.474998474121094
2012-12-20 00:00:00,51.68500518798828
2012-12-21 00:00:00,57.9950065612793
2012-12-22 00:00:00,0.7249999642372131
2012-12-23 00:00:00,0.0
2012-12-24 00:00:00,1.0549999475479126
2012-12-25 00:00:00,76.26998138427734
2012-12-26 00:00:00,6.039999961853027
2012-12-27 00:00:00,40.87999725341797
2012-12-28 00:00:00,0.3999999761581421
2012-12-29 00:00:00,1.2499998807907104
2012-12-30 00:00:00,16.244998931884766
2012-12-31 00:00:00,1.0199999809265137
2013-01-01 00:00:00,20.744998931884766
2013-01-02 00:00:00,4.639999866485596
2013-01-03 00:00:00,0.0
2013-01-04 00:00:00,0.21000000834465027
2013-01-05 00:00:00,15.555000305175781
2013-01-06 00:00:00,0.2199999988079071
2013-01-07 00:00:00,1.7300000190734863
2013-01-08 00:00:00,65.64000701904297
2013-01-09 00:00:00,121.10499572753906
2013-01-10 00:00:00,9.290002822875977
2013-01-11 00:00:00,0.04999999701976776
2013-01-12 00:00:00,4.565000057220459
2013-01-13 00:00:00,0.0
2013-01-14 00:00:00,16.73499870300293
2013-01-15 00:00:00,0.5299999713897705
2013-01-16 00:00:00,0.0
2013-01-17 00:00:00,83.03498077392578
2013-01-18 00:00:00,4.974999904632568
2013-01-19 00:00:00,3.7800002098083496
2013-01-20 00:00:00,9.464999198913574
2013-01-21 00:00:00,0.5600000023841858
2013-01-22 00:00:00,0.42500001192092896
2013-01-23 00:00:00,0.004999999888241291
2013-01-24 00:00:00,1.1399999856948853
2013-01-25 00:00:00,13.475000381469727
2013-01-26 00:00:00,17.369997024536133
2013-01-27 00:00:00,0.39499998092651367
2013-01-28 00:00:00,0.0
2013-01-29 00:00:00,4.739999771118164
2013-01-30 00:00:00,9.569999694824219
2013-01-31 00:00:00,0.6899999976158142
2013-02-01 00:00:00,2.984999656677246
2013-02-02 00:00:00,9.969999313354492
2013-02-03 00:00:00,17.26999855041504
2013-02-04 00:00:00,0.7950000762939453
2013-02-05 00:00:00,0.35499998927116394
2013-02-06 00:00:00,0.0
2013-02-07 00:00:00,1.1200000047683716
2013-02-08 00:00:00,1.2450000047683716
2013-02-09 00:00:00,4.889999866485596
2013-02-10 00:00:00,0.3649999797344208
2013-02-11 00:00:00,19.744998931884766
2013-02-12 00:00:00,4.554999828338623
2013-02-13 00:00:00,4.389999866485596
2013-02-14 00:00:00,43.95999526977539
2013-02-15 00:00:00,10.239999771118164
2013-02-16 00:00:00,15.349998474121094
2013-02-17 00:00:00,1.404999852180481
2013-02-18 00:00:00,41.96500778198242
2013-02-19 00:00:00,3.064999580383301
2013-02-20 00:00:00,44.51998519897461
2013-02-21 00:00:00,0.9049999713897705
2013-02-22 00:00:00,2.684999942779541
2013-02-23 00:00:00,4.96999979019165
2013-02-24 00:00:00,0.0
2013-02-25 00:00:00,16.114999771118164
2013-02-26 00:00:00,7.914999961853027
2013-02-27 00:00:00,0.3700000047683716
2013-02-28 00:00:00,0.044999998062849045
2013-03-01 00:00:00,2.680000066757202
2013-03-02 00:00:00,30.3699951171875
2013-03-03 00:00:00,81.26499938964844
2013-03-04 00:00:00,10.84999942779541
2013-03-05 00:00:00,0.0
2013-03-06 00:00:00,19.959999084472656
2013-03-07 00:00:00,7.645000457763672
2013-03-08 00:00:00,0.14499999582767487
2013-03-09 00:00:00,26.57999610900879
2013-03-10 00:00:00,11.00999927520752
2013-03-11 00:00:00,138.18502807617188
2013-03-12 00:00:00,10.289999961853027
2013-03-13 00:00:00,35.685001373291016
2013-03-14 00:00:00,8.244999885559082
2013-03-15 00:00:00,5.34499979019165
2013-03-16 00:00:00,1.5049999952316284
2013-03-17 00:00:00,0.4300000071525574
2013-03-18 00:00:00,0.3349999785423279
2013-03-19 00:00:00,0.0
2013-03-20 00:00:00,0.0
2013-03-21 00:00:00,0.0
2013-03-22 00:00:00,0.0
2013-03-23 00:00:00,3.4049999713897705
2013-03-24 00:00:00,14.014999389648438
2013-03-25 00:00:00,0.7399999499320984
2013-03-26 00:00:00,1.8899998664855957
2013-03-27 00:00:00,0.0
2013-03-28 00:00:00,0.0
2013-03-29 00:00:00,0.6749999523162842
2013-03-30 00:00:00,0.0
2013-03-31 00:00:00,0.0
2013-04-01 00:00:00,0.0
2013-04-02 00:00:00,64.70500183105469
2013-04-03 00:00:00,66.53499603271484
2013-04-04 00:00:00,4.5199995040893555
2013-04-05 00:00:00,0.0
2013-04-06 00:00:00,0.0
2013-04-07 00:00:00,40.769996643066406
2013-04-08 00:00:00,1.0999999046325684
2013-04-09 00:00:00,0.0
2013-04-10 00:00:00,0.0
2013-04-11 00:00:00,0.014999999664723873
2013-04-12 00:00:00,10.72499942779541
2013-04-13 00:00:00,17.029996871948242
2013-04-14 00:00:00,0.3149999976158142
2013-04-15 00:00:00,0.0
2013-04-16 00:00:00,0.0
2013-04-17 00:00:00,0.0
2013-04-18 00:00:00,0.4300000071525574
2013-04-19 00:00:00,0.0
2013-04-20 00:00:00,2.5199997425079346
2013-04-21 00:00:00,0.0
2013-04-22 00:00:00,0.0
2013-04-23 00:00:00,0.0
2013-04-24 00:00:00,0.0
2013-04-25 00:00:00,0.0
2013-04-26 00:00:00,0.0
2013-04-27 00:00:00,0.0
2013-04-28 00:00:00,0.0
2013-04-29 00:00:00,24.029998779296875
2013-04-30 00:00:00,16.274999618530273
2013-05-01 00:00:00,21.049997329711914
2013-05-02 00:00:00,3.7049999237060547
2013-05-03 00:00:00,0.26999998092651367
2013-05-04 00:00:00,5.255000114440918
2013-05-05 00:00:00,16.149999618530273
2013-05-06 00:00:00,1.3399999141693115
2013-05-07 00:00:00,0.0
2013-05-08 00:00:00,0.0
2013-05-09 00:00:00,0.0
2013-05-10 00:00:00,0.0
2013-05-11 00:00:00,0.0
2013-05-12 00:00:00,0.08999999612569809
2013-05-13 00:00:00,0.0
2013-05-14 00:00:00,0.07499999552965164
2013-05-15 00:00:00,12.494999885559082
2013-05-16 00:00:00,41.429996490478516
2013-05-17 00:00:00,2.4000000953674316
2013-05-18 00:00:00,0.3199999928474426
2013-05-19 00:00:00,0.0
2013-05-20 00:00:00,0.0
2013-05-21 00:00:00,0.0
2013-05-22 00:00:00,0.0
2013-05-23 00:00:00,0.0
2013-05-24 00:00:00,12.450000762939453
2013-05-25 00:00:00,1.209999918937683
2013-05-26 00:00:00,0.0
2013-05-27 00:00:00,0.0
2013-05-28 00:00:00,0.0
2013-05-29 00:00:00,0.0
2013-05-30 00:00:00,0.0
2013-05-31 00:00:00,0.0
2013-06-01 00:00:00,0.0
2013-06-02 00:00:00,0.0
2013-06-03 00:00:00,0.0
2013-06-04 00:00:00,0.0
2013-06-05 00:00:00,0.0
2013-06-06 00:00:00,0.0
2013-06-07 00:00:00,0.0
2013-06-08 00:00:00,0.03500000014901161
2013-06-09 00:00:00,1.8700000047683716
2013-06-10 00:00:00,7.909999847412109
2013-06-11 00:00:00,0.20499998331069946
2013-06-12 00:00:00,8.984999656677246
2013-06-13 00:00:00,0.39499998092651367
2013-06-14 00:00:00,0.375
2013-06-15 00:00:00,0.13499999046325684
2013-06-16 00:00:00,0.0
2013-06-17 00:00:00,0.23499998450279236
2013-06-18 00:00:00,0.0
2013-06-19 00:00:00,24.31499481201172
2013-06-20 00:00:00,3.7099995613098145
2013-06-21 00:00:00,0.0
2013-06-22 00:00:00,0.0
2013-06-23 00:00:00,0.0
2013-06-24 00:00:00,3.864999771118164
2013-06-25 00:00:00,14.744999885559082
2013-06-26 00:00:00,35.269996643066406
2013-06-27 00:00:00,0.0
2013-06-28 00:00:00,0.5049999952316284
2013-06-29 00:00:00,0.03999999910593033
2013-06-30 00:00:00,0.0
2013-07-01 00:00:00,0.0
2013-07-02 00:00:00,0.0
2013-07-03 00:00:00,0.0
2013-07-04 00:00:00,0.0
2013-07-05 00:00:00,0.04999999701976776
2013-07-06 00:00:00,0.5699999928474426
2013-07-07 00:00:00,0.0
2013-07-08 00:00:00,30.470001220703125
2013-07-09 00:00:00,0.0
2013-07-10 00:00:00,0.0
2013-07-11 00:00:00,0.0
2013-07-12 00:00:00,0.0
2013-07-13 00:00:00,0.3199999928474426
2013-07-14 00:00:00,0.0
2013-07-15 00:00:00,0.0
2013-07-16 00:00:00,0.0
2013-07-17 00:00:00,0.0
2013-07-18 00:00:00,0.054999999701976776
2013-07-19 00:00:00,0.12000000476837158
2013-07-20 00:00:00,0.16500000655651093
2013-07-21 00:00:00,0.0
2013-07-22 00:00:00,7.544999599456787
2013-07-23 00:00:00,0.0
2013-07-24 00:00:00,0.0
2013-07-25 00:00:00,0.0
2013-07-26 00:00:00,0.0
2013-07-27 00:00:00,0.0
2013-07-28 00:00:00,0.0
2013-07-29 00:00:00,0.0
2013-07-30 00:00:00,0.0
2013-07-31 00:00:00,0.0
2013-08-01 00:00:00,0.0
2013-08-02 00:00:00,0.04999999701976776
2013-08-03 00:00:00,19.940000534057617
2013-08-04 00:00:00,0.0
2013-08-05 00:00:00,0.0
2013-08-06 00:00:00,0.10500000417232513
2013-08-07 00:00:00,0.0
2013-08-08 00:00:00,0.03999999910593033
2013-08-09 00:00:00,23.984996795654297
2013-08-10 00:00:00,0.03500000014901161
2013-08-11 00:00:00,0.04999999701976776
2013-08-12 00:00:00,0.0
2013-08-13 00:00:00,0.0
2013-08-14 00:00:00,0.0
2013-08-15 00:00:00,0.0
2013-08-16 00:00:00,0.0
2013-08-17 00:00:00,0.0
2013-08-18 00:00:00,0.0
2013-08-19 00:00:00,0.0
2013-08-20 00:00:00,0.0
2013-08-21 00:00:00,0.0
2013-08-22 00:00:00,0.0
2013-08-23 00:00:00,26.300003051757812
2013-08-24 00:00:00,24.86499786376953
2013-08-25 00:00:00,6.72499942779541
2013-08-26 00:00:00,0.8650000095367432
2013-08-27 00:00:00,0.054999999701976776
2013-08-28 00:00:00,0.004999999888241291
2013-08-29 00:00:00,0.0
2013-08-30 00:00:00,0.0
2013-08-31 00:00:00,0.0
2013-09-01 00:00:00,1.4950000047683716
2013-09-02 00:00:00,0.4950000047683716
2013-09-03 00:00:00,6.47499942779541
2013-09-04 00:00:00,0.0
2013-09-05 00:00:00,0.0
2013-09-06 00:00:00,0.0
2013-09-07 00:00:00,0.0
2013-09-08 00:00:00,14.355001449584961
2013-09-09 00:00:00,1.0899999141693115
2013-09-10 00:00:00,0.1899999976158142
2013-09-11 00:00:00,0.014999999664723873
2013-09-12 00:00:00,0.0
2013-09-13 00:00:00,13.05000114440918
2013-09-14 00:00:00,3.869999885559082
2013-09-15 00:00:00,0.0
2013-09-16 00:00:00,0.0
2013-09-17 00:00:00,0.44999998807907104
2013-09-18 00:00:00,0.0
2013-09-19 00:00:00,0.0
2013-09-20 00:00:00,0.0
2013-09-21 00:00:00,0.0
2013-09-22 00:00:00,0.3499999940395355
2013-09-23 00:00:00,7.3949995040893555
2013-09-24 00:00:00,0.0
2013-09-25 00:00:00,0.0
2013-09-26 00:00:00,0.0
2013-09-27 00:00:00,0.0
2013-09-28 00:00:00,0.0
2013-09-29 00:00:00,4.714999675750732
2013-09-30 00:00:00,18.23000144958496
2013-10-01 00:00:00,0.0
2013-10-02 00:00:00,0.1599999964237213
2013-10-03 00:00:00,2.9600000381469727
2013-10-04 00:00:00,2.6599998474121094
2013-10-05 00:00:00,0.16999998688697815
2013-10-06 00:00:00,0.019999999552965164
2013-10-07 00:00:00,0.044999998062849045
2013-10-08 00:00:00,0.0
2013-10-09 00:00:00,0.5649999976158142
2013-10-10 00:00:00,5.0500006675720215
2013-10-11 00:00:00,5.914999961853027
2013-10-12 00:00:00,1.8899998664855957
2013-10-13 00:00:00,11.934999465942383
2013-10-14 00:00:00,48.80500793457031
2013-10-15 00:00:00,11.675000190734863
2013-10-16 00:00:00,8.369999885559082
2013-10-17 00:00:00,5.060000419616699
2013-10-18 00:00:00,44.00499725341797
2013-10-19 00:00:00,0.0
2013-10-20 00:00:00,0.0
2013-10-21 00:00:00,0.574999988079071
2013-10-22 00:00:00,10.844999313354492
2013-10-23 00:00:00,0.22499999403953552
2013-10-24 00:00:00,16.950000762939453
2013-10-25 00:00:00,6.054999351501465
2013-10-26 00:00:00,0.0
2013-10-27 00:00:00,45.144996643066406
2013-10-28 00:00:00,0.2750000059604645
2013-10-29 00:00:00,0.0
2013-10-30 00:00:00,41.94000244140625
2013-10-31 00:00:00,10.240001678466797
2013-11-01 00:00:00,60.85999298095703
2013-11-02 00:00:00,4.5799994468688965
2013-11-03 00:00:00,20.979999542236328
2013-11-04 00:00:00,0.0
2013-11-05 00:00:00,0.0
2013-11-06 00:00:00,0.48500001430511475
2013-11-07 00:00:00,0.0
2013-11-08 00:00:00,0.0
2013-11-09 00:00:00,0.0
2013-11-10 00:00:00,0.0
2013-11-11 00:00:00,5.989999771118164
2013-11-12 00:00:00,14.130000114440918
2013-11-13 00:00:00,0.0
2013-11-14 00:00:00,0.0
2013-11-15 00:00:00,0.0
2013-11-16 00:00:00,5.544999599456787
2013-11-17 00:00:00,0.0
2013-11-18 00:00:00,0.12999999523162842
2013-11-19 00:00:00,10.75
2013-11-20 00:00:00,153.63998413085938
2013-11-21 00:00:00,0.675000011920929
2013-11-22 00:00:00,0.034999996423721313
2013-11-23 00:00:00,17.41499900817871
2013-11-24 00:00:00,0.0
2013-11-25 00:00:00,0.07499999552965164
2013-11-26 00:00:00,0.3199999928474426
2013-11-27 00:00:00,0.0
2013-11-28 00:00:00,0.0
2013-11-29 00:00:00,0.0
2013-11-30 00:00:00,0.9050000309944153
2013-12-01 00:00:00,0.014999999664723873
2013-12-02 00:00:00,0.23999997973442078
2013-12-03 00:00:00,0.0
2013-12-04 00:00:00,4.414999961853027
2013-12-05 00:00:00,2.930000066757202
2013-12-06 00:00:00,3.0899999141693115
2013-12-07 00:00:00,3.0399999618530273
2013-12-08 00:00:00,7.899999618530273
2013-12-09 00:00:00,38.33000183105469
2013-12-10 00:00:00,41.03499984741211
2013-12-11 00:00:00,4.749999523162842
2013-12-12 00:00:00,0.10500000417232513
2013-12-13 00:00:00,4.589999675750732
2013-12-14 00:00:00,7.104999542236328
2013-12-15 00:00:00,2.6650002002716064
2013-12-16 00:00:00,75.36997985839844
2013-12-17 00:00:00,48.01499938964844
2013-12-18 00:00:00,20.260000228881836
2013-12-19 00:00:00,12.384998321533203
2013-12-20 00:00:00,0.47999998927116394
2013-12-21 00:00:00,0.3399999737739563
2013-12-22 00:00:00,0.0
2013-12-23 00:00:00,0.0949999988079071
2013-12-24 00:00:00,0.0
2013-12-25 00:00:00,6.674999713897705
2013-12-26 00:00:00,2.669999837875366
2013-12-27 00:00:00,1.9700000286102295
2013-12-28 00:00:00,2.494999647140503
2013-12-29 00:00:00,0.38499999046325684
2013-12-30 00:00:00,35.01499938964844
2013-12-31 00:00:00,97.91499328613281
2014-01-01 00:00:00,4.409999847412109
2014-01-02 00:00:00,0.0
2014-01-03 00:00:00,11.0649995803833
2014-01-04 00:00:00,87.01000213623047
2014-01-05 00:00:00,0.17499998211860657
2014-01-06 00:00:00,2.380000114440918
2014-01-07 00:00:00,4.365000247955322
2014-01-08 00:00:00,1.3399999141693115
2014-01-09 00:00:00,2.254999876022339
2014-01-10 00:00:00,0.0
2014-01-11 00:00:00,14.135001182556152
2014-01-12 00:00:00,17.450000762939453
2014-01-13 00:00:00,0.06499999761581421
2014-01-14 00:00:00,0.22999998927116394
2014-01-15 00:00:00,28.044998168945312
2014-01-16 00:00:00,0.7950000762939453
2014-01-17 00:00:00,2.234999895095825
2014-01-18 00:00:00,1.3550000190734863
2014-01-19 00:00:00,14.375
2014-01-20 00:00:00,15.334999084472656
2014-01-21 00:00:00,0.2150000035762787
2014-01-22 00:00:00,134.68499755859375
2014-01-23 00:00:00,8.545000076293945
2014-01-24 00:00:00,65.68999481201172
2014-01-25 00:00:00,80.55500030517578
2014-01-26 00:00:00,0.23000000417232513
2014-01-27 00:00:00,0.05999999865889549
2014-01-28 00:00:00,3.325000047683716
2014-01-29 00:00:00,8.989999771118164
2014-01-30 00:00:00,0.2150000035762787
2014-01-31 00:00:00,0.47999998927116394
2014-02-01 00:00:00,4.480000019073486
2014-02-02 00:00:00,1.3949999809265137
2014-02-03 00:00:00,48.480003356933594
2014-02-04 00:00:00,23.47500228881836
2014-02-05 00:00:00,0.10999999940395355
2014-02-06 00:00:00,37.599998474121094
2014-02-07 00:00:00,50.389991760253906
2014-02-08 00:00:00,2.924999952316284
2014-02-09 00:00:00,4.545000076293945
2014-02-10 00:00:00,17.974998474121094
2014-02-11 00:00:00,1.5449998378753662
2014-02-12 00:00:00,7.364999771118164
2014-02-13 00:00:00,16.09000015258789
2014-02-14 00:00:00,2.875000238418579
2014-02-15 00:00:00,6.649999618530273
2014-02-16 00:00:00,0.1249999925494194
2014-02-17 00:00:00,0.0
2014-02-18 00:00:00,0.054999999701976776
2014-02-19 00:00:00,4.764999866485596
2014-02-20 00:00:00,40.56999969482422
2014-02-21 00:00:00,18.374998092651367
2014-02-22 00:00:00,0.1899999976158142
2014-02-23 00:00:00,15.729999542236328
2014-02-24 00:00:00,0.0
2014-02-25 00:00:00,1.2899999618530273
2014-02-26 00:00:00,111.73500061035156
2014-02-27 00:00:00,0.0
2014-02-28 00:00:00,0.6349999308586121
2014-03-01 00:00:00,0.625
2014-03-02 00:00:00,0.0
2014-03-03 00:00:00,44.40499496459961
2014-03-04 00:00:00,0.0
2014-03-05 00:00:00,0.0
2014-03-06 00:00:00,0.5
2014-03-07 00:00:00,3.2800002098083496
2014-03-08 00:00:00,0.559999942779541
2014-03-09 00:00:00,0.03999999910593033
2014-03-10 00:00:00,7.910000801086426
2014-03-11 00:00:00,86.52999114990234
2014-03-12 00:00:00,0.0
2014-03-13 00:00:00,0.17000000178813934
2014-03-14 00:00:00,0.0
2014-03-15 00:00:00,9.63499927520752
2014-03-16 00:00:00,2.5300002098083496
2014-03-17 00:00:00,16.494998931884766
2014-03-18 00:00:00,83.95999145507812
2014-03-19 00:00:00,0.7450000047683716
2014-03-20 00:00:00,3.810000419616699
2014-03-21 00:00:00,0.0
2014-03-22 00:00:00,48.28000259399414
2014-03-23 00:00:00,0.26499998569488525
2014-03-24 00:00:00,0.0
2014-03-25 00:00:00,0.6200000047683716
2014-03-26 00:00:00,3.8550000190734863
2014-03-27 00:00:00,5.025000095367432
2014-03-28 00:00:00,17.93499755859375
2014-03-29 00:00:00,0.14499999582767487
2014-03-30 00:00:00,0.9549999237060547
2014-03-31 00:00:00,3.744999885559082
2014-04-01 00:00:00,36.11499786376953
2014-04-02 00:00:00,7.310000419616699
2014-04-03 00:00:00,23.75
2014-04-04 00:00:00,1.4600000381469727
2014-04-05 00:00:00,2.309999942779541
2014-04-06 00:00:00,15.649999618530273
2014-04-07 00:00:00,22.25
2014-04-08 00:00:00,1.274999976158142
2014-04-09 00:00:00,32.4900016784668
2014-04-10 00:00:00,23.170000076293945
2014-04-11 00:00:00,34.66499710083008
2014-04-12 00:00:00,3.515000343322754
2014-04-13 00:00:00,20.969999313354492
2014-04-14 00:00:00,0.0
2014-04-15 00:00:00,0.0
2014-04-16 00:00:00,0.0
2014-04-17 00:00:00,0.014999999664723873
2014-04-18 00:00:00,0.0
2014-04-19 00:00:00,0.7899998426437378
2014-04-20 00:00:00,32.22999572753906
2014-04-21 00:00:00,0.2449999898672104
2014-04-22 00:00:00,33.209999084472656
2014-04-23 00:00:00,2.25
2014-04-24 00:00:00,0.0
2014-04-25 00:00:00,0.0
2014-04-26 00:00:00,0.0
2014-04-27 00:00:00,0.0
2014-04-28 00:00:00,0.17499999701976776
2014-04-29 00:00:00,0.0
2014-04-30 00:00:00,0.9699999094009399
2014-05-01 00:00:00,2.3400001525878906
2014-05-02 00:00:00,0.0
2014-05-03 00:00:00,0.0
2014-05-04 00:00:00,0.0
2014-05-05 00:00:00,1.2300000190734863
2014-05-06 00:00:00,11.174999237060547
2014-05-07 00:00:00,0.004999999888241291
2014-05-08 00:00:00,1.2050000429153442
2014-05-09 00:00:00,0.9949999451637268
2014-05-10 00:00:00,0.0
2014-05-11 00:00:00,1.5049999952316284
2014-05-12 00:00:00,2.1499998569488525
2014-05-13 00:00:00,12.020001411437988
2014-05-14 00:00:00,0.20500001311302185
2014-05-15 00:00:00,0.0
2014-05-16 00:00:00,15.014999389648438
2014-05-17 00:00:00,0.5299999713897705
2014-05-18 00:00:00,1.6700000762939453
2014-05-19 00:00:00,0.0
2014-05-20 00:00:00,0.0
2014-05-21 00:00:00,0.0
2014-05-22 00:00:00,24.98999786376953
2014-05-23 00:00:00,46.50499725341797
2014-05-24 00:00:00,6.510000228881836
2014-05-25 00:00:00,0.0
2014-05-26 00:00:00,0.0
2014-05-27 00:00:00,0.0
2014-05-28 00:00:00,0.0
2014-05-29 00:00:00,0.0
2014-05-30 00:00:00,0.0
2014-05-31 00:00:00,0.0
2014-06-01 00:00:00,1.7649998664855957
2014-06-02 00:00:00,0.07999999821186066
2014-06-03 00:00:00,0.0
2014-06-04 00:00:00,0.0
2014-06-05 00:00:00,0.0
2014-06-06 00:00:00,0.0
2014-06-07 00:00:00,0.0
2014-06-08 00:00:00,0.004999999888241291
2014-06-09 00:00:00,4.884999752044678
2014-06-10 00:00:00,50.469993591308594
2014-06-11 00:00:00,0.0
2014-06-12 00:00:00,0.004999999888241291
2014-06-13 00:00:00,0.0
2014-06-14 00:00:00,0.0
2014-06-15 00:00:00,0.0
2014-06-16 00:00:00,0.0
2014-06-17 00:00:00,0.0
2014-06-18 00:00:00,0.0
2014-06-19 00:00:00,0.0
2014-06-20 00:00:00,0.0
2014-06-21 00:00:00,0.0
2014-06-22 00:00:00,2.119999885559082
2014-06-23 00:00:00,0.0
2014-06-24 00:00:00,0.0
2014-06-25 00:00:00,6.450000286102295
2014-06-26 00:00:00,0.0
2014-06-27 00:00:00,8.074999809265137
2014-06-28 00:00:00,3.5949997901916504
2014-06-29 00:00:00,0.0
2014-06-30 00:00:00,0.0
2014-07-01 00:00:00,0.0
2014-07-02 00:00:00,0.0
2014-07-03 00:00:00,0.0
2014-07-04 00:00:00,0.8250000476837158
2014-07-05 00:00:00,0.0
2014-07-06 00:00:00,0.0
2014-07-07 00:00:00,4.159999847412109
2014-07-08 00:00:00,0.0
2014-07-09 00:00:00,0.0
2014-07-10 00:00:00,0.0
2014-07-11 00:00:00,0.0
2014-07-12 00:00:00,0.0
2014-07-13 00:00:00,0.0
2014-07-14 00:00:00,0.0
2014-07-15 00:00:00,0.0
2014-07-16 00:00:00,0.0
2014-07-17 00:00:00,0.0
2014-07-18 00:00:00,6.830000877380371
2014-07-19 00:00:00,1.6100001335144043
2014-07-20 00:00:00,0.0
2014-07-21 00:00:00,0.0
2014-07-22 00:00:00,0.0
2014-07-23 00:00:00,0.0
2014-07-24 00:00:00,3.1549997329711914
2014-07-25 00:00:00,1.534999966621399
2014-07-26 00:00:00,1.1349999904632568
2014-07-27 00:00:00,0.0
2014-07-28 00:00:00,0.0
2014-07-29 00:00:00,0.0
2014-07-30 00:00:00,0.0
2014-07-31 00:00:00,0.0
2014-08-01 00:00:00,0.0
2014-08-02 00:00:00,0.0
2014-08-03 00:00:00,0.0
2014-08-04 00:00:00,5.079999923706055
2014-08-05 00:00:00,12.295000076293945
2014-08-06 00:00:00,0.0
2014-08-07 00:00:00,1.3799999952316284
2014-08-08 00:00:00,0.2849999964237213
2014-08-09 00:00:00,0.0
2014-08-10 00:00:00,0.0
2014-08-11 00:00:00,0.0
2014-08-12 00:00:00,0.0
2014-08-13 00:00:00,15.214998245239258
2014-08-14 00:00:00,0.0
2014-08-15 00:00:00,0.6649999618530273
2014-08-16 00:00:00,0.0
2014-08-17 00:00:00,2.055000066757202
2014-08-18 00:00:00,4.815000057220459
2014-08-19 00:00:00,1.1299999952316284
2014-08-20 00:00:00,0.0
2014-08-21 00:00:00,0.0
2014-08-22 00:00:00,0.0
2014-08-23 00:00:00,0.0
2014-08-24 00:00:00,0.0
2014-08-25 00:00:00,0.0
2014-08-26 00:00:00,0.0
2014-08-27 00:00:00,0.0
2014-08-28 00:00:00,0.0
2014-08-29 00:00:00,0.0
2014-08-30 00:00:00,4.925000190734863
2014-08-31 00:00:00,7.654999732971191
2014-09-01 00:00:00,11.024999618530273
2014-09-02 00:00:00,5.050000190734863
2014-09-03 00:00:00,3.380000114440918
2014-09-04 00:00:00,12.219999313354492
2014-09-05 00:00:00,7.1399993896484375
2014-09-06 00:00:00,5.244999885559082
2014-09-07 00:00:00,13.875
2014-09-08 00:00:00,0.009999999776482582
2014-09-09 00:00:00,0.0
2014-09-10 00:00:00,0.0
2014-09-11 00:00:00,24.625
2014-09-12 00:00:00,0.12999999523162842
2014-09-13 00:00:00,0.0
2014-09-14 00:00:00,0.0
2014-09-15 00:00:00,33.564998626708984
2014-09-16 00:00:00,0.0
2014-09-17 00:00:00,0.0
2014-09-18 00:00:00,4.184999465942383
2014-09-19 00:00:00,7.794999122619629
2014-09-20 00:00:00,10.895000457763672
2014-09-21 00:00:00,0.3699999749660492
2014-09-22 00:00:00,0.0
2014-09-23 00:00:00,14.250001907348633
2014-09-24 00:00:00,9.40000057220459
2014-09-25 00:00:00,0.11499999463558197
2014-09-26 00:00:00,6.619999885559082
2014-09-27 00:00:00,26.920000076293945
2014-09-28 00:00:00,9.179999351501465
2014-09-29 00:00:00,3.309999942779541
2014-09-30 00:00:00,0.8899999856948853
2014-10-01 00:00:00,1.5799999237060547
2014-10-02 00:00:00,0.10000000894069672
2014-10-03 00:00:00,0.0
2014-10-04 00:00:00,0.4699999988079071
2014-10-05 00:00:00,27.164997100830078
2014-10-06 00:00:00,42.219993591308594
2014-10-07 00:00:00,0.36500000953674316
2014-10-08 00:00:00,1.3849999904632568
2014-10-09 00:00:00,0.0
2014-10-10 00:00:00,0.0
2014-10-11 00:00:00,0.0
2014-10-12 00:00:00,0.0
2014-10-13 00:00:00,0.28999999165534973
2014-10-14 00:00:00,0.0
2014-10-15 00:00:00,0.0
2014-10-16 00:00:00,0.0
2014-10-17 00:00:00,0.0
2014-10-18 00:00:00,0.0
2014-10-19 00:00:00,0.12999999523162842
2014-10-20 00:00:00,52.50499725341797
2014-10-21 00:00:00,1.8449997901916504
2014-10-22 00:00:00,2.2899999618530273
2014-10-23 00:00:00,11.834999084472656
2014-10-24 00:00:00,7.609999656677246
2014-10-25 00:00:00,0.0
2014-10-26 00:00:00,0.0
2014-10-27 00:00:00,0.16499999165534973
2014-10-28 00:00:00,7.430000305175781
2014-10-29 00:00:00,0.14000000059604645
2014-10-30 00:00:00,0.0
2014-10-31 00:00:00,34.6150016784668
2014-11-01 00:00:00,7.0199995040893555
2014-11-02 00:00:00,61.099998474121094
2014-11-03 00:00:00,0.0
2014-11-04 00:00:00,0.0
2014-11-05 00:00:00,0.0
2014-11-06 00:00:00,0.0
2014-11-07 00:00:00,0.0
2014-11-08 00:00:00,35.394996643066406
2014-11-09 00:00:00,5.339999675750732
2014-11-10 00:00:00,3.0450000762939453
2014-11-11 00:00:00,0.014999999664723873
2014-11-12 00:00:00,0.5850000381469727
2014-11-13 00:00:00,21.7549991607666
2014-11-14 00:00:00,1.034999966621399
2014-11-15 00:00:00,0.0
2014-11-16 00:00:00,0.22999998927116394
2014-11-17 00:00:00,0.0
2014-11-18 00:00:00,0.0
2014-11-19 00:00:00,0.0
2014-11-20 00:00:00,32.72999954223633
2014-11-21 00:00:00,16.795000076293945
2014-11-22 00:00:00,64.83499908447266
2014-11-23 00:00:00,61.55999755859375
2014-11-24 00:00:00,0.0
2014-11-25 00:00:00,0.004999999888241291
2014-11-26 00:00:00,62.584999084472656
2014-11-27 00:00:00,0.25999999046325684
2014-11-28 00:00:00,0.10999999940395355
2014-11-29 00:00:00,1.6100001335144043
2014-11-30 00:00:00,39.87999725341797
2014-12-01 00:00:00,284.405029296875
2014-12-02 00:00:00,0.6150000095367432
2014-12-03 00:00:00,0.32999998331069946
2014-12-04 00:00:00,0.0
2014-12-05 00:00:00,0.10999999940395355
2014-12-06 00:00:00,0.0
2014-12-07 00:00:00,0.0
2014-12-08 00:00:00,2.004999876022339
2014-12-09 00:00:00,0.9549999833106995
2014-12-10 00:00:00,6.484999656677246
2014-12-11 00:00:00,18.05000114440918
2014-12-12 00:00:00,4.019999980926514
2014-12-13 00:00:00,11.184999465942383
2014-12-14 00:00:00,8.454999923706055
2014-12-15 00:00:00,0.44999998807907104
2014-12-16 00:00:00,10.99000072479248
2014-12-17 00:00:00,17.39499855041504
2014-12-18 00:00:00,31.119998931884766
2014-12-19 00:00:00,0.5299999713897705
2014-12-20 00:00:00,0.0
2014-12-21 00:00:00,0.625
2014-12-22 00:00:00,57.26000213623047
2014-12-23 00:00:00,2.119999885559082
2014-12-24 00:00:00,0.16499999165534973
2014-12-25 00:00:00,0.6949999332427979
2014-12-26 00:00:00,0.0
2014-12-27 00:00:00,1.4999998807907104
2014-12-28 00:00:00,1.2549999952316284
2014-12-29 00:00:00,1.3899998664855957
2014-12-30 00:00:00,57.31499481201172
2014-12-31 00:00:00,6.859999656677246
2015-01-01 00:00:00,4.195000171661377
2015-01-02 00:00:00,154.14002990722656
2015-01-03 00:00:00,78.05999755859375
2015-01-04 00:00:00,0.2150000035762787
2015-01-05 00:00:00,16.575002670288086
2015-01-06 00:00:00,17.46999740600586
2015-01-07 00:00:00,21.35999870300293
2015-01-08 00:00:00,36.6099967956543
2015-01-09 00:00:00,1.34499990940094
2015-01-10 00:00:00,5.304999828338623
2015-01-11 00:00:00,3.4000000953674316
2015-01-12 00:00:00,55.85499572753906
2015-01-13 00:00:00,0.0
2015-01-14 00:00:00,0.44999998807907104
2015-01-15 00:00:00,16.19500160217285
2015-01-16 00:00:00,6.834999084472656
2015-01-17 00:00:00,0.0
2015-01-18 00:00:00,11.894998550415039
2015-01-19 00:00:00,1.1749999523162842
2015-01-20 00:00:00,0.35499998927116394
2015-01-21 00:00:00,8.585000038146973
2015-01-22 00:00:00,6.125
2015-01-23 00:00:00,2.25
2015-01-24 00:00:00,3.065000057220459
2015-01-25 00:00:00,7.2300004959106445
2015-01-26 00:00:00,0.0
2015-01-27 00:00:00,0.0
2015-01-28 00:00:00,9.22499942779541
2015-01-29 00:00:00,119.41000366210938
2015-01-30 00:00:00,5.150000095367432
2015-01-31 00:00:00,2.3400001525878906
2015-02-01 00:00:00,0.0
2015-02-02 00:00:00,0.7849999666213989
2015-02-03 00:00:00,16.674999237060547
2015-02-04 00:00:00,24.544998168945312
2015-02-05 00:00:00,11.625000953674316
2015-02-06 00:00:00,48.83000183105469
2015-02-07 00:00:00,1.9900000095367432
2015-02-08 00:00:00,0.35500001907348633
2015-02-09 00:00:00,9.094999313354492
2015-02-10 00:00:00,97.63497924804688
2015-02-11 00:00:00,15.254999160766602
2015-02-12 00:00:00,1.309999942779541
2015-02-13 00:00:00,84.06999206542969
2015-02-14 00:00:00,0.6949999332427979
2015-02-15 00:00:00,22.80000114440918
2015-02-16 00:00:00,30.875
2015-02-17 00:00:00,3.4099998474121094
2015-02-18 00:00:00,1.4999998807907104
2015-02-19 00:00:00,0.0
2015-02-20 00:00:00,16.25999641418457
2015-02-21 00:00:00,0.12999999523162842
2015-02-22 00:00:00,9.999998092651367
2015-02-23 00:00:00,5.640000343322754
2015-02-24 00:00:00,0.23999999463558197
2015-02-25 00:00:00,0.0
2015-02-26 00:00:00,2.7950000762939453
2015-02-27 00:00:00,38.345001220703125
2015-02-28 00:00:00,23.014999389648438
2015-03-01 00:00:00,0.35499998927116394
2015-03-02 00:00:00,16.1299991607666
2015-03-03 00:00:00,29.985000610351562
2015-03-04 00:00:00,0.044999998062849045
2015-03-05 00:00:00,26.645000457763672
2015-03-06 00:00:00,0.0
2015-03-07 00:00:00,2.0350000858306885
2015-03-08 00:00:00,13.010000228881836
2015-03-09 00:00:00,7.97499942779541
2015-03-10 00:00:00,0.0
2015-03-11 00:00:00,7.569999694824219
2015-03-12 00:00:00,0.5649999976158142
2015-03-13 00:00:00,0.0
2015-03-14 00:00:00,0.0
2015-03-15 00:00:00,2.1599998474121094
2015-03-16 00:00:00,1.1299999952316284
2015-03-17 00:00:00,7.550000190734863
2015-03-18 00:00:00,2.559999942779541
2015-03-19 00:00:00,0.22999998927116394
2015-03-20 00:00:00,0.8700000047683716
2015-03-21 00:00:00,0.17000000178813934
2015-03-22 00:00:00,0.6349999904632568
2015-03-23 00:00:00,0.0
2015-03-24 00:00:00,0.10500000417232513
2015-03-25 00:00:00,0.25
2015-03-26 00:00:00,29.505001068115234
2015-03-27 00:00:00,89.88999938964844
2015-03-28 00:00:00,0.4649999737739563
2015-03-29 00:00:00,0.0
2015-03-30 00:00:00,0.0
2015-03-31 00:00:00,48.36000061035156
2015-04-01 00:00:00,17.250001907348633
2015-04-02 00:00:00,0.17999999225139618
2015-04-03 00:00:00,0.0
2015-04-04 00:00:00,12.404998779296875
2015-04-05 00:00:00,41.62999725341797
2015-04-06 00:00:00,0.6699999570846558
2015-04-07 00:00:00,0.07000000029802322
2015-04-08 00:00:00,0.0
2015-04-09 00:00:00,2.559999942779541
2015-04-10 00:00:00,4.159999370574951
2015-04-11 00:00:00,2.7250001430511475
2015-04-12 00:00:00,4.27500057220459
2015-04-13 00:00:00,29.06499481201172
2015-04-14 00:00:00,0.2600000202655792
2015-04-15 00:00:00,51.519989013671875
2015-04-16 00:00:00,0.19499999284744263
2015-04-17 00:00:00,6.625
2015-04-18 00:00:00,1.869999885559082
2015-04-19 00:00:00,0.14499999582767487
2015-04-20 00:00:00,2.1700000762939453
2015-04-21 00:00:00,20.66999626159668
2015-04-22 00:00:00,6.7350006103515625
2015-04-23 00:00:00,0.11499999463558197
2015-04-24 00:00:00,0.0
2015-04-25 00:00:00,0.13499999046325684
2015-04-26 00:00:00,0.0
2015-04-27 00:00:00,5.479999542236328
2015-04-28 00:00:00,3.7150001525878906
2015-04-29 00:00:00,0.0
2015-04-30 00:00:00,0.0
2015-05-01 00:00:00,0.0
2015-05-02 00:00:00,0.0
2015-05-03 00:00:00,2.990000009536743
2015-05-04 00:00:00,0.0
2015-05-05 00:00:00,0.0
2015-05-06 00:00:00,0.0
2015-05-07 00:00:00,0.0
2015-05-08 00:00:00,0.0
2015-05-09 00:00:00,0.0
2015-05-10 00:00:00,0.0
2015-05-11 00:00:00,4.944999694824219
2015-05-12 00:00:00,0.0
2015-05-13 00:00:00,0.0
2015-05-14 00:00:00,0.0
2015-05-15 00:00:00,2.5300002098083496
2015-05-16 00:00:00,23.959999084472656
2015-05-17 00:00:00,8.425000190734863
2015-05-18 00:00:00,0.3700000047683716
2015-05-19 00:00:00,2.984999895095825
2015-05-20 00:00:00,0.0
2015-05-21 00:00:00,0.0
2015-05-22 00:00:00,0.0
2015-05-23 00:00:00,1.4249999523162842
2015-05-24 00:00:00,0.0
2015-05-25 00:00:00,75.05500030517578
2015-05-26 00:00:00,0.3700000047683716
2015-05-27 00:00:00,14.610000610351562
2015-05-28 00:00:00,0.0
2015-05-29 00:00:00,0.0
2015-05-30 00:00:00,0.0
2015-05-31 00:00:00,0.0
2015-06-01 00:00:00,4.005000114440918
2015-06-02 00:00:00,0.0
2015-06-03 00:00:00,0.0
2015-06-04 00:00:00,0.0
2015-06-05 00:00:00,0.0
2015-06-06 00:00:00,0.0
2015-06-07 00:00:00,0.0
2015-06-08 00:00:00,0.0
2015-06-09 00:00:00,0.0
2015-06-10 00:00:00,0.0
2015-06-11 00:00:00,0.0
2015-06-12 00:00:00,8.095000267028809
2015-06-13 00:00:00,0.0
2015-06-14 00:00:00,0.0
2015-06-15 00:00:00,2.249999761581421
2015-06-16 00:00:00,0.0
2015-06-17 00:00:00,0.0
2015-06-18 00:00:00,4.214999675750732
2015-06-19 00:00:00,0.0
2015-06-20 00:00:00,0.0
2015-06-21 00:00:00,0.0
2015-06-22 00:00:00,0.0
2015-06-23 00:00:00,0.0
2015-06-24 00:00:00,0.07000000029802322
2015-06-25 00:00:00,0.0
2015-06-26 00:00:00,0.0
2015-06-27 00:00:00,0.0
2015-06-28 00:00:00,0.0
2015-06-29 00:00:00,0.0
2015-06-30 00:00:00,0.0
2015-07-01 00:00:00,0.0
2015-07-02 00:00:00,0.0
2015-07-03 00:00:00,13.739999771118164
2015-07-04 00:00:00,73.29000091552734
2015-07-05 00:00:00,4.25
2015-07-06 00:00:00,10.069998741149902
2015-07-07 00:00:00,0.3799999952316284
2015-07-08 00:00:00,0.0
2015-07-09 00:00:00,0.0
2015-07-10 00:00:00,0.0
2015-07-11 00:00:00,0.0
2015-07-12 00:00:00,0.0
2015-07-13 00:00:00,0.0
2015-07-14 00:00:00,5.605000019073486
2015-07-15 00:00:00,28.67499542236328
2015-07-16 00:00:00,0.014999999664723873
2015-07-17 00:00:00,0.0
2015-07-18 00:00:00,0.0
2015-07-19 00:00:00,0.0
2015-07-20 00:00:00,0.0
2015-07-21 00:00:00,0.0
2015-07-22 00:00:00,0.0
2015-07-23 00:00:00,0.0
2015-07-24 00:00:00,0.0
2015-07-25 00:00:00,0.0
2015-07-26 00:00:00,0.0
2015-07-27 00:00:00,0.0
2015-07-28 00:00:00,0.0
2015-07-29 00:00:00,0.0
2015-07-30 00:00:00,0.0
2015-07-31 00:00:00,0.0
2015-08-01 00:00:00,0.0
2015-08-02 00:00:00,0.0
2015-08-03 00:00:00,0.1599999964237213
2015-08-04 00:00:00,0.0
2015-08-05 00:00:00,0.0
2015-08-06 00:00:00,0.0
2015-08-07 00:00:00,0.0
2015-08-08 00:00:00,5.039999961853027
2015-08-09 00:00:00,12.610000610351562
2015-08-10 00:00:00,0.054999999701976776
2015-08-11 00:00:00,0.0
2015-08-12 00:00:00,0.014999999664723873
2015-08-13 00:00:00,6.675000190734863
2015-08-14 00:00:00,6.505000114440918
2015-08-15 00:00:00,0.0
2015-08-16 00:00:00,0.809999942779541
2015-08-17 00:00:00,5.360000133514404
2015-08-18 00:00:00,0.0
2015-08-19 00:00:00,4.700000286102295
2015-08-20 00:00:00,0.0
2015-08-21 00:00:00,0.0
2015-08-22 00:00:00,0.0
2015-08-23 00:00:00,0.7199999690055847
2015-08-24 00:00:00,1.1349999904632568
2015-08-25 00:00:00,0.0
2015-08-26 00:00:00,0.0
2015-08-27 00:00:00,10.94999885559082
2015-08-28 00:00:00,0.0
2015-08-29 00:00:00,0.0
2015-08-30 00:00:00,0.0
2015-08-31 00:00:00,0.0
2015-09-01 00:00:00,0.0
2015-09-02 00:00:00,0.0
2015-09-03 00:00:00,0.5199999809265137
2015-09-04 00:00:00,0.0
2015-09-05 00:00:00,0.09999999403953552
2015-09-06 00:00:00,0.2549999952316284
2015-09-07 00:00:00,0.0
2015-09-08 00:00:00,1.4749999046325684
2015-09-09 00:00:00,2.6700000762939453
2015-09-10 00:00:00,0.0
2015-09-11 00:00:00,0.0
2015-09-12 00:00:00,0.0
2015-09-13 00:00:00,0.0
2015-09-14 00:00:00,0.0
2015-09-15 00:00:00,0.0
2015-09-16 00:00:00,0.2849999964237213
2015-09-17 00:00:00,0.0
2015-09-18 00:00:00,2.3499999046325684
2015-09-19 00:00:00,5.904999732971191
2015-09-20 00:00:00,0.0
2015-09-21 00:00:00,0.0
2015-09-22 00:00:00,4.479999542236328
2015-09-23 00:00:00,12.459999084472656
2015-09-24 00:00:00,7.255000114440918
2015-09-25 00:00:00,30.919998168945312
2015-09-26 00:00:00,2.25
2015-09-27 00:00:00,7.579999923706055
2015-09-28 00:00:00,0.0
2015-09-29 00:00:00,0.0
2015-09-30 00:00:00,8.005000114440918
2015-10-01 00:00:00,7.3899993896484375
2015-10-02 00:00:00,4.329999923706055
2015-10-03 00:00:00,41.339996337890625
2015-10-04 00:00:00,3.219999313354492
2015-10-05 00:00:00,0.0
2015-10-06 00:00:00,0.0
2015-10-07 00:00:00,11.859999656677246
2015-10-08 00:00:00,0.47999998927116394
2015-10-09 00:00:00,0.06499999761581421
2015-10-10 00:00:00,0.3799999952316284
2015-10-11 00:00:00,0.014999999664723873
2015-10-12 00:00:00,0.0
2015-10-13 00:00:00,0.0
2015-10-14 00:00:00,0.0
2015-10-15 00:00:00,0.029999999329447746
2015-10-16 00:00:00,3.5799999237060547
2015-10-17 00:00:00,1.059999942779541
2015-10-18 00:00:00,0.8350000381469727
2015-10-19 00:00:00,0.0
2015-10-20 00:00:00,0.0
2015-10-21 00:00:00,0.004999999888241291
2015-10-22 00:00:00,3.4699997901916504
2015-10-23 00:00:00,5.939999580383301
2015-10-24 00:00:00,0.21000000834465027
2015-10-25 00:00:00,2.1449999809265137
2015-10-26 00:00:00,0.3100000023841858
2015-10-27 00:00:00,58.47999572753906
2015-10-28 00:00:00,1.5950000286102295
2015-10-29 00:00:00,5.414999961853027
2015-10-30 00:00:00,11.479999542236328
2015-10-31 00:00:00,59.70500183105469
2015-11-01 00:00:00,2.5799996852874756
2015-11-02 00:00:00,1.6649998426437378
2015-11-03 00:00:00,10.75999927520752
2015-11-04 00:00:00,0.0
2015-11-05 00:00:00,2.0950000286102295
2015-11-06 00:00:00,0.17999999225139618
2015-11-07 00:00:00,0.0
2015-11-08 00:00:00,5.984999656677246
2015-11-09 00:00:00,0.1599999964237213
2015-11-10 00:00:00,1.2599999904632568
2015-11-11 00:00:00,17.584999084472656
2015-11-12 00:00:00,1.2649999856948853
2015-11-13 00:00:00,2.4000000953674316
2015-11-14 00:00:00,32.82500076293945
2015-11-15 00:00:00,53.03999328613281
2015-11-16 00:00:00,0.019999999552965164
2015-11-17 00:00:00,0.17000000178813934
2015-11-18 00:00:00,0.0
2015-11-19 00:00:00,0.0
2015-11-20 00:00:00,6.755000114440918
2015-11-21 00:00:00,0.004999999888241291
2015-11-22 00:00:00,0.3799999952316284
2015-11-23 00:00:00,0.5199999809265137
2015-11-24 00:00:00,0.0
2015-11-25 00:00:00,9.265000343322754
2015-11-26 00:00:00,54.875
2015-11-27 00:00:00,38.42499923706055
2015-11-28 00:00:00,1.959999918937683
2015-11-29 00:00:00,55.51499938964844
2015-11-30 00:00:00,3.515000343322754
2015-12-01 00:00:00,0.45499998331069946
2015-12-02 00:00:00,0.16999998688697815
2015-12-03 00:00:00,5.515000343322754
2015-12-04 00:00:00,4.9200005531311035
2015-12-05 00:00:00,77.62499237060547
2015-12-06 00:00:00,47.44000244140625
2015-12-07 00:00:00,0.0
2015-12-08 00:00:00,0.08500000089406967
2015-12-09 00:00:00,14.785001754760742
2015-12-10 00:00:00,0.03500000014901161
2015-12-11 00:00:00,7.354999542236328
2015-12-12 00:00:00,6.094999313354492
2015-12-13 00:00:00,4.144999980926514
2015-12-14 00:00:00,23.004995346069336
2015-12-15 00:00:00,0.32999998331069946
2015-12-16 00:00:00,1.8249998092651367
2015-12-17 00:00:00,0.10999999940395355
2015-12-18 00:00:00,0.17499999701976776
2015-12-19 00:00:00,2.8550004959106445
2015-12-20 00:00:00,24.429996490478516
2015-12-21 00:00:00,0.6299999952316284
2015-12-22 00:00:00,2.690000057220459
2015-12-23 00:00:00,3.4650001525878906
2015-12-24 00:00:00,81.87498474121094
2015-12-25 00:00:00,32.220001220703125
2015-12-26 00:00:00,43.84499740600586
2015-12-27 00:00:00,23.90500259399414
2015-12-28 00:00:00,2.2749998569488525
2015-12-29 00:00:00,106.33999633789062
2015-12-30 00:00:00,64.03499603271484
2015-12-31 00:00:00,0.029999997466802597
2016-01-01 00:00:00,3.2549996376037598
2016-01-02 00:00:00,13.770000457763672
2016-01-03 00:00:00,10.679999351501465
2016-01-04 00:00:00,1.0850000381469727
2016-01-05 00:00:00,27.299999237060547
2016-01-06 00:00:00,36.29500198364258
2016-01-07 00:00:00,0.6800000071525574
2016-01-08 00:00:00,0.5799999833106995
2016-01-09 00:00:00,15.77499771118164
2016-01-10 00:00:00,0.5899999737739563
2016-01-11 00:00:00,0.4399999976158142
2016-01-12 00:00:00,5.669999599456787
2016-01-13 00:00:00,254.864990234375
2016-01-14 00:00:00,32.42499542236328
2016-01-15 00:00:00,0.0
2016-01-16 00:00:00,0.3199999928474426
2016-01-17 00:00:00,0.0
2016-01-18 00:00:00,8.389999389648438
2016-01-19 00:00:00,0.8500000238418579
2016-01-20 00:00:00,0.0
2016-01-21 00:00:00,0.21000000834465027
2016-01-22 00:00:00,0.0
2016-01-23 00:00:00,0.0
2016-01-24 00:00:00,0.0
2016-01-25 00:00:00,36.8699951171875
2016-01-26 00:00:00,27.639995574951172
2016-01-27 00:00:00,54.39000701904297
2016-01-28 00:00:00,11.129999160766602
2016-01-29 00:00:00,79.90499877929688
2016-01-30 00:00:00,5.555000305175781
2016-01-31 00:00:00,67.04500579833984
2016-02-01 00:00:00,2.865000009536743
2016-02-02 00:00:00,10.239998817443848
2016-02-03 00:00:00,1.184999942779541
2016-02-04 00:00:00,2.8299999237060547
2016-02-05 00:00:00,5.5450005531311035
2016-02-06 00:00:00,24.145000457763672
2016-02-07 00:00:00,0.26500001549720764
2016-02-08 00:00:00,21.275001525878906
2016-02-09 00:00:00,63.855003356933594
2016-02-10 00:00:00,44.290000915527344
2016-02-11 00:00:00,0.1599999964237213
2016-02-12 00:00:00,106.04998779296875
2016-02-13 00:00:00,0.0
2016-02-14 00:00:00,10.440000534057617
2016-02-15 00:00:00,27.68999481201172
2016-02-16 00:00:00,12.71500015258789
2016-02-17 00:00:00,12.02499771118164
2016-02-18 00:00:00,113.41000366210938
2016-02-19 00:00:00,78.03999328613281
2016-02-20 00:00:00,16.235000610351562
2016-02-21 00:00:00,0.0949999988079071
2016-02-22 00:00:00,11.17500114440918
2016-02-23 00:00:00,3.5699996948242188
2016-02-24 00:00:00,12.564998626708984
2016-02-25 00:00:00,66.29000091552734
2016-02-26 00:00:00,19.309995651245117
2016-02-27 00:00:00,2.330000162124634
2016-02-28 00:00:00,3.2300000190734863
2016-02-29 00:00:00,0.0
2016-03-01 00:00:00,0.7649999856948853
2016-03-02 00:00:00,49.81000518798828
2016-03-03 00:00:00,0.0
2016-03-04 00:00:00,8.569999694824219
2016-03-05 00:00:00,12.919999122619629
2016-03-06 00:00:00,0.0
2016-03-07 00:00:00,0.0
2016-03-08 00:00:00,0.0
2016-03-09 00:00:00,0.02499999850988388
2016-03-10 00:00:00,34.665000915527344
2016-03-11 00:00:00,0.0
2016-03-12 00:00:00,0.0
2016-03-13 00:00:00,0.0
2016-03-14 00:00:00,0.0
2016-03-15 00:00:00,0.5249999761581421
2016-03-16 00:00:00,0.0
2016-03-17 00:00:00,0.0
2016-03-18 00:00:00,0.0
2016-03-19 00:00:00,96.09999084472656
2016-03-20 00:00:00,0.0
2016-03-21 00:00:00,30.909996032714844
2016-03-22 00:00:00,59.70500183105469
2016-03-23 00:00:00,0.0
2016-03-24 00:00:00,0.0
2016-03-25 00:00:00,13.610000610351562
2016-03-26 00:00:00,0.0
2016-03-27 00:00:00,0.0
2016-03-28 00:00:00,0.4599999785423279
2016-03-29 00:00:00,0.0
2016-03-30 00:00:00,0.0
2016-03-31 00:00:00,0.0
2016-04-01 00:00:00,32.195003509521484
2016-04-02 00:00:00,11.180000305175781
2016-04-03 00:00:00,11.969999313354492
2016-04-04 00:00:00,1.0749999284744263
2016-04-05 00:00:00,1.3600000143051147
2016-04-06 00:00:00,0.0
2016-04-07 00:00:00,10.924999237060547
2016-04-08 00:00:00,7.050000190734863
2016-04-09 00:00:00,20.965003967285156
2016-04-10 00:00:00,63.51000213623047
2016-04-11 00:00:00,3.619999885559082
2016-04-12 00:00:00,18.895000457763672
2016-04-13 00:00:00,0.0
2016-04-14 00:00:00,0.0
2016-04-15 00:00:00,10.130000114440918
2016-04-16 00:00:00,1.4449999332427979
2016-04-17 00:00:00,42.42500305175781
2016-04-18 00:00:00,0.4050000309944153
2016-04-19 00:00:00,0.24500000476837158
2016-04-20 00:00:00,58.850013732910156
2016-04-21 00:00:00,0.36500000953674316
2016-04-22 00:00:00,0.0
2016-04-23 00:00:00,0.0
2016-04-24 00:00:00,0.0
2016-04-25 00:00:00,0.0
2016-04-26 00:00:00,1.3049999475479126
2016-04-27 00:00:00,0.0
2016-04-28 00:00:00,0.0
2016-04-29 00:00:00,0.0
2016-04-30 00:00:00,0.0
2016-05-01 00:00:00,0.0
2016-05-02 00:00:00,0.0
2016-05-03 00:00:00,0.0
2016-05-04 00:00:00,0.0
2016-05-05 00:00:00,0.0
2016-05-06 00:00:00,0.0
2016-05-07 00:00:00,19.26500129699707
2016-05-08 00:00:00,0.0
2016-05-09 00:00:00,0.0
2016-05-10 00:00:00,0.7749999761581421
2016-05-11 00:00:00,2.4800000190734863
2016-05-12 00:00:00,0.0
2016-05-13 00:00:00,0.0
2016-05-14 00:00:00,0.0
2016-05-15 00:00:00,0.0
2016-05-16 00:00:00,67.55998992919922
2016-05-17 00:00:00,0.0
2016-05-18 00:00:00,0.0
2016-05-19 00:00:00,0.0
2016-05-20 00:00:00,0.0
2016-05-21 00:00:00,0.0
2016-05-22 00:00:00,0.0
2016-05-23 00:00:00,0.0
2016-05-24 00:00:00,0.0
2016-05-25 00:00:00,0.0
2016-05-26 00:00:00,0.0
2016-05-27 00:00:00,0.0
2016-05-28 00:00:00,0.0
2016-05-29 00:00:00,0.0
2016-05-30 00:00:00,0.0
2016-05-31 00:00:00,0.0
2016-06-01 00:00:00,0.0
2016-06-02 00:00:00,0.0
2016-06-03 00:00:00,0.0
2016-06-04 00:00:00,0.0
2016-06-05 00:00:00,0.0
2016-06-06 00:00:00,0.0
2016-06-07 00:00:00,0.0
2016-06-08 00:00:00,0.0
2016-06-09 00:00:00,0.0
2016-06-10 00:00:00,0.0
2016-06-11 00:00:00,0.0
2016-06-12 00:00:00,0.0
2016-06-13 00:00:00,0.0
2016-06-14 00:00:00,0.0
2016-06-15 00:00:00,0.0
2016-06-16 00:00:00,0.0
2016-06-17 00:00:00,0.0
2016-06-18 00:00:00,0.0
2016-06-19 00:00:00,0.0
2016-06-20 00:00:00,0.0
2016-06-21 00:00:00,0.0
2016-06-22 00:00:00,0.0
2016-06-23 00:00:00,0.0
2016-06-24 00:00:00,0.0
2016-06-25 00:00:00,0.07499999552965164
2016-06-26 00:00:00,60.69999694824219
2016-06-27 00:00:00,0.0
2016-06-28 00:00:00,0.4050000309944153
2016-06-29 00:00:00,0.32999998331069946
2016-06-30 00:00:00,0.0
2016-07-01 00:00:00,0.0
2016-07-02 00:00:00,0.0
2016-07-03 00:00:00,0.0
2016-07-04 00:00:00,7.034999847412109
2016-07-05 00:00:00,0.0
2016-07-06 00:00:00,0.0
2016-07-07 00:00:00,0.0
2016-07-08 00:00:00,0.0
2016-07-09 00:00:00,0.0
2016-07-10 00:00:00,0.0
2016-07-11 00:00:00,0.0
2016-07-12 00:00:00,0.0
2016-07-13 00:00:00,0.4599999785423279
2016-07-14 00:00:00,0.0
2016-07-15 00:00:00,0.0
2016-07-16 00:00:00,22.209999084472656
2016-07-17 00:00:00,0.0
2016-07-18 00:00:00,0.0
2016-07-19 00:00:00,0.0
2016-07-20 00:00:00,0.0
2016-07-21 00:00:00,0.0
2016-07-22 00:00:00,0.0
2016-07-23 00:00:00,0.0
2016-07-24 00:00:00,0.0
2016-07-25 00:00:00,0.0
2016-07-26 00:00:00,0.0
2016-07-27 00:00:00,0.0
2016-07-28 00:00:00,0.0
2016-07-29 00:00:00,0.0
2016-07-30 00:00:00,0.0
2016-07-31 00:00:00,0.0
2016-08-01 00:00:00,0.0
2016-08-02 00:00:00,0.0
2016-08-03 00:00:00,0.0
2016-08-04 00:00:00,0.0
2016-08-05 00:00:00,0.0
2016-08-06 00:00:00,0.0
2016-08-07 00:00:00,6.440000534057617
2016-08-08 00:00:00,0.0
2016-08-09 00:00:00,16.865001678466797
2016-08-10 00:00:00,0.14000000059604645
2016-08-11 00:00:00,0.0
2016-08-12 00:00:00,0.0
2016-08-13 00:00:00,3.809999942779541
2016-08-14 00:00:00,0.0
2016-08-15 00:00:00,0.0
2016-08-16 00:00:00,0.0
2016-08-17 00:00:00,0.0
2016-08-18 00:00:00,0.0
2016-08-19 00:00:00,41.48999786376953
2016-08-20 00:00:00,0.7400000095367432
2016-08-21 00:00:00,1.8250000476837158
2016-08-22 00:00:00,0.0
2016-08-23 00:00:00,0.0
2016-08-24 00:00:00,0.1849999874830246
2016-08-25 00:00:00,0.0
2016-08-26 00:00:00,0.0
2016-08-27 00:00:00,0.5949999690055847
2016-08-28 00:00:00,12.649999618530273
2016-08-29 00:00:00,1.3999998569488525
2016-08-30 00:00:00,0.0
2016-08-31 00:00:00,0.0
2016-09-01 00:00:00,0.0
2016-09-02 00:00:00,13.515000343322754
2016-09-03 00:00:00,2.684999942779541
2016-09-04 00:00:00,2.4049999713897705
2016-09-05 00:00:00,0.0
2016-09-06 00:00:00,0.0
2016-09-07 00:00:00,0.004999999888241291
2016-09-08 00:00:00,0.0
2016-09-09 00:00:00,0.0
2016-09-10 00:00:00,0.0
2016-09-11 00:00:00,0.0
2016-09-12 00:00:00,0.0
2016-09-13 00:00:00,0.0
2016-09-14 00:00:00,0.4099999666213989
2016-09-15 00:00:00,0.0
2016-09-16 00:00:00,0.14999999105930328
2016-09-17 00:00:00,0.0
2016-09-18 00:00:00,0.0
2016-09-19 00:00:00,3.2150001525878906
2016-09-20 00:00:00,1.8450000286102295
2016-09-21 00:00:00,0.0
2016-09-22 00:00:00,0.0
2016-09-23 00:00:00,0.6150000095367432
2016-09-24 00:00:00,18.830001831054688
2016-09-25 00:00:00,0.0
2016-09-26 00:00:00,0.0
2016-09-27 00:00:00,0.0
2016-09-28 00:00:00,0.0
2016-09-29 00:00:00,0.0
2016-09-30 00:00:00,0.1550000011920929
2016-10-01 00:00:00,1.7000000476837158
2016-10-02 00:00:00,0.014999999664723873
2016-10-03 00:00:00,9.694999694824219
2016-10-04 00:00:00,10.944998741149902
2016-10-05 00:00:00,2.7200000286102295
2016-10-06 00:00:00,0.28999999165534973
2016-10-07 00:00:00,0.0
2016-10-08 00:00:00,0.0
2016-10-09 00:00:00,0.46000000834465027
2016-10-10 00:00:00,0.60999995470047
2016-10-11 00:00:00,1.0049999952316284
2016-10-12 00:00:00,1.1749999523162842
2016-10-13 00:00:00,0.0
2016-10-14 00:00:00,12.59000015258789
2016-10-15 00:00:00,3.5950002670288086
2016-10-16 00:00:00,8.600000381469727
2016-10-17 00:00:00,7.6349992752075195
2016-10-18 00:00:00,7.224999904632568
2016-10-19 00:00:00,1.9899998903274536
2016-10-20 00:00:00,21.719999313354492
2016-10-21 00:00:00,0.7699998617172241
2016-10-22 00:00:00,0.0
2016-10-23 00:00:00,0.0
2016-10-24 00:00:00,7.729999542236328
2016-10-25 00:00:00,16.344999313354492
2016-10-26 00:00:00,35.79500198364258
2016-10-27 00:00:00,0.07999999821186066
2016-10-28 00:00:00,0.0
2016-10-29 00:00:00,0.0
2016-10-30 00:00:00,0.004999999888241291
2016-10-31 00:00:00,0.0
2016-11-01 00:00:00,0.0
2016-11-02 00:00:00,13.98499870300293
2016-11-03 00:00:00,0.03500000014901161
2016-11-04 00:00:00,0.10500000417232513
2016-11-05 00:00:00,0.0
2016-11-06 00:00:00,0.3449999988079071
2016-11-07 00:00:00,1.565000057220459
2016-11-08 00:00:00,2.8349997997283936
2016-11-09 00:00:00,4.874999523162842
2016-11-10 00:00:00,0.4449999928474426
2016-11-11 00:00:00,21.325002670288086
2016-11-12 00:00:00,14.91500186920166
2016-11-13 00:00:00,0.0
2016-11-14 00:00:00,0.0
2016-11-15 00:00:00,0.875
2016-11-16 00:00:00,7.744999885559082
2016-11-17 00:00:00,0.6100000143051147
2016-11-18 00:00:00,0.38999998569488525
2016-11-19 00:00:00,0.32999998331069946
2016-11-20 00:00:00,0.0
2016-11-21 00:00:00,0.0
2016-11-22 00:00:00,7.815000057220459
2016-11-23 00:00:00,0.0949999988079071
2016-11-24 00:00:00,0.0
2016-11-25 00:00:00,1.4249999523162842
2016-11-26 00:00:00,18.714998245239258
2016-11-27 00:00:00,92.4800033569336
2016-11-28 00:00:00,22.389997482299805
2016-11-29 00:00:00,10.335000038146973
2016-11-30 00:00:00,31.85500144958496
2016-12-01 00:00:00,20.584999084472656
2016-12-02 00:00:00,0.10500000417232513
2016-12-03 00:00:00,1.2149999141693115
2016-12-04 00:00:00,0.03500000014901161
2016-12-05 00:00:00,2.3299999237060547
2016-12-06 00:00:00,15.059998512268066
2016-12-07 00:00:00,0.0
2016-12-08 00:00:00,55.37000274658203
2016-12-09 00:00:00,81.27500915527344
2016-12-10 00:00:00,76.4949951171875
2016-12-11 00:00:00,9.489999771118164
2016-12-12 00:00:00,10.004999160766602
2016-12-13 00:00:00,0.014999999664723873
2016-12-14 00:00:00,1.875
2016-12-15 00:00:00,0.05999999865889549
2016-12-16 00:00:00,0.0
2016-12-17 00:00:00,0.0
2016-12-18 00:00:00,0.0
2016-12-19 00:00:00,0.35999998450279236
2016-12-20 00:00:00,0.3149999976158142
2016-12-21 00:00:00,0.0
2016-12-22 00:00:00,0.0
2016-12-23 00:00:00,0.0
2016-12-24 00:00:00,0.17999999225139618
2016-12-25 00:00:00,10.044999122619629
2016-12-26 00:00:00,27.154998779296875
2016-12-27 00:00:00,10.460000038146973
2016-12-28 00:00:00,15.039999961853027
2016-12-29 00:00:00,0.0
2016-12-30 00:00:00,22.014997482299805
2016-12-31 00:00:00,22.139995574951172
2017-01-01 00:00:00,2.4049999713897705
2017-01-02 00:00:00,0.009999999776482582
2017-01-03 00:00:00,1.34499990940094
2017-01-04 00:00:00,45.715003967285156
2017-01-05 00:00:00,16.365001678466797
2017-01-06 00:00:00,3.059999465942383
2017-01-07 00:00:00,5.6100006103515625
2017-01-08 00:00:00,0.0
2017-01-09 00:00:00,0.0
2017-01-10 00:00:00,5.719999313354492
2017-01-11 00:00:00,9.624999046325684
2017-01-12 00:00:00,0.3199999928474426
2017-01-13 00:00:00,12.254999160766602
2017-01-14 00:00:00,2.9650001525878906
2017-01-15 00:00:00,0.0
2017-01-16 00:00:00,79.68500518798828
2017-01-17 00:00:00,0.054999999701976776
2017-01-18 00:00:00,0.9900000095367432
2017-01-19 00:00:00,11.540000915527344
2017-01-20 00:00:00,0.0
2017-01-21 00:00:00,1.4049999713897705
2017-01-22 00:00:00,0.5299999713897705
2017-01-23 00:00:00,2.069999933242798
2017-01-24 00:00:00,63.04999923706055
2017-01-25 00:00:00,22.134998321533203
2017-01-26 00:00:00,0.9099999666213989
2017-01-27 00:00:00,1.6749999523162842
2017-01-28 00:00:00,0.0
2017-01-29 00:00:00,0.0
2017-01-30 00:00:00,0.0
2017-01-31 00:00:00,10.084999084472656
2017-02-01 00:00:00,16.78999900817871
2017-02-02 00:00:00,46.06999206542969
2017-02-03 00:00:00,4.464999675750732
2017-02-04 00:00:00,6.524999618530273
2017-02-05 00:00:00,33.34499740600586
2017-02-06 00:00:00,113.43501281738281
2017-02-07 00:00:00,0.014999999664723873
2017-02-08 00:00:00,0.4350000023841858
2017-02-09 00:00:00,0.2199999988079071
2017-02-10 00:00:00,1.5099999904632568
2017-02-11 00:00:00,54.54499816894531
2017-02-12 00:00:00,10.440000534057617
2017-02-13 00:00:00,0.5049999952316284
2017-02-14 00:00:00,4.269999980926514
2017-02-15 00:00:00,0.9399999380111694
2017-02-16 00:00:00,29.964998245239258
2017-02-17 00:00:00,0.0
2017-02-18 00:00:00,0.0
2017-02-19 00:00:00,19.475000381469727
2017-02-20 00:00:00,3.7049996852874756
2017-02-21 00:00:00,0.5199999809265137
2017-02-22 00:00:00,4.809999942779541
2017-02-23 00:00:00,4.069999694824219
2017-02-24 00:00:00,0.0
2017-02-25 00:00:00,16.154998779296875
2017-02-26 00:00:00,3.5299997329711914
2017-02-27 00:00:00,1.945000171661377
2017-02-28 00:00:00,54.949989318847656
2017-03-01 00:00:00,2.370000123977661
2017-03-02 00:00:00,1.6099998950958252
2017-03-03 00:00:00,118.22998809814453
2017-03-04 00:00:00,38.7349967956543
2017-03-05 00:00:00,79.29499053955078
2017-03-06 00:00:00,64.31999969482422
2017-03-07 00:00:00,0.4050000309944153
2017-03-08 00:00:00,0.4399999976158142
2017-03-09 00:00:00,3.309999704360962
2017-03-10 00:00:00,0.17499999701976776
2017-03-11 00:00:00,12.524999618530273
2017-03-12 00:00:00,5.590000152587891
2017-03-13 00:00:00,22.06500244140625
2017-03-14 00:00:00,0.3700000047683716
2017-03-15 00:00:00,0.5799999833106995
2017-03-16 00:00:00,54.01499938964844
2017-03-17 00:00:00,7.539999961853027
2017-03-18 00:00:00,0.0
2017-03-19 00:00:00,0.0
2017-03-20 00:00:00,0.0
2017-03-21 00:00:00,0.10500000417232513
2017-03-22 00:00:00,3.575000286102295
2017-03-23 00:00:00,0.44999998807907104
2017-03-24 00:00:00,33.94000244140625
2017-03-25 00:00:00,34.35499954223633
2017-03-26 00:00:00,4.079999923706055
2017-03-27 00:00:00,146.2000274658203
2017-03-28 00:00:00,0.9549999237060547
2017-03-29 00:00:00,1.1449999809265137
2017-03-30 00:00:00,26.934993743896484
2017-03-31 00:00:00,7.689999580383301
2017-04-01 00:00:00,167.2699737548828
2017-04-02 00:00:00,14.545000076293945
2017-04-03 00:00:00,32.04999923706055
2017-04-04 00:00:00,35.30999755859375
2017-04-05 00:00:00,0.0
2017-04-06 00:00:00,82.27999114990234
2017-04-07 00:00:00,0.42500001192092896
2017-04-08 00:00:00,0.0
2017-04-09 00:00:00,59.4799919128418
2017-04-10 00:00:00,3.2049999237060547
2017-04-11 00:00:00,4.924999713897705
2017-04-12 00:00:00,0.0
2017-04-13 00:00:00,0.0
2017-04-14 00:00:00,0.0
2017-04-15 00:00:00,0.0
2017-04-16 00:00:00,3.484999895095825
2017-04-17 00:00:00,45.475006103515625
2017-04-18 00:00:00,0.0
2017-04-19 00:00:00,0.029999999329447746
2017-04-20 00:00:00,0.28999999165534973
2017-04-21 00:00:00,0.0
2017-04-22 00:00:00,0.0
2017-04-23 00:00:00,0.0
2017-04-24 00:00:00,0.0
2017-04-25 00:00:00,0.0
2017-04-26 00:00:00,4.105000019073486
2017-04-27 00:00:00,0.42000001668930054
2017-04-28 00:00:00,0.11999999731779099
2017-04-29 00:00:00,0.0
2017-04-30 00:00:00,0.9849998950958252
2017-05-01 00:00:00,0.0
2017-05-02 00:00:00,0.0
2017-05-03 00:00:00,0.0
2017-05-04 00:00:00,3.6649999618530273
2017-05-05 00:00:00,0.0
2017-05-06 00:00:00,0.0
2017-05-07 00:00:00,0.0
2017-05-08 00:00:00,0.0
2017-05-09 00:00:00,21.094999313354492
2017-05-10 00:00:00,0.6850000023841858
2017-05-11 00:00:00,0.0
2017-05-12 00:00:00,0.0
2017-05-13 00:00:00,0.0
2017-05-14 00:00:00,0.0
2017-05-15 00:00:00,0.0
2017-05-16 00:00:00,0.0
2017-05-17 00:00:00,0.004999999888241291
2017-05-18 00:00:00,0.009999999776482582
2017-05-19 00:00:00,1.2649999856948853
2017-05-20 00:00:00,3.2649998664855957
2017-05-21 00:00:00,0.19500002264976501
2017-05-22 00:00:00,1.6349999904632568
2017-05-23 00:00:00,19.005001068115234
2017-05-24 00:00:00,0.38999998569488525
2017-05-25 00:00:00,0.0
2017-05-26 00:00:00,0.4300000071525574
2017-05-27 00:00:00,81.28498840332031
2017-05-28 00:00:00,0.09999999403953552
2017-05-29 00:00:00,0.07999999821186066
2017-05-30 00:00:00,0.0
2017-05-31 00:00:00,2.7099997997283936
2017-06-01 00:00:00,0.0
2017-06-02 00:00:00,0.0
2017-06-03 00:00:00,0.0
2017-06-04 00:00:00,0.1599999964237213
2017-06-05 00:00:00,0.0
2017-06-06 00:00:00,8.425000190734863
2017-06-07 00:00:00,44.45500564575195
2017-06-08 00:00:00,0.0
2017-06-09 00:00:00,0.0
2017-06-10 00:00:00,0.0
2017-06-11 00:00:00,0.0
2017-06-12 00:00:00,0.0
2017-06-13 00:00:00,0.0
2017-06-14 00:00:00,0.0
2017-06-15 00:00:00,0.0
2017-06-16 00:00:00,0.0
2017-06-17 00:00:00,0.0
2017-06-18 00:00:00,0.0
2017-06-19 00:00:00,0.0
2017-06-20 00:00:00,0.0
2017-06-21 00:00:00,0.0
2017-06-22 00:00:00,0.0
2017-06-23 00:00:00,0.0
2017-06-24 00:00:00,0.0
2017-06-25 00:00:00,0.0
2017-06-26 00:00:00,0.0
2017-06-27 00:00:00,0.0
2017-06-28 00:00:00,4.554999828338623
2017-06-29 00:00:00,0.0
2017-06-30 00:00:00,0.0
2017-07-01 00:00:00,0.0
2017-07-02 00:00:00,1.6400001049041748
2017-07-03 00:00:00,0.0
2017-07-04 00:00:00,0.0
2017-07-05 00:00:00,0.0
2017-07-06 00:00:00,0.0
2017-07-07 00:00:00,0.0
2017-07-08 00:00:00,0.0
2017-07-09 00:00:00,0.0
2017-07-10 00:00:00,0.0
2017-07-11 00:00:00,0.0
2017-07-12 00:00:00,0.0
2017-07-13 00:00:00,0.0
2017-07-14 00:00:00,0.0
2017-07-15 00:00:00,0.0
2017-07-16 00:00:00,0.0
2017-07-17 00:00:00,0.0
2017-07-18 00:00:00,0.0
2017-07-19 00:00:00,0.0
2017-07-20 00:00:00,0.0
2017-07-21 00:00:00,0.0
2017-07-22 00:00:00,0.0
2017-07-23 00:00:00,0.0
2017-07-24 00:00:00,0.0
2017-07-25 00:00:00,0.0
2017-07-26 00:00:00,0.0
2017-07-27 00:00:00,0.0
2017-07-28 00:00:00,0.0
2017-07-29 00:00:00,0.0
2017-07-30 00:00:00,0.0
2017-07-31 00:00:00,0.0
2017-08-01 00:00:00,0.0
2017-08-02 00:00:00,0.0
2017-08-03 00:00:00,0.0
2017-08-04 00:00:00,0.0
2017-08-05 00:00:00,0.0
2017-08-06 00:00:00,0.0
2017-08-07 00:00:00,0.0
2017-08-08 00:00:00,0.0
2017-08-09 00:00:00,9.375
2017-08-10 00:00:00,8.97499942779541
2017-08-11 00:00:00,0.9699999690055847
2017-08-12 00:00:00,4.079999923706055
2017-08-13 00:00:00,0.0
2017-08-14 00:00:00,0.0
2017-08-15 00:00:00,0.07999999821186066
2017-08-16 00:00:00,0.009999999776482582
2017-08-17 00:00:00,17.409997940063477
2017-08-18 00:00:00,1.5049998760223389
2017-08-19 00:00:00,0.0
2017-08-20 00:00:00,0.0
2017-08-21 00:00:00,0.0
2017-08-22 00:00:00,0.0
2017-08-23 00:00:00,0.0
2017-08-24 00:00:00,0.0
2017-08-25 00:00:00,0.0
2017-08-26 00:00:00,0.0
2017-08-27 00:00:00,2.9800000190734863
2017-08-28 00:00:00,0.0
2017-08-29 00:00:00,0.1550000011920929
2017-08-30 00:00:00,0.09999999403953552
2017-08-31 00:00:00,0.0
2017-09-01 00:00:00,0.0
2017-09-02 00:00:00,0.0
2017-09-03 00:00:00,0.0
2017-09-04 00:00:00,0.06499999761581421
2017-09-05 00:00:00,22.75999641418457
2017-09-06 00:00:00,1.3700000047683716
2017-09-07 00:00:00,5.900000095367432
2017-09-08 00:00:00,0.004999999888241291
2017-09-09 00:00:00,0.10999999940395355
2017-09-10 00:00:00,0.0949999988079071
2017-09-11 00:00:00,2.990000009536743
2017-09-12 00:00:00,0.0
2017-09-13 00:00:00,0.5249999761581421
2017-09-14 00:00:00,0.17000000178813934
2017-09-15 00:00:00,0.3649999499320984
2017-09-16 00:00:00,26.275001525878906
2017-09-17 00:00:00,0.004999999888241291
2017-09-18 00:00:00,0.0
2017-09-19 00:00:00,0.0
2017-09-20 00:00:00,0.0
2017-09-21 00:00:00,0.0
2017-09-22 00:00:00,0.0
2017-09-23 00:00:00,0.0
2017-09-24 00:00:00,0.0
2017-09-25 00:00:00,0.0
2017-09-26 00:00:00,0.8300000429153442
2017-09-27 00:00:00,0.574999988079071
2017-09-28 00:00:00,27.604999542236328
2017-09-29 00:00:00,0.0
2017-09-30 00:00:00,0.0
2017-10-01 00:00:00,0.12999999523162842
2017-10-02 00:00:00,0.0
2017-10-03 00:00:00,0.0
2017-10-04 00:00:00,0.0
2017-10-05 00:00:00,0.0
2017-10-06 00:00:00,0.0
2017-10-07 00:00:00,24.174997329711914
2017-10-08 00:00:00,17.715002059936523
2017-10-09 00:00:00,1.4950000047683716
2017-10-10 00:00:00,0.009999999776482582
2017-10-11 00:00:00,3.4649996757507324
2017-10-12 00:00:00,3.940000057220459
2017-10-13 00:00:00,35.17000198364258
2017-10-14 00:00:00,0.19999998807907104
2017-10-15 00:00:00,0.014999999664723873
2017-10-16 00:00:00,0.07499999552965164
2017-10-17 00:00:00,0.949999988079071
2017-10-18 00:00:00,0.3149999976158142
2017-10-19 00:00:00,8.114999771118164
2017-10-20 00:00:00,2.265000343322754
2017-10-21 00:00:00,0.0
2017-10-22 00:00:00,25.83499526977539
2017-10-23 00:00:00,0.38499999046325684
2017-10-24 00:00:00,0.02499999850988388
2017-10-25 00:00:00,0.0
2017-10-26 00:00:00,0.0
2017-10-27 00:00:00,5.355000019073486
2017-10-28 00:00:00,39.54500198364258
2017-10-29 00:00:00,0.0
2017-10-30 00:00:00,0.0
2017-10-31 00:00:00,10.654999732971191
2017-11-01 00:00:00,0.0
2017-11-02 00:00:00,0.0
2017-11-03 00:00:00,0.0
2017-11-04 00:00:00,11.170000076293945
2017-11-05 00:00:00,21.815000534057617
2017-11-06 00:00:00,0.004999999888241291
2017-11-07 00:00:00,0.02499999850988388
2017-11-08 00:00:00,0.17499999701976776
2017-11-09 00:00:00,13.920000076293945
2017-11-10 00:00:00,0.3349999785423279
2017-11-11 00:00:00,5.174999713897705
2017-11-12 00:00:00,0.0
2017-11-13 00:00:00,0.0
2017-11-14 00:00:00,0.0
2017-11-15 00:00:00,0.0
2017-11-16 00:00:00,0.04999999701976776
2017-11-17 00:00:00,7.32499885559082
2017-11-18 00:00:00,0.0
2017-11-19 00:00:00,5.784999847412109
2017-11-20 00:00:00,0.0
2017-11-21 00:00:00,0.0
2017-11-22 00:00:00,0.0
2017-11-23 00:00:00,0.0
2017-11-24 00:00:00,0.0
2017-11-25 00:00:00,22.53499984741211
2017-11-26 00:00:00,32.31999969482422
2017-11-27 00:00:00,4.819999694824219
2017-11-28 00:00:00,46.75
2017-11-29 00:00:00,1.1399999856948853
2017-11-30 00:00:00,1.1099998950958252
2017-12-01 00:00:00,28.50999641418457
2017-12-02 00:00:00,0.0
2017-12-03 00:00:00,6.1349992752075195
2017-12-04 00:00:00,31.934995651245117
2017-12-05 00:00:00,36.51000213623047
2017-12-06 00:00:00,1.7049999237060547
2017-12-07 00:00:00,1.3250000476837158
2017-12-08 00:00:00,4.430000305175781
2017-12-09 00:00:00,14.624998092651367
2017-12-10 00:00:00,6.170000076293945
2017-12-11 00:00:00,0.9199999570846558
2017-12-12 00:00:00,0.0
2017-12-13 00:00:00,0.0
2017-12-14 00:00:00,0.8299999237060547
2017-12-15 00:00:00,0.03999999910593033
2017-12-16 00:00:00,0.0
2017-12-17 00:00:00,0.5199999809265137
2017-12-18 00:00:00,72.74500274658203
2017-12-19 00:00:00,3.8949999809265137
2017-12-20 00:00:00,0.9249999523162842
2017-12-21 00:00:00,27.11499786376953
2017-12-22 00:00:00,120.35501098632812
2017-12-23 00:00:00,162.19996643066406
2017-12-24 00:00:00,6.145000457763672
2017-12-25 00:00:00,0.0
2017-12-26 00:00:00,0.0
2017-12-27 00:00:00,1.5850000381469727
2017-12-28 00:00:00,1.1050000190734863
2017-12-29 00:00:00,2.1449999809265137
2017-12-30 00:00:00,0.1899999976158142
2017-12-31 00:00:00,14.245000839233398
2018-01-01 00:00:00,54.0150032043457
2018-01-02 00:00:00,62.034996032714844
2018-01-03 00:00:00,1.1200000047683716
2018-01-04 00:00:00,0.0
2018-01-05 00:00:00,0.0
2018-01-06 00:00:00,33.7400016784668
2018-01-07 00:00:00,10.0600004196167
2018-01-08 00:00:00,0.0
2018-01-09 00:00:00,0.0
2018-01-10 00:00:00,4.2649993896484375
2018-01-11 00:00:00,14.349998474121094
2018-01-12 00:00:00,0.28999999165534973
2018-01-13 00:00:00,4.134999752044678
2018-01-14 00:00:00,94.32999420166016
2018-01-15 00:00:00,8.149999618530273
2018-01-16 00:00:00,0.19499999284744263
2018-01-17 00:00:00,0.17499999701976776
2018-01-18 00:00:00,6.0149993896484375
2018-01-19 00:00:00,0.5049999952316284
2018-01-20 00:00:00,0.5049999952316284
2018-01-21 00:00:00,3.4000000953674316
2018-01-22 00:00:00,2.9599997997283936
2018-01-23 00:00:00,13.10999870300293
2018-01-24 00:00:00,8.089999198913574
2018-01-25 00:00:00,26.289993286132812
2018-01-26 00:00:00,1.7899999618530273
2018-01-27 00:00:00,29.69999885559082
2018-01-28 00:00:00,11.739999771118164
2018-01-29 00:00:00,1.3949999809265137
2018-01-30 00:00:00,7.910000324249268
2018-01-31 00:00:00,40.130001068115234
2018-02-01 00:00:00,50.07500457763672
2018-02-02 00:00:00,58.65999984741211
2018-02-03 00:00:00,2.3949997425079346
2018-02-04 00:00:00,7.335000038146973
2018-02-05 00:00:00,0.0
2018-02-06 00:00:00,0.0
2018-02-07 00:00:00,0.125
2018-02-08 00:00:00,3.9100003242492676
2018-02-09 00:00:00,14.545000076293945
2018-02-10 00:00:00,5.599999904632568
2018-02-11 00:00:00,81.3799819946289
2018-02-12 00:00:00,53.71000671386719
2018-02-13 00:00:00,1.8350000381469727
2018-02-14 00:00:00,2.4100000858306885
2018-02-15 00:00:00,0.5550000071525574
2018-02-16 00:00:00,14.25
2018-02-17 00:00:00,18.385000228881836
2018-02-18 00:00:00,0.4399999976158142
2018-02-19 00:00:00,0.0
2018-02-20 00:00:00,28.564998626708984
2018-02-21 00:00:00,7.284999847412109
2018-02-22 00:00:00,9.880000114440918
2018-02-23 00:00:00,0.5899999737739563
2018-02-24 00:00:00,0.0
2018-02-25 00:00:00,0.3749999701976776
2018-02-26 00:00:00,0.0
2018-02-27 00:00:00,0.7849999666213989
2018-02-28 00:00:00,13.815000534057617
2018-03-01 00:00:00,53.30499267578125
2018-03-02 00:00:00,1.2799999713897705
2018-03-03 00:00:00,0.05999999865889549
2018-03-04 00:00:00,21.349998474121094
2018-03-05 00:00:00,25.549999237060547
2018-03-06 00:00:00,28.34999656677246
2018-03-07 00:00:00,13.829999923706055
2018-03-08 00:00:00,1.7849998474121094
2018-03-09 00:00:00,44.224998474121094
2018-03-10 00:00:00,30.654998779296875
2018-03-11 00:00:00,0.0
2018-03-12 00:00:00,0.48000001907348633
2018-03-13 00:00:00,1.2699999809265137
2018-03-14 00:00:00,136.84498596191406
2018-03-15 00:00:00,8.380000114440918
2018-03-16 00:00:00,59.644996643066406
2018-03-17 00:00:00,0.2749999761581421
2018-03-18 00:00:00,0.08999999612569809
2018-03-19 00:00:00,2.069999933242798
2018-03-20 00:00:00,32.099998474121094
2018-03-21 00:00:00,0.125
2018-03-22 00:00:00,0.0
2018-03-23 00:00:00,0.0
2018-03-24 00:00:00,12.665000915527344
2018-03-25 00:00:00,64.91499328613281
2018-03-26 00:00:00,1.7200000286102295
2018-03-27 00:00:00,0.0
2018-03-28 00:00:00,0.0
2018-03-29 00:00:00,0.0
2018-03-30 00:00:00,0.0
2018-03-31 00:00:00,14.559999465942383
2018-04-01 00:00:00,0.0
2018-04-02 00:00:00,7.004999160766602
2018-04-03 00:00:00,0.0
2018-04-04 00:00:00,0.0
2018-04-05 00:00:00,0.0
2018-04-06 00:00:00,0.8000000715255737
2018-04-07 00:00:00,0.5549999475479126
2018-04-08 00:00:00,0.0
2018-04-09 00:00:00,0.0
2018-04-10 00:00:00,2.2200000286102295
2018-04-11 00:00:00,0.0
2018-04-12 00:00:00,0.0
2018-04-13 00:00:00,14.479999542236328
2018-04-14 00:00:00,0.0
2018-04-15 00:00:00,0.0
2018-04-16 00:00:00,0.0
2018-04-17 00:00:00,0.0
2018-04-18 00:00:00,0.0
2018-04-19 00:00:00,0.8450000286102295
2018-04-20 00:00:00,0.0
2018-04-21 00:00:00,24.585002899169922
2018-04-22 00:00:00,12.614997863769531
2018-04-23 00:00:00,2.255000114440918
2018-04-24 00:00:00,40.19999694824219
2018-04-25 00:00:00,0.3449999988079071
2018-04-26 00:00:00,0.0
2018-04-27 00:00:00,0.815000057220459
2018-04-28 00:00:00,28.014999389648438
2018-04-29 00:00:00,1.1050000190734863
2018-04-30 00:00:00,5.079999923706055
2018-05-01 00:00:00,48.42999267578125
2018-05-02 00:00:00,2.059999942779541
2018-05-03 00:00:00,0.0
2018-05-04 00:00:00,2.919999837875366
2018-05-05 00:00:00,2.3249998092651367
2018-05-06 00:00:00,0.0
2018-05-07 00:00:00,0.0
2018-05-08 00:00:00,1.8899999856948853
2018-05-09 00:00:00,0.0
2018-05-10 00:00:00,0.7699999809265137
2018-05-11 00:00:00,11.864998817443848
2018-05-12 00:00:00,1.1299999952316284
2018-05-13 00:00:00,0.0
2018-05-14 00:00:00,0.0
2018-05-15 00:00:00,0.0
2018-05-16 00:00:00,2.0950000286102295
2018-05-17 00:00:00,0.0
2018-05-18 00:00:00,0.0
2018-05-19 00:00:00,13.920000076293945
2018-05-20 00:00:00,0.0
2018-05-21 00:00:00,0.0
2018-05-22 00:00:00,0.0
2018-05-23 00:00:00,0.0
2018-05-24 00:00:00,0.0
2018-05-25 00:00:00,0.0
2018-05-26 00:00:00,0.0
2018-05-27 00:00:00,0.0
2018-05-28 00:00:00,0.0
2018-05-29 00:00:00,0.0
2018-05-30 00:00:00,0.0
2018-05-31 00:00:00,0.0
2018-06-01 00:00:00,0.0
2018-06-02 00:00:00,0.0
2018-06-03 00:00:00,14.109996795654297
2018-06-04 00:00:00,2.5249996185302734
2018-06-05 00:00:00,0.0
2018-06-06 00:00:00,0.42500001192092896
2018-06-07 00:00:00,0.08999999612569809
2018-06-08 00:00:00,0.0
2018-06-09 00:00:00,0.0
2018-06-10 00:00:00,4.365000247955322
2018-06-11 00:00:00,3.039999485015869
2018-06-12 00:00:00,15.059998512268066
2018-06-13 00:00:00,11.004999160766602
2018-06-14 00:00:00,0.044999998062849045
2018-06-15 00:00:00,0.0
2018-06-16 00:00:00,0.0
2018-06-17 00:00:00,0.029999999329447746
2018-06-18 00:00:00,0.0
2018-06-19 00:00:00,0.0
2018-06-20 00:00:00,0.0
2018-06-21 00:00:00,0.0
2018-06-22 00:00:00,0.0
2018-06-23 00:00:00,0.22499999403953552
2018-06-24 00:00:00,0.0
2018-06-25 00:00:00,0.0
2018-06-26 00:00:00,0.0
2018-06-27 00:00:00,5.039999485015869
2018-06-28 00:00:00,0.0
2018-06-29 00:00:00,0.0
2018-06-30 00:00:00,0.0
2018-07-01 00:00:00,0.0
2018-07-02 00:00:00,0.0
2018-07-03 00:00:00,23.895000457763672
2018-07-04 00:00:00,0.0
2018-07-05 00:00:00,0.0
2018-07-06 00:00:00,0.0
2018-07-07 00:00:00,0.0
2018-07-08 00:00:00,0.0
2018-07-09 00:00:00,0.0
2018-07-10 00:00:00,0.0
2018-07-11 00:00:00,0.0
2018-07-12 00:00:00,0.0
2018-07-13 00:00:00,0.0
2018-07-14 00:00:00,0.0
2018-07-15 00:00:00,0.0
2018-07-16 00:00:00,0.0
2018-07-17 00:00:00,0.0
2018-07-18 00:00:00,0.0
2018-07-19 00:00:00,5.210000038146973
2018-07-20 00:00:00,2.1500000953674316
2018-07-21 00:00:00,19.874996185302734
2018-07-22 00:00:00,0.0949999988079071
2018-07-23 00:00:00,0.0
2018-07-24 00:00:00,0.0
2018-07-25 00:00:00,0.0
2018-07-26 00:00:00,0.0
2018-07-27 00:00:00,0.0
2018-07-28 00:00:00,0.0
2018-07-29 00:00:00,0.0
2018-07-30 00:00:00,0.0
2018-07-31 00:00:00,0.0
2018-08-01 00:00:00,0.0
2018-08-02 00:00:00,0.32499998807907104
2018-08-03 00:00:00,0.07499999552965164
2018-08-04 00:00:00,23.51500129699707
2018-08-05 00:00:00,33.500003814697266
2018-08-06 00:00:00,0.0
2018-08-07 00:00:00,0.6199999451637268
2018-08-08 00:00:00,1.4799998998641968
2018-08-09 00:00:00,0.0
2018-08-10 00:00:00,0.0
2018-08-11 00:00:00,0.0
2018-08-12 00:00:00,0.0
2018-08-13 00:00:00,0.0
2018-08-14 00:00:00,8.889999389648438
2018-08-15 00:00:00,0.0
2018-08-16 00:00:00,0.0
2018-08-17 00:00:00,0.0
2018-08-18 00:00:00,0.0
2018-08-19 00:00:00,0.0
2018-08-20 00:00:00,4.610000133514404
2018-08-21 00:00:00,0.0
2018-08-22 00:00:00,0.0
2018-08-23 00:00:00,0.0
2018-08-24 00:00:00,0.0
2018-08-25 00:00:00,28.06500244140625
2018-08-26 00:00:00,0.0
2018-08-27 00:00:00,0.0
2018-08-28 00:00:00,0.0
2018-08-29 00:00:00,0.0
2018-08-30 00:00:00,0.0
2018-08-31 00:00:00,0.0
2018-09-01 00:00:00,0.2199999988079071
2018-09-02 00:00:00,0.0
2018-09-03 00:00:00,0.0
2018-09-04 00:00:00,0.16499999165534973
2018-09-05 00:00:00,0.0
2018-09-06 00:00:00,0.0
2018-09-07 00:00:00,0.0
2018-09-08 00:00:00,0.0
2018-09-09 00:00:00,0.0
2018-09-10 00:00:00,0.0
2018-09-11 00:00:00,0.014999999664723873
2018-09-12 00:00:00,0.0
2018-09-13 00:00:00,0.0
2018-09-14 00:00:00,0.0
2018-09-15 00:00:00,0.0
2018-09-16 00:00:00,1.5350000858306885
2018-09-17 00:00:00,1.494999885559082
2018-09-18 00:00:00,0.4449999928474426
2018-09-19 00:00:00,1.0199998617172241
2018-09-20 00:00:00,0.0
2018-09-21 00:00:00,9.670000076293945
2018-09-22 00:00:00,27.23999786376953
2018-09-23 00:00:00,4.585000038146973
2018-09-24 00:00:00,0.10500000417232513
2018-09-25 00:00:00,9.355000495910645
2018-09-26 00:00:00,15.249999046325684
2018-09-27 00:00:00,0.09000000357627869
2018-09-28 00:00:00,17.349998474121094
2018-09-29 00:00:00,0.4150000214576721
2018-09-30 00:00:00,0.0
2018-10-01 00:00:00,0.0
2018-10-02 00:00:00,13.34000015258789
2018-10-03 00:00:00,39.0150032043457
2018-10-04 00:00:00,0.029999999329447746
2018-10-05 00:00:00,0.6299999952316284
2018-10-06 00:00:00,0.0
2018-10-07 00:00:00,0.07499999552965164
2018-10-08 00:00:00,3.1050000190734863
2018-10-09 00:00:00,0.12999999523162842
2018-10-10 00:00:00,7.324999809265137
2018-10-11 00:00:00,55.894996643066406
2018-10-12 00:00:00,0.0
2018-10-13 00:00:00,5.350000381469727
2018-10-14 00:00:00,0.0
2018-10-15 00:00:00,2.754999876022339
2018-10-16 00:00:00,0.0
2018-10-17 00:00:00,9.680000305175781
2018-10-18 00:00:00,14.595001220703125
2018-10-19 00:00:00,10.055000305175781
2018-10-20 00:00:00,0.0
2018-10-21 00:00:00,0.28999999165534973
2018-10-22 00:00:00,2.129999876022339
2018-10-23 00:00:00,0.925000011920929
2018-10-24 00:00:00,20.019996643066406
2018-10-25 00:00:00,3.244999885559082
2018-10-26 00:00:00,9.399999618530273
2018-10-27 00:00:00,45.00999450683594
2018-10-28 00:00:00,1.0199999809265137
2018-10-29 00:00:00,28.110000610351562
2018-10-30 00:00:00,3.0799999237060547
2018-10-31 00:00:00,2.254999876022339
2018-11-01 00:00:00,19.880001068115234
2018-11-02 00:00:00,139.16001892089844
2018-11-03 00:00:00,43.19000244140625
2018-11-04 00:00:00,19.149999618530273
2018-11-05 00:00:00,1.2249997854232788
2018-11-06 00:00:00,1.1050000190734863
2018-11-07 00:00:00,17.520000457763672
2018-11-08 00:00:00,0.6899999976158142
2018-11-09 00:00:00,0.0
2018-11-10 00:00:00,0.0
2018-11-11 00:00:00,0.5799999833106995
2018-11-12 00:00:00,10.004998207092285
2018-11-13 00:00:00,0.06499999761581421
2018-11-14 00:00:00,32.525001525878906
2018-11-15 00:00:00,9.904998779296875
2018-11-16 00:00:00,0.0
2018-11-17 00:00:00,0.0
2018-11-18 00:00:00,10.234999656677246
2018-11-19 00:00:00,73.07000732421875
2018-11-20 00:00:00,0.0
2018-11-21 00:00:00,0.0
2018-11-22 00:00:00,5.199999809265137
2018-11-23 00:00:00,29.990001678466797
2018-11-24 00:00:00,0.7449999451637268
2018-11-25 00:00:00,0.0
2018-11-26 00:00:00,0.6100000143051147
2018-11-27 00:00:00,1.1799999475479126
2018-11-28 00:00:00,18.899999618530273
2018-11-29 00:00:00,2.0199999809265137
2018-11-30 00:00:00,7.255000114440918
2018-12-01 00:00:00,3.994999885559082
2018-12-02 00:00:00,8.579998970031738
2018-12-03 00:00:00,0.0
2018-12-04 00:00:00,0.0
2018-12-05 00:00:00,0.17000000178813934
2018-12-06 00:00:00,23.599998474121094
2018-12-07 00:00:00,3.909999370574951
2018-12-08 00:00:00,0.0
2018-12-09 00:00:00,2.25
2018-12-10 00:00:00,4.614999771118164
2018-12-11 00:00:00,0.9199999570846558
2018-12-12 00:00:00,2.805000066757202
2018-12-13 00:00:00,18.924999237060547
2018-12-14 00:00:00,0.014999999664723873
2018-12-15 00:00:00,80.76998901367188
2018-12-16 00:00:00,9.914998054504395
2018-12-17 00:00:00,29.279998779296875
2018-12-18 00:00:00,17.94500160217285
2018-12-19 00:00:00,45.26499557495117
2018-12-20 00:00:00,1.6449999809265137
2018-12-21 00:00:00,2.9600000381469727
2018-12-22 00:00:00,82.06999969482422
2018-12-23 00:00:00,4.204999923706055
2018-12-24 00:00:00,2.924999952316284
2018-12-25 00:00:00,0.0
2018-12-26 00:00:00,0.0
2018-12-27 00:00:00,6.869999885559082
2018-12-28 00:00:00,3.0199995040893555
2018-12-29 00:00:00,160.4450225830078
2018-12-30 00:00:00,28.194997787475586
2018-12-31 00:00:00,45.60999298095703
2019-01-01 00:00:00,1.5950000286102295
2019-01-02 00:00:00,19.919998168945312
2019-01-03 00:00:00,17.55999755859375
2019-01-04 00:00:00,9.885000228881836
2019-01-05 00:00:00,0.6749999523162842
2019-01-06 00:00:00,15.319999694824219
2019-01-07 00:00:00,4.894999980926514
2019-01-08 00:00:00,65.35498809814453
2019-01-09 00:00:00,0.4100000262260437
2019-01-10 00:00:00,62.340003967285156
2019-01-11 00:00:00,73.64000701904297
2019-01-12 00:00:00,0.574999988079071
2019-01-13 00:00:00,0.9850000143051147
2019-01-14 00:00:00,6.505000114440918
2019-01-15 00:00:00,0.5149999856948853
2019-01-16 00:00:00,4.199999809265137
2019-01-17 00:00:00,0.0
2019-01-18 00:00:00,13.75
2019-01-19 00:00:00,32.599998474121094
2019-01-20 00:00:00,0.0
2019-01-21 00:00:00,0.0
2019-01-22 00:00:00,3.1599998474121094
2019-01-23 00:00:00,0.5550000071525574
2019-01-24 00:00:00,0.0
2019-01-25 00:00:00,18.21500015258789
2019-01-26 00:00:00,0.0
2019-01-27 00:00:00,21.239999771118164
2019-01-28 00:00:00,4.755000114440918
2019-01-29 00:00:00,6.034999847412109
2019-01-30 00:00:00,27.169998168945312
2019-01-31 00:00:00,2.0749998092651367
2019-02-01 00:00:00,6.929999828338623
2019-02-02 00:00:00,22.999998092651367
2019-02-03 00:00:00,0.0
2019-02-04 00:00:00,4.824999809265137
2019-02-05 00:00:00,2.0850000381469727
2019-02-06 00:00:00,0.0
2019-02-07 00:00:00,0.0
2019-02-08 00:00:00,1.9799998998641968
2019-02-09 00:00:00,32.15999984741211
2019-02-10 00:00:00,36.23499298095703
2019-02-11 00:00:00,14.789999008178711
2019-02-12 00:00:00,71.67499542236328
2019-02-13 00:00:00,18.839998245239258
2019-02-14 00:00:00,0.0
2019-02-15 00:00:00,4.085000038146973
2019-02-16 00:00:00,0.48499998450279236
2019-02-17 00:00:00,0.1550000011920929
2019-02-18 00:00:00,0.6599999666213989
2019-02-19 00:00:00,16.014999389648438
2019-02-20 00:00:00,6.305000305175781
2019-02-21 00:00:00,2.9200000762939453
2019-02-22 00:00:00,0.0
2019-02-23 00:00:00,5.710000038146973
2019-02-24 00:00:00,0.5249999761581421
2019-02-25 00:00:00,4.944999694824219
2019-02-26 00:00:00,104.26499938964844
2019-02-27 00:00:00,0.23499998450279236
2019-02-28 00:00:00,0.0
2019-03-01 00:00:00,0.26499998569488525
2019-03-02 00:00:00,0.21000000834465027
2019-03-03 00:00:00,34.880001068115234
2019-03-04 00:00:00,0.19999998807907104
2019-03-05 00:00:00,51.464988708496094
2019-03-06 00:00:00,19.87999725341797
2019-03-07 00:00:00,0.2199999988079071
2019-03-08 00:00:00,12.479999542236328
2019-03-09 00:00:00,147.19497680664062
2019-03-10 00:00:00,0.4350000023841858
2019-03-11 00:00:00,0.17999999225139618
2019-03-12 00:00:00,0.0
2019-03-13 00:00:00,28.640003204345703
2019-03-14 00:00:00,11.100000381469727
2019-03-15 00:00:00,10.414999008178711
2019-03-16 00:00:00,27.079999923706055
2019-03-17 00:00:00,36.56999969482422
2019-03-18 00:00:00,33.87999725341797
2019-03-19 00:00:00,39.42500305175781
2019-03-20 00:00:00,102.24497985839844
2019-03-21 00:00:00,6.954999923706055
2019-03-22 00:00:00,0.0
2019-03-23 00:00:00,0.0
2019-03-24 00:00:00,0.03500000014901161
2019-03-25 00:00:00,0.22499999403953552
2019-03-26 00:00:00,1.3350000381469727
2019-03-27 00:00:00,0.0
2019-03-28 00:00:00,0.0
2019-03-29 00:00:00,0.5300000309944153
2019-03-30 00:00:00,0.0
2019-03-31 00:00:00,1.934999942779541
2019-04-01 00:00:00,92.11998748779297
2019-04-02 00:00:00,34.369998931884766
2019-04-03 00:00:00,11.754999160766602
2019-04-04 00:00:00,11.34999942779541
2019-04-05 00:00:00,16.904998779296875
2019-04-06 00:00:00,0.6149999499320984
2019-04-07 00:00:00,0.0
2019-04-08 00:00:00,0.0
2019-04-09 00:00:00,0.0
2019-04-10 00:00:00,0.0
2019-04-11 00:00:00,0.23999999463558197
2019-04-12 00:00:00,0.0
2019-04-13 00:00:00,0.0
2019-04-14 00:00:00,1.119999885559082
2019-04-15 00:00:00,0.1850000023841858
2019-04-16 00:00:00,1.6050000190734863
2019-04-17 00:00:00,0.8700000047683716
2019-04-18 00:00:00,0.0
2019-04-19 00:00:00,0.0
2019-04-20 00:00:00,0.0
2019-04-21 00:00:00,25.19499969482422
2019-04-22 00:00:00,8.65000057220459
2019-04-23 00:00:00,2.7649998664855957
2019-04-24 00:00:00,0.0
2019-04-25 00:00:00,0.6749999523162842
2019-04-26 00:00:00,11.229999542236328
2019-04-27 00:00:00,41.06999969482422
2019-04-28 00:00:00,0.0
2019-04-29 00:00:00,0.0
2019-04-30 00:00:00,6.800000190734863
2019-05-01 00:00:00,76.4100112915039
2019-05-02 00:00:00,0.06499999761581421
2019-05-03 00:00:00,0.0
2019-05-04 00:00:00,18.17999839782715
2019-05-05 00:00:00,2.569999933242798
2019-05-06 00:00:00,0.0
2019-05-07 00:00:00,15.424999237060547
2019-05-08 00:00:00,0.0
2019-05-09 00:00:00,4.904999732971191
2019-05-10 00:00:00,0.0
2019-05-11 00:00:00,2.2849998474121094
2019-05-12 00:00:00,13.494998931884766
2019-05-13 00:00:00,1.8650000095367432
2019-05-14 00:00:00,0.0
2019-05-15 00:00:00,0.0
2019-05-16 00:00:00,0.0
2019-05-17 00:00:00,0.0
2019-05-18 00:00:00,0.0
2019-05-19 00:00:00,0.0
2019-05-20 00:00:00,0.0
2019-05-21 00:00:00,0.0
2019-05-22 00:00:00,0.2800000011920929
2019-05-23 00:00:00,0.03999999910593033
2019-05-24 00:00:00,0.0
2019-05-25 00:00:00,0.0
2019-05-26 00:00:00,0.0
2019-05-27 00:00:00,0.0
2019-05-28 00:00:00,0.0
2019-05-29 00:00:00,0.0
2019-05-30 00:00:00,0.0
2019-05-31 00:00:00,0.0
2019-06-01 00:00:00,0.0
2019-06-02 00:00:00,0.0
2019-06-03 00:00:00,0.0
2019-06-04 00:00:00,0.0
2019-06-05 00:00:00,0.0
2019-06-06 00:00:00,0.0
2019-06-07 00:00:00,0.0
2019-06-08 00:00:00,0.0
2019-06-09 00:00:00,0.0
2019-06-10 00:00:00,0.0
2019-06-11 00:00:00,0.0
2019-06-12 00:00:00,0.0
2019-06-13 00:00:00,0.0
2019-06-14 00:00:00,0.0
2019-06-15 00:00:00,6.6050004959106445
2019-06-16 00:00:00,10.209999084472656
2019-06-17 00:00:00,21.589998245239258
2019-06-18 00:00:00,0.0
2019-06-19 00:00:00,0.0
2019-06-20 00:00:00,0.0
2019-06-21 00:00:00,0.0
2019-06-22 00:00:00,0.0
2019-06-23 00:00:00,0.0
2019-06-24 00:00:00,0.0
2019-06-25 00:00:00,0.0
2019-06-26 00:00:00,0.0
2019-06-27 00:00:00,0.0
2019-06-28 00:00:00,0.0
2019-06-29 00:00:00,0.0
2019-06-30 00:00:00,0.0
2019-07-01 00:00:00,0.0
2019-07-02 00:00:00,0.0
2019-07-03 00:00:00,0.0
2019-07-04 00:00:00,0.0
2019-07-05 00:00:00,0.0
2019-07-06 00:00:00,0.0
2019-07-07 00:00:00,0.0
2019-07-08 00:00:00,0.0
2019-07-09 00:00:00,0.0
2019-07-10 00:00:00,0.0
2019-07-11 00:00:00,0.0
2019-07-12 00:00:00,0.0
2019-07-13 00:00:00,0.0
2019-07-14 00:00:00,0.0
2019-07-15 00:00:00,0.0
2019-07-16 00:00:00,1.8299999237060547
2019-07-17 00:00:00,0.0
2019-07-18 00:00:00,0.9549999833106995
2019-07-19 00:00:00,0.0
2019-07-20 00:00:00,24.714998245239258
2019-07-21 00:00:00,3.7150001525878906
2019-07-22 00:00:00,0.0
2019-07-23 00:00:00,16.649999618530273
2019-07-24 00:00:00,43.34500503540039
2019-07-25 00:00:00,3.5199999809265137
2019-07-26 00:00:00,0.0
2019-07-27 00:00:00,0.0
2019-07-28 00:00:00,0.0
2019-07-29 00:00:00,0.0
2019-07-30 00:00:00,0.0
2019-07-31 00:00:00,0.0
2019-08-01 00:00:00,0.0
2019-08-02 00:00:00,13.305000305175781
2019-08-03 00:00:00,0.4699999988079071
2019-08-04 00:00:00,0.0
2019-08-05 00:00:00,0.0
2019-08-06 00:00:00,0.0
2019-08-07 00:00:00,0.0
2019-08-08 00:00:00,0.0
2019-08-09 00:00:00,0.0
2019-08-10 00:00:00,0.0
2019-08-11 00:00:00,0.0
2019-08-12 00:00:00,0.0
2019-08-13 00:00:00,1.9649999141693115
2019-08-14 00:00:00,0.0
2019-08-15 00:00:00,0.0
2019-08-16 00:00:00,0.0
2019-08-17 00:00:00,0.0
2019-08-18 00:00:00,0.0
2019-08-19 00:00:00,11.264999389648438
2019-08-20 00:00:00,0.0
2019-08-21 00:00:00,0.0
2019-08-22 00:00:00,0.0
2019-08-23 00:00:00,0.0
2019-08-24 00:00:00,0.0
2019-08-25 00:00:00,0.0
2019-08-26 00:00:00,3.9749999046325684
2019-08-27 00:00:00,4.134999752044678
2019-08-28 00:00:00,0.0
2019-08-29 00:00:00,0.0
2019-08-30 00:00:00,0.0
2019-08-31 00:00:00,0.6150000095367432
2019-09-01 00:00:00,0.0
2019-09-02 00:00:00,0.0
2019-09-03 00:00:00,0.0
2019-09-04 00:00:00,0.0
2019-09-05 00:00:00,0.0
2019-09-06 00:00:00,0.07999999821186066
2019-09-07 00:00:00,0.10500000417232513
2019-09-08 00:00:00,0.0
2019-09-09 00:00:00,9.279999732971191
2019-09-10 00:00:00,8.774999618530273
2019-09-11 00:00:00,28.07500457763672
2019-09-12 00:00:00,11.044999122619629
2019-09-13 00:00:00,0.05999999865889549
2019-09-14 00:00:00,0.0
2019-09-15 00:00:00,0.0
2019-09-16 00:00:00,0.0
2019-09-17 00:00:00,0.0
2019-09-18 00:00:00,0.0
2019-09-19 00:00:00,0.0
2019-09-20 00:00:00,0.8650000095367432
2019-09-21 00:00:00,0.28999999165534973
2019-09-22 00:00:00,0.0
2019-09-23 00:00:00,0.0
2019-09-24 00:00:00,0.0
2019-09-25 00:00:00,1.364999771118164
2019-09-26 00:00:00,2.484999895095825
2019-09-27 00:00:00,0.0
2019-09-28 00:00:00,0.0
2019-09-29 00:00:00,0.0
2019-09-30 00:00:00,0.0
2019-10-01 00:00:00,14.024999618530273
2019-10-02 00:00:00,1.4249999523162842
2019-10-03 00:00:00,18.704999923706055
2019-10-04 00:00:00,4.900000095367432
2019-10-05 00:00:00,26.44499969482422
2019-10-06 00:00:00,9.104998588562012
2019-10-07 00:00:00,1.959999918937683
2019-10-08 00:00:00,0.0
2019-10-09 00:00:00,0.0
2019-10-10 00:00:00,0.0
2019-10-11 00:00:00,0.0
2019-10-12 00:00:00,5.710000038146973
2019-10-13 00:00:00,0.0
2019-10-14 00:00:00,0.07499999552965164
2019-10-15 00:00:00,35.98999786376953
2019-10-16 00:00:00,0.0
2019-10-17 00:00:00,0.0
2019-10-18 00:00:00,21.894996643066406
2019-10-19 00:00:00,20.185001373291016
2019-10-20 00:00:00,1.9399998188018799
2019-10-21 00:00:00,0.0
2019-10-22 00:00:00,0.0
2019-10-23 00:00:00,0.10999999940395355
2019-10-24 00:00:00,0.0
2019-10-25 00:00:00,0.675000011920929
2019-10-26 00:00:00,0.13499999046325684
2019-10-27 00:00:00,0.2449999898672104
2019-10-28 00:00:00,3.0850000381469727
2019-10-29 00:00:00,0.0
2019-10-30 00:00:00,0.0
2019-10-31 00:00:00,33.61499786376953
2019-11-01 00:00:00,2.190000057220459
2019-11-02 00:00:00,0.0
2019-11-03 00:00:00,0.07000000029802322
2019-11-04 00:00:00,12.029998779296875
2019-11-05 00:00:00,0.2199999988079071
2019-11-06 00:00:00,14.334999084472656
2019-11-07 00:00:00,14.420001983642578
2019-11-08 00:00:00,1.284999966621399
2019-11-09 00:00:00,2.5900001525878906
2019-11-10 00:00:00,40.56499481201172
2019-11-11 00:00:00,0.3349999785423279
2019-11-12 00:00:00,0.0
2019-11-13 00:00:00,8.48499870300293
2019-11-14 00:00:00,27.499996185302734
2019-11-15 00:00:00,0.0
2019-11-16 00:00:00,0.0
2019-11-17 00:00:00,0.0
2019-11-18 00:00:00,0.0
2019-11-19 00:00:00,0.0
2019-11-20 00:00:00,1.8550000190734863
2019-11-21 00:00:00,1.4999998807907104
2019-11-22 00:00:00,0.3100000023841858
2019-11-23 00:00:00,23.669998168945312
2019-11-24 00:00:00,4.15500020980835
2019-11-25 00:00:00,0.054999999701976776
2019-11-26 00:00:00,4.25499963760376
2019-11-27 00:00:00,173.67495727539062
2019-11-28 00:00:00,0.125
2019-11-29 00:00:00,0.0
2019-11-30 00:00:00,0.0
2019-12-01 00:00:00,6.299999713897705
2019-12-02 00:00:00,41.785003662109375
2019-12-03 00:00:00,0.0
2019-12-04 00:00:00,32.564998626708984
2019-12-05 00:00:00,10.829999923706055
2019-12-06 00:00:00,0.6449999809265137
2019-12-07 00:00:00,1.25
2019-12-08 00:00:00,4.12999963760376
2019-12-09 00:00:00,1.1299999952316284
2019-12-10 00:00:00,1.1050000190734863
2019-12-11 00:00:00,0.0949999988079071
2019-12-12 00:00:00,10.765000343322754
2019-12-13 00:00:00,16.244998931884766
2019-12-14 00:00:00,0.20500001311302185
2019-12-15 00:00:00,0.0
2019-12-16 00:00:00,19.25
2019-12-17 00:00:00,50.37500762939453
2019-12-18 00:00:00,0.5149999856948853
2019-12-19 00:00:00,0.0
2019-12-20 00:00:00,0.6949999928474426
2019-12-21 00:00:00,25.264999389648438
2019-12-22 00:00:00,2.734999895095825
2019-12-23 00:00:00,0.0
2019-12-24 00:00:00,0.0
2019-12-25 00:00:00,0.009999999776482582
2019-12-26 00:00:00,60.06499481201172
2019-12-27 00:00:00,20.229999542236328
2019-12-28 00:00:00,1.084999918937683
2019-12-29 00:00:00,11.309999465942383
2019-12-30 00:00:00,4.885000228881836
2019-12-31 00:00:00,16.270000457763672
2020-01-01 00:00:00,12.98499870300293
2020-01-02 00:00:00,41.24000549316406
2020-01-03 00:00:00,0.5449999570846558
2020-01-04 00:00:00,1.3149999380111694
2020-01-05 00:00:00,2.609999895095825
2020-01-06 00:00:00,0.21000000834465027
2020-01-07 00:00:00,51.31999969482422
2020-01-08 00:00:00,7.265000343322754
2020-01-09 00:00:00,3.6649999618530273
2020-01-10 00:00:00,7.175000190734863
2020-01-11 00:00:00,11.61500072479248
2020-01-12 00:00:00,18.739999771118164
2020-01-13 00:00:00,141.90499877929688
2020-01-14 00:00:00,1.7049999237060547
2020-01-15 00:00:00,29.86499786376953
2020-01-16 00:00:00,0.09999999403953552
2020-01-17 00:00:00,37.14500427246094
2020-01-18 00:00:00,0.04999999701976776
2020-01-19 00:00:00,5.149999618530273
2020-01-20 00:00:00,10.730000495910645
2020-01-21 00:00:00,13.029999732971191
2020-01-22 00:00:00,44.55000305175781
2020-01-23 00:00:00,0.875
2020-01-24 00:00:00,0.17499999701976776
2020-01-25 00:00:00,0.0
2020-01-26 00:00:00,0.0
2020-01-27 00:00:00,2.8949999809265137
2020-01-28 00:00:00,4.479999542236328
2020-01-29 00:00:00,0.35499998927116394
2020-01-30 00:00:00,21.225000381469727
2020-01-31 00:00:00,33.1150016784668
2020-02-01 00:00:00,0.26499998569488525
2020-02-02 00:00:00,4.025000095367432
2020-02-03 00:00:00,7.9599995613098145
2020-02-04 00:00:00,3.924999713897705
2020-02-05 00:00:00,45.650001525878906
2020-02-06 00:00:00,10.02500057220459
2020-02-07 00:00:00,1.0649999380111694
2020-02-08 00:00:00,11.200000762939453
2020-02-09 00:00:00,4.030000686645508
2020-02-10 00:00:00,0.6999999284744263
2020-02-11 00:00:00,9.450000762939453
2020-02-12 00:00:00,0.0
2020-02-13 00:00:00,1.9549999237060547
2020-02-14 00:00:00,0.0
2020-02-15 00:00:00,33.27499771118164
2020-02-16 00:00:00,8.84999942779541
2020-02-17 00:00:00,35.70499801635742
2020-02-18 00:00:00,19.89499855041504
2020-02-19 00:00:00,126.49500274658203
2020-02-20 00:00:00,68.16001892089844
2020-02-21 00:00:00,1.9599997997283936
2020-02-22 00:00:00,0.9199999570846558
2020-02-23 00:00:00,0.0
2020-02-24 00:00:00,0.0
2020-02-25 00:00:00,0.14499999582767487
2020-02-26 00:00:00,24.404998779296875
2020-02-27 00:00:00,0.06499999761581421
2020-02-28 00:00:00,0.0
2020-02-29 00:00:00,0.0
2020-03-01 00:00:00,0.6150000095367432
2020-03-02 00:00:00,0.0
2020-03-03 00:00:00,1.334999918937683
2020-03-04 00:00:00,0.004999999888241291
2020-03-05 00:00:00,0.0
2020-03-06 00:00:00,0.06499999761581421
2020-03-07 00:00:00,0.0
2020-03-08 00:00:00,0.0
2020-03-09 00:00:00,11.710000038146973
2020-03-10 00:00:00,0.07999999821186066
2020-03-11 00:00:00,3.5550003051757812
2020-03-12 00:00:00,2.380000114440918
2020-03-13 00:00:00,1.125
2020-03-14 00:00:00,0.21000000834465027
2020-03-15 00:00:00,4.320000171661377
2020-03-16 00:00:00,5.590000152587891
2020-03-17 00:00:00,0.08999999612569809
2020-03-18 00:00:00,1.7400000095367432
2020-03-19 00:00:00,26.289997100830078
2020-03-20 00:00:00,168.86500549316406
2020-03-21 00:00:00,0.0
2020-03-22 00:00:00,0.0
2020-03-23 00:00:00,0.0949999988079071
2020-03-24 00:00:00,0.0
2020-03-25 00:00:00,5.579999923706055
2020-03-26 00:00:00,24.625
2020-03-27 00:00:00,0.0
2020-03-28 00:00:00,0.0
2020-03-29 00:00:00,0.0
2020-03-30 00:00:00,1.2049999237060547
2020-03-31 00:00:00,0.2749999761581421
2020-04-01 00:00:00,0.009999999776482582
2020-04-02 00:00:00,5.064999580383301
2020-04-03 00:00:00,20.514997482299805
2020-04-04 00:00:00,0.0
2020-04-05 00:00:00,0.0
2020-04-06 00:00:00,32.6349983215332
2020-04-07 00:00:00,54.37000274658203
2020-04-08 00:00:00,0.0
2020-04-09 00:00:00,0.0
2020-04-10 00:00:00,0.0
2020-04-11 00:00:00,0.0
2020-04-12 00:00:00,0.0
2020-04-13 00:00:00,0.0
2020-04-14 00:00:00,0.07499999552965164
2020-04-15 00:00:00,0.0
2020-04-16 00:00:00,0.0
2020-04-17 00:00:00,0.0
2020-04-18 00:00:00,0.0
2020-04-19 00:00:00,0.0
2020-04-20 00:00:00,0.0
2020-04-21 00:00:00,0.0
2020-04-22 00:00:00,0.0
2020-04-23 00:00:00,0.0
2020-04-24 00:00:00,2.7249999046325684
2020-04-25 00:00:00,0.8550000190734863
2020-04-26 00:00:00,41.18499755859375
2020-04-27 00:00:00,0.019999999552965164
2020-04-28 00:00:00,0.0
2020-04-29 00:00:00,8.475000381469727
2020-04-30 00:00:00,0.0
2020-05-01 00:00:00,2.509999990463257
2020-05-02 00:00:00,0.0
2020-05-03 00:00:00,0.13999998569488525
2020-05-04 00:00:00,0.815000057220459
2020-05-05 00:00:00,0.009999999776482582
2020-05-06 00:00:00,42.95500564575195
2020-05-07 00:00:00,0.0
2020-05-08 00:00:00,0.0
2020-05-09 00:00:00,0.0
2020-05-10 00:00:00,0.0
2020-05-11 00:00:00,0.0
2020-05-12 00:00:00,0.0
2020-05-13 00:00:00,0.0
2020-05-14 00:00:00,0.0
2020-05-15 00:00:00,0.0
2020-05-16 00:00:00,0.0
2020-05-17 00:00:00,0.4999999701976776
2020-05-18 00:00:00,0.0
2020-05-19 00:00:00,0.0
2020-05-20 00:00:00,0.0
2020-05-21 00:00:00,0.0
2020-05-22 00:00:00,1.6949999332427979
2020-05-23 00:00:00,0.48499998450279236
2020-05-24 00:00:00,0.0
2020-05-25 00:00:00,0.0
2020-05-26 00:00:00,0.0
2020-05-27 00:00:00,0.0
2020-05-28 00:00:00,0.0
2020-05-29 00:00:00,0.0
2020-05-30 00:00:00,0.0
2020-05-31 00:00:00,0.0
2020-06-01 00:00:00,0.0
2020-06-02 00:00:00,0.0
2020-06-03 00:00:00,0.0
2020-06-04 00:00:00,5.980000019073486
2020-06-05 00:00:00,2.510000228881836
2020-06-06 00:00:00,0.0
2020-06-07 00:00:00,0.0
2020-06-08 00:00:00,0.0
2020-06-09 00:00:00,0.0
2020-06-10 00:00:00,0.0
2020-06-11 00:00:00,0.0
2020-06-12 00:00:00,0.0
2020-06-13 00:00:00,2.369999885559082
2020-06-14 00:00:00,0.0
2020-06-15 00:00:00,0.0
2020-06-16 00:00:00,0.0
2020-06-17 00:00:00,0.0
2020-06-18 00:00:00,0.0
2020-06-19 00:00:00,0.0
2020-06-20 00:00:00,0.0
2020-06-21 00:00:00,0.0
2020-06-22 00:00:00,3.375
2020-06-23 00:00:00,0.0
2020-06-24 00:00:00,0.6100000143051147
2020-06-25 00:00:00,0.0
2020-06-26 00:00:00,0.0
2020-06-27 00:00:00,0.0
2020-06-28 00:00:00,0.0
2020-06-29 00:00:00,0.0
2020-06-30 00:00:00,0.0
2020-07-01 00:00:00,0.0
2020-07-02 00:00:00,0.0
2020-07-03 00:00:00,0.0
2020-07-04 00:00:00,0.0
2020-07-05 00:00:00,0.0
2020-07-06 00:00:00,0.0
2020-07-07 00:00:00,0.0
2020-07-08 00:00:00,0.0
2020-07-09 00:00:00,1.5649999380111694
2020-07-10 00:00:00,0.375
2020-07-11 00:00:00,0.0
2020-07-12 00:00:00,0.0
2020-07-13 00:00:00,0.0
2020-07-14 00:00:00,11.194999694824219
2020-07-15 00:00:00,0.0
2020-07-16 00:00:00,0.0
2020-07-17 00:00:00,0.0
2020-07-18 00:00:00,0.0
2020-07-19 00:00:00,0.0
2020-07-20 00:00:00,0.0
2020-07-21 00:00:00,0.0
2020-07-22 00:00:00,0.0
2020-07-23 00:00:00,0.0
2020-07-24 00:00:00,4.389999866485596
2020-07-25 00:00:00,0.6599999666213989
2020-07-26 00:00:00,1.1449999809265137
2020-07-27 00:00:00,0.0
2020-07-28 00:00:00,0.0
2020-07-29 00:00:00,0.0
2020-07-30 00:00:00,0.0
2020-07-31 00:00:00,0.0
2020-08-01 00:00:00,0.0
2020-08-02 00:00:00,0.0
2020-08-03 00:00:00,0.0
2020-08-04 00:00:00,0.0
2020-08-05 00:00:00,0.0
2020-08-06 00:00:00,0.0
2020-08-07 00:00:00,0.0
2020-08-08 00:00:00,0.0
2020-08-09 00:00:00,0.0
2020-08-10 00:00:00,0.0
2020-08-11 00:00:00,0.14999999105930328
2020-08-12 00:00:00,7.704999923706055
2020-08-13 00:00:00,0.0
2020-08-14 00:00:00,0.0
2020-08-15 00:00:00,0.0
2020-08-16 00:00:00,3.0349998474121094
2020-08-17 00:00:00,0.07999999821186066
2020-08-18 00:00:00,29.889995574951172
2020-08-19 00:00:00,6.125
2020-08-20 00:00:00,14.235000610351562
2020-08-21 00:00:00,3.1549997329711914
2020-08-22 00:00:00,0.5049999952316284
2020-08-23 00:00:00,0.0
2020-08-24 00:00:00,0.0
2020-08-25 00:00:00,0.0
2020-08-26 00:00:00,0.0
2020-08-27 00:00:00,0.0
2020-08-28 00:00:00,0.0
2020-08-29 00:00:00,0.0
2020-08-30 00:00:00,0.029999999329447746
2020-08-31 00:00:00,2.2249999046325684
2020-09-01 00:00:00,0.0
2020-09-02 00:00:00,0.0
2020-09-03 00:00:00,0.0
2020-09-04 00:00:00,0.0
2020-09-05 00:00:00,0.0
2020-09-06 00:00:00,0.0
2020-09-07 00:00:00,0.16499999165534973
2020-09-08 00:00:00,0.0
2020-09-09 00:00:00,0.0
2020-09-10 00:00:00,0.0
2020-09-11 00:00:00,0.0
2020-09-12 00:00:00,0.0
2020-09-13 00:00:00,0.0
2020-09-14 00:00:00,21.78999900817871
2020-09-15 00:00:00,0.4999999701976776
2020-09-16 00:00:00,0.0
2020-09-17 00:00:00,12.280000686645508
2020-09-18 00:00:00,0.6949999928474426
2020-09-19 00:00:00,3.619999885559082
2020-09-20 00:00:00,0.19499999284744263
2020-09-21 00:00:00,0.0
2020-09-22 00:00:00,0.0
2020-09-23 00:00:00,0.0
2020-09-24 00:00:00,0.0
2020-09-25 00:00:00,0.0
2020-09-26 00:00:00,0.029999999329447746
2020-09-27 00:00:00,5.139999866485596
2020-09-28 00:00:00,22.84000015258789
2020-09-29 00:00:00,0.09000000357627869
2020-09-30 00:00:00,0.28999999165534973
2020-10-01 00:00:00,0.5249999761581421
2020-10-02 00:00:00,0.014999999664723873
2020-10-03 00:00:00,3.069999933242798
2020-10-04 00:00:00,0.17999999225139618
2020-10-05 00:00:00,0.0
2020-10-06 00:00:00,2.2049999237060547
2020-10-07 00:00:00,0.0
2020-10-08 00:00:00,0.0
2020-10-09 00:00:00,0.0
2020-10-10 00:00:00,0.014999999664723873
2020-10-11 00:00:00,0.17999999225139618
2020-10-12 00:00:00,5.289999961853027
2020-10-13 00:00:00,0.0
2020-10-14 00:00:00,0.6200000047683716
2020-10-15 00:00:00,8.369999885559082
2020-10-16 00:00:00,18.94500160217285
2020-10-17 00:00:00,0.0
2020-10-18 00:00:00,0.14999999105930328
2020-10-19 00:00:00,0.029999999329447746
2020-10-20 00:00:00,16.19499969482422
2020-10-21 00:00:00,6.905000686645508
2020-10-22 00:00:00,0.0
2020-10-23 00:00:00,11.714999198913574
2020-10-24 00:00:00,0.0
2020-10-25 00:00:00,15.434999465942383
2020-10-26 00:00:00,26.93000030517578
2020-10-27 00:00:00,4.135000228881836
2020-10-28 00:00:00,0.03500000014901161
2020-10-29 00:00:00,5.074999809265137
2020-10-30 00:00:00,0.75
2020-10-31 00:00:00,0.0
2020-11-01 00:00:00,0.0
2020-11-02 00:00:00,0.0
2020-11-03 00:00:00,0.0
2020-11-04 00:00:00,0.0
2020-11-05 00:00:00,0.009999999776482582
2020-11-06 00:00:00,0.0
2020-11-07 00:00:00,0.0
2020-11-08 00:00:00,0.0
2020-11-09 00:00:00,40.21500015258789
2020-11-10 00:00:00,0.07500000298023224
2020-11-11 00:00:00,18.71500015258789
2020-11-12 00:00:00,11.489998817443848
2020-11-13 00:00:00,0.0
2020-11-14 00:00:00,1.8450000286102295
2020-11-15 00:00:00,2.0899999141693115
2020-11-16 00:00:00,39.64999771118164
2020-11-17 00:00:00,22.709997177124023
2020-11-18 00:00:00,0.08999999612569809
2020-11-19 00:00:00,0.0
2020-11-20 00:00:00,0.0
2020-11-21 00:00:00,0.0
2020-11-22 00:00:00,0.0
2020-11-23 00:00:00,0.0
2020-11-24 00:00:00,0.23499999940395355
2020-11-25 00:00:00,0.004999999888241291
2020-11-26 00:00:00,10.339998245239258
2020-11-27 00:00:00,0.8500000238418579
2020-11-28 00:00:00,0.574999988079071
2020-11-29 00:00:00,0.0
2020-11-30 00:00:00,6.170000076293945
2020-12-01 00:00:00,13.225000381469727
2020-12-02 00:00:00,0.5199999809265137
2020-12-03 00:00:00,0.0
2020-12-04 00:00:00,4.480000019073486
2020-12-05 00:00:00,11.675000190734863
2020-12-06 00:00:00,0.0
2020-12-07 00:00:00,0.0
2020-12-08 00:00:00,1.084999918937683
2020-12-09 00:00:00,6.164999008178711
2020-12-10 00:00:00,2.4499998092651367
2020-12-11 00:00:00,0.0
2020-12-12 00:00:00,6.705000400543213
2020-12-13 00:00:00,5.235000133514404
2020-12-14 00:00:00,43.429996490478516
2020-12-15 00:00:00,0.0
2020-12-16 00:00:00,12.174999237060547
2020-12-17 00:00:00,0.6499999761581421
2020-12-18 00:00:00,25.73999786376953
2020-12-19 00:00:00,16.049999237060547
2020-12-20 00:00:00,75.61000061035156
2020-12-21 00:00:00,19.79999542236328
2020-12-22 00:00:00,0.6749999523162842
2020-12-23 00:00:00,0.0
2020-12-24 00:00:00,0.3499999940395355
2020-12-25 00:00:00,1.534999966621399
2020-12-26 00:00:00,5.940000534057617
2020-12-27 00:00:00,1.6649999618530273
2020-12-28 00:00:00,42.934993743896484
2020-12-29 00:00:00,0.7300000190734863
2020-12-30 00:00:00,4.465000152587891
2020-12-31 00:00:00,6.529999732971191
2021-01-01 00:00:00,3.2049999237060547
2021-01-02 00:00:00,0.1899999976158142
2021-01-03 00:00:00,0.0
2021-01-04 00:00:00,29.06500244140625
2021-01-05 00:00:00,37.130001068115234
2021-01-06 00:00:00,21.054996490478516
2021-01-07 00:00:00,0.06499999761581421
2021-01-08 00:00:00,12.509998321533203
2021-01-09 00:00:00,7.540000915527344
2021-01-10 00:00:00,18.12999725341797
2021-01-11 00:00:00,47.56499481201172
2021-01-12 00:00:00,52.30999755859375
2021-01-13 00:00:00,23.794998168945312
2021-01-14 00:00:00,1.0449999570846558
2021-01-15 00:00:00,8.599998474121094
2021-01-16 00:00:00,18.014999389648438
2021-01-17 00:00:00,92.5250015258789
2021-01-18 00:00:00,2.7049996852874756
2021-01-19 00:00:00,0.0
2021-01-20 00:00:00,0.22999998927116394
2021-01-21 00:00:00,0.25999999046325684
2021-01-22 00:00:00,3.679999828338623
2021-01-23 00:00:00,6.010000228881836
2021-01-24 00:00:00,2.0450000762939453
2021-01-25 00:00:00,3.7100000381469727
2021-01-26 00:00:00,11.944999694824219
2021-01-27 00:00:00,6.569999694824219
2021-01-28 00:00:00,49.80000305175781
2021-01-29 00:00:00,0.6649999618530273
2021-01-30 00:00:00,0.2849999964237213
2021-01-31 00:00:00,29.42499542236328
2021-02-01 00:00:00,10.255000114440918
2021-02-02 00:00:00,34.41999816894531
2021-02-03 00:00:00,118.58000183105469
2021-02-04 00:00:00,64.15499877929688
2021-02-05 00:00:00,0.4899999797344208
2021-02-06 00:00:00,1.1700000762939453
2021-02-07 00:00:00,0.05999999865889549
2021-02-08 00:00:00,4.609999656677246
2021-02-09 00:00:00,3.005000114440918
2021-02-10 00:00:00,13.909998893737793
2021-02-11 00:00:00,1.375
2021-02-12 00:00:00,0.014999999664723873
2021-02-13 00:00:00,0.0
2021-02-14 00:00:00,0.125
2021-02-15 00:00:00,16.69499969482422
2021-02-16 00:00:00,9.015000343322754
2021-02-17 00:00:00,26.884998321533203
2021-02-18 00:00:00,1.790000081062317
2021-02-19 00:00:00,0.17999999225139618
2021-02-20 00:00:00,10.97499942779541
2021-02-21 00:00:00,0.3449999988079071
2021-02-22 00:00:00,0.48499995470046997
2021-02-23 00:00:00,0.22999998927116394
2021-02-24 00:00:00,10.975000381469727
2021-02-25 00:00:00,0.10999999940395355
2021-02-26 00:00:00,3.0199999809265137
2021-02-27 00:00:00,3.6750001907348633
2021-02-28 00:00:00,1.0199999809265137
2021-03-01 00:00:00,0.23499998450279236
2021-03-02 00:00:00,0.7949999570846558
2021-03-03 00:00:00,3.1649999618530273
2021-03-04 00:00:00,1.4049999713897705
2021-03-05 00:00:00,35.11499786376953
2021-03-06 00:00:00,0.7049999833106995
2021-03-07 00:00:00,0.0
2021-03-08 00:00:00,5.114999294281006
2021-03-09 00:00:00,6.849999904632568
2021-03-10 00:00:00,0.0
2021-03-11 00:00:00,0.0
2021-03-12 00:00:00,8.434999465942383
2021-03-13 00:00:00,16.375
2021-03-14 00:00:00,5.829999923706055
2021-03-15 00:00:00,0.7599999904632568
2021-03-16 00:00:00,0.16499999165534973
2021-03-17 00:00:00,122.86000061035156
2021-03-18 00:00:00,1.4499999284744263
2021-03-19 00:00:00,0.14499999582767487
2021-03-20 00:00:00,0.0
2021-03-21 00:00:00,5.294999122619629
2021-03-22 00:00:00,0.7799999713897705
2021-03-23 00:00:00,0.10500000417232513
2021-03-24 00:00:00,0.0
2021-03-25 00:00:00,2.179999828338623
2021-03-26 00:00:00,20.010000228881836
2021-03-27 00:00:00,97.93498992919922
2021-03-28 00:00:00,4.889999866485596
2021-03-29 00:00:00,0.054999999701976776
2021-03-30 00:00:00,1.434999942779541
2021-03-31 00:00:00,0.0
2021-04-01 00:00:00,9.494999885559082
2021-04-02 00:00:00,0.0
2021-04-03 00:00:00,0.5149999856948853
2021-04-04 00:00:00,2.2350001335144043
2021-04-05 00:00:00,0.22499999403953552
2021-04-06 00:00:00,10.975000381469727
2021-04-07 00:00:00,0.0
2021-04-08 00:00:00,0.0
2021-04-09 00:00:00,17.23499870300293
2021-04-10 00:00:00,24.470001220703125
2021-04-11 00:00:00,19.020000457763672
2021-04-12 00:00:00,5.390000343322754
2021-04-13 00:00:00,0.0
2021-04-14 00:00:00,0.0
2021-04-15 00:00:00,0.9899999499320984
2021-04-16 00:00:00,0.9300000071525574
2021-04-17 00:00:00,0.12999999523162842
2021-04-18 00:00:00,0.0
2021-04-19 00:00:00,0.14499999582767487
2021-04-20 00:00:00,0.0
2021-04-21 00:00:00,0.0
2021-04-22 00:00:00,1.2799999713897705
2021-04-23 00:00:00,0.11499999463558197
2021-04-24 00:00:00,28.65500259399414
2021-04-25 00:00:00,1.0
2021-04-26 00:00:00,0.0
2021-04-27 00:00:00,0.0
2021-04-28 00:00:00,0.019999999552965164
2021-04-29 00:00:00,0.009999999776482582
2021-04-30 00:00:00,0.0
2021-05-01 00:00:00,0.0
2021-05-02 00:00:00,0.0
2021-05-03 00:00:00,0.0
2021-05-04 00:00:00,0.0
2021-05-05 00:00:00,20.045000076293945
2021-05-06 00:00:00,0.0
2021-05-07 00:00:00,0.05999999865889549
2021-05-08 00:00:00,0.0
2021-05-09 00:00:00,0.0
2021-05-10 00:00:00,0.0
2021-05-11 00:00:00,0.0
2021-05-12 00:00:00,0.0
2021-05-13 00:00:00,0.0
2021-05-14 00:00:00,0.0
2021-05-15 00:00:00,0.0
2021-05-16 00:00:00,0.0
2021-05-17 00:00:00,0.25999999046325684
2021-05-18 00:00:00,0.0
2021-05-19 00:00:00,0.0
2021-05-20 00:00:00,0.0
2021-05-21 00:00:00,0.0
2021-05-22 00:00:00,0.0
2021-05-23 00:00:00,0.019999999552965164
2021-05-24 00:00:00,0.0
2021-05-25 00:00:00,1.6949999332427979
2021-05-26 00:00:00,0.04999999701976776
2021-05-27 00:00:00,0.0
2021-05-28 00:00:00,0.0
2021-05-29 00:00:00,0.0
2021-05-30 00:00:00,0.41499996185302734
2021-05-31 00:00:00,0.0
2021-06-01 00:00:00,0.41499996185302734
2021-06-02 00:00:00,0.009999999776482582
2021-06-03 00:00:00,0.0
2021-06-04 00:00:00,0.0
2021-06-05 00:00:00,0.26499998569488525
2021-06-06 00:00:00,6.085000038146973
2021-06-07 00:00:00,0.0
2021-06-08 00:00:00,0.0
2021-06-09 00:00:00,0.0
2021-06-10 00:00:00,0.14999999105930328
2021-06-11 00:00:00,1.1449999809265137
2021-06-12 00:00:00,0.0
2021-06-13 00:00:00,0.0
2021-06-14 00:00:00,0.0
2021-06-15 00:00:00,0.0
2021-06-16 00:00:00,0.0
2021-06-17 00:00:00,0.0
2021-06-18 00:00:00,0.0
2021-06-19 00:00:00,0.0
2021-06-20 00:00:00,0.0
2021-06-21 00:00:00,0.0
2021-06-22 00:00:00,0.0
2021-06-23 00:00:00,0.0
2021-06-24 00:00:00,0.0
2021-06-25 00:00:00,0.004999999888241291
2021-06-26 00:00:00,0.0
2021-06-27 00:00:00,37.04999542236328
2021-06-28 00:00:00,0.0
2021-06-29 00:00:00,0.0
2021-06-30 00:00:00,0.0
2021-07-01 00:00:00,0.0
2021-07-02 00:00:00,0.0
2021-07-03 00:00:00,0.0
2021-07-04 00:00:00,0.0
2021-07-05 00:00:00,0.0
2021-07-06 00:00:00,0.0
2021-07-07 00:00:00,0.0
2021-07-08 00:00:00,0.0
2021-07-09 00:00:00,0.0
2021-07-10 00:00:00,0.0
2021-07-11 00:00:00,4.305000305175781
2021-07-12 00:00:00,0.0
2021-07-13 00:00:00,0.0
2021-07-14 00:00:00,0.0
2021-07-15 00:00:00,0.0
2021-07-16 00:00:00,0.0
2021-07-17 00:00:00,0.0
2021-07-18 00:00:00,0.4699999988079071
2021-07-19 00:00:00,0.0
2021-07-20 00:00:00,0.0
2021-07-21 00:00:00,3.179999828338623
2021-07-22 00:00:00,0.0
2021-07-23 00:00:00,0.0
2021-07-24 00:00:00,0.0
2021-07-25 00:00:00,0.0
2021-07-26 00:00:00,0.0
2021-07-27 00:00:00,19.64499855041504
2021-07-28 00:00:00,0.0
2021-07-29 00:00:00,0.0
2021-07-30 00:00:00,0.0
2021-07-31 00:00:00,0.0
2021-08-01 00:00:00,0.0
2021-08-02 00:00:00,0.0
2021-08-03 00:00:00,0.009999999776482582
2021-08-04 00:00:00,1.149999976158142
2021-08-05 00:00:00,0.05999999865889549
2021-08-06 00:00:00,0.0
2021-08-07 00:00:00,0.0
2021-08-08 00:00:00,0.0
2021-08-09 00:00:00,0.0
2021-08-10 00:00:00,1.0999999046325684
2021-08-11 00:00:00,0.0
2021-08-12 00:00:00,0.0
2021-08-13 00:00:00,0.0
2021-08-14 00:00:00,0.0
2021-08-15 00:00:00,0.0
2021-08-16 00:00:00,0.0
2021-08-17 00:00:00,0.0
2021-08-18 00:00:00,0.0
2021-08-19 00:00:00,0.0
2021-08-20 00:00:00,0.0
2021-08-21 00:00:00,2.6049997806549072
2021-08-22 00:00:00,0.0
2021-08-23 00:00:00,0.0
2021-08-24 00:00:00,21.215002059936523
2021-08-25 00:00:00,7.7699995040893555
2021-08-26 00:00:00,2.870000123977661
2021-08-27 00:00:00,6.215000152587891
2021-08-28 00:00:00,2.384999990463257
2021-08-29 00:00:00,0.0
2021-08-30 00:00:00,0.0
2021-08-31 00:00:00,0.0
2021-09-01 00:00:00,0.0
2021-09-02 00:00:00,0.0
2021-09-03 00:00:00,2.559999942779541
2021-09-04 00:00:00,0.0
2021-09-05 00:00:00,0.8850000500679016
2021-09-06 00:00:00,3.1449999809265137
2021-09-07 00:00:00,12.189998626708984
2021-09-08 00:00:00,3.9499998092651367
2021-09-09 00:00:00,13.769998550415039
2021-09-10 00:00:00,0.08500000089406967
2021-09-11 00:00:00,0.0
2021-09-12 00:00:00,1.1200000047683716
2021-09-13 00:00:00,2.375
2021-09-14 00:00:00,2.6049997806549072
2021-09-15 00:00:00,29.65499496459961
2021-09-16 00:00:00,0.0
2021-09-17 00:00:00,0.0
2021-09-18 00:00:00,0.0
2021-09-19 00:00:00,1.534999966621399
2021-09-20 00:00:00,3.2149996757507324
2021-09-21 00:00:00,0.5849999785423279
2021-09-22 00:00:00,1.1899998188018799
2021-09-23 00:00:00,0.3999999761581421
2021-09-24 00:00:00,0.0
2021-09-25 00:00:00,0.0
2021-09-26 00:00:00,0.0
2021-09-27 00:00:00,0.2199999988079071
2021-09-28 00:00:00,2.565000057220459
2021-09-29 00:00:00,0.17999999225139618
2021-09-30 00:00:00,0.0
2021-10-01 00:00:00,0.0
2021-10-02 00:00:00,1.5649999380111694
2021-10-03 00:00:00,0.02499999850988388
2021-10-04 00:00:00,44.795005798339844
2021-10-05 00:00:00,0.0
2021-10-06 00:00:00,0.044999998062849045
2021-10-07 00:00:00,59.94499206542969
2021-10-08 00:00:00,0.07500000298023224
2021-10-09 00:00:00,3.4499998092651367
2021-10-10 00:00:00,18.500001907348633
2021-10-11 00:00:00,28.39999771118164
2021-10-12 00:00:00,0.0
2021-10-13 00:00:00,0.0
2021-10-14 00:00:00,13.394998550415039
2021-10-15 00:00:00,3.8500003814697266
2021-10-16 00:00:00,0.12999999523162842
2021-10-17 00:00:00,0.0
2021-10-18 00:00:00,0.0
2021-10-19 00:00:00,0.0
2021-10-20 00:00:00,0.009999999776482582
2021-10-21 00:00:00,0.019999999552965164
2021-10-22 00:00:00,0.0
2021-10-23 00:00:00,0.1899999976158142
2021-10-24 00:00:00,8.03499984741211
2021-10-25 00:00:00,0.4999999701976776
2021-10-26 00:00:00,0.0
2021-10-27 00:00:00,0.014999999664723873
2021-10-28 00:00:00,0.0
2021-10-29 00:00:00,0.3700000047683716
2021-10-30 00:00:00,3.9799997806549072
2021-10-31 00:00:00,2.0850000381469727
2021-11-01 00:00:00,0.0
2021-11-02 00:00:00,7.684998512268066
2021-11-03 00:00:00,0.014999999664723873
2021-11-04 00:00:00,0.09999999403953552
2021-11-05 00:00:00,10.194999694824219
2021-11-06 00:00:00,102.84001159667969
2021-11-07 00:00:00,0.0
2021-11-08 00:00:00,0.0
2021-11-09 00:00:00,0.0
2021-11-10 00:00:00,0.0
2021-11-11 00:00:00,18.630001068115234
2021-11-12 00:00:00,0.3999999761581421
2021-11-13 00:00:00,3.0900001525878906
2021-11-14 00:00:00,0.12000000476837158
2021-11-15 00:00:00,72.93501281738281
2021-11-16 00:00:00,0.07499999552965164
2021-11-17 00:00:00,3.0850000381469727
2021-11-18 00:00:00,0.0
2021-11-19 00:00:00,0.0
2021-11-20 00:00:00,0.0
2021-11-21 00:00:00,0.0
2021-11-22 00:00:00,0.0
2021-11-23 00:00:00,26.500001907348633
2021-11-24 00:00:00,6.6399993896484375
2021-11-25 00:00:00,0.0
2021-11-26 00:00:00,51.959999084472656
2021-11-27 00:00:00,0.29499998688697815
2021-11-28 00:00:00,2.874999761581421
2021-11-29 00:00:00,67.00999450683594
2021-11-30 00:00:00,0.0
2021-12-01 00:00:00,0.0
2021-12-02 00:00:00,6.139999866485596
2021-12-03 00:00:00,3.4050002098083496
2021-12-04 00:00:00,13.129999160766602
2021-12-05 00:00:00,11.585000038146973
2021-12-06 00:00:00,11.749999046325684
2021-12-07 00:00:00,0.24500000476837158
2021-12-08 00:00:00,0.0
2021-12-09 00:00:00,0.0
2021-12-10 00:00:00,0.07499999552965164
2021-12-11 00:00:00,6.179999828338623
2021-12-12 00:00:00,13.460000038146973
2021-12-13 00:00:00,1.024999976158142
2021-12-14 00:00:00,23.02499771118164
2021-12-15 00:00:00,1.7000000476837158
2021-12-16 00:00:00,4.005000114440918
2021-12-17 00:00:00,5.1050004959106445
2021-12-18 00:00:00,1.0750000476837158
2021-12-19 00:00:00,17.30499839782715
2021-12-20 00:00:00,20.079998016357422
2021-12-21 00:00:00,49.55500793457031
2021-12-22 00:00:00,15.745000839233398
2021-12-23 00:00:00,50.85000228881836
2021-12-24 00:00:00,1.5099999904632568
2021-12-25 00:00:00,3.25
2021-12-26 00:00:00,5.62000036239624
2021-12-27 00:00:00,0.0
2021-12-28 00:00:00,1.3650000095367432
2021-12-29 00:00:00,24.375
2021-12-30 00:00:00,0.0
2021-12-31 00:00:00,0.0
2022-01-01 00:00:00,0.0
2022-01-02 00:00:00,15.610000610351562
2022-01-03 00:00:00,5.519999980926514
2022-01-04 00:00:00,10.424999237060547
2022-01-05 00:00:00,58.834999084472656
2022-01-06 00:00:00,1.4499999284744263
2022-01-07 00:00:00,5.029999732971191
2022-01-08 00:00:00,5.199999809265137
2022-01-09 00:00:00,0.5450000166893005
2022-01-10 00:00:00,9.789999008178711
2022-01-11 00:00:00,2.935000419616699
2022-01-12 00:00:00,0.2800000011920929
2022-01-13 00:00:00,0.4449999928474426
2022-01-14 00:00:00,0.10999999940395355
2022-01-15 00:00:00,2.004999876022339
2022-01-16 00:00:00,1.1649998426437378
2022-01-17 00:00:00,3.819999933242798
2022-01-18 00:00:00,3.5099997520446777
2022-01-19 00:00:00,1.2050000429153442
2022-01-20 00:00:00,5.9599995613098145
2022-01-21 00:00:00,0.0
2022-01-22 00:00:00,0.08999999612569809
2022-01-23 00:00:00,52.779998779296875
2022-01-24 00:00:00,12.759998321533203
2022-01-25 00:00:00,0.0
2022-01-26 00:00:00,0.9900000095367432
2022-01-27 00:00:00,100.78498840332031
2022-01-28 00:00:00,13.879997253417969
2022-01-29 00:00:00,2.509999990463257
2022-01-30 00:00:00,2.4599997997283936
2022-01-31 00:00:00,0.699999988079071
2022-02-01 00:00:00,33.970001220703125
2022-02-02 00:00:00,3.044999599456787
2022-02-03 00:00:00,8.755000114440918
2022-02-04 00:00:00,10.630001068115234
2022-02-05 00:00:00,117.78500366210938
2022-02-06 00:00:00,39.40999221801758
2022-02-07 00:00:00,0.36500000953674316
2022-02-08 00:00:00,0.4699999690055847
2022-02-09 00:00:00,0.0
2022-02-10 00:00:00,0.0
2022-02-11 00:00:00,0.0
2022-02-12 00:00:00,17.709999084472656
2022-02-13 00:00:00,0.39499998092651367
2022-02-14 00:00:00,0.0
2022-02-15 00:00:00,1.4849998950958252
2022-02-16 00:00:00,1.369999885559082
2022-02-17 00:00:00,1.0049999952316284
2022-02-18 00:00:00,18.999998092651367
2022-02-19 00:00:00,0.0
2022-02-20 00:00:00,0.0
2022-02-21 00:00:00,3.249999761581421
2022-02-22 00:00:00,0.9199999570846558
2022-02-23 00:00:00,0.29999998211860657
2022-02-24 00:00:00,2.924999713897705
2022-02-25 00:00:00,15.839999198913574
2022-02-26 00:00:00,0.0
2022-02-27 00:00:00,1.6500000953674316
2022-02-28 00:00:00,7.604999542236328
2022-03-01 00:00:00,19.104999542236328
2022-03-02 00:00:00,9.229999542236328
2022-03-03 00:00:00,6.225000381469727
2022-03-04 00:00:00,0.0
2022-03-05 00:00:00,0.0
2022-03-06 00:00:00,17.68499755859375
2022-03-07 00:00:00,2.6600000858306885
2022-03-08 00:00:00,23.5
2022-03-09 00:00:00,1.7100000381469727
2022-03-10 00:00:00,0.9149999618530273
2022-03-11 00:00:00,1.2149999141693115
2022-03-12 00:00:00,3.3899998664855957
2022-03-13 00:00:00,0.0
2022-03-14 00:00:00,0.47999998927116394
2022-03-15 00:00:00,6.795000076293945
2022-03-16 00:00:00,1.434999942779541
2022-03-17 00:00:00,0.0
2022-03-18 00:00:00,0.39000004529953003
2022-03-19 00:00:00,0.9249999523162842
2022-03-20 00:00:00,9.460000038146973
2022-03-21 00:00:00,0.0
2022-03-22 00:00:00,0.0
2022-03-23 00:00:00,15.155000686645508
2022-03-24 00:00:00,8.579999923706055
2022-03-25 00:00:00,142.5449981689453
2022-03-26 00:00:00,4.809999942779541
2022-03-27 00:00:00,0.0
2022-03-28 00:00:00,0.009999999776482582
2022-03-29 00:00:00,0.0
2022-03-30 00:00:00,3.3499999046325684
2022-03-31 00:00:00,41.375003814697266
2022-04-01 00:00:00,0.08999999612569809
2022-04-02 00:00:00,0.0
2022-04-03 00:00:00,0.06499999761581421
2022-04-04 00:00:00,0.0
2022-04-05 00:00:00,4.849999904632568
2022-04-06 00:00:00,0.7099999785423279
2022-04-07 00:00:00,6.295000076293945
2022-04-08 00:00:00,7.234999656677246
2022-04-09 00:00:00,9.255001068115234
2022-04-10 00:00:00,67.99000549316406
2022-04-11 00:00:00,114.58500671386719
2022-04-12 00:00:00,0.0
2022-04-13 00:00:00,3.489999771118164
2022-04-14 00:00:00,3.5399999618530273
2022-04-15 00:00:00,0.0
2022-04-16 00:00:00,0.0
2022-04-17 00:00:00,0.0
2022-04-18 00:00:00,0.0
2022-04-19 00:00:00,0.0
2022-04-20 00:00:00,0.0
2022-04-21 00:00:00,0.0
2022-04-22 00:00:00,0.0
2022-04-23 00:00:00,0.0
2022-04-24 00:00:00,0.0
2022-04-25 00:00:00,0.1599999964237213
2022-04-26 00:00:00,1.7799999713897705
2022-04-27 00:00:00,0.0
2022-04-28 00:00:00,13.100000381469727
2022-04-29 00:00:00,21.440000534057617
2022-04-30 00:00:00,0.0
2022-05-01 00:00:00,0.0
2022-05-02 00:00:00,0.0
2022-05-03 00:00:00,2.799999952316284
2022-05-04 00:00:00,0.0
2022-05-05 00:00:00,0.0
2022-05-06 00:00:00,0.0
2022-05-07 00:00:00,0.0
2022-05-08 00:00:00,0.0
2022-05-09 00:00:00,0.0
2022-05-10 00:00:00,0.0
2022-05-11 00:00:00,0.1849999874830246
2022-05-12 00:00:00,0.0
2022-05-13 00:00:00,0.0
2022-05-14 00:00:00,0.0
2022-05-15 00:00:00,0.0
2022-05-16 00:00:00,0.0
2022-05-17 00:00:00,0.0
2022-05-18 00:00:00,0.0
2022-05-19 00:00:00,0.625
2022-05-20 00:00:00,0.0
2022-05-21 00:00:00,0.0
2022-05-22 00:00:00,0.0
2022-05-23 00:00:00,0.0
2022-05-24 00:00:00,0.0
2022-05-25 00:00:00,0.4449999928474426
2022-05-26 00:00:00,4.505000114440918
2022-05-27 00:00:00,0.0
2022-05-28 00:00:00,9.149999618530273
2022-05-29 00:00:00,0.0
2022-05-30 00:00:00,10.644999504089355
2022-05-31 00:00:00,16.98499870300293
2022-06-01 00:00:00,7.335000038146973
2022-06-02 00:00:00,0.05999999865889549
2022-06-03 00:00:00,0.0
2022-06-04 00:00:00,0.0
2022-06-05 00:00:00,0.0
2022-06-06 00:00:00,13.769998550415039
2022-06-07 00:00:00,3.9149999618530273
2022-06-08 00:00:00,0.0
2022-06-09 00:00:00,0.0
2022-06-10 00:00:00,16.849998474121094
2022-06-11 00:00:00,0.7849999666213989
2022-06-12 00:00:00,0.0
2022-06-13 00:00:00,0.0
2022-06-14 00:00:00,0.0
2022-06-15 00:00:00,0.0
2022-06-16 00:00:00,0.0
2022-06-17 00:00:00,0.0
2022-06-18 00:00:00,0.4650000035762787
2022-06-19 00:00:00,0.0
2022-06-20 00:00:00,0.0
2022-06-21 00:00:00,0.0
2022-06-22 00:00:00,0.0
2022-06-23 00:00:00,7.635001182556152
2022-06-24 00:00:00,0.0
2022-06-25 00:00:00,0.0
2022-06-26 00:00:00,0.0
2022-06-27 00:00:00,0.0
2022-06-28 00:00:00,0.0
2022-06-29 00:00:00,0.0
2022-06-30 00:00:00,0.0
2022-07-01 00:00:00,0.0
2022-07-02 00:00:00,0.0
2022-07-03 00:00:00,0.0
2022-07-04 00:00:00,0.699999988079071
2022-07-05 00:00:00,0.0
2022-07-06 00:00:00,0.0
2022-07-07 00:00:00,0.0
2022-07-08 00:00:00,1.7400000095367432
2022-07-09 00:00:00,0.0
2022-07-10 00:00:00,2.5
2022-07-11 00:00:00,0.004999999888241291
2022-07-12 00:00:00,26.55500030517578
2022-07-13 00:00:00,0.0
2022-07-14 00:00:00,0.0
2022-07-15 00:00:00,0.12999999523162842
2022-07-16 00:00:00,0.06499999761581421
2022-07-17 00:00:00,11.929999351501465
2022-07-18 00:00:00,0.0
2022-07-19 00:00:00,0.0
2022-07-20 00:00:00,0.0
2022-07-21 00:00:00,0.0
2022-07-22 00:00:00,0.0
2022-07-23 00:00:00,0.0
2022-07-24 00:00:00,0.0
2022-07-25 00:00:00,0.0
2022-07-26 00:00:00,0.0
2022-07-27 00:00:00,0.0
2022-07-28 00:00:00,0.5550000071525574
2022-07-29 00:00:00,0.0
2022-07-30 00:00:00,0.0
2022-07-31 00:00:00,0.0
2022-08-01 00:00:00,0.0949999988079071
2022-08-02 00:00:00,0.5299999713897705
2022-08-03 00:00:00,0.2199999988079071
2022-08-04 00:00:00,1.09499990940094
2022-08-05 00:00:00,7.609999656677246
2022-08-06 00:00:00,16.994998931884766
2022-08-07 00:00:00,8.080000877380371
2022-08-08 00:00:00,24.240001678466797
2022-08-09 00:00:00,0.1899999976158142
2022-08-10 00:00:00,0.0
2022-08-11 00:00:00,0.0
2022-08-12 00:00:00,0.0
2022-08-13 00:00:00,0.0
2022-08-14 00:00:00,0.0
2022-08-15 00:00:00,0.0
2022-08-16 00:00:00,0.0
2022-08-17 00:00:00,0.0
2022-08-18 00:00:00,0.029999999329447746
2022-08-19 00:00:00,0.0
2022-08-20 00:00:00,0.0
2022-08-21 00:00:00,0.0
2022-08-22 00:00:00,0.0
2022-08-23 00:00:00,0.0
2022-08-24 00:00:00,0.0
2022-08-25 00:00:00,0.0
2022-08-26 00:00:00,0.0
2022-08-27 00:00:00,0.0
2022-08-28 00:00:00,2.2850000858306885
2022-08-29 00:00:00,0.004999999888241291
2022-08-30 00:00:00,0.0
2022-08-31 00:00:00,0.0
2022-09-01 00:00:00,0.0
2022-09-02 00:00:00,2.830000162124634
2022-09-03 00:00:00,0.25999999046325684
2022-09-04 00:00:00,0.0
2022-09-05 00:00:00,0.0
2022-09-06 00:00:00,0.0
2022-09-07 00:00:00,0.0
2022-09-08 00:00:00,0.0
2022-09-09 00:00:00,0.0
2022-09-10 00:00:00,0.0
2022-09-11 00:00:00,0.0
2022-09-12 00:00:00,0.0
2022-09-13 00:00:00,10.289999961853027
2022-09-14 00:00:00,15.619998931884766
2022-09-15 00:00:00,0.17999999225139618
2022-09-16 00:00:00,0.11999999731779099
2022-09-17 00:00:00,0.0
2022-09-18 00:00:00,0.0
2022-09-19 00:00:00,0.4350000023841858
2022-09-20 00:00:00,10.84000015258789
2022-09-21 00:00:00,0.0
2022-09-22 00:00:00,31.53499984741211
2022-09-23 00:00:00,0.0
2022-09-24 00:00:00,0.10999999940395355
2022-09-25 00:00:00,0.004999999888241291
2022-09-26 00:00:00,10.654998779296875
2022-09-27 00:00:00,0.14499999582767487
2022-09-28 00:00:00,1.215000033378601
2022-09-29 00:00:00,0.6549999713897705
2022-09-30 00:00:00,0.0
2022-10-01 00:00:00,0.0
2022-10-02 00:00:00,0.0
2022-10-03 00:00:00,6.8000006675720215
2022-10-04 00:00:00,0.25999999046325684
2022-10-05 00:00:00,1.209999918937683
2022-10-06 00:00:00,5.064999580383301
2022-10-07 00:00:00,1.1949998140335083
2022-10-08 00:00:00,0.0
2022-10-09 00:00:00,1.9899998903274536
2022-10-10 00:00:00,0.0
2022-10-11 00:00:00,0.0
2022-10-12 00:00:00,0.0
2022-10-13 00:00:00,0.08500000089406967
2022-10-14 00:00:00,0.04999999701976776
2022-10-15 00:00:00,0.0
2022-10-16 00:00:00,0.0
2022-10-17 00:00:00,23.229997634887695
2022-10-18 00:00:00,0.0
2022-10-19 00:00:00,0.8999999761581421
2022-10-20 00:00:00,5.2699995040893555
2022-10-21 00:00:00,19.94499969482422
2022-10-22 00:00:00,0.3149999976158142
2022-10-23 00:00:00,0.13999998569488525
2022-10-24 00:00:00,0.0
2022-10-25 00:00:00,0.0
2022-10-26 00:00:00,0.0
2022-10-27 00:00:00,62.87000274658203
2022-10-28 00:00:00,0.0
2022-10-29 00:00:00,2.384999990463257
2022-10-30 00:00:00,5.464999675750732
2022-10-31 00:00:00,26.869998931884766
2022-11-01 00:00:00,4.840000152587891
2022-11-02 00:00:00,0.0
2022-11-03 00:00:00,0.0
2022-11-04 00:00:00,0.14499999582767487
2022-11-05 00:00:00,0.0
2022-11-06 00:00:00,0.0
2022-11-07 00:00:00,0.044999998062849045
2022-11-08 00:00:00,0.009999999776482582
2022-11-09 00:00:00,0.10999999940395355
2022-11-10 00:00:00,1.3550000190734863
2022-11-11 00:00:00,0.0
2022-11-12 00:00:00,55.154998779296875
2022-11-13 00:00:00,0.0
2022-11-14 00:00:00,3.0949997901916504
2022-11-15 00:00:00,0.0
2022-11-16 00:00:00,0.0
2022-11-17 00:00:00,0.0
2022-11-18 00:00:00,0.0
2022-11-19 00:00:00,0.6749999523162842
2022-11-20 00:00:00,1.8249998092651367
2022-11-21 00:00:00,13.295000076293945
2022-11-22 00:00:00,2.6599998474121094
2022-11-23 00:00:00,0.019999999552965164
2022-11-24 00:00:00,0.0
2022-11-25 00:00:00,0.0
2022-11-26 00:00:00,0.0
2022-11-27 00:00:00,0.0
2022-11-28 00:00:00,0.0
2022-11-29 00:00:00,3.559999942779541
2022-11-30 00:00:00,0.0
2022-12-01 00:00:00,2.9700000286102295
2022-12-02 00:00:00,2.489999532699585
2022-12-03 00:00:00,0.3649999797344208
2022-12-04 00:00:00,5.830000400543213
2022-12-05 00:00:00,0.5
2022-12-06 00:00:00,0.6599999666213989
2022-12-07 00:00:00,26.8700008392334
2022-12-08 00:00:00,0.0
2022-12-09 00:00:00,0.029999999329447746
2022-12-10 00:00:00,6.135001182556152
2022-12-11 00:00:00,41.35999298095703
2022-12-12 00:00:00,0.0
2022-12-13 00:00:00,7.319999694824219
2022-12-14 00:00:00,0.23999997973442078
2022-12-15 00:00:00,0.41499996185302734
2022-12-16 00:00:00,1.6949998140335083
2022-12-17 00:00:00,0.2799999713897705
2022-12-18 00:00:00,58.130001068115234
2022-12-19 00:00:00,20.71500015258789
2022-12-20 00:00:00,0.0
2022-12-21 00:00:00,1.809999942779541
2022-12-22 00:00:00,1.7200000286102295
2022-12-23 00:00:00,5.150000095367432
2022-12-24 00:00:00,0.28999999165534973
2022-12-25 00:00:00,0.4449999928474426
2022-12-26 00:00:00,0.0
2022-12-27 00:00:00,0.0
2022-12-28 00:00:00,72.42999267578125
2022-12-29 00:00:00,38.549991607666016
2022-12-30 00:00:00,0.0
2022-12-31 00:00:00,1.1200000047683716
2023-01-01 00:00:00,7.149998664855957
2023-01-02 00:00:00,22.334997177124023
2023-01-03 00:00:00,18.91999626159668
2023-01-04 00:00:00,78.81499481201172
2023-01-05 00:00:00,0.18000000715255737
2023-01-06 00:00:00,0.0
2023-01-07 00:00:00,0.0
2023-01-08 00:00:00,12.979999542236328
2023-01-09 00:00:00,3.2899997234344482
2023-01-10 00:00:00,0.0
2023-01-11 00:00:00,5.085000038146973
2023-01-12 00:00:00,1.5799999237060547
2023-01-13 00:00:00,8.78499984741211
2023-01-14 00:00:00,58.355003356933594
2023-01-15 00:00:00,0.0
2023-01-16 00:00:00,0.5699999928474426
2023-01-17 00:00:00,0.0
2023-01-18 00:00:00,0.3149999976158142
2023-01-19 00:00:00,29.234996795654297
2023-01-20 00:00:00,0.0
2023-01-21 00:00:00,0.0
2023-01-22 00:00:00,11.649999618530273
2023-01-23 00:00:00,26.604999542236328
2023-01-24 00:00:00,62.584999084472656
2023-01-25 00:00:00,56.93999481201172
2023-01-26 00:00:00,29.334999084472656
2023-01-27 00:00:00,4.269999980926514
2023-01-28 00:00:00,0.4999999701976776
2023-01-29 00:00:00,51.29499816894531
2023-01-30 00:00:00,5.810000419616699
2023-01-31 00:00:00,26.280000686645508
2023-02-01 00:00:00,1.3950001001358032
2023-02-02 00:00:00,12.180000305175781
2023-02-03 00:00:00,22.394996643066406
2023-02-04 00:00:00,15.634998321533203
2023-02-05 00:00:00,1.2599999904632568
2023-02-06 00:00:00,0.42500001192092896
2023-02-07 00:00:00,35.054996490478516
2023-02-08 00:00:00,4.544999599456787
2023-02-09 00:00:00,1.5499999523162842
2023-02-10 00:00:00,19.80500030517578
2023-02-11 00:00:00,1.149999976158142
2023-02-12 00:00:00,4.210000038146973
2023-02-13 00:00:00,26.404998779296875
2023-02-14 00:00:00,52.93499755859375
2023-02-15 00:00:00,4.985000133514404
2023-02-16 00:00:00,12.269998550415039
2023-02-17 00:00:00,22.009998321533203
2023-02-18 00:00:00,3.260000228881836
2023-02-19 00:00:00,0.0
2023-02-20 00:00:00,0.9099999666213989
2023-02-21 00:00:00,0.0
2023-02-22 00:00:00,0.0
2023-02-23 00:00:00,19.779998779296875
2023-02-24 00:00:00,60.2599983215332
2023-02-25 00:00:00,3.8949999809265137
2023-02-26 00:00:00,6.53000020980835
2023-02-27 00:00:00,3.934999942779541
2023-02-28 00:00:00,0.08500000089406967
2023-03-01 00:00:00,0.0
2023-03-02 00:00:00,47.06499481201172
2023-03-03 00:00:00,12.970001220703125
2023-03-04 00:00:00,0.054999999701976776
2023-03-05 00:00:00,0.8149999380111694
2023-03-06 00:00:00,0.5949999690055847
2023-03-07 00:00:00,26.670001983642578
2023-03-08 00:00:00,17.39499855041504
2023-03-09 00:00:00,1.1999999284744263
2023-03-10 00:00:00,0.125
2023-03-11 00:00:00,0.5600000023841858
2023-03-12 00:00:00,0.0
2023-03-13 00:00:00,0.5999999642372131
2023-03-14 00:00:00,3.7649996280670166
2023-03-15 00:00:00,41.44499969482422
2023-03-16 00:00:00,0.7950000762939453
2023-03-17 00:00:00,0.1599999964237213
2023-03-18 00:00:00,4.87999963760376
2023-03-19 00:00:00,0.4300000071525574
2023-03-20 00:00:00,1.09499990940094
2023-03-21 00:00:00,0.009999999776482582
2023-03-22 00:00:00,0.0
2023-03-23 00:00:00,77.11000061035156
2023-03-24 00:00:00,28.004993438720703
2023-03-25 00:00:00,0.4599999785423279
2023-03-26 00:00:00,2.005000114440918
2023-03-27 00:00:00,0.4949999749660492
2023-03-28 00:00:00,0.0
2023-03-29 00:00:00,0.0
2023-03-30 00:00:00,22.43000030517578
2023-03-31 00:00:00,47.900001525878906
2023-04-01 00:00:00,0.0
2023-04-02 00:00:00,1.8949999809265137
2023-04-03 00:00:00,1.0149999856948853
2023-04-04 00:00:00,13.084999084472656
2023-04-05 00:00:00,65.54000854492188
2023-04-06 00:00:00,2.43999981880188
2023-04-07 00:00:00,2.640000104904175
2023-04-08 00:00:00,0.0
2023-04-09 00:00:00,0.0
2023-04-10 00:00:00,0.0
2023-04-11 00:00:00,0.0
2023-04-12 00:00:00,0.0
2023-04-13 00:00:00,0.0
2023-04-14 00:00:00,32.47500228881836
2023-04-15 00:00:00,0.0
2023-04-16 00:00:00,0.0
2023-04-17 00:00:00,0.0
2023-04-18 00:00:00,0.0
2023-04-19 00:00:00,4.070000171661377
2023-04-20 00:00:00,0.0
2023-04-21 00:00:00,0.0
2023-04-22 00:00:00,0.0
2023-04-23 00:00:00,0.0
2023-04-24 00:00:00,0.0
2023-04-25 00:00:00,0.0
2023-04-26 00:00:00,0.16999998688697815
2023-04-27 00:00:00,2.9200000762939453
2023-04-28 00:00:00,0.0
2023-04-29 00:00:00,0.0
2023-04-30 00:00:00,0.0
2023-05-01 00:00:00,0.0
2023-05-02 00:00:00,12.714998245239258
2023-05-03 00:00:00,0.0
2023-05-04 00:00:00,0.0
2023-05-05 00:00:00,1.8949999809265137
2023-05-06 00:00:00,35.02999496459961
2023-05-07 00:00:00,0.934999942779541
2023-05-08 00:00:00,1.059999942779541
2023-05-09 00:00:00,0.3999999761581421
2023-05-10 00:00:00,0.3999999761581421
2023-05-11 00:00:00,0.0
2023-05-12 00:00:00,0.0
2023-05-13 00:00:00,0.29499998688697815
2023-05-14 00:00:00,0.0
2023-05-15 00:00:00,0.0
2023-05-16 00:00:00,0.0
2023-05-17 00:00:00,0.0
2023-05-18 00:00:00,0.0
2023-05-19 00:00:00,0.38499999046325684
2023-05-20 00:00:00,0.0
2023-05-21 00:00:00,0.0
2023-05-22 00:00:00,0.0
2023-05-23 00:00:00,0.0
2023-05-24 00:00:00,0.8799999952316284
2023-05-25 00:00:00,0.0
2023-05-26 00:00:00,0.0
2023-05-27 00:00:00,1.9050002098083496
2023-05-28 00:00:00,17.799999237060547
2023-05-29 00:00:00,1.3199999332427979
2023-05-30 00:00:00,0.0
2023-05-31 00:00:00,0.0
2023-06-01 00:00:00,0.0
2023-06-02 00:00:00,0.0
2023-06-03 00:00:00,0.0
2023-06-04 00:00:00,0.0
2023-06-05 00:00:00,19.889995574951172
2023-06-06 00:00:00,0.0
2023-06-07 00:00:00,0.0
2023-06-08 00:00:00,0.0
2023-06-09 00:00:00,0.0
2023-06-10 00:00:00,0.0
2023-06-11 00:00:00,0.029999999329447746
2023-06-12 00:00:00,0.0
2023-06-13 00:00:00,0.0
2023-06-14 00:00:00,0.0
2023-06-15 00:00:00,0.0
2023-06-16 00:00:00,0.0
2023-06-17 00:00:00,0.0
2023-06-18 00:00:00,0.0
2023-06-19 00:00:00,0.0
2023-06-20 00:00:00,0.0
2023-06-21 00:00:00,0.0
2023-06-22 00:00:00,0.0
2023-06-23 00:00:00,0.0
2023-06-24 00:00:00,0.0
2023-06-25 00:00:00,0.0
2023-06-26 00:00:00,0.0
2023-06-27 00:00:00,0.0
2023-06-28 00:00:00,0.0
2023-06-29 00:00:00,0.0
2023-06-30 00:00:00,0.0
2023-07-01 00:00:00,0.0
2023-07-02 00:00:00,0.0
2023-07-03 00:00:00,0.0
2023-07-04 00:00:00,0.0
2023-07-05 00:00:00,0.0
2023-07-06 00:00:00,0.0
2023-07-07 00:00:00,0.0
2023-07-08 00:00:00,0.0
2023-07-09 00:00:00,0.0
2023-07-10 00:00:00,0.0
2023-07-11 00:00:00,0.0
2023-07-12 00:00:00,0.0
2023-07-13 00:00:00,26.589998245239258
2023-07-14 00:00:00,0.0
2023-07-15 00:00:00,0.07499999552965164
2023-07-16 00:00:00,0.0
2023-07-17 00:00:00,0.0
2023-07-18 00:00:00,0.0
2023-07-19 00:00:00,0.0
2023-07-20 00:00:00,0.0
2023-07-21 00:00:00,0.0
2023-07-22 00:00:00,0.0
2023-07-23 00:00:00,0.0
2023-07-24 00:00:00,0.0
2023-07-25 00:00:00,0.0
2023-07-26 00:00:00,0.0
2023-07-27 00:00:00,1.3899999856948853
2023-07-28 00:00:00,0.0
2023-07-29 00:00:00,2.890000104904175
2023-07-30 00:00:00,0.0
2023-07-31 00:00:00,0.0
2023-08-01 00:00:00,0.0
2023-08-02 00:00:00,0.0
2023-08-03 00:00:00,0.0
2023-08-04 00:00:00,0.0
2023-08-05 00:00:00,0.0
2023-08-06 00:00:00,0.0
2023-08-07 00:00:00,0.0
2023-08-08 00:00:00,1.5449999570846558
2023-08-09 00:00:00,0.0
2023-08-10 00:00:00,0.0
2023-08-11 00:00:00,1.8149998188018799
2023-08-12 00:00:00,36.529998779296875
2023-08-13 00:00:00,6.684999465942383
2023-08-14 00:00:00,0.02499999850988388
2023-08-15 00:00:00,0.0
2023-08-16 00:00:00,0.0
2023-08-17 00:00:00,0.0
2023-08-18 00:00:00,0.0
2023-08-19 00:00:00,0.0
2023-08-20 00:00:00,0.0
2023-08-21 00:00:00,0.0
2023-08-22 00:00:00,0.0
2023-08-23 00:00:00,0.0
2023-08-24 00:00:00,0.0
2023-08-25 00:00:00,0.0
2023-08-26 00:00:00,2.2799999713897705
2023-08-27 00:00:00,0.0
2023-08-28 00:00:00,0.0
2023-08-29 00:00:00,0.0
2023-08-30 00:00:00,0.0
2023-08-31 00:00:00,0.0
2023-09-01 00:00:00,13.375
2023-09-02 00:00:00,36.68499755859375
2023-09-03 00:00:00,21.25
2023-09-04 00:00:00,0.5249999761581421
2023-09-05 00:00:00,0.0
2023-09-06 00:00:00,0.7399998903274536
2023-09-07 00:00:00,0.0
2023-09-08 00:00:00,0.0
2023-09-09 00:00:00,0.0
2023-09-10 00:00:00,0.0
2023-09-11 00:00:00,0.0
2023-09-12 00:00:00,5.625
2023-09-13 00:00:00,0.8949999809265137
2023-09-14 00:00:00,0.0
2023-09-15 00:00:00,0.0
2023-09-16 00:00:00,0.0
2023-09-17 00:00:00,0.0
2023-09-18 00:00:00,0.0
2023-09-19 00:00:00,8.364998817443848
2023-09-20 00:00:00,0.0
2023-09-21 00:00:00,0.0
2023-09-22 00:00:00,0.0
2023-09-23 00:00:00,0.0
2023-09-24 00:00:00,0.0
2023-09-25 00:00:00,0.0
2023-09-26 00:00:00,0.0
2023-09-27 00:00:00,16.635000228881836
2023-09-28 00:00:00,0.0
2023-09-29 00:00:00,0.0
2023-09-30 00:00:00,0.0
2023-10-01 00:00:00,0.0
2023-10-02 00:00:00,0.0
2023-10-03 00:00:00,0.0
2023-10-04 00:00:00,0.0
2023-10-05 00:00:00,2.059999942779541
2023-10-06 00:00:00,0.09999999403953552
2023-10-07 00:00:00,9.114999771118164
2023-10-08 00:00:00,0.0
2023-10-09 00:00:00,0.0
2023-10-10 00:00:00,0.0
2023-10-11 00:00:00,0.0
2023-10-12 00:00:00,0.0
2023-10-13 00:00:00,0.0
2023-10-14 00:00:00,0.0
2023-10-15 00:00:00,0.0
2023-10-16 00:00:00,0.0
2023-10-17 00:00:00,21.98000144958496
2023-10-18 00:00:00,0.35999998450279236
2023-10-19 00:00:00,9.709999084472656
2023-10-20 00:00:00,0.16999998688697815
2023-10-21 00:00:00,0.0
2023-10-22 00:00:00,0.0
2023-10-23 00:00:00,0.0
2023-10-24 00:00:00,14.439998626708984
2023-10-25 00:00:00,99.67999267578125
2023-10-26 00:00:00,24.694995880126953
2023-10-27 00:00:00,1.2450000047683716
2023-10-28 00:00:00,32.244998931884766
2023-10-29 00:00:00,0.0
2023-10-30 00:00:00,1.3899999856948853
2023-10-31 00:00:00,16.94999885559082
2023-11-01 00:00:00,0.044999998062849045
2023-11-02 00:00:00,0.4899999797344208
2023-11-03 00:00:00,0.009999999776482582
2023-11-04 00:00:00,0.0
2023-11-05 00:00:00,0.0
2023-11-06 00:00:00,0.0
2023-11-07 00:00:00,0.0
2023-11-08 00:00:00,0.03500000014901161
2023-11-09 00:00:00,3.619999885559082
2023-11-10 00:00:00,0.0
2023-11-11 00:00:00,0.5049999952316284
2023-11-12 00:00:00,7.6150007247924805
2023-11-13 00:00:00,34.57499313354492
2023-11-14 00:00:00,35.554996490478516
2023-11-15 00:00:00,0.02499999850988388
2023-11-16 00:00:00,0.23000000417232513
2023-11-17 00:00:00,5.375
2023-11-18 00:00:00,0.044999998062849045
2023-11-19 00:00:00,12.46500015258789
2023-11-20 00:00:00,0.0
2023-11-21 00:00:00,0.2749999761581421
2023-11-22 00:00:00,0.0
2023-11-23 00:00:00,22.51500129699707
2023-11-24 00:00:00,110.66498565673828
2023-11-25 00:00:00,1.9600000381469727
2023-11-26 00:00:00,0.0
2023-11-27 00:00:00,34.0099983215332
2023-11-28 00:00:00,2.3450000286102295
2023-11-29 00:00:00,0.0
2023-11-30 00:00:00,8.914999961853027
2023-12-01 00:00:00,28.124996185302734
2023-12-02 00:00:00,0.0
2023-12-03 00:00:00,68.05499267578125
2023-12-04 00:00:00,4.025000095367432
2023-12-05 00:00:00,5.079999923706055
2023-12-06 00:00:00,0.0
2023-12-07 00:00:00,1.3799999952316284
2023-12-08 00:00:00,7.434998989105225
2023-12-09 00:00:00,0.0
2023-12-10 00:00:00,25.30499839782715
2023-12-11 00:00:00,37.18000030517578
2023-12-12 00:00:00,0.0
2023-12-13 00:00:00,4.769999980926514
2023-12-14 00:00:00,8.835000991821289
2023-12-15 00:00:00,43.34000015258789
2023-12-16 00:00:00,0.7649999856948853
2023-12-17 00:00:00,0.7300000190734863
2023-12-18 00:00:00,0.2799999713897705
2023-12-19 00:00:00,4.269999980926514
2023-12-20 00:00:00,0.14999999105930328
2023-12-21 00:00:00,0.11499999463558197
2023-12-22 00:00:00,0.004999999888241291
2023-12-23 00:00:00,112.0150146484375
2023-12-24 00:00:00,23.4950008392334
2023-12-25 00:00:00,4.974999904632568
2023-12-26 00:00:00,63.829994201660156
2023-12-27 00:00:00,4.494999408721924
2023-12-28 00:00:00,14.229999542236328
2023-12-29 00:00:00,10.135000228881836
2023-12-30 00:00:00,48.465003967285156
2023-12-31 00:00:00,0.6899999976158142
