date,tp
1998-01-01 00:00:00,0.0
1998-01-02 00:00:00,28.009994506835938
1998-01-03 00:00:00,0.0
1998-01-04 00:00:00,0.0
1998-01-05 00:00:00,0.0
1998-01-06 00:00:00,1.284999966621399
1998-01-07 00:00:00,0.29999998211860657
1998-01-08 00:00:00,0.9149999618530273
1998-01-09 00:00:00,0.8600000143051147
1998-01-10 00:00:00,25.359996795654297
1998-01-11 00:00:00,13.629999160766602
1998-01-12 00:00:00,6.625
1998-01-13 00:00:00,4.990000247955322
1998-01-14 00:00:00,0.0
1998-01-15 00:00:00,0.6200000047683716
1998-01-16 00:00:00,0.0
1998-01-17 00:00:00,0.0
1998-01-18 00:00:00,21.614999771118164
1998-01-19 00:00:00,0.13499999046325684
1998-01-20 00:00:00,0.10999999940395355
1998-01-21 00:00:00,0.0
1998-01-22 00:00:00,0.0
1998-01-23 00:00:00,123.71501159667969
1998-01-24 00:00:00,13.049999237060547
1998-01-25 00:00:00,9.940001487731934
1998-01-26 00:00:00,2.4850003719329834
1998-01-27 00:00:00,0.21000000834465027
1998-01-28 00:00:00,0.32999998331069946
1998-01-29 00:00:00,13.364999771118164
1998-01-30 00:00:00,3.190000057220459
1998-01-31 00:00:00,48.724998474121094
1998-02-01 00:00:00,12.809998512268066
1998-02-02 00:00:00,1.5249998569488525
1998-02-03 00:00:00,4.545000076293945
1998-02-04 00:00:00,2.7699999809265137
1998-02-05 00:00:00,0.004999999888241291
1998-02-06 00:00:00,0.8799999952316284
1998-02-07 00:00:00,10.5
1998-02-08 00:00:00,0.6349999904632568
1998-02-09 00:00:00,5.154999732971191
1998-02-10 00:00:00,0.1599999964237213
1998-02-11 00:00:00,0.004999999888241291
1998-02-12 00:00:00,0.0
1998-02-13 00:00:00,0.0
1998-02-14 00:00:00,0.0
1998-02-15 00:00:00,0.0
1998-02-16 00:00:00,0.0
1998-02-17 00:00:00,0.16999998688697815
1998-02-18 00:00:00,0.375
1998-02-19 00:00:00,53.090003967285156
1998-02-20 00:00:00,3.125
1998-02-21 00:00:00,75.55999755859375
1998-02-22 00:00:00,14.034997940063477
1998-02-23 00:00:00,0.13499999046325684
1998-02-24 00:00:00,0.0
1998-02-25 00:00:00,8.479999542236328
1998-02-26 00:00:00,150.5550079345703
1998-02-27 00:00:00,11.989999771118164
1998-02-28 00:00:00,0.5449999570846558
1998-03-01 00:00:00,0.6850000023841858
1998-03-02 00:00:00,0.8600000143051147
1998-03-03 00:00:00,0.3799999952316284
1998-03-04 00:00:00,1.625
1998-03-05 00:00:00,0.0
1998-03-06 00:00:00,0.48499995470046997
1998-03-07 00:00:00,0.004999999888241291
1998-03-08 00:00:00,40.59499740600586
1998-03-09 00:00:00,6.450000286102295
1998-03-10 00:00:00,5.880000114440918
1998-03-11 00:00:00,77.91500854492188
1998-03-12 00:00:00,0.8849999904632568
1998-03-13 00:00:00,2.0999999046325684
1998-03-14 00:00:00,0.0
1998-03-15 00:00:00,0.7049999833106995
1998-03-16 00:00:00,2.994999885559082
1998-03-17 00:00:00,0.47999998927116394
1998-03-18 00:00:00,0.0
1998-03-19 00:00:00,3.4000000953674316
1998-03-20 00:00:00,0.0
1998-03-21 00:00:00,0.0
1998-03-22 00:00:00,0.0
1998-03-23 00:00:00,11.570000648498535
1998-03-24 00:00:00,7.375
1998-03-25 00:00:00,75.87500762939453
1998-03-26 00:00:00,3.184999942779541
1998-03-27 00:00:00,0.0
1998-03-28 00:00:00,1.4749999046325684
1998-03-29 00:00:00,0.0
1998-03-30 00:00:00,0.07500000298023224
1998-03-31 00:00:00,0.0
1998-04-01 00:00:00,0.03500000014901161
1998-04-02 00:00:00,0.0
1998-04-03 00:00:00,0.0
1998-04-04 00:00:00,0.0
1998-04-05 00:00:00,0.0
1998-04-06 00:00:00,0.5550000071525574
1998-04-07 00:00:00,13.309999465942383
1998-04-08 00:00:00,0.0
1998-04-09 00:00:00,0.0
1998-04-10 00:00:00,0.0
1998-04-11 00:00:00,0.0
1998-04-12 00:00:00,0.0
1998-04-13 00:00:00,0.0
1998-04-14 00:00:00,0.0
1998-04-15 00:00:00,1.1399999856948853
1998-04-16 00:00:00,25.549999237060547
1998-04-17 00:00:00,58.74500274658203
1998-04-18 00:00:00,0.0
1998-04-19 00:00:00,0.0
1998-04-20 00:00:00,0.0
1998-04-21 00:00:00,0.0
1998-04-22 00:00:00,12.605000495910645
1998-04-23 00:00:00,0.0
1998-04-24 00:00:00,0.0
1998-04-25 00:00:00,8.164999961853027
1998-04-26 00:00:00,77.93000030517578
1998-04-27 00:00:00,0.09999999403953552
1998-04-28 00:00:00,2.0950002670288086
1998-04-29 00:00:00,0.0
1998-04-30 00:00:00,0.0
1998-05-01 00:00:00,0.0
1998-05-02 00:00:00,0.0
1998-05-03 00:00:00,0.0
1998-05-04 00:00:00,0.0
1998-05-05 00:00:00,0.0
1998-05-06 00:00:00,0.0
1998-05-07 00:00:00,0.0
1998-05-08 00:00:00,0.0
1998-05-09 00:00:00,0.0
1998-05-10 00:00:00,0.0
1998-05-11 00:00:00,0.0
1998-05-12 00:00:00,12.055000305175781
1998-05-13 00:00:00,36.31999969482422
1998-05-14 00:00:00,21.685001373291016
1998-05-15 00:00:00,38.720001220703125
1998-05-16 00:00:00,0.004999999888241291
1998-05-17 00:00:00,0.0
1998-05-18 00:00:00,0.0
1998-05-19 00:00:00,0.0
1998-05-20 00:00:00,0.0
1998-05-21 00:00:00,0.0
1998-05-22 00:00:00,0.0
1998-05-23 00:00:00,0.0
1998-05-24 00:00:00,0.0
1998-05-25 00:00:00,0.0
1998-05-26 00:00:00,0.8350000381469727
1998-05-27 00:00:00,9.28499984741211
1998-05-28 00:00:00,0.0
1998-05-29 00:00:00,1.0699999332427979
1998-05-30 00:00:00,0.3499999940395355
1998-05-31 00:00:00,0.0
1998-06-01 00:00:00,0.009999999776482582
1998-06-02 00:00:00,0.36500000953674316
1998-06-03 00:00:00,0.0
1998-06-04 00:00:00,0.0
1998-06-05 00:00:00,0.0
1998-06-06 00:00:00,0.0
1998-06-07 00:00:00,0.0
1998-06-08 00:00:00,0.0
1998-06-09 00:00:00,0.0
1998-06-10 00:00:00,0.0
1998-06-11 00:00:00,72.41999816894531
1998-06-12 00:00:00,0.0
1998-06-13 00:00:00,0.06499999761581421
1998-06-14 00:00:00,0.22999998927116394
1998-06-15 00:00:00,0.0
1998-06-16 00:00:00,0.0
1998-06-17 00:00:00,0.0
1998-06-18 00:00:00,0.0
1998-06-19 00:00:00,0.0
1998-06-20 00:00:00,0.0
1998-06-21 00:00:00,0.0
1998-06-22 00:00:00,0.0
1998-06-23 00:00:00,0.0
1998-06-24 00:00:00,0.0
1998-06-25 00:00:00,0.0
1998-06-26 00:00:00,13.069999694824219
1998-06-27 00:00:00,0.019999999552965164
1998-06-28 00:00:00,0.12999998033046722
1998-06-29 00:00:00,0.0
1998-06-30 00:00:00,0.0
1998-07-01 00:00:00,0.0
1998-07-02 00:00:00,0.0
1998-07-03 00:00:00,0.0
1998-07-04 00:00:00,0.0
1998-07-05 00:00:00,0.0
1998-07-06 00:00:00,0.0
1998-07-07 00:00:00,0.0
1998-07-08 00:00:00,0.0
1998-07-09 00:00:00,0.044999998062849045
1998-07-10 00:00:00,0.0
1998-07-11 00:00:00,0.0
1998-07-12 00:00:00,0.0
1998-07-13 00:00:00,0.0
1998-07-14 00:00:00,0.0
1998-07-15 00:00:00,0.0
1998-07-16 00:00:00,0.0
1998-07-17 00:00:00,0.0
1998-07-18 00:00:00,0.0
1998-07-19 00:00:00,5.099999904632568
1998-07-20 00:00:00,0.0
1998-07-21 00:00:00,0.0
1998-07-22 00:00:00,0.0
1998-07-23 00:00:00,0.0
1998-07-24 00:00:00,0.0
1998-07-25 00:00:00,0.0
1998-07-26 00:00:00,0.0
1998-07-27 00:00:00,0.0
1998-07-28 00:00:00,0.0
1998-07-29 00:00:00,0.0
1998-07-30 00:00:00,0.0
1998-07-31 00:00:00,0.0
1998-08-01 00:00:00,0.0
1998-08-02 00:00:00,0.0
1998-08-03 00:00:00,0.0
1998-08-04 00:00:00,0.0
1998-08-05 00:00:00,1.6400001049041748
1998-08-06 00:00:00,0.0
1998-08-07 00:00:00,0.0
1998-08-08 00:00:00,0.0
1998-08-09 00:00:00,28.284996032714844
1998-08-10 00:00:00,15.400001525878906
1998-08-11 00:00:00,0.0
1998-08-12 00:00:00,0.0
1998-08-13 00:00:00,0.08999999612569809
1998-08-14 00:00:00,15.510000228881836
1998-08-15 00:00:00,0.0
1998-08-16 00:00:00,0.0
1998-08-17 00:00:00,0.0
1998-08-18 00:00:00,2.7799999713897705
1998-08-19 00:00:00,0.0
1998-08-20 00:00:00,0.0
1998-08-21 00:00:00,0.0
1998-08-22 00:00:00,0.0
1998-08-23 00:00:00,0.0
1998-08-24 00:00:00,0.0
1998-08-25 00:00:00,2.680000066757202
1998-08-26 00:00:00,0.4350000023841858
1998-08-27 00:00:00,0.0
1998-08-28 00:00:00,0.125
1998-08-29 00:00:00,0.0
1998-08-30 00:00:00,0.0
1998-08-31 00:00:00,0.0
1998-09-01 00:00:00,0.0
1998-09-02 00:00:00,0.0
1998-09-03 00:00:00,0.0
1998-09-04 00:00:00,5.339999675750732
1998-09-05 00:00:00,0.0
1998-09-06 00:00:00,0.44999998807907104
1998-09-07 00:00:00,19.25499725341797
1998-09-08 00:00:00,18.73000144958496
1998-09-09 00:00:00,15.219999313354492
1998-09-10 00:00:00,0.20500001311302185
1998-09-11 00:00:00,0.0
1998-09-12 00:00:00,0.0
1998-09-13 00:00:00,0.0
1998-09-14 00:00:00,0.0
1998-09-15 00:00:00,0.0
1998-09-16 00:00:00,0.5950000286102295
1998-09-17 00:00:00,0.0
1998-09-18 00:00:00,34.5
1998-09-19 00:00:00,13.764999389648438
1998-09-20 00:00:00,0.98499995470047
1998-09-21 00:00:00,0.0
1998-09-22 00:00:00,0.0
1998-09-23 00:00:00,0.0
1998-09-24 00:00:00,0.0
1998-09-25 00:00:00,0.0
1998-09-26 00:00:00,0.0
1998-09-27 00:00:00,2.3350000381469727
1998-09-28 00:00:00,100.70001220703125
1998-09-29 00:00:00,39.41499328613281
1998-09-30 00:00:00,0.11499999463558197
1998-10-01 00:00:00,0.0
1998-10-02 00:00:00,0.0
1998-10-03 00:00:00,0.0
1998-10-04 00:00:00,0.0
1998-10-05 00:00:00,0.0
1998-10-06 00:00:00,0.0
1998-10-07 00:00:00,0.39499998092651367
1998-10-08 00:00:00,0.0
1998-10-09 00:00:00,0.0
1998-10-10 00:00:00,0.0
1998-10-11 00:00:00,0.0
1998-10-12 00:00:00,0.1899999976158142
1998-10-13 00:00:00,53.51000213623047
1998-10-14 00:00:00,41.45000457763672
1998-10-15 00:00:00,0.034999996423721313
1998-10-16 00:00:00,0.0
1998-10-17 00:00:00,2.1500003337860107
1998-10-18 00:00:00,0.0
1998-10-19 00:00:00,0.0
1998-10-20 00:00:00,0.0
1998-10-21 00:00:00,0.0
1998-10-22 00:00:00,0.0
1998-10-23 00:00:00,5.12999963760376
1998-10-24 00:00:00,27.53499984741211
1998-10-25 00:00:00,3.3849997520446777
1998-10-26 00:00:00,0.0
1998-10-27 00:00:00,24.515003204345703
1998-10-28 00:00:00,18.034997940063477
1998-10-29 00:00:00,0.0
1998-10-30 00:00:00,9.88499927520752
1998-10-31 00:00:00,10.00999927520752
1998-11-01 00:00:00,0.0
1998-11-02 00:00:00,0.6000000238418579
1998-11-03 00:00:00,10.00999927520752
1998-11-04 00:00:00,3.7649998664855957
1998-11-05 00:00:00,0.0
1998-11-06 00:00:00,0.0
1998-11-07 00:00:00,0.26999998092651367
1998-11-08 00:00:00,22.385000228881836
1998-11-09 00:00:00,8.454999923706055
1998-11-10 00:00:00,19.1299991607666
1998-11-11 00:00:00,31.419998168945312
1998-11-12 00:00:00,0.574999988079071
1998-11-13 00:00:00,5.945000171661377
1998-11-14 00:00:00,2.4749996662139893
1998-11-15 00:00:00,0.0
1998-11-16 00:00:00,0.0
1998-11-17 00:00:00,3.5899996757507324
1998-11-18 00:00:00,6.545000076293945
1998-11-19 00:00:00,0.0
1998-11-20 00:00:00,0.0
1998-11-21 00:00:00,0.0
1998-11-22 00:00:00,0.009999999776482582
1998-11-23 00:00:00,4.260000228881836
1998-11-24 00:00:00,0.0
1998-11-25 00:00:00,7.0
1998-11-26 00:00:00,0.0
1998-11-27 00:00:00,1.334999918937683
1998-11-28 00:00:00,4.425000190734863
1998-11-29 00:00:00,54.6349983215332
1998-11-30 00:00:00,1.570000171661377
1998-12-01 00:00:00,0.0
1998-12-02 00:00:00,0.9949999451637268
1998-12-03 00:00:00,0.0
1998-12-04 00:00:00,0.02499999850988388
1998-12-05 00:00:00,3.9549999237060547
1998-12-06 00:00:00,0.07499999552965164
1998-12-07 00:00:00,0.0
1998-12-08 00:00:00,0.0
1998-12-09 00:00:00,70.73500061035156
1998-12-10 00:00:00,56.720001220703125
1998-12-11 00:00:00,0.0
1998-12-12 00:00:00,0.0
1998-12-13 00:00:00,0.0
1998-12-14 00:00:00,0.0
1998-12-15 00:00:00,0.0
1998-12-16 00:00:00,0.0
1998-12-17 00:00:00,97.15000915527344
1998-12-18 00:00:00,0.0
1998-12-19 00:00:00,2.3450000286102295
1998-12-20 00:00:00,0.0
1998-12-21 00:00:00,9.289999961853027
1998-12-22 00:00:00,31.024995803833008
1998-12-23 00:00:00,0.0
1998-12-24 00:00:00,0.0
1998-12-25 00:00:00,0.0
1998-12-26 00:00:00,2.7049999237060547
1998-12-27 00:00:00,0.0
1998-12-28 00:00:00,0.0
1998-12-29 00:00:00,38.38999938964844
1998-12-30 00:00:00,1.1099998950958252
1998-12-31 00:00:00,0.47999998927116394
1999-01-01 00:00:00,4.554999828338623
1999-01-02 00:00:00,0.4099999666213989
1999-01-03 00:00:00,19.60500144958496
1999-01-04 00:00:00,8.789999961853027
1999-01-05 00:00:00,220.0999755859375
1999-01-06 00:00:00,0.0
1999-01-07 00:00:00,21.684999465942383
1999-01-08 00:00:00,0.0
1999-01-09 00:00:00,0.6749999523162842
1999-01-10 00:00:00,24.374996185302734
1999-01-11 00:00:00,0.5949999690055847
1999-01-12 00:00:00,0.0
1999-01-13 00:00:00,0.0
1999-01-14 00:00:00,1.524999976158142
1999-01-15 00:00:00,0.0
1999-01-16 00:00:00,0.0
1999-01-17 00:00:00,0.0
1999-01-18 00:00:00,14.579999923706055
1999-01-19 00:00:00,0.07999999821186066
1999-01-20 00:00:00,0.0
1999-01-21 00:00:00,0.0949999988079071
1999-01-22 00:00:00,0.08499999344348907
1999-01-23 00:00:00,0.0
1999-01-24 00:00:00,0.0
1999-01-25 00:00:00,0.7300000190734863
1999-01-26 00:00:00,1.3099998235702515
1999-01-27 00:00:00,0.0
1999-01-28 00:00:00,0.0
1999-01-29 00:00:00,72.71499633789062
1999-01-30 00:00:00,0.4100000262260437
1999-01-31 00:00:00,4.119999885559082
1999-02-01 00:00:00,87.1449966430664
1999-02-02 00:00:00,38.714996337890625
1999-02-03 00:00:00,22.914995193481445
1999-02-04 00:00:00,0.11499999463558197
1999-02-05 00:00:00,0.0
1999-02-06 00:00:00,1.0049999952316284
1999-02-07 00:00:00,5.840000152587891
1999-02-08 00:00:00,2.9000000953674316
1999-02-09 00:00:00,2.8450000286102295
1999-02-10 00:00:00,0.0
1999-02-11 00:00:00,0.0
1999-02-12 00:00:00,1.1449998617172241
1999-02-13 00:00:00,0.0
1999-02-14 00:00:00,14.165000915527344
1999-02-15 00:00:00,0.06499999761581421
1999-02-16 00:00:00,0.009999999776482582
1999-02-17 00:00:00,4.809999465942383
1999-02-18 00:00:00,2.8249998092651367
1999-02-19 00:00:00,1.9799997806549072
1999-02-20 00:00:00,0.25
1999-02-21 00:00:00,4.46999979019165
1999-02-22 00:00:00,0.0
1999-02-23 00:00:00,0.0
1999-02-24 00:00:00,0.994999885559082
1999-02-25 00:00:00,0.029999999329447746
1999-02-26 00:00:00,9.734999656677246
1999-02-27 00:00:00,3.5999999046325684
1999-02-28 00:00:00,25.684999465942383
1999-03-01 00:00:00,0.0
1999-03-02 00:00:00,0.5399999618530273
1999-03-03 00:00:00,15.244998931884766
1999-03-04 00:00:00,0.7949999570846558
1999-03-05 00:00:00,3.384999990463257
1999-03-06 00:00:00,0.004999999888241291
1999-03-07 00:00:00,0.0
1999-03-08 00:00:00,16.329999923706055
1999-03-09 00:00:00,27.979997634887695
1999-03-10 00:00:00,0.3450000286102295
1999-03-11 00:00:00,9.57499885559082
1999-03-12 00:00:00,0.0
1999-03-13 00:00:00,0.0
1999-03-14 00:00:00,0.0
1999-03-15 00:00:00,14.255001068115234
1999-03-16 00:00:00,0.10500000417232513
1999-03-17 00:00:00,0.004999999888241291
1999-03-18 00:00:00,19.604999542236328
1999-03-19 00:00:00,11.019999504089355
1999-03-20 00:00:00,0.034999996423721313
1999-03-21 00:00:00,3.1649999618530273
1999-03-22 00:00:00,5.135000228881836
1999-03-23 00:00:00,2.739999771118164
1999-03-24 00:00:00,0.9749999642372131
1999-03-25 00:00:00,6.819999694824219
1999-03-26 00:00:00,0.0
1999-03-27 00:00:00,0.0
1999-03-28 00:00:00,0.0
1999-03-29 00:00:00,0.60999995470047
1999-03-30 00:00:00,103.95500183105469
1999-03-31 00:00:00,1.309999942779541
1999-04-01 00:00:00,0.5350000262260437
1999-04-02 00:00:00,0.9949999451637268
1999-04-03 00:00:00,0.0
1999-04-04 00:00:00,0.0
1999-04-05 00:00:00,0.0
1999-04-06 00:00:00,0.0
1999-04-07 00:00:00,0.06999999284744263
1999-04-08 00:00:00,0.0
1999-04-09 00:00:00,0.0
1999-04-10 00:00:00,0.0
1999-04-11 00:00:00,0.0
1999-04-12 00:00:00,0.014999999664723873
1999-04-13 00:00:00,8.829998970031738
1999-04-14 00:00:00,7.005000114440918
1999-04-15 00:00:00,0.009999999776482582
1999-04-16 00:00:00,64.61499786376953
1999-04-17 00:00:00,1.9000000953674316
1999-04-18 00:00:00,0.0
1999-04-19 00:00:00,0.2849999964237213
1999-04-20 00:00:00,1.3200000524520874
1999-04-21 00:00:00,0.0
1999-04-22 00:00:00,0.0
1999-04-23 00:00:00,0.0
1999-04-24 00:00:00,0.0
1999-04-25 00:00:00,0.10999999940395355
1999-04-26 00:00:00,0.3449999690055847
1999-04-27 00:00:00,15.505001068115234
1999-04-28 00:00:00,44.33500289916992
1999-04-29 00:00:00,0.0
1999-04-30 00:00:00,0.0
1999-05-01 00:00:00,0.29499998688697815
1999-05-02 00:00:00,0.0
1999-05-03 00:00:00,0.0
1999-05-04 00:00:00,0.0
1999-05-05 00:00:00,2.8449997901916504
1999-05-06 00:00:00,0.0
1999-05-07 00:00:00,81.87500762939453
1999-05-08 00:00:00,0.0
1999-05-09 00:00:00,0.0
1999-05-10 00:00:00,0.0
1999-05-11 00:00:00,0.0
1999-05-12 00:00:00,0.0
1999-05-13 00:00:00,0.0
1999-05-14 00:00:00,0.0
1999-05-15 00:00:00,0.0
1999-05-16 00:00:00,0.0
1999-05-17 00:00:00,4.674999713897705
1999-05-18 00:00:00,9.670001029968262
1999-05-19 00:00:00,0.0
1999-05-20 00:00:00,0.0
1999-05-21 00:00:00,0.02499999850988388
1999-05-22 00:00:00,0.0
1999-05-23 00:00:00,0.0
1999-05-24 00:00:00,0.0
1999-05-25 00:00:00,1.25
1999-05-26 00:00:00,22.82000160217285
1999-05-27 00:00:00,0.3349999785423279
1999-05-28 00:00:00,0.0
1999-05-29 00:00:00,0.02499999850988388
1999-05-30 00:00:00,0.16499999165534973
1999-05-31 00:00:00,0.0
1999-06-01 00:00:00,0.0
1999-06-02 00:00:00,11.175000190734863
1999-06-03 00:00:00,0.3499999940395355
1999-06-04 00:00:00,0.0
1999-06-05 00:00:00,0.0
1999-06-06 00:00:00,0.0
1999-06-07 00:00:00,0.5849999785423279
1999-06-08 00:00:00,1.5450000762939453
1999-06-09 00:00:00,0.0
1999-06-10 00:00:00,0.0
1999-06-11 00:00:00,1.584999918937683
1999-06-12 00:00:00,0.10000000894069672
1999-06-13 00:00:00,0.0
1999-06-14 00:00:00,0.0
1999-06-15 00:00:00,0.0
1999-06-16 00:00:00,0.0
1999-06-17 00:00:00,38.31999969482422
1999-06-18 00:00:00,0.26499998569488525
1999-06-19 00:00:00,32.80500030517578
1999-06-20 00:00:00,0.0
1999-06-21 00:00:00,0.0
1999-06-22 00:00:00,0.0
1999-06-23 00:00:00,0.0
1999-06-24 00:00:00,0.0
1999-06-25 00:00:00,3.1050000190734863
1999-06-26 00:00:00,0.0
1999-06-27 00:00:00,0.5399999618530273
1999-06-28 00:00:00,0.0
1999-06-29 00:00:00,5.204999923706055
1999-06-30 00:00:00,0.0
1999-07-01 00:00:00,0.0
1999-07-02 00:00:00,2.2200000286102295
1999-07-03 00:00:00,2.0299999713897705
1999-07-04 00:00:00,13.834999084472656
1999-07-05 00:00:00,0.0
1999-07-06 00:00:00,0.0
1999-07-07 00:00:00,0.0
1999-07-08 00:00:00,0.0
1999-07-09 00:00:00,0.0
1999-07-10 00:00:00,0.0
1999-07-11 00:00:00,0.0
1999-07-12 00:00:00,0.0
1999-07-13 00:00:00,0.0
1999-07-14 00:00:00,0.0
1999-07-15 00:00:00,0.0
1999-07-16 00:00:00,0.0
1999-07-17 00:00:00,0.0
1999-07-18 00:00:00,0.23999999463558197
1999-07-19 00:00:00,0.0
1999-07-20 00:00:00,0.0
1999-07-21 00:00:00,0.0
1999-07-22 00:00:00,0.0
1999-07-23 00:00:00,0.0
1999-07-24 00:00:00,0.0
1999-07-25 00:00:00,0.0
1999-07-26 00:00:00,0.0
1999-07-27 00:00:00,0.0
1999-07-28 00:00:00,0.0
1999-07-29 00:00:00,0.0
1999-07-30 00:00:00,2.434999942779541
1999-07-31 00:00:00,0.009999999776482582
1999-08-01 00:00:00,0.0
1999-08-02 00:00:00,0.0
1999-08-03 00:00:00,0.0
1999-08-04 00:00:00,0.0
1999-08-05 00:00:00,1.9700000286102295
1999-08-06 00:00:00,0.0
1999-08-07 00:00:00,0.0
1999-08-08 00:00:00,0.0
1999-08-09 00:00:00,0.0
1999-08-10 00:00:00,0.0
1999-08-11 00:00:00,0.0
1999-08-12 00:00:00,0.0
1999-08-13 00:00:00,0.0
1999-08-14 00:00:00,0.0
1999-08-15 00:00:00,0.0
1999-08-16 00:00:00,0.0
1999-08-17 00:00:00,0.0
1999-08-18 00:00:00,0.0
1999-08-19 00:00:00,0.0
1999-08-20 00:00:00,0.0
1999-08-21 00:00:00,0.0
1999-08-22 00:00:00,0.0
1999-08-23 00:00:00,0.0
1999-08-24 00:00:00,0.0
1999-08-25 00:00:00,0.0
1999-08-26 00:00:00,0.0
1999-08-27 00:00:00,0.0
1999-08-28 00:00:00,0.0
1999-08-29 00:00:00,0.0
1999-08-30 00:00:00,0.0
1999-08-31 00:00:00,0.0
1999-09-01 00:00:00,0.0
1999-09-02 00:00:00,0.08500000089406967
1999-09-03 00:00:00,0.009999999776482582
1999-09-04 00:00:00,0.0
1999-09-05 00:00:00,0.0
1999-09-06 00:00:00,0.0
1999-09-07 00:00:00,0.0
1999-09-08 00:00:00,0.0
1999-09-09 00:00:00,7.690000534057617
1999-09-10 00:00:00,15.71999740600586
1999-09-11 00:00:00,0.0
1999-09-12 00:00:00,0.0
1999-09-13 00:00:00,0.0
1999-09-14 00:00:00,1.8899999856948853
1999-09-15 00:00:00,10.619999885559082
1999-09-16 00:00:00,2.7099997997283936
1999-09-17 00:00:00,0.03999999910593033
1999-09-18 00:00:00,0.0
1999-09-19 00:00:00,0.03999999910593033
1999-09-20 00:00:00,3.740000009536743
1999-09-21 00:00:00,0.0
1999-09-22 00:00:00,0.0
1999-09-23 00:00:00,0.0
1999-09-24 00:00:00,0.0
1999-09-25 00:00:00,5.095000267028809
1999-09-26 00:00:00,0.0
1999-09-27 00:00:00,1.0749999284744263
1999-09-28 00:00:00,0.0
1999-09-29 00:00:00,0.0
1999-09-30 00:00:00,76.31498718261719
1999-10-01 00:00:00,0.0
1999-10-02 00:00:00,32.635005950927734
1999-10-03 00:00:00,3.4000000953674316
1999-10-04 00:00:00,0.0
1999-10-05 00:00:00,0.0
1999-10-06 00:00:00,0.0
1999-10-07 00:00:00,0.0
1999-10-08 00:00:00,0.0
1999-10-09 00:00:00,0.0
1999-10-10 00:00:00,0.0
1999-10-11 00:00:00,0.0
1999-10-12 00:00:00,0.0
1999-10-13 00:00:00,0.009999999776482582
1999-10-14 00:00:00,0.0
1999-10-15 00:00:00,0.0
1999-10-16 00:00:00,0.0
1999-10-17 00:00:00,3.674999713897705
1999-10-18 00:00:00,18.69000244140625
1999-10-19 00:00:00,0.21000000834465027
1999-10-20 00:00:00,0.0
1999-10-21 00:00:00,1.1699999570846558
1999-10-22 00:00:00,8.524999618530273
1999-10-23 00:00:00,0.0
1999-10-24 00:00:00,18.80000114440918
1999-10-25 00:00:00,56.66499328613281
1999-10-26 00:00:00,0.05999999865889549
1999-10-27 00:00:00,0.0
1999-10-28 00:00:00,3.8849997520446777
1999-10-29 00:00:00,0.0
1999-10-30 00:00:00,0.0
1999-10-31 00:00:00,0.0
1999-11-01 00:00:00,0.0
1999-11-02 00:00:00,4.580000400543213
1999-11-03 00:00:00,77.15498352050781
1999-11-04 00:00:00,0.5049999952316284
1999-11-05 00:00:00,0.28999999165534973
1999-11-06 00:00:00,0.0
1999-11-07 00:00:00,0.0
1999-11-08 00:00:00,11.429999351501465
1999-11-09 00:00:00,14.085000991821289
1999-11-10 00:00:00,7.6349992752075195
1999-11-11 00:00:00,1.2200000286102295
1999-11-12 00:00:00,0.0
1999-11-13 00:00:00,0.0
1999-11-14 00:00:00,0.4950000047683716
1999-11-15 00:00:00,0.019999999552965164
1999-11-16 00:00:00,1.6749999523162842
1999-11-17 00:00:00,5.309999942779541
1999-11-18 00:00:00,0.0
1999-11-19 00:00:00,1.5399999618530273
1999-11-20 00:00:00,47.89500045776367
1999-11-21 00:00:00,0.0
1999-11-22 00:00:00,0.0
1999-11-23 00:00:00,4.014999866485596
1999-11-24 00:00:00,0.0
1999-11-25 00:00:00,0.0
1999-11-26 00:00:00,19.519996643066406
1999-11-27 00:00:00,2.3899998664855957
1999-11-28 00:00:00,0.0
1999-11-29 00:00:00,0.0
1999-11-30 00:00:00,0.0
1999-12-01 00:00:00,0.0
1999-12-02 00:00:00,12.434999465942383
1999-12-03 00:00:00,53.17499542236328
1999-12-04 00:00:00,0.0
1999-12-05 00:00:00,0.0
1999-12-06 00:00:00,63.974998474121094
1999-12-07 00:00:00,0.0
1999-12-08 00:00:00,0.4649999737739563
1999-12-09 00:00:00,0.20499998331069946
1999-12-10 00:00:00,6.219999313354492
1999-12-11 00:00:00,0.29499998688697815
1999-12-12 00:00:00,20.475000381469727
1999-12-13 00:00:00,0.009999999776482582
1999-12-14 00:00:00,46.279998779296875
1999-12-15 00:00:00,18.639999389648438
1999-12-16 00:00:00,0.2549999952316284
1999-12-17 00:00:00,0.0
1999-12-18 00:00:00,0.004999999888241291
1999-12-19 00:00:00,14.71999740600586
1999-12-20 00:00:00,11.704999923706055
1999-12-21 00:00:00,0.0
1999-12-22 00:00:00,0.0
1999-12-23 00:00:00,1.3700001239776611
1999-12-24 00:00:00,0.0
1999-12-25 00:00:00,3.4549999237060547
1999-12-26 00:00:00,0.19999998807907104
1999-12-27 00:00:00,0.9900000095367432
1999-12-28 00:00:00,0.0
1999-12-29 00:00:00,0.0
1999-12-30 00:00:00,44.98999786376953
1999-12-31 00:00:00,6.245000839233398
2000-01-01 00:00:00,0.0
2000-01-02 00:00:00,0.10500000417232513
2000-01-03 00:00:00,0.0
2000-01-04 00:00:00,7.714999198913574
2000-01-05 00:00:00,0.33000001311302185
2000-01-06 00:00:00,1.8299999237060547
2000-01-07 00:00:00,0.0
2000-01-08 00:00:00,0.0
2000-01-09 00:00:00,17.264995574951172
2000-01-10 00:00:00,0.4099999666213989
2000-01-11 00:00:00,2.489999771118164
2000-01-12 00:00:00,0.0
2000-01-13 00:00:00,0.0
2000-01-14 00:00:00,1.7999999523162842
2000-01-15 00:00:00,26.830001831054688
2000-01-16 00:00:00,0.684999942779541
2000-01-17 00:00:00,0.0
2000-01-18 00:00:00,0.0
2000-01-19 00:00:00,75.79499816894531
2000-01-20 00:00:00,1.534999966621399
2000-01-21 00:00:00,0.0
2000-01-22 00:00:00,0.0
2000-01-23 00:00:00,46.00999069213867
2000-01-24 00:00:00,2.9000003337860107
2000-01-25 00:00:00,17.404998779296875
2000-01-26 00:00:00,41.435001373291016
2000-01-27 00:00:00,0.23499999940395355
2000-01-28 00:00:00,4.960000038146973
2000-01-29 00:00:00,5.8550004959106445
2000-01-30 00:00:00,19.709999084472656
2000-01-31 00:00:00,39.84999465942383
2000-02-01 00:00:00,3.2299997806549072
2000-02-02 00:00:00,0.0
2000-02-03 00:00:00,4.409999847412109
2000-02-04 00:00:00,48.91999816894531
2000-02-05 00:00:00,54.954994201660156
2000-02-06 00:00:00,18.6200008392334
2000-02-07 00:00:00,8.469999313354492
2000-02-08 00:00:00,0.0
2000-02-09 00:00:00,0.05999999865889549
2000-02-10 00:00:00,0.0
2000-02-11 00:00:00,0.0
2000-02-12 00:00:00,3.1100001335144043
2000-02-13 00:00:00,0.0
2000-02-14 00:00:00,50.44000244140625
2000-02-15 00:00:00,0.0
2000-02-16 00:00:00,1.6400001049041748
2000-02-17 00:00:00,0.0
2000-02-18 00:00:00,6.180000305175781
2000-02-19 00:00:00,22.71000099182129
2000-02-20 00:00:00,0.5049999952316284
2000-02-21 00:00:00,29.43499755859375
2000-02-22 00:00:00,2.174999952316284
2000-02-23 00:00:00,4.025000095367432
2000-02-24 00:00:00,0.0
2000-02-25 00:00:00,3.244999885559082
2000-02-26 00:00:00,3.359999656677246
2000-02-27 00:00:00,4.815000057220459
2000-02-28 00:00:00,0.0
2000-02-29 00:00:00,1.7799999713897705
2000-03-01 00:00:00,0.0
2000-03-02 00:00:00,0.0
2000-03-03 00:00:00,3.8999998569488525
2000-03-04 00:00:00,1.5799999237060547
2000-03-05 00:00:00,2.510000228881836
2000-03-06 00:00:00,40.159996032714844
2000-03-07 00:00:00,6.2649993896484375
2000-03-08 00:00:00,0.009999999776482582
2000-03-09 00:00:00,22.610002517700195
2000-03-10 00:00:00,4.96999979019165
2000-03-11 00:00:00,30.679996490478516
2000-03-12 00:00:00,61.49500274658203
2000-03-13 00:00:00,0.0
2000-03-14 00:00:00,126.8800048828125
2000-03-15 00:00:00,3.799999952316284
2000-03-16 00:00:00,0.0
2000-03-17 00:00:00,0.004999999888241291
2000-03-18 00:00:00,11.225000381469727
2000-03-19 00:00:00,0.815000057220459
2000-03-20 00:00:00,0.0
2000-03-21 00:00:00,0.0
2000-03-22 00:00:00,2.9099998474121094
2000-03-23 00:00:00,0.39499998092651367
2000-03-24 00:00:00,0.0
2000-03-25 00:00:00,0.03999999910593033
2000-03-26 00:00:00,0.0
2000-03-27 00:00:00,0.0
2000-03-28 00:00:00,6.904999732971191
2000-03-29 00:00:00,0.0
2000-03-30 00:00:00,0.0
2000-03-31 00:00:00,0.0
2000-04-01 00:00:00,0.0
2000-04-02 00:00:00,0.10500000417232513
2000-04-03 00:00:00,0.0
2000-04-04 00:00:00,0.0
2000-04-05 00:00:00,1.9399999380111694
2000-04-06 00:00:00,0.02499999850988388
2000-04-07 00:00:00,0.0
2000-04-08 00:00:00,0.0
2000-04-09 00:00:00,0.0
2000-04-10 00:00:00,0.0
2000-04-11 00:00:00,0.0
2000-04-12 00:00:00,0.014999999664723873
2000-04-13 00:00:00,0.0
2000-04-14 00:00:00,0.0
2000-04-15 00:00:00,31.375
2000-04-16 00:00:00,2.755000114440918
2000-04-17 00:00:00,25.825000762939453
2000-04-18 00:00:00,18.309999465942383
2000-04-19 00:00:00,10.879999160766602
2000-04-20 00:00:00,0.0
2000-04-21 00:00:00,0.0
2000-04-22 00:00:00,0.0
2000-04-23 00:00:00,0.25
2000-04-24 00:00:00,0.21000000834465027
2000-04-25 00:00:00,0.0
2000-04-26 00:00:00,0.0
2000-04-27 00:00:00,10.430000305175781
2000-04-28 00:00:00,16.670000076293945
2000-04-29 00:00:00,0.12999999523162842
2000-04-30 00:00:00,0.0
2000-05-01 00:00:00,0.0
2000-05-02 00:00:00,20.334999084472656
2000-05-03 00:00:00,4.15500020980835
2000-05-04 00:00:00,2.434999942779541
2000-05-05 00:00:00,0.0
2000-05-06 00:00:00,0.0
2000-05-07 00:00:00,0.0
2000-05-08 00:00:00,0.0
2000-05-09 00:00:00,0.0
2000-05-10 00:00:00,0.0
2000-05-11 00:00:00,0.0
2000-05-12 00:00:00,0.0
2000-05-13 00:00:00,0.0
2000-05-14 00:00:00,0.0
2000-05-15 00:00:00,2.1649999618530273
2000-05-16 00:00:00,0.8899999856948853
2000-05-17 00:00:00,0.0
2000-05-18 00:00:00,0.4949999749660492
2000-05-19 00:00:00,0.0
2000-05-20 00:00:00,19.829998016357422
2000-05-21 00:00:00,0.0
2000-05-22 00:00:00,0.0
2000-05-23 00:00:00,0.0
2000-05-24 00:00:00,0.0
2000-05-25 00:00:00,0.0
2000-05-26 00:00:00,0.0
2000-05-27 00:00:00,0.0
2000-05-28 00:00:00,0.0
2000-05-29 00:00:00,0.0
2000-05-30 00:00:00,3.484999895095825
2000-05-31 00:00:00,0.004999999888241291
2000-06-01 00:00:00,0.0
2000-06-02 00:00:00,0.7749999761581421
2000-06-03 00:00:00,0.0
2000-06-04 00:00:00,0.0
2000-06-05 00:00:00,0.0
2000-06-06 00:00:00,21.10500144958496
2000-06-07 00:00:00,33.679996490478516
2000-06-08 00:00:00,55.44000244140625
2000-06-09 00:00:00,13.125
2000-06-10 00:00:00,0.0
2000-06-11 00:00:00,0.0
2000-06-12 00:00:00,0.28999999165534973
2000-06-13 00:00:00,0.06999999284744263
2000-06-14 00:00:00,1.9549996852874756
2000-06-15 00:00:00,1.4199999570846558
2000-06-16 00:00:00,0.0
2000-06-17 00:00:00,3.679999828338623
2000-06-18 00:00:00,1.6749999523162842
2000-06-19 00:00:00,0.4150000214576721
2000-06-20 00:00:00,1.0099999904632568
2000-06-21 00:00:00,0.0
2000-06-22 00:00:00,0.0
2000-06-23 00:00:00,0.0
2000-06-24 00:00:00,0.0
2000-06-25 00:00:00,0.0
2000-06-26 00:00:00,0.0
2000-06-27 00:00:00,0.0
2000-06-28 00:00:00,0.0
2000-06-29 00:00:00,0.08999999612569809
2000-06-30 00:00:00,0.0
2000-07-01 00:00:00,0.0
2000-07-02 00:00:00,1.1200000047683716
2000-07-03 00:00:00,32.314998626708984
2000-07-04 00:00:00,0.3149999976158142
2000-07-05 00:00:00,0.0
2000-07-06 00:00:00,0.0
2000-07-07 00:00:00,0.0
2000-07-08 00:00:00,0.0
2000-07-09 00:00:00,3.630000114440918
2000-07-10 00:00:00,53.089996337890625
2000-07-11 00:00:00,3.625
2000-07-12 00:00:00,0.0
2000-07-13 00:00:00,0.9000000357627869
2000-07-14 00:00:00,0.0
2000-07-15 00:00:00,0.0
2000-07-16 00:00:00,0.0
2000-07-17 00:00:00,0.0
2000-07-18 00:00:00,0.0
2000-07-19 00:00:00,0.0
2000-07-20 00:00:00,0.0
2000-07-21 00:00:00,0.9199999570846558
2000-07-22 00:00:00,0.9499999284744263
2000-07-23 00:00:00,14.080001831054688
2000-07-24 00:00:00,1.924999713897705
2000-07-25 00:00:00,0.0
2000-07-26 00:00:00,0.0
2000-07-27 00:00:00,0.0
2000-07-28 00:00:00,0.0
2000-07-29 00:00:00,0.0
2000-07-30 00:00:00,0.0
2000-07-31 00:00:00,0.0
2000-08-01 00:00:00,0.0
2000-08-02 00:00:00,4.514999866485596
2000-08-03 00:00:00,5.560000419616699
2000-08-04 00:00:00,0.0
2000-08-05 00:00:00,0.0
2000-08-06 00:00:00,0.0
2000-08-07 00:00:00,0.0
2000-08-08 00:00:00,0.0
2000-08-09 00:00:00,0.0
2000-08-10 00:00:00,63.404998779296875
2000-08-11 00:00:00,0.0
2000-08-12 00:00:00,0.0
2000-08-13 00:00:00,0.0
2000-08-14 00:00:00,0.0
2000-08-15 00:00:00,0.0
2000-08-16 00:00:00,0.0
2000-08-17 00:00:00,0.0
2000-08-18 00:00:00,0.0
2000-08-19 00:00:00,0.26500001549720764
2000-08-20 00:00:00,1.0899999141693115
2000-08-21 00:00:00,0.03999999910593033
2000-08-22 00:00:00,0.0
2000-08-23 00:00:00,0.0
2000-08-24 00:00:00,2.8249998092651367
2000-08-25 00:00:00,2.194999933242798
2000-08-26 00:00:00,3.890000343322754
2000-08-27 00:00:00,8.960000038146973
2000-08-28 00:00:00,6.554999828338623
2000-08-29 00:00:00,0.5600000023841858
2000-08-30 00:00:00,24.415000915527344
2000-08-31 00:00:00,7.34499979019165
2000-09-01 00:00:00,1.850000023841858
2000-09-02 00:00:00,17.40999984741211
2000-09-03 00:00:00,0.0
2000-09-04 00:00:00,0.0
2000-09-05 00:00:00,0.10999999940395355
2000-09-06 00:00:00,0.0
2000-09-07 00:00:00,0.0
2000-09-08 00:00:00,0.0
2000-09-09 00:00:00,0.0
2000-09-10 00:00:00,3.549999713897705
2000-09-11 00:00:00,1.5199997425079346
2000-09-12 00:00:00,0.5849999785423279
2000-09-13 00:00:00,0.0
2000-09-14 00:00:00,15.335000038146973
2000-09-15 00:00:00,0.0
2000-09-16 00:00:00,0.0
2000-09-17 00:00:00,0.0
2000-09-18 00:00:00,0.0
2000-09-19 00:00:00,0.0
2000-09-20 00:00:00,0.0
2000-09-21 00:00:00,0.0
2000-09-22 00:00:00,2.0
2000-09-23 00:00:00,0.0
2000-09-24 00:00:00,3.8999998569488525
2000-09-25 00:00:00,0.07999999821186066
2000-09-26 00:00:00,1.2549998760223389
2000-09-27 00:00:00,0.4300000071525574
2000-09-28 00:00:00,0.0
2000-09-29 00:00:00,0.0
2000-09-30 00:00:00,0.0
2000-10-01 00:00:00,0.0
2000-10-02 00:00:00,0.0
2000-10-03 00:00:00,0.0
2000-10-04 00:00:00,0.3799999952316284
2000-10-05 00:00:00,27.98999786376953
2000-10-06 00:00:00,0.0
2000-10-07 00:00:00,0.0
2000-10-08 00:00:00,0.0
2000-10-09 00:00:00,0.32999998331069946
2000-10-10 00:00:00,21.395000457763672
2000-10-11 00:00:00,0.06499999761581421
2000-10-12 00:00:00,0.19499999284744263
2000-10-13 00:00:00,13.504999160766602
2000-10-14 00:00:00,1.8949999809265137
2000-10-15 00:00:00,1.9799998998641968
2000-10-16 00:00:00,0.6949999332427979
2000-10-17 00:00:00,3.109999895095825
2000-10-18 00:00:00,0.0
2000-10-19 00:00:00,0.19499999284744263
2000-10-20 00:00:00,2.184999942779541
2000-10-21 00:00:00,0.6299999356269836
2000-10-22 00:00:00,0.8550000190734863
2000-10-23 00:00:00,47.76499557495117
2000-10-24 00:00:00,6.739999771118164
2000-10-25 00:00:00,11.645000457763672
2000-10-26 00:00:00,0.22499999403953552
2000-10-27 00:00:00,23.260000228881836
2000-10-28 00:00:00,0.4099999666213989
2000-10-29 00:00:00,0.0
2000-10-30 00:00:00,0.08500000089406967
2000-10-31 00:00:00,1.1399999856948853
2000-11-01 00:00:00,0.3799999952316284
2000-11-02 00:00:00,33.87000274658203
2000-11-03 00:00:00,6.27500057220459
2000-11-04 00:00:00,0.02499999850988388
2000-11-05 00:00:00,0.11999999731779099
2000-11-06 00:00:00,38.17499923706055
2000-11-07 00:00:00,6.115000247955322
2000-11-08 00:00:00,0.0
2000-11-09 00:00:00,12.905000686645508
2000-11-10 00:00:00,11.979999542236328
2000-11-11 00:00:00,0.0
2000-11-12 00:00:00,0.0
2000-11-13 00:00:00,49.655006408691406
2000-11-14 00:00:00,0.1550000011920929
2000-11-15 00:00:00,3.1649999618530273
2000-11-16 00:00:00,0.0
2000-11-17 00:00:00,0.0
2000-11-18 00:00:00,0.0
2000-11-19 00:00:00,0.0
2000-11-20 00:00:00,2.364999771118164
2000-11-21 00:00:00,51.75499725341797
2000-11-22 00:00:00,0.0
2000-11-23 00:00:00,0.0
2000-11-24 00:00:00,0.0
2000-11-25 00:00:00,33.40999984741211
2000-11-26 00:00:00,0.14999999105930328
2000-11-27 00:00:00,0.0
2000-11-28 00:00:00,0.3400000035762787
2000-11-29 00:00:00,21.774999618530273
2000-11-30 00:00:00,14.204998970031738
2000-12-01 00:00:00,0.044999998062849045
2000-12-02 00:00:00,0.0
2000-12-03 00:00:00,0.0
2000-12-04 00:00:00,2.5399999618530273
2000-12-05 00:00:00,48.92000198364258
2000-12-06 00:00:00,0.10999999940395355
2000-12-07 00:00:00,0.0
2000-12-08 00:00:00,0.2749999761581421
2000-12-09 00:00:00,2.049999952316284
2000-12-10 00:00:00,22.735000610351562
2000-12-11 00:00:00,4.989999771118164
2000-12-12 00:00:00,80.96001434326172
2000-12-13 00:00:00,7.464999198913574
2000-12-14 00:00:00,0.7099999785423279
2000-12-15 00:00:00,0.0
2000-12-16 00:00:00,25.954999923706055
2000-12-17 00:00:00,0.0
2000-12-18 00:00:00,0.42000001668930054
2000-12-19 00:00:00,0.0
2000-12-20 00:00:00,0.0
2000-12-21 00:00:00,0.0
2000-12-22 00:00:00,4.204999923706055
2000-12-23 00:00:00,0.6350000500679016
2000-12-24 00:00:00,3.054999589920044
2000-12-25 00:00:00,7.205000877380371
2000-12-26 00:00:00,63.519989013671875
2000-12-27 00:00:00,2.4250001907348633
2000-12-28 00:00:00,12.084999084472656
2000-12-29 00:00:00,7.114999771118164
2000-12-30 00:00:00,10.46500015258789
2000-12-31 00:00:00,19.03499984741211
2001-01-01 00:00:00,0.0
2001-01-02 00:00:00,0.0
2001-01-03 00:00:00,2.9599997997283936
2001-01-04 00:00:00,89.58499908447266
2001-01-05 00:00:00,33.8599967956543
2001-01-06 00:00:00,0.6549999713897705
2001-01-07 00:00:00,0.0
2001-01-08 00:00:00,22.974998474121094
2001-01-09 00:00:00,4.579999923706055
2001-01-10 00:00:00,4.505000114440918
2001-01-11 00:00:00,5.664999485015869
2001-01-12 00:00:00,0.0
2001-01-13 00:00:00,0.0
2001-01-14 00:00:00,0.0
2001-01-15 00:00:00,35.15999984741211
2001-01-16 00:00:00,9.489998817443848
2001-01-17 00:00:00,10.279999732971191
2001-01-18 00:00:00,0.44999998807907104
2001-01-19 00:00:00,1.899999976158142
2001-01-20 00:00:00,21.180002212524414
2001-01-21 00:00:00,5.6449995040893555
2001-01-22 00:00:00,20.19499969482422
2001-01-23 00:00:00,1.9199999570846558
2001-01-24 00:00:00,11.524999618530273
2001-01-25 00:00:00,3.5249998569488525
2001-01-26 00:00:00,7.464999198913574
2001-01-27 00:00:00,2.380000114440918
2001-01-28 00:00:00,0.3199999928474426
2001-01-29 00:00:00,0.8400000333786011
2001-01-30 00:00:00,5.919999599456787
2001-01-31 00:00:00,0.0
2001-02-01 00:00:00,9.065000534057617
2001-02-02 00:00:00,0.9099999666213989
2001-02-03 00:00:00,0.0
2001-02-04 00:00:00,0.0
2001-02-05 00:00:00,1.934999942779541
2001-02-06 00:00:00,0.0
2001-02-07 00:00:00,0.0
2001-02-08 00:00:00,0.0
2001-02-09 00:00:00,0.0
2001-02-10 00:00:00,0.0
2001-02-11 00:00:00,40.78998947143555
2001-02-12 00:00:00,2.2950000762939453
2001-02-13 00:00:00,9.519999504089355
2001-02-14 00:00:00,2.9649999141693115
2001-02-15 00:00:00,0.375
2001-02-16 00:00:00,12.770000457763672
2001-02-17 00:00:00,158.31497192382812
2001-02-18 00:00:00,3.3349995613098145
2001-02-19 00:00:00,29.729999542236328
2001-02-20 00:00:00,0.0
2001-02-21 00:00:00,4.569999694824219
2001-02-22 00:00:00,0.0
2001-02-23 00:00:00,0.36500000953674316
2001-02-24 00:00:00,0.3799999952316284
2001-02-25 00:00:00,8.24000072479248
2001-02-26 00:00:00,1.1299999952316284
2001-02-27 00:00:00,6.494998931884766
2001-02-28 00:00:00,0.29999998211860657
2001-03-01 00:00:00,2.544999837875366
2001-03-02 00:00:00,11.9399995803833
2001-03-03 00:00:00,2.9200000762939453
2001-03-04 00:00:00,0.0
2001-03-05 00:00:00,0.0
2001-03-06 00:00:00,2.1599998474121094
2001-03-07 00:00:00,3.3499999046325684
2001-03-08 00:00:00,28.375
2001-03-09 00:00:00,33.900001525878906
2001-03-10 00:00:00,0.0
2001-03-11 00:00:00,0.0
2001-03-12 00:00:00,0.04999999701976776
2001-03-13 00:00:00,52.36499786376953
2001-03-14 00:00:00,3.6150002479553223
2001-03-15 00:00:00,0.0
2001-03-16 00:00:00,43.92499923706055
2001-03-17 00:00:00,17.385000228881836
2001-03-18 00:00:00,0.0
2001-03-19 00:00:00,7.200000286102295
2001-03-20 00:00:00,13.770000457763672
2001-03-21 00:00:00,29.37999725341797
2001-03-22 00:00:00,1.8899998664855957
2001-03-23 00:00:00,4.130000114440918
2001-03-24 00:00:00,53.529998779296875
2001-03-25 00:00:00,8.380000114440918
2001-03-26 00:00:00,0.0
2001-03-27 00:00:00,0.004999999888241291
2001-03-28 00:00:00,0.0
2001-03-29 00:00:00,0.0
2001-03-30 00:00:00,0.0
2001-03-31 00:00:00,0.0
2001-04-01 00:00:00,0.0
2001-04-02 00:00:00,6.185000419616699
2001-04-03 00:00:00,0.0
2001-04-04 00:00:00,0.0
2001-04-05 00:00:00,2.6949996948242188
2001-04-06 00:00:00,6.310000419616699
2001-04-07 00:00:00,6.794999122619629
2001-04-08 00:00:00,0.044999998062849045
2001-04-09 00:00:00,1.8949997425079346
2001-04-10 00:00:00,0.0
2001-04-11 00:00:00,20.049999237060547
2001-04-12 00:00:00,0.0
2001-04-13 00:00:00,0.0
2001-04-14 00:00:00,0.0
2001-04-15 00:00:00,0.0
2001-04-16 00:00:00,9.51500129699707
2001-04-17 00:00:00,0.0
2001-04-18 00:00:00,0.0
2001-04-19 00:00:00,0.0
2001-04-20 00:00:00,47.529998779296875
2001-04-21 00:00:00,12.765000343322754
2001-04-22 00:00:00,11.304999351501465
2001-04-23 00:00:00,43.94499969482422
2001-04-24 00:00:00,22.55500030517578
2001-04-25 00:00:00,2.2300000190734863
2001-04-26 00:00:00,0.0
2001-04-27 00:00:00,0.07000000029802322
2001-04-28 00:00:00,0.11499999463558197
2001-04-29 00:00:00,0.7549999952316284
2001-04-30 00:00:00,0.7799999713897705
2001-05-01 00:00:00,0.0
2001-05-02 00:00:00,0.0
2001-05-03 00:00:00,0.0
2001-05-04 00:00:00,0.0
2001-05-05 00:00:00,0.0
2001-05-06 00:00:00,1.1149998903274536
2001-05-07 00:00:00,5.819999694824219
2001-05-08 00:00:00,0.2849999964237213
2001-05-09 00:00:00,0.0
2001-05-10 00:00:00,0.0
2001-05-11 00:00:00,0.0
2001-05-12 00:00:00,0.23499999940395355
2001-05-13 00:00:00,0.0
2001-05-14 00:00:00,0.03500000014901161
2001-05-15 00:00:00,3.7400002479553223
2001-05-16 00:00:00,0.36500000953674316
2001-05-17 00:00:00,0.0
2001-05-18 00:00:00,0.0
2001-05-19 00:00:00,0.0949999988079071
2001-05-20 00:00:00,0.0
2001-05-21 00:00:00,0.8500000238418579
2001-05-22 00:00:00,0.0
2001-05-23 00:00:00,17.599998474121094
2001-05-24 00:00:00,213.85498046875
2001-05-25 00:00:00,0.42000001668930054
2001-05-26 00:00:00,0.9049999713897705
2001-05-27 00:00:00,0.0
2001-05-28 00:00:00,1.25
2001-05-29 00:00:00,0.0
2001-05-30 00:00:00,0.0
2001-05-31 00:00:00,0.0
2001-06-01 00:00:00,0.0
2001-06-02 00:00:00,0.0
2001-06-03 00:00:00,0.0
2001-06-04 00:00:00,0.0
2001-06-05 00:00:00,0.0
2001-06-06 00:00:00,0.0
2001-06-07 00:00:00,15.264999389648438
2001-06-08 00:00:00,0.0
2001-06-09 00:00:00,0.0
2001-06-10 00:00:00,4.105000019073486
2001-06-11 00:00:00,0.0
2001-06-12 00:00:00,0.0
2001-06-13 00:00:00,0.0
2001-06-14 00:00:00,0.0
2001-06-15 00:00:00,0.0
2001-06-16 00:00:00,13.84000015258789
2001-06-17 00:00:00,17.594999313354492
2001-06-18 00:00:00,2.1549999713897705
2001-06-19 00:00:00,0.8849999904632568
2001-06-20 00:00:00,0.0
2001-06-21 00:00:00,0.14999999105930328
2001-06-22 00:00:00,0.44999998807907104
2001-06-23 00:00:00,0.0
2001-06-24 00:00:00,0.009999999776482582
2001-06-25 00:00:00,0.0
2001-06-26 00:00:00,0.029999999329447746
2001-06-27 00:00:00,0.0
2001-06-28 00:00:00,5.429999828338623
2001-06-29 00:00:00,0.0
2001-06-30 00:00:00,0.0
2001-07-01 00:00:00,0.0
2001-07-02 00:00:00,0.0
2001-07-03 00:00:00,0.0
2001-07-04 00:00:00,0.0
2001-07-05 00:00:00,13.054999351501465
2001-07-06 00:00:00,0.3749999701976776
2001-07-07 00:00:00,0.3499999940395355
2001-07-08 00:00:00,4.085000038146973
2001-07-09 00:00:00,0.0
2001-07-10 00:00:00,0.6649999618530273
2001-07-11 00:00:00,0.1550000011920929
2001-07-12 00:00:00,0.0
2001-07-13 00:00:00,0.0
2001-07-14 00:00:00,0.0
2001-07-15 00:00:00,0.0
2001-07-16 00:00:00,0.0
2001-07-17 00:00:00,0.0
2001-07-18 00:00:00,0.0
2001-07-19 00:00:00,0.0
2001-07-20 00:00:00,0.0
2001-07-21 00:00:00,0.0
2001-07-22 00:00:00,0.0
2001-07-23 00:00:00,0.0
2001-07-24 00:00:00,0.0
2001-07-25 00:00:00,0.0
2001-07-26 00:00:00,1.9199999570846558
2001-07-27 00:00:00,0.05999999865889549
2001-07-28 00:00:00,4.299999713897705
2001-07-29 00:00:00,0.014999999664723873
2001-07-30 00:00:00,0.0
2001-07-31 00:00:00,0.0
2001-08-01 00:00:00,0.0
2001-08-02 00:00:00,0.0
2001-08-03 00:00:00,0.0
2001-08-04 00:00:00,0.0
2001-08-05 00:00:00,0.0
2001-08-06 00:00:00,0.0
2001-08-07 00:00:00,0.04999999701976776
2001-08-08 00:00:00,0.0
2001-08-09 00:00:00,0.0
2001-08-10 00:00:00,0.0
2001-08-11 00:00:00,0.0
2001-08-12 00:00:00,0.0
2001-08-13 00:00:00,0.0
2001-08-14 00:00:00,0.0
2001-08-15 00:00:00,0.8300000429153442
2001-08-16 00:00:00,0.38999998569488525
2001-08-17 00:00:00,7.679999828338623
2001-08-18 00:00:00,6.944999694824219
2001-08-19 00:00:00,42.47999954223633
2001-08-20 00:00:00,2.3299999237060547
2001-08-21 00:00:00,0.014999999664723873
2001-08-22 00:00:00,0.0
2001-08-23 00:00:00,0.0
2001-08-24 00:00:00,0.0
2001-08-25 00:00:00,0.0
2001-08-26 00:00:00,0.0
2001-08-27 00:00:00,0.0
2001-08-28 00:00:00,0.0
2001-08-29 00:00:00,0.0
2001-08-30 00:00:00,0.0
2001-08-31 00:00:00,0.0
2001-09-01 00:00:00,0.014999999664723873
2001-09-02 00:00:00,10.629999160766602
2001-09-03 00:00:00,15.170000076293945
2001-09-04 00:00:00,2.1549999713897705
2001-09-05 00:00:00,0.0
2001-09-06 00:00:00,0.0
2001-09-07 00:00:00,0.0
2001-09-08 00:00:00,0.0
2001-09-09 00:00:00,0.0
2001-09-10 00:00:00,0.125
2001-09-11 00:00:00,0.02499999850988388
2001-09-12 00:00:00,0.0
2001-09-13 00:00:00,0.0
2001-09-14 00:00:00,21.479999542236328
2001-09-15 00:00:00,10.330000877380371
2001-09-16 00:00:00,2.315000534057617
2001-09-17 00:00:00,0.0
2001-09-18 00:00:00,0.0
2001-09-19 00:00:00,0.0
2001-09-20 00:00:00,0.3999999761581421
2001-09-21 00:00:00,0.004999999888241291
2001-09-22 00:00:00,0.0
2001-09-23 00:00:00,0.0
2001-09-24 00:00:00,0.0
2001-09-25 00:00:00,0.0
2001-09-26 00:00:00,5.605000019073486
2001-09-27 00:00:00,4.284999847412109
2001-09-28 00:00:00,17.839998245239258
2001-09-29 00:00:00,0.07999999821186066
2001-09-30 00:00:00,0.0
2001-10-01 00:00:00,2.3449997901916504
2001-10-02 00:00:00,4.75499963760376
2001-10-03 00:00:00,0.0
2001-10-04 00:00:00,0.0
2001-10-05 00:00:00,13.09000015258789
2001-10-06 00:00:00,0.06499999761581421
2001-10-07 00:00:00,1.4550000429153442
2001-10-08 00:00:00,7.71999979019165
2001-10-09 00:00:00,22.75999641418457
2001-10-10 00:00:00,0.0
2001-10-11 00:00:00,0.14999999105930328
2001-10-12 00:00:00,36.464996337890625
2001-10-13 00:00:00,0.4399999976158142
2001-10-14 00:00:00,0.0
2001-10-15 00:00:00,0.3799999952316284
2001-10-16 00:00:00,2.130000114440918
2001-10-17 00:00:00,0.0
2001-10-18 00:00:00,0.0
2001-10-19 00:00:00,0.0
2001-10-20 00:00:00,0.0
2001-10-21 00:00:00,1.2649999856948853
2001-10-22 00:00:00,2.0899999141693115
2001-10-23 00:00:00,0.0
2001-10-24 00:00:00,0.0
2001-10-25 00:00:00,0.0
2001-10-26 00:00:00,0.0
2001-10-27 00:00:00,0.0
2001-10-28 00:00:00,24.26000213623047
2001-10-29 00:00:00,0.8349999189376831
2001-10-30 00:00:00,66.86000061035156
2001-10-31 00:00:00,0.0
2001-11-01 00:00:00,10.699999809265137
2001-11-02 00:00:00,48.599998474121094
2001-11-03 00:00:00,18.510000228881836
2001-11-04 00:00:00,0.3999999761581421
2001-11-05 00:00:00,0.0
2001-11-06 00:00:00,0.0
2001-11-07 00:00:00,16.06999969482422
2001-11-08 00:00:00,2.6599998474121094
2001-11-09 00:00:00,3.9250001907348633
2001-11-10 00:00:00,0.0
2001-11-11 00:00:00,1.4550000429153442
2001-11-12 00:00:00,0.5149999856948853
2001-11-13 00:00:00,0.0
2001-11-14 00:00:00,0.0
2001-11-15 00:00:00,11.795000076293945
2001-11-16 00:00:00,53.82500457763672
2001-11-17 00:00:00,12.530000686645508
2001-11-18 00:00:00,0.0
2001-11-19 00:00:00,1.119999885559082
2001-11-20 00:00:00,0.0
2001-11-21 00:00:00,0.8650000095367432
2001-11-22 00:00:00,0.10999999940395355
2001-11-23 00:00:00,0.0
2001-11-24 00:00:00,0.0
2001-11-25 00:00:00,44.38500213623047
2001-11-26 00:00:00,0.0
2001-11-27 00:00:00,19.470001220703125
2001-11-28 00:00:00,0.9249999523162842
2001-11-29 00:00:00,0.0
2001-11-30 00:00:00,36.87499237060547
2001-12-01 00:00:00,0.0
2001-12-02 00:00:00,0.0
2001-12-03 00:00:00,0.5700000524520874
2001-12-04 00:00:00,121.13001251220703
2001-12-05 00:00:00,0.35999998450279236
2001-12-06 00:00:00,0.0
2001-12-07 00:00:00,0.0
2001-12-08 00:00:00,0.16999998688697815
2001-12-09 00:00:00,11.904999732971191
2001-12-10 00:00:00,0.23000000417232513
2001-12-11 00:00:00,16.064998626708984
2001-12-12 00:00:00,0.8700000047683716
2001-12-13 00:00:00,0.26999998092651367
2001-12-14 00:00:00,0.0
2001-12-15 00:00:00,88.80998992919922
2001-12-16 00:00:00,0.0
2001-12-17 00:00:00,0.004999999888241291
2001-12-18 00:00:00,0.12999999523162842
2001-12-19 00:00:00,0.019999999552965164
2001-12-20 00:00:00,3.4149999618530273
2001-12-21 00:00:00,25.325000762939453
2001-12-22 00:00:00,13.469999313354492
2001-12-23 00:00:00,36.34499740600586
2001-12-24 00:00:00,1.6100001335144043
2001-12-25 00:00:00,0.0
2001-12-26 00:00:00,0.0
2001-12-27 00:00:00,1.4399999380111694
2001-12-28 00:00:00,0.0
2001-12-29 00:00:00,1.274999976158142
2001-12-30 00:00:00,11.859999656677246
2001-12-31 00:00:00,26.579998016357422
2002-01-01 00:00:00,23.540000915527344
2002-01-02 00:00:00,2.6750001907348633
2002-01-03 00:00:00,5.87999963760376
2002-01-04 00:00:00,0.0
2002-01-05 00:00:00,7.305000305175781
2002-01-06 00:00:00,95.09001159667969
2002-01-07 00:00:00,0.17499999701976776
2002-01-08 00:00:00,0.0
2002-01-09 00:00:00,8.540000915527344
2002-01-10 00:00:00,0.0
2002-01-11 00:00:00,0.0
2002-01-12 00:00:00,0.0
2002-01-13 00:00:00,0.0
2002-01-14 00:00:00,15.564998626708984
2002-01-15 00:00:00,36.71999740600586
2002-01-16 00:00:00,0.0
2002-01-17 00:00:00,1.6400001049041748
2002-01-18 00:00:00,0.0
2002-01-19 00:00:00,0.0
2002-01-20 00:00:00,0.0
2002-01-21 00:00:00,0.0
2002-01-22 00:00:00,8.604999542236328
2002-01-23 00:00:00,34.59999465942383
2002-01-24 00:00:00,1.5
2002-01-25 00:00:00,0.4750000238418579
2002-01-26 00:00:00,0.0
2002-01-27 00:00:00,0.0
2002-01-28 00:00:00,2.4600000381469727
2002-01-29 00:00:00,0.0
2002-01-30 00:00:00,0.014999999664723873
2002-01-31 00:00:00,0.0
2002-02-01 00:00:00,2.240000009536743
2002-02-02 00:00:00,20.01000213623047
2002-02-03 00:00:00,2.2799999713897705
2002-02-04 00:00:00,15.389999389648438
2002-02-05 00:00:00,3.1599998474121094
2002-02-06 00:00:00,207.46499633789062
2002-02-07 00:00:00,0.0
2002-02-08 00:00:00,0.6599999666213989
2002-02-09 00:00:00,0.0
2002-02-10 00:00:00,0.26499998569488525
2002-02-11 00:00:00,0.6899999380111694
2002-02-12 00:00:00,1.7999999523162842
2002-02-13 00:00:00,5.644999980926514
2002-02-14 00:00:00,0.11999999731779099
2002-02-15 00:00:00,0.0
2002-02-16 00:00:00,1.4550000429153442
2002-02-17 00:00:00,0.8400000333786011
2002-02-18 00:00:00,0.5649999976158142
2002-02-19 00:00:00,0.5149999856948853
2002-02-20 00:00:00,59.534996032714844
2002-02-21 00:00:00,39.570003509521484
2002-02-22 00:00:00,10.589999198913574
2002-02-23 00:00:00,0.7100000381469727
2002-02-24 00:00:00,0.2750000059604645
2002-02-25 00:00:00,0.004999999888241291
2002-02-26 00:00:00,1.8849997520446777
2002-02-27 00:00:00,7.424999713897705
2002-02-28 00:00:00,10.139999389648438
2002-03-01 00:00:00,4.074999809265137
2002-03-02 00:00:00,48.744998931884766
2002-03-03 00:00:00,0.0
2002-03-04 00:00:00,11.345000267028809
2002-03-05 00:00:00,0.0
2002-03-06 00:00:00,0.4749999940395355
2002-03-07 00:00:00,7.765000343322754
2002-03-08 00:00:00,27.670001983642578
2002-03-09 00:00:00,38.29999542236328
2002-03-10 00:00:00,8.15999984741211
2002-03-11 00:00:00,9.570000648498535
2002-03-12 00:00:00,32.94000244140625
2002-03-13 00:00:00,0.02499999850988388
2002-03-14 00:00:00,0.0
2002-03-15 00:00:00,0.014999999664723873
2002-03-16 00:00:00,0.0
2002-03-17 00:00:00,0.0
2002-03-18 00:00:00,0.2549999952316284
2002-03-19 00:00:00,0.0
2002-03-20 00:00:00,50.084991455078125
2002-03-21 00:00:00,0.0
2002-03-22 00:00:00,0.0
2002-03-23 00:00:00,0.0
2002-03-24 00:00:00,0.0
2002-03-25 00:00:00,0.0
2002-03-26 00:00:00,0.0
2002-03-27 00:00:00,0.4050000309944153
2002-03-28 00:00:00,0.0
2002-03-29 00:00:00,6.579999923706055
2002-03-30 00:00:00,0.11999999731779099
2002-03-31 00:00:00,12.594999313354492
2002-04-01 00:00:00,0.0
2002-04-02 00:00:00,0.0
2002-04-03 00:00:00,0.0
2002-04-04 00:00:00,0.0
2002-04-05 00:00:00,6.419999599456787
2002-04-06 00:00:00,0.0
2002-04-07 00:00:00,0.0
2002-04-08 00:00:00,1.8849999904632568
2002-04-09 00:00:00,0.9799999594688416
2002-04-10 00:00:00,3.129999876022339
2002-04-11 00:00:00,0.0
2002-04-12 00:00:00,50.43000411987305
2002-04-13 00:00:00,2.8899998664855957
2002-04-14 00:00:00,0.8700000047683716
2002-04-15 00:00:00,0.009999999776482582
2002-04-16 00:00:00,0.0
2002-04-17 00:00:00,0.0
2002-04-18 00:00:00,0.9199999570846558
2002-04-19 00:00:00,0.0
2002-04-20 00:00:00,0.0
2002-04-21 00:00:00,0.0
2002-04-22 00:00:00,4.259999752044678
2002-04-23 00:00:00,3.554999828338623
2002-04-24 00:00:00,0.0
2002-04-25 00:00:00,0.0
2002-04-26 00:00:00,58.18499755859375
2002-04-27 00:00:00,8.614999771118164
2002-04-28 00:00:00,0.0
2002-04-29 00:00:00,0.0
2002-04-30 00:00:00,0.7999999523162842
2002-05-01 00:00:00,0.0
2002-05-02 00:00:00,0.0
2002-05-03 00:00:00,0.0
2002-05-04 00:00:00,0.0
2002-05-05 00:00:00,1.809999942779541
2002-05-06 00:00:00,15.690000534057617
2002-05-07 00:00:00,0.0
2002-05-08 00:00:00,0.0
2002-05-09 00:00:00,0.0
2002-05-10 00:00:00,0.0
2002-05-11 00:00:00,0.0
2002-05-12 00:00:00,0.0
2002-05-13 00:00:00,0.0
2002-05-14 00:00:00,3.1549997329711914
2002-05-15 00:00:00,0.0
2002-05-16 00:00:00,0.0
2002-05-17 00:00:00,0.0
2002-05-18 00:00:00,3.364999771118164
2002-05-19 00:00:00,0.07499999552965164
2002-05-20 00:00:00,0.0
2002-05-21 00:00:00,3.6750001907348633
2002-05-22 00:00:00,0.0
2002-05-23 00:00:00,0.0
2002-05-24 00:00:00,0.0
2002-05-25 00:00:00,0.0
2002-05-26 00:00:00,0.0
2002-05-27 00:00:00,0.0
2002-05-28 00:00:00,0.0
2002-05-29 00:00:00,4.119999885559082
2002-05-30 00:00:00,34.39999771118164
2002-05-31 00:00:00,0.054999999701976776
2002-06-01 00:00:00,0.0
2002-06-02 00:00:00,0.0
2002-06-03 00:00:00,0.004999999888241291
2002-06-04 00:00:00,0.0
2002-06-05 00:00:00,0.0
2002-06-06 00:00:00,54.06499481201172
2002-06-07 00:00:00,0.16499999165534973
2002-06-08 00:00:00,0.0
2002-06-09 00:00:00,1.6249998807907104
2002-06-10 00:00:00,53.29999923706055
2002-06-11 00:00:00,0.0
2002-06-12 00:00:00,0.0
2002-06-13 00:00:00,0.14999999105930328
2002-06-14 00:00:00,0.5249999761581421
2002-06-15 00:00:00,0.18999996781349182
2002-06-16 00:00:00,0.0
2002-06-17 00:00:00,0.019999999552965164
2002-06-18 00:00:00,0.0
2002-06-19 00:00:00,0.0
2002-06-20 00:00:00,0.0
2002-06-21 00:00:00,0.0
2002-06-22 00:00:00,0.0
2002-06-23 00:00:00,0.0
2002-06-24 00:00:00,0.0
2002-06-25 00:00:00,0.0
2002-06-26 00:00:00,0.0
2002-06-27 00:00:00,5.465000629425049
2002-06-28 00:00:00,1.2149999141693115
2002-06-29 00:00:00,6.234999656677246
2002-06-30 00:00:00,0.0
2002-07-01 00:00:00,0.0
2002-07-02 00:00:00,0.0
2002-07-03 00:00:00,0.0
2002-07-04 00:00:00,38.56999206542969
2002-07-05 00:00:00,8.135003089904785
2002-07-06 00:00:00,0.004999999888241291
2002-07-07 00:00:00,0.0
2002-07-08 00:00:00,0.0
2002-07-09 00:00:00,0.034999996423721313
2002-07-10 00:00:00,0.0
2002-07-11 00:00:00,0.0
2002-07-12 00:00:00,0.004999999888241291
2002-07-13 00:00:00,0.0
2002-07-14 00:00:00,0.0
2002-07-15 00:00:00,0.0
2002-07-16 00:00:00,0.0
2002-07-17 00:00:00,0.0
2002-07-18 00:00:00,0.0
2002-07-19 00:00:00,1.0099999904632568
2002-07-20 00:00:00,0.0
2002-07-21 00:00:00,0.0
2002-07-22 00:00:00,0.009999999776482582
2002-07-23 00:00:00,0.0
2002-07-24 00:00:00,0.0
2002-07-25 00:00:00,7.1050004959106445
2002-07-26 00:00:00,0.044999998062849045
2002-07-27 00:00:00,0.0
2002-07-28 00:00:00,0.3700000047683716
2002-07-29 00:00:00,5.110000133514404
2002-07-30 00:00:00,0.0
2002-07-31 00:00:00,0.0
2002-08-01 00:00:00,0.22999998927116394
2002-08-02 00:00:00,0.0
2002-08-03 00:00:00,0.0
2002-08-04 00:00:00,0.0
2002-08-05 00:00:00,0.0
2002-08-06 00:00:00,0.0
2002-08-07 00:00:00,0.0
2002-08-08 00:00:00,0.0
2002-08-09 00:00:00,0.10500000417232513
2002-08-10 00:00:00,0.05999999865889549
2002-08-11 00:00:00,0.0
2002-08-12 00:00:00,0.0
2002-08-13 00:00:00,0.0
2002-08-14 00:00:00,0.0
2002-08-15 00:00:00,0.0
2002-08-16 00:00:00,0.0
2002-08-17 00:00:00,0.0
2002-08-18 00:00:00,0.3199999928474426
2002-08-19 00:00:00,0.0
2002-08-20 00:00:00,3.9599997997283936
2002-08-21 00:00:00,45.1099967956543
2002-08-22 00:00:00,0.25
2002-08-23 00:00:00,0.0
2002-08-24 00:00:00,0.0
2002-08-25 00:00:00,0.0
2002-08-26 00:00:00,2.180000066757202
2002-08-27 00:00:00,0.019999999552965164
2002-08-28 00:00:00,4.309999942779541
2002-08-29 00:00:00,17.339998245239258
2002-08-30 00:00:00,1.1349999904632568
2002-08-31 00:00:00,8.789999961853027
2002-09-01 00:00:00,0.02499999850988388
2002-09-02 00:00:00,0.0
2002-09-03 00:00:00,0.20499998331069946
2002-09-04 00:00:00,0.0
2002-09-05 00:00:00,0.0
2002-09-06 00:00:00,0.22999998927116394
2002-09-07 00:00:00,14.345000267028809
2002-09-08 00:00:00,0.0
2002-09-09 00:00:00,0.35499998927116394
2002-09-10 00:00:00,3.6399998664855957
2002-09-11 00:00:00,2.7199997901916504
2002-09-12 00:00:00,5.874999523162842
2002-09-13 00:00:00,35.75499725341797
2002-09-14 00:00:00,13.719999313354492
2002-09-15 00:00:00,0.43999993801116943
2002-09-16 00:00:00,0.0
2002-09-17 00:00:00,13.739997863769531
2002-09-18 00:00:00,5.195000171661377
2002-09-19 00:00:00,0.0
2002-09-20 00:00:00,0.02499999850988388
2002-09-21 00:00:00,0.0
2002-09-22 00:00:00,0.0
2002-09-23 00:00:00,0.0
2002-09-24 00:00:00,0.03500000014901161
2002-09-25 00:00:00,0.0
2002-09-26 00:00:00,0.0
2002-09-27 00:00:00,0.0
2002-09-28 00:00:00,0.0
2002-09-29 00:00:00,0.0
2002-09-30 00:00:00,0.0
2002-10-01 00:00:00,14.774999618530273
2002-10-02 00:00:00,0.0
2002-10-03 00:00:00,0.044999998062849045
2002-10-04 00:00:00,0.0
2002-10-05 00:00:00,0.0
2002-10-06 00:00:00,0.0
2002-10-07 00:00:00,0.0
2002-10-08 00:00:00,11.295000076293945
2002-10-09 00:00:00,0.38499999046325684
2002-10-10 00:00:00,0.0
2002-10-11 00:00:00,1.3550000190734863
2002-10-12 00:00:00,0.0
2002-10-13 00:00:00,0.004999999888241291
2002-10-14 00:00:00,0.0
2002-10-15 00:00:00,13.324999809265137
2002-10-16 00:00:00,0.0
2002-10-17 00:00:00,19.240001678466797
2002-10-18 00:00:00,0.0
2002-10-19 00:00:00,0.0
2002-10-20 00:00:00,0.0
2002-10-21 00:00:00,12.850000381469727
2002-10-22 00:00:00,1.1449999809265137
2002-10-23 00:00:00,0.0
2002-10-24 00:00:00,0.019999999552965164
2002-10-25 00:00:00,0.0
2002-10-26 00:00:00,0.0
2002-10-27 00:00:00,1.1050000190734863
2002-10-28 00:00:00,0.4350000023841858
2002-10-29 00:00:00,24.499998092651367
2002-10-30 00:00:00,16.014999389648438
2002-10-31 00:00:00,0.05999999865889549
2002-11-01 00:00:00,0.0
2002-11-02 00:00:00,0.0
2002-11-03 00:00:00,0.0
2002-11-04 00:00:00,33.81500244140625
2002-11-05 00:00:00,4.744999885559082
2002-11-06 00:00:00,0.0
2002-11-07 00:00:00,0.0
2002-11-08 00:00:00,0.0
2002-11-09 00:00:00,0.0
2002-11-10 00:00:00,14.914999008178711
2002-11-11 00:00:00,5.020000457763672
2002-11-12 00:00:00,5.150000095367432
2002-11-13 00:00:00,0.0
2002-11-14 00:00:00,0.0
2002-11-15 00:00:00,0.0
2002-11-16 00:00:00,0.0
2002-11-17 00:00:00,0.0
2002-11-18 00:00:00,0.0
2002-11-19 00:00:00,0.0
2002-11-20 00:00:00,0.4449999928474426
2002-11-21 00:00:00,3.494999885559082
2002-11-22 00:00:00,2.125
2002-11-23 00:00:00,7.149999618530273
2002-11-24 00:00:00,0.0
2002-11-25 00:00:00,0.0
2002-11-26 00:00:00,1.5999999046325684
2002-11-27 00:00:00,1.6349998712539673
2002-11-28 00:00:00,12.334999084472656
2002-11-29 00:00:00,1.6099998950958252
2002-11-30 00:00:00,6.2400007247924805
2002-12-01 00:00:00,0.0
2002-12-02 00:00:00,1.5649999380111694
2002-12-03 00:00:00,38.53999710083008
2002-12-04 00:00:00,19.404998779296875
2002-12-05 00:00:00,0.0
2002-12-06 00:00:00,27.184999465942383
2002-12-07 00:00:00,0.0
2002-12-08 00:00:00,70.19499969482422
2002-12-09 00:00:00,0.4449999928474426
2002-12-10 00:00:00,0.0
2002-12-11 00:00:00,14.930000305175781
2002-12-12 00:00:00,0.0
2002-12-13 00:00:00,0.4099999666213989
2002-12-14 00:00:00,53.13999938964844
2002-12-15 00:00:00,9.515000343322754
2002-12-16 00:00:00,0.0
2002-12-17 00:00:00,0.0
2002-12-18 00:00:00,1.274999976158142
2002-12-19 00:00:00,0.0
2002-12-20 00:00:00,1.8249998092651367
2002-12-21 00:00:00,34.69000244140625
2002-12-22 00:00:00,0.47999998927116394
2002-12-23 00:00:00,0.0
2002-12-24 00:00:00,16.55500030517578
2002-12-25 00:00:00,3.414999485015869
2002-12-26 00:00:00,1.3700000047683716
2002-12-27 00:00:00,2.629999876022339
2002-12-28 00:00:00,0.0
2002-12-29 00:00:00,6.21999979019165
2002-12-30 00:00:00,1.6050000190734863
2002-12-31 00:00:00,2.5999999046325684
2003-01-01 00:00:00,8.34000015258789
2003-01-02 00:00:00,1.2299998998641968
2003-01-03 00:00:00,30.269996643066406
2003-01-04 00:00:00,1.7749998569488525
2003-01-05 00:00:00,4.454999923706055
2003-01-06 00:00:00,42.94499588012695
2003-01-07 00:00:00,2.9800000190734863
2003-01-08 00:00:00,0.0
2003-01-09 00:00:00,2.634999990463257
2003-01-10 00:00:00,1.2450000047683716
2003-01-11 00:00:00,0.3349999785423279
2003-01-12 00:00:00,25.43999481201172
2003-01-13 00:00:00,3.8849997520446777
2003-01-14 00:00:00,14.930000305175781
2003-01-15 00:00:00,1.2200000286102295
2003-01-16 00:00:00,0.10500000417232513
2003-01-17 00:00:00,6.7649993896484375
2003-01-18 00:00:00,3.4649996757507324
2003-01-19 00:00:00,71.29998779296875
2003-01-20 00:00:00,0.0
2003-01-21 00:00:00,0.0
2003-01-22 00:00:00,0.0
2003-01-23 00:00:00,60.17500305175781
2003-01-24 00:00:00,52.88500213623047
2003-01-25 00:00:00,0.0
2003-01-26 00:00:00,0.23999997973442078
2003-01-27 00:00:00,0.14499999582767487
2003-01-28 00:00:00,0.550000011920929
2003-01-29 00:00:00,21.500001907348633
2003-01-30 00:00:00,0.0
2003-01-31 00:00:00,0.0
2003-02-01 00:00:00,3.819999933242798
2003-02-02 00:00:00,48.999996185302734
2003-02-03 00:00:00,0.22499999403953552
2003-02-04 00:00:00,0.02499999850988388
2003-02-05 00:00:00,4.124999523162842
2003-02-06 00:00:00,20.14000129699707
2003-02-07 00:00:00,1.9549999237060547
2003-02-08 00:00:00,38.14999771118164
2003-02-09 00:00:00,75.00498962402344
2003-02-10 00:00:00,0.0
2003-02-11 00:00:00,3.2599997520446777
2003-02-12 00:00:00,0.0
2003-02-13 00:00:00,62.20499038696289
2003-02-14 00:00:00,0.02499999850988388
2003-02-15 00:00:00,0.0
2003-02-16 00:00:00,0.0
2003-02-17 00:00:00,2.7950000762939453
2003-02-18 00:00:00,2.4549999237060547
2003-02-19 00:00:00,0.16999998688697815
2003-02-20 00:00:00,9.6899995803833
2003-02-21 00:00:00,0.6899999976158142
2003-02-22 00:00:00,0.0
2003-02-23 00:00:00,0.0
2003-02-24 00:00:00,0.0
2003-02-25 00:00:00,0.0
2003-02-26 00:00:00,54.84999084472656
2003-02-27 00:00:00,0.0
2003-02-28 00:00:00,36.560001373291016
2003-03-01 00:00:00,0.0
2003-03-02 00:00:00,0.0
2003-03-03 00:00:00,0.0
2003-03-04 00:00:00,55.804996490478516
2003-03-05 00:00:00,2.1349997520446777
2003-03-06 00:00:00,7.5849995613098145
2003-03-07 00:00:00,26.414997100830078
2003-03-08 00:00:00,16.494998931884766
2003-03-09 00:00:00,0.0
2003-03-10 00:00:00,0.0
2003-03-11 00:00:00,31.530000686645508
2003-03-12 00:00:00,34.20000457763672
2003-03-13 00:00:00,0.04999999701976776
2003-03-14 00:00:00,25.98999786376953
2003-03-15 00:00:00,13.10999870300293
2003-03-16 00:00:00,0.0
2003-03-17 00:00:00,32.779998779296875
2003-03-18 00:00:00,0.0
2003-03-19 00:00:00,12.39999771118164
2003-03-20 00:00:00,0.03999999910593033
2003-03-21 00:00:00,16.565000534057617
2003-03-22 00:00:00,0.014999999664723873
2003-03-23 00:00:00,0.0
2003-03-24 00:00:00,0.0
2003-03-25 00:00:00,0.0
2003-03-26 00:00:00,0.4099999666213989
2003-03-27 00:00:00,2.0900001525878906
2003-03-28 00:00:00,5.465000629425049
2003-03-29 00:00:00,0.0
2003-03-30 00:00:00,21.33500099182129
2003-03-31 00:00:00,14.579998970031738
2003-04-01 00:00:00,2.2350001335144043
2003-04-02 00:00:00,0.0
2003-04-03 00:00:00,0.0
2003-04-04 00:00:00,1.6749998331069946
2003-04-05 00:00:00,50.459999084472656
2003-04-06 00:00:00,0.05999999865889549
2003-04-07 00:00:00,0.0
2003-04-08 00:00:00,0.29499998688697815
2003-04-09 00:00:00,0.9549999833106995
2003-04-10 00:00:00,86.1100082397461
2003-04-11 00:00:00,0.14000000059604645
2003-04-12 00:00:00,0.32499998807907104
2003-04-13 00:00:00,0.0
2003-04-14 00:00:00,0.07499999552965164
2003-04-15 00:00:00,0.0
2003-04-16 00:00:00,0.0
2003-04-17 00:00:00,0.014999999664723873
2003-04-18 00:00:00,7.2099995613098145
2003-04-19 00:00:00,39.42500305175781
2003-04-20 00:00:00,0.36500000953674316
2003-04-21 00:00:00,0.0
2003-04-22 00:00:00,0.0
2003-04-23 00:00:00,0.0
2003-04-24 00:00:00,0.0
2003-04-25 00:00:00,5.930000305175781
2003-04-26 00:00:00,0.0
2003-04-27 00:00:00,0.009999999776482582
2003-04-28 00:00:00,0.0
2003-04-29 00:00:00,0.0
2003-04-30 00:00:00,0.0
2003-05-01 00:00:00,0.0
2003-05-02 00:00:00,0.0
2003-05-03 00:00:00,0.0
2003-05-04 00:00:00,0.0
2003-05-05 00:00:00,0.0
2003-05-06 00:00:00,0.02499999850988388
2003-05-07 00:00:00,0.0
2003-05-08 00:00:00,0.5849999785423279
2003-05-09 00:00:00,0.0
2003-05-10 00:00:00,0.0
2003-05-11 00:00:00,0.0
2003-05-12 00:00:00,0.0
2003-05-13 00:00:00,0.0
2003-05-14 00:00:00,0.0
2003-05-15 00:00:00,0.0
2003-05-16 00:00:00,0.0
2003-05-17 00:00:00,0.0
2003-05-18 00:00:00,0.0
2003-05-19 00:00:00,0.0
2003-05-20 00:00:00,0.0
2003-05-21 00:00:00,0.0
2003-05-22 00:00:00,0.0
2003-05-23 00:00:00,106.25498962402344
2003-05-24 00:00:00,21.09000015258789
2003-05-25 00:00:00,0.0
2003-05-26 00:00:00,0.019999999552965164
2003-05-27 00:00:00,0.5450000166893005
2003-05-28 00:00:00,0.0
2003-05-29 00:00:00,0.0
2003-05-30 00:00:00,0.0
2003-05-31 00:00:00,0.0
2003-06-01 00:00:00,7.574999809265137
2003-06-02 00:00:00,0.0
2003-06-03 00:00:00,0.0
2003-06-04 00:00:00,11.750000953674316
2003-06-05 00:00:00,0.0
2003-06-06 00:00:00,0.0
2003-06-07 00:00:00,0.0
2003-06-08 00:00:00,0.0
2003-06-09 00:00:00,0.0
2003-06-10 00:00:00,0.0
2003-06-11 00:00:00,0.0
2003-06-12 00:00:00,0.0
2003-06-13 00:00:00,0.0
2003-06-14 00:00:00,0.0
2003-06-15 00:00:00,0.0
2003-06-16 00:00:00,0.0
2003-06-17 00:00:00,0.0
2003-06-18 00:00:00,0.0
2003-06-19 00:00:00,7.864999771118164
2003-06-20 00:00:00,2.43999981880188
2003-06-21 00:00:00,0.0
2003-06-22 00:00:00,0.0
2003-06-23 00:00:00,0.0
2003-06-24 00:00:00,0.0
2003-06-25 00:00:00,0.0
2003-06-26 00:00:00,0.0
2003-06-27 00:00:00,0.0
2003-06-28 00:00:00,0.0
2003-06-29 00:00:00,0.0
2003-06-30 00:00:00,0.0
2003-07-01 00:00:00,0.0
2003-07-02 00:00:00,0.0
2003-07-03 00:00:00,0.0
2003-07-04 00:00:00,0.0
2003-07-05 00:00:00,0.0
2003-07-06 00:00:00,0.0
2003-07-07 00:00:00,0.2849999964237213
2003-07-08 00:00:00,0.0
2003-07-09 00:00:00,38.25499725341797
2003-07-10 00:00:00,0.0
2003-07-11 00:00:00,0.0
2003-07-12 00:00:00,0.0
2003-07-13 00:00:00,0.0
2003-07-14 00:00:00,0.0
2003-07-15 00:00:00,0.0
2003-07-16 00:00:00,0.0
2003-07-17 00:00:00,0.0
2003-07-18 00:00:00,10.00999927520752
2003-07-19 00:00:00,0.0
2003-07-20 00:00:00,0.0
2003-07-21 00:00:00,0.0
2003-07-22 00:00:00,0.0
2003-07-23 00:00:00,0.02499999850988388
2003-07-24 00:00:00,0.0
2003-07-25 00:00:00,0.0
2003-07-26 00:00:00,0.0
2003-07-27 00:00:00,0.0
2003-07-28 00:00:00,0.0
2003-07-29 00:00:00,0.0
2003-07-30 00:00:00,0.0
2003-07-31 00:00:00,0.0
2003-08-01 00:00:00,0.0
2003-08-02 00:00:00,0.0
2003-08-03 00:00:00,0.0
2003-08-04 00:00:00,0.0
2003-08-05 00:00:00,0.0
2003-08-06 00:00:00,9.385000228881836
2003-08-07 00:00:00,0.7300000190734863
2003-08-08 00:00:00,0.5449999570846558
2003-08-09 00:00:00,25.854999542236328
2003-08-10 00:00:00,3.424999713897705
2003-08-11 00:00:00,0.0
2003-08-12 00:00:00,0.0
2003-08-13 00:00:00,0.0
2003-08-14 00:00:00,0.0
2003-08-15 00:00:00,0.0
2003-08-16 00:00:00,0.0
2003-08-17 00:00:00,0.0
2003-08-18 00:00:00,0.0
2003-08-19 00:00:00,0.0
2003-08-20 00:00:00,0.0
2003-08-21 00:00:00,0.0
2003-08-22 00:00:00,0.0
2003-08-23 00:00:00,26.80499839782715
2003-08-24 00:00:00,8.274999618530273
2003-08-25 00:00:00,6.524999618530273
2003-08-26 00:00:00,0.0
2003-08-27 00:00:00,0.8049999475479126
2003-08-28 00:00:00,0.0
2003-08-29 00:00:00,0.0
2003-08-30 00:00:00,0.0
2003-08-31 00:00:00,0.0
2003-09-01 00:00:00,1.8449997901916504
2003-09-02 00:00:00,0.0
2003-09-03 00:00:00,0.0
2003-09-04 00:00:00,0.0
2003-09-05 00:00:00,0.0
2003-09-06 00:00:00,0.0
2003-09-07 00:00:00,1.0749999284744263
2003-09-08 00:00:00,10.049999237060547
2003-09-09 00:00:00,1.2999999523162842
2003-09-10 00:00:00,2.9099998474121094
2003-09-11 00:00:00,0.07000000029802322
2003-09-12 00:00:00,0.19999998807907104
2003-09-13 00:00:00,2.759999990463257
2003-09-14 00:00:00,0.0
2003-09-15 00:00:00,0.0
2003-09-16 00:00:00,0.0
2003-09-17 00:00:00,0.0
2003-09-18 00:00:00,0.0
2003-09-19 00:00:00,0.0
2003-09-20 00:00:00,0.0
2003-09-21 00:00:00,10.835000991821289
2003-09-22 00:00:00,0.0
2003-09-23 00:00:00,0.0
2003-09-24 00:00:00,2.5199999809265137
2003-09-25 00:00:00,21.834999084472656
2003-09-26 00:00:00,0.7949999570846558
2003-09-27 00:00:00,0.0
2003-09-28 00:00:00,23.420000076293945
2003-09-29 00:00:00,23.759998321533203
2003-09-30 00:00:00,0.0
2003-10-01 00:00:00,0.0
2003-10-02 00:00:00,0.0
2003-10-03 00:00:00,10.460000991821289
2003-10-04 00:00:00,0.0
2003-10-05 00:00:00,0.0
2003-10-06 00:00:00,29.219999313354492
2003-10-07 00:00:00,0.0
2003-10-08 00:00:00,0.004999999888241291
2003-10-09 00:00:00,0.0
2003-10-10 00:00:00,104.58999633789062
2003-10-11 00:00:00,0.37999993562698364
2003-10-12 00:00:00,0.019999999552965164
2003-10-13 00:00:00,0.0
2003-10-14 00:00:00,0.0
2003-10-15 00:00:00,0.0
2003-10-16 00:00:00,0.0
2003-10-17 00:00:00,0.0
2003-10-18 00:00:00,0.0
2003-10-19 00:00:00,23.375001907348633
2003-10-20 00:00:00,2.044999837875366
2003-10-21 00:00:00,0.0
2003-10-22 00:00:00,0.2199999988079071
2003-10-23 00:00:00,18.31999969482422
2003-10-24 00:00:00,0.0
2003-10-25 00:00:00,0.0
2003-10-26 00:00:00,0.0
2003-10-27 00:00:00,0.0
2003-10-28 00:00:00,1.0749999284744263
2003-10-29 00:00:00,0.0
2003-10-30 00:00:00,0.0
2003-10-31 00:00:00,0.0
2003-11-01 00:00:00,22.969999313354492
2003-11-02 00:00:00,2.634999990463257
2003-11-03 00:00:00,0.28999996185302734
2003-11-04 00:00:00,0.0
2003-11-05 00:00:00,0.0
2003-11-06 00:00:00,0.0
2003-11-07 00:00:00,0.0
2003-11-08 00:00:00,0.0
2003-11-09 00:00:00,0.0
2003-11-10 00:00:00,20.724998474121094
2003-11-11 00:00:00,0.02499999850988388
2003-11-12 00:00:00,0.0
2003-11-13 00:00:00,31.104999542236328
2003-11-14 00:00:00,0.5149999856948853
2003-11-15 00:00:00,0.0
2003-11-16 00:00:00,0.0
2003-11-17 00:00:00,0.29499998688697815
2003-11-18 00:00:00,32.42499923706055
2003-11-19 00:00:00,5.969999313354492
2003-11-20 00:00:00,0.0
2003-11-21 00:00:00,0.0
2003-11-22 00:00:00,0.0
2003-11-23 00:00:00,1.2300000190734863
2003-11-24 00:00:00,0.0
2003-11-25 00:00:00,8.9399995803833
2003-11-26 00:00:00,12.029998779296875
2003-11-27 00:00:00,0.0
2003-11-28 00:00:00,0.054999999701976776
2003-11-29 00:00:00,4.210000038146973
2003-11-30 00:00:00,3.2049999237060547
2003-12-01 00:00:00,10.545000076293945
2003-12-02 00:00:00,7.635000228881836
2003-12-03 00:00:00,0.0
2003-12-04 00:00:00,2.1649999618530273
2003-12-05 00:00:00,0.019999999552965164
2003-12-06 00:00:00,0.19999998807907104
2003-12-07 00:00:00,6.050000190734863
2003-12-08 00:00:00,0.6349999904632568
2003-12-09 00:00:00,6.425000190734863
2003-12-10 00:00:00,4.734999656677246
2003-12-11 00:00:00,0.0
2003-12-12 00:00:00,59.16999816894531
2003-12-13 00:00:00,9.15999984741211
2003-12-14 00:00:00,1.3649998903274536
2003-12-15 00:00:00,0.0
2003-12-16 00:00:00,2.4700000286102295
2003-12-17 00:00:00,2.674999952316284
2003-12-18 00:00:00,0.0
2003-12-19 00:00:00,0.0
2003-12-20 00:00:00,0.0
2003-12-21 00:00:00,0.0
2003-12-22 00:00:00,0.0
2003-12-23 00:00:00,12.579999923706055
2003-12-24 00:00:00,2.8999998569488525
2003-12-25 00:00:00,33.93499755859375
2003-12-26 00:00:00,3.7699995040893555
2003-12-27 00:00:00,3.6050000190734863
2003-12-28 00:00:00,24.459999084472656
2003-12-29 00:00:00,1.7349998950958252
2003-12-30 00:00:00,0.0
2003-12-31 00:00:00,24.859996795654297
2004-01-01 00:00:00,36.47499465942383
2004-01-02 00:00:00,0.6699999570846558
2004-01-03 00:00:00,1.1150000095367432
2004-01-04 00:00:00,0.3149999678134918
2004-01-05 00:00:00,0.019999999552965164
2004-01-06 00:00:00,3.9100003242492676
2004-01-07 00:00:00,5.115000247955322
2004-01-08 00:00:00,11.809999465942383
2004-01-09 00:00:00,2.749999761581421
2004-01-10 00:00:00,2.2199997901916504
2004-01-11 00:00:00,9.22499942779541
2004-01-12 00:00:00,35.060001373291016
2004-01-13 00:00:00,32.279998779296875
2004-01-14 00:00:00,34.619998931884766
2004-01-15 00:00:00,22.009998321533203
2004-01-16 00:00:00,30.790000915527344
2004-01-17 00:00:00,0.20500001311302185
2004-01-18 00:00:00,3.4499998092651367
2004-01-19 00:00:00,6.2699995040893555
2004-01-20 00:00:00,21.584997177124023
2004-01-21 00:00:00,3.0850000381469727
2004-01-22 00:00:00,40.97500228881836
2004-01-23 00:00:00,0.8899999856948853
2004-01-24 00:00:00,0.28999999165534973
2004-01-25 00:00:00,0.0
2004-01-26 00:00:00,0.0
2004-01-27 00:00:00,0.0
2004-01-28 00:00:00,0.0
2004-01-29 00:00:00,41.34499740600586
2004-01-30 00:00:00,1.684999942779541
2004-01-31 00:00:00,15.294998168945312
2004-02-01 00:00:00,0.0
2004-02-02 00:00:00,1.8499999046325684
2004-02-03 00:00:00,78.58998107910156
2004-02-04 00:00:00,4.84499979019165
2004-02-05 00:00:00,5.59499979019165
2004-02-06 00:00:00,5.015000343322754
2004-02-07 00:00:00,2.56499981880188
2004-02-08 00:00:00,0.0
2004-02-09 00:00:00,0.8949999809265137
2004-02-10 00:00:00,6.760000228881836
2004-02-11 00:00:00,1.7599999904632568
2004-02-12 00:00:00,18.81999969482422
2004-02-13 00:00:00,11.234999656677246
2004-02-14 00:00:00,57.970008850097656
2004-02-15 00:00:00,0.0
2004-02-16 00:00:00,0.02499999850988388
2004-02-17 00:00:00,0.5199999809265137
2004-02-18 00:00:00,12.40999984741211
2004-02-19 00:00:00,146.77999877929688
2004-02-20 00:00:00,3.8799996376037598
2004-02-21 00:00:00,0.0
2004-02-22 00:00:00,0.0
2004-02-23 00:00:00,0.0
2004-02-24 00:00:00,0.0
2004-02-25 00:00:00,0.0
2004-02-26 00:00:00,0.0
2004-02-27 00:00:00,0.0
2004-02-28 00:00:00,0.0
2004-02-29 00:00:00,0.09999999403953552
2004-03-01 00:00:00,0.0
2004-03-02 00:00:00,0.0
2004-03-03 00:00:00,73.80500030517578
2004-03-04 00:00:00,0.4300000071525574
2004-03-05 00:00:00,0.0
2004-03-06 00:00:00,0.0
2004-03-07 00:00:00,2.3499999046325684
2004-03-08 00:00:00,0.2150000035762787
2004-03-09 00:00:00,41.005001068115234
2004-03-10 00:00:00,1.4149999618530273
2004-03-11 00:00:00,0.7900000810623169
2004-03-12 00:00:00,0.6399999856948853
2004-03-13 00:00:00,0.009999999776482582
2004-03-14 00:00:00,0.6049999594688416
2004-03-15 00:00:00,3.2049999237060547
2004-03-16 00:00:00,2.119999885559082
2004-03-17 00:00:00,3.6550002098083496
2004-03-18 00:00:00,109.70999145507812
2004-03-19 00:00:00,0.0
2004-03-20 00:00:00,0.0
2004-03-21 00:00:00,0.0
2004-03-22 00:00:00,0.0
2004-03-23 00:00:00,0.0
2004-03-24 00:00:00,0.0
2004-03-25 00:00:00,0.03999999910593033
2004-03-26 00:00:00,0.0
2004-03-27 00:00:00,0.4099999666213989
2004-03-28 00:00:00,0.0
2004-03-29 00:00:00,9.239999771118164
2004-03-30 00:00:00,10.904999732971191
2004-03-31 00:00:00,0.0
2004-04-01 00:00:00,0.0
2004-04-02 00:00:00,11.830000877380371
2004-04-03 00:00:00,0.07499999552965164
2004-04-04 00:00:00,0.23499999940395355
2004-04-05 00:00:00,0.0
2004-04-06 00:00:00,0.21000000834465027
2004-04-07 00:00:00,0.2499999850988388
2004-04-08 00:00:00,21.829998016357422
2004-04-09 00:00:00,0.0
2004-04-10 00:00:00,0.0
2004-04-11 00:00:00,0.0
2004-04-12 00:00:00,5.4549994468688965
2004-04-13 00:00:00,0.08500000089406967
2004-04-14 00:00:00,16.670000076293945
2004-04-15 00:00:00,78.77499389648438
2004-04-16 00:00:00,0.9649999737739563
2004-04-17 00:00:00,16.94499969482422
2004-04-18 00:00:00,2.75
2004-04-19 00:00:00,0.0
2004-04-20 00:00:00,0.45499998331069946
2004-04-21 00:00:00,0.0
2004-04-22 00:00:00,3.624999761581421
2004-04-23 00:00:00,0.0
2004-04-24 00:00:00,4.929999828338623
2004-04-25 00:00:00,0.0
2004-04-26 00:00:00,0.0
2004-04-27 00:00:00,0.0
2004-04-28 00:00:00,0.0
2004-04-29 00:00:00,0.0
2004-04-30 00:00:00,0.0
2004-05-01 00:00:00,0.0
2004-05-02 00:00:00,0.0
2004-05-03 00:00:00,2.6500000953674316
2004-05-04 00:00:00,62.970001220703125
2004-05-05 00:00:00,9.984999656677246
2004-05-06 00:00:00,0.934999942779541
2004-05-07 00:00:00,0.0
2004-05-08 00:00:00,22.119998931884766
2004-05-09 00:00:00,0.4300000071525574
2004-05-10 00:00:00,0.0
2004-05-11 00:00:00,0.0
2004-05-12 00:00:00,0.0
2004-05-13 00:00:00,20.290000915527344
2004-05-14 00:00:00,0.0
2004-05-15 00:00:00,0.0
2004-05-16 00:00:00,0.0
2004-05-17 00:00:00,0.0
2004-05-18 00:00:00,0.0
2004-05-19 00:00:00,0.0
2004-05-20 00:00:00,0.0
2004-05-21 00:00:00,0.0
2004-05-22 00:00:00,14.569999694824219
2004-05-23 00:00:00,0.0
2004-05-24 00:00:00,19.514997482299805
2004-05-25 00:00:00,3.0250000953674316
2004-05-26 00:00:00,0.0
2004-05-27 00:00:00,1.4950000047683716
2004-05-28 00:00:00,0.0
2004-05-29 00:00:00,0.0
2004-05-30 00:00:00,0.0
2004-05-31 00:00:00,0.0
2004-06-01 00:00:00,0.0
2004-06-02 00:00:00,0.0
2004-06-03 00:00:00,0.0
2004-06-04 00:00:00,0.0
2004-06-05 00:00:00,0.0
2004-06-06 00:00:00,0.0
2004-06-07 00:00:00,0.1899999976158142
2004-06-08 00:00:00,0.23999999463558197
2004-06-09 00:00:00,0.8799999952316284
2004-06-10 00:00:00,2.365000009536743
2004-06-11 00:00:00,5.5149993896484375
2004-06-12 00:00:00,0.0
2004-06-13 00:00:00,0.0
2004-06-14 00:00:00,0.0
2004-06-15 00:00:00,0.0
2004-06-16 00:00:00,0.0
2004-06-17 00:00:00,0.0
2004-06-18 00:00:00,0.0
2004-06-19 00:00:00,0.0
2004-06-20 00:00:00,0.0
2004-06-21 00:00:00,27.14999771118164
2004-06-22 00:00:00,0.0
2004-06-23 00:00:00,0.0
2004-06-24 00:00:00,6.795000076293945
2004-06-25 00:00:00,0.0
2004-06-26 00:00:00,15.28499984741211
2004-06-27 00:00:00,7.024999618530273
2004-06-28 00:00:00,0.0
2004-06-29 00:00:00,0.0
2004-06-30 00:00:00,0.0
2004-07-01 00:00:00,0.42000001668930054
2004-07-02 00:00:00,0.0
2004-07-03 00:00:00,1.274999976158142
2004-07-04 00:00:00,0.0
2004-07-05 00:00:00,0.0
2004-07-06 00:00:00,0.0
2004-07-07 00:00:00,0.0
2004-07-08 00:00:00,11.84000015258789
2004-07-09 00:00:00,0.0
2004-07-10 00:00:00,25.68000030517578
2004-07-11 00:00:00,0.0
2004-07-12 00:00:00,0.0
2004-07-13 00:00:00,0.0
2004-07-14 00:00:00,0.0
2004-07-15 00:00:00,0.0
2004-07-16 00:00:00,0.0
2004-07-17 00:00:00,0.05999999865889549
2004-07-18 00:00:00,0.0
2004-07-19 00:00:00,0.0
2004-07-20 00:00:00,0.0
2004-07-21 00:00:00,0.0
2004-07-22 00:00:00,0.0
2004-07-23 00:00:00,0.0
2004-07-24 00:00:00,0.0
2004-07-25 00:00:00,0.009999999776482582
2004-07-26 00:00:00,0.0
2004-07-27 00:00:00,0.0
2004-07-28 00:00:00,0.0
2004-07-29 00:00:00,22.154998779296875
2004-07-30 00:00:00,4.494999885559082
2004-07-31 00:00:00,0.0
2004-08-01 00:00:00,0.0
2004-08-02 00:00:00,0.0
2004-08-03 00:00:00,0.0
2004-08-04 00:00:00,0.0
2004-08-05 00:00:00,0.0
2004-08-06 00:00:00,0.0
2004-08-07 00:00:00,0.0
2004-08-08 00:00:00,0.0
2004-08-09 00:00:00,0.0
2004-08-10 00:00:00,0.02499999850988388
2004-08-11 00:00:00,0.004999999888241291
2004-08-12 00:00:00,0.0
2004-08-13 00:00:00,0.0
2004-08-14 00:00:00,0.0
2004-08-15 00:00:00,0.0
2004-08-16 00:00:00,0.0
2004-08-17 00:00:00,0.1550000011920929
2004-08-18 00:00:00,1.3100000619888306
2004-08-19 00:00:00,0.0
2004-08-20 00:00:00,0.0
2004-08-21 00:00:00,0.014999999664723873
2004-08-22 00:00:00,0.0
2004-08-23 00:00:00,0.0
2004-08-24 00:00:00,0.0
2004-08-25 00:00:00,5.480000019073486
2004-08-26 00:00:00,12.475001335144043
2004-08-27 00:00:00,3.3400001525878906
2004-08-28 00:00:00,0.0
2004-08-29 00:00:00,0.0
2004-08-30 00:00:00,0.0
2004-08-31 00:00:00,0.0
2004-09-01 00:00:00,0.0
2004-09-02 00:00:00,0.0
2004-09-03 00:00:00,0.16999998688697815
2004-09-04 00:00:00,0.0
2004-09-05 00:00:00,0.044999998062849045
2004-09-06 00:00:00,0.09499998390674591
2004-09-07 00:00:00,0.0
2004-09-08 00:00:00,3.7400002479553223
2004-09-09 00:00:00,0.39499998092651367
2004-09-10 00:00:00,0.0
2004-09-11 00:00:00,0.0
2004-09-12 00:00:00,0.0
2004-09-13 00:00:00,0.0
2004-09-14 00:00:00,0.0
2004-09-15 00:00:00,0.0
2004-09-16 00:00:00,0.0
2004-09-17 00:00:00,0.0
2004-09-18 00:00:00,0.0
2004-09-19 00:00:00,0.0
2004-09-20 00:00:00,0.0
2004-09-21 00:00:00,0.6949999332427979
2004-09-22 00:00:00,0.0
2004-09-23 00:00:00,0.4150000214576721
2004-09-24 00:00:00,0.0
2004-09-25 00:00:00,0.0
2004-09-26 00:00:00,0.0
2004-09-27 00:00:00,35.845001220703125
2004-09-28 00:00:00,0.0
2004-09-29 00:00:00,42.35000228881836
2004-09-30 00:00:00,2.4549999237060547
2004-10-01 00:00:00,0.29500001668930054
2004-10-02 00:00:00,5.0400004386901855
2004-10-03 00:00:00,2.859999895095825
2004-10-04 00:00:00,0.7899999618530273
2004-10-05 00:00:00,0.0
2004-10-06 00:00:00,0.0
2004-10-07 00:00:00,0.0
2004-10-08 00:00:00,0.0
2004-10-09 00:00:00,13.90999984741211
2004-10-10 00:00:00,1.350000023841858
2004-10-11 00:00:00,3.93999981880188
2004-10-12 00:00:00,7.2649993896484375
2004-10-13 00:00:00,3.5099997520446777
2004-10-14 00:00:00,11.319999694824219
2004-10-15 00:00:00,0.0
2004-10-16 00:00:00,0.07999999821186066
2004-10-17 00:00:00,7.975000381469727
2004-10-18 00:00:00,9.934999465942383
2004-10-19 00:00:00,122.91999816894531
2004-10-20 00:00:00,0.0
2004-10-21 00:00:00,0.0
2004-10-22 00:00:00,0.0
2004-10-23 00:00:00,0.0
2004-10-24 00:00:00,3.6449999809265137
2004-10-25 00:00:00,0.06499999761581421
2004-10-26 00:00:00,0.17499999701976776
2004-10-27 00:00:00,1.3499999046325684
2004-10-28 00:00:00,0.30000001192092896
2004-10-29 00:00:00,0.0
2004-10-30 00:00:00,0.0
2004-10-31 00:00:00,0.044999998062849045
2004-11-01 00:00:00,6.175000190734863
2004-11-02 00:00:00,0.0
2004-11-03 00:00:00,0.0
2004-11-04 00:00:00,0.8799999952316284
2004-11-05 00:00:00,5.644999980926514
2004-11-06 00:00:00,8.809999465942383
2004-11-07 00:00:00,0.7549999952316284
2004-11-08 00:00:00,0.6049999594688416
2004-11-09 00:00:00,0.0
2004-11-10 00:00:00,0.0
2004-11-11 00:00:00,103.40000915527344
2004-11-12 00:00:00,0.0
2004-11-13 00:00:00,0.0
2004-11-14 00:00:00,0.13499999046325684
2004-11-15 00:00:00,3.260000228881836
2004-11-16 00:00:00,15.930000305175781
2004-11-17 00:00:00,25.115001678466797
2004-11-18 00:00:00,11.620001792907715
2004-11-19 00:00:00,0.0
2004-11-20 00:00:00,0.0
2004-11-21 00:00:00,0.0
2004-11-22 00:00:00,0.0
2004-11-23 00:00:00,2.8400001525878906
2004-11-24 00:00:00,0.35499998927116394
2004-11-25 00:00:00,6.284999847412109
2004-11-26 00:00:00,4.194999694824219
2004-11-27 00:00:00,5.524999618530273
2004-11-28 00:00:00,38.144996643066406
2004-11-29 00:00:00,1.7400000095367432
2004-11-30 00:00:00,0.0
2004-12-01 00:00:00,0.0
2004-12-02 00:00:00,1.2350000143051147
2004-12-03 00:00:00,13.259998321533203
2004-12-04 00:00:00,15.614999771118164
2004-12-05 00:00:00,1.959999918937683
2004-12-06 00:00:00,1.690000057220459
2004-12-07 00:00:00,6.099999904632568
2004-12-08 00:00:00,266.1099853515625
2004-12-09 00:00:00,1.9350001811981201
2004-12-10 00:00:00,0.009999999776482582
2004-12-11 00:00:00,0.0
2004-12-12 00:00:00,1.7950000762939453
2004-12-13 00:00:00,33.534996032714844
2004-12-14 00:00:00,8.234999656677246
2004-12-15 00:00:00,3.255000114440918
2004-12-16 00:00:00,3.739999771118164
2004-12-17 00:00:00,4.529999732971191
2004-12-18 00:00:00,0.0
2004-12-19 00:00:00,0.0
2004-12-20 00:00:00,6.1349992752075195
2004-12-21 00:00:00,4.614999771118164
2004-12-22 00:00:00,3.190000057220459
2004-12-23 00:00:00,0.0
2004-12-24 00:00:00,0.0
2004-12-25 00:00:00,11.479999542236328
2004-12-26 00:00:00,2.4700000286102295
2004-12-27 00:00:00,0.0
2004-12-28 00:00:00,0.0
2004-12-29 00:00:00,5.715000152587891
2004-12-30 00:00:00,3.1949996948242188
2004-12-31 00:00:00,0.8700000047683716
2005-01-01 00:00:00,3.6449999809265137
2005-01-02 00:00:00,1.0799999237060547
2005-01-03 00:00:00,64.70499420166016
2005-01-04 00:00:00,0.0
2005-01-05 00:00:00,0.0
2005-01-06 00:00:00,0.0
2005-01-07 00:00:00,0.0
2005-01-08 00:00:00,0.0
2005-01-09 00:00:00,0.0
2005-01-10 00:00:00,2.0299999713897705
2005-01-11 00:00:00,20.524999618530273
2005-01-12 00:00:00,11.73499870300293
2005-01-13 00:00:00,0.0
2005-01-14 00:00:00,0.5249999165534973
2005-01-15 00:00:00,0.9850000143051147
2005-01-16 00:00:00,103.22500610351562
2005-01-17 00:00:00,2.129999876022339
2005-01-18 00:00:00,0.0
2005-01-19 00:00:00,0.0
2005-01-20 00:00:00,0.0
2005-01-21 00:00:00,0.0
2005-01-22 00:00:00,0.0
2005-01-23 00:00:00,21.375001907348633
2005-01-24 00:00:00,63.190006256103516
2005-01-25 00:00:00,9.215001106262207
2005-01-26 00:00:00,5.279999732971191
2005-01-27 00:00:00,4.489999771118164
2005-01-28 00:00:00,0.13999998569488525
2005-01-29 00:00:00,0.19999998807907104
2005-01-30 00:00:00,0.11999999731779099
2005-01-31 00:00:00,39.02499771118164
2005-02-01 00:00:00,5.710000038146973
2005-02-02 00:00:00,0.0
2005-02-03 00:00:00,0.029999999329447746
2005-02-04 00:00:00,0.0
2005-02-05 00:00:00,0.0
2005-02-06 00:00:00,0.0
2005-02-07 00:00:00,0.3100000023841858
2005-02-08 00:00:00,6.904999732971191
2005-02-09 00:00:00,11.809999465942383
2005-02-10 00:00:00,27.210002899169922
2005-02-11 00:00:00,67.18998718261719
2005-02-12 00:00:00,5.604999542236328
2005-02-13 00:00:00,6.465000152587891
2005-02-14 00:00:00,5.774999618530273
2005-02-15 00:00:00,6.794999599456787
2005-02-16 00:00:00,3.3449997901916504
2005-02-17 00:00:00,2.190000057220459
2005-02-18 00:00:00,3.4600000381469727
2005-02-19 00:00:00,15.280000686645508
2005-02-20 00:00:00,1.5
2005-02-21 00:00:00,0.21000000834465027
2005-02-22 00:00:00,6.404999732971191
2005-02-23 00:00:00,58.6199951171875
2005-02-24 00:00:00,3.130000114440918
2005-02-25 00:00:00,0.07499999552965164
2005-02-26 00:00:00,8.885001182556152
2005-02-27 00:00:00,12.614997863769531
2005-02-28 00:00:00,0.0
2005-03-01 00:00:00,25.015003204345703
2005-03-02 00:00:00,0.0
2005-03-03 00:00:00,0.0
2005-03-04 00:00:00,0.0
2005-03-05 00:00:00,0.0
2005-03-06 00:00:00,0.0
2005-03-07 00:00:00,0.0
2005-03-08 00:00:00,0.0
2005-03-09 00:00:00,3.7099995613098145
2005-03-10 00:00:00,0.0
2005-03-11 00:00:00,0.0
2005-03-12 00:00:00,0.0
2005-03-13 00:00:00,5.800000190734863
2005-03-14 00:00:00,14.604999542236328
2005-03-15 00:00:00,0.0
2005-03-16 00:00:00,0.0
2005-03-17 00:00:00,0.0
2005-03-18 00:00:00,0.0
2005-03-19 00:00:00,52.595001220703125
2005-03-20 00:00:00,0.0
2005-03-21 00:00:00,0.0
2005-03-22 00:00:00,0.0
2005-03-23 00:00:00,3.759999990463257
2005-03-24 00:00:00,0.0
2005-03-25 00:00:00,0.0
2005-03-26 00:00:00,0.0
2005-03-27 00:00:00,0.0
2005-03-28 00:00:00,0.0
2005-03-29 00:00:00,2.5149998664855957
2005-03-30 00:00:00,14.644998550415039
2005-03-31 00:00:00,14.174999237060547
2005-04-01 00:00:00,0.0
2005-04-02 00:00:00,23.165000915527344
2005-04-03 00:00:00,16.43000030517578
2005-04-04 00:00:00,1.5199997425079346
2005-04-05 00:00:00,0.0
2005-04-06 00:00:00,0.0
2005-04-07 00:00:00,0.0
2005-04-08 00:00:00,0.0
2005-04-09 00:00:00,0.05999999865889549
2005-04-10 00:00:00,0.0
2005-04-11 00:00:00,0.0
2005-04-12 00:00:00,0.2199999988079071
2005-04-13 00:00:00,3.7649998664855957
2005-04-14 00:00:00,0.0
2005-04-15 00:00:00,0.07999999821186066
2005-04-16 00:00:00,1.034999966621399
2005-04-17 00:00:00,4.809999942779541
2005-04-18 00:00:00,2.830000162124634
2005-04-19 00:00:00,0.0
2005-04-20 00:00:00,0.0
2005-04-21 00:00:00,13.914999961853027
2005-04-22 00:00:00,0.0
2005-04-23 00:00:00,8.569999694824219
2005-04-24 00:00:00,3.2899999618530273
2005-04-25 00:00:00,33.98999786376953
2005-04-26 00:00:00,2.740000009536743
2005-04-27 00:00:00,0.0
2005-04-28 00:00:00,0.0
2005-04-29 00:00:00,0.0
2005-04-30 00:00:00,0.0
2005-05-01 00:00:00,0.0
2005-05-02 00:00:00,0.0
2005-05-03 00:00:00,0.0
2005-05-04 00:00:00,0.0
2005-05-05 00:00:00,0.0
2005-05-06 00:00:00,1.7699999809265137
2005-05-07 00:00:00,34.670005798339844
2005-05-08 00:00:00,2.315000057220459
2005-05-09 00:00:00,3.3899998664855957
2005-05-10 00:00:00,0.0
2005-05-11 00:00:00,0.0
2005-05-12 00:00:00,0.0
2005-05-13 00:00:00,0.0
2005-05-14 00:00:00,0.0
2005-05-15 00:00:00,10.934999465942383
2005-05-16 00:00:00,7.034999847412109
2005-05-17 00:00:00,11.769999504089355
2005-05-18 00:00:00,0.0
2005-05-19 00:00:00,0.25999999046325684
2005-05-20 00:00:00,1.3949999809265137
2005-05-21 00:00:00,121.864990234375
2005-05-22 00:00:00,2.700000047683716
2005-05-23 00:00:00,0.0
2005-05-24 00:00:00,0.0
2005-05-25 00:00:00,4.739999771118164
2005-05-26 00:00:00,0.9549999833106995
2005-05-27 00:00:00,0.0
2005-05-28 00:00:00,0.0
2005-05-29 00:00:00,0.0
2005-05-30 00:00:00,0.2199999988079071
2005-05-31 00:00:00,1.3849999904632568
2005-06-01 00:00:00,0.0
2005-06-02 00:00:00,0.0
2005-06-03 00:00:00,0.0
2005-06-04 00:00:00,0.0
2005-06-05 00:00:00,0.0
2005-06-06 00:00:00,0.0
2005-06-07 00:00:00,0.0
2005-06-08 00:00:00,0.0
2005-06-09 00:00:00,0.0
2005-06-10 00:00:00,0.0
2005-06-11 00:00:00,2.5949997901916504
2005-06-12 00:00:00,5.130000114440918
2005-06-13 00:00:00,0.0
2005-06-14 00:00:00,46.209999084472656
2005-06-15 00:00:00,6.729999542236328
2005-06-16 00:00:00,0.0
2005-06-17 00:00:00,0.0
2005-06-18 00:00:00,0.0
2005-06-19 00:00:00,12.680000305175781
2005-06-20 00:00:00,11.355001449584961
2005-06-21 00:00:00,0.0
2005-06-22 00:00:00,2.429999828338623
2005-06-23 00:00:00,0.0
2005-06-24 00:00:00,0.0
2005-06-25 00:00:00,0.0
2005-06-26 00:00:00,0.0
2005-06-27 00:00:00,23.81999969482422
2005-06-28 00:00:00,0.0
2005-06-29 00:00:00,0.0
2005-06-30 00:00:00,0.0
2005-07-01 00:00:00,0.0
2005-07-02 00:00:00,0.0
2005-07-03 00:00:00,0.0
2005-07-04 00:00:00,0.0
2005-07-05 00:00:00,0.0
2005-07-06 00:00:00,0.0
2005-07-07 00:00:00,0.0
2005-07-08 00:00:00,0.0
2005-07-09 00:00:00,0.0
2005-07-10 00:00:00,0.0
2005-07-11 00:00:00,0.0
2005-07-12 00:00:00,0.0
2005-07-13 00:00:00,0.02499999850988388
2005-07-14 00:00:00,0.0
2005-07-15 00:00:00,0.0
2005-07-16 00:00:00,0.0
2005-07-17 00:00:00,26.794998168945312
2005-07-18 00:00:00,3.0399999618530273
2005-07-19 00:00:00,0.0
2005-07-20 00:00:00,0.0
2005-07-21 00:00:00,0.0
2005-07-22 00:00:00,0.0
2005-07-23 00:00:00,0.0
2005-07-24 00:00:00,0.0
2005-07-25 00:00:00,0.0
2005-07-26 00:00:00,4.349999904632568
2005-07-27 00:00:00,3.8399999141693115
2005-07-28 00:00:00,0.0
2005-07-29 00:00:00,0.0
2005-07-30 00:00:00,0.0
2005-07-31 00:00:00,0.0
2005-08-01 00:00:00,0.0
2005-08-02 00:00:00,0.0
2005-08-03 00:00:00,0.0
2005-08-04 00:00:00,0.0
2005-08-05 00:00:00,0.0
2005-08-06 00:00:00,7.279999732971191
2005-08-07 00:00:00,12.375001907348633
2005-08-08 00:00:00,3.869999408721924
2005-08-09 00:00:00,0.0
2005-08-10 00:00:00,0.0
2005-08-11 00:00:00,0.0
2005-08-12 00:00:00,0.0
2005-08-13 00:00:00,0.0
2005-08-14 00:00:00,0.0
2005-08-15 00:00:00,0.0
2005-08-16 00:00:00,0.0
2005-08-17 00:00:00,0.0
2005-08-18 00:00:00,0.2799999713897705
2005-08-19 00:00:00,0.0
2005-08-20 00:00:00,0.0
2005-08-21 00:00:00,0.0
2005-08-22 00:00:00,0.0
2005-08-23 00:00:00,0.0
2005-08-24 00:00:00,0.125
2005-08-25 00:00:00,3.365000009536743
2005-08-26 00:00:00,0.0
2005-08-27 00:00:00,0.0
2005-08-28 00:00:00,0.0
2005-08-29 00:00:00,0.0
2005-08-30 00:00:00,0.0
2005-08-31 00:00:00,31.380001068115234
2005-09-01 00:00:00,10.489999771118164
2005-09-02 00:00:00,0.0
2005-09-03 00:00:00,0.0
2005-09-04 00:00:00,0.0
2005-09-05 00:00:00,0.0
2005-09-06 00:00:00,0.0
2005-09-07 00:00:00,0.0
2005-09-08 00:00:00,0.0
2005-09-09 00:00:00,0.0
2005-09-10 00:00:00,0.0
2005-09-11 00:00:00,1.5099999904632568
2005-09-12 00:00:00,15.864999771118164
2005-09-13 00:00:00,6.494998931884766
2005-09-14 00:00:00,0.07999999821186066
2005-09-15 00:00:00,0.1599999964237213
2005-09-16 00:00:00,0.0
2005-09-17 00:00:00,0.0
2005-09-18 00:00:00,0.06499999761581421
2005-09-19 00:00:00,0.0
2005-09-20 00:00:00,0.0
2005-09-21 00:00:00,0.0
2005-09-22 00:00:00,0.0
2005-09-23 00:00:00,0.03999999910593033
2005-09-24 00:00:00,2.734999895095825
2005-09-25 00:00:00,38.189998626708984
2005-09-26 00:00:00,6.284999847412109
2005-09-27 00:00:00,0.5600000023841858
2005-09-28 00:00:00,0.0
2005-09-29 00:00:00,0.0
2005-09-30 00:00:00,0.48499998450279236
2005-10-01 00:00:00,2.254999876022339
2005-10-02 00:00:00,0.0
2005-10-03 00:00:00,0.0
2005-10-04 00:00:00,0.0
2005-10-05 00:00:00,39.60499954223633
2005-10-06 00:00:00,3.0749995708465576
2005-10-07 00:00:00,0.0
2005-10-08 00:00:00,1.4700000286102295
2005-10-09 00:00:00,0.09999999403953552
2005-10-10 00:00:00,0.03500000014901161
2005-10-11 00:00:00,0.0
2005-10-12 00:00:00,0.0
2005-10-13 00:00:00,0.0
2005-10-14 00:00:00,10.880001068115234
2005-10-15 00:00:00,0.0
2005-10-16 00:00:00,5.974999904632568
2005-10-17 00:00:00,43.8650016784668
2005-10-18 00:00:00,0.48000001907348633
2005-10-19 00:00:00,0.0
2005-10-20 00:00:00,0.0
2005-10-21 00:00:00,0.0
2005-10-22 00:00:00,0.0
2005-10-23 00:00:00,1.334999918937683
2005-10-24 00:00:00,35.94999694824219
2005-10-25 00:00:00,0.0
2005-10-26 00:00:00,59.099998474121094
2005-10-27 00:00:00,8.15000057220459
2005-10-28 00:00:00,1.9599997997283936
2005-10-29 00:00:00,21.540000915527344
2005-10-30 00:00:00,62.910003662109375
2005-10-31 00:00:00,0.14499999582767487
2005-11-01 00:00:00,0.1550000011920929
2005-11-02 00:00:00,0.0
2005-11-03 00:00:00,0.0
2005-11-04 00:00:00,0.0
2005-11-05 00:00:00,15.52500057220459
2005-11-06 00:00:00,3.320000171661377
2005-11-07 00:00:00,0.4350000023841858
2005-11-08 00:00:00,3.315000534057617
2005-11-09 00:00:00,0.4350000023841858
2005-11-10 00:00:00,0.0
2005-11-11 00:00:00,39.749996185302734
2005-11-12 00:00:00,0.12999999523162842
2005-11-13 00:00:00,0.0
2005-11-14 00:00:00,0.0
2005-11-15 00:00:00,1.7300000190734863
2005-11-16 00:00:00,0.009999999776482582
2005-11-17 00:00:00,8.029998779296875
2005-11-18 00:00:00,2.634999990463257
2005-11-19 00:00:00,27.229999542236328
2005-11-20 00:00:00,3.0149998664855957
2005-11-21 00:00:00,0.0
2005-11-22 00:00:00,2.7149999141693115
2005-11-23 00:00:00,0.8149998188018799
2005-11-24 00:00:00,40.55500030517578
2005-11-25 00:00:00,46.98999786376953
2005-11-26 00:00:00,0.24500000476837158
2005-11-27 00:00:00,0.0
2005-11-28 00:00:00,0.0
2005-11-29 00:00:00,3.924999713897705
2005-11-30 00:00:00,0.0
2005-12-01 00:00:00,31.80000114440918
2005-12-02 00:00:00,22.365001678466797
2005-12-03 00:00:00,0.0
2005-12-04 00:00:00,0.0
2005-12-05 00:00:00,0.4150000214576721
2005-12-06 00:00:00,1.8399999141693115
2005-12-07 00:00:00,2.8949997425079346
2005-12-08 00:00:00,0.0
2005-12-09 00:00:00,7.055000305175781
2005-12-10 00:00:00,0.25999999046325684
2005-12-11 00:00:00,9.76500129699707
2005-12-12 00:00:00,0.0
2005-12-13 00:00:00,0.0
2005-12-14 00:00:00,0.07499999552965164
2005-12-15 00:00:00,3.9850001335144043
2005-12-16 00:00:00,0.054999999701976776
2005-12-17 00:00:00,0.3449999988079071
2005-12-18 00:00:00,8.289999961853027
2005-12-19 00:00:00,1.9649999141693115
2005-12-20 00:00:00,28.46999740600586
2005-12-21 00:00:00,0.0
2005-12-22 00:00:00,0.0
2005-12-23 00:00:00,0.0
2005-12-24 00:00:00,4.475000381469727
2005-12-25 00:00:00,98.83000183105469
2005-12-26 00:00:00,0.0
2005-12-27 00:00:00,21.18000030517578
2005-12-28 00:00:00,2.8999998569488525
2005-12-29 00:00:00,38.15000534057617
2005-12-30 00:00:00,0.9099999666213989
2005-12-31 00:00:00,0.09999999403953552
2006-01-01 00:00:00,18.865001678466797
2006-01-02 00:00:00,15.524999618530273
2006-01-03 00:00:00,1.9649999141693115
2006-01-04 00:00:00,0.9099999666213989
2006-01-05 00:00:00,0.0
2006-01-06 00:00:00,0.0
2006-01-07 00:00:00,0.5249999761581421
2006-01-08 00:00:00,0.0
2006-01-09 00:00:00,0.42500001192092896
2006-01-10 00:00:00,20.660001754760742
2006-01-11 00:00:00,61.730003356933594
2006-01-12 00:00:00,3.244999885559082
2006-01-13 00:00:00,81.385009765625
2006-01-14 00:00:00,27.909996032714844
2006-01-15 00:00:00,2.4649996757507324
2006-01-16 00:00:00,20.289997100830078
2006-01-17 00:00:00,1.7249999046325684
2006-01-18 00:00:00,0.13499999046325684
2006-01-19 00:00:00,6.585000038146973
2006-01-20 00:00:00,11.809999465942383
2006-01-21 00:00:00,0.3999999761581421
2006-01-22 00:00:00,29.064998626708984
2006-01-23 00:00:00,0.0
2006-01-24 00:00:00,0.0
2006-01-25 00:00:00,2.2049999237060547
2006-01-26 00:00:00,3.8299999237060547
2006-01-27 00:00:00,1.7349998950958252
2006-01-28 00:00:00,0.02499999850988388
2006-01-29 00:00:00,0.0
2006-01-30 00:00:00,0.0
2006-01-31 00:00:00,21.950000762939453
2006-02-01 00:00:00,0.0
2006-02-02 00:00:00,0.0
2006-02-03 00:00:00,1.584999918937683
2006-02-04 00:00:00,2.249999761581421
2006-02-05 00:00:00,1.3549998998641968
2006-02-06 00:00:00,3.744999885559082
2006-02-07 00:00:00,1.4600000381469727
2006-02-08 00:00:00,10.530000686645508
2006-02-09 00:00:00,17.165000915527344
2006-02-10 00:00:00,39.11499786376953
2006-02-11 00:00:00,0.0
2006-02-12 00:00:00,0.11999999731779099
2006-02-13 00:00:00,31.59000015258789
2006-02-14 00:00:00,5.135000228881836
2006-02-15 00:00:00,0.0
2006-02-16 00:00:00,0.0
2006-02-17 00:00:00,0.0
2006-02-18 00:00:00,0.0
2006-02-19 00:00:00,46.540000915527344
2006-02-20 00:00:00,8.095000267028809
2006-02-21 00:00:00,0.8050000667572021
2006-02-22 00:00:00,0.0
2006-02-23 00:00:00,0.0
2006-02-24 00:00:00,17.73499870300293
2006-02-25 00:00:00,0.0
2006-02-26 00:00:00,0.0
2006-02-27 00:00:00,0.0
2006-02-28 00:00:00,0.0
2006-03-01 00:00:00,0.0
2006-03-02 00:00:00,1.4900000095367432
2006-03-03 00:00:00,0.9649999737739563
2006-03-04 00:00:00,31.98999786376953
2006-03-05 00:00:00,46.034996032714844
2006-03-06 00:00:00,0.0
2006-03-07 00:00:00,0.0
2006-03-08 00:00:00,0.0
2006-03-09 00:00:00,0.0
2006-03-10 00:00:00,1.7149999141693115
2006-03-11 00:00:00,0.0
2006-03-12 00:00:00,1.2149999141693115
2006-03-13 00:00:00,15.635000228881836
2006-03-14 00:00:00,0.0
2006-03-15 00:00:00,3.804999828338623
2006-03-16 00:00:00,0.0
2006-03-17 00:00:00,0.3100000023841858
2006-03-18 00:00:00,56.32499694824219
2006-03-19 00:00:00,0.0
2006-03-20 00:00:00,0.0
2006-03-21 00:00:00,31.204998016357422
2006-03-22 00:00:00,0.1550000011920929
2006-03-23 00:00:00,0.0
2006-03-24 00:00:00,10.720000267028809
2006-03-25 00:00:00,23.419998168945312
2006-03-26 00:00:00,1.4399999380111694
2006-03-27 00:00:00,0.0
2006-03-28 00:00:00,0.0
2006-03-29 00:00:00,33.70499801635742
2006-03-30 00:00:00,0.11499999463558197
2006-03-31 00:00:00,0.0
2006-04-01 00:00:00,0.02499999850988388
2006-04-02 00:00:00,13.264999389648438
2006-04-03 00:00:00,0.0
2006-04-04 00:00:00,0.35999998450279236
2006-04-05 00:00:00,9.22499942779541
2006-04-06 00:00:00,9.065000534057617
2006-04-07 00:00:00,26.225000381469727
2006-04-08 00:00:00,0.0
2006-04-09 00:00:00,28.299999237060547
2006-04-10 00:00:00,0.0
2006-04-11 00:00:00,0.019999999552965164
2006-04-12 00:00:00,0.0
2006-04-13 00:00:00,0.0
2006-04-14 00:00:00,0.4399999976158142
2006-04-15 00:00:00,68.96499633789062
2006-04-16 00:00:00,1.1699999570846558
2006-04-17 00:00:00,0.0
2006-04-18 00:00:00,0.0
2006-04-19 00:00:00,0.0
2006-04-20 00:00:00,0.0
2006-04-21 00:00:00,0.0
2006-04-22 00:00:00,0.0
2006-04-23 00:00:00,0.0
2006-04-24 00:00:00,0.0
2006-04-25 00:00:00,0.12999999523162842
2006-04-26 00:00:00,0.07000000029802322
2006-04-27 00:00:00,0.0
2006-04-28 00:00:00,0.0
2006-04-29 00:00:00,0.0
2006-04-30 00:00:00,0.0
2006-05-01 00:00:00,0.0
2006-05-02 00:00:00,0.0
2006-05-03 00:00:00,2.4549999237060547
2006-05-04 00:00:00,0.0
2006-05-05 00:00:00,0.0
2006-05-06 00:00:00,0.0
2006-05-07 00:00:00,0.0
2006-05-08 00:00:00,0.0
2006-05-09 00:00:00,0.0
2006-05-10 00:00:00,0.0
2006-05-11 00:00:00,0.0
2006-05-12 00:00:00,0.0
2006-05-13 00:00:00,0.0
2006-05-14 00:00:00,0.0
2006-05-15 00:00:00,0.0
2006-05-16 00:00:00,0.0
2006-05-17 00:00:00,0.0
2006-05-18 00:00:00,0.0
2006-05-19 00:00:00,91.2300033569336
2006-05-20 00:00:00,1.8849999904632568
2006-05-21 00:00:00,0.3449999988079071
2006-05-22 00:00:00,0.019999999552965164
2006-05-23 00:00:00,2.5199999809265137
2006-05-24 00:00:00,0.0
2006-05-25 00:00:00,0.0
2006-05-26 00:00:00,0.0
2006-05-27 00:00:00,0.0
2006-05-28 00:00:00,0.0
2006-05-29 00:00:00,0.0
2006-05-30 00:00:00,0.0
2006-05-31 00:00:00,0.0
2006-06-01 00:00:00,1.5749999284744263
2006-06-02 00:00:00,0.0
2006-06-03 00:00:00,0.0
2006-06-04 00:00:00,38.72999954223633
2006-06-05 00:00:00,0.25999999046325684
2006-06-06 00:00:00,0.0
2006-06-07 00:00:00,0.0
2006-06-08 00:00:00,0.0
2006-06-09 00:00:00,0.0
2006-06-10 00:00:00,116.95498657226562
2006-06-11 00:00:00,10.514998435974121
2006-06-12 00:00:00,0.7299999594688416
2006-06-13 00:00:00,0.0
2006-06-14 00:00:00,0.0
2006-06-15 00:00:00,0.0
2006-06-16 00:00:00,0.0
2006-06-17 00:00:00,0.0
2006-06-18 00:00:00,0.0
2006-06-19 00:00:00,0.0
2006-06-20 00:00:00,0.0
2006-06-21 00:00:00,0.0
2006-06-22 00:00:00,12.71999740600586
2006-06-23 00:00:00,0.0
2006-06-24 00:00:00,0.0
2006-06-25 00:00:00,0.0
2006-06-26 00:00:00,28.060001373291016
2006-06-27 00:00:00,0.0
2006-06-28 00:00:00,0.0
2006-06-29 00:00:00,0.0
2006-06-30 00:00:00,0.60999995470047
2006-07-01 00:00:00,0.0
2006-07-02 00:00:00,0.0
2006-07-03 00:00:00,0.0
2006-07-04 00:00:00,0.0
2006-07-05 00:00:00,0.0
2006-07-06 00:00:00,0.0
2006-07-07 00:00:00,0.0
2006-07-08 00:00:00,0.0
2006-07-09 00:00:00,0.0
2006-07-10 00:00:00,0.0
2006-07-11 00:00:00,0.0
2006-07-12 00:00:00,0.0
2006-07-13 00:00:00,0.0
2006-07-14 00:00:00,30.829998016357422
2006-07-15 00:00:00,0.0
2006-07-16 00:00:00,0.0
2006-07-17 00:00:00,0.0
2006-07-18 00:00:00,0.0
2006-07-19 00:00:00,0.0
2006-07-20 00:00:00,0.0
2006-07-21 00:00:00,0.0
2006-07-22 00:00:00,0.0
2006-07-23 00:00:00,0.0
2006-07-24 00:00:00,0.0
2006-07-25 00:00:00,13.420000076293945
2006-07-26 00:00:00,0.0
2006-07-27 00:00:00,0.3050000071525574
2006-07-28 00:00:00,0.0
2006-07-29 00:00:00,2.9749999046325684
2006-07-30 00:00:00,0.009999999776482582
2006-07-31 00:00:00,0.0
2006-08-01 00:00:00,0.0
2006-08-02 00:00:00,0.0
2006-08-03 00:00:00,0.0
2006-08-04 00:00:00,0.0
2006-08-05 00:00:00,0.0
2006-08-06 00:00:00,0.0
2006-08-07 00:00:00,0.0
2006-08-08 00:00:00,0.0
2006-08-09 00:00:00,7.135000228881836
2006-08-10 00:00:00,4.779999732971191
2006-08-11 00:00:00,0.0
2006-08-12 00:00:00,0.0
2006-08-13 00:00:00,0.0
2006-08-14 00:00:00,0.0
2006-08-15 00:00:00,1.2549999952316284
2006-08-16 00:00:00,0.08499999344348907
2006-08-17 00:00:00,38.45000076293945
2006-08-18 00:00:00,0.09999997913837433
2006-08-19 00:00:00,0.0
2006-08-20 00:00:00,0.0
2006-08-21 00:00:00,0.0
2006-08-22 00:00:00,0.0
2006-08-23 00:00:00,0.0
2006-08-24 00:00:00,0.02499999850988388
2006-08-25 00:00:00,0.0
2006-08-26 00:00:00,2.3450000286102295
2006-08-27 00:00:00,0.0
2006-08-28 00:00:00,1.149999976158142
2006-08-29 00:00:00,0.0
2006-08-30 00:00:00,0.0
2006-08-31 00:00:00,0.0
2006-09-01 00:00:00,0.0
2006-09-02 00:00:00,7.5099992752075195
2006-09-03 00:00:00,0.0
2006-09-04 00:00:00,0.0
2006-09-05 00:00:00,0.0
2006-09-06 00:00:00,0.0
2006-09-07 00:00:00,0.0
2006-09-08 00:00:00,0.0
2006-09-09 00:00:00,11.809999465942383
2006-09-10 00:00:00,0.42000001668930054
2006-09-11 00:00:00,0.06999999284744263
2006-09-12 00:00:00,0.0
2006-09-13 00:00:00,0.0
2006-09-14 00:00:00,0.0
2006-09-15 00:00:00,51.38500213623047
2006-09-16 00:00:00,15.444999694824219
2006-09-17 00:00:00,0.0
2006-09-18 00:00:00,0.0
2006-09-19 00:00:00,0.0
2006-09-20 00:00:00,0.28999999165534973
2006-09-21 00:00:00,3.4600000381469727
2006-09-22 00:00:00,0.0
2006-09-23 00:00:00,2.174999952316284
2006-09-24 00:00:00,32.97999572753906
2006-09-25 00:00:00,0.0
2006-09-26 00:00:00,0.044999998062849045
2006-09-27 00:00:00,0.08500000089406967
2006-09-28 00:00:00,6.185000419616699
2006-09-29 00:00:00,13.415000915527344
2006-09-30 00:00:00,0.0
2006-10-01 00:00:00,0.03999999910593033
2006-10-02 00:00:00,0.0
2006-10-03 00:00:00,0.0
2006-10-04 00:00:00,0.0
2006-10-05 00:00:00,14.430000305175781
2006-10-06 00:00:00,14.930000305175781
2006-10-07 00:00:00,0.125
2006-10-08 00:00:00,1.809999942779541
2006-10-09 00:00:00,0.3349999785423279
2006-10-10 00:00:00,0.0
2006-10-11 00:00:00,0.14999999105930328
2006-10-12 00:00:00,55.389991760253906
2006-10-13 00:00:00,0.0
2006-10-14 00:00:00,0.0
2006-10-15 00:00:00,11.75
2006-10-16 00:00:00,22.604995727539062
2006-10-17 00:00:00,0.0
2006-10-18 00:00:00,0.0
2006-10-19 00:00:00,0.019999999552965164
2006-10-20 00:00:00,0.3149999678134918
2006-10-21 00:00:00,14.135000228881836
2006-10-22 00:00:00,15.354999542236328
2006-10-23 00:00:00,1.3799998760223389
2006-10-24 00:00:00,3.544999837875366
2006-10-25 00:00:00,4.96999979019165
2006-10-26 00:00:00,5.510000228881836
2006-10-27 00:00:00,0.0
2006-10-28 00:00:00,0.0
2006-10-29 00:00:00,0.0
2006-10-30 00:00:00,8.059999465942383
2006-10-31 00:00:00,1.625
2006-11-01 00:00:00,18.625
2006-11-02 00:00:00,4.479999542236328
2006-11-03 00:00:00,0.9599999785423279
2006-11-04 00:00:00,0.0
2006-11-05 00:00:00,0.7299999594688416
2006-11-06 00:00:00,0.0
2006-11-07 00:00:00,2.0250000953674316
2006-11-08 00:00:00,0.38499999046325684
2006-11-09 00:00:00,2.049999952316284
2006-11-10 00:00:00,3.2750000953674316
2006-11-11 00:00:00,0.0
2006-11-12 00:00:00,0.0
2006-11-13 00:00:00,0.0
2006-11-14 00:00:00,0.8799999952316284
2006-11-15 00:00:00,0.0
2006-11-16 00:00:00,0.0
2006-11-17 00:00:00,0.0
2006-11-18 00:00:00,0.3649999797344208
2006-11-19 00:00:00,0.0
2006-11-20 00:00:00,0.0
2006-11-21 00:00:00,0.0
2006-11-22 00:00:00,0.8300000429153442
2006-11-23 00:00:00,0.0
2006-11-24 00:00:00,13.94999885559082
2006-11-25 00:00:00,0.0
2006-11-26 00:00:00,1.0199999809265137
2006-11-27 00:00:00,0.5049999952316284
2006-11-28 00:00:00,67.43000793457031
2006-11-29 00:00:00,7.149998664855957
2006-11-30 00:00:00,0.0
2006-12-01 00:00:00,0.4350000023841858
2006-12-02 00:00:00,4.349999904632568
2006-12-03 00:00:00,0.44999998807907104
2006-12-04 00:00:00,26.860000610351562
2006-12-05 00:00:00,15.94999885559082
2006-12-06 00:00:00,2.5850000381469727
2006-12-07 00:00:00,5.190000057220459
2006-12-08 00:00:00,9.719999313354492
2006-12-09 00:00:00,2.4799997806549072
2006-12-10 00:00:00,148.7849578857422
2006-12-11 00:00:00,4.805000305175781
2006-12-12 00:00:00,0.1849999874830246
2006-12-13 00:00:00,0.0
2006-12-14 00:00:00,1.0799999237060547
2006-12-15 00:00:00,6.289999961853027
2006-12-16 00:00:00,1.8300000429153442
2006-12-17 00:00:00,0.0
2006-12-18 00:00:00,1.5049999952316284
2006-12-19 00:00:00,1.8449997901916504
2006-12-20 00:00:00,0.0
2006-12-21 00:00:00,20.94000244140625
2006-12-22 00:00:00,1.125
2006-12-23 00:00:00,26.68000030517578
2006-12-24 00:00:00,0.0
2006-12-25 00:00:00,0.0
2006-12-26 00:00:00,6.514999866485596
2006-12-27 00:00:00,0.0
2006-12-28 00:00:00,0.4699999690055847
2006-12-29 00:00:00,58.73500442504883
2006-12-30 00:00:00,29.654998779296875
2006-12-31 00:00:00,0.009999999776482582
2007-01-01 00:00:00,0.0
2007-01-02 00:00:00,1.0850000381469727
2007-01-03 00:00:00,8.139999389648438
2007-01-04 00:00:00,6.600000381469727
2007-01-05 00:00:00,0.0
2007-01-06 00:00:00,1.8899999856948853
2007-01-07 00:00:00,1.2249999046325684
2007-01-08 00:00:00,4.864999771118164
2007-01-09 00:00:00,53.125
2007-01-10 00:00:00,1.6049998998641968
2007-01-11 00:00:00,1.125
2007-01-12 00:00:00,23.314998626708984
2007-01-13 00:00:00,1.6150000095367432
2007-01-14 00:00:00,13.86500072479248
2007-01-15 00:00:00,1.1749999523162842
2007-01-16 00:00:00,56.980003356933594
2007-01-17 00:00:00,36.79000473022461
2007-01-18 00:00:00,0.0
2007-01-19 00:00:00,0.0
2007-01-20 00:00:00,43.839996337890625
2007-01-21 00:00:00,29.479999542236328
2007-01-22 00:00:00,0.0
2007-01-23 00:00:00,0.0
2007-01-24 00:00:00,24.134998321533203
2007-01-25 00:00:00,32.42499542236328
2007-01-26 00:00:00,0.3499999940395355
2007-01-27 00:00:00,0.0
2007-01-28 00:00:00,0.6049999594688416
2007-01-29 00:00:00,1.0
2007-01-30 00:00:00,2.8299999237060547
2007-01-31 00:00:00,13.075000762939453
2007-02-01 00:00:00,2.505000114440918
2007-02-02 00:00:00,0.0
2007-02-03 00:00:00,1.5649999380111694
2007-02-04 00:00:00,0.0
2007-02-05 00:00:00,10.994998931884766
2007-02-06 00:00:00,0.2449999898672104
2007-02-07 00:00:00,0.02499999850988388
2007-02-08 00:00:00,3.0299999713897705
2007-02-09 00:00:00,42.23999786376953
2007-02-10 00:00:00,5.644999980926514
2007-02-11 00:00:00,8.6899995803833
2007-02-12 00:00:00,0.0
2007-02-13 00:00:00,14.569999694824219
2007-02-14 00:00:00,83.45999908447266
2007-02-15 00:00:00,86.41500091552734
2007-02-16 00:00:00,50.3650016784668
2007-02-17 00:00:00,1.375
2007-02-18 00:00:00,6.199999809265137
2007-02-19 00:00:00,0.934999942779541
2007-02-20 00:00:00,0.0
2007-02-21 00:00:00,0.0
2007-02-22 00:00:00,0.0
2007-02-23 00:00:00,0.0949999988079071
2007-02-24 00:00:00,1.929999828338623
2007-02-25 00:00:00,1.8449997901916504
2007-02-26 00:00:00,0.48500001430511475
2007-02-27 00:00:00,0.0
2007-02-28 00:00:00,0.9749999642372131
2007-03-01 00:00:00,93.18000793457031
2007-03-02 00:00:00,48.03999710083008
2007-03-03 00:00:00,0.8700000047683716
2007-03-04 00:00:00,0.0
2007-03-05 00:00:00,0.009999999776482582
2007-03-06 00:00:00,0.0949999988079071
2007-03-07 00:00:00,1.5850000381469727
2007-03-08 00:00:00,6.359999656677246
2007-03-09 00:00:00,3.25
2007-03-10 00:00:00,16.17999839782715
2007-03-11 00:00:00,169.875
2007-03-12 00:00:00,6.949999809265137
2007-03-13 00:00:00,1.034999966621399
2007-03-14 00:00:00,0.0
2007-03-15 00:00:00,13.379999160766602
2007-03-16 00:00:00,0.2150000035762787
2007-03-17 00:00:00,1.5099999904632568
2007-03-18 00:00:00,1.6800000667572021
2007-03-19 00:00:00,0.0
2007-03-20 00:00:00,0.0
2007-03-21 00:00:00,0.0
2007-03-22 00:00:00,0.38999998569488525
2007-03-23 00:00:00,0.0
2007-03-24 00:00:00,26.539997100830078
2007-03-25 00:00:00,0.9149999618530273
2007-03-26 00:00:00,0.0
2007-03-27 00:00:00,0.0
2007-03-28 00:00:00,5.420000076293945
2007-03-29 00:00:00,0.0
2007-03-30 00:00:00,0.0
2007-03-31 00:00:00,3.2799997329711914
2007-04-01 00:00:00,8.02500057220459
2007-04-02 00:00:00,0.009999999776482582
2007-04-03 00:00:00,0.0
2007-04-04 00:00:00,12.219999313354492
2007-04-05 00:00:00,3.5199999809265137
2007-04-06 00:00:00,0.0
2007-04-07 00:00:00,0.004999999888241291
2007-04-08 00:00:00,38.9949951171875
2007-04-09 00:00:00,1.1349998712539673
2007-04-10 00:00:00,0.054999999701976776
2007-04-11 00:00:00,0.0
2007-04-12 00:00:00,0.0
2007-04-13 00:00:00,64.33999633789062
2007-04-14 00:00:00,0.004999999888241291
2007-04-15 00:00:00,0.0
2007-04-16 00:00:00,0.0
2007-04-17 00:00:00,0.0
2007-04-18 00:00:00,0.0
2007-04-19 00:00:00,0.0
2007-04-20 00:00:00,0.0
2007-04-21 00:00:00,0.22999998927116394
2007-04-22 00:00:00,0.06499999761581421
2007-04-23 00:00:00,0.0
2007-04-24 00:00:00,0.7899999618530273
2007-04-25 00:00:00,0.2849999964237213
2007-04-26 00:00:00,27.255001068115234
2007-04-27 00:00:00,19.409997940063477
2007-04-28 00:00:00,10.419999122619629
2007-04-29 00:00:00,1.4049999713897705
2007-04-30 00:00:00,0.0
2007-05-01 00:00:00,0.0
2007-05-02 00:00:00,0.0
2007-05-03 00:00:00,0.0
2007-05-04 00:00:00,0.0
2007-05-05 00:00:00,0.0
2007-05-06 00:00:00,0.09000000357627869
2007-05-07 00:00:00,4.045000076293945
2007-05-08 00:00:00,20.295000076293945
2007-05-09 00:00:00,3.740000009536743
2007-05-10 00:00:00,0.2549999952316284
2007-05-11 00:00:00,0.4350000023841858
2007-05-12 00:00:00,0.07499999552965164
2007-05-13 00:00:00,0.11999998986721039
2007-05-14 00:00:00,0.0
2007-05-15 00:00:00,0.0
2007-05-16 00:00:00,0.0
2007-05-17 00:00:00,120.71499633789062
2007-05-18 00:00:00,0.06999999284744263
2007-05-19 00:00:00,1.7249999046325684
2007-05-20 00:00:00,0.38499999046325684
2007-05-21 00:00:00,0.0
2007-05-22 00:00:00,4.375000476837158
2007-05-23 00:00:00,28.12999725341797
2007-05-24 00:00:00,0.03500000014901161
2007-05-25 00:00:00,0.07499999552965164
2007-05-26 00:00:00,0.0
2007-05-27 00:00:00,0.0
2007-05-28 00:00:00,0.0
2007-05-29 00:00:00,0.044999998062849045
2007-05-30 00:00:00,0.16999998688697815
2007-05-31 00:00:00,0.0
2007-06-01 00:00:00,0.0
2007-06-02 00:00:00,0.029999999329447746
2007-06-03 00:00:00,0.0
2007-06-04 00:00:00,0.0
2007-06-05 00:00:00,0.0
2007-06-06 00:00:00,0.0
2007-06-07 00:00:00,0.0
2007-06-08 00:00:00,0.0
2007-06-09 00:00:00,0.0
2007-06-10 00:00:00,0.0
2007-06-11 00:00:00,0.0
2007-06-12 00:00:00,0.0
2007-06-13 00:00:00,0.0
2007-06-14 00:00:00,0.0
2007-06-15 00:00:00,0.0
2007-06-16 00:00:00,0.0
2007-06-17 00:00:00,0.0
2007-06-18 00:00:00,0.0
2007-06-19 00:00:00,0.0
2007-06-20 00:00:00,0.0
2007-06-21 00:00:00,0.0
2007-06-22 00:00:00,0.0
2007-06-23 00:00:00,0.0
2007-06-24 00:00:00,0.0
2007-06-25 00:00:00,0.044999998062849045
2007-06-26 00:00:00,6.96999979019165
2007-06-27 00:00:00,0.02499999850988388
2007-06-28 00:00:00,0.0
2007-06-29 00:00:00,0.0
2007-06-30 00:00:00,0.0
2007-07-01 00:00:00,0.0
2007-07-02 00:00:00,0.0
2007-07-03 00:00:00,0.03999999910593033
2007-07-04 00:00:00,0.0
2007-07-05 00:00:00,0.0
2007-07-06 00:00:00,0.0
2007-07-07 00:00:00,0.0
2007-07-08 00:00:00,0.5799999833106995
2007-07-09 00:00:00,3.9549999237060547
2007-07-10 00:00:00,1.4850000143051147
2007-07-11 00:00:00,1.429999828338623
2007-07-12 00:00:00,0.32499995827674866
2007-07-13 00:00:00,0.0
2007-07-14 00:00:00,0.0
2007-07-15 00:00:00,0.0
2007-07-16 00:00:00,0.0
2007-07-17 00:00:00,0.0
2007-07-18 00:00:00,0.0
2007-07-19 00:00:00,0.0
2007-07-20 00:00:00,0.0
2007-07-21 00:00:00,0.0
2007-07-22 00:00:00,0.0
2007-07-23 00:00:00,21.94499969482422
2007-07-24 00:00:00,0.9049999713897705
2007-07-25 00:00:00,42.57500457763672
2007-07-26 00:00:00,0.3050000071525574
2007-07-27 00:00:00,0.0
2007-07-28 00:00:00,0.0
2007-07-29 00:00:00,0.0
2007-07-30 00:00:00,0.0
2007-07-31 00:00:00,0.0
2007-08-01 00:00:00,0.0
2007-08-02 00:00:00,0.0
2007-08-03 00:00:00,0.0
2007-08-04 00:00:00,0.0
2007-08-05 00:00:00,0.0
2007-08-06 00:00:00,0.0
2007-08-07 00:00:00,0.0
2007-08-08 00:00:00,0.0
2007-08-09 00:00:00,2.679999828338623
2007-08-10 00:00:00,0.0
2007-08-11 00:00:00,0.0
2007-08-12 00:00:00,0.0
2007-08-13 00:00:00,0.4399999976158142
2007-08-14 00:00:00,0.0
2007-08-15 00:00:00,0.0
2007-08-16 00:00:00,0.009999999776482582
2007-08-17 00:00:00,0.0
2007-08-18 00:00:00,0.0
2007-08-19 00:00:00,0.014999999664723873
2007-08-20 00:00:00,0.0
2007-08-21 00:00:00,0.0
2007-08-22 00:00:00,0.0
2007-08-23 00:00:00,0.0
2007-08-24 00:00:00,0.0
2007-08-25 00:00:00,0.0
2007-08-26 00:00:00,6.220000267028809
2007-08-27 00:00:00,1.1349999904632568
2007-08-28 00:00:00,0.7699998617172241
2007-08-29 00:00:00,0.0
2007-08-30 00:00:00,0.0
2007-08-31 00:00:00,0.0
2007-09-01 00:00:00,0.0
2007-09-02 00:00:00,0.0
2007-09-03 00:00:00,0.0
2007-09-04 00:00:00,0.0
2007-09-05 00:00:00,0.0
2007-09-06 00:00:00,44.16999435424805
2007-09-07 00:00:00,0.7149999737739563
2007-09-08 00:00:00,0.0
2007-09-09 00:00:00,0.0
2007-09-10 00:00:00,0.0
2007-09-11 00:00:00,0.19999998807907104
2007-09-12 00:00:00,0.0
2007-09-13 00:00:00,0.0
2007-09-14 00:00:00,0.0
2007-09-15 00:00:00,0.0
2007-09-16 00:00:00,0.07499999552965164
2007-09-17 00:00:00,0.0
2007-09-18 00:00:00,0.029999999329447746
2007-09-19 00:00:00,0.0
2007-09-20 00:00:00,0.38499999046325684
2007-09-21 00:00:00,0.0
2007-09-22 00:00:00,0.0
2007-09-23 00:00:00,0.004999999888241291
2007-09-24 00:00:00,2.0149998664855957
2007-09-25 00:00:00,0.0
2007-09-26 00:00:00,0.07499999552965164
2007-09-27 00:00:00,0.0
2007-09-28 00:00:00,0.0
2007-09-29 00:00:00,0.0
2007-09-30 00:00:00,0.4249999523162842
2007-10-01 00:00:00,0.0
2007-10-02 00:00:00,0.11999999731779099
2007-10-03 00:00:00,0.0
2007-10-04 00:00:00,0.0
2007-10-05 00:00:00,0.0
2007-10-06 00:00:00,0.009999999776482582
2007-10-07 00:00:00,58.394981384277344
2007-10-08 00:00:00,0.0
2007-10-09 00:00:00,0.0
2007-10-10 00:00:00,0.42500001192092896
2007-10-11 00:00:00,105.36000061035156
2007-10-12 00:00:00,0.0
2007-10-13 00:00:00,2.4700000286102295
2007-10-14 00:00:00,37.84999465942383
2007-10-15 00:00:00,0.7849999666213989
2007-10-16 00:00:00,0.40000003576278687
2007-10-17 00:00:00,3.989999771118164
2007-10-18 00:00:00,9.579999923706055
2007-10-19 00:00:00,29.589998245239258
2007-10-20 00:00:00,1.5449999570846558
2007-10-21 00:00:00,0.0
2007-10-22 00:00:00,0.0
2007-10-23 00:00:00,11.864999771118164
2007-10-24 00:00:00,7.135000228881836
2007-10-25 00:00:00,0.0
2007-10-26 00:00:00,1.924999713897705
2007-10-27 00:00:00,0.0
2007-10-28 00:00:00,0.08999999612569809
2007-10-29 00:00:00,0.0
2007-10-30 00:00:00,0.0
2007-10-31 00:00:00,12.579999923706055
2007-11-01 00:00:00,0.0
2007-11-02 00:00:00,11.414999008178711
2007-11-03 00:00:00,7.604999542236328
2007-11-04 00:00:00,59.44499588012695
2007-11-05 00:00:00,1.5499999523162842
2007-11-06 00:00:00,1.0299999713897705
2007-11-07 00:00:00,3.4800000190734863
2007-11-08 00:00:00,0.0
2007-11-09 00:00:00,0.0
2007-11-10 00:00:00,0.0
2007-11-11 00:00:00,69.98500061035156
2007-11-12 00:00:00,16.470001220703125
2007-11-13 00:00:00,0.5450000166893005
2007-11-14 00:00:00,0.0
2007-11-15 00:00:00,3.3399996757507324
2007-11-16 00:00:00,0.0
2007-11-17 00:00:00,1.8499999046325684
2007-11-18 00:00:00,0.0
2007-11-19 00:00:00,0.0
2007-11-20 00:00:00,52.980003356933594
2007-11-21 00:00:00,0.49000000953674316
2007-11-22 00:00:00,0.1599999964237213
2007-11-23 00:00:00,0.0
2007-11-24 00:00:00,22.704998016357422
2007-11-25 00:00:00,9.464999198913574
2007-11-26 00:00:00,0.0
2007-11-27 00:00:00,0.6800000071525574
2007-11-28 00:00:00,0.0
2007-11-29 00:00:00,4.47499942779541
2007-11-30 00:00:00,0.5399999618530273
2007-12-01 00:00:00,1.2949999570846558
2007-12-02 00:00:00,8.390000343322754
2007-12-03 00:00:00,0.26499998569488525
2007-12-04 00:00:00,8.050000190734863
2007-12-05 00:00:00,97.06999206542969
2007-12-06 00:00:00,67.0999984741211
2007-12-07 00:00:00,0.3499999940395355
2007-12-08 00:00:00,0.3700000047683716
2007-12-09 00:00:00,1.7599999904632568
2007-12-10 00:00:00,0.0
2007-12-11 00:00:00,13.594999313354492
2007-12-12 00:00:00,43.144996643066406
2007-12-13 00:00:00,12.274999618530273
2007-12-14 00:00:00,1.9250001907348633
2007-12-15 00:00:00,18.309999465942383
2007-12-16 00:00:00,33.66499328613281
2007-12-17 00:00:00,1.2999999523162842
2007-12-18 00:00:00,1.434999942779541
2007-12-19 00:00:00,0.0
2007-12-20 00:00:00,0.0
2007-12-21 00:00:00,0.0
2007-12-22 00:00:00,2.065000057220459
2007-12-23 00:00:00,0.0
2007-12-24 00:00:00,15.059999465942383
2007-12-25 00:00:00,12.82499885559082
2007-12-26 00:00:00,0.0
2007-12-27 00:00:00,22.87999725341797
2007-12-28 00:00:00,17.514999389648438
2007-12-29 00:00:00,1.940000057220459
2007-12-30 00:00:00,1.2200000286102295
2007-12-31 00:00:00,6.465000152587891
2008-01-01 00:00:00,58.25499725341797
2008-01-02 00:00:00,3.249999761581421
2008-01-03 00:00:00,0.0
2008-01-04 00:00:00,5.194999694824219
2008-01-05 00:00:00,2.044999837875366
2008-01-06 00:00:00,0.7700001001358032
2008-01-07 00:00:00,0.0
2008-01-08 00:00:00,2.7699999809265137
2008-01-09 00:00:00,50.324989318847656
2008-01-10 00:00:00,1.5149999856948853
2008-01-11 00:00:00,8.074999809265137
2008-01-12 00:00:00,7.010000228881836
2008-01-13 00:00:00,0.0
2008-01-14 00:00:00,18.959999084472656
2008-01-15 00:00:00,5.335000038146973
2008-01-16 00:00:00,10.695000648498535
2008-01-17 00:00:00,0.009999999776482582
2008-01-18 00:00:00,0.11499999463558197
2008-01-19 00:00:00,6.815000534057617
2008-01-20 00:00:00,8.144999504089355
2008-01-21 00:00:00,8.925000190734863
2008-01-22 00:00:00,32.85499954223633
2008-01-23 00:00:00,18.895000457763672
2008-01-24 00:00:00,12.935001373291016
2008-01-25 00:00:00,3.815000057220459
2008-01-26 00:00:00,0.5149999856948853
2008-01-27 00:00:00,172.58999633789062
2008-01-28 00:00:00,39.5099983215332
2008-01-29 00:00:00,26.8699951171875
2008-01-30 00:00:00,9.245000839233398
2008-01-31 00:00:00,4.169999599456787
2008-02-01 00:00:00,5.484999656677246
2008-02-02 00:00:00,69.38998413085938
2008-02-03 00:00:00,6.940000534057617
2008-02-04 00:00:00,0.0
2008-02-05 00:00:00,0.0
2008-02-06 00:00:00,0.0
2008-02-07 00:00:00,0.0
2008-02-08 00:00:00,2.544999837875366
2008-02-09 00:00:00,6.3600006103515625
2008-02-10 00:00:00,15.829999923706055
2008-02-11 00:00:00,74.42499542236328
2008-02-12 00:00:00,0.9399999380111694
2008-02-13 00:00:00,0.0
2008-02-14 00:00:00,0.14499999582767487
2008-02-15 00:00:00,0.0
2008-02-16 00:00:00,5.929999828338623
2008-02-17 00:00:00,2.879999876022339
2008-02-18 00:00:00,19.09499740600586
2008-02-19 00:00:00,0.0
2008-02-20 00:00:00,4.380000114440918
2008-02-21 00:00:00,0.5399999618530273
2008-02-22 00:00:00,0.0
2008-02-23 00:00:00,16.27499771118164
2008-02-24 00:00:00,0.0
2008-02-25 00:00:00,0.2199999988079071
2008-02-26 00:00:00,16.895000457763672
2008-02-27 00:00:00,6.125
2008-02-28 00:00:00,6.804999351501465
2008-02-29 00:00:00,163.135009765625
2008-03-01 00:00:00,22.014997482299805
2008-03-02 00:00:00,113.57499694824219
2008-03-03 00:00:00,0.1850000023841858
2008-03-04 00:00:00,12.375
2008-03-05 00:00:00,5.510000228881836
2008-03-06 00:00:00,3.689999580383301
2008-03-07 00:00:00,18.334999084472656
2008-03-08 00:00:00,47.28999328613281
2008-03-09 00:00:00,0.08500000089406967
2008-03-10 00:00:00,41.79500198364258
2008-03-11 00:00:00,7.280000686645508
2008-03-12 00:00:00,6.184999465942383
2008-03-13 00:00:00,22.8700008392334
2008-03-14 00:00:00,0.0
2008-03-15 00:00:00,0.0
2008-03-16 00:00:00,0.0
2008-03-17 00:00:00,0.0
2008-03-18 00:00:00,0.0
2008-03-19 00:00:00,0.0
2008-03-20 00:00:00,0.0
2008-03-21 00:00:00,0.0
2008-03-22 00:00:00,1.3600000143051147
2008-03-23 00:00:00,0.0
2008-03-24 00:00:00,0.8949999809265137
2008-03-25 00:00:00,1.494999885559082
2008-03-26 00:00:00,0.48499998450279236
2008-03-27 00:00:00,0.12999999523162842
2008-03-28 00:00:00,13.879999160766602
2008-03-29 00:00:00,0.0
2008-03-30 00:00:00,0.21000000834465027
2008-03-31 00:00:00,10.910000801086426
2008-04-01 00:00:00,1.565000057220459
2008-04-02 00:00:00,101.135009765625
2008-04-03 00:00:00,2.390000104904175
2008-04-04 00:00:00,0.0
2008-04-05 00:00:00,0.0
2008-04-06 00:00:00,0.0
2008-04-07 00:00:00,0.0
2008-04-08 00:00:00,0.0
2008-04-09 00:00:00,0.5149999856948853
2008-04-10 00:00:00,0.0
2008-04-11 00:00:00,0.8600000143051147
2008-04-12 00:00:00,0.0
2008-04-13 00:00:00,0.0
2008-04-14 00:00:00,13.454999923706055
2008-04-15 00:00:00,0.16499999165534973
2008-04-16 00:00:00,0.9149999618530273
2008-04-17 00:00:00,0.0
2008-04-18 00:00:00,0.0
2008-04-19 00:00:00,0.0
2008-04-20 00:00:00,0.0
2008-04-21 00:00:00,0.0
2008-04-22 00:00:00,0.0
2008-04-23 00:00:00,0.0
2008-04-24 00:00:00,0.0
2008-04-25 00:00:00,0.5499999523162842
2008-04-26 00:00:00,0.0
2008-04-27 00:00:00,0.0
2008-04-28 00:00:00,0.2800000011920929
2008-04-29 00:00:00,4.324999809265137
2008-04-30 00:00:00,30.609996795654297
2008-05-01 00:00:00,0.07499999552965164
2008-05-02 00:00:00,0.0
2008-05-03 00:00:00,0.0
2008-05-04 00:00:00,0.0
2008-05-05 00:00:00,0.0
2008-05-06 00:00:00,0.0
2008-05-07 00:00:00,0.0
2008-05-08 00:00:00,0.0
2008-05-09 00:00:00,0.0
2008-05-10 00:00:00,0.0
2008-05-11 00:00:00,9.605000495910645
2008-05-12 00:00:00,37.08499526977539
2008-05-13 00:00:00,2.059999942779541
2008-05-14 00:00:00,0.03500000014901161
2008-05-15 00:00:00,0.0
2008-05-16 00:00:00,0.0
2008-05-17 00:00:00,0.0
2008-05-18 00:00:00,0.0
2008-05-19 00:00:00,0.0
2008-05-20 00:00:00,0.0
2008-05-21 00:00:00,0.0
2008-05-22 00:00:00,0.0
2008-05-23 00:00:00,0.0
2008-05-24 00:00:00,2.315000057220459
2008-05-25 00:00:00,0.0
2008-05-26 00:00:00,0.0
2008-05-27 00:00:00,6.679999351501465
2008-05-28 00:00:00,0.0
2008-05-29 00:00:00,0.1850000023841858
2008-05-30 00:00:00,0.1550000011920929
2008-05-31 00:00:00,0.33500000834465027
2008-06-01 00:00:00,0.13499999046325684
2008-06-02 00:00:00,0.0
2008-06-03 00:00:00,0.11999999731779099
2008-06-04 00:00:00,0.0
2008-06-05 00:00:00,0.0
2008-06-06 00:00:00,0.0
2008-06-07 00:00:00,0.0
2008-06-08 00:00:00,0.0
2008-06-09 00:00:00,2.7899999618530273
2008-06-10 00:00:00,8.96500015258789
2008-06-11 00:00:00,0.8350000381469727
2008-06-12 00:00:00,7.050000190734863
2008-06-13 00:00:00,4.389999866485596
2008-06-14 00:00:00,0.10999999940395355
2008-06-15 00:00:00,4.039999961853027
2008-06-16 00:00:00,0.14000000059604645
2008-06-17 00:00:00,0.0
2008-06-18 00:00:00,0.0
2008-06-19 00:00:00,0.0
2008-06-20 00:00:00,0.0
2008-06-21 00:00:00,0.0
2008-06-22 00:00:00,0.044999998062849045
2008-06-23 00:00:00,0.0
2008-06-24 00:00:00,0.0
2008-06-25 00:00:00,0.0
2008-06-26 00:00:00,0.0
2008-06-27 00:00:00,0.08999999612569809
2008-06-28 00:00:00,0.0
2008-06-29 00:00:00,0.0
2008-06-30 00:00:00,0.0
2008-07-01 00:00:00,0.0
2008-07-02 00:00:00,0.0
2008-07-03 00:00:00,0.0
2008-07-04 00:00:00,0.0
2008-07-06 00:00:00,0.0
2008-07-07 00:00:00,0.22999998927116394
2008-07-08 00:00:00,0.0
2008-07-09 00:00:00,0.0
2008-07-10 00:00:00,0.0
2008-07-11 00:00:00,0.0
2008-07-12 00:00:00,0.0
2008-07-13 00:00:00,0.0
2008-07-14 00:00:00,0.0
2008-07-15 00:00:00,0.0
2008-07-16 00:00:00,0.0
2008-07-17 00:00:00,0.0
2008-07-18 00:00:00,0.0
2008-07-19 00:00:00,0.0
2008-07-20 00:00:00,0.0
2008-07-21 00:00:00,0.0
2008-07-22 00:00:00,0.5349999666213989
2008-07-23 00:00:00,0.0
2008-07-24 00:00:00,0.5649999976158142
2008-07-25 00:00:00,0.0
2008-07-26 00:00:00,0.0
2008-07-27 00:00:00,0.0
2008-07-28 00:00:00,0.0
2008-07-29 00:00:00,0.0
2008-07-30 00:00:00,1.619999885559082
2008-07-31 00:00:00,40.630001068115234
2008-08-01 00:00:00,2.319999933242798
2008-08-02 00:00:00,0.3349999785423279
2008-08-03 00:00:00,42.54499816894531
2008-08-04 00:00:00,0.0
2008-08-05 00:00:00,0.03999999910593033
2008-08-06 00:00:00,1.0149999856948853
2008-08-07 00:00:00,5.285000324249268
2008-08-08 00:00:00,17.295000076293945
2008-08-09 00:00:00,4.829999923706055
2008-08-10 00:00:00,0.0
2008-08-11 00:00:00,0.0
2008-08-12 00:00:00,0.0
2008-08-13 00:00:00,0.0
2008-08-14 00:00:00,0.0
2008-08-15 00:00:00,0.0
2008-08-16 00:00:00,0.0
2008-08-17 00:00:00,0.0
2008-08-18 00:00:00,0.004999999888241291
2008-08-19 00:00:00,0.0
2008-08-20 00:00:00,0.0
2008-08-21 00:00:00,0.0
2008-08-22 00:00:00,0.0
2008-08-23 00:00:00,0.0
2008-08-24 00:00:00,0.0
2008-08-25 00:00:00,0.0
2008-08-26 00:00:00,0.0
2008-08-27 00:00:00,0.0
2008-08-28 00:00:00,0.0
2008-08-29 00:00:00,0.44999998807907104
2008-08-30 00:00:00,0.0
2008-08-31 00:00:00,0.0
2008-09-01 00:00:00,0.0
2008-09-02 00:00:00,0.0
2008-09-03 00:00:00,0.0
2008-09-04 00:00:00,14.339999198913574
2008-09-05 00:00:00,11.035000801086426
2008-09-06 00:00:00,0.0
2008-09-07 00:00:00,0.0
2008-09-08 00:00:00,0.0
2008-09-09 00:00:00,0.0
2008-09-10 00:00:00,0.0
2008-09-11 00:00:00,0.0
2008-09-12 00:00:00,8.725000381469727
2008-09-13 00:00:00,0.6549999713897705
2008-09-14 00:00:00,0.0
2008-09-15 00:00:00,0.0
2008-09-16 00:00:00,0.9999998807907104
2008-09-17 00:00:00,0.0
2008-09-18 00:00:00,0.0
2008-09-19 00:00:00,0.0
2008-09-20 00:00:00,5.529999732971191
2008-09-21 00:00:00,1.34499990940094
2008-09-22 00:00:00,0.0
2008-09-23 00:00:00,0.47999998927116394
2008-09-24 00:00:00,0.0
2008-09-25 00:00:00,13.770000457763672
2008-09-26 00:00:00,0.0
2008-09-27 00:00:00,0.0
2008-09-28 00:00:00,0.0
2008-09-29 00:00:00,0.16499999165534973
2008-09-30 00:00:00,18.52499771118164
2008-10-01 00:00:00,0.0
2008-10-02 00:00:00,0.39499998092651367
2008-10-03 00:00:00,9.290000915527344
2008-10-04 00:00:00,46.19499969482422
2008-10-05 00:00:00,10.994998931884766
2008-10-06 00:00:00,64.97999572753906
2008-10-07 00:00:00,0.0
2008-10-08 00:00:00,0.0
2008-10-09 00:00:00,1.2899999618530273
2008-10-10 00:00:00,0.0
2008-10-11 00:00:00,0.0
2008-10-12 00:00:00,0.0
2008-10-13 00:00:00,0.044999998062849045
2008-10-14 00:00:00,0.13499999046325684
2008-10-15 00:00:00,0.0
2008-10-16 00:00:00,0.0
2008-10-17 00:00:00,1.1549999713897705
2008-10-18 00:00:00,4.550000190734863
2008-10-19 00:00:00,0.3149999976158142
2008-10-20 00:00:00,0.0
2008-10-21 00:00:00,0.0
2008-10-22 00:00:00,0.0
2008-10-23 00:00:00,11.639999389648438
2008-10-24 00:00:00,0.009999999776482582
2008-10-25 00:00:00,0.17499999701976776
2008-10-26 00:00:00,0.0
2008-10-27 00:00:00,10.904998779296875
2008-10-28 00:00:00,0.36500000953674316
2008-10-29 00:00:00,0.0
2008-10-30 00:00:00,20.96500015258789
2008-10-31 00:00:00,2.440000057220459
2008-11-01 00:00:00,0.0
2008-11-02 00:00:00,0.0
2008-11-03 00:00:00,28.564998626708984
2008-11-04 00:00:00,0.5149999856948853
2008-11-05 00:00:00,0.0
2008-11-06 00:00:00,0.0
2008-11-07 00:00:00,0.0
2008-11-08 00:00:00,0.0
2008-11-09 00:00:00,0.20500001311302185
2008-11-10 00:00:00,3.0949997901916504
2008-11-11 00:00:00,0.2749999761581421
2008-11-12 00:00:00,102.22999572753906
2008-11-13 00:00:00,0.0
2008-11-14 00:00:00,0.0
2008-11-15 00:00:00,0.0
2008-11-16 00:00:00,50.840003967285156
2008-11-17 00:00:00,0.0
2008-11-18 00:00:00,0.0
2008-11-19 00:00:00,0.0
2008-11-20 00:00:00,0.0
2008-11-21 00:00:00,0.0
2008-11-22 00:00:00,0.0
2008-11-23 00:00:00,1.5749999284744263
2008-11-24 00:00:00,0.0
2008-11-25 00:00:00,2.2850000858306885
2008-11-26 00:00:00,0.29499998688697815
2008-11-27 00:00:00,0.0
2008-11-28 00:00:00,1.0700000524520874
2008-11-29 00:00:00,0.0
2008-11-30 00:00:00,16.05500030517578
2008-12-01 00:00:00,2.7749998569488525
2008-12-02 00:00:00,56.42499542236328
2008-12-03 00:00:00,0.0
2008-12-04 00:00:00,0.0
2008-12-05 00:00:00,0.25
2008-12-06 00:00:00,0.0
2008-12-07 00:00:00,0.12999999523162842
2008-12-08 00:00:00,0.04999999701976776
2008-12-09 00:00:00,1.0899999141693115
2008-12-10 00:00:00,57.38999938964844
2008-12-11 00:00:00,87.42999267578125
2008-12-12 00:00:00,0.0
2008-12-13 00:00:00,0.0
2008-12-14 00:00:00,18.7450008392334
2008-12-15 00:00:00,1.084999918937683
2008-12-16 00:00:00,0.04500000178813934
2008-12-17 00:00:00,3.5899996757507324
2008-12-18 00:00:00,10.370000839233398
2008-12-19 00:00:00,3.4499998092651367
2008-12-20 00:00:00,1.0649999380111694
2008-12-21 00:00:00,10.274999618530273
2008-12-22 00:00:00,1.75
2008-12-23 00:00:00,39.96000289916992
2008-12-24 00:00:00,1.1649999618530273
2008-12-25 00:00:00,2.6549999713897705
2008-12-26 00:00:00,5.289999485015869
2008-12-27 00:00:00,0.0
2008-12-28 00:00:00,0.0
2008-12-29 00:00:00,0.0
2008-12-30 00:00:00,3.625
2008-12-31 00:00:00,0.4350000023841858
2009-01-01 00:00:00,0.6650000214576721
2009-01-02 00:00:00,2.569999933242798
2009-01-03 00:00:00,73.01499938964844
2009-01-04 00:00:00,0.08999999612569809
2009-01-05 00:00:00,0.0
2009-01-06 00:00:00,0.1850000023841858
2009-01-07 00:00:00,0.0
2009-01-08 00:00:00,8.664999008178711
2009-01-09 00:00:00,11.680000305175781
2009-01-10 00:00:00,1.184999942779541
2009-01-11 00:00:00,0.044999998062849045
2009-01-12 00:00:00,0.8700000047683716
2009-01-13 00:00:00,0.0
2009-01-14 00:00:00,0.2800000011920929
2009-01-15 00:00:00,0.0
2009-01-16 00:00:00,71.885009765625
2009-01-17 00:00:00,5.454999923706055
2009-01-18 00:00:00,2.9750001430511475
2009-01-19 00:00:00,7.584999084472656
2009-01-20 00:00:00,1.934999942779541
2009-01-21 00:00:00,0.0
2009-01-22 00:00:00,1.0800000429153442
2009-01-23 00:00:00,0.0
2009-01-24 00:00:00,0.0
2009-01-25 00:00:00,0.0
2009-01-26 00:00:00,47.454994201660156
2009-01-27 00:00:00,0.0
2009-01-28 00:00:00,0.0
2009-01-29 00:00:00,89.50498962402344
2009-01-30 00:00:00,0.0
2009-01-31 00:00:00,0.0
2009-02-01 00:00:00,8.984999656677246
2009-02-02 00:00:00,0.0
2009-02-03 00:00:00,1.0850000381469727
2009-02-04 00:00:00,0.4599999785423279
2009-02-05 00:00:00,0.0
2009-02-06 00:00:00,0.0
2009-02-07 00:00:00,7.765000343322754
2009-02-08 00:00:00,1.4950000047683716
2009-02-09 00:00:00,22.920000076293945
2009-02-10 00:00:00,6.895000457763672
2009-02-11 00:00:00,0.0
2009-02-12 00:00:00,70.14000701904297
2009-02-13 00:00:00,0.10999999940395355
2009-02-14 00:00:00,57.80500030517578
2009-02-15 00:00:00,0.5299999713897705
2009-02-16 00:00:00,4.839999675750732
2009-02-17 00:00:00,7.284999847412109
2009-02-18 00:00:00,2.31499981880188
2009-02-19 00:00:00,0.9649999141693115
2009-02-20 00:00:00,0.07999999821186066
2009-02-21 00:00:00,24.11499786376953
2009-02-22 00:00:00,1.1899999380111694
2009-02-23 00:00:00,2.259999990463257
2009-02-24 00:00:00,9.0
2009-02-25 00:00:00,0.5149999856948853
2009-02-26 00:00:00,0.0
2009-02-27 00:00:00,21.459997177124023
2009-02-28 00:00:00,0.0
2009-03-01 00:00:00,30.23499870300293
2009-03-02 00:00:00,4.005000114440918
2009-03-03 00:00:00,0.0
2009-03-04 00:00:00,0.9449999928474426
2009-03-05 00:00:00,18.954998016357422
2009-03-06 00:00:00,0.4399999976158142
2009-03-07 00:00:00,0.0
2009-03-08 00:00:00,0.8899999856948853
2009-03-09 00:00:00,10.789999961853027
2009-03-10 00:00:00,7.84999942779541
2009-03-11 00:00:00,0.0
2009-03-12 00:00:00,25.30999755859375
2009-03-13 00:00:00,7.369999885559082
2009-03-14 00:00:00,0.6599999666213989
2009-03-15 00:00:00,0.0
2009-03-16 00:00:00,0.0
2009-03-17 00:00:00,0.0
2009-03-18 00:00:00,0.23999997973442078
2009-03-19 00:00:00,1.8000000715255737
2009-03-20 00:00:00,1.0649999380111694
2009-03-21 00:00:00,23.604997634887695
2009-03-22 00:00:00,0.0
2009-03-23 00:00:00,91.33499908447266
2009-03-24 00:00:00,55.98499298095703
2009-03-25 00:00:00,0.0
2009-03-26 00:00:00,11.704999923706055
2009-03-27 00:00:00,21.334999084472656
2009-03-28 00:00:00,0.32999998331069946
2009-03-29 00:00:00,1.090000033378601
2009-03-30 00:00:00,18.469999313354492
2009-03-31 00:00:00,2.319999933242798
2009-04-01 00:00:00,6.619999885559082
2009-04-02 00:00:00,0.0
2009-04-03 00:00:00,0.0
2009-04-04 00:00:00,0.0
2009-04-05 00:00:00,0.6399999856948853
2009-04-06 00:00:00,0.5299999713897705
2009-04-07 00:00:00,21.954999923706055
2009-04-08 00:00:00,45.94999313354492
2009-04-09 00:00:00,0.8849999904632568
2009-04-10 00:00:00,0.0
2009-04-11 00:00:00,0.0
2009-04-12 00:00:00,0.0
2009-04-13 00:00:00,0.0
2009-04-14 00:00:00,0.0
2009-04-15 00:00:00,0.0
2009-04-16 00:00:00,0.0
2009-04-17 00:00:00,0.0
2009-04-18 00:00:00,0.0
2009-04-19 00:00:00,0.0
2009-04-20 00:00:00,11.625
2009-04-21 00:00:00,0.3799999952316284
2009-04-22 00:00:00,25.530000686645508
2009-04-23 00:00:00,0.0
2009-04-24 00:00:00,57.040000915527344
2009-04-25 00:00:00,0.0
2009-04-26 00:00:00,0.0
2009-04-27 00:00:00,0.0
2009-04-28 00:00:00,0.0
2009-04-29 00:00:00,0.0
2009-04-30 00:00:00,0.0
2009-05-01 00:00:00,0.0
2009-05-02 00:00:00,0.0
2009-05-03 00:00:00,0.0
2009-05-04 00:00:00,0.0
2009-05-05 00:00:00,0.0
2009-05-06 00:00:00,31.98999786376953
2009-05-07 00:00:00,0.0
2009-05-08 00:00:00,0.0
2009-05-09 00:00:00,0.0
2009-05-10 00:00:00,0.22499999403953552
2009-05-11 00:00:00,0.2549999952316284
2009-05-12 00:00:00,0.17499999701976776
2009-05-13 00:00:00,0.004999999888241291
2009-05-14 00:00:00,16.689998626708984
2009-05-15 00:00:00,0.10999999940395355
2009-05-16 00:00:00,0.0
2009-05-17 00:00:00,0.0
2009-05-18 00:00:00,0.0
2009-05-19 00:00:00,0.0
2009-05-20 00:00:00,0.0
2009-05-21 00:00:00,0.0
2009-05-22 00:00:00,0.0
2009-05-23 00:00:00,0.0
2009-05-24 00:00:00,0.0
2009-05-25 00:00:00,0.0
2009-05-26 00:00:00,0.0
2009-05-27 00:00:00,33.04499816894531
2009-05-28 00:00:00,30.28999900817871
2009-05-29 00:00:00,4.965000152587891
2009-05-30 00:00:00,0.38499999046325684
2009-05-31 00:00:00,0.0
2009-06-01 00:00:00,0.0
2009-06-02 00:00:00,0.0
2009-06-03 00:00:00,0.0
2009-06-04 00:00:00,0.0
2009-06-05 00:00:00,0.0
2009-06-06 00:00:00,0.0
2009-06-07 00:00:00,0.8849999904632568
2009-06-08 00:00:00,0.0
2009-06-09 00:00:00,0.0
2009-06-10 00:00:00,0.0
2009-06-11 00:00:00,0.0
2009-06-12 00:00:00,1.9399999380111694
2009-06-13 00:00:00,0.0
2009-06-14 00:00:00,0.0
2009-06-15 00:00:00,1.6150000095367432
2009-06-16 00:00:00,0.0
2009-06-17 00:00:00,0.0
2009-06-18 00:00:00,0.0
2009-06-19 00:00:00,0.11999999731779099
2009-06-20 00:00:00,0.0
2009-06-21 00:00:00,28.240001678466797
2009-06-22 00:00:00,0.7549999952316284
2009-06-23 00:00:00,0.0
2009-06-24 00:00:00,27.819997787475586
2009-06-25 00:00:00,0.0
2009-06-26 00:00:00,0.38999998569488525
2009-06-27 00:00:00,0.8450000286102295
2009-06-28 00:00:00,0.0
2009-06-29 00:00:00,0.08999999612569809
2009-06-30 00:00:00,0.0
2009-07-01 00:00:00,0.3199999928474426
2009-07-02 00:00:00,0.0
2009-07-03 00:00:00,13.374999046325684
2009-07-04 00:00:00,0.0
2009-07-05 00:00:00,0.0
2009-07-06 00:00:00,0.0
2009-07-07 00:00:00,0.0
2009-07-08 00:00:00,3.5949997901916504
2009-07-09 00:00:00,10.270000457763672
2009-07-10 00:00:00,0.23999999463558197
2009-07-11 00:00:00,16.744998931884766
2009-07-12 00:00:00,0.0
2009-07-13 00:00:00,0.0
2009-07-14 00:00:00,0.0
2009-07-15 00:00:00,0.0
2009-07-16 00:00:00,0.0
2009-07-17 00:00:00,0.0
2009-07-18 00:00:00,0.0
2009-07-19 00:00:00,0.0
2009-07-20 00:00:00,1.6099998950958252
2009-07-21 00:00:00,0.11499999463558197
2009-07-22 00:00:00,6.409999847412109
2009-07-23 00:00:00,49.68999481201172
2009-07-24 00:00:00,21.700000762939453
2009-07-25 00:00:00,3.544999837875366
2009-07-26 00:00:00,0.3199999928474426
2009-07-27 00:00:00,0.5
2009-07-28 00:00:00,0.0
2009-07-29 00:00:00,0.0
2009-07-30 00:00:00,0.0
2009-07-31 00:00:00,0.0
2009-08-01 00:00:00,0.3400000035762787
2009-08-02 00:00:00,13.46500015258789
2009-08-03 00:00:00,0.0
2009-08-04 00:00:00,0.0
2009-08-05 00:00:00,0.0
2009-08-06 00:00:00,0.0
2009-08-07 00:00:00,0.0
2009-08-08 00:00:00,17.459999084472656
2009-08-09 00:00:00,4.689999580383301
2009-08-10 00:00:00,0.05999999865889549
2009-08-11 00:00:00,0.0
2009-08-12 00:00:00,0.0
2009-08-13 00:00:00,0.0
2009-08-14 00:00:00,0.0
2009-08-15 00:00:00,0.0
2009-08-16 00:00:00,0.0
2009-08-17 00:00:00,0.009999999776482582
2009-08-18 00:00:00,0.0
2009-08-19 00:00:00,0.0
2009-08-20 00:00:00,8.344999313354492
2009-08-21 00:00:00,0.0
2009-08-22 00:00:00,0.0
2009-08-23 00:00:00,0.0
2009-08-24 00:00:00,11.605000495910645
2009-08-25 00:00:00,0.0
2009-08-26 00:00:00,0.0
2009-08-27 00:00:00,0.0
2009-08-28 00:00:00,0.0
2009-08-29 00:00:00,0.0
2009-08-30 00:00:00,0.0
2009-08-31 00:00:00,0.0
2009-09-01 00:00:00,0.0
2009-09-02 00:00:00,0.5099999904632568
2009-09-03 00:00:00,29.474998474121094
2009-09-04 00:00:00,25.954999923706055
2009-09-05 00:00:00,0.6149999499320984
2009-09-06 00:00:00,0.0
2009-09-07 00:00:00,0.0
2009-09-08 00:00:00,0.0
2009-09-09 00:00:00,0.30000001192092896
2009-09-10 00:00:00,17.10500144958496
2009-09-11 00:00:00,0.0
2009-09-12 00:00:00,0.0
2009-09-13 00:00:00,0.0
2009-09-14 00:00:00,0.0
2009-09-15 00:00:00,0.0
2009-09-16 00:00:00,0.0
2009-09-17 00:00:00,0.009999999776482582
2009-09-18 00:00:00,0.8999999761581421
2009-09-19 00:00:00,0.0
2009-09-20 00:00:00,0.4100000262260437
2009-09-21 00:00:00,6.050000190734863
2009-09-22 00:00:00,0.0
2009-09-23 00:00:00,27.81499671936035
2009-09-24 00:00:00,0.0
2009-09-25 00:00:00,0.0
2009-09-26 00:00:00,0.0
2009-09-27 00:00:00,0.0
2009-09-28 00:00:00,0.0
2009-09-29 00:00:00,0.16499999165534973
2009-09-30 00:00:00,0.0
2009-10-01 00:00:00,0.14999999105930328
2009-10-02 00:00:00,0.0
2009-10-03 00:00:00,0.0
2009-10-04 00:00:00,0.0
2009-10-05 00:00:00,0.019999999552965164
2009-10-06 00:00:00,0.0
2009-10-07 00:00:00,81.3800048828125
2009-10-08 00:00:00,0.02499999850988388
2009-10-09 00:00:00,0.0
2009-10-10 00:00:00,0.08500000089406967
2009-10-11 00:00:00,0.0
2009-10-12 00:00:00,25.524999618530273
2009-10-13 00:00:00,0.06499999761581421
2009-10-14 00:00:00,0.0
2009-10-15 00:00:00,0.0
2009-10-16 00:00:00,68.24999237060547
2009-10-17 00:00:00,0.6799999475479126
2009-10-18 00:00:00,0.0
2009-10-19 00:00:00,0.009999999776482582
2009-10-20 00:00:00,0.5049999952316284
2009-10-21 00:00:00,0.2549999952316284
2009-10-22 00:00:00,0.0
2009-10-23 00:00:00,0.0
2009-10-24 00:00:00,0.0
2009-10-25 00:00:00,2.6449999809265137
2009-10-26 00:00:00,13.529997825622559
2009-10-27 00:00:00,0.994999885559082
2009-10-28 00:00:00,2.3549997806549072
2009-10-29 00:00:00,0.0
2009-10-30 00:00:00,0.0
2009-10-31 00:00:00,0.0
2009-11-01 00:00:00,0.0
2009-11-02 00:00:00,0.0
2009-11-03 00:00:00,0.0
2009-11-04 00:00:00,85.86000061035156
2009-11-05 00:00:00,1.7099997997283936
2009-11-06 00:00:00,11.059998512268066
2009-11-07 00:00:00,0.0
2009-11-08 00:00:00,7.5149993896484375
2009-11-09 00:00:00,0.809999942779541
2009-11-10 00:00:00,0.004999999888241291
2009-11-11 00:00:00,3.6399998664855957
2009-11-12 00:00:00,9.59000015258789
2009-11-13 00:00:00,0.0
2009-11-14 00:00:00,1.190000057220459
2009-11-15 00:00:00,27.744998931884766
2009-11-16 00:00:00,12.84000015258789
2009-11-17 00:00:00,0.07999999821186066
2009-11-18 00:00:00,0.0
2009-11-19 00:00:00,1.5099997520446777
2009-11-20 00:00:00,1.1949999332427979
2009-11-21 00:00:00,2.5250000953674316
2009-11-22 00:00:00,0.47999998927116394
2009-11-23 00:00:00,1.534999966621399
2009-11-24 00:00:00,0.0
2009-11-25 00:00:00,0.98499995470047
2009-11-26 00:00:00,6.979999542236328
2009-11-27 00:00:00,1.024999976158142
2009-11-28 00:00:00,0.04999999701976776
2009-11-29 00:00:00,59.06999969482422
2009-11-30 00:00:00,2.5350000858306885
2009-12-01 00:00:00,55.894996643066406
2009-12-02 00:00:00,0.0
2009-12-03 00:00:00,5.489999771118164
2009-12-04 00:00:00,163.17501831054688
2009-12-05 00:00:00,1.1649999618530273
2009-12-06 00:00:00,0.0
2009-12-07 00:00:00,20.665000915527344
2009-12-08 00:00:00,11.34000015258789
2009-12-09 00:00:00,1.8349997997283936
2009-12-10 00:00:00,0.5149999856948853
2009-12-11 00:00:00,14.295000076293945
2009-12-12 00:00:00,7.48499870300293
2009-12-13 00:00:00,0.5
2009-12-14 00:00:00,0.0
2009-12-15 00:00:00,0.5999999642372131
2009-12-16 00:00:00,0.09999999403953552
2009-12-17 00:00:00,0.10500000417232513
2009-12-18 00:00:00,20.09499740600586
2009-12-19 00:00:00,11.760000228881836
2009-12-20 00:00:00,4.010000228881836
2009-12-21 00:00:00,42.46500015258789
2009-12-22 00:00:00,2.9499998092651367
2009-12-23 00:00:00,0.6699999570846558
2009-12-24 00:00:00,1.9449996948242188
2009-12-25 00:00:00,3.5899996757507324
2009-12-26 00:00:00,0.0
2009-12-27 00:00:00,0.0
2009-12-28 00:00:00,0.0
2009-12-29 00:00:00,0.0
2009-12-30 00:00:00,0.5399999618530273
2009-12-31 00:00:00,10.914999008178711
2010-01-01 00:00:00,2.700000047683716
2010-01-02 00:00:00,0.0
2010-01-03 00:00:00,113.18998718261719
2010-01-04 00:00:00,0.0
2010-01-05 00:00:00,0.0
2010-01-06 00:00:00,0.0
2010-01-07 00:00:00,0.1899999976158142
2010-01-08 00:00:00,50.69500732421875
2010-01-09 00:00:00,26.15999984741211
2010-01-10 00:00:00,2.990000009536743
2010-01-11 00:00:00,0.3349999785423279
2010-01-12 00:00:00,0.0
2010-01-13 00:00:00,25.020004272460938
2010-01-14 00:00:00,29.34000015258789
2010-01-15 00:00:00,0.0
2010-01-16 00:00:00,0.625
2010-01-17 00:00:00,0.0
2010-01-18 00:00:00,25.2399959564209
2010-01-19 00:00:00,2.2149999141693115
2010-01-20 00:00:00,144.2100067138672
2010-01-21 00:00:00,9.890000343322754
2010-01-22 00:00:00,0.0
2010-01-23 00:00:00,0.44999998807907104
2010-01-24 00:00:00,16.704999923706055
2010-01-25 00:00:00,0.7449999451637268
2010-01-26 00:00:00,4.924999713897705
2010-01-27 00:00:00,7.299999237060547
2010-01-28 00:00:00,0.044999998062849045
2010-01-29 00:00:00,1.3799998760223389
2010-01-30 00:00:00,3.945000171661377
2010-01-31 00:00:00,10.070000648498535
2010-02-01 00:00:00,7.25
2010-02-02 00:00:00,3.419999599456787
2010-02-03 00:00:00,0.0
2010-02-04 00:00:00,0.8450000286102295
2010-02-05 00:00:00,149.20001220703125
2010-02-06 00:00:00,10.904998779296875
2010-02-07 00:00:00,0.0
2010-02-08 00:00:00,0.0
2010-02-09 00:00:00,13.539999961853027
2010-02-10 00:00:00,0.0
2010-02-11 00:00:00,83.88500213623047
2010-02-12 00:00:00,3.5899996757507324
2010-02-13 00:00:00,0.18000000715255737
2010-02-14 00:00:00,1.7300000190734863
2010-02-15 00:00:00,0.0
2010-02-16 00:00:00,4.914999961853027
2010-02-17 00:00:00,7.274999618530273
2010-02-18 00:00:00,9.774999618530273
2010-02-19 00:00:00,0.0
2010-02-20 00:00:00,1.7400000095367432
2010-02-21 00:00:00,0.0
2010-02-22 00:00:00,0.0
2010-02-23 00:00:00,0.0
2010-02-24 00:00:00,0.0
2010-02-25 00:00:00,84.75
2010-02-26 00:00:00,0.0
2010-02-27 00:00:00,0.0
2010-02-28 00:00:00,0.0
2010-03-01 00:00:00,0.0
2010-03-02 00:00:00,0.0
2010-03-03 00:00:00,0.0
2010-03-04 00:00:00,16.149999618530273
2010-03-05 00:00:00,7.179999351501465
2010-03-06 00:00:00,0.0
2010-03-07 00:00:00,0.22499999403953552
2010-03-08 00:00:00,0.0
2010-03-09 00:00:00,0.0
2010-03-10 00:00:00,0.054999999701976776
2010-03-11 00:00:00,12.379999160766602
2010-03-12 00:00:00,31.31499481201172
2010-03-13 00:00:00,0.0
2010-03-14 00:00:00,15.24499797821045
2010-03-15 00:00:00,5.170000076293945
2010-03-16 00:00:00,4.434999465942383
2010-03-17 00:00:00,0.0
2010-03-18 00:00:00,0.0
2010-03-19 00:00:00,0.7649999856948853
2010-03-20 00:00:00,0.0
2010-03-21 00:00:00,0.02499999850988388
2010-03-22 00:00:00,0.0
2010-03-23 00:00:00,0.0
2010-03-24 00:00:00,151.58999633789062
2010-03-25 00:00:00,1.4350000619888306
2010-03-26 00:00:00,0.0
2010-03-27 00:00:00,0.0
2010-03-28 00:00:00,0.0
2010-03-29 00:00:00,0.0
2010-03-30 00:00:00,3.3299999237060547
2010-03-31 00:00:00,1.804999828338623
2010-04-01 00:00:00,0.0
2010-04-02 00:00:00,0.2449999898672104
2010-04-03 00:00:00,6.640000343322754
2010-04-04 00:00:00,0.0
2010-04-05 00:00:00,0.0
2010-04-06 00:00:00,0.0
2010-04-07 00:00:00,0.0
2010-04-08 00:00:00,0.0
2010-04-09 00:00:00,0.0
2010-04-10 00:00:00,0.0
2010-04-11 00:00:00,0.0
2010-04-12 00:00:00,0.0
2010-04-13 00:00:00,0.0
2010-04-14 00:00:00,0.0
2010-04-15 00:00:00,2.325000047683716
2010-04-16 00:00:00,0.0
2010-04-17 00:00:00,0.7450000047683716
2010-04-18 00:00:00,1.4649999141693115
2010-04-19 00:00:00,0.0
2010-04-20 00:00:00,0.0
2010-04-21 00:00:00,0.0
2010-04-22 00:00:00,4.46999979019165
2010-04-23 00:00:00,18.395000457763672
2010-04-24 00:00:00,0.0
2010-04-25 00:00:00,0.0
2010-04-26 00:00:00,0.0
2010-04-27 00:00:00,0.0
2010-04-28 00:00:00,0.0
2010-04-29 00:00:00,0.0
2010-04-30 00:00:00,0.0
2010-05-01 00:00:00,0.0
2010-05-02 00:00:00,0.0
2010-05-03 00:00:00,0.0
2010-05-04 00:00:00,45.029998779296875
2010-05-05 00:00:00,0.0
2010-05-06 00:00:00,0.0
2010-05-07 00:00:00,0.0
2010-05-08 00:00:00,0.0
2010-05-09 00:00:00,0.0
2010-05-10 00:00:00,0.0
2010-05-11 00:00:00,0.0
2010-05-12 00:00:00,0.0
2010-05-13 00:00:00,0.0
2010-05-14 00:00:00,0.0
2010-05-15 00:00:00,0.0
2010-05-16 00:00:00,0.0
2010-05-17 00:00:00,0.0
2010-05-18 00:00:00,1.7749998569488525
2010-05-19 00:00:00,0.009999999776482582
2010-05-20 00:00:00,0.0
2010-05-21 00:00:00,0.0
2010-05-22 00:00:00,0.0
2010-05-23 00:00:00,0.0
2010-05-24 00:00:00,19.05499839782715
2010-05-25 00:00:00,3.9600000381469727
2010-05-26 00:00:00,0.019999999552965164
2010-05-27 00:00:00,2.6000001430511475
2010-05-28 00:00:00,0.0
2010-05-29 00:00:00,0.0
2010-05-30 00:00:00,0.08500000089406967
2010-05-31 00:00:00,70.37000274658203
2010-06-01 00:00:00,0.0
2010-06-02 00:00:00,0.0
2010-06-03 00:00:00,0.0
2010-06-04 00:00:00,0.0
2010-06-05 00:00:00,0.0
2010-06-06 00:00:00,0.0
2010-06-07 00:00:00,0.0
2010-06-08 00:00:00,0.0
2010-06-09 00:00:00,4.865000247955322
2010-06-10 00:00:00,0.0
2010-06-11 00:00:00,0.0
2010-06-12 00:00:00,0.0
2010-06-13 00:00:00,0.0
2010-06-14 00:00:00,0.0
2010-06-15 00:00:00,0.0
2010-06-16 00:00:00,0.0
2010-06-17 00:00:00,12.319999694824219
2010-06-18 00:00:00,4.119999885559082
2010-06-19 00:00:00,0.0
2010-06-20 00:00:00,0.0
2010-06-21 00:00:00,0.0
2010-06-22 00:00:00,0.0
2010-06-23 00:00:00,0.0
2010-06-24 00:00:00,0.0
2010-06-25 00:00:00,0.0
2010-06-26 00:00:00,0.0
2010-06-27 00:00:00,0.0
2010-06-28 00:00:00,0.0
2010-06-29 00:00:00,0.0
2010-06-30 00:00:00,0.0
2010-07-01 00:00:00,0.0
2010-07-02 00:00:00,0.0
2010-07-03 00:00:00,0.0
2010-07-04 00:00:00,0.0
2010-07-05 00:00:00,0.0
2010-07-06 00:00:00,0.0
2010-07-07 00:00:00,0.0
2010-07-08 00:00:00,15.959999084472656
2010-07-09 00:00:00,0.0
2010-07-10 00:00:00,0.22499999403953552
2010-07-11 00:00:00,0.0
2010-07-12 00:00:00,7.979999542236328
2010-07-13 00:00:00,1.4250000715255737
2010-07-14 00:00:00,0.0
2010-07-15 00:00:00,13.90999984741211
2010-07-16 00:00:00,6.944998741149902
2010-07-17 00:00:00,13.184999465942383
2010-07-18 00:00:00,1.7049999237060547
2010-07-19 00:00:00,0.7299999594688416
2010-07-20 00:00:00,0.0
2010-07-21 00:00:00,0.0
2010-07-22 00:00:00,0.0
2010-07-23 00:00:00,0.0
2010-07-24 00:00:00,0.0
2010-07-25 00:00:00,0.0
2010-07-26 00:00:00,0.0
2010-07-27 00:00:00,3.1999998092651367
2010-07-28 00:00:00,0.0
2010-07-29 00:00:00,0.0
2010-07-30 00:00:00,0.0
2010-07-31 00:00:00,0.0
2010-08-01 00:00:00,4.014999866485596
2010-08-02 00:00:00,0.0
2010-08-03 00:00:00,0.0
2010-08-04 00:00:00,3.9549999237060547
2010-08-05 00:00:00,0.14000000059604645
2010-08-06 00:00:00,0.0
2010-08-07 00:00:00,0.0
2010-08-08 00:00:00,0.0
2010-08-09 00:00:00,0.0
2010-08-10 00:00:00,0.0
2010-08-11 00:00:00,0.0
2010-08-12 00:00:00,0.0
2010-08-13 00:00:00,0.0
2010-08-14 00:00:00,0.0
2010-08-15 00:00:00,0.0
2010-08-16 00:00:00,0.0
2010-08-17 00:00:00,0.0
2010-08-18 00:00:00,0.0
2010-08-19 00:00:00,0.0
2010-08-20 00:00:00,0.0
2010-08-21 00:00:00,0.05999999865889549
2010-08-22 00:00:00,0.0
2010-08-23 00:00:00,0.0
2010-08-24 00:00:00,0.0
2010-08-25 00:00:00,0.0
2010-08-26 00:00:00,0.0
2010-08-27 00:00:00,0.0
2010-08-28 00:00:00,0.0
2010-08-29 00:00:00,0.0
2010-08-30 00:00:00,6.515000343322754
2010-08-31 00:00:00,0.0
2010-09-01 00:00:00,0.6349999904632568
2010-09-02 00:00:00,0.2549999952316284
2010-09-03 00:00:00,0.0
2010-09-04 00:00:00,0.0
2010-09-05 00:00:00,0.0
2010-09-06 00:00:00,1.4599997997283936
2010-09-07 00:00:00,0.0
2010-09-08 00:00:00,0.0
2010-09-09 00:00:00,0.0
2010-09-10 00:00:00,0.0
2010-09-11 00:00:00,0.0
2010-09-12 00:00:00,0.014999999664723873
2010-09-13 00:00:00,0.25
2010-09-14 00:00:00,17.92500114440918
2010-09-15 00:00:00,0.11999999731779099
2010-09-16 00:00:00,0.0
2010-09-17 00:00:00,0.0
2010-09-18 00:00:00,0.0
2010-09-19 00:00:00,0.0
2010-09-20 00:00:00,0.0
2010-09-21 00:00:00,0.0
2010-09-22 00:00:00,0.0
2010-09-23 00:00:00,0.0
2010-09-24 00:00:00,33.12000274658203
2010-09-25 00:00:00,0.0
2010-09-26 00:00:00,0.0
2010-09-27 00:00:00,0.0
2010-09-28 00:00:00,0.0
2010-09-29 00:00:00,3.2950005531311035
2010-09-30 00:00:00,1.415000081062317
2010-10-01 00:00:00,0.6100000143051147
2010-10-02 00:00:00,14.690000534057617
2010-10-03 00:00:00,8.38499927520752
2010-10-04 00:00:00,0.8999999761581421
2010-10-05 00:00:00,0.0
2010-10-06 00:00:00,0.0
2010-10-07 00:00:00,15.399999618530273
2010-10-08 00:00:00,19.36499786376953
2010-10-09 00:00:00,0.0
2010-10-10 00:00:00,2.18500018119812
2010-10-11 00:00:00,0.15000000596046448
2010-10-12 00:00:00,0.0
2010-10-13 00:00:00,0.0
2010-10-14 00:00:00,0.0
2010-10-15 00:00:00,0.6449999809265137
2010-10-16 00:00:00,0.0
2010-10-17 00:00:00,0.06499999761581421
2010-10-18 00:00:00,7.175000190734863
2010-10-19 00:00:00,0.0
2010-10-20 00:00:00,0.0
2010-10-21 00:00:00,0.0
2010-10-22 00:00:00,5.760000228881836
2010-10-23 00:00:00,68.54999542236328
2010-10-24 00:00:00,0.0
2010-10-25 00:00:00,0.0
2010-10-26 00:00:00,0.2749999761581421
2010-10-27 00:00:00,0.0
2010-10-28 00:00:00,0.0
2010-10-29 00:00:00,0.0
2010-10-30 00:00:00,15.905000686645508
2010-10-31 00:00:00,7.640000343322754
2010-11-01 00:00:00,0.32999998331069946
2010-11-02 00:00:00,0.0
2010-11-03 00:00:00,0.0
2010-11-04 00:00:00,0.0
2010-11-05 00:00:00,0.5249999761581421
2010-11-06 00:00:00,0.5199999809265137
2010-11-07 00:00:00,0.0
2010-11-08 00:00:00,0.0
2010-11-09 00:00:00,1.7000000476837158
2010-11-10 00:00:00,11.699999809265137
2010-11-11 00:00:00,0.0
2010-11-12 00:00:00,0.0
2010-11-13 00:00:00,0.0
2010-11-14 00:00:00,0.0
2010-11-15 00:00:00,46.63999938964844
2010-11-16 00:00:00,4.184999942779541
2010-11-17 00:00:00,0.0
2010-11-18 00:00:00,0.0
2010-11-19 00:00:00,0.0
2010-11-20 00:00:00,0.0
2010-11-21 00:00:00,0.5849999785423279
2010-11-22 00:00:00,18.25
2010-11-23 00:00:00,39.33499526977539
2010-11-24 00:00:00,5.534999847412109
2010-11-25 00:00:00,0.0
2010-11-26 00:00:00,0.0
2010-11-27 00:00:00,0.0
2010-11-28 00:00:00,0.0
2010-11-29 00:00:00,19.360000610351562
2010-11-30 00:00:00,1.3899999856948853
2010-12-01 00:00:00,0.0
2010-12-02 00:00:00,0.0
2010-12-03 00:00:00,0.0
2010-12-04 00:00:00,0.0
2010-12-05 00:00:00,0.0
2010-12-06 00:00:00,0.0
2010-12-07 00:00:00,0.0949999988079071
2010-12-08 00:00:00,0.0
2010-12-09 00:00:00,0.0
2010-12-10 00:00:00,0.0
2010-12-11 00:00:00,0.2149999737739563
2010-12-12 00:00:00,0.11999998986721039
2010-12-13 00:00:00,159.08502197265625
2010-12-14 00:00:00,0.06499999761581421
2010-12-15 00:00:00,0.0
2010-12-16 00:00:00,0.0
2010-12-17 00:00:00,0.0
2010-12-18 00:00:00,0.0
2010-12-19 00:00:00,3.1649999618530273
2010-12-20 00:00:00,17.239999771118164
2010-12-21 00:00:00,20.28999900817871
2010-12-22 00:00:00,1.9049997329711914
2010-12-23 00:00:00,0.5749999284744263
2010-12-24 00:00:00,0.7799999713897705
2010-12-25 00:00:00,23.334999084472656
2010-12-26 00:00:00,33.36000061035156
2010-12-27 00:00:00,0.8700000047683716
2010-12-28 00:00:00,3.369999885559082
2010-12-29 00:00:00,37.63999557495117
2010-12-30 00:00:00,0.8649998903274536
2010-12-31 00:00:00,9.84999942779541
2011-01-01 00:00:00,26.69499969482422
2011-01-02 00:00:00,5.159999847412109
2011-01-03 00:00:00,3.309999942779541
2011-01-04 00:00:00,10.710000038146973
2011-01-05 00:00:00,0.019999999552965164
2011-01-06 00:00:00,269.114990234375
2011-01-07 00:00:00,1.4350000619888306
2011-01-08 00:00:00,0.0
2011-01-09 00:00:00,0.0
2011-01-10 00:00:00,0.1599999964237213
2011-01-11 00:00:00,8.88499927520752
2011-01-12 00:00:00,4.014999866485596
2011-01-13 00:00:00,83.44499969482422
2011-01-14 00:00:00,0.0
2011-01-15 00:00:00,28.475000381469727
2011-01-16 00:00:00,0.0
2011-01-17 00:00:00,2.430000066757202
2011-01-18 00:00:00,95.47499084472656
2011-01-19 00:00:00,0.0
2011-01-20 00:00:00,0.23499999940395355
2011-01-21 00:00:00,30.01999855041504
2011-01-22 00:00:00,0.5550000071525574
2011-01-23 00:00:00,33.624996185302734
2011-01-24 00:00:00,2.0249998569488525
2011-01-25 00:00:00,0.0
2011-01-26 00:00:00,0.5849999785423279
2011-01-27 00:00:00,0.44999998807907104
2011-01-28 00:00:00,5.050000190734863
2011-01-29 00:00:00,0.07000000029802322
2011-01-30 00:00:00,1.7949998378753662
2011-01-31 00:00:00,5.559999465942383
2011-02-01 00:00:00,0.8500000238418579
2011-02-02 00:00:00,1.625
2011-02-03 00:00:00,6.085000038146973
2011-02-04 00:00:00,13.664999008178711
2011-02-05 00:00:00,27.234996795654297
2011-02-06 00:00:00,17.209997177124023
2011-02-07 00:00:00,0.2849999964237213
2011-02-08 00:00:00,0.5299999713897705
2011-02-09 00:00:00,13.894998550415039
2011-02-10 00:00:00,9.304999351501465
2011-02-11 00:00:00,10.5
2011-02-12 00:00:00,36.219993591308594
2011-02-13 00:00:00,0.9749999642372131
2011-02-14 00:00:00,26.12499237060547
2011-02-15 00:00:00,0.8799999952316284
2011-02-16 00:00:00,0.14499999582767487
2011-02-17 00:00:00,0.4150000214576721
2011-02-18 00:00:00,101.9849853515625
2011-02-19 00:00:00,115.77499389648438
2011-02-20 00:00:00,0.5399999618530273
2011-02-21 00:00:00,2.294999837875366
2011-02-22 00:00:00,0.0
2011-02-23 00:00:00,0.0
2011-02-24 00:00:00,2.5099997520446777
2011-02-25 00:00:00,1.1349999904632568
2011-02-26 00:00:00,4.375
2011-02-27 00:00:00,0.03999999910593033
2011-02-28 00:00:00,0.0
2011-03-01 00:00:00,0.0
2011-03-02 00:00:00,0.0
2011-03-03 00:00:00,0.0
2011-03-04 00:00:00,3.1600003242492676
2011-03-05 00:00:00,0.17499999701976776
2011-03-06 00:00:00,0.0
2011-03-07 00:00:00,0.0
2011-03-08 00:00:00,3.1649999618530273
2011-03-09 00:00:00,0.0
2011-03-10 00:00:00,45.53999710083008
2011-03-11 00:00:00,5.150000095367432
2011-03-12 00:00:00,0.0
2011-03-13 00:00:00,3.424999952316284
2011-03-14 00:00:00,15.269998550415039
2011-03-15 00:00:00,0.0
2011-03-16 00:00:00,0.0
2011-03-17 00:00:00,0.38499999046325684
2011-03-18 00:00:00,26.025001525878906
2011-03-19 00:00:00,12.930000305175781
2011-03-20 00:00:00,0.0
2011-03-21 00:00:00,0.0
2011-03-22 00:00:00,1.1050000190734863
2011-03-23 00:00:00,0.0
2011-03-24 00:00:00,0.0
2011-03-25 00:00:00,0.0
2011-03-26 00:00:00,0.02499999850988388
2011-03-27 00:00:00,103.91499328613281
2011-03-28 00:00:00,3.804999828338623
2011-03-29 00:00:00,11.225001335144043
2011-03-30 00:00:00,0.0
2011-03-31 00:00:00,0.0
2011-04-01 00:00:00,22.94499969482422
2011-04-02 00:00:00,5.510000228881836
2011-04-03 00:00:00,6.875
2011-04-04 00:00:00,19.73499870300293
2011-04-05 00:00:00,0.0
2011-04-06 00:00:00,0.0
2011-04-07 00:00:00,0.0
2011-04-08 00:00:00,3.809999942779541
2011-04-09 00:00:00,0.0
2011-04-10 00:00:00,0.0
2011-04-11 00:00:00,0.0
2011-04-12 00:00:00,2.3949999809265137
2011-04-13 00:00:00,0.0
2011-04-14 00:00:00,0.0
2011-04-15 00:00:00,0.0
2011-04-16 00:00:00,6.315000057220459
2011-04-17 00:00:00,0.0
2011-04-18 00:00:00,0.0
2011-04-19 00:00:00,0.0
2011-04-20 00:00:00,0.0
2011-04-21 00:00:00,0.0
2011-04-22 00:00:00,0.0
2011-04-23 00:00:00,0.0
2011-04-24 00:00:00,18.614999771118164
2011-04-25 00:00:00,0.0
2011-04-26 00:00:00,0.0
2011-04-27 00:00:00,0.0
2011-04-28 00:00:00,0.0
2011-04-29 00:00:00,6.369999885559082
2011-04-30 00:00:00,0.0
2011-05-01 00:00:00,0.06499999761581421
2011-05-02 00:00:00,0.0
2011-05-03 00:00:00,0.0
2011-05-04 00:00:00,9.369999885559082
2011-05-05 00:00:00,0.0
2011-05-06 00:00:00,0.0
2011-05-07 00:00:00,0.0
2011-05-08 00:00:00,0.0
2011-05-09 00:00:00,0.0
2011-05-10 00:00:00,0.39499998092651367
2011-05-11 00:00:00,0.6449999809265137
2011-05-12 00:00:00,27.454999923706055
2011-05-13 00:00:00,0.0
2011-05-14 00:00:00,0.0
2011-05-15 00:00:00,0.0
2011-05-16 00:00:00,0.0
2011-05-17 00:00:00,0.0
2011-05-18 00:00:00,0.0
2011-05-19 00:00:00,0.0
2011-05-20 00:00:00,0.0
2011-05-21 00:00:00,0.0
2011-05-22 00:00:00,0.0
2011-05-23 00:00:00,3.755000114440918
2011-05-24 00:00:00,0.0
2011-05-25 00:00:00,0.6299999952316284
2011-05-26 00:00:00,18.034997940063477
2011-05-27 00:00:00,0.0
2011-05-28 00:00:00,0.0
2011-05-29 00:00:00,0.0
2011-05-30 00:00:00,0.0
2011-05-31 00:00:00,0.0
2011-06-01 00:00:00,0.0
2011-06-02 00:00:00,0.0
2011-06-03 00:00:00,0.0
2011-06-04 00:00:00,0.0
2011-06-05 00:00:00,1.9700000286102295
2011-06-06 00:00:00,0.0
2011-06-07 00:00:00,0.0
2011-06-08 00:00:00,0.0
2011-06-09 00:00:00,28.48999786376953
2011-06-10 00:00:00,27.674999237060547
2011-06-11 00:00:00,0.0
2011-06-12 00:00:00,0.0
2011-06-13 00:00:00,0.0
2011-06-14 00:00:00,0.0
2011-06-15 00:00:00,0.0
2011-06-16 00:00:00,0.0
2011-06-17 00:00:00,0.0
2011-06-18 00:00:00,4.59499979019165
2011-06-19 00:00:00,0.0
2011-06-20 00:00:00,0.0
2011-06-21 00:00:00,0.0
2011-06-22 00:00:00,0.0
2011-06-23 00:00:00,0.0
2011-06-24 00:00:00,0.0
2011-06-25 00:00:00,0.0
2011-06-26 00:00:00,0.0
2011-06-27 00:00:00,0.0
2011-06-28 00:00:00,0.0
2011-06-29 00:00:00,16.2450008392334
2011-06-30 00:00:00,15.544999122619629
2011-07-01 00:00:00,8.029999732971191
2011-07-02 00:00:00,1.9499999284744263
2011-07-03 00:00:00,0.029999999329447746
2011-07-04 00:00:00,0.0
2011-07-05 00:00:00,0.35999998450279236
2011-07-06 00:00:00,0.0
2011-07-07 00:00:00,2.8249998092651367
2011-07-08 00:00:00,0.0
2011-07-09 00:00:00,0.0
2011-07-10 00:00:00,0.0
2011-07-11 00:00:00,0.0
2011-07-12 00:00:00,0.0
2011-07-13 00:00:00,0.0
2011-07-14 00:00:00,1.0299999713897705
2011-07-15 00:00:00,0.0
2011-07-16 00:00:00,0.0
2011-07-17 00:00:00,10.534998893737793
2011-07-18 00:00:00,0.2199999988079071
2011-07-19 00:00:00,0.9399999380111694
2011-07-20 00:00:00,0.0
2011-07-21 00:00:00,41.605003356933594
2011-07-22 00:00:00,0.0
2011-07-23 00:00:00,0.0
2011-07-24 00:00:00,0.0
2011-07-25 00:00:00,0.0
2011-07-26 00:00:00,0.0
2011-07-27 00:00:00,0.0
2011-07-28 00:00:00,0.0
2011-07-29 00:00:00,0.0
2011-07-30 00:00:00,0.5049999952316284
2011-07-31 00:00:00,5.909999847412109
2011-08-01 00:00:00,10.690001487731934
2011-08-02 00:00:00,2.879999876022339
2011-08-03 00:00:00,6.945000171661377
2011-08-04 00:00:00,0.0
2011-08-05 00:00:00,0.0
2011-08-06 00:00:00,0.0
2011-08-07 00:00:00,0.0
2011-08-08 00:00:00,6.75
2011-08-09 00:00:00,0.0
2011-08-10 00:00:00,0.3449999988079071
2011-08-11 00:00:00,0.0
2011-08-12 00:00:00,0.0
2011-08-13 00:00:00,0.0
2011-08-14 00:00:00,0.0
2011-08-15 00:00:00,0.0
2011-08-16 00:00:00,0.0
2011-08-17 00:00:00,0.0
2011-08-18 00:00:00,0.0
2011-08-19 00:00:00,0.0
2011-08-20 00:00:00,0.0
2011-08-21 00:00:00,0.0
2011-08-22 00:00:00,0.0
2011-08-23 00:00:00,0.0
2011-08-24 00:00:00,3.9100003242492676
2011-08-25 00:00:00,0.0
2011-08-26 00:00:00,0.0
2011-08-27 00:00:00,0.0
2011-08-28 00:00:00,0.0
2011-08-29 00:00:00,0.0
2011-08-30 00:00:00,0.0
2011-08-31 00:00:00,7.994999885559082
2011-09-01 00:00:00,0.0
2011-09-02 00:00:00,0.7999998331069946
2011-09-03 00:00:00,0.0
2011-09-04 00:00:00,0.0
2011-09-05 00:00:00,0.0
2011-09-06 00:00:00,0.0
2011-09-07 00:00:00,0.0
2011-09-08 00:00:00,30.04999542236328
2011-09-09 00:00:00,21.295000076293945
2011-09-10 00:00:00,0.11499999463558197
2011-09-11 00:00:00,0.6850000023841858
2011-09-12 00:00:00,0.0
2011-09-13 00:00:00,0.0
2011-09-14 00:00:00,0.0
2011-09-15 00:00:00,0.9899999499320984
2011-09-16 00:00:00,0.0
2011-09-17 00:00:00,0.0
2011-09-18 00:00:00,26.384998321533203
2011-09-19 00:00:00,0.06499999761581421
2011-09-20 00:00:00,0.0
2011-09-21 00:00:00,0.0
2011-09-22 00:00:00,0.0
2011-09-23 00:00:00,0.2849999964237213
2011-09-24 00:00:00,2.935000419616699
2011-09-25 00:00:00,2.9099998474121094
2011-09-26 00:00:00,0.0
2011-09-27 00:00:00,0.0
2011-09-28 00:00:00,0.0
2011-09-29 00:00:00,0.0
2011-09-30 00:00:00,0.08999999612569809
2011-10-01 00:00:00,0.11499999463558197
2011-10-02 00:00:00,44.29499816894531
2011-10-03 00:00:00,0.125
2011-10-04 00:00:00,0.0
2011-10-05 00:00:00,0.4049999713897705
2011-10-06 00:00:00,2.1399998664855957
2011-10-07 00:00:00,0.0
2011-10-08 00:00:00,0.0
2011-10-09 00:00:00,0.0
2011-10-10 00:00:00,0.20000001788139343
2011-10-11 00:00:00,28.765003204345703
2011-10-12 00:00:00,15.239997863769531
2011-10-13 00:00:00,23.274999618530273
2011-10-14 00:00:00,8.34999942779541
2011-10-15 00:00:00,1.570000171661377
2011-10-16 00:00:00,0.47999995946884155
2011-10-17 00:00:00,0.0
2011-10-18 00:00:00,0.0
2011-10-19 00:00:00,0.0
2011-10-20 00:00:00,0.0
2011-10-21 00:00:00,0.0
2011-10-22 00:00:00,0.0
2011-10-23 00:00:00,0.0
2011-10-24 00:00:00,0.0
2011-10-25 00:00:00,17.84000015258789
2011-10-26 00:00:00,0.004999999888241291
2011-10-27 00:00:00,0.029999997466802597
2011-10-28 00:00:00,0.0
2011-10-29 00:00:00,0.0
2011-10-30 00:00:00,36.084999084472656
2011-10-31 00:00:00,2.989999771118164
2011-11-01 00:00:00,0.0
2011-11-02 00:00:00,0.0
2011-11-03 00:00:00,0.0
2011-11-04 00:00:00,0.0
2011-11-05 00:00:00,7.480000019073486
2011-11-06 00:00:00,5.349999904632568
2011-11-07 00:00:00,0.0
2011-11-08 00:00:00,0.0
2011-11-09 00:00:00,0.0
2011-11-10 00:00:00,1.2699999809265137
2011-11-11 00:00:00,14.079999923706055
2011-11-12 00:00:00,0.5399999618530273
2011-11-13 00:00:00,0.0
2011-11-14 00:00:00,0.699999988079071
2011-11-15 00:00:00,2.0299999713897705
2011-11-16 00:00:00,0.08500000089406967
2011-11-17 00:00:00,1.5499999523162842
2011-11-18 00:00:00,0.054999999701976776
2011-11-19 00:00:00,4.679999828338623
2011-11-20 00:00:00,10.039999008178711
2011-11-21 00:00:00,0.0
2011-11-22 00:00:00,107.98500061035156
2011-11-23 00:00:00,0.14999999105930328
2011-11-24 00:00:00,0.0
2011-11-25 00:00:00,1.3700000047683716
2011-11-26 00:00:00,26.154998779296875
2011-11-27 00:00:00,26.200000762939453
2011-11-28 00:00:00,0.0
2011-11-29 00:00:00,3.7899999618530273
2011-11-30 00:00:00,0.0
2011-12-01 00:00:00,16.39499855041504
2011-12-02 00:00:00,0.0
2011-12-03 00:00:00,0.0
2011-12-04 00:00:00,0.6850000023841858
2011-12-05 00:00:00,18.104997634887695
2011-12-06 00:00:00,1.8700001239776611
2011-12-07 00:00:00,6.809999942779541
2011-12-08 00:00:00,7.295000076293945
2011-12-09 00:00:00,49.55999755859375
2011-12-10 00:00:00,0.19499999284744263
2011-12-11 00:00:00,0.0
2011-12-12 00:00:00,0.4949999749660492
2011-12-13 00:00:00,10.119999885559082
2011-12-14 00:00:00,0.4099999666213989
2011-12-15 00:00:00,0.0
2011-12-16 00:00:00,0.0
2011-12-17 00:00:00,0.3199999928474426
2011-12-18 00:00:00,0.4650000035762787
2011-12-19 00:00:00,0.0
2011-12-20 00:00:00,0.4899999797344208
2011-12-21 00:00:00,1.8550000190734863
2011-12-22 00:00:00,0.0
2011-12-23 00:00:00,0.0
2011-12-24 00:00:00,7.994999885559082
2011-12-25 00:00:00,9.394999504089355
2011-12-26 00:00:00,0.0
2011-12-27 00:00:00,0.6599999666213989
2011-12-28 00:00:00,0.3149999976158142
2011-12-29 00:00:00,53.68498992919922
2011-12-30 00:00:00,11.690000534057617
2011-12-31 00:00:00,71.7800064086914
2012-01-01 00:00:00,9.984999656677246
2012-01-02 00:00:00,2.3399996757507324
2012-01-03 00:00:00,2.2049999237060547
2012-01-04 00:00:00,0.0
2012-01-05 00:00:00,0.0
2012-01-06 00:00:00,14.714999198913574
2012-01-07 00:00:00,9.60999870300293
2012-01-08 00:00:00,0.6850000023841858
2012-01-09 00:00:00,0.17000000178813934
2012-01-10 00:00:00,3.739999294281006
2012-01-11 00:00:00,43.98500061035156
2012-01-12 00:00:00,58.12000274658203
2012-01-13 00:00:00,0.22999998927116394
2012-01-14 00:00:00,0.0
2012-01-15 00:00:00,0.0
2012-01-16 00:00:00,0.9800000190734863
2012-01-17 00:00:00,0.0
2012-01-18 00:00:00,10.739999771118164
2012-01-19 00:00:00,2.0850000381469727
2012-01-20 00:00:00,0.0
2012-01-21 00:00:00,11.459999084472656
2012-01-22 00:00:00,1.5699996948242188
2012-01-23 00:00:00,3.8849997520446777
2012-01-24 00:00:00,3.4149999618530273
2012-01-25 00:00:00,115.47000122070312
2012-01-26 00:00:00,1.1799999475479126
2012-01-27 00:00:00,0.0
2012-01-28 00:00:00,10.480001449584961
2012-01-29 00:00:00,1.1749999523162842
2012-01-30 00:00:00,0.0
2012-01-31 00:00:00,0.0
2012-02-01 00:00:00,8.299999237060547
2012-02-02 00:00:00,23.124998092651367
2012-02-03 00:00:00,0.14999999105930328
2012-02-04 00:00:00,13.985000610351562
2012-02-05 00:00:00,0.0
2012-02-06 00:00:00,0.0
2012-02-07 00:00:00,0.0
2012-02-08 00:00:00,0.0
2012-02-09 00:00:00,1.4049999713897705
2012-02-10 00:00:00,25.78999900817871
2012-02-11 00:00:00,0.0
2012-02-12 00:00:00,4.335000038146973
2012-02-13 00:00:00,5.909999370574951
2012-02-14 00:00:00,8.170000076293945
2012-02-15 00:00:00,37.355003356933594
2012-02-16 00:00:00,9.024999618530273
2012-02-17 00:00:00,12.630000114440918
2012-02-18 00:00:00,1.429999828338623
2012-02-19 00:00:00,0.034999996423721313
2012-02-20 00:00:00,3.2299997806549072
2012-02-21 00:00:00,12.32499885559082
2012-02-22 00:00:00,28.134998321533203
2012-02-23 00:00:00,1.9149999618530273
2012-02-24 00:00:00,14.130000114440918
2012-02-25 00:00:00,12.754999160766602
2012-02-26 00:00:00,104.25
2012-02-27 00:00:00,62.60499572753906
2012-02-28 00:00:00,4.904999732971191
2012-02-29 00:00:00,0.0
2012-03-01 00:00:00,5.074999809265137
2012-03-02 00:00:00,70.3800048828125
2012-03-03 00:00:00,0.32499998807907104
2012-03-04 00:00:00,16.589998245239258
2012-03-05 00:00:00,0.0
2012-03-06 00:00:00,1.4849998950958252
2012-03-07 00:00:00,2.0199999809265137
2012-03-08 00:00:00,8.140000343322754
2012-03-09 00:00:00,0.25
2012-03-10 00:00:00,0.0
2012-03-11 00:00:00,4.744999885559082
2012-03-12 00:00:00,0.4399999976158142
2012-03-13 00:00:00,1.619999885559082
2012-03-14 00:00:00,54.86000061035156
2012-03-15 00:00:00,0.5799999833106995
2012-03-16 00:00:00,0.0
2012-03-17 00:00:00,0.0
2012-03-18 00:00:00,0.0
2012-03-19 00:00:00,1.3849999904632568
2012-03-20 00:00:00,0.0
2012-03-21 00:00:00,0.0
2012-03-22 00:00:00,0.07000000029802322
2012-03-23 00:00:00,147.88999938964844
2012-03-24 00:00:00,0.0
2012-03-25 00:00:00,0.0
2012-03-26 00:00:00,0.0
2012-03-27 00:00:00,19.80500030517578
2012-03-28 00:00:00,0.304999977350235
2012-03-29 00:00:00,0.0
2012-03-30 00:00:00,0.0
2012-03-31 00:00:00,0.5849999785423279
2012-04-01 00:00:00,0.059999994933605194
2012-04-02 00:00:00,15.200000762939453
2012-04-03 00:00:00,1.0649999380111694
2012-04-04 00:00:00,0.7450000047683716
2012-04-05 00:00:00,0.0
2012-04-06 00:00:00,0.1550000011920929
2012-04-07 00:00:00,7.294999122619629
2012-04-08 00:00:00,0.0
2012-04-09 00:00:00,0.0
2012-04-10 00:00:00,13.374999046325684
2012-04-11 00:00:00,0.004999999888241291
2012-04-12 00:00:00,0.47999998927116394
2012-04-13 00:00:00,0.0
2012-04-14 00:00:00,0.0
2012-04-15 00:00:00,30.349998474121094
2012-04-16 00:00:00,0.14999999105930328
2012-04-17 00:00:00,0.0
2012-04-18 00:00:00,0.0
2012-04-19 00:00:00,0.0
2012-04-20 00:00:00,0.0
2012-04-21 00:00:00,4.62999963760376
2012-04-22 00:00:00,0.0
2012-04-23 00:00:00,0.0
2012-04-24 00:00:00,0.0
2012-04-25 00:00:00,0.8450000286102295
2012-04-26 00:00:00,8.790000915527344
2012-04-27 00:00:00,145.55499267578125
2012-04-28 00:00:00,0.60999995470047
2012-04-29 00:00:00,21.31499481201172
2012-04-30 00:00:00,0.19999998807907104
2012-05-01 00:00:00,0.0
2012-05-02 00:00:00,0.0
2012-05-03 00:00:00,0.0
2012-05-04 00:00:00,0.0
2012-05-05 00:00:00,0.0
2012-05-06 00:00:00,0.0
2012-05-07 00:00:00,0.0
2012-05-08 00:00:00,0.0
2012-05-09 00:00:00,0.0
2012-05-10 00:00:00,0.0
2012-05-11 00:00:00,0.0
2012-05-12 00:00:00,24.514999389648438
2012-05-13 00:00:00,100.44999694824219
2012-05-14 00:00:00,15.690000534057617
2012-05-15 00:00:00,0.0
2012-05-16 00:00:00,0.0
2012-05-17 00:00:00,0.0
2012-05-18 00:00:00,0.6050000190734863
2012-05-19 00:00:00,31.654998779296875
2012-05-20 00:00:00,0.0
2012-05-21 00:00:00,0.0
2012-05-22 00:00:00,0.0
2012-05-23 00:00:00,4.079999923706055
2012-05-24 00:00:00,17.92500114440918
2012-05-25 00:00:00,0.0
2012-05-26 00:00:00,1.149999976158142
2012-05-27 00:00:00,0.0
2012-05-28 00:00:00,0.0
2012-05-29 00:00:00,0.0
2012-05-30 00:00:00,0.0
2012-05-31 00:00:00,1.1649999618530273
2012-06-01 00:00:00,0.0
2012-06-02 00:00:00,0.0
2012-06-03 00:00:00,0.0
2012-06-04 00:00:00,1.8799998760223389
2012-06-05 00:00:00,86.15499114990234
2012-06-06 00:00:00,12.524999618530273
2012-06-07 00:00:00,1.0749999284744263
2012-06-08 00:00:00,0.9150000214576721
2012-06-09 00:00:00,0.0
2012-06-10 00:00:00,0.0
2012-06-11 00:00:00,0.0
2012-06-12 00:00:00,0.0
2012-06-13 00:00:00,0.0
2012-06-14 00:00:00,0.0
2012-06-15 00:00:00,0.0
2012-06-16 00:00:00,0.0
2012-06-17 00:00:00,0.5999999642372131
2012-06-18 00:00:00,0.7549999952316284
2012-06-19 00:00:00,2.6549997329711914
2012-06-20 00:00:00,72.41500091552734
2012-06-21 00:00:00,3.260000228881836
2012-06-22 00:00:00,32.1300048828125
2012-06-23 00:00:00,0.9399999976158142
2012-06-24 00:00:00,0.0
2012-06-25 00:00:00,0.0
2012-06-26 00:00:00,0.0
2012-06-27 00:00:00,0.0
2012-06-28 00:00:00,0.0
2012-06-29 00:00:00,0.0
2012-06-30 00:00:00,0.0
2012-07-01 00:00:00,0.0
2012-07-02 00:00:00,0.0
2012-07-03 00:00:00,0.0
2012-07-04 00:00:00,0.0
2012-07-05 00:00:00,2.3450000286102295
2012-07-06 00:00:00,22.94500160217285
2012-07-07 00:00:00,9.859999656677246
2012-07-08 00:00:00,0.0
2012-07-09 00:00:00,0.0
2012-07-10 00:00:00,0.0
2012-07-11 00:00:00,0.0
2012-07-12 00:00:00,0.0
2012-07-13 00:00:00,0.0
2012-07-14 00:00:00,0.0
2012-07-15 00:00:00,0.0
2012-07-16 00:00:00,0.0
2012-07-17 00:00:00,0.0
2012-07-18 00:00:00,0.0
2012-07-19 00:00:00,0.0
2012-07-20 00:00:00,0.0
2012-07-21 00:00:00,0.0
2012-07-22 00:00:00,0.0
2012-07-23 00:00:00,0.0
2012-07-24 00:00:00,0.0
2012-07-25 00:00:00,0.0
2012-07-26 00:00:00,0.0
2012-07-27 00:00:00,5.635000705718994
2012-07-28 00:00:00,0.044999998062849045
2012-07-29 00:00:00,0.004999999888241291
2012-07-30 00:00:00,0.6049999594688416
2012-07-31 00:00:00,0.0
2012-08-01 00:00:00,0.0
2012-08-02 00:00:00,0.0
2012-08-03 00:00:00,0.0
2012-08-04 00:00:00,0.0
2012-08-05 00:00:00,0.0
2012-08-06 00:00:00,0.0
2012-08-07 00:00:00,0.0
2012-08-08 00:00:00,0.0
2012-08-09 00:00:00,0.0
2012-08-10 00:00:00,0.0
2012-08-11 00:00:00,0.0
2012-08-12 00:00:00,0.0
2012-08-13 00:00:00,0.0
2012-08-14 00:00:00,0.0
2012-08-15 00:00:00,0.0
2012-08-16 00:00:00,0.0
2012-08-17 00:00:00,4.90500020980835
2012-08-18 00:00:00,0.014999999664723873
2012-08-19 00:00:00,41.35500717163086
2012-08-20 00:00:00,0.4899999797344208
2012-08-21 00:00:00,0.0
2012-08-22 00:00:00,1.2950000762939453
2012-08-23 00:00:00,0.0
2012-08-24 00:00:00,0.44999998807907104
2012-08-25 00:00:00,1.0850000381469727
2012-08-26 00:00:00,0.0
2012-08-27 00:00:00,0.004999999888241291
2012-08-28 00:00:00,0.0
2012-08-29 00:00:00,0.0
2012-08-30 00:00:00,0.0
2012-08-31 00:00:00,0.0
2012-09-01 00:00:00,0.0
2012-09-02 00:00:00,0.0
2012-09-03 00:00:00,0.0
2012-09-04 00:00:00,0.0
2012-09-05 00:00:00,0.0
2012-09-06 00:00:00,0.0
2012-09-07 00:00:00,0.0
2012-09-08 00:00:00,0.0
2012-09-09 00:00:00,0.0
2012-09-10 00:00:00,0.03500000014901161
2012-09-11 00:00:00,0.0
2012-09-12 00:00:00,0.0
2012-09-13 00:00:00,0.0
2012-09-14 00:00:00,0.0
2012-09-15 00:00:00,0.0
2012-09-16 00:00:00,0.0
2012-09-17 00:00:00,0.0
2012-09-18 00:00:00,0.0
2012-09-19 00:00:00,0.029999999329447746
2012-09-20 00:00:00,0.13499999046325684
2012-09-21 00:00:00,2.31499981880188
2012-09-22 00:00:00,0.3050000071525574
2012-09-23 00:00:00,0.0
2012-09-24 00:00:00,1.2100000381469727
2012-09-25 00:00:00,11.045000076293945
2012-09-26 00:00:00,0.8200000524520874
2012-09-27 00:00:00,0.0
2012-09-28 00:00:00,0.5550000071525574
2012-09-29 00:00:00,0.0
2012-09-30 00:00:00,0.0
2012-10-01 00:00:00,0.0
2012-10-02 00:00:00,17.625
2012-10-03 00:00:00,8.4350004196167
2012-10-04 00:00:00,17.59999656677246
2012-10-05 00:00:00,0.0
2012-10-06 00:00:00,1.25
2012-10-07 00:00:00,0.0
2012-10-08 00:00:00,2.2400002479553223
2012-10-09 00:00:00,0.0
2012-10-10 00:00:00,4.059999942779541
2012-10-11 00:00:00,5.109999656677246
2012-10-12 00:00:00,1.7999999523162842
2012-10-13 00:00:00,0.0
2012-10-14 00:00:00,0.0
2012-10-15 00:00:00,0.0
2012-10-16 00:00:00,0.0
2012-10-17 00:00:00,60.06499481201172
2012-10-18 00:00:00,0.0
2012-10-19 00:00:00,0.0
2012-10-20 00:00:00,0.0
2012-10-21 00:00:00,0.0
2012-10-22 00:00:00,0.0
2012-10-23 00:00:00,7.734999656677246
2012-10-24 00:00:00,4.724999904632568
2012-10-25 00:00:00,0.0
2012-10-26 00:00:00,0.0
2012-10-27 00:00:00,0.07999999821186066
2012-10-28 00:00:00,0.0
2012-10-29 00:00:00,0.0
2012-10-30 00:00:00,0.0
2012-10-31 00:00:00,16.2450008392334
2012-11-01 00:00:00,5.260000228881836
2012-11-02 00:00:00,7.539999008178711
2012-11-03 00:00:00,11.964999198913574
2012-11-04 00:00:00,0.0
2012-11-05 00:00:00,0.0
2012-11-06 00:00:00,60.36500549316406
2012-11-07 00:00:00,7.774999618530273
2012-11-08 00:00:00,0.0
2012-11-09 00:00:00,0.0
2012-11-10 00:00:00,0.7400000095367432
2012-11-11 00:00:00,0.2800000011920929
2012-11-12 00:00:00,0.0
2012-11-13 00:00:00,0.0
2012-11-14 00:00:00,0.0
2012-11-15 00:00:00,6.859999656677246
2012-11-16 00:00:00,0.0
2012-11-17 00:00:00,16.53999900817871
2012-11-18 00:00:00,4.369999885559082
2012-11-19 00:00:00,0.26499998569488525
2012-11-20 00:00:00,4.849999904632568
2012-11-21 00:00:00,0.6299999952316284
2012-11-22 00:00:00,1.8149996995925903
2012-11-23 00:00:00,46.01499938964844
2012-11-24 00:00:00,110.08998107910156
2012-11-25 00:00:00,1.3600000143051147
2012-11-26 00:00:00,0.03999999910593033
2012-11-27 00:00:00,0.0
2012-11-28 00:00:00,0.0
2012-11-29 00:00:00,0.0
2012-11-30 00:00:00,0.0
2012-12-01 00:00:00,0.004999999888241291
2012-12-02 00:00:00,0.11999998986721039
2012-12-03 00:00:00,8.584999084472656
2012-12-04 00:00:00,1.5800001621246338
2012-12-05 00:00:00,0.2199999988079071
2012-12-06 00:00:00,0.0
2012-12-07 00:00:00,0.0
2012-12-08 00:00:00,8.039999961853027
2012-12-09 00:00:00,0.11999999731779099
2012-12-10 00:00:00,0.0
2012-12-11 00:00:00,0.0
2012-12-12 00:00:00,0.5999999642372131
2012-12-13 00:00:00,3.7799997329711914
2012-12-14 00:00:00,7.489999771118164
2012-12-15 00:00:00,0.0
2012-12-16 00:00:00,104.07002258300781
2012-12-17 00:00:00,1.159999966621399
2012-12-18 00:00:00,0.11500000208616257
2012-12-19 00:00:00,0.6000000238418579
2012-12-20 00:00:00,0.0
2012-12-21 00:00:00,30.2450008392334
2012-12-22 00:00:00,2.2049999237060547
2012-12-23 00:00:00,0.0
2012-12-24 00:00:00,0.0
2012-12-25 00:00:00,2.68999981880188
2012-12-26 00:00:00,16.969999313354492
2012-12-27 00:00:00,113.53999328613281
2012-12-28 00:00:00,20.91499900817871
2012-12-29 00:00:00,25.55999755859375
2012-12-30 00:00:00,4.509999752044678
2012-12-31 00:00:00,1.2350000143051147
2013-01-01 00:00:00,12.539999008178711
2013-01-02 00:00:00,63.31999206542969
2013-01-03 00:00:00,0.0
2013-01-04 00:00:00,0.0
2013-01-05 00:00:00,0.0
2013-01-06 00:00:00,0.0
2013-01-07 00:00:00,0.0
2013-01-08 00:00:00,0.0
2013-01-09 00:00:00,0.36500000953674316
2013-01-10 00:00:00,11.604999542236328
2013-01-11 00:00:00,0.0
2013-01-12 00:00:00,35.43999481201172
2013-01-13 00:00:00,0.0
2013-01-14 00:00:00,0.19999998807907104
2013-01-15 00:00:00,7.360000133514404
2013-01-16 00:00:00,0.7949999570846558
2013-01-17 00:00:00,0.10500000417232513
2013-01-18 00:00:00,24.31999969482422
2013-01-19 00:00:00,37.55500030517578
2013-01-20 00:00:00,29.085002899169922
2013-01-21 00:00:00,8.475000381469727
2013-01-22 00:00:00,0.0
2013-01-23 00:00:00,2.6399998664855957
2013-01-24 00:00:00,0.0
2013-01-25 00:00:00,0.0
2013-01-26 00:00:00,45.67499923706055
2013-01-27 00:00:00,0.550000011920929
2013-01-28 00:00:00,0.0
2013-01-29 00:00:00,0.0
2013-01-30 00:00:00,0.0
2013-01-31 00:00:00,0.0
2013-02-01 00:00:00,0.0
2013-02-02 00:00:00,0.0
2013-02-03 00:00:00,131.86001586914062
2013-02-04 00:00:00,3.2300000190734863
2013-02-05 00:00:00,0.05999999865889549
2013-02-06 00:00:00,9.225000381469727
2013-02-07 00:00:00,0.054999999701976776
2013-02-08 00:00:00,0.0
2013-02-09 00:00:00,1.809999942779541
2013-02-10 00:00:00,35.89499282836914
2013-02-11 00:00:00,57.03999328613281
2013-02-12 00:00:00,21.509998321533203
2013-02-13 00:00:00,0.38499999046325684
2013-02-14 00:00:00,7.249999523162842
2013-02-15 00:00:00,2.799999952316284
2013-02-16 00:00:00,0.0
2013-02-17 00:00:00,0.0
2013-02-18 00:00:00,6.829998970031738
2013-02-19 00:00:00,9.15999984741211
2013-02-20 00:00:00,2.0249998569488525
2013-02-21 00:00:00,0.0
2013-02-22 00:00:00,2.1499998569488525
2013-02-23 00:00:00,0.0
2013-02-24 00:00:00,0.0
2013-02-25 00:00:00,28.639999389648438
2013-02-26 00:00:00,50.159996032714844
2013-02-27 00:00:00,0.0
2013-02-28 00:00:00,0.0
2013-03-01 00:00:00,0.0
2013-03-02 00:00:00,0.044999998062849045
2013-03-03 00:00:00,0.0
2013-03-04 00:00:00,5.894999980926514
2013-03-05 00:00:00,0.5199999809265137
2013-03-06 00:00:00,0.0
2013-03-07 00:00:00,0.0
2013-03-08 00:00:00,19.084999084472656
2013-03-09 00:00:00,0.0
2013-03-10 00:00:00,0.0
2013-03-11 00:00:00,24.48999786376953
2013-03-12 00:00:00,0.0
2013-03-13 00:00:00,13.694999694824219
2013-03-14 00:00:00,55.0
2013-03-15 00:00:00,19.9950008392334
2013-03-16 00:00:00,1.1299999952316284
2013-03-17 00:00:00,0.45499998331069946
2013-03-18 00:00:00,0.0
2013-03-19 00:00:00,0.0
2013-03-20 00:00:00,0.0
2013-03-21 00:00:00,0.0
2013-03-22 00:00:00,0.0
2013-03-23 00:00:00,14.915000915527344
2013-03-24 00:00:00,66.58000183105469
2013-03-25 00:00:00,20.229997634887695
2013-03-26 00:00:00,14.044999122619629
2013-03-27 00:00:00,0.0
2013-03-28 00:00:00,0.0
2013-03-29 00:00:00,0.0
2013-03-30 00:00:00,0.0
2013-03-31 00:00:00,0.0
2013-04-01 00:00:00,0.0
2013-04-02 00:00:00,0.0
2013-04-03 00:00:00,33.42000198364258
2013-04-04 00:00:00,30.859996795654297
2013-04-05 00:00:00,2.0099997520446777
2013-04-06 00:00:00,0.0
2013-04-07 00:00:00,32.064998626708984
2013-04-08 00:00:00,10.444998741149902
2013-04-09 00:00:00,0.0949999988079071
2013-04-10 00:00:00,0.0
2013-04-11 00:00:00,3.7100000381469727
2013-04-12 00:00:00,6.75499963760376
2013-04-13 00:00:00,160.0649871826172
2013-04-14 00:00:00,0.0
2013-04-15 00:00:00,0.0
2013-04-16 00:00:00,0.0
2013-04-17 00:00:00,0.0
2013-04-18 00:00:00,0.0
2013-04-19 00:00:00,0.0
2013-04-20 00:00:00,0.0
2013-04-21 00:00:00,0.0
2013-04-22 00:00:00,0.0
2013-04-23 00:00:00,0.0
2013-04-24 00:00:00,0.0
2013-04-25 00:00:00,0.0
2013-04-26 00:00:00,0.0
2013-04-27 00:00:00,0.0
2013-04-28 00:00:00,0.0
2013-04-29 00:00:00,0.0
2013-04-30 00:00:00,0.0
2013-05-01 00:00:00,0.0
2013-05-02 00:00:00,0.0
2013-05-03 00:00:00,0.0
2013-05-04 00:00:00,6.59999942779541
2013-05-05 00:00:00,1.125
2013-05-06 00:00:00,0.0
2013-05-07 00:00:00,0.0
2013-05-08 00:00:00,0.0
2013-05-09 00:00:00,0.0
2013-05-10 00:00:00,0.0
2013-05-11 00:00:00,0.0
2013-05-12 00:00:00,0.054999999701976776
2013-05-13 00:00:00,0.0
2013-05-14 00:00:00,0.0
2013-05-15 00:00:00,0.0
2013-05-16 00:00:00,38.619998931884766
2013-05-17 00:00:00,14.9350004196167
2013-05-18 00:00:00,0.0
2013-05-19 00:00:00,0.0
2013-05-20 00:00:00,0.0
2013-05-21 00:00:00,0.0
2013-05-22 00:00:00,0.0
2013-05-23 00:00:00,0.0
2013-05-24 00:00:00,0.0
2013-05-25 00:00:00,0.0
2013-05-26 00:00:00,0.0
2013-05-27 00:00:00,0.0
2013-05-28 00:00:00,0.1599999964237213
2013-05-29 00:00:00,0.25999999046325684
2013-05-30 00:00:00,77.98999786376953
2013-05-31 00:00:00,0.0
2013-06-01 00:00:00,0.5949999690055847
2013-06-02 00:00:00,2.7899999618530273
2013-06-03 00:00:00,13.419998168945312
2013-06-04 00:00:00,0.0
2013-06-05 00:00:00,0.0
2013-06-06 00:00:00,0.2750000059604645
2013-06-07 00:00:00,0.009999999776482582
2013-06-08 00:00:00,0.8849999904632568
2013-06-09 00:00:00,0.0
2013-06-10 00:00:00,0.0
2013-06-11 00:00:00,21.14499855041504
2013-06-12 00:00:00,11.704998970031738
2013-06-13 00:00:00,0.0
2013-06-14 00:00:00,0.0
2013-06-15 00:00:00,0.0
2013-06-16 00:00:00,0.0
2013-06-17 00:00:00,1.2899999618530273
2013-06-18 00:00:00,0.0
2013-06-19 00:00:00,0.8050000667572021
2013-06-20 00:00:00,22.954999923706055
2013-06-21 00:00:00,0.0
2013-06-22 00:00:00,3.994999885559082
2013-06-23 00:00:00,0.0
2013-06-24 00:00:00,19.55499839782715
2013-06-25 00:00:00,18.41499900817871
2013-06-26 00:00:00,70.95000457763672
2013-06-27 00:00:00,0.0
2013-06-28 00:00:00,0.0
2013-06-29 00:00:00,0.0
2013-06-30 00:00:00,1.0699999332427979
2013-07-01 00:00:00,2.5349998474121094
2013-07-02 00:00:00,0.0
2013-07-03 00:00:00,0.0
2013-07-04 00:00:00,0.0
2013-07-05 00:00:00,0.0
2013-07-06 00:00:00,0.0
2013-07-07 00:00:00,0.0
2013-07-08 00:00:00,2.18999981880188
2013-07-09 00:00:00,0.0
2013-07-10 00:00:00,0.0
2013-07-11 00:00:00,0.0
2013-07-12 00:00:00,0.009999999776482582
2013-07-13 00:00:00,0.0
2013-07-14 00:00:00,0.0
2013-07-15 00:00:00,0.0
2013-07-16 00:00:00,1.934999704360962
2013-07-17 00:00:00,0.0
2013-07-18 00:00:00,0.0
2013-07-19 00:00:00,0.004999999888241291
2013-07-20 00:00:00,3.940000057220459
2013-07-21 00:00:00,32.79999923706055
2013-07-22 00:00:00,6.564999580383301
2013-07-23 00:00:00,0.5399999618530273
2013-07-24 00:00:00,0.0
2013-07-25 00:00:00,0.0
2013-07-26 00:00:00,0.0
2013-07-27 00:00:00,0.0
2013-07-28 00:00:00,0.0
2013-07-29 00:00:00,0.0
2013-07-30 00:00:00,0.0
2013-07-31 00:00:00,0.0
2013-08-01 00:00:00,0.0
2013-08-02 00:00:00,0.0
2013-08-03 00:00:00,0.0
2013-08-04 00:00:00,0.0
2013-08-05 00:00:00,0.0
2013-08-06 00:00:00,0.0
2013-08-07 00:00:00,0.0
2013-08-08 00:00:00,0.0
2013-08-09 00:00:00,13.179998397827148
2013-08-10 00:00:00,1.5399999618530273
2013-08-11 00:00:00,0.0
2013-08-12 00:00:00,0.0
2013-08-13 00:00:00,0.0
2013-08-14 00:00:00,0.0
2013-08-15 00:00:00,0.0
2013-08-16 00:00:00,0.0
2013-08-17 00:00:00,0.0
2013-08-18 00:00:00,0.0
2013-08-19 00:00:00,0.0
2013-08-20 00:00:00,0.0
2013-08-21 00:00:00,0.0
2013-08-22 00:00:00,0.0
2013-08-23 00:00:00,34.095001220703125
2013-08-24 00:00:00,10.964999198913574
2013-08-25 00:00:00,2.9850003719329834
2013-08-26 00:00:00,0.304999977350235
2013-08-27 00:00:00,0.0
2013-08-28 00:00:00,0.0
2013-08-29 00:00:00,0.0
2013-08-30 00:00:00,0.0
2013-08-31 00:00:00,0.0
2013-09-01 00:00:00,0.0
2013-09-02 00:00:00,0.0
2013-09-03 00:00:00,0.0
2013-09-04 00:00:00,10.710000038146973
2013-09-05 00:00:00,0.0
2013-09-06 00:00:00,0.0
2013-09-07 00:00:00,0.0
2013-09-08 00:00:00,0.0
2013-09-09 00:00:00,14.444999694824219
2013-09-10 00:00:00,0.019999999552965164
2013-09-11 00:00:00,0.0
2013-09-12 00:00:00,0.03500000014901161
2013-09-13 00:00:00,67.67999267578125
2013-09-14 00:00:00,36.650001525878906
2013-09-15 00:00:00,0.13499999046325684
2013-09-16 00:00:00,0.0
2013-09-17 00:00:00,2.6750001907348633
2013-09-18 00:00:00,0.0
2013-09-19 00:00:00,0.0
2013-09-20 00:00:00,0.0
2013-09-21 00:00:00,0.0
2013-09-22 00:00:00,0.0
2013-09-23 00:00:00,0.0
2013-09-24 00:00:00,0.0
2013-09-25 00:00:00,0.0
2013-09-26 00:00:00,0.0
2013-09-27 00:00:00,0.0
2013-09-28 00:00:00,0.0
2013-09-29 00:00:00,0.0
2013-09-30 00:00:00,0.0
2013-10-01 00:00:00,39.57999038696289
2013-10-02 00:00:00,0.0
2013-10-03 00:00:00,0.0
2013-10-04 00:00:00,9.875000953674316
2013-10-05 00:00:00,0.2449999898672104
2013-10-06 00:00:00,0.12999999523162842
2013-10-07 00:00:00,0.0
2013-10-08 00:00:00,0.0
2013-10-09 00:00:00,0.0
2013-10-10 00:00:00,8.5
2013-10-11 00:00:00,8.880000114440918
2013-10-12 00:00:00,0.0
2013-10-13 00:00:00,5.170000076293945
2013-10-14 00:00:00,48.56999969482422
2013-10-15 00:00:00,0.014999999664723873
2013-10-16 00:00:00,0.0
2013-10-17 00:00:00,2.169999837875366
2013-10-18 00:00:00,43.1349983215332
2013-10-19 00:00:00,0.0
2013-10-20 00:00:00,0.0
2013-10-21 00:00:00,0.004999999888241291
2013-10-22 00:00:00,33.70500183105469
2013-10-23 00:00:00,0.0
2013-10-24 00:00:00,1.7849998474121094
2013-10-25 00:00:00,13.03499984741211
2013-10-26 00:00:00,0.02499999850988388
2013-10-27 00:00:00,13.470001220703125
2013-10-28 00:00:00,0.7399999499320984
2013-10-29 00:00:00,0.0
2013-10-30 00:00:00,16.145000457763672
2013-10-31 00:00:00,0.11499999463558197
2013-11-01 00:00:00,80.9699935913086
2013-11-02 00:00:00,16.369998931884766
2013-11-03 00:00:00,22.735004425048828
2013-11-04 00:00:00,0.0
2013-11-05 00:00:00,0.0
2013-11-06 00:00:00,0.0
2013-11-07 00:00:00,0.0
2013-11-08 00:00:00,0.0
2013-11-09 00:00:00,0.0
2013-11-10 00:00:00,0.0
2013-11-11 00:00:00,0.26999998092651367
2013-11-12 00:00:00,1.184999704360962
2013-11-13 00:00:00,0.0
2013-11-14 00:00:00,0.0
2013-11-15 00:00:00,0.0
2013-11-16 00:00:00,7.539999008178711
2013-11-17 00:00:00,0.47499996423721313
2013-11-18 00:00:00,0.0
2013-11-19 00:00:00,0.0
2013-11-20 00:00:00,47.70999526977539
2013-11-21 00:00:00,1.3199999332427979
2013-11-22 00:00:00,0.8949999809265137
2013-11-23 00:00:00,0.0
2013-11-24 00:00:00,0.0
2013-11-25 00:00:00,1.5499999523162842
2013-11-26 00:00:00,59.69499969482422
2013-11-27 00:00:00,0.0
2013-11-28 00:00:00,0.0
2013-11-29 00:00:00,0.0
2013-11-30 00:00:00,48.39499282836914
2013-12-01 00:00:00,4.454999923706055
2013-12-02 00:00:00,2.879999876022339
2013-12-03 00:00:00,0.0
2013-12-04 00:00:00,0.0
2013-12-05 00:00:00,0.0
2013-12-06 00:00:00,1.4600000381469727
2013-12-07 00:00:00,4.929999351501465
2013-12-08 00:00:00,53.05500030517578
2013-12-09 00:00:00,11.09000015258789
2013-12-10 00:00:00,7.210000038146973
2013-12-11 00:00:00,3.864999771118164
2013-12-12 00:00:00,0.0
2013-12-13 00:00:00,52.11499786376953
2013-12-14 00:00:00,5.0
2013-12-15 00:00:00,6.465000152587891
2013-12-16 00:00:00,0.3699999749660492
2013-12-17 00:00:00,4.625
2013-12-18 00:00:00,0.0
2013-12-19 00:00:00,19.985002517700195
2013-12-20 00:00:00,2.4800000190734863
2013-12-21 00:00:00,16.260000228881836
2013-12-22 00:00:00,2.440000057220459
2013-12-23 00:00:00,6.450000286102295
2013-12-24 00:00:00,11.559999465942383
2013-12-25 00:00:00,72.39500427246094
2013-12-26 00:00:00,0.0
2013-12-27 00:00:00,0.9549999833106995
2013-12-28 00:00:00,0.29999998211860657
2013-12-29 00:00:00,0.0
2013-12-30 00:00:00,1.46999990940094
2013-12-31 00:00:00,4.154999732971191
2014-01-01 00:00:00,9.125
2014-01-02 00:00:00,4.565000057220459
2014-01-03 00:00:00,2.625
2014-01-04 00:00:00,60.030006408691406
2014-01-05 00:00:00,2.18999981880188
2014-01-06 00:00:00,0.0
2014-01-07 00:00:00,5.805000305175781
2014-01-08 00:00:00,0.0
2014-01-09 00:00:00,70.41500091552734
2014-01-10 00:00:00,0.0
2014-01-11 00:00:00,0.19999998807907104
2014-01-12 00:00:00,47.88999938964844
2014-01-13 00:00:00,0.9450000524520874
2014-01-14 00:00:00,14.274999618530273
2014-01-15 00:00:00,33.63999557495117
2014-01-16 00:00:00,1.9399999380111694
2014-01-17 00:00:00,0.0
2014-01-18 00:00:00,0.0
2014-01-19 00:00:00,1.4800000190734863
2014-01-20 00:00:00,5.135000228881836
2014-01-21 00:00:00,0.0
2014-01-22 00:00:00,5.600000381469727
2014-01-23 00:00:00,2.325000047683716
2014-01-24 00:00:00,0.4599999785423279
2014-01-25 00:00:00,142.28001403808594
2014-01-26 00:00:00,9.765000343322754
2014-01-27 00:00:00,2.6599998474121094
2014-01-28 00:00:00,8.10999870300293
2014-01-29 00:00:00,50.75499725341797
2014-01-30 00:00:00,1.6449999809265137
2014-01-31 00:00:00,25.949996948242188
2014-02-01 00:00:00,7.4150004386901855
2014-02-02 00:00:00,19.065000534057617
2014-02-03 00:00:00,72.6050033569336
2014-02-04 00:00:00,2.125
2014-02-05 00:00:00,0.9449999332427979
2014-02-06 00:00:00,20.614999771118164
2014-02-07 00:00:00,49.36499786376953
2014-02-08 00:00:00,10.175000190734863
2014-02-09 00:00:00,1.1099998950958252
2014-02-10 00:00:00,57.26499938964844
2014-02-11 00:00:00,42.25
2014-02-12 00:00:00,7.350000381469727
2014-02-13 00:00:00,54.18999481201172
2014-02-14 00:00:00,40.94000244140625
2014-02-15 00:00:00,0.0
2014-02-16 00:00:00,0.0
2014-02-17 00:00:00,0.0
2014-02-18 00:00:00,0.0
2014-02-19 00:00:00,1.2349998950958252
2014-02-20 00:00:00,65.45999908447266
2014-02-21 00:00:00,0.0
2014-02-22 00:00:00,0.0
2014-02-23 00:00:00,0.89000004529953
2014-02-24 00:00:00,1.584999918937683
2014-02-25 00:00:00,0.0
2014-02-26 00:00:00,1.3799999952316284
2014-02-27 00:00:00,0.0
2014-02-28 00:00:00,0.0
2014-03-01 00:00:00,0.0
2014-03-02 00:00:00,10.515000343322754
2014-03-03 00:00:00,169.0649871826172
2014-03-04 00:00:00,0.0
2014-03-05 00:00:00,0.35499998927116394
2014-03-06 00:00:00,0.0
2014-03-07 00:00:00,7.674999237060547
2014-03-08 00:00:00,1.75
2014-03-09 00:00:00,0.009999999776482582
2014-03-10 00:00:00,0.0
2014-03-11 00:00:00,13.530000686645508
2014-03-12 00:00:00,0.0
2014-03-13 00:00:00,1.2899999618530273
2014-03-14 00:00:00,0.0
2014-03-15 00:00:00,0.2449999898672104
2014-03-16 00:00:00,17.875
2014-03-17 00:00:00,0.14999999105930328
2014-03-18 00:00:00,32.14999771118164
2014-03-19 00:00:00,13.834999084472656
2014-03-20 00:00:00,8.610000610351562
2014-03-21 00:00:00,0.0
2014-03-22 00:00:00,29.474998474121094
2014-03-23 00:00:00,0.2549999952316284
2014-03-24 00:00:00,0.0
2014-03-25 00:00:00,0.0
2014-03-26 00:00:00,17.210002899169922
2014-03-27 00:00:00,0.0
2014-03-28 00:00:00,42.089996337890625
2014-03-29 00:00:00,44.23500061035156
2014-03-30 00:00:00,3.7849996089935303
2014-03-31 00:00:00,0.0
2014-04-01 00:00:00,7.885000228881836
2014-04-02 00:00:00,0.0
2014-04-03 00:00:00,0.0
2014-04-04 00:00:00,26.65499496459961
2014-04-05 00:00:00,0.6399999856948853
2014-04-06 00:00:00,0.0
2014-04-07 00:00:00,0.0
2014-04-08 00:00:00,0.0
2014-04-09 00:00:00,0.0
2014-04-10 00:00:00,0.054999999701976776
2014-04-11 00:00:00,0.0
2014-04-12 00:00:00,0.0
2014-04-13 00:00:00,11.744999885559082
2014-04-14 00:00:00,0.014999999664723873
2014-04-15 00:00:00,0.0
2014-04-16 00:00:00,0.0
2014-04-17 00:00:00,0.0
2014-04-18 00:00:00,0.0
2014-04-19 00:00:00,0.0
2014-04-20 00:00:00,0.0
2014-04-21 00:00:00,1.125
2014-04-22 00:00:00,71.30000305175781
2014-04-23 00:00:00,0.0
2014-04-24 00:00:00,0.0
2014-04-25 00:00:00,0.0
2014-04-26 00:00:00,0.0
2014-04-27 00:00:00,0.0
2014-04-28 00:00:00,0.0
2014-04-29 00:00:00,0.0
2014-04-30 00:00:00,0.9949999451637268
2014-05-01 00:00:00,20.145000457763672
2014-05-02 00:00:00,13.145000457763672
2014-05-03 00:00:00,0.0
2014-05-04 00:00:00,0.0
2014-05-05 00:00:00,0.0
2014-05-06 00:00:00,30.399999618530273
2014-05-07 00:00:00,4.364999771118164
2014-05-08 00:00:00,0.0
2014-05-09 00:00:00,0.0
2014-05-10 00:00:00,0.0
2014-05-11 00:00:00,0.25
2014-05-12 00:00:00,0.0
2014-05-13 00:00:00,19.799997329711914
2014-05-14 00:00:00,13.554998397827148
2014-05-15 00:00:00,0.0
2014-05-16 00:00:00,36.24500274658203
2014-05-17 00:00:00,5.544999599456787
2014-05-18 00:00:00,0.0
2014-05-19 00:00:00,0.4100000262260437
2014-05-20 00:00:00,0.25999999046325684
2014-05-21 00:00:00,0.0
2014-05-22 00:00:00,4.230000019073486
2014-05-23 00:00:00,30.085002899169922
2014-05-24 00:00:00,14.270000457763672
2014-05-25 00:00:00,0.0
2014-05-26 00:00:00,0.0
2014-05-27 00:00:00,0.0
2014-05-28 00:00:00,0.0
2014-05-29 00:00:00,0.0
2014-05-30 00:00:00,0.0
2014-05-31 00:00:00,0.0
2014-06-01 00:00:00,0.0
2014-06-02 00:00:00,0.014999999664723873
2014-06-03 00:00:00,0.0
2014-06-04 00:00:00,0.0
2014-06-05 00:00:00,0.0
2014-06-06 00:00:00,0.0
2014-06-07 00:00:00,0.0
2014-06-08 00:00:00,1.9649999141693115
2014-06-09 00:00:00,65.44499969482422
2014-06-10 00:00:00,42.279998779296875
2014-06-11 00:00:00,0.0
2014-06-12 00:00:00,0.0
2014-06-13 00:00:00,0.009999999776482582
2014-06-14 00:00:00,8.144999504089355
2014-06-15 00:00:00,0.0
2014-06-16 00:00:00,0.0
2014-06-17 00:00:00,0.0
2014-06-18 00:00:00,0.0
2014-06-19 00:00:00,0.0
2014-06-20 00:00:00,0.0
2014-06-21 00:00:00,0.0
2014-06-22 00:00:00,0.0
2014-06-23 00:00:00,0.0
2014-06-24 00:00:00,0.0
2014-06-25 00:00:00,0.1850000023841858
2014-06-26 00:00:00,0.7450000047683716
2014-06-27 00:00:00,23.875001907348633
2014-06-28 00:00:00,0.6349999904632568
2014-06-29 00:00:00,0.0
2014-06-30 00:00:00,0.0
2014-07-01 00:00:00,0.0
2014-07-02 00:00:00,0.0
2014-07-03 00:00:00,0.0
2014-07-04 00:00:00,0.0
2014-07-05 00:00:00,0.2199999988079071
2014-07-06 00:00:00,48.964996337890625
2014-07-07 00:00:00,6.5450005531311035
2014-07-08 00:00:00,0.0
2014-07-09 00:00:00,0.0
2014-07-10 00:00:00,0.0
2014-07-11 00:00:00,0.0
2014-07-12 00:00:00,0.0
2014-07-13 00:00:00,0.0
2014-07-14 00:00:00,0.0
2014-07-15 00:00:00,0.0
2014-07-16 00:00:00,0.0
2014-07-17 00:00:00,0.0
2014-07-18 00:00:00,80.43998718261719
2014-07-19 00:00:00,3.1499998569488525
2014-07-20 00:00:00,0.2800000011920929
2014-07-21 00:00:00,0.0
2014-07-22 00:00:00,0.0
2014-07-23 00:00:00,0.0
2014-07-24 00:00:00,23.71500015258789
2014-07-25 00:00:00,0.7549999952316284
2014-07-26 00:00:00,5.215000152587891
2014-07-27 00:00:00,4.494999885559082
2014-07-28 00:00:00,0.0
2014-07-29 00:00:00,0.0
2014-07-30 00:00:00,0.0
2014-07-31 00:00:00,0.0
2014-08-01 00:00:00,0.0
2014-08-02 00:00:00,0.0
2014-08-03 00:00:00,0.0
2014-08-04 00:00:00,0.0
2014-08-05 00:00:00,0.0
2014-08-06 00:00:00,0.0
2014-08-07 00:00:00,0.0
2014-08-08 00:00:00,0.0
2014-08-09 00:00:00,0.0
2014-08-10 00:00:00,0.0
2014-08-11 00:00:00,0.0
2014-08-12 00:00:00,0.11999999731779099
2014-08-13 00:00:00,57.125
2014-08-14 00:00:00,0.0
2014-08-15 00:00:00,0.0
2014-08-16 00:00:00,0.0
2014-08-17 00:00:00,0.0
2014-08-18 00:00:00,0.0
2014-08-19 00:00:00,0.0
2014-08-20 00:00:00,0.0
2014-08-21 00:00:00,0.0
2014-08-22 00:00:00,0.0
2014-08-23 00:00:00,0.0
2014-08-24 00:00:00,0.0
2014-08-25 00:00:00,0.8350000381469727
2014-08-26 00:00:00,2.734999895095825
2014-08-27 00:00:00,0.0
2014-08-28 00:00:00,0.0
2014-08-29 00:00:00,0.0
2014-08-30 00:00:00,0.0
2014-08-31 00:00:00,0.0
2014-09-01 00:00:00,0.0
2014-09-02 00:00:00,0.0
2014-09-03 00:00:00,0.0
2014-09-04 00:00:00,0.0
2014-09-05 00:00:00,0.02499999850988388
2014-09-06 00:00:00,0.0
2014-09-07 00:00:00,0.0
2014-09-08 00:00:00,0.0
2014-09-09 00:00:00,0.0
2014-09-10 00:00:00,0.0
2014-09-11 00:00:00,0.0
2014-09-12 00:00:00,3.4200000762939453
2014-09-13 00:00:00,0.0
2014-09-14 00:00:00,0.0
2014-09-15 00:00:00,0.0
2014-09-16 00:00:00,0.0
2014-09-17 00:00:00,0.0
2014-09-18 00:00:00,0.0
2014-09-19 00:00:00,0.16499999165534973
2014-09-20 00:00:00,49.474998474121094
2014-09-21 00:00:00,2.679999828338623
2014-09-22 00:00:00,0.0
2014-09-23 00:00:00,0.0
2014-09-24 00:00:00,0.0
2014-09-25 00:00:00,19.974998474121094
2014-09-26 00:00:00,0.3199999928474426
2014-09-27 00:00:00,23.799999237060547
2014-09-28 00:00:00,0.0
2014-09-29 00:00:00,0.044999998062849045
2014-09-30 00:00:00,0.0
2014-10-01 00:00:00,0.0
2014-10-02 00:00:00,0.014999999664723873
2014-10-03 00:00:00,0.0
2014-10-04 00:00:00,0.029999999329447746
2014-10-05 00:00:00,0.0
2014-10-06 00:00:00,0.5200000405311584
2014-10-07 00:00:00,0.10500000417232513
2014-10-08 00:00:00,0.0
2014-10-09 00:00:00,0.0
2014-10-10 00:00:00,0.0
2014-10-11 00:00:00,0.0
2014-10-12 00:00:00,0.0
2014-10-13 00:00:00,0.0
2014-10-14 00:00:00,0.0
2014-10-15 00:00:00,0.0
2014-10-16 00:00:00,0.0
2014-10-17 00:00:00,0.0
2014-10-18 00:00:00,0.0
2014-10-19 00:00:00,0.0
2014-10-20 00:00:00,93.989990234375
2014-10-21 00:00:00,0.0
2014-10-22 00:00:00,0.0
2014-10-23 00:00:00,0.0
2014-10-24 00:00:00,17.34000015258789
2014-10-25 00:00:00,9.25999927520752
2014-10-26 00:00:00,11.019999504089355
2014-10-27 00:00:00,5.439999580383301
2014-10-28 00:00:00,78.82999420166016
2014-10-29 00:00:00,0.0
2014-10-30 00:00:00,0.0
2014-10-31 00:00:00,3.0749998092651367
2014-11-01 00:00:00,15.294998168945312
2014-11-02 00:00:00,89.68501281738281
2014-11-03 00:00:00,0.8600000143051147
2014-11-04 00:00:00,40.769996643066406
2014-11-05 00:00:00,0.0
2014-11-06 00:00:00,0.0
2014-11-07 00:00:00,0.0
2014-11-08 00:00:00,0.5449999570846558
2014-11-09 00:00:00,2.055000066757202
2014-11-10 00:00:00,4.784999847412109
2014-11-11 00:00:00,1.4899998903274536
2014-11-12 00:00:00,11.624999046325684
2014-11-13 00:00:00,53.18998718261719
2014-11-14 00:00:00,2.6700000762939453
2014-11-15 00:00:00,1.5899999141693115
2014-11-16 00:00:00,0.0
2014-11-17 00:00:00,0.0
2014-11-18 00:00:00,0.0
2014-11-19 00:00:00,0.0
2014-11-20 00:00:00,1.8899999856948853
2014-11-21 00:00:00,0.044999998062849045
2014-11-22 00:00:00,0.0
2014-11-23 00:00:00,38.084999084472656
2014-11-24 00:00:00,0.0
2014-11-25 00:00:00,0.21000000834465027
2014-11-26 00:00:00,70.65499877929688
2014-11-27 00:00:00,0.7150000333786011
2014-11-28 00:00:00,4.489999771118164
2014-11-29 00:00:00,0.0
2014-11-30 00:00:00,0.0
2014-12-01 00:00:00,0.0
2014-12-02 00:00:00,8.980000495910645
2014-12-03 00:00:00,0.0
2014-12-04 00:00:00,0.0
2014-12-05 00:00:00,0.0
2014-12-06 00:00:00,0.0
2014-12-07 00:00:00,0.0
2014-12-08 00:00:00,12.264999389648438
2014-12-09 00:00:00,0.0
2014-12-10 00:00:00,0.004999999888241291
2014-12-11 00:00:00,17.590002059936523
2014-12-12 00:00:00,1.8149998188018799
2014-12-13 00:00:00,9.960000038146973
2014-12-14 00:00:00,8.854999542236328
2014-12-15 00:00:00,0.0
2014-12-16 00:00:00,8.574999809265137
2014-12-17 00:00:00,32.595001220703125
2014-12-18 00:00:00,106.80499267578125
2014-12-19 00:00:00,1.0699999332427979
2014-12-20 00:00:00,4.554999828338623
2014-12-21 00:00:00,0.0
2014-12-22 00:00:00,26.71500015258789
2014-12-23 00:00:00,14.774999618530273
2014-12-24 00:00:00,0.574999988079071
2014-12-25 00:00:00,0.0
2014-12-26 00:00:00,0.934999942779541
2014-12-27 00:00:00,1.5799999237060547
2014-12-28 00:00:00,5.46999979019165
2014-12-29 00:00:00,5.044999599456787
2014-12-30 00:00:00,0.0
2014-12-31 00:00:00,0.22999998927116394
2015-01-01 00:00:00,0.19499999284744263
2015-01-02 00:00:00,27.575000762939453
2015-01-03 00:00:00,147.5449676513672
2015-01-04 00:00:00,5.00499963760376
2015-01-05 00:00:00,0.0
2015-01-06 00:00:00,1.6150000095367432
2015-01-07 00:00:00,0.42000001668930054
2015-01-08 00:00:00,16.029998779296875
2015-01-09 00:00:00,0.0
2015-01-10 00:00:00,10.529999732971191
2015-01-11 00:00:00,3.18500018119812
2015-01-12 00:00:00,49.15499496459961
2015-01-13 00:00:00,0.934999942779541
2015-01-14 00:00:00,3.7099995613098145
2015-01-15 00:00:00,40.124996185302734
2015-01-16 00:00:00,1.7100000381469727
2015-01-17 00:00:00,0.0
2015-01-18 00:00:00,0.6449999809265137
2015-01-19 00:00:00,3.9649996757507324
2015-01-20 00:00:00,0.3100000023841858
2015-01-21 00:00:00,24.915000915527344
2015-01-22 00:00:00,0.1899999976158142
2015-01-23 00:00:00,0.5899999737739563
2015-01-24 00:00:00,0.0
2015-01-25 00:00:00,6.755000114440918
2015-01-26 00:00:00,38.73500442504883
2015-01-27 00:00:00,0.0
2015-01-28 00:00:00,2.619999885559082
2015-01-29 00:00:00,0.2199999988079071
2015-01-30 00:00:00,6.149999618530273
2015-01-31 00:00:00,2.6449999809265137
2015-02-01 00:00:00,1.59499990940094
2015-02-02 00:00:00,0.0
2015-02-03 00:00:00,0.0
2015-02-04 00:00:00,0.0
2015-02-05 00:00:00,1.7599999904632568
2015-02-06 00:00:00,123.54499053955078
2015-02-07 00:00:00,2.4049999713897705
2015-02-08 00:00:00,3.570000171661377
2015-02-09 00:00:00,0.0
2015-02-10 00:00:00,0.0
2015-02-11 00:00:00,2.2149999141693115
2015-02-12 00:00:00,0.054999999701976776
2015-02-13 00:00:00,11.045000076293945
2015-02-14 00:00:00,0.0
2015-02-15 00:00:00,0.0
2015-02-16 00:00:00,0.0
2015-02-17 00:00:00,170.26002502441406
2015-02-18 00:00:00,0.014999999664723873
2015-02-19 00:00:00,13.289999008178711
2015-02-20 00:00:00,139.22503662109375
2015-02-21 00:00:00,0.0
2015-02-22 00:00:00,2.999999761581421
2015-02-23 00:00:00,1.3949999809265137
2015-02-24 00:00:00,5.424999713897705
2015-02-25 00:00:00,0.0
2015-02-26 00:00:00,0.0
2015-02-27 00:00:00,0.32499998807907104
2015-02-28 00:00:00,8.09000015258789
2015-03-01 00:00:00,0.0
2015-03-02 00:00:00,0.0
2015-03-03 00:00:00,0.0
2015-03-04 00:00:00,58.400001525878906
2015-03-05 00:00:00,13.890000343322754
2015-03-06 00:00:00,3.5950002670288086
2015-03-07 00:00:00,0.4099999666213989
2015-03-08 00:00:00,0.0
2015-03-09 00:00:00,0.004999999888241291
2015-03-10 00:00:00,0.0
2015-03-11 00:00:00,0.08999999612569809
2015-03-12 00:00:00,5.0149993896484375
2015-03-13 00:00:00,1.159999966621399
2015-03-14 00:00:00,0.0
2015-03-15 00:00:00,0.0
2015-03-16 00:00:00,16.444997787475586
2015-03-17 00:00:00,0.0
2015-03-18 00:00:00,44.61499786376953
2015-03-19 00:00:00,21.104995727539062
2015-03-20 00:00:00,0.0
2015-03-21 00:00:00,41.399993896484375
2015-03-22 00:00:00,0.0
2015-03-23 00:00:00,0.0
2015-03-24 00:00:00,0.0
2015-03-25 00:00:00,0.0
2015-03-26 00:00:00,4.824999809265137
2015-03-27 00:00:00,55.34000015258789
2015-03-28 00:00:00,3.005000114440918
2015-03-29 00:00:00,0.0
2015-03-30 00:00:00,0.0
2015-03-31 00:00:00,9.149999618530273
2015-04-01 00:00:00,83.67999267578125
2015-04-02 00:00:00,0.0
2015-04-03 00:00:00,0.0
2015-04-04 00:00:00,0.0
2015-04-05 00:00:00,12.255000114440918
2015-04-06 00:00:00,1.5
2015-04-07 00:00:00,0.0
2015-04-08 00:00:00,0.0
2015-04-09 00:00:00,0.12999999523162842
2015-04-10 00:00:00,9.73499870300293
2015-04-11 00:00:00,8.559998512268066
2015-04-12 00:00:00,0.0
2015-04-13 00:00:00,7.425000190734863
2015-04-14 00:00:00,0.42500001192092896
2015-04-15 00:00:00,0.9599999189376831
2015-04-16 00:00:00,0.940000057220459
2015-04-17 00:00:00,28.96999740600586
2015-04-18 00:00:00,5.335000038146973
2015-04-19 00:00:00,5.960000038146973
2015-04-20 00:00:00,0.02499999850988388
2015-04-21 00:00:00,16.170000076293945
2015-04-22 00:00:00,0.009999999776482582
2015-04-23 00:00:00,0.4100000262260437
2015-04-24 00:00:00,0.0
2015-04-25 00:00:00,0.1550000011920929
2015-04-26 00:00:00,0.0
2015-04-27 00:00:00,0.0
2015-04-28 00:00:00,2.2900002002716064
2015-04-29 00:00:00,0.3099999725818634
2015-04-30 00:00:00,0.0
2015-05-01 00:00:00,0.4999999701976776
2015-05-02 00:00:00,0.0
2015-05-03 00:00:00,0.0
2015-05-04 00:00:00,66.5250015258789
2015-05-05 00:00:00,0.0
2015-05-06 00:00:00,0.0
2015-05-07 00:00:00,0.0
2015-05-08 00:00:00,0.0
2015-05-09 00:00:00,0.0
2015-05-10 00:00:00,0.0
2015-05-11 00:00:00,9.949999809265137
2015-05-12 00:00:00,0.04999999701976776
2015-05-13 00:00:00,0.0
2015-05-14 00:00:00,0.6949999928474426
2015-05-15 00:00:00,5.414999961853027
2015-05-16 00:00:00,49.82499694824219
2015-05-17 00:00:00,18.419998168945312
2015-05-18 00:00:00,0.0
2015-05-19 00:00:00,0.0
2015-05-20 00:00:00,0.0
2015-05-21 00:00:00,0.0
2015-05-22 00:00:00,0.0
2015-05-23 00:00:00,0.0
2015-05-24 00:00:00,0.0
2015-05-25 00:00:00,0.7599999904632568
2015-05-26 00:00:00,0.35499998927116394
2015-05-27 00:00:00,72.8949966430664
2015-05-28 00:00:00,0.0
2015-05-29 00:00:00,0.0
2015-05-30 00:00:00,0.0
2015-05-31 00:00:00,0.0
2015-06-01 00:00:00,60.165000915527344
2015-06-02 00:00:00,6.170000076293945
2015-06-03 00:00:00,0.0
2015-06-04 00:00:00,0.0
2015-06-05 00:00:00,0.0
2015-06-06 00:00:00,0.0
2015-06-07 00:00:00,0.0
2015-06-08 00:00:00,0.0
2015-06-09 00:00:00,0.0
2015-06-10 00:00:00,0.47999998927116394
2015-06-11 00:00:00,0.0
2015-06-12 00:00:00,11.095000267028809
2015-06-13 00:00:00,0.0
2015-06-14 00:00:00,0.0
2015-06-15 00:00:00,51.769996643066406
2015-06-16 00:00:00,0.0
2015-06-17 00:00:00,0.0
2015-06-18 00:00:00,0.2449999898672104
2015-06-19 00:00:00,0.0
2015-06-20 00:00:00,0.0
2015-06-21 00:00:00,0.0
2015-06-22 00:00:00,0.0
2015-06-23 00:00:00,0.0
2015-06-24 00:00:00,0.0
2015-06-25 00:00:00,0.0
2015-06-26 00:00:00,0.0
2015-06-27 00:00:00,0.0
2015-06-28 00:00:00,0.0
2015-06-29 00:00:00,0.0
2015-06-30 00:00:00,2.569999933242798
2015-07-01 00:00:00,2.494999885559082
2015-07-02 00:00:00,0.0
2015-07-03 00:00:00,3.294999599456787
2015-07-04 00:00:00,78.2750015258789
2015-07-05 00:00:00,3.5250000953674316
2015-07-06 00:00:00,7.005000114440918
2015-07-07 00:00:00,0.0
2015-07-08 00:00:00,0.11499999463558197
2015-07-09 00:00:00,0.0
2015-07-10 00:00:00,0.0
2015-07-11 00:00:00,0.0
2015-07-12 00:00:00,0.07000000029802322
2015-07-13 00:00:00,0.0
2015-07-14 00:00:00,8.795000076293945
2015-07-15 00:00:00,51.52499771118164
2015-07-16 00:00:00,3.6399998664855957
2015-07-17 00:00:00,0.0
2015-07-18 00:00:00,0.0
2015-07-19 00:00:00,0.0
2015-07-20 00:00:00,0.0
2015-07-21 00:00:00,0.0
2015-07-22 00:00:00,0.0
2015-07-23 00:00:00,0.0
2015-07-24 00:00:00,0.0
2015-07-25 00:00:00,0.0
2015-07-26 00:00:00,0.0
2015-07-27 00:00:00,0.0
2015-07-28 00:00:00,0.0
2015-07-29 00:00:00,0.0
2015-07-30 00:00:00,0.0
2015-07-31 00:00:00,0.0
2015-08-01 00:00:00,0.0
2015-08-02 00:00:00,0.0
2015-08-03 00:00:00,0.0
2015-08-04 00:00:00,0.0
2015-08-05 00:00:00,0.0
2015-08-06 00:00:00,0.0
2015-08-07 00:00:00,0.0
2015-08-08 00:00:00,0.0
2015-08-09 00:00:00,1.5950000286102295
2015-08-10 00:00:00,0.0
2015-08-11 00:00:00,0.0
2015-08-12 00:00:00,0.054999999701976776
2015-08-13 00:00:00,1.0099999904632568
2015-08-14 00:00:00,0.07000000029802322
2015-08-15 00:00:00,0.0
2015-08-16 00:00:00,0.0
2015-08-17 00:00:00,17.274999618530273
2015-08-18 00:00:00,0.0
2015-08-19 00:00:00,0.0
2015-08-20 00:00:00,0.2449999898672104
2015-08-21 00:00:00,0.0
2015-08-22 00:00:00,0.0
2015-08-23 00:00:00,0.0
2015-08-24 00:00:00,3.234999656677246
2015-08-25 00:00:00,0.0
2015-08-26 00:00:00,0.0
2015-08-27 00:00:00,40.09499740600586
2015-08-28 00:00:00,0.0
2015-08-29 00:00:00,0.0
2015-08-30 00:00:00,0.0
2015-08-31 00:00:00,0.0
2015-09-01 00:00:00,0.0
2015-09-02 00:00:00,0.0
2015-09-03 00:00:00,0.0
2015-09-04 00:00:00,0.0
2015-09-05 00:00:00,0.0
2015-09-06 00:00:00,0.11999999731779099
2015-09-07 00:00:00,0.0
2015-09-08 00:00:00,1.8600000143051147
2015-09-09 00:00:00,1.3250000476837158
2015-09-10 00:00:00,0.0
2015-09-11 00:00:00,10.904999732971191
2015-09-12 00:00:00,0.39499998092651367
2015-09-13 00:00:00,0.0
2015-09-14 00:00:00,0.0
2015-09-15 00:00:00,0.0
2015-09-16 00:00:00,0.0
2015-09-17 00:00:00,0.0
2015-09-18 00:00:00,0.0
2015-09-19 00:00:00,0.9399999380111694
2015-09-20 00:00:00,0.0
2015-09-21 00:00:00,0.0
2015-09-22 00:00:00,0.0
2015-09-23 00:00:00,0.0
2015-09-24 00:00:00,0.0
2015-09-25 00:00:00,2.5899999141693115
2015-09-26 00:00:00,0.10500000417232513
2015-09-27 00:00:00,5.164999961853027
2015-09-28 00:00:00,0.0
2015-09-29 00:00:00,0.0
2015-09-30 00:00:00,6.699999809265137
2015-10-01 00:00:00,89.364990234375
2015-10-02 00:00:00,0.0
2015-10-03 00:00:00,3.8949999809265137
2015-10-04 00:00:00,19.704999923706055
2015-10-05 00:00:00,0.0
2015-10-06 00:00:00,0.0
2015-10-07 00:00:00,0.0
2015-10-08 00:00:00,0.08999999612569809
2015-10-09 00:00:00,0.0
2015-10-10 00:00:00,35.26499938964844
2015-10-11 00:00:00,0.0
2015-10-12 00:00:00,0.0
2015-10-13 00:00:00,0.0
2015-10-14 00:00:00,0.0
2015-10-15 00:00:00,0.0
2015-10-16 00:00:00,0.0
2015-10-17 00:00:00,0.0
2015-10-18 00:00:00,0.7249999642372131
2015-10-19 00:00:00,0.0
2015-10-20 00:00:00,0.0
2015-10-21 00:00:00,0.0
2015-10-22 00:00:00,0.0
2015-10-23 00:00:00,22.28999900817871
2015-10-24 00:00:00,0.5899999737739563
2015-10-25 00:00:00,0.0
2015-10-26 00:00:00,0.0
2015-10-27 00:00:00,6.479999542236328
2015-10-28 00:00:00,13.799999237060547
2015-10-29 00:00:00,0.0
2015-10-30 00:00:00,0.0
2015-10-31 00:00:00,6.749999046325684
2015-11-01 00:00:00,74.34000396728516
2015-11-02 00:00:00,13.239998817443848
2015-11-03 00:00:00,19.029998779296875
2015-11-04 00:00:00,0.07999999821186066
2015-11-05 00:00:00,0.0
2015-11-06 00:00:00,0.0
2015-11-07 00:00:00,1.6400001049041748
2015-11-08 00:00:00,0.0
2015-11-09 00:00:00,0.0
2015-11-10 00:00:00,2.0199999809265137
2015-11-11 00:00:00,0.0
2015-11-12 00:00:00,0.19999998807907104
2015-11-13 00:00:00,0.0
2015-11-14 00:00:00,0.0
2015-11-15 00:00:00,0.0
2015-11-16 00:00:00,0.0
2015-11-17 00:00:00,0.0
2015-11-18 00:00:00,0.0
2015-11-19 00:00:00,0.0
2015-11-20 00:00:00,6.259999752044678
2015-11-21 00:00:00,0.6699999570846558
2015-11-22 00:00:00,0.0
2015-11-23 00:00:00,0.15000000596046448
2015-11-24 00:00:00,0.02499999850988388
2015-11-25 00:00:00,0.0
2015-11-26 00:00:00,0.0
2015-11-27 00:00:00,0.004999999888241291
2015-11-28 00:00:00,4.994999885559082
2015-11-29 00:00:00,76.52499389648438
2015-11-30 00:00:00,4.110000133514404
2015-12-01 00:00:00,1.744999885559082
2015-12-02 00:00:00,0.574999988079071
2015-12-03 00:00:00,0.0
2015-12-04 00:00:00,0.0
2015-12-05 00:00:00,17.875001907348633
2015-12-06 00:00:00,54.38999938964844
2015-12-07 00:00:00,0.0
2015-12-08 00:00:00,0.0
2015-12-09 00:00:00,0.0
2015-12-10 00:00:00,0.0
2015-12-11 00:00:00,0.0
2015-12-12 00:00:00,0.574999988079071
2015-12-13 00:00:00,0.0
2015-12-14 00:00:00,0.5149999856948853
2015-12-15 00:00:00,2.6999998092651367
2015-12-16 00:00:00,43.01499557495117
2015-12-17 00:00:00,0.0
2015-12-18 00:00:00,0.0
2015-12-19 00:00:00,53.7449951171875
2015-12-20 00:00:00,22.54499626159668
2015-12-21 00:00:00,0.45499998331069946
2015-12-22 00:00:00,2.419999837875366
2015-12-23 00:00:00,1.7949998378753662
2015-12-24 00:00:00,12.3100004196167
2015-12-25 00:00:00,46.554996490478516
2015-12-26 00:00:00,26.540000915527344
2015-12-27 00:00:00,12.69999885559082
2015-12-28 00:00:00,0.04999999701976776
2015-12-29 00:00:00,0.09999999403953552
2015-12-30 00:00:00,0.044999998062849045
2015-12-31 00:00:00,0.0
2016-01-01 00:00:00,2.2750000953674316
2016-01-02 00:00:00,7.219999313354492
2016-01-03 00:00:00,2.619999885559082
2016-01-04 00:00:00,4.429999828338623
2016-01-05 00:00:00,0.0
2016-01-06 00:00:00,16.1200008392334
2016-01-07 00:00:00,2.075000047683716
2016-01-08 00:00:00,0.5749999284744263
2016-01-09 00:00:00,0.5149999856948853
2016-01-10 00:00:00,44.154998779296875
2016-01-11 00:00:00,0.8449999094009399
2016-01-12 00:00:00,0.0
2016-01-13 00:00:00,2.515000104904175
2016-01-14 00:00:00,224.62496948242188
2016-01-15 00:00:00,0.0
2016-01-16 00:00:00,0.0
2016-01-17 00:00:00,3.75
2016-01-18 00:00:00,1.0899999141693115
2016-01-19 00:00:00,0.17999999225139618
2016-01-20 00:00:00,0.0
2016-01-21 00:00:00,0.0
2016-01-22 00:00:00,0.0
2016-01-23 00:00:00,0.0
2016-01-24 00:00:00,0.0
2016-01-25 00:00:00,0.17499999701976776
2016-01-26 00:00:00,0.0
2016-01-27 00:00:00,0.3499999940395355
2016-01-28 00:00:00,0.0
2016-01-29 00:00:00,0.22999998927116394
2016-01-30 00:00:00,20.2549991607666
2016-01-31 00:00:00,82.75997924804688
2016-02-01 00:00:00,5.02000093460083
2016-02-02 00:00:00,6.235000133514404
2016-02-03 00:00:00,0.4299999475479126
2016-02-04 00:00:00,10.275001525878906
2016-02-05 00:00:00,6.0
2016-02-06 00:00:00,0.7949999570846558
2016-02-07 00:00:00,4.525000095367432
2016-02-08 00:00:00,0.0
2016-02-09 00:00:00,0.0
2016-02-10 00:00:00,0.0
2016-02-11 00:00:00,0.0
2016-02-12 00:00:00,0.0
2016-02-13 00:00:00,0.0
2016-02-14 00:00:00,0.0
2016-02-15 00:00:00,9.210000038146973
2016-02-16 00:00:00,1.5049998760223389
2016-02-17 00:00:00,0.0
2016-02-18 00:00:00,0.11499999463558197
2016-02-19 00:00:00,0.11499999463558197
2016-02-20 00:00:00,3.6349997520446777
2016-02-21 00:00:00,11.774999618530273
2016-02-22 00:00:00,24.54499626159668
2016-02-23 00:00:00,0.0
2016-02-24 00:00:00,6.21999979019165
2016-02-25 00:00:00,15.319997787475586
2016-02-26 00:00:00,72.68000793457031
2016-02-27 00:00:00,114.82499694824219
2016-02-28 00:00:00,101.2449951171875
2016-02-29 00:00:00,0.2749999761581421
2016-03-01 00:00:00,0.0
2016-03-02 00:00:00,12.48499870300293
2016-03-03 00:00:00,0.0
2016-03-04 00:00:00,5.025000095367432
2016-03-05 00:00:00,96.77500915527344
2016-03-06 00:00:00,2.3400001525878906
2016-03-07 00:00:00,0.0
2016-03-08 00:00:00,0.004999999888241291
2016-03-09 00:00:00,9.709999084472656
2016-03-10 00:00:00,4.279999732971191
2016-03-11 00:00:00,0.0
2016-03-12 00:00:00,0.0
2016-03-13 00:00:00,0.0
2016-03-14 00:00:00,0.0
2016-03-15 00:00:00,0.0
2016-03-16 00:00:00,0.0
2016-03-17 00:00:00,1.4700000286102295
2016-03-18 00:00:00,0.0
2016-03-19 00:00:00,15.884998321533203
2016-03-20 00:00:00,0.0
2016-03-21 00:00:00,4.375
2016-03-22 00:00:00,6.739999294281006
2016-03-23 00:00:00,0.004999999888241291
2016-03-24 00:00:00,2.879999876022339
2016-03-25 00:00:00,102.47998046875
2016-03-26 00:00:00,0.0
2016-03-27 00:00:00,0.0
2016-03-28 00:00:00,0.0
2016-03-29 00:00:00,0.0
2016-03-30 00:00:00,5.114999771118164
2016-03-31 00:00:00,0.0
2016-04-01 00:00:00,2.2249999046325684
2016-04-02 00:00:00,0.45499998331069946
2016-04-03 00:00:00,1.559999942779541
2016-04-04 00:00:00,1.0299999713897705
2016-04-05 00:00:00,0.0
2016-04-06 00:00:00,0.0
2016-04-07 00:00:00,0.0
2016-04-08 00:00:00,0.03999999910593033
2016-04-09 00:00:00,0.0
2016-04-10 00:00:00,4.4599995613098145
2016-04-11 00:00:00,0.9599999785423279
2016-04-12 00:00:00,0.0
2016-04-13 00:00:00,0.0
2016-04-14 00:00:00,0.0
2016-04-15 00:00:00,10.434999465942383
2016-04-16 00:00:00,0.5149999856948853
2016-04-17 00:00:00,0.0
2016-04-18 00:00:00,0.0
2016-04-19 00:00:00,0.0
2016-04-20 00:00:00,7.960000038146973
2016-04-21 00:00:00,6.359999656677246
2016-04-22 00:00:00,1.875
2016-04-23 00:00:00,1.0699999332427979
2016-04-24 00:00:00,1.1999999284744263
2016-04-25 00:00:00,0.03999999910593033
2016-04-26 00:00:00,104.93498229980469
2016-04-27 00:00:00,4.174999713897705
2016-04-28 00:00:00,0.0
2016-04-29 00:00:00,0.0
2016-04-30 00:00:00,0.0
2016-05-01 00:00:00,0.0
2016-05-02 00:00:00,0.0
2016-05-03 00:00:00,0.0
2016-05-04 00:00:00,0.0
2016-05-05 00:00:00,0.0
2016-05-06 00:00:00,0.0
2016-05-07 00:00:00,0.06499999761581421
2016-05-08 00:00:00,0.0
2016-05-09 00:00:00,0.0
2016-05-10 00:00:00,7.944999694824219
2016-05-11 00:00:00,65.22000122070312
2016-05-12 00:00:00,0.0
2016-05-13 00:00:00,0.0
2016-05-14 00:00:00,0.0
2016-05-15 00:00:00,0.0
2016-05-16 00:00:00,16.170000076293945
2016-05-17 00:00:00,3.174999713897705
2016-05-18 00:00:00,0.10500000417232513
2016-05-19 00:00:00,0.0
2016-05-20 00:00:00,0.0
2016-05-21 00:00:00,0.0
2016-05-22 00:00:00,0.0
2016-05-23 00:00:00,0.0
2016-05-24 00:00:00,0.0
2016-05-25 00:00:00,0.0
2016-05-26 00:00:00,0.0
2016-05-27 00:00:00,0.0
2016-05-28 00:00:00,0.0
2016-05-29 00:00:00,0.0
2016-05-30 00:00:00,0.0
2016-05-31 00:00:00,0.0
2016-06-01 00:00:00,0.0
2016-06-02 00:00:00,0.0
2016-06-03 00:00:00,0.0
2016-06-04 00:00:00,0.0
2016-06-05 00:00:00,0.0
2016-06-06 00:00:00,3.179999828338623
2016-06-07 00:00:00,0.625
2016-06-08 00:00:00,0.0
2016-06-09 00:00:00,0.0
2016-06-10 00:00:00,0.0
2016-06-11 00:00:00,0.0
2016-06-12 00:00:00,0.0
2016-06-13 00:00:00,0.0
2016-06-14 00:00:00,0.0
2016-06-15 00:00:00,0.0
2016-06-16 00:00:00,0.0
2016-06-17 00:00:00,0.0
2016-06-18 00:00:00,0.0
2016-06-19 00:00:00,0.0
2016-06-20 00:00:00,0.0
2016-06-21 00:00:00,0.0
2016-06-22 00:00:00,0.0
2016-06-23 00:00:00,0.0
2016-06-24 00:00:00,0.0
2016-06-25 00:00:00,0.014999999664723873
2016-06-26 00:00:00,0.0
2016-06-27 00:00:00,9.800000190734863
2016-06-28 00:00:00,0.044999998062849045
2016-06-29 00:00:00,0.0
2016-06-30 00:00:00,0.10999999940395355
2016-07-01 00:00:00,0.0
2016-07-02 00:00:00,0.0
2016-07-03 00:00:00,0.0
2016-07-04 00:00:00,2.8199996948242188
2016-07-05 00:00:00,2.184999942779541
2016-07-06 00:00:00,0.0
2016-07-07 00:00:00,0.9399999380111694
2016-07-08 00:00:00,0.0
2016-07-09 00:00:00,0.0
2016-07-10 00:00:00,0.0
2016-07-11 00:00:00,0.0
2016-07-12 00:00:00,0.0
2016-07-13 00:00:00,0.0
2016-07-14 00:00:00,0.0
2016-07-15 00:00:00,0.0
2016-07-16 00:00:00,0.0
2016-07-17 00:00:00,0.0
2016-07-18 00:00:00,0.0
2016-07-19 00:00:00,0.0
2016-07-20 00:00:00,0.0
2016-07-21 00:00:00,0.0
2016-07-22 00:00:00,0.0
2016-07-23 00:00:00,0.0
2016-07-24 00:00:00,0.0
2016-07-25 00:00:00,0.0
2016-07-26 00:00:00,0.0
2016-07-27 00:00:00,0.0
2016-07-28 00:00:00,0.0
2016-07-29 00:00:00,0.0
2016-07-30 00:00:00,0.0
2016-07-31 00:00:00,0.0
2016-08-01 00:00:00,0.0
2016-08-02 00:00:00,0.0
2016-08-03 00:00:00,0.0
2016-08-04 00:00:00,0.0
2016-08-05 00:00:00,0.0
2016-08-06 00:00:00,0.0
2016-08-07 00:00:00,0.0
2016-08-08 00:00:00,0.03500000014901161
2016-08-09 00:00:00,9.179999351501465
2016-08-10 00:00:00,1.850000023841858
2016-08-11 00:00:00,0.0
2016-08-12 00:00:00,0.0
2016-08-13 00:00:00,0.0
2016-08-14 00:00:00,0.0
2016-08-15 00:00:00,0.0
2016-08-16 00:00:00,0.0
2016-08-17 00:00:00,0.0
2016-08-18 00:00:00,0.0
2016-08-19 00:00:00,48.905006408691406
2016-08-20 00:00:00,3.1449999809265137
2016-08-21 00:00:00,1.934999942779541
2016-08-22 00:00:00,0.0
2016-08-23 00:00:00,0.0
2016-08-24 00:00:00,0.019999999552965164
2016-08-25 00:00:00,0.0
2016-08-26 00:00:00,0.0
2016-08-27 00:00:00,0.0
2016-08-28 00:00:00,20.029998779296875
2016-08-29 00:00:00,49.81000518798828
2016-08-30 00:00:00,0.0
2016-08-31 00:00:00,0.0
2016-09-01 00:00:00,0.0
2016-09-02 00:00:00,9.63499927520752
2016-09-03 00:00:00,48.909996032714844
2016-09-04 00:00:00,0.054999999701976776
2016-09-05 00:00:00,7.720000267028809
2016-09-06 00:00:00,0.0
2016-09-07 00:00:00,0.0
2016-09-08 00:00:00,0.0
2016-09-09 00:00:00,0.0
2016-09-10 00:00:00,0.0
2016-09-11 00:00:00,0.0
2016-09-12 00:00:00,0.0
2016-09-13 00:00:00,0.0
2016-09-14 00:00:00,1.6800000667572021
2016-09-15 00:00:00,0.004999999888241291
2016-09-16 00:00:00,0.0
2016-09-17 00:00:00,0.0
2016-09-18 00:00:00,0.0
2016-09-19 00:00:00,36.06499099731445
2016-09-20 00:00:00,0.0
2016-09-21 00:00:00,0.0
2016-09-22 00:00:00,0.0
2016-09-23 00:00:00,7.189999580383301
2016-09-24 00:00:00,4.649999618530273
2016-09-25 00:00:00,0.0
2016-09-26 00:00:00,0.0
2016-09-27 00:00:00,0.0
2016-09-28 00:00:00,0.0
2016-09-29 00:00:00,0.0
2016-09-30 00:00:00,0.0
2016-10-01 00:00:00,3.5200002193450928
2016-10-02 00:00:00,0.0
2016-10-03 00:00:00,0.0
2016-10-04 00:00:00,41.909996032714844
2016-10-05 00:00:00,12.059998512268066
2016-10-06 00:00:00,0.5900000333786011
2016-10-07 00:00:00,0.0
2016-10-08 00:00:00,0.0
2016-10-09 00:00:00,0.0
2016-10-10 00:00:00,0.8899999856948853
2016-10-11 00:00:00,0.6700000166893005
2016-10-12 00:00:00,1.334999918937683
2016-10-13 00:00:00,0.0
2016-10-14 00:00:00,0.0
2016-10-15 00:00:00,0.0
2016-10-16 00:00:00,0.0
2016-10-17 00:00:00,0.10500000417232513
2016-10-18 00:00:00,0.0
2016-10-19 00:00:00,0.0
2016-10-20 00:00:00,8.639999389648438
2016-10-21 00:00:00,2.744999885559082
2016-10-22 00:00:00,0.0
2016-10-23 00:00:00,0.0
2016-10-24 00:00:00,0.2549999952316284
2016-10-25 00:00:00,2.5950000286102295
2016-10-26 00:00:00,50.589996337890625
2016-10-27 00:00:00,0.3999999761581421
2016-10-28 00:00:00,0.0
2016-10-29 00:00:00,0.0
2016-10-30 00:00:00,0.0
2016-10-31 00:00:00,0.0
2016-11-01 00:00:00,0.0
2016-11-02 00:00:00,59.82999801635742
2016-11-03 00:00:00,2.1750001907348633
2016-11-04 00:00:00,0.0
2016-11-05 00:00:00,0.0
2016-11-06 00:00:00,0.0
2016-11-07 00:00:00,0.0
2016-11-08 00:00:00,21.869998931884766
2016-11-09 00:00:00,6.7699995040893555
2016-11-10 00:00:00,0.0
2016-11-11 00:00:00,0.5099999904632568
2016-11-12 00:00:00,94.84500122070312
2016-11-13 00:00:00,0.0
2016-11-14 00:00:00,0.0
2016-11-15 00:00:00,9.585000038146973
2016-11-16 00:00:00,134.22999572753906
2016-11-17 00:00:00,3.9900002479553223
2016-11-18 00:00:00,0.0
2016-11-19 00:00:00,0.0
2016-11-20 00:00:00,0.0
2016-11-21 00:00:00,0.0
2016-11-22 00:00:00,10.894999504089355
2016-11-23 00:00:00,0.0
2016-11-24 00:00:00,0.0
2016-11-25 00:00:00,10.679999351501465
2016-11-26 00:00:00,2.2849998474121094
2016-11-27 00:00:00,0.0
2016-11-28 00:00:00,21.780000686645508
2016-11-29 00:00:00,1.0799999237060547
2016-11-30 00:00:00,1.7100000381469727
2016-12-01 00:00:00,0.0
2016-12-02 00:00:00,10.96500015258789
2016-12-03 00:00:00,0.0
2016-12-04 00:00:00,0.0
2016-12-05 00:00:00,0.0
2016-12-06 00:00:00,6.77500057220459
2016-12-07 00:00:00,0.7299999594688416
2016-12-08 00:00:00,0.0
2016-12-09 00:00:00,0.0
2016-12-10 00:00:00,16.71000099182129
2016-12-11 00:00:00,1.5649999380111694
2016-12-12 00:00:00,85.97999572753906
2016-12-13 00:00:00,3.245000123977661
2016-12-14 00:00:00,20.03999900817871
2016-12-15 00:00:00,0.004999999888241291
2016-12-16 00:00:00,0.0
2016-12-17 00:00:00,0.0
2016-12-18 00:00:00,0.0
2016-12-19 00:00:00,3.2199997901916504
2016-12-20 00:00:00,89.30999755859375
2016-12-21 00:00:00,0.09999999403953552
2016-12-22 00:00:00,10.344999313354492
2016-12-23 00:00:00,1.7749998569488525
2016-12-24 00:00:00,0.0
2016-12-25 00:00:00,0.05000000447034836
2016-12-26 00:00:00,0.1550000011920929
2016-12-27 00:00:00,23.450002670288086
2016-12-28 00:00:00,43.599998474121094
2016-12-29 00:00:00,0.014999999664723873
2016-12-30 00:00:00,0.0
2016-12-31 00:00:00,1.6749999523162842
2017-01-01 00:00:00,0.0
2017-01-02 00:00:00,0.20500001311302185
2017-01-03 00:00:00,44.41499710083008
2017-01-04 00:00:00,6.840000152587891
2017-01-05 00:00:00,27.525001525878906
2017-01-06 00:00:00,19.579998016357422
2017-01-07 00:00:00,9.204999923706055
2017-01-08 00:00:00,0.16499999165534973
2017-01-09 00:00:00,0.0
2017-01-10 00:00:00,0.0
2017-01-11 00:00:00,50.7400016784668
2017-01-12 00:00:00,0.6799999475479126
2017-01-13 00:00:00,2.304999828338623
2017-01-14 00:00:00,0.0
2017-01-15 00:00:00,0.0
2017-01-16 00:00:00,0.0
2017-01-17 00:00:00,0.0
2017-01-18 00:00:00,2.924999952316284
2017-01-19 00:00:00,60.625
2017-01-20 00:00:00,0.0
2017-01-21 00:00:00,8.795000076293945
2017-01-22 00:00:00,6.935000419616699
2017-01-23 00:00:00,0.7850000858306885
2017-01-24 00:00:00,45.96999740600586
2017-01-25 00:00:00,23.39499855041504
2017-01-26 00:00:00,0.23499999940395355
2017-01-27 00:00:00,0.04999999701976776
2017-01-28 00:00:00,0.0
2017-01-29 00:00:00,0.0
2017-01-30 00:00:00,0.0
2017-01-31 00:00:00,0.0
2017-02-01 00:00:00,0.0
2017-02-02 00:00:00,58.119998931884766
2017-02-03 00:00:00,0.0
2017-02-04 00:00:00,0.0
2017-02-05 00:00:00,0.0
2017-02-06 00:00:00,115.35002136230469
2017-02-07 00:00:00,0.0
2017-02-08 00:00:00,0.0
2017-02-09 00:00:00,0.38999998569488525
2017-02-10 00:00:00,0.0
2017-02-11 00:00:00,0.9249999523162842
2017-02-12 00:00:00,95.7349853515625
2017-02-13 00:00:00,0.0
2017-02-14 00:00:00,1.2400000095367432
2017-02-15 00:00:00,14.524999618530273
2017-02-16 00:00:00,25.51999855041504
2017-02-17 00:00:00,10.065000534057617
2017-02-18 00:00:00,2.6000001430511475
2017-02-19 00:00:00,2.044999837875366
2017-02-20 00:00:00,15.880001068115234
2017-02-21 00:00:00,0.8200000524520874
2017-02-22 00:00:00,5.695000171661377
2017-02-23 00:00:00,4.799999713897705
2017-02-24 00:00:00,0.0
2017-02-25 00:00:00,7.529999732971191
2017-02-26 00:00:00,33.14999771118164
2017-02-27 00:00:00,17.025001525878906
2017-02-28 00:00:00,0.9750000238418579
2017-03-01 00:00:00,9.149999618530273
2017-03-02 00:00:00,0.8949999809265137
2017-03-03 00:00:00,3.3000001907348633
2017-03-04 00:00:00,10.0649995803833
2017-03-05 00:00:00,1.2949999570846558
2017-03-06 00:00:00,46.52999496459961
2017-03-07 00:00:00,0.0
2017-03-08 00:00:00,59.30500793457031
2017-03-09 00:00:00,0.0
2017-03-10 00:00:00,0.0
2017-03-11 00:00:00,0.0
2017-03-12 00:00:00,0.9449999928474426
2017-03-13 00:00:00,35.12000274658203
2017-03-14 00:00:00,0.0
2017-03-15 00:00:00,0.0
2017-03-16 00:00:00,49.415000915527344
2017-03-17 00:00:00,0.44999998807907104
2017-03-18 00:00:00,0.0
2017-03-19 00:00:00,0.0
2017-03-20 00:00:00,0.0
2017-03-21 00:00:00,10.479999542236328
2017-03-22 00:00:00,15.18499755859375
2017-03-23 00:00:00,0.0
2017-03-24 00:00:00,0.009999999776482582
2017-03-25 00:00:00,16.18000030517578
2017-03-26 00:00:00,0.0
2017-03-27 00:00:00,0.7549999952316284
2017-03-28 00:00:00,7.979999542236328
2017-03-29 00:00:00,9.730000495910645
2017-03-30 00:00:00,0.6599999666213989
2017-03-31 00:00:00,0.004999999888241291
2017-04-01 00:00:00,16.23000144958496
2017-04-02 00:00:00,4.340000152587891
2017-04-03 00:00:00,0.0
2017-04-04 00:00:00,39.15500259399414
2017-04-05 00:00:00,0.0
2017-04-06 00:00:00,59.864994049072266
2017-04-07 00:00:00,0.7400000095367432
2017-04-08 00:00:00,6.374999046325684
2017-04-09 00:00:00,7.630000114440918
2017-04-10 00:00:00,30.689998626708984
2017-04-11 00:00:00,1.909999966621399
2017-04-12 00:00:00,0.2549999952316284
2017-04-13 00:00:00,0.0
2017-04-14 00:00:00,0.0
2017-04-15 00:00:00,0.0
2017-04-16 00:00:00,0.0
2017-04-17 00:00:00,0.8700000047683716
2017-04-18 00:00:00,0.29499998688697815
2017-04-19 00:00:00,0.0
2017-04-20 00:00:00,51.775001525878906
2017-04-21 00:00:00,0.0
2017-04-22 00:00:00,7.979999542236328
2017-04-23 00:00:00,0.38999998569488525
2017-04-24 00:00:00,0.0
2017-04-25 00:00:00,0.0
2017-04-26 00:00:00,0.009999999776482582
2017-04-27 00:00:00,7.189999580383301
2017-04-28 00:00:00,0.0
2017-04-29 00:00:00,0.0
2017-04-30 00:00:00,2.114999771118164
2017-05-01 00:00:00,0.0
2017-05-02 00:00:00,0.0
2017-05-03 00:00:00,0.0
2017-05-04 00:00:00,0.0
2017-05-05 00:00:00,0.0
2017-05-06 00:00:00,0.0
2017-05-07 00:00:00,0.0
2017-05-08 00:00:00,0.0
2017-05-09 00:00:00,14.875
2017-05-10 00:00:00,2.0349998474121094
2017-05-11 00:00:00,0.0
2017-05-12 00:00:00,0.0
2017-05-13 00:00:00,0.0
2017-05-14 00:00:00,0.3100000023841858
2017-05-15 00:00:00,10.774999618530273
2017-05-16 00:00:00,9.644999504089355
2017-05-17 00:00:00,0.2849999964237213
2017-05-18 00:00:00,17.435001373291016
2017-05-19 00:00:00,1.0099999904632568
2017-05-20 00:00:00,37.3900032043457
2017-05-21 00:00:00,107.83000183105469
2017-05-22 00:00:00,0.9649999737739563
2017-05-23 00:00:00,1.7000000476837158
2017-05-24 00:00:00,11.510000228881836
2017-05-25 00:00:00,0.0
2017-05-26 00:00:00,0.0
2017-05-27 00:00:00,0.0
2017-05-28 00:00:00,0.0
2017-05-29 00:00:00,0.0
2017-05-30 00:00:00,0.0
2017-05-31 00:00:00,0.0
2017-06-01 00:00:00,0.0
2017-06-02 00:00:00,0.0
2017-06-03 00:00:00,0.0
2017-06-04 00:00:00,0.0
2017-06-05 00:00:00,0.0
2017-06-06 00:00:00,0.0
2017-06-07 00:00:00,11.48499870300293
2017-06-08 00:00:00,8.90999984741211
2017-06-09 00:00:00,32.55999755859375
2017-06-10 00:00:00,2.7149999141693115
2017-06-11 00:00:00,0.0
2017-06-12 00:00:00,0.0
2017-06-13 00:00:00,0.0
2017-06-14 00:00:00,0.0
2017-06-15 00:00:00,0.0
2017-06-16 00:00:00,0.0
2017-06-17 00:00:00,0.0
2017-06-18 00:00:00,0.0
2017-06-19 00:00:00,3.0349998474121094
2017-06-20 00:00:00,0.0
2017-06-21 00:00:00,0.0
2017-06-22 00:00:00,0.0
2017-06-23 00:00:00,0.0
2017-06-24 00:00:00,0.0
2017-06-25 00:00:00,0.0
2017-06-26 00:00:00,0.0
2017-06-27 00:00:00,0.0
2017-06-28 00:00:00,52.20500183105469
2017-06-29 00:00:00,0.0
2017-06-30 00:00:00,0.0
2017-07-01 00:00:00,0.0
2017-07-02 00:00:00,0.0
2017-07-03 00:00:00,0.0
2017-07-04 00:00:00,0.0
2017-07-05 00:00:00,0.0
2017-07-06 00:00:00,0.0
2017-07-07 00:00:00,0.0
2017-07-08 00:00:00,0.0
2017-07-09 00:00:00,0.0
2017-07-10 00:00:00,0.0
2017-07-11 00:00:00,0.0
2017-07-12 00:00:00,0.0
2017-07-13 00:00:00,0.0
2017-07-14 00:00:00,0.0
2017-07-15 00:00:00,0.0
2017-07-16 00:00:00,0.0
2017-07-17 00:00:00,0.0
2017-07-18 00:00:00,0.0
2017-07-19 00:00:00,0.0
2017-07-20 00:00:00,0.0
2017-07-21 00:00:00,0.0
2017-07-22 00:00:00,0.0
2017-07-23 00:00:00,0.0
2017-07-24 00:00:00,0.0
2017-07-25 00:00:00,0.0
2017-07-26 00:00:00,0.0
2017-07-27 00:00:00,0.0
2017-07-28 00:00:00,0.0
2017-07-29 00:00:00,0.0
2017-07-30 00:00:00,0.0
2017-07-31 00:00:00,0.0
2017-08-01 00:00:00,0.0
2017-08-02 00:00:00,0.0
2017-08-03 00:00:00,0.0
2017-08-04 00:00:00,0.0
2017-08-05 00:00:00,0.0
2017-08-06 00:00:00,0.0
2017-08-07 00:00:00,0.0
2017-08-08 00:00:00,0.0
2017-08-09 00:00:00,0.0
2017-08-10 00:00:00,0.0
2017-08-11 00:00:00,0.0
2017-08-12 00:00:00,0.0
2017-08-13 00:00:00,23.39999771118164
2017-08-14 00:00:00,16.51999855041504
2017-08-15 00:00:00,2.299999952316284
2017-08-16 00:00:00,58.49000549316406
2017-08-17 00:00:00,15.939998626708984
2017-08-18 00:00:00,2.0249998569488525
2017-08-19 00:00:00,0.2549999952316284
2017-08-20 00:00:00,0.0
2017-08-21 00:00:00,0.0
2017-08-22 00:00:00,0.0
2017-08-23 00:00:00,0.0
2017-08-24 00:00:00,0.0
2017-08-25 00:00:00,0.0
2017-08-26 00:00:00,0.0
2017-08-27 00:00:00,0.0
2017-08-28 00:00:00,0.0
2017-08-29 00:00:00,0.0
2017-08-30 00:00:00,0.0
2017-08-31 00:00:00,0.0
2017-09-01 00:00:00,0.0
2017-09-02 00:00:00,0.0
2017-09-03 00:00:00,0.0
2017-09-04 00:00:00,0.0
2017-09-05 00:00:00,33.48500442504883
2017-09-06 00:00:00,0.0
2017-09-07 00:00:00,0.0
2017-09-08 00:00:00,0.0
2017-09-09 00:00:00,0.0
2017-09-10 00:00:00,0.0
2017-09-11 00:00:00,0.14000000059604645
2017-09-12 00:00:00,6.5199995040893555
2017-09-13 00:00:00,0.0
2017-09-14 00:00:00,0.0
2017-09-15 00:00:00,1.609999656677246
2017-09-16 00:00:00,1.5449998378753662
2017-09-17 00:00:00,0.0
2017-09-18 00:00:00,4.724999904632568
2017-09-19 00:00:00,0.0
2017-09-20 00:00:00,0.0
2017-09-21 00:00:00,0.0
2017-09-22 00:00:00,0.0
2017-09-23 00:00:00,0.0
2017-09-24 00:00:00,0.004999999888241291
2017-09-25 00:00:00,0.0
2017-09-26 00:00:00,47.56000900268555
2017-09-27 00:00:00,0.0
2017-09-28 00:00:00,25.994997024536133
2017-09-29 00:00:00,0.0
2017-09-30 00:00:00,0.0
2017-10-01 00:00:00,0.0
2017-10-02 00:00:00,55.55500030517578
2017-10-03 00:00:00,0.0
2017-10-04 00:00:00,0.0
2017-10-05 00:00:00,0.0
2017-10-06 00:00:00,0.0
2017-10-07 00:00:00,0.3050000071525574
2017-10-08 00:00:00,0.8949999809265137
2017-10-09 00:00:00,0.0
2017-10-10 00:00:00,0.0
2017-10-11 00:00:00,17.084999084472656
2017-10-12 00:00:00,2.0399999618530273
2017-10-13 00:00:00,1.5299999713897705
2017-10-14 00:00:00,9.24000072479248
2017-10-15 00:00:00,0.0
2017-10-16 00:00:00,0.0
2017-10-17 00:00:00,0.0
2017-10-18 00:00:00,0.0
2017-10-19 00:00:00,10.694999694824219
2017-10-20 00:00:00,29.815000534057617
2017-10-21 00:00:00,0.32999998331069946
2017-10-22 00:00:00,0.3999999761581421
2017-10-23 00:00:00,0.6049999594688416
2017-10-24 00:00:00,0.0
2017-10-25 00:00:00,0.0
2017-10-26 00:00:00,0.0
2017-10-27 00:00:00,0.0
2017-10-28 00:00:00,47.29499816894531
2017-10-29 00:00:00,0.0
2017-10-30 00:00:00,0.0
2017-10-31 00:00:00,3.309999942779541
2017-11-01 00:00:00,0.07499999552965164
2017-11-02 00:00:00,0.0
2017-11-03 00:00:00,0.0
2017-11-04 00:00:00,0.6499999761581421
2017-11-05 00:00:00,41.42499923706055
2017-11-06 00:00:00,0.4099999666213989
2017-11-07 00:00:00,0.0
2017-11-08 00:00:00,0.0
2017-11-09 00:00:00,3.244999885559082
2017-11-10 00:00:00,0.0
2017-11-11 00:00:00,26.595001220703125
2017-11-12 00:00:00,0.0
2017-11-13 00:00:00,0.0
2017-11-14 00:00:00,0.0
2017-11-15 00:00:00,0.0
2017-11-16 00:00:00,7.3899993896484375
2017-11-17 00:00:00,35.70499801635742
2017-11-18 00:00:00,0.0
2017-11-19 00:00:00,71.72498321533203
2017-11-20 00:00:00,0.0
2017-11-21 00:00:00,0.0
2017-11-22 00:00:00,26.45999526977539
2017-11-23 00:00:00,0.0
2017-11-24 00:00:00,0.0
2017-11-25 00:00:00,0.0
2017-11-26 00:00:00,1.2549998760223389
2017-11-27 00:00:00,9.34999942779541
2017-11-28 00:00:00,3.125
2017-11-29 00:00:00,2.3299999237060547
2017-11-30 00:00:00,0.0
2017-12-01 00:00:00,124.3699951171875
2017-12-02 00:00:00,1.8799998760223389
2017-12-03 00:00:00,2.505000114440918
2017-12-04 00:00:00,7.0
2017-12-05 00:00:00,95.26500701904297
2017-12-06 00:00:00,0.6800000071525574
2017-12-07 00:00:00,0.1899999976158142
2017-12-08 00:00:00,1.1299999952316284
2017-12-09 00:00:00,0.0
2017-12-10 00:00:00,86.64999389648438
2017-12-11 00:00:00,2.0149998664855957
2017-12-12 00:00:00,0.0
2017-12-13 00:00:00,0.0
2017-12-14 00:00:00,0.0
2017-12-15 00:00:00,0.0
2017-12-16 00:00:00,0.0
2017-12-17 00:00:00,0.0
2017-12-18 00:00:00,50.62499237060547
2017-12-19 00:00:00,2.259999990463257
2017-12-20 00:00:00,2.950000047683716
2017-12-21 00:00:00,11.22499942779541
2017-12-22 00:00:00,19.579998016357422
2017-12-23 00:00:00,31.18499755859375
2017-12-24 00:00:00,66.93000793457031
2017-12-25 00:00:00,0.0
2017-12-26 00:00:00,0.18000000715255737
2017-12-27 00:00:00,0.0
2017-12-28 00:00:00,22.799999237060547
2017-12-29 00:00:00,33.464996337890625
2017-12-30 00:00:00,1.0049999952316284
2017-12-31 00:00:00,0.0
2018-01-01 00:00:00,5.25
2018-01-02 00:00:00,3.7350001335144043
2018-01-03 00:00:00,74.30999755859375
2018-01-04 00:00:00,2.240000009536743
2018-01-05 00:00:00,0.0
2018-01-06 00:00:00,38.775001525878906
2018-01-07 00:00:00,2.0149998664855957
2018-01-08 00:00:00,0.23499998450279236
2018-01-09 00:00:00,0.0
2018-01-10 00:00:00,5.0849995613098145
2018-01-11 00:00:00,56.88499450683594
2018-01-12 00:00:00,6.630000114440918
2018-01-13 00:00:00,10.084999084472656
2018-01-14 00:00:00,51.529998779296875
2018-01-15 00:00:00,41.09499740600586
2018-01-16 00:00:00,0.0
2018-01-17 00:00:00,0.0
2018-01-18 00:00:00,14.499999046325684
2018-01-19 00:00:00,0.0
2018-01-20 00:00:00,20.6299991607666
2018-01-21 00:00:00,0.0
2018-01-22 00:00:00,0.0
2018-01-23 00:00:00,0.0
2018-01-24 00:00:00,0.2549999952316284
2018-01-25 00:00:00,4.439999580383301
2018-01-26 00:00:00,23.279998779296875
2018-01-27 00:00:00,10.39000129699707
2018-01-28 00:00:00,102.29997253417969
2018-01-29 00:00:00,24.18499755859375
2018-01-30 00:00:00,1.6500000953674316
2018-01-31 00:00:00,29.73999786376953
2018-02-01 00:00:00,77.62999725341797
2018-02-02 00:00:00,6.434999465942383
2018-02-03 00:00:00,0.0
2018-02-04 00:00:00,0.20500001311302185
2018-02-05 00:00:00,0.0
2018-02-06 00:00:00,0.0
2018-02-07 00:00:00,22.854997634887695
2018-02-08 00:00:00,68.28499603271484
2018-02-09 00:00:00,2.179999828338623
2018-02-10 00:00:00,1.959999918937683
2018-02-11 00:00:00,15.069999694824219
2018-02-12 00:00:00,105.14500427246094
2018-02-13 00:00:00,5.000000476837158
2018-02-14 00:00:00,1.999999761581421
2018-02-15 00:00:00,6.079998970031738
2018-02-16 00:00:00,8.75
2018-02-17 00:00:00,0.7299999594688416
2018-02-18 00:00:00,8.405000686645508
2018-02-19 00:00:00,8.03499984741211
2018-02-20 00:00:00,0.0
2018-02-21 00:00:00,16.089998245239258
2018-02-22 00:00:00,0.17499999701976776
2018-02-23 00:00:00,0.12999999523162842
2018-02-24 00:00:00,0.13999998569488525
2018-02-25 00:00:00,2.179999828338623
2018-02-26 00:00:00,9.430000305175781
2018-02-27 00:00:00,6.364999771118164
2018-02-28 00:00:00,0.04999999701976776
2018-03-01 00:00:00,23.954999923706055
2018-03-02 00:00:00,0.23000000417232513
2018-03-03 00:00:00,0.1550000011920929
2018-03-04 00:00:00,0.0
2018-03-05 00:00:00,0.6949999928474426
2018-03-06 00:00:00,82.47999572753906
2018-03-07 00:00:00,1.840000033378601
2018-03-08 00:00:00,0.06499999761581421
2018-03-09 00:00:00,5.065000057220459
2018-03-10 00:00:00,0.0
2018-03-11 00:00:00,10.864999771118164
2018-03-12 00:00:00,18.795000076293945
2018-03-13 00:00:00,0.2849999964237213
2018-03-14 00:00:00,8.660000801086426
2018-03-15 00:00:00,0.0
2018-03-16 00:00:00,19.540000915527344
2018-03-17 00:00:00,0.0
2018-03-18 00:00:00,0.0
2018-03-19 00:00:00,0.0
2018-03-20 00:00:00,0.03500000014901161
2018-03-21 00:00:00,0.0
2018-03-22 00:00:00,0.0
2018-03-23 00:00:00,0.0
2018-03-24 00:00:00,0.0
2018-03-25 00:00:00,62.659996032714844
2018-03-26 00:00:00,2.700000286102295
2018-03-27 00:00:00,0.0
2018-03-28 00:00:00,0.0
2018-03-29 00:00:00,0.0
2018-03-30 00:00:00,0.0
2018-03-31 00:00:00,1.3650000095367432
2018-04-01 00:00:00,0.0
2018-04-02 00:00:00,0.0
2018-04-03 00:00:00,0.0
2018-04-04 00:00:00,0.0
2018-04-05 00:00:00,0.0
2018-04-06 00:00:00,16.294998168945312
2018-04-07 00:00:00,0.0
2018-04-08 00:00:00,4.159999847412109
2018-04-09 00:00:00,0.0
2018-04-10 00:00:00,0.0
2018-04-11 00:00:00,0.0
2018-04-12 00:00:00,2.6700000762939453
2018-04-13 00:00:00,103.3800048828125
2018-04-14 00:00:00,0.0
2018-04-15 00:00:00,0.0
2018-04-16 00:00:00,0.0
2018-04-17 00:00:00,0.0
2018-04-18 00:00:00,0.0
2018-04-19 00:00:00,0.0
2018-04-20 00:00:00,0.0
2018-04-21 00:00:00,0.0
2018-04-22 00:00:00,0.0
2018-04-23 00:00:00,0.0
2018-04-24 00:00:00,5.399999618530273
2018-04-25 00:00:00,1.2300000190734863
2018-04-26 00:00:00,0.0
2018-04-27 00:00:00,0.07999999821186066
2018-04-28 00:00:00,5.999999523162842
2018-04-29 00:00:00,0.029999999329447746
2018-04-30 00:00:00,0.0
2018-05-01 00:00:00,4.789999961853027
2018-05-02 00:00:00,0.0
2018-05-03 00:00:00,0.0
2018-05-04 00:00:00,72.79999542236328
2018-05-05 00:00:00,0.0
2018-05-06 00:00:00,16.989999771118164
2018-05-07 00:00:00,0.0
2018-05-08 00:00:00,0.0
2018-05-09 00:00:00,0.0
2018-05-10 00:00:00,0.03999999910593033
2018-05-11 00:00:00,0.0
2018-05-12 00:00:00,0.0
2018-05-13 00:00:00,0.0
2018-05-14 00:00:00,0.0
2018-05-15 00:00:00,0.0
2018-05-16 00:00:00,8.4350004196167
2018-05-17 00:00:00,0.5149999856948853
2018-05-18 00:00:00,0.9099999666213989
2018-05-19 00:00:00,67.57500457763672
2018-05-20 00:00:00,3.5299997329711914
2018-05-21 00:00:00,0.0
2018-05-22 00:00:00,0.0
2018-05-23 00:00:00,0.0
2018-05-24 00:00:00,0.0
2018-05-25 00:00:00,0.0
2018-05-26 00:00:00,0.0
2018-05-27 00:00:00,0.0
2018-05-28 00:00:00,2.684999942779541
2018-05-29 00:00:00,0.0
2018-05-30 00:00:00,0.0
2018-05-31 00:00:00,0.0
2018-06-01 00:00:00,41.54999923706055
2018-06-02 00:00:00,11.014998435974121
2018-06-03 00:00:00,17.400001525878906
2018-06-04 00:00:00,0.26499998569488525
2018-06-05 00:00:00,0.0
2018-06-06 00:00:00,0.0
2018-06-07 00:00:00,0.0
2018-06-08 00:00:00,0.0
2018-06-09 00:00:00,0.004999999888241291
2018-06-10 00:00:00,1.0299999713897705
2018-06-11 00:00:00,2.234999895095825
2018-06-12 00:00:00,12.845000267028809
2018-06-13 00:00:00,0.0
2018-06-14 00:00:00,0.0
2018-06-15 00:00:00,0.0
2018-06-16 00:00:00,0.0
2018-06-17 00:00:00,0.0
2018-06-18 00:00:00,0.0
2018-06-19 00:00:00,0.0
2018-06-20 00:00:00,0.0
2018-06-21 00:00:00,0.0
2018-06-22 00:00:00,0.0
2018-06-23 00:00:00,0.17499999701976776
2018-06-24 00:00:00,0.0
2018-06-25 00:00:00,0.0
2018-06-26 00:00:00,0.9850000143051147
2018-06-27 00:00:00,3.0250000953674316
2018-06-28 00:00:00,0.0
2018-06-29 00:00:00,0.0
2018-06-30 00:00:00,0.0
2018-07-01 00:00:00,0.0
2018-07-02 00:00:00,0.0
2018-07-03 00:00:00,0.0
2018-07-04 00:00:00,0.0
2018-07-05 00:00:00,0.0
2018-07-06 00:00:00,0.0
2018-07-07 00:00:00,0.0
2018-07-08 00:00:00,0.0
2018-07-09 00:00:00,0.0
2018-07-10 00:00:00,0.0
2018-07-11 00:00:00,0.0
2018-07-12 00:00:00,0.0
2018-07-13 00:00:00,0.0
2018-07-14 00:00:00,0.0
2018-07-15 00:00:00,0.0
2018-07-16 00:00:00,0.0
2018-07-17 00:00:00,0.0
2018-07-18 00:00:00,0.0
2018-07-19 00:00:00,0.0
2018-07-20 00:00:00,1.2799999713897705
2018-07-21 00:00:00,1.3749998807907104
2018-07-22 00:00:00,0.8700000047683716
2018-07-23 00:00:00,0.0
2018-07-24 00:00:00,0.0
2018-07-25 00:00:00,0.0
2018-07-26 00:00:00,0.0
2018-07-27 00:00:00,0.0
2018-07-28 00:00:00,0.0
2018-07-29 00:00:00,0.0
2018-07-30 00:00:00,0.0
2018-07-31 00:00:00,0.0
2018-08-01 00:00:00,0.0
2018-08-02 00:00:00,0.0
2018-08-03 00:00:00,0.0
2018-08-04 00:00:00,27.43000030517578
2018-08-05 00:00:00,17.714998245239258
2018-08-06 00:00:00,0.7400000095367432
2018-08-07 00:00:00,1.8350000381469727
2018-08-08 00:00:00,0.0
2018-08-09 00:00:00,1.534999966621399
2018-08-10 00:00:00,0.0
2018-08-11 00:00:00,0.0
2018-08-12 00:00:00,0.0
2018-08-13 00:00:00,0.0
2018-08-14 00:00:00,25.819995880126953
2018-08-15 00:00:00,1.690000057220459
2018-08-16 00:00:00,0.0
2018-08-17 00:00:00,0.0
2018-08-18 00:00:00,0.0
2018-08-19 00:00:00,4.815000057220459
2018-08-20 00:00:00,4.510000705718994
2018-08-21 00:00:00,2.5749998092651367
2018-08-22 00:00:00,0.0
2018-08-23 00:00:00,0.0
2018-08-24 00:00:00,0.0
2018-08-25 00:00:00,1.3399999141693115
2018-08-26 00:00:00,0.0
2018-08-27 00:00:00,0.0
2018-08-28 00:00:00,0.0
2018-08-29 00:00:00,0.0
2018-08-30 00:00:00,0.0
2018-08-31 00:00:00,0.0
2018-09-01 00:00:00,17.815000534057617
2018-09-02 00:00:00,5.46999979019165
2018-09-03 00:00:00,0.0
2018-09-04 00:00:00,0.0
2018-09-05 00:00:00,0.0
2018-09-06 00:00:00,0.0
2018-09-07 00:00:00,0.0
2018-09-08 00:00:00,0.0
2018-09-09 00:00:00,0.0
2018-09-10 00:00:00,0.0
2018-09-11 00:00:00,0.0
2018-09-12 00:00:00,0.0
2018-09-13 00:00:00,0.0
2018-09-14 00:00:00,0.8999999761581421
2018-09-15 00:00:00,0.11499999463558197
2018-09-16 00:00:00,9.389999389648438
2018-09-17 00:00:00,0.0
2018-09-18 00:00:00,1.3299999237060547
2018-09-19 00:00:00,0.0
2018-09-20 00:00:00,0.0
2018-09-21 00:00:00,0.0
2018-09-22 00:00:00,0.0
2018-09-23 00:00:00,0.0
2018-09-24 00:00:00,0.0
2018-09-25 00:00:00,0.0
2018-09-26 00:00:00,0.0
2018-09-27 00:00:00,0.0
2018-09-28 00:00:00,2.3899998664855957
2018-09-29 00:00:00,69.71000671386719
2018-09-30 00:00:00,0.0
2018-10-01 00:00:00,0.0
2018-10-02 00:00:00,0.10999999940395355
2018-10-03 00:00:00,0.0
2018-10-04 00:00:00,2.5450000762939453
2018-10-05 00:00:00,0.0
2018-10-06 00:00:00,0.0
2018-10-07 00:00:00,0.0
2018-10-08 00:00:00,11.599998474121094
2018-10-09 00:00:00,0.0
2018-10-10 00:00:00,0.0
2018-10-11 00:00:00,110.13499450683594
2018-10-12 00:00:00,0.029999997466802597
2018-10-13 00:00:00,0.0
2018-10-14 00:00:00,0.14499999582767487
2018-10-15 00:00:00,0.0
2018-10-16 00:00:00,1.34499990940094
2018-10-17 00:00:00,3.2599997520446777
2018-10-18 00:00:00,0.48499998450279236
2018-10-19 00:00:00,42.30999755859375
2018-10-20 00:00:00,4.744999885559082
2018-10-21 00:00:00,0.1599999964237213
2018-10-22 00:00:00,0.7599999904632568
2018-10-23 00:00:00,9.325000762939453
2018-10-24 00:00:00,1.8599998950958252
2018-10-25 00:00:00,16.54499626159668
2018-10-26 00:00:00,0.0
2018-10-27 00:00:00,5.339999675750732
2018-10-28 00:00:00,11.63499927520752
2018-10-29 00:00:00,3.7950000762939453
2018-10-30 00:00:00,0.0
2018-10-31 00:00:00,1.7100000381469727
2018-11-01 00:00:00,20.209999084472656
2018-11-02 00:00:00,3.1999993324279785
2018-11-03 00:00:00,0.054999999701976776
2018-11-04 00:00:00,64.20999908447266
2018-11-05 00:00:00,57.345001220703125
2018-11-06 00:00:00,5.179999828338623
2018-11-07 00:00:00,3.365000009536743
2018-11-08 00:00:00,0.0
2018-11-09 00:00:00,0.0
2018-11-10 00:00:00,0.0
2018-11-11 00:00:00,0.0
2018-11-12 00:00:00,0.0
2018-11-13 00:00:00,0.0
2018-11-14 00:00:00,0.029999999329447746
2018-11-15 00:00:00,16.57999610900879
2018-11-16 00:00:00,0.23999997973442078
2018-11-17 00:00:00,0.0949999988079071
2018-11-18 00:00:00,1.1799999475479126
2018-11-19 00:00:00,45.875
2018-11-20 00:00:00,0.125
2018-11-21 00:00:00,0.0
2018-11-22 00:00:00,1.284999966621399
2018-11-23 00:00:00,44.220001220703125
2018-11-24 00:00:00,12.039999961853027
2018-11-25 00:00:00,0.6699999570846558
2018-11-26 00:00:00,0.0
2018-11-27 00:00:00,0.3499999940395355
2018-11-28 00:00:00,8.364999771118164
2018-11-29 00:00:00,1.8550000190734863
2018-11-30 00:00:00,2.309999942779541
2018-12-01 00:00:00,1.7049999237060547
2018-12-02 00:00:00,12.494999885559082
2018-12-03 00:00:00,0.0
2018-12-04 00:00:00,0.0
2018-12-05 00:00:00,9.450000762939453
2018-12-06 00:00:00,13.69999885559082
2018-12-07 00:00:00,0.0
2018-12-08 00:00:00,0.1850000023841858
2018-12-09 00:00:00,0.1850000023841858
2018-12-10 00:00:00,0.42000001668930054
2018-12-11 00:00:00,0.019999999552965164
2018-12-12 00:00:00,9.159998893737793
2018-12-13 00:00:00,76.08000183105469
2018-12-14 00:00:00,0.0
2018-12-15 00:00:00,36.404998779296875
2018-12-16 00:00:00,9.654999732971191
2018-12-17 00:00:00,11.294999122619629
2018-12-18 00:00:00,3.3299994468688965
2018-12-19 00:00:00,15.754999160766602
2018-12-20 00:00:00,7.050002098083496
2018-12-21 00:00:00,2.240000009536743
2018-12-22 00:00:00,44.040000915527344
2018-12-23 00:00:00,24.829999923706055
2018-12-24 00:00:00,10.309999465942383
2018-12-25 00:00:00,1.7749998569488525
2018-12-26 00:00:00,0.2849999964237213
2018-12-27 00:00:00,0.0
2018-12-28 00:00:00,0.0
2018-12-29 00:00:00,0.6399999260902405
2018-12-30 00:00:00,1.5199999809265137
2018-12-31 00:00:00,14.064998626708984
2019-01-01 00:00:00,0.5549999475479126
2019-01-02 00:00:00,0.04999999701976776
2019-01-03 00:00:00,0.0
2019-01-04 00:00:00,11.994999885559082
2019-01-05 00:00:00,2.9700000286102295
2019-01-06 00:00:00,0.8999999761581421
2019-01-07 00:00:00,0.0
2019-01-08 00:00:00,13.19999885559082
2019-01-09 00:00:00,0.2199999988079071
2019-01-10 00:00:00,0.17999999225139618
2019-01-11 00:00:00,143.26998901367188
2019-01-12 00:00:00,0.4649999737739563
2019-01-13 00:00:00,0.0
2019-01-14 00:00:00,0.6049999594688416
2019-01-15 00:00:00,0.0
2019-01-16 00:00:00,4.284999847412109
2019-01-17 00:00:00,0.0
2019-01-18 00:00:00,0.0
2019-01-19 00:00:00,0.3199999928474426
2019-01-20 00:00:00,0.0
2019-01-21 00:00:00,0.0
2019-01-22 00:00:00,8.710000991821289
2019-01-23 00:00:00,0.9099999666213989
2019-01-24 00:00:00,0.0
2019-01-25 00:00:00,3.6550002098083496
2019-01-26 00:00:00,0.0
2019-01-27 00:00:00,0.17000000178813934
2019-01-28 00:00:00,50.994998931884766
2019-01-29 00:00:00,8.550000190734863
2019-01-30 00:00:00,46.124996185302734
2019-01-31 00:00:00,16.145000457763672
2019-02-01 00:00:00,26.6199951171875
2019-02-02 00:00:00,6.869998931884766
2019-02-03 00:00:00,2.559999942779541
2019-02-04 00:00:00,0.0
2019-02-05 00:00:00,0.0
2019-02-06 00:00:00,0.0
2019-02-07 00:00:00,0.0
2019-02-08 00:00:00,0.0
2019-02-09 00:00:00,11.38499927520752
2019-02-10 00:00:00,10.494999885559082
2019-02-11 00:00:00,24.670001983642578
2019-02-12 00:00:00,39.61499786376953
2019-02-13 00:00:00,3.114999771118164
2019-02-14 00:00:00,0.0
2019-02-15 00:00:00,2.8249998092651367
2019-02-16 00:00:00,0.0
2019-02-17 00:00:00,0.0
2019-02-18 00:00:00,0.0
2019-02-19 00:00:00,0.08500000089406967
2019-02-20 00:00:00,96.05999755859375
2019-02-21 00:00:00,0.0
2019-02-22 00:00:00,0.0
2019-02-23 00:00:00,0.0
2019-02-24 00:00:00,25.40999984741211
2019-02-25 00:00:00,0.28999999165534973
2019-02-26 00:00:00,48.5049934387207
2019-02-27 00:00:00,68.62000274658203
2019-02-28 00:00:00,0.0
2019-03-01 00:00:00,0.0
2019-03-02 00:00:00,0.0
2019-03-03 00:00:00,19.10999870300293
2019-03-04 00:00:00,0.0
2019-03-05 00:00:00,0.5449999570846558
2019-03-06 00:00:00,12.379999160766602
2019-03-07 00:00:00,0.0
2019-03-08 00:00:00,0.0
2019-03-09 00:00:00,31.174999237060547
2019-03-10 00:00:00,0.28999999165534973
2019-03-11 00:00:00,0.29499998688697815
2019-03-12 00:00:00,0.2549999952316284
2019-03-13 00:00:00,73.33001708984375
2019-03-14 00:00:00,7.7649993896484375
2019-03-15 00:00:00,0.8650000095367432
2019-03-16 00:00:00,4.5
2019-03-17 00:00:00,0.0
2019-03-18 00:00:00,1.6699998378753662
2019-03-19 00:00:00,0.3100000023841858
2019-03-20 00:00:00,32.18000030517578
2019-03-21 00:00:00,22.109996795654297
2019-03-22 00:00:00,0.0
2019-03-23 00:00:00,0.0
2019-03-24 00:00:00,0.0
2019-03-25 00:00:00,18.51999855041504
2019-03-26 00:00:00,0.37999993562698364
2019-03-27 00:00:00,6.489999771118164
2019-03-28 00:00:00,0.0
2019-03-29 00:00:00,3.7750000953674316
2019-03-30 00:00:00,0.19500002264976501
2019-03-31 00:00:00,0.0
2019-04-01 00:00:00,2.489999771118164
2019-04-02 00:00:00,17.2549991607666
2019-04-03 00:00:00,0.6249999403953552
2019-04-04 00:00:00,30.699996948242188
2019-04-05 00:00:00,67.08500671386719
2019-04-06 00:00:00,0.11999998986721039
2019-04-07 00:00:00,0.0
2019-04-08 00:00:00,0.0
2019-04-09 00:00:00,0.0
2019-04-10 00:00:00,0.0
2019-04-11 00:00:00,0.0
2019-04-12 00:00:00,0.0
2019-04-13 00:00:00,0.0
2019-04-14 00:00:00,0.0
2019-04-15 00:00:00,5.0849995613098145
2019-04-16 00:00:00,3.75
2019-04-17 00:00:00,0.014999999664723873
2019-04-18 00:00:00,0.0
2019-04-19 00:00:00,0.0
2019-04-20 00:00:00,0.0
2019-04-21 00:00:00,0.0
2019-04-22 00:00:00,36.125
2019-04-23 00:00:00,36.76499557495117
2019-04-24 00:00:00,0.6899999380111694
2019-04-25 00:00:00,0.0
2019-04-26 00:00:00,0.0
2019-04-27 00:00:00,10.230001449584961
2019-04-28 00:00:00,0.29999998211860657
2019-04-29 00:00:00,0.0
2019-04-30 00:00:00,0.0
2019-05-01 00:00:00,49.26499938964844
2019-05-02 00:00:00,1.5349998474121094
2019-05-03 00:00:00,0.0
2019-05-04 00:00:00,0.0
2019-05-05 00:00:00,0.0
2019-05-06 00:00:00,4.764999866485596
2019-05-07 00:00:00,0.21000000834465027
2019-05-08 00:00:00,0.0
2019-05-09 00:00:00,0.0
2019-05-10 00:00:00,0.0
2019-05-11 00:00:00,28.540000915527344
2019-05-12 00:00:00,16.540000915527344
2019-05-13 00:00:00,6.4249982833862305
2019-05-14 00:00:00,0.0
2019-05-15 00:00:00,0.0
2019-05-16 00:00:00,0.0
2019-05-17 00:00:00,0.0
2019-05-18 00:00:00,0.0
2019-05-19 00:00:00,0.0
2019-05-20 00:00:00,3.114999771118164
2019-05-21 00:00:00,0.0
2019-05-22 00:00:00,5.674999713897705
2019-05-23 00:00:00,57.98999786376953
2019-05-24 00:00:00,0.0
2019-05-25 00:00:00,0.0
2019-05-26 00:00:00,0.0
2019-05-27 00:00:00,0.0
2019-05-28 00:00:00,0.0
2019-05-29 00:00:00,0.0
2019-05-30 00:00:00,0.0
2019-05-31 00:00:00,0.0
2019-06-01 00:00:00,0.0
2019-06-02 00:00:00,24.699996948242188
2019-06-03 00:00:00,0.0
2019-06-04 00:00:00,0.0
2019-06-05 00:00:00,0.0
2019-06-06 00:00:00,0.0
2019-06-07 00:00:00,0.0
2019-06-08 00:00:00,0.0
2019-06-09 00:00:00,0.0
2019-06-10 00:00:00,0.05999999865889549
2019-06-11 00:00:00,0.0
2019-06-12 00:00:00,0.0
2019-06-13 00:00:00,0.0
2019-06-14 00:00:00,0.0
2019-06-15 00:00:00,0.0
2019-06-16 00:00:00,16.584999084472656
2019-06-17 00:00:00,0.05999999865889549
2019-06-18 00:00:00,0.0
2019-06-19 00:00:00,0.0
2019-06-20 00:00:00,0.0
2019-06-21 00:00:00,0.0
2019-06-22 00:00:00,0.0
2019-06-23 00:00:00,0.0
2019-06-24 00:00:00,0.0
2019-06-25 00:00:00,0.0
2019-06-26 00:00:00,14.579998970031738
2019-06-27 00:00:00,17.06999969482422
2019-06-28 00:00:00,0.0
2019-06-29 00:00:00,0.0
2019-06-30 00:00:00,0.0
2019-07-01 00:00:00,0.0
2019-07-02 00:00:00,0.0
2019-07-03 00:00:00,0.0
2019-07-04 00:00:00,0.0
2019-07-05 00:00:00,0.0
2019-07-06 00:00:00,0.0
2019-07-07 00:00:00,0.0
2019-07-08 00:00:00,0.0
2019-07-09 00:00:00,0.0
2019-07-10 00:00:00,0.0
2019-07-11 00:00:00,0.0
2019-07-12 00:00:00,0.0
2019-07-13 00:00:00,0.0
2019-07-14 00:00:00,0.0
2019-07-15 00:00:00,0.7299999594688416
2019-07-16 00:00:00,2.5799999237060547
2019-07-17 00:00:00,0.0
2019-07-18 00:00:00,0.44999998807907104
2019-07-19 00:00:00,0.16499999165534973
2019-07-20 00:00:00,0.0
2019-07-21 00:00:00,0.0
2019-07-22 00:00:00,0.0
2019-07-23 00:00:00,12.424999237060547
2019-07-24 00:00:00,84.44499969482422
2019-07-25 00:00:00,4.965000152587891
2019-07-26 00:00:00,0.0
2019-07-27 00:00:00,0.0
2019-07-28 00:00:00,0.0
2019-07-29 00:00:00,0.0
2019-07-30 00:00:00,0.0
2019-07-31 00:00:00,0.0
2019-08-01 00:00:00,0.0
2019-08-02 00:00:00,0.0
2019-08-03 00:00:00,0.0
2019-08-04 00:00:00,0.0
2019-08-05 00:00:00,0.0
2019-08-06 00:00:00,0.0
2019-08-07 00:00:00,0.0
2019-08-08 00:00:00,0.0
2019-08-09 00:00:00,0.0
2019-08-10 00:00:00,0.0
2019-08-11 00:00:00,0.0
2019-08-12 00:00:00,0.0
2019-08-13 00:00:00,0.0
2019-08-14 00:00:00,0.0
2019-08-15 00:00:00,0.0
2019-08-16 00:00:00,0.0
2019-08-17 00:00:00,0.0
2019-08-18 00:00:00,0.0
2019-08-19 00:00:00,0.0
2019-08-20 00:00:00,0.0
2019-08-21 00:00:00,0.0
2019-08-22 00:00:00,0.0
2019-08-23 00:00:00,0.0
2019-08-24 00:00:00,0.0
2019-08-25 00:00:00,0.0
2019-08-26 00:00:00,0.0
2019-08-27 00:00:00,2.1500000953674316
2019-08-28 00:00:00,0.0
2019-08-29 00:00:00,0.0
2019-08-30 00:00:00,0.0
2019-08-31 00:00:00,1.2050000429153442
2019-09-01 00:00:00,0.4949999749660492
2019-09-02 00:00:00,0.0
2019-09-03 00:00:00,0.0
2019-09-04 00:00:00,0.0
2019-09-05 00:00:00,0.0
2019-09-06 00:00:00,0.009999999776482582
2019-09-07 00:00:00,0.0
2019-09-08 00:00:00,14.444999694824219
2019-09-09 00:00:00,0.32499998807907104
2019-09-10 00:00:00,0.019999999552965164
2019-09-11 00:00:00,26.060001373291016
2019-09-12 00:00:00,5.224999904632568
2019-09-13 00:00:00,0.0
2019-09-14 00:00:00,0.0
2019-09-15 00:00:00,0.0
2019-09-16 00:00:00,0.0
2019-09-17 00:00:00,0.0
2019-09-18 00:00:00,0.0
2019-09-19 00:00:00,0.0
2019-09-20 00:00:00,0.0
2019-09-21 00:00:00,0.0
2019-09-22 00:00:00,0.0
2019-09-23 00:00:00,0.0
2019-09-24 00:00:00,0.0
2019-09-25 00:00:00,0.0
2019-09-26 00:00:00,0.7549999952316284
2019-09-27 00:00:00,0.0
2019-09-28 00:00:00,0.0
2019-09-29 00:00:00,0.0
2019-09-30 00:00:00,0.0
2019-10-01 00:00:00,0.0
2019-10-02 00:00:00,0.1599999964237213
2019-10-03 00:00:00,0.0
2019-10-04 00:00:00,0.0
2019-10-05 00:00:00,4.509999752044678
2019-10-06 00:00:00,33.80000305175781
2019-10-07 00:00:00,12.71500015258789
2019-10-08 00:00:00,0.0
2019-10-09 00:00:00,0.0
2019-10-10 00:00:00,0.0
2019-10-11 00:00:00,0.0
2019-10-12 00:00:00,0.11499999463558197
2019-10-13 00:00:00,0.0
2019-10-14 00:00:00,2.2899999618530273
2019-10-15 00:00:00,65.8699951171875
2019-10-16 00:00:00,0.0
2019-10-17 00:00:00,0.0
2019-10-18 00:00:00,6.324999809265137
2019-10-19 00:00:00,6.859999656677246
2019-10-20 00:00:00,0.0
2019-10-21 00:00:00,4.115000247955322
2019-10-22 00:00:00,0.20500001311302185
2019-10-23 00:00:00,0.0
2019-10-24 00:00:00,0.0
2019-10-25 00:00:00,2.619999885559082
2019-10-26 00:00:00,0.125
2019-10-27 00:00:00,0.0
2019-10-28 00:00:00,0.0
2019-10-29 00:00:00,0.0
2019-10-30 00:00:00,0.0
2019-10-31 00:00:00,8.164999961853027
2019-11-01 00:00:00,3.8500003814697266
2019-11-02 00:00:00,0.0
2019-11-03 00:00:00,1.2949999570846558
2019-11-04 00:00:00,2.5999999046325684
2019-11-05 00:00:00,2.619999885559082
2019-11-06 00:00:00,33.88999938964844
2019-11-07 00:00:00,30.59499740600586
2019-11-08 00:00:00,0.0
2019-11-09 00:00:00,0.8049999475479126
2019-11-10 00:00:00,26.579998016357422
2019-11-11 00:00:00,0.20500001311302185
2019-11-12 00:00:00,0.0
2019-11-13 00:00:00,0.0
2019-11-14 00:00:00,82.41500091552734
2019-11-15 00:00:00,0.0
2019-11-16 00:00:00,0.0
2019-11-17 00:00:00,0.0
2019-11-18 00:00:00,0.0
2019-11-19 00:00:00,0.0
2019-11-20 00:00:00,2.2200000286102295
2019-11-21 00:00:00,0.0
2019-11-22 00:00:00,0.0
2019-11-23 00:00:00,59.019989013671875
2019-11-24 00:00:00,0.0
2019-11-25 00:00:00,0.0
2019-11-26 00:00:00,0.0
2019-11-27 00:00:00,38.43499755859375
2019-11-28 00:00:00,1.0699999332427979
2019-11-29 00:00:00,0.0
2019-11-30 00:00:00,0.0
2019-12-01 00:00:00,7.149999618530273
2019-12-02 00:00:00,4.84499979019165
2019-12-03 00:00:00,0.98499995470047
2019-12-04 00:00:00,0.0
2019-12-05 00:00:00,5.424999237060547
2019-12-06 00:00:00,7.864999771118164
2019-12-07 00:00:00,0.7250000238418579
2019-12-08 00:00:00,31.014995574951172
2019-12-09 00:00:00,14.435001373291016
2019-12-10 00:00:00,9.405001640319824
2019-12-11 00:00:00,0.23000000417232513
2019-12-12 00:00:00,0.014999999664723873
2019-12-13 00:00:00,28.69499969482422
2019-12-14 00:00:00,1.274999976158142
2019-12-15 00:00:00,0.0
2019-12-16 00:00:00,9.21500015258789
2019-12-17 00:00:00,78.69000244140625
2019-12-18 00:00:00,0.559999942779541
2019-12-19 00:00:00,0.0
2019-12-20 00:00:00,0.0
2019-12-21 00:00:00,9.619998931884766
2019-12-22 00:00:00,15.424999237060547
2019-12-23 00:00:00,0.0
2019-12-24 00:00:00,0.0
2019-12-25 00:00:00,0.0
2019-12-26 00:00:00,42.27000045776367
2019-12-27 00:00:00,36.58500289916992
2019-12-28 00:00:00,0.4750000238418579
2019-12-29 00:00:00,3.9599997997283936
2019-12-30 00:00:00,16.224998474121094
2019-12-31 00:00:00,12.315000534057617
2020-01-01 00:00:00,16.51500129699707
2020-01-02 00:00:00,16.785001754760742
2020-01-03 00:00:00,38.65999984741211
2020-01-04 00:00:00,0.0
2020-01-05 00:00:00,13.849998474121094
2020-01-06 00:00:00,13.529998779296875
2020-01-07 00:00:00,112.4949951171875
2020-01-08 00:00:00,10.609999656677246
2020-01-09 00:00:00,3.3899998664855957
2020-01-10 00:00:00,0.0
2020-01-11 00:00:00,1.125
2020-01-12 00:00:00,4.169999599456787
2020-01-13 00:00:00,61.53999710083008
2020-01-14 00:00:00,3.815000057220459
2020-01-15 00:00:00,0.0
2020-01-16 00:00:00,0.0
2020-01-17 00:00:00,2.375
2020-01-18 00:00:00,0.0
2020-01-19 00:00:00,0.0
2020-01-20 00:00:00,0.5450000166893005
2020-01-21 00:00:00,0.0
2020-01-22 00:00:00,70.46499633789062
2020-01-23 00:00:00,5.724999904632568
2020-01-24 00:00:00,0.0
2020-01-25 00:00:00,0.0
2020-01-26 00:00:00,0.0
2020-01-27 00:00:00,0.0
2020-01-28 00:00:00,5.675000190734863
2020-01-29 00:00:00,3.5799999237060547
2020-01-30 00:00:00,2.5199997425079346
2020-01-31 00:00:00,18.55000114440918
2020-02-01 00:00:00,0.0
2020-02-02 00:00:00,0.15000000596046448
2020-02-03 00:00:00,36.14500045776367
2020-02-04 00:00:00,2.2800002098083496
2020-02-05 00:00:00,2.319999933242798
2020-02-06 00:00:00,1.2350000143051147
2020-02-07 00:00:00,0.06499999761581421
2020-02-08 00:00:00,3.9049997329711914
2020-02-09 00:00:00,71.25499725341797
2020-02-10 00:00:00,27.069997787475586
2020-02-11 00:00:00,8.5
2020-02-12 00:00:00,4.900000095367432
2020-02-13 00:00:00,0.3799999952316284
2020-02-14 00:00:00,2.2350001335144043
2020-02-15 00:00:00,0.0
2020-02-16 00:00:00,0.004999999888241291
2020-02-17 00:00:00,0.0
2020-02-18 00:00:00,0.17999999225139618
2020-02-19 00:00:00,7.329999923706055
2020-02-20 00:00:00,49.360008239746094
2020-02-21 00:00:00,0.0
2020-02-22 00:00:00,1.7049999237060547
2020-02-23 00:00:00,0.0
2020-02-24 00:00:00,0.0
2020-02-25 00:00:00,0.0
2020-02-26 00:00:00,180.87998962402344
2020-02-27 00:00:00,2.5799999237060547
2020-02-28 00:00:00,0.0
2020-02-29 00:00:00,0.0
2020-03-01 00:00:00,0.0
2020-03-02 00:00:00,0.0
2020-03-03 00:00:00,0.32499998807907104
2020-03-04 00:00:00,0.0
2020-03-05 00:00:00,0.0
2020-03-06 00:00:00,0.0
2020-03-07 00:00:00,0.0
2020-03-08 00:00:00,0.0
2020-03-09 00:00:00,0.0
2020-03-10 00:00:00,0.0
2020-03-11 00:00:00,0.0
2020-03-12 00:00:00,0.0
2020-03-13 00:00:00,0.0
2020-03-14 00:00:00,0.0
2020-03-15 00:00:00,0.0
2020-03-16 00:00:00,69.0949935913086
2020-03-17 00:00:00,4.925000190734863
2020-03-18 00:00:00,4.179999828338623
2020-03-19 00:00:00,0.3499999940395355
2020-03-20 00:00:00,48.56999969482422
2020-03-21 00:00:00,0.32500001788139343
2020-03-22 00:00:00,0.0
2020-03-23 00:00:00,3.4099998474121094
2020-03-24 00:00:00,0.0
2020-03-25 00:00:00,0.0
2020-03-26 00:00:00,106.4000015258789
2020-03-27 00:00:00,0.0
2020-03-28 00:00:00,0.0
2020-03-29 00:00:00,0.0
2020-03-30 00:00:00,0.25
2020-03-31 00:00:00,0.0
2020-04-01 00:00:00,0.0
2020-04-02 00:00:00,0.0
2020-04-03 00:00:00,1.3949999809265137
2020-04-04 00:00:00,0.0
2020-04-05 00:00:00,0.0
2020-04-06 00:00:00,1.5850000381469727
2020-04-07 00:00:00,146.1950225830078
2020-04-08 00:00:00,0.0
2020-04-09 00:00:00,0.0
2020-04-10 00:00:00,0.0
2020-04-11 00:00:00,0.0
2020-04-12 00:00:00,0.0
2020-04-13 00:00:00,0.0
2020-04-14 00:00:00,3.9000000953674316
2020-04-15 00:00:00,0.0
2020-04-16 00:00:00,0.0
2020-04-17 00:00:00,0.0
2020-04-18 00:00:00,0.0
2020-04-19 00:00:00,0.0
2020-04-20 00:00:00,0.0
2020-04-21 00:00:00,0.0
2020-04-22 00:00:00,0.0
2020-04-23 00:00:00,0.04999999701976776
2020-04-24 00:00:00,0.0
2020-04-25 00:00:00,0.0
2020-04-26 00:00:00,11.5600004196167
2020-04-27 00:00:00,0.0
2020-04-28 00:00:00,0.0
2020-04-29 00:00:00,5.62999963760376
2020-04-30 00:00:00,0.0
2020-05-01 00:00:00,0.0
2020-05-02 00:00:00,0.0
2020-05-03 00:00:00,0.0
2020-05-04 00:00:00,0.054999999701976776
2020-05-05 00:00:00,0.375
2020-05-06 00:00:00,51.14500427246094
2020-05-07 00:00:00,1.9600000381469727
2020-05-08 00:00:00,0.0
2020-05-09 00:00:00,0.0
2020-05-10 00:00:00,0.0
2020-05-11 00:00:00,0.0
2020-05-12 00:00:00,0.22499999403953552
2020-05-13 00:00:00,15.59000015258789
2020-05-14 00:00:00,2.625
2020-05-15 00:00:00,0.0
2020-05-16 00:00:00,0.0
2020-05-17 00:00:00,0.0
2020-05-18 00:00:00,0.0
2020-05-19 00:00:00,0.0
2020-05-20 00:00:00,0.0
2020-05-21 00:00:00,0.0
2020-05-22 00:00:00,41.18500518798828
2020-05-23 00:00:00,3.0199999809265137
2020-05-24 00:00:00,0.0
2020-05-25 00:00:00,0.0
2020-05-26 00:00:00,0.0
2020-05-27 00:00:00,0.0
2020-05-28 00:00:00,0.0
2020-05-29 00:00:00,0.0
2020-05-30 00:00:00,0.0
2020-05-31 00:00:00,0.0
2020-06-01 00:00:00,0.0
2020-06-02 00:00:00,4.010000228881836
2020-06-03 00:00:00,30.505001068115234
2020-06-04 00:00:00,30.80999755859375
2020-06-05 00:00:00,4.549999713897705
2020-06-06 00:00:00,0.0
2020-06-07 00:00:00,0.0
2020-06-08 00:00:00,0.0
2020-06-09 00:00:00,0.0
2020-06-10 00:00:00,0.0
2020-06-11 00:00:00,0.0
2020-06-12 00:00:00,0.0
2020-06-13 00:00:00,0.9300000071525574
2020-06-14 00:00:00,0.0
2020-06-15 00:00:00,0.0
2020-06-16 00:00:00,0.0
2020-06-17 00:00:00,0.0
2020-06-18 00:00:00,0.0
2020-06-19 00:00:00,0.0
2020-06-20 00:00:00,0.0
2020-06-21 00:00:00,0.0
2020-06-22 00:00:00,8.195000648498535
2020-06-23 00:00:00,0.0
2020-06-24 00:00:00,0.17999999225139618
2020-06-25 00:00:00,4.409999847412109
2020-06-26 00:00:00,37.644996643066406
2020-06-27 00:00:00,0.0
2020-06-28 00:00:00,0.0
2020-06-29 00:00:00,0.0
2020-06-30 00:00:00,0.0
2020-07-01 00:00:00,0.0
2020-07-02 00:00:00,0.0
2020-07-03 00:00:00,0.0
2020-07-04 00:00:00,0.0
2020-07-05 00:00:00,0.0
2020-07-06 00:00:00,0.0
2020-07-07 00:00:00,4.090000152587891
2020-07-08 00:00:00,52.389991760253906
2020-07-09 00:00:00,0.3400000035762787
2020-07-10 00:00:00,0.0
2020-07-11 00:00:00,0.0
2020-07-12 00:00:00,0.06499999761581421
2020-07-13 00:00:00,0.0
2020-07-14 00:00:00,0.0
2020-07-15 00:00:00,0.0
2020-07-16 00:00:00,0.0
2020-07-17 00:00:00,0.0
2020-07-18 00:00:00,0.0
2020-07-19 00:00:00,0.0
2020-07-20 00:00:00,0.0
2020-07-21 00:00:00,0.0
2020-07-22 00:00:00,0.0
2020-07-23 00:00:00,0.3100000023841858
2020-07-24 00:00:00,0.4949999749660492
2020-07-25 00:00:00,21.674999237060547
2020-07-26 00:00:00,0.9099999666213989
2020-07-27 00:00:00,0.0
2020-07-28 00:00:00,0.0
2020-07-29 00:00:00,0.0
2020-07-30 00:00:00,0.0
2020-07-31 00:00:00,0.0
2020-08-01 00:00:00,0.0
2020-08-02 00:00:00,0.0
2020-08-03 00:00:00,0.0
2020-08-04 00:00:00,0.0
2020-08-05 00:00:00,0.0
2020-08-06 00:00:00,0.0
2020-08-07 00:00:00,0.0
2020-08-08 00:00:00,0.0
2020-08-09 00:00:00,0.0
2020-08-10 00:00:00,0.0
2020-08-11 00:00:00,10.494999885559082
2020-08-12 00:00:00,92.4649887084961
2020-08-13 00:00:00,12.97499942779541
2020-08-14 00:00:00,8.184999465942383
2020-08-15 00:00:00,12.209999084472656
2020-08-16 00:00:00,29.18500328063965
2020-08-17 00:00:00,0.0
2020-08-18 00:00:00,0.0
2020-08-19 00:00:00,1.6299998760223389
2020-08-20 00:00:00,38.119998931884766
2020-08-21 00:00:00,0.2750000059604645
2020-08-22 00:00:00,0.0
2020-08-23 00:00:00,0.0
2020-08-24 00:00:00,0.0
2020-08-25 00:00:00,0.0
2020-08-26 00:00:00,0.0
2020-08-27 00:00:00,0.0
2020-08-28 00:00:00,0.0
2020-08-29 00:00:00,0.0
2020-08-30 00:00:00,0.02499999850988388
2020-08-31 00:00:00,0.019999999552965164
2020-09-01 00:00:00,0.0
2020-09-02 00:00:00,0.0
2020-09-03 00:00:00,0.0
2020-09-04 00:00:00,0.0
2020-09-05 00:00:00,0.0
2020-09-06 00:00:00,0.0
2020-09-07 00:00:00,5.049999713897705
2020-09-08 00:00:00,0.054999999701976776
2020-09-09 00:00:00,0.0
2020-09-10 00:00:00,0.0
2020-09-11 00:00:00,0.0
2020-09-12 00:00:00,0.0
2020-09-13 00:00:00,0.0
2020-09-14 00:00:00,10.144999504089355
2020-09-15 00:00:00,0.9699999690055847
2020-09-16 00:00:00,0.0
2020-09-17 00:00:00,0.17499999701976776
2020-09-18 00:00:00,0.3449999988079071
2020-09-19 00:00:00,0.7499999403953552
2020-09-20 00:00:00,7.864999771118164
2020-09-21 00:00:00,0.8350000381469727
2020-09-22 00:00:00,1.3399999141693115
2020-09-23 00:00:00,0.0
2020-09-24 00:00:00,0.0
2020-09-25 00:00:00,0.0
2020-09-26 00:00:00,0.0
2020-09-27 00:00:00,0.0
2020-09-28 00:00:00,38.31999588012695
2020-09-29 00:00:00,0.2150000035762787
2020-09-30 00:00:00,0.0
2020-10-01 00:00:00,0.0
2020-10-02 00:00:00,0.0
2020-10-03 00:00:00,0.0
2020-10-04 00:00:00,0.0
2020-10-05 00:00:00,0.0
2020-10-06 00:00:00,0.1599999964237213
2020-10-07 00:00:00,0.0
2020-10-08 00:00:00,0.0
2020-10-09 00:00:00,0.0
2020-10-10 00:00:00,0.0
2020-10-11 00:00:00,0.0
2020-10-12 00:00:00,0.0
2020-10-13 00:00:00,0.0
2020-10-14 00:00:00,0.0
2020-10-15 00:00:00,15.869999885559082
2020-10-16 00:00:00,20.859996795654297
2020-10-17 00:00:00,0.04999999701976776
2020-10-18 00:00:00,0.0
2020-10-19 00:00:00,0.8600000143051147
2020-10-20 00:00:00,2.619999885559082
2020-10-21 00:00:00,6.929999828338623
2020-10-22 00:00:00,0.0
2020-10-23 00:00:00,0.0
2020-10-24 00:00:00,0.0
2020-10-25 00:00:00,0.0
2020-10-26 00:00:00,50.26499938964844
2020-10-27 00:00:00,8.489999771118164
2020-10-28 00:00:00,0.0
2020-10-29 00:00:00,6.835000991821289
2020-10-30 00:00:00,0.044999998062849045
2020-10-31 00:00:00,0.35999998450279236
2020-11-01 00:00:00,0.0
2020-11-02 00:00:00,0.0
2020-11-03 00:00:00,0.0
2020-11-04 00:00:00,0.0
2020-11-05 00:00:00,0.0
2020-11-06 00:00:00,0.0
2020-11-07 00:00:00,0.0
2020-11-08 00:00:00,0.0
2020-11-09 00:00:00,5.50499963760376
2020-11-10 00:00:00,1.2000000476837158
2020-11-11 00:00:00,18.660001754760742
2020-11-12 00:00:00,69.2750015258789
2020-11-13 00:00:00,15.869998931884766
2020-11-14 00:00:00,0.0
2020-11-15 00:00:00,0.0
2020-11-16 00:00:00,0.0
2020-11-17 00:00:00,53.785003662109375
2020-11-18 00:00:00,1.3899999856948853
2020-11-19 00:00:00,2.1049997806549072
2020-11-20 00:00:00,0.0
2020-11-21 00:00:00,0.0
2020-11-22 00:00:00,0.0
2020-11-23 00:00:00,0.0
2020-11-24 00:00:00,0.0
2020-11-25 00:00:00,0.0
2020-11-26 00:00:00,5.494999885559082
2020-11-27 00:00:00,18.90999984741211
2020-11-28 00:00:00,0.06499999761581421
2020-11-29 00:00:00,0.0
2020-11-30 00:00:00,17.099998474121094
2020-12-01 00:00:00,5.97499942779541
2020-12-02 00:00:00,0.07000000029802322
2020-12-03 00:00:00,0.0
2020-12-04 00:00:00,32.57499694824219
2020-12-05 00:00:00,3.669999599456787
2020-12-06 00:00:00,0.0
2020-12-07 00:00:00,0.0
2020-12-08 00:00:00,0.0
2020-12-09 00:00:00,11.72499942779541
2020-12-10 00:00:00,2.984999895095825
2020-12-11 00:00:00,0.0
2020-12-12 00:00:00,0.7149999737739563
2020-12-13 00:00:00,0.0
2020-12-14 00:00:00,43.81999588012695
2020-12-15 00:00:00,0.0
2020-12-16 00:00:00,2.255000114440918
2020-12-17 00:00:00,0.1850000023841858
2020-12-18 00:00:00,0.0
2020-12-19 00:00:00,0.02499999850988388
2020-12-20 00:00:00,0.0
2020-12-21 00:00:00,35.8799934387207
2020-12-22 00:00:00,0.8049999475479126
2020-12-23 00:00:00,1.2299998998641968
2020-12-24 00:00:00,0.9399999976158142
2020-12-25 00:00:00,0.0
2020-12-26 00:00:00,63.80998992919922
2020-12-27 00:00:00,14.270000457763672
2020-12-28 00:00:00,30.65999984741211
2020-12-29 00:00:00,2.369999885559082
2020-12-30 00:00:00,8.930000305175781
2020-12-31 00:00:00,5.0450005531311035
2021-01-01 00:00:00,2.109999895095825
2021-01-02 00:00:00,0.0
2021-01-03 00:00:00,0.0
2021-01-04 00:00:00,16.029998779296875
2021-01-05 00:00:00,167.12997436523438
2021-01-06 00:00:00,30.250001907348633
2021-01-07 00:00:00,0.9649999737739563
2021-01-08 00:00:00,0.0
2021-01-09 00:00:00,0.0
2021-01-10 00:00:00,0.0
2021-01-11 00:00:00,1.9199999570846558
2021-01-12 00:00:00,0.0
2021-01-13 00:00:00,27.83999252319336
2021-01-14 00:00:00,0.1599999964237213
2021-01-15 00:00:00,17.80499839782715
2021-01-16 00:00:00,30.560001373291016
2021-01-17 00:00:00,26.64499855041504
2021-01-18 00:00:00,26.2449951171875
2021-01-19 00:00:00,0.07999999821186066
2021-01-20 00:00:00,0.07999999821186066
2021-01-21 00:00:00,0.0
2021-01-22 00:00:00,0.05999999865889549
2021-01-23 00:00:00,34.035003662109375
2021-01-24 00:00:00,0.0
2021-01-25 00:00:00,2.4649999141693115
2021-01-26 00:00:00,35.17500305175781
2021-01-27 00:00:00,16.544998168945312
2021-01-28 00:00:00,49.43000030517578
2021-01-29 00:00:00,6.404999732971191
2021-01-30 00:00:00,0.23999999463558197
2021-01-31 00:00:00,0.0
2021-02-01 00:00:00,0.13499999046325684
2021-02-02 00:00:00,0.0
2021-02-03 00:00:00,1.9449999332427979
2021-02-04 00:00:00,4.009999752044678
2021-02-05 00:00:00,0.0
2021-02-06 00:00:00,0.03500000014901161
2021-02-07 00:00:00,0.0
2021-02-08 00:00:00,0.0
2021-02-09 00:00:00,9.105000495910645
2021-02-10 00:00:00,46.09000778198242
2021-02-11 00:00:00,0.32499998807907104
2021-02-12 00:00:00,0.17999999225139618
2021-02-13 00:00:00,0.0
2021-02-14 00:00:00,0.0949999988079071
2021-02-15 00:00:00,0.7299999594688416
2021-02-16 00:00:00,0.48500001430511475
2021-02-17 00:00:00,78.0199966430664
2021-02-18 00:00:00,1.3550000190734863
2021-02-19 00:00:00,0.0
2021-02-20 00:00:00,0.0
2021-02-21 00:00:00,0.6200000047683716
2021-02-22 00:00:00,18.225000381469727
2021-02-23 00:00:00,0.14499999582767487
2021-02-24 00:00:00,0.0
2021-02-25 00:00:00,0.0
2021-02-26 00:00:00,200.8499755859375
2021-02-27 00:00:00,0.0
2021-02-28 00:00:00,28.545001983642578
2021-03-01 00:00:00,0.0
2021-03-02 00:00:00,0.0
2021-03-03 00:00:00,53.05500030517578
2021-03-04 00:00:00,23.079998016357422
2021-03-05 00:00:00,18.8700008392334
2021-03-06 00:00:00,0.03999999910593033
2021-03-07 00:00:00,0.0
2021-03-08 00:00:00,0.0
2021-03-09 00:00:00,25.064998626708984
2021-03-10 00:00:00,0.0
2021-03-11 00:00:00,0.0
2021-03-12 00:00:00,0.5
2021-03-13 00:00:00,0.0
2021-03-14 00:00:00,14.65999984741211
2021-03-15 00:00:00,16.064998626708984
2021-03-16 00:00:00,0.0
2021-03-17 00:00:00,0.29499998688697815
2021-03-18 00:00:00,15.200000762939453
2021-03-19 00:00:00,0.0
2021-03-20 00:00:00,0.0
2021-03-21 00:00:00,0.0
2021-03-22 00:00:00,2.630000114440918
2021-03-23 00:00:00,0.0
2021-03-24 00:00:00,1.2699999809265137
2021-03-25 00:00:00,0.0
2021-03-26 00:00:00,0.0
2021-03-27 00:00:00,61.47999572753906
2021-03-28 00:00:00,0.014999999664723873
2021-03-29 00:00:00,0.0
2021-03-30 00:00:00,0.0
2021-03-31 00:00:00,0.0
2021-04-01 00:00:00,4.130000114440918
2021-04-02 00:00:00,0.45500001311302185
2021-04-03 00:00:00,0.1249999925494194
2021-04-04 00:00:00,1.6899998188018799
2021-04-05 00:00:00,2.859999895095825
2021-04-06 00:00:00,1.1649999618530273
2021-04-07 00:00:00,5.680000305175781
2021-04-08 00:00:00,4.744999408721924
2021-04-09 00:00:00,0.5699999928474426
2021-04-10 00:00:00,9.335000038146973
2021-04-11 00:00:00,0.0
2021-04-12 00:00:00,8.484999656677246
2021-04-13 00:00:00,0.0
2021-04-14 00:00:00,0.0
2021-04-15 00:00:00,0.0
2021-04-16 00:00:00,11.014999389648438
2021-04-17 00:00:00,13.84000015258789
2021-04-18 00:00:00,19.87000274658203
2021-04-19 00:00:00,19.364999771118164
2021-04-20 00:00:00,0.0
2021-04-21 00:00:00,2.3849997520446777
2021-04-22 00:00:00,0.0
2021-04-23 00:00:00,32.494998931884766
2021-04-24 00:00:00,21.175003051757812
2021-04-25 00:00:00,28.854999542236328
2021-04-26 00:00:00,0.0
2021-04-27 00:00:00,0.0
2021-04-28 00:00:00,0.125
2021-04-29 00:00:00,1.2249999046325684
2021-04-30 00:00:00,0.0
2021-05-01 00:00:00,0.0
2021-05-02 00:00:00,0.0
2021-05-03 00:00:00,0.0
2021-05-04 00:00:00,0.0
2021-05-05 00:00:00,0.0
2021-05-06 00:00:00,0.6000000238418579
2021-05-07 00:00:00,0.2800000011920929
2021-05-08 00:00:00,0.0
2021-05-09 00:00:00,0.0
2021-05-10 00:00:00,0.0
2021-05-11 00:00:00,0.0
2021-05-12 00:00:00,0.0
2021-05-13 00:00:00,0.0
2021-05-14 00:00:00,0.0
2021-05-15 00:00:00,0.014999999664723873
2021-05-16 00:00:00,0.0
2021-05-17 00:00:00,34.334999084472656
2021-05-18 00:00:00,0.0
2021-05-19 00:00:00,0.0
2021-05-20 00:00:00,0.0
2021-05-21 00:00:00,12.389999389648438
2021-05-22 00:00:00,45.19999694824219
2021-05-23 00:00:00,12.30000114440918
2021-05-24 00:00:00,5.839999198913574
2021-05-25 00:00:00,0.0
2021-05-26 00:00:00,0.0
2021-05-27 00:00:00,0.0
2021-05-28 00:00:00,0.0
2021-05-29 00:00:00,0.0
2021-05-30 00:00:00,0.0
2021-05-31 00:00:00,0.4300000071525574
2021-06-01 00:00:00,0.0
2021-06-02 00:00:00,0.0
2021-06-03 00:00:00,0.0
2021-06-04 00:00:00,0.6800000071525574
2021-06-05 00:00:00,0.11499999463558197
2021-06-06 00:00:00,45.195003509521484
2021-06-07 00:00:00,0.5
2021-06-08 00:00:00,0.2199999988079071
2021-06-09 00:00:00,0.03999999910593033
2021-06-10 00:00:00,35.54500198364258
2021-06-11 00:00:00,28.575000762939453
2021-06-12 00:00:00,0.1599999964237213
2021-06-13 00:00:00,0.0
2021-06-14 00:00:00,0.0
2021-06-15 00:00:00,0.0
2021-06-16 00:00:00,0.0
2021-06-17 00:00:00,0.0
2021-06-18 00:00:00,0.0
2021-06-19 00:00:00,0.0
2021-06-20 00:00:00,0.0
2021-06-21 00:00:00,0.0
2021-06-22 00:00:00,0.0
2021-06-23 00:00:00,0.0
2021-06-24 00:00:00,0.0
2021-06-25 00:00:00,0.0
2021-06-26 00:00:00,0.0
2021-06-27 00:00:00,4.039999961853027
2021-06-28 00:00:00,5.470000743865967
2021-06-29 00:00:00,0.9099999666213989
2021-06-30 00:00:00,0.0
2021-07-01 00:00:00,0.0
2021-07-02 00:00:00,0.0
2021-07-03 00:00:00,0.0
2021-07-04 00:00:00,0.0
2021-07-05 00:00:00,0.0
2021-07-06 00:00:00,0.0
2021-07-07 00:00:00,0.0
2021-07-08 00:00:00,0.0
2021-07-09 00:00:00,0.0
2021-07-10 00:00:00,0.0
2021-07-11 00:00:00,0.0
2021-07-12 00:00:00,0.0
2021-07-13 00:00:00,0.0
2021-07-14 00:00:00,0.0
2021-07-15 00:00:00,22.19500160217285
2021-07-16 00:00:00,36.01000213623047
2021-07-17 00:00:00,0.0
2021-07-18 00:00:00,0.0
2021-07-19 00:00:00,0.0
2021-07-20 00:00:00,0.0
2021-07-21 00:00:00,0.0
2021-07-22 00:00:00,0.0
2021-07-23 00:00:00,0.0
2021-07-24 00:00:00,0.0
2021-07-25 00:00:00,0.0
2021-07-26 00:00:00,0.0
2021-07-27 00:00:00,0.0
2021-07-28 00:00:00,0.0
2021-07-29 00:00:00,0.0
2021-07-30 00:00:00,0.0
2021-07-31 00:00:00,0.0
2021-08-01 00:00:00,0.7400000095367432
2021-08-02 00:00:00,0.0
2021-08-03 00:00:00,0.0
2021-08-04 00:00:00,0.4050000309944153
2021-08-05 00:00:00,0.0
2021-08-06 00:00:00,0.0
2021-08-07 00:00:00,0.0
2021-08-08 00:00:00,0.0
2021-08-09 00:00:00,0.0
2021-08-10 00:00:00,0.0
2021-08-11 00:00:00,0.0
2021-08-12 00:00:00,0.0
2021-08-13 00:00:00,0.0
2021-08-14 00:00:00,0.0
2021-08-15 00:00:00,0.0
2021-08-16 00:00:00,0.0
2021-08-17 00:00:00,0.0
2021-08-18 00:00:00,0.0
2021-08-19 00:00:00,0.0
2021-08-20 00:00:00,0.0
2021-08-21 00:00:00,0.0
2021-08-22 00:00:00,0.0
2021-08-23 00:00:00,0.0
2021-08-24 00:00:00,0.0
2021-08-25 00:00:00,6.975000381469727
2021-08-26 00:00:00,85.84500885009766
2021-08-27 00:00:00,0.0
2021-08-28 00:00:00,2.1049997806549072
2021-08-29 00:00:00,0.35500001907348633
2021-08-30 00:00:00,0.0
2021-08-31 00:00:00,0.0
2021-09-01 00:00:00,0.0
2021-09-02 00:00:00,0.0
2021-09-03 00:00:00,0.17499999701976776
2021-09-04 00:00:00,0.0
2021-09-05 00:00:00,0.0
2021-09-06 00:00:00,0.0
2021-09-07 00:00:00,0.0
2021-09-08 00:00:00,0.0
2021-09-09 00:00:00,61.720001220703125
2021-09-10 00:00:00,0.0
2021-09-11 00:00:00,0.0
2021-09-12 00:00:00,0.0
2021-09-13 00:00:00,0.0
2021-09-14 00:00:00,0.0
2021-09-15 00:00:00,3.8199996948242188
2021-09-16 00:00:00,0.0
2021-09-17 00:00:00,0.0
2021-09-18 00:00:00,0.0
2021-09-19 00:00:00,0.0
2021-09-20 00:00:00,0.0
2021-09-21 00:00:00,4.519999980926514
2021-09-22 00:00:00,0.19499999284744263
2021-09-23 00:00:00,0.0
2021-09-24 00:00:00,0.0
2021-09-25 00:00:00,0.0
2021-09-26 00:00:00,0.0
2021-09-27 00:00:00,0.0
2021-09-28 00:00:00,0.0
2021-09-29 00:00:00,0.0
2021-09-30 00:00:00,0.0
2021-10-01 00:00:00,0.0
2021-10-02 00:00:00,0.0
2021-10-03 00:00:00,0.0
2021-10-04 00:00:00,0.5249999761581421
2021-10-05 00:00:00,2.1449999809265137
2021-10-06 00:00:00,0.3199999928474426
2021-10-07 00:00:00,0.0
2021-10-08 00:00:00,0.7549999952316284
2021-10-09 00:00:00,0.05999999865889549
2021-10-10 00:00:00,0.17999999225139618
2021-10-11 00:00:00,37.774993896484375
2021-10-12 00:00:00,0.0
2021-10-13 00:00:00,0.0
2021-10-14 00:00:00,0.6499999761581421
2021-10-15 00:00:00,14.225000381469727
2021-10-16 00:00:00,23.795001983642578
2021-10-17 00:00:00,0.08500000089406967
2021-10-18 00:00:00,0.0
2021-10-19 00:00:00,0.0
2021-10-20 00:00:00,0.0
2021-10-21 00:00:00,0.0
2021-10-22 00:00:00,0.0
2021-10-23 00:00:00,0.0
2021-10-24 00:00:00,71.35499572753906
2021-10-25 00:00:00,0.03999999910593033
2021-10-26 00:00:00,0.0
2021-10-27 00:00:00,0.0
2021-10-28 00:00:00,0.0
2021-10-29 00:00:00,0.0
2021-10-30 00:00:00,0.0
2021-10-31 00:00:00,0.0
2021-11-01 00:00:00,0.0
2021-11-02 00:00:00,28.819995880126953
2021-11-03 00:00:00,0.13999998569488525
2021-11-04 00:00:00,0.0
2021-11-05 00:00:00,0.20500001311302185
2021-11-06 00:00:00,34.744998931884766
2021-11-07 00:00:00,0.0
2021-11-08 00:00:00,0.0
2021-11-09 00:00:00,0.0
2021-11-10 00:00:00,0.0
2021-11-11 00:00:00,0.2199999988079071
2021-11-12 00:00:00,0.17999999225139618
2021-11-13 00:00:00,18.994998931884766
2021-11-14 00:00:00,3.6299996376037598
2021-11-15 00:00:00,87.52500915527344
2021-11-16 00:00:00,0.2749999761581421
2021-11-17 00:00:00,15.670000076293945
2021-11-18 00:00:00,0.0
2021-11-19 00:00:00,0.0
2021-11-20 00:00:00,0.0
2021-11-21 00:00:00,0.0
2021-11-22 00:00:00,0.36500000953674316
2021-11-23 00:00:00,0.0
2021-11-24 00:00:00,67.63999938964844
2021-11-25 00:00:00,0.11999999731779099
2021-11-26 00:00:00,1.4950000047683716
2021-11-27 00:00:00,0.0
2021-11-28 00:00:00,2.2899999618530273
2021-11-29 00:00:00,10.389999389648438
2021-11-30 00:00:00,1.630000114440918
2021-12-01 00:00:00,0.0
2021-12-02 00:00:00,21.670000076293945
2021-12-03 00:00:00,3.5
2021-12-04 00:00:00,0.22999998927116394
2021-12-05 00:00:00,78.46998596191406
2021-12-06 00:00:00,4.900000095367432
2021-12-07 00:00:00,0.004999999888241291
2021-12-08 00:00:00,2.7899999618530273
2021-12-09 00:00:00,2.4000000953674316
2021-12-10 00:00:00,0.0
2021-12-11 00:00:00,4.754999160766602
2021-12-12 00:00:00,0.3099999725818634
2021-12-13 00:00:00,0.009999999776482582
2021-12-14 00:00:00,27.030000686645508
2021-12-15 00:00:00,11.035000801086426
2021-12-16 00:00:00,4.510000228881836
2021-12-17 00:00:00,0.009999999776482582
2021-12-18 00:00:00,0.2800000011920929
2021-12-19 00:00:00,94.16000366210938
2021-12-20 00:00:00,39.9849967956543
2021-12-21 00:00:00,13.930002212524414
2021-12-22 00:00:00,3.564999580383301
2021-12-23 00:00:00,8.769999504089355
2021-12-24 00:00:00,8.514999389648438
2021-12-25 00:00:00,2.924999952316284
2021-12-26 00:00:00,3.0250000953674316
2021-12-27 00:00:00,1.4299999475479126
2021-12-28 00:00:00,0.0
2021-12-29 00:00:00,2.200000047683716
2021-12-30 00:00:00,0.0
2021-12-31 00:00:00,0.0
2022-01-01 00:00:00,0.0
2022-01-02 00:00:00,0.42000001668930054
2022-01-03 00:00:00,43.41999816894531
2022-01-04 00:00:00,0.0
2022-01-05 00:00:00,14.35999870300293
2022-01-06 00:00:00,0.0
2022-01-07 00:00:00,1.7799999713897705
2022-01-08 00:00:00,0.0
2022-01-09 00:00:00,44.489994049072266
2022-01-10 00:00:00,19.940000534057617
2022-01-11 00:00:00,3.924999713897705
2022-01-12 00:00:00,3.84999942779541
2022-01-13 00:00:00,15.505001068115234
2022-01-14 00:00:00,15.240001678466797
2022-01-15 00:00:00,0.0
2022-01-16 00:00:00,0.4350000023841858
2022-01-17 00:00:00,1.9499999284744263
2022-01-18 00:00:00,28.820003509521484
2022-01-19 00:00:00,0.0
2022-01-20 00:00:00,31.839996337890625
2022-01-21 00:00:00,12.18499755859375
2022-01-22 00:00:00,8.279999732971191
2022-01-23 00:00:00,0.6049999594688416
2022-01-24 00:00:00,3.700000047683716
2022-01-25 00:00:00,0.0
2022-01-26 00:00:00,0.0
2022-01-27 00:00:00,0.47999998927116394
2022-01-28 00:00:00,4.694999694824219
2022-01-29 00:00:00,0.7699999809265137
2022-01-30 00:00:00,0.0
2022-01-31 00:00:00,0.0
2022-02-01 00:00:00,51.654998779296875
2022-02-02 00:00:00,0.0
2022-02-03 00:00:00,0.0
2022-02-04 00:00:00,0.0
2022-02-05 00:00:00,1.1349999904632568
2022-02-06 00:00:00,18.155000686645508
2022-02-07 00:00:00,0.0
2022-02-08 00:00:00,0.0
2022-02-09 00:00:00,0.0
2022-02-10 00:00:00,0.0
2022-02-11 00:00:00,0.0
2022-02-12 00:00:00,44.19499969482422
2022-02-13 00:00:00,0.815000057220459
2022-02-14 00:00:00,0.0
2022-02-15 00:00:00,3.444999933242798
2022-02-16 00:00:00,0.0
2022-02-17 00:00:00,1.7000000476837158
2022-02-18 00:00:00,104.53498840332031
2022-02-19 00:00:00,0.0
2022-02-20 00:00:00,13.099998474121094
2022-02-21 00:00:00,5.229999542236328
2022-02-22 00:00:00,21.775001525878906
2022-02-23 00:00:00,1.6449998617172241
2022-02-24 00:00:00,0.1850000023841858
2022-02-25 00:00:00,0.29999998211860657
2022-02-26 00:00:00,0.0
2022-02-27 00:00:00,0.004999999888241291
2022-02-28 00:00:00,0.0
2022-03-01 00:00:00,0.3499999940395355
2022-03-02 00:00:00,0.0
2022-03-03 00:00:00,1.6049998998641968
2022-03-04 00:00:00,5.114999771118164
2022-03-05 00:00:00,2.1549999713897705
2022-03-06 00:00:00,4.795000076293945
2022-03-07 00:00:00,0.0
2022-03-08 00:00:00,14.569997787475586
2022-03-09 00:00:00,5.795000076293945
2022-03-10 00:00:00,0.22999998927116394
2022-03-11 00:00:00,43.41498947143555
2022-03-12 00:00:00,3.1399998664855957
2022-03-13 00:00:00,0.0
2022-03-14 00:00:00,0.0
2022-03-15 00:00:00,3.874999523162842
2022-03-16 00:00:00,0.0
2022-03-17 00:00:00,0.0
2022-03-18 00:00:00,0.7050000429153442
2022-03-19 00:00:00,65.07999420166016
2022-03-20 00:00:00,1.5399999618530273
2022-03-21 00:00:00,0.0
2022-03-22 00:00:00,0.0
2022-03-23 00:00:00,0.0
2022-03-24 00:00:00,3.304999828338623
2022-03-25 00:00:00,87.375
2022-03-26 00:00:00,0.3499999940395355
2022-03-27 00:00:00,2.9100000858306885
2022-03-28 00:00:00,0.0
2022-03-29 00:00:00,0.0
2022-03-30 00:00:00,0.2199999988079071
2022-03-31 00:00:00,2.1500003337860107
2022-04-01 00:00:00,2.755000114440918
2022-04-02 00:00:00,0.0
2022-04-03 00:00:00,0.0
2022-04-04 00:00:00,0.0
2022-04-05 00:00:00,0.0
2022-04-06 00:00:00,0.0
2022-04-07 00:00:00,5.215000152587891
2022-04-08 00:00:00,5.920000076293945
2022-04-09 00:00:00,0.0
2022-04-10 00:00:00,0.0
2022-04-11 00:00:00,0.0
2022-04-12 00:00:00,0.0
2022-04-13 00:00:00,44.11000061035156
2022-04-14 00:00:00,0.32999998331069946
2022-04-15 00:00:00,0.0
2022-04-16 00:00:00,0.0
2022-04-17 00:00:00,0.0
2022-04-18 00:00:00,0.0
2022-04-19 00:00:00,0.0
2022-04-20 00:00:00,0.0
2022-04-21 00:00:00,0.0
2022-04-22 00:00:00,0.0
2022-04-23 00:00:00,0.0
2022-04-24 00:00:00,0.0
2022-04-25 00:00:00,0.0
2022-04-26 00:00:00,0.0
2022-04-27 00:00:00,0.0
2022-04-28 00:00:00,0.0
2022-04-29 00:00:00,34.02500534057617
2022-04-30 00:00:00,0.0
2022-05-01 00:00:00,0.0
2022-05-02 00:00:00,0.0
2022-05-03 00:00:00,41.96500015258789
2022-05-04 00:00:00,0.0
2022-05-05 00:00:00,0.0
2022-05-06 00:00:00,0.0
2022-05-07 00:00:00,0.0
2022-05-08 00:00:00,0.0
2022-05-09 00:00:00,0.0
2022-05-10 00:00:00,0.0
2022-05-11 00:00:00,40.684993743896484
2022-05-12 00:00:00,0.0
2022-05-13 00:00:00,0.0
2022-05-14 00:00:00,0.0
2022-05-15 00:00:00,2.7699997425079346
2022-05-16 00:00:00,0.0
2022-05-17 00:00:00,0.0
2022-05-18 00:00:00,0.0
2022-05-19 00:00:00,0.0
2022-05-20 00:00:00,0.4050000309944153
2022-05-21 00:00:00,0.0
2022-05-22 00:00:00,0.0
2022-05-23 00:00:00,0.0
2022-05-24 00:00:00,0.0
2022-05-25 00:00:00,1.934999942779541
2022-05-26 00:00:00,1.945000171661377
2022-05-27 00:00:00,0.0
2022-05-28 00:00:00,0.0
2022-05-29 00:00:00,0.0
2022-05-30 00:00:00,11.764999389648438
2022-05-31 00:00:00,10.989999771118164
2022-06-01 00:00:00,0.0
2022-06-02 00:00:00,2.5099997520446777
2022-06-03 00:00:00,0.0
2022-06-04 00:00:00,0.0
2022-06-05 00:00:00,0.0
2022-06-06 00:00:00,0.0
2022-06-07 00:00:00,7.880000114440918
2022-06-08 00:00:00,0.0
2022-06-09 00:00:00,49.87499237060547
2022-06-10 00:00:00,20.229997634887695
2022-06-11 00:00:00,1.8650000095367432
2022-06-12 00:00:00,0.0
2022-06-13 00:00:00,0.0
2022-06-14 00:00:00,0.0
2022-06-15 00:00:00,0.0
2022-06-16 00:00:00,0.0
2022-06-17 00:00:00,0.0
2022-06-18 00:00:00,0.0
2022-06-19 00:00:00,0.0
2022-06-20 00:00:00,0.0
2022-06-21 00:00:00,0.0
2022-06-22 00:00:00,0.0
2022-06-23 00:00:00,0.0
2022-06-24 00:00:00,0.0
2022-06-25 00:00:00,0.0
2022-06-26 00:00:00,0.0
2022-06-27 00:00:00,0.0
2022-06-28 00:00:00,0.0
2022-06-29 00:00:00,0.0
2022-06-30 00:00:00,0.0
2022-07-01 00:00:00,0.0
2022-07-02 00:00:00,0.0
2022-07-03 00:00:00,1.6099998950958252
2022-07-04 00:00:00,0.0
2022-07-05 00:00:00,0.0
2022-07-06 00:00:00,0.0
2022-07-07 00:00:00,0.0
2022-07-08 00:00:00,0.8999999761581421
2022-07-09 00:00:00,0.0
2022-07-10 00:00:00,0.0
2022-07-11 00:00:00,0.3449999988079071
2022-07-12 00:00:00,0.38499999046325684
2022-07-13 00:00:00,0.0
2022-07-14 00:00:00,0.14000000059604645
2022-07-15 00:00:00,0.35999998450279236
2022-07-16 00:00:00,7.28000020980835
2022-07-17 00:00:00,60.13499450683594
2022-07-18 00:00:00,0.0
2022-07-19 00:00:00,0.0
2022-07-20 00:00:00,0.0
2022-07-21 00:00:00,0.0
2022-07-22 00:00:00,0.0
2022-07-23 00:00:00,0.0
2022-07-24 00:00:00,0.0
2022-07-25 00:00:00,0.0
2022-07-26 00:00:00,0.0
2022-07-27 00:00:00,0.0
2022-07-28 00:00:00,0.0
2022-07-29 00:00:00,0.0
2022-07-30 00:00:00,0.0
2022-07-31 00:00:00,0.0
2022-08-01 00:00:00,0.0
2022-08-02 00:00:00,0.0
2022-08-03 00:00:00,2.3949997425079346
2022-08-04 00:00:00,0.0
2022-08-05 00:00:00,24.229999542236328
2022-08-06 00:00:00,15.665000915527344
2022-08-07 00:00:00,6.235000133514404
2022-08-08 00:00:00,13.184999465942383
2022-08-09 00:00:00,42.040000915527344
2022-08-10 00:00:00,0.0
2022-08-11 00:00:00,0.0
2022-08-12 00:00:00,0.0
2022-08-13 00:00:00,0.0
2022-08-14 00:00:00,0.0
2022-08-15 00:00:00,0.0
2022-08-16 00:00:00,0.0
2022-08-17 00:00:00,5.309999942779541
2022-08-18 00:00:00,13.814998626708984
2022-08-19 00:00:00,0.0
2022-08-20 00:00:00,0.0
2022-08-21 00:00:00,0.0
2022-08-22 00:00:00,0.0
2022-08-23 00:00:00,0.0
2022-08-24 00:00:00,0.0
2022-08-25 00:00:00,0.0
2022-08-26 00:00:00,0.0
2022-08-27 00:00:00,1.6549999713897705
2022-08-28 00:00:00,0.0
2022-08-29 00:00:00,0.4150000214576721
2022-08-30 00:00:00,0.0
2022-08-31 00:00:00,0.0
2022-09-01 00:00:00,0.0
2022-09-02 00:00:00,0.0
2022-09-03 00:00:00,0.8700000047683716
2022-09-04 00:00:00,0.0
2022-09-05 00:00:00,0.0
2022-09-06 00:00:00,0.0
2022-09-07 00:00:00,0.0
2022-09-08 00:00:00,0.0
2022-09-09 00:00:00,0.0
2022-09-10 00:00:00,0.0
2022-09-11 00:00:00,0.0
2022-09-12 00:00:00,0.0
2022-09-13 00:00:00,6.489999771118164
2022-09-14 00:00:00,24.169998168945312
2022-09-15 00:00:00,16.25
2022-09-16 00:00:00,0.014999999664723873
2022-09-17 00:00:00,0.0
2022-09-18 00:00:00,0.0
2022-09-19 00:00:00,0.0
2022-09-20 00:00:00,0.0
2022-09-21 00:00:00,0.0
2022-09-22 00:00:00,0.0
2022-09-23 00:00:00,0.0
2022-09-24 00:00:00,0.0
2022-09-25 00:00:00,0.0
2022-09-26 00:00:00,20.794998168945312
2022-09-27 00:00:00,0.6699999570846558
2022-09-28 00:00:00,41.42000198364258
2022-09-29 00:00:00,11.08499813079834
2022-09-30 00:00:00,0.03500000014901161
2022-10-01 00:00:00,0.0
2022-10-02 00:00:00,0.0
2022-10-03 00:00:00,0.0
2022-10-04 00:00:00,0.0
2022-10-05 00:00:00,1.399999976158142
2022-10-06 00:00:00,0.5249999761581421
2022-10-07 00:00:00,18.825000762939453
2022-10-08 00:00:00,0.0
2022-10-09 00:00:00,4.62999963760376
2022-10-10 00:00:00,0.0
2022-10-11 00:00:00,0.0
2022-10-12 00:00:00,0.0
2022-10-13 00:00:00,0.0
2022-10-14 00:00:00,20.325000762939453
2022-10-15 00:00:00,0.03500000014901161
2022-10-16 00:00:00,0.0
2022-10-17 00:00:00,0.009999999776482582
2022-10-18 00:00:00,7.119999885559082
2022-10-19 00:00:00,0.3199999928474426
2022-10-20 00:00:00,0.0
2022-10-21 00:00:00,3.799999713897705
2022-10-22 00:00:00,1.4749999046325684
2022-10-23 00:00:00,2.375
2022-10-24 00:00:00,0.0
2022-10-25 00:00:00,0.0
2022-10-26 00:00:00,0.0
2022-10-27 00:00:00,96.53999328613281
2022-10-28 00:00:00,1.6399998664855957
2022-10-29 00:00:00,0.0
2022-10-30 00:00:00,0.0
2022-10-31 00:00:00,20.96000099182129
2022-11-01 00:00:00,0.815000057220459
2022-11-02 00:00:00,0.14499999582767487
2022-11-03 00:00:00,0.0
2022-11-04 00:00:00,0.0
2022-11-05 00:00:00,0.0
2022-11-06 00:00:00,0.0
2022-11-07 00:00:00,0.0
2022-11-08 00:00:00,0.0
2022-11-09 00:00:00,0.0
2022-11-10 00:00:00,22.309999465942383
2022-11-11 00:00:00,0.0
2022-11-12 00:00:00,3.2100000381469727
2022-11-13 00:00:00,0.0
2022-11-14 00:00:00,1.3299999237060547
2022-11-15 00:00:00,0.03999999910593033
2022-11-16 00:00:00,0.0
2022-11-17 00:00:00,0.0
2022-11-18 00:00:00,0.0
2022-11-19 00:00:00,0.004999999888241291
2022-11-20 00:00:00,0.32499998807907104
2022-11-21 00:00:00,130.39500427246094
2022-11-22 00:00:00,0.0
2022-11-23 00:00:00,0.0
2022-11-24 00:00:00,0.0
2022-11-25 00:00:00,0.0
2022-11-26 00:00:00,0.0
2022-11-27 00:00:00,0.0
2022-11-28 00:00:00,0.0
2022-11-29 00:00:00,0.0
2022-11-30 00:00:00,1.8849999904632568
2022-12-01 00:00:00,5.435000419616699
2022-12-02 00:00:00,14.35999870300293
2022-12-03 00:00:00,0.0
2022-12-04 00:00:00,0.0
2022-12-05 00:00:00,1.5999999046325684
2022-12-06 00:00:00,9.665000915527344
2022-12-07 00:00:00,8.289999961853027
2022-12-08 00:00:00,0.0
2022-12-09 00:00:00,0.0
2022-12-10 00:00:00,0.0
2022-12-11 00:00:00,40.690006256103516
2022-12-12 00:00:00,12.979999542236328
2022-12-13 00:00:00,0.0
2022-12-14 00:00:00,35.32499313354492
2022-12-15 00:00:00,0.0
2022-12-16 00:00:00,7.079999923706055
2022-12-17 00:00:00,0.0
2022-12-18 00:00:00,0.8500000238418579
2022-12-19 00:00:00,86.5999984741211
2022-12-20 00:00:00,0.0
2022-12-21 00:00:00,0.0
2022-12-22 00:00:00,14.770000457763672
2022-12-23 00:00:00,2.549999952316284
2022-12-24 00:00:00,13.095001220703125
2022-12-25 00:00:00,2.1499998569488525
2022-12-26 00:00:00,0.0
2022-12-27 00:00:00,0.0
2022-12-28 00:00:00,4.9549994468688965
2022-12-29 00:00:00,23.494998931884766
2022-12-30 00:00:00,0.009999999776482582
2022-12-31 00:00:00,0.9699999690055847
2023-01-01 00:00:00,0.019999999552965164
2023-01-02 00:00:00,4.849999904632568
2023-01-03 00:00:00,0.3500000238418579
2023-01-04 00:00:00,150.2949981689453
2023-01-05 00:00:00,0.19499999284744263
2023-01-06 00:00:00,0.0
2023-01-07 00:00:00,0.0
2023-01-08 00:00:00,1.434999942779541
2023-01-09 00:00:00,3.434999942779541
2023-01-10 00:00:00,0.0
2023-01-11 00:00:00,0.029999999329447746
2023-01-12 00:00:00,0.5849999785423279
2023-01-13 00:00:00,0.0
2023-01-14 00:00:00,132.00999450683594
2023-01-15 00:00:00,0.0
2023-01-16 00:00:00,0.0
2023-01-17 00:00:00,0.04999999701976776
2023-01-18 00:00:00,0.0
2023-01-19 00:00:00,5.1999993324279785
2023-01-20 00:00:00,0.0
2023-01-21 00:00:00,0.0
2023-01-22 00:00:00,0.0
2023-01-23 00:00:00,0.0
2023-01-24 00:00:00,0.0
2023-01-25 00:00:00,0.4300000071525574
2023-01-26 00:00:00,0.13499999046325684
2023-01-27 00:00:00,8.8149995803833
2023-01-28 00:00:00,6.654999732971191
2023-01-29 00:00:00,36.26499557495117
2023-01-30 00:00:00,10.09000015258789
2023-01-31 00:00:00,2.6449999809265137
2023-02-01 00:00:00,22.829998016357422
2023-02-02 00:00:00,1.7549998760223389
2023-02-03 00:00:00,16.614999771118164
2023-02-04 00:00:00,5.7350006103515625
2023-02-05 00:00:00,3.8299999237060547
2023-02-06 00:00:00,0.0
2023-02-07 00:00:00,5.434999942779541
2023-02-08 00:00:00,0.7199999690055847
2023-02-09 00:00:00,0.0
2023-02-10 00:00:00,6.720000267028809
2023-02-11 00:00:00,0.0
2023-02-12 00:00:00,0.8300000429153442
2023-02-13 00:00:00,0.0
2023-02-14 00:00:00,3.5799999237060547
2023-02-15 00:00:00,0.0
2023-02-16 00:00:00,50.224998474121094
2023-02-17 00:00:00,135.3149871826172
2023-02-18 00:00:00,14.244998931884766
2023-02-19 00:00:00,0.0
2023-02-20 00:00:00,0.0
2023-02-21 00:00:00,0.0
2023-02-22 00:00:00,0.0
2023-02-23 00:00:00,0.25
2023-02-24 00:00:00,4.284999847412109
2023-02-25 00:00:00,6.180000305175781
2023-02-26 00:00:00,5.434999942779541
2023-02-27 00:00:00,23.48499870300293
2023-02-28 00:00:00,0.0
2023-03-01 00:00:00,0.0
2023-03-02 00:00:00,0.22999998927116394
2023-03-03 00:00:00,130.40997314453125
2023-03-04 00:00:00,0.05999999865889549
2023-03-05 00:00:00,0.0
2023-03-06 00:00:00,0.0
2023-03-07 00:00:00,0.0
2023-03-08 00:00:00,31.53499984741211
2023-03-09 00:00:00,0.0
2023-03-10 00:00:00,0.0
2023-03-11 00:00:00,0.0
2023-03-12 00:00:00,1.1150000095367432
2023-03-13 00:00:00,0.0
2023-03-14 00:00:00,23.764999389648438
2023-03-15 00:00:00,5.074999809265137
2023-03-16 00:00:00,0.35999998450279236
2023-03-17 00:00:00,34.34499740600586
2023-03-18 00:00:00,6.754999160766602
2023-03-19 00:00:00,0.22499999403953552
2023-03-20 00:00:00,11.034998893737793
2023-03-21 00:00:00,9.529998779296875
2023-03-22 00:00:00,2.68999981880188
2023-03-23 00:00:00,40.189998626708984
2023-03-24 00:00:00,4.105000019073486
2023-03-25 00:00:00,0.0
2023-03-26 00:00:00,4.029999732971191
2023-03-27 00:00:00,14.385000228881836
2023-03-28 00:00:00,0.0
2023-03-29 00:00:00,0.0
2023-03-30 00:00:00,3.0199999809265137
2023-03-31 00:00:00,1.1150000095367432
2023-04-01 00:00:00,0.29999998211860657
2023-04-02 00:00:00,0.0
2023-04-03 00:00:00,8.609999656677246
2023-04-04 00:00:00,86.98999786376953
2023-04-05 00:00:00,15.114999771118164
2023-04-06 00:00:00,18.934999465942383
2023-04-07 00:00:00,0.06499999761581421
2023-04-08 00:00:00,0.0
2023-04-09 00:00:00,0.0
2023-04-10 00:00:00,0.0
2023-04-11 00:00:00,0.0
2023-04-12 00:00:00,2.25
2023-04-13 00:00:00,1.3249999284744263
2023-04-14 00:00:00,57.40499496459961
2023-04-15 00:00:00,0.014999999664723873
2023-04-16 00:00:00,0.0
2023-04-17 00:00:00,0.0
2023-04-18 00:00:00,0.0
2023-04-19 00:00:00,20.92500114440918
2023-04-20 00:00:00,0.0
2023-04-21 00:00:00,0.0
2023-04-22 00:00:00,0.0
2023-04-23 00:00:00,0.0
2023-04-24 00:00:00,0.0
2023-04-25 00:00:00,6.21999979019165
2023-04-26 00:00:00,0.0
2023-04-27 00:00:00,0.0
2023-04-28 00:00:00,0.0
2023-04-29 00:00:00,0.0
2023-04-30 00:00:00,0.0
2023-05-01 00:00:00,1.4199999570846558
2023-05-02 00:00:00,16.809999465942383
2023-05-03 00:00:00,8.394999504089355
2023-05-04 00:00:00,0.0
2023-05-05 00:00:00,0.044999998062849045
2023-05-06 00:00:00,10.760000228881836
2023-05-07 00:00:00,7.429999351501465
2023-05-08 00:00:00,21.630002975463867
2023-05-09 00:00:00,2.8550000190734863
2023-05-10 00:00:00,0.10999999940395355
2023-05-11 00:00:00,0.6100000143051147
2023-05-12 00:00:00,0.2199999988079071
2023-05-13 00:00:00,0.0
2023-05-14 00:00:00,0.0
2023-05-15 00:00:00,0.0
2023-05-16 00:00:00,0.0
2023-05-17 00:00:00,0.0
2023-05-18 00:00:00,0.0
2023-05-19 00:00:00,2.000000238418579
2023-05-20 00:00:00,6.409999847412109
2023-05-21 00:00:00,0.0
2023-05-22 00:00:00,0.0
2023-05-23 00:00:00,0.0
2023-05-24 00:00:00,0.0
2023-05-25 00:00:00,0.0
2023-05-26 00:00:00,0.0
2023-05-27 00:00:00,0.0
2023-05-28 00:00:00,79.96500396728516
2023-05-29 00:00:00,0.06499999761581421
2023-05-30 00:00:00,0.0
2023-05-31 00:00:00,0.0
2023-06-01 00:00:00,0.0
2023-06-02 00:00:00,0.0
2023-06-03 00:00:00,0.0
2023-06-04 00:00:00,0.0
2023-06-05 00:00:00,0.6200000047683716
2023-06-06 00:00:00,0.0
2023-06-07 00:00:00,7.534999847412109
2023-06-08 00:00:00,0.019999999552965164
2023-06-09 00:00:00,0.0
2023-06-10 00:00:00,3.9599997997283936
2023-06-11 00:00:00,0.0
2023-06-12 00:00:00,35.179996490478516
2023-06-13 00:00:00,26.505001068115234
2023-06-14 00:00:00,0.0
2023-06-15 00:00:00,0.0
2023-06-16 00:00:00,0.0
2023-06-17 00:00:00,0.0
2023-06-18 00:00:00,0.0
2023-06-19 00:00:00,0.0
2023-06-20 00:00:00,0.0
2023-06-21 00:00:00,0.0
2023-06-22 00:00:00,0.0
2023-06-23 00:00:00,0.0
2023-06-24 00:00:00,0.0
2023-06-25 00:00:00,0.0
2023-06-26 00:00:00,0.0
2023-06-27 00:00:00,0.0
2023-06-28 00:00:00,41.26000213623047
2023-06-29 00:00:00,3.625
2023-06-30 00:00:00,0.0
2023-07-01 00:00:00,0.0
2023-07-02 00:00:00,0.0
2023-07-03 00:00:00,0.0
2023-07-04 00:00:00,0.0
2023-07-05 00:00:00,0.0
2023-07-06 00:00:00,0.0
2023-07-07 00:00:00,0.0
2023-07-08 00:00:00,0.0
2023-07-09 00:00:00,3.544999837875366
2023-07-10 00:00:00,0.0
2023-07-11 00:00:00,0.0
2023-07-12 00:00:00,0.0
2023-07-13 00:00:00,7.729999542236328
2023-07-14 00:00:00,0.0
2023-07-15 00:00:00,0.0
2023-07-16 00:00:00,0.0
2023-07-17 00:00:00,0.0
2023-07-18 00:00:00,0.0
2023-07-19 00:00:00,0.0
2023-07-20 00:00:00,0.0
2023-07-21 00:00:00,0.0
2023-07-22 00:00:00,0.0
2023-07-23 00:00:00,0.0
2023-07-24 00:00:00,0.0
2023-07-25 00:00:00,0.0
2023-07-26 00:00:00,0.0
2023-07-27 00:00:00,24.7449951171875
2023-07-28 00:00:00,0.0
2023-07-29 00:00:00,0.0
2023-07-30 00:00:00,0.0
2023-07-31 00:00:00,0.0
2023-08-01 00:00:00,0.0
2023-08-02 00:00:00,0.0
2023-08-03 00:00:00,0.0
2023-08-04 00:00:00,0.0
2023-08-05 00:00:00,0.0
2023-08-06 00:00:00,0.0
2023-08-07 00:00:00,0.014999999664723873
2023-08-08 00:00:00,12.10999870300293
2023-08-09 00:00:00,0.0
2023-08-10 00:00:00,0.0
2023-08-11 00:00:00,0.0
2023-08-12 00:00:00,65.62000274658203
2023-08-13 00:00:00,3.6250011920928955
2023-08-14 00:00:00,2.2599997520446777
2023-08-15 00:00:00,0.0
2023-08-16 00:00:00,0.0
2023-08-17 00:00:00,0.0
2023-08-18 00:00:00,0.0
2023-08-19 00:00:00,0.0
2023-08-20 00:00:00,0.0
2023-08-21 00:00:00,0.0
2023-08-22 00:00:00,0.0
2023-08-23 00:00:00,0.0
2023-08-24 00:00:00,0.0
2023-08-25 00:00:00,0.0
2023-08-26 00:00:00,0.0
2023-08-27 00:00:00,0.0
2023-08-28 00:00:00,0.0
2023-08-29 00:00:00,0.0
2023-08-30 00:00:00,0.0
2023-08-31 00:00:00,0.0
2023-09-01 00:00:00,0.0
2023-09-02 00:00:00,0.23499999940395355
2023-09-03 00:00:00,3.6349997520446777
2023-09-04 00:00:00,0.0
2023-09-05 00:00:00,10.75
2023-09-06 00:00:00,0.014999999664723873
2023-09-07 00:00:00,0.0
2023-09-08 00:00:00,0.0
2023-09-09 00:00:00,0.0
2023-09-10 00:00:00,0.0
2023-09-11 00:00:00,0.0
2023-09-12 00:00:00,0.0
2023-09-13 00:00:00,54.05999755859375
2023-09-14 00:00:00,0.019999999552965164
2023-09-15 00:00:00,0.0
2023-09-16 00:00:00,0.0
2023-09-17 00:00:00,0.0
2023-09-18 00:00:00,0.6100000143051147
2023-09-19 00:00:00,26.42999839782715
2023-09-20 00:00:00,0.0
2023-09-21 00:00:00,0.0
2023-09-22 00:00:00,0.0
2023-09-23 00:00:00,0.0
2023-09-24 00:00:00,0.0
2023-09-25 00:00:00,0.0
2023-09-26 00:00:00,0.0
2023-09-27 00:00:00,0.29499998688697815
2023-09-28 00:00:00,0.0
2023-09-29 00:00:00,0.23499999940395355
2023-09-30 00:00:00,2.3600003719329834
2023-10-01 00:00:00,0.0
2023-10-02 00:00:00,0.0
2023-10-03 00:00:00,0.0
2023-10-04 00:00:00,4.475000381469727
2023-10-05 00:00:00,4.519999980926514
2023-10-06 00:00:00,0.0
2023-10-07 00:00:00,1.4850000143051147
2023-10-08 00:00:00,8.90000057220459
2023-10-09 00:00:00,0.0
2023-10-10 00:00:00,0.0
2023-10-11 00:00:00,0.0
2023-10-12 00:00:00,0.0
2023-10-13 00:00:00,0.0
2023-10-14 00:00:00,0.0
2023-10-15 00:00:00,0.0
2023-10-16 00:00:00,0.0
2023-10-17 00:00:00,0.0
2023-10-18 00:00:00,0.0
2023-10-19 00:00:00,0.0
2023-10-20 00:00:00,0.0
2023-10-21 00:00:00,1.899999976158142
2023-10-22 00:00:00,0.0
2023-10-23 00:00:00,0.0
2023-10-24 00:00:00,0.0
2023-10-25 00:00:00,0.0
2023-10-26 00:00:00,1.149999976158142
2023-10-27 00:00:00,5.710000991821289
2023-10-28 00:00:00,28.34499740600586
2023-10-29 00:00:00,0.6600000262260437
2023-10-30 00:00:00,1.9399999380111694
2023-10-31 00:00:00,61.43999481201172
2023-11-01 00:00:00,0.5850000381469727
2023-11-02 00:00:00,0.0
2023-11-03 00:00:00,0.0
2023-11-04 00:00:00,0.0
2023-11-05 00:00:00,0.0
2023-11-06 00:00:00,0.0
2023-11-07 00:00:00,0.0
2023-11-08 00:00:00,6.119999885559082
2023-11-09 00:00:00,0.0
2023-11-10 00:00:00,0.0
2023-11-11 00:00:00,0.0
2023-11-12 00:00:00,0.0
2023-11-13 00:00:00,1.6150000095367432
2023-11-14 00:00:00,5.12999963760376
2023-11-15 00:00:00,0.4350000023841858
2023-11-16 00:00:00,0.7949999570846558
2023-11-17 00:00:00,0.0
2023-11-18 00:00:00,0.0
2023-11-19 00:00:00,7.494998931884766
2023-11-20 00:00:00,29.604999542236328
2023-11-21 00:00:00,6.140000343322754
2023-11-22 00:00:00,0.0
2023-11-23 00:00:00,0.0
2023-11-24 00:00:00,96.75
2023-11-25 00:00:00,6.439998626708984
2023-11-26 00:00:00,2.180000066757202
2023-11-27 00:00:00,27.68000030517578
2023-11-28 00:00:00,25.394996643066406
2023-11-29 00:00:00,0.0
2023-11-30 00:00:00,0.3199999928474426
2023-12-01 00:00:00,0.0
2023-12-02 00:00:00,0.0
2023-12-03 00:00:00,3.249999761581421
2023-12-04 00:00:00,5.070000171661377
2023-12-05 00:00:00,1.9049997329711914
2023-12-06 00:00:00,0.0
2023-12-07 00:00:00,1.7749998569488525
2023-12-08 00:00:00,41.41499710083008
2023-12-09 00:00:00,2.2249999046325684
2023-12-10 00:00:00,0.0
2023-12-11 00:00:00,12.924999237060547
2023-12-12 00:00:00,0.0
2023-12-13 00:00:00,0.0
2023-12-14 00:00:00,1.0749999284744263
2023-12-15 00:00:00,5.054999828338623
2023-12-16 00:00:00,0.3399999737739563
2023-12-17 00:00:00,0.0
2023-12-18 00:00:00,0.0
2023-12-19 00:00:00,4.510000228881836
2023-12-20 00:00:00,0.07499999552965164
2023-12-21 00:00:00,4.34499979019165
2023-12-22 00:00:00,0.0
2023-12-23 00:00:00,0.2150000035762787
2023-12-24 00:00:00,4.264999866485596
2023-12-25 00:00:00,0.0
2023-12-26 00:00:00,3.5699996948242188
2023-12-27 00:00:00,2.259999990463257
2023-12-28 00:00:00,0.0
2023-12-29 00:00:00,0.0
2023-12-30 00:00:00,88.2450180053711
2023-12-31 00:00:00,0.9749999642372131
