fecha,Precipitacion
1998-01-01,0.0
1998-01-02,0.0
1998-01-03,0.0
1998-01-04,0.0
1998-01-05,0.0
1998-01-06,0.018998268991708755
1998-01-07,24.92628288269043
1998-01-08,0.27749237418174744
1998-01-09,0.0
1998-01-10,0.15343372523784637
1998-01-11,0.10274554789066315
1998-01-12,42.17637252807617
1998-01-13,0.0
1998-01-14,0.0
1998-01-15,0.0
1998-01-16,0.0
1998-01-17,0.0
1998-01-18,42.06431198120117
1998-01-19,0.0
1998-01-20,0.0
1998-01-21,0.0
1998-01-22,13.266478538513184
1998-01-23,0.0
1998-01-24,0.0
1998-01-25,0.0900263786315918
1998-01-26,0.0
1998-01-27,0.0
1998-01-28,43.446937561035156
1998-01-29,1.9184571504592896
1998-01-30,0.24686799943447113
1998-01-31,0.8061807155609131
1998-02-01,2.406122922897339
1998-02-02,0.0
1998-02-03,1.4393426179885864
1998-02-04,2.3978989124298096
1998-02-05,0.0
1998-02-06,0.01012530829757452
1998-02-07,0.7894375324249268
1998-02-08,21.14646339416504
1998-02-09,0.2413044422864914
1998-02-10,32.089595794677734
1998-02-11,0.0
1998-02-12,0.0
1998-02-13,0.0
1998-02-14,0.0
1998-02-15,0.0
1998-02-16,0.0
1998-02-17,1.3042106628417969
1998-02-18,16.009653091430664
1998-02-19,10.528202056884766
1998-02-20,0.7812283635139465
1998-02-21,4.881564140319824
1998-02-22,23.016021728515625
1998-02-23,0.0018623892683535814
1998-02-24,0.0
1998-02-25,0.3492684066295624
1998-02-26,17.159269332885742
1998-02-27,16.340953826904297
1998-02-28,0.0
1998-03-01,0.07938369363546371
1998-03-02,0.07938369363546371
1998-03-03,0.07938369363546371
1998-03-04,0.07938369363546371
1998-03-05,0.07938369363546371
1998-03-06,0.0
1998-03-07,0.0
1998-03-08,24.181028366088867
1998-03-09,0.0
1998-03-10,0.28983503580093384
1998-03-11,16.18602752685547
1998-03-12,0.0
1998-03-13,0.01258714497089386
1998-03-14,0.0
1998-03-15,0.0
1998-03-16,7.756991386413574
1998-03-17,29.690719604492188
1998-03-18,0.0
1998-03-19,0.0
1998-03-20,0.0
1998-03-21,0.0
1998-03-22,3.5871315002441406
1998-03-23,0.0
1998-03-24,0.0
1998-03-25,36.25687026977539
1998-03-26,0.0
1998-03-27,0.0
1998-03-28,0.0
1998-03-29,0.0
1998-03-30,0.7584245800971985
1998-03-31,6.91037654876709
1998-04-01,0.0
1998-04-02,0.0
1998-04-03,0.0
1998-04-04,0.0
1998-04-05,0.0
1998-04-06,0.0
1998-04-07,0.0
1998-04-08,0.0
1998-04-09,0.0
1998-04-10,0.0
1998-04-11,0.0
1998-04-12,0.0
1998-04-13,0.0
1998-04-14,0.0
1998-04-15,27.795106887817383
1998-04-16,0.0
1998-04-17,0.0
1998-04-18,0.0
1998-04-19,0.0
1998-04-20,0.0
1998-04-21,0.09766746312379837
1998-04-22,0.09766746312379837
1998-04-23,0.09766746312379837
1998-04-24,0.09766746312379837
1998-04-25,0.5860047936439514
1998-04-26,12.054513931274414
1998-04-27,12.986526489257812
1998-04-28,0.0
1998-04-29,0.0
1998-04-30,0.0
1998-05-01,0.033009521663188934
1998-05-02,0.033009521663188934
1998-05-03,0.033009521663188934
1998-05-04,0.033009521663188934
1998-05-05,0.033009521663188934
1998-05-06,0.07479251176118851
1998-05-07,0.07479251176118851
1998-05-08,0.07479251176118851
1998-05-09,0.07479251176118851
1998-05-10,0.07479251176118851
1998-05-11,0.0
1998-05-12,2.4098658561706543
1998-05-13,5.5078911781311035
1998-05-14,2.1315062046051025
1998-05-15,1.3885917663574219
1998-05-16,0.0
1998-05-17,0.0
1998-05-18,0.0
1998-05-19,0.0
1998-05-20,0.0
1998-05-21,0.0
1998-05-22,0.0
1998-05-23,0.0
1998-05-24,0.0
1998-05-25,0.0
1998-05-26,2.1506221294403076
1998-05-27,0.7168740034103394
1998-05-28,0.7168740034103394
1998-05-29,0.7168740034103394
1998-05-30,0.7168740034103394
1998-05-31,0.7168740034103394
1998-06-01,0.0
1998-06-02,0.0
1998-06-03,0.0
1998-06-04,0.0
1998-06-05,0.0
1998-06-06,0.9303800463676453
1998-06-07,0.9303800463676453
1998-06-08,0.9303800463676453
1998-06-09,0.9303800463676453
1998-06-10,5.58228063583374
1998-06-11,0.0
1998-06-12,0.0
1998-06-13,0.0
1998-06-14,0.0
1998-06-15,0.0
1998-06-16,0.0
1998-06-17,0.0
1998-06-18,0.0
1998-06-19,0.0
1998-06-20,0.0
1998-06-21,0.0
1998-06-22,0.0
1998-06-23,0.0
1998-06-24,0.0
1998-06-25,0.0
1998-06-26,0.0
1998-06-27,0.0
1998-06-28,0.0
1998-06-29,0.0
1998-06-30,0.0
1998-07-01,0.0
1998-07-02,0.0
1998-07-03,0.0
1998-07-04,0.0
1998-07-05,0.0
1998-07-06,0.0
1998-07-07,0.0
1998-07-08,0.0
1998-07-09,0.0
1998-07-10,0.0
1998-07-11,0.0
1998-07-12,0.0
1998-07-13,0.0
1998-07-14,0.0
1998-07-15,0.0
1998-07-16,0.0
1998-07-17,0.0
1998-07-18,0.0
1998-07-19,0.0
1998-07-20,0.0
1998-07-21,0.0
1998-07-22,0.0
1998-07-23,0.0
1998-07-24,0.0
1998-07-25,0.0
1998-07-26,0.0
1998-07-27,0.0
1998-07-28,0.0
1998-07-29,0.0
1998-07-30,0.0
1998-07-31,0.0
1998-08-01,0.0
1998-08-02,0.0
1998-08-03,0.0
1998-08-04,0.0
1998-08-05,0.0
1998-08-06,0.0
1998-08-07,0.0
1998-08-08,0.0
1998-08-09,0.0
1998-08-10,0.0
1998-08-11,0.0
1998-08-12,0.0
1998-08-13,0.0
1998-08-14,0.0
1998-08-15,0.0
1998-08-16,0.0
1998-08-17,0.0
1998-08-18,0.0
1998-08-19,0.0
1998-08-20,0.0
1998-08-21,0.0
1998-08-22,0.0
1998-08-23,0.0
1998-08-24,0.0
1998-08-25,0.0
1998-08-26,0.0
1998-08-27,0.0
1998-08-28,0.0
1998-08-29,0.0
1998-08-30,0.0
1998-08-31,0.0
1998-09-01,0.0
1998-09-02,0.0
1998-09-03,0.0
1998-09-04,0.0
1998-09-05,0.0
1998-09-06,0.0
1998-09-07,0.0
1998-09-08,0.0
1998-09-09,0.0
1998-09-10,0.0
1998-09-11,0.0
1998-09-12,0.0
1998-09-13,0.0
1998-09-14,0.0
1998-09-15,0.0
1998-09-16,0.0
1998-09-17,0.0
1998-09-18,0.0
1998-09-19,9.612445831298828
1998-09-20,0.21804535388946533
1998-09-21,0.0
1998-09-22,0.0
1998-09-23,0.0
1998-09-24,0.0
1998-09-25,0.0
1998-09-26,0.0
1998-09-27,0.0
1998-09-28,0.0
1998-09-29,0.0
1998-09-30,0.0
1998-10-01,0.0
1998-10-02,0.0
1998-10-03,0.0
1998-10-04,0.0
1998-10-05,0.0
1998-10-06,0.0
1998-10-07,0.0
1998-10-08,0.0
1998-10-09,0.0
1998-10-10,0.0
1998-10-11,0.0
1998-10-12,7.601975440979004
1998-10-13,1.5371026992797852
1998-10-14,15.359942436218262
1998-10-15,2.1739842891693115
1998-10-16,2.247316598892212
1998-10-17,0.0
1998-10-18,0.0
1998-10-19,0.0
1998-10-20,0.0
1998-10-21,0.0
1998-10-22,0.0
1998-10-23,33.11848831176758
1998-10-24,7.275893211364746
1998-10-25,0.1984364241361618
1998-10-26,0.0
1998-10-27,0.0
1998-10-28,0.0
1998-10-29,0.0
1998-10-30,0.0
1998-10-31,0.0
1998-11-01,0.0
1998-11-02,0.0
1998-11-03,0.0
1998-11-04,0.0
1998-11-05,0.0
1998-11-06,7.863324165344238
1998-11-07,2.1291677951812744
1998-11-08,0.995647132396698
1998-11-09,8.839052200317383
1998-11-10,1.0286816358566284
1998-11-11,6.135959625244141
1998-11-12,8.48319149017334
1998-11-13,1.5611037015914917
1998-11-14,0.46891874074935913
1998-11-15,0.6148119568824768
1998-11-16,0.0008829580037854612
1998-11-17,24.220062255859375
1998-11-18,0.13347545266151428
1998-11-19,0.0
1998-11-20,0.2518584728240967
1998-11-21,6.48618221282959
1998-11-22,18.599218368530273
1998-11-23,0.0
1998-11-24,21.692697525024414
1998-11-25,0.44475191831588745
1998-11-26,0.0
1998-11-27,0.0
1998-11-28,0.5823922753334045
1998-11-29,20.335498809814453
1998-11-30,0.13396058976650238
1998-12-01,0.0
1998-12-02,0.0
1998-12-03,0.0
1998-12-04,0.0
1998-12-05,0.0
1998-12-06,0.0
1998-12-07,0.018938055261969566
1998-12-08,0.22929199039936066
1998-12-09,6.271271228790283
1998-12-10,0.7442961931228638
1998-12-11,0.0
1998-12-12,0.0
1998-12-13,0.0
1998-12-14,1.7758501768112183
1998-12-15,1.046934723854065
1998-12-16,6.574949264526367
1998-12-17,7.4125847816467285
1998-12-18,0.002260918263345957
1998-12-19,0.001352015184238553
1998-12-20,0.026545697823166847
1998-12-21,33.34326934814453
1998-12-22,0.06553903222084045
1998-12-23,0.0
1998-12-24,0.0
1998-12-25,0.0
1998-12-26,0.0
1998-12-27,0.0
1998-12-28,9.557683944702148
1998-12-29,18.964637756347656
1998-12-30,0.5919401049613953
1998-12-31,2.5985829830169678
1999-01-01,1.9274784326553345
1999-01-02,0.07704411447048187
1999-01-03,0.04727547615766525
1999-01-04,9.21694564819336
1999-01-05,0.6003085374832153
1999-01-06,0.487419456243515
1999-01-07,0.0
1999-01-08,0.0
1999-01-09,12.130379676818848
1999-01-10,1.0141090154647827
1999-01-11,0.0
1999-01-12,0.03865240514278412
1999-01-13,47.46444320678711
1999-01-14,3.8414552211761475
1999-01-15,0.030655423179268837
1999-01-16,0.0
1999-01-17,0.0
1999-01-18,4.001530647277832
1999-01-19,7.8409810066223145
1999-01-20,0.0
1999-01-21,0.0
1999-01-22,0.0
1999-01-23,0.0
1999-01-24,0.0
1999-01-25,13.71682071685791
1999-01-26,0.0
1999-01-27,0.0
1999-01-28,8.11851978302002
1999-01-29,1.5515083074569702
1999-01-30,0.0
1999-01-31,28.25165557861328
1999-02-01,0.11077244579792023
1999-02-02,35.12013244628906
1999-02-03,0.9750612378120422
1999-02-04,0.023301545530557632
1999-02-05,0.0
1999-02-06,0.0
1999-02-07,0.0
1999-02-08,0.0
1999-02-09,0.0
1999-02-10,0.0
1999-02-11,0.00036541454028338194
1999-02-12,0.3836415410041809
1999-02-13,18.16500473022461
1999-02-14,7.203944206237793
1999-02-15,0.0
1999-02-16,1.0972613096237183
1999-02-17,40.4857063293457
1999-02-18,8.067959785461426
1999-02-19,2.5258636474609375
1999-02-20,0.0
1999-02-21,1.8879474401474
1999-02-22,0.0
1999-02-23,7.365260124206543
1999-02-24,1.2652835845947266
1999-02-25,0.0
1999-02-26,2.7140729427337646
1999-02-27,2.70048189163208
1999-02-28,5.1369547843933105
1999-03-01,0.0
1999-03-02,0.0
1999-03-03,16.0489559173584
1999-03-04,3.0872230529785156
1999-03-05,7.212522983551025
1999-03-06,0.7556093335151672
1999-03-07,0.0
1999-03-08,0.0
1999-03-09,22.77347755432129
1999-03-10,0.17918840050697327
1999-03-11,3.684129238128662
1999-03-12,0.08634334802627563
1999-03-13,0.28452810645103455
1999-03-14,0.8480207920074463
1999-03-15,20.74212646484375
1999-03-16,0.1484978348016739
1999-03-17,0.6136237382888794
1999-03-18,29.354555130004883
1999-03-19,37.98363494873047
1999-03-20,35.48810577392578
1999-03-21,40.365203857421875
1999-03-22,2.57806396484375
1999-03-23,0.12396643310785294
1999-03-24,0.0
1999-03-25,0.0
1999-03-26,6.646992206573486
1999-03-27,0.0
1999-03-28,0.0
1999-03-29,25.859174728393555
1999-03-30,0.3917352855205536
1999-03-31,0.17631690204143524
1999-04-01,0.0
1999-04-02,0.0
1999-04-03,0.0
1999-04-04,0.0
1999-04-05,0.0
1999-04-06,0.0
1999-04-07,0.0
1999-04-08,0.0
1999-04-09,0.0
1999-04-10,0.0
1999-04-11,0.0
1999-04-12,0.0
1999-04-13,0.0
1999-04-14,0.0
1999-04-15,0.0
1999-04-16,0.0
1999-04-17,0.0
1999-04-18,0.0
1999-04-19,0.0
1999-04-20,0.0
1999-04-21,0.16648364067077637
1999-04-22,0.006772743538022041
1999-04-23,0.0
1999-04-24,0.0
1999-04-25,0.038990627974271774
1999-04-26,26.7257137298584
1999-04-27,8.898187637329102
1999-04-28,0.0
1999-04-29,0.0
1999-04-30,0.0
1999-05-01,0.0
1999-05-02,0.0
1999-05-03,13.480002403259277
1999-05-04,0.0
1999-05-05,0.0
1999-05-06,0.11423714458942413
1999-05-07,0.11423714458942413
1999-05-08,0.11423714458942413
1999-05-09,1.764329195022583
1999-05-10,0.17770223319530487
1999-05-11,0.0
1999-05-12,0.0
1999-05-13,0.0
1999-05-14,0.0
1999-05-15,0.0
1999-05-16,0.0
1999-05-17,0.0
1999-05-18,0.0
1999-05-19,0.0
1999-05-20,0.0
1999-05-21,0.0
1999-05-22,0.0
1999-05-23,0.0
1999-05-24,0.0
1999-05-25,0.0
1999-05-26,10.850240707397461
1999-05-27,0.0
1999-05-28,0.026573583483695984
1999-05-29,3.4374887943267822
1999-05-30,0.0
1999-05-31,0.0
1999-06-01,0.0
1999-06-02,0.0
1999-06-03,0.0
1999-06-04,0.0
1999-06-05,0.0
1999-06-06,0.49871283769607544
1999-06-07,0.0
1999-06-08,0.0
1999-06-09,0.0
1999-06-10,0.0
1999-06-11,0.0
1999-06-12,0.0
1999-06-13,0.0
1999-06-14,0.0
1999-06-15,0.0
1999-06-16,0.0
1999-06-17,0.0
1999-06-18,0.0
1999-06-19,0.0
1999-06-20,0.0
1999-06-21,0.0
1999-06-22,0.0
1999-06-23,0.0
1999-06-24,0.0
1999-06-25,0.0
1999-06-26,0.0
1999-06-27,0.0
1999-06-28,0.0
1999-06-29,0.0
1999-06-30,0.0
1999-07-01,0.0
1999-07-02,0.0
1999-07-03,0.0
1999-07-04,0.0
1999-07-05,0.0
1999-07-06,0.0
1999-07-07,0.0
1999-07-08,0.0
1999-07-09,0.0
1999-07-10,0.0
1999-07-11,0.0
1999-07-12,0.0
1999-07-13,0.0
1999-07-14,0.0
1999-07-15,0.0
1999-07-16,0.3992138206958771
1999-07-17,0.5640594959259033
1999-07-18,5.64167594909668
1999-07-19,0.98011314868927
1999-07-20,0.3992138206958771
1999-07-21,0.0
1999-07-22,0.0
1999-07-23,0.0
1999-07-24,0.0
1999-07-25,0.0
1999-07-26,0.0
1999-07-27,0.0
1999-07-28,0.0
1999-07-29,0.0
1999-07-30,0.0
1999-07-31,0.0
1999-08-01,0.0
1999-08-02,0.0
1999-08-03,0.0
1999-08-04,0.0
1999-08-05,0.0
1999-08-06,0.0
1999-08-07,0.0
1999-08-08,0.0
1999-08-09,0.0
1999-08-10,0.0
1999-08-11,0.0
1999-08-12,0.0
1999-08-13,0.0
1999-08-14,0.0
1999-08-15,0.0
1999-08-16,0.0
1999-08-17,0.0
1999-08-18,0.0
1999-08-19,0.0
1999-08-20,0.0
1999-08-21,0.0
1999-08-22,0.0
1999-08-23,0.0
1999-08-24,0.0
1999-08-25,0.0
1999-08-26,0.0
1999-08-27,0.0
1999-08-28,0.0
1999-08-29,0.0
1999-08-30,0.0
1999-08-31,0.0
1999-09-01,0.0
1999-09-02,0.0
1999-09-03,0.8769217133522034
1999-09-04,8.03674030303955
1999-09-05,0.026773422956466675
1999-09-06,0.0
1999-09-07,0.0
1999-09-08,0.0
1999-09-09,0.0
1999-09-10,0.0
1999-09-11,0.0
1999-09-12,0.0
1999-09-13,0.0
1999-09-14,0.0
1999-09-15,0.0
1999-09-16,0.0
1999-09-17,0.0
1999-09-18,0.0
1999-09-19,0.0
1999-09-20,0.0
1999-09-21,0.0
1999-09-22,0.0
1999-09-23,0.0
1999-09-24,0.0
1999-09-25,0.0
1999-09-26,1.5447522401809692
1999-09-27,1.5447522401809692
1999-09-28,1.5447522401809692
1999-09-29,1.5447522401809692
1999-09-30,1.5447522401809692
1999-10-01,0.03183720260858536
1999-10-02,18.784334182739258
1999-10-03,0.0038223196752369404
1999-10-04,0.0
1999-10-05,0.009717270731925964
1999-10-06,0.0
1999-10-07,0.0
1999-10-08,0.0
1999-10-09,0.0
1999-10-10,0.0
1999-10-11,8.826318740844727
1999-10-12,0.0
1999-10-13,3.2699272632598877
1999-10-14,5.971362113952637
1999-10-15,0.05963694676756859
1999-10-16,0.0
1999-10-17,7.247465133666992
1999-10-18,1.618955135345459
1999-10-19,0.1590164750814438
1999-10-20,0.8971917629241943
1999-10-21,0.0
1999-10-22,0.08024647831916809
1999-10-23,0.2370452582836151
1999-10-24,9.91347599029541
1999-10-25,0.0
1999-10-26,0.0
1999-10-27,14.716657638549805
1999-10-28,2.4108076095581055
1999-10-29,1.5687751770019531
1999-10-30,0.0
1999-10-31,0.0
1999-11-01,0.0
1999-11-02,3.372091293334961
1999-11-03,7.16811466217041
1999-11-04,0.0
1999-11-05,0.0
1999-11-06,0.0
1999-11-07,0.0
1999-11-08,0.0
1999-11-09,0.0
1999-11-10,0.0
1999-11-11,0.6821731328964233
1999-11-12,0.6821731328964233
1999-11-13,0.6821731328964233
1999-11-14,0.6821731328964233
1999-11-15,4.093039035797119
1999-11-16,25.800495147705078
1999-11-17,1.9822555780410767
1999-11-18,0.0
1999-11-19,0.013665295206010342
1999-11-20,4.909191608428955
1999-11-21,0.0
1999-11-22,0.0
1999-11-23,0.0
1999-11-24,0.0
1999-11-25,0.0
1999-11-26,0.0
1999-11-27,0.0
1999-11-28,0.0
1999-11-29,0.0
1999-11-30,0.0
1999-12-01,0.0
1999-12-02,0.5651769042015076
1999-12-03,0.0
1999-12-04,0.0
1999-12-05,12.455607414245605
1999-12-06,12.922195434570312
1999-12-07,0.0
1999-12-08,0.16193225979804993
1999-12-09,0.0
1999-12-10,0.0
1999-12-11,0.0
1999-12-12,14.300032615661621
1999-12-13,0.1225336492061615
1999-12-14,24.241525650024414
1999-12-15,3.0625951290130615
1999-12-16,0.006126055493950844
1999-12-17,0.0
1999-12-18,0.0
1999-12-19,13.93677806854248
1999-12-20,0.0
1999-12-21,0.0
1999-12-22,9.908448219299316
1999-12-23,7.009115695953369
1999-12-24,0.0
1999-12-25,0.0
1999-12-26,0.0
1999-12-27,0.6533559560775757
1999-12-28,0.018264885991811752
1999-12-29,4.748868942260742
1999-12-30,38.732391357421875
1999-12-31,0.17503809928894043
2000-01-01,0.0
2000-01-02,0.0
2000-01-03,0.0
2000-01-04,0.0
2000-01-05,0.0
2000-01-06,1.809686303138733
2000-01-07,0.0
2000-01-08,1.160422921180725
2000-01-09,11.757492065429688
2000-01-10,0.0
2000-01-11,0.0
2000-01-12,0.0
2000-01-13,0.0
2000-01-14,1.2185317277908325
2000-01-15,10.554668426513672
2000-01-16,0.0
2000-01-17,3.340728998184204
2000-01-18,30.84640884399414
2000-01-19,5.89201021194458
2000-01-20,1.1944046020507812
2000-01-21,0.0
2000-01-22,16.57988929748535
2000-01-23,3.893233060836792
2000-01-24,6.3281145095825195
2000-01-25,35.9718017578125
2000-01-26,11.023710250854492
2000-01-27,0.0
2000-01-28,0.8747184872627258
2000-01-29,0.0
2000-01-30,12.630720138549805
2000-01-31,83.21068572998047
2000-02-01,0.0
2000-02-02,1.156739354133606
2000-02-03,36.92475891113281
2000-02-04,0.013631791807711124
2000-02-05,0.0
2000-02-06,12.548008918762207
2000-02-07,10.173602104187012
2000-02-08,0.0
2000-02-09,0.0
2000-02-10,1.0537453889846802
2000-02-11,0.0
2000-02-12,0.0
2000-02-13,14.051559448242188
2000-02-14,2.6945903301239014
2000-02-15,0.07069864124059677
2000-02-16,0.0
2000-02-17,0.0
2000-02-18,0.0
2000-02-19,0.0
2000-02-20,0.0
2000-02-21,3.56547474861145
2000-02-22,2.255122423171997
2000-02-23,0.0
2000-02-24,0.0
2000-02-25,3.3943305015563965
2000-02-26,0.014093332923948765
2000-02-27,0.0
2000-02-28,14.006489753723145
2000-02-29,0.07275158911943436
2000-03-01,0.0
2000-03-02,0.0
2000-03-03,0.0
2000-03-04,0.0
2000-03-05,13.395973205566406
2000-03-06,77.02393341064453
2000-03-07,43.01940155029297
2000-03-08,6.025376319885254
2000-03-09,4.176804065704346
2000-03-10,6.393712997436523
2000-03-11,1.183449149131775
2000-03-12,23.835956573486328
2000-03-13,0.0
2000-03-14,0.8259516954421997
2000-03-15,0.0
2000-03-16,0.0
2000-03-17,0.0
2000-03-18,5.967898845672607
2000-03-19,0.0
2000-03-20,0.0
2000-03-21,0.0
2000-03-22,25.062728881835938
2000-03-23,0.3273788392543793
2000-03-24,10.337541580200195
2000-03-25,6.073050022125244
2000-03-26,2.981295585632324
2000-03-27,15.722188949584961
2000-03-28,2.7711856365203857
2000-03-29,0.9429344534873962
2000-03-30,0.016519596800208092
2000-03-31,0.0
2000-04-01,0.0
2000-04-02,0.0
2000-04-03,0.0
2000-04-04,0.0
2000-04-05,0.0
2000-04-06,0.0
2000-04-07,0.0
2000-04-08,0.0
2000-04-09,0.0
2000-04-10,0.0
2000-04-11,0.0
2000-04-12,0.0
2000-04-13,0.0
2000-04-14,0.0
2000-04-15,0.0
2000-04-16,0.09877223521471024
2000-04-17,0.5700275897979736
2000-04-18,0.016971325501799583
2000-04-19,0.0
2000-04-20,0.0
2000-04-21,0.08820527046918869
2000-04-22,0.529231607913971
2000-04-23,0.08820527046918869
2000-04-24,0.08820527046918869
2000-04-25,0.08820527046918869
2000-04-26,1.4628034830093384
2000-04-27,0.0
2000-04-28,37.413631439208984
2000-04-29,0.0
2000-04-30,0.0
2000-05-01,0.08533967286348343
2000-05-02,0.08533967286348343
2000-05-03,0.08533967286348343
2000-05-04,0.08533967286348343
2000-05-05,0.08533967286348343
2000-05-06,0.08701195567846298
2000-05-07,0.08701195567846298
2000-05-08,1.0814343690872192
2000-05-09,0.39776891469955444
2000-05-10,0.08701195567846298
2000-05-11,0.37539052963256836
2000-05-12,0.37539052963256836
2000-05-13,3.795414447784424
2000-05-14,0.37539052963256836
2000-05-15,2.586224317550659
2000-05-16,0.0
2000-05-17,4.6693949699401855
2000-05-18,1.8934558629989624
2000-05-19,10.295742988586426
2000-05-20,1.9758187532424927
2000-05-21,0.0
2000-05-22,0.0
2000-05-23,0.0
2000-05-24,0.0
2000-05-25,5.713671684265137
2000-05-26,0.0
2000-05-27,0.0
2000-05-28,0.0
2000-05-29,0.0
2000-05-30,0.0
2000-05-31,0.0
2000-06-01,0.0
2000-06-02,0.0
2000-06-03,0.0
2000-06-04,0.0
2000-06-05,0.0
2000-06-06,1.4575657844543457
2000-06-07,3.8868422508239746
2000-06-08,1.4575657844543457
2000-06-09,1.4575657844543457
2000-06-10,1.4575657844543457
2000-06-11,0.19795992970466614
2000-06-12,0.5278931260108948
2000-06-13,0.19795992970466614
2000-06-14,0.19795992970466614
2000-06-15,0.19795992970466614
2000-06-16,0.5245364308357239
2000-06-17,0.20119205117225647
2000-06-18,0.8838079571723938
2000-06-19,0.20119205117225647
2000-06-20,0.20119205117225647
2000-06-21,0.0
2000-06-22,0.0
2000-06-23,0.0
2000-06-24,0.0
2000-06-25,0.0
2000-06-26,0.0
2000-06-27,0.0
2000-06-28,0.0
2000-06-29,0.0
2000-06-30,0.0
2000-07-01,0.0
2000-07-02,0.0
2000-07-03,0.0
2000-07-04,0.0
2000-07-05,0.0
2000-07-06,0.0
2000-07-07,0.0
2000-07-08,0.0
2000-07-09,0.0
2000-07-10,0.0
2000-07-11,0.0
2000-07-12,0.0
2000-07-13,0.0
2000-07-14,0.0
2000-07-15,0.0
2000-07-16,0.0
2000-07-17,0.0
2000-07-18,0.0
2000-07-19,0.0
2000-07-20,0.0
2000-07-21,0.0
2000-07-22,0.0
2000-07-23,0.0
2000-07-24,0.0
2000-07-25,0.0
2000-07-26,0.0
2000-07-27,0.0
2000-07-28,0.0
2000-07-29,0.0
2000-07-30,0.0
2000-07-31,0.0
2000-08-01,0.0
2000-08-02,0.0
2000-08-03,0.0
2000-08-04,0.0
2000-08-05,0.0
2000-08-06,0.0
2000-08-07,0.0
2000-08-08,0.0
2000-08-09,0.0
2000-08-10,0.0
2000-08-11,0.0
2000-08-12,0.0
2000-08-13,0.0
2000-08-14,0.0
2000-08-15,0.0
2000-08-16,0.3893119692802429
2000-08-17,0.1459919959306717
2000-08-18,0.1459919959306717
2000-08-19,0.1459919959306717
2000-08-20,0.1459919959306717
2000-08-21,0.12842167913913727
2000-08-22,0.0
2000-08-23,14.776981353759766
2000-08-24,0.6038767695426941
2000-08-25,1.1901296377182007
2000-08-26,2.1174235343933105
2000-08-27,2.328035593032837
2000-08-28,0.14402465522289276
2000-08-29,3.625775098800659
2000-08-30,0.3663347065448761
2000-08-31,0.0
2000-09-01,0.03151760995388031
2000-09-02,1.315348505973816
2000-09-03,0.0593600757420063
2000-09-04,0.0
2000-09-05,0.0
2000-09-06,0.0
2000-09-07,0.0
2000-09-08,0.0
2000-09-09,0.0
2000-09-10,0.0
2000-09-11,4.393643856048584
2000-09-12,0.0
2000-09-13,0.7916936874389648
2000-09-14,0.10959327220916748
2000-09-15,0.007575008552521467
2000-09-16,0.0
2000-09-17,0.0
2000-09-18,0.0
2000-09-19,0.0
2000-09-20,0.0
2000-09-21,4.350319862365723
2000-09-22,1.0710841417312622
2000-09-23,0.07049033790826797
2000-09-24,0.0
2000-09-25,0.0
2000-09-26,0.0
2000-09-27,0.0
2000-09-28,0.0
2000-09-29,0.0
2000-09-30,0.0
2000-10-01,0.0
2000-10-02,0.0
2000-10-03,0.6900918483734131
2000-10-04,7.116203308105469
2000-10-05,0.0
2000-10-06,0.0
2000-10-07,0.0
2000-10-08,0.0
2000-10-09,4.522078514099121
2000-10-10,1.4869771003723145
2000-10-11,3.078181028366089
2000-10-12,0.0025234753265976906
2000-10-13,13.726787567138672
2000-10-14,13.873260498046875
2000-10-15,12.127483367919922
2000-10-16,8.222161293029785
2000-10-17,0.5634886622428894
2000-10-18,0.0
2000-10-19,0.19074122607707977
2000-10-20,1.3446564674377441
2000-10-21,0.40325748920440674
2000-10-22,4.691634178161621
2000-10-23,12.158202171325684
2000-10-24,0.047442056238651276
2000-10-25,0.0
2000-10-26,0.939618706703186
2000-10-27,5.747107028961182
2000-10-28,0.0
2000-10-29,0.0
2000-10-30,0.0
2000-10-31,0.0
2000-11-01,0.0
2000-11-02,1.822300910949707
2000-11-03,0.03310311958193779
2000-11-04,0.0
2000-11-05,5.815887928009033
2000-11-06,15.651721954345703
2000-11-07,0.0
2000-11-08,0.0
2000-11-09,5.945186614990234
2000-11-10,0.0
2000-11-11,0.23831981420516968
2000-11-12,0.0
2000-11-13,24.977426528930664
2000-11-14,11.137404441833496
2000-11-15,0.5676637887954712
2000-11-16,0.0
2000-11-17,0.0
2000-11-18,0.0
2000-11-19,7.257490634918213
2000-11-20,0.6563937664031982
2000-11-21,0.0
2000-11-22,1.8576453924179077
2000-11-23,0.0
2000-11-24,13.503888130187988
2000-11-25,0.0
2000-11-26,0.0
2000-11-27,2.2692625522613525
2000-11-28,0.10366363078355789
2000-11-29,6.433896064758301
2000-11-30,0.18514348566532135
2000-12-01,0.5160701274871826
2000-12-02,0.13852998614311218
2000-12-03,1.2539050579071045
2000-12-04,25.056499481201172
2000-12-05,2.9838316440582275
2000-12-06,0.001383304945193231
2000-12-07,0.0
2000-12-08,7.037393093109131
2000-12-09,4.90064811706543
2000-12-10,39.807247161865234
2000-12-11,0.0
2000-12-12,4.109285831451416
2000-12-13,1.6360783576965332
2000-12-14,0.06060791015625
2000-12-15,15.54179859161377
2000-12-16,15.86500072479248
2000-12-17,0.0
2000-12-18,0.0
2000-12-19,0.0
2000-12-20,0.0
2000-12-21,0.0
2000-12-22,1.2118151187896729
2000-12-23,17.318859100341797
2000-12-24,7.870871067047119
2000-12-25,0.0019899068865925074
2000-12-26,0.03426800295710564
2000-12-27,0.0
2000-12-28,12.431979179382324
2000-12-29,15.20948600769043
2000-12-30,38.16841125488281
2000-12-31,0.029319455847144127
2001-01-01,0.0
2001-01-02,0.001516886055469513
2001-01-03,0.06255367398262024
2001-01-04,1.13563871383667
2001-01-05,7.646770477294922
2001-01-06,0.11996319890022278
2001-01-07,0.0
2001-01-08,28.901294708251953
2001-01-09,0.049301132559776306
2001-01-10,1.7020246982574463
2001-01-11,24.225141525268555
2001-01-12,0.09731823205947876
2001-01-13,0.0
2001-01-14,0.23650290071964264
2001-01-15,0.1784144788980484
2001-01-16,0.42739230394363403
2001-01-17,0.0
2001-01-18,2.247861385345459
2001-01-19,37.49470138549805
2001-01-20,25.862537384033203
2001-01-21,0.0
2001-01-22,0.04434344545006752
2001-01-23,0.33332428336143494
2001-01-24,0.25229716300964355
2001-01-25,26.741024017333984
2001-01-26,0.0
2001-01-27,0.0
2001-01-28,0.0
2001-01-29,22.77326011657715
2001-01-30,0.0069864671677351
2001-01-31,0.0
2001-02-01,68.91519927978516
2001-02-02,2.89565110206604
2001-02-03,0.7897335290908813
2001-02-04,2.034719705581665
2001-02-05,0.0
2001-02-06,0.0
2001-02-07,0.0
2001-02-08,0.0
2001-02-09,0.0
2001-02-10,0.0
2001-02-11,0.0
2001-02-12,6.236115455627441
2001-02-13,15.824517250061035
2001-02-14,1.4260289669036865
2001-02-15,7.482688903808594
2001-02-16,37.781959533691406
2001-02-17,2.9513654708862305
2001-02-18,0.2575492858886719
2001-02-19,1.5179156064987183
2001-02-20,0.0
2001-02-21,0.0
2001-02-22,0.0
2001-02-23,0.7431744933128357
2001-02-24,0.5464641451835632
2001-02-25,20.313026428222656
2001-02-26,31.528091430664062
2001-02-27,4.51318883895874
2001-02-28,7.213569164276123
2001-03-01,0.0
2001-03-02,0.0
2001-03-03,0.0
2001-03-04,0.0
2001-03-05,10.42707633972168
2001-03-06,38.62747573852539
2001-03-07,12.651920318603516
2001-03-08,0.0
2001-03-09,21.774810791015625
2001-03-10,0.3408697843551636
2001-03-11,4.187581539154053
2001-03-12,0.033442720770835876
2001-03-13,2.7294607162475586
2001-03-14,0.23735658824443817
2001-03-15,9.459260940551758
2001-03-16,9.905424118041992
2001-03-17,0.25595277547836304
2001-03-18,0.0
2001-03-19,1.5661853551864624
2001-03-20,0.5450265407562256
2001-03-21,0.0
2001-03-22,0.0031102357897907495
2001-03-23,23.465621948242188
2001-03-24,1.3248064517974854
2001-03-25,1.1271613836288452
2001-03-26,0.0
2001-03-27,0.0
2001-03-28,0.0
2001-03-29,0.0
2001-03-30,0.0
2001-03-31,0.0
2001-04-01,1.4566434621810913
2001-04-02,0.9065940976142883
2001-04-03,0.2530520260334015
2001-04-04,0.0
2001-04-05,1.5337636470794678
2001-04-06,11.6654634475708
2001-04-07,0.04716005548834801
2001-04-08,0.0
2001-04-09,0.0
2001-04-10,0.15107545256614685
2001-04-11,0.0
2001-04-12,0.0
2001-04-13,0.0
2001-04-14,0.0
2001-04-15,0.0
2001-04-16,0.9310439825057983
2001-04-17,0.3491414785385132
2001-04-18,0.3491414785385132
2001-04-19,0.3491414785385132
2001-04-20,0.3491414785385132
2001-04-21,0.0
2001-04-22,0.0
2001-04-23,2.5108208656311035
2001-04-24,25.91820526123047
2001-04-25,5.702664852142334
2001-04-26,0.0
2001-04-27,0.9105055332183838
2001-04-28,0.0
2001-04-29,10.490607261657715
2001-04-30,0.0
2001-05-01,0.0
2001-05-02,0.0
2001-05-03,0.0
2001-05-04,0.0
2001-05-05,8.474848747253418
2001-05-06,2.111896514892578
2001-05-07,12.902817726135254
2001-05-08,0.878369152545929
2001-05-09,0.0
2001-05-10,0.0
2001-05-11,0.5861153602600098
2001-05-12,0.5861153602600098
2001-05-13,0.5861153602600098
2001-05-14,2.989846706390381
2001-05-15,6.974114418029785
2001-05-16,0.0
2001-05-17,0.0
2001-05-18,0.0
2001-05-19,0.0
2001-05-20,0.0
2001-05-21,3.786371946334839
2001-05-22,0.6310619711875916
2001-05-23,0.6310619711875916
2001-05-24,0.6310619711875916
2001-05-25,0.6310619711875916
2001-05-26,0.0
2001-05-27,0.0
2001-05-28,0.0
2001-05-29,0.0
2001-05-30,0.0
2001-05-31,0.0
2001-06-01,0.0
2001-06-02,0.0
2001-06-03,0.0
2001-06-04,0.0
2001-06-05,0.0
2001-06-06,0.08587004989385605
2001-06-07,0.08587004989385605
2001-06-08,0.08587004989385605
2001-06-09,0.08587004989385605
2001-06-10,0.08587004989385605
2001-06-11,0.0
2001-06-12,0.0
2001-06-13,0.0
2001-06-14,0.0
2001-06-15,0.0
2001-06-16,0.0
2001-06-17,0.0032161849085241556
2001-06-18,0.0
2001-06-19,0.0018369038589298725
2001-06-20,1.4589866399765015
2001-06-21,0.0
2001-06-22,0.0
2001-06-23,0.325775146484375
2001-06-24,0.0
2001-06-25,0.0
2001-06-26,0.0
2001-06-27,0.0
2001-06-28,0.0
2001-06-29,0.0
2001-06-30,0.0
2001-07-01,0.0
2001-07-02,0.0
2001-07-03,0.0
2001-07-04,0.0
2001-07-05,0.0
2001-07-06,0.0
2001-07-07,0.0
2001-07-08,0.0
2001-07-09,0.0
2001-07-10,0.0
2001-07-11,0.0
2001-07-12,0.0
2001-07-13,0.0
2001-07-14,0.0
2001-07-15,0.0
2001-07-16,0.0
2001-07-17,0.0
2001-07-18,0.0
2001-07-19,0.0
2001-07-20,0.0
2001-07-21,0.0
2001-07-22,0.0
2001-07-23,0.0
2001-07-24,0.0
2001-07-25,0.0
2001-07-26,0.0
2001-07-27,0.0
2001-07-28,0.0
2001-07-29,0.0
2001-07-30,0.0
2001-07-31,0.0
2001-08-01,0.0
2001-08-02,0.0
2001-08-03,0.0
2001-08-04,0.0
2001-08-05,0.0
2001-08-06,0.0
2001-08-07,0.0
2001-08-08,0.0
2001-08-09,0.0
2001-08-10,0.0
2001-08-11,0.0
2001-08-12,0.0
2001-08-13,0.0
2001-08-14,0.0
2001-08-15,0.0
2001-08-16,4.961834907531738
2001-08-17,3.458761692047119
2001-08-18,0.0
2001-08-19,2.3241190910339355
2001-08-20,1.2862424850463867
2001-08-21,0.0
2001-08-22,0.0
2001-08-23,0.0
2001-08-24,0.0
2001-08-25,0.0
2001-08-26,0.33898186683654785
2001-08-27,0.2607553005218506
2001-08-28,0.2607553005218506
2001-08-29,0.2607553005218506
2001-08-30,0.2607553005218506
2001-08-31,1.7470604181289673
2001-09-01,8.85871696472168
2001-09-02,0.24696780741214752
2001-09-03,0.0
2001-09-04,0.0
2001-09-05,0.0
2001-09-06,0.0
2001-09-07,0.0
2001-09-08,0.0
2001-09-09,0.0
2001-09-10,0.0
2001-09-11,0.14006280899047852
2001-09-12,0.25678181648254395
2001-09-13,0.14006280899047852
2001-09-14,0.14006280899047852
2001-09-15,0.7236578464508057
2001-09-16,0.01214138325303793
2001-09-17,0.0
2001-09-18,0.0
2001-09-19,0.017592133954167366
2001-09-20,5.634832859039307
2001-09-21,14.777862548828125
2001-09-22,0.0
2001-09-23,1.0807693004608154
2001-09-24,0.0
2001-09-25,0.0
2001-09-26,0.0
2001-09-27,0.0
2001-09-28,0.0
2001-09-29,0.0
2001-09-30,0.0
2001-10-01,0.39349183440208435
2001-10-02,0.39349183440208435
2001-10-03,0.39349183440208435
2001-10-04,0.39349183440208435
2001-10-05,0.39349183440208435
2001-10-06,3.0010592937469482
2001-10-07,2.6394131183624268
2001-10-08,0.0
2001-10-09,0.006706767249852419
2001-10-10,0.007967677898705006
2001-10-11,12.946257591247559
2001-10-12,11.207710266113281
2001-10-13,9.455724716186523
2001-10-14,0.0
2001-10-15,0.0
2001-10-16,1.3426761627197266
2001-10-17,0.0
2001-10-18,0.0
2001-10-19,0.0
2001-10-20,4.000858306884766
2001-10-21,2.4744436740875244
2001-10-22,0.3216582238674164
2001-10-23,0.0
2001-10-24,1.7313355207443237
2001-10-25,2.8111352920532227
2001-10-26,0.08083806186914444
2001-10-27,4.384054660797119
2001-10-28,5.85191535949707
2001-10-29,10.350977897644043
2001-10-30,0.24906477332115173
2001-10-31,0.0
2001-11-01,2.7946417331695557
2001-11-02,26.33913803100586
2001-11-03,0.0034736827947199345
2001-11-04,0.0
2001-11-05,0.0
2001-11-06,8.299123764038086
2001-11-07,1.7035930156707764
2001-11-08,0.13250257074832916
2001-11-09,0.0
2001-11-10,0.00342985475435853
2001-11-11,0.0
2001-11-12,1.099928855895996
2001-11-13,0.0
2001-11-14,8.613770484924316
2001-11-15,2.566204071044922
2001-11-16,0.0
2001-11-17,0.0
2001-11-18,0.0
2001-11-19,0.0
2001-11-20,0.0
2001-11-21,6.217435359954834
2001-11-22,0.0
2001-11-23,0.0
2001-11-24,0.0
2001-11-25,0.0
2001-11-26,0.0
2001-11-27,1.0142102241516113
2001-11-28,3.45505690574646
2001-11-29,15.859801292419434
2001-11-30,7.473715782165527
2001-12-01,0.0
2001-12-02,0.5245165824890137
2001-12-03,3.53375506401062
2001-12-04,2.0188865661621094
2001-12-05,0.0
2001-12-06,0.0
2001-12-07,0.0
2001-12-08,0.7150413393974304
2001-12-09,0.540073037147522
2001-12-10,2.0275943279266357
2001-12-11,2.0280208587646484
2001-12-12,16.894010543823242
2001-12-13,0.0
2001-12-14,0.7873044013977051
2001-12-15,1.2780319452285767
2001-12-16,0.0
2001-12-17,0.0
2001-12-18,0.0
2001-12-19,0.0
2001-12-20,0.0
2001-12-21,5.093228816986084
2001-12-22,3.678231716156006
2001-12-23,3.390882730484009
2001-12-24,0.0
2001-12-25,0.8444178700447083
2001-12-26,0.0
2001-12-27,2.8871612548828125
2001-12-28,0.3686501383781433
2001-12-29,2.667189121246338
2001-12-30,10.895195007324219
2001-12-31,11.94454574584961
2002-01-01,14.418590545654297
2002-01-02,12.87043285369873
2002-01-03,0.11153949052095413
2002-01-04,0.02147688716650009
2002-01-05,1.1164498329162598
2002-01-06,2.655695676803589
2002-01-07,0.0
2002-01-08,0.0
2002-01-09,4.4614577293396
2002-01-10,0.016436846926808357
2002-01-11,0.0
2002-01-12,0.0
2002-01-13,0.0
2002-01-14,1.6013704538345337
2002-01-15,0.7088032960891724
2002-01-16,0.5108163356781006
2002-01-17,0.0
2002-01-18,0.0
2002-01-19,0.0
2002-01-20,0.0
2002-01-21,0.013273527845740318
2002-01-22,0.013273527845740318
2002-01-23,0.013273527845740318
2002-01-24,0.03539607301354408
2002-01-25,0.013273527845740318
2002-01-26,0.0
2002-01-27,0.5771581530570984
2002-01-28,0.4994766116142273
2002-01-29,0.005054623354226351
2002-01-30,0.0
2002-01-31,0.0
2002-02-01,16.21393585205078
2002-02-02,22.099628448486328
2002-02-03,40.13298416137695
2002-02-04,0.0
2002-02-05,8.793984413146973
2002-02-06,0.8870478272438049
2002-02-07,6.242159366607666
2002-02-08,0.0
2002-02-09,0.0
2002-02-10,0.0
2002-02-11,0.3565100133419037
2002-02-12,65.06163787841797
2002-02-13,0.0
2002-02-14,1.61771821975708
2002-02-15,20.71249771118164
2002-02-16,21.720102310180664
2002-02-17,0.5240331888198853
2002-02-18,0.1682567298412323
2002-02-19,24.95857810974121
2002-02-20,21.978464126586914
2002-02-21,0.0
2002-02-22,0.0
2002-02-23,0.0
2002-02-24,0.0
2002-02-25,0.0
2002-02-26,4.292842388153076
2002-02-27,0.9259779453277588
2002-02-28,0.034211285412311554
2002-03-01,14.719836235046387
2002-03-02,0.0
2002-03-03,0.0
2002-03-04,0.0
2002-03-05,0.0
2002-03-06,14.675344467163086
2002-03-07,0.0044056870974600315
2002-03-08,0.0
2002-03-09,0.0
2002-03-10,0.0
2002-03-11,18.83679962158203
2002-03-12,0.0
2002-03-13,7.726535797119141
2002-03-14,0.0
2002-03-15,2.4609479904174805
2002-03-16,0.0
2002-03-17,10.112358093261719
2002-03-18,0.0
2002-03-19,5.694171905517578
2002-03-20,38.999271392822266
2002-03-21,0.0
2002-03-22,0.0
2002-03-23,0.0
2002-03-24,0.0
2002-03-25,0.0
2002-03-26,0.0
2002-03-27,0.5151744484901428
2002-03-28,0.0
2002-03-29,0.0
2002-03-30,31.706554412841797
2002-03-31,0.0
2002-04-01,0.11671996116638184
2002-04-02,0.11671996116638184
2002-04-03,0.11671996116638184
2002-04-04,0.11671996116638184
2002-04-05,0.11671996116638184
2002-04-06,0.0
2002-04-07,0.0
2002-04-08,3.7989933490753174
2002-04-09,6.977934837341309
2002-04-10,0.0
2002-04-11,0.0
2002-04-12,19.666635513305664
2002-04-13,0.02701406180858612
2002-04-14,0.0
2002-04-15,0.0
2002-04-16,0.0
2002-04-17,0.0
2002-04-18,0.0
2002-04-19,0.0
2002-04-20,13.104414939880371
2002-04-21,0.6061146259307861
2002-04-22,2.564913511276245
2002-04-23,3.417599678039551
2002-04-24,0.9699668884277344
2002-04-25,0.0
2002-04-26,1.2478045225143433
2002-04-27,1.7103146314620972
2002-04-28,0.0
2002-04-29,0.0
2002-04-30,0.0
2002-05-01,0.0
2002-05-02,0.0
2002-05-03,0.0
2002-05-04,0.16906118392944336
2002-05-05,30.503463745117188
2002-05-06,0.21760015189647675
2002-05-07,0.21760015189647675
2002-05-08,0.21760015189647675
2002-05-09,0.21760015189647675
2002-05-10,0.21760015189647675
2002-05-11,0.2269810289144516
2002-05-12,0.2269810289144516
2002-05-13,0.2269810289144516
2002-05-14,0.605282723903656
2002-05-15,0.2269810289144516
2002-05-16,0.0
2002-05-17,0.0
2002-05-18,0.0
2002-05-19,0.0
2002-05-20,0.0
2002-05-21,0.0
2002-05-22,0.0
2002-05-23,0.0
2002-05-24,0.0
2002-05-25,0.0
2002-05-26,0.0
2002-05-27,0.0
2002-05-28,0.0
2002-05-29,6.720247745513916
2002-05-30,0.27649256587028503
2002-05-31,0.0
2002-06-01,0.0
2002-06-02,0.0
2002-06-03,0.0
2002-06-04,0.0
2002-06-05,0.0
2002-06-06,0.13770000636577606
2002-06-07,0.13770000636577606
2002-06-08,0.13770000636577606
2002-06-09,0.13770000636577606
2002-06-10,0.13770000636577606
2002-06-11,0.0
2002-06-12,0.0
2002-06-13,0.0
2002-06-14,0.0
2002-06-15,0.0
2002-06-16,0.0
2002-06-17,0.0
2002-06-18,0.0
2002-06-19,0.0
2002-06-20,0.0
2002-06-21,0.0
2002-06-22,0.0
2002-06-23,0.0
2002-06-24,0.0
2002-06-25,0.0
2002-06-26,0.0
2002-06-27,0.0
2002-06-28,0.0
2002-06-29,0.0
2002-06-30,0.0
2002-07-01,0.0
2002-07-02,0.0007942881202325225
2002-07-03,4.578402996063232
2002-07-04,19.280399322509766
2002-07-05,0.0008219793671742082
2002-07-06,0.0
2002-07-07,0.0
2002-07-08,0.0
2002-07-09,0.0
2002-07-10,0.0
2002-07-11,0.0
2002-07-12,0.0
2002-07-13,0.0
2002-07-14,0.0
2002-07-15,0.0
2002-07-16,0.0
2002-07-17,0.0
2002-07-18,2.548508882522583
2002-07-19,1.0958733558654785
2002-07-20,0.0
2002-07-21,0.0
2002-07-22,0.0
2002-07-23,0.0
2002-07-24,0.0
2002-07-25,0.0
2002-07-26,0.0
2002-07-27,0.0
2002-07-28,0.0
2002-07-29,0.0
2002-07-30,0.0
2002-07-31,0.0
2002-08-01,0.0
2002-08-02,0.0
2002-08-03,0.0
2002-08-04,0.5580288767814636
2002-08-05,1.674086570739746
2002-08-06,0.0
2002-08-07,0.0
2002-08-08,0.0
2002-08-09,0.0
2002-08-10,0.0
2002-08-11,0.0
2002-08-12,0.0
2002-08-13,0.0
2002-08-14,0.0
2002-08-15,0.0
2002-08-16,0.0
2002-08-17,0.0
2002-08-18,0.0
2002-08-19,0.0
2002-08-20,0.0
2002-08-21,0.0
2002-08-22,0.0
2002-08-23,0.0
2002-08-24,0.0
2002-08-25,0.0
2002-08-26,0.7430745959281921
2002-08-27,2.9722981452941895
2002-08-28,2.9722983837127686
2002-08-29,0.7430745959281921
2002-08-30,0.7430745959281921
2002-08-31,0.7430745959281921
2002-09-01,0.2873045802116394
2002-09-02,0.2873045802116394
2002-09-03,0.2873045802116394
2002-09-04,0.2873045802116394
2002-09-05,0.2873045802116394
2002-09-06,0.0
2002-09-07,0.0
2002-09-08,0.0
2002-09-09,0.0
2002-09-10,0.0
2002-09-11,2.8683764934539795
2002-09-12,0.024845847859978676
2002-09-13,0.11582774668931961
2002-09-14,0.012632772326469421
2002-09-15,0.0101823341101408
2002-09-16,0.0031808302737772465
2002-09-17,5.842136859893799
2002-09-18,0.0
2002-09-19,0.058303941041231155
2002-09-20,0.0
2002-09-21,0.0
2002-09-22,0.0
2002-09-23,0.0
2002-09-24,0.0
2002-09-25,0.0
2002-09-26,0.0
2002-09-27,0.0
2002-09-28,0.0
2002-09-29,0.0
2002-09-30,0.0
2002-10-01,0.11747483164072037
2002-10-02,1.1333041191101074
2002-10-03,4.042336940765381
2002-10-04,0.0
2002-10-05,5.9374775886535645
2002-10-06,0.0
2002-10-07,0.0
2002-10-08,0.001753190765157342
2002-10-09,0.0
2002-10-10,3.914875030517578
2002-10-11,0.6085420846939087
2002-10-12,1.7737656831741333
2002-10-13,3.329439163208008
2002-10-14,3.131047010421753
2002-10-15,3.328047037124634
2002-10-16,12.76218032836914
2002-10-17,0.9103277325630188
2002-10-18,0.3900304436683655
2002-10-19,0.11331765353679657
2002-10-20,0.0
2002-10-21,0.00783436931669712
2002-10-22,0.0
2002-10-23,0.0
2002-10-24,0.0
2002-10-25,2.8856589794158936
2002-10-26,0.16741541028022766
2002-10-27,33.1697883605957
2002-10-28,0.2540036737918854
2002-10-29,23.253755569458008
2002-10-30,0.0
2002-10-31,0.0
2002-11-01,0.0
2002-11-02,0.0
2002-11-03,14.246253967285156
2002-11-04,2.452364683151245
2002-11-05,0.3112988770008087
2002-11-06,0.07495413720607758
2002-11-07,0.07495413720607758
2002-11-08,0.07495413720607758
2002-11-09,0.07495413720607758
2002-11-10,1.1992661952972412
2002-11-11,0.0
2002-11-12,0.0
2002-11-13,0.0
2002-11-14,0.24281780421733856
2002-11-15,17.219247817993164
2002-11-16,2.370919704437256
2002-11-17,0.0
2002-11-18,22.211572647094727
2002-11-19,0.008142594248056412
2002-11-20,0.0
2002-11-21,0.1076132282614708
2002-11-22,0.10910221189260483
2002-11-23,0.024695711210370064
2002-11-24,0.0
2002-11-25,7.522665500640869
2002-11-26,0.16007427871227264
2002-11-27,0.09992516040802002
2002-11-28,17.726530075073242
2002-11-29,0.0
2002-11-30,0.0
2002-12-01,0.0
2002-12-02,41.46894454956055
2002-12-03,1.343759536743164
2002-12-04,0.0
2002-12-05,0.337147057056427
2002-12-06,4.847830295562744
2002-12-07,0.09598876535892487
2002-12-08,0.2086150199174881
2002-12-09,1.1826671361923218
2002-12-10,26.76372528076172
2002-12-11,0.0
2002-12-12,0.009684041142463684
2002-12-13,1.5444989204406738
2002-12-14,13.536155700683594
2002-12-15,6.960223197937012
2002-12-16,0.0
2002-12-17,15.72841739654541
2002-12-18,0.0
2002-12-19,0.0
2002-12-20,2.8953614234924316
2002-12-21,0.2384347915649414
2002-12-22,0.0
2002-12-23,21.78319549560547
2002-12-24,1.3005640506744385
2002-12-25,0.0
2002-12-26,0.007171339355409145
2002-12-27,0.007171339355409145
2002-12-28,0.05019937828183174
2002-12-29,0.007171339355409145
2002-12-30,0.09322740882635117
2002-12-31,0.007171339355409145
2003-01-01,0.0
2003-01-02,2.037184476852417
2003-01-03,6.040008544921875
2003-01-04,50.74549102783203
2003-01-05,0.21913506090641022
2003-01-06,20.87355613708496
2003-01-07,5.427984714508057
2003-01-08,0.0
2003-01-09,0.0
2003-01-10,4.581493854522705
2003-01-11,20.26567840576172
2003-01-12,7.091963291168213
2003-01-13,3.3940114974975586
2003-01-14,0.17811867594718933
2003-01-15,29.822370529174805
2003-01-16,10.95777702331543
2003-01-17,1.8694281578063965
2003-01-18,18.911012649536133
2003-01-19,0.9667364358901978
2003-01-20,0.05544120818376541
2003-01-21,25.27426528930664
2003-01-22,0.0
2003-01-23,0.9791117310523987
2003-01-24,0.9878857135772705
2003-01-25,0.0
2003-01-26,0.10293491184711456
2003-01-27,0.0003240793594159186
2003-01-28,14.20532512664795
2003-01-29,5.369969367980957
2003-01-30,2.2473576068878174
2003-01-31,0.0
2003-02-01,0.5898398160934448
2003-02-02,0.0
2003-02-03,0.0
2003-02-04,0.0
2003-02-05,8.976583480834961
2003-02-06,4.9979248046875
2003-02-07,10.05594539642334
2003-02-08,3.0300049781799316
2003-02-09,3.6271133422851562
2003-02-10,9.658534049987793
2003-02-11,7.0292463302612305
2003-02-12,0.0
2003-02-13,36.350341796875
2003-02-14,0.08505599945783615
2003-02-15,0.0
2003-02-16,0.0
2003-02-17,1.208521842956543
2003-02-18,0.0
2003-02-19,0.022302407771348953
2003-02-20,3.7935702800750732
2003-02-21,0.0
2003-02-22,0.0
2003-02-23,0.0
2003-02-24,0.0
2003-02-25,0.0
2003-02-26,0.03874697908759117
2003-02-27,0.03874697908759117
2003-02-28,0.07749395817518234
2003-03-01,0.0
2003-03-02,0.73114413022995
2003-03-03,34.79547882080078
2003-03-04,13.378494262695312
2003-03-05,0.07136456668376923
2003-03-06,12.486620903015137
2003-03-07,2.2358970642089844
2003-03-08,0.00019328754569869488
2003-03-09,0.04213668778538704
2003-03-10,0.0
2003-03-11,22.30999183654785
2003-03-12,0.0
2003-03-13,0.0
2003-03-14,1.020268440246582
2003-03-15,2.572709798812866
2003-03-16,40.95242691040039
2003-03-17,3.5779049396514893
2003-03-18,0.0
2003-03-19,0.0
2003-03-20,5.435465335845947
2003-03-21,38.44868850708008
2003-03-22,0.0
2003-03-23,0.0
2003-03-24,0.0
2003-03-25,0.0
2003-03-26,0.0
2003-03-27,0.0
2003-03-28,0.0
2003-03-29,0.18759551644325256
2003-03-30,1.956820011138916
2003-03-31,45.49160385131836
2003-04-01,0.0
2003-04-02,0.0
2003-04-03,0.0
2003-04-04,0.0
2003-04-05,0.0
2003-04-06,0.27141693234443665
2003-04-07,1.9211838245391846
2003-04-08,0.0
2003-04-09,0.0
2003-04-10,0.3638164699077606
2003-04-11,0.0
2003-04-12,0.0
2003-04-13,0.0
2003-04-14,0.0
2003-04-15,0.0
2003-04-16,0.2569969892501831
2003-04-17,0.9674929976463318
2003-04-18,0.11425050348043442
2003-04-19,0.0
2003-04-20,0.4631260931491852
2003-04-21,0.20152875781059265
2003-04-22,0.0
2003-04-23,0.0
2003-04-24,0.005063536111265421
2003-04-25,0.0
2003-04-26,0.11491576582193375
2003-04-27,0.11491576582193375
2003-04-28,0.11491576582193375
2003-04-29,0.11491576582193375
2003-04-30,0.11491576582193375
2003-05-01,0.019158760085701942
2003-05-02,0.019158760085701942
2003-05-03,0.019158760085701942
2003-05-04,0.019158760085701942
2003-05-05,0.05109002813696861
2003-05-06,0.10846220701932907
2003-05-07,0.10846220701932907
2003-05-08,0.10846220701932907
2003-05-09,0.10846220701932907
2003-05-10,0.10846220701932907
2003-05-11,0.3242942690849304
2003-05-12,0.3242942690849304
2003-05-13,1.9457656145095825
2003-05-14,0.3242942690849304
2003-05-15,0.3242942690849304
2003-05-16,0.0
2003-05-17,0.005468772258609533
2003-05-18,2.1042990684509277
2003-05-19,3.7946245670318604
2003-05-20,0.30813294649124146
2003-05-21,0.0
2003-05-22,0.0
2003-05-23,0.0
2003-05-24,0.0
2003-05-25,0.0
2003-05-26,0.0
2003-05-27,0.0
2003-05-28,0.0
2003-05-29,0.0
2003-05-30,0.0
2003-05-31,0.0
2003-06-01,0.0
2003-06-02,0.0
2003-06-03,5.065796852111816
2003-06-04,0.32114461064338684
2003-06-05,0.0
2003-06-06,0.07260342687368393
2003-06-07,0.07260342687368393
2003-06-08,0.07260342687368393
2003-06-09,0.07260342687368393
2003-06-10,0.07260342687368393
2003-06-11,0.0
2003-06-12,0.0
2003-06-13,0.0
2003-06-14,0.0
2003-06-15,0.0
2003-06-16,0.0
2003-06-17,0.0
2003-06-18,0.0
2003-06-19,0.0
2003-06-20,0.0
2003-06-21,0.0
2003-06-22,0.0
2003-06-23,0.0
2003-06-24,0.0
2003-06-25,0.0
2003-06-26,0.0
2003-06-27,0.0
2003-06-28,0.0
2003-06-29,0.0
2003-06-30,0.0
2003-07-01,0.0
2003-07-02,0.0
2003-07-03,0.0
2003-07-04,0.0
2003-07-05,0.0
2003-07-06,0.0
2003-07-07,0.0
2003-07-08,0.0
2003-07-09,0.0
2003-07-10,0.0
2003-07-11,0.0
2003-07-12,0.0
2003-07-13,0.0
2003-07-14,0.0
2003-07-15,0.0
2003-07-16,0.0
2003-07-17,0.0
2003-07-18,0.0
2003-07-19,0.0
2003-07-20,0.0
2003-07-21,0.0
2003-07-22,0.0
2003-07-23,0.0
2003-07-24,0.0
2003-07-25,0.0
2003-07-26,0.0
2003-07-27,0.11943580955266953
2003-07-28,0.0
2003-07-29,4.353978157043457
2003-07-30,0.0
2003-07-31,0.0
2003-08-01,0.0
2003-08-02,0.0
2003-08-03,0.0
2003-08-04,0.0
2003-08-05,0.0
2003-08-06,0.0
2003-08-07,0.0
2003-08-08,2.5650172233581543
2003-08-09,6.871336936950684
2003-08-10,0.0
2003-08-11,0.0
2003-08-12,0.0
2003-08-13,0.0
2003-08-14,0.0
2003-08-15,0.0
2003-08-16,0.0
2003-08-17,0.0
2003-08-18,0.0
2003-08-19,0.0
2003-08-20,0.0
2003-08-21,0.0
2003-08-22,0.0
2003-08-23,0.0
2003-08-24,0.0
2003-08-25,0.0
2003-08-26,0.14631624519824982
2003-08-27,0.14631624519824982
2003-08-28,0.14631624519824982
2003-08-29,0.14631624519824982
2003-08-30,0.14631624519824982
2003-08-31,0.14631624519824982
2003-09-01,0.27899429202079773
2003-09-02,0.27899429202079773
2003-09-03,0.27899429202079773
2003-09-04,0.27899429202079773
2003-09-05,0.27899429202079773
2003-09-06,0.0
2003-09-07,0.0
2003-09-08,0.0
2003-09-09,0.0
2003-09-10,0.0
2003-09-11,0.1576375514268875
2003-09-12,0.1576375514268875
2003-09-13,0.1576375514268875
2003-09-14,0.1576375514268875
2003-09-15,0.1576375514268875
2003-09-16,0.0
2003-09-17,0.0
2003-09-18,0.0
2003-09-19,0.0
2003-09-20,0.0
2003-09-21,0.0
2003-09-22,0.0
2003-09-23,0.05137759447097778
2003-09-24,12.14566421508789
2003-09-25,0.03082655929028988
2003-09-26,0.0
2003-09-27,0.0
2003-09-28,0.0
2003-09-29,0.0
2003-09-30,0.0
2003-10-01,0.0
2003-10-02,0.9974968433380127
2003-10-03,15.40723991394043
2003-10-04,0.0
2003-10-05,0.645855724811554
2003-10-06,0.22379633784294128
2003-10-07,0.014550432562828064
2003-10-08,0.014550432562828064
2003-10-09,0.014550432562828064
2003-10-10,0.0235610231757164
2003-10-11,0.0
2003-10-12,0.0
2003-10-13,0.0
2003-10-14,0.0
2003-10-15,0.0
2003-10-16,0.0
2003-10-17,0.0
2003-10-18,0.0
2003-10-19,0.0
2003-10-20,0.0
2003-10-21,2.812725067138672
2003-10-22,5.524852275848389
2003-10-23,0.0
2003-10-24,0.0
2003-10-25,18.356138229370117
2003-10-26,2.85298490524292
2003-10-27,6.426608085632324
2003-10-28,0.0772465392947197
2003-10-29,0.04456165060400963
2003-10-30,0.23051241040229797
2003-10-31,15.577249526977539
2003-11-01,0.0
2003-11-02,0.0
2003-11-03,0.0
2003-11-04,0.0
2003-11-05,0.0
2003-11-06,0.0
2003-11-07,0.0
2003-11-08,0.0
2003-11-09,3.4448082447052
2003-11-10,5.201317310333252
2003-11-11,1.7818931341171265
2003-11-12,0.0
2003-11-13,0.2369832694530487
2003-11-14,0.2656742036342621
2003-11-15,2.7430026531219482
2003-11-16,0.1583462804555893
2003-11-17,0.17841488122940063
2003-11-18,3.8459463119506836
2003-11-19,0.0
2003-11-20,0.0
2003-11-21,0.0
2003-11-22,0.0
2003-11-23,0.0
2003-11-24,3.371957302093506
2003-11-25,5.314150810241699
2003-11-26,2.1048357486724854
2003-11-27,6.793948650360107
2003-11-28,0.0
2003-11-29,34.99352264404297
2003-11-30,0.07632601261138916
2003-12-01,0.0025502326898276806
2003-12-02,0.0
2003-12-03,14.070451736450195
2003-12-04,0.0
2003-12-05,30.250043869018555
2003-12-06,33.12387466430664
2003-12-07,0.0
2003-12-08,0.2709408104419708
2003-12-09,1.592387318611145
2003-12-10,0.1286294162273407
2003-12-11,3.386993646621704
2003-12-12,34.60441589355469
2003-12-13,9.109209060668945
2003-12-14,6.292014122009277
2003-12-15,0.0
2003-12-16,26.320215225219727
2003-12-17,0.0
2003-12-18,0.0
2003-12-19,0.0
2003-12-20,0.0
2003-12-21,0.0
2003-12-22,75.61349487304688
2003-12-23,0.6622714400291443
2003-12-24,0.0
2003-12-25,0.0634998083114624
2003-12-26,0.0
2003-12-27,0.0
2003-12-28,31.116897583007812
2003-12-29,12.369443893432617
2003-12-30,0.0
2003-12-31,0.4776454567909241
2004-01-01,0.0
2004-01-02,0.0
2004-01-03,0.0
2004-01-04,0.0
2004-01-05,0.0
2004-01-06,0.03611026331782341
2004-01-07,0.5738903880119324
2004-01-08,27.501249313354492
2004-01-09,0.0
2004-01-10,0.808255672454834
2004-01-11,4.780141830444336
2004-01-12,0.8936789035797119
2004-01-13,52.82380676269531
2004-01-14,15.754728317260742
2004-01-15,0.0
2004-01-16,0.0
2004-01-17,0.038216687738895416
2004-01-18,2.104163885116577
2004-01-19,0.42568734288215637
2004-01-20,16.896251678466797
2004-01-21,4.61955451965332
2004-01-22,23.713592529296875
2004-01-23,2.4491961002349854
2004-01-24,0.0
2004-01-25,0.0
2004-01-26,0.0
2004-01-27,0.0
2004-01-28,0.0
2004-01-29,0.0
2004-01-30,4.472316265106201
2004-01-31,0.0
2004-02-01,7.985419273376465
2004-02-02,25.691011428833008
2004-02-03,0.0
2004-02-04,2.6866583824157715
2004-02-05,4.112331867218018
2004-02-06,0.0
2004-02-07,0.0
2004-02-08,0.0
2004-02-09,0.0
2004-02-10,0.0
2004-02-11,1.7495639324188232
2004-02-12,3.2164480686187744
2004-02-13,32.883365631103516
2004-02-14,0.0
2004-02-15,0.0
2004-02-16,0.0
2004-02-17,7.0773396492004395
2004-02-18,25.761760711669922
2004-02-19,9.898099899291992
2004-02-20,0.23482559621334076
2004-02-21,0.0
2004-02-22,0.0
2004-02-23,0.0
2004-02-24,0.0
2004-02-25,0.0
2004-02-26,0.0
2004-02-27,0.0
2004-02-28,5.843771934509277
2004-02-29,5.583130836486816
2004-03-01,0.0
2004-03-02,10.136236190795898
2004-03-03,7.096020698547363
2004-03-04,0.4321146011352539
2004-03-05,0.0
2004-03-06,0.0
2004-03-07,0.0
2004-03-08,0.0
2004-03-09,2.8718695640563965
2004-03-10,0.0
2004-03-11,0.39437296986579895
2004-03-12,0.0
2004-03-13,24.66217803955078
2004-03-14,0.0
2004-03-15,0.009583382867276669
2004-03-16,33.44778823852539
2004-03-17,0.0
2004-03-18,43.598228454589844
2004-03-19,0.0
2004-03-20,0.0
2004-03-21,0.0
2004-03-22,0.0
2004-03-23,0.0
2004-03-24,0.0
2004-03-25,0.0
2004-03-26,0.0
2004-03-27,0.0
2004-03-28,0.0
2004-03-29,0.0
2004-03-30,0.0
2004-03-31,0.0
2004-04-01,0.0
2004-04-02,7.623785972595215
2004-04-03,2.3131942749023438
2004-04-04,25.50023078918457
2004-04-05,0.0
2004-04-06,0.0
2004-04-07,21.33519172668457
2004-04-08,14.052899360656738
2004-04-09,1.099271535873413
2004-04-10,0.0
2004-04-11,1.5493428707122803
2004-04-12,0.0
2004-04-13,0.0
2004-04-14,0.0
2004-04-15,12.396912574768066
2004-04-16,0.0
2004-04-17,1.7112996578216553
2004-04-18,0.0
2004-04-19,0.0
2004-04-20,0.0
2004-04-21,0.14642205834388733
2004-04-22,0.14642205834388733
2004-04-23,0.14642205834388733
2004-04-24,0.14642205834388733
2004-04-25,0.14642205834388733
2004-04-26,0.37603113055229187
2004-04-27,0.37603113055229187
2004-04-28,0.37603113055229187
2004-04-29,0.37603113055229187
2004-04-30,0.37603113055229187
2004-05-01,0.0
2004-05-02,0.0
2004-05-03,0.0
2004-05-04,0.08891929686069489
2004-05-05,0.13660642504692078
2004-05-06,0.10328727215528488
2004-05-07,0.10328727215528488
2004-05-08,0.10328727215528488
2004-05-09,0.10328727215528488
2004-05-10,0.10328727215528488
2004-05-11,0.0
2004-05-12,0.0
2004-05-13,0.0
2004-05-14,0.0
2004-05-15,0.0
2004-05-16,0.0
2004-05-17,0.0
2004-05-18,0.0
2004-05-19,0.0
2004-05-20,0.0
2004-05-21,0.0
2004-05-22,0.0
2004-05-23,0.0
2004-05-24,0.0
2004-05-25,16.243417739868164
2004-05-26,0.0
2004-05-27,0.0
2004-05-28,0.0
2004-05-29,0.0
2004-05-30,0.0
2004-05-31,0.0
2004-06-01,0.0
2004-06-02,0.0
2004-06-03,0.0
2004-06-04,0.0
2004-06-05,0.0
2004-06-06,0.0
2004-06-07,0.6020545363426208
2004-06-08,4.515408515930176
2004-06-09,5.117463111877441
2004-06-10,0.0
2004-06-11,0.0
2004-06-12,0.0
2004-06-13,0.0
2004-06-14,0.0
2004-06-15,0.0
2004-06-16,0.0
2004-06-17,0.0
2004-06-18,0.0
2004-06-19,0.0
2004-06-20,0.0
2004-06-21,0.6112648248672485
2004-06-22,0.6112648248672485
2004-06-23,0.6112648248672485
2004-06-24,3.667588949203491
2004-06-25,0.6112648248672485
2004-06-26,0.05151241645216942
2004-06-27,0.14517134428024292
2004-06-28,0.02809767983853817
2004-06-29,0.02809767983853817
2004-06-30,0.02809767983853817
2004-07-01,0.5921701192855835
2004-07-02,0.5921701192855835
2004-07-03,8.331811904907227
2004-07-04,1.628382921218872
2004-07-05,0.6988674402236938
2004-07-06,0.0
2004-07-07,0.0
2004-07-08,0.0
2004-07-09,0.0
2004-07-10,0.0
2004-07-11,0.0
2004-07-12,0.0
2004-07-13,0.0
2004-07-14,0.0
2004-07-15,0.0
2004-07-16,0.0
2004-07-17,0.0
2004-07-18,0.0
2004-07-19,0.0
2004-07-20,0.0
2004-07-21,0.0
2004-07-22,0.0
2004-07-23,0.0
2004-07-24,0.0
2004-07-25,0.0
2004-07-26,0.0
2004-07-27,0.0
2004-07-28,0.0
2004-07-29,0.0
2004-07-30,0.0
2004-07-31,0.0
2004-08-01,0.0
2004-08-02,0.0
2004-08-03,0.0
2004-08-04,0.0
2004-08-05,0.0
2004-08-06,0.0
2004-08-07,0.03418976441025734
2004-08-08,0.643257200717926
2004-08-09,1.3811757564544678
2004-08-10,1.9142048358917236
2004-08-11,0.0
2004-08-12,0.330182284116745
2004-08-13,0.33160340785980225
2004-08-14,0.0
2004-08-15,0.0
2004-08-16,2.7212791442871094
2004-08-17,0.0
2004-08-18,0.0
2004-08-19,0.0
2004-08-20,0.12075714766979218
2004-08-21,2.0365653038024902
2004-08-22,0.0
2004-08-23,0.45782265067100525
2004-08-24,0.0
2004-08-25,0.02822737768292427
2004-08-26,2.2594971656799316
2004-08-27,0.02597123011946678
2004-08-28,0.0
2004-08-29,0.0
2004-08-30,0.0
2004-08-31,0.0
2004-09-01,0.0
2004-09-02,0.0
2004-09-03,0.0
2004-09-04,0.0
2004-09-05,0.0
2004-09-06,0.0
2004-09-07,2.3885297775268555
2004-09-08,1.1192340850830078
2004-09-09,0.0
2004-09-10,0.0
2004-09-11,0.042762767523527145
2004-09-12,0.042762767523527145
2004-09-13,0.042762767523527145
2004-09-14,0.042762767523527145
2004-09-15,0.042762767523527145
2004-09-16,0.0
2004-09-17,0.0
2004-09-18,0.0
2004-09-19,0.0
2004-09-20,0.0
2004-09-21,0.0
2004-09-22,0.0
2004-09-23,0.0
2004-09-24,0.0
2004-09-25,0.0
2004-09-26,0.0
2004-09-27,0.0
2004-09-28,8.584885597229004
2004-09-29,31.59842300415039
2004-09-30,0.0
2004-10-01,0.0
2004-10-02,0.0
2004-10-03,0.0
2004-10-04,0.0
2004-10-05,0.0
2004-10-06,0.0
2004-10-07,0.0
2004-10-08,0.0
2004-10-09,0.0
2004-10-10,0.0
2004-10-11,2.8033010959625244
2004-10-12,0.0384017676115036
2004-10-13,1.9155536890029907
2004-10-14,0.0
2004-10-15,0.0
2004-10-16,0.0
2004-10-17,0.0
2004-10-18,0.0
2004-10-19,0.0
2004-10-20,0.0
2004-10-21,0.0
2004-10-22,0.0
2004-10-23,11.390969276428223
2004-10-24,5.326757431030273
2004-10-25,0.5775206089019775
2004-10-26,0.0
2004-10-27,0.0
2004-10-28,0.0
2004-10-29,0.0
2004-10-30,0.0
2004-10-31,0.0
2004-11-01,0.07578027993440628
2004-11-02,0.12518347799777985
2004-11-03,6.641470909118652
2004-11-04,4.2527008056640625
2004-11-05,1.150500774383545
2004-11-06,0.23565015196800232
2004-11-07,1.354308009147644
2004-11-08,0.591389536857605
2004-11-09,0.06175240874290466
2004-11-10,11.535667419433594
2004-11-11,0.0
2004-11-12,0.0
2004-11-13,0.7695205211639404
2004-11-14,17.025163650512695
2004-11-15,0.0
2004-11-16,2.3874411582946777
2004-11-17,62.251258850097656
2004-11-18,0.0
2004-11-19,0.0
2004-11-20,0.0
2004-11-21,0.13802862167358398
2004-11-22,0.06572791188955307
2004-11-23,7.627163410186768
2004-11-24,0.04411737248301506
2004-11-25,4.547538757324219
2004-11-26,1.2058157920837402
2004-11-27,0.0
2004-11-28,1.8897111415863037
2004-11-29,0.0
2004-11-30,0.0
2004-12-01,0.0
2004-12-02,0.0
2004-12-03,0.0
2004-12-04,0.0
2004-12-05,0.0
2004-12-06,0.26526787877082825
2004-12-07,2.8013927936553955
2004-12-08,12.618011474609375
2004-12-09,33.66489791870117
2004-12-10,0.0
2004-12-11,3.6997368335723877
2004-12-12,0.0
2004-12-13,0.41254639625549316
2004-12-14,0.0
2004-12-15,0.0
2004-12-16,29.401063919067383
2004-12-17,0.042467888444662094
2004-12-18,0.0
2004-12-19,2.4050869941711426
2004-12-20,13.002547264099121
2004-12-21,0.016091084107756615
2004-12-22,9.026248931884766
2004-12-23,0.0
2004-12-24,0.0
2004-12-25,7.780158996582031
2004-12-26,0.031132161617279053
2004-12-27,0.03424733132123947
2004-12-28,0.0
2004-12-29,0.01952372118830681
2004-12-30,4.064326763153076
2004-12-31,3.961527109146118
2005-01-01,13.8556547164917
2005-01-02,9.652270317077637
2005-01-03,0.0
2005-01-04,0.0
2005-01-05,0.0
2005-01-06,0.0
2005-01-07,4.341684341430664
2005-01-08,0.010056361556053162
2005-01-09,0.007133826147764921
2005-01-10,13.875184059143066
2005-01-11,0.0
2005-01-12,0.0
2005-01-13,1.8826606273651123
2005-01-14,0.17311136424541473
2005-01-15,16.519775390625
2005-01-16,16.578882217407227
2005-01-17,0.0
2005-01-18,0.0
2005-01-19,0.0
2005-01-20,0.0
2005-01-21,0.0
2005-01-22,0.0
2005-01-23,6.9045562744140625
2005-01-24,6.228435039520264
2005-01-25,7.436587333679199
2005-01-26,0.5082531571388245
2005-01-27,0.0
2005-01-28,0.0
2005-01-29,0.0
2005-01-30,0.0
2005-01-31,16.2528018951416
2005-02-01,0.0
2005-02-02,0.0
2005-02-03,0.0
2005-02-04,0.0
2005-02-05,0.0
2005-02-06,0.0
2005-02-07,0.009529118426144123
2005-02-08,18.336904525756836
2005-02-09,5.259211540222168
2005-02-10,1.1423430442810059
2005-02-11,1.2355256080627441
2005-02-12,0.588640034198761
2005-02-13,1.2686841487884521
2005-02-14,7.956446170806885
2005-02-15,0.0
2005-02-16,0.3054823875427246
2005-02-17,9.420262336730957
2005-02-18,5.686241626739502
2005-02-19,1.651888132095337
2005-02-20,0.0
2005-02-21,1.402969479560852
2005-02-22,6.130354404449463
2005-02-23,9.07819652557373
2005-02-24,46.21110916137695
2005-02-25,12.737322807312012
2005-02-26,13.31772518157959
2005-02-27,0.10989603400230408
2005-02-28,20.45699119567871
2005-03-01,1.114083170890808
2005-03-02,0.0696301981806755
2005-03-03,0.0696301981806755
2005-03-04,0.0696301981806755
2005-03-05,0.0696301981806755
2005-03-06,0.0
2005-03-07,0.0
2005-03-08,0.0
2005-03-09,21.843814849853516
2005-03-10,0.0
2005-03-11,0.0
2005-03-12,0.0
2005-03-13,27.06744956970215
2005-03-14,0.0
2005-03-15,0.0
2005-03-16,0.13508544862270355
2005-03-17,0.13508544862270355
2005-03-18,0.13508544862270355
2005-03-19,0.13508544862270355
2005-03-20,0.13508544862270355
2005-03-21,0.024187028408050537
2005-03-22,18.036693572998047
2005-03-23,0.0
2005-03-24,0.0
2005-03-25,0.0
2005-03-26,2.120955228805542
2005-03-27,0.10280974209308624
2005-03-28,0.9120935201644897
2005-03-29,1.4387969970703125
2005-03-30,55.0879020690918
2005-03-31,0.0
2005-04-01,0.16105075180530548
2005-04-02,16.582744598388672
2005-04-03,1.5280256271362305
2005-04-04,0.0
2005-04-05,0.0
2005-04-06,0.03894554451107979
2005-04-07,0.03894554451107979
2005-04-08,0.6231287121772766
2005-04-09,0.03894554451107979
2005-04-10,0.03894554451107979
2005-04-11,1.1890721321105957
2005-04-12,18.877748489379883
2005-04-13,1.1890721321105957
2005-04-14,1.3364778757095337
2005-04-15,1.1890721321105957
2005-04-16,0.1628035008907318
2005-04-17,0.013182365335524082
2005-04-18,1.7889786958694458
2005-04-19,0.0
2005-04-20,11.667763710021973
2005-04-21,0.0
2005-04-22,0.0
2005-04-23,0.0
2005-04-24,1.6443979740142822
2005-04-25,22.767459869384766
2005-04-26,0.4849338233470917
2005-04-27,2.9096028804779053
2005-04-28,0.4849338233470917
2005-04-29,0.4849338233470917
2005-04-30,0.4849338233470917
2005-05-01,0.017367826774716377
2005-05-02,0.017367826774716377
2005-05-03,0.017367826774716377
2005-05-04,0.017367826774716377
2005-05-05,0.017367826774716377
2005-05-06,9.670662879943848
2005-05-07,4.158189296722412
2005-05-08,0.0
2005-05-09,0.0
2005-05-10,0.0
2005-05-11,0.1664523482322693
2005-05-12,0.1664523482322693
2005-05-13,0.1664523482322693
2005-05-14,0.1664523482322693
2005-05-15,0.1664523482322693
2005-05-16,0.0
2005-05-17,0.0
2005-05-18,0.0
2005-05-19,0.0
2005-05-20,0.0
2005-05-21,0.0
2005-05-22,15.853968620300293
2005-05-23,3.023733139038086
2005-05-24,0.14826296269893646
2005-05-25,0.0
2005-05-26,0.0
2005-05-27,0.0
2005-05-28,0.0
2005-05-29,0.0
2005-05-30,0.0
2005-05-31,0.0
2005-06-01,0.0
2005-06-02,0.0
2005-06-03,0.0
2005-06-04,0.0
2005-06-05,0.0
2005-06-06,0.20646391808986664
2005-06-07,0.20646391808986664
2005-06-08,0.20646391808986664
2005-06-09,0.20646391808986664
2005-06-10,0.20646391808986664
2005-06-11,0.0
2005-06-12,0.0
2005-06-13,0.0
2005-06-14,0.0
2005-06-15,0.0
2005-06-16,0.0
2005-06-17,0.0
2005-06-18,0.0
2005-06-19,0.0
2005-06-20,0.0
2005-06-21,0.7600410580635071
2005-06-22,0.7600410580635071
2005-06-23,0.7600410580635071
2005-06-24,2.026776075363159
2005-06-25,0.7600410580635071
2005-06-26,0.0
2005-06-27,0.0
2005-06-28,0.0
2005-06-29,0.0
2005-06-30,0.0
2005-07-01,0.0
2005-07-02,0.0
2005-07-03,0.0
2005-07-04,0.0
2005-07-05,0.0
2005-07-06,0.0
2005-07-07,0.0
2005-07-08,0.0
2005-07-09,0.0
2005-07-10,0.0
2005-07-11,0.0
2005-07-12,0.0
2005-07-13,0.0
2005-07-14,0.0
2005-07-15,0.0
2005-07-16,0.1920877993106842
2005-07-17,0.1920877993106842
2005-07-18,0.1920877993106842
2005-07-19,0.1920877993106842
2005-07-20,3.0734047889709473
2005-07-21,0.0
2005-07-22,0.0
2005-07-23,0.0
2005-07-24,0.0
2005-07-25,0.0
2005-07-26,0.0
2005-07-27,0.0
2005-07-28,0.0
2005-07-29,0.0
2005-07-30,0.0
2005-07-31,0.0
2005-08-01,0.0
2005-08-02,0.0
2005-08-03,0.0
2005-08-04,0.0
2005-08-05,0.0
2005-08-06,0.0
2005-08-07,0.0
2005-08-08,0.7486870884895325
2005-08-09,0.0
2005-08-10,0.0
2005-08-11,0.0
2005-08-12,0.0
2005-08-13,0.0
2005-08-14,0.0
2005-08-15,0.0
2005-08-16,0.0
2005-08-17,0.0
2005-08-18,0.0
2005-08-19,0.0
2005-08-20,0.0
2005-08-21,0.0
2005-08-22,0.0
2005-08-23,0.0
2005-08-24,0.0
2005-08-25,0.0
2005-08-26,0.0
2005-08-27,0.0
2005-08-28,0.0
2005-08-29,0.0
2005-08-30,0.0
2005-08-31,0.0
2005-09-01,0.0
2005-09-02,0.0
2005-09-03,0.0
2005-09-04,0.0
2005-09-05,0.0
2005-09-06,0.0
2005-09-07,0.0
2005-09-08,0.0
2005-09-09,0.0
2005-09-10,0.0
2005-09-11,4.488283157348633
2005-09-12,6.064999103546143
2005-09-13,2.0798168182373047
2005-09-14,0.715374767780304
2005-09-15,0.27731794118881226
2005-09-16,0.0
2005-09-17,0.0
2005-09-18,0.0
2005-09-19,0.0
2005-09-20,0.0
2005-09-21,0.0
2005-09-22,0.0
2005-09-23,0.0
2005-09-24,2.241319417953491
2005-09-25,0.09660795331001282
2005-09-26,0.0
2005-09-27,0.0
2005-09-28,0.0
2005-09-29,0.0
2005-09-30,0.0
2005-10-01,0.0
2005-10-02,0.0
2005-10-03,0.0
2005-10-04,13.432477951049805
2005-10-05,28.70866584777832
2005-10-06,0.11346449702978134
2005-10-07,0.15473848581314087
2005-10-08,0.0033588267397135496
2005-10-09,0.522320568561554
2005-10-10,2.0006613731384277
2005-10-11,0.0
2005-10-12,0.0
2005-10-13,0.0
2005-10-14,0.0
2005-10-15,0.0
2005-10-16,0.0
2005-10-17,0.0
2005-10-18,0.0
2005-10-19,0.0
2005-10-20,0.0
2005-10-21,0.0
2005-10-22,0.0
2005-10-23,0.0
2005-10-24,0.0
2005-10-25,0.0
2005-10-26,0.011524775996804237
2005-10-27,1.3508856296539307
2005-10-28,3.6230931282043457
2005-10-29,13.154728889465332
2005-10-30,2.373868703842163
2005-10-31,0.0
2005-11-01,0.0
2005-11-02,0.0
2005-11-03,0.0
2005-11-04,5.34381103515625
2005-11-05,0.2457815706729889
2005-11-06,0.009896927513182163
2005-11-07,0.022095466032624245
2005-11-08,1.018074631690979
2005-11-09,5.099996089935303
2005-11-10,4.617793560028076
2005-11-11,2.1457557678222656
2005-11-12,3.9359304904937744
2005-11-13,0.0
2005-11-14,1.0819101333618164
2005-11-15,0.3826249837875366
2005-11-16,0.6783384084701538
2005-11-17,29.781702041625977
2005-11-18,5.648141384124756
2005-11-19,2.974151611328125
2005-11-20,0.0
2005-11-21,0.012896725907921791
2005-11-22,17.269906997680664
2005-11-23,0.3967928886413574
2005-11-24,18.98849105834961
2005-11-25,0.01717781461775303
2005-11-26,0.0
2005-11-27,0.0
2005-11-28,0.0
2005-11-29,0.0
2005-11-30,0.0
2005-12-01,0.08113512396812439
2005-12-02,2.1656758785247803
2005-12-03,0.0
2005-12-04,1.0585218667984009
2005-12-05,19.54167938232422
2005-12-06,19.410160064697266
2005-12-07,0.03479340299963951
2005-12-08,0.0
2005-12-09,0.0
2005-12-10,0.06715217977762222
2005-12-11,0.0
2005-12-12,0.0
2005-12-13,0.0
2005-12-14,22.628267288208008
2005-12-15,9.630666732788086
2005-12-16,0.2773870527744293
2005-12-17,0.6283941268920898
2005-12-18,0.0
2005-12-19,0.0
2005-12-20,49.870826721191406
2005-12-21,0.0
2005-12-22,0.0
2005-12-23,0.0
2005-12-24,48.197635650634766
2005-12-25,7.777399063110352
2005-12-26,0.0
2005-12-27,0.0
2005-12-28,7.773311614990234
2005-12-29,23.381908416748047
2005-12-30,2.4075710773468018
2005-12-31,16.12027359008789
2006-01-01,0.10052014142274857
2006-01-02,1.8537452220916748
2006-01-03,17.85619354248047
2006-01-04,0.025515519082546234
2006-01-05,0.0
2006-01-06,0.0
2006-01-07,0.0
2006-01-08,0.0
2006-01-09,3.8727543354034424
2006-01-10,2.5139036178588867
2006-01-11,25.318172454833984
2006-01-12,8.051704406738281
2006-01-13,48.593711853027344
2006-01-14,0.0
2006-01-15,0.0
2006-01-16,3.797445058822632
2006-01-17,66.51528930664062
2006-01-18,0.353151798248291
2006-01-19,0.0
2006-01-20,0.9242246747016907
2006-01-21,44.94974899291992
2006-01-22,37.17959213256836
2006-01-23,0.0
2006-01-24,0.0
2006-01-25,21.93708038330078
2006-01-26,14.277704238891602
2006-01-27,0.0
2006-01-28,22.24184799194336
2006-01-29,0.15098781883716583
2006-01-30,0.0680040568113327
2006-01-31,1.7117464542388916
2006-02-01,10.41165828704834
2006-02-02,0.0
2006-02-03,0.0
2006-02-04,0.0
2006-02-05,0.4868117570877075
2006-02-06,41.10755920410156
2006-02-07,6.386627197265625
2006-02-08,9.273804664611816
2006-02-09,16.75820541381836
2006-02-10,2.7799062728881836
2006-02-11,0.0
2006-02-12,0.41174381971359253
2006-02-13,2.026050329208374
2006-02-14,0.0
2006-02-15,0.0
2006-02-16,0.9523724317550659
2006-02-17,4.628528118133545
2006-02-18,0.0
2006-02-19,0.0
2006-02-20,1.4949623346328735
2006-02-21,0.0
2006-02-22,0.0
2006-02-23,23.260995864868164
2006-02-24,47.976436614990234
2006-02-25,0.0
2006-02-26,0.0
2006-02-27,0.0
2006-02-28,0.0
2006-03-01,0.0
2006-03-02,0.10968106985092163
2006-03-03,17.537979125976562
2006-03-04,1.1018613576889038
2006-03-05,0.0
2006-03-06,0.0
2006-03-07,0.0
2006-03-08,0.0
2006-03-09,8.403762817382812
2006-03-10,17.66042709350586
2006-03-11,0.0
2006-03-12,14.250870704650879
2006-03-13,0.0
2006-03-14,0.0
2006-03-15,0.0
2006-03-16,0.0
2006-03-17,0.0
2006-03-18,24.017175674438477
2006-03-19,0.0
2006-03-20,0.0
2006-03-21,1.9915271997451782
2006-03-22,5.185710430145264
2006-03-23,5.823659896850586
2006-03-24,0.0
2006-03-25,6.588771343231201
2006-03-26,0.0
2006-03-27,0.0
2006-03-28,0.0
2006-03-29,0.0
2006-03-30,0.0
2006-03-31,0.0
2006-04-01,0.929645836353302
2006-04-02,8.006031036376953
2006-04-03,0.0
2006-04-04,0.0
2006-04-05,36.770999908447266
2006-04-06,0.054762791842222214
2006-04-07,0.054762791842222214
2006-04-08,0.1460341215133667
2006-04-09,0.054762791842222214
2006-04-10,0.054762791842222214
2006-04-11,0.0
2006-04-12,0.0
2006-04-13,0.0
2006-04-14,6.434031009674072
2006-04-15,38.6958122253418
2006-04-16,0.0
2006-04-17,0.0
2006-04-18,0.0
2006-04-19,0.0
2006-04-20,0.0
2006-04-21,0.09279345721006393
2006-04-22,0.09279345721006393
2006-04-23,0.09279345721006393
2006-04-24,0.09279345721006393
2006-04-25,0.09279345721006393
2006-04-26,1.834392786026001
2006-04-27,0.11464954912662506
2006-04-28,0.11464954912662506
2006-04-29,0.11464954912662506
2006-04-30,0.11464954912662506
2006-05-01,0.011706980876624584
2006-05-02,0.011706980876624584
2006-05-03,0.011706980876624584
2006-05-04,0.031218616291880608
2006-05-05,0.011706980876624584
2006-05-06,0.3909243047237396
2006-05-07,0.10657558590173721
2006-05-08,0.029264701530337334
2006-05-09,0.029264701530337334
2006-05-10,0.029264701530337334
2006-05-11,0.0
2006-05-12,0.0
2006-05-13,0.0
2006-05-14,0.0
2006-05-15,0.0
2006-05-16,0.0
2006-05-17,0.0
2006-05-18,0.0
2006-05-19,0.0
2006-05-20,0.0
2006-05-21,0.0
2006-05-22,0.0
2006-05-23,0.0
2006-05-24,0.0
2006-05-25,0.0
2006-05-26,0.0
2006-05-27,0.0
2006-05-28,0.0
2006-05-29,0.0
2006-05-30,0.0
2006-05-31,0.0
2006-06-01,0.0
2006-06-02,0.0
2006-06-03,0.0
2006-06-04,0.0
2006-06-05,0.0
2006-06-06,0.06137656792998314
2006-06-07,0.06137656792998314
2006-06-08,0.06137656792998314
2006-06-09,0.06137656792998314
2006-06-10,0.06137656792998314
2006-06-11,0.5402095913887024
2006-06-12,0.5402095913887024
2006-06-13,0.5402095913887024
2006-06-14,0.5402095913887024
2006-06-15,0.5402095913887024
2006-06-16,0.0
2006-06-17,0.0
2006-06-18,0.0
2006-06-19,0.0
2006-06-20,0.0
2006-06-21,0.3659675121307373
2006-06-22,0.10456214100122452
2006-06-23,0.3659674823284149
2006-06-24,0.10456214100122452
2006-06-25,0.10456214100122452
2006-06-26,0.0
2006-06-27,0.0
2006-06-28,0.0
2006-06-29,0.0
2006-06-30,0.0
2006-07-01,0.0
2006-07-02,0.0
2006-07-03,0.0
2006-07-04,0.0
2006-07-05,0.0
2006-07-06,0.0
2006-07-07,0.0
2006-07-08,0.0
2006-07-09,0.0
2006-07-10,0.0
2006-07-11,0.0
2006-07-12,0.0
2006-07-13,0.0
2006-07-14,0.0
2006-07-15,0.0
2006-07-16,0.0
2006-07-17,0.0
2006-07-18,0.0
2006-07-19,0.0
2006-07-20,0.0
2006-07-21,0.0
2006-07-22,0.0
2006-07-23,0.0
2006-07-24,0.0
2006-07-25,0.0
2006-07-26,0.0
2006-07-27,0.33727967739105225
2006-07-28,0.0
2006-07-29,0.0
2006-07-30,9.97344970703125
2006-07-31,3.156481981277466
2006-08-01,0.0
2006-08-02,0.0
2006-08-03,0.0
2006-08-04,0.0
2006-08-05,0.0
2006-08-06,0.0
2006-08-07,0.0
2006-08-08,0.0
2006-08-09,0.0
2006-08-10,0.0
2006-08-11,0.0
2006-08-12,0.0
2006-08-13,0.0
2006-08-14,0.055045194923877716
2006-08-15,7.855341911315918
2006-08-16,9.857756614685059
2006-08-17,0.0
2006-08-18,0.0
2006-08-19,0.0
2006-08-20,0.0
2006-08-21,0.0
2006-08-22,0.0
2006-08-23,0.0
2006-08-24,0.0
2006-08-25,0.0
2006-08-26,0.0
2006-08-27,0.0
2006-08-28,0.0
2006-08-29,0.0
2006-08-30,0.0
2006-08-31,0.0
2006-09-01,0.0
2006-09-02,0.0
2006-09-03,0.0
2006-09-04,0.0
2006-09-05,0.0
2006-09-06,0.0
2006-09-07,0.0
2006-09-08,7.1754865646362305
2006-09-09,4.742236137390137
2006-09-10,0.0
2006-09-11,0.0
2006-09-12,0.0
2006-09-13,0.0
2006-09-14,0.0
2006-09-15,0.0
2006-09-16,0.18309783935546875
2006-09-17,0.18309783935546875
2006-09-18,0.18309783935546875
2006-09-19,0.18309783935546875
2006-09-20,0.18309783935546875
2006-09-21,0.0
2006-09-22,0.0
2006-09-23,0.0
2006-09-24,0.0
2006-09-25,0.0
2006-09-26,0.0
2006-09-27,2.4696907997131348
2006-09-28,15.966970443725586
2006-09-29,0.0
2006-09-30,0.0
2006-10-01,0.0
2006-10-02,0.0
2006-10-03,8.137253761291504
2006-10-04,0.0
2006-10-05,11.44135570526123
2006-10-06,0.5873718857765198
2006-10-07,1.5663251876831055
2006-10-08,0.5873718857765198
2006-10-09,0.5873718857765198
2006-10-10,0.5873718857765198
2006-10-11,0.008362077176570892
2006-10-12,0.003459022380411625
2006-10-13,0.0
2006-10-14,1.5741891860961914
2006-10-15,10.31252670288086
2006-10-16,0.6032328009605408
2006-10-17,3.9641010761260986
2006-10-18,0.0
2006-10-19,1.3788177967071533
2006-10-20,1.9820505380630493
2006-10-21,0.008285840041935444
2006-10-22,0.0
2006-10-23,6.9280853271484375
2006-10-24,0.023734375834465027
2006-10-25,0.0
2006-10-26,10.718045234680176
2006-10-27,0.0
2006-10-28,0.650562584400177
2006-10-29,0.5039367079734802
2006-10-30,18.58435821533203
2006-10-31,0.0
2006-11-01,7.990407943725586
2006-11-02,0.0
2006-11-03,0.0
2006-11-04,0.18665026128292084
2006-11-05,0.0
2006-11-06,14.684391975402832
2006-11-07,0.18355490267276764
2006-11-08,0.0
2006-11-09,0.0
2006-11-10,0.0
2006-11-11,0.096186064183712
2006-11-12,0.096186064183712
2006-11-13,0.096186064183712
2006-11-14,0.096186064183712
2006-11-15,0.096186064183712
2006-11-16,0.0
2006-11-17,6.385100841522217
2006-11-18,2.10758113861084
2006-11-19,0.15165503323078156
2006-11-20,0.0
2006-11-21,0.0
2006-11-22,0.0
2006-11-23,4.095399379730225
2006-11-24,2.499626398086548
2006-11-25,6.8023247718811035
2006-11-26,0.0034396371338516474
2006-11-27,1.9439408779144287
2006-11-28,44.478294372558594
2006-11-29,0.22232992947101593
2006-11-30,0.0
2006-12-01,0.0013777260901406407
2006-12-02,1.2727241516113281
2006-12-03,5.7725677490234375
2006-12-04,0.44264915585517883
2006-12-05,0.0
2006-12-06,0.5059645771980286
2006-12-07,7.886737823486328
2006-12-08,27.81542205810547
2006-12-09,0.38113701343536377
2006-12-10,0.010014780797064304
2006-12-11,0.9059969782829285
2006-12-12,0.5785281658172607
2006-12-13,0.5785281658172607
2006-12-14,0.5785281658172607
2006-12-15,8.92898178100586
2006-12-16,0.007913949899375439
2006-12-17,0.0
2006-12-18,4.412866592407227
2006-12-19,0.0
2006-12-20,33.33198165893555
2006-12-21,21.19293212890625
2006-12-22,0.0
2006-12-23,0.0
2006-12-24,5.699697017669678
2006-12-25,11.494575500488281
2006-12-26,10.9526948928833
2006-12-27,0.0
2006-12-28,0.0
2006-12-29,0.0
2006-12-30,1.9242103099822998
2006-12-31,17.491979598999023
2007-01-01,0.0
2007-01-02,1.9813475608825684
2007-01-03,19.20049476623535
2007-01-04,0.06159364432096481
2007-01-05,26.211502075195312
2007-01-06,0.0
2007-01-07,1.9356213808059692
2007-01-08,42.761085510253906
2007-01-09,0.15674352645874023
2007-01-10,0.942232072353363
2007-01-11,31.209369659423828
2007-01-12,1.6674184799194336
2007-01-13,3.0391910076141357
2007-01-14,19.41910743713379
2007-01-15,3.3731939792633057
2007-01-16,8.828116416931152
2007-01-17,10.480128288269043
2007-01-18,0.0
2007-01-19,0.0
2007-01-20,48.15765380859375
2007-01-21,0.0
2007-01-22,0.0
2007-01-23,0.0
2007-01-24,1.0217485427856445
2007-01-25,25.39194679260254
2007-01-26,0.49237966537475586
2007-01-27,0.0
2007-01-28,47.56120681762695
2007-01-29,0.0
2007-01-30,0.8096235394477844
2007-01-31,0.9188162684440613
2007-02-01,1.4834316968917847
2007-02-02,1.4834316968917847
2007-02-03,1.4834316968917847
2007-02-04,1.4834316968917847
2007-02-05,1.4834316968917847
2007-02-06,6.34557580947876
2007-02-07,28.46299934387207
2007-02-08,0.11423233896493912
2007-02-09,0.2088470458984375
2007-02-10,26.02047348022461
2007-02-11,19.930648803710938
2007-02-12,0.0
2007-02-13,1.9180867671966553
2007-02-14,0.0923980250954628
2007-02-15,0.0003264515835326165
2007-02-16,0.9982060790061951
2007-02-17,29.96169090270996
2007-02-18,1.458441972732544
2007-02-19,0.0
2007-02-20,0.0
2007-02-21,0.0
2007-02-22,0.0
2007-02-23,0.0
2007-02-24,0.0
2007-02-25,0.0
2007-02-26,1.1204537153244019
2007-02-27,1.1204537153244019
2007-02-28,4.481814384460449
2007-03-01,0.023451820015907288
2007-03-02,23.099733352661133
2007-03-03,1.3209636211395264
2007-03-04,0.0
2007-03-05,0.26757320761680603
2007-03-06,0.0
2007-03-07,5.9904465675354
2007-03-08,0.0
2007-03-09,0.7871292233467102
2007-03-10,37.024349212646484
2007-03-11,6.568010330200195
2007-03-12,0.0
2007-03-13,0.17634126543998718
2007-03-14,0.0
2007-03-15,7.766013145446777
2007-03-16,0.4502553939819336
2007-03-17,47.46937561035156
2007-03-18,0.274624228477478
2007-03-19,0.0
2007-03-20,0.0
2007-03-21,0.0
2007-03-22,0.0
2007-03-23,0.0
2007-03-24,0.0
2007-03-25,0.0
2007-03-26,0.0
2007-03-27,0.0
2007-03-28,0.0
2007-03-29,0.0
2007-03-30,0.026621563360095024
2007-03-31,20.23806381225586
2007-04-01,0.7879741787910461
2007-04-02,0.0
2007-04-03,5.888550758361816
2007-04-04,30.576913833618164
2007-04-05,0.05486514791846275
2007-04-06,0.0
2007-04-07,0.0
2007-04-08,0.0
2007-04-09,0.0
2007-04-10,0.0
2007-04-11,0.0
2007-04-12,21.88355827331543
2007-04-13,0.04187795892357826
2007-04-14,0.0
2007-04-15,0.0
2007-04-16,0.0
2007-04-17,0.0
2007-04-18,0.0
2007-04-19,0.0
2007-04-20,0.0
2007-04-21,0.9810546040534973
2007-04-22,0.9810546040534973
2007-04-23,0.9810546040534973
2007-04-24,0.9810546040534973
2007-04-25,0.9810546040534973
2007-04-26,0.6103321313858032
2007-04-27,9.765314102172852
2007-04-28,0.6103321313858032
2007-04-29,0.6103321313858032
2007-04-30,0.6103321313858032
2007-05-01,0.1799599975347519
2007-05-02,0.1799599975347519
2007-05-03,0.1799599975347519
2007-05-04,0.1799599975347519
2007-05-05,0.1799599975347519
2007-05-06,0.07975427806377411
2007-05-07,22.813947677612305
2007-05-08,10.332655906677246
2007-05-09,0.0
2007-05-10,0.0
2007-05-11,0.7695097327232361
2007-05-12,0.7695097327232361
2007-05-13,0.7695097327232361
2007-05-14,0.7695097327232361
2007-05-15,0.7695097327232361
2007-05-16,0.3803587853908539
2007-05-17,4.18394660949707
2007-05-18,2.2821528911590576
2007-05-19,0.3803587853908539
2007-05-20,0.3803587853908539
2007-05-21,0.0
2007-05-22,0.039603978395462036
2007-05-23,10.635717391967773
2007-05-24,0.0
2007-05-25,0.044155001640319824
2007-05-26,0.0
2007-05-27,0.0
2007-05-28,0.0
2007-05-29,7.642007827758789
2007-05-30,0.0
2007-05-31,0.005355296656489372
2007-06-01,1.5309102535247803
2007-06-02,1.5309102535247803
2007-06-03,1.5309102535247803
2007-06-04,1.5309102535247803
2007-06-05,1.5309102535247803
2007-06-06,0.9513144493103027
2007-06-07,0.9513144493103027
2007-06-08,0.9513144493103027
2007-06-09,0.9513144493103027
2007-06-10,0.9513144493103027
2007-06-11,0.7233969569206238
2007-06-12,0.7233969569206238
2007-06-13,0.7233969569206238
2007-06-14,0.7233969569206238
2007-06-15,0.7233969569206238
2007-06-16,0.0
2007-06-17,0.0
2007-06-18,0.0
2007-06-19,0.0
2007-06-20,0.0
2007-06-21,0.8995991349220276
2007-06-22,0.8995991349220276
2007-06-23,0.8995991349220276
2007-06-24,2.3989310264587402
2007-06-25,0.8995991349220276
2007-06-26,4.7258758544921875
2007-06-27,0.7876459956169128
2007-06-28,0.7876459956169128
2007-06-29,0.7876459956169128
2007-06-30,0.7876459956169128
2007-07-01,0.0
2007-07-02,0.0
2007-07-03,0.0
2007-07-04,0.0
2007-07-05,0.0
2007-07-06,0.0
2007-07-07,0.0
2007-07-08,6.439030170440674
2007-07-09,6.100464344024658
2007-07-10,3.8325512409210205
2007-07-11,0.8838909268379211
2007-07-12,0.12007638812065125
2007-07-13,0.0
2007-07-14,0.0
2007-07-15,0.0
2007-07-16,0.0
2007-07-17,4.488406181335449
2007-07-18,0.0
2007-07-19,0.0
2007-07-20,0.0
2007-07-21,0.0
2007-07-22,0.0
2007-07-23,0.0
2007-07-24,0.0
2007-07-25,0.0
2007-07-26,0.0
2007-07-27,0.0
2007-07-28,0.0
2007-07-29,0.0
2007-07-30,0.0
2007-07-31,0.0
2007-08-01,0.21802599728107452
2007-08-02,0.21802599728107452
2007-08-03,0.21802599728107452
2007-08-04,0.21802599728107452
2007-08-05,0.5814026594161987
2007-08-06,0.2901613712310791
2007-08-07,0.2901613712310791
2007-08-08,1.7409683465957642
2007-08-09,1.7409683465957642
2007-08-10,1.7409683465957642
2007-08-11,0.0
2007-08-12,0.0
2007-08-13,0.0
2007-08-14,0.0
2007-08-15,0.0
2007-08-16,0.0
2007-08-17,0.0
2007-08-18,0.0
2007-08-19,0.0
2007-08-20,0.0
2007-08-21,0.0
2007-08-22,0.0
2007-08-23,0.0
2007-08-24,0.0
2007-08-25,0.0
2007-08-26,0.0
2007-08-27,0.0
2007-08-28,0.0
2007-08-29,0.0
2007-08-30,0.0
2007-08-31,0.0
2007-09-01,0.00444687670096755
2007-09-02,0.00444687670096755
2007-09-03,0.00444687670096755
2007-09-04,0.00444687670096755
2007-09-05,0.00444687670096755
2007-09-06,0.5558524131774902
2007-09-07,2.1136443614959717
2007-09-08,1.77732253074646
2007-09-09,0.5558524131774902
2007-09-10,0.5558524131774902
2007-09-11,0.012586649507284164
2007-09-12,0.0
2007-09-13,0.0
2007-09-14,4.891354560852051
2007-09-15,5.282854080200195
2007-09-16,0.05429190397262573
2007-09-17,0.5972109436988831
2007-09-18,0.05429190397262573
2007-09-19,0.05429190397262573
2007-09-20,0.3257514238357544
2007-09-21,2.3588674068450928
2007-09-22,8.887203216552734
2007-09-23,0.0
2007-09-24,2.2666451930999756
2007-09-25,0.06395767629146576
2007-09-26,2.1395351886749268
2007-09-27,0.0
2007-09-28,0.0
2007-09-29,0.8083105087280273
2007-09-30,0.0
2007-10-01,1.575395941734314
2007-10-02,0.09846224635839462
2007-10-03,0.09846224635839462
2007-10-04,0.09846224635839462
2007-10-05,0.09846224635839462
2007-10-06,14.641236305236816
2007-10-07,2.2431349754333496
2007-10-08,0.011105367913842201
2007-10-09,0.0
2007-10-10,0.0
2007-10-11,5.570265293121338
2007-10-12,0.007098508067429066
2007-10-13,0.016260536387562752
2007-10-14,0.0
2007-10-15,0.0
2007-10-16,0.5807165503501892
2007-10-17,1.5485774278640747
2007-10-18,0.5807165503501892
2007-10-19,0.5807165503501892
2007-10-20,0.5807165503501892
2007-10-21,0.7721680402755737
2007-10-22,0.3559291958808899
2007-10-23,19.88462257385254
2007-10-24,0.0
2007-10-25,0.0
2007-10-26,0.0
2007-10-27,0.0
2007-10-28,0.0
2007-10-29,0.009200687520205975
2007-10-30,8.574989318847656
2007-10-31,4.065131187438965
2007-11-01,0.0
2007-11-02,1.023131251335144
2007-11-03,0.0
2007-11-04,0.0
2007-11-05,0.0
2007-11-06,0.15502864122390747
2007-11-07,0.0
2007-11-08,0.0
2007-11-09,0.0
2007-11-10,7.323553562164307
2007-11-11,7.072661399841309
2007-11-12,0.0
2007-11-13,0.0
2007-11-14,0.0
2007-11-15,0.1653638631105423
2007-11-16,0.0
2007-11-17,0.0
2007-11-18,13.834612846374512
2007-11-19,30.959665298461914
2007-11-20,6.576873302459717
2007-11-21,1.3368254899978638
2007-11-22,0.0966281071305275
2007-11-23,21.07215690612793
2007-11-24,4.568037509918213
2007-11-25,0.0
2007-11-26,0.08570841699838638
2007-11-27,0.08570841699838638
2007-11-28,0.7999452948570251
2007-11-29,0.6570978164672852
2007-11-30,0.08570841699838638
2007-12-01,0.033848028630018234
2007-12-02,10.507667541503906
2007-12-03,15.190596580505371
2007-12-04,7.323864936828613
2007-12-05,14.101096153259277
2007-12-06,0.43722355365753174
2007-12-07,0.0
2007-12-08,0.0
2007-12-09,4.063026428222656
2007-12-10,15.817900657653809
2007-12-11,8.171064376831055
2007-12-12,6.983641624450684
2007-12-13,0.0
2007-12-14,0.0
2007-12-15,8.068319320678711
2007-12-16,4.310613632202148
2007-12-17,0.10654465854167938
2007-12-18,0.0
2007-12-19,0.0
2007-12-20,0.0
2007-12-21,0.0
2007-12-22,0.11209996044635773
2007-12-23,0.0
2007-12-24,6.1592512130737305
2007-12-25,0.8674505352973938
2007-12-26,0.25789976119995117
2007-12-27,0.0
2007-12-28,0.0
2007-12-29,2.782514810562134
2007-12-30,1.378679871559143
2007-12-31,53.10344314575195
2008-01-01,45.61039733886719
2008-01-02,5.405386924743652
2008-01-03,0.0
2008-01-04,1.177345633506775
2008-01-05,0.26835745573043823
2008-01-06,0.0
2008-01-07,0.026188429445028305
2008-01-08,21.3342227935791
2008-01-09,0.1247626319527626
2008-01-10,0.18139047920703888
2008-01-11,10.208157539367676
2008-01-12,2.2325937747955322
2008-01-13,0.0
2008-01-14,0.005541508551687002
2008-01-15,6.476822853088379
2008-01-16,0.5874708890914917
2008-01-17,10.132326126098633
2008-01-18,0.0
2008-01-19,3.086291790008545
2008-01-20,31.576034545898438
2008-01-21,0.22767776250839233
2008-01-22,1.7368645668029785
2008-01-23,2.568389415740967
2008-01-24,26.204675674438477
2008-01-25,56.3943977355957
2008-01-26,9.084420204162598
2008-01-27,0.148174449801445
2008-01-28,36.253292083740234
2008-01-29,9.766449928283691
2008-01-30,0.0
2008-01-31,1.0741846561431885
2008-02-01,0.0
2008-02-02,0.0
2008-02-03,0.0
2008-02-04,0.0
2008-02-05,0.0
2008-02-06,0.0
2008-02-07,0.0
2008-02-08,0.0
2008-02-09,0.003383104456588626
2008-02-10,10.97140884399414
2008-02-11,1.5929195880889893
2008-02-12,0.0
2008-02-13,0.0
2008-02-14,0.0
2008-02-15,0.0
2008-02-16,7.26357364654541
2008-02-17,0.0057617900893092155
2008-02-18,0.0
2008-02-19,0.0035617356188595295
2008-02-20,18.08666229248047
2008-02-21,0.9683963060379028
2008-02-22,0.0
2008-02-23,53.61433792114258
2008-02-24,0.0
2008-02-25,24.070432662963867
2008-02-26,40.04865264892578
2008-02-27,1.8487287759780884
2008-02-28,2.3572731018066406
2008-02-29,0.0
2008-03-01,0.0
2008-03-02,0.0
2008-03-03,0.5174515247344971
2008-03-04,7.278789043426514
2008-03-05,9.967798233032227
2008-03-06,0.6748079061508179
2008-03-07,1.0798592567443848
2008-03-08,0.0
2008-03-09,14.339459419250488
2008-03-10,83.14128875732422
2008-03-11,1.540540337562561
2008-03-12,0.0
2008-03-13,0.0
2008-03-14,0.4866165816783905
2008-03-15,0.048994723707437515
2008-03-16,0.1027054712176323
2008-03-17,0.1027054712176323
2008-03-18,0.1027054712176323
2008-03-19,0.1027054712176323
2008-03-20,0.2738812565803528
2008-03-21,0.0
2008-03-22,0.1444532424211502
2008-03-23,23.041404724121094
2008-03-24,0.0
2008-03-25,0.0
2008-03-26,0.0
2008-03-27,0.0
2008-03-28,1.2764229774475098
2008-03-29,34.93770980834961
2008-03-30,0.0
2008-03-31,0.6864889860153198
2008-04-01,22.536224365234375
2008-04-02,2.3337743282318115
2008-04-03,0.5859013199806213
2008-04-04,0.022416820749640465
2008-04-05,0.0
2008-04-06,0.0
2008-04-07,0.0
2008-04-08,0.0
2008-04-09,0.0
2008-04-10,0.0
2008-04-11,0.0
2008-04-12,0.0
2008-04-13,0.040668994188308716
2008-04-14,20.944534301757812
2008-04-15,0.0
2008-04-16,0.0
2008-04-17,0.0
2008-04-18,0.0
2008-04-19,0.0
2008-04-20,0.0
2008-04-21,0.04103907570242882
2008-04-22,0.04103907570242882
2008-04-23,0.04103907570242882
2008-04-24,0.04103907570242882
2008-04-25,0.04103907570242882
2008-04-26,0.0
2008-04-27,0.0
2008-04-28,0.0
2008-04-29,0.6082037687301636
2008-04-30,14.150341987609863
2008-05-01,0.012506291270256042
2008-05-02,0.07503774762153625
2008-05-03,0.012506291270256042
2008-05-04,0.012506291270256042
2008-05-05,0.012506291270256042
2008-05-06,0.1924683302640915
2008-05-07,0.1924683302640915
2008-05-08,0.1924683302640915
2008-05-09,0.1924683302640915
2008-05-10,0.5132489204406738
2008-05-11,6.297924041748047
2008-05-12,0.2973041236400604
2008-05-13,0.19331131875514984
2008-05-14,0.0
2008-05-15,2.159013509750366
2008-05-16,0.0
2008-05-17,0.0
2008-05-18,0.0
2008-05-19,0.0
2008-05-20,0.0
2008-05-21,0.0
2008-05-22,0.0
2008-05-23,0.0
2008-05-24,0.0
2008-05-25,0.0
2008-05-26,0.0
2008-05-27,0.0
2008-05-28,0.0
2008-05-29,0.0
2008-05-30,0.0
2008-05-31,0.0
2008-06-01,0.0
2008-06-02,0.0
2008-06-03,0.0
2008-06-04,0.0
2008-06-05,0.0
2008-06-06,0.13544808328151703
2008-06-07,0.13544808328151703
2008-06-08,0.13544808328151703
2008-06-09,0.13544808328151703
2008-06-10,0.13544808328151703
2008-06-11,0.0
2008-06-12,0.0
2008-06-13,0.0
2008-06-14,0.0
2008-06-15,0.0
2008-06-16,0.58402419090271
2008-06-17,0.58402419090271
2008-06-18,0.58402419090271
2008-06-19,0.58402419090271
2008-06-20,1.557397723197937
2008-06-21,0.0
2008-06-22,0.0
2008-06-23,0.0
2008-06-24,0.0
2008-06-25,0.0
2008-06-26,0.0
2008-06-27,0.0
2008-06-28,0.0
2008-06-29,0.0
2008-06-30,0.0
2008-07-01,0.0
2008-07-02,0.0
2008-07-03,0.0
2008-07-04,0.0
2008-07-05,0.0
2008-07-06,0.0
2008-07-07,0.0
2008-07-08,0.0
2008-07-09,0.0
2008-07-10,0.0
2008-07-11,0.0
2008-07-12,0.0
2008-07-13,0.0
2008-07-14,0.0
2008-07-15,0.0
2008-07-16,0.0
2008-07-17,0.0
2008-07-18,0.0
2008-07-19,0.0
2008-07-20,0.0
2008-07-21,0.0
2008-07-22,0.0
2008-07-23,0.0
2008-07-24,0.0
2008-07-25,0.0
2008-07-26,0.0064101205207407475
2008-07-27,0.0
2008-07-28,0.0
2008-07-29,0.0
2008-07-30,1.1625348329544067
2008-07-31,0.0
2008-08-01,0.0
2008-08-02,0.0
2008-08-03,0.0
2008-08-04,0.0
2008-08-05,0.0
2008-08-06,0.0
2008-08-07,0.03447027876973152
2008-08-08,4.637966632843018
2008-08-09,0.0
2008-08-10,0.0
2008-08-11,0.0
2008-08-12,0.0
2008-08-13,0.0
2008-08-14,0.0
2008-08-15,0.0
2008-08-16,0.0
2008-08-17,0.0
2008-08-18,0.0
2008-08-19,0.0
2008-08-20,0.0
2008-08-21,0.0
2008-08-22,0.0
2008-08-23,0.0
2008-08-24,0.0
2008-08-25,0.0
2008-08-26,0.0
2008-08-27,0.0
2008-08-28,0.0
2008-08-29,0.0
2008-08-30,0.0
2008-08-31,0.0
2008-09-01,0.0
2008-09-02,0.0
2008-09-03,0.0
2008-09-04,0.0
2008-09-05,0.0
2008-09-06,0.0
2008-09-07,0.0
2008-09-08,0.0
2008-09-09,0.0
2008-09-10,0.0
2008-09-11,0.01548998523503542
2008-09-12,0.01548998523503542
2008-09-13,0.01548998523503542
2008-09-14,0.01548998523503542
2008-09-15,0.01548998523503542
2008-09-16,0.0
2008-09-17,0.0
2008-09-18,0.0
2008-09-19,0.0
2008-09-20,0.0
2008-09-21,0.0
2008-09-22,0.0
2008-09-23,0.0
2008-09-24,0.0
2008-09-25,0.0
2008-09-26,0.7423533797264099
2008-09-27,0.7423533797264099
2008-09-28,0.7423533797264099
2008-09-29,0.8523316383361816
2008-09-30,1.8696306943893433
2008-10-01,0.4918178617954254
2008-10-02,0.0
2008-10-03,0.1894199252128601
2008-10-04,0.8710440993309021
2008-10-05,4.96376371383667
2008-10-06,0.0
2008-10-07,0.0
2008-10-08,0.0
2008-10-09,0.0
2008-10-10,0.0
2008-10-11,0.0
2008-10-12,3.628608226776123
2008-10-13,0.0
2008-10-14,0.0
2008-10-15,0.0
2008-10-16,0.0
2008-10-17,0.0
2008-10-18,0.0
2008-10-19,0.0
2008-10-20,0.0
2008-10-21,0.007562209852039814
2008-10-22,12.651577949523926
2008-10-23,0.0
2008-10-24,0.0
2008-10-25,0.0
2008-10-26,0.0
2008-10-27,12.173410415649414
2008-10-28,0.0009313809568993747
2008-10-29,11.757316589355469
2008-10-30,1.938376545906067
2008-10-31,0.0
2008-11-01,1.4818055629730225
2008-11-02,4.209803104400635
2008-11-03,9.793852806091309
2008-11-04,12.290043830871582
2008-11-05,1.2574800252914429
2008-11-06,0.8210801482200623
2008-11-07,0.04446815699338913
2008-11-08,1.3981150388717651
2008-11-09,27.07781219482422
2008-11-10,4.9317708015441895
2008-11-11,1.209779977798462
2008-11-12,2.3462870121002197
2008-11-13,0.0
2008-11-14,0.0
2008-11-15,22.982046127319336
2008-11-16,0.17050381004810333
2008-11-17,0.0
2008-11-18,0.004049248527735472
2008-11-19,0.018781375139951706
2008-11-20,0.0030417032539844513
2008-11-21,0.0
2008-11-22,0.0
2008-11-23,0.0
2008-11-24,0.0
2008-11-25,0.0
2008-11-26,0.0
2008-11-27,0.0
2008-11-28,0.4745560884475708
2008-11-29,0.6556574106216431
2008-11-30,34.78892517089844
2008-12-01,5.535702228546143
2008-12-02,0.3228510022163391
2008-12-03,0.07985027134418488
2008-12-04,0.0
2008-12-05,0.0
2008-12-06,0.0
2008-12-07,0.0
2008-12-08,0.003584973281249404
2008-12-09,0.1467563658952713
2008-12-10,20.22664451599121
2008-12-11,14.552051544189453
2008-12-12,0.0
2008-12-13,13.604830741882324
2008-12-14,9.026373863220215
2008-12-15,0.4089597165584564
2008-12-16,0.18939487636089325
2008-12-17,1.2162144184112549
2008-12-18,12.540518760681152
2008-12-19,5.816705226898193
2008-12-20,8.397560119628906
2008-12-21,0.0
2008-12-22,6.733354568481445
2008-12-23,0.5176949501037598
2008-12-24,3.080449342727661
2008-12-25,64.09120178222656
2008-12-26,6.000534534454346
2008-12-27,0.0
2008-12-28,0.06702972203493118
2008-12-29,0.5907219052314758
2008-12-30,0.0
2008-12-31,0.0
2009-01-01,9.412149429321289
2009-01-02,24.88140296936035
2009-01-03,0.9633095860481262
2009-01-04,0.26431387662887573
2009-01-05,0.0
2009-01-06,0.0
2009-01-07,0.47772467136383057
2009-01-08,7.983329772949219
2009-01-09,13.218436241149902
2009-01-10,0.43644100427627563
2009-01-11,0.06570462137460709
2009-01-12,0.0
2009-01-13,0.7628969550132751
2009-01-14,0.3417702317237854
2009-01-15,43.57695388793945
2009-01-16,1.6531997919082642
2009-01-17,0.03497879579663277
2009-01-18,22.69011878967285
2009-01-19,13.492584228515625
2009-01-20,0.0
2009-01-21,0.10439379513263702
2009-01-22,0.10439379513263702
2009-01-23,0.10439379513263702
2009-01-24,0.10439379513263702
2009-01-25,0.10439379513263702
2009-01-26,2.242032051086426
2009-01-27,0.0
2009-01-28,0.0
2009-01-29,0.07243110239505768
2009-01-30,0.4404858946800232
2009-01-31,0.0
2009-02-01,4.629001140594482
2009-02-02,0.0
2009-02-03,0.0
2009-02-04,3.4609365463256836
2009-02-05,3.380178689956665
2009-02-06,20.77511978149414
2009-02-07,13.396361351013184
2009-02-08,7.212310314178467
2009-02-09,21.977731704711914
2009-02-10,2.490320920944214
2009-02-11,31.776426315307617
2009-02-12,7.521044731140137
2009-02-13,0.4428066611289978
2009-02-14,6.7451066970825195
2009-02-15,4.261465072631836
2009-02-16,0.0
2009-02-17,0.0
2009-02-18,0.0
2009-02-19,0.0
2009-02-20,0.0
2009-02-21,0.0
2009-02-22,0.0
2009-02-23,2.1133177280426025
2009-02-24,1.4698644876480103
2009-02-25,0.0
2009-02-26,0.0
2009-02-27,0.0
2009-02-28,0.0
2009-03-01,0.0
2009-03-02,3.371248722076416
2009-03-03,0.0
2009-03-04,3.9322991371154785
2009-03-05,1.8431777954101562
2009-03-06,0.0
2009-03-07,0.0
2009-03-08,0.0
2009-03-09,21.31291389465332
2009-03-10,23.034439086914062
2009-03-11,6.7766265869140625
2009-03-12,1.487028956413269
2009-03-13,2.5485994815826416
2009-03-14,0.0
2009-03-15,0.0
2009-03-16,0.0
2009-03-17,7.598575115203857
2009-03-18,0.2926098108291626
2009-03-19,4.1059393882751465
2009-03-20,2.740518569946289
2009-03-21,7.1832499504089355
2009-03-22,1.1833940744400024
2009-03-23,3.5787734985351562
2009-03-24,36.86879348754883
2009-03-25,0.0
2009-03-26,8.631427764892578
2009-03-27,1.2128634452819824
2009-03-28,0.016552891582250595
2009-03-29,0.0
2009-03-30,1.1869566440582275
2009-03-31,2.6469602584838867
2009-04-01,0.0
2009-04-02,0.0
2009-04-03,0.0
2009-04-04,0.0
2009-04-05,0.0
2009-04-06,0.0
2009-04-07,0.0
2009-04-08,33.92583084106445
2009-04-09,0.005775765981525183
2009-04-10,0.0
2009-04-11,0.0
2009-04-12,0.0
2009-04-13,0.0
2009-04-14,0.0
2009-04-15,0.0
2009-04-16,0.0
2009-04-17,0.0
2009-04-18,0.0
2009-04-19,0.0
2009-04-20,0.0
2009-04-21,0.09830423444509506
2009-04-22,0.09830423444509506
2009-04-23,0.09830423444509506
2009-04-24,0.09830423444509506
2009-04-25,0.09830423444509506
2009-04-26,0.10154537111520767
2009-04-27,0.10154537111520767
2009-04-28,0.10154537111520767
2009-04-29,0.10154537111520767
2009-04-30,0.10154537111520767
2009-05-01,0.1096627488732338
2009-05-02,0.13852135837078094
2009-05-03,0.1096627488732338
2009-05-04,0.1096627488732338
2009-05-05,0.6291178464889526
2009-05-06,0.9543496370315552
2009-05-07,5.5680670738220215
2009-05-08,1.112380027770996
2009-05-09,0.9543496370315552
2009-05-10,0.9543496370315552
2009-05-11,0.0
2009-05-12,0.0
2009-05-13,0.0
2009-05-14,0.0
2009-05-15,0.0
2009-05-16,0.0
2009-05-17,0.0
2009-05-18,0.0
2009-05-19,0.0
2009-05-20,0.0
2009-05-21,0.0
2009-05-22,0.0
2009-05-23,0.0
2009-05-24,0.0
2009-05-25,0.0
2009-05-26,0.0
2009-05-27,0.0
2009-05-28,1.2039716243743896
2009-05-29,27.219945907592773
2009-05-30,0.0
2009-05-31,0.0
2009-06-01,0.0
2009-06-02,0.0
2009-06-03,0.0
2009-06-04,0.0
2009-06-05,0.0
2009-06-06,0.16135558485984802
2009-06-07,0.16135558485984802
2009-06-08,0.16135558485984802
2009-06-09,0.16135558485984802
2009-06-10,0.16135558485984802
2009-06-11,1.2296011447906494
2009-06-12,1.2296011447906494
2009-06-13,1.2296011447906494
2009-06-14,1.2296011447906494
2009-06-15,3.2789363861083984
2009-06-16,0.0
2009-06-17,0.0
2009-06-18,0.0
2009-06-19,0.0
2009-06-20,0.0
2009-06-21,0.0
2009-06-22,0.0
2009-06-23,0.0
2009-06-24,0.0
2009-06-25,0.0
2009-06-26,0.0
2009-06-27,0.0
2009-06-28,0.0
2009-06-29,0.0
2009-06-30,0.0
2009-07-01,0.0
2009-07-02,0.0
2009-07-03,0.0
2009-07-04,0.0
2009-07-05,0.0
2009-07-06,0.0
2009-07-07,0.0
2009-07-08,0.0
2009-07-09,0.0
2009-07-10,0.0
2009-07-11,0.0
2009-07-12,0.0
2009-07-13,0.0
2009-07-14,0.0
2009-07-15,0.0
2009-07-16,0.0
2009-07-17,0.0
2009-07-18,0.0
2009-07-19,0.0
2009-07-20,0.0
2009-07-21,0.500018835067749
2009-07-22,0.500018835067749
2009-07-23,0.500018835067749
2009-07-24,0.500018835067749
2009-07-25,0.500018835067749
2009-07-26,0.0
2009-07-27,0.10758892446756363
2009-07-28,0.0
2009-07-29,0.0
2009-07-30,0.0
2009-07-31,0.0
2009-08-01,0.0
2009-08-02,0.0
2009-08-03,0.0
2009-08-04,0.0
2009-08-05,0.0
2009-08-06,0.0
2009-08-07,0.0
2009-08-08,0.0
2009-08-09,0.0
2009-08-10,0.0
2009-08-11,0.0
2009-08-12,0.0
2009-08-13,0.0
2009-08-14,0.0
2009-08-15,0.0
2009-08-16,0.0
2009-08-17,0.0
2009-08-18,0.0
2009-08-19,0.0
2009-08-20,0.0
2009-08-21,0.0
2009-08-22,0.0
2009-08-23,0.0
2009-08-24,0.0
2009-08-25,0.0
2009-08-26,0.0
2009-08-27,0.0
2009-08-28,0.0
2009-08-29,0.0
2009-08-30,0.0
2009-08-31,0.0
2009-09-01,0.0
2009-09-02,2.8632407188415527
2009-09-03,7.310427188873291
2009-09-04,0.7690030336380005
2009-09-05,0.0
2009-09-06,0.0
2009-09-07,0.0
2009-09-08,0.0
2009-09-09,0.0
2009-09-10,0.0
2009-09-11,0.0
2009-09-12,0.0
2009-09-13,0.0
2009-09-14,0.0
2009-09-15,0.0
2009-09-16,0.04591163247823715
2009-09-17,0.0
2009-09-18,0.0
2009-09-19,4.372532844543457
2009-09-20,0.0
2009-09-21,0.0
2009-09-22,0.0
2009-09-23,0.0
2009-09-24,0.0
2009-09-25,0.0
2009-09-26,0.0
2009-09-27,2.405940532684326
2009-09-28,0.001496595679782331
2009-09-29,0.0
2009-09-30,0.002732914173975587
2009-10-01,5.002264976501465
2009-10-02,0.0
2009-10-03,0.0
2009-10-04,0.0
2009-10-05,0.0
2009-10-06,13.604975700378418
2009-10-07,1.110495924949646
2009-10-08,0.0
2009-10-09,0.0
2009-10-10,0.0
2009-10-11,1.771450161933899
2009-10-12,0.2918729782104492
2009-10-13,0.0
2009-10-14,0.0
2009-10-15,0.0
2009-10-16,0.0
2009-10-17,0.0
2009-10-18,0.0
2009-10-19,2.639390468597412
2009-10-20,7.512725353240967
2009-10-21,4.907439708709717
2009-10-22,4.535808086395264
2009-10-23,1.1753859519958496
2009-10-24,4.016027927398682
2009-10-25,0.0871528685092926
2009-10-26,0.0
2009-10-27,0.0
2009-10-28,0.0
2009-10-29,0.0
2009-10-30,0.0
2009-10-31,0.0
2009-11-01,0.0
2009-11-02,0.0
2009-11-03,0.0
2009-11-04,0.0
2009-11-05,0.0
2009-11-06,0.0
2009-11-07,1.5230940580368042
2009-11-08,3.9331300258636475
2009-11-09,0.0
2009-11-10,15.22527027130127
2009-11-11,36.84767532348633
2009-11-12,0.0
2009-11-13,0.0
2009-11-14,0.0
2009-11-15,27.081865310668945
2009-11-16,7.5318684577941895
2009-11-17,0.0007664146251045167
2009-11-18,0.0
2009-11-19,0.33645838499069214
2009-11-20,13.244097709655762
2009-11-21,0.27022427320480347
2009-11-22,0.27022427320480347
2009-11-23,0.27022427320480347
2009-11-24,0.27022427320480347
2009-11-25,0.720598042011261
2009-11-26,21.581844329833984
2009-11-27,12.927037239074707
2009-11-28,0.0
2009-11-29,0.0022424915805459023
2009-11-30,1.0144230127334595
2009-12-01,0.9379495978355408
2009-12-02,0.0
2009-12-03,42.636207580566406
2009-12-04,0.0
2009-12-05,0.0
2009-12-06,5.446475505828857
2009-12-07,1.8269963264465332
2009-12-08,0.0
2009-12-09,0.0
2009-12-10,11.075532913208008
2009-12-11,8.634193420410156
2009-12-12,0.2411276400089264
2009-12-13,0.0
2009-12-14,0.0
2009-12-15,0.0
2009-12-16,0.0028512664139270782
2009-12-17,0.0
2009-12-18,0.0
2009-12-19,0.11274629086256027
2009-12-20,23.042387008666992
2009-12-21,25.85952377319336
2009-12-22,0.0
2009-12-23,0.0
2009-12-24,0.0
2009-12-25,1.7221649885177612
2009-12-26,0.0
2009-12-27,13.168875694274902
2009-12-28,0.0
2009-12-29,23.976688385009766
2009-12-30,22.230911254882812
2009-12-31,0.0
2010-01-01,0.22224929928779602
2010-01-02,2.9147424697875977
2010-01-03,21.646413803100586
2010-01-04,0.02243422530591488
2010-01-05,0.0
2010-01-06,12.10520076751709
2010-01-07,5.23341703414917
2010-01-08,0.0
2010-01-09,0.012063191272318363
2010-01-10,0.0
2010-01-11,0.0
2010-01-12,4.5844831466674805
2010-01-13,9.765819549560547
2010-01-14,0.0
2010-01-15,0.0
2010-01-16,0.0
2010-01-17,0.0
2010-01-18,0.0
2010-01-19,14.788124084472656
2010-01-20,1.0530881881713867
2010-01-21,0.0
2010-01-22,0.0
2010-01-23,2.3981432914733887
2010-01-24,8.606062889099121
2010-01-25,2.6347146034240723
2010-01-26,0.3562488257884979
2010-01-27,2.7599010467529297
2010-01-28,0.0
2010-01-29,0.2757963538169861
2010-01-30,5.371474742889404
2010-01-31,0.0
2010-02-01,0.0
2010-02-02,0.08112411201000214
2010-02-03,0.2622362971305847
2010-02-04,9.361353874206543
2010-02-05,2.460683584213257
2010-02-06,0.07069090008735657
2010-02-07,0.0
2010-02-08,16.91490364074707
2010-02-09,19.60057830810547
2010-02-10,1.6217279434204102
2010-02-11,20.772001266479492
2010-02-12,1.1510281562805176
2010-02-13,4.227607250213623
2010-02-14,0.0
2010-02-15,0.0
2010-02-16,10.86746597290039
2010-02-17,19.63125991821289
2010-02-18,0.0
2010-02-19,0.0
2010-02-20,0.0
2010-02-21,0.01788678951561451
2010-02-22,3.124182939529419
2010-02-23,0.4537582993507385
2010-02-24,1.1365940570831299
2010-02-25,12.535812377929688
2010-02-26,0.0
2010-02-27,0.0
2010-02-28,0.0
2010-03-01,0.0
2010-03-02,0.0
2010-03-03,0.0
2010-03-04,0.07454034686088562
2010-03-05,45.26130294799805
2010-03-06,0.0
2010-03-07,0.0
2010-03-08,0.0
2010-03-09,0.0
2010-03-10,10.282625198364258
2010-03-11,14.768729209899902
2010-03-12,0.0
2010-03-13,0.7552573084831238
2010-03-14,0.0
2010-03-15,0.006033418700098991
2010-03-16,8.221475601196289
2010-03-17,0.0
2010-03-18,0.0
2010-03-19,0.0
2010-03-20,0.01168149709701538
2010-03-21,0.0
2010-03-22,0.0
2010-03-23,4.74128532409668
2010-03-24,0.04337766021490097
2010-03-25,0.0
2010-03-26,0.0
2010-03-27,0.0
2010-03-28,0.0
2010-03-29,0.0
2010-03-30,0.0
2010-03-31,0.0
2010-04-01,0.0
2010-04-02,0.0
2010-04-03,0.0
2010-04-04,0.0
2010-04-05,0.0
2010-04-06,0.0
2010-04-07,0.0
2010-04-08,0.0
2010-04-09,0.0
2010-04-10,0.0
2010-04-11,0.0
2010-04-12,0.0
2010-04-13,0.0
2010-04-14,0.0
2010-04-15,0.0
2010-04-16,0.1268319934606552
2010-04-17,0.1268319934606552
2010-04-18,0.7609919309616089
2010-04-19,0.1268319934606552
2010-04-20,0.1268319934606552
2010-04-21,5.4395036697387695
2010-04-22,13.829312324523926
2010-04-23,5.9613938331604
2010-04-24,2.1388070583343506
2010-04-25,0.0
2010-04-26,0.0
2010-04-27,0.0
2010-04-28,0.0
2010-04-29,0.0
2010-04-30,2.2786552906036377
2010-05-01,0.00779507914558053
2010-05-02,0.046770475804805756
2010-05-03,0.00779507914558053
2010-05-04,0.00779507914558053
2010-05-05,0.00779507914558053
2010-05-06,0.12358551472425461
2010-05-07,0.12358551472425461
2010-05-08,0.12358551472425461
2010-05-09,0.12358551472425461
2010-05-10,0.12358551472425461
2010-05-11,0.0
2010-05-12,0.0
2010-05-13,0.0
2010-05-14,0.0
2010-05-15,0.0
2010-05-16,6.946944236755371
2010-05-17,0.3209224343299866
2010-05-18,0.0
2010-05-19,0.0
2010-05-20,0.0
2010-05-21,0.0
2010-05-22,0.0
2010-05-23,0.0
2010-05-24,0.0
2010-05-25,0.0
2010-05-26,0.0
2010-05-27,0.0
2010-05-28,0.0
2010-05-29,0.0
2010-05-30,0.0
2010-05-31,0.0
2010-06-01,0.0
2010-06-02,0.0
2010-06-03,0.0
2010-06-04,0.0
2010-06-05,0.0
2010-06-06,14.532118797302246
2010-06-07,0.0
2010-06-08,0.0
2010-06-09,0.0
2010-06-10,0.0
2010-06-11,0.0
2010-06-12,0.0
2010-06-13,0.0
2010-06-14,0.0
2010-06-15,0.0
2010-06-16,0.0
2010-06-17,0.0
2010-06-18,0.0
2010-06-19,0.0
2010-06-20,0.0
2010-06-21,0.0
2010-06-22,0.0
2010-06-23,0.0
2010-06-24,0.0
2010-06-25,0.0
2010-06-26,0.0
2010-06-27,0.0
2010-06-28,0.0
2010-06-29,0.0
2010-06-30,0.0
2010-07-01,0.0
2010-07-02,0.0
2010-07-03,0.0
2010-07-04,0.0
2010-07-05,0.0
2010-07-06,0.0
2010-07-07,0.0
2010-07-08,0.0
2010-07-09,0.0
2010-07-10,0.0
2010-07-11,0.0
2010-07-12,0.0
2010-07-13,0.0
2010-07-14,0.0
2010-07-15,0.0
2010-07-16,0.0
2010-07-17,0.0
2010-07-18,0.0
2010-07-19,0.0
2010-07-20,0.0
2010-07-21,0.0
2010-07-22,0.0
2010-07-23,0.0
2010-07-24,0.0
2010-07-25,0.0
2010-07-26,0.0
2010-07-27,0.0
2010-07-28,0.0
2010-07-29,0.0
2010-07-30,0.0
2010-07-31,0.0
2010-08-01,0.0
2010-08-02,0.0
2010-08-03,0.006867616903036833
2010-08-04,6.25396203994751
2010-08-05,0.012426765635609627
2010-08-06,0.0
2010-08-07,0.0
2010-08-08,0.0
2010-08-09,0.0
2010-08-10,0.0
2010-08-11,0.38890424370765686
2010-08-12,2.001065492630005
2010-08-13,0.7212640643119812
2010-08-14,0.38890424370765686
2010-08-15,0.38890424370765686
2010-08-16,0.0
2010-08-17,0.0
2010-08-18,0.0
2010-08-19,0.0
2010-08-20,0.0
2010-08-21,0.0
2010-08-22,0.0
2010-08-23,0.0
2010-08-24,0.0
2010-08-25,0.0
2010-08-26,0.0
2010-08-27,0.0
2010-08-28,0.0
2010-08-29,0.9135698676109314
2010-08-30,8.459760665893555
2010-08-31,0.0
2010-09-01,0.0
2010-09-02,0.0
2010-09-03,0.0
2010-09-04,0.0
2010-09-05,0.0
2010-09-06,0.0
2010-09-07,0.0
2010-09-08,0.0
2010-09-09,0.0
2010-09-10,0.0
2010-09-11,0.0
2010-09-12,0.0
2010-09-13,5.368626117706299
2010-09-14,1.5417628288269043
2010-09-15,0.0
2010-09-16,0.0
2010-09-17,0.0
2010-09-18,0.0
2010-09-19,0.0
2010-09-20,0.0
2010-09-21,0.0
2010-09-22,0.0
2010-09-23,0.0
2010-09-24,0.0
2010-09-25,0.0
2010-09-26,0.0
2010-09-27,0.0
2010-09-28,0.0
2010-09-29,0.0
2010-09-30,0.0
2010-10-01,0.0
2010-10-02,3.4053871631622314
2010-10-03,0.07973448187112808
2010-10-04,0.0
2010-10-05,0.0
2010-10-06,0.0
2010-10-07,0.0
2010-10-08,0.0
2010-10-09,0.0
2010-10-10,0.0
2010-10-11,0.0
2010-10-12,0.0443153977394104
2010-10-13,0.6156546473503113
2010-10-14,0.0006555698346346617
2010-10-15,0.0
2010-10-16,0.07975585758686066
2010-10-17,1.720971941947937
2010-10-18,0.0
2010-10-19,0.0
2010-10-20,1.2320688962936401
2010-10-21,0.7916766405105591
2010-10-22,3.968968391418457
2010-10-23,0.8439628481864929
2010-10-24,2.6528191566467285
2010-10-25,1.094361424446106
2010-10-26,0.19472871720790863
2010-10-27,0.19472871720790863
2010-10-28,0.5841861367225647
2010-10-29,0.19472871720790863
2010-10-30,0.19472871720790863
2010-10-31,0.19472871720790863
2010-11-01,0.0
2010-11-02,0.0
2010-11-03,0.0
2010-11-04,0.0
2010-11-05,0.0
2010-11-06,0.0
2010-11-07,0.0
2010-11-08,0.0
2010-11-09,0.0
2010-11-10,0.0
2010-11-11,0.0
2010-11-12,0.0
2010-11-13,0.0
2010-11-14,0.0
2010-11-15,1.134184718132019
2010-11-16,0.027148591354489326
2010-11-17,0.0
2010-11-18,0.0
2010-11-19,1.2317992448806763
2010-11-20,4.076014041900635
2010-11-21,20.277585983276367
2010-11-22,12.632308959960938
2010-11-23,1.5676212310791016
2010-11-24,1.551236867904663
2010-11-25,0.0
2010-11-26,0.0
2010-11-27,0.0
2010-11-28,0.22669078409671783
2010-11-29,27.95322036743164
2010-11-30,0.043484173715114594
2010-12-01,0.0
2010-12-02,12.233417510986328
2010-12-03,5.543620586395264
2010-12-04,1.961356282234192
2010-12-05,0.0
2010-12-06,0.07527955621480942
2010-12-07,0.0
2010-12-08,11.15656852722168
2010-12-09,0.3979828953742981
2010-12-10,0.0
2010-12-11,0.0
2010-12-12,20.224504470825195
2010-12-13,0.0
2010-12-14,0.0
2010-12-15,0.0
2010-12-16,0.0
2010-12-17,0.0
2010-12-18,0.0
2010-12-19,0.0
2010-12-20,3.984043598175049
2010-12-21,17.44476890563965
2010-12-22,0.0
2010-12-23,0.31794002652168274
2010-12-24,21.469776153564453
2010-12-25,3.670881986618042
2010-12-26,0.017854861915111542
2010-12-27,11.994163513183594
2010-12-28,0.0
2010-12-29,7.020846366882324
2010-12-30,11.46078109741211
2010-12-31,30.92708969116211
2011-01-01,0.0
2011-01-02,0.0
2011-01-03,0.0
2011-01-04,0.009649384766817093
2011-01-05,25.180070877075195
2011-01-06,15.534555435180664
2011-01-07,0.0
2011-01-08,0.0
2011-01-09,0.0
2011-01-10,3.698392868041992
2011-01-11,3.352515935897827
2011-01-12,0.3087792992591858
2011-01-13,14.268266677856445
2011-01-14,3.0321860313415527
2011-01-15,0.0561467707157135
2011-01-16,0.7546045184135437
2011-01-17,0.7546045184135437
2011-01-18,7.615119934082031
2011-01-19,0.7546045184135437
2011-01-20,5.213155746459961
2011-01-21,0.453414648771286
2011-01-22,0.0
2011-01-23,32.97492218017578
2011-01-24,14.138898849487305
2011-01-25,0.015834631398320198
2011-01-26,0.0
2011-01-27,0.0
2011-01-28,0.0
2011-01-29,0.0
2011-01-30,0.0
2011-01-31,0.0
2011-02-01,40.55906295776367
2011-02-02,9.167351722717285
2011-02-03,1.5028189420700073
2011-02-04,1.9939528703689575
2011-02-05,50.07182693481445
2011-02-06,33.73953628540039
2011-02-07,7.2337541580200195
2011-02-08,1.8381932973861694
2011-02-09,2.2963061332702637
2011-02-10,0.0
2011-02-11,0.0
2011-02-12,0.0
2011-02-13,0.0
2011-02-14,0.0
2011-02-15,0.0
2011-02-16,0.0
2011-02-17,0.0
2011-02-18,6.713284969329834
2011-02-19,30.64797019958496
2011-02-20,0.40971723198890686
2011-02-21,0.0
2011-02-22,0.0
2011-02-23,7.503287315368652
2011-02-24,5.112278461456299
2011-02-25,9.130095481872559
2011-02-26,0.0
2011-02-27,0.0
2011-02-28,0.0
2011-03-01,0.0
2011-03-02,0.0
2011-03-03,0.026058107614517212
2011-03-04,1.1126846075057983
2011-03-05,0.05163231119513512
2011-03-06,0.0
2011-03-07,0.0
2011-03-08,0.0
2011-03-09,0.0
2011-03-10,0.0
2011-03-11,2.4093453884124756
2011-03-12,0.0
2011-03-13,1.0495489835739136
2011-03-14,0.0
2011-03-15,0.0
2011-03-16,0.0
2011-03-17,0.0
2011-03-18,0.22603608667850494
2011-03-19,1.1086134910583496
2011-03-20,0.0
2011-03-21,0.0
2011-03-22,0.0
2011-03-23,0.0
2011-03-24,0.0
2011-03-25,0.0
2011-03-26,0.0
2011-03-27,44.92735290527344
2011-03-28,0.0
2011-03-29,0.09719931334257126
2011-03-30,0.0
2011-03-31,0.0
2011-04-01,0.6312006711959839
2011-04-02,20.181995391845703
2011-04-03,0.0
2011-04-04,0.12628206610679626
2011-04-05,0.0
2011-04-06,0.45411860942840576
2011-04-07,0.0
2011-04-08,1.1352927684783936
2011-04-09,0.7684457302093506
2011-04-10,0.48958954215049744
2011-04-11,0.009502853266894817
2011-04-12,0.009502853266894817
2011-04-13,0.009502853266894817
2011-04-14,0.05701712146401405
2011-04-15,0.009502853266894817
2011-04-16,0.0
2011-04-17,0.0
2011-04-18,0.0
2011-04-19,0.0
2011-04-20,0.0
2011-04-21,0.3565828502178192
2011-04-22,0.3565828502178192
2011-04-23,0.3565828502178192
2011-04-24,0.3565828502178192
2011-04-25,0.3565828502178192
2011-04-26,0.0
2011-04-27,0.11680595576763153
2011-04-28,0.0
2011-04-29,0.07062575966119766
2011-04-30,1.7673207521438599
2011-05-01,0.012275119312107563
2011-05-02,0.012275119312107563
2011-05-03,0.012275119312107563
2011-05-04,0.012275119312107563
2011-05-05,0.012275119312107563
2011-05-06,0.1164778470993042
2011-05-07,0.1164778470993042
2011-05-08,0.1164778470993042
2011-05-09,0.1164778470993042
2011-05-10,0.6988670825958252
2011-05-11,6.4476423263549805
2011-05-12,3.2156147956848145
2011-05-13,0.01721455156803131
2011-05-14,0.0
2011-05-15,0.0
2011-05-16,0.0
2011-05-17,0.0
2011-05-18,0.0
2011-05-19,0.0
2011-05-20,0.0
2011-05-21,0.0
2011-05-22,0.0
2011-05-23,0.0
2011-05-24,0.0
2011-05-25,0.0
2011-05-26,0.0
2011-05-27,0.0
2011-05-28,0.0
2011-05-29,0.0
2011-05-30,0.0
2011-05-31,0.0
2011-06-01,0.0
2011-06-02,0.0
2011-06-03,0.0
2011-06-04,0.0
2011-06-05,0.0
2011-06-06,0.14637897908687592
2011-06-07,0.14637897908687592
2011-06-08,0.14637897908687592
2011-06-09,0.14637897908687592
2011-06-10,0.14637897908687592
2011-06-11,0.0
2011-06-12,0.0
2011-06-13,0.0
2011-06-14,0.0
2011-06-15,0.0
2011-06-16,0.0
2011-06-17,0.0
2011-06-18,0.0
2011-06-19,0.0
2011-06-20,0.0
2011-06-21,0.0
2011-06-22,0.0
2011-06-23,0.0
2011-06-24,0.0
2011-06-25,0.0
2011-06-26,0.0
2011-06-27,0.0
2011-06-28,0.0
2011-06-29,0.0
2011-06-30,0.0
2011-07-01,0.0
2011-07-02,0.0
2011-07-03,0.0
2011-07-04,0.0
2011-07-05,0.0
2011-07-06,0.0
2011-07-07,0.0
2011-07-08,0.0
2011-07-09,0.0
2011-07-10,0.0
2011-07-11,0.0
2011-07-12,0.0
2011-07-13,0.0
2011-07-14,0.0
2011-07-15,0.0
2011-07-16,0.0
2011-07-17,0.0
2011-07-18,0.0
2011-07-19,0.0
2011-07-20,0.0
2011-07-21,0.308533638715744
2011-07-22,0.308533638715744
2011-07-23,0.308533638715744
2011-07-24,0.308533638715744
2011-07-25,0.308533638715744
2011-07-26,0.8870859146118164
2011-07-27,0.8870859146118164
2011-07-28,0.8870859146118164
2011-07-29,0.8870859146118164
2011-07-30,0.8870859146118164
2011-07-31,0.8870859146118164
2011-08-01,3.5916409492492676
2011-08-02,3.6106293201446533
2011-08-03,0.0
2011-08-04,0.0
2011-08-05,0.39905473589897156
2011-08-06,0.0
2011-08-07,0.0
2011-08-08,0.0
2011-08-09,0.0
2011-08-10,0.0
2011-08-11,0.0
2011-08-12,0.0
2011-08-13,0.0
2011-08-14,0.0
2011-08-15,0.0
2011-08-16,0.0
2011-08-17,0.0
2011-08-18,0.0
2011-08-19,0.0
2011-08-20,0.0
2011-08-21,0.0
2011-08-22,0.0
2011-08-23,0.0
2011-08-24,0.0
2011-08-25,0.0
2011-08-26,0.0
2011-08-27,0.0
2011-08-28,0.0
2011-08-29,0.0
2011-08-30,0.0
2011-08-31,0.0
2011-09-01,0.0
2011-09-02,0.0
2011-09-03,0.0
2011-09-04,0.0
2011-09-05,0.0
2011-09-06,0.0
2011-09-07,0.0
2011-09-08,0.0
2011-09-09,0.0
2011-09-10,0.0
2011-09-11,0.0
2011-09-12,0.0
2011-09-13,0.0
2011-09-14,0.0
2011-09-15,0.0
2011-09-16,0.0
2011-09-17,0.0
2011-09-18,0.0
2011-09-19,0.0
2011-09-20,0.0
2011-09-21,0.0
2011-09-22,0.0
2011-09-23,2.356934070587158
2011-09-24,0.016796668991446495
2011-09-25,0.0
2011-09-26,0.2732577323913574
2011-09-27,0.2732577323913574
2011-09-28,0.2732577323913574
2011-09-29,0.2732577323913574
2011-09-30,0.2732577323913574
2011-10-01,1.071298599243164
2011-10-02,0.0016248327447101474
2011-10-03,0.03472503274679184
2011-10-04,0.0
2011-10-05,0.0011373830493539572
2011-10-06,0.0
2011-10-07,0.015488415025174618
2011-10-08,4.139997959136963
2011-10-09,0.5074992775917053
2011-10-10,0.0
2011-10-11,0.2430037558078766
2011-10-12,2.038450241088867
2011-10-13,0.6792092323303223
2011-10-14,4.247642993927002
2011-10-15,0.00480264937505126
2011-10-16,0.7336471080780029
2011-10-17,0.0
2011-10-18,0.0
2011-10-19,0.866615355014801
2011-10-20,0.25114572048187256
2011-10-21,0.0
2011-10-22,0.0
2011-10-23,0.0
2011-10-24,0.0
2011-10-25,0.0
2011-10-26,0.0
2011-10-27,0.20197923481464386
2011-10-28,0.0442834347486496
2011-10-29,6.109302043914795
2011-10-30,4.319789886474609
2011-10-31,0.0
2011-11-01,0.0
2011-11-02,0.0
2011-11-03,0.0
2011-11-04,12.668604850769043
2011-11-05,0.0
2011-11-06,0.11228438466787338
2011-11-07,0.11228438466787338
2011-11-08,0.11228438466787338
2011-11-09,0.11228438466787338
2011-11-10,1.7965501546859741
2011-11-11,2.976398229598999
2011-11-12,0.18602488934993744
2011-11-13,0.18602488934993744
2011-11-14,0.18602488934993744
2011-11-15,0.18602488934993744
2011-11-16,0.005771951749920845
2011-11-17,0.0
2011-11-18,0.0
2011-11-19,6.444653511047363
2011-11-20,7.671616554260254
2011-11-21,4.645833969116211
2011-11-22,0.8201509118080139
2011-11-23,0.0
2011-11-24,0.0
2011-11-25,0.0
2011-11-26,9.137901306152344
2011-11-27,0.23616373538970947
2011-11-28,0.0
2011-11-29,4.673097133636475
2011-11-30,6.335666179656982
2011-12-01,0.7175903916358948
2011-12-02,0.0
2011-12-03,0.1032809391617775
2011-12-04,1.4219738245010376
2011-12-05,6.484010696411133
2011-12-06,0.0
2011-12-07,66.56930541992188
2011-12-08,31.53229522705078
2011-12-09,0.0
2011-12-10,0.0
2011-12-11,0.05243565887212753
2011-12-12,29.129901885986328
2011-12-13,56.16039276123047
2011-12-14,0.5126325488090515
2011-12-15,0.0
2011-12-16,0.0
2011-12-17,0.0
2011-12-18,0.0
2011-12-19,0.0
2011-12-20,0.0
2011-12-21,0.0
2011-12-22,1.4323599338531494
2011-12-23,0.0
2011-12-24,0.7225708365440369
2011-12-25,0.6490755081176758
2011-12-26,0.0
2011-12-27,0.0
2011-12-28,0.0
2011-12-29,0.4793270528316498
2011-12-30,16.60590362548828
2011-12-31,39.70045471191406
2012-01-01,3.9276561737060547
2012-01-02,0.0
2012-01-03,0.0
2012-01-04,0.0
2012-01-05,0.9993852376937866
2012-01-06,2.867652654647827
2012-01-07,9.474929809570312
2012-01-08,0.0
2012-01-09,0.0
2012-01-10,16.356843948364258
2012-01-11,8.553654670715332
2012-01-12,44.19353485107422
2012-01-13,0.0
2012-01-14,0.0
2012-01-15,0.07532012462615967
2012-01-16,13.025925636291504
2012-01-17,0.008579490706324577
2012-01-18,0.6068865060806274
2012-01-19,0.0
2012-01-20,0.0
2012-01-21,0.0
2012-01-22,10.736560821533203
2012-01-23,0.9652049541473389
2012-01-24,0.08836698532104492
2012-01-25,43.863075256347656
2012-01-26,0.5891565680503845
2012-01-27,0.0
2012-01-28,0.0
2012-01-29,0.0
2012-01-30,0.0
2012-01-31,19.528383255004883
2012-02-01,28.587932586669922
2012-02-02,33.18913650512695
2012-02-03,21.912391662597656
2012-02-04,5.009592056274414
2012-02-05,0.0
2012-02-06,0.0
2012-02-07,0.0
2012-02-08,0.0
2012-02-09,0.0
2012-02-10,0.0
2012-02-11,0.0
2012-02-12,0.7222100496292114
2012-02-13,0.11657370626926422
2012-02-14,1.060782551765442
2012-02-15,22.00375747680664
2012-02-16,10.862421035766602
2012-02-17,0.0
2012-02-18,0.0
2012-02-19,0.0
2012-02-20,0.003237680997699499
2012-02-21,17.14566421508789
2012-02-22,2.926684617996216
2012-02-23,0.0
2012-02-24,0.0
2012-02-25,28.63143539428711
2012-02-26,2.453123092651367
2012-02-27,1.1553103923797607
2012-02-28,0.0
2012-02-29,0.0
2012-03-01,6.967716217041016
2012-03-02,13.462475776672363
2012-03-03,0.0
2012-03-04,0.0
2012-03-05,0.0
2012-03-06,0.0
2012-03-07,12.817935943603516
2012-03-08,0.0
2012-03-09,0.0
2012-03-10,0.0
2012-03-11,0.0
2012-03-12,0.0
2012-03-13,5.155279159545898
2012-03-14,1.6788766384124756
2012-03-15,0.0
2012-03-16,0.09645050764083862
2012-03-17,0.09645050764083862
2012-03-18,0.09645050764083862
2012-03-19,0.2572013735771179
2012-03-20,0.09645050764083862
2012-03-21,0.0
2012-03-22,0.9371655583381653
2012-03-23,12.800774574279785
2012-03-24,0.1579955369234085
2012-03-25,0.0
2012-03-26,0.26696574687957764
2012-03-27,15.405987739562988
2012-03-28,1.103904128074646
2012-03-29,0.0
2012-03-30,0.030433200299739838
2012-03-31,0.0
2012-04-01,13.78341007232666
2012-04-02,0.9635527729988098
2012-04-03,0.0
2012-04-04,0.0
2012-04-05,7.365677356719971
2012-04-06,13.177719116210938
2012-04-07,0.0
2012-04-08,0.09057672321796417
2012-04-09,7.207258224487305
2012-04-10,8.66453742980957
2012-04-11,31.936477661132812
2012-04-12,8.754094123840332
2012-04-13,0.5735893845558167
2012-04-14,4.526697158813477
2012-04-15,0.3533260226249695
2012-04-16,0.0
2012-04-17,0.0
2012-04-18,0.0
2012-04-19,0.09448552131652832
2012-04-20,21.01276206970215
2012-04-21,19.22940444946289
2012-04-22,0.0
2012-04-23,0.0
2012-04-24,0.9110087156295776
2012-04-25,0.2965751886367798
2012-04-26,13.072002410888672
2012-04-27,3.208040952682495
2012-04-28,0.14666706323623657
2012-04-29,0.0
2012-04-30,0.0
2012-05-01,0.027659116312861443
2012-05-02,0.027659116312861443
2012-05-03,0.07375764846801758
2012-05-04,0.027659116312861443
2012-05-05,0.027659116312861443
2012-05-06,0.19456572830677032
2012-05-07,0.19456572830677032
2012-05-08,0.19456572830677032
2012-05-09,0.19456572830677032
2012-05-10,0.19456572830677032
2012-05-11,0.0
2012-05-12,0.0
2012-05-13,0.0
2012-05-14,0.0
2012-05-15,0.0
2012-05-16,0.0
2012-05-17,0.0
2012-05-18,0.0
2012-05-19,0.0
2012-05-20,0.0
2012-05-21,0.0
2012-05-22,0.0
2012-05-23,0.0
2012-05-24,0.0
2012-05-25,0.0
2012-05-26,0.0
2012-05-27,0.0
2012-05-28,0.0
2012-05-29,0.0
2012-05-30,0.0
2012-05-31,0.0
2012-06-01,0.0
2012-06-02,0.0
2012-06-03,0.0
2012-06-04,0.0
2012-06-05,0.0
2012-06-06,0.025298135355114937
2012-06-07,0.1543390303850174
2012-06-08,0.014969763346016407
2012-06-09,0.08981858193874359
2012-06-10,0.014969763346016407
2012-06-11,0.0
2012-06-12,0.0
2012-06-13,0.0
2012-06-14,0.0
2012-06-15,0.0
2012-06-16,0.0
2012-06-17,0.0
2012-06-18,0.0
2012-06-19,0.0
2012-06-20,0.0
2012-06-21,0.0
2012-06-22,0.0
2012-06-23,0.0
2012-06-24,0.0021221295464783907
2012-06-25,1.3807270526885986
2012-06-26,0.0
2012-06-27,0.0
2012-06-28,0.0
2012-06-29,0.0
2012-06-30,0.0
2012-07-01,0.0
2012-07-02,0.0
2012-07-03,0.0
2012-07-04,0.0
2012-07-05,0.0
2012-07-06,2.618725299835205
2012-07-07,0.0
2012-07-08,0.0
2012-07-09,0.08361677080392838
2012-07-10,0.0
2012-07-11,0.0
2012-07-12,0.0
2012-07-13,0.0
2012-07-14,0.0
2012-07-15,0.0
2012-07-16,0.0
2012-07-17,0.0
2012-07-18,0.0
2012-07-19,0.0
2012-07-20,0.0
2012-07-21,0.0
2012-07-22,0.0
2012-07-23,0.0
2012-07-24,0.0
2012-07-25,0.0
2012-07-26,0.061307162046432495
2012-07-27,0.061307162046432495
2012-07-28,0.2755174934864044
2012-07-29,0.061307162046432495
2012-07-30,0.9506258368492126
2012-07-31,0.061307162046432495
2012-08-01,0.0
2012-08-02,0.0
2012-08-03,0.0
2012-08-04,0.0
2012-08-05,0.0
2012-08-06,0.0
2012-08-07,0.0
2012-08-08,0.0
2012-08-09,0.0
2012-08-10,0.0
2012-08-11,0.0
2012-08-12,0.0
2012-08-13,0.0
2012-08-14,0.0
2012-08-15,0.0
2012-08-16,0.0
2012-08-17,0.0
2012-08-18,0.0
2012-08-19,0.0
2012-08-20,0.0
2012-08-21,0.0
2012-08-22,0.0
2012-08-23,0.0
2012-08-24,0.0
2012-08-25,0.0
2012-08-26,0.0
2012-08-27,0.0
2012-08-28,0.0
2012-08-29,0.0
2012-08-30,0.0
2012-08-31,0.0
2012-09-01,0.0
2012-09-02,0.0
2012-09-03,0.0
2012-09-04,0.0
2012-09-05,0.0
2012-09-06,0.30002647638320923
2012-09-07,0.30002647638320923
2012-09-08,0.30002647638320923
2012-09-09,0.800070583820343
2012-09-10,0.30002647638320923
2012-09-11,0.18075987696647644
2012-09-12,0.4820263385772705
2012-09-13,0.18075987696647644
2012-09-14,0.18075987696647644
2012-09-15,0.18075987696647644
2012-09-16,0.0
2012-09-17,0.0
2012-09-18,0.0
2012-09-19,0.0
2012-09-20,0.0
2012-09-21,0.538232147693634
2012-09-22,0.538232147693634
2012-09-23,0.538232147693634
2012-09-24,0.538232147693634
2012-09-25,0.538232147693634
2012-09-26,0.0
2012-09-27,0.05704539269208908
2012-09-28,5.491510391235352
2012-09-29,0.15598349273204803
2012-09-30,0.0
2012-10-01,0.40423306822776794
2012-10-02,2.303373098373413
2012-10-03,0.0
2012-10-04,0.0
2012-10-05,4.388227462768555
2012-10-06,0.0621161088347435
2012-10-07,0.0
2012-10-08,2.523066520690918
2012-10-09,8.888647079467773
2012-10-10,0.29220330715179443
2012-10-11,0.0
2012-10-12,0.0
2012-10-13,0.0
2012-10-14,0.0
2012-10-15,0.0
2012-10-16,0.0
2012-10-17,0.0
2012-10-18,0.0
2012-10-19,0.0
2012-10-20,6.017724514007568
2012-10-21,3.88065242767334
2012-10-22,2.628648281097412
2012-10-23,1.0610705614089966
2012-10-24,0.0
2012-10-25,0.03367103636264801
2012-10-26,0.058197714388370514
2012-10-27,0.0017392588779330254
2012-10-28,0.0
2012-10-29,0.0
2012-10-30,11.63315486907959
2012-10-31,0.6347751617431641
2012-11-01,2.918034315109253
2012-11-02,65.05474090576172
2012-11-03,0.0
2012-11-04,0.0
2012-11-05,1.5092034339904785
2012-11-06,0.0
2012-11-07,2.92236590385437
2012-11-08,0.0
2012-11-09,1.7894134521484375
2012-11-10,8.975778579711914
2012-11-11,0.08945827931165695
2012-11-12,0.08945827931165695
2012-11-13,0.5367497205734253
2012-11-14,0.9840410947799683
2012-11-15,0.08945827931165695
2012-11-16,0.0
2012-11-17,0.8729655742645264
2012-11-18,1.4867141246795654
2012-11-19,3.9201440811157227
2012-11-20,64.51887512207031
2012-11-21,0.0
2012-11-22,0.0
2012-11-23,12.203742980957031
2012-11-24,0.816222071647644
2012-11-25,0.0
2012-11-26,0.0
2012-11-27,0.0
2012-11-28,5.132655143737793
2012-11-29,13.714351654052734
2012-11-30,0.4867667555809021
2012-12-01,16.913593292236328
2012-12-02,11.668662071228027
2012-12-03,0.0
2012-12-04,0.0
2012-12-05,0.0
2012-12-06,0.0
2012-12-07,11.105413436889648
2012-12-08,1.4280158281326294
2012-12-09,0.0
2012-12-10,0.0
2012-12-11,4.647276401519775
2012-12-12,2.297647476196289
2012-12-13,0.7875671982765198
2012-12-14,27.210296630859375
2012-12-15,0.0
2012-12-16,0.0
2012-12-17,4.065298080444336
2012-12-18,0.03692344203591347
2012-12-19,9.588119506835938
2012-12-20,9.034967422485352
2012-12-21,24.967342376708984
2012-12-22,0.0
2012-12-23,0.0
2012-12-24,0.0
2012-12-25,0.0
2012-12-26,7.542368412017822
2012-12-27,0.0
2012-12-28,0.0
2012-12-29,0.9375882148742676
2012-12-30,12.698237419128418
2012-12-31,0.0
2013-01-01,24.37158966064453
2013-01-02,0.8057140707969666
2013-01-03,0.0
2013-01-04,0.0
2013-01-05,0.0
2013-01-06,0.0
2013-01-07,7.535818099975586
2013-01-08,0.09010230004787445
2013-01-09,20.424057006835938
2013-01-10,2.733940839767456
2013-01-11,0.0
2013-01-12,10.670976638793945
2013-01-13,5.8876190185546875
2013-01-14,6.512118339538574
2013-01-15,0.9815568923950195
2013-01-16,0.09032128006219864
2013-01-17,3.5079071521759033
2013-01-18,41.789920806884766
2013-01-19,12.46362018585205
2013-01-20,3.6432409286499023
2013-01-21,1.7578948736190796
2013-01-22,0.1759861260652542
2013-01-23,0.2044001966714859
2013-01-24,1.6643872261047363
2013-01-25,8.940975189208984
2013-01-26,0.0
2013-01-27,0.0
2013-01-28,0.0
2013-01-29,0.0
2013-01-30,0.0
2013-01-31,0.0
2013-02-01,0.0
2013-02-02,1.1089669466018677
2013-02-03,15.773090362548828
2013-02-04,0.0
2013-02-05,0.0
2013-02-06,3.6610138416290283
2013-02-07,1.0387916564941406
2013-02-08,0.05144692212343216
2013-02-09,0.0
2013-02-10,4.484015941619873
2013-02-11,0.02858896367251873
2013-02-12,7.152130603790283
2013-02-13,0.8021499514579773
2013-02-14,9.177606582641602
2013-02-15,1.575506567955017
2013-02-16,0.0
2013-02-17,0.0
2013-02-18,25.863876342773438
2013-02-19,0.04125867784023285
2013-02-20,0.0
2013-02-21,0.0
2013-02-22,0.0
2013-02-23,0.0
2013-02-24,0.0
2013-02-25,0.0
2013-02-26,0.07685820758342743
2013-02-27,1.3133741617202759
2013-02-28,0.785446047782898
2013-03-01,0.0
2013-03-02,5.210981845855713
2013-03-03,5.210981845855713
2013-03-04,0.0
2013-03-05,0.0
2013-03-06,0.054612185806035995
2013-03-07,0.0
2013-03-08,0.0
2013-03-09,0.0
2013-03-10,0.33314841985702515
2013-03-11,54.445716857910156
2013-03-12,0.5636565685272217
2013-03-13,6.841360569000244
2013-03-14,0.07052796334028244
2013-03-15,0.0
2013-03-16,0.44500452280044556
2013-03-17,0.44500452280044556
2013-03-18,0.44500452280044556
2013-03-19,0.44500452280044556
2013-03-20,0.44500452280044556
2013-03-21,0.0
2013-03-22,0.0
2013-03-23,0.0
2013-03-24,0.0
2013-03-25,0.0
2013-03-26,0.5551311373710632
2013-03-27,0.07930444180965424
2013-03-28,0.07930444180965424
2013-03-29,0.07930444180965424
2013-03-30,0.07930444180965424
2013-03-31,0.07930444180965424
2013-04-01,0.0
2013-04-02,0.0
2013-04-03,10.803762435913086
2013-04-04,0.0
2013-04-05,0.0
2013-04-06,0.0
2013-04-07,0.0
2013-04-08,0.0
2013-04-09,0.0
2013-04-10,0.0
2013-04-11,0.0
2013-04-12,17.287086486816406
2013-04-13,3.176332473754883
2013-04-14,0.0
2013-04-15,0.0
2013-04-16,0.0
2013-04-17,0.0
2013-04-18,0.0
2013-04-19,0.0
2013-04-20,0.0
2013-04-21,0.06472155451774597
2013-04-22,0.06472155451774597
2013-04-23,0.06472155451774597
2013-04-24,0.06472155451774597
2013-04-25,0.06472155451774597
2013-04-26,0.19470183551311493
2013-04-27,0.19470183551311493
2013-04-28,0.19470183551311493
2013-04-29,0.19470183551311493
2013-04-30,0.19470183551311493
2013-05-01,0.0
2013-05-02,0.0
2013-05-03,0.0207632128149271
2013-05-04,18.41697120666504
2013-05-05,0.0
2013-05-06,0.07266195118427277
2013-05-07,0.07266195118427277
2013-05-08,0.07266195118427277
2013-05-09,0.07266195118427277
2013-05-10,0.07266195118427277
2013-05-11,0.0
2013-05-12,0.0
2013-05-13,0.0
2013-05-14,0.0
2013-05-15,0.0
2013-05-16,0.0
2013-05-17,0.0
2013-05-18,0.0
2013-05-19,0.0
2013-05-20,0.0
2013-05-21,0.0
2013-05-22,9.493281364440918
2013-05-23,5.02754020690918
2013-05-24,3.0359699726104736
2013-05-25,0.0
2013-05-26,5.445300579071045
2013-05-27,0.8550471663475037
2013-05-28,0.3150174021720886
2013-05-29,0.3150174021720886
2013-05-30,0.3150174021720886
2013-05-31,0.3150174021720886
2013-06-01,0.0
2013-06-02,0.0
2013-06-03,0.0
2013-06-04,0.0
2013-06-05,0.0
2013-06-06,0.0871681272983551
2013-06-07,0.0871681272983551
2013-06-08,0.0871681272983551
2013-06-09,0.0871681272983551
2013-06-10,0.0871681272983551
2013-06-11,0.026487130671739578
2013-06-12,0.0
2013-06-13,8.79556655883789
2013-06-14,2.3555145263671875
2013-06-15,0.0
2013-06-16,0.0
2013-06-17,0.0
2013-06-18,0.0
2013-06-19,0.0
2013-06-20,0.0
2013-06-21,0.0
2013-06-22,0.0
2013-06-23,0.04356319084763527
2013-06-24,22.223783493041992
2013-06-25,0.5595754981040955
2013-06-26,2.253526449203491
2013-06-27,2.253526449203491
2013-06-28,2.253526449203491
2013-06-29,2.253526449203491
2013-06-30,2.253526449203491
2013-07-01,0.0
2013-07-02,0.0
2013-07-03,0.0
2013-07-04,0.0
2013-07-05,0.0
2013-07-06,0.0
2013-07-07,0.0
2013-07-08,0.0
2013-07-09,0.0
2013-07-10,0.0
2013-07-11,0.0
2013-07-12,0.0
2013-07-13,0.0
2013-07-14,0.0
2013-07-15,0.0
2013-07-16,0.0
2013-07-17,0.0
2013-07-18,0.0
2013-07-19,0.0
2013-07-20,0.0
2013-07-21,0.0
2013-07-22,0.0
2013-07-23,0.0
2013-07-24,0.0
2013-07-25,0.0
2013-07-26,0.0
2013-07-27,0.0
2013-07-28,0.0
2013-07-29,0.0
2013-07-30,0.0
2013-07-31,0.0
2013-08-01,0.0
2013-08-02,0.0
2013-08-03,0.0
2013-08-04,0.0
2013-08-05,0.0
2013-08-06,0.8816462159156799
2013-08-07,2.3510565757751465
2013-08-08,0.8816462159156799
2013-08-09,0.8816462159156799
2013-08-10,0.8816462159156799
2013-08-11,0.0
2013-08-12,0.0
2013-08-13,0.0
2013-08-14,0.0
2013-08-15,0.0
2013-08-16,0.0
2013-08-17,0.0
2013-08-18,0.0
2013-08-19,0.0
2013-08-20,0.0
2013-08-21,0.0
2013-08-22,0.0
2013-08-23,0.0
2013-08-24,2.9793567657470703
2013-08-25,0.017228296026587486
2013-08-26,0.0
2013-08-27,0.0
2013-08-28,0.0
2013-08-29,0.0
2013-08-30,0.0
2013-08-31,0.0
2013-09-01,0.44739094376564026
2013-09-02,0.1677716076374054
2013-09-03,0.1677716076374054
2013-09-04,0.1677716076374054
2013-09-05,0.1677716076374054
2013-09-06,0.0
2013-09-07,0.0
2013-09-08,0.0
2013-09-09,13.225674629211426
2013-09-10,0.0
2013-09-11,0.2950478494167328
2013-09-12,0.2950478494167328
2013-09-13,4.720765590667725
2013-09-14,0.2950478494167328
2013-09-15,0.2950478494167328
2013-09-16,0.0
2013-09-17,0.0
2013-09-18,0.0
2013-09-19,0.0
2013-09-20,0.0
2013-09-21,0.05931442603468895
2013-09-22,0.05931442603468895
2013-09-23,0.05931442603468895
2013-09-24,0.05931442603468895
2013-09-25,0.15817181766033173
2013-09-26,0.0
2013-09-27,3.8769752979278564
2013-09-28,0.0
2013-09-29,0.0
2013-09-30,0.10101594775915146
2013-10-01,0.0
2013-10-02,0.0
2013-10-03,0.0
2013-10-04,0.0
2013-10-05,0.0
2013-10-06,0.0
2013-10-07,0.0
2013-10-08,0.0
2013-10-09,0.0
2013-10-10,5.595125675201416
2013-10-11,0.2651592791080475
2013-10-12,0.08512881398200989
2013-10-13,0.30570754408836365
2013-10-14,27.599882125854492
2013-10-15,26.773027420043945
2013-10-16,0.0
2013-10-17,0.0
2013-10-18,0.0
2013-10-19,0.0
2013-10-20,0.0
2013-10-21,0.0
2013-10-22,0.0
2013-10-23,0.03386276960372925
2013-10-24,8.940773010253906
2013-10-25,0.12739747762680054
2013-10-26,0.17897087335586548
2013-10-27,7.273562908172607
2013-10-28,0.19628967344760895
2013-10-29,0.8007389307022095
2013-10-30,0.018639905378222466
2013-10-31,0.0
2013-11-01,1.3750078678131104
2013-11-02,10.070038795471191
2013-11-03,3.2623822689056396
2013-11-04,0.0
2013-11-05,0.0
2013-11-06,0.13572914898395538
2013-11-07,0.13572914898395538
2013-11-08,0.13572914898395538
2013-11-09,0.13572914898395538
2013-11-10,0.13572914898395538
2013-11-11,9.78832721710205
2013-11-12,0.0
2013-11-13,0.0073817018419504166
2013-11-14,0.0
2013-11-15,2.4726812839508057
2013-11-16,0.0
2013-11-17,0.03242781385779381
2013-11-18,0.0
2013-11-19,14.544504165649414
2013-11-20,8.772665977478027
2013-11-21,0.09064675867557526
2013-11-22,0.2014179676771164
2013-11-23,4.297384262084961
2013-11-24,0.0
2013-11-25,0.0
2013-11-26,0.0
2013-11-27,0.0
2013-11-28,0.0
2013-11-29,0.0
2013-11-30,10.879232406616211
2013-12-01,0.0
2013-12-02,0.0
2013-12-03,0.0
2013-12-04,0.0
2013-12-05,16.602733612060547
2013-12-06,0.5125079154968262
2013-12-07,0.16296416521072388
2013-12-08,1.812361240386963
2013-12-09,5.737000942230225
2013-12-10,90.92406463623047
2013-12-11,0.0
2013-12-12,0.0
2013-12-13,0.0
2013-12-14,3.3018338680267334
2013-12-15,59.76388168334961
2013-12-16,16.761842727661133
2013-12-17,0.14388039708137512
2013-12-18,15.93442153930664
2013-12-19,0.0
2013-12-20,0.0
2013-12-21,0.0
2013-12-22,0.1229093074798584
2013-12-23,0.22362922132015228
2013-12-24,0.0
2013-12-25,0.006903158035129309
2013-12-26,12.995660781860352
2013-12-27,0.21435312926769257
2013-12-28,6.75340461730957
2013-12-29,0.0
2013-12-30,0.12342101335525513
2013-12-31,4.063612937927246
2014-01-01,4.555984973907471
2014-01-02,0.0
2014-01-03,28.221996307373047
2014-01-04,1.518188238143921
2014-01-05,0.0
2014-01-06,0.00893748551607132
2014-01-07,0.0
2014-01-08,4.002716541290283
2014-01-09,0.0
2014-01-10,0.0
2014-01-11,10.635398864746094
2014-01-12,23.118240356445312
2014-01-13,0.0
2014-01-14,0.0
2014-01-15,10.767876625061035
2014-01-16,0.0
2014-01-17,0.12127144634723663
2014-01-18,0.06766659021377563
2014-01-19,30.641910552978516
2014-01-20,6.64503288269043
2014-01-21,0.0
2014-01-22,0.0
2014-01-23,0.0
2014-01-24,21.503662109375
2014-01-25,1.985277533531189
2014-01-26,0.0
2014-01-27,0.0
2014-01-28,0.0
2014-01-29,0.0
2014-01-30,0.0
2014-01-31,0.0
2014-02-01,2.010849714279175
2014-02-02,0.1512865126132965
2014-02-03,0.5610207915306091
2014-02-04,0.1512865126132965
2014-02-05,0.1512865126132965
2014-02-06,0.0
2014-02-07,21.37674903869629
2014-02-08,1.5707687139511108
2014-02-09,0.23715117573738098
2014-02-10,30.188861846923828
2014-02-11,1.2573634386062622
2014-02-12,8.581106185913086
2014-02-13,1.1073721647262573
2014-02-14,0.0
2014-02-15,0.0
2014-02-16,0.09144391119480133
2014-02-17,0.03068111650645733
2014-02-18,0.6831277012825012
2014-02-19,16.115154266357422
2014-02-20,0.011476992629468441
2014-02-21,7.185275554656982
2014-02-22,0.0
2014-02-23,0.0
2014-02-24,0.0
2014-02-25,0.37808743119239807
2014-02-26,0.7051074504852295
2014-02-27,0.35255372524261475
2014-02-28,0.35255372524261475
2014-03-01,0.0
2014-03-02,0.0
2014-03-03,30.949567794799805
2014-03-04,0.0
2014-03-05,0.0
2014-03-06,0.0
2014-03-07,0.0
2014-03-08,0.0
2014-03-09,0.0
2014-03-10,0.0
2014-03-11,1.2741132974624634
2014-03-12,1.2741132974624634
2014-03-13,1.2741132974624634
2014-03-14,1.2741132974624634
2014-03-15,7.644680023193359
2014-03-16,0.0
2014-03-17,35.85340881347656
2014-03-18,0.8500032424926758
2014-03-19,0.0
2014-03-20,0.0
2014-03-21,0.0
2014-03-22,0.0
2014-03-23,0.0
2014-03-24,0.0
2014-03-25,0.0
2014-03-26,0.3979956805706024
2014-03-27,2.390212297439575
2014-03-28,0.589259147644043
2014-03-29,0.22918733954429626
2014-03-30,0.22918733954429626
2014-03-31,1.6646541357040405
2014-04-01,7.256505489349365
2014-04-02,34.3182258605957
2014-04-03,1.1678839921951294
2014-04-04,0.0
2014-04-05,0.0
2014-04-06,0.0
2014-04-07,0.016862450167536736
2014-04-08,1.2906568050384521
2014-04-09,6.543028831481934
2014-04-10,16.63372802734375
2014-04-11,20.75160789489746
2014-04-12,0.0
2014-04-13,0.006370409391820431
2014-04-14,0.0
2014-04-15,0.0
2014-04-16,0.0
2014-04-17,0.0
2014-04-18,4.614712715148926
2014-04-19,9.743338584899902
2014-04-20,0.0
2014-04-21,0.02743702009320259
2014-04-22,27.898815155029297
2014-04-23,0.4879968762397766
2014-04-24,0.0
2014-04-25,0.0
2014-04-26,0.0
2014-04-27,0.0
2014-04-28,0.0
2014-04-29,0.0
2014-04-30,11.988601684570312
2014-05-01,9.721943855285645
2014-05-02,1.6203240156173706
2014-05-03,1.6203240156173706
2014-05-04,1.6203240156173706
2014-05-05,1.6203240156173706
2014-05-06,0.0
2014-05-07,0.0
2014-05-08,22.042722702026367
2014-05-09,0.0
2014-05-10,0.0
2014-05-11,0.0
2014-05-12,1.3986021280288696
2014-05-13,9.384429931640625
2014-05-14,0.0
2014-05-15,0.0
2014-05-16,0.0
2014-05-17,0.0
2014-05-18,0.0
2014-05-19,0.0
2014-05-20,0.0
2014-05-21,0.0
2014-05-22,2.0437018871307373
2014-05-23,9.135663986206055
2014-05-24,7.114013195037842
2014-05-25,0.0
2014-05-26,0.0
2014-05-27,0.0
2014-05-28,0.0
2014-05-29,0.0
2014-05-30,0.0
2014-05-31,0.0
2014-06-01,0.0
2014-06-02,0.0
2014-06-03,0.0
2014-06-04,0.0
2014-06-05,0.0
2014-06-06,6.174360752105713
2014-06-07,1.0290601253509521
2014-06-08,1.0290601253509521
2014-06-09,1.0290601253509521
2014-06-10,1.0290601253509521
2014-06-11,0.0
2014-06-12,0.0
2014-06-13,0.0
2014-06-14,0.0
2014-06-15,0.0
2014-06-16,4.0892558097839355
2014-06-17,4.0892558097839355
2014-06-18,4.0892558097839355
2014-06-19,4.0892558097839355
2014-06-20,4.0892558097839355
2014-06-21,0.2360200434923172
2014-06-22,1.4161202907562256
2014-06-23,0.2360200434923172
2014-06-24,0.2360200434923172
2014-06-25,0.2360200434923172
2014-06-26,0.34468820691108704
2014-06-27,0.34468820691108704
2014-06-28,0.34468820691108704
2014-06-29,0.34468820691108704
2014-06-30,0.34468820691108704
2014-07-01,0.0
2014-07-02,0.0
2014-07-03,0.0
2014-07-04,0.0
2014-07-05,0.0
2014-07-06,0.0
2014-07-07,0.0
2014-07-08,0.0
2014-07-09,0.0
2014-07-10,0.0
2014-07-11,0.0
2014-07-12,0.0
2014-07-13,0.0
2014-07-14,0.0
2014-07-15,0.0
2014-07-16,0.0
2014-07-17,0.0
2014-07-18,0.0
2014-07-19,0.0
2014-07-20,0.0
2014-07-21,0.0
2014-07-22,0.0
2014-07-23,0.0
2014-07-24,0.0
2014-07-25,0.0
2014-07-26,3.5785553455352783
2014-07-27,0.0
2014-07-28,0.0
2014-07-29,0.0
2014-07-30,0.0
2014-07-31,0.0
2014-08-01,0.0
2014-08-02,0.0
2014-08-03,0.0
2014-08-04,0.0
2014-08-05,0.0
2014-08-06,0.0
2014-08-07,0.0
2014-08-08,0.0
2014-08-09,0.0
2014-08-10,0.0
2014-08-11,0.0
2014-08-12,0.0
2014-08-13,0.0
2014-08-14,0.0
2014-08-15,0.0
2014-08-16,0.09338149428367615
2014-08-17,0.0
2014-08-18,0.8850698471069336
2014-08-19,0.0
2014-08-20,0.0
2014-08-21,0.0
2014-08-22,0.0
2014-08-23,0.0
2014-08-24,0.0
2014-08-25,0.0
2014-08-26,0.0
2014-08-27,0.0
2014-08-28,0.0
2014-08-29,0.0
2014-08-30,0.0
2014-08-31,0.0
2014-09-01,0.6675128936767578
2014-09-02,0.15020646154880524
2014-09-03,6.528994083404541
2014-09-04,3.2503743171691895
2014-09-05,0.9149731993675232
2014-09-06,5.540885925292969
2014-09-07,0.10752036422491074
2014-09-08,0.0009224900859408081
2014-09-09,0.0
2014-09-10,0.0
2014-09-11,0.0
2014-09-12,0.0
2014-09-13,2.9050710201263428
2014-09-14,2.2087042331695557
2014-09-15,0.0
2014-09-16,0.0
2014-09-17,0.0
2014-09-18,5.657253742218018
2014-09-19,0.0008798313210718334
2014-09-20,0.00798044167459011
2014-09-21,0.0
2014-09-22,0.0
2014-09-23,0.0
2014-09-24,0.9630526900291443
2014-09-25,0.0
2014-09-26,1.8441195487976074
2014-09-27,0.6530214548110962
2014-09-28,0.2748447060585022
2014-09-29,1.739066243171692
2014-09-30,22.527002334594727
2014-10-01,13.230572700500488
2014-10-02,0.001192243304103613
2014-10-03,0.0
2014-10-04,0.15885065495967865
2014-10-05,0.0
2014-10-06,1.330252766609192
2014-10-07,0.3333300054073334
2014-10-08,0.0
2014-10-09,0.0
2014-10-10,0.0
2014-10-11,0.0
2014-10-12,0.0
2014-10-13,4.865581512451172
2014-10-14,0.0
2014-10-15,0.0
2014-10-16,0.0
2014-10-17,0.0
2014-10-18,2.2638070583343506
2014-10-19,2.5046374797821045
2014-10-20,4.286783218383789
2014-10-21,0.4193749725818634
2014-10-22,1.9910989999771118
2014-10-23,19.144344329833984
2014-10-24,17.007165908813477
2014-10-25,0.2925965189933777
2014-10-26,0.0
2014-10-27,0.0
2014-10-28,0.10284136980772018
2014-10-29,0.0
2014-10-30,17.622209548950195
2014-10-31,0.2927560806274414
2014-11-01,0.03858869522809982
2014-11-02,9.896621704101562
2014-11-03,0.0
2014-11-04,0.0
2014-11-05,0.0
2014-11-06,0.0
2014-11-07,0.5226089954376221
2014-11-08,9.840177536010742
2014-11-09,0.0
2014-11-10,0.7027270793914795
2014-11-11,3.9325294494628906
2014-11-12,6.658116817474365
2014-11-13,1.6777524948120117
2014-11-14,0.23382285237312317
2014-11-15,0.0
2014-11-16,0.0
2014-11-17,0.0
2014-11-18,0.3778836727142334
2014-11-19,0.0
2014-11-20,2.3331363201141357
2014-11-21,35.54552459716797
2014-11-22,0.6164806485176086
2014-11-23,0.0
2014-11-24,0.0
2014-11-25,0.0
2014-11-26,3.213693141937256
2014-11-27,28.503746032714844
2014-11-28,0.026738693937659264
2014-11-29,0.0
2014-11-30,0.0
2014-12-01,0.6478863954544067
2014-12-02,0.6478863954544067
2014-12-03,0.6478863954544067
2014-12-04,0.6478863954544067
2014-12-05,0.6478863954544067
2014-12-06,0.0
2014-12-07,0.0
2014-12-08,18.64185333251953
2014-12-09,0.0
2014-12-10,19.542654037475586
2014-12-11,11.829825401306152
2014-12-12,0.0
2014-12-13,0.044641848653554916
2014-12-14,1.2470320463180542
2014-12-15,0.003204273758456111
2014-12-16,0.3752877116203308
2014-12-17,0.3752877116203308
2014-12-18,1.8901532888412476
2014-12-19,0.3752877116203308
2014-12-20,4.4897379875183105
2014-12-21,16.526296615600586
2014-12-22,0.24021585285663605
2014-12-23,0.010918902233242989
2014-12-24,0.0
2014-12-25,0.16870416700839996
2014-12-26,0.0
2014-12-27,0.0
2014-12-28,1.3027547597885132
2014-12-29,3.89479923248291
2014-12-30,10.80803108215332
2014-12-31,3.3000967502593994
2015-01-01,0.0
2015-01-02,29.034046173095703
2015-01-03,2.433549404144287
2015-01-04,0.0
2015-01-05,0.0
2015-01-06,1.222839117050171
2015-01-07,0.0
2015-01-08,28.64097023010254
2015-01-09,0.0
2015-01-10,0.0
2015-01-11,0.04516679421067238
2015-01-12,1.6349413394927979
2015-01-13,0.0
2015-01-14,14.467331886291504
2015-01-15,28.980079650878906
2015-01-16,0.5377120971679688
2015-01-17,0.12381628900766373
2015-01-18,0.8414422869682312
2015-01-19,0.6969738602638245
2015-01-20,11.19657039642334
2015-01-21,11.79997730255127
2015-01-22,0.0
2015-01-23,2.207212209701538
2015-01-24,0.5470388531684875
2015-01-25,12.626614570617676
2015-01-26,0.0
2015-01-27,0.1840149313211441
2015-01-28,32.367218017578125
2015-01-29,2.2352395057678223
2015-01-30,3.2403404712677
2015-01-31,0.6540439128875732
2015-02-01,0.008145594038069248
2015-02-02,0.0
2015-02-03,0.033192072063684464
2015-02-04,0.2865604758262634
2015-02-05,14.847159385681152
2015-02-06,14.144393920898438
2015-02-07,0.0
2015-02-08,0.7463916540145874
2015-02-09,0.6599241495132446
2015-02-10,47.19172286987305
2015-02-11,44.554569244384766
2015-02-12,0.0
2015-02-13,2.026641368865967
2015-02-14,5.9528937339782715
2015-02-15,0.0
2015-02-16,27.340808868408203
2015-02-17,0.0
2015-02-18,0.0
2015-02-19,0.09316864609718323
2015-02-20,0.3778176009654999
2015-02-21,0.0
2015-02-22,0.0
2015-02-23,0.0
2015-02-24,0.0
2015-02-25,0.0
2015-02-26,0.0
2015-02-27,0.9145695567131042
2015-02-28,0.826977014541626
2015-03-01,10.848272323608398
2015-03-02,0.0
2015-03-03,0.0
2015-03-04,17.607622146606445
2015-03-05,0.8758711218833923
2015-03-06,0.708159863948822
2015-03-07,0.0
2015-03-08,8.222009658813477
2015-03-09,3.362502336502075
2015-03-10,2.0987489223480225
2015-03-11,0.20117521286010742
2015-03-12,1.2070512771606445
2015-03-13,0.20117521286010742
2015-03-14,2.201162815093994
2015-03-15,0.21293984353542328
2015-03-16,20.09250831604004
2015-03-17,26.751516342163086
2015-03-18,4.794419765472412
2015-03-19,0.1996491700410843
2015-03-20,5.640901565551758
2015-03-21,10.636195182800293
2015-03-22,0.0
2015-03-23,0.0
2015-03-24,0.0
2015-03-25,0.0
2015-03-26,1.852851390838623
2015-03-27,6.018424034118652
2015-03-28,0.0
2015-03-29,0.0
2015-03-30,0.0
2015-03-31,0.0
2015-04-01,4.406220436096191
2015-04-02,0.0
2015-04-03,0.0
2015-04-04,0.0
2015-04-05,8.38320541381836
2015-04-06,0.0
2015-04-07,0.0
2015-04-08,0.429400771856308
2015-04-09,5.143090724945068
2015-04-10,21.18072509765625
2015-04-11,2.2440319061279297
2015-04-12,1.3054029941558838
2015-04-13,10.363495826721191
2015-04-14,0.01505894586443901
2015-04-15,1.4038320779800415
2015-04-16,0.2754873037338257
2015-04-17,0.12276339530944824
2015-04-18,23.274120330810547
2015-04-19,0.0
2015-04-20,0.0
2015-04-21,28.202539443969727
2015-04-22,0.0
2015-04-23,0.0
2015-04-24,1.861202359199524
2015-04-25,0.0
2015-04-26,0.0
2015-04-27,0.0
2015-04-28,24.991498947143555
2015-04-29,1.275477647781372
2015-04-30,0.0
2015-05-01,0.010010874830186367
2015-05-02,0.010010874830186367
2015-05-03,0.010010874830186367
2015-05-04,0.010010874830186367
2015-05-05,0.010010874830186367
2015-05-06,0.11309826374053955
2015-05-07,0.11309826374053955
2015-05-08,0.11309826374053955
2015-05-09,0.11309826374053955
2015-05-10,0.11309826374053955
2015-05-11,0.0
2015-05-12,0.0
2015-05-13,3.4610321521759033
2015-05-14,0.0
2015-05-15,3.3815882205963135
2015-05-16,11.673377990722656
2015-05-17,2.189347743988037
2015-05-18,0.0
2015-05-19,0.0
2015-05-20,0.0
2015-05-21,0.0
2015-05-22,0.0
2015-05-23,0.0
2015-05-24,0.0
2015-05-25,0.0
2015-05-26,10.259029388427734
2015-05-27,1.6718124151229858
2015-05-28,0.0
2015-05-29,0.0
2015-05-30,0.0
2015-05-31,0.0
2015-06-01,0.0
2015-06-02,0.0
2015-06-03,0.0
2015-06-04,0.0
2015-06-05,0.0
2015-06-06,0.032527368515729904
2015-06-07,0.032527368515729904
2015-06-08,0.032527368515729904
2015-06-09,0.032527368515729904
2015-06-10,0.032527368515729904
2015-06-11,0.0
2015-06-12,0.0
2015-06-13,0.0
2015-06-14,0.0
2015-06-15,0.0
2015-06-16,0.13898032903671265
2015-06-17,0.13898032903671265
2015-06-18,0.13898032903671265
2015-06-19,0.13898032903671265
2015-06-20,0.13898032903671265
2015-06-21,0.0
2015-06-22,0.0
2015-06-23,0.0
2015-06-24,0.0
2015-06-25,0.0
2015-06-26,0.0
2015-06-27,0.0
2015-06-28,0.07246184349060059
2015-06-29,4.192150592803955
2015-06-30,0.42466115951538086
2015-07-01,0.0
2015-07-02,0.0028926455415785313
2015-07-03,0.009550542570650578
2015-07-04,9.16881275177002
2015-07-05,0.0
2015-07-06,0.049279626458883286
2015-07-07,12.960543632507324
2015-07-08,0.0
2015-07-09,0.0
2015-07-10,0.0
2015-07-11,0.0
2015-07-12,4.211915016174316
2015-07-13,0.022618906572461128
2015-07-14,0.0
2015-07-15,0.29524171352386475
2015-07-16,0.0
2015-07-17,0.0
2015-07-18,0.0
2015-07-19,0.0
2015-07-20,0.0
2015-07-21,0.0
2015-07-22,0.0
2015-07-23,0.0
2015-07-24,0.0
2015-07-25,0.0
2015-07-26,0.0
2015-07-27,0.0
2015-07-28,0.0
2015-07-29,0.0
2015-07-30,0.0
2015-07-31,0.0
2015-08-01,0.0
2015-08-02,0.0
2015-08-03,0.0
2015-08-04,0.0
2015-08-05,0.0
2015-08-06,0.0
2015-08-07,0.0
2015-08-08,0.0
2015-08-09,0.0
2015-08-10,0.0
2015-08-11,0.0
2015-08-12,0.4713791012763977
2015-08-13,0.15756070613861084
2015-08-14,3.00742769241333
2015-08-15,0.0
2015-08-16,0.0
2015-08-17,0.0
2015-08-18,0.0
2015-08-19,0.0
2015-08-20,0.0
2015-08-21,0.0
2015-08-22,0.0
2015-08-23,0.0
2015-08-24,0.0
2015-08-25,0.0
2015-08-26,0.0
2015-08-27,0.0
2015-08-28,0.0
2015-08-29,0.0
2015-08-30,0.0
2015-08-31,0.0
2015-09-01,0.0
2015-09-02,0.0
2015-09-03,0.0
2015-09-04,0.0
2015-09-05,0.0
2015-09-06,0.0
2015-09-07,0.0
2015-09-08,0.0
2015-09-09,0.0
2015-09-10,0.0
2015-09-11,0.0
2015-09-12,0.0
2015-09-13,0.0
2015-09-14,0.0
2015-09-15,0.0
2015-09-16,0.0
2015-09-17,0.0
2015-09-18,0.03661889210343361
2015-09-19,3.8016481399536133
2015-09-20,0.8489508628845215
2015-09-21,0.0
2015-09-22,0.0
2015-09-23,2.3001394271850586
2015-09-24,2.061136245727539
2015-09-25,0.0
2015-09-26,0.0
2015-09-27,0.0
2015-09-28,0.0
2015-09-29,0.0
2015-09-30,0.0
2015-10-01,0.0
2015-10-02,3.838319778442383
2015-10-03,4.659286975860596
2015-10-04,0.004331535659730434
2015-10-05,0.0
2015-10-06,0.016066834330558777
2015-10-07,0.016066834330558777
2015-10-08,0.25119125843048096
2015-10-09,0.021944941952824593
2015-10-10,0.016066834330558777
2015-10-11,0.0
2015-10-12,0.0
2015-10-13,0.0
2015-10-14,0.0
2015-10-15,0.0
2015-10-16,0.0
2015-10-17,0.0
2015-10-18,0.0
2015-10-19,0.0
2015-10-20,0.0
2015-10-21,0.16861991584300995
2015-10-22,7.92337703704834
2015-10-23,4.175589561462402
2015-10-24,0.2609703838825226
2015-10-25,0.0
2015-10-26,0.016016127541661263
2015-10-27,2.7784414291381836
2015-10-28,0.0
2015-10-29,0.0
2015-10-30,0.09729095548391342
2015-10-31,3.040625810623169
2015-11-01,0.0
2015-11-02,0.0
2015-11-03,0.0
2015-11-04,0.0
2015-11-05,0.0
2015-11-06,0.47503647208213806
2015-11-07,0.47503647208213806
2015-11-08,1.2667640447616577
2015-11-09,0.47503647208213806
2015-11-10,0.47503647208213806
2015-11-11,18.07135581970215
2015-11-12,0.0
2015-11-13,3.0357604026794434
2015-11-14,5.465281009674072
2015-11-15,1.919912338256836
2015-11-16,1.053253173828125
2015-11-17,0.0
2015-11-18,0.0
2015-11-19,3.056363582611084
2015-11-20,8.346244812011719
2015-11-21,0.008434591814875603
2015-11-22,0.9418601393699646
2015-11-23,0.0
2015-11-24,0.05436620116233826
2015-11-25,13.187944412231445
2015-11-26,0.11212854832410812
2015-11-27,0.0
2015-11-28,0.6741263270378113
2015-11-29,23.980331420898438
2015-11-30,0.03177466616034508
2015-12-01,0.2836587727069855
2015-12-02,0.0
2015-12-03,0.0
2015-12-04,10.720695495605469
2015-12-05,20.083721160888672
2015-12-06,10.674962043762207
2015-12-07,0.0
2015-12-08,0.03942064568400383
2015-12-09,7.773820877075195
2015-12-10,0.11148331314325333
2015-12-11,0.624701201915741
2015-12-12,0.624701201915741
2015-12-13,0.8406118750572205
2015-12-14,1.1932657957077026
2015-12-15,9.21074390411377
2015-12-16,0.3498186469078064
2015-12-17,0.0
2015-12-18,20.74681282043457
2015-12-19,22.457618713378906
2015-12-20,0.1348688006401062
2015-12-21,0.0
2015-12-22,0.018476104363799095
2015-12-23,0.0
2015-12-24,23.839624404907227
2015-12-25,0.03686236962676048
2015-12-26,0.06185813620686531
2015-12-27,2.4028804302215576
2015-12-28,3.868669271469116
2015-12-29,2.411303758621216
2015-12-30,3.6370513439178467
2015-12-31,23.500545501708984
2016-01-01,9.3661470413208
2016-01-02,3.6921374797821045
2016-01-03,12.942916870117188
2016-01-04,0.06133986636996269
2016-01-05,1.4347652196884155
2016-01-06,11.605746269226074
2016-01-07,0.0
2016-01-08,0.3384547233581543
2016-01-09,0.7389631271362305
2016-01-10,0.03607182949781418
2016-01-11,0.01963265798985958
2016-01-12,0.0
2016-01-13,9.033256530761719
2016-01-14,0.10189102590084076
2016-01-15,0.7504127621650696
2016-01-16,13.346534729003906
2016-01-17,2.198270559310913
2016-01-18,0.5598631501197815
2016-01-19,0.0
2016-01-20,0.0
2016-01-21,0.3700701892375946
2016-01-22,0.3700701892375946
2016-01-23,0.3700701892375946
2016-01-24,0.3700701892375946
2016-01-25,0.3700701892375946
2016-01-26,1.5054664611816406
2016-01-27,0.0
2016-01-28,0.0
2016-01-29,6.400814056396484
2016-01-30,3.761085033416748
2016-01-31,3.8891217708587646
2016-02-01,9.243867874145508
2016-02-02,14.622746467590332
2016-02-03,6.980680465698242
2016-02-04,5.879322052001953
2016-02-05,0.15856724977493286
2016-02-06,1.9401873350143433
2016-02-07,0.0
2016-02-08,0.0
2016-02-09,1.7877060174942017
2016-02-10,20.297836303710938
2016-02-11,0.0
2016-02-12,0.0
2016-02-13,0.0
2016-02-14,16.736650466918945
2016-02-15,0.0
2016-02-16,0.0
2016-02-17,0.0
2016-02-18,25.176048278808594
2016-02-19,4.9161295890808105
2016-02-20,0.12758038938045502
2016-02-21,0.0
2016-02-22,0.0
2016-02-23,8.229436874389648
2016-02-24,24.03999137878418
2016-02-25,0.9973794221878052
2016-02-26,0.1274304836988449
2016-02-27,38.141178131103516
2016-02-28,0.06732579320669174
2016-02-29,0.0
2016-03-01,0.4772796332836151
2016-03-02,18.593658447265625
2016-03-03,0.0
2016-03-04,0.0
2016-03-05,0.0
2016-03-06,0.0
2016-03-07,0.0
2016-03-08,0.0
2016-03-09,6.213432788848877
2016-03-10,0.43349528312683105
2016-03-11,0.1615477055311203
2016-03-12,0.0269246157258749
2016-03-13,0.0269246157258749
2016-03-14,0.0269246157258749
2016-03-15,0.0269246157258749
2016-03-16,0.12193343788385391
2016-03-17,0.12193343788385391
2016-03-18,0.12193343788385391
2016-03-19,0.12193343788385391
2016-03-20,0.12193343788385391
2016-03-21,0.0
2016-03-22,0.0
2016-03-23,0.0
2016-03-24,5.401854991912842
2016-03-25,0.0
2016-03-26,0.0
2016-03-27,0.0
2016-03-28,0.0
2016-03-29,0.0
2016-03-30,0.0
2016-03-31,0.0
2016-04-01,0.0
2016-04-02,0.0
2016-04-03,0.0
2016-04-04,0.0
2016-04-05,0.0
2016-04-06,0.0
2016-04-07,0.0
2016-04-08,1.1559276580810547
2016-04-09,6.108903884887695
2016-04-10,25.532011032104492
2016-04-11,6.4870100021362305
2016-04-12,0.11840462684631348
2016-04-13,0.0
2016-04-14,0.0
2016-04-15,0.0
2016-04-16,0.47727513313293457
2016-04-17,0.47727513313293457
2016-04-18,2.7376458644866943
2016-04-19,0.47727513313293457
2016-04-20,0.6032798886299133
2016-04-21,0.13334980607032776
2016-04-22,0.022224966436624527
2016-04-23,0.022224966436624527
2016-04-24,0.022224966436624527
2016-04-25,0.022224966436624527
2016-04-26,0.11030849069356918
2016-04-27,0.11030849069356918
2016-04-28,0.11030849069356918
2016-04-29,0.11030849069356918
2016-04-30,0.11030849069356918
2016-05-01,0.021461909636855125
2016-05-02,0.021461909636855125
2016-05-03,0.021461909636855125
2016-05-04,0.021461909636855125
2016-05-05,0.021461909636855125
2016-05-06,0.29843470454216003
2016-05-07,0.29843470454216003
2016-05-08,0.29843470454216003
2016-05-09,0.29843470454216003
2016-05-10,0.29843470454216003
2016-05-11,0.4534761309623718
2016-05-12,0.4534761309623718
2016-05-13,0.4534761309623718
2016-05-14,1.209269642829895
2016-05-15,0.4534761309623718
2016-05-16,0.5705538988113403
2016-05-17,1.5214771032333374
2016-05-18,0.5705538988113403
2016-05-19,0.5705538988113403
2016-05-20,0.5705538988113403
2016-05-21,0.0
2016-05-22,0.0
2016-05-23,0.0
2016-05-24,0.0
2016-05-25,0.0
2016-05-26,0.2777959108352661
2016-05-27,3.6113462448120117
2016-05-28,0.2777959108352661
2016-05-29,0.2777959108352661
2016-05-30,1.9445711374282837
2016-05-31,0.2777959108352661
2016-06-01,0.6445819139480591
2016-06-02,0.9987478256225586
2016-06-03,3.6107213497161865
2016-06-04,6.993005275726318
2016-06-05,0.6445819139480591
2016-06-06,0.5065432190895081
2016-06-07,0.5065432190895081
2016-06-08,0.5065432190895081
2016-06-09,0.5065432190895081
2016-06-10,0.5065432190895081
2016-06-11,0.48385268449783325
2016-06-12,0.18144476413726807
2016-06-13,0.18144476413726807
2016-06-14,0.18144476413726807
2016-06-15,0.18144476413726807
2016-06-16,0.0
2016-06-17,0.0
2016-06-18,0.0
2016-06-19,0.0
2016-06-20,0.0
2016-06-21,1.6474817991256714
2016-06-22,1.6474817991256714
2016-06-23,1.6474817991256714
2016-06-24,1.6474817991256714
2016-06-25,9.88489055633545
2016-06-26,0.0
2016-06-27,0.0
2016-06-28,0.0
2016-06-29,0.0
2016-06-30,0.0
2016-07-01,0.0
2016-07-02,0.0
2016-07-03,0.0
2016-07-04,0.0
2016-07-05,0.0
2016-07-06,0.0
2016-07-07,0.0
2016-07-08,0.0
2016-07-09,0.0
2016-07-10,0.0
2016-07-11,0.0
2016-07-12,0.0
2016-07-13,0.0
2016-07-14,0.0
2016-07-15,0.0
2016-07-16,0.08121155947446823
2016-07-17,0.08121155947446823
2016-07-18,0.08121155947446823
2016-07-19,0.08121155947446823
2016-07-20,0.08121155947446823
2016-07-21,0.0
2016-07-22,0.0
2016-07-23,0.0
2016-07-24,0.0
2016-07-25,0.0
2016-07-26,0.0
2016-07-27,0.0
2016-07-28,0.0
2016-07-29,0.0
2016-07-30,0.0
2016-07-31,0.0
2016-08-01,0.0
2016-08-02,0.0
2016-08-03,0.0
2016-08-04,0.0
2016-08-05,0.0
2016-08-06,0.0
2016-08-07,0.0
2016-08-08,0.0
2016-08-09,0.0
2016-08-10,0.0
2016-08-11,0.0
2016-08-12,0.0
2016-08-13,0.0
2016-08-14,0.0
2016-08-15,0.0
2016-08-16,0.0
2016-08-17,0.0
2016-08-18,0.0
2016-08-19,0.0
2016-08-20,0.0
2016-08-21,0.0
2016-08-22,0.0
2016-08-23,0.0
2016-08-24,0.0
2016-08-25,0.0
2016-08-26,0.0
2016-08-27,0.0
2016-08-28,1.7317551374435425
2016-08-29,1.1669187545776367
2016-08-30,0.0
2016-08-31,0.0
2016-09-01,0.0
2016-09-02,0.9038101434707642
2016-09-03,3.558990955352783
2016-09-04,0.0
2016-09-05,0.00898671057075262
2016-09-06,0.0
2016-09-07,0.0
2016-09-08,0.0
2016-09-09,0.0
2016-09-10,0.0
2016-09-11,0.0
2016-09-12,0.0
2016-09-13,0.0
2016-09-14,0.0
2016-09-15,0.0
2016-09-16,0.0
2016-09-17,0.0
2016-09-18,0.0
2016-09-19,0.0
2016-09-20,0.0
2016-09-21,0.0
2016-09-22,0.0
2016-09-23,0.0
2016-09-24,0.0
2016-09-25,0.0
2016-09-26,0.021759293973445892
2016-09-27,0.021759293973445892
2016-09-28,0.021759293973445892
2016-09-29,0.13055576384067535
2016-09-30,0.021759293973445892
2016-10-01,3.002993583679199
2016-10-02,0.0
2016-10-03,3.3904993534088135
2016-10-04,0.8704627752304077
2016-10-05,23.756006240844727
2016-10-06,0.0
2016-10-07,0.0
2016-10-08,0.0
2016-10-09,0.0
2016-10-10,0.0
2016-10-11,1.848734974861145
2016-10-12,0.506738007068634
2016-10-13,1.0650086402893066
2016-10-14,0.19002674520015717
2016-10-15,0.19002674520015717
2016-10-16,4.434853553771973
2016-10-17,11.940133094787598
2016-10-18,0.15289518237113953
2016-10-19,0.6002353429794312
2016-10-20,0.006424167659133673
2016-10-21,0.0
2016-10-22,0.0
2016-10-23,0.0
2016-10-24,0.0
2016-10-25,1.0804293155670166
2016-10-26,4.7359938621521
2016-10-27,0.0
2016-10-28,0.0
2016-10-29,0.0
2016-10-30,0.0
2016-10-31,0.0
2016-11-01,0.0
2016-11-02,0.0
2016-11-03,0.0
2016-11-04,0.0
2016-11-05,0.0
2016-11-06,0.0
2016-11-07,11.229971885681152
2016-11-08,0.0
2016-11-09,2.728670358657837
2016-11-10,9.645158767700195
2016-11-11,22.342342376708984
2016-11-12,0.3868522644042969
2016-11-13,0.0
2016-11-14,0.0
2016-11-15,8.34576416015625
2016-11-16,0.0
2016-11-17,0.0
2016-11-18,0.0
2016-11-19,0.0
2016-11-20,0.0
2016-11-21,0.0
2016-11-22,0.0
2016-11-23,0.0
2016-11-24,0.0
2016-11-25,0.0
2016-11-26,0.1553165763616562
2016-11-27,14.912378311157227
2016-11-28,19.831037521362305
2016-11-29,12.180749893188477
2016-11-30,0.0
2016-12-01,0.5329105854034424
2016-12-02,1.9703987836837769
2016-12-03,4.479961395263672
2016-12-04,3.1420304775238037
2016-12-05,0.5329105854034424
2016-12-06,23.56256103515625
2016-12-07,0.7747252583503723
2016-12-08,7.972476959228516
2016-12-09,29.52195167541504
2016-12-10,1.0535558462142944
2016-12-11,0.2097189724445343
2016-12-12,0.8214808702468872
2016-12-13,0.0
2016-12-14,1.8536570072174072
2016-12-15,0.0
2016-12-16,0.0
2016-12-17,0.0
2016-12-18,0.0
2016-12-19,0.0
2016-12-20,0.0
2016-12-21,0.017016243189573288
2016-12-22,0.017016243189573288
2016-12-23,0.017016243189573288
2016-12-24,0.017016243189573288
2016-12-25,0.017016243189573288
2016-12-26,0.0
2016-12-27,4.4698638916015625
2016-12-28,1.6417359113693237
2016-12-29,0.0
2016-12-30,0.0
2016-12-31,11.158262252807617
2017-01-01,0.16354548931121826
2017-01-02,0.6026477217674255
2017-01-03,0.07852792739868164
2017-01-04,0.0
2017-01-05,29.781173706054688
2017-01-06,1.3983081579208374
2017-01-07,2.4156651496887207
2017-01-08,0.0
2017-01-09,0.0
2017-01-10,29.08188247680664
2017-01-11,20.862085342407227
2017-01-12,2.706937313079834
2017-01-13,0.06080680340528488
2017-01-14,0.0
2017-01-15,0.0
2017-01-16,0.0
2017-01-17,6.268728256225586
2017-01-18,0.0
2017-01-19,0.0
2017-01-20,0.0
2017-01-21,0.22045692801475525
2017-01-22,8.83542251586914
2017-01-23,35.88162612915039
2017-01-24,7.243457317352295
2017-01-25,0.0
2017-01-26,1.6245852708816528
2017-01-27,0.0
2017-01-28,0.0
2017-01-29,0.0
2017-01-30,0.0
2017-01-31,5.703581809997559
2017-02-01,27.27777099609375
2017-02-02,2.6617746353149414
2017-02-03,0.0
2017-02-04,0.0
2017-02-05,2.1772727966308594
2017-02-06,8.256877899169922
2017-02-07,0.0
2017-02-08,0.6849563121795654
2017-02-09,0.5041503310203552
2017-02-10,14.787540435791016
2017-02-11,31.572786331176758
2017-02-12,0.0
2017-02-13,0.0
2017-02-14,0.0
2017-02-15,0.1414877474308014
2017-02-16,3.6570322513580322
2017-02-17,0.0
2017-02-18,0.058761756867170334
2017-02-19,1.175337314605713
2017-02-20,11.487687110900879
2017-02-21,9.498950958251953
2017-02-22,0.0
2017-02-23,0.1641494631767273
2017-02-24,0.6180891394615173
2017-02-25,31.299354553222656
2017-02-26,18.791629791259766
2017-02-27,0.8194932341575623
2017-02-28,7.546192169189453
2017-03-01,6.607275485992432
2017-03-02,0.02604260854423046
2017-03-03,9.619250297546387
2017-03-04,8.487914085388184
2017-03-05,0.0
2017-03-06,0.7739171981811523
2017-03-07,2.858959674835205
2017-03-08,0.0
2017-03-09,0.0
2017-03-10,18.689878463745117
2017-03-11,7.152884006500244
2017-03-12,1.1921472549438477
2017-03-13,1.1921472549438477
2017-03-14,1.1921472549438477
2017-03-15,1.1921472549438477
2017-03-16,4.6587324142456055
2017-03-17,0.2881401479244232
2017-03-18,0.0
2017-03-19,0.0
2017-03-20,0.0
2017-03-21,0.0
2017-03-22,0.47282764315605164
2017-03-23,0.5757527351379395
2017-03-24,35.52317810058594
2017-03-25,5.877659320831299
2017-03-26,6.7909674644470215
2017-03-27,39.948265075683594
2017-03-28,1.5810619592666626
2017-03-29,25.802486419677734
2017-03-30,0.0
2017-03-31,0.6952235102653503
2017-04-01,64.03532409667969
2017-04-02,0.0
2017-04-03,2.7713348865509033
2017-04-04,1.3990683555603027
2017-04-05,0.0
2017-04-06,3.1968560218811035
2017-04-07,2.0265414714813232
2017-04-08,0.0
2017-04-09,0.4380207657814026
2017-04-10,0.47087228298187256
2017-04-11,1.847907304763794
2017-04-12,0.11549420654773712
2017-04-13,0.11549420654773712
2017-04-14,0.11549420654773712
2017-04-15,0.11549420654773712
2017-04-16,0.04491700604557991
2017-04-17,0.6589965224266052
2017-04-18,4.85282039642334
2017-04-19,9.468132972717285
2017-04-20,30.40631675720215
2017-04-21,0.4548340439796448
2017-04-22,0.4548340439796448
2017-04-23,0.4548340439796448
2017-04-24,0.4548340439796448
2017-04-25,1.212890863418579
2017-04-26,0.0
2017-04-27,0.0
2017-04-28,0.0
2017-04-29,0.4232553541660309
2017-04-30,0.1860772669315338
2017-05-01,0.014359280467033386
2017-05-02,0.014359280467033386
2017-05-03,0.014359280467033386
2017-05-04,0.014359280467033386
2017-05-05,0.014359280467033386
2017-05-06,0.0705709382891655
2017-05-07,0.0705709382891655
2017-05-08,0.0705709382891655
2017-05-09,0.0705709382891655
2017-05-10,0.18818917870521545
2017-05-11,0.10033398866653442
2017-05-12,0.10033398866653442
2017-05-13,0.10033398866653442
2017-05-14,0.10033398866653442
2017-05-15,0.267557293176651
2017-05-16,11.117339134216309
2017-05-17,0.0
2017-05-18,0.3767537772655487
2017-05-19,0.0
2017-05-20,0.0
2017-05-21,0.02489551343023777
2017-05-22,0.0
2017-05-23,7.3112359046936035
2017-05-24,0.9650418162345886
2017-05-25,1.7309802770614624
2017-05-26,1.3154040575027466
2017-05-27,2.4058737754821777
2017-05-28,0.3556425869464874
2017-05-29,0.39002537727355957
2017-05-30,3.0310616493225098
2017-05-31,0.0
2017-06-01,0.0
2017-06-02,0.0
2017-06-03,0.0
2017-06-04,0.0
2017-06-05,0.0
2017-06-06,0.0
2017-06-07,1.442879557609558
2017-06-08,1.3775125741958618
2017-06-09,0.0
2017-06-10,0.0
2017-06-11,0.10852345079183578
2017-06-12,0.10852345079183578
2017-06-13,0.6511407494544983
2017-06-14,0.10852345079183578
2017-06-15,0.10852345079183578
2017-06-16,0.0
2017-06-17,0.0
2017-06-18,0.0
2017-06-19,0.0
2017-06-20,0.0
2017-06-21,0.0
2017-06-22,0.0
2017-06-23,0.0
2017-06-24,0.0
2017-06-25,0.0
2017-06-26,0.0
2017-06-27,0.0
2017-06-28,0.0
2017-06-29,0.0
2017-06-30,0.0
2017-07-01,0.0
2017-07-02,0.0
2017-07-03,0.0
2017-07-04,0.0
2017-07-05,0.0
2017-07-06,0.0
2017-07-07,0.0
2017-07-08,0.0
2017-07-09,0.0
2017-07-10,0.0
2017-07-11,0.0
2017-07-12,0.0
2017-07-13,0.0
2017-07-14,0.0
2017-07-15,0.0
2017-07-16,0.0
2017-07-17,0.0
2017-07-18,0.0
2017-07-19,0.0
2017-07-20,0.0
2017-07-21,0.0
2017-07-22,0.0
2017-07-23,0.0
2017-07-24,0.0
2017-07-25,0.0
2017-07-26,0.0
2017-07-27,0.0
2017-07-28,0.0
2017-07-29,0.0
2017-07-30,0.0
2017-07-31,0.0
2017-08-01,0.0
2017-08-02,0.0
2017-08-03,0.0
2017-08-04,0.0
2017-08-05,0.0
2017-08-06,0.0
2017-08-07,0.0
2017-08-08,0.0
2017-08-09,0.0
2017-08-10,0.0
2017-08-11,0.0
2017-08-12,0.0
2017-08-13,0.0
2017-08-14,0.0
2017-08-15,0.0
2017-08-16,0.0
2017-08-17,0.0
2017-08-18,0.0
2017-08-19,0.0
2017-08-20,0.0
2017-08-21,0.0
2017-08-22,0.0
2017-08-23,0.0
2017-08-24,0.0
2017-08-25,0.0
2017-08-26,0.0
2017-08-27,0.0
2017-08-28,0.0
2017-08-29,0.0
2017-08-30,0.0
2017-08-31,0.0
2017-09-01,0.0
2017-09-02,0.0
2017-09-03,0.0
2017-09-04,0.22725996375083923
2017-09-05,13.785794258117676
2017-09-06,0.0
2017-09-07,0.6750417947769165
2017-09-08,8.372211456298828
2017-09-09,0.0
2017-09-10,0.30873414874076843
2017-09-11,0.0
2017-09-12,0.0
2017-09-13,0.0
2017-09-14,0.0
2017-09-15,0.0
2017-09-16,0.0
2017-09-17,0.0
2017-09-18,0.0
2017-09-19,0.0
2017-09-20,0.0
2017-09-21,0.0
2017-09-22,0.0
2017-09-23,0.0
2017-09-24,0.0
2017-09-25,0.0
2017-09-26,0.16328954696655273
2017-09-27,7.6227593421936035
2017-09-28,0.37613198161125183
2017-09-29,0.19633324444293976
2017-09-30,0.0
2017-10-01,0.0
2017-10-02,0.0
2017-10-03,0.0
2017-10-04,0.0
2017-10-05,0.0
2017-10-06,0.000718131079338491
2017-10-07,8.877241134643555
2017-10-08,0.04410143941640854
2017-10-09,0.0
2017-10-10,0.0
2017-10-11,0.0
2017-10-12,4.626449108123779
2017-10-13,0.0
2017-10-14,0.0
2017-10-15,0.0
2017-10-16,3.070460081100464
2017-10-17,11.96500301361084
2017-10-18,0.1165216863155365
2017-10-19,3.1918833255767822
2017-10-20,0.025984812527894974
2017-10-21,4.329555511474609
2017-10-22,0.9896194338798523
2017-10-23,0.0
2017-10-24,2.7247540950775146
2017-10-25,0.03848769888281822
2017-10-26,1.4852383136749268
2017-10-27,0.18133413791656494
2017-10-28,0.0
2017-10-29,0.0
2017-10-30,0.425594300031662
2017-10-31,1.87802255153656
2017-11-01,0.0
2017-11-02,0.05819055065512657
2017-11-03,12.782063484191895
2017-11-04,2.6142654418945312
2017-11-05,0.0
2017-11-06,0.0
2017-11-07,0.0
2017-11-08,0.0
2017-11-09,0.5485556721687317
2017-11-10,0.12414681166410446
2017-11-11,0.2993576228618622
2017-11-12,0.2993576228618622
2017-11-13,0.2993576228618622
2017-11-14,0.2993576228618622
2017-11-15,0.2993576228618622
2017-11-16,0.6809899210929871
2017-11-17,0.6809899210929871
2017-11-18,3.5184476375579834
2017-11-19,1.2484813928604126
2017-11-20,0.6809899210929871
2017-11-21,0.0
2017-11-22,0.0
2017-11-23,0.0
2017-11-24,0.0
2017-11-25,0.0
2017-11-26,0.4266888499259949
2017-11-27,0.0
2017-11-28,0.0
2017-11-29,0.0
2017-11-30,5.745306968688965
2017-12-01,0.8054658770561218
2017-12-02,0.10293404757976532
2017-12-03,21.54079246520996
2017-12-04,53.43483352661133
2017-12-05,9.640556335449219
2017-12-06,0.0
2017-12-07,0.0
2017-12-08,0.32103168964385986
2017-12-09,15.074203491210938
2017-12-10,0.35085204243659973
2017-12-11,0.007304671686142683
2017-12-12,0.0004565419803839177
2017-12-13,0.0004565419803839177
2017-12-14,0.0004565419803839177
2017-12-15,0.0004565419803839177
2017-12-16,0.0
2017-12-17,2.741410732269287
2017-12-18,11.557209014892578
2017-12-19,0.13093414902687073
2017-12-20,0.0
2017-12-21,19.219282150268555
2017-12-22,5.713289260864258
2017-12-23,9.809289932250977
2017-12-24,23.08271026611328
2017-12-25,0.0
2017-12-26,0.7009889483451843
2017-12-27,2.4386229515075684
2017-12-28,7.772561550140381
2017-12-29,3.562434673309326
2017-12-30,0.7009889483451843
2017-12-31,1.6481376886367798
2018-01-01,2.8106579780578613
2018-01-02,25.065641403198242
2018-01-03,0.0
2018-01-04,0.0
2018-01-05,0.0
2018-01-06,3.3994734287261963
2018-01-07,0.8236411213874817
2018-01-08,0.0
2018-01-09,0.0
2018-01-10,1.7305653095245361
2018-01-11,0.02980458177626133
2018-01-12,0.0
2018-01-13,1.7898179292678833
2018-01-14,37.88007354736328
2018-01-15,0.0
2018-01-16,0.0
2018-01-17,0.0
2018-01-18,29.48110580444336
2018-01-19,4.216165542602539
2018-01-20,0.0
2018-01-21,0.043176885694265366
2018-01-22,0.0
2018-01-23,0.0
2018-01-24,20.934402465820312
2018-01-25,2.235079288482666
2018-01-26,10.196921348571777
2018-01-27,2.8893895149230957
2018-01-28,0.0
2018-01-29,107.2479019165039
2018-01-30,0.35371994972229004
2018-01-31,11.993155479431152
2018-02-01,16.21422004699707
2018-02-02,0.0
2018-02-03,0.7042670845985413
2018-02-04,0.0
2018-02-05,0.0
2018-02-06,0.0
2018-02-07,0.4208064675331116
2018-02-08,5.754379749298096
2018-02-09,0.0
2018-02-10,7.5972418785095215
2018-02-11,61.57115936279297
2018-02-12,2.07804012298584
2018-02-13,0.04755197465419769
2018-02-14,0.0
2018-02-15,0.8432943820953369
2018-02-16,18.81793975830078
2018-02-17,0.9368076324462891
2018-02-18,13.631750106811523
2018-02-19,6.184786796569824
2018-02-20,0.0
2018-02-21,0.0
2018-02-22,0.0
2018-02-23,0.0
2018-02-24,0.0
2018-02-25,0.0
2018-02-26,0.0
2018-02-27,0.0
2018-02-28,9.268956184387207
2018-03-01,39.17877197265625
2018-03-02,0.0
2018-03-03,0.0
2018-03-04,3.079394578933716
2018-03-05,0.0
2018-03-06,75.62702941894531
2018-03-07,0.0
2018-03-08,0.0
2018-03-09,0.0
2018-03-10,0.0
2018-03-11,0.04684663936495781
2018-03-12,0.0
2018-03-13,0.0
2018-03-14,0.0
2018-03-15,21.799840927124023
2018-03-16,18.157167434692383
2018-03-17,0.0
2018-03-18,0.0
2018-03-19,0.07742089778184891
2018-03-20,0.0
2018-03-21,0.0
2018-03-22,0.0
2018-03-23,0.0
2018-03-24,0.0
2018-03-25,26.39188003540039
2018-03-26,0.0
2018-03-27,0.0
2018-03-28,0.0
2018-03-29,0.0
2018-03-30,0.0
2018-03-31,0.0
2018-04-01,3.457115650177002
2018-04-02,2.2273926734924316
2018-04-03,0.0
2018-04-04,0.926620602607727
2018-04-05,0.0
2018-04-06,0.0
2018-04-07,0.0
2018-04-08,0.0
2018-04-09,0.0
2018-04-10,0.0
2018-04-11,0.0
2018-04-12,0.0
2018-04-13,22.553354263305664
2018-04-14,0.0
2018-04-15,0.0
2018-04-16,0.0
2018-04-17,0.0
2018-04-18,0.0
2018-04-19,0.0
2018-04-20,0.0
2018-04-21,0.8171913027763367
2018-04-22,0.8171913027763367
2018-04-23,0.8171913027763367
2018-04-24,0.8171913027763367
2018-04-25,0.8171913027763367
2018-04-26,0.0
2018-04-27,0.0
2018-04-28,2.6718153953552246
2018-04-29,0.0
2018-04-30,0.0
2018-05-01,0.0
2018-05-02,0.0
2018-05-03,0.010685358196496964
2018-05-04,0.0
2018-05-05,12.381195068359375
2018-05-06,0.6167508959770203
2018-05-07,0.6167508959770203
2018-05-08,0.6167508959770203
2018-05-09,0.6167508959770203
2018-05-10,9.868014335632324
2018-05-11,0.0
2018-05-12,0.0
2018-05-13,0.0
2018-05-14,0.0
2018-05-15,0.0
2018-05-16,0.0
2018-05-17,0.0
2018-05-18,0.0
2018-05-19,0.0
2018-05-20,0.0
2018-05-21,0.0
2018-05-22,0.0
2018-05-23,0.0
2018-05-24,0.0
2018-05-25,0.0
2018-05-26,0.0
2018-05-27,0.0
2018-05-28,0.0
2018-05-29,0.0
2018-05-30,0.0
2018-05-31,0.0
2018-06-01,0.0
2018-06-02,0.0
2018-06-03,0.7222098708152771
2018-06-04,6.729487419128418
2018-06-05,2.0211126804351807
2018-06-06,0.3725808560848236
2018-06-07,0.3725808560848236
2018-06-08,2.235485076904297
2018-06-09,0.3725808560848236
2018-06-10,0.3725808560848236
2018-06-11,0.18302927911281586
2018-06-12,0.18302927911281586
2018-06-13,0.18302927911281586
2018-06-14,0.18302927911281586
2018-06-15,0.18302927911281586
2018-06-16,0.4496150314807892
2018-06-17,0.07493583858013153
2018-06-18,0.07493583858013153
2018-06-19,0.07493583858013153
2018-06-20,0.07493583858013153
2018-06-21,0.18144018948078156
2018-06-22,0.18144018948078156
2018-06-23,1.0886411666870117
2018-06-24,0.18144018948078156
2018-06-25,0.18144018948078156
2018-06-26,0.0
2018-06-27,0.0
2018-06-28,0.0
2018-06-29,0.0
2018-06-30,0.0
2018-07-01,0.0
2018-07-02,0.0
2018-07-03,0.0
2018-07-04,0.0
2018-07-05,0.0
2018-07-06,0.0
2018-07-07,0.0
2018-07-08,0.0
2018-07-09,0.0
2018-07-10,0.0
2018-07-11,0.5565121173858643
2018-07-12,1.3515293598175049
2018-07-13,1.658695101737976
2018-07-14,1.441872239112854
2018-07-15,0.5565121173858643
2018-07-16,0.0
2018-07-17,0.0
2018-07-18,0.0
2018-07-19,2.6986985206604004
2018-07-20,0.05297492817044258
2018-07-21,7.163758754730225
2018-07-22,1.1939597129821777
2018-07-23,1.1939597129821777
2018-07-24,1.1939597129821777
2018-07-25,1.1939597129821777
2018-07-26,0.0
2018-07-27,0.0
2018-07-28,0.0
2018-07-29,0.0
2018-07-30,0.0
2018-07-31,0.0
2018-08-01,0.0
2018-08-02,0.0100027397274971
2018-08-03,0.0
2018-08-04,6.310866832733154
2018-08-05,11.73073959350586
2018-08-06,0.0
2018-08-07,0.0
2018-08-08,0.0
2018-08-09,0.0
2018-08-10,0.0
2018-08-11,0.0
2018-08-12,0.0
2018-08-13,0.0
2018-08-14,0.0
2018-08-15,0.0
2018-08-16,0.0
2018-08-17,0.0
2018-08-18,0.0
2018-08-19,0.0
2018-08-20,0.0
2018-08-21,0.09232400357723236
2018-08-22,0.09232400357723236
2018-08-23,0.09232400357723236
2018-08-24,0.09232400357723236
2018-08-25,0.24619734287261963
2018-08-26,0.26703524589538574
2018-08-27,0.014054486528038979
2018-08-28,0.014054486528038979
2018-08-29,0.014054486528038979
2018-08-30,0.014054486528038979
2018-08-31,0.014054486528038979
2018-09-01,0.0
2018-09-02,0.0
2018-09-03,0.0
2018-09-04,0.0
2018-09-05,0.0
2018-09-06,0.0
2018-09-07,0.0
2018-09-08,0.0
2018-09-09,0.0
2018-09-10,0.0
2018-09-11,0.0
2018-09-12,0.0
2018-09-13,0.0
2018-09-14,0.0
2018-09-15,0.0
2018-09-16,0.5457108020782471
2018-09-17,0.0
2018-09-18,0.0
2018-09-19,1.484030842781067
2018-09-20,0.0
2018-09-21,0.0
2018-09-22,0.00034632222377695143
2018-09-23,0.0
2018-09-24,16.31922149658203
2018-09-25,0.5823401808738708
2018-09-26,5.261743545532227
2018-09-27,3.4451382160186768
2018-09-28,1.2438403367996216
2018-09-29,1.2438403367996216
2018-09-30,1.2438403367996216
2018-10-01,6.487612247467041
2018-10-02,4.467412948608398
2018-10-03,0.0
2018-10-04,0.0
2018-10-05,0.1354319006204605
2018-10-06,0.0
2018-10-07,1.0890568494796753
2018-10-08,0.0
2018-10-09,0.2876696288585663
2018-10-10,0.0
2018-10-11,0.12787236273288727
2018-10-12,0.010611429810523987
2018-10-13,0.0
2018-10-14,0.0
2018-10-15,0.0
2018-10-16,0.0
2018-10-17,0.0
2018-10-18,6.95590353012085
2018-10-19,2.712951421737671
2018-10-20,0.1717420369386673
2018-10-21,0.0
2018-10-22,0.0
2018-10-23,0.025490861386060715
2018-10-24,7.718632698059082
2018-10-25,1.7384766340255737
2018-10-26,18.598461151123047
2018-10-27,22.06419563293457
2018-10-28,0.0
2018-10-29,0.0
2018-10-30,0.0
2018-10-31,3.1302170753479004
2018-11-01,4.736849784851074
2018-11-02,0.0
2018-11-03,0.010464636608958244
2018-11-04,10.813776016235352
2018-11-05,0.11194444447755814
2018-11-06,11.632662773132324
2018-11-07,19.337602615356445
2018-11-08,0.0
2018-11-09,0.0
2018-11-10,0.0
2018-11-11,0.0
2018-11-12,4.715240955352783
2018-11-13,3.8846967220306396
2018-11-14,3.121663808822632
2018-11-15,0.0
2018-11-16,0.0
2018-11-17,0.0
2018-11-18,4.977459907531738
2018-11-19,7.237006664276123
2018-11-20,0.0
2018-11-21,0.6819811463356018
2018-11-22,0.6819811463356018
2018-11-23,0.6819811463356018
2018-11-24,0.6819811463356018
2018-11-25,0.6819811463356018
2018-11-26,0.05883416905999184
2018-11-27,5.756261825561523
2018-11-28,12.326183319091797
2018-11-29,0.0
2018-11-30,0.0
2018-12-01,8.24406909942627
2018-12-02,0.0027505489997565746
2018-12-03,0.0
2018-12-04,0.0
2018-12-05,1.160057544708252
2018-12-06,21.101808547973633
2018-12-07,5.424684524536133
2018-12-08,0.020604843273758888
2018-12-09,0.0
2018-12-10,0.05195126309990883
2018-12-11,0.0
2018-12-12,0.06601203978061676
2018-12-13,0.0
2018-12-14,0.0
2018-12-15,6.806973457336426
2018-12-16,0.817132830619812
2018-12-17,0.5326610803604126
2018-12-18,4.736623764038086
2018-12-19,28.99594497680664
2018-12-20,0.0
2018-12-21,50.75218200683594
2018-12-22,0.6892040967941284
2018-12-23,0.01742139272391796
2018-12-24,3.449026346206665
2018-12-25,0.5558318495750427
2018-12-26,1.5300030708312988
2018-12-27,0.0
2018-12-28,1.7304515838623047
2018-12-29,18.65827178955078
2018-12-30,0.0
2018-12-31,5.546391010284424
2019-01-01,0.0
2019-01-02,0.0
2019-01-03,7.1733717918396
2019-01-04,0.20697210729122162
2019-01-05,0.026028456166386604
2019-01-06,0.0
2019-01-07,1.4368480443954468
2019-01-08,0.005695871543139219
2019-01-09,0.0
2019-01-10,9.00370979309082
2019-01-11,18.34872055053711
2019-01-12,0.0
2019-01-13,0.0
2019-01-14,0.0
2019-01-15,0.0
2019-01-16,0.0
2019-01-17,4.330384731292725
2019-01-18,11.670509338378906
2019-01-19,0.0
2019-01-20,0.0
2019-01-21,0.017154347151517868
2019-01-22,0.017154347151517868
2019-01-23,0.017154347151517868
2019-01-24,0.017154347151517868
2019-01-25,0.017154347151517868
2019-01-26,3.540226936340332
2019-01-27,12.177593231201172
2019-01-28,9.69678020477295
2019-01-29,0.0
2019-01-30,0.0
2019-01-31,0.0
2019-02-01,2.7880258560180664
2019-02-02,5.80836296081543
2019-02-03,39.25303649902344
2019-02-04,0.0
2019-02-05,0.22825022041797638
2019-02-06,0.0
2019-02-07,0.0
2019-02-08,0.0
2019-02-09,0.0
2019-02-10,0.0
2019-02-11,8.399531364440918
2019-02-12,13.357178688049316
2019-02-13,1.3340935707092285
2019-02-14,0.0
2019-02-15,0.0
2019-02-16,0.0
2019-02-17,0.0
2019-02-18,0.0
2019-02-19,0.0
2019-02-20,0.0
2019-02-21,0.0
2019-02-22,0.0
2019-02-23,0.0
2019-02-24,0.0
2019-02-25,6.6713128089904785
2019-02-26,13.235276222229004
2019-02-27,0.09213584661483765
2019-02-28,0.2424151599407196
2019-03-01,0.14635597169399261
2019-03-02,0.0
2019-03-03,0.0
2019-03-04,0.01526862196624279
2019-03-05,8.882153511047363
2019-03-06,19.37348747253418
2019-03-07,0.0
2019-03-08,6.0431718826293945
2019-03-09,8.983120918273926
2019-03-10,0.0
2019-03-11,0.0
2019-03-12,0.0
2019-03-13,31.79241371154785
2019-03-14,0.07696057856082916
2019-03-15,3.2008888721466064
2019-03-16,4.227606773376465
2019-03-17,22.65033531188965
2019-03-18,0.20902732014656067
2019-03-19,0.0
2019-03-20,37.26339340209961
2019-03-21,0.0
2019-03-22,0.0
2019-03-23,0.0
2019-03-24,0.0
2019-03-25,0.0
2019-03-26,5.638753414154053
2019-03-27,10.931253433227539
2019-03-28,0.0
2019-03-29,0.12981566786766052
2019-03-30,0.0
2019-03-31,0.061416931450366974
2019-04-01,25.07989501953125
2019-04-02,19.05215835571289
2019-04-03,0.9262921214103699
2019-04-04,0.0
2019-04-05,7.5733866691589355
2019-04-06,0.0
2019-04-07,0.0
2019-04-08,0.0
2019-04-09,0.0
2019-04-10,0.0
2019-04-11,0.0
2019-04-12,0.0
2019-04-13,0.0
2019-04-14,0.0
2019-04-15,0.0
2019-04-16,3.1446282863616943
2019-04-17,0.042099565267562866
2019-04-18,0.0
2019-04-19,0.0
2019-04-20,0.0
2019-04-21,3.7541253566741943
2019-04-22,0.0
2019-04-23,9.637317657470703
2019-04-24,5.348365783691406
2019-04-25,0.0
2019-04-26,0.0
2019-04-27,10.679120063781738
2019-04-28,0.0
2019-04-29,0.0
2019-04-30,0.0
2019-05-01,9.88855266571045
2019-05-02,0.0
2019-05-03,0.0
2019-05-04,0.0
2019-05-05,0.6085256934165955
2019-05-06,0.26415812969207764
2019-05-07,0.26415812969207764
2019-05-08,0.26415812969207764
2019-05-09,0.26415812969207764
2019-05-10,1.5849488973617554
2019-05-11,13.499468803405762
2019-05-12,0.019550062716007233
2019-05-13,0.9089258313179016
2019-05-14,0.0
2019-05-15,0.0
2019-05-16,0.0
2019-05-17,0.0
2019-05-18,0.0
2019-05-19,0.0
2019-05-20,0.0
2019-05-21,0.0
2019-05-22,3.797746181488037
2019-05-23,1.2805328369140625
2019-05-24,0.0
2019-05-25,0.0
2019-05-26,0.0
2019-05-27,0.0
2019-05-28,0.0
2019-05-29,0.0
2019-05-30,0.0
2019-05-31,0.0
2019-06-01,0.0
2019-06-02,0.0
2019-06-03,0.0
2019-06-04,0.0
2019-06-05,0.0
2019-06-06,0.04488000646233559
2019-06-07,0.04488000646233559
2019-06-08,0.04488000646233559
2019-06-09,0.04488000646233559
2019-06-10,0.04488000646233559
2019-06-11,0.0
2019-06-12,0.0
2019-06-13,0.0
2019-06-14,0.0
2019-06-15,2.527761459350586
2019-06-16,1.7099851369857788
2019-06-17,1.7099851369857788
2019-06-18,1.7099851369857788
2019-06-19,1.7099851369857788
2019-06-20,1.7099851369857788
2019-06-21,0.0
2019-06-22,0.0
2019-06-23,0.0
2019-06-24,0.0
2019-06-25,0.0
2019-06-26,0.0
2019-06-27,0.0
2019-06-28,0.0
2019-06-29,0.0
2019-06-30,0.0
2019-07-01,0.0
2019-07-02,0.0
2019-07-03,0.0
2019-07-04,0.0
2019-07-05,0.0
2019-07-06,0.0
2019-07-07,0.0
2019-07-08,0.0
2019-07-09,0.0
2019-07-10,0.0
2019-07-11,0.0
2019-07-12,0.0
2019-07-13,0.0
2019-07-14,0.0
2019-07-15,0.0
2019-07-16,0.0
2019-07-17,0.0
2019-07-18,0.0
2019-07-19,0.0
2019-07-20,0.0
2019-07-21,0.0
2019-07-22,0.0
2019-07-23,9.708624839782715
2019-07-24,11.477779388427734
2019-07-25,2.5437562465667725
2019-07-26,0.0
2019-07-27,0.0
2019-07-28,0.0
2019-07-29,0.0
2019-07-30,0.0
2019-07-31,0.0
2019-08-01,0.0
2019-08-02,0.0
2019-08-03,0.0
2019-08-04,0.0
2019-08-05,0.0
2019-08-06,0.0
2019-08-07,0.0
2019-08-08,0.0
2019-08-09,0.0
2019-08-10,0.0
2019-08-11,0.0
2019-08-12,0.0
2019-08-13,0.0
2019-08-14,0.0
2019-08-15,0.0
2019-08-16,0.0
2019-08-17,0.0
2019-08-18,0.0
2019-08-19,0.0
2019-08-20,0.0
2019-08-21,0.0
2019-08-22,0.0
2019-08-23,0.0
2019-08-24,0.0
2019-08-25,0.0
2019-08-26,0.0
2019-08-27,0.0
2019-08-28,0.0
2019-08-29,0.0
2019-08-30,0.0
2019-08-31,0.0
2019-09-01,0.5866870284080505
2019-09-02,0.5866870284080505
2019-09-03,0.5866870284080505
2019-09-04,0.5866870284080505
2019-09-05,9.386992454528809
2019-09-06,4.051902770996094
2019-09-07,1.8698787689208984
2019-09-08,0.7878263592720032
2019-09-09,0.0
2019-09-10,0.0
2019-09-11,0.0008933497010730207
2019-09-12,0.002412015339359641
2019-09-13,0.020708788186311722
2019-09-14,0.0
2019-09-15,0.0
2019-09-16,0.0
2019-09-17,0.0
2019-09-18,0.0
2019-09-19,0.0
2019-09-20,0.0
2019-09-21,0.0
2019-09-22,0.0
2019-09-23,0.0
2019-09-24,0.0
2019-09-25,0.0
2019-09-26,0.0
2019-09-27,0.0
2019-09-28,0.0
2019-09-29,0.0
2019-09-30,0.0
2019-10-01,4.5084376324666664e-05
2019-10-02,0.0005410125013440847
2019-10-03,0.0
2019-10-04,0.024412693455815315
2019-10-05,0.503750741481781
2019-10-06,0.0
2019-10-07,0.0
2019-10-08,0.0
2019-10-09,0.0
2019-10-10,0.0
2019-10-11,0.0
2019-10-12,0.0
2019-10-13,0.011865271255373955
2019-10-14,27.91204833984375
2019-10-15,0.0011840694351121783
2019-10-16,0.0
2019-10-17,0.0
2019-10-18,0.0
2019-10-19,0.0
2019-10-20,0.0
2019-10-21,0.0
2019-10-22,0.0
2019-10-23,0.0
2019-10-24,0.0
2019-10-25,0.0
2019-10-26,0.0
2019-10-27,0.0
2019-10-28,0.0
2019-10-29,0.0
2019-10-30,0.0
2019-10-31,0.0
2019-11-01,2.844808340072632
2019-11-02,0.0
2019-11-03,0.9997053742408752
2019-11-04,0.0
2019-11-05,17.71727752685547
2019-11-06,0.907214343547821
2019-11-07,1.387571930885315
2019-11-08,10.992465019226074
2019-11-09,0.8024590015411377
2019-11-10,9.06887149810791
2019-11-11,2.040928363800049
2019-11-12,0.11924636363983154
2019-11-13,1.7036411762237549
2019-11-14,14.532485008239746
2019-11-15,0.0
2019-11-16,0.0
2019-11-17,0.0
2019-11-18,0.0
2019-11-19,0.0
2019-11-20,0.0
2019-11-21,0.0
2019-11-22,0.7464817762374878
2019-11-23,6.807455539703369
2019-11-24,0.0
2019-11-25,1.7671935558319092
2019-11-26,12.703550338745117
2019-11-27,4.508476257324219
2019-11-28,0.0
2019-11-29,0.0
2019-11-30,0.0
2019-12-01,35.68064880371094
2019-12-02,0.0
2019-12-03,1.9057111740112305
2019-12-04,1.7349668741226196
2019-12-05,22.94254493713379
2019-12-06,0.0
2019-12-07,0.0
2019-12-08,1.860282301902771
2019-12-09,20.24956703186035
2019-12-10,0.0
2019-12-11,0.6611025929450989
2019-12-12,8.195881843566895
2019-12-13,14.324356079101562
2019-12-14,0.0
2019-12-15,4.868024826049805
2019-12-16,3.348867654800415
2019-12-17,9.482272148132324
2019-12-18,0.0
2019-12-19,0.0
2019-12-20,6.1681437492370605
2019-12-21,6.684530735015869
2019-12-22,0.0
2019-12-23,0.013400597497820854
2019-12-24,0.0
2019-12-25,0.3964879810810089
2019-12-26,2.1141109466552734
2019-12-27,0.0
2019-12-28,0.0
2019-12-29,0.002886295784264803
2019-12-30,0.1472010761499405
2019-12-31,31.30341911315918
2020-01-01,2.0072171688079834
2020-01-02,9.668015480041504
2020-01-03,0.0
2020-01-04,0.09045033901929855
2020-01-05,0.0
2020-01-06,13.696407318115234
2020-01-07,0.0031988369300961494
2020-01-08,0.0
2020-01-09,0.0
2020-01-10,6.414680480957031
2020-01-11,7.945928573608398
2020-01-12,5.37562370300293
2020-01-13,1.890606164932251
2020-01-14,4.339910984039307
2020-01-15,0.0
2020-01-16,0.0572720468044281
2020-01-17,0.0572720468044281
2020-01-18,0.9163527488708496
2020-01-19,0.0572720468044281
2020-01-20,0.0572720468044281
2020-01-21,14.294339179992676
2020-01-22,0.24309690296649933
2020-01-23,0.0
2020-01-24,0.0
2020-01-25,0.0
2020-01-26,0.0
2020-01-27,1.3645408153533936
2020-01-28,27.77402114868164
2020-01-29,0.03043154999613762
2020-01-30,26.70798683166504
2020-01-31,0.0
2020-02-01,0.17309436202049255
2020-02-02,3.269413471221924
2020-02-03,27.347917556762695
2020-02-04,0.0
2020-02-05,0.0
2020-02-06,15.880331993103027
2020-02-07,4.98418664932251
2020-02-08,25.192646026611328
2020-02-09,17.187923431396484
2020-02-10,27.07253074645996
2020-02-11,0.0
2020-02-12,0.0
2020-02-13,0.0
2020-02-14,0.0
2020-02-15,0.0
2020-02-16,0.18288952112197876
2020-02-17,0.0
2020-02-18,31.302677154541016
2020-02-19,5.578463554382324
2020-02-20,0.1828162968158722
2020-02-21,9.416036605834961
2020-02-22,0.0
2020-02-23,0.0
2020-02-24,0.0
2020-02-25,0.255638986825943
2020-02-26,0.0
2020-02-27,0.0
2020-02-28,0.0
2020-02-29,0.0
2020-03-01,0.0667516216635704
2020-03-02,0.0667516216635704
2020-03-03,0.0667516216635704
2020-03-04,0.0667516216635704
2020-03-05,0.0667516216635704
2020-03-06,0.0
2020-03-07,0.0
2020-03-08,0.0
2020-03-09,0.0
2020-03-10,0.0
2020-03-11,1.313685417175293
2020-03-12,1.313685417175293
2020-03-13,2.5648140907287598
2020-03-14,1.313685417175293
2020-03-15,2.2520318031311035
2020-03-16,7.4222893714904785
2020-03-17,0.15421654284000397
2020-03-18,2.1923952102661133
2020-03-19,24.892911911010742
2020-03-20,1.106463074684143
2020-03-21,0.0
2020-03-22,0.0
2020-03-23,0.0
2020-03-24,0.0
2020-03-25,0.0
2020-03-26,0.34631332755088806
2020-03-27,0.11785532534122467
2020-03-28,0.0
2020-03-29,0.0
2020-03-30,4.022668838500977
2020-03-31,7.893412113189697
2020-04-01,0.0
2020-04-02,2.552095413208008
2020-04-03,0.0
2020-04-04,0.0
2020-04-05,6.85136079788208
2020-04-06,0.0
2020-04-07,0.0
2020-04-08,0.0
2020-04-09,0.0
2020-04-10,0.0
2020-04-11,0.0
2020-04-12,0.0
2020-04-13,0.0
2020-04-14,0.0
2020-04-15,0.0
2020-04-16,0.0
2020-04-17,0.0
2020-04-18,0.0
2020-04-19,0.0
2020-04-20,0.0
2020-04-21,0.02118626795709133
2020-04-22,0.02118626795709133
2020-04-23,0.02118626795709133
2020-04-24,0.02118626795709133
2020-04-25,0.02118626795709133
2020-04-26,0.5001358389854431
2020-04-27,0.5001358389854431
2020-04-28,0.5001358389854431
2020-04-29,0.5001358389854431
2020-04-30,0.5001358389854431
2020-05-01,0.6065003275871277
2020-05-02,0.6065003275871277
2020-05-03,3.6390020847320557
2020-05-04,0.6065003275871277
2020-05-05,6.671504020690918
2020-05-06,0.23820744454860687
2020-05-07,0.23820744454860687
2020-05-08,0.23820744454860687
2020-05-09,0.23820744454860687
2020-05-10,0.23820744454860687
2020-05-11,0.0
2020-05-12,0.0
2020-05-13,0.0
2020-05-14,0.0
2020-05-15,0.0
2020-05-16,0.0
2020-05-17,0.0
2020-05-18,0.0
2020-05-19,0.0
2020-05-20,0.0
2020-05-21,0.0
2020-05-22,0.0
2020-05-23,0.0
2020-05-24,0.0
2020-05-25,0.0
2020-05-26,0.0
2020-05-27,0.0
2020-05-28,0.0
2020-05-29,0.0
2020-05-30,0.0
2020-05-31,0.0
2020-06-01,0.0
2020-06-02,0.0
2020-06-03,0.0
2020-06-04,0.0
2020-06-05,0.0
2020-06-06,0.05916929244995117
2020-06-07,0.05916929244995117
2020-06-08,0.05916929244995117
2020-06-09,0.05916929244995117
2020-06-10,0.05916929244995117
2020-06-11,0.0
2020-06-12,0.0
2020-06-13,0.0
2020-06-14,0.0
2020-06-15,0.0
2020-06-16,0.0
2020-06-17,0.0
2020-06-18,0.0
2020-06-19,0.0
2020-06-20,0.0
2020-06-21,0.0
2020-06-22,0.0
2020-06-23,0.0
2020-06-24,0.0
2020-06-25,0.0
2020-06-26,0.0
2020-06-27,0.0
2020-06-28,0.0
2020-06-29,0.0
2020-06-30,0.0
2020-07-01,0.0
2020-07-02,0.0
2020-07-03,0.0
2020-07-04,0.0
2020-07-05,0.0
2020-07-06,0.0
2020-07-07,0.0
2020-07-08,0.0
2020-07-09,0.0
2020-07-10,0.0
2020-07-11,0.0
2020-07-12,0.0
2020-07-13,0.0
2020-07-14,0.0
2020-07-15,0.0
2020-07-16,0.0
2020-07-17,0.0
2020-07-18,0.0
2020-07-19,0.0
2020-07-20,0.0
2020-07-21,0.0
2020-07-22,0.0
2020-07-23,0.0
2020-07-24,0.0
2020-07-25,0.0
2020-07-26,0.0
2020-07-27,0.0
2020-07-28,0.0
2020-07-29,0.0
2020-07-30,0.0
2020-07-31,0.0
2020-08-01,0.0
2020-08-02,0.0
2020-08-03,0.0
2020-08-04,0.0
2020-08-05,0.0
2020-08-06,0.0
2020-08-07,0.0
2020-08-08,0.0
2020-08-09,0.0
2020-08-10,0.0
2020-08-11,0.0
2020-08-12,0.0
2020-08-13,0.0
2020-08-14,0.0
2020-08-15,0.0
2020-08-16,0.0
2020-08-17,0.0
2020-08-18,0.0
2020-08-19,0.0
2020-08-20,0.0
2020-08-21,0.0
2020-08-22,0.0
2020-08-23,0.0
2020-08-24,0.0
2020-08-25,0.0
2020-08-26,0.0
2020-08-27,0.0
2020-08-28,0.0
2020-08-29,0.0
2020-08-30,0.0
2020-08-31,0.0
2020-09-01,0.0
2020-09-02,0.0
2020-09-03,0.0
2020-09-04,0.0
2020-09-05,0.0
2020-09-06,0.0
2020-09-07,1.4945390224456787
2020-09-08,0.26860523223876953
2020-09-09,2.832761764526367
2020-09-10,0.0
2020-09-11,0.5435489416122437
2020-09-12,0.5435489416122437
2020-09-13,0.5435489416122437
2020-09-14,0.5435489416122437
2020-09-15,3.261293649673462
2020-09-16,0.0
2020-09-17,0.0
2020-09-18,0.0
2020-09-19,0.0
2020-09-20,0.0
2020-09-21,0.0
2020-09-22,0.0
2020-09-23,0.0
2020-09-24,0.0
2020-09-25,0.0
2020-09-26,0.0
2020-09-27,0.0
2020-09-28,0.0
2020-09-29,0.0
2020-09-30,0.0
2020-10-01,0.0
2020-10-02,0.0
2020-10-03,0.0
2020-10-04,0.0
2020-10-05,0.0
2020-10-06,0.0
2020-10-07,0.0
2020-10-08,0.0
2020-10-09,0.0
2020-10-10,0.0
2020-10-11,0.03291884809732437
2020-10-12,1.6556243896484375
2020-10-13,0.0
2020-10-14,0.5057258605957031
2020-10-15,5.311227798461914
2020-10-16,0.0
2020-10-17,3.0986688137054443
2020-10-18,0.12318490445613861
2020-10-19,0.17773979902267456
2020-10-20,8.182697296142578
2020-10-21,0.000989467022009194
2020-10-22,0.0
2020-10-23,2.542632818222046
2020-10-24,8.487709045410156
2020-10-25,1.1430708169937134
2020-10-26,0.0
2020-10-27,0.0
2020-10-28,0.0
2020-10-29,0.0
2020-10-30,0.0
2020-10-31,0.0
2020-11-01,0.0
2020-11-02,0.0
2020-11-03,0.0
2020-11-04,0.0
2020-11-05,0.0
2020-11-06,1.2767211198806763
2020-11-07,0.301703542470932
2020-11-08,0.301703542470932
2020-11-09,0.301703542470932
2020-11-10,0.8352037668228149
2020-11-11,24.200223922729492
2020-11-12,10.50859260559082
2020-11-13,0.0
2020-11-14,0.17676188051700592
2020-11-15,0.0
2020-11-16,0.0
2020-11-17,0.0
2020-11-18,0.0
2020-11-19,0.0
2020-11-20,0.0
2020-11-21,0.0
2020-11-22,0.0
2020-11-23,0.0
2020-11-24,8.201126098632812
2020-11-25,1.8158111572265625
2020-11-26,17.45466423034668
2020-11-27,12.1039400100708
2020-11-28,0.0
2020-11-29,0.0
2020-11-30,0.20811821520328522
2020-12-01,0.13194690644741058
2020-12-02,0.0
2020-12-03,12.855451583862305
2020-12-04,0.02320859208703041
2020-12-05,0.0
2020-12-06,0.0
2020-12-07,0.0
2020-12-08,0.0
2020-12-09,6.807562351226807
2020-12-10,0.0
2020-12-11,0.0
2020-12-12,0.030313869938254356
2020-12-13,16.74640464782715
2020-12-14,1.8926749229431152
2020-12-15,0.0
2020-12-16,3.457336902618408
2020-12-17,17.477523803710938
2020-12-18,0.0
2020-12-19,2.5522234439849854
2020-12-20,0.28090670704841614
2020-12-21,0.0024904636666178703
2020-12-22,0.0
2020-12-23,0.0
2020-12-24,0.6455878019332886
2020-12-25,15.307844161987305
2020-12-26,41.07980728149414
2020-12-27,0.6044227480888367
2020-12-28,0.015735015273094177
2020-12-29,0.0013434699503704906
2020-12-30,0.0
2020-12-31,0.0
2021-01-01,0.1764206886291504
2021-01-02,0.1641739010810852
2021-01-03,0.03317960724234581
2021-01-04,22.518718719482422
2021-01-05,1.9678164720535278
2021-01-06,0.8574826717376709
2021-01-07,20.040206909179688
2021-01-08,23.46615219116211
2021-01-09,16.644411087036133
2021-01-10,0.003804693464189768
2021-01-11,0.9708430171012878
2021-01-12,27.276201248168945
2021-01-13,0.006977350451052189
2021-01-14,0.009174601174890995
2021-01-15,0.5858293175697327
2021-01-16,0.0
2021-01-17,33.73811340332031
2021-01-18,0.0
2021-01-19,0.0
2021-01-20,0.0
2021-01-21,0.0
2021-01-22,0.0
2021-01-23,1.347725510597229
2021-01-24,6.045454502105713
2021-01-25,8.84511661529541
2021-01-26,15.810121536254883
2021-01-27,0.6252425312995911
2021-01-28,0.0
2021-01-29,0.03127061203122139
2021-01-30,0.4520494341850281
2021-01-31,42.673377990722656
2021-02-01,2.351877212524414
2021-02-02,0.0
2021-02-03,10.79839038848877
2021-02-04,0.11976564675569534
2021-02-05,0.0
2021-02-06,0.0
2021-02-07,0.0
2021-02-08,0.0
2021-02-09,12.067716598510742
2021-02-10,0.5574285984039307
2021-02-11,10.796030044555664
2021-02-12,0.0
2021-02-13,0.0
2021-02-14,0.0
2021-02-15,5.61996603012085
2021-02-16,10.989161491394043
2021-02-17,0.057294078171253204
2021-02-18,0.0
2021-02-19,0.0
2021-02-20,1.6876115798950195
2021-02-21,0.0
2021-02-22,0.0
2021-02-23,0.0
2021-02-24,0.6270182132720947
2021-02-25,17.08624839782715
2021-02-26,36.4062614440918
2021-02-27,0.8426345586776733
2021-02-28,0.10343460738658905
2021-03-01,0.538564920425415
2021-03-02,0.0
2021-03-03,0.0
2021-03-04,18.883604049682617
2021-03-05,11.093427658081055
2021-03-06,0.18659707903862
2021-03-07,0.18659707903862
2021-03-08,1.1195825338363647
2021-03-09,0.18659707903862
2021-03-10,0.18659707903862
2021-03-11,0.0
2021-03-12,0.0
2021-03-13,0.0
2021-03-14,3.5852482318878174
2021-03-15,0.10351211577653885
2021-03-16,0.0
2021-03-17,14.708612442016602
2021-03-18,9.219484329223633
2021-03-19,0.6601836085319519
2021-03-20,0.0
2021-03-21,0.0
2021-03-22,0.0
2021-03-23,0.0
2021-03-24,0.0
2021-03-25,0.0
2021-03-26,0.0
2021-03-27,38.945594787597656
2021-03-28,0.023482978343963623
2021-03-29,0.773805558681488
2021-03-30,0.0
2021-03-31,0.00597698288038373
2021-04-01,0.0
2021-04-02,0.0
2021-04-03,0.0
2021-04-04,1.540082573890686
2021-04-05,8.316445350646973
2021-04-06,0.0
2021-04-07,0.0
2021-04-08,0.0
2021-04-09,0.0
2021-04-10,0.0
2021-04-11,6.585109233856201
2021-04-12,0.002142892684787512
2021-04-13,0.0
2021-04-14,0.0
2021-04-15,0.0
2021-04-16,0.0
2021-04-17,16.320003509521484
2021-04-18,16.228349685668945
2021-04-19,0.0
2021-04-20,0.12724922597408295
2021-04-21,0.0
2021-04-22,0.03043486177921295
2021-04-23,3.487196445465088
2021-04-24,3.6451797485351562
2021-04-25,0.7058342099189758
2021-04-26,0.05775235593318939
2021-04-27,0.05775235593318939
2021-04-28,0.15400628745555878
2021-04-29,0.05775235593318939
2021-04-30,0.05775235593318939
2021-05-01,0.04435744509100914
2021-05-02,0.04435744509100914
2021-05-03,0.04435744509100914
2021-05-04,0.04435744509100914
2021-05-05,0.04435744509100914
2021-05-06,0.4550583064556122
2021-05-07,1.2134889364242554
2021-05-08,0.4550583064556122
2021-05-09,0.4550583064556122
2021-05-10,0.4550583064556122
2021-05-11,0.0
2021-05-12,0.0
2021-05-13,0.0
2021-05-14,0.0
2021-05-15,0.0
2021-05-16,0.0
2021-05-17,0.0
2021-05-18,0.0
2021-05-19,0.0
2021-05-20,0.0
2021-05-21,0.0
2021-05-22,0.0
2021-05-23,0.0
2021-05-24,0.0
2021-05-25,0.0
2021-05-26,0.5666268467903137
2021-05-27,3.9793825149536133
2021-05-28,1.7674490213394165
2021-05-29,6.41716194152832
2021-05-30,1.2557049989700317
2021-05-31,0.0
2021-06-01,1.3615829944610596
2021-06-02,1.3615829944610596
2021-06-03,1.3615829944610596
2021-06-04,1.3615829944610596
2021-06-05,3.6308882236480713
2021-06-06,0.0757812038064003
2021-06-07,0.0757812038064003
2021-06-08,0.0757812038064003
2021-06-09,0.0757812038064003
2021-06-10,0.0757812038064003
2021-06-11,0.0
2021-06-12,0.0
2021-06-13,0.0
2021-06-14,0.0
2021-06-15,0.0
2021-06-16,0.0
2021-06-17,0.0
2021-06-18,0.0
2021-06-19,0.0
2021-06-20,0.0
2021-06-21,0.718081533908844
2021-06-22,0.21815136075019836
2021-06-23,0.21815136075019836
2021-06-24,0.8089779615402222
2021-06-25,0.21815136075019836
2021-06-26,0.0
2021-06-27,0.0
2021-06-28,0.0
2021-06-29,0.0
2021-06-30,0.0
2021-07-01,0.0
2021-07-02,0.0
2021-07-03,0.0
2021-07-04,0.0
2021-07-05,0.0
2021-07-06,0.0
2021-07-07,0.0
2021-07-08,0.0
2021-07-09,0.0
2021-07-10,0.0
2021-07-11,0.0
2021-07-12,0.0
2021-07-13,0.0
2021-07-14,0.0
2021-07-15,0.0
2021-07-16,0.0
2021-07-17,0.0
2021-07-18,0.0
2021-07-19,0.0
2021-07-20,0.0
2021-07-21,0.0
2021-07-22,0.0
2021-07-23,0.0
2021-07-24,0.0
2021-07-25,0.0
2021-07-26,0.0
2021-07-27,0.0
2021-07-28,0.0
2021-07-29,0.0
2021-07-30,0.0
2021-07-31,0.0
2021-08-01,0.0
2021-08-02,0.0
2021-08-03,0.0
2021-08-04,0.0
2021-08-05,0.0
2021-08-06,0.0
2021-08-07,0.0
2021-08-08,0.0
2021-08-09,0.0
2021-08-10,0.0
2021-08-11,0.0
2021-08-12,0.0
2021-08-13,0.0
2021-08-14,0.0
2021-08-15,0.0
2021-08-16,0.0
2021-08-17,0.0
2021-08-18,0.0
2021-08-19,0.0
2021-08-20,0.0
2021-08-21,0.03320103883743286
2021-08-22,0.03320103883743286
2021-08-23,0.03320103883743286
2021-08-24,0.03320103883743286
2021-08-25,0.03320103883743286
2021-08-26,0.0
2021-08-27,0.0
2021-08-28,0.0
2021-08-29,0.0
2021-08-30,0.0
2021-08-31,0.0
2021-09-01,0.0
2021-09-02,0.0
2021-09-03,0.0
2021-09-04,0.0
2021-09-05,0.0
2021-09-06,0.0
2021-09-07,0.0
2021-09-08,0.0
2021-09-09,0.0
2021-09-10,0.0
2021-09-11,0.0
2021-09-12,0.0
2021-09-13,0.0
2021-09-14,0.0
2021-09-15,0.0
2021-09-16,0.0
2021-09-17,0.0
2021-09-18,0.07373601943254471
2021-09-19,0.0
2021-09-20,4.914353370666504
2021-09-21,7.893631458282471
2021-09-22,0.004737988114356995
2021-09-23,0.004594746977090836
2021-09-24,0.0
2021-09-25,0.0
2021-09-26,0.0
2021-09-27,0.0
2021-09-28,0.0
2021-09-29,0.0
2021-09-30,0.0
2021-10-01,0.0
2021-10-02,0.0
2021-10-03,0.0
2021-10-04,0.0
2021-10-05,0.0
2021-10-06,2.435870409011841
2021-10-07,17.385610580444336
2021-10-08,0.0
2021-10-09,0.5327836871147156
2021-10-10,2.434723138809204
2021-10-11,0.0
2021-10-12,0.0
2021-10-13,0.002008018782362342
2021-10-14,6.023843765258789
2021-10-15,4.761226177215576
2021-10-16,0.0
2021-10-17,0.0
2021-10-18,0.0
2021-10-19,0.0
2021-10-20,0.0
2021-10-21,0.0
2021-10-22,0.0
2021-10-23,0.0
2021-10-24,0.0
2021-10-25,0.0
2021-10-26,0.16666021943092346
2021-10-27,0.16666021943092346
2021-10-28,0.16666021943092346
2021-10-29,0.16666021943092346
2021-10-30,0.16666021943092346
2021-10-31,3.166543960571289
2021-11-01,0.07588104903697968
2021-11-02,37.769920349121094
2021-11-03,0.0
2021-11-04,0.004426869098097086
2021-11-05,3.749829053878784
2021-11-06,0.7414228916168213
2021-11-07,0.6557092666625977
2021-11-08,3.7628283500671387
2021-11-09,0.6449950933456421
2021-11-10,0.6449950933456421
2021-11-11,12.231111526489258
2021-11-12,0.0
2021-11-13,0.0
2021-11-14,14.672819137573242
2021-11-15,0.06488288193941116
2021-11-16,0.0
2021-11-17,0.0
2021-11-18,0.0
2021-11-19,0.0
2021-11-20,0.0
2021-11-21,0.0
2021-11-22,0.0
2021-11-23,9.592730522155762
2021-11-24,7.402792930603027
2021-11-25,0.0
2021-11-26,0.11759105324745178
2021-11-27,0.007056908216327429
2021-11-28,14.48351001739502
2021-11-29,0.2419479638338089
2021-11-30,0.37587887048721313
2021-12-01,0.0
2021-12-02,0.0
2021-12-03,5.381629943847656
2021-12-04,1.6903307437896729
2021-12-05,19.071876525878906
2021-12-06,3.2600154876708984
2021-12-07,0.0
2021-12-08,0.34462037682533264
2021-12-09,0.560492217540741
2021-12-10,0.0
2021-12-11,8.43552017211914
2021-12-12,2.609628677368164
2021-12-13,0.06365575641393661
2021-12-14,46.967464447021484
2021-12-15,0.2766036093235016
2021-12-16,0.1300889253616333
2021-12-17,0.0
2021-12-18,0.0
2021-12-19,6.419161319732666
2021-12-20,11.611742973327637
2021-12-21,13.470026969909668
2021-12-22,22.95285987854004
2021-12-23,4.987093448638916
2021-12-24,0.0
2021-12-25,0.14943525195121765
2021-12-26,0.0
2021-12-27,0.0
2021-12-28,0.07353965938091278
2021-12-29,0.059532105922698975
2021-12-30,0.0
2021-12-31,4.797586917877197
2022-01-01,0.0
2022-01-02,1.3899446725845337
2022-01-03,25.131771087646484
2022-01-04,16.63890838623047
2022-01-05,7.430393695831299
2022-01-06,0.0
2022-01-07,0.0
2022-01-08,0.0
2022-01-09,0.0
2022-01-10,0.0
2022-01-11,6.577071189880371
2022-01-12,0.27356019616127014
2022-01-13,0.016973841935396194
2022-01-14,0.24574163556098938
2022-01-15,0.0
2022-01-16,0.0
2022-01-17,0.0
2022-01-18,12.790700912475586
2022-01-19,2.733119249343872
2022-01-20,0.0
2022-01-21,0.39984866976737976
2022-01-22,0.39984866976737976
2022-01-23,1.2728699445724487
2022-01-24,5.524557590484619
2022-01-25,0.39984866976737976
2022-01-26,0.0
2022-01-27,0.0
2022-01-28,0.0
2022-01-29,0.0
2022-01-30,0.0
2022-01-31,0.0
2022-02-01,4.3727288246154785
2022-02-02,0.7944619655609131
2022-02-03,0.05005433037877083
2022-02-04,1.030130386352539
2022-02-05,11.102706909179688
2022-02-06,0.0
2022-02-07,0.0
2022-02-08,0.0
2022-02-09,0.0
2022-02-10,0.0
2022-02-11,0.0
2022-02-12,8.373953819274902
2022-02-13,0.0
2022-02-14,0.0
2022-02-15,0.4873032867908478
2022-02-16,0.0
2022-02-17,6.724269866943359
2022-02-18,1.4023480415344238
2022-02-19,0.0
2022-02-20,6.662562370300293
2022-02-21,0.30505338311195374
2022-02-22,26.865156173706055
2022-02-23,0.0
2022-02-24,0.0
2022-02-25,0.0
2022-02-26,0.029503358528017998
2022-02-27,0.029503358528017998
2022-02-28,0.029503358528017998
2022-03-01,0.026760801672935486
2022-03-02,0.026760801672935486
2022-03-03,0.0936628133058548
2022-03-04,0.0936628058552742
2022-03-05,0.026760801672935486
2022-03-06,11.574960708618164
2022-03-07,0.0
2022-03-08,0.0
2022-03-09,0.0
2022-03-10,0.20722335577011108
2022-03-11,1.1064512729644775
2022-03-12,2.5982961654663086
2022-03-13,0.21792630851268768
2022-03-14,0.21792630851268768
2022-03-15,0.21792630851268768
2022-03-16,0.0
2022-03-17,0.0
2022-03-18,0.0
2022-03-19,1.467423439025879
2022-03-20,0.0
2022-03-21,0.0
2022-03-22,0.0
2022-03-23,0.0
2022-03-24,0.0
2022-03-25,0.0
2022-03-26,0.0
2022-03-27,0.0
2022-03-28,0.0
2022-03-29,0.0
2022-03-30,0.0
2022-03-31,0.0
2022-04-01,0.028256243094801903
2022-04-02,0.028256243094801903
2022-04-03,0.4475574791431427
2022-04-04,0.028256243094801903
2022-04-05,0.03279867023229599
2022-04-06,0.0
2022-04-07,6.617016315460205
2022-04-08,11.049493789672852
2022-04-09,0.0
2022-04-10,0.0
2022-04-11,0.0
2022-04-12,0.0
2022-04-13,0.0
2022-04-14,0.0
2022-04-15,0.0
2022-04-16,0.0
2022-04-17,0.0
2022-04-18,0.0
2022-04-19,0.0
2022-04-20,0.0
2022-04-21,0.043664153665304184
2022-04-22,0.043664153665304184
2022-04-23,0.043664153665304184
2022-04-24,0.043664153665304184
2022-04-25,0.043664153665304184
2022-04-26,0.2896463871002197
2022-04-27,0.2896463871002197
2022-04-28,0.2896463871002197
2022-04-29,0.2896463871002197
2022-04-30,0.2896463871002197
2022-05-01,0.04280281439423561
2022-05-02,0.04280281439423561
2022-05-03,0.04280281439423561
2022-05-04,0.04280281439423561
2022-05-05,0.04280281439423561
2022-05-06,0.19727005064487457
2022-05-07,0.19727005064487457
2022-05-08,0.19727005064487457
2022-05-09,0.19727005064487457
2022-05-10,0.19727005064487457
2022-05-11,0.0
2022-05-12,0.0
2022-05-13,0.0
2022-05-14,0.0
2022-05-15,0.0
2022-05-16,0.0
2022-05-17,0.0
2022-05-18,0.0
2022-05-19,0.0
2022-05-20,0.0
2022-05-21,0.0
2022-05-22,0.0
2022-05-23,0.0
2022-05-24,0.0
2022-05-25,0.0
2022-05-26,0.0
2022-05-27,0.0
2022-05-28,0.0
2022-05-29,0.0
2022-05-30,0.0
2022-05-31,0.0
2022-06-01,0.1938878744840622
2022-06-02,3.102205991744995
2022-06-03,0.1938878744840622
2022-06-04,0.1938878744840622
2022-06-05,0.1938878744840622
2022-06-06,0.1790110170841217
2022-06-07,0.2694440484046936
2022-06-08,0.1790110170841217
2022-06-09,0.1790110170841217
2022-06-10,0.9836330413818359
2022-06-11,0.0
2022-06-12,0.0
2022-06-13,0.0
2022-06-14,0.0
2022-06-15,0.0
2022-06-16,0.0
2022-06-17,0.0
2022-06-18,0.0
2022-06-19,0.0
2022-06-20,0.0
2022-06-21,0.0
2022-06-22,0.0
2022-06-23,0.0
2022-06-24,0.0
2022-06-25,0.0
2022-06-26,0.0
2022-06-27,0.0
2022-06-28,0.0
2022-06-29,0.0
2022-06-30,0.0
2022-07-01,0.0
2022-07-02,0.0
2022-07-03,0.0
2022-07-04,0.0
2022-07-05,0.0
2022-07-06,0.0
2022-07-07,0.0
2022-07-08,0.0
2022-07-09,0.0
2022-07-10,0.0
2022-07-11,2.5069503784179688
2022-07-12,0.0
2022-07-13,0.0
2022-07-14,0.0
2022-07-15,7.520851135253906
2022-07-16,0.0
2022-07-17,0.0
2022-07-18,0.0
2022-07-19,0.0
2022-07-20,0.0
2022-07-21,0.0
2022-07-22,0.0
2022-07-23,0.0
2022-07-24,0.0
2022-07-25,0.0
2022-07-26,0.0
2022-07-27,0.0
2022-07-28,0.0
2022-07-29,0.0
2022-07-30,0.0
2022-07-31,0.0
2022-08-01,0.0
2022-08-02,0.0
2022-08-03,0.0
2022-08-04,0.0
2022-08-05,0.0
2022-08-06,0.0
2022-08-07,0.0
2022-08-08,0.0
2022-08-09,0.0
2022-08-10,0.0
2022-08-11,0.0
2022-08-12,0.0
2022-08-13,0.0
2022-08-14,0.0
2022-08-15,0.0
2022-08-16,0.0
2022-08-17,0.0
2022-08-18,0.0
2022-08-19,0.0
2022-08-20,0.0
2022-08-21,0.0
2022-08-22,0.0
2022-08-23,0.0
2022-08-24,0.0
2022-08-25,0.0
2022-08-26,0.0
2022-08-27,0.0
2022-08-28,0.0
2022-08-29,0.0
2022-08-30,0.0
2022-08-31,0.0
2022-09-01,0.0
2022-09-02,0.0
2022-09-03,0.0
2022-09-04,0.0
2022-09-05,0.0
2022-09-06,0.0
2022-09-07,0.0
2022-09-08,0.0
2022-09-09,0.0
2022-09-10,0.0
2022-09-11,0.0
2022-09-12,0.0
2022-09-13,0.0
2022-09-14,0.0
2022-09-15,0.0
2022-09-16,0.0
2022-09-17,0.0
2022-09-18,0.0
2022-09-19,0.0
2022-09-20,0.0
2022-09-21,0.0
2022-09-22,0.0
2022-09-23,0.0
2022-09-24,0.0
2022-09-25,0.0
2022-09-26,0.0
2022-09-27,0.18973994255065918
2022-09-28,1.3552263975143433
2022-09-29,0.0
2022-09-30,0.0
2022-10-01,0.0
2022-10-02,0.0
2022-10-03,0.0
2022-10-04,0.0
2022-10-05,1.865264654159546
2022-10-06,0.0
2022-10-07,0.0
2022-10-08,0.0
2022-10-09,0.0
2022-10-10,0.0
2022-10-11,0.0
2022-10-12,0.0
2022-10-13,0.0
2022-10-14,0.0
2022-10-15,0.0
2022-10-16,0.15344426035881042
2022-10-17,5.630990982055664
2022-10-18,5.631814002990723
2022-10-19,0.0
2022-10-20,0.0
2022-10-21,0.0
2022-10-22,0.0
2022-10-23,0.0
2022-10-24,0.0
2022-10-25,0.0
2022-10-26,13.529162406921387
2022-10-27,0.0
2022-10-28,0.017808973789215088
2022-10-29,0.0
2022-10-30,5.461814880371094
2022-10-31,4.5702948570251465
2022-11-01,0.0
2022-11-02,0.0
2022-11-03,0.0
2022-11-04,0.0
2022-11-05,0.0
2022-11-06,0.0
2022-11-07,0.0
2022-11-08,0.0
2022-11-09,0.0
2022-11-10,0.0
2022-11-11,0.4858326017856598
2022-11-12,1.2955535650253296
2022-11-13,0.4858326017856598
2022-11-14,0.4858326017856598
2022-11-15,0.4858326017856598
2022-11-16,0.031924135982990265
2022-11-17,0.031924135982990265
2022-11-18,0.031924135982990265
2022-11-19,0.032915566116571426
2022-11-20,0.5097947716712952
2022-11-21,0.0
2022-11-22,0.0
2022-11-23,0.0
2022-11-24,0.0
2022-11-25,0.0
2022-11-26,0.0
2022-11-27,0.0
2022-11-28,0.0
2022-11-29,11.825727462768555
2022-11-30,5.042400360107422
2022-12-01,3.084012508392334
2022-12-02,0.18440131843090057
2022-12-03,0.0
2022-12-04,0.0
2022-12-05,0.0
2022-12-06,0.1595129817724228
2022-12-07,1.5788302421569824
2022-12-08,0.1595129817724228
2022-12-09,0.1595129817724228
2022-12-10,1.1328905820846558
2022-12-11,13.972862243652344
2022-12-12,0.0
2022-12-13,41.62632751464844
2022-12-14,0.5051493048667908
2022-12-15,0.5663545727729797
2022-12-16,5.584323406219482
2022-12-17,5.009822368621826
2022-12-18,0.6595905423164368
2022-12-19,1.4466720819473267
2022-12-20,0.0
2022-12-21,7.952023983001709
2022-12-22,0.044502727687358856
2022-12-23,1.3836283683776855
2022-12-24,1.0536127090454102
2022-12-25,0.05192159116268158
2022-12-26,0.0
2022-12-27,0.0059183211997151375
2022-12-28,0.01540329772979021
2022-12-29,0.15859535336494446
2022-12-30,0.0
2022-12-31,0.0
2023-01-01,9.170737266540527
2023-01-02,4.183075904846191
2023-01-03,0.4210159182548523
2023-01-04,2.984700918197632
2023-01-05,0.0
2023-01-06,0.0
2023-01-07,0.0
2023-01-08,0.0
2023-01-09,0.0
2023-01-10,0.0
2023-01-11,0.7670717835426331
2023-01-12,12.099749565124512
2023-01-13,0.45803001523017883
2023-01-14,35.26460647583008
2023-01-15,0.0
2023-01-16,0.0
2023-01-17,0.0
2023-01-18,0.0288755651563406
2023-01-19,3.971702814102173
2023-01-20,0.0
2023-01-21,0.0
2023-01-22,0.11973839998245239
2023-01-23,15.05300235748291
2023-01-24,0.0
2023-01-25,0.0
2023-01-26,6.153120994567871
2023-01-27,0.0
2023-01-28,0.18265657126903534
2023-01-29,21.710939407348633
2023-01-30,0.0
2023-01-31,13.35214900970459
2023-02-01,0.00805969163775444
2023-02-02,0.32186198234558105
2023-02-03,4.152581214904785
2023-02-04,0.0
2023-02-05,1.8547173738479614
2023-02-06,0.023298082873225212
2023-02-07,0.12122350186109543
2023-02-08,6.097482681274414
2023-02-09,3.0853075981140137
2023-02-10,20.91261100769043
2023-02-11,0.0
2023-02-12,0.07419803738594055
2023-02-13,0.11729168891906738
2023-02-14,0.0
2023-02-15,11.407356262207031
2023-02-16,8.324233055114746
2023-02-17,2.6062703132629395
2023-02-18,0.0
2023-02-19,0.0
2023-02-20,0.0
2023-02-21,0.0
2023-02-22,0.0
2023-02-23,0.0
2023-02-24,0.0
2023-02-25,0.0
2023-02-26,29.853994369506836
2023-02-27,0.10625474154949188
2023-02-28,0.0
2023-03-01,0.035060442984104156
2023-03-02,33.111148834228516
2023-03-03,0.0
2023-03-04,0.0
2023-03-05,0.0
2023-03-06,1.891136646270752
2023-03-07,13.895027160644531
2023-03-08,0.28515809774398804
2023-03-09,8.377638816833496
2023-03-10,1.5299980640411377
2023-03-11,0.04941678047180176
2023-03-12,0.0
2023-03-13,1.7887147665023804
2023-03-14,0.0
2023-03-15,30.265329360961914
2023-03-16,0.1436348259449005
2023-03-17,0.1436348259449005
2023-03-18,0.1436348259449005
2023-03-19,1.5799829959869385
2023-03-20,0.8618089556694031
2023-03-21,0.0
2023-03-22,0.9121173024177551
2023-03-23,0.004317461047321558
2023-03-24,0.044609762728214264
2023-03-25,0.0769243836402893
2023-03-26,52.0775260925293
2023-03-27,0.0
2023-03-28,0.0
2023-03-29,0.004071569535881281
2023-03-30,12.082565307617188
2023-03-31,5.003661155700684
2023-04-01,37.78350830078125
2023-04-02,0.0
2023-04-03,0.0
2023-04-04,7.880107879638672
2023-04-05,2.101846694946289
2023-04-06,0.0
2023-04-07,0.0
2023-04-08,0.0
2023-04-09,0.0
2023-04-10,0.0
2023-04-11,0.0
2023-04-12,0.0
2023-04-13,0.006457472685724497
2023-04-14,12.676019668579102
2023-04-15,0.0
2023-04-16,0.0
2023-04-17,0.0
2023-04-18,0.0
2023-04-19,0.0
2023-04-20,0.0
2023-04-21,0.07884322851896286
2023-04-22,0.07884322851896286
2023-04-23,0.07884322851896286
2023-04-24,0.07884322851896286
2023-04-25,0.07884322851896286
2023-04-26,0.1666272133588791
2023-04-27,0.1666272133588791
2023-04-28,0.1666272133588791
2023-04-29,0.1666272133588791
2023-04-30,0.1666272133588791
2023-05-01,0.0
2023-05-02,0.0
2023-05-03,0.0
2023-05-04,0.0
2023-05-05,25.96626091003418
2023-05-06,15.97435474395752
2023-05-07,0.0067030759528279305
2023-05-08,2.127246141433716
2023-05-09,1.9937971830368042
2023-05-10,0.06611377745866776
2023-05-11,0.0
2023-05-12,0.0
2023-05-13,0.0
2023-05-14,0.0
2023-05-15,0.0
2023-05-16,0.0
2023-05-17,0.0
2023-05-18,0.0
2023-05-19,0.0
2023-05-20,0.0
2023-05-21,0.0
2023-05-22,0.0
2023-05-23,0.0
2023-05-24,0.0
2023-05-25,0.0
2023-05-26,0.0
2023-05-27,0.014800689183175564
2023-05-28,9.551318168640137
2023-05-29,0.20233549177646637
2023-05-30,0.0
2023-05-31,0.0
2023-06-01,0.0
2023-06-02,0.0
2023-06-03,0.0
2023-06-04,0.0
2023-06-05,0.0
2023-06-06,0.0565955750644207
2023-06-07,0.0565955750644207
2023-06-08,0.0565955750644207
2023-06-09,0.0565955750644207
2023-06-10,0.0565955750644207
2023-06-11,0.0
2023-06-12,0.0
2023-06-13,0.0
2023-06-14,0.0
2023-06-15,0.0
2023-06-16,0.0
2023-06-17,0.0
2023-06-18,0.0
2023-06-19,0.0
2023-06-20,0.0
2023-06-21,0.0
2023-06-22,0.0
2023-06-23,0.0
2023-06-24,0.0
2023-06-25,0.0
2023-06-26,0.0
2023-06-27,0.0
2023-06-28,0.0
2023-06-29,0.0
2023-06-30,0.0
2023-07-01,0.0
2023-07-02,0.0
2023-07-03,0.0
2023-07-04,0.0
2023-07-05,0.0
2023-07-06,0.0
2023-07-07,0.0
2023-07-08,0.0
2023-07-09,0.0
2023-07-10,0.0
2023-07-11,0.0
2023-07-12,0.0
2023-07-13,0.0
2023-07-14,0.0
2023-07-15,0.0
2023-07-16,0.0
2023-07-17,0.0
2023-07-18,0.0
2023-07-19,0.0
2023-07-20,0.0
2023-07-21,0.0
2023-07-22,0.0
2023-07-23,0.0
2023-07-24,0.0
2023-07-25,0.0
2023-07-26,0.0
2023-07-27,0.0
2023-07-28,0.0
2023-07-29,0.0
2023-07-30,0.0
2023-07-31,0.0
2023-08-01,0.0
2023-08-02,0.0
2023-08-03,0.0
2023-08-04,0.0
2023-08-05,0.0
2023-08-06,0.0
2023-08-07,0.0
2023-08-08,0.0
2023-08-09,0.0
2023-08-10,0.0
2023-08-11,1.367882251739502
2023-08-12,3.647686004638672
2023-08-13,1.367882251739502
2023-08-14,1.367882251739502
2023-08-15,1.367882251739502
2023-08-16,0.0
2023-08-17,0.0
2023-08-18,4.6826348304748535
2023-08-19,0.1074632853269577
2023-08-20,0.0
2023-08-21,0.0
2023-08-22,0.0
2023-08-23,0.0
2023-08-24,0.0
2023-08-25,0.0
2023-08-26,0.0
2023-08-27,0.0
2023-08-28,0.0
2023-08-29,0.0
2023-08-30,0.0
2023-08-31,0.0
2023-09-01,4.804380893707275
2023-09-02,1.24527108669281
2023-09-03,0.3881877064704895
2023-09-04,0.0
2023-09-05,0.0
2023-09-06,0.0
2023-09-07,0.0
2023-09-08,0.0
2023-09-09,0.0
2023-09-10,0.0
2023-09-11,0.0
2023-09-12,1.4335994720458984
2023-09-13,1.850919485092163
2023-09-14,0.0
2023-09-15,0.0
2023-09-16,0.16005924344062805
2023-09-17,0.16005924344062805
2023-09-18,0.16005924344062805
2023-09-19,0.16005924344062805
2023-09-20,0.16005924344062805
2023-09-21,0.0
2023-09-22,0.0
2023-09-23,0.0
2023-09-24,0.0
2023-09-25,0.0
2023-09-26,0.0
2023-09-27,0.0
2023-09-28,0.0
2023-09-29,0.0
2023-09-30,0.0
2023-10-01,0.0
2023-10-02,0.0
2023-10-03,0.0
2023-10-04,0.0
2023-10-05,0.0
2023-10-06,0.0
2023-10-07,0.0
2023-10-08,0.0
2023-10-09,0.0
2023-10-10,0.0
2023-10-11,0.5881305932998657
2023-10-12,0.5881305932998657
2023-10-13,0.5881305932998657
2023-10-14,0.5881305932998657
2023-10-15,0.5881305932998657
2023-10-16,0.0
2023-10-17,0.0
2023-10-18,5.258659839630127
2023-10-19,0.13547192513942719
2023-10-20,0.4779610335826874
2023-10-21,1.1358039379119873
2023-10-22,0.0
2023-10-23,0.0
2023-10-24,0.6688247323036194
2023-10-25,11.370036125183105
2023-10-26,0.0
2023-10-27,0.427179753780365
2023-10-28,0.0
2023-10-29,0.0
2023-10-30,18.32341194152832
2023-10-31,0.522407054901123
2023-11-01,0.0
2023-11-02,0.0
2023-11-03,0.0
2023-11-04,0.0
2023-11-05,0.0
2023-11-06,0.6397678852081299
2023-11-07,0.6397678852081299
2023-11-08,10.236286163330078
2023-11-09,0.6397678852081299
2023-11-10,0.6397678852081299
2023-11-11,0.0
2023-11-12,2.9116151332855225
2023-11-13,24.030202865600586
2023-11-14,0.0
2023-11-15,0.0
2023-11-16,2.815300703048706
2023-11-17,3.0851175785064697
2023-11-18,1.2501790523529053
2023-11-19,6.8133745193481445
2023-11-20,0.0
2023-11-21,4.244234561920166
2023-11-22,3.3992176055908203
2023-11-23,6.47276496887207
2023-11-24,0.24696442484855652
2023-11-25,0.0
2023-11-26,0.0
2023-11-27,7.701329231262207
2023-11-28,0.0
2023-11-29,0.0
2023-11-30,0.0
2023-12-01,0.0
2023-12-02,0.23506011068820953
2023-12-03,16.543806076049805
2023-12-04,10.788983345031738
2023-12-05,0.0
2023-12-06,0.3463837802410126
2023-12-07,2.0783028602600098
2023-12-08,3.8102216720581055
2023-12-09,0.3463837802410126
2023-12-10,0.3463837802410126
2023-12-11,0.0
2023-12-12,0.0
2023-12-13,0.0
2023-12-14,1.0828454494476318
2023-12-15,28.71125030517578
2023-12-16,0.0
2023-12-17,0.0
2023-12-18,21.283666610717773
2023-12-19,0.44874492287635803
2023-12-20,0.0
2023-12-21,0.0
2023-12-22,0.0
2023-12-23,0.0
2023-12-24,0.0
2023-12-25,24.005512237548828
2023-12-26,3.240229368209839
2023-12-27,0.0
2023-12-28,0.0
2023-12-29,30.772523880004883
2023-12-30,8.888178825378418
2023-12-31,0.0
