fecha,Precipitacion
1998-01-01,7.344123840332031
1998-01-02,5.097067832946777
1998-01-03,0.0
1998-01-04,0.0
1998-01-05,0.0
1998-01-06,11.088038444519043
1998-01-07,6.0597357749938965
1998-01-08,0.5793509483337402
1998-01-09,0.0
1998-01-10,1.3006864786148071
1998-01-11,1.4760875701904297
1998-01-12,0.2791801691055298
1998-01-13,0.0
1998-01-14,0.0
1998-01-15,0.0
1998-01-16,0.0
1998-01-17,6.710867881774902
1998-01-18,6.560992240905762
1998-01-19,0.0
1998-01-20,0.0
1998-01-21,0.0
1998-01-22,8.738412857055664
1998-01-23,4.574526786804199
1998-01-24,0.0
1998-01-25,0.0
1998-01-26,2.249256134033203
1998-01-27,4.591582298278809
1998-01-28,16.729097366333008
1998-01-29,0.006527003366500139
1998-01-30,0.0
1998-01-31,1.0169509649276733
1998-02-01,0.6660065650939941
1998-02-02,1.9294214248657227
1998-02-03,12.375432968139648
1998-02-04,2.5872719287872314
1998-02-05,0.6587742567062378
1998-02-06,0.0
1998-02-07,0.05675318464636803
1998-02-08,3.377385139465332
1998-02-09,0.06740602105855942
1998-02-10,27.704509735107422
1998-02-11,0.0
1998-02-12,0.0
1998-02-13,0.0
1998-02-14,0.0
1998-02-15,0.0
1998-02-16,0.0
1998-02-17,4.820016384124756
1998-02-18,11.649541854858398
1998-02-19,11.798240661621094
1998-02-20,0.04642790928483009
1998-02-21,4.513835430145264
1998-02-22,65.47164916992188
1998-02-23,10.229290962219238
1998-02-24,0.770786702632904
1998-02-25,0.9857063293457031
1998-02-26,7.413234710693359
1998-02-27,3.690354347229004
1998-02-28,2.674656391143799
1998-03-01,5.706688404083252
1998-03-02,0.0
1998-03-03,2.240041732788086
1998-03-04,0.0
1998-03-05,0.0
1998-03-06,0.017628559842705727
1998-03-07,0.6924590468406677
1998-03-08,9.617867469787598
1998-03-09,0.0
1998-03-10,0.0
1998-03-11,0.8145654797554016
1998-03-12,0.0
1998-03-13,0.1043095737695694
1998-03-14,0.41273343563079834
1998-03-15,6.3236613273620605
1998-03-16,12.065116882324219
1998-03-17,11.172873497009277
1998-03-18,0.0
1998-03-19,0.0
1998-03-20,0.0
1998-03-21,0.27735546231269836
1998-03-22,0.0
1998-03-23,0.0
1998-03-24,0.0
1998-03-25,10.512153625488281
1998-03-26,0.0013217977248132229
1998-03-27,0.0
1998-03-28,0.0
1998-03-29,0.0
1998-03-30,5.306861400604248
1998-03-31,28.371225357055664
1998-04-01,8.336044311523438
1998-04-02,14.009668350219727
1998-04-03,0.11013911664485931
1998-04-04,0.0
1998-04-05,0.0
1998-04-06,0.0
1998-04-07,0.0
1998-04-08,0.0
1998-04-09,0.0
1998-04-10,0.0
1998-04-11,0.0
1998-04-12,0.0
1998-04-13,3.3440375328063965
1998-04-14,0.0
1998-04-15,2.736199140548706
1998-04-16,1.326309323310852
1998-04-17,0.0
1998-04-18,0.0
1998-04-19,0.0
1998-04-20,0.0
1998-04-21,0.0
1998-04-22,0.0
1998-04-23,0.0
1998-04-24,0.0
1998-04-25,0.0
1998-04-26,1.762961506843567
1998-04-27,0.06283191591501236
1998-04-28,0.00438837381079793
1998-04-29,0.0
1998-04-30,0.0
1998-05-01,0.0
1998-05-02,0.0
1998-05-03,0.0
1998-05-04,0.0
1998-05-05,0.0
1998-05-06,0.0
1998-05-07,0.0
1998-05-08,0.0
1998-05-09,0.0
1998-05-10,0.0
1998-05-11,0.0
1998-05-12,0.10176074504852295
1998-05-13,1.0010359287261963
1998-05-14,0.3070876896381378
1998-05-15,0.06214822828769684
1998-05-16,0.0
1998-05-17,0.0
1998-05-18,0.0
1998-05-19,0.0
1998-05-20,0.0
1998-05-21,0.0
1998-05-22,0.0
1998-05-23,0.0
1998-05-24,0.0
1998-05-25,0.0
1998-05-26,0.0
1998-05-27,0.0
1998-05-28,0.0
1998-05-29,0.0
1998-05-30,0.0
1998-05-31,0.0
1998-06-01,0.0
1998-06-02,0.0
1998-06-03,0.0
1998-06-04,0.0
1998-06-05,0.0
1998-06-06,0.0
1998-06-07,0.0
1998-06-08,0.0
1998-06-09,0.0
1998-06-10,0.0
1998-06-11,0.0
1998-06-12,0.0
1998-06-13,0.0
1998-06-14,0.0
1998-06-15,0.0
1998-06-16,0.0
1998-06-17,0.0
1998-06-18,0.0
1998-06-19,0.0
1998-06-20,0.0
1998-06-21,0.0
1998-06-22,0.0
1998-06-23,0.0
1998-06-24,0.0
1998-06-25,0.0
1998-06-26,0.0
1998-06-27,0.0
1998-06-28,0.0
1998-06-29,0.0
1998-06-30,0.0
1998-07-01,0.0
1998-07-02,0.0
1998-07-03,0.0
1998-07-04,0.0
1998-07-05,0.0
1998-07-06,0.0
1998-07-07,0.0
1998-07-08,0.0
1998-07-09,0.0
1998-07-10,0.0
1998-07-11,0.0
1998-07-12,0.0
1998-07-13,0.0
1998-07-14,0.0
1998-07-15,0.0
1998-07-16,0.0
1998-07-17,0.0
1998-07-18,0.0
1998-07-19,0.0
1998-07-20,0.0
1998-07-21,0.0
1998-07-22,0.0
1998-07-23,0.0
1998-07-24,0.0
1998-07-25,0.0
1998-07-26,0.0
1998-07-27,0.0
1998-07-28,0.0
1998-07-29,0.0
1998-07-30,0.0
1998-07-31,0.0
1998-08-01,0.0
1998-08-02,0.0
1998-08-03,0.0
1998-08-04,0.0
1998-08-05,0.0
1998-08-06,0.0
1998-08-07,0.0
1998-08-08,0.0
1998-08-09,0.0
1998-08-10,0.0
1998-08-11,0.0
1998-08-12,0.0
1998-08-13,0.0
1998-08-14,0.0
1998-08-15,0.0
1998-08-16,0.0
1998-08-17,0.0
1998-08-18,0.0
1998-08-19,0.0
1998-08-20,0.0
1998-08-21,0.0
1998-08-22,0.0
1998-08-23,0.0
1998-08-24,0.0
1998-08-25,0.0
1998-08-26,0.0
1998-08-27,0.0
1998-08-28,0.0
1998-08-29,0.0
1998-08-30,0.0
1998-08-31,0.0
1998-09-01,0.04294644296169281
1998-09-02,0.04294644296169281
1998-09-03,0.04294644296169281
1998-09-04,0.04294644296169281
1998-09-05,0.04294644296169281
1998-09-06,0.0
1998-09-07,0.0
1998-09-08,0.0
1998-09-09,0.0
1998-09-10,0.0
1998-09-11,0.0
1998-09-12,0.0
1998-09-13,6.429919719696045
1998-09-14,0.053520724177360535
1998-09-15,0.0
1998-09-16,0.0
1998-09-17,0.0
1998-09-18,0.0
1998-09-19,20.710206985473633
1998-09-20,0.16343900561332703
1998-09-21,0.0
1998-09-22,0.0
1998-09-23,0.0
1998-09-24,0.0
1998-09-25,0.0
1998-09-26,0.0
1998-09-27,0.5937872529029846
1998-09-28,0.0
1998-09-29,4.335892200469971
1998-09-30,0.0
1998-10-01,0.0
1998-10-02,0.0
1998-10-03,0.0
1998-10-04,0.0
1998-10-05,10.411755561828613
1998-10-06,17.384986877441406
1998-10-07,5.3034138679504395
1998-10-08,0.0
1998-10-09,11.354111671447754
1998-10-10,1.3872864246368408
1998-10-11,2.2559163570404053
1998-10-12,0.0
1998-10-13,7.662745952606201
1998-10-14,6.975253105163574
1998-10-15,0.0
1998-10-16,3.6543478965759277
1998-10-17,0.0
1998-10-18,0.002320680534467101
1998-10-19,0.03321313112974167
1998-10-20,0.0
1998-10-21,0.0
1998-10-22,3.5004756450653076
1998-10-23,1.4033706188201904
1998-10-24,15.71396255493164
1998-10-25,0.7180010676383972
1998-10-26,0.04157763719558716
1998-10-27,15.6123628616333
1998-10-28,20.45851707458496
1998-10-29,4.437655925750732
1998-10-30,0.1082097515463829
1998-10-31,0.29786133766174316
1998-11-01,0.0
1998-11-02,0.0
1998-11-03,0.0
1998-11-04,0.0
1998-11-05,0.0
1998-11-06,0.0
1998-11-07,0.0
1998-11-08,0.0
1998-11-09,0.0
1998-11-10,0.0
1998-11-11,8.65623664855957
1998-11-12,0.0
1998-11-13,0.8250073194503784
1998-11-14,1.6594105958938599
1998-11-15,0.0
1998-11-16,0.36980512738227844
1998-11-17,9.216069221496582
1998-11-18,3.5077178478240967
1998-11-19,6.283910751342773
1998-11-20,5.841421604156494
1998-11-21,21.120155334472656
1998-11-22,31.569791793823242
1998-11-23,0.0
1998-11-24,10.247605323791504
1998-11-25,0.0
1998-11-26,0.0
1998-11-27,0.0
1998-11-28,0.6565043926239014
1998-11-29,5.970521450042725
1998-11-30,0.8096601366996765
1998-12-01,0.8950104117393494
1998-12-02,8.568288803100586
1998-12-03,0.0
1998-12-04,0.0
1998-12-05,0.0
1998-12-06,0.0
1998-12-07,0.0
1998-12-08,0.038014791905879974
1998-12-09,0.522318422794342
1998-12-10,1.4292079210281372
1998-12-11,0.0
1998-12-12,0.0
1998-12-13,0.0
1998-12-14,0.0
1998-12-15,1.5931155681610107
1998-12-16,8.076075553894043
1998-12-17,4.796430587768555
1998-12-18,0.19275431334972382
1998-12-19,0.016727546229958534
1998-12-20,0.08568787574768066
1998-12-21,13.24109172821045
1998-12-22,2.0232324600219727
1998-12-23,0.0
1998-12-24,0.0
1998-12-25,0.0
1998-12-26,0.0
1998-12-27,0.0
1998-12-28,1.3167670965194702
1998-12-29,0.1744081825017929
1998-12-30,0.06381572782993317
1998-12-31,8.270668029785156
1999-01-01,9.005037307739258
1999-01-02,8.50712776184082
1999-01-03,2.6184942722320557
1999-01-04,0.09669729322195053
1999-01-05,4.666974067687988
1999-01-06,0.0
1999-01-07,0.0
1999-01-08,0.0
1999-01-09,0.0
1999-01-10,0.0
1999-01-11,0.0
1999-01-12,0.0
1999-01-13,0.0
1999-01-14,0.0
1999-01-15,0.0
1999-01-16,0.0
1999-01-17,0.0
1999-01-18,2.9321858882904053
1999-01-19,6.255574703216553
1999-01-20,0.3450370132923126
1999-01-21,0.0
1999-01-22,0.0
1999-01-23,0.0
1999-01-24,0.0
1999-01-25,0.0
1999-01-26,1.1358848810195923
1999-01-27,0.0
1999-01-28,19.752336502075195
1999-01-29,0.09455202519893646
1999-01-30,7.597616672515869
1999-01-31,6.943665027618408
1999-02-01,1.9099953174591064
1999-02-02,7.701869010925293
1999-02-03,1.6339167356491089
1999-02-04,0.28451064229011536
1999-02-05,0.0
1999-02-06,0.0
1999-02-07,0.0
1999-02-08,0.0
1999-02-09,0.0
1999-02-10,0.0
1999-02-11,2.0830953121185303
1999-02-12,0.1261887550354004
1999-02-13,4.660472393035889
1999-02-14,16.030899047851562
1999-02-15,0.35238948464393616
1999-02-16,27.615371704101562
1999-02-17,21.919004440307617
1999-02-18,3.705348491668701
1999-02-19,0.0038694473914802074
1999-02-20,0.0
1999-02-21,0.0013954290188848972
1999-02-22,0.0
1999-02-23,0.10819873958826065
1999-02-24,2.938023090362549
1999-02-25,0.0
1999-02-26,0.0
1999-02-27,0.0
1999-02-28,0.0
1999-03-01,0.0
1999-03-02,0.0
1999-03-03,0.0
1999-03-04,0.0
1999-03-05,0.0
1999-03-06,0.46747297048568726
1999-03-07,0.32607895135879517
1999-03-08,3.448930263519287
1999-03-09,18.144094467163086
1999-03-10,4.77416467666626
1999-03-11,0.9113214015960693
1999-03-12,0.0
1999-03-13,0.17362573742866516
1999-03-14,5.219823837280273
1999-03-15,19.976306915283203
1999-03-16,0.5383543372154236
1999-03-17,2.131370782852173
1999-03-18,7.954589366912842
1999-03-19,5.579177379608154
1999-03-20,23.804759979248047
1999-03-21,11.143885612487793
1999-03-22,3.987245798110962
1999-03-23,0.10485245287418365
1999-03-24,0.0010481467470526695
1999-03-25,0.19587992131710052
1999-03-26,0.0
1999-03-27,0.0
1999-03-28,3.6016223430633545
1999-03-29,17.45607566833496
1999-03-30,4.547333717346191
1999-03-31,2.287057876586914
1999-04-01,0.0
1999-04-02,0.0
1999-04-03,0.0
1999-04-04,0.0
1999-04-05,0.0
1999-04-06,0.0
1999-04-07,0.0
1999-04-08,0.0
1999-04-09,0.0
1999-04-10,0.0
1999-04-11,4.1927385330200195
1999-04-12,0.24546325206756592
1999-04-13,17.391939163208008
1999-04-14,0.0
1999-04-15,0.0
1999-04-16,0.0
1999-04-17,0.02165781334042549
1999-04-18,1.2177053689956665
1999-04-19,2.2129971981048584
1999-04-20,4.039453029632568
1999-04-21,5.015603542327881
1999-04-22,2.9923300743103027
1999-04-23,0.9257687330245972
1999-04-24,0.0
1999-04-25,1.4321359395980835
1999-04-26,0.0
1999-04-27,0.0
1999-04-28,0.0
1999-04-29,0.0
1999-04-30,0.0
1999-05-01,0.0
1999-05-02,1.3205231428146362
1999-05-03,0.27022287249565125
1999-05-04,0.0
1999-05-05,0.0
1999-05-06,0.0
1999-05-07,0.0
1999-05-08,0.0
1999-05-09,0.0
1999-05-10,0.0
1999-05-11,0.0
1999-05-12,0.0
1999-05-13,0.0
1999-05-14,0.0
1999-05-15,0.0
1999-05-16,0.0
1999-05-17,0.0
1999-05-18,0.0
1999-05-19,0.0
1999-05-20,0.0
1999-05-21,0.0
1999-05-22,0.0
1999-05-23,0.0
1999-05-24,0.0
1999-05-25,0.0
1999-05-26,5.055210590362549
1999-05-27,0.0
1999-05-28,0.0
1999-05-29,0.22489330172538757
1999-05-30,0.0
1999-05-31,0.0
1999-06-01,0.0
1999-06-02,0.0
1999-06-03,0.0
1999-06-04,0.0
1999-06-05,0.0
1999-06-06,0.0
1999-06-07,0.0
1999-06-08,0.0
1999-06-09,0.0
1999-06-10,0.0
1999-06-11,0.0
1999-06-12,0.0
1999-06-13,0.0
1999-06-14,0.0
1999-06-15,0.0
1999-06-16,0.0
1999-06-17,0.0
1999-06-18,0.0
1999-06-19,0.0
1999-06-20,0.0
1999-06-21,0.0
1999-06-22,0.0
1999-06-23,0.0
1999-06-24,0.0
1999-06-25,0.0
1999-06-26,0.0
1999-06-27,0.0
1999-06-28,0.0
1999-06-29,0.0
1999-06-30,0.0
1999-07-01,0.0
1999-07-02,0.0
1999-07-03,0.0
1999-07-04,0.0
1999-07-05,0.0
1999-07-06,0.0
1999-07-07,0.0
1999-07-08,0.0
1999-07-09,0.0
1999-07-10,0.0
1999-07-11,0.0
1999-07-12,0.0
1999-07-13,0.0
1999-07-14,0.0
1999-07-15,0.0
1999-07-16,0.0
1999-07-17,1.5012613534927368
1999-07-18,0.10708468407392502
1999-07-19,0.18818596005439758
1999-07-20,0.0
1999-07-21,0.0
1999-07-22,0.0
1999-07-23,0.0
1999-07-24,0.0
1999-07-25,0.0
1999-07-26,0.0
1999-07-27,0.0
1999-07-28,0.0
1999-07-29,0.0
1999-07-30,0.0
1999-07-31,0.0
1999-08-01,0.0
1999-08-02,0.0
1999-08-03,0.0
1999-08-04,0.0
1999-08-05,0.0
1999-08-06,0.0
1999-08-07,0.0
1999-08-08,0.0
1999-08-09,0.0
1999-08-10,0.0
1999-08-11,0.0
1999-08-12,0.0
1999-08-13,0.0
1999-08-14,0.0
1999-08-15,0.0
1999-08-16,0.0
1999-08-17,0.0
1999-08-18,0.0
1999-08-19,0.0
1999-08-20,0.0
1999-08-21,0.0
1999-08-22,0.0
1999-08-23,0.0
1999-08-24,0.0
1999-08-25,0.0
1999-08-26,0.0
1999-08-27,0.0
1999-08-28,0.0
1999-08-29,0.0
1999-08-30,0.0
1999-08-31,0.0
1999-09-01,0.0
1999-09-02,0.23532085120677948
1999-09-03,0.0811668187379837
1999-09-04,0.10986851155757904
1999-09-05,0.0
1999-09-06,0.0
1999-09-07,0.0
1999-09-08,0.0
1999-09-09,0.0
1999-09-10,0.0
1999-09-11,0.0
1999-09-12,0.0
1999-09-13,0.0
1999-09-14,0.0
1999-09-15,0.0
1999-09-16,0.0
1999-09-17,0.0
1999-09-18,0.0
1999-09-19,0.0
1999-09-20,0.0
1999-09-21,0.0
1999-09-22,0.0
1999-09-23,0.0
1999-09-24,0.0
1999-09-25,0.0
1999-09-26,0.0
1999-09-27,0.0
1999-09-28,5.214327812194824
1999-09-29,0.24355250597000122
1999-09-30,0.10169962793588638
1999-10-01,1.5944195985794067
1999-10-02,39.42824935913086
1999-10-03,6.423982620239258
1999-10-04,0.23712290823459625
1999-10-05,3.810485363006592
1999-10-06,0.6374560594558716
1999-10-07,0.0
1999-10-08,1.0713521242141724
1999-10-09,0.010420812293887138
1999-10-10,1.2110339403152466
1999-10-11,13.196940422058105
1999-10-12,0.7570037245750427
1999-10-13,0.31560736894607544
1999-10-14,0.003504248335957527
1999-10-15,1.8464879989624023
1999-10-16,7.600685119628906
1999-10-17,3.4470767974853516
1999-10-18,0.21945209801197052
1999-10-19,0.514657199382782
1999-10-20,0.008825371973216534
1999-10-21,7.729020595550537
1999-10-22,5.377487659454346
1999-10-23,1.0388494729995728
1999-10-24,0.7626362442970276
1999-10-25,0.0
1999-10-26,0.13617537915706635
1999-10-27,0.0
1999-10-28,0.020516835153102875
1999-10-29,11.188522338867188
1999-10-30,0.2928200662136078
1999-10-31,0.07434144616127014
1999-11-01,2.5170717239379883
1999-11-02,0.0
1999-11-03,7.085615634918213
1999-11-04,0.0027601858600974083
1999-11-05,0.0
1999-11-06,0.0
1999-11-07,0.06417590379714966
1999-11-08,14.975876808166504
1999-11-09,12.430578231811523
1999-11-10,0.1107475534081459
1999-11-11,0.7492786645889282
1999-11-12,0.0
1999-11-13,0.2540210485458374
1999-11-14,0.05641213431954384
1999-11-15,0.6778176426887512
1999-11-16,0.15284253656864166
1999-11-17,0.3267088532447815
1999-11-18,0.0
1999-11-19,0.0
1999-11-20,0.07687275111675262
1999-11-21,0.0
1999-11-22,0.0
1999-11-23,0.0
1999-11-24,0.0
1999-11-25,0.0
1999-11-26,0.0
1999-11-27,0.0
1999-11-28,0.0
1999-11-29,0.0
1999-11-30,0.0
1999-12-01,0.0
1999-12-02,0.04684656858444214
1999-12-03,0.049738798290491104
1999-12-04,0.1728978455066681
1999-12-05,0.24503570795059204
1999-12-06,35.521156311035156
1999-12-07,0.0
1999-12-08,0.0
1999-12-09,0.16572897136211395
1999-12-10,19.673969268798828
1999-12-11,0.006503949873149395
1999-12-12,0.07621406018733978
1999-12-13,0.047192759811878204
1999-12-14,15.417475700378418
1999-12-15,0.738506019115448
1999-12-16,0.0
1999-12-17,0.0
1999-12-18,0.0
1999-12-19,0.9423211216926575
1999-12-20,0.23372802138328552
1999-12-21,0.0
1999-12-22,0.2337593138217926
1999-12-23,0.3037536144256592
1999-12-24,0.0
1999-12-25,0.34494301676750183
1999-12-26,0.01819669082760811
1999-12-27,9.527238845825195
1999-12-28,0.0
1999-12-29,6.413188457489014
1999-12-30,10.224459648132324
1999-12-31,0.11727545410394669
2000-01-01,0.19862256944179535
2000-01-02,3.880946636199951
2000-01-03,9.541786193847656
2000-01-04,2.735713481903076
2000-01-05,1.566815972328186
2000-01-06,0.0
2000-01-07,0.0
2000-01-08,0.0
2000-01-09,0.0
2000-01-10,0.0
2000-01-11,0.9718387126922607
2000-01-12,1.7472630739212036
2000-01-13,0.010647314600646496
2000-01-14,1.1338615417480469
2000-01-15,6.864902019500732
2000-01-16,3.795541524887085
2000-01-17,0.0
2000-01-18,0.2459651082754135
2000-01-19,1.5289223194122314
2000-01-20,6.183115005493164
2000-01-21,1.8018666505813599
2000-01-22,20.68008041381836
2000-01-23,6.122002601623535
2000-01-24,2.422725200653076
2000-01-25,5.087527275085449
2000-01-26,7.641618251800537
2000-01-27,0.47373560070991516
2000-01-28,2.6422383785247803
2000-01-29,2.5927071571350098
2000-01-30,35.540977478027344
2000-01-31,50.06194305419922
2000-02-01,0.1390737146139145
2000-02-02,1.6717301607131958
2000-02-03,24.757951736450195
2000-02-04,0.03225795179605484
2000-02-05,0.0
2000-02-06,10.963944435119629
2000-02-07,7.645312786102295
2000-02-08,0.0
2000-02-09,8.251334190368652
2000-02-10,1.0604610443115234
2000-02-11,0.0
2000-02-12,0.06117505952715874
2000-02-13,8.086045265197754
2000-02-14,0.5534511804580688
2000-02-15,0.0
2000-02-16,0.0
2000-02-17,0.0
2000-02-18,0.0
2000-02-19,0.0
2000-02-20,0.0
2000-02-21,0.0
2000-02-22,0.0
2000-02-23,0.0
2000-02-24,0.0
2000-02-25,0.0
2000-02-26,0.0
2000-02-27,0.0
2000-02-28,8.343586921691895
2000-02-29,0.0
2000-03-01,0.0
2000-03-02,0.0
2000-03-03,0.2155819833278656
2000-03-04,1.480017066001892
2000-03-05,1.2236580848693848
2000-03-06,27.863792419433594
2000-03-07,6.559702396392822
2000-03-08,4.031508445739746
2000-03-09,2.341407537460327
2000-03-10,6.462766647338867
2000-03-11,25.290639877319336
2000-03-12,0.7470558285713196
2000-03-13,14.334508895874023
2000-03-14,11.528000831604004
2000-03-15,0.006764025427401066
2000-03-16,0.0
2000-03-17,0.0
2000-03-18,25.977811813354492
2000-03-19,0.5717605352401733
2000-03-20,0.0
2000-03-21,0.0
2000-03-22,1.5602058172225952
2000-03-23,0.0
2000-03-24,10.992711067199707
2000-03-25,1.8943430185317993
2000-03-26,0.0
2000-03-27,3.857421398162842
2000-03-28,2.583038330078125
2000-03-29,0.0
2000-03-30,4.156020641326904
2000-03-31,0.0
2000-04-01,0.0
2000-04-02,0.0
2000-04-03,0.0
2000-04-04,0.0
2000-04-05,0.0
2000-04-06,0.0
2000-04-07,0.0
2000-04-08,0.0
2000-04-09,0.0
2000-04-10,0.0
2000-04-11,0.0
2000-04-12,0.0
2000-04-13,0.0
2000-04-14,0.0
2000-04-15,0.0
2000-04-16,0.0
2000-04-17,0.0
2000-04-18,0.0
2000-04-19,0.0
2000-04-20,0.0
2000-04-21,0.0
2000-04-22,2.6779770851135254
2000-04-23,1.4401887655258179
2000-04-24,0.0
2000-04-25,0.0
2000-04-26,0.046145856380462646
2000-04-27,1.9263845682144165
2000-04-28,4.059553146362305
2000-04-29,3.9943995475769043
2000-04-30,0.0
2000-05-01,0.0
2000-05-02,0.0
2000-05-03,0.0
2000-05-04,0.0
2000-05-05,0.0
2000-05-06,0.0
2000-05-07,0.0
2000-05-08,0.0
2000-05-09,0.0
2000-05-10,0.0
2000-05-11,0.0
2000-05-12,0.0
2000-05-13,0.0
2000-05-14,0.0
2000-05-15,0.0
2000-05-16,0.0
2000-05-17,5.900783061981201
2000-05-18,0.4729889929294586
2000-05-19,1.0293996334075928
2000-05-20,1.250245213508606
2000-05-21,0.0
2000-05-22,0.0
2000-05-23,0.0
2000-05-24,0.0
2000-05-25,0.0
2000-05-26,0.0
2000-05-27,0.0
2000-05-28,0.0
2000-05-29,0.0
2000-05-30,0.0
2000-05-31,0.0
2000-06-01,0.0
2000-06-02,0.0
2000-06-03,0.0
2000-06-04,0.0
2000-06-05,0.0
2000-06-06,0.07540568709373474
2000-06-07,0.8655775785446167
2000-06-08,0.7536177039146423
2000-06-09,0.41197067499160767
2000-06-10,0.0
2000-06-11,0.7986920475959778
2000-06-12,0.42801380157470703
2000-06-13,0.41189077496528625
2000-06-14,0.014234252274036407
2000-06-15,0.0
2000-06-16,0.0
2000-06-17,0.0
2000-06-18,0.0
2000-06-19,0.0
2000-06-20,0.0
2000-06-21,0.0
2000-06-22,0.0
2000-06-23,0.0
2000-06-24,0.0
2000-06-25,0.0
2000-06-26,0.0
2000-06-27,0.0
2000-06-28,0.0
2000-06-29,0.0
2000-06-30,0.0
2000-07-01,0.0
2000-07-02,0.0
2000-07-03,0.0
2000-07-04,0.0
2000-07-05,0.0
2000-07-06,0.0
2000-07-07,0.0
2000-07-08,0.0
2000-07-09,0.0
2000-07-10,0.0
2000-07-11,0.0
2000-07-12,0.0
2000-07-13,0.0
2000-07-14,0.0
2000-07-15,0.0
2000-07-16,0.0
2000-07-17,0.0
2000-07-18,0.0
2000-07-19,0.0
2000-07-20,0.0
2000-07-21,0.0
2000-07-22,0.0
2000-07-23,0.0
2000-07-24,0.0
2000-07-25,0.0
2000-07-26,0.0
2000-07-27,0.0
2000-07-28,0.0
2000-07-29,0.0
2000-07-30,0.0
2000-07-31,0.0
2000-08-01,0.0
2000-08-02,0.0
2000-08-03,0.0
2000-08-04,0.0
2000-08-05,0.0
2000-08-06,0.0
2000-08-07,0.0
2000-08-08,0.0
2000-08-09,0.0
2000-08-10,0.0
2000-08-11,0.0
2000-08-12,0.0
2000-08-13,1.5920590162277222
2000-08-14,0.6549806594848633
2000-08-15,0.6494510173797607
2000-08-16,5.136446952819824
2000-08-17,0.0
2000-08-18,0.0
2000-08-19,0.0
2000-08-20,0.0
2000-08-21,4.1966962814331055
2000-08-22,1.8455359935760498
2000-08-23,0.0
2000-08-24,0.0
2000-08-25,0.0
2000-08-26,0.2237362116575241
2000-08-27,0.2062958925962448
2000-08-28,2.0497243404388428
2000-08-29,3.117438316345215
2000-08-30,0.0
2000-08-31,0.0
2000-09-01,0.009106114506721497
2000-09-02,0.015095801092684269
2000-09-03,0.20135346055030823
2000-09-04,0.0
2000-09-05,0.0
2000-09-06,0.0
2000-09-07,0.0
2000-09-08,0.0
2000-09-09,0.0
2000-09-10,0.0
2000-09-11,0.0
2000-09-12,0.0
2000-09-13,0.0
2000-09-14,0.0
2000-09-15,0.0
2000-09-16,0.0
2000-09-17,0.0
2000-09-18,0.0
2000-09-19,0.0
2000-09-20,0.0
2000-09-21,7.601589679718018
2000-09-22,1.6706877946853638
2000-09-23,0.0
2000-09-24,0.0
2000-09-25,0.0012727902503684163
2000-09-26,0.0
2000-09-27,0.0
2000-09-28,0.0
2000-09-29,0.0
2000-09-30,0.0
2000-10-01,0.0
2000-10-02,0.0
2000-10-03,1.7124618291854858
2000-10-04,9.571903228759766
2000-10-05,0.0
2000-10-06,0.0
2000-10-07,0.0
2000-10-08,0.0
2000-10-09,4.359439373016357
2000-10-10,3.11932635307312
2000-10-11,0.5901832580566406
2000-10-12,0.501773476600647
2000-10-13,1.8098671436309814
2000-10-14,7.459078311920166
2000-10-15,4.405621528625488
2000-10-16,0.0
2000-10-17,0.0
2000-10-18,0.0
2000-10-19,0.0
2000-10-20,0.0
2000-10-21,0.646569013595581
2000-10-22,5.653942584991455
2000-10-23,1.9363486766815186
2000-10-24,0.3244740962982178
2000-10-25,0.03225160017609596
2000-10-26,9.130669593811035
2000-10-27,1.6976206302642822
2000-10-28,0.06763394922018051
2000-10-29,1.2636957168579102
2000-10-30,0.0
2000-10-31,0.6970047950744629
2000-11-01,0.0
2000-11-02,11.598504066467285
2000-11-03,1.5153818130493164
2000-11-04,0.0
2000-11-05,5.1301116943359375
2000-11-06,0.0
2000-11-07,0.0
2000-11-08,0.0
2000-11-09,0.0
2000-11-10,0.0
2000-11-11,0.05161334574222565
2000-11-12,0.0
2000-11-13,2.4741711616516113
2000-11-14,0.0
2000-11-15,1.7915923595428467
2000-11-16,0.0
2000-11-17,0.0
2000-11-18,0.0
2000-11-19,0.0
2000-11-20,0.0
2000-11-21,12.567452430725098
2000-11-22,0.0
2000-11-23,0.0
2000-11-24,24.675151824951172
2000-11-25,1.420611023902893
2000-11-26,1.0658674240112305
2000-11-27,3.066585063934326
2000-11-28,7.300804138183594
2000-11-29,2.751058578491211
2000-11-30,6.68233585357666
2000-12-01,5.344593048095703
2000-12-02,0.0
2000-12-03,0.04833285138010979
2000-12-04,14.1664457321167
2000-12-05,2.4804069995880127
2000-12-06,0.13715673983097076
2000-12-07,0.006885465234518051
2000-12-08,15.219008445739746
2000-12-09,21.89046287536621
2000-12-10,4.924095630645752
2000-12-11,14.206192016601562
2000-12-12,2.1554477214813232
2000-12-13,1.5917675495147705
2000-12-14,0.01471891812980175
2000-12-15,1.577125072479248
2000-12-16,15.825538635253906
2000-12-17,0.0
2000-12-18,0.0
2000-12-19,0.8847658634185791
2000-12-20,0.0
2000-12-21,0.5931004881858826
2000-12-22,1.673140287399292
2000-12-23,11.364668846130371
2000-12-24,2.0679876804351807
2000-12-25,3.7209322452545166
2000-12-26,0.6145232915878296
2000-12-27,0.5402149558067322
2000-12-28,16.88407325744629
2000-12-29,3.6448233127593994
2000-12-30,11.207934379577637
2000-12-31,0.0859079658985138
2001-01-01,2.873840808868408
2001-01-02,0.506537914276123
2001-01-03,0.02130136825144291
2001-01-04,1.0092871189117432
2001-01-05,10.25941276550293
2001-01-06,4.01199197769165
2001-01-07,2.222716808319092
2001-01-08,26.3289794921875
2001-01-09,0.0
2001-01-10,1.2303318977355957
2001-01-11,23.570289611816406
2001-01-12,0.0
2001-01-13,0.014025010168552399
2001-01-14,0.0006502236938104033
2001-01-15,0.002550001721829176
2001-01-16,1.8518849611282349
2001-01-17,4.862705707550049
2001-01-18,22.20832633972168
2001-01-19,6.7752556800842285
2001-01-20,7.8867692947387695
2001-01-21,12.246027946472168
2001-01-22,5.02396821975708
2001-01-23,11.171281814575195
2001-01-24,3.03528094291687
2001-01-25,8.094175338745117
2001-01-26,4.071983337402344
2001-01-27,0.01863064244389534
2001-01-28,0.0
2001-01-29,24.586639404296875
2001-01-30,5.829707622528076
2001-01-31,13.168854713439941
2001-02-01,14.202981948852539
2001-02-02,14.368453025817871
2001-02-03,27.09302520751953
2001-02-04,2.1660571098327637
2001-02-05,0.0
2001-02-06,0.0
2001-02-07,0.0
2001-02-08,0.0
2001-02-09,5.441180229187012
2001-02-10,0.008568787015974522
2001-02-11,2.6828420162200928
2001-02-12,7.317297458648682
2001-02-13,10.036100387573242
2001-02-14,2.6553955078125
2001-02-15,4.2021660804748535
2001-02-16,5.522921085357666
2001-02-17,0.069135881960392
2001-02-18,1.120019555091858
2001-02-19,2.16294264793396
2001-02-20,0.06702234596014023
2001-02-21,0.1129140555858612
2001-02-22,3.0392627716064453
2001-02-23,0.19618164002895355
2001-02-24,0.6822918653488159
2001-02-25,42.45823669433594
2001-02-26,0.2503536343574524
2001-02-27,4.981752395629883
2001-02-28,8.871148109436035
2001-03-01,0.0
2001-03-02,0.0
2001-03-03,25.122169494628906
2001-03-04,0.4054371118545532
2001-03-05,1.9702045917510986
2001-03-06,7.710437774658203
2001-03-07,0.0
2001-03-08,2.8725481033325195
2001-03-09,10.813448905944824
2001-03-10,1.4557514190673828
2001-03-11,27.118450164794922
2001-03-12,1.7518885135650635
2001-03-13,0.0005388763966038823
2001-03-14,0.8668532371520996
2001-03-15,0.6505945920944214
2001-03-16,0.2718088626861572
2001-03-17,1.7235509157180786
2001-03-18,0.0
2001-03-19,0.0
2001-03-20,0.0
2001-03-21,0.7372381687164307
2001-03-22,9.351141929626465
2001-03-23,0.007200106047093868
2001-03-24,1.0906267166137695
2001-03-25,0.9135203957557678
2001-03-26,2.012799024581909
2001-03-27,12.732315063476562
2001-03-28,0.7077449560165405
2001-03-29,0.0
2001-03-30,4.126951217651367
2001-03-31,0.0
2001-04-01,0.0
2001-04-02,0.0
2001-04-03,0.0
2001-04-04,0.19628626108169556
2001-04-05,1.555191159248352
2001-04-06,12.311798095703125
2001-04-07,0.0
2001-04-08,0.0
2001-04-09,0.027535049244761467
2001-04-10,2.3474338054656982
2001-04-11,0.4512093663215637
2001-04-12,0.00012706543202511966
2001-04-13,0.0
2001-04-14,0.0
2001-04-15,0.0
2001-04-16,0.0
2001-04-17,0.0
2001-04-18,0.0
2001-04-19,0.23915864527225494
2001-04-20,2.246452569961548
2001-04-21,0.0
2001-04-22,0.0
2001-04-23,3.985196113586426
2001-04-24,13.321887969970703
2001-04-25,0.0
2001-04-26,0.0
2001-04-27,3.337022542953491
2001-04-28,0.0
2001-04-29,15.239373207092285
2001-04-30,2.2532544136047363
2001-05-01,0.24948932230472565
2001-05-02,2.048323631286621
2001-05-03,0.0012834460940212011
2001-05-04,0.0
2001-05-05,2.3418445587158203
2001-05-06,5.48297119140625
2001-05-07,2.5944862365722656
2001-05-08,0.012793978676199913
2001-05-09,0.0
2001-05-10,0.0
2001-05-11,0.0
2001-05-12,0.7092169523239136
2001-05-13,0.0
2001-05-14,0.2575228810310364
2001-05-15,1.0134323835372925
2001-05-16,0.0
2001-05-17,0.0
2001-05-18,0.0
2001-05-19,0.0
2001-05-20,0.0
2001-05-21,0.0
2001-05-22,0.2140248566865921
2001-05-23,0.0
2001-05-24,0.0
2001-05-25,0.0
2001-05-26,0.0
2001-05-27,0.0
2001-05-28,0.0
2001-05-29,0.0
2001-05-30,0.0
2001-05-31,0.0
2001-06-01,0.0
2001-06-02,0.0
2001-06-03,0.0
2001-06-04,0.0
2001-06-05,0.0
2001-06-06,0.0
2001-06-07,0.0
2001-06-08,0.0
2001-06-09,0.0
2001-06-10,0.0
2001-06-11,0.0
2001-06-12,0.0
2001-06-13,0.0
2001-06-14,0.0
2001-06-15,0.0
2001-06-16,0.0
2001-06-17,0.0
2001-06-18,0.0
2001-06-19,0.0
2001-06-20,0.0
2001-06-21,0.0
2001-06-22,0.007876778021454811
2001-06-23,0.39610740542411804
2001-06-24,0.0
2001-06-25,0.0
2001-06-26,0.0
2001-06-27,0.0
2001-06-28,0.0
2001-06-29,0.0
2001-06-30,0.0
2001-07-01,0.0
2001-07-02,0.0
2001-07-03,0.0
2001-07-04,0.0
2001-07-05,0.0
2001-07-06,0.0
2001-07-07,0.0
2001-07-08,0.0
2001-07-09,0.0
2001-07-10,0.0
2001-07-11,0.0
2001-07-12,0.0
2001-07-13,0.0
2001-07-14,0.0
2001-07-15,0.0
2001-07-16,0.0
2001-07-17,0.0
2001-07-18,0.0
2001-07-19,0.0
2001-07-20,0.0
2001-07-21,0.0
2001-07-22,0.0
2001-07-23,0.0
2001-07-24,0.0
2001-07-25,0.0
2001-07-26,0.0
2001-07-27,0.0
2001-07-28,0.0
2001-07-29,0.0
2001-07-30,0.0
2001-07-31,0.0
2001-08-01,0.0
2001-08-02,0.0
2001-08-03,0.0
2001-08-04,0.0
2001-08-05,0.0
2001-08-06,0.0
2001-08-07,0.0
2001-08-08,0.0
2001-08-09,0.0
2001-08-10,0.0
2001-08-11,0.0
2001-08-12,0.0
2001-08-13,0.0
2001-08-14,0.0
2001-08-15,0.0
2001-08-16,3.215555429458618
2001-08-17,1.9258848428726196
2001-08-18,0.04900229722261429
2001-08-19,2.499816417694092
2001-08-20,3.8513424396514893
2001-08-21,0.0
2001-08-22,0.0
2001-08-23,0.0
2001-08-24,0.0
2001-08-25,0.0
2001-08-26,0.021090734750032425
2001-08-27,0.021090734750032425
2001-08-28,0.021090734750032425
2001-08-29,0.021090734750032425
2001-08-30,0.021090734750032425
2001-08-31,0.400723934173584
2001-09-01,7.855607986450195
2001-09-02,2.8037118911743164
2001-09-03,0.0
2001-09-04,0.05274030938744545
2001-09-05,0.0
2001-09-06,0.0
2001-09-07,0.0
2001-09-08,0.0
2001-09-09,0.0
2001-09-10,0.0
2001-09-11,0.016720283776521683
2001-09-12,3.9325902462005615
2001-09-13,0.0
2001-09-14,0.015594606287777424
2001-09-15,0.0
2001-09-16,0.007044832222163677
2001-09-17,0.0
2001-09-18,0.0
2001-09-19,0.02317103184759617
2001-09-20,3.4621422290802
2001-09-21,1.6863044500350952
2001-09-22,0.07688017934560776
2001-09-23,0.011428127065300941
2001-09-24,0.0
2001-09-25,0.061139125376939774
2001-09-26,0.0
2001-09-27,0.0
2001-09-28,0.0
2001-09-29,0.0
2001-09-30,0.0
2001-10-01,0.0
2001-10-02,0.0
2001-10-03,1.582536220550537
2001-10-04,6.919116020202637
2001-10-05,2.689197540283203
2001-10-06,5.418907642364502
2001-10-07,1.230547308921814
2001-10-08,0.0
2001-10-09,1.7069878578186035
2001-10-10,0.044176045805215836
2001-10-11,0.7768104076385498
2001-10-12,9.254690170288086
2001-10-13,0.2544730007648468
2001-10-14,1.924912452697754
2001-10-15,9.281509399414062
2001-10-16,0.04456057399511337
2001-10-17,0.006365796085447073
2001-10-18,0.0
2001-10-19,0.0
2001-10-20,0.0
2001-10-21,0.0
2001-10-22,0.8804688453674316
2001-10-23,0.006474035792052746
2001-10-24,0.8610467314720154
2001-10-25,0.0
2001-10-26,0.0
2001-10-27,0.0
2001-10-28,1.6769694089889526
2001-10-29,0.0034374077804386616
2001-10-30,7.001967906951904
2001-10-31,0.01770605891942978
2001-11-01,10.268060684204102
2001-11-02,12.771142959594727
2001-11-03,0.0
2001-11-04,0.0
2001-11-05,0.0
2001-11-06,3.9544973373413086
2001-11-07,0.0
2001-11-08,0.006742536090314388
2001-11-09,0.0
2001-11-10,0.003371268045157194
2001-11-11,9.528470039367676
2001-11-12,0.4633910357952118
2001-11-13,0.0
2001-11-14,0.0
2001-11-15,0.041690658777952194
2001-11-16,0.0
2001-11-17,0.0
2001-11-18,0.0
2001-11-19,0.0
2001-11-20,0.0
2001-11-21,0.0
2001-11-22,0.0
2001-11-23,0.0
2001-11-24,0.0
2001-11-25,0.0
2001-11-26,0.5336313247680664
2001-11-27,0.0
2001-11-28,0.0
2001-11-29,5.059116363525391
2001-11-30,0.0
2001-12-01,0.0
2001-12-02,5.331198692321777
2001-12-03,0.5163805484771729
2001-12-04,0.017992552369832993
2001-12-05,0.0
2001-12-06,0.0
2001-12-07,0.0
2001-12-08,0.0
2001-12-09,12.129834175109863
2001-12-10,0.16312894225120544
2001-12-11,12.06255054473877
2001-12-12,1.1658780574798584
2001-12-13,0.0
2001-12-14,0.0
2001-12-15,1.707634449005127
2001-12-16,4.247794151306152
2001-12-17,0.2654871344566345
2001-12-18,0.2654871344566345
2001-12-19,0.2654871344566345
2001-12-20,0.2654871344566345
2001-12-21,0.0
2001-12-22,0.9016709923744202
2001-12-23,3.952193021774292
2001-12-24,0.002693891292437911
2001-12-25,3.532219409942627
2001-12-26,2.418811321258545
2001-12-27,0.0
2001-12-28,1.098241925239563
2001-12-29,5.189817428588867
2001-12-30,31.077741622924805
2001-12-31,0.0
2002-01-01,0.32750454545021057
2002-01-02,21.897241592407227
2002-01-03,0.3665453791618347
2002-01-04,4.116652965545654
2002-01-05,8.590890884399414
2002-01-06,8.709784507751465
2002-01-07,0.4043363630771637
2002-01-08,0.5623619556427002
2002-01-09,2.434225559234619
2002-01-10,5.6607747077941895
2002-01-11,0.0878569483757019
2002-01-12,0.0878569483757019
2002-01-13,0.0878569483757019
2002-01-14,0.48090118169784546
2002-01-15,1.012666940689087
2002-01-16,0.0
2002-01-17,0.0
2002-01-18,0.0
2002-01-19,0.0
2002-01-20,0.0
2002-01-21,4.521301746368408
2002-01-22,0.07167031615972519
2002-01-23,2.498802900314331
2002-01-24,0.0022387986537069082
2002-01-25,1.2682582139968872
2002-01-26,4.802371978759766
2002-01-27,0.6755250692367554
2002-01-28,5.213316440582275
2002-01-29,0.024583982303738594
2002-01-30,0.0
2002-01-31,4.821279048919678
2002-02-01,13.007917404174805
2002-02-02,35.12080764770508
2002-02-03,14.547280311584473
2002-02-04,3.7536354064941406
2002-02-05,28.64483070373535
2002-02-06,42.57709884643555
2002-02-07,0.165681391954422
2002-02-08,0.0
2002-02-09,0.0
2002-02-10,1.6874115467071533
2002-02-11,0.0
2002-02-12,30.367347717285156
2002-02-13,0.0
2002-02-14,0.0014461533864960074
2002-02-15,0.010694071650505066
2002-02-16,42.35054016113281
2002-02-17,0.0
2002-02-18,0.06594270467758179
2002-02-19,21.3553466796875
2002-02-20,14.568099975585938
2002-02-21,0.15373697876930237
2002-02-22,0.3603455722332001
2002-02-23,0.0248646792024374
2002-02-24,0.0
2002-02-25,7.566937446594238
2002-02-26,0.1905459314584732
2002-02-27,11.546822547912598
2002-02-28,0.8268219828605652
2002-03-01,11.418164253234863
2002-03-02,1.3883980512619019
2002-03-03,0.0
2002-03-04,0.0
2002-03-05,0.27882644534111023
2002-03-06,0.3720785677433014
2002-03-07,0.0
2002-03-08,0.0
2002-03-09,0.0
2002-03-10,7.055361270904541
2002-03-11,15.143736839294434
2002-03-12,26.560016632080078
2002-03-13,3.152994394302368
2002-03-14,0.30014851689338684
2002-03-15,0.4564362168312073
2002-03-16,0.0
2002-03-17,7.9498820304870605
2002-03-18,13.769619941711426
2002-03-19,0.530917227268219
2002-03-20,16.949756622314453
2002-03-21,0.0
2002-03-22,0.0
2002-03-23,0.0
2002-03-24,0.0
2002-03-25,0.0
2002-03-26,0.0
2002-03-27,0.0
2002-03-28,0.0
2002-03-29,0.0
2002-03-30,0.01229041162878275
2002-03-31,47.02557373046875
2002-04-01,5.789700984954834
2002-04-02,0.0
2002-04-03,0.0
2002-04-04,0.0033591107930988073
2002-04-05,1.3685647249221802
2002-04-06,0.0
2002-04-07,0.08581312745809555
2002-04-08,1.6304489374160767
2002-04-09,5.337867259979248
2002-04-10,3.043562650680542
2002-04-11,1.9521538019180298
2002-04-12,4.891882419586182
2002-04-13,0.019458269700407982
2002-04-14,0.013777310028672218
2002-04-15,0.0
2002-04-16,7.184624671936035
2002-04-17,0.0
2002-04-18,17.226778030395508
2002-04-19,0.0
2002-04-20,4.676143169403076
2002-04-21,5.4780354499816895
2002-04-22,0.17616163194179535
2002-04-23,0.9485417008399963
2002-04-24,7.21959114074707
2002-04-25,0.08266942948102951
2002-04-26,9.187411308288574
2002-04-27,1.1518315076828003
2002-04-28,0.0
2002-04-29,0.0
2002-04-30,0.0
2002-05-01,0.0
2002-05-02,0.0
2002-05-03,0.0
2002-05-04,0.17021387815475464
2002-05-05,4.46452522277832
2002-05-06,1.9790016412734985
2002-05-07,0.17266851663589478
2002-05-08,0.0
2002-05-09,3.885560989379883
2002-05-10,0.1097678393125534
2002-05-11,0.05501137301325798
2002-05-12,0.05501137301325798
2002-05-13,0.0893934816122055
2002-05-14,0.8457998633384705
2002-05-15,0.05501137301325798
2002-05-16,0.0
2002-05-17,0.0
2002-05-18,0.0
2002-05-19,0.0
2002-05-20,0.0
2002-05-21,0.0
2002-05-22,0.0
2002-05-23,0.0
2002-05-24,0.0
2002-05-25,0.0
2002-05-26,0.0
2002-05-27,0.0
2002-05-28,0.0
2002-05-29,0.031324684619903564
2002-05-30,0.23443397879600525
2002-05-31,0.9621692299842834
2002-06-01,0.0
2002-06-02,0.0
2002-06-03,0.0
2002-06-04,0.0
2002-06-05,0.0
2002-06-06,0.0
2002-06-07,0.0
2002-06-08,0.0
2002-06-09,0.0
2002-06-10,0.0
2002-06-11,0.0
2002-06-12,0.0
2002-06-13,0.0
2002-06-14,0.0
2002-06-15,0.0
2002-06-16,0.0
2002-06-17,0.0
2002-06-18,0.0
2002-06-19,0.0
2002-06-20,0.0
2002-06-21,0.0
2002-06-22,0.0
2002-06-23,0.0
2002-06-24,0.0
2002-06-25,0.0
2002-06-26,0.0
2002-06-27,0.0
2002-06-28,0.0
2002-06-29,0.0
2002-06-30,0.0
2002-07-01,0.0
2002-07-02,0.0013634390197694302
2002-07-03,2.5348610877990723
2002-07-04,5.451102256774902
2002-07-05,0.05719370394945145
2002-07-06,0.0
2002-07-07,0.0
2002-07-08,0.0
2002-07-09,0.0
2002-07-10,0.0
2002-07-11,0.0
2002-07-12,0.0
2002-07-13,0.0
2002-07-14,0.0
2002-07-15,0.0
2002-07-16,0.0
2002-07-17,0.0
2002-07-18,0.0
2002-07-19,0.0
2002-07-20,0.0
2002-07-21,0.0
2002-07-22,0.0
2002-07-23,0.0
2002-07-24,0.0
2002-07-25,0.0
2002-07-26,0.0
2002-07-27,0.0
2002-07-28,0.853687584400177
2002-07-29,2.416708469390869
2002-07-30,0.0
2002-07-31,0.0
2002-08-01,0.0
2002-08-02,0.0
2002-08-03,0.0
2002-08-04,0.24210958182811737
2002-08-05,0.004338881466537714
2002-08-06,0.0
2002-08-07,0.0
2002-08-08,0.0
2002-08-09,0.0
2002-08-10,0.0
2002-08-11,0.0
2002-08-12,0.0
2002-08-13,0.0
2002-08-14,0.0
2002-08-15,0.0
2002-08-16,0.6850295066833496
2002-08-17,0.07538216561079025
2002-08-18,0.0
2002-08-19,0.0
2002-08-20,0.0
2002-08-21,0.0
2002-08-22,0.0
2002-08-23,0.0
2002-08-24,0.0
2002-08-25,0.0
2002-08-26,0.0022337613627314568
2002-08-27,4.992275714874268
2002-08-28,0.5094789862632751
2002-08-29,0.0
2002-08-30,0.0
2002-08-31,0.0
2002-09-01,0.34115657210350037
2002-09-02,0.34115657210350037
2002-09-03,1.0992823839187622
2002-09-04,0.34115657210350037
2002-09-05,1.2888137102127075
2002-09-06,0.0
2002-09-07,0.0
2002-09-08,0.0
2002-09-09,0.0
2002-09-10,0.0
2002-09-11,0.17124022543430328
2002-09-12,5.688344478607178
2002-09-13,0.981772243976593
2002-09-14,0.0
2002-09-15,0.04049171134829521
2002-09-16,0.0
2002-09-17,0.0
2002-09-18,0.0
2002-09-19,0.0
2002-09-20,0.0
2002-09-21,0.0
2002-09-22,0.0
2002-09-23,0.0
2002-09-24,0.0
2002-09-25,0.0
2002-09-26,0.0
2002-09-27,0.0
2002-09-28,0.0
2002-09-29,0.0
2002-09-30,0.0
2002-10-01,1.8955230712890625
2002-10-02,0.31623461842536926
2002-10-03,4.82939338684082
2002-10-04,13.172043800354004
2002-10-05,7.23032283782959
2002-10-06,14.103271484375
2002-10-07,2.338801860809326
2002-10-08,0.052581463009119034
2002-10-09,0.0
2002-10-10,0.942804753780365
2002-10-11,0.21868132054805756
2002-10-12,3.250401020050049
2002-10-13,6.757800579071045
2002-10-14,11.114934921264648
2002-10-15,5.951175689697266
2002-10-16,0.7169433832168579
2002-10-17,0.5964113473892212
2002-10-18,0.08069054782390594
2002-10-19,23.064979553222656
2002-10-20,2.6352124214172363
2002-10-21,0.02808709256350994
2002-10-22,0.0
2002-10-23,0.0
2002-10-24,0.0
2002-10-25,10.705439567565918
2002-10-26,1.973828911781311
2002-10-27,24.607776641845703
2002-10-28,9.88719654083252
2002-10-29,14.084023475646973
2002-10-30,0.2834872901439667
2002-10-31,0.20064958930015564
2002-11-01,0.32085245847702026
2002-11-02,0.0
2002-11-03,4.047427654266357
2002-11-04,4.674304485321045
2002-11-05,0.8951902389526367
2002-11-06,1.3298556804656982
2002-11-07,0.0
2002-11-08,0.0
2002-11-09,0.0
2002-11-10,1.053069829940796
2002-11-11,1.0188021659851074
2002-11-12,0.7919133901596069
2002-11-13,1.2413758039474487
2002-11-14,6.724483966827393
2002-11-15,1.6542049646377563
2002-11-16,1.4682565927505493
2002-11-17,0.20640629529953003
2002-11-18,19.15827751159668
2002-11-19,0.5463262796401978
2002-11-20,0.0
2002-11-21,0.3676404356956482
2002-11-22,0.2534348964691162
2002-11-23,0.004504913464188576
2002-11-24,13.12863540649414
2002-11-25,1.4904119968414307
2002-11-26,5.916114330291748
2002-11-27,16.134185791015625
2002-11-28,9.182454109191895
2002-11-29,0.9099662899971008
2002-11-30,0.0
2002-12-01,0.0
2002-12-02,16.323352813720703
2002-12-03,8.952357292175293
2002-12-04,0.11749259382486343
2002-12-05,6.523731708526611
2002-12-06,9.893213272094727
2002-12-07,0.0
2002-12-08,1.6545923948287964
2002-12-09,2.3062357902526855
2002-12-10,0.25724437832832336
2002-12-11,0.0
2002-12-12,0.0
2002-12-13,0.5829631686210632
2002-12-14,5.9873948097229
2002-12-15,2.6669085025787354
2002-12-16,0.0
2002-12-17,0.03813282772898674
2002-12-18,0.0
2002-12-19,0.11061328649520874
2002-12-20,16.22930145263672
2002-12-21,0.0
2002-12-22,10.01426887512207
2002-12-23,13.177067756652832
2002-12-24,2.72383451461792
2002-12-25,0.05760609731078148
2002-12-26,0.744464099407196
2002-12-27,0.10635202378034592
2002-12-28,0.10635202378034592
2002-12-29,0.4254080653190613
2002-12-30,1.0635201930999756
2002-12-31,0.10635202378034592
2003-01-01,3.8872406482696533
2003-01-02,9.570577621459961
2003-01-03,0.02084500528872013
2003-01-04,29.215608596801758
2003-01-05,1.1393651962280273
2003-01-06,1.357259750366211
2003-01-07,0.0
2003-01-08,0.0
2003-01-09,0.05259968712925911
2003-01-10,8.619147300720215
2003-01-11,5.321832656860352
2003-01-12,7.918532371520996
2003-01-13,10.789445877075195
2003-01-14,2.855828046798706
2003-01-15,27.185657501220703
2003-01-16,21.179931640625
2003-01-17,13.197183609008789
2003-01-18,10.013704299926758
2003-01-19,0.187558114528656
2003-01-20,0.6180378198623657
2003-01-21,24.231788635253906
2003-01-22,0.6113145351409912
2003-01-23,3.2148542404174805
2003-01-24,0.1708526760339737
2003-01-25,0.020405855029821396
2003-01-26,1.546412467956543
2003-01-27,0.7263681888580322
2003-01-28,0.0
2003-01-29,1.1939365863800049
2003-01-30,0.0
2003-01-31,0.0
2003-02-01,0.0
2003-02-02,0.0
2003-02-03,0.022875314578413963
2003-02-04,0.0
2003-02-05,11.19299602508545
2003-02-06,23.772533416748047
2003-02-07,3.2686328887939453
2003-02-08,3.1879570484161377
2003-02-09,0.9105457663536072
2003-02-10,0.17276370525360107
2003-02-11,22.31709098815918
2003-02-12,0.08859732002019882
2003-02-13,5.365518569946289
2003-02-14,0.0
2003-02-15,14.401115417480469
2003-02-16,0.0
2003-02-17,0.09409354627132416
2003-02-18,0.0
2003-02-19,0.0
2003-02-20,29.427391052246094
2003-02-21,6.516444206237793
2003-02-22,0.11550065875053406
2003-02-23,2.6139938831329346
2003-02-24,9.1571683883667
2003-02-25,0.0
2003-02-26,1.82399582862854
2003-02-27,0.0
2003-02-28,3.797525644302368
2003-03-01,0.0
2003-03-02,24.442394256591797
2003-03-03,22.111474990844727
2003-03-04,8.441248893737793
2003-03-05,0.0
2003-03-06,3.2793118953704834
2003-03-07,25.514455795288086
2003-03-08,0.742605447769165
2003-03-09,0.7966949939727783
2003-03-10,0.33763521909713745
2003-03-11,22.705026626586914
2003-03-12,3.387087821960449
2003-03-13,0.0
2003-03-14,0.4744845926761627
2003-03-15,0.21450288593769073
2003-03-16,1.7221171855926514
2003-03-17,5.194143295288086
2003-03-18,0.0
2003-03-19,0.0
2003-03-20,2.9192192554473877
2003-03-21,0.0
2003-03-22,0.0
2003-03-23,0.0
2003-03-24,0.0
2003-03-25,0.0
2003-03-26,0.0
2003-03-27,0.0
2003-03-28,0.0
2003-03-29,0.2561841905117035
2003-03-30,1.5718064308166504
2003-03-31,30.317031860351562
2003-04-01,0.0
2003-04-02,0.0
2003-04-03,0.0
2003-04-04,0.0008415218908339739
2003-04-05,8.673566818237305
2003-04-06,0.0
2003-04-07,0.0
2003-04-08,0.0
2003-04-09,0.0
2003-04-10,0.0
2003-04-11,0.0
2003-04-12,0.0
2003-04-13,0.0
2003-04-14,0.0
2003-04-15,0.0
2003-04-16,0.0
2003-04-17,0.0
2003-04-18,0.0
2003-04-19,0.0
2003-04-20,0.0
2003-04-21,0.0
2003-04-22,0.0
2003-04-23,0.0
2003-04-24,2.480595588684082
2003-04-25,0.0
2003-04-26,0.0
2003-04-27,0.0
2003-04-28,0.0
2003-04-29,0.0
2003-04-30,0.0
2003-05-01,0.0
2003-05-02,0.0
2003-05-03,0.0
2003-05-04,0.0
2003-05-05,0.0
2003-05-06,0.0
2003-05-07,0.0
2003-05-08,0.0
2003-05-09,0.0
2003-05-10,0.0
2003-05-11,0.0
2003-05-12,0.3040980398654938
2003-05-13,0.4564932882785797
2003-05-14,3.1855342388153076
2003-05-15,0.0
2003-05-16,0.009922165423631668
2003-05-17,0.0004763283359352499
2003-05-18,1.9561831951141357
2003-05-19,1.668599247932434
2003-05-20,0.0003171280841343105
2003-05-21,0.0
2003-05-22,0.0
2003-05-23,0.0
2003-05-24,0.0
2003-05-25,0.0
2003-05-26,0.0
2003-05-27,0.0
2003-05-28,0.0
2003-05-29,0.0
2003-05-30,0.0
2003-05-31,0.0
2003-06-01,0.0
2003-06-02,0.0
2003-06-03,2.8546061515808105
2003-06-04,0.6819812655448914
2003-06-05,0.0
2003-06-06,0.0
2003-06-07,0.0
2003-06-08,0.0
2003-06-09,0.0
2003-06-10,0.0
2003-06-11,0.0
2003-06-12,0.0
2003-06-13,0.0
2003-06-14,0.0
2003-06-15,0.0
2003-06-16,0.0
2003-06-17,0.0
2003-06-18,0.0
2003-06-19,0.0
2003-06-20,0.0
2003-06-21,0.0
2003-06-22,0.0
2003-06-23,0.0
2003-06-24,0.0
2003-06-25,0.0
2003-06-26,0.0
2003-06-27,0.0
2003-06-28,0.0
2003-06-29,0.0
2003-06-30,0.0
2003-07-01,0.0
2003-07-02,0.0
2003-07-03,0.0
2003-07-04,0.0
2003-07-05,0.0
2003-07-06,0.0
2003-07-07,0.0
2003-07-08,0.0
2003-07-09,0.0
2003-07-10,0.0
2003-07-11,0.0
2003-07-12,0.0
2003-07-13,0.0
2003-07-14,0.0
2003-07-15,0.0
2003-07-16,0.0
2003-07-17,0.0
2003-07-18,0.0
2003-07-19,0.0
2003-07-20,0.0
2003-07-21,0.0
2003-07-22,0.0
2003-07-23,0.0
2003-07-24,0.0
2003-07-25,0.0
2003-07-26,0.0068138535134494305
2003-07-27,2.315376043319702
2003-07-28,0.029775837436318398
2003-07-29,0.5704097747802734
2003-07-30,0.0
2003-07-31,0.0
2003-08-01,0.0
2003-08-02,0.0
2003-08-03,0.0
2003-08-04,0.0
2003-08-05,0.0
2003-08-06,0.0
2003-08-07,0.0
2003-08-08,2.615694761276245
2003-08-09,7.773606300354004
2003-08-10,0.004124375060200691
2003-08-11,0.0
2003-08-12,0.0
2003-08-13,0.0
2003-08-14,0.0
2003-08-15,0.0
2003-08-16,0.0
2003-08-17,0.0
2003-08-18,0.0
2003-08-19,0.0
2003-08-20,0.0
2003-08-21,0.0
2003-08-22,0.0
2003-08-23,0.0
2003-08-24,0.0
2003-08-25,0.0
2003-08-26,0.022405540570616722
2003-08-27,0.022405540570616722
2003-08-28,0.22405539453029633
2003-08-29,0.22405540943145752
2003-08-30,0.022405540570616722
2003-08-31,0.022405540570616722
2003-09-01,6.475135326385498
2003-09-02,0.0
2003-09-03,0.0
2003-09-04,0.0
2003-09-05,0.0
2003-09-06,0.0
2003-09-07,0.0
2003-09-08,0.0
2003-09-09,0.0
2003-09-10,0.0
2003-09-11,0.0
2003-09-12,0.0
2003-09-13,0.0
2003-09-14,0.0
2003-09-15,0.0
2003-09-16,0.0
2003-09-17,0.0
2003-09-18,0.0
2003-09-19,0.0
2003-09-20,0.0
2003-09-21,0.0
2003-09-22,0.0
2003-09-23,21.028593063354492
2003-09-24,16.290143966674805
2003-09-25,5.023059844970703
2003-09-26,0.0
2003-09-27,0.0
2003-09-28,0.0
2003-09-29,0.0
2003-09-30,0.0
2003-10-01,0.0
2003-10-02,0.4150879383087158
2003-10-03,2.576744556427002
2003-10-04,9.937520027160645
2003-10-05,3.8916378021240234
2003-10-06,0.0
2003-10-07,0.0
2003-10-08,0.0
2003-10-09,0.0
2003-10-10,0.0
2003-10-11,0.0
2003-10-12,0.0
2003-10-13,0.0
2003-10-14,0.0
2003-10-15,0.0
2003-10-16,0.0
2003-10-17,0.0
2003-10-18,0.0
2003-10-19,0.0
2003-10-20,0.0
2003-10-21,0.0
2003-10-22,0.35834231972694397
2003-10-23,0.0
2003-10-24,0.0
2003-10-25,0.3163028657436371
2003-10-26,0.0
2003-10-27,0.3250640630722046
2003-10-28,0.8417553305625916
2003-10-29,9.01472282409668
2003-10-30,3.31770658493042
2003-10-31,0.0
2003-11-01,10.680624961853027
2003-11-02,0.002674447139725089
2003-11-03,0.3799274265766144
2003-11-04,0.0
2003-11-05,0.05712509900331497
2003-11-06,0.0
2003-11-07,0.0
2003-11-08,0.0
2003-11-09,0.6908854246139526
2003-11-10,9.71240234375
2003-11-11,0.0
2003-11-12,6.106629848480225
2003-11-13,8.27825927734375
2003-11-14,3.9125707149505615
2003-11-15,0.521038830280304
2003-11-16,0.0
2003-11-17,0.0
2003-11-18,0.0
2003-11-19,0.0
2003-11-20,0.0
2003-11-21,0.0
2003-11-22,0.0
2003-11-23,0.17979682981967926
2003-11-24,0.21437421441078186
2003-11-25,4.365189075469971
2003-11-26,0.19020594656467438
2003-11-27,12.52591323852539
2003-11-28,1.5614674091339111
2003-11-29,5.45336389541626
2003-11-30,4.218788146972656
2003-12-01,6.080781936645508
2003-12-02,5.875276565551758
2003-12-03,0.10255739092826843
2003-12-04,0.75132817029953
2003-12-05,0.01796625927090645
2003-12-06,3.3580312728881836
2003-12-07,0.0
2003-12-08,2.975393772125244
2003-12-09,7.7524919509887695
2003-12-10,0.0
2003-12-11,1.5374654531478882
2003-12-12,12.477764129638672
2003-12-13,3.952559471130371
2003-12-14,0.3447798192501068
2003-12-15,1.000411033630371
2003-12-16,22.107555389404297
2003-12-17,1.1597784757614136
2003-12-18,0.0
2003-12-19,0.0
2003-12-20,0.0
2003-12-21,4.822216987609863
2003-12-22,29.452051162719727
2003-12-23,6.07191801071167
2003-12-24,0.0
2003-12-25,0.10948704183101654
2003-12-26,5.056215286254883
2003-12-27,14.748867988586426
2003-12-28,19.580713272094727
2003-12-29,0.06397143006324768
2003-12-30,0.0693860575556755
2003-12-31,33.99484634399414
2004-01-01,27.160825729370117
2004-01-02,0.5409541726112366
2004-01-03,0.16865526139736176
2004-01-04,0.0
2004-01-05,0.43940648436546326
2004-01-06,0.3990703821182251
2004-01-07,13.836077690124512
2004-01-08,2.4604833126068115
2004-01-09,0.0
2004-01-10,0.0
2004-01-11,0.0
2004-01-12,0.0
2004-01-13,6.77630615234375
2004-01-14,13.409857749938965
2004-01-15,0.0
2004-01-16,0.0
2004-01-17,0.0
2004-01-18,0.0
2004-01-19,0.0
2004-01-20,0.0
2004-01-21,6.898987293243408
2004-01-22,0.0
2004-01-23,0.3656586706638336
2004-01-24,5.991574287414551
2004-01-25,0.41771361231803894
2004-01-26,0.0
2004-01-27,0.0
2004-01-28,0.0
2004-01-29,0.0
2004-01-30,0.0
2004-01-31,0.0
2004-02-01,0.0
2004-02-02,3.1263973712921143
2004-02-03,2.255216598510742
2004-02-04,0.0
2004-02-05,2.6748785972595215
2004-02-06,0.0
2004-02-07,0.0
2004-02-08,0.0
2004-02-09,0.0
2004-02-10,0.0
2004-02-11,0.0012113215634599328
2004-02-12,4.394256591796875
2004-02-13,8.375358581542969
2004-02-14,6.114288330078125
2004-02-15,0.3409826457500458
2004-02-16,13.92807388305664
2004-02-17,3.098597288131714
2004-02-18,9.742327690124512
2004-02-19,23.34918212890625
2004-02-20,0.103427454829216
2004-02-21,3.6612701416015625
2004-02-22,0.0
2004-02-23,0.0012123817577958107
2004-02-24,0.0
2004-02-25,0.5359954833984375
2004-02-26,0.0
2004-02-27,0.0
2004-02-28,0.29985055327415466
2004-02-29,8.794865608215332
2004-03-01,3.5189156532287598
2004-03-02,0.13975436985492706
2004-03-03,16.94244384765625
2004-03-04,0.2830038368701935
2004-03-05,1.120235562324524
2004-03-06,1.0040255784988403
2004-03-07,0.0
2004-03-08,3.61836838722229
2004-03-09,0.7917186617851257
2004-03-10,0.0
2004-03-11,10.38230037689209
2004-03-12,0.7384976744651794
2004-03-13,0.37903010845184326
2004-03-14,4.2309956550598145
2004-03-15,0.0
2004-03-16,0.7791500687599182
2004-03-17,0.0
2004-03-18,23.13038444519043
2004-03-19,11.620784759521484
2004-03-20,6.419352054595947
2004-03-21,0.9405429363250732
2004-03-22,0.0
2004-03-23,3.646958351135254
2004-03-24,0.0
2004-03-25,6.033192157745361
2004-03-26,0.8778467178344727
2004-03-27,0.38273224234580994
2004-03-28,4.939888000488281
2004-03-29,3.199937582015991
2004-03-30,3.334549903869629
2004-03-31,0.0
2004-04-01,0.0
2004-04-02,0.016696134582161903
2004-04-03,0.0
2004-04-04,23.162696838378906
2004-04-05,0.0
2004-04-06,7.625924110412598
2004-04-07,8.107994079589844
2004-04-08,3.696324348449707
2004-04-09,0.0
2004-04-10,0.0
2004-04-11,0.6615205407142639
2004-04-12,0.0
2004-04-13,0.0
2004-04-14,0.0
2004-04-15,18.65703010559082
2004-04-16,0.0
2004-04-17,0.0
2004-04-18,0.0
2004-04-19,0.0
2004-04-20,0.0
2004-04-21,0.0
2004-04-22,0.0
2004-04-23,0.0
2004-04-24,3.0180580615997314
2004-04-25,0.0
2004-04-26,0.0
2004-04-27,0.0
2004-04-28,0.0
2004-04-29,0.0
2004-04-30,0.0
2004-05-01,0.0
2004-05-02,0.0
2004-05-03,0.0
2004-05-04,4.0931291580200195
2004-05-05,3.108562469482422
2004-05-06,0.0
2004-05-07,0.0
2004-05-08,0.0
2004-05-09,0.0
2004-05-10,0.0
2004-05-11,0.0
2004-05-12,0.0
2004-05-13,0.0
2004-05-14,0.0
2004-05-15,0.0
2004-05-16,0.0
2004-05-17,0.0
2004-05-18,0.0
2004-05-19,0.0
2004-05-20,0.0
2004-05-21,0.37178871035575867
2004-05-22,0.0
2004-05-23,0.0
2004-05-24,0.0
2004-05-25,1.573473572731018
2004-05-26,4.1424641609191895
2004-05-27,0.21802441775798798
2004-05-28,0.21802441775798798
2004-05-29,0.21802441775798798
2004-05-30,0.21802441775798798
2004-05-31,0.21802441775798798
2004-06-01,0.0
2004-06-02,0.0
2004-06-03,0.0
2004-06-04,0.0
2004-06-05,0.0
2004-06-06,0.4722152352333069
2004-06-07,2.833291530609131
2004-06-08,0.4722152352333069
2004-06-09,2.833291530609131
2004-06-10,2.833291530609131
2004-06-11,0.0
2004-06-12,0.0
2004-06-13,0.0
2004-06-14,0.0
2004-06-15,0.0
2004-06-16,0.0
2004-06-17,0.0
2004-06-18,0.0
2004-06-19,0.0
2004-06-20,0.0
2004-06-21,0.3961035907268524
2004-06-22,0.3961035907268524
2004-06-23,0.3961035907268524
2004-06-24,0.3961035907268524
2004-06-25,0.3961035907268524
2004-06-26,0.0
2004-06-27,0.0
2004-06-28,0.0
2004-06-29,0.0
2004-06-30,0.0
2004-07-01,0.0
2004-07-02,2.2188169956207275
2004-07-03,6.479351997375488
2004-07-04,0.6449025869369507
2004-07-05,0.2811076045036316
2004-07-06,0.0
2004-07-07,0.0
2004-07-08,0.0
2004-07-09,0.0
2004-07-10,0.0
2004-07-11,0.0
2004-07-12,0.0
2004-07-13,0.0
2004-07-14,0.0
2004-07-15,0.0
2004-07-16,0.0
2004-07-17,0.0
2004-07-18,0.0
2004-07-19,0.0
2004-07-20,0.0
2004-07-21,0.0
2004-07-22,0.0
2004-07-23,0.0
2004-07-24,0.0
2004-07-25,0.0
2004-07-26,0.0
2004-07-27,0.0
2004-07-28,0.0
2004-07-29,0.0
2004-07-30,0.0
2004-07-31,0.0
2004-08-01,0.0
2004-08-02,0.0
2004-08-03,0.0
2004-08-04,0.0
2004-08-05,0.0
2004-08-06,0.0
2004-08-07,0.0
2004-08-08,0.0
2004-08-09,0.0
2004-08-10,0.0
2004-08-11,0.018908152356743813
2004-08-12,1.061469316482544
2004-08-13,0.0
2004-08-14,0.0
2004-08-15,0.0
2004-08-16,0.024678338319063187
2004-08-17,0.0
2004-08-18,2.7608888149261475
2004-08-19,0.18874169886112213
2004-08-20,0.14663152396678925
2004-08-21,0.22946810722351074
2004-08-22,0.0
2004-08-23,0.9820924401283264
2004-08-24,0.116925910115242
2004-08-25,3.837923765182495
2004-08-26,0.5030820965766907
2004-08-27,0.0
2004-08-28,0.0
2004-08-29,0.0
2004-08-30,0.2829999625682831
2004-08-31,0.0
2004-09-01,0.012537230737507343
2004-09-02,0.012537230737507343
2004-09-03,0.012537230737507343
2004-09-04,0.07852111756801605
2004-09-05,0.1346118003129959
2004-09-06,0.0
2004-09-07,0.0
2004-09-08,0.0
2004-09-09,0.0
2004-09-10,0.0
2004-09-11,0.0
2004-09-12,0.0
2004-09-13,0.0
2004-09-14,0.0
2004-09-15,0.0
2004-09-16,1.439765453338623
2004-09-17,0.0
2004-09-18,0.0
2004-09-19,0.0
2004-09-20,0.0
2004-09-21,0.0
2004-09-22,0.0
2004-09-23,0.0
2004-09-24,0.0
2004-09-25,0.0
2004-09-26,0.0
2004-09-27,0.0
2004-09-28,0.0
2004-09-29,0.0
2004-09-30,0.0
2004-10-01,0.0
2004-10-02,0.0
2004-10-03,0.0
2004-10-04,0.0
2004-10-05,0.0
2004-10-06,0.0003705290437210351
2004-10-07,0.02970929816365242
2004-10-08,2.6676971912384033
2004-10-09,0.6429126262664795
2004-10-10,0.0
2004-10-11,0.0
2004-10-12,0.0
2004-10-13,0.0
2004-10-14,0.0
2004-10-15,0.0
2004-10-16,0.0
2004-10-17,0.0
2004-10-18,0.0
2004-10-19,0.0
2004-10-20,0.0
2004-10-21,0.0
2004-10-22,0.0
2004-10-23,0.0
2004-10-24,0.0
2004-10-25,0.0
2004-10-26,0.0
2004-10-27,0.6369515061378479
2004-10-28,0.0
2004-10-29,0.0
2004-10-30,0.0
2004-10-31,1.5713050365447998
2004-11-01,1.082353949546814
2004-11-02,8.039322853088379
2004-11-03,0.22875365614891052
2004-11-04,4.017446517944336
2004-11-05,0.4469815790653229
2004-11-06,3.407878875732422
2004-11-07,3.60479736328125
2004-11-08,16.12641143798828
2004-11-09,3.601806640625
2004-11-10,0.7184179425239563
2004-11-11,0.0
2004-11-12,0.003551048692315817
2004-11-13,2.7617874145507812
2004-11-14,4.146705150604248
2004-11-15,0.11903223395347595
2004-11-16,0.033554963767528534
2004-11-17,19.97525405883789
2004-11-18,0.0
2004-11-19,0.0
2004-11-20,0.0
2004-11-21,0.0
2004-11-22,3.0642237663269043
2004-11-23,1.9503079652786255
2004-11-24,0.0
2004-11-25,1.7891991138458252
2004-11-26,1.6516506671905518
2004-11-27,0.7006880044937134
2004-11-28,1.3654462099075317
2004-11-29,0.03290744870901108
2004-11-30,0.0
2004-12-01,0.8624675869941711
2004-12-02,5.026986122131348
2004-12-03,1.5332612991333008
2004-12-04,2.107440948486328
2004-12-05,0.30631381273269653
2004-12-06,0.9413543343544006
2004-12-07,9.960493087768555
2004-12-08,0.5345541834831238
2004-12-09,8.883030891418457
2004-12-10,0.27012673020362854
2004-12-11,0.43587207794189453
2004-12-12,5.058969974517822
2004-12-13,11.12734603881836
2004-12-14,1.8972541093826294
2004-12-15,10.320178031921387
2004-12-16,7.9182305335998535
2004-12-17,2.0192437171936035
2004-12-18,0.16772212088108063
2004-12-19,4.842189311981201
2004-12-20,3.3276150226593018
2004-12-21,0.13395868241786957
2004-12-22,1.7889622449874878
2004-12-23,4.915749549865723
2004-12-24,11.466911315917969
2004-12-25,0.2135637104511261
2004-12-26,0.164944589138031
2004-12-27,3.1339473724365234
2004-12-28,0.164944589138031
2004-12-29,0.164944589138031
2004-12-30,0.164944589138031
2004-12-31,0.164944589138031
2005-01-01,14.793373107910156
2005-01-02,4.164442539215088
2005-01-03,0.014133745804429054
2005-01-04,0.0
2005-01-05,0.0
2005-01-06,0.0
2005-01-07,3.7365598678588867
2005-01-08,0.3195555508136749
2005-01-09,0.9309816956520081
2005-01-10,2.943547248840332
2005-01-11,1.649324655532837
2005-01-12,0.0
2005-01-13,0.0
2005-01-14,0.0
2005-01-15,23.374980926513672
2005-01-16,11.61257553100586
2005-01-17,0.0
2005-01-18,0.0
2005-01-19,0.0
2005-01-20,0.0
2005-01-21,0.0
2005-01-22,0.0
2005-01-23,6.59780216217041
2005-01-24,10.697991371154785
2005-01-25,2.0232644081115723
2005-01-26,0.04106537997722626
2005-01-27,0.0
2005-01-28,0.0
2005-01-29,0.0
2005-01-30,0.39330339431762695
2005-01-31,21.916654586791992
2005-02-01,0.0
2005-02-02,0.0
2005-02-03,0.0
2005-02-04,0.0
2005-02-05,0.0
2005-02-06,0.0
2005-02-07,9.15945816040039
2005-02-08,20.83222007751465
2005-02-09,14.690510749816895
2005-02-10,0.8034244775772095
2005-02-11,0.17919783294200897
2005-02-12,0.07609453797340393
2005-02-13,2.4203174114227295
2005-02-14,43.75740051269531
2005-02-15,29.1221866607666
2005-02-16,0.8055194616317749
2005-02-17,0.9978185892105103
2005-02-18,0.28555965423583984
2005-02-19,0.01831001788377762
2005-02-20,0.03233722597360611
2005-02-21,5.843288898468018
2005-02-22,0.25371596217155457
2005-02-23,11.585556983947754
2005-02-24,1.357581615447998
2005-02-25,0.049310531467199326
2005-02-26,0.22160188853740692
2005-02-27,0.0
2005-02-28,2.997668504714966
2005-03-01,0.0
2005-03-02,0.0
2005-03-03,0.0
2005-03-04,0.0
2005-03-05,0.0
2005-03-06,0.0
2005-03-07,1.5025047063827515
2005-03-08,0.0
2005-03-09,5.3021159172058105
2005-03-10,0.0
2005-03-11,0.0
2005-03-12,1.4749785661697388
2005-03-13,16.58521842956543
2005-03-14,0.2362208366394043
2005-03-15,0.0
2005-03-16,0.0
2005-03-17,0.0
2005-03-18,0.0
2005-03-19,0.0
2005-03-20,0.0
2005-03-21,0.5049524307250977
2005-03-22,22.51611328125
2005-03-23,0.0
2005-03-24,0.0
2005-03-25,0.0
2005-03-26,0.0007490310235880315
2005-03-27,0.04981580749154091
2005-03-28,0.10563386976718903
2005-03-29,0.001498062047176063
2005-03-30,30.195316314697266
2005-03-31,0.06364169716835022
2005-04-01,0.0
2005-04-02,11.574803352355957
2005-04-03,8.431342124938965
2005-04-04,0.0
2005-04-05,0.0
2005-04-06,0.0
2005-04-07,5.1877288818359375
2005-04-08,1.6537230014801025
2005-04-09,0.07035552710294724
2005-04-10,0.005498653277754784
2005-04-11,0.0
2005-04-12,0.0
2005-04-13,0.0
2005-04-14,0.0
2005-04-15,0.0
2005-04-16,0.0
2005-04-17,8.443761825561523
2005-04-18,5.370882987976074
2005-04-19,0.0
2005-04-20,0.0
2005-04-21,0.0
2005-04-22,0.0
2005-04-23,0.0
2005-04-24,1.4422833919525146
2005-04-25,23.21163558959961
2005-04-26,0.0
2005-04-27,0.0
2005-04-28,0.0
2005-04-29,0.0
2005-04-30,0.0
2005-05-01,0.0
2005-05-02,0.0
2005-05-03,0.0
2005-05-04,0.0
2005-05-05,0.0
2005-05-06,0.0
2005-05-07,0.0
2005-05-08,0.0
2005-05-09,0.0
2005-05-10,0.0
2005-05-11,0.0
2005-05-12,0.0
2005-05-13,0.0
2005-05-14,0.0
2005-05-15,0.0
2005-05-16,0.0
2005-05-17,0.0
2005-05-18,0.0
2005-05-19,0.0
2005-05-20,0.0
2005-05-21,0.0
2005-05-22,11.786110877990723
2005-05-23,0.0
2005-05-24,0.0
2005-05-25,0.0
2005-05-26,0.0
2005-05-27,0.0
2005-05-28,0.0
2005-05-29,0.0
2005-05-30,0.0
2005-05-31,0.0
2005-06-01,0.0
2005-06-02,0.0
2005-06-03,0.0
2005-06-04,0.0
2005-06-05,0.0
2005-06-06,0.0
2005-06-07,0.0
2005-06-08,0.0
2005-06-09,0.0
2005-06-10,0.0
2005-06-11,0.0
2005-06-12,0.0
2005-06-13,0.0
2005-06-14,0.0
2005-06-15,0.0
2005-06-16,0.0
2005-06-17,0.0
2005-06-18,0.0
2005-06-19,0.0
2005-06-20,0.0
2005-06-21,0.0
2005-06-22,0.0
2005-06-23,0.0
2005-06-24,0.0
2005-06-25,0.0
2005-06-26,0.0
2005-06-27,0.0
2005-06-28,0.0
2005-06-29,0.0
2005-06-30,0.0
2005-07-01,0.0
2005-07-02,0.0
2005-07-03,0.0
2005-07-04,0.0
2005-07-05,0.0
2005-07-06,0.0
2005-07-07,0.0
2005-07-08,0.0
2005-07-09,0.0
2005-07-10,0.0
2005-07-11,0.0
2005-07-12,0.0
2005-07-13,0.0
2005-07-14,0.0
2005-07-15,0.0
2005-07-16,0.0
2005-07-17,0.0
2005-07-18,0.0
2005-07-19,0.0
2005-07-20,0.0
2005-07-21,0.0
2005-07-22,0.33617234230041504
2005-07-23,0.025818902999162674
2005-07-24,0.0
2005-07-25,0.05509021878242493
2005-07-26,0.0
2005-07-27,0.0
2005-07-28,0.0
2005-07-29,0.0
2005-07-30,0.0
2005-07-31,0.0
2005-08-01,0.0
2005-08-02,0.0
2005-08-03,0.0
2005-08-04,0.0
2005-08-05,0.0
2005-08-06,0.0
2005-08-07,0.0
2005-08-08,0.0
2005-08-09,0.0
2005-08-10,0.0
2005-08-11,0.0
2005-08-12,0.0
2005-08-13,0.0
2005-08-14,0.0
2005-08-15,0.0
2005-08-16,0.0
2005-08-17,0.0
2005-08-18,0.0
2005-08-19,0.0
2005-08-20,0.0
2005-08-21,0.0
2005-08-22,0.0
2005-08-23,0.0
2005-08-24,0.0
2005-08-25,0.0
2005-08-26,0.0
2005-08-27,0.0
2005-08-28,0.0
2005-08-29,0.0
2005-08-30,0.0
2005-08-31,0.0
2005-09-01,0.12194295227527618
2005-09-02,0.0
2005-09-03,0.0
2005-09-04,0.0
2005-09-05,0.0
2005-09-06,0.0
2005-09-07,0.5735356211662292
2005-09-08,0.0
2005-09-09,0.046958088874816895
2005-09-10,0.0
2005-09-11,2.6596531867980957
2005-09-12,2.5144262313842773
2005-09-13,0.007972367107868195
2005-09-14,1.1719852685928345
2005-09-15,1.5266481637954712
2005-09-16,0.0
2005-09-17,0.0
2005-09-18,0.0
2005-09-19,0.0
2005-09-20,0.0
2005-09-21,0.0
2005-09-22,0.0
2005-09-23,0.0
2005-09-24,0.0
2005-09-25,0.0
2005-09-26,0.036153644323349
2005-09-27,1.6436680555343628
2005-09-28,0.0
2005-09-29,0.0
2005-09-30,23.230039596557617
2005-10-01,0.04041890799999237
2005-10-02,0.0
2005-10-03,0.0
2005-10-04,10.771331787109375
2005-10-05,27.5053768157959
2005-10-06,0.029849128797650337
2005-10-07,0.2211865782737732
2005-10-08,24.42937469482422
2005-10-09,6.029810905456543
2005-10-10,17.89160919189453
2005-10-11,0.0
2005-10-12,0.0
2005-10-13,0.0
2005-10-14,0.06085389107465744
2005-10-15,0.0008819404756650329
2005-10-16,7.56184720993042
2005-10-17,15.004751205444336
2005-10-18,0.13062533736228943
2005-10-19,0.001979171996936202
2005-10-20,0.005859940312802792
2005-10-21,0.0
2005-10-22,0.0
2005-10-23,0.0
2005-10-24,0.6245617270469666
2005-10-25,0.0
2005-10-26,23.351518630981445
2005-10-27,0.20737504959106445
2005-10-28,0.0059208073653280735
2005-10-29,0.0
2005-10-30,0.0
2005-10-31,0.0
2005-11-01,0.0
2005-11-02,0.0
2005-11-03,0.0
2005-11-04,0.0
2005-11-05,0.0
2005-11-06,1.575838565826416
2005-11-07,0.0076979296281933784
2005-11-08,8.458660125732422
2005-11-09,1.6062161922454834
2005-11-10,18.281139373779297
2005-11-11,0.8522416353225708
2005-11-12,0.0
2005-11-13,2.457977533340454
2005-11-14,0.0
2005-11-15,0.4046802818775177
2005-11-16,5.0772881507873535
2005-11-17,0.002797022694721818
2005-11-18,8.069300651550293
2005-11-19,34.44474792480469
2005-11-20,0.0
2005-11-21,1.3759245872497559
2005-11-22,15.369808197021484
2005-11-23,1.372129201889038
2005-11-24,20.508506774902344
2005-11-25,2.1128833293914795
2005-11-26,0.0
2005-11-27,0.0
2005-11-28,0.0
2005-11-29,0.0
2005-11-30,0.0
2005-12-01,0.028638353571295738
2005-12-02,0.1874942183494568
2005-12-03,0.026614271104335785
2005-12-04,11.313672065734863
2005-12-05,1.556321382522583
2005-12-06,17.178211212158203
2005-12-07,0.009048678912222385
2005-12-08,0.0
2005-12-09,0.0
2005-12-10,0.0
2005-12-11,0.0
2005-12-12,0.058353718370199203
2005-12-13,0.0639786645770073
2005-12-14,16.70258140563965
2005-12-15,1.7815848588943481
2005-12-16,1.4088612794876099
2005-12-17,0.2694067656993866
2005-12-18,0.0017239766893908381
2005-12-19,0.0
2005-12-20,16.05858039855957
2005-12-21,0.08170486986637115
2005-12-22,0.0
2005-12-23,0.0
2005-12-24,3.606696128845215
2005-12-25,18.84660530090332
2005-12-26,7.46204137802124
2005-12-27,2.7191872596740723
2005-12-28,13.89432430267334
2005-12-29,1.5916829109191895
2005-12-30,0.0
2005-12-31,0.8757732510566711
2006-01-01,19.450889587402344
2006-01-02,13.329459190368652
2006-01-03,6.575395107269287
2006-01-04,0.0
2006-01-05,0.0943702831864357
2006-01-06,0.0
2006-01-07,0.0
2006-01-08,0.0004189751925878227
2006-01-09,0.22780850529670715
2006-01-10,2.106302499771118
2006-01-11,17.279932022094727
2006-01-12,3.7663393020629883
2006-01-13,14.381316184997559
2006-01-14,0.797657310962677
2006-01-15,0.2793022692203522
2006-01-16,30.47925567626953
2006-01-17,15.435275077819824
2006-01-18,0.14391154050827026
2006-01-19,1.5694503784179688
2006-01-20,21.715930938720703
2006-01-21,2.60522723197937
2006-01-22,2.4531662464141846
2006-01-23,0.31978675723075867
2006-01-24,7.063016414642334
2006-01-25,69.0094985961914
2006-01-26,18.17868423461914
2006-01-27,0.04455842822790146
2006-01-28,0.8650219440460205
2006-01-29,0.3288082480430603
2006-01-30,0.2819356322288513
2006-01-31,0.0
2006-02-01,0.008041298016905785
2006-02-02,0.0
2006-02-03,0.0
2006-02-04,0.17395304143428802
2006-02-05,6.977978229522705
2006-02-06,17.693836212158203
2006-02-07,1.380224585533142
2006-02-08,0.09230558574199677
2006-02-09,4.3030171394348145
2006-02-10,1.4965310096740723
2006-02-11,0.0
2006-02-12,2.798574924468994
2006-02-13,3.448392868041992
2006-02-14,14.782899856567383
2006-02-15,0.0
2006-02-16,0.0
2006-02-17,0.0
2006-02-18,0.0
2006-02-19,0.0
2006-02-20,0.0
2006-02-21,0.0
2006-02-22,0.0
2006-02-23,16.82889175415039
2006-02-24,6.211900234222412
2006-02-25,0.0
2006-02-26,0.0
2006-02-27,0.0
2006-02-28,0.0
2006-03-01,0.10351187735795975
2006-03-02,0.5654497146606445
2006-03-03,15.806238174438477
2006-03-04,0.002823739778250456
2006-03-05,0.0
2006-03-06,0.6403905749320984
2006-03-07,0.13944557309150696
2006-03-08,0.0
2006-03-09,0.0
2006-03-10,8.854585647583008
2006-03-11,0.010426723398268223
2006-03-12,5.124277591705322
2006-03-13,0.8112271428108215
2006-03-14,0.0
2006-03-15,0.0
2006-03-16,0.28384214639663696
2006-03-17,0.0
2006-03-18,5.568986892700195
2006-03-19,0.016027165576815605
2006-03-20,0.0
2006-03-21,0.3637491762638092
2006-03-22,0.0
2006-03-23,1.445680022239685
2006-03-24,6.2599406242370605
2006-03-25,12.543495178222656
2006-03-26,0.0
2006-03-27,0.0
2006-03-28,0.0
2006-03-29,62.04732131958008
2006-03-30,0.0
2006-03-31,0.0
2006-04-01,0.001589330960996449
2006-04-02,4.5591349601745605
2006-04-03,0.0
2006-04-04,0.013509011827409267
2006-04-05,0.34209761023521423
2006-04-06,0.1574932485818863
2006-04-07,0.9268582463264465
2006-04-08,0.0
2006-04-09,0.16555337607860565
2006-04-10,0.0
2006-04-11,0.0
2006-04-12,0.0
2006-04-13,0.0
2006-04-14,0.4179914593696594
2006-04-15,17.741086959838867
2006-04-16,0.0
2006-04-17,0.0
2006-04-18,0.0
2006-04-19,0.0
2006-04-20,0.0
2006-04-21,0.0
2006-04-22,0.0
2006-04-23,0.0
2006-04-24,0.0
2006-04-25,0.0
2006-04-26,0.0
2006-04-27,0.0
2006-04-28,0.0
2006-04-29,0.0
2006-04-30,0.0
2006-05-01,0.0
2006-05-02,0.0
2006-05-03,0.0
2006-05-04,0.024681365117430687
2006-05-05,0.2584087550640106
2006-05-06,0.0
2006-05-07,0.0
2006-05-08,0.0
2006-05-09,0.0
2006-05-10,0.0
2006-05-11,0.0
2006-05-12,0.0
2006-05-13,0.0
2006-05-14,0.0
2006-05-15,0.0
2006-05-16,0.0
2006-05-17,0.0
2006-05-18,0.0
2006-05-19,0.0
2006-05-20,0.0
2006-05-21,0.0
2006-05-22,0.0
2006-05-23,0.0
2006-05-24,0.0
2006-05-25,0.0
2006-05-26,0.0
2006-05-27,0.0
2006-05-28,0.0
2006-05-29,0.0
2006-05-30,0.0
2006-05-31,0.0
2006-06-01,0.0
2006-06-02,0.0
2006-06-03,0.0
2006-06-04,0.0
2006-06-05,0.0
2006-06-06,0.0
2006-06-07,0.0
2006-06-08,0.0
2006-06-09,0.0
2006-06-10,0.0
2006-06-11,2.9723312854766846
2006-06-12,3.0422685146331787
2006-06-13,0.0
2006-06-14,0.0
2006-06-15,0.0
2006-06-16,0.0
2006-06-17,0.0
2006-06-18,0.0
2006-06-19,0.0
2006-06-20,0.0
2006-06-21,0.0
2006-06-22,0.0
2006-06-23,0.0
2006-06-24,0.0
2006-06-25,0.0
2006-06-26,0.0
2006-06-27,0.0
2006-06-28,0.0
2006-06-29,0.0
2006-06-30,0.0
2006-07-01,0.0
2006-07-02,0.0
2006-07-03,0.0
2006-07-04,0.0
2006-07-05,0.0
2006-07-06,0.0
2006-07-07,0.0
2006-07-08,0.0
2006-07-09,0.0
2006-07-10,0.0
2006-07-11,0.0
2006-07-12,0.0
2006-07-13,0.0
2006-07-14,0.0
2006-07-15,0.0
2006-07-16,0.0
2006-07-17,0.0
2006-07-18,0.0
2006-07-19,0.0
2006-07-20,0.0
2006-07-21,0.0
2006-07-22,0.0
2006-07-23,0.0
2006-07-24,0.0
2006-07-25,0.0
2006-07-26,0.0
2006-07-27,0.0
2006-07-28,0.0
2006-07-29,6.304556369781494
2006-07-30,2.7789571285247803
2006-07-31,1.034507155418396
2006-08-01,0.0
2006-08-02,0.0
2006-08-03,0.0
2006-08-04,0.0
2006-08-05,0.0
2006-08-06,0.0
2006-08-07,0.0
2006-08-08,0.0
2006-08-09,0.0
2006-08-10,0.0
2006-08-11,0.0
2006-08-12,0.0
2006-08-13,0.011078677140176296
2006-08-14,0.0
2006-08-15,9.236846923828125
2006-08-16,10.145018577575684
2006-08-17,0.20023062825202942
2006-08-18,0.0
2006-08-19,0.0
2006-08-20,0.0
2006-08-21,0.0
2006-08-22,0.0
2006-08-23,0.0
2006-08-24,0.0
2006-08-25,0.0
2006-08-26,0.0
2006-08-27,0.0
2006-08-28,2.1585581302642822
2006-08-29,1.4326845407485962
2006-08-30,0.16855114698410034
2006-08-31,0.11688218265771866
2006-09-01,0.03420902043581009
2006-09-02,0.03420902043581009
2006-09-03,0.03420902043581009
2006-09-04,0.03420902043581009
2006-09-05,0.03420902043581009
2006-09-06,0.0
2006-09-07,0.0
2006-09-08,0.0
2006-09-09,5.176007270812988
2006-09-10,0.0
2006-09-11,0.0
2006-09-12,0.0
2006-09-13,0.0
2006-09-14,0.0
2006-09-15,0.0
2006-09-16,0.0
2006-09-17,0.0
2006-09-18,0.0
2006-09-19,4.04922342300415
2006-09-20,0.0
2006-09-21,0.251876562833786
2006-09-22,0.251876562833786
2006-09-23,1.6892598867416382
2006-09-24,2.592641830444336
2006-09-25,0.251876562833786
2006-09-26,2.4306912422180176
2006-09-27,7.992729663848877
2006-09-28,0.0861557275056839
2006-09-29,1.0845985412597656
2006-09-30,0.0
2006-10-01,0.0
2006-10-02,3.3899269104003906
2006-10-03,0.38742464780807495
2006-10-04,0.21710936725139618
2006-10-05,0.080784872174263
2006-10-06,0.11567604541778564
2006-10-07,0.11567604541778564
2006-10-08,0.11567604541778564
2006-10-09,0.11567604541778564
2006-10-10,0.11567604541778564
2006-10-11,3.926480531692505
2006-10-12,0.27366575598716736
2006-10-13,0.0
2006-10-14,0.0
2006-10-15,3.019320011138916
2006-10-16,0.18793904781341553
2006-10-17,0.12826840579509735
2006-10-18,0.0
2006-10-19,0.09866800159215927
2006-10-20,0.3350013196468353
2006-10-21,0.7119032144546509
2006-10-22,4.4426655769348145
2006-10-23,0.33465516567230225
2006-10-24,4.6076531410217285
2006-10-25,6.420936107635498
2006-10-26,0.0
2006-10-27,0.0
2006-10-28,0.1005818098783493
2006-10-29,0.12898503243923187
2006-10-30,15.9893217086792
2006-10-31,0.0
2006-11-01,0.9002201557159424
2006-11-02,14.294105529785156
2006-11-03,0.0
2006-11-04,0.1387014538049698
2006-11-05,0.19574075937271118
2006-11-06,16.62497329711914
2006-11-07,0.07969178259372711
2006-11-08,0.2416037917137146
2006-11-09,5.903885841369629
2006-11-10,0.0
2006-11-11,0.0
2006-11-12,0.0
2006-11-13,0.0
2006-11-14,0.0
2006-11-15,0.0
2006-11-16,0.0
2006-11-17,4.301175117492676
2006-11-18,5.605472564697266
2006-11-19,1.1887977123260498
2006-11-20,0.0
2006-11-21,0.6381202936172485
2006-11-22,0.6381202936172485
2006-11-23,3.5284299850463867
2006-11-24,0.6381202936172485
2006-11-25,0.9384121298789978
2006-11-26,6.836806774139404
2006-11-27,11.167490005493164
2006-11-28,1.5685499906539917
2006-11-29,0.0
2006-11-30,0.11276053637266159
2006-12-01,0.0035183653235435486
2006-12-02,13.669940948486328
2006-12-03,0.004045102745294571
2006-12-04,0.058192912489175797
2006-12-05,0.0
2006-12-06,0.3906043767929077
2006-12-07,0.0
2006-12-08,16.183015823364258
2006-12-09,0.0
2006-12-10,0.0067896852269768715
2006-12-11,0.4845491945743561
2006-12-12,0.4845491945743561
2006-12-13,0.4845491945743561
2006-12-14,0.4845491945743561
2006-12-15,2.9072952270507812
2006-12-16,0.0
2006-12-17,0.0
2006-12-18,0.26679107546806335
2006-12-19,16.772260665893555
2006-12-20,13.267492294311523
2006-12-21,5.107427597045898
2006-12-22,0.0
2006-12-23,0.1344211846590042
2006-12-24,1.417665958404541
2006-12-25,11.380338668823242
2006-12-26,7.522651672363281
2006-12-27,0.05492729693651199
2006-12-28,0.0
2006-12-29,0.0
2006-12-30,2.9283010959625244
2006-12-31,0.4005332291126251
2007-01-01,0.0
2007-01-02,21.125707626342773
2007-01-03,0.7619150876998901
2007-01-04,0.1715274304151535
2007-01-05,2.2812201976776123
2007-01-06,1.0457839965820312
2007-01-07,21.28468132019043
2007-01-08,1.4971126317977905
2007-01-09,0.0
2007-01-10,0.1078120693564415
2007-01-11,0.8794894814491272
2007-01-12,18.744245529174805
2007-01-13,0.10836674273014069
2007-01-14,20.893280029296875
2007-01-15,2.4498300552368164
2007-01-16,19.10734748840332
2007-01-17,2.6159448623657227
2007-01-18,0.0
2007-01-19,1.7736122608184814
2007-01-20,8.815314292907715
2007-01-21,0.5102827548980713
2007-01-22,0.017094599083065987
2007-01-23,6.955377101898193
2007-01-24,3.3784995079040527
2007-01-25,0.0
2007-01-26,0.0
2007-01-27,4.564711570739746
2007-01-28,4.420552730560303
2007-01-29,0.0
2007-01-30,2.1348185539245605
2007-01-31,14.925222396850586
2007-02-01,0.0
2007-02-02,0.002498842542991042
2007-02-03,3.0517351627349854
2007-02-04,1.8035160303115845
2007-02-05,0.0
2007-02-06,0.0
2007-02-07,8.598063468933105
2007-02-08,0.6827329397201538
2007-02-09,1.472859501838684
2007-02-10,15.596647262573242
2007-02-11,1.7378369569778442
2007-02-12,0.0
2007-02-13,14.501364707946777
2007-02-14,14.689435005187988
2007-02-15,0.9683622717857361
2007-02-16,1.147799015045166
2007-02-17,1.5895661115646362
2007-02-18,1.7643743753433228
2007-02-19,0.0
2007-02-20,0.0
2007-02-21,0.0
2007-02-22,0.0
2007-02-23,0.0
2007-02-24,0.0
2007-02-25,0.0
2007-02-26,0.0
2007-02-27,0.0
2007-02-28,3.2773237228393555
2007-03-01,0.0
2007-03-02,0.10969731956720352
2007-03-03,16.278461456298828
2007-03-04,0.0
2007-03-05,0.19239166378974915
2007-03-06,0.0
2007-03-07,0.14236706495285034
2007-03-08,0.05916634574532509
2007-03-09,6.560793876647949
2007-03-10,18.033029556274414
2007-03-11,4.822744846343994
2007-03-12,0.0
2007-03-13,0.0
2007-03-14,0.0049185981042683125
2007-03-15,10.431473731994629
2007-03-16,5.5200724601745605
2007-03-17,13.28865909576416
2007-03-18,6.835247993469238
2007-03-19,0.0
2007-03-20,0.0
2007-03-21,0.0
2007-03-22,0.0
2007-03-23,0.0
2007-03-24,0.0
2007-03-25,0.0
2007-03-26,0.0
2007-03-27,0.01927935518324375
2007-03-28,0.0
2007-03-29,2.0901713371276855
2007-03-30,8.238321304321289
2007-03-31,7.4567155838012695
2007-04-01,0.6727244853973389
2007-04-02,0.19217130541801453
2007-04-03,5.0215253829956055
2007-04-04,19.939178466796875
2007-04-05,0.5119112133979797
2007-04-06,0.0
2007-04-07,0.0
2007-04-08,0.0
2007-04-09,0.0
2007-04-10,0.0
2007-04-11,0.25779375433921814
2007-04-12,4.087640285491943
2007-04-13,14.322317123413086
2007-04-14,0.0
2007-04-15,0.0
2007-04-16,0.0
2007-04-17,0.0
2007-04-18,0.0
2007-04-19,0.0
2007-04-20,0.0
2007-04-21,0.0
2007-04-22,0.0
2007-04-23,0.0
2007-04-24,0.0
2007-04-25,0.0
2007-04-26,0.6227540969848633
2007-04-27,10.648405075073242
2007-04-28,0.0
2007-04-29,0.0
2007-04-30,0.0
2007-05-01,0.1918751746416092
2007-05-02,0.1918751746416092
2007-05-03,0.3378671705722809
2007-05-04,1.0052590370178223
2007-05-05,0.1918751746416092
2007-05-06,5.819946765899658
2007-05-07,2.68320894241333
2007-05-08,6.98933744430542
2007-05-09,0.0
2007-05-10,0.0
2007-05-11,0.0
2007-05-12,0.0
2007-05-13,0.0
2007-05-14,0.0
2007-05-15,0.0
2007-05-16,0.0
2007-05-17,0.0
2007-05-18,0.0
2007-05-19,0.0
2007-05-20,0.0
2007-05-21,0.3928820490837097
2007-05-22,0.3928820490837097
2007-05-23,0.970455527305603
2007-05-24,0.932830810546875
2007-05-25,1.2397698163986206
2007-05-26,0.0
2007-05-27,0.0
2007-05-28,0.0
2007-05-29,0.0
2007-05-30,0.0
2007-05-31,0.0
2007-06-01,0.0
2007-06-02,0.0
2007-06-03,0.0
2007-06-04,0.0
2007-06-05,0.0
2007-06-06,0.0
2007-06-07,0.0
2007-06-08,0.0
2007-06-09,0.0
2007-06-10,0.0
2007-06-11,0.0
2007-06-12,0.0
2007-06-13,0.0
2007-06-14,0.0
2007-06-15,0.0
2007-06-16,0.0
2007-06-17,0.0
2007-06-18,0.0
2007-06-19,0.0
2007-06-20,0.0
2007-06-21,0.0
2007-06-22,0.0
2007-06-23,0.0
2007-06-24,0.0
2007-06-25,3.23237681388855
2007-06-26,3.60080623626709
2007-06-27,0.3914838135242462
2007-06-28,0.0
2007-06-29,0.0
2007-06-30,0.0
2007-07-01,0.0
2007-07-02,0.0
2007-07-03,0.0
2007-07-04,0.0
2007-07-05,0.0
2007-07-06,0.0
2007-07-07,0.007663784548640251
2007-07-08,5.1667656898498535
2007-07-09,0.3349277973175049
2007-07-10,0.19507654011249542
2007-07-11,0.0
2007-07-12,0.0
2007-07-13,0.0
2007-07-14,0.0
2007-07-15,0.0
2007-07-16,0.0
2007-07-17,0.0
2007-07-18,0.0
2007-07-19,0.0
2007-07-20,0.0
2007-07-21,0.0
2007-07-22,0.0
2007-07-23,0.0
2007-07-24,0.0
2007-07-25,0.0
2007-07-26,0.0
2007-07-27,0.0
2007-07-28,0.0
2007-07-29,0.0
2007-07-30,0.0
2007-07-31,0.0
2007-08-01,0.0
2007-08-02,0.0
2007-08-03,0.0
2007-08-04,0.0
2007-08-05,0.0
2007-08-06,0.0
2007-08-07,0.0
2007-08-08,0.0
2007-08-09,4.477232933044434
2007-08-10,0.0
2007-08-11,0.0
2007-08-12,0.0
2007-08-13,0.0
2007-08-14,0.0
2007-08-15,0.0
2007-08-16,0.0
2007-08-17,0.0
2007-08-18,0.0
2007-08-19,0.0
2007-08-20,0.0
2007-08-21,0.0
2007-08-22,0.0
2007-08-23,0.0
2007-08-24,0.0
2007-08-25,0.0
2007-08-26,0.7789002060890198
2007-08-27,3.4004175662994385
2007-08-28,0.07651422172784805
2007-08-29,0.0
2007-08-30,0.8621728420257568
2007-08-31,0.0
2007-09-01,0.0
2007-09-02,0.06599043309688568
2007-09-03,0.0
2007-09-04,0.0
2007-09-05,1.557456612586975
2007-09-06,0.0
2007-09-07,0.0
2007-09-08,0.0
2007-09-09,0.0
2007-09-10,0.0
2007-09-11,1.459582805633545
2007-09-12,3.5447845458984375
2007-09-13,0.11449063569307327
2007-09-14,3.957190990447998
2007-09-15,12.965479850769043
2007-09-16,0.0
2007-09-17,3.3153843879699707
2007-09-18,0.029916714876890182
2007-09-19,0.6372955441474915
2007-09-20,0.0
2007-09-21,1.1683859825134277
2007-09-22,0.1833789199590683
2007-09-23,0.035518623888492584
2007-09-24,7.956308841705322
2007-09-25,0.0
2007-09-26,0.0
2007-09-27,0.4314413368701935
2007-09-28,3.7386724948883057
2007-09-29,0.36777356266975403
2007-09-30,0.11700480431318283
2007-10-01,0.08642742037773132
2007-10-02,0.08642742037773132
2007-10-03,1.1583261489868164
2007-10-04,0.3061384856700897
2007-10-05,0.09122894704341888
2007-10-06,0.0
2007-10-07,0.09755132347345352
2007-10-08,0.0
2007-10-09,0.0
2007-10-10,4.184075832366943
2007-10-11,1.0533499717712402
2007-10-12,0.5108239650726318
2007-10-13,0.40385881066322327
2007-10-14,0.11616913974285126
2007-10-15,1.5612661838531494
2007-10-16,1.3628908395767212
2007-10-17,13.1829833984375
2007-10-18,9.176277160644531
2007-10-19,2.3213322162628174
2007-10-20,0.0
2007-10-21,4.280210018157959
2007-10-22,2.1201796531677246
2007-10-23,4.396824836730957
2007-10-24,0.0
2007-10-25,0.0
2007-10-26,0.0
2007-10-27,0.0
2007-10-28,0.0
2007-10-29,1.1012530326843262
2007-10-30,9.90549373626709
2007-10-31,0.08211863785982132
2007-11-01,0.19954146444797516
2007-11-02,0.6983951330184937
2007-11-03,0.6485097408294678
2007-11-04,0.19954146444797516
2007-11-05,0.24942682683467865
2007-11-06,0.0
2007-11-07,0.0
2007-11-08,0.0
2007-11-09,0.0
2007-11-10,0.0
2007-11-11,0.0
2007-11-12,0.0
2007-11-13,0.0
2007-11-14,5.855116844177246
2007-11-15,1.7807190418243408
2007-11-16,2.412101984024048
2007-11-17,0.1994207352399826
2007-11-18,3.620087146759033
2007-11-19,20.54213523864746
2007-11-20,0.3372587561607361
2007-11-21,3.6955151557922363
2007-11-22,0.15328605473041534
2007-11-23,14.798462867736816
2007-11-24,3.756781578063965
2007-11-25,0.0
2007-11-26,0.0
2007-11-27,0.0
2007-11-28,2.5234756469726562
2007-11-29,0.20737960934638977
2007-11-30,0.06205602362751961
2007-12-01,0.17204830050468445
2007-12-02,0.49441057443618774
2007-12-03,30.453094482421875
2007-12-04,1.5474492311477661
2007-12-05,0.20015864074230194
2007-12-06,1.5407640933990479
2007-12-07,0.0
2007-12-08,0.0
2007-12-09,12.556838035583496
2007-12-10,0.0
2007-12-11,0.0
2007-12-12,2.552373170852661
2007-12-13,0.0
2007-12-14,0.0
2007-12-15,13.884308815002441
2007-12-16,21.238466262817383
2007-12-17,0.1273326724767685
2007-12-18,7.1759033203125
2007-12-19,0.2864716053009033
2007-12-20,0.0
2007-12-21,0.3125312328338623
2007-12-22,0.7231050133705139
2007-12-23,8.55086898803711
2007-12-24,11.213154792785645
2007-12-25,15.098465919494629
2007-12-26,0.0
2007-12-27,0.0
2007-12-28,1.21595299243927
2007-12-29,0.0
2007-12-30,2.5057408809661865
2007-12-31,15.919034957885742
2008-01-01,6.8438520431518555
2008-01-02,0.7108104825019836
2008-01-03,4.55908727645874
2008-01-04,15.448758125305176
2008-01-05,0.4176476299762726
2008-01-06,0.038423195481300354
2008-01-07,0.48711854219436646
2008-01-08,14.486919403076172
2008-01-09,10.817112922668457
2008-01-10,1.2720595598220825
2008-01-11,22.58730125427246
2008-01-12,0.6200066804885864
2008-01-13,0.27070772647857666
2008-01-14,0.0
2008-01-15,0.7870455980300903
2008-01-16,0.2162330001592636
2008-01-17,0.5366942882537842
2008-01-18,0.0
2008-01-19,38.07071304321289
2008-01-20,3.4149327278137207
2008-01-21,0.6632487177848816
2008-01-22,26.847148895263672
2008-01-23,10.290973663330078
2008-01-24,13.433137893676758
2008-01-25,17.850866317749023
2008-01-26,22.227275848388672
2008-01-27,0.7748280763626099
2008-01-28,0.40096813440322876
2008-01-29,1.2146759033203125
2008-01-30,4.23918342590332
2008-01-31,8.037160873413086
2008-02-01,0.0
2008-02-02,0.0
2008-02-03,0.0
2008-02-04,0.0
2008-02-05,0.0
2008-02-06,0.0
2008-02-07,12.841819763183594
2008-02-08,2.840498208999634
2008-02-09,0.0
2008-02-10,3.4829628467559814
2008-02-11,9.849344253540039
2008-02-12,0.1222180500626564
2008-02-13,0.02017100714147091
2008-02-14,0.0
2008-02-15,0.02922545187175274
2008-02-16,9.040678024291992
2008-02-17,0.5481795072555542
2008-02-18,0.29488900303840637
2008-02-19,1.9407318830490112
2008-02-20,0.6437664031982422
2008-02-21,0.48154693841934204
2008-02-22,7.305974006652832
2008-02-23,13.33003044128418
2008-02-24,6.888463973999023
2008-02-25,0.5027118921279907
2008-02-26,3.224837064743042
2008-02-27,26.758012771606445
2008-02-28,14.241811752319336
2008-02-29,0.03076523169875145
2008-03-01,0.0
2008-03-02,0.0019253133796155453
2008-03-03,0.05037903040647507
2008-03-04,1.254548192024231
2008-03-05,8.101512908935547
2008-03-06,0.0
2008-03-07,6.041825294494629
2008-03-08,0.9328484535217285
2008-03-09,3.7930405139923096
2008-03-10,11.67133903503418
2008-03-11,2.267794609069824
2008-03-12,0.0
2008-03-13,0.0
2008-03-14,0.0
2008-03-15,0.09388353675603867
2008-03-16,0.0
2008-03-17,0.0
2008-03-18,0.0
2008-03-19,0.0
2008-03-20,0.0
2008-03-21,0.45436781644821167
2008-03-22,0.025070181116461754
2008-03-23,1.5309937000274658
2008-03-24,0.0
2008-03-25,0.0
2008-03-26,0.009272945113480091
2008-03-27,0.06862733513116837
2008-03-28,0.0
2008-03-29,8.717371940612793
2008-03-30,0.0
2008-03-31,2.9799506664276123
2008-04-01,4.415186405181885
2008-04-02,14.474674224853516
2008-04-03,0.18414415419101715
2008-04-04,0.0
2008-04-05,0.0
2008-04-06,0.0
2008-04-07,0.0
2008-04-08,0.0
2008-04-09,0.0
2008-04-10,0.0
2008-04-11,0.0
2008-04-12,0.0
2008-04-13,0.018288353458046913
2008-04-14,10.504157066345215
2008-04-15,0.0
2008-04-16,0.0
2008-04-17,0.0
2008-04-18,0.0
2008-04-19,0.0
2008-04-20,0.0
2008-04-21,0.0
2008-04-22,0.0
2008-04-23,0.0
2008-04-24,0.0
2008-04-25,0.0
2008-04-26,0.0
2008-04-27,0.0
2008-04-28,0.12071548402309418
2008-04-29,0.10829497128725052
2008-04-30,6.46356201171875
2008-05-01,0.0
2008-05-02,0.0
2008-05-03,0.0
2008-05-04,0.0
2008-05-05,0.0
2008-05-06,0.0
2008-05-07,0.0
2008-05-08,0.0
2008-05-09,0.0
2008-05-10,0.0
2008-05-11,0.059716396033763885
2008-05-12,0.0
2008-05-13,0.31061774492263794
2008-05-14,0.0
2008-05-15,0.0
2008-05-16,0.0
2008-05-17,0.0
2008-05-18,0.0
2008-05-19,0.0
2008-05-20,0.0
2008-05-21,0.0
2008-05-22,0.0
2008-05-23,0.0
2008-05-24,0.0
2008-05-25,0.0
2008-05-26,0.0
2008-05-27,0.0
2008-05-28,0.0
2008-05-29,0.0
2008-05-30,0.0
2008-05-31,0.0
2008-06-01,0.0
2008-06-02,0.0
2008-06-03,0.0
2008-06-04,0.0
2008-06-05,0.0
2008-06-06,0.0
2008-06-07,0.0
2008-06-08,0.0
2008-06-09,0.0
2008-06-10,0.0
2008-06-11,0.07072540372610092
2008-06-12,0.07072540372610092
2008-06-13,0.07072540372610092
2008-06-14,0.07072540372610092
2008-06-15,0.07072540372610092
2008-06-16,0.0
2008-06-17,0.0
2008-06-18,0.0
2008-06-19,0.0
2008-06-20,0.0
2008-06-21,0.0
2008-06-22,0.0
2008-06-23,0.0
2008-06-24,0.0
2008-06-25,0.0
2008-06-26,0.0
2008-06-27,0.0
2008-06-28,0.0
2008-06-29,0.0
2008-06-30,0.0
2008-07-01,0.0
2008-07-02,0.0
2008-07-03,0.0
2008-07-04,0.0
2008-07-05,0.0
2008-07-06,0.0
2008-07-07,0.0
2008-07-08,0.0
2008-07-09,0.0
2008-07-10,0.0
2008-07-11,0.0
2008-07-12,0.0
2008-07-13,0.0
2008-07-14,0.0
2008-07-15,0.0
2008-07-16,0.0
2008-07-17,0.0
2008-07-18,0.0
2008-07-19,0.0
2008-07-20,0.0
2008-07-21,0.0
2008-07-22,0.0
2008-07-23,0.0
2008-07-24,0.0
2008-07-25,0.0
2008-07-26,0.0
2008-07-27,0.0
2008-07-28,0.0
2008-07-29,0.0
2008-07-30,0.0
2008-07-31,0.0
2008-08-01,0.4702349603176117
2008-08-02,0.07753338664770126
2008-08-03,0.8478325605392456
2008-08-04,0.07753338664770126
2008-08-05,0.07753338664770126
2008-08-06,0.0
2008-08-07,0.0
2008-08-08,0.0
2008-08-09,0.0
2008-08-10,0.0
2008-08-11,0.0
2008-08-12,0.0
2008-08-13,0.0
2008-08-14,0.0
2008-08-15,0.0
2008-08-16,0.0
2008-08-17,0.0
2008-08-18,8.425041198730469
2008-08-19,0.0
2008-08-20,0.0
2008-08-21,0.0
2008-08-22,0.0
2008-08-23,0.0
2008-08-24,0.0
2008-08-25,0.0
2008-08-26,0.0
2008-08-27,0.0
2008-08-28,0.0
2008-08-29,0.0
2008-08-30,0.0
2008-08-31,0.0
2008-09-01,0.0
2008-09-02,0.0
2008-09-03,0.0
2008-09-04,0.20656482875347137
2008-09-05,0.21984413266181946
2008-09-06,0.0
2008-09-07,0.0
2008-09-08,0.0
2008-09-09,0.0
2008-09-10,0.0
2008-09-11,1.6084269285202026
2008-09-12,0.06884317100048065
2008-09-13,0.0
2008-09-14,0.0
2008-09-15,0.0
2008-09-16,0.0
2008-09-17,0.0
2008-09-18,0.0
2008-09-19,0.0
2008-09-20,0.0
2008-09-21,0.0
2008-09-22,0.0
2008-09-23,0.0
2008-09-24,0.0
2008-09-25,0.0
2008-09-26,0.4531138241291046
2008-09-27,0.0
2008-09-28,0.0
2008-09-29,0.0
2008-09-30,5.397809982299805
2008-10-01,4.034316539764404
2008-10-02,0.16127291321754456
2008-10-03,2.719874143600464
2008-10-04,0.8567653894424438
2008-10-05,4.012213230133057
2008-10-06,0.0
2008-10-07,0.0
2008-10-08,0.0
2008-10-09,0.0
2008-10-10,0.0
2008-10-11,0.0
2008-10-12,0.0
2008-10-13,0.0
2008-10-14,0.0
2008-10-15,0.0
2008-10-16,0.0
2008-10-17,0.0
2008-10-18,0.0
2008-10-19,0.0
2008-10-20,0.0
2008-10-21,0.0
2008-10-22,0.0
2008-10-23,6.569273948669434
2008-10-24,8.78955078125
2008-10-25,14.175275802612305
2008-10-26,2.031409740447998
2008-10-27,1.1219950914382935
2008-10-28,0.09765300154685974
2008-10-29,13.333996772766113
2008-10-30,16.332439422607422
2008-10-31,0.0007474623271264136
2008-11-01,0.035363003611564636
2008-11-02,0.5425161123275757
2008-11-03,9.004804611206055
2008-11-04,2.5234110355377197
2008-11-05,0.0
2008-11-06,5.268333435058594
2008-11-07,0.3460579216480255
2008-11-08,0.0
2008-11-09,5.379809379577637
2008-11-10,6.7928924560546875
2008-11-11,0.5339083671569824
2008-11-12,3.691071033477783
2008-11-13,0.0
2008-11-14,0.0
2008-11-15,5.4873948097229
2008-11-16,0.0
2008-11-17,0.0
2008-11-18,0.0
2008-11-19,0.0
2008-11-20,0.0
2008-11-21,0.12030654400587082
2008-11-22,0.12030654400587082
2008-11-23,1.1905335187911987
2008-11-24,0.8546777367591858
2008-11-25,0.12030654400587082
2008-11-26,1.5314502716064453
2008-11-27,2.3480918407440186
2008-11-28,0.0
2008-11-29,0.06490058451890945
2008-11-30,0.0
2008-12-01,0.0
2008-12-02,0.0
2008-12-03,0.0
2008-12-04,0.0
2008-12-05,0.0
2008-12-06,0.018854713067412376
2008-12-07,0.0
2008-12-08,0.0
2008-12-09,0.02056165412068367
2008-12-10,25.62152862548828
2008-12-11,26.334314346313477
2008-12-12,0.39391592144966125
2008-12-13,0.0
2008-12-14,0.8066138625144958
2008-12-15,0.001001886441372335
2008-12-16,4.925127029418945
2008-12-17,0.25188466906547546
2008-12-18,1.6354141235351562
2008-12-19,2.2659802436828613
2008-12-20,0.342827707529068
2008-12-21,10.066581726074219
2008-12-22,5.136260986328125
2008-12-23,2.0068976879119873
2008-12-24,2.655315399169922
2008-12-25,31.582618713378906
2008-12-26,3.838911771774292
2008-12-27,2.7038018703460693
2008-12-28,0.9300156235694885
2008-12-29,1.9584927558898926
2008-12-30,0.783076822757721
2008-12-31,0.023309670388698578
2009-01-01,0.06626635044813156
2009-01-02,6.928030967712402
2009-01-03,7.676559925079346
2009-01-04,0.19970491528511047
2009-01-05,0.968903660774231
2009-01-06,0.20303280651569366
2009-01-07,3.746201276779175
2009-01-08,0.012388086877763271
2009-01-09,14.600115776062012
2009-01-10,1.2634435892105103
2009-01-11,0.0
2009-01-12,0.0
2009-01-13,13.331719398498535
2009-01-14,8.289265632629395
2009-01-15,17.327713012695312
2009-01-16,19.618133544921875
2009-01-17,3.7269880771636963
2009-01-18,18.360065460205078
2009-01-19,13.90121841430664
2009-01-20,2.926339864730835
2009-01-21,9.224849700927734
2009-01-22,0.1343166083097458
2009-01-23,0.0
2009-01-24,2.5092594623565674
2009-01-25,8.041699409484863
2009-01-26,0.2035190463066101
2009-01-27,0.0
2009-01-28,0.003112073754891753
2009-01-29,0.05289701372385025
2009-01-30,0.0
2009-01-31,0.0
2009-02-01,0.0
2009-02-02,0.11569766700267792
2009-02-03,3.72164249420166
2009-02-04,10.3927001953125
2009-02-05,0.0
2009-02-06,10.61728286743164
2009-02-07,0.5401002764701843
2009-02-08,2.97884202003479
2009-02-09,30.233123779296875
2009-02-10,32.25298309326172
2009-02-11,15.990920066833496
2009-02-12,3.5048885345458984
2009-02-13,0.09044264256954193
2009-02-14,7.047421932220459
2009-02-15,0.15049341320991516
2009-02-16,4.432289123535156
2009-02-17,0.8705049753189087
2009-02-18,0.27339211106300354
2009-02-19,0.009785843081772327
2009-02-20,1.4414750337600708
2009-02-21,0.4320724308490753
2009-02-22,0.5826183557510376
2009-02-23,1.5477321147918701
2009-02-24,2.7972307205200195
2009-02-25,0.10713597387075424
2009-02-26,0.0
2009-02-27,0.0
2009-02-28,0.0
2009-03-01,0.912030816078186
2009-03-02,31.89774513244629
2009-03-03,2.154242753982544
2009-03-04,7.861361980438232
2009-03-05,0.0
2009-03-06,0.011863038875162601
2009-03-07,0.012167219072580338
2009-03-08,0.011863038875162601
2009-03-09,0.011863038875162601
2009-03-10,0.1895044445991516
2009-03-11,12.937223434448242
2009-03-12,1.7297643423080444
2009-03-13,1.4012646675109863
2009-03-14,0.0
2009-03-15,0.0
2009-03-16,0.0
2009-03-17,0.003507268847897649
2009-03-18,0.3690764605998993
2009-03-19,0.0
2009-03-20,1.2127015590667725
2009-03-21,1.3216228485107422
2009-03-22,1.8242005109786987
2009-03-23,3.0047106742858887
2009-03-24,5.919242858886719
2009-03-25,0.0
2009-03-26,3.6390366554260254
2009-03-27,7.390019416809082
2009-03-28,1.2258200645446777
2009-03-29,3.644538640975952
2009-03-30,0.11145735532045364
2009-03-31,0.25068074464797974
2009-04-01,0.8767289519309998
2009-04-02,0.8767289519309998
2009-04-03,0.8767289519309998
2009-04-04,6.721588134765625
2009-04-05,8.182804107666016
2009-04-06,0.0
2009-04-07,0.0
2009-04-08,0.0
2009-04-09,0.0
2009-04-10,0.0
2009-04-11,0.0
2009-04-12,0.0
2009-04-13,0.0
2009-04-14,0.0
2009-04-15,0.0
2009-04-16,0.0
2009-04-17,0.0
2009-04-18,0.0
2009-04-19,0.0
2009-04-20,0.0
2009-04-21,0.0
2009-04-22,0.0
2009-04-23,0.0
2009-04-24,0.0
2009-04-25,0.0
2009-04-26,0.0
2009-04-27,0.0
2009-04-28,0.0
2009-04-29,0.0
2009-04-30,0.0
2009-05-01,0.0
2009-05-02,0.0
2009-05-03,0.0
2009-05-04,0.0
2009-05-05,0.0
2009-05-06,0.0
2009-05-07,3.059783458709717
2009-05-08,0.0
2009-05-09,0.0
2009-05-10,0.0
2009-05-11,0.0
2009-05-12,0.0
2009-05-13,0.0
2009-05-14,0.0
2009-05-15,0.0
2009-05-16,0.0
2009-05-17,0.0
2009-05-18,0.0
2009-05-19,0.0
2009-05-20,0.0
2009-05-21,0.0
2009-05-22,0.0
2009-05-23,0.0
2009-05-24,0.0
2009-05-25,0.0
2009-05-26,0.07091682404279709
2009-05-27,0.0
2009-05-28,5.781107425689697
2009-05-29,0.2898474335670471
2009-05-30,0.0
2009-05-31,0.0
2009-06-01,0.0
2009-06-02,0.0
2009-06-03,0.0
2009-06-04,0.0
2009-06-05,0.0
2009-06-06,0.0
2009-06-07,0.0
2009-06-08,0.0
2009-06-09,0.0
2009-06-10,0.0
2009-06-11,0.017126334831118584
2009-06-12,0.2701290249824524
2009-06-13,0.017126334831118584
2009-06-14,0.017126334831118584
2009-06-15,0.021018683910369873
2009-06-16,0.0
2009-06-17,0.0
2009-06-18,0.0
2009-06-19,0.0
2009-06-20,0.0
2009-06-21,0.0
2009-06-22,0.0
2009-06-23,0.0
2009-06-24,0.0
2009-06-25,0.0
2009-06-26,0.0
2009-06-27,0.0
2009-06-28,0.0
2009-06-29,0.0
2009-06-30,0.0
2009-07-01,0.0
2009-07-02,0.0
2009-07-03,0.0
2009-07-04,0.0
2009-07-05,0.0
2009-07-06,0.0
2009-07-07,0.0
2009-07-08,0.0
2009-07-09,0.0
2009-07-10,0.0
2009-07-11,0.0
2009-07-12,0.0
2009-07-13,0.0
2009-07-14,0.0
2009-07-15,0.0
2009-07-16,0.0
2009-07-17,0.0
2009-07-18,0.0
2009-07-19,0.0
2009-07-20,0.0
2009-07-21,0.0
2009-07-22,0.0
2009-07-23,0.0
2009-07-24,0.0
2009-07-25,0.0
2009-07-26,0.0
2009-07-27,0.0
2009-07-28,0.0
2009-07-29,0.0
2009-07-30,0.0
2009-07-31,0.0
2009-08-01,0.0
2009-08-02,0.0
2009-08-03,0.0
2009-08-04,0.0
2009-08-05,0.0
2009-08-06,0.0
2009-08-07,0.0
2009-08-08,0.0
2009-08-09,0.0
2009-08-10,0.0
2009-08-11,0.0
2009-08-12,0.0
2009-08-13,0.0
2009-08-14,0.0
2009-08-15,0.0
2009-08-16,0.0
2009-08-17,0.0
2009-08-18,0.0
2009-08-19,0.0
2009-08-20,0.0
2009-08-21,0.0
2009-08-22,0.0
2009-08-23,0.0
2009-08-24,0.0
2009-08-25,0.0
2009-08-26,0.0
2009-08-27,0.0
2009-08-28,0.0
2009-08-29,0.0
2009-08-30,0.0
2009-08-31,0.0
2009-09-01,0.0
2009-09-02,0.7227697968482971
2009-09-03,0.46730685234069824
2009-09-04,0.0
2009-09-05,0.05609400197863579
2009-09-06,0.0
2009-09-07,0.0
2009-09-08,0.0
2009-09-09,0.0
2009-09-10,0.0
2009-09-11,0.0
2009-09-12,0.0
2009-09-13,0.0
2009-09-14,0.0
2009-09-15,0.0
2009-09-16,2.73842716217041
2009-09-17,0.0
2009-09-18,0.0
2009-09-19,0.4138488173484802
2009-09-20,0.11113692075014114
2009-09-21,0.0
2009-09-22,0.0
2009-09-23,0.0
2009-09-24,0.0
2009-09-25,0.0
2009-09-26,6.391738414764404
2009-09-27,0.37456274032592773
2009-09-28,0.0
2009-09-29,0.6074498891830444
2009-09-30,0.35834360122680664
2009-10-01,8.803131103515625
2009-10-02,0.018165402114391327
2009-10-03,0.0
2009-10-04,0.15241128206253052
2009-10-05,0.0
2009-10-06,2.573470115661621
2009-10-07,0.01875234767794609
2009-10-08,0.07104987651109695
2009-10-09,7.923158168792725
2009-10-10,0.0
2009-10-11,0.0
2009-10-12,0.0
2009-10-13,0.0
2009-10-14,0.0
2009-10-15,0.0
2009-10-16,0.0
2009-10-17,0.0012908149510622025
2009-10-18,0.08554540574550629
2009-10-19,7.649112224578857
2009-10-20,0.05024639517068863
2009-10-21,0.1282983422279358
2009-10-22,23.272357940673828
2009-10-23,6.022691249847412
2009-10-24,3.241276741027832
2009-10-25,6.737014293670654
2009-10-26,0.0
2009-10-27,0.0
2009-10-28,0.0
2009-10-29,0.0
2009-10-30,0.0
2009-10-31,0.0
2009-11-01,0.0
2009-11-02,0.0
2009-11-03,0.0
2009-11-04,0.01630442775785923
2009-11-05,11.83158016204834
2009-11-06,1.2737114429473877
2009-11-07,0.0
2009-11-08,0.7569684386253357
2009-11-09,0.0
2009-11-10,8.039767265319824
2009-11-11,1.047055959701538
2009-11-12,0.0052695428021252155
2009-11-13,1.9283831119537354
2009-11-14,0.0
2009-11-15,30.807600021362305
2009-11-16,0.19252565503120422
2009-11-17,0.591173529624939
2009-11-18,10.379144668579102
2009-11-19,3.5817503929138184
2009-11-20,24.846572875976562
2009-11-21,5.64984655380249
2009-11-22,0.0
2009-11-23,0.0
2009-11-24,11.169378280639648
2009-11-25,0.0
2009-11-26,0.0
2009-11-27,0.0
2009-11-28,2.8579933643341064
2009-11-29,16.878143310546875
2009-11-30,9.872882843017578
2009-12-01,0.04607820138335228
2009-12-02,6.026187896728516
2009-12-03,8.940003395080566
2009-12-04,4.487135887145996
2009-12-05,0.8876398801803589
2009-12-06,0.0
2009-12-07,9.560855865478516
2009-12-08,0.0
2009-12-09,0.0
2009-12-10,0.0
2009-12-11,0.0
2009-12-12,2.758787155151367
2009-12-13,0.0
2009-12-14,0.0
2009-12-15,0.4422396719455719
2009-12-16,0.019459282979369164
2009-12-17,1.0122851133346558
2009-12-18,0.26685258746147156
2009-12-19,0.7787339687347412
2009-12-20,29.315288543701172
2009-12-21,17.20035171508789
2009-12-22,0.0
2009-12-23,0.0
2009-12-24,0.19512729346752167
2009-12-25,7.148045063018799
2009-12-26,3.7728350162506104
2009-12-27,4.5359601974487305
2009-12-28,0.04305822029709816
2009-12-29,14.473875999450684
2009-12-30,3.645789384841919
2009-12-31,0.016718879342079163
2010-01-01,0.0020721564069390297
2010-01-02,1.07491135597229
2010-01-03,7.334306716918945
2010-01-04,1.4107316732406616
2010-01-05,0.0
2010-01-06,2.8393912315368652
2010-01-07,13.976725578308105
2010-01-08,0.01576492376625538
2010-01-09,0.0
2010-01-10,0.20317944884300232
2010-01-11,2.426332712173462
2010-01-12,20.982463836669922
2010-01-13,9.387701988220215
2010-01-14,0.047938957810401917
2010-01-15,0.0
2010-01-16,0.0
2010-01-17,0.0
2010-01-18,0.011440345086157322
2010-01-19,8.955313682556152
2010-01-20,9.234537124633789
2010-01-21,0.37722504138946533
2010-01-22,0.17904473841190338
2010-01-23,1.384299397468567
2010-01-24,0.02647365629673004
2010-01-25,0.6163361072540283
2010-01-26,2.9512686729431152
2010-01-27,1.5157923698425293
2010-01-28,1.2014575004577637
2010-01-29,1.061862587928772
2010-01-30,0.05190714821219444
2010-01-31,17.32913589477539
2010-02-01,0.0
2010-02-02,0.04566090926527977
2010-02-03,1.0848032236099243
2010-02-04,8.095015525817871
2010-02-05,10.178143501281738
2010-02-06,1.6972979307174683
2010-02-07,3.997985601425171
2010-02-08,9.401313781738281
2010-02-09,0.31939876079559326
2010-02-10,5.401287078857422
2010-02-11,10.528844833374023
2010-02-12,0.0
2010-02-13,0.0
2010-02-14,0.0
2010-02-15,0.0
2010-02-16,3.48583722114563
2010-02-17,26.83942985534668
2010-02-18,0.20813851058483124
2010-02-19,0.5677357912063599
2010-02-20,0.03924110531806946
2010-02-21,0.23253603279590607
2010-02-22,2.499767780303955
2010-02-23,1.5777614116668701
2010-02-24,15.94157886505127
2010-02-25,7.6740875244140625
2010-02-26,0.0
2010-02-27,0.20075321197509766
2010-02-28,24.68568992614746
2010-03-01,0.0
2010-03-02,0.6843035817146301
2010-03-03,0.006164897698909044
2010-03-04,43.047611236572266
2010-03-05,9.255374908447266
2010-03-06,0.0
2010-03-07,0.0
2010-03-08,0.0
2010-03-09,0.0
2010-03-10,0.029029039666056633
2010-03-11,4.994118690490723
2010-03-12,0.8570387363433838
2010-03-13,0.0
2010-03-14,0.0
2010-03-15,1.06636381149292
2010-03-16,2.760403633117676
2010-03-17,0.0
2010-03-18,0.0
2010-03-19,0.863537073135376
2010-03-20,5.552982330322266
2010-03-21,5.801535129547119
2010-03-22,0.17935320734977722
2010-03-23,0.0
2010-03-24,11.810949325561523
2010-03-25,0.0
2010-03-26,0.0
2010-03-27,0.0
2010-03-28,0.0
2010-03-29,0.0
2010-03-30,0.0
2010-03-31,0.0
2010-04-01,0.0
2010-04-02,0.0
2010-04-03,0.0
2010-04-04,0.0
2010-04-05,0.0
2010-04-06,0.0
2010-04-07,0.0
2010-04-08,0.0
2010-04-09,0.0
2010-04-10,0.0
2010-04-11,0.0
2010-04-12,0.0
2010-04-13,0.0
2010-04-14,0.0
2010-04-15,0.0
2010-04-16,0.0
2010-04-17,0.0770392119884491
2010-04-18,0.0
2010-04-19,2.734292984008789
2010-04-20,1.3231054544448853
2010-04-21,0.41853809356689453
2010-04-22,3.368316650390625
2010-04-23,6.952365875244141
2010-04-24,10.673728942871094
2010-04-25,0.0
2010-04-26,0.0
2010-04-27,0.0
2010-04-28,0.0
2010-04-29,0.0
2010-04-30,1.060173511505127
2010-05-01,0.0
2010-05-02,0.0
2010-05-03,0.0
2010-05-04,0.0
2010-05-05,0.0
2010-05-06,0.0
2010-05-07,0.0
2010-05-08,0.0
2010-05-09,0.0
2010-05-10,0.0
2010-05-11,0.0
2010-05-12,0.0
2010-05-13,0.0
2010-05-14,0.0
2010-05-15,0.0
2010-05-16,0.0
2010-05-17,0.0
2010-05-18,0.0
2010-05-19,0.0
2010-05-20,0.0
2010-05-21,0.0
2010-05-22,0.018571678549051285
2010-05-23,0.10678715258836746
2010-05-24,1.0446568727493286
2010-05-25,0.0
2010-05-26,0.0
2010-05-27,0.0
2010-05-28,0.0
2010-05-29,0.0
2010-05-30,0.0
2010-05-31,0.0
2010-06-01,0.0
2010-06-02,0.0
2010-06-03,0.0
2010-06-04,0.0
2010-06-05,0.0
2010-06-06,0.0
2010-06-07,0.0
2010-06-08,0.0
2010-06-09,0.0
2010-06-10,0.0
2010-06-11,0.0
2010-06-12,0.0
2010-06-13,0.0
2010-06-14,0.0
2010-06-15,0.0
2010-06-16,0.0
2010-06-17,0.0
2010-06-18,0.0
2010-06-19,0.0
2010-06-20,0.0
2010-06-21,0.0
2010-06-22,0.0
2010-06-23,0.0
2010-06-24,0.0
2010-06-25,0.0
2010-06-26,0.0
2010-06-27,0.0
2010-06-28,0.0
2010-06-29,0.0
2010-06-30,0.0
2010-07-01,0.0
2010-07-02,0.0
2010-07-03,0.0
2010-07-04,0.0
2010-07-05,0.0
2010-07-06,0.0
2010-07-07,0.0
2010-07-08,0.0
2010-07-09,0.0
2010-07-10,0.0
2010-07-11,0.0
2010-07-12,0.0
2010-07-13,0.0
2010-07-14,0.0
2010-07-15,0.0
2010-07-16,0.0
2010-07-17,0.0
2010-07-18,0.0
2010-07-19,0.0
2010-07-20,0.0
2010-07-21,0.0
2010-07-22,0.0
2010-07-23,0.0
2010-07-24,0.0
2010-07-25,0.0
2010-07-26,0.0
2010-07-27,0.0
2010-07-28,0.0
2010-07-29,0.0
2010-07-30,0.0
2010-07-31,0.0
2010-08-01,0.0
2010-08-02,0.0
2010-08-03,0.004184830002486706
2010-08-04,8.06001091003418
2010-08-05,0.0408288948237896
2010-08-06,0.0
2010-08-07,0.0
2010-08-08,0.0
2010-08-09,0.0
2010-08-10,0.0
2010-08-11,0.0
2010-08-12,3.826378345489502
2010-08-13,0.0
2010-08-14,0.0
2010-08-15,0.0
2010-08-16,0.0
2010-08-17,0.0
2010-08-18,0.0
2010-08-19,0.0
2010-08-20,0.0
2010-08-21,0.0
2010-08-22,0.0
2010-08-23,0.0
2010-08-24,0.0
2010-08-25,0.0
2010-08-26,0.0
2010-08-27,0.0
2010-08-28,0.0
2010-08-29,0.0
2010-08-30,0.0
2010-08-31,0.0
2010-09-01,0.05253554508090019
2010-09-02,0.05253554508090019
2010-09-03,0.05253554508090019
2010-09-04,0.05253554508090019
2010-09-05,0.05253554508090019
2010-09-06,0.0
2010-09-07,0.0
2010-09-08,0.0
2010-09-09,0.0
2010-09-10,0.0
2010-09-11,0.0
2010-09-12,0.0
2010-09-13,0.0
2010-09-14,0.0
2010-09-15,0.0
2010-09-16,0.0
2010-09-17,0.0
2010-09-18,0.0
2010-09-19,0.0
2010-09-20,0.0
2010-09-21,0.0
2010-09-22,0.0
2010-09-23,0.0
2010-09-24,0.0
2010-09-25,0.0
2010-09-26,0.0
2010-09-27,0.0
2010-09-28,0.0
2010-09-29,0.0
2010-09-30,0.0
2010-10-01,0.7029075026512146
2010-10-02,11.336686134338379
2010-10-03,0.5992786884307861
2010-10-04,0.0
2010-10-05,0.0
2010-10-06,0.0
2010-10-07,0.0
2010-10-08,0.9782707095146179
2010-10-09,1.0709006786346436
2010-10-10,1.6628568172454834
2010-10-11,0.0
2010-10-12,0.0
2010-10-13,0.0
2010-10-14,0.0
2010-10-15,0.0
2010-10-16,3.061201810836792
2010-10-17,0.648191511631012
2010-10-18,0.0
2010-10-19,0.0
2010-10-20,0.0
2010-10-21,15.917625427246094
2010-10-22,0.0
2010-10-23,4.41154146194458
2010-10-24,0.0
2010-10-25,0.0
2010-10-26,0.0
2010-10-27,0.0
2010-10-28,0.0
2010-10-29,0.0014504056889563799
2010-10-30,0.1711837351322174
2010-10-31,7.294053554534912
2010-11-01,0.0
2010-11-02,0.0
2010-11-03,0.0
2010-11-04,0.0
2010-11-05,0.0
2010-11-06,0.0
2010-11-07,1.4011269807815552
2010-11-08,0.6934769153594971
2010-11-09,0.0
2010-11-10,0.023017624393105507
2010-11-11,1.729508876800537
2010-11-12,0.0
2010-11-13,0.24374960362911224
2010-11-14,0.006611845921725035
2010-11-15,0.020513499155640602
2010-11-16,0.0
2010-11-17,0.0
2010-11-18,0.0
2010-11-19,0.0
2010-11-20,0.0
2010-11-21,0.02613063156604767
2010-11-22,11.137446403503418
2010-11-23,0.0
2010-11-24,0.46278923749923706
2010-11-25,0.004671100061386824
2010-11-26,0.1549205482006073
2010-11-27,13.862853050231934
2010-11-28,7.271564960479736
2010-11-29,1.3110127449035645
2010-11-30,0.0017019619699567556
2010-12-01,0.0
2010-12-02,0.009397211484611034
2010-12-03,0.0
2010-12-04,0.0
2010-12-05,6.128775596618652
2010-12-06,10.623786926269531
2010-12-07,0.420487642288208
2010-12-08,0.10136359184980392
2010-12-09,0.0
2010-12-10,0.016143452376127243
2010-12-11,0.0
2010-12-12,7.984922885894775
2010-12-13,7.479282379150391
2010-12-14,0.0
2010-12-15,0.0
2010-12-16,0.6567904353141785
2010-12-17,0.24629639089107513
2010-12-18,0.24629639089107513
2010-12-19,0.24629639089107513
2010-12-20,0.24629639089107513
2010-12-21,2.054879665374756
2010-12-22,0.1295575052499771
2010-12-23,0.0
2010-12-24,13.166899681091309
2010-12-25,2.2179641723632812
2010-12-26,1.310106873512268
2010-12-27,31.262649536132812
2010-12-28,0.11083680391311646
2010-12-29,11.91300106048584
2010-12-30,0.7077111005783081
2010-12-31,0.411384642124176
2011-01-01,6.106988906860352
2011-01-02,0.0
2011-01-03,0.0
2011-01-04,0.0
2011-01-05,0.0
2011-01-06,3.8856871128082275
2011-01-07,0.03634868934750557
2011-01-08,0.7397325038909912
2011-01-09,0.0
2011-01-10,3.502025842666626
2011-01-11,0.0
2011-01-12,1.8721997737884521
2011-01-13,6.369284629821777
2011-01-14,7.738575458526611
2011-01-15,0.7749143838882446
2011-01-16,0.40856197476387024
2011-01-17,11.629645347595215
2011-01-18,2.140911817550659
2011-01-19,0.12772807478904724
2011-01-20,5.414368629455566
2011-01-21,0.0
2011-01-22,0.0027950312942266464
2011-01-23,11.94521427154541
2011-01-24,3.312861680984497
2011-01-25,0.0
2011-01-26,0.0
2011-01-27,0.641244113445282
2011-01-28,0.0
2011-01-29,3.9682958126068115
2011-01-30,0.0
2011-01-31,0.15141434967517853
2011-02-01,13.119231224060059
2011-02-02,0.34681767225265503
2011-02-03,0.3995072543621063
2011-02-04,18.491914749145508
2011-02-05,5.1179890632629395
2011-02-06,11.340867042541504
2011-02-07,32.009735107421875
2011-02-08,24.349624633789062
2011-02-09,17.386486053466797
2011-02-10,0.05640257149934769
2011-02-11,18.026765823364258
2011-02-12,0.08475431054830551
2011-02-13,28.354854583740234
2011-02-14,0.03470621630549431
2011-02-15,0.0
2011-02-16,0.0
2011-02-17,0.0
2011-02-18,0.6494194865226746
2011-02-19,12.280672073364258
2011-02-20,2.1116743087768555
2011-02-21,0.5002971887588501
2011-02-22,0.18834495544433594
2011-02-23,25.840829849243164
2011-02-24,17.382736206054688
2011-02-25,4.596815586090088
2011-02-26,11.256237030029297
2011-02-27,0.09770773351192474
2011-02-28,0.0
2011-03-01,0.0
2011-03-02,0.0
2011-03-03,0.0
2011-03-04,0.0
2011-03-05,0.0
2011-03-06,0.0
2011-03-07,0.016996055841445923
2011-03-08,8.306468963623047
2011-03-09,2.9651389122009277
2011-03-10,3.640334129333496
2011-03-11,0.00370177929289639
2011-03-12,0.0
2011-03-13,0.22073601186275482
2011-03-14,0.36784690618515015
2011-03-15,0.0
2011-03-16,0.0
2011-03-17,0.0
2011-03-18,9.392821311950684
2011-03-19,26.26552391052246
2011-03-20,0.0
2011-03-21,0.0
2011-03-22,0.0
2011-03-23,0.0
2011-03-24,0.0
2011-03-25,0.0
2011-03-26,0.0
2011-03-27,26.744468688964844
2011-03-28,0.0
2011-03-29,7.944023132324219
2011-03-30,0.0
2011-03-31,0.0
2011-04-01,0.9689328074455261
2011-04-02,0.9886988401412964
2011-04-03,0.0
2011-04-04,0.9344679117202759
2011-04-05,0.08298265933990479
2011-04-06,0.0
2011-04-07,0.018219109624624252
2011-04-08,0.0
2011-04-09,0.0
2011-04-10,0.34765034914016724
2011-04-11,0.0
2011-04-12,0.0
2011-04-13,0.0
2011-04-14,0.0
2011-04-15,0.0
2011-04-16,0.0
2011-04-17,0.0
2011-04-18,0.6191964745521545
2011-04-19,4.3033881187438965
2011-04-20,0.0
2011-04-21,0.0
2011-04-22,0.0
2011-04-23,0.0
2011-04-24,0.0
2011-04-25,0.0
2011-04-26,0.0
2011-04-27,0.0
2011-04-28,0.0
2011-04-29,0.0
2011-04-30,0.0
2011-05-01,0.0
2011-05-02,0.0
2011-05-03,0.0
2011-05-04,0.0
2011-05-05,0.0
2011-05-06,0.0
2011-05-07,0.0
2011-05-08,0.0
2011-05-09,0.0
2011-05-10,0.0
2011-05-11,0.0
2011-05-12,0.0
2011-05-13,0.0
2011-05-14,0.0
2011-05-15,0.0
2011-05-16,0.0
2011-05-17,0.0
2011-05-18,0.0
2011-05-19,0.0
2011-05-20,0.0
2011-05-21,0.0
2011-05-22,0.0
2011-05-23,0.0
2011-05-24,0.0
2011-05-25,0.0
2011-05-26,0.0
2011-05-27,0.0
2011-05-28,0.0
2011-05-29,0.0
2011-05-30,0.0
2011-05-31,0.0
2011-06-01,0.0
2011-06-02,0.0
2011-06-03,0.0
2011-06-04,0.0
2011-06-05,0.0
2011-06-06,0.0
2011-06-07,0.0
2011-06-08,0.0
2011-06-09,0.0
2011-06-10,0.0
2011-06-11,0.0
2011-06-12,0.0
2011-06-13,0.0
2011-06-14,0.0
2011-06-15,0.0
2011-06-16,0.0
2011-06-17,0.0
2011-06-18,0.0
2011-06-19,0.0
2011-06-20,0.0
2011-06-21,0.0
2011-06-22,0.0
2011-06-23,0.0
2011-06-24,0.0
2011-06-25,0.0
2011-06-26,0.0
2011-06-27,0.0
2011-06-28,0.0
2011-06-29,0.0
2011-06-30,0.0
2011-07-01,0.0
2011-07-02,0.0
2011-07-03,0.0
2011-07-04,0.0
2011-07-05,0.0
2011-07-06,0.0
2011-07-07,0.0
2011-07-08,0.0
2011-07-09,0.0
2011-07-10,0.0
2011-07-11,0.0
2011-07-12,0.0
2011-07-13,0.0
2011-07-14,0.0
2011-07-15,0.0
2011-07-16,0.0
2011-07-17,0.0
2011-07-18,0.0
2011-07-19,0.0
2011-07-20,0.0
2011-07-21,0.4336850047111511
2011-07-22,0.2216300219297409
2011-07-23,0.0
2011-07-24,0.0
2011-07-25,0.0
2011-07-26,0.0
2011-07-27,0.0
2011-07-28,0.0
2011-07-29,0.0
2011-07-30,0.0
2011-07-31,2.068227529525757
2011-08-01,1.7807672023773193
2011-08-02,0.0
2011-08-03,0.0
2011-08-04,0.0
2011-08-05,1.06846022605896
2011-08-06,0.0
2011-08-07,0.136067733168602
2011-08-08,0.01724422723054886
2011-08-09,3.330021858215332
2011-08-10,0.0
2011-08-11,0.0
2011-08-12,0.0
2011-08-13,0.0
2011-08-14,0.0
2011-08-15,0.0
2011-08-16,0.6730048060417175
2011-08-17,0.6730048060417175
2011-08-18,0.6730048060417175
2011-08-19,0.6730048060417175
2011-08-20,0.6730048060417175
2011-08-21,0.0
2011-08-22,0.0
2011-08-23,0.0
2011-08-24,0.0
2011-08-25,0.0
2011-08-26,0.0
2011-08-27,0.0
2011-08-28,0.0
2011-08-29,0.0
2011-08-30,0.0
2011-08-31,0.0
2011-09-01,0.03033205308020115
2011-09-02,0.03033205308020115
2011-09-03,0.03033205308020115
2011-09-04,0.03033205308020115
2011-09-05,0.03033205308020115
2011-09-06,0.0
2011-09-07,0.0
2011-09-08,0.0
2011-09-09,0.0
2011-09-10,0.0
2011-09-11,0.0
2011-09-12,0.0
2011-09-13,0.0
2011-09-14,0.0
2011-09-15,0.0
2011-09-16,0.8959382176399231
2011-09-17,1.433485984802246
2011-09-18,6.861506938934326
2011-09-19,3.3861794471740723
2011-09-20,0.0
2011-09-21,0.0
2011-09-22,0.0
2011-09-23,0.0
2011-09-24,0.0
2011-09-25,0.0
2011-09-26,0.0
2011-09-27,0.0
2011-09-28,0.0
2011-09-29,0.0
2011-09-30,0.0
2011-10-01,0.0
2011-10-02,0.0
2011-10-03,0.0
2011-10-04,0.0
2011-10-05,0.0
2011-10-06,0.0
2011-10-07,0.0
2011-10-08,0.0
2011-10-09,0.0
2011-10-10,0.0
2011-10-11,0.15803173184394836
2011-10-12,3.4789106845855713
2011-10-13,0.08373188227415085
2011-10-14,9.115631103515625
2011-10-15,0.2770969867706299
2011-10-16,2.8854658603668213
2011-10-17,0.0
2011-10-18,0.0
2011-10-19,0.47278404235839844
2011-10-20,0.2526574730873108
2011-10-21,0.0
2011-10-22,0.0
2011-10-23,0.0
2011-10-24,0.0
2011-10-25,0.0
2011-10-26,0.11203206330537796
2011-10-27,0.0
2011-10-28,0.0
2011-10-29,6.351118564605713
2011-10-30,0.8475435376167297
2011-10-31,0.009435898624360561
2011-11-01,0.0
2011-11-02,0.0
2011-11-03,0.0
2011-11-04,0.0
2011-11-05,0.0
2011-11-06,0.021791726350784302
2011-11-07,0.0
2011-11-08,0.0
2011-11-09,6.747487545013428
2011-11-10,7.333081245422363
2011-11-11,15.840805053710938
2011-11-12,0.004244642332196236
2011-11-13,0.0
2011-11-14,0.5600826144218445
2011-11-15,0.08106054365634918
2011-11-16,0.0
2011-11-17,6.171998500823975
2011-11-18,0.30591675639152527
2011-11-19,0.2095504254102707
2011-11-20,7.1853814125061035
2011-11-21,12.725234985351562
2011-11-22,0.02374587394297123
2011-11-23,0.0
2011-11-24,0.6645056009292603
2011-11-25,0.027358513325452805
2011-11-26,0.0
2011-11-27,0.015095105394721031
2011-11-28,0.2459973245859146
2011-11-29,12.388607025146484
2011-11-30,0.0
2011-12-01,6.3611578941345215
2011-12-02,0.23807108402252197
2011-12-03,0.02705678902566433
2011-12-04,0.6354407668113708
2011-12-05,0.5924727320671082
2011-12-06,5.858798503875732
2011-12-07,0.0028284601867198944
2011-12-08,18.223974227905273
2011-12-09,0.09207724779844284
2011-12-10,0.0
2011-12-11,0.0
2011-12-12,8.284402847290039
2011-12-13,22.448348999023438
2011-12-14,0.2842227816581726
2011-12-15,0.8930398225784302
2011-12-16,1.0712559223175049
2011-12-17,0.0
2011-12-18,0.0
2011-12-19,0.0
2011-12-20,0.0
2011-12-21,3.9789698123931885
2011-12-22,3.7546918392181396
2011-12-23,0.4689750671386719
2011-12-24,0.5678393840789795
2011-12-25,0.864234209060669
2011-12-26,0.0
2011-12-27,0.05726468563079834
2011-12-28,0.41589057445526123
2011-12-29,1.681713342666626
2011-12-30,11.990485191345215
2011-12-31,28.714088439941406
2012-01-01,0.0
2012-01-02,0.0
2012-01-03,0.0
2012-01-04,0.0
2012-01-05,0.0
2012-01-06,0.0356198251247406
2012-01-07,0.12044321000576019
2012-01-08,0.0
2012-01-09,4.96790885925293
2012-01-10,7.36488676071167
2012-01-11,0.6599671840667725
2012-01-12,11.172219276428223
2012-01-13,0.8787320852279663
2012-01-14,1.3811707496643066
2012-01-15,0.0
2012-01-16,4.687890529632568
2012-01-17,1.3576894998550415
2012-01-18,0.1941370666027069
2012-01-19,0.0
2012-01-20,0.0344376377761364
2012-01-21,0.0
2012-01-22,2.603848695755005
2012-01-23,0.8198564052581787
2012-01-24,16.123994827270508
2012-01-25,1.8580281734466553
2012-01-26,0.6050896644592285
2012-01-27,0.0
2012-01-28,0.0
2012-01-29,0.0
2012-01-30,0.037420667707920074
2012-01-31,10.930322647094727
2012-02-01,12.17042064666748
2012-02-02,8.141172409057617
2012-02-03,6.466146469116211
2012-02-04,7.573338031768799
2012-02-05,0.0
2012-02-06,0.0
2012-02-07,0.0
2012-02-08,0.0
2012-02-09,0.0
2012-02-10,0.0
2012-02-11,0.704548716545105
2012-02-12,1.044763207435608
2012-02-13,39.44047927856445
2012-02-14,1.3520467281341553
2012-02-15,0.6285712718963623
2012-02-16,0.7773921489715576
2012-02-17,0.1533287614583969
2012-02-18,0.0
2012-02-19,12.209781646728516
2012-02-20,19.85474395751953
2012-02-21,2.7032227516174316
2012-02-22,34.57553482055664
2012-02-23,3.571885108947754
2012-02-24,21.038246154785156
2012-02-25,11.174250602722168
2012-02-26,0.0
2012-02-27,0.0
2012-02-28,0.0
2012-02-29,0.0
2012-03-01,18.45435333251953
2012-03-02,0.33054304122924805
2012-03-03,0.22695839405059814
2012-03-04,0.6438527703285217
2012-03-05,0.0721021443605423
2012-03-06,9.53625774383545
2012-03-07,22.826189041137695
2012-03-08,0.052263446152210236
2012-03-09,0.0
2012-03-10,0.0
2012-03-11,0.0
2012-03-12,7.819149494171143
2012-03-13,19.45368194580078
2012-03-14,6.775279521942139
2012-03-15,0.2297496497631073
2012-03-16,0.5032397508621216
2012-03-17,1.3419725894927979
2012-03-18,0.5032397508621216
2012-03-19,0.5032397508621216
2012-03-20,0.5032397508621216
2012-03-21,0.0
2012-03-22,7.300467014312744
2012-03-23,0.7110679149627686
2012-03-24,2.954525947570801
2012-03-25,0.0
2012-03-26,0.7251235246658325
2012-03-27,9.87690544128418
2012-03-28,0.0
2012-03-29,10.258585929870605
2012-03-30,2.9781994819641113
2012-03-31,3.84498929977417
2012-04-01,2.6534411907196045
2012-04-02,0.00041078784852288663
2012-04-03,0.162408247590065
2012-04-04,0.0
2012-04-05,3.375134229660034
2012-04-06,1.7118828296661377
2012-04-07,0.00701492466032505
2012-04-08,1.905900001525879
2012-04-09,0.5344337224960327
2012-04-10,7.374269008636475
2012-04-11,0.1382197141647339
2012-04-12,0.0
2012-04-13,0.35368186235427856
2012-04-14,0.028969991952180862
2012-04-15,33.14226531982422
2012-04-16,0.0
2012-04-17,0.0
2012-04-18,0.0
2012-04-19,0.0
2012-04-20,9.785231590270996
2012-04-21,14.899129867553711
2012-04-22,0.0
2012-04-23,0.0
2012-04-24,0.0
2012-04-25,0.13595938682556152
2012-04-26,0.6345165371894836
2012-04-27,0.39047175645828247
2012-04-28,2.098785638809204
2012-04-29,0.39047175645828247
2012-04-30,0.39047175645828247
2012-05-01,0.0
2012-05-02,0.0
2012-05-03,0.0
2012-05-04,0.0
2012-05-05,0.0
2012-05-06,0.0
2012-05-07,0.0
2012-05-08,0.0
2012-05-09,0.0
2012-05-10,0.0
2012-05-11,0.0
2012-05-12,0.0
2012-05-13,0.0
2012-05-14,0.0
2012-05-15,0.0
2012-05-16,0.0
2012-05-17,0.0
2012-05-18,0.0
2012-05-19,0.0
2012-05-20,0.0
2012-05-21,0.0
2012-05-22,0.0
2012-05-23,0.0
2012-05-24,0.0
2012-05-25,0.0
2012-05-26,0.0
2012-05-27,0.0
2012-05-28,0.0
2012-05-29,0.0
2012-05-30,0.0
2012-05-31,0.0
2012-06-01,0.0
2012-06-02,0.0
2012-06-03,0.0
2012-06-04,0.0
2012-06-05,0.0
2012-06-06,0.0
2012-06-07,0.0
2012-06-08,0.0
2012-06-09,0.0
2012-06-10,0.0
2012-06-11,0.0
2012-06-12,0.0
2012-06-13,0.0
2012-06-14,0.0
2012-06-15,0.0
2012-06-16,0.0
2012-06-17,0.0
2012-06-18,0.0
2012-06-19,0.0
2012-06-20,0.0
2012-06-21,0.0
2012-06-22,0.0
2012-06-23,0.0
2012-06-24,0.0
2012-06-25,0.0
2012-06-26,0.0
2012-06-27,0.0
2012-06-28,0.0
2012-06-29,0.0
2012-06-30,0.0
2012-07-01,0.0
2012-07-02,0.0
2012-07-03,0.0
2012-07-04,0.0
2012-07-05,0.0
2012-07-06,0.0
2012-07-07,0.0
2012-07-08,0.0
2012-07-09,0.0
2012-07-10,0.0
2012-07-11,0.0
2012-07-12,0.0
2012-07-13,0.0
2012-07-14,0.0
2012-07-15,0.0
2012-07-16,0.0
2012-07-17,0.0
2012-07-18,0.0
2012-07-19,0.0
2012-07-20,0.0
2012-07-21,0.0
2012-07-22,0.0
2012-07-23,0.0
2012-07-24,0.0
2012-07-25,0.0
2012-07-26,0.0
2012-07-27,0.0
2012-07-28,0.0
2012-07-29,0.1401260793209076
2012-07-30,1.388051986694336
2012-07-31,0.025276821106672287
2012-08-01,0.0
2012-08-02,0.0
2012-08-03,0.0
2012-08-04,0.0
2012-08-05,0.0
2012-08-06,0.0
2012-08-07,0.0
2012-08-08,0.0
2012-08-09,0.0
2012-08-10,0.0
2012-08-11,0.0
2012-08-12,0.0
2012-08-13,0.0
2012-08-14,0.0
2012-08-15,0.0
2012-08-16,0.0
2012-08-17,0.0
2012-08-18,0.5389990210533142
2012-08-19,2.391030788421631
2012-08-20,0.4530591070652008
2012-08-21,0.0
2012-08-22,0.0
2012-08-23,0.0
2012-08-24,0.0
2012-08-25,0.0
2012-08-26,0.0
2012-08-27,0.0
2012-08-28,0.0
2012-08-29,0.0
2012-08-30,0.0
2012-08-31,0.0
2012-09-01,0.037002384662628174
2012-09-02,0.037002384662628174
2012-09-03,0.037002384662628174
2012-09-04,0.037002384662628174
2012-09-05,0.037002384662628174
2012-09-06,0.0
2012-09-07,0.0
2012-09-08,0.0
2012-09-09,4.767628192901611
2012-09-10,4.122267246246338
2012-09-11,0.19675086438655853
2012-09-12,0.19675086438655853
2012-09-13,0.19675086438655853
2012-09-14,0.19675086438655853
2012-09-15,0.19675086438655853
2012-09-16,1.09355890750885
2012-09-17,1.09355890750885
2012-09-18,1.09355890750885
2012-09-19,1.09355890750885
2012-09-20,1.09355890750885
2012-09-21,0.0106276860460639
2012-09-22,0.0106276860460639
2012-09-23,0.06656287610530853
2012-09-24,0.0106276860460639
2012-09-25,0.11410778015851974
2012-09-26,0.022563708946108818
2012-09-27,0.6235788464546204
2012-09-28,1.9712477922439575
2012-09-29,0.0
2012-09-30,0.0
2012-10-01,0.0
2012-10-02,5.709839820861816
2012-10-03,0.17711812257766724
2012-10-04,0.03477052226662636
2012-10-05,0.0
2012-10-06,0.0
2012-10-07,0.0
2012-10-08,1.9700051546096802
2012-10-09,0.0
2012-10-10,7.051527500152588
2012-10-11,0.009487698785960674
2012-10-12,0.0
2012-10-13,0.0
2012-10-14,0.12579329311847687
2012-10-15,2.6692471504211426
2012-10-16,0.0
2012-10-17,0.0
2012-10-18,0.0
2012-10-19,0.0
2012-10-20,0.0
2012-10-21,0.05911428853869438
2012-10-22,0.05911428853869438
2012-10-23,0.05911428853869438
2012-10-24,0.05911428853869438
2012-10-25,0.05911428853869438
2012-10-26,0.0
2012-10-27,0.8238965272903442
2012-10-28,0.0
2012-10-29,1.1763696670532227
2012-10-30,0.5632721781730652
2012-10-31,10.084615707397461
2012-11-01,17.30799102783203
2012-11-02,0.04725015535950661
2012-11-03,0.07483179867267609
2012-11-04,0.0
2012-11-05,0.0
2012-11-06,0.4715465009212494
2012-11-07,1.545518398284912
2012-11-08,0.0
2012-11-09,0.0
2012-11-10,2.1155340671539307
2012-11-11,0.297608882188797
2012-11-12,0.297608882188797
2012-11-13,4.761742115020752
2012-11-14,0.297608882188797
2012-11-15,0.297608882188797
2012-11-16,0.0
2012-11-17,0.0022740608546882868
2012-11-18,6.189549446105957
2012-11-19,0.04514896497130394
2012-11-20,8.453461647033691
2012-11-21,0.0
2012-11-22,0.0
2012-11-23,11.024552345275879
2012-11-24,0.01018473505973816
2012-11-25,0.049572061747312546
2012-11-26,2.999866247177124
2012-11-27,1.3987594842910767
2012-11-28,16.043006896972656
2012-11-29,0.3384994864463806
2012-11-30,0.30827951431274414
2012-12-01,2.692925214767456
2012-12-02,0.0709419995546341
2012-12-03,0.0
2012-12-04,0.052483148872852325
2012-12-05,0.0
2012-12-06,0.0
2012-12-07,7.549020767211914
2012-12-08,17.23987579345703
2012-12-09,0.0
2012-12-10,0.0
2012-12-11,13.381888389587402
2012-12-12,0.46352481842041016
2012-12-13,19.305564880371094
2012-12-14,0.12270307540893555
2012-12-15,0.0
2012-12-16,0.0
2012-12-17,0.0
2012-12-18,0.0
2012-12-19,7.975533485412598
2012-12-20,5.139838695526123
2012-12-21,9.444684982299805
2012-12-22,0.8668596744537354
2012-12-23,0.0
2012-12-24,0.0
2012-12-25,0.022394269704818726
2012-12-26,9.698873519897461
2012-12-27,0.0027487038169056177
2012-12-28,0.6544657945632935
2012-12-29,3.5341532230377197
2012-12-30,0.15124453604221344
2012-12-31,8.679301261901855
2013-01-01,7.916244029998779
2013-01-02,0.0
2013-01-03,0.0
2013-01-04,0.008196147158741951
2013-01-05,0.008056297898292542
2013-01-06,0.588336169719696
2013-01-07,20.59968376159668
2013-01-08,7.289947986602783
2013-01-09,7.916098117828369
2013-01-10,0.1294468492269516
2013-01-11,0.0
2013-01-12,0.0
2013-01-13,0.7578495740890503
2013-01-14,3.474546194076538
2013-01-15,7.908970355987549
2013-01-16,3.1374094486236572
2013-01-17,5.711610794067383
2013-01-18,0.8898809552192688
2013-01-19,16.313579559326172
2013-01-20,24.452869415283203
2013-01-21,1.4392482042312622
2013-01-22,0.0
2013-01-23,4.249708652496338
2013-01-24,1.063736915588379
2013-01-25,0.3004542887210846
2013-01-26,3.5365240573883057
2013-01-27,0.2952057719230652
2013-01-28,0.07774436473846436
2013-01-29,0.5539240837097168
2013-01-30,0.05199467018246651
2013-01-31,0.0
2013-02-01,4.947200298309326
2013-02-02,10.040485382080078
2013-02-03,10.601970672607422
2013-02-04,0.0
2013-02-05,1.1805496215820312
2013-02-06,3.3079326152801514
2013-02-07,2.2799150943756104
2013-02-08,1.104006290435791
2013-02-09,0.3925511837005615
2013-02-10,1.291146159172058
2013-02-11,3.438584327697754
2013-02-12,15.230786323547363
2013-02-13,3.2823288440704346
2013-02-14,0.7188400030136108
2013-02-15,25.923263549804688
2013-02-16,3.376495838165283
2013-02-17,25.03685188293457
2013-02-18,8.22546672821045
2013-02-19,0.9936899542808533
2013-02-20,5.167246341705322
2013-02-21,0.5092673897743225
2013-02-22,0.0
2013-02-23,0.0
2013-02-24,0.0
2013-02-25,19.20075798034668
2013-02-26,0.0
2013-02-27,0.0
2013-02-28,8.631904602050781
2013-03-01,0.7189186215400696
2013-03-02,0.7189186215400696
2013-03-03,4.313511848449707
2013-03-04,0.7189186215400696
2013-03-05,0.7189186215400696
2013-03-06,0.3296034634113312
2013-03-07,0.16495381295681
2013-03-08,0.42272141575813293
2013-03-09,6.713504314422607
2013-03-10,6.552098751068115
2013-03-11,20.35624885559082
2013-03-12,0.0
2013-03-13,0.14136525988578796
2013-03-14,0.1602332442998886
2013-03-15,0.0021607871167361736
2013-03-16,0.2434827834367752
2013-03-17,0.2434827834367752
2013-03-18,3.8957245349884033
2013-03-19,0.2434827834367752
2013-03-20,0.2434827834367752
2013-03-21,0.0
2013-03-22,0.0
2013-03-23,0.0
2013-03-24,0.0
2013-03-25,0.0
2013-03-26,0.0
2013-03-27,0.0
2013-03-28,0.0
2013-03-29,0.0
2013-03-30,0.0
2013-03-31,0.0
2013-04-01,0.0
2013-04-02,0.28675153851509094
2013-04-03,4.063601016998291
2013-04-04,1.1616498231887817
2013-04-05,0.0
2013-04-06,0.0
2013-04-07,0.31877776980400085
2013-04-08,0.19642341136932373
2013-04-09,0.06601741164922714
2013-04-10,0.0
2013-04-11,0.0
2013-04-12,0.0
2013-04-13,0.0
2013-04-14,0.0
2013-04-15,0.0
2013-04-16,0.0
2013-04-17,0.0
2013-04-18,0.0
2013-04-19,0.0
2013-04-20,0.0
2013-04-21,0.0
2013-04-22,0.0
2013-04-23,0.0
2013-04-24,0.0
2013-04-25,0.0
2013-04-26,0.0
2013-04-27,0.0
2013-04-28,0.0
2013-04-29,0.0
2013-04-30,0.0
2013-05-01,0.0
2013-05-02,0.0
2013-05-03,0.0
2013-05-04,0.0
2013-05-05,0.0
2013-05-06,0.0
2013-05-07,0.0
2013-05-08,0.0
2013-05-09,0.0
2013-05-10,0.0
2013-05-11,0.0
2013-05-12,0.0
2013-05-13,0.8535981774330139
2013-05-14,0.0128704272210598
2013-05-15,2.2082788944244385
2013-05-16,2.7226717472076416
2013-05-17,0.1851039081811905
2013-05-18,0.6017115116119385
2013-05-19,0.001137351500801742
2013-05-20,0.0
2013-05-21,1.054555892944336
2013-05-22,0.18024295568466187
2013-05-23,0.18024295568466187
2013-05-24,2.0095744132995605
2013-05-25,0.18024295568466187
2013-05-26,0.0
2013-05-27,0.0
2013-05-28,0.0
2013-05-29,0.0
2013-05-30,0.0
2013-05-31,0.0
2013-06-01,0.0
2013-06-02,0.0
2013-06-03,0.0
2013-06-04,0.0
2013-06-05,0.0
2013-06-06,0.0
2013-06-07,0.0
2013-06-08,0.0
2013-06-09,0.0
2013-06-10,0.0
2013-06-11,0.0
2013-06-12,0.0
2013-06-13,0.0
2013-06-14,0.0
2013-06-15,0.0
2013-06-16,0.0
2013-06-17,0.0
2013-06-18,0.0
2013-06-19,0.0
2013-06-20,0.0
2013-06-21,0.0
2013-06-22,0.0
2013-06-23,0.1447281539440155
2013-06-24,1.5440824031829834
2013-06-25,0.2163068652153015
2013-06-26,0.14860041439533234
2013-06-27,0.0
2013-06-28,0.0
2013-06-29,0.0
2013-06-30,1.0402028560638428
2013-07-01,0.0
2013-07-02,0.0
2013-07-03,0.0
2013-07-04,0.0
2013-07-05,0.0
2013-07-06,0.18112173676490784
2013-07-07,0.027657492086291313
2013-07-08,0.25743433833122253
2013-07-09,0.2782769501209259
2013-07-10,0.0
2013-07-11,0.0
2013-07-12,0.0
2013-07-13,0.0
2013-07-14,0.0
2013-07-15,0.0
2013-07-16,0.0
2013-07-17,0.0
2013-07-18,0.0
2013-07-19,0.0
2013-07-20,0.0
2013-07-21,0.0
2013-07-22,0.0
2013-07-23,0.0
2013-07-24,0.0
2013-07-25,0.0
2013-07-26,0.0
2013-07-27,0.0
2013-07-28,0.0
2013-07-29,0.0
2013-07-30,0.0
2013-07-31,0.0
2013-08-01,0.0
2013-08-02,0.0
2013-08-03,0.0
2013-08-04,0.0
2013-08-05,0.0
2013-08-06,0.0
2013-08-07,0.0
2013-08-08,0.0
2013-08-09,0.0
2013-08-10,0.0
2013-08-11,0.0
2013-08-12,0.0
2013-08-13,0.0
2013-08-14,0.0
2013-08-15,0.0
2013-08-16,0.0
2013-08-17,0.0
2013-08-18,0.0
2013-08-19,0.0
2013-08-20,0.0
2013-08-21,0.0
2013-08-22,0.0
2013-08-23,0.0015202320646494627
2013-08-24,6.689466953277588
2013-08-25,1.2932710647583008
2013-08-26,0.0
2013-08-27,0.0
2013-08-28,0.0
2013-08-29,0.0
2013-08-30,0.0
2013-08-31,0.0
2013-09-01,0.007946868427097797
2013-09-02,0.007946868427097797
2013-09-03,0.007946868427097797
2013-09-04,0.12714989483356476
2013-09-05,0.007946868427097797
2013-09-06,0.0
2013-09-07,0.0
2013-09-08,2.6418533325195312
2013-09-09,3.874762535095215
2013-09-10,0.17626917362213135
2013-09-11,0.0
2013-09-12,0.0
2013-09-13,0.0
2013-09-14,0.0
2013-09-15,0.0
2013-09-16,0.0
2013-09-17,0.0
2013-09-18,0.0
2013-09-19,0.0
2013-09-20,0.0
2013-09-21,0.0
2013-09-22,0.0
2013-09-23,0.0
2013-09-24,0.0
2013-09-25,0.0
2013-09-26,0.0
2013-09-27,0.0
2013-09-28,0.0
2013-09-29,0.0
2013-09-30,0.0
2013-10-01,0.0
2013-10-02,0.0
2013-10-03,0.0
2013-10-04,0.0
2013-10-05,0.0
2013-10-06,2.6112911701202393
2013-10-07,0.0
2013-10-08,0.0
2013-10-09,0.0
2013-10-10,11.39680290222168
2013-10-11,0.09149916470050812
2013-10-12,0.0
2013-10-13,0.2168971747159958
2013-10-14,13.134004592895508
2013-10-15,2.148341417312622
2013-10-16,0.024057405069470406
2013-10-17,0.0015071025118231773
2013-10-18,0.0015071025118231773
2013-10-19,0.0015071025118231773
2013-10-20,0.001563337747938931
2013-10-21,0.0
2013-10-22,0.0
2013-10-23,0.06476855278015137
2013-10-24,17.012271881103516
2013-10-25,2.816155195236206
2013-10-26,0.40538686513900757
2013-10-27,13.319842338562012
2013-10-28,0.6137663722038269
2013-10-29,16.640100479125977
2013-10-30,5.452058792114258
2013-10-31,5.204670429229736
2013-11-01,4.112120628356934
2013-11-02,2.1439263820648193
2013-11-03,0.0
2013-11-04,0.0
2013-11-05,0.0
2013-11-06,0.0
2013-11-07,0.0
2013-11-08,0.0
2013-11-09,0.0
2013-11-10,0.0
2013-11-11,0.0
2013-11-12,0.35308146476745605
2013-11-13,0.0
2013-11-14,0.0
2013-11-15,2.2373645305633545
2013-11-16,0.07935985177755356
2013-11-17,0.002922816900536418
2013-11-18,0.04234215244650841
2013-11-19,19.97193145751953
2013-11-20,7.752043724060059
2013-11-21,0.8954868316650391
2013-11-22,1.8373939990997314
2013-11-23,8.420795440673828
2013-11-24,1.4521431922912598
2013-11-25,0.05214951932430267
2013-11-26,0.3832503855228424
2013-11-27,0.03484094515442848
2013-11-28,0.03484094515442848
2013-11-29,0.03484094515442848
2013-11-30,0.2090456783771515
2013-12-01,0.24996671080589294
2013-12-02,0.24996671080589294
2013-12-03,0.24996671080589294
2013-12-04,0.24996671080589294
2013-12-05,0.666577935218811
2013-12-06,14.442480087280273
2013-12-07,0.0
2013-12-08,0.08279174566268921
2013-12-09,0.24026891589164734
2013-12-10,29.88557243347168
2013-12-11,1.9244648218154907
2013-12-12,0.0
2013-12-13,0.43798425793647766
2013-12-14,3.49049711227417
2013-12-15,21.43598747253418
2013-12-16,13.606101036071777
2013-12-17,3.919694185256958
2013-12-18,14.177719116210938
2013-12-19,7.554329872131348
2013-12-20,1.7433892488479614
2013-12-21,2.113297462463379
2013-12-22,0.06384318321943283
2013-12-23,0.6061275005340576
2013-12-24,0.02660434879362583
2013-12-25,0.0
2013-12-26,0.6837986707687378
2013-12-27,1.3504996299743652
2013-12-28,0.25469282269477844
2013-12-29,0.004753399174660444
2013-12-30,3.147038698196411
2013-12-31,15.226457595825195
2014-01-01,1.0339438915252686
2014-01-02,0.070188008248806
2014-01-03,1.6194827556610107
2014-01-04,7.824939250946045
2014-01-05,0.0
2014-01-06,1.6151823997497559
2014-01-07,1.9900016784667969
2014-01-08,1.0321098566055298
2014-01-09,0.4182570278644562
2014-01-10,0.0
2014-01-11,0.0
2014-01-12,0.26114198565483093
2014-01-13,0.0
2014-01-14,1.3234566450119019
2014-01-15,21.99869728088379
2014-01-16,0.10516464710235596
2014-01-17,0.0
2014-01-18,17.848007202148438
2014-01-19,0.4161107838153839
2014-01-20,0.21373654901981354
2014-01-21,3.439655303955078
2014-01-22,1.8759665489196777
2014-01-23,0.0
2014-01-24,9.317342758178711
2014-01-25,8.941131591796875
2014-01-26,3.5592689514160156
2014-01-27,0.047315239906311035
2014-01-28,5.861987113952637
2014-01-29,5.965569972991943
2014-01-30,3.5352461338043213
2014-01-31,11.440573692321777
2014-02-01,11.15603256225586
2014-02-02,18.27318000793457
2014-02-03,1.3593354225158691
2014-02-04,0.02515329048037529
2014-02-05,4.554690361022949
2014-02-06,25.006757736206055
2014-02-07,10.491165161132812
2014-02-08,8.34257698059082
2014-02-09,26.12323760986328
2014-02-10,1.7770090103149414
2014-02-11,18.988252639770508
2014-02-12,6.151738166809082
2014-02-13,1.7562084197998047
2014-02-14,1.0806795358657837
2014-02-15,0.0
2014-02-16,0.7142581343650818
2014-02-17,0.0
2014-02-18,0.0
2014-02-19,12.728872299194336
2014-02-20,2.7704577445983887
2014-02-21,2.7164177894592285
2014-02-22,2.707796573638916
2014-02-23,0.0
2014-02-24,0.0
2014-02-25,0.0
2014-02-26,3.464024066925049
2014-02-27,0.0
2014-02-28,10.392072677612305
2014-03-01,0.07462189346551895
2014-03-02,0.0
2014-03-03,14.252781867980957
2014-03-04,0.0
2014-03-05,0.0
2014-03-06,0.0
2014-03-07,4.14782190322876
2014-03-08,19.008100509643555
2014-03-09,1.2138358354568481
2014-03-10,2.2747111320495605
2014-03-11,2.282958984375
2014-03-12,0.09693247079849243
2014-03-13,0.2539979815483093
2014-03-14,0.0
2014-03-15,0.0
2014-03-16,0.6514682769775391
2014-03-17,8.435829162597656
2014-03-18,18.195924758911133
2014-03-19,0.47030651569366455
2014-03-20,0.0
2014-03-21,0.0
2014-03-22,1.0301353931427002
2014-03-23,0.0
2014-03-24,3.628458261489868
2014-03-25,0.0
2014-03-26,1.8278504610061646
2014-03-27,4.340612888336182
2014-03-28,16.382246017456055
2014-03-29,0.0
2014-03-30,0.0
2014-03-31,0.0
2014-04-01,1.7089776992797852
2014-04-02,0.6408665776252747
2014-04-03,0.6408665776252747
2014-04-04,0.6408665776252747
2014-04-05,0.6408665776252747
2014-04-06,0.0
2014-04-07,0.010877510532736778
2014-04-08,1.4505747556686401
2014-04-09,5.021342754364014
2014-04-10,1.1879273653030396
2014-04-11,6.803658485412598
2014-04-12,0.0
2014-04-13,0.0
2014-04-14,0.0
2014-04-15,0.019482316449284554
2014-04-16,0.2453247308731079
2014-04-17,0.2453247308731079
2014-04-18,3.9251956939697266
2014-04-19,0.2453247308731079
2014-04-20,0.2453247308731079
2014-04-21,0.3331705331802368
2014-04-22,2.000676393508911
2014-04-23,6.171614170074463
2014-04-24,0.0
2014-04-25,0.0
2014-04-26,0.0824924111366272
2014-04-27,0.0824924111366272
2014-04-28,0.0824924111366272
2014-04-29,0.0824924111366272
2014-04-30,1.3198785781860352
2014-05-01,0.439732164144516
2014-05-02,0.439732164144516
2014-05-03,0.439732164144516
2014-05-04,0.439732164144516
2014-05-05,0.439732164144516
2014-05-06,0.0
2014-05-07,0.0
2014-05-08,0.0
2014-05-09,0.0
2014-05-10,0.0
2014-05-11,0.0
2014-05-12,0.0
2014-05-13,0.0
2014-05-14,0.0
2014-05-15,0.0
2014-05-16,0.0
2014-05-17,0.0
2014-05-18,0.0
2014-05-19,0.0
2014-05-20,0.0
2014-05-21,0.0
2014-05-22,0.0
2014-05-23,7.427321910858154
2014-05-24,5.7024335861206055
2014-05-25,0.0
2014-05-26,0.0
2014-05-27,0.0
2014-05-28,0.0
2014-05-29,0.0
2014-05-30,0.0
2014-05-31,0.0
2014-06-01,0.0
2014-06-02,0.0
2014-06-03,0.0
2014-06-04,0.0
2014-06-05,0.0
2014-06-06,0.0
2014-06-07,0.0
2014-06-08,0.0
2014-06-09,0.0
2014-06-10,0.0
2014-06-11,0.0
2014-06-12,0.0
2014-06-13,0.0
2014-06-14,0.0
2014-06-15,0.0
2014-06-16,0.0
2014-06-17,0.0
2014-06-18,0.0
2014-06-19,0.0
2014-06-20,0.0
2014-06-21,0.0
2014-06-22,0.0
2014-06-23,0.0
2014-06-24,0.0
2014-06-25,0.0
2014-06-26,0.0
2014-06-27,0.0
2014-06-28,0.0
2014-06-29,0.0
2014-06-30,0.0
2014-07-01,0.0
2014-07-02,0.0
2014-07-03,0.0
2014-07-04,0.0
2014-07-05,0.0
2014-07-06,0.0
2014-07-07,0.0
2014-07-08,1.357506513595581
2014-07-09,0.003923429176211357
2014-07-10,0.0
2014-07-11,0.0
2014-07-12,0.0
2014-07-13,0.0
2014-07-14,0.0
2014-07-15,0.0
2014-07-16,0.0
2014-07-17,0.0
2014-07-18,0.0
2014-07-19,0.0
2014-07-20,0.0
2014-07-21,0.0
2014-07-22,0.0
2014-07-23,0.0
2014-07-24,0.0
2014-07-25,0.0
2014-07-26,0.0
2014-07-27,0.0
2014-07-28,0.0
2014-07-29,0.0
2014-07-30,0.0
2014-07-31,0.0
2014-08-01,0.0
2014-08-02,0.0
2014-08-03,0.0
2014-08-04,0.0
2014-08-05,0.0
2014-08-06,0.0
2014-08-07,0.0
2014-08-08,0.0
2014-08-09,0.0
2014-08-10,0.0
2014-08-11,0.0
2014-08-12,0.0
2014-08-13,0.0
2014-08-14,0.0
2014-08-15,0.0
2014-08-16,0.2169145941734314
2014-08-17,0.14545556902885437
2014-08-18,0.23437222838401794
2014-08-19,0.0
2014-08-20,0.0
2014-08-21,0.0
2014-08-22,0.0
2014-08-23,0.0
2014-08-24,0.0
2014-08-25,0.0
2014-08-26,0.0
2014-08-27,0.0
2014-08-28,0.0
2014-08-29,2.7167773246765137
2014-08-30,1.0891786813735962
2014-08-31,0.17526350915431976
2014-09-01,0.022531695663928986
2014-09-02,0.02401013858616352
2014-09-03,0.49825701117515564
2014-09-04,0.0
2014-09-05,2.7226309776306152
2014-09-06,0.917267918586731
2014-09-07,1.3658835887908936
2014-09-08,4.650620460510254
2014-09-09,0.0
2014-09-10,0.0
2014-09-11,0.06631781905889511
2014-09-12,0.0
2014-09-13,2.139963388442993
2014-09-14,0.4601636826992035
2014-09-15,0.24266180396080017
2014-09-16,7.627654075622559
2014-09-17,0.015051867812871933
2014-09-18,0.5781121253967285
2014-09-19,0.549404501914978
2014-09-20,0.0
2014-09-21,0.0
2014-09-22,0.0
2014-09-23,0.0
2014-09-24,0.0
2014-09-25,0.0
2014-09-26,0.0
2014-09-27,11.65546989440918
2014-09-28,8.211041450500488
2014-09-29,0.7516165375709534
2014-09-30,0.023318346589803696
2014-10-01,22.850215911865234
2014-10-02,0.32548466324806213
2014-10-03,0.0
2014-10-04,1.4612828493118286
2014-10-05,0.05088115483522415
2014-10-06,11.418333053588867
2014-10-07,0.45545217394828796
2014-10-08,0.0
2014-10-09,0.0
2014-10-10,1.0087273120880127
2014-10-11,1.5551022291183472
2014-10-12,1.5551022291183472
2014-10-13,4.146939277648926
2014-10-14,1.5551022291183472
2014-10-15,1.5551022291183472
2014-10-16,0.0
2014-10-17,0.0
2014-10-18,0.0
2014-10-19,2.944248676300049
2014-10-20,2.7367300987243652
2014-10-21,3.475200653076172
2014-10-22,1.544533610343933
2014-10-23,20.00796127319336
2014-10-24,4.3184428215026855
2014-10-25,1.544533610343933
2014-10-26,0.0
2014-10-27,0.0
2014-10-28,4.677584171295166
2014-10-29,0.4810280501842499
2014-10-30,20.347944259643555
2014-10-31,0.0
2014-11-01,0.0
2014-11-02,6.619253158569336
2014-11-03,0.0
2014-11-04,0.0
2014-11-05,0.627372682094574
2014-11-06,0.0
2014-11-07,0.0
2014-11-08,0.16190192103385925
2014-11-09,0.0
2014-11-10,4.516664505004883
2014-11-11,2.954415798187256
2014-11-12,2.3273909091949463
2014-11-13,1.3136922121047974
2014-11-14,0.0
2014-11-15,0.0
2014-11-16,0.0
2014-11-17,0.0
2014-11-18,0.0
2014-11-19,0.0
2014-11-20,0.0
2014-11-21,0.21066181361675262
2014-11-22,17.063562393188477
2014-11-23,5.110920429229736
2014-11-24,0.0
2014-11-25,0.18743033707141876
2014-11-26,0.010096929967403412
2014-11-27,3.1320736408233643
2014-11-28,0.040692564100027084
2014-11-29,2.376847982406616
2014-11-30,13.75908374786377
2014-12-01,17.29538917541504
2014-12-02,0.0
2014-12-03,0.0
2014-12-04,0.0
2014-12-05,0.0
2014-12-06,0.0
2014-12-07,0.0
2014-12-08,0.8593599796295166
2014-12-09,3.0899369716644287
2014-12-10,15.959205627441406
2014-12-11,13.803741455078125
2014-12-12,2.89101243019104
2014-12-13,2.1894166469573975
2014-12-14,7.44208288192749
2014-12-15,0.2507641613483429
2014-12-16,0.009213436394929886
2014-12-17,4.528375625610352
2014-12-18,18.097864151000977
2014-12-19,0.0
2014-12-20,0.18623054027557373
2014-12-21,2.8654656410217285
2014-12-22,0.01818859949707985
2014-12-23,10.152045249938965
2014-12-24,0.0
2014-12-25,0.49661877751350403
2014-12-26,0.0
2014-12-27,1.257874608039856
2014-12-28,5.017372131347656
2014-12-29,8.885744094848633
2014-12-30,3.8259787559509277
2014-12-31,0.7251216173171997
2015-01-01,0.0
2015-01-02,5.769543170928955
2015-01-03,7.908599853515625
2015-01-04,16.312917709350586
2015-01-05,5.200464248657227
2015-01-06,3.828282594680786
2015-01-07,8.232540130615234
2015-01-08,18.691625595092773
2015-01-09,9.130606651306152
2015-01-10,16.154138565063477
2015-01-11,5.102662086486816
2015-01-12,15.471394538879395
2015-01-13,0.4420546293258667
2015-01-14,8.428094863891602
2015-01-15,33.8614387512207
2015-01-16,10.03174877166748
2015-01-17,6.889220714569092
2015-01-18,0.12991566956043243
2015-01-19,4.432576656341553
2015-01-20,1.1831731796264648
2015-01-21,0.2969951629638672
2015-01-22,0.6423343420028687
2015-01-23,0.0
2015-01-24,1.8950355052947998
2015-01-25,18.53703498840332
2015-01-26,0.0
2015-01-27,4.235837459564209
2015-01-28,2.307248592376709
2015-01-29,16.5022029876709
2015-01-30,2.4584732055664062
2015-01-31,10.803065299987793
2015-02-01,0.0
2015-02-02,0.0
2015-02-03,2.9331514835357666
2015-02-04,6.2875871658325195
2015-02-05,1.639023780822754
2015-02-06,25.142227172851562
2015-02-07,1.6212162971496582
2015-02-08,0.0
2015-02-09,0.17994281649589539
2015-02-10,0.14809444546699524
2015-02-11,24.353317260742188
2015-02-12,0.2815207242965698
2015-02-13,1.2930930852890015
2015-02-14,0.41591015458106995
2015-02-15,0.01624158024787903
2015-02-16,13.609973907470703
2015-02-17,6.722195148468018
2015-02-18,0.36498013138771057
2015-02-19,1.2881650924682617
2015-02-20,8.930646896362305
2015-02-21,0.0
2015-02-22,0.3608933389186859
2015-02-23,3.4093809127807617
2015-02-24,0.0
2015-02-25,0.0
2015-02-26,0.0
2015-02-27,5.727245807647705
2015-02-28,11.59129524230957
2015-03-01,0.4856916666030884
2015-03-02,0.2641155421733856
2015-03-03,12.241765975952148
2015-03-04,4.3423943519592285
2015-03-05,18.734174728393555
2015-03-06,6.103340148925781
2015-03-07,2.6302409172058105
2015-03-08,1.2763622999191284
2015-03-09,1.1554582118988037
2015-03-10,0.0
2015-03-11,0.0
2015-03-12,0.0
2015-03-13,0.0
2015-03-14,0.0
2015-03-15,0.0
2015-03-16,0.6876122355461121
2015-03-17,3.9568986892700195
2015-03-18,0.21947576105594635
2015-03-19,0.0
2015-03-20,1.3406028747558594
2015-03-21,0.0
2015-03-22,0.0
2015-03-23,0.0
2015-03-24,0.0
2015-03-25,0.0
2015-03-26,2.0390851497650146
2015-03-27,15.509878158569336
2015-03-28,0.0
2015-03-29,0.0
2015-03-30,0.06839659065008163
2015-03-31,4.401778221130371
2015-04-01,7.372814655303955
2015-04-02,0.0
2015-04-03,0.0
2015-04-04,0.0
2015-04-05,0.24271990358829498
2015-04-06,0.06472891569137573
2015-04-07,0.46802836656570435
2015-04-08,6.210780620574951
2015-04-09,2.661900520324707
2015-04-10,15.59748363494873
2015-04-11,0.05590338259935379
2015-04-12,6.973648548126221
2015-04-13,0.3816722631454468
2015-04-14,0.0
2015-04-15,0.06492264568805695
2015-04-16,0.0005611859960481524
2015-04-17,1.8909544944763184
2015-04-18,4.909092426300049
2015-04-19,0.31439438462257385
2015-04-20,3.257960557937622
2015-04-21,5.835237503051758
2015-04-22,0.028145287185907364
2015-04-23,13.344284057617188
2015-04-24,0.6336827278137207
2015-04-25,8.430541038513184
2015-04-26,0.0
2015-04-27,0.08321332186460495
2015-04-28,8.063774108886719
2015-04-29,1.5999115705490112
2015-04-30,0.0
2015-05-01,0.0
2015-05-02,0.0
2015-05-03,0.0
2015-05-04,0.0
2015-05-05,0.0
2015-05-06,0.0
2015-05-07,0.0
2015-05-08,0.0
2015-05-09,0.0
2015-05-10,0.0
2015-05-11,0.0
2015-05-12,0.0
2015-05-13,0.0
2015-05-14,0.0
2015-05-15,0.0
2015-05-16,5.094583034515381
2015-05-17,12.792360305786133
2015-05-18,0.0
2015-05-19,0.0
2015-05-20,0.0
2015-05-21,0.0
2015-05-22,0.0
2015-05-23,0.0
2015-05-24,0.0
2015-05-25,0.0
2015-05-26,0.0
2015-05-27,0.0
2015-05-28,0.0
2015-05-29,0.0
2015-05-30,0.0
2015-05-31,0.0
2015-06-01,1.7254456281661987
2015-06-02,0.10784035176038742
2015-06-03,0.10784035176038742
2015-06-04,0.10784035176038742
2015-06-05,0.10784035176038742
2015-06-06,0.0
2015-06-07,0.0
2015-06-08,0.0
2015-06-09,0.0
2015-06-10,0.0
2015-06-11,0.0
2015-06-12,0.0
2015-06-13,0.0
2015-06-14,0.0
2015-06-15,3.4752440452575684
2015-06-16,0.0
2015-06-17,0.0
2015-06-18,0.0
2015-06-19,0.0
2015-06-20,0.0
2015-06-21,0.0
2015-06-22,0.0
2015-06-23,0.0
2015-06-24,0.0
2015-06-25,0.0
2015-06-26,0.0
2015-06-27,0.0
2015-06-28,0.0
2015-06-29,0.9474322199821472
2015-06-30,0.052809908986091614
2015-07-01,0.0
2015-07-02,0.0
2015-07-03,0.0
2015-07-04,3.570117950439453
2015-07-05,0.006358486600220203
2015-07-06,0.7713449001312256
2015-07-07,0.7713448405265808
2015-07-08,0.22038424015045166
2015-07-09,0.22038424015045166
2015-07-10,0.22038424015045166
2015-07-11,0.0
2015-07-12,0.0
2015-07-13,0.0
2015-07-14,0.0
2015-07-15,0.0
2015-07-16,0.0
2015-07-17,0.0
2015-07-18,0.0
2015-07-19,0.0
2015-07-20,0.0
2015-07-21,0.0
2015-07-22,0.0
2015-07-23,0.0
2015-07-24,0.0
2015-07-25,0.0
2015-07-26,0.0
2015-07-27,0.0
2015-07-28,0.0
2015-07-29,0.0
2015-07-30,0.0
2015-07-31,0.0
2015-08-01,0.0
2015-08-02,0.0
2015-08-03,0.0
2015-08-04,0.0
2015-08-05,0.0
2015-08-06,0.0
2015-08-07,0.0
2015-08-08,0.0
2015-08-09,0.0
2015-08-10,0.0
2015-08-11,0.0
2015-08-12,3.1344261169433594
2015-08-13,0.22507809102535248
2015-08-14,1.3233585357666016
2015-08-15,0.0
2015-08-16,0.19257894158363342
2015-08-17,0.19257894158363342
2015-08-18,0.19257894158363342
2015-08-19,0.19257894158363342
2015-08-20,0.19257894158363342
2015-08-21,0.0
2015-08-22,0.0
2015-08-23,0.0
2015-08-24,0.0
2015-08-25,0.0
2015-08-26,0.0
2015-08-27,0.0
2015-08-28,0.0
2015-08-29,0.0
2015-08-30,0.0
2015-08-31,0.0
2015-09-01,0.0
2015-09-02,0.0
2015-09-03,0.6460172533988953
2015-09-04,16.144922256469727
2015-09-05,0.7279106974601746
2015-09-06,1.087154507637024
2015-09-07,0.0
2015-09-08,0.0
2015-09-09,0.0
2015-09-10,0.0
2015-09-11,0.0
2015-09-12,0.0
2015-09-13,0.0
2015-09-14,0.0
2015-09-15,0.0
2015-09-16,0.0
2015-09-17,0.0
2015-09-18,1.235595703125
2015-09-19,2.289376735687256
2015-09-20,0.0073991925455629826
2015-09-21,0.0
2015-09-22,0.6881483793258667
2015-09-23,1.389112949371338
2015-09-24,0.0
2015-09-25,5.065673828125
2015-09-26,0.0
2015-09-27,0.0
2015-09-28,0.0
2015-09-29,0.0
2015-09-30,0.0
2015-10-01,0.6455027461051941
2015-10-02,1.4170336723327637
2015-10-03,4.636468887329102
2015-10-04,1.2922288179397583
2015-10-05,0.0
2015-10-06,0.0
2015-10-07,0.2432195544242859
2015-10-08,3.4537179470062256
2015-10-09,0.0
2015-10-10,0.0
2015-10-11,0.0
2015-10-12,0.0
2015-10-13,0.0
2015-10-14,0.0
2015-10-15,0.0
2015-10-16,0.0
2015-10-17,0.0
2015-10-18,0.0
2015-10-19,0.0
2015-10-20,1.258904218673706
2015-10-21,0.06479019671678543
2015-10-22,2.653809070587158
2015-10-23,2.6029043197631836
2015-10-24,0.8791677951812744
2015-10-25,11.249991416931152
2015-10-26,0.3004516065120697
2015-10-27,0.4871506690979004
2015-10-28,0.009652789682149887
2015-10-29,0.0
2015-10-30,2.4554648399353027
2015-10-31,7.806224346160889
2015-11-01,0.0
2015-11-02,0.0
2015-11-03,0.0
2015-11-04,0.0
2015-11-05,0.0
2015-11-06,0.003046143101528287
2015-11-07,1.2307705879211426
2015-11-08,0.0
2015-11-09,8.096090316772461
2015-11-10,0.259352445602417
2015-11-11,21.04646110534668
2015-11-12,9.880391120910645
2015-11-13,6.277822971343994
2015-11-14,5.4310479164123535
2015-11-15,3.6321780681610107
2015-11-16,0.0
2015-11-17,0.0
2015-11-18,0.0
2015-11-19,0.0
2015-11-20,0.0
2015-11-21,0.0
2015-11-22,0.0
2015-11-23,1.4643677473068237
2015-11-24,5.480006694793701
2015-11-25,6.214799404144287
2015-11-26,2.177720069885254
2015-11-27,0.03307822346687317
2015-11-28,0.5983067154884338
2015-11-29,13.460289001464844
2015-11-30,0.014542377553880215
2015-12-01,0.44840332865715027
2015-12-02,21.463415145874023
2015-12-03,0.0499655120074749
2015-12-04,0.017541488632559776
2015-12-05,1.0351085662841797
2015-12-06,2.4800572395324707
2015-12-07,0.0
2015-12-08,0.2939411401748657
2015-12-09,7.209404945373535
2015-12-10,0.0
2015-12-11,0.3476361632347107
2015-12-12,0.0
2015-12-13,0.0
2015-12-14,0.0
2015-12-15,6.380805492401123
2015-12-16,1.287982702255249
2015-12-17,0.0
2015-12-18,5.185782432556152
2015-12-19,31.942298889160156
2015-12-20,0.0016275926027446985
2015-12-21,0.29778924584388733
2015-12-22,0.08229581266641617
2015-12-23,0.0
2015-12-24,32.42123031616211
2015-12-25,0.28275150060653687
2015-12-26,0.07830104976892471
2015-12-27,3.5219502449035645
2015-12-28,0.15235954523086548
2015-12-29,28.511323928833008
2015-12-30,2.845630407333374
2015-12-31,9.739453315734863
2016-01-01,8.870077133178711
2016-01-02,1.241837501525879
2016-01-03,24.555585861206055
2016-01-04,0.3411270081996918
2016-01-05,2.6565682888031006
2016-01-06,9.092066764831543
2016-01-07,0.21801221370697021
2016-01-08,0.9310276508331299
2016-01-09,0.1254182606935501
2016-01-10,7.0113420486450195
2016-01-11,0.38776376843452454
2016-01-12,0.005790655501186848
2016-01-13,10.929420471191406
2016-01-14,0.5330649018287659
2016-01-15,1.0385932922363281
2016-01-16,0.0
2016-01-17,0.0
2016-01-18,0.0
2016-01-19,0.0
2016-01-20,0.0
2016-01-21,0.0
2016-01-22,0.0
2016-01-23,0.0
2016-01-24,0.0
2016-01-25,1.9014602899551392
2016-01-26,1.380510926246643
2016-01-27,35.62134552001953
2016-01-28,0.0
2016-01-29,0.0
2016-01-30,12.423709869384766
2016-01-31,18.148656845092773
2016-02-01,0.0
2016-02-02,6.852171421051025
2016-02-03,8.75761604309082
2016-02-04,12.13268756866455
2016-02-05,8.790205001831055
2016-02-06,0.4142439067363739
2016-02-07,0.007030637469142675
2016-02-08,5.167812347412109
2016-02-09,10.745803833007812
2016-02-10,5.4225897789001465
2016-02-11,0.0334959477186203
2016-02-12,0.0
2016-02-13,0.0
2016-02-14,19.008028030395508
2016-02-15,0.8022312521934509
2016-02-16,0.0
2016-02-17,0.16626590490341187
2016-02-18,18.529285430908203
2016-02-19,0.004023141227662563
2016-02-20,9.003133773803711
2016-02-21,2.704296350479126
2016-02-22,0.2840643525123596
2016-02-23,0.1198074072599411
2016-02-24,5.737330913543701
2016-02-25,1.3709368705749512
2016-02-26,3.638542652130127
2016-02-27,20.4973201751709
2016-02-28,0.19005325436592102
2016-02-29,0.0
2016-03-01,0.0
2016-03-02,20.495502471923828
2016-03-03,0.0
2016-03-04,0.32101574540138245
2016-03-05,0.13829271495342255
2016-03-06,0.03027256205677986
2016-03-07,0.03356323763728142
2016-03-08,0.7719379663467407
2016-03-09,8.63585376739502
2016-03-10,3.1416079998016357
2016-03-11,0.0
2016-03-12,0.0
2016-03-13,0.0
2016-03-14,0.0
2016-03-15,0.0
2016-03-16,0.0
2016-03-17,0.0
2016-03-18,0.0
2016-03-19,0.0
2016-03-20,0.0
2016-03-21,0.0
2016-03-22,0.0
2016-03-23,2.2793831825256348
2016-03-24,0.30780476331710815
2016-03-25,4.872127532958984
2016-03-26,0.0
2016-03-27,0.0
2016-03-28,0.0
2016-03-29,0.0
2016-03-30,0.0
2016-03-31,0.0
2016-04-01,0.0
2016-04-02,1.672277808189392
2016-04-03,0.008221621625125408
2016-04-04,0.0
2016-04-05,0.0
2016-04-06,0.0
2016-04-07,3.062265634536743
2016-04-08,4.086721420288086
2016-04-09,10.72338581085205
2016-04-10,22.93858528137207
2016-04-11,0.0
2016-04-12,0.0
2016-04-13,0.0
2016-04-14,0.0
2016-04-15,0.0
2016-04-16,0.0
2016-04-17,0.005218936130404472
2016-04-18,0.0
2016-04-19,0.0
2016-04-20,0.1596994400024414
2016-04-21,0.0
2016-04-22,0.0
2016-04-23,0.0
2016-04-24,0.0
2016-04-25,0.0
2016-04-26,0.0
2016-04-27,0.0
2016-04-28,0.0
2016-04-29,0.0
2016-04-30,0.0
2016-05-01,0.0
2016-05-02,0.0
2016-05-03,0.0
2016-05-04,0.0
2016-05-05,0.0
2016-05-06,0.0
2016-05-07,0.0
2016-05-08,0.0
2016-05-09,0.0
2016-05-10,0.0
2016-05-11,0.0
2016-05-12,0.0
2016-05-13,0.0
2016-05-14,0.0
2016-05-15,0.0
2016-05-16,0.0
2016-05-17,0.0
2016-05-18,0.0
2016-05-19,0.0
2016-05-20,0.0
2016-05-21,0.0
2016-05-22,0.0
2016-05-23,0.0
2016-05-24,0.0
2016-05-25,0.0
2016-05-26,0.0
2016-05-27,0.0
2016-05-28,0.0
2016-05-29,0.0
2016-05-30,0.0
2016-05-31,0.0
2016-06-01,0.0
2016-06-02,0.0
2016-06-03,0.0
2016-06-04,0.0
2016-06-05,0.0
2016-06-06,0.0
2016-06-07,0.0
2016-06-08,0.0
2016-06-09,0.0
2016-06-10,0.0
2016-06-11,0.0
2016-06-12,0.0
2016-06-13,0.0
2016-06-14,0.0
2016-06-15,0.0
2016-06-16,0.0
2016-06-17,0.0
2016-06-18,0.0
2016-06-19,0.0
2016-06-20,0.0
2016-06-21,0.08746509999036789
2016-06-22,0.08746509999036789
2016-06-23,0.08746509999036789
2016-06-24,0.08746509999036789
2016-06-25,0.5247906446456909
2016-06-26,0.0
2016-06-27,0.0
2016-06-28,0.0
2016-06-29,0.0
2016-06-30,0.0
2016-07-01,0.0
2016-07-02,0.0
2016-07-03,0.0
2016-07-04,0.0
2016-07-05,0.0
2016-07-06,0.0
2016-07-07,0.0
2016-07-08,0.0
2016-07-09,0.0
2016-07-10,0.0
2016-07-11,0.0
2016-07-12,0.0
2016-07-13,0.0
2016-07-14,0.0
2016-07-15,0.0
2016-07-16,0.0
2016-07-17,0.0
2016-07-18,0.0
2016-07-19,0.0
2016-07-20,0.0
2016-07-21,0.0
2016-07-22,0.0
2016-07-23,0.0
2016-07-24,0.0
2016-07-25,0.0
2016-07-26,0.0
2016-07-27,0.0
2016-07-28,0.0
2016-07-29,0.0
2016-07-30,0.0
2016-07-31,0.0
2016-08-01,0.0
2016-08-02,0.0
2016-08-03,0.0
2016-08-04,0.0
2016-08-05,0.0
2016-08-06,0.0
2016-08-07,0.0
2016-08-08,0.0
2016-08-09,0.0
2016-08-10,0.0
2016-08-11,0.0
2016-08-12,0.0
2016-08-13,0.0
2016-08-14,0.0
2016-08-15,0.0
2016-08-16,0.0
2016-08-17,0.0
2016-08-18,0.0
2016-08-19,0.0
2016-08-20,0.0
2016-08-21,0.0
2016-08-22,0.0
2016-08-23,0.0
2016-08-24,0.0
2016-08-25,0.0
2016-08-26,0.0
2016-08-27,0.0
2016-08-28,9.324684143066406
2016-08-29,0.0
2016-08-30,0.0
2016-08-31,0.0
2016-09-01,0.0
2016-09-02,4.089519023895264
2016-09-03,0.7603316307067871
2016-09-04,0.0
2016-09-05,0.011761533096432686
2016-09-06,0.0
2016-09-07,0.0
2016-09-08,0.0
2016-09-09,0.0
2016-09-10,0.0
2016-09-11,0.1494046300649643
2016-09-12,0.1494046300649643
2016-09-13,0.1494046300649643
2016-09-14,0.1494046300649643
2016-09-15,0.1494046300649643
2016-09-16,0.0
2016-09-17,0.0
2016-09-18,10.612618446350098
2016-09-19,6.605711936950684
2016-09-20,0.766447126865387
2016-09-21,8.679363250732422
2016-09-22,1.8826223611831665
2016-09-23,14.657331466674805
2016-09-24,0.0
2016-09-25,1.028639316558838
2016-09-26,0.0
2016-09-27,0.0
2016-09-28,0.0
2016-09-29,0.0
2016-09-30,0.0
2016-10-01,11.885538101196289
2016-10-02,0.0
2016-10-03,0.5309248566627502
2016-10-04,11.17243766784668
2016-10-05,0.3334061801433563
2016-10-06,0.0
2016-10-07,0.0
2016-10-08,0.0
2016-10-09,1.6867468357086182
2016-10-10,0.5578866600990295
2016-10-11,0.0
2016-10-12,0.0
2016-10-13,0.0
2016-10-14,0.0
2016-10-15,0.0
2016-10-16,4.171544551849365
2016-10-17,10.507787704467773
2016-10-18,0.6585450172424316
2016-10-19,0.0
2016-10-20,0.3916281759738922
2016-10-21,0.4019334614276886
2016-10-22,0.659626305103302
2016-10-23,0.0
2016-10-24,6.430960655212402
2016-10-25,6.044159412384033
2016-10-26,1.4789470434188843
2016-10-27,0.4283905327320099
2016-10-28,0.0
2016-10-29,0.0
2016-10-30,1.1145597696304321
2016-10-31,0.41488561034202576
2016-11-01,0.0
2016-11-02,0.0
2016-11-03,0.0
2016-11-04,0.0
2016-11-05,0.0
2016-11-06,0.0
2016-11-07,12.283355712890625
2016-11-08,8.742904663085938
2016-11-09,0.2664584219455719
2016-11-10,7.119446277618408
2016-11-11,1.6552104949951172
2016-11-12,10.061197280883789
2016-11-13,0.0
2016-11-14,0.0
2016-11-15,2.88761305809021
2016-11-16,0.0
2016-11-17,0.0
2016-11-18,0.0
2016-11-19,0.0
2016-11-20,0.0
2016-11-21,0.01688074693083763
2016-11-22,4.866894245147705
2016-11-23,0.0
2016-11-24,0.0
2016-11-25,0.0
2016-11-26,3.0648295879364014
2016-11-27,0.7526260018348694
2016-11-28,3.017965793609619
2016-11-29,10.836685180664062
2016-11-30,0.057597432285547256
2016-12-01,0.0
2016-12-02,12.25006103515625
2016-12-03,6.166848182678223
2016-12-04,1.866721272468567
2016-12-05,7.545552730560303
2016-12-06,2.411691904067993
2016-12-07,1.363253116607666
2016-12-08,19.722949981689453
2016-12-09,1.8415653705596924
2016-12-10,0.0
2016-12-11,2.109417676925659
2016-12-12,0.12009406089782715
2016-12-13,1.1327871084213257
2016-12-14,5.882246971130371
2016-12-15,0.0
2016-12-16,0.12075658142566681
2016-12-17,0.12075658142566681
2016-12-18,0.12075658142566681
2016-12-19,0.12075658142566681
2016-12-20,1.932105302810669
2016-12-21,0.8050283193588257
2016-12-22,0.8050283193588257
2016-12-23,0.8050283193588257
2016-12-24,0.8050283193588257
2016-12-25,2.146742105484009
2016-12-26,1.8527277708053589
2016-12-27,10.880643844604492
2016-12-28,17.893569946289062
2016-12-29,0.0
2016-12-30,0.7736450433731079
2016-12-31,9.471829414367676
2017-01-01,9.60641860961914
2017-01-02,5.502394676208496
2017-01-03,0.09809713065624237
2017-01-04,12.492334365844727
2017-01-05,4.191239833831787
2017-01-06,1.5745352506637573
2017-01-07,15.541592597961426
2017-01-08,9.784100532531738
2017-01-09,2.791686534881592
2017-01-10,11.10114860534668
2017-01-11,14.5158052444458
2017-01-12,9.81252670288086
2017-01-13,0.6647085547447205
2017-01-14,0.0
2017-01-15,0.0
2017-01-16,9.439632415771484
2017-01-17,6.0486674308776855
2017-01-18,0.1646886169910431
2017-01-19,0.34432536363601685
2017-01-20,0.0
2017-01-21,0.0
2017-01-22,0.0
2017-01-23,6.522500514984131
2017-01-24,3.211827516555786
2017-01-25,15.521903991699219
2017-01-26,0.0
2017-01-27,0.0
2017-01-28,0.0
2017-01-29,0.0
2017-01-30,0.0
2017-01-31,5.954047203063965
2017-02-01,0.12495118379592896
2017-02-02,5.215516567230225
2017-02-03,0.0
2017-02-04,0.24654023349285126
2017-02-05,10.801614761352539
2017-02-06,0.5424829721450806
2017-02-07,0.0
2017-02-08,0.0
2017-02-09,0.0
2017-02-10,26.563541412353516
2017-02-11,15.538857460021973
2017-02-12,0.12929953634738922
2017-02-13,0.0
2017-02-14,0.0
2017-02-15,0.0
2017-02-16,1.9805177450180054
2017-02-17,0.004847878124564886
2017-02-18,0.0
2017-02-19,52.25170135498047
2017-02-20,14.738534927368164
2017-02-21,0.0
2017-02-22,0.2635689377784729
2017-02-23,0.0
2017-02-24,0.013195334002375603
2017-02-25,14.87807559967041
2017-02-26,0.0
2017-02-27,2.2489066123962402
2017-02-28,4.186166286468506
2017-03-01,1.8206629753112793
2017-03-02,0.47606009244918823
2017-03-03,37.52949142456055
2017-03-04,9.770851135253906
2017-03-05,0.0
2017-03-06,4.725991725921631
2017-03-07,10.298300743103027
2017-03-08,0.011561913415789604
2017-03-09,0.0
2017-03-10,4.922713279724121
2017-03-11,0.0
2017-03-12,2.4544410705566406
2017-03-13,0.0
2017-03-14,0.0
2017-03-15,30.805755615234375
2017-03-16,21.92525863647461
2017-03-17,0.7156088948249817
2017-03-18,0.0
2017-03-19,0.0
2017-03-20,0.0
2017-03-21,0.0
2017-03-22,0.6594702005386353
2017-03-23,6.40708589553833
2017-03-24,22.266969680786133
2017-03-25,0.2808862030506134
2017-03-26,3.131333827972412
2017-03-27,12.390327453613281
2017-03-28,0.017819194123148918
2017-03-29,0.5695919990539551
2017-03-30,3.876974105834961
2017-03-31,12.413440704345703
2017-04-01,25.573837280273438
2017-04-02,1.097222924232483
2017-04-03,6.837386131286621
2017-04-04,14.397063255310059
2017-04-05,0.0
2017-04-06,0.9167098999023438
2017-04-07,0.0
2017-04-08,0.0
2017-04-09,7.85481071472168
2017-04-10,0.0
2017-04-11,0.0
2017-04-12,0.0
2017-04-13,0.0
2017-04-14,0.0
2017-04-15,0.0
2017-04-16,0.0
2017-04-17,1.142920732498169
2017-04-18,18.62651824951172
2017-04-19,0.0
2017-04-20,0.0
2017-04-21,0.0
2017-04-22,0.0
2017-04-23,0.0
2017-04-24,0.0
2017-04-25,0.0
2017-04-26,0.0
2017-04-27,0.0
2017-04-28,0.0
2017-04-29,0.0
2017-04-30,0.0
2017-05-01,0.0
2017-05-02,0.0
2017-05-03,0.0
2017-05-04,0.0
2017-05-05,0.0
2017-05-06,0.0
2017-05-07,0.0
2017-05-08,0.0
2017-05-09,0.0
2017-05-10,0.0
2017-05-11,0.0
2017-05-12,0.0
2017-05-13,0.0
2017-05-14,0.0
2017-05-15,0.0
2017-05-16,1.5295413732528687
2017-05-17,0.0
2017-05-18,0.0
2017-05-19,0.0
2017-05-20,0.0
2017-05-21,0.0
2017-05-22,0.02432814985513687
2017-05-23,8.907746315002441
2017-05-24,2.0201046466827393
2017-05-25,0.0
2017-05-26,1.1276419162750244
2017-05-27,0.045748770236968994
2017-05-28,0.0
2017-05-29,0.46247169375419617
2017-05-30,0.00988010037690401
2017-05-31,0.0
2017-06-01,0.0
2017-06-02,0.0
2017-06-03,0.0
2017-06-04,0.0
2017-06-05,0.0
2017-06-06,0.0
2017-06-07,1.406639575958252
2017-06-08,0.008669336326420307
2017-06-09,0.0
2017-06-10,0.06247934326529503
2017-06-11,0.23186294734477997
2017-06-12,0.23186294734477997
2017-06-13,0.23186294734477997
2017-06-14,0.23186294734477997
2017-06-15,0.23186294734477997
2017-06-16,0.0
2017-06-17,0.0
2017-06-18,0.0
2017-06-19,0.0
2017-06-20,0.0
2017-06-21,0.0
2017-06-22,0.0
2017-06-23,0.0
2017-06-24,0.0
2017-06-25,0.0
2017-06-26,0.0
2017-06-27,0.0
2017-06-28,0.0
2017-06-29,0.0
2017-06-30,0.0
2017-07-01,0.0
2017-07-02,0.0
2017-07-03,0.0
2017-07-04,0.0
2017-07-05,0.0
2017-07-06,0.0
2017-07-07,0.0
2017-07-08,0.0
2017-07-09,0.0
2017-07-10,0.0
2017-07-11,0.0
2017-07-12,0.0
2017-07-13,0.0
2017-07-14,0.0
2017-07-15,0.0
2017-07-16,0.0
2017-07-17,0.0
2017-07-18,0.0
2017-07-19,0.0
2017-07-20,0.0
2017-07-21,0.0
2017-07-22,0.0
2017-07-23,0.0
2017-07-24,0.0
2017-07-25,0.0
2017-07-26,0.0
2017-07-27,0.0
2017-07-28,0.0
2017-07-29,0.0
2017-07-30,0.0
2017-07-31,0.0
2017-08-01,0.0
2017-08-02,0.0
2017-08-03,0.0
2017-08-04,0.0
2017-08-05,0.0
2017-08-06,0.0
2017-08-07,0.0
2017-08-08,0.0
2017-08-09,0.0
2017-08-10,0.0
2017-08-11,0.0
2017-08-12,0.0
2017-08-13,0.0
2017-08-14,0.0
2017-08-15,0.0
2017-08-16,0.0
2017-08-17,0.0
2017-08-18,0.0
2017-08-19,0.0
2017-08-20,0.0
2017-08-21,0.0
2017-08-22,0.0
2017-08-23,0.0
2017-08-24,0.0
2017-08-25,0.0
2017-08-26,0.0
2017-08-27,0.0
2017-08-28,0.0
2017-08-29,0.0
2017-08-30,0.0
2017-08-31,0.0
2017-09-01,0.0
2017-09-02,0.0
2017-09-03,0.0
2017-09-04,1.2754509449005127
2017-09-05,25.509750366210938
2017-09-06,0.9401063323020935
2017-09-07,31.803476333618164
2017-09-08,0.0
2017-09-09,0.0
2017-09-10,0.0
2017-09-11,0.0
2017-09-12,0.0
2017-09-13,0.5869584679603577
2017-09-14,0.22358325123786926
2017-09-15,4.83485746383667
2017-09-16,0.0
2017-09-17,0.0
2017-09-18,0.0
2017-09-19,0.0
2017-09-20,0.0
2017-09-21,0.0
2017-09-22,0.0
2017-09-23,0.6012478470802307
2017-09-24,0.005791963543742895
2017-09-25,0.0
2017-09-26,0.11715221405029297
2017-09-27,0.24320055544376373
2017-09-28,0.5776907801628113
2017-09-29,0.0
2017-09-30,0.0
2017-10-01,0.0
2017-10-02,0.0
2017-10-03,0.0
2017-10-04,0.0
2017-10-05,0.0
2017-10-06,0.061161916702985764
2017-10-07,13.505353927612305
2017-10-08,6.498054504394531
2017-10-09,0.0
2017-10-10,4.155548572540283
2017-10-11,0.0
2017-10-12,5.007500648498535
2017-10-13,4.487215995788574
2017-10-14,2.2240238189697266
2017-10-15,12.51832103729248
2017-10-16,9.020545959472656
2017-10-17,10.704736709594727
2017-10-18,2.7550621032714844
2017-10-19,0.014322659000754356
2017-10-20,0.8799139261245728
2017-10-21,0.05381360277533531
2017-10-22,9.649855613708496
2017-10-23,0.0
2017-10-24,0.0
2017-10-25,0.005436229053884745
2017-10-26,0.0
2017-10-27,0.006604453083127737
2017-10-28,0.0
2017-10-29,0.0
2017-10-30,0.0
2017-10-31,0.46848544478416443
2017-11-01,0.013107838109135628
2017-11-02,0.0
2017-11-03,6.193449020385742
2017-11-04,0.24666942656040192
2017-11-05,1.9672515392303467
2017-11-06,0.7748892307281494
2017-11-07,0.8378406167030334
2017-11-08,1.1177235841751099
2017-11-09,16.178783416748047
2017-11-10,0.0
2017-11-11,0.016949784010648727
2017-11-12,0.0
2017-11-13,0.0
2017-11-14,0.0
2017-11-15,8.61291217803955
2017-11-16,1.1644442081451416
2017-11-17,0.0
2017-11-18,0.0
2017-11-19,2.0169363021850586
2017-11-20,0.0
2017-11-21,0.0
2017-11-22,0.0
2017-11-23,0.0
2017-11-24,0.0
2017-11-25,0.0
2017-11-26,12.585832595825195
2017-11-27,0.0
2017-11-28,39.017730712890625
2017-11-29,1.2826213836669922
2017-11-30,6.919963359832764
2017-12-01,0.0
2017-12-02,0.0
2017-12-03,1.794710397720337
2017-12-04,15.250544548034668
2017-12-05,24.03156852722168
2017-12-06,0.0
2017-12-07,1.4893665313720703
2017-12-08,4.064626216888428
2017-12-09,27.202444076538086
2017-12-10,11.29369831085205
2017-12-11,0.2663465142250061
2017-12-12,0.2663465142250061
2017-12-13,0.7102574110031128
2017-12-14,0.2663465142250061
2017-12-15,0.2663465142250061
2017-12-16,0.0
2017-12-17,4.806035995483398
2017-12-18,2.0840091705322266
2017-12-19,0.0
2017-12-20,3.296999216079712
2017-12-21,42.86485290527344
2017-12-22,0.10707485675811768
2017-12-23,5.38587760925293
2017-12-24,16.77057647705078
2017-12-25,0.0
2017-12-26,0.5993050932884216
2017-12-27,4.789336681365967
2017-12-28,2.240994691848755
2017-12-29,3.2587709426879883
2017-12-30,0.0
2017-12-31,2.7839598655700684
2018-01-01,0.016521187499165535
2018-01-02,35.254600524902344
2018-01-03,0.32633593678474426
2018-01-04,0.0
2018-01-05,1.5944757461547852
2018-01-06,0.0
2018-01-07,0.0
2018-01-08,0.0
2018-01-09,0.0
2018-01-10,0.0
2018-01-11,0.18347880244255066
2018-01-12,0.0
2018-01-13,10.41749382019043
2018-01-14,30.2670955657959
2018-01-15,0.0
2018-01-16,0.0
2018-01-17,0.0
2018-01-18,0.011461019515991211
2018-01-19,17.232898712158203
2018-01-20,0.14582675695419312
2018-01-21,0.24582292139530182
2018-01-22,0.0
2018-01-23,21.275583267211914
2018-01-24,4.150786876678467
2018-01-25,2.170269727706909
2018-01-26,8.257219314575195
2018-01-27,10.358983993530273
2018-01-28,13.587575912475586
2018-01-29,20.852670669555664
2018-01-30,7.394025802612305
2018-01-31,2.8963735103607178
2018-02-01,22.853849411010742
2018-02-02,9.909486770629883
2018-02-03,5.402164459228516
2018-02-04,0.11093451082706451
2018-02-05,0.0
2018-02-06,0.07354310899972916
2018-02-07,3.7119081020355225
2018-02-08,12.118497848510742
2018-02-09,1.9170646667480469
2018-02-10,1.6858422756195068
2018-02-11,36.068992614746094
2018-02-12,4.964931488037109
2018-02-13,0.0
2018-02-14,0.0
2018-02-15,8.339642524719238
2018-02-16,16.44684600830078
2018-02-17,9.229361534118652
2018-02-18,2.6631155014038086
2018-02-19,0.0
2018-02-20,0.0
2018-02-21,0.0
2018-02-22,0.0
2018-02-23,0.0
2018-02-24,0.0
2018-02-25,0.0
2018-02-26,0.0
2018-02-27,0.035560619086027145
2018-02-28,5.442116737365723
2018-03-01,14.668525695800781
2018-03-02,0.0
2018-03-03,0.9412015676498413
2018-03-04,2.005995988845825
2018-03-05,12.094146728515625
2018-03-06,48.786502838134766
2018-03-07,0.0
2018-03-08,0.6417882442474365
2018-03-09,0.7872486710548401
2018-03-10,0.0
2018-03-11,0.0
2018-03-12,0.013033509254455566
2018-03-13,1.8609555959701538
2018-03-14,9.107505798339844
2018-03-15,20.181625366210938
2018-03-16,13.74636173248291
2018-03-17,0.04910251498222351
2018-03-18,0.0
2018-03-19,26.91753578186035
2018-03-20,0.0
2018-03-21,0.0
2018-03-22,0.0
2018-03-23,0.0
2018-03-24,0.0
2018-03-25,15.824650764465332
2018-03-26,0.0
2018-03-27,0.0
2018-03-28,0.0
2018-03-29,0.18343383073806763
2018-03-30,0.08737972378730774
2018-03-31,0.0
2018-04-01,0.0
2018-04-02,0.0
2018-04-03,0.0
2018-04-04,0.0
2018-04-05,0.0
2018-04-06,0.0
2018-04-07,0.0
2018-04-08,0.0
2018-04-09,0.0
2018-04-10,0.0
2018-04-11,0.0
2018-04-12,0.0
2018-04-13,0.0
2018-04-14,0.0
2018-04-15,0.0
2018-04-16,0.0
2018-04-17,0.0
2018-04-18,0.0
2018-04-19,0.0
2018-04-20,0.0
2018-04-21,0.0
2018-04-22,0.0
2018-04-23,0.0
2018-04-24,0.0
2018-04-25,0.0
2018-04-26,0.0
2018-04-27,0.010677098296582699
2018-04-28,4.986204624176025
2018-04-29,0.0
2018-04-30,0.0
2018-05-01,0.0
2018-05-02,0.7173335552215576
2018-05-03,0.48561105132102966
2018-05-04,4.185518264770508
2018-05-05,1.2420737743377686
2018-05-06,1.2508575916290283
2018-05-07,1.2508575916290283
2018-05-08,1.2508575916290283
2018-05-09,1.2508575916290283
2018-05-10,1.2508575916290283
2018-05-11,0.0
2018-05-12,0.0
2018-05-13,0.0
2018-05-14,0.0
2018-05-15,0.0
2018-05-16,0.0
2018-05-17,0.0
2018-05-18,0.0
2018-05-19,0.0
2018-05-20,0.0
2018-05-21,0.0
2018-05-22,0.0
2018-05-23,0.0
2018-05-24,0.0
2018-05-25,0.0
2018-05-26,0.0
2018-05-27,0.0
2018-05-28,0.0
2018-05-29,0.0
2018-05-30,0.0
2018-05-31,0.0
2018-06-01,0.0
2018-06-02,0.0
2018-06-03,5.091736793518066
2018-06-04,3.829599380493164
2018-06-05,0.0
2018-06-06,0.0
2018-06-07,0.0
2018-06-08,0.0599294975399971
2018-06-09,0.09231045842170715
2018-06-10,0.4441315829753876
2018-06-11,0.0
2018-06-12,0.0
2018-06-13,0.0
2018-06-14,0.0
2018-06-15,0.0
2018-06-16,0.0
2018-06-17,0.0
2018-06-18,0.0
2018-06-19,0.0
2018-06-20,0.0
2018-06-21,0.0
2018-06-22,0.0
2018-06-23,0.0
2018-06-24,0.0
2018-06-25,0.0
2018-06-26,0.0
2018-06-27,0.0
2018-06-28,0.0
2018-06-29,0.0
2018-06-30,0.0
2018-07-01,0.0
2018-07-02,0.0
2018-07-03,0.0
2018-07-04,0.0
2018-07-05,0.0
2018-07-06,0.0
2018-07-07,0.0
2018-07-08,0.0
2018-07-09,0.0
2018-07-10,0.0
2018-07-11,0.03224967420101166
2018-07-12,0.11750742048025131
2018-07-13,0.43073704838752747
2018-07-14,0.03224967420101166
2018-07-15,0.03224967420101166
2018-07-16,0.0
2018-07-17,0.0
2018-07-18,0.0
2018-07-19,0.0
2018-07-20,0.0
2018-07-21,7.051276206970215
2018-07-22,4.7779717445373535
2018-07-23,0.0
2018-07-24,0.0
2018-07-25,0.052574437111616135
2018-07-26,0.0
2018-07-27,0.0
2018-07-28,0.0
2018-07-29,0.0
2018-07-30,0.0
2018-07-31,0.0
2018-08-01,0.0
2018-08-02,9.730304718017578
2018-08-03,0.8323234915733337
2018-08-04,6.871973037719727
2018-08-05,9.243354797363281
2018-08-06,0.0
2018-08-07,1.2742455005645752
2018-08-08,0.0
2018-08-09,2.094449520111084
2018-08-10,0.0
2018-08-11,0.0
2018-08-12,0.0
2018-08-13,0.0
2018-08-14,0.0
2018-08-15,0.0
2018-08-16,0.0
2018-08-17,0.0
2018-08-18,0.0
2018-08-19,0.0
2018-08-20,1.0602178573608398
2018-08-21,0.0
2018-08-22,0.0
2018-08-23,0.0
2018-08-24,0.0
2018-08-25,0.0
2018-08-26,0.0
2018-08-27,0.0
2018-08-28,0.0
2018-08-29,0.0
2018-08-30,0.0
2018-08-31,0.0
2018-09-01,0.17513734102249146
2018-09-02,0.0
2018-09-03,0.0
2018-09-04,0.0
2018-09-05,0.0
2018-09-06,0.0
2018-09-07,0.0
2018-09-08,0.0
2018-09-09,0.0
2018-09-10,0.0
2018-09-11,0.0
2018-09-12,0.0
2018-09-13,0.0
2018-09-14,0.0
2018-09-15,0.0
2018-09-16,1.9933671951293945
2018-09-17,1.9933671951293945
2018-09-18,1.9933671951293945
2018-09-19,1.9933671951293945
2018-09-20,1.9933671951293945
2018-09-21,0.98830646276474
2018-09-22,3.2578437328338623
2018-09-23,1.105776071548462
2018-09-24,8.371980667114258
2018-09-25,3.5136518478393555
2018-09-26,0.018907686695456505
2018-09-27,0.0
2018-09-28,3.2890727519989014
2018-09-29,0.0
2018-09-30,0.0
2018-10-01,0.0
2018-10-02,0.0
2018-10-03,0.0
2018-10-04,0.0
2018-10-05,0.0
2018-10-06,0.5328367352485657
2018-10-07,4.21760892868042
2018-10-08,0.0
2018-10-09,0.0
2018-10-10,0.028217479586601257
2018-10-11,12.938247680664062
2018-10-12,0.9773653149604797
2018-10-13,0.1263379454612732
2018-10-14,0.0
2018-10-15,0.23142695426940918
2018-10-16,0.0
2018-10-17,0.0
2018-10-18,7.768411159515381
2018-10-19,10.624395370483398
2018-10-20,0.0
2018-10-21,0.0
2018-10-22,0.0
2018-10-23,12.049854278564453
2018-10-24,14.968677520751953
2018-10-25,3.1278748512268066
2018-10-26,3.965836763381958
2018-10-27,50.367210388183594
2018-10-28,0.0
2018-10-29,0.10393568128347397
2018-10-30,0.0
2018-10-31,7.6603007316589355
2018-11-01,14.888325691223145
2018-11-02,0.15804420411586761
2018-11-03,0.10482923686504364
2018-11-04,1.427746057510376
2018-11-05,4.6299638748168945
2018-11-06,0.0
2018-11-07,0.0
2018-11-08,0.0
2018-11-09,0.0
2018-11-10,0.0
2018-11-11,0.24563658237457275
2018-11-12,0.24563658237457275
2018-11-13,0.24563658237457275
2018-11-14,0.24563658237457275
2018-11-15,0.6550309062004089
2018-11-16,0.0
2018-11-17,0.0
2018-11-18,14.091018676757812
2018-11-19,6.01212215423584
2018-11-20,0.0
2018-11-21,0.0
2018-11-22,1.4274072647094727
2018-11-23,1.0781720876693726
2018-11-24,0.0
2018-11-25,0.0
2018-11-26,7.1507487297058105
2018-11-27,9.182703971862793
2018-11-28,17.063282012939453
2018-11-29,2.377983808517456
2018-11-30,0.0
2018-12-01,0.0
2018-12-02,0.0
2018-12-03,0.0
2018-12-04,0.0
2018-12-05,0.0
2018-12-06,0.7484970092773438
2018-12-07,2.3780453205108643
2018-12-08,7.252047538757324
2018-12-09,4.14737606048584
2018-12-10,13.87752628326416
2018-12-11,1.9242295026779175
2018-12-12,12.397574424743652
2018-12-13,10.615396499633789
2018-12-14,0.0
2018-12-15,0.0
2018-12-16,0.7528897523880005
2018-12-17,4.030216693878174
2018-12-18,8.105798721313477
2018-12-19,32.61368942260742
2018-12-20,0.05502218380570412
2018-12-21,6.465839862823486
2018-12-22,16.394617080688477
2018-12-23,0.8518823385238647
2018-12-24,2.983621597290039
2018-12-25,0.004264121409505606
2018-12-26,9.369707107543945
2018-12-27,0.3834629952907562
2018-12-28,0.3700920343399048
2018-12-29,37.070316314697266
2018-12-30,0.38784900307655334
2018-12-31,2.261873245239258
2019-01-01,0.01681814342737198
2019-01-02,0.0
2019-01-03,6.066988468170166
2019-01-04,0.8635201454162598
2019-01-05,0.5461185574531555
2019-01-06,0.29398131370544434
2019-01-07,1.3143482208251953
2019-01-08,0.3945882320404053
2019-01-09,0.9749727249145508
2019-01-10,19.5214786529541
2019-01-11,9.692654609680176
2019-01-12,0.0
2019-01-13,0.0
2019-01-14,2.8412084579467773
2019-01-15,0.0
2019-01-16,0.0
2019-01-17,0.0
2019-01-18,10.550707817077637
2019-01-19,0.0
2019-01-20,0.0
2019-01-21,0.0
2019-01-22,0.0
2019-01-23,0.0
2019-01-24,0.0
2019-01-25,0.0
2019-01-26,0.6189961433410645
2019-01-27,2.7410693168640137
2019-01-28,0.32277342677116394
2019-01-29,0.1966434121131897
2019-01-30,10.777667999267578
2019-01-31,3.9420526027679443
2019-02-01,2.9921677112579346
2019-02-02,11.939209938049316
2019-02-03,1.045552372932434
2019-02-04,0.0
2019-02-05,4.592381000518799
2019-02-06,0.0
2019-02-07,0.0
2019-02-08,0.0
2019-02-09,0.00948126707226038
2019-02-10,7.960513114929199
2019-02-11,4.300171852111816
2019-02-12,2.0710763931274414
2019-02-13,1.1262316703796387
2019-02-14,0.0
2019-02-15,0.000585786416195333
2019-02-16,0.0
2019-02-17,0.1412559449672699
2019-02-18,3.350154161453247
2019-02-19,14.279701232910156
2019-02-20,4.301858901977539
2019-02-21,0.6957411170005798
2019-02-22,0.0
2019-02-23,0.0
2019-02-24,0.23062629997730255
2019-02-25,3.800917863845825
2019-02-26,16.7767276763916
2019-02-27,0.04357493668794632
2019-02-28,1.636177897453308
2019-03-01,3.399488687515259
2019-03-02,4.924059867858887
2019-03-03,0.06666002422571182
2019-03-04,1.088552713394165
2019-03-05,2.321943998336792
2019-03-06,0.001924197655171156
2019-03-07,0.0
2019-03-08,3.333117723464966
2019-03-09,7.9022722244262695
2019-03-10,0.0
2019-03-11,0.0
2019-03-12,0.0
2019-03-13,14.792813301086426
2019-03-14,11.622138023376465
2019-03-15,2.5827035903930664
2019-03-16,0.8511537313461304
2019-03-17,0.34929388761520386
2019-03-18,0.0
2019-03-19,0.0
2019-03-20,9.36172866821289
2019-03-21,0.13611282408237457
2019-03-22,0.13611282408237457
2019-03-23,0.13611282408237457
2019-03-24,0.13611282408237457
2019-03-25,0.8166769742965698
2019-03-26,1.710145354270935
2019-03-27,4.3745574951171875
2019-03-28,0.0
2019-03-29,0.0
2019-03-30,0.0
2019-03-31,0.8790019750595093
2019-04-01,9.652253150939941
2019-04-02,0.7835962772369385
2019-04-03,5.020425796508789
2019-04-04,0.004683057777583599
2019-04-05,0.19918513298034668
2019-04-06,0.0
2019-04-07,0.0
2019-04-08,0.0
2019-04-09,0.0
2019-04-10,0.0
2019-04-11,0.0
2019-04-12,0.0
2019-04-13,0.0
2019-04-14,0.0
2019-04-15,0.0
2019-04-16,9.134322166442871
2019-04-17,0.0
2019-04-18,0.28028255701065063
2019-04-19,1.462571620941162
2019-04-20,0.0
2019-04-21,2.1390113830566406
2019-04-22,0.0
2019-04-23,1.6562498807907104
2019-04-24,0.0
2019-04-25,1.3835128545761108
2019-04-26,3.432459592819214
2019-04-27,3.3151512145996094
2019-04-28,0.0
2019-04-29,0.0
2019-04-30,0.01665632426738739
2019-05-01,5.848630428314209
2019-05-02,0.26784899830818176
2019-05-03,0.0
2019-05-04,0.0
2019-05-05,0.12573732435703278
2019-05-06,0.0
2019-05-07,0.5733286738395691
2019-05-08,7.071054458618164
2019-05-09,0.0
2019-05-10,0.0
2019-05-11,0.0
2019-05-12,0.0
2019-05-13,5.633157730102539
2019-05-14,0.0
2019-05-15,0.0
2019-05-16,0.0
2019-05-17,0.0
2019-05-18,0.0
2019-05-19,0.0
2019-05-20,0.0
2019-05-21,0.0
2019-05-22,0.0
2019-05-23,0.0
2019-05-24,0.0
2019-05-25,0.0
2019-05-26,0.0
2019-05-27,0.0
2019-05-28,0.0
2019-05-29,0.0
2019-05-30,0.0
2019-05-31,0.0
2019-06-01,0.0
2019-06-02,0.0
2019-06-03,0.0
2019-06-04,0.0
2019-06-05,0.0
2019-06-06,0.0
2019-06-07,0.0
2019-06-08,0.0
2019-06-09,0.0
2019-06-10,0.0
2019-06-11,0.064930759370327
2019-06-12,0.064930759370327
2019-06-13,0.0811634436249733
2019-06-14,0.064930759370327
2019-06-15,1.022659420967102
2019-06-16,1.5664488077163696
2019-06-17,2.4199905395507812
2019-06-18,0.0
2019-06-19,0.0
2019-06-20,0.0
2019-06-21,0.0
2019-06-22,0.0
2019-06-23,0.0
2019-06-24,0.0
2019-06-25,0.0
2019-06-26,0.0
2019-06-27,0.0
2019-06-28,0.0
2019-06-29,0.0
2019-06-30,0.0
2019-07-01,0.0
2019-07-02,0.0
2019-07-03,0.0
2019-07-04,0.0
2019-07-05,0.0
2019-07-06,0.0
2019-07-07,0.0
2019-07-08,0.0
2019-07-09,0.0
2019-07-10,0.0
2019-07-11,0.0
2019-07-12,0.0
2019-07-13,0.0
2019-07-14,0.0
2019-07-15,0.0
2019-07-16,0.0
2019-07-17,0.0012980465544387698
2019-07-18,0.1589737832546234
2019-07-19,0.0605548657476902
2019-07-20,0.7215551733970642
2019-07-21,0.0
2019-07-22,0.15330325067043304
2019-07-23,0.05787072330713272
2019-07-24,4.019580364227295
2019-07-25,0.0
2019-07-26,0.0
2019-07-27,0.0
2019-07-28,0.0
2019-07-29,0.0
2019-07-30,0.0
2019-07-31,0.0
2019-08-01,0.0
2019-08-02,0.0
2019-08-03,0.0
2019-08-04,0.0
2019-08-05,0.0
2019-08-06,0.0
2019-08-07,0.0
2019-08-08,0.0
2019-08-09,0.0
2019-08-10,0.0
2019-08-11,0.0
2019-08-12,0.0
2019-08-13,0.0
2019-08-14,0.0
2019-08-15,0.0
2019-08-16,0.0
2019-08-17,0.0
2019-08-18,0.0
2019-08-19,0.0
2019-08-20,0.0
2019-08-21,0.0
2019-08-22,0.0
2019-08-23,0.0
2019-08-24,0.0
2019-08-25,0.0
2019-08-26,0.0
2019-08-27,0.0
2019-08-28,0.0
2019-08-29,0.0
2019-08-30,0.0
2019-08-31,0.0
2019-09-01,0.0
2019-09-02,0.0
2019-09-03,0.0
2019-09-04,3.7086565494537354
2019-09-05,0.06197548285126686
2019-09-06,2.099836587905884
2019-09-07,0.0005520004779100418
2019-09-08,0.20000217854976654
2019-09-09,0.0
2019-09-10,0.14386728405952454
2019-09-11,0.12992511689662933
2019-09-12,1.2111845016479492
2019-09-13,0.055667694658041
2019-09-14,0.0
2019-09-15,0.0
2019-09-16,0.0
2019-09-17,0.0
2019-09-18,0.0
2019-09-19,0.0
2019-09-20,0.0
2019-09-21,0.0
2019-09-22,0.0
2019-09-23,0.0
2019-09-24,0.0
2019-09-25,0.0
2019-09-26,0.0
2019-09-27,0.0
2019-09-28,0.0
2019-09-29,0.0
2019-09-30,0.0
2019-10-01,0.0
2019-10-02,0.12093082070350647
2019-10-03,0.0
2019-10-04,0.7232410907745361
2019-10-05,4.401182174682617
2019-10-06,0.0
2019-10-07,0.0
2019-10-08,0.0
2019-10-09,0.0
2019-10-10,0.0
2019-10-11,0.0
2019-10-12,0.0
2019-10-13,0.13946829736232758
2019-10-14,4.011264801025391
2019-10-15,0.0071583278477191925
2019-10-16,0.0
2019-10-17,1.1329041719436646
2019-10-18,0.004087536595761776
2019-10-19,2.049894332885742
2019-10-20,7.691362380981445
2019-10-21,0.0007783268811181188
2019-10-22,0.002326882677152753
2019-10-23,0.0007263411534950137
2019-10-24,0.011001522652804852
2019-10-25,0.9817070960998535
2019-10-26,0.38368654251098633
2019-10-27,0.0
2019-10-28,0.0
2019-10-29,0.0
2019-10-30,0.0
2019-10-31,0.05698315054178238
2019-11-01,0.005627352278679609
2019-11-02,0.0
2019-11-03,0.0
2019-11-04,0.9713358879089355
2019-11-05,9.857564926147461
2019-11-06,7.412769317626953
2019-11-07,0.09567975997924805
2019-11-08,0.19085612893104553
2019-11-09,6.2314653396606445
2019-11-10,2.345733404159546
2019-11-11,0.07305146753787994
2019-11-12,0.0
2019-11-13,11.24041748046875
2019-11-14,6.087591648101807
2019-11-15,0.0
2019-11-16,0.0
2019-11-17,0.0
2019-11-18,0.0
2019-11-19,0.0
2019-11-20,0.0
2019-11-21,1.7163286209106445
2019-11-22,2.8100197315216064
2019-11-23,3.0651204586029053
2019-11-24,0.3780953586101532
2019-11-25,2.278158187866211
2019-11-26,6.998398303985596
2019-11-27,1.780017375946045
2019-11-28,0.002089038258418441
2019-11-29,0.0
2019-11-30,0.3848046660423279
2019-12-01,49.60213088989258
2019-12-02,0.0220547616481781
2019-12-03,0.09438125044107437
2019-12-04,0.0
2019-12-05,12.858144760131836
2019-12-06,0.0
2019-12-07,0.0
2019-12-08,16.865041732788086
2019-12-09,16.95827293395996
2019-12-10,0.0
2019-12-11,0.02198965847492218
2019-12-12,4.726874828338623
2019-12-13,0.0
2019-12-14,0.0
2019-12-15,18.71292495727539
2019-12-16,3.0085883140563965
2019-12-17,0.1645842343568802
2019-12-18,0.00276898848824203
2019-12-19,0.0
2019-12-20,8.304285049438477
2019-12-21,3.3459877967834473
2019-12-22,0.06274010986089706
2019-12-23,0.131746307015419
2019-12-24,0.6077039837837219
2019-12-25,3.4376707077026367
2019-12-26,4.281119346618652
2019-12-27,0.1810075044631958
2019-12-28,0.0
2019-12-29,1.430402159690857
2019-12-30,9.711986541748047
2019-12-31,6.772126197814941
2020-01-01,1.7183902263641357
2020-01-02,0.8366279602050781
2020-01-03,1.677778720855713
2020-01-04,10.484073638916016
2020-01-05,33.123443603515625
2020-01-06,1.671375036239624
2020-01-07,1.4973708391189575
2020-01-08,0.7904655933380127
2020-01-09,0.1468932181596756
2020-01-10,21.279951095581055
2020-01-11,11.67326831817627
2020-01-12,8.751104354858398
2020-01-13,12.753983497619629
2020-01-14,0.6951054334640503
2020-01-15,0.0
2020-01-16,8.081870079040527
2020-01-17,0.047371506690979004
2020-01-18,0.0
2020-01-19,0.0
2020-01-20,5.19794225692749
2020-01-21,6.080246448516846
2020-01-22,7.938474178314209
2020-01-23,0.01621139794588089
2020-01-24,0.0
2020-01-25,0.0
2020-01-26,0.0
2020-01-27,0.0
2020-01-28,10.696685791015625
2020-01-29,2.197239875793457
2020-01-30,13.998148918151855
2020-01-31,1.8147884607315063
2020-02-01,0.0
2020-02-02,3.958681583404541
2020-02-03,14.9254789352417
2020-02-04,0.182217076420784
2020-02-05,0.0
2020-02-06,16.87053680419922
2020-02-07,9.324789047241211
2020-02-08,6.1764044761657715
2020-02-09,2.972149610519409
2020-02-10,3.7568845748901367
2020-02-11,0.9822702407836914
2020-02-12,0.0
2020-02-13,0.0
2020-02-14,0.0
2020-02-15,21.130508422851562
2020-02-16,10.90168571472168
2020-02-17,0.8684307932853699
2020-02-18,9.020570755004883
2020-02-19,11.211465835571289
2020-02-20,10.699551582336426
2020-02-21,33.96220016479492
2020-02-22,0.0
2020-02-23,0.0
2020-02-24,0.0
2020-02-25,0.0
2020-02-26,51.211185455322266
2020-02-27,1.0206478834152222
2020-02-28,0.0
2020-02-29,0.0
2020-03-01,0.0
2020-03-02,0.5142351984977722
2020-03-03,2.1740951538085938
2020-03-04,0.7091889977455139
2020-03-05,0.0598178505897522
2020-03-06,0.0
2020-03-07,0.0
2020-03-08,0.0
2020-03-09,0.0
2020-03-10,0.0
2020-03-11,0.0
2020-03-12,0.0
2020-03-13,0.0
2020-03-14,0.0
2020-03-15,0.0
2020-03-16,0.17368976771831512
2020-03-17,0.0
2020-03-18,0.16140146553516388
2020-03-19,34.80078125
2020-03-20,17.070390701293945
2020-03-21,0.9106506109237671
2020-03-22,0.15177510678768158
2020-03-23,0.15177510678768158
2020-03-24,0.15177510678768158
2020-03-25,0.15177510678768158
2020-03-26,0.2521892488002777
2020-03-27,11.936007499694824
2020-03-28,0.0
2020-03-29,0.0
2020-03-30,0.3300865888595581
2020-03-31,0.1511073112487793
2020-04-01,0.0
2020-04-02,0.002439292846247554
2020-04-03,0.0
2020-04-04,1.4417904615402222
2020-04-05,2.683053493499756
2020-04-06,0.0
2020-04-07,0.0
2020-04-08,0.0
2020-04-09,0.0
2020-04-10,0.0
2020-04-11,0.0
2020-04-12,0.0
2020-04-13,0.0
2020-04-14,0.0
2020-04-15,0.0
2020-04-16,0.0
2020-04-17,0.0
2020-04-18,0.0
2020-04-19,0.0
2020-04-20,0.0
2020-04-21,0.0
2020-04-22,0.0
2020-04-23,0.0
2020-04-24,0.0
2020-04-25,0.0
2020-04-26,0.01987309381365776
2020-04-27,0.01987309381365776
2020-04-28,0.01987309381365776
2020-04-29,0.01987309381365776
2020-04-30,0.01987309381365776
2020-05-01,0.0
2020-05-02,2.4250433444976807
2020-05-03,2.170535087585449
2020-05-04,5.813446998596191
2020-05-05,6.803025722503662
2020-05-06,0.0
2020-05-07,0.0
2020-05-08,0.0
2020-05-09,0.0
2020-05-10,0.0
2020-05-11,0.0
2020-05-12,0.0
2020-05-13,0.0
2020-05-14,0.0
2020-05-15,0.0
2020-05-16,0.0
2020-05-17,0.0
2020-05-18,0.0
2020-05-19,0.0
2020-05-20,0.0
2020-05-21,0.0
2020-05-22,0.0
2020-05-23,0.0
2020-05-24,0.0
2020-05-25,0.0
2020-05-26,0.0
2020-05-27,0.0
2020-05-28,0.0
2020-05-29,0.0
2020-05-30,0.0
2020-05-31,0.0
2020-06-01,0.0
2020-06-02,0.0
2020-06-03,0.0
2020-06-04,0.0
2020-06-05,0.0
2020-06-06,0.0
2020-06-07,0.0
2020-06-08,0.0
2020-06-09,0.0
2020-06-10,0.0
2020-06-11,0.0
2020-06-12,0.0
2020-06-13,0.0
2020-06-14,0.0
2020-06-15,0.0
2020-06-16,0.0
2020-06-17,0.0
2020-06-18,0.0
2020-06-19,0.0
2020-06-20,0.0
2020-06-21,0.0
2020-06-22,0.0
2020-06-23,0.0
2020-06-24,0.0
2020-06-25,0.0
2020-06-26,0.0
2020-06-27,0.0
2020-06-28,0.0
2020-06-29,0.0
2020-06-30,0.0
2020-07-01,0.0
2020-07-02,0.0
2020-07-03,0.0
2020-07-04,0.0
2020-07-05,0.0
2020-07-06,0.0
2020-07-07,0.0
2020-07-08,0.0
2020-07-09,0.0
2020-07-10,0.0
2020-07-11,0.0
2020-07-12,0.0
2020-07-13,0.0
2020-07-14,0.0
2020-07-15,0.0
2020-07-16,0.0
2020-07-17,0.0
2020-07-18,0.0
2020-07-19,0.0
2020-07-20,0.0
2020-07-21,0.0
2020-07-22,0.0
2020-07-23,0.0
2020-07-24,0.0
2020-07-25,0.0
2020-07-26,0.0
2020-07-27,0.0
2020-07-28,0.0
2020-07-29,0.0
2020-07-30,0.0
2020-07-31,0.0
2020-08-01,0.0
2020-08-02,0.0
2020-08-03,0.0
2020-08-04,0.0
2020-08-05,0.0
2020-08-06,0.0
2020-08-07,0.0
2020-08-08,0.0
2020-08-09,0.0
2020-08-10,0.0
2020-08-11,0.0
2020-08-12,0.0
2020-08-13,0.0
2020-08-14,0.0
2020-08-15,0.0
2020-08-16,0.0
2020-08-17,0.0
2020-08-18,0.0
2020-08-19,0.0
2020-08-20,0.0
2020-08-21,0.0
2020-08-22,14.616435050964355
2020-08-23,0.0
2020-08-24,0.0
2020-08-25,0.0
2020-08-26,0.0
2020-08-27,0.0
2020-08-28,0.0
2020-08-29,0.0
2020-08-30,0.0
2020-08-31,1.1234620809555054
2020-09-01,0.0614449568092823
2020-09-02,0.0614449568092823
2020-09-03,0.0614449568092823
2020-09-04,0.0614449568092823
2020-09-05,0.0614449568092823
2020-09-06,7.839561939239502
2020-09-07,19.213584899902344
2020-09-08,0.6208602786064148
2020-09-09,0.2766757011413574
2020-09-10,0.27023670077323914
2020-09-11,0.0
2020-09-12,0.9878876805305481
2020-09-13,0.0
2020-09-14,3.0107944011688232
2020-09-15,7.719709873199463
2020-09-16,0.0
2020-09-17,9.107863426208496
2020-09-18,0.5964756608009338
2020-09-19,0.8882589340209961
2020-09-20,0.0
2020-09-21,0.0
2020-09-22,0.0
2020-09-23,0.0
2020-09-24,0.0
2020-09-25,0.0
2020-09-26,0.0
2020-09-27,0.0
2020-09-28,0.0
2020-09-29,0.0
2020-09-30,0.0
2020-10-01,0.0
2020-10-02,0.0
2020-10-03,0.0
2020-10-04,0.0
2020-10-05,0.0
2020-10-06,0.0
2020-10-07,0.0
2020-10-08,0.0
2020-10-09,8.104000091552734
2020-10-10,5.412298679351807
2020-10-11,19.45493507385254
2020-10-12,8.570807456970215
2020-10-13,0.4918133616447449
2020-10-14,22.181133270263672
2020-10-15,0.3206902742385864
2020-10-16,9.025134086608887
2020-10-17,11.993731498718262
2020-10-18,3.2370078563690186
2020-10-19,0.0176429133862257
2020-10-20,0.0031343584414571524
2020-10-21,0.0
2020-10-22,9.627973556518555
2020-10-23,0.04486144334077835
2020-10-24,0.0
2020-10-25,0.0
2020-10-26,0.0
2020-10-27,0.0
2020-10-28,0.0
2020-10-29,0.0
2020-10-30,0.0
2020-10-31,0.0
2020-11-01,0.0
2020-11-02,0.0
2020-11-03,0.0
2020-11-04,0.0
2020-11-05,0.0
2020-11-06,0.1922655552625656
2020-11-07,0.1922655552625656
2020-11-08,0.1922655552625656
2020-11-09,0.1922655552625656
2020-11-10,1.1535933017730713
2020-11-11,3.347929000854492
2020-11-12,0.0
2020-11-13,4.940370559692383
2020-11-14,0.0
2020-11-15,2.919282913208008
2020-11-16,0.0
2020-11-17,0.0
2020-11-18,0.0
2020-11-19,0.0
2020-11-20,0.0
2020-11-21,0.0
2020-11-22,0.0
2020-11-23,0.1175612062215805
2020-11-24,0.13900916278362274
2020-11-25,4.959030628204346
2020-11-26,2.5488510131835938
2020-11-27,7.920506477355957
2020-11-28,0.0
2020-11-29,0.0
2020-11-30,0.15414422750473022
2020-12-01,0.0
2020-12-02,0.03186734765768051
2020-12-03,0.003432676661759615
2020-12-04,1.3290151357650757
2020-12-05,25.966655731201172
2020-12-06,0.0
2020-12-07,0.026164621114730835
2020-12-08,0.0
2020-12-09,7.563923358917236
2020-12-10,0.426094114780426
2020-12-11,9.11661148071289
2020-12-12,0.026279335841536522
2020-12-13,0.6886707544326782
2020-12-14,0.0
2020-12-15,0.0
2020-12-16,3.5689971446990967
2020-12-17,4.571329593658447
2020-12-18,0.0
2020-12-19,10.150310516357422
2020-12-20,9.632295608520508
2020-12-21,0.0
2020-12-22,0.0
2020-12-23,0.0
2020-12-24,2.821720600128174
2020-12-25,22.577898025512695
2020-12-26,25.55474853515625
2020-12-27,0.14330054819583893
2020-12-28,0.008751418441534042
2020-12-29,0.26747700572013855
2020-12-30,1.771096110343933
2020-12-31,4.623971939086914
2021-01-01,0.0
2021-01-02,0.0
2021-01-03,3.89688777923584
2021-01-04,0.7363662123680115
2021-01-05,10.947068214416504
2021-01-06,3.1424477100372314
2021-01-07,10.443923950195312
2021-01-08,9.67623233795166
2021-01-09,13.647830963134766
2021-01-10,11.982558250427246
2021-01-11,8.645297050476074
2021-01-12,34.93327331542969
2021-01-13,3.2799746990203857
2021-01-14,0.21207880973815918
2021-01-15,0.0
2021-01-16,0.0
2021-01-17,48.88258361816406
2021-01-18,0.0
2021-01-19,0.0
2021-01-20,0.0
2021-01-21,0.0
2021-01-22,0.0
2021-01-23,0.014521495439112186
2021-01-24,0.0
2021-01-25,13.230164527893066
2021-01-26,15.945069313049316
2021-01-27,0.1533660888671875
2021-01-28,0.2996889352798462
2021-01-29,0.06666907668113708
2021-01-30,11.148731231689453
2021-01-31,0.4068569242954254
2021-02-01,0.0
2021-02-02,0.0
2021-02-03,23.875303268432617
2021-02-04,0.14660856127738953
2021-02-05,0.0
2021-02-06,0.0
2021-02-07,0.7945032715797424
2021-02-08,16.212003707885742
2021-02-09,6.744869232177734
2021-02-10,0.2518009841442108
2021-02-11,0.0
2021-02-12,0.0
2021-02-13,0.08750572055578232
2021-02-14,2.046884298324585
2021-02-15,29.834367752075195
2021-02-16,4.213134765625
2021-02-17,6.460089683532715
2021-02-18,4.510158538818359
2021-02-19,2.0110087394714355
2021-02-20,40.94944381713867
2021-02-21,3.9635236263275146
2021-02-22,0.0926821231842041
2021-02-23,0.0
2021-02-24,0.0
2021-02-25,0.0
2021-02-26,12.67970085144043
2021-02-27,11.506891250610352
2021-02-28,0.0
2021-03-01,0.8292772769927979
2021-03-02,0.19586175680160522
2021-03-03,0.0
2021-03-04,0.19101926684379578
2021-03-05,0.8423507809638977
2021-03-06,0.0
2021-03-07,0.0
2021-03-08,0.0
2021-03-09,0.0
2021-03-10,0.0
2021-03-11,13.917623519897461
2021-03-12,5.041090488433838
2021-03-13,0.0
2021-03-14,0.10082230716943741
2021-03-15,0.005046210251748562
2021-03-16,3.5590920448303223
2021-03-17,49.91204071044922
2021-03-18,1.2070962190628052
2021-03-19,0.9884496331214905
2021-03-20,0.0
2021-03-21,7.068758964538574
2021-03-22,0.0
2021-03-23,0.0
2021-03-24,0.0
2021-03-25,0.7929795980453491
2021-03-26,0.8956537246704102
2021-03-27,17.272972106933594
2021-03-28,0.4538862109184265
2021-03-29,17.229347229003906
2021-03-30,0.0
2021-03-31,25.5501766204834
2021-04-01,1.920651912689209
2021-04-02,0.023638587445020676
2021-04-03,0.17351754009723663
2021-04-04,1.1638487577438354
2021-04-05,11.302718162536621
2021-04-06,0.0
2021-04-07,0.0
2021-04-08,0.0
2021-04-09,0.0
2021-04-10,0.0
2021-04-11,8.377281188964844
2021-04-12,0.0
2021-04-13,0.0
2021-04-14,2.7574844360351562
2021-04-15,0.0
2021-04-16,0.0
2021-04-17,0.0
2021-04-18,0.0
2021-04-19,0.0
2021-04-20,0.0
2021-04-21,0.023623066022992134
2021-04-22,0.023623066022992134
2021-04-23,0.023623066022992134
2021-04-24,0.3017932176589966
2021-04-25,0.09979888796806335
2021-04-26,0.0
2021-04-27,0.0
2021-04-28,0.0
2021-04-29,0.0
2021-04-30,0.0
2021-05-01,0.0
2021-05-02,0.0
2021-05-03,0.0
2021-05-04,0.0
2021-05-05,0.0
2021-05-06,0.0
2021-05-07,0.0
2021-05-08,0.0
2021-05-09,0.0
2021-05-10,0.0
2021-05-11,0.0
2021-05-12,0.0
2021-05-13,0.0
2021-05-14,0.0
2021-05-15,0.0
2021-05-16,0.0
2021-05-17,0.0
2021-05-18,0.0
2021-05-19,0.0
2021-05-20,0.0
2021-05-21,0.0
2021-05-22,0.0
2021-05-23,0.0
2021-05-24,0.0
2021-05-25,0.0
2021-05-26,0.0
2021-05-27,0.0
2021-05-28,0.0
2021-05-29,0.0
2021-05-30,0.0
2021-05-31,0.0
2021-06-01,6.967750549316406
2021-06-02,0.0
2021-06-03,0.0
2021-06-04,1.921120047569275
2021-06-05,0.04466769099235535
2021-06-06,0.0
2021-06-07,0.0
2021-06-08,0.0
2021-06-09,0.0
2021-06-10,0.0
2021-06-11,0.0
2021-06-12,0.0
2021-06-13,0.0
2021-06-14,0.0
2021-06-15,0.0
2021-06-16,0.0
2021-06-17,0.0
2021-06-18,0.0
2021-06-19,0.0
2021-06-20,0.0
2021-06-21,0.0
2021-06-22,0.0
2021-06-23,0.0
2021-06-24,0.0
2021-06-25,0.0
2021-06-26,0.0
2021-06-27,0.0
2021-06-28,0.0
2021-06-29,0.0
2021-06-30,0.0
2021-07-01,0.0
2021-07-02,0.0
2021-07-03,0.0
2021-07-04,0.0
2021-07-05,0.0
2021-07-06,0.0
2021-07-07,0.0
2021-07-08,0.0
2021-07-09,0.0
2021-07-10,0.0
2021-07-11,0.0
2021-07-12,0.0
2021-07-13,0.0
2021-07-14,0.0
2021-07-15,0.0
2021-07-16,0.0
2021-07-17,0.0
2021-07-18,0.0
2021-07-19,0.0
2021-07-20,0.0
2021-07-21,0.0
2021-07-22,0.0
2021-07-23,0.0
2021-07-24,0.0
2021-07-25,0.0
2021-07-26,0.0
2021-07-27,0.0
2021-07-28,0.0
2021-07-29,0.0
2021-07-30,0.0
2021-07-31,0.0
2021-08-01,0.0
2021-08-02,0.0
2021-08-03,0.39914169907569885
2021-08-04,2.0518507957458496
2021-08-05,0.9388351440429688
2021-08-06,0.0
2021-08-07,0.0
2021-08-08,0.0
2021-08-09,0.0
2021-08-10,0.0
2021-08-11,0.0
2021-08-12,0.0
2021-08-13,0.0
2021-08-14,0.0
2021-08-15,0.0
2021-08-16,0.0
2021-08-17,0.0
2021-08-18,0.0
2021-08-19,0.0
2021-08-20,0.0
2021-08-21,0.0
2021-08-22,0.0
2021-08-23,0.0
2021-08-24,0.0
2021-08-25,0.0
2021-08-26,0.0
2021-08-27,0.0
2021-08-28,0.0
2021-08-29,0.0
2021-08-30,0.0
2021-08-31,0.0
2021-09-01,1.046289324760437
2021-09-02,3.6620125770568848
2021-09-03,3.662013053894043
2021-09-04,1.046289324760437
2021-09-05,1.046289324760437
2021-09-06,0.0
2021-09-07,1.0696015357971191
2021-09-08,0.0
2021-09-09,3.1732053756713867
2021-09-10,0.0
2021-09-11,0.0
2021-09-12,0.0
2021-09-13,0.0
2021-09-14,0.0
2021-09-15,3.783278465270996
2021-09-16,0.0
2021-09-17,2.8607020378112793
2021-09-18,0.0
2021-09-19,0.0880451500415802
2021-09-20,12.745980262756348
2021-09-21,9.237113952636719
2021-09-22,11.349655151367188
2021-09-23,2.8377411365509033
2021-09-24,0.0
2021-09-25,0.0
2021-09-26,0.0
2021-09-27,0.0
2021-09-28,0.0
2021-09-29,0.0
2021-09-30,0.0
2021-10-01,0.32239624857902527
2021-10-02,0.20501898229122162
2021-10-03,0.20501898229122162
2021-10-04,0.20501898229122162
2021-10-05,1.1127365827560425
2021-10-06,8.994153022766113
2021-10-07,22.640155792236328
2021-10-08,0.0
2021-10-09,0.24367853999137878
2021-10-10,0.08108913153409958
2021-10-11,0.0
2021-10-12,0.0
2021-10-13,0.0
2021-10-14,0.0
2021-10-15,0.0
2021-10-16,0.0
2021-10-17,0.0
2021-10-18,0.0
2021-10-19,0.0
2021-10-20,0.0
2021-10-21,0.0
2021-10-22,0.0
2021-10-23,0.0
2021-10-24,0.0
2021-10-25,0.0
2021-10-26,0.0
2021-10-27,0.026892513036727905
2021-10-28,0.0
2021-10-29,0.0
2021-10-30,0.1943855732679367
2021-10-31,1.4770876169204712
2021-11-01,5.1747307777404785
2021-11-02,6.741271018981934
2021-11-03,0.035228025168180466
2021-11-04,0.20954854786396027
2021-11-05,15.581298828125
2021-11-06,24.437015533447266
2021-11-07,0.0
2021-11-08,0.0
2021-11-09,0.0
2021-11-10,0.6061650514602661
2021-11-11,0.5547442436218262
2021-11-12,0.4764030873775482
2021-11-13,0.0
2021-11-14,17.856977462768555
2021-11-15,11.006173133850098
2021-11-16,2.5772793292999268
2021-11-17,4.019444465637207
2021-11-18,0.0
2021-11-19,0.0
2021-11-20,0.0
2021-11-21,0.0
2021-11-22,0.0
2021-11-23,0.0
2021-11-24,8.85722541809082
2021-11-25,1.4019889831542969
2021-11-26,1.98046875
2021-11-27,0.0
2021-11-28,18.44321060180664
2021-11-29,8.822637557983398
2021-11-30,0.010976972058415413
2021-12-01,0.0
2021-12-02,0.2993224561214447
2021-12-03,5.949020862579346
2021-12-04,15.860692977905273
2021-12-05,4.4028706550598145
2021-12-06,2.657163143157959
2021-12-07,0.017557207494974136
2021-12-08,1.523330807685852
2021-12-09,39.44436264038086
2021-12-10,5.3836894035339355
2021-12-11,23.60674285888672
2021-12-12,0.001254000817425549
2021-12-13,0.0
2021-12-14,1.6224216222763062
2021-12-15,0.376277357339859
2021-12-16,6.356276512145996
2021-12-17,1.3093053102493286
2021-12-18,0.0010154377669095993
2021-12-19,2.5366177558898926
2021-12-20,20.052770614624023
2021-12-21,1.001837134361267
2021-12-22,5.611113548278809
2021-12-23,9.04767894744873
2021-12-24,0.0
2021-12-25,5.296504497528076
2021-12-26,3.858628988265991
2021-12-27,0.0
2021-12-28,0.0
2021-12-29,1.5017540454864502
2021-12-30,8.01203441619873
2021-12-31,4.603765964508057
2022-01-01,1.1643941402435303
2022-01-02,9.17019271850586
2022-01-03,5.3592071533203125
2022-01-04,4.529754638671875
2022-01-05,9.392022132873535
2022-01-06,0.0
2022-01-07,0.05008496344089508
2022-01-08,0.7884852886199951
2022-01-09,0.0
2022-01-10,6.14747428894043
2022-01-11,0.0
2022-01-12,0.0
2022-01-13,0.0
2022-01-14,0.0
2022-01-15,0.0
2022-01-16,1.9831105470657349
2022-01-17,23.796817779541016
2022-01-18,7.367371559143066
2022-01-19,0.4170708656311035
2022-01-20,0.0
2022-01-21,7.898587226867676
2022-01-22,3.4505093097686768
2022-01-23,8.65319538116455
2022-01-24,16.260324478149414
2022-01-25,0.0
2022-01-26,0.0
2022-01-27,2.784991979598999
2022-01-28,1.601012110710144
2022-01-29,0.0
2022-01-30,0.27337297797203064
2022-01-31,7.024779319763184
2022-02-01,6.208042144775391
2022-02-02,0.07523748278617859
2022-02-03,5.356266975402832
2022-02-04,21.237882614135742
2022-02-05,0.08830299973487854
2022-02-06,0.07899494469165802
2022-02-07,0.21412934362888336
2022-02-08,0.0
2022-02-09,0.1495646983385086
2022-02-10,1.3981789350509644
2022-02-11,9.53626823425293
2022-02-12,30.86128044128418
2022-02-13,0.19377845525741577
2022-02-14,0.0
2022-02-15,1.354413390159607
2022-02-16,0.0
2022-02-17,0.0
2022-02-18,0.0
2022-02-19,11.190360069274902
2022-02-20,8.797551155090332
2022-02-21,1.1314696073532104
2022-02-22,16.064172744750977
2022-02-23,1.8380212783813477
2022-02-24,0.0
2022-02-25,0.013693283312022686
2022-02-26,0.14640159904956818
2022-02-27,0.14640159904956818
2022-02-28,1.4640159606933594
2022-03-01,1.6865473985671997
2022-03-02,0.0
2022-03-03,2.066009521484375
2022-03-04,0.0
2022-03-05,0.0
2022-03-06,0.0
2022-03-07,0.17303556203842163
2022-03-08,1.7064342498779297
2022-03-09,9.889283180236816
2022-03-10,0.1653987020254135
2022-03-11,5.842369079589844
2022-03-12,0.03984415531158447
2022-03-13,5.183444976806641
2022-03-14,0.0
2022-03-15,0.05528879910707474
2022-03-16,0.0
2022-03-17,0.0
2022-03-18,11.392457962036133
2022-03-19,6.21774435043335
2022-03-20,0.0
2022-03-21,0.0
2022-03-22,2.7976129055023193
2022-03-23,2.91035795211792
2022-03-24,3.197589874267578
2022-03-25,31.131309509277344
2022-03-26,1.1961798667907715
2022-03-27,1.9030735492706299
2022-03-28,0.0277741476893425
2022-03-29,0.0
2022-03-30,0.1143784299492836
2022-03-31,0.35770177841186523
2022-04-01,0.08465395867824554
2022-04-02,3.7999989986419678
2022-04-03,5.089822292327881
2022-04-04,1.710736870765686
2022-04-05,0.0
2022-04-06,0.0
2022-04-07,0.26256027817726135
2022-04-08,13.97707462310791
2022-04-09,0.0
2022-04-10,0.3718608319759369
2022-04-11,0.0
2022-04-12,0.0
2022-04-13,0.0
2022-04-14,0.0
2022-04-15,0.0
2022-04-16,0.0
2022-04-17,0.0
2022-04-18,0.0
2022-04-19,0.0
2022-04-20,0.0
2022-04-21,0.0
2022-04-22,0.0
2022-04-23,0.0
2022-04-24,0.0
2022-04-25,0.0
2022-04-26,0.0
2022-04-27,0.0
2022-04-28,0.0
2022-04-29,0.0
2022-04-30,0.0
2022-05-01,0.0
2022-05-02,0.0
2022-05-03,0.0
2022-05-04,0.0
2022-05-05,0.0
2022-05-06,0.0
2022-05-07,0.0
2022-05-08,0.0
2022-05-09,0.0
2022-05-10,0.0
2022-05-11,0.0
2022-05-12,0.0
2022-05-13,0.0
2022-05-14,0.0
2022-05-15,0.0
2022-05-16,0.0
2022-05-17,0.0
2022-05-18,0.0
2022-05-19,0.0
2022-05-20,0.0
2022-05-21,0.0
2022-05-22,0.0
2022-05-23,0.0
2022-05-24,0.0
2022-05-25,0.0
2022-05-26,0.0
2022-05-27,0.0
2022-05-28,0.0
2022-05-29,0.0
2022-05-30,0.0
2022-05-31,0.0
2022-06-01,0.0
2022-06-02,0.0
2022-06-03,0.0
2022-06-04,0.0
2022-06-05,0.0
2022-06-06,0.0
2022-06-07,0.0
2022-06-08,0.0
2022-06-09,0.0
2022-06-10,0.0
2022-06-11,0.0
2022-06-12,0.0
2022-06-13,0.0
2022-06-14,0.0
2022-06-15,0.0
2022-06-16,0.0
2022-06-17,0.0
2022-06-18,0.0
2022-06-19,0.0
2022-06-20,0.0
2022-06-21,0.0
2022-06-22,0.0
2022-06-23,0.0
2022-06-24,0.0
2022-06-25,0.0
2022-06-26,0.0
2022-06-27,0.0
2022-06-28,0.0
2022-06-29,0.0
2022-06-30,0.0
2022-07-01,0.0
2022-07-02,0.0
2022-07-03,0.0
2022-07-04,0.0
2022-07-05,0.0
2022-07-06,0.0
2022-07-07,0.0
2022-07-08,0.0
2022-07-09,0.0
2022-07-10,0.0
2022-07-11,0.0
2022-07-12,0.0
2022-07-13,0.0
2022-07-14,0.0
2022-07-15,0.06848887354135513
2022-07-16,0.0
2022-07-17,0.0
2022-07-18,0.0
2022-07-19,0.0
2022-07-20,0.0
2022-07-21,0.0
2022-07-22,0.0
2022-07-23,0.0
2022-07-24,0.0
2022-07-25,0.0
2022-07-26,0.0
2022-07-27,0.0
2022-07-28,0.0
2022-07-29,0.0
2022-07-30,0.0
2022-07-31,0.0
2022-08-01,0.0
2022-08-02,0.0
2022-08-03,0.0
2022-08-04,0.0
2022-08-05,0.0
2022-08-06,0.0
2022-08-07,0.0
2022-08-08,0.0
2022-08-09,0.0
2022-08-10,0.0
2022-08-11,0.0
2022-08-12,0.0
2022-08-13,0.0
2022-08-14,0.0
2022-08-15,0.0
2022-08-16,0.0
2022-08-17,0.0
2022-08-18,0.0
2022-08-19,0.0
2022-08-20,0.0
2022-08-21,0.0
2022-08-22,0.0
2022-08-23,0.0
2022-08-24,0.0
2022-08-25,0.0
2022-08-26,0.0
2022-08-27,0.0
2022-08-28,0.0
2022-08-29,0.0
2022-08-30,0.0
2022-08-31,0.0
2022-09-01,0.020068800076842308
2022-09-02,0.12041280418634415
2022-09-03,0.020068800076842308
2022-09-04,0.020068800076842308
2022-09-05,0.020068800076842308
2022-09-06,0.0
2022-09-07,0.0
2022-09-08,0.0
2022-09-09,0.0
2022-09-10,0.0
2022-09-11,0.0
2022-09-12,0.0
2022-09-13,0.0
2022-09-14,1.7955764532089233
2022-09-15,0.0
2022-09-16,0.0
2022-09-17,0.0
2022-09-18,0.0
2022-09-19,0.0
2022-09-20,0.0
2022-09-21,0.0
2022-09-22,0.0
2022-09-23,0.0
2022-09-24,1.7281649112701416
2022-09-25,0.0
2022-09-26,0.0
2022-09-27,0.0
2022-09-28,0.0
2022-09-29,0.0
2022-09-30,0.0
2022-10-01,0.0
2022-10-02,0.0
2022-10-03,0.0
2022-10-04,0.0
2022-10-05,0.0
2022-10-06,0.0
2022-10-07,0.0
2022-10-08,0.0
2022-10-09,0.0
2022-10-10,0.0
2022-10-11,0.0
2022-10-12,0.0
2022-10-13,0.0
2022-10-14,0.0
2022-10-15,0.0
2022-10-16,2.1438186168670654
2022-10-17,0.5816494822502136
2022-10-18,0.014510625042021275
2022-10-19,0.0
2022-10-20,0.0
2022-10-21,0.0
2022-10-22,0.0
2022-10-23,0.0
2022-10-24,0.0
2022-10-25,0.0
2022-10-26,0.0
2022-10-27,0.0
2022-10-28,0.0
2022-10-29,0.0
2022-10-30,0.0
2022-10-31,0.0
2022-11-01,0.0
2022-11-02,0.0
2022-11-03,0.0
2022-11-04,0.0
2022-11-05,0.0
2022-11-06,0.0
2022-11-07,0.0
2022-11-08,0.0
2022-11-09,0.0
2022-11-10,0.0
2022-11-11,0.0
2022-11-12,0.0
2022-11-13,0.0
2022-11-14,0.0
2022-11-15,0.0
2022-11-16,0.0
2022-11-17,0.0
2022-11-18,3.9379730224609375
2022-11-19,1.571276307106018
2022-11-20,0.9755275249481201
2022-11-21,3.8221616744995117
2022-11-22,2.7876715660095215
2022-11-23,1.3219666481018066
2022-11-24,0.0
2022-11-25,0.0
2022-11-26,0.0
2022-11-27,0.0
2022-11-28,0.0
2022-11-29,0.0
2022-11-30,0.0
2022-12-01,0.0
2022-12-02,0.0
2022-12-03,0.0
2022-12-04,0.0
2022-12-05,0.0
2022-12-06,0.05356128141283989
2022-12-07,10.718091011047363
2022-12-08,0.0
2022-12-09,9.655077934265137
2022-12-10,0.01782437041401863
2022-12-11,26.730321884155273
2022-12-12,2.0276050567626953
2022-12-13,0.9903686046600342
2022-12-14,0.46304309368133545
2022-12-15,0.0
2022-12-16,0.4705938696861267
2022-12-17,7.051855564117432
2022-12-18,1.4628487825393677
2022-12-19,0.17452144622802734
2022-12-20,2.2970163822174072
2022-12-21,1.1833112239837646
2022-12-22,0.749977707862854
2022-12-23,0.7459697723388672
2022-12-24,0.0
2022-12-25,0.0
2022-12-26,0.0
2022-12-27,0.0
2022-12-28,0.18737328052520752
2022-12-29,0.0010173572227358818
2022-12-30,0.0004787563520949334
2022-12-31,0.0
2023-01-01,0.5318962931632996
2023-01-02,4.618918418884277
2023-01-03,0.5345589518547058
2023-01-04,14.09567642211914
2023-01-05,0.0
2023-01-06,0.0
2023-01-07,0.0
2023-01-08,0.0
2023-01-09,0.0
2023-01-10,0.0
2023-01-11,20.52569007873535
2023-01-12,0.0033453458454459906
2023-01-13,1.2726911306381226
2023-01-14,19.366283416748047
2023-01-15,0.0600336529314518
2023-01-16,0.0
2023-01-17,0.0
2023-01-18,0.8416863679885864
2023-01-19,3.1036734580993652
2023-01-20,0.0
2023-01-21,0.0
2023-01-22,0.0
2023-01-23,21.951644897460938
2023-01-24,0.0034978645853698254
2023-01-25,0.0
2023-01-26,12.709582328796387
2023-01-27,0.0
2023-01-28,0.35291457176208496
2023-01-29,23.909639358520508
2023-01-30,0.0
2023-01-31,0.548831582069397
2023-02-01,0.0
2023-02-02,0.0
2023-02-03,0.0
2023-02-04,0.0
2023-02-05,0.0
2023-02-06,5.368027687072754
2023-02-07,37.834964752197266
2023-02-08,5.652431488037109
2023-02-09,5.204609394073486
2023-02-10,7.67962121963501
2023-02-11,1.0874145030975342
2023-02-12,19.98867416381836
2023-02-13,9.324031829833984
2023-02-14,0.052523624151945114
2023-02-15,0.7531813979148865
2023-02-16,0.760962724685669
2023-02-17,17.348526000976562
2023-02-18,0.0
2023-02-19,0.0
2023-02-20,0.0
2023-02-21,0.17974629998207092
2023-02-22,2.34674334526062
2023-02-23,15.191640853881836
2023-02-24,13.835623741149902
2023-02-25,0.8672469854354858
2023-02-26,14.071228981018066
2023-02-27,2.1952836513519287
2023-02-28,0.0
2023-03-01,0.19312512874603271
2023-03-02,4.4809675216674805
2023-03-03,0.6504181027412415
2023-03-04,0.0
2023-03-05,0.0
2023-03-06,2.0624775886535645
2023-03-07,13.469828605651855
2023-03-08,4.23298454284668
2023-03-09,4.996756076812744
2023-03-10,0.10486191511154175
2023-03-11,0.0
2023-03-12,0.0
2023-03-13,2.4277970790863037
2023-03-14,9.51606559753418
2023-03-15,6.273334980010986
2023-03-16,0.0
2023-03-17,0.0
2023-03-18,0.0
2023-03-19,0.0
2023-03-20,0.0
2023-03-21,0.0
2023-03-22,14.530085563659668
2023-03-23,12.273612976074219
2023-03-24,2.4696109294891357
2023-03-25,6.705362796783447
2023-03-26,4.485816478729248
2023-03-27,0.0
2023-03-28,0.0
2023-03-29,18.7999210357666
2023-03-30,19.967721939086914
2023-03-31,1.0894768238067627
2023-04-01,0.0
2023-04-02,0.0
2023-04-03,0.6681007742881775
2023-04-04,1.1918766498565674
2023-04-05,16.500764846801758
2023-04-06,0.0
2023-04-07,0.0
2023-04-08,0.0
2023-04-09,0.0
2023-04-10,0.0
2023-04-11,0.0
2023-04-12,0.0
2023-04-13,0.0
2023-04-14,0.0
2023-04-15,0.0
2023-04-16,0.0
2023-04-17,0.0
2023-04-18,0.0
2023-04-19,0.0
2023-04-20,0.0
2023-04-21,0.0
2023-04-22,0.0
2023-04-23,0.0
2023-04-24,0.0
2023-04-25,0.0
2023-04-26,0.0
2023-04-27,0.0
2023-04-28,0.0
2023-04-29,0.0
2023-04-30,0.0
2023-05-01,0.0
2023-05-02,0.0
2023-05-03,0.0
2023-05-04,1.3583751916885376
2023-05-05,23.74289894104004
2023-05-06,14.42672061920166
2023-05-07,1.2022818326950073
2023-05-08,2.7122302055358887
2023-05-09,0.25557008385658264
2023-05-10,0.0
2023-05-11,0.0
2023-05-12,0.0
2023-05-13,0.0
2023-05-14,0.0
2023-05-15,0.0
2023-05-16,0.0
2023-05-17,0.0
2023-05-18,0.0
2023-05-19,0.0
2023-05-20,0.0
2023-05-21,0.0
2023-05-22,0.0
2023-05-23,0.0
2023-05-24,0.0
2023-05-25,0.0
2023-05-26,0.0
2023-05-27,0.8629075288772583
2023-05-28,2.8892486095428467
2023-05-29,0.00029183764127083123
2023-05-30,0.0
2023-05-31,0.0
2023-06-01,0.0
2023-06-02,0.0
2023-06-03,0.0
2023-06-04,0.0
2023-06-05,0.0
2023-06-06,0.0
2023-06-07,0.0
2023-06-08,0.0
2023-06-09,0.0
2023-06-10,0.0
2023-06-11,0.0
2023-06-12,0.0
2023-06-13,0.0
2023-06-14,0.0
2023-06-15,0.0
2023-06-16,0.0
2023-06-17,0.0
2023-06-18,0.0
2023-06-19,0.0
2023-06-20,0.0
2023-06-21,0.0
2023-06-22,0.0
2023-06-23,0.0
2023-06-24,0.0
2023-06-25,0.0
2023-06-26,0.0
2023-06-27,0.0
2023-06-28,0.0
2023-06-29,0.0
2023-06-30,0.0
2023-07-01,0.0
2023-07-02,0.0
2023-07-03,0.0
2023-07-04,0.0
2023-07-05,0.0
2023-07-06,0.0
2023-07-07,0.0
2023-07-08,0.0
2023-07-09,0.0
2023-07-10,0.0
2023-07-11,0.0
2023-07-12,0.0
2023-07-13,0.0
2023-07-14,0.7426359057426453
2023-07-15,0.0
2023-07-16,0.0
2023-07-17,0.0
2023-07-18,0.0
2023-07-19,0.0
2023-07-20,0.0
2023-07-21,0.0
2023-07-22,0.0
2023-07-23,0.0
2023-07-24,0.0
2023-07-25,0.0
2023-07-26,0.0
2023-07-27,0.0
2023-07-28,0.0
2023-07-29,0.0
2023-07-30,0.0
2023-07-31,0.0
2023-08-01,0.0
2023-08-02,0.0
2023-08-03,0.0
2023-08-04,0.0
2023-08-05,0.0
2023-08-06,0.0
2023-08-07,0.0
2023-08-08,0.0
2023-08-09,0.0
2023-08-10,0.0
2023-08-11,0.0
2023-08-12,14.132635116577148
2023-08-13,0.07346824556589127
2023-08-14,2.1277928352355957
2023-08-15,0.0
2023-08-16,0.0
2023-08-17,0.0
2023-08-18,0.0
2023-08-19,0.0
2023-08-20,0.0
2023-08-21,0.0
2023-08-22,0.0
2023-08-23,0.0
2023-08-24,0.0
2023-08-25,0.0
2023-08-26,0.0
2023-08-27,0.0
2023-08-28,0.0
2023-08-29,0.0
2023-08-30,0.0
2023-08-31,0.0
2023-09-01,2.292388916015625
2023-09-02,11.37704086303711
2023-09-03,1.9527757167816162
2023-09-04,0.0
2023-09-05,0.0
2023-09-06,6.86525297164917
2023-09-07,0.0
2023-09-08,0.19867292046546936
2023-09-09,0.0
2023-09-10,0.0
2023-09-11,0.0
2023-09-12,1.3478394746780396
2023-09-13,0.0
2023-09-14,0.0
2023-09-15,0.0
2023-09-16,0.0
2023-09-17,0.0
2023-09-18,0.0
2023-09-19,0.0
2023-09-20,0.0
2023-09-21,0.0
2023-09-22,0.0
2023-09-23,0.0
2023-09-24,0.0
2023-09-25,0.0
2023-09-26,0.0
2023-09-27,0.0
2023-09-28,0.0
2023-09-29,0.0
2023-09-30,0.0
2023-10-01,0.0
2023-10-02,0.0
2023-10-03,0.0
2023-10-04,0.0
2023-10-05,0.0
2023-10-06,0.0
2023-10-07,0.0
2023-10-08,0.0
2023-10-09,0.0
2023-10-10,0.0
2023-10-11,0.0
2023-10-12,1.9216388463974
2023-10-13,1.4692226648330688
2023-10-14,0.10535777360200882
2023-10-15,0.0
2023-10-16,0.0
2023-10-17,4.2362565994262695
2023-10-18,0.6150282025337219
2023-10-19,2.0773212909698486
2023-10-20,6.327950954437256
2023-10-21,0.0
2023-10-22,0.0
2023-10-23,1.8837952613830566
2023-10-24,10.066302299499512
2023-10-25,6.095771312713623
2023-10-26,0.0
2023-10-27,0.0
2023-10-28,0.0
2023-10-29,0.0
2023-10-30,0.0
2023-10-31,0.0
2023-11-01,0.0
2023-11-02,0.0
2023-11-03,0.0
2023-11-04,0.0
2023-11-05,0.0
2023-11-06,0.0
2023-11-07,2.850924253463745
2023-11-08,0.21039614081382751
2023-11-09,0.0
2023-11-10,0.4177740514278412
2023-11-11,8.34090518951416
2023-11-12,3.818499803543091
2023-11-13,1.8337256908416748
2023-11-14,0.0
2023-11-15,0.0
2023-11-16,0.0
2023-11-17,0.0
2023-11-18,0.022072408348321915
2023-11-19,4.346498966217041
2023-11-20,0.0
2023-11-21,1.4706957340240479
2023-11-22,6.35221004486084
2023-11-23,1.635382056236267
2023-11-24,9.643902778625488
2023-11-25,0.0
2023-11-26,0.0161636620759964
2023-11-27,6.976224422454834
2023-11-28,1.4130115509033203
2023-11-29,0.12901519238948822
2023-11-30,0.0
2023-12-01,5.530491352081299
2023-12-02,15.802433967590332
2023-12-03,7.783538818359375
2023-12-04,1.431678056716919
2023-12-05,0.001164670567959547
2023-12-06,0.42246145009994507
2023-12-07,0.0
2023-12-08,3.7850871086120605
2023-12-09,0.0
2023-12-10,5.211053848266602
2023-12-11,3.9801018238067627
2023-12-12,0.025461845099925995
2023-12-13,0.4062570035457611
2023-12-14,23.038373947143555
2023-12-15,30.358503341674805
2023-12-16,0.0
2023-12-17,0.39585408568382263
2023-12-18,28.696189880371094
2023-12-19,5.284879684448242
2023-12-20,0.05844644457101822
2023-12-21,0.0
2023-12-22,2.604198455810547
2023-12-23,0.0
2023-12-24,0.0
2023-12-25,16.228811264038086
2023-12-26,3.785022258758545
2023-12-27,0.0
2023-12-28,5.455484867095947
2023-12-29,7.831984043121338
2023-12-30,14.71860408782959
2023-12-31,0.0005048849852755666
