date,tp
1998-01-01,0.0277431420981884
1998-01-02,1.1939489841461182
1998-01-03,3.9660120010375977
1998-01-04,4.1236090660095215
1998-01-05,1.7973577976226807
1998-01-06,0.0
1998-01-07,0.0
1998-01-08,0.0
1998-01-09,0.0
1998-01-10,0.0
1998-01-11,0.0
1998-01-12,0.0
1998-01-13,0.0
1998-01-14,0.0
1998-01-15,0.0
1998-01-16,0.0
1998-01-17,0.0
1998-01-18,0.0
1998-01-19,0.0
1998-01-20,0.0
1998-01-21,0.849844753742218
1998-01-22,2.8525304794311523
1998-01-23,6.942564010620117
1998-01-24,1.3422181606292725
1998-01-25,1.6884254217147827
1998-01-26,0.4445611238479614
1998-01-27,0.12506923079490662
1998-01-28,4.54148006439209
1998-01-29,9.646035194396973
1998-01-30,0.048776619136333466
1998-01-31,0.0
1998-02-01,0.0
1998-02-02,0.0
1998-02-03,0.0
1998-02-04,0.0
1998-02-05,0.0
1998-02-06,0.0
1998-02-07,0.0
1998-02-08,0.0
1998-02-09,0.0
1998-02-10,0.0
1998-02-11,0.0
1998-02-12,0.0
1998-02-13,0.0
1998-02-14,0.0
1998-02-15,0.0
1998-02-16,0.0
1998-02-17,0.0
1998-02-18,0.0
1998-02-19,0.0
1998-02-20,0.0
1998-02-21,0.0
1998-02-22,0.0
1998-02-23,0.0
1998-02-24,0.0
1998-02-25,0.0
1998-02-26,1.4279167652130127
1998-02-27,4.278004169464111
1998-02-28,0.0
1998-03-01,0.0
1998-03-02,0.0
1998-03-03,0.0
1998-03-04,0.0
1998-03-05,0.0
1998-03-06,0.0
1998-03-07,0.0
1998-03-08,0.0
1998-03-09,0.0
1998-03-10,0.0
1998-03-11,0.0
1998-03-12,0.0
1998-03-13,0.0
1998-03-14,0.0
1998-03-15,0.0
1998-03-16,0.0
1998-03-17,0.0
1998-03-18,0.0
1998-03-19,0.0
1998-03-20,0.0
1998-03-21,0.0
1998-03-22,0.0
1998-03-23,0.0
1998-03-24,0.0
1998-03-25,0.0
1998-03-26,0.0
1998-03-27,0.0
1998-03-28,0.0
1998-03-29,0.0
1998-03-30,0.0
1998-03-31,0.0
1998-04-01,0.0
1998-04-02,0.0
1998-04-03,0.0
1998-04-04,0.0
1998-04-05,0.0
1998-04-06,8.305062294006348
1998-04-07,0.0
1998-04-08,0.0
1998-04-09,0.0
1998-04-10,0.0
1998-04-11,0.0
1998-04-12,0.0
1998-04-13,0.0
1998-04-14,0.0
1998-04-15,0.0
1998-04-16,0.0
1998-04-17,0.0
1998-04-18,0.0
1998-04-19,0.0
1998-04-20,0.0
1998-04-21,0.0
1998-04-22,0.0
1998-04-23,0.0
1998-04-24,0.0
1998-04-25,0.0
1998-04-26,0.0
1998-04-27,0.0
1998-04-28,0.0
1998-04-29,0.0
1998-04-30,0.0
1998-05-01,0.0
1998-05-02,0.0
1998-05-03,0.0
1998-05-04,0.0
1998-05-05,0.0
1998-05-06,0.0
1998-05-07,0.0
1998-05-08,0.0
1998-05-09,0.0
1998-05-10,0.0
1998-05-11,0.0
1998-05-12,0.0
1998-05-13,1.6339266300201416
1998-05-14,0.0
1998-05-15,0.0
1998-05-16,0.0
1998-05-17,0.0
1998-05-18,0.0
1998-05-19,0.0
1998-05-20,0.0
1998-05-21,0.0
1998-05-22,0.0
1998-05-23,0.0
1998-05-24,0.0
1998-05-25,0.0
1998-05-26,0.0
1998-05-27,0.0
1998-05-28,0.0
1998-05-29,0.0
1998-05-30,0.0
1998-05-31,0.0
1998-06-01,0.0
1998-06-02,0.0
1998-06-03,0.0
1998-06-04,0.0
1998-06-05,0.0
1998-06-06,0.0
1998-06-07,0.0
1998-06-08,0.0
1998-06-09,0.0
1998-06-10,0.0
1998-06-11,0.0
1998-06-12,0.0
1998-06-13,0.0
1998-06-14,0.0
1998-06-15,0.0
1998-06-16,0.0
1998-06-17,0.0
1998-06-18,0.0
1998-06-19,0.0
1998-06-20,0.0
1998-06-21,0.0
1998-06-22,0.0
1998-06-23,0.0
1998-06-24,0.0
1998-06-25,0.0
1998-06-26,0.0
1998-06-27,0.0
1998-06-28,0.0
1998-06-29,0.0
1998-06-30,0.0
1998-07-01,0.0
1998-07-02,0.0
1998-07-03,0.0
1998-07-04,0.0
1998-07-05,0.0
1998-07-06,0.0
1998-07-07,0.0
1998-07-08,0.0
1998-07-09,0.0
1998-07-10,0.0
1998-07-11,0.0
1998-07-12,0.0
1998-07-13,0.0
1998-07-14,0.0
1998-07-15,0.0
1998-07-16,0.0
1998-07-17,0.0
1998-07-18,0.0
1998-07-19,0.0
1998-07-20,0.0
1998-07-21,0.0
1998-07-22,0.0
1998-07-23,0.0
1998-07-24,0.0
1998-07-25,0.0
1998-07-26,0.0
1998-07-27,0.0
1998-07-28,0.0
1998-07-29,0.0
1998-07-30,0.0
1998-07-31,0.0
1998-08-01,0.0
1998-08-02,0.0
1998-08-03,0.0
1998-08-04,0.0
1998-08-05,0.0
1998-08-06,0.0
1998-08-07,0.0
1998-08-08,0.0
1998-08-09,0.0
1998-08-10,0.0
1998-08-11,0.0
1998-08-12,0.0
1998-08-13,0.0
1998-08-14,0.0
1998-08-15,0.0
1998-08-16,0.0
1998-08-17,0.0
1998-08-18,0.0
1998-08-19,0.0
1998-08-20,0.0
1998-08-21,0.0
1998-08-22,0.0
1998-08-23,0.0
1998-08-24,0.0
1998-08-25,0.0
1998-08-26,0.0
1998-08-27,0.0
1998-08-28,0.0
1998-08-29,0.0
1998-08-30,0.0
1998-08-31,0.0
1998-09-01,0.0
1998-09-02,0.0
1998-09-03,0.0
1998-09-04,0.0
1998-09-05,0.0
1998-09-06,0.0
1998-09-07,0.0
1998-09-08,0.0
1998-09-09,0.0
1998-09-10,0.0
1998-09-11,0.0
1998-09-12,0.0
1998-09-13,0.0
1998-09-14,0.0
1998-09-15,0.0
1998-09-16,0.0
1998-09-17,0.0
1998-09-18,0.0
1998-09-19,0.0
1998-09-20,0.0
1998-09-21,0.0
1998-09-22,0.0
1998-09-23,0.0
1998-09-24,0.0
1998-09-25,0.0
1998-09-26,0.0
1998-09-27,0.0
1998-09-28,0.0
1998-09-29,0.0
1998-09-30,0.0
1998-10-01,0.0
1998-10-02,0.0
1998-10-03,0.0
1998-10-04,0.0
1998-10-05,0.0
1998-10-06,0.0
1998-10-07,0.0
1998-10-08,0.0
1998-10-09,0.0
1998-10-10,0.0
1998-10-11,0.0
1998-10-12,0.0
1998-10-13,0.0
1998-10-14,4.803369998931885
1998-10-15,38.29713821411133
1998-10-16,0.0
1998-10-17,0.0
1998-10-18,0.0
1998-10-19,0.0
1998-10-20,0.0
1998-10-21,0.0
1998-10-22,0.0
1998-10-23,0.0
1998-10-24,0.0
1998-10-25,0.0
1998-10-26,0.0
1998-10-27,0.0
1998-10-28,0.0
1998-10-29,0.0
1998-10-30,0.0
1998-10-31,0.0
1998-11-01,0.0
1998-11-02,0.0
1998-11-03,0.0
1998-11-04,0.0
1998-11-05,0.0
1998-11-06,0.0
1998-11-07,0.0
1998-11-08,0.0
1998-11-09,0.0
1998-11-10,0.0
1998-11-11,0.0
1998-11-12,0.0
1998-11-13,0.0
1998-11-14,0.0
1998-11-15,0.0
1998-11-16,0.6233638525009155
1998-11-17,0.6233638525009155
1998-11-18,0.6233638525009155
1998-11-19,1.2005525827407837
1998-11-20,3.162993907928467
1998-11-21,0.0
1998-11-22,3.555129289627075
1998-11-23,0.0
1998-11-24,3.555129289627075
1998-11-25,0.0
1998-11-26,0.0
1998-11-27,0.0
1998-11-28,0.0
1998-11-29,0.0
1998-11-30,0.0
1998-12-01,0.0
1998-12-02,0.0
1998-12-03,0.0
1998-12-04,0.0
1998-12-05,0.0
1998-12-06,0.0
1998-12-07,0.0
1998-12-08,0.0
1998-12-09,0.0
1998-12-10,0.0
1998-12-11,0.0
1998-12-12,0.0
1998-12-13,0.0
1998-12-14,0.0
1998-12-15,0.0
1998-12-16,0.0
1998-12-17,0.0
1998-12-18,0.0
1998-12-19,0.0
1998-12-20,0.0
1998-12-21,0.0
1998-12-22,0.0
1998-12-23,0.0
1998-12-24,0.0
1998-12-25,0.0
1998-12-26,0.0
1998-12-27,0.0
1998-12-28,0.0
1998-12-29,0.0
1998-12-30,0.0
1998-12-31,0.0
1999-01-01,0.0
1999-01-02,0.0
1999-01-03,0.0
1999-01-04,0.0
1999-01-05,0.0
1999-01-06,0.0
1999-01-07,0.0
1999-01-08,0.0
1999-01-09,0.0
1999-01-10,0.0
1999-01-11,0.0
1999-01-12,0.0
1999-01-13,0.0
1999-01-14,0.0
1999-01-15,0.0
1999-01-16,0.0
1999-01-17,0.0
1999-01-18,0.0
1999-01-19,0.0
1999-01-20,0.0
1999-01-21,0.0
1999-01-22,0.0
1999-01-23,0.0
1999-01-24,0.0
1999-01-25,0.0
1999-01-26,0.2905287444591522
1999-01-27,2.705263137817383
1999-01-28,1.2152235507965088
1999-01-29,0.9971333146095276
1999-01-30,0.08130134642124176
1999-01-31,0.43105557560920715
1999-02-01,0.13166382908821106
1999-02-02,0.6044318675994873
1999-02-03,2.9238715171813965
1999-02-04,1.8906848430633545
1999-02-05,2.5020055770874023
1999-02-06,0.42705678939819336
1999-02-07,0.08415532112121582
1999-02-08,0.969588041305542
1999-02-09,3.3708415031433105
1999-02-10,0.927093505859375
1999-02-11,1.600775122642517
1999-02-12,4.093745708465576
1999-02-13,0.30480727553367615
1999-02-14,1.696338415145874
1999-02-15,1.145599603652954
1999-02-16,1.9650678634643555
1999-02-17,3.393113374710083
1999-02-18,1.9632045030593872
1999-02-19,1.8827484846115112
1999-02-20,1.9428611993789673
1999-02-21,1.144494652748108
1999-02-22,1.4651740789413452
1999-02-23,5.732889175415039
1999-02-24,3.756990671157837
1999-02-25,3.0001916885375977
1999-02-26,0.08176284283399582
1999-02-27,2.2176079750061035
1999-02-28,0.38181617856025696
1999-03-01,1.0461387634277344
1999-03-02,0.3489852249622345
1999-03-03,4.497340679168701
1999-03-04,2.6039836406707764
1999-03-05,0.8277214169502258
1999-03-06,1.70793616771698
1999-03-07,0.3163399398326874
1999-03-08,1.479099154472351
1999-03-09,4.68231201171875
1999-03-10,5.461802959442139
1999-03-11,1.320937991142273
1999-03-12,2.4829986095428467
1999-03-13,2.7272520065307617
1999-03-14,0.19186118245124817
1999-03-15,0.0
1999-03-16,0.6465789675712585
1999-03-17,0.7922993302345276
1999-03-18,8.503978729248047
1999-03-19,0.5919041633605957
1999-03-20,11.263629913330078
1999-03-21,7.050085544586182
1999-03-22,3.8470585346221924
1999-03-23,2.007011651992798
1999-03-24,0.06592299044132233
1999-03-25,0.5425998568534851
1999-03-26,24.87595558166504
1999-03-27,9.647721290588379
1999-03-28,1.0186668634414673
1999-03-29,0.025414329022169113
1999-03-30,0.0
1999-03-31,0.7070762515068054
1999-04-01,0.0
1999-04-02,0.0
1999-04-03,0.0
1999-04-04,0.0
1999-04-05,0.0
1999-04-06,0.0
1999-04-07,0.0
1999-04-08,0.0
1999-04-09,0.0
1999-04-10,0.0
1999-04-11,0.0
1999-04-12,0.0
1999-04-13,0.0
1999-04-14,0.0
1999-04-15,0.0
1999-04-16,0.0
1999-04-17,0.0
1999-04-18,0.0
1999-04-19,0.0
1999-04-20,0.0
1999-04-21,0.0
1999-04-22,0.0
1999-04-23,0.0
1999-04-24,0.0
1999-04-25,0.0
1999-04-26,0.0
1999-04-27,0.0
1999-04-28,0.0
1999-04-29,0.0
1999-04-30,0.0
1999-05-01,0.0
1999-05-02,0.0
1999-05-03,0.0
1999-05-04,0.0
1999-05-05,0.0
1999-05-06,0.0
1999-05-07,0.0
1999-05-08,0.0
1999-05-09,0.0
1999-05-10,0.0
1999-05-11,0.0
1999-05-12,0.0
1999-05-13,0.0
1999-05-14,0.0
1999-05-15,0.0
1999-05-16,0.0
1999-05-17,0.0
1999-05-18,0.0
1999-05-19,0.0
1999-05-20,0.0
1999-05-21,0.0
1999-05-22,0.0
1999-05-23,0.0
1999-05-24,0.0
1999-05-25,1.0819374322891235
1999-05-26,0.0
1999-05-27,0.0
1999-05-28,0.0
1999-05-29,0.0
1999-05-30,0.0
1999-05-31,0.0
1999-06-01,0.0
1999-06-02,0.0
1999-06-03,0.0
1999-06-04,0.0
1999-06-05,0.0
1999-06-06,0.0
1999-06-07,0.0
1999-06-08,0.0
1999-06-09,0.0
1999-06-10,0.0
1999-06-11,0.0
1999-06-12,0.0
1999-06-13,0.0
1999-06-14,0.0
1999-06-15,0.0
1999-06-16,0.0
1999-06-17,0.0
1999-06-18,0.0
1999-06-19,0.0
1999-06-20,0.0
1999-06-21,0.0
1999-06-22,0.0
1999-06-23,0.0
1999-06-24,0.0
1999-06-25,0.0
1999-06-26,0.0
1999-06-27,0.0
1999-06-28,0.0
1999-06-29,0.0
1999-06-30,0.0
1999-07-01,0.0
1999-07-02,0.0
1999-07-03,0.0
1999-07-04,0.0
1999-07-05,0.0
1999-07-06,0.0
1999-07-07,0.0
1999-07-08,0.0
1999-07-09,0.0
1999-07-10,0.0
1999-07-11,0.0
1999-07-12,0.0
1999-07-13,0.0
1999-07-14,0.0
1999-07-15,0.0
1999-07-16,0.0
1999-07-17,0.0
1999-07-18,0.0
1999-07-19,0.0
1999-07-20,0.0
1999-07-21,0.0
1999-07-22,0.0
1999-07-23,0.0
1999-07-24,0.0
1999-07-25,0.0
1999-07-26,0.0
1999-07-27,0.0
1999-07-28,0.0
1999-07-29,0.0
1999-07-30,0.0
1999-07-31,0.0
1999-08-01,0.0
1999-08-02,0.0
1999-08-03,0.0
1999-08-04,0.0
1999-08-05,0.0
1999-08-06,0.0
1999-08-07,0.0
1999-08-08,0.0
1999-08-09,0.0
1999-08-10,0.0
1999-08-11,0.0
1999-08-12,0.0
1999-08-13,0.0
1999-08-14,0.0
1999-08-15,0.0
1999-08-16,0.0
1999-08-17,0.0
1999-08-18,0.0
1999-08-19,0.0
1999-08-20,0.0
1999-08-21,0.0
1999-08-22,0.0
1999-08-23,0.0
1999-08-24,0.0
1999-08-25,0.0
1999-08-26,0.0
1999-08-27,0.0
1999-08-28,0.0
1999-08-29,0.0
1999-08-30,0.0
1999-08-31,0.0
1999-09-01,0.0
1999-09-02,0.0
1999-09-03,0.0
1999-09-04,0.0
1999-09-05,0.0
1999-09-06,0.0
1999-09-07,0.0
1999-09-08,0.0
1999-09-09,0.0
1999-09-10,0.0
1999-09-11,0.0
1999-09-12,0.0
1999-09-13,0.0
1999-09-14,0.0
1999-09-15,0.0
1999-09-16,0.0
1999-09-17,0.0
1999-09-18,0.0
1999-09-19,0.0
1999-09-20,0.0
1999-09-21,0.0
1999-09-22,0.0
1999-09-23,0.0
1999-09-24,0.0
1999-09-25,0.0
1999-09-26,0.0
1999-09-27,0.0
1999-09-28,0.0
1999-09-29,0.0
1999-09-30,0.0
1999-10-01,0.0
1999-10-02,0.0
1999-10-03,0.0
1999-10-04,0.0
1999-10-05,0.0
1999-10-06,0.0
1999-10-07,0.0
1999-10-08,0.0
1999-10-09,0.0
1999-10-10,0.0
1999-10-11,0.0
1999-10-12,0.0
1999-10-13,0.0
1999-10-14,0.0
1999-10-15,0.0
1999-10-16,0.0
1999-10-17,0.0
1999-10-18,0.0
1999-10-19,0.0
1999-10-20,0.0
1999-10-21,0.0
1999-10-22,0.0
1999-10-23,0.0
1999-10-24,0.0
1999-10-25,0.0
1999-10-26,0.0
1999-10-27,0.0
1999-10-28,0.0
1999-10-29,0.0
1999-10-30,0.0
1999-10-31,0.0
1999-11-01,0.0
1999-11-02,0.0
1999-11-03,0.0
1999-11-04,0.0
1999-11-05,0.0
1999-11-06,0.0
1999-11-07,0.0
1999-11-08,0.0
1999-11-09,0.0
1999-11-10,0.0
1999-11-11,0.0
1999-11-12,0.0
1999-11-13,0.0
1999-11-14,0.0
1999-11-15,0.0
1999-11-16,0.0
1999-11-17,0.0
1999-11-18,0.0
1999-11-19,0.0
1999-11-20,0.0
1999-11-21,0.0
1999-11-22,0.0
1999-11-23,0.0
1999-11-24,0.0
1999-11-25,0.0
1999-11-26,0.0
1999-11-27,0.0
1999-11-28,0.0
1999-11-29,0.0
1999-11-30,0.0
1999-12-01,0.0
1999-12-02,0.0
1999-12-03,0.0
1999-12-04,0.0
1999-12-05,0.0
1999-12-06,0.0
1999-12-07,0.0
1999-12-08,0.0
1999-12-09,0.0
1999-12-10,0.0
1999-12-11,0.0
1999-12-12,0.0
1999-12-13,0.0
1999-12-14,0.0
1999-12-15,0.0
1999-12-16,0.0
1999-12-17,0.0
1999-12-18,0.0
1999-12-19,0.0
1999-12-20,0.0
1999-12-21,0.0
1999-12-22,0.0
1999-12-23,0.0
1999-12-24,0.0
1999-12-25,0.0
1999-12-26,0.0
1999-12-27,0.0
1999-12-28,0.0
1999-12-29,0.0
1999-12-30,0.0
1999-12-31,0.0
2000-01-01,0.0
2000-01-02,0.0
2000-01-03,0.0
2000-01-04,0.0
2000-01-05,0.0
2000-01-06,0.0
2000-01-07,0.0
2000-01-08,0.0
2000-01-09,0.0
2000-01-10,0.0
2000-01-11,1.0916271209716797
2000-01-12,0.1547619104385376
2000-01-13,1.7421340942382812
2000-01-14,1.7074449062347412
2000-01-15,2.025120735168457
2000-01-16,0.3710300028324127
2000-01-17,0.07506123930215836
2000-01-18,2.3998889923095703
2000-01-19,0.04461665451526642
2000-01-20,0.2704545259475708
2000-01-21,7.102242946624756
2000-01-22,1.1164699792861938
2000-01-23,3.983794689178467
2000-01-24,2.747364044189453
2000-01-25,5.469805717468262
2000-01-26,3.757154703140259
2000-01-27,7.1856255531311035
2000-01-28,2.5136258602142334
2000-01-29,6.653677940368652
2000-01-30,2.4998457431793213
2000-01-31,0.9410724639892578
2000-02-01,0.489357590675354
2000-02-02,3.9891626834869385
2000-02-03,0.7448515892028809
2000-02-04,0.0
2000-02-05,0.0
2000-02-06,0.0
2000-02-07,0.0
2000-02-08,0.0
2000-02-09,0.0
2000-02-10,0.0
2000-02-11,0.0
2000-02-12,0.0
2000-02-13,0.0
2000-02-14,0.0
2000-02-15,0.0
2000-02-16,0.0
2000-02-17,0.0
2000-02-18,0.0
2000-02-19,0.0
2000-02-20,0.0
2000-02-21,0.44996577501296997
2000-02-22,0.2615280747413635
2000-02-23,7.863154888153076
2000-02-24,1.9006876945495605
2000-02-25,0.8132746815681458
2000-02-26,1.7759675979614258
2000-02-27,0.41084209084510803
2000-02-28,0.019319694489240646
2000-02-29,0.3521817922592163
2000-03-01,0.0
2000-03-02,0.0
2000-03-03,0.0
2000-03-04,0.0
2000-03-05,0.0
2000-03-06,2.573152542114258
2000-03-07,3.9984848499298096
2000-03-08,2.5441529750823975
2000-03-09,9.150579452514648
2000-03-10,0.5183262825012207
2000-03-11,0.0
2000-03-12,0.0
2000-03-13,0.0
2000-03-14,0.0
2000-03-15,0.0
2000-03-16,0.0
2000-03-17,0.0
2000-03-18,0.0
2000-03-19,0.0
2000-03-20,0.0
2000-03-21,0.0
2000-03-22,1.0164052248001099
2000-03-23,0.2280094027519226
2000-03-24,1.3329658508300781
2000-03-25,2.7483668327331543
2000-03-26,0.0
2000-03-27,0.0
2000-03-28,0.0
2000-03-29,0.0
2000-03-30,0.0
2000-03-31,0.0
2000-04-01,0.0
2000-04-02,0.0
2000-04-03,0.0
2000-04-04,0.0
2000-04-05,0.0
2000-04-06,0.0
2000-04-07,0.0
2000-04-08,0.0
2000-04-09,0.0
2000-04-10,0.0
2000-04-11,0.0
2000-04-12,0.0
2000-04-13,0.0
2000-04-14,0.0
2000-04-15,0.0
2000-04-16,0.0
2000-04-17,0.0
2000-04-18,0.0
2000-04-19,0.0
2000-04-20,0.0
2000-04-21,0.0
2000-04-22,0.0
2000-04-23,0.0
2000-04-24,0.0
2000-04-25,0.0
2000-04-26,0.0
2000-04-27,0.0
2000-04-28,0.0
2000-04-29,0.0
2000-04-30,0.0
2000-05-01,0.0
2000-05-02,0.0
2000-05-03,0.0
2000-05-04,0.0
2000-05-05,0.0
2000-05-06,0.0
2000-05-07,1.1887186765670776
2000-05-08,2.1945574283599854
2000-05-09,0.0
2000-05-10,0.09143991023302078
2000-05-11,0.0
2000-05-12,0.0
2000-05-13,0.0
2000-05-14,0.0
2000-05-15,0.0
2000-05-16,0.0
2000-05-17,0.4191485643386841
2000-05-18,0.0
2000-05-19,2.6715893745422363
2000-05-20,0.0
2000-05-21,0.0
2000-05-22,0.0
2000-05-23,0.0
2000-05-24,0.0
2000-05-25,0.0
2000-05-26,0.0
2000-05-27,0.0
2000-05-28,0.0
2000-05-29,0.0
2000-05-30,0.0
2000-05-31,0.0
2000-06-01,0.0
2000-06-02,0.0
2000-06-03,0.0
2000-06-04,0.0
2000-06-05,0.0
2000-06-06,0.17374484241008759
2000-06-07,0.17374484241008759
2000-06-08,0.17374484241008759
2000-06-09,1.0424690246582031
2000-06-10,0.17374484241008759
2000-06-11,0.0
2000-06-12,0.0
2000-06-13,0.0
2000-06-14,0.0
2000-06-15,0.0
2000-06-16,0.0
2000-06-17,0.0
2000-06-18,0.0
2000-06-19,0.0
2000-06-20,0.0
2000-06-21,0.0
2000-06-22,0.0
2000-06-23,0.0
2000-06-24,0.0
2000-06-25,0.0
2000-06-26,0.0
2000-06-27,0.0
2000-06-28,0.0
2000-06-29,0.0
2000-06-30,0.0
2000-07-01,0.0
2000-07-02,0.0
2000-07-03,0.0
2000-07-04,0.0
2000-07-05,0.0
2000-07-06,0.0
2000-07-07,0.0
2000-07-08,0.0
2000-07-09,0.0
2000-07-10,0.0
2000-07-11,0.0
2000-07-12,0.0
2000-07-13,0.0
2000-07-14,0.0
2000-07-15,0.0
2000-07-16,0.0
2000-07-17,0.0
2000-07-18,0.000671429734211415
2000-07-19,0.031557194888591766
2000-07-20,0.0
2000-07-21,0.0
2000-07-22,0.0
2000-07-23,0.0
2000-07-24,0.0
2000-07-25,0.0
2000-07-26,0.0
2000-07-27,0.0
2000-07-28,0.0
2000-07-29,0.0
2000-07-30,0.0
2000-07-31,0.0
2000-08-01,0.0
2000-08-02,0.0
2000-08-03,0.0
2000-08-04,0.0
2000-08-05,0.0
2000-08-06,0.0
2000-08-07,0.0
2000-08-08,0.0
2000-08-09,0.0
2000-08-10,0.0
2000-08-11,0.0
2000-08-12,0.0
2000-08-13,0.0
2000-08-14,0.0
2000-08-15,0.0
2000-08-16,0.0
2000-08-17,0.0
2000-08-18,0.0
2000-08-19,0.0
2000-08-20,0.0
2000-08-21,0.0
2000-08-22,0.0
2000-08-23,0.0
2000-08-24,0.0
2000-08-25,0.0
2000-08-26,0.10248194634914398
2000-08-27,0.10248194634914398
2000-08-28,0.7173736095428467
2000-08-29,0.10248194634914398
2000-08-30,0.10248194634914398
2000-08-31,0.10248194634914398
2000-09-01,1.0737122297286987
2000-09-02,0.0
2000-09-03,0.0
2000-09-04,0.0
2000-09-05,0.0
2000-09-06,0.0
2000-09-07,0.0
2000-09-08,0.0
2000-09-09,0.0
2000-09-10,11.091500282287598
2000-09-11,0.3998633027076721
2000-09-12,0.3998633027076721
2000-09-13,0.3998633027076721
2000-09-14,0.3998633027076721
2000-09-15,0.3998633027076721
2000-09-16,0.0
2000-09-17,0.0
2000-09-18,0.0
2000-09-19,0.0
2000-09-20,0.0
2000-09-21,0.0
2000-09-22,0.0
2000-09-23,0.0
2000-09-24,0.0
2000-09-25,0.0
2000-09-26,0.0
2000-09-27,0.0
2000-09-28,0.0
2000-09-29,0.0
2000-09-30,0.0
2000-10-01,0.0
2000-10-02,0.0
2000-10-03,0.0
2000-10-04,0.0
2000-10-05,0.0
2000-10-06,0.0
2000-10-07,0.0
2000-10-08,0.0
2000-10-09,0.0
2000-10-10,0.0
2000-10-11,0.0
2000-10-12,0.0
2000-10-13,0.0
2000-10-14,0.0
2000-10-15,0.0
2000-10-16,0.0
2000-10-17,0.0
2000-10-18,0.0
2000-10-19,0.0
2000-10-20,0.0
2000-10-21,0.0
2000-10-22,0.0
2000-10-23,0.0
2000-10-24,0.0
2000-10-25,0.0
2000-10-26,0.0
2000-10-27,0.0
2000-10-28,0.0
2000-10-29,20.829458236694336
2000-10-30,0.0
2000-10-31,0.0
2000-11-01,0.0
2000-11-02,0.0
2000-11-03,0.0
2000-11-04,0.0
2000-11-05,0.0
2000-11-06,0.0
2000-11-07,0.0
2000-11-08,0.0
2000-11-09,0.0
2000-11-10,0.0
2000-11-11,0.0
2000-11-12,0.0
2000-11-13,0.0
2000-11-14,0.0
2000-11-15,0.0
2000-11-16,0.0
2000-11-17,0.0
2000-11-18,0.0
2000-11-19,0.0
2000-11-20,0.0
2000-11-21,0.21920685470104218
2000-11-22,0.036534473299980164
2000-11-23,0.036534473299980164
2000-11-24,0.036534473299980164
2000-11-25,0.036534473299980164
2000-11-26,0.0
2000-11-27,0.0
2000-11-28,0.0
2000-11-29,0.0
2000-11-30,0.0
2000-12-01,0.0
2000-12-02,0.0
2000-12-03,0.0
2000-12-04,0.0
2000-12-05,0.0
2000-12-06,0.41400566697120667
2000-12-07,1.219163179397583
2000-12-08,0.0
2000-12-09,1.4753061532974243
2000-12-10,12.571637153625488
2000-12-11,0.0
2000-12-12,0.0
2000-12-13,0.0
2000-12-14,0.0
2000-12-15,0.0
2000-12-16,0.0
2000-12-17,0.0
2000-12-18,0.0
2000-12-19,0.0
2000-12-20,0.0
2000-12-21,0.0
2000-12-22,0.0
2000-12-23,0.0
2000-12-24,0.0
2000-12-25,0.0
2000-12-26,0.2113320231437683
2000-12-27,3.302051067352295
2000-12-28,0.1433800309896469
2000-12-29,0.8591093420982361
2000-12-30,0.9732704162597656
2000-12-31,5.17058801651001
2001-01-01,0.6463029384613037
2001-01-02,5.0995354652404785
2001-01-03,3.3577492237091064
2001-01-04,3.3751323223114014
2001-01-05,0.2910950481891632
2001-01-06,1.8650603294372559
2001-01-07,0.9349721074104309
2001-01-08,0.40423527359962463
2001-01-09,1.784899115562439
2001-01-10,1.0104973316192627
2001-01-11,9.927290916442871
2001-01-12,6.523699760437012
2001-01-13,1.192286729812622
2001-01-14,1.0290666818618774
2001-01-15,3.566866159439087
2001-01-16,0.026173178106546402
2001-01-17,0.004166106693446636
2001-01-18,0.0
2001-01-19,0.46813005208969116
2001-01-20,9.893190383911133
2001-01-21,1.9604178667068481
2001-01-22,0.13189832866191864
2001-01-23,8.61448860168457
2001-01-24,4.113460063934326
2001-01-25,2.6511900424957275
2001-01-26,5.685375213623047
2001-01-27,4.0997419357299805
2001-01-28,1.0353162288665771
2001-01-29,10.019612312316895
2001-01-30,4.521599769592285
2001-01-31,1.9892799854278564
2001-02-01,0.21957620978355408
2001-02-02,2.995197057723999
2001-02-03,8.362956047058105
2001-02-04,1.372230887413025
2001-02-05,1.1280354261398315
2001-02-06,0.8465477824211121
2001-02-07,4.4203877449035645
2001-02-08,1.6380046606063843
2001-02-09,0.09215463697910309
2001-02-10,0.9303652048110962
2001-02-11,0.033883411437273026
2001-02-12,1.8458960056304932
2001-02-13,9.35488510131836
2001-02-14,3.5770695209503174
2001-02-15,6.924613952636719
2001-02-16,9.389643669128418
2001-02-17,1.5470225811004639
2001-02-18,8.041820526123047
2001-02-19,5.414439678192139
2001-02-20,0.6655221581459045
2001-02-21,1.092519998550415
2001-02-22,0.6319065690040588
2001-02-23,1.1144275665283203
2001-02-24,0.3757776618003845
2001-02-25,4.760421276092529
2001-02-26,4.005781173706055
2001-02-27,6.8016676902771
2001-02-28,3.4702389240264893
2001-03-01,2.187133550643921
2001-03-02,0.16352249681949615
2001-03-03,0.7898778319358826
2001-03-04,2.1142454147338867
2001-03-05,4.576696395874023
2001-03-06,1.4449717998504639
2001-03-07,2.5002787113189697
2001-03-08,1.2960563898086548
2001-03-09,6.147269248962402
2001-03-10,1.1733016967773438
2001-03-11,5.768836975097656
2001-03-12,19.116626739501953
2001-03-13,0.013317183591425419
2001-03-14,0.37087282538414
2001-03-15,1.6044209003448486
2001-03-16,0.4072961211204529
2001-03-17,3.8980894088745117
2001-03-18,0.9636923670768738
2001-03-19,1.56618332862854
2001-03-20,1.6432827711105347
2001-03-21,0.0
2001-03-22,0.0
2001-03-23,0.0
2001-03-24,0.0
2001-03-25,0.0
2001-03-26,0.0
2001-03-27,0.0
2001-03-28,0.0
2001-03-29,0.0
2001-03-30,0.0
2001-03-31,0.0
2001-04-01,0.0
2001-04-02,0.0
2001-04-03,0.0
2001-04-04,0.0
2001-04-05,0.0
2001-04-06,2.746537208557129
2001-04-07,0.7907842397689819
2001-04-08,0.0004108864231966436
2001-04-09,0.0
2001-04-10,0.0
2001-04-11,0.0
2001-04-12,0.9586499929428101
2001-04-13,0.05420219525694847
2001-04-14,0.3513954281806946
2001-04-15,0.3596470355987549
2001-04-16,0.0
2001-04-17,0.0
2001-04-18,0.0
2001-04-19,0.0
2001-04-20,0.0
2001-04-21,0.0
2001-04-22,0.0
2001-04-23,0.0
2001-04-24,0.0
2001-04-25,0.0
2001-04-26,0.0
2001-04-27,0.0
2001-04-28,0.0
2001-04-29,0.0
2001-04-30,0.0
2001-05-01,0.13251061737537384
2001-05-02,0.04858722537755966
2001-05-03,0.0
2001-05-04,0.0
2001-05-05,9.713027000427246
2001-05-06,2.1100125312805176
2001-05-07,0.05915922299027443
2001-05-08,0.0
2001-05-09,0.0
2001-05-10,0.0
2001-05-11,0.6041378378868103
2001-05-12,0.0
2001-05-13,0.0
2001-05-14,0.800775945186615
2001-05-15,3.777569532394409
2001-05-16,0.0
2001-05-17,0.0
2001-05-18,0.0
2001-05-19,0.0
2001-05-20,0.0
2001-05-21,0.0
2001-05-22,0.0
2001-05-23,0.0
2001-05-24,0.0
2001-05-25,0.0
2001-05-26,0.0
2001-05-27,0.0
2001-05-28,0.0
2001-05-29,0.0
2001-05-30,0.0
2001-05-31,0.0
2001-06-01,0.0
2001-06-02,0.0
2001-06-03,0.0
2001-06-04,0.0
2001-06-05,0.0
2001-06-06,0.0
2001-06-07,0.0
2001-06-08,0.0
2001-06-09,0.0
2001-06-10,0.0
2001-06-11,0.0
2001-06-12,0.0
2001-06-13,0.0
2001-06-14,0.0
2001-06-15,0.0
2001-06-16,0.0
2001-06-17,0.0
2001-06-18,0.0
2001-06-19,0.0
2001-06-20,0.0
2001-06-21,0.0
2001-06-22,0.0
2001-06-23,0.0
2001-06-24,0.0
2001-06-25,0.0
2001-06-26,0.0
2001-06-27,0.0
2001-06-28,0.0
2001-06-29,0.0
2001-06-30,0.0
2001-07-01,0.0
2001-07-02,0.0
2001-07-03,0.0
2001-07-04,0.0
2001-07-05,0.0
2001-07-06,0.0257569570094347
2001-07-07,0.0
2001-07-08,0.0
2001-07-09,0.0
2001-07-10,0.0
2001-07-11,0.0
2001-07-12,0.0
2001-07-13,0.0
2001-07-14,0.0
2001-07-15,0.0
2001-07-16,0.0
2001-07-17,0.0
2001-07-18,0.0
2001-07-19,0.0
2001-07-20,0.0
2001-07-21,0.0
2001-07-22,0.0
2001-07-23,0.0
2001-07-24,0.0
2001-07-25,0.0
2001-07-26,0.0
2001-07-27,0.0
2001-07-28,0.0
2001-07-29,0.0
2001-07-30,0.0
2001-07-31,0.0
2001-08-01,0.0
2001-08-02,0.0
2001-08-03,0.0
2001-08-04,0.0
2001-08-05,0.0
2001-08-06,0.0
2001-08-07,0.0
2001-08-08,0.0
2001-08-09,0.0
2001-08-10,0.0
2001-08-11,0.0
2001-08-12,0.0
2001-08-13,0.0
2001-08-14,0.0
2001-08-15,0.0
2001-08-16,0.0
2001-08-17,0.0
2001-08-18,0.0
2001-08-19,0.0
2001-08-20,0.0
2001-08-21,0.0
2001-08-22,0.0
2001-08-23,0.0
2001-08-24,0.0
2001-08-25,0.0
2001-08-26,0.0
2001-08-27,0.0
2001-08-28,0.0
2001-08-29,0.0
2001-08-30,0.0
2001-08-31,0.0
2001-09-01,0.0
2001-09-02,0.0
2001-09-03,0.0
2001-09-04,0.0
2001-09-05,0.0
2001-09-06,0.0
2001-09-07,0.0
2001-09-08,0.0
2001-09-09,0.0
2001-09-10,0.0
2001-09-11,0.0
2001-09-12,0.0
2001-09-13,0.0
2001-09-14,0.0
2001-09-15,0.0
2001-09-16,0.0
2001-09-17,0.0
2001-09-18,0.0
2001-09-19,0.0
2001-09-20,0.0
2001-09-21,0.0
2001-09-22,0.0
2001-09-23,0.0
2001-09-24,0.0
2001-09-25,0.0
2001-09-26,0.6792482733726501
2001-09-27,0.6792482733726501
2001-09-28,0.6792482733726501
2001-09-29,0.6792482733726501
2001-09-30,0.6792482733726501
2001-10-01,1.2013893127441406
2001-10-02,1.2013893127441406
2001-10-03,1.2013893127441406
2001-10-04,1.2013893127441406
2001-10-05,1.2013893127441406
2001-10-06,4.7295050621032715
2001-10-07,17.341520309448242
2001-10-08,0.0
2001-10-09,0.0
2001-10-10,0.0
2001-10-11,0.0
2001-10-12,0.0
2001-10-13,0.0
2001-10-14,0.0
2001-10-15,0.0
2001-10-16,0.0
2001-10-17,0.0
2001-10-18,0.0
2001-10-19,0.0
2001-10-20,0.0
2001-10-21,0.0
2001-10-22,0.0
2001-10-23,0.0
2001-10-24,0.0
2001-10-25,0.0
2001-10-26,0.7837369441986084
2001-10-27,0.7837369441986084
2001-10-28,0.7837369441986084
2001-10-29,0.7837369441986084
2001-10-30,0.7837369441986084
2001-10-31,0.7837369441986084
2001-11-01,0.0
2001-11-02,0.0
2001-11-03,0.0
2001-11-04,0.0
2001-11-05,0.0
2001-11-06,0.0
2001-11-07,0.0
2001-11-08,0.0
2001-11-09,0.0
2001-11-10,0.0
2001-11-11,0.0
2001-11-12,0.0
2001-11-13,0.0
2001-11-14,0.0
2001-11-15,0.0
2001-11-16,0.0
2001-11-17,0.0
2001-11-18,0.0
2001-11-19,0.0
2001-11-20,0.0
2001-11-21,0.0
2001-11-22,0.0
2001-11-23,0.0
2001-11-24,0.0
2001-11-25,0.0
2001-11-26,0.0
2001-11-27,0.0
2001-11-28,0.0
2001-11-29,0.0
2001-11-30,0.0
2001-12-01,0.0
2001-12-02,0.0
2001-12-03,0.0
2001-12-04,0.0
2001-12-05,0.0
2001-12-06,0.0
2001-12-07,0.011265045963227749
2001-12-08,1.2781494855880737
2001-12-09,0.445402592420578
2001-12-10,0.0
2001-12-11,0.0
2001-12-12,0.0
2001-12-13,0.0
2001-12-14,0.0
2001-12-15,0.0
2001-12-16,13.016592979431152
2001-12-17,5.596552848815918
2001-12-18,1.2298128604888916
2001-12-19,2.055494546890259
2001-12-20,0.0
2001-12-21,0.0
2001-12-22,0.0
2001-12-23,0.0
2001-12-24,0.0
2001-12-25,0.0
2001-12-26,0.0
2001-12-27,0.0
2001-12-28,0.0
2001-12-29,0.0
2001-12-30,0.0
2001-12-31,0.0
2002-01-01,0.0
2002-01-02,0.0
2002-01-03,0.0
2002-01-04,0.0
2002-01-05,0.0
2002-01-06,0.0
2002-01-07,0.0
2002-01-08,0.0
2002-01-09,0.0
2002-01-10,0.0
2002-01-11,0.0
2002-01-12,0.0
2002-01-13,0.0
2002-01-14,0.0
2002-01-15,0.0
2002-01-16,0.0
2002-01-17,0.0
2002-01-18,0.0
2002-01-19,0.0
2002-01-20,0.0
2002-01-21,0.0
2002-01-22,0.0
2002-01-23,0.0
2002-01-24,0.0
2002-01-25,0.0
2002-01-26,0.0
2002-01-27,0.0
2002-01-28,0.0
2002-01-29,0.0
2002-01-30,0.0
2002-01-31,0.0
2002-02-01,12.82839298248291
2002-02-02,5.687338352203369
2002-02-03,1.0918076038360596
2002-02-04,2.777395248413086
2002-02-05,8.922374725341797
2002-02-06,0.0
2002-02-07,0.0
2002-02-08,0.0
2002-02-09,0.0
2002-02-10,0.0
2002-02-11,0.0
2002-02-12,0.0
2002-02-13,0.0
2002-02-14,0.0
2002-02-15,0.0
2002-02-16,15.595918655395508
2002-02-17,2.211890459060669
2002-02-18,0.6766765713691711
2002-02-19,0.03203165903687477
2002-02-20,0.0105939581990242
2002-02-21,0.0
2002-02-22,0.0
2002-02-23,0.0
2002-02-24,0.0
2002-02-25,0.0
2002-02-26,0.0
2002-02-27,0.0
2002-02-28,0.0
2002-03-01,0.3151260316371918
2002-03-02,4.4401631355285645
2002-03-03,2.952439546585083
2002-03-04,6.952957630157471
2002-03-05,1.6904282569885254
2002-03-06,12.765933990478516
2002-03-07,1.6044050455093384
2002-03-08,1.6022065877914429
2002-03-09,3.0279295444488525
2002-03-10,2.9493770599365234
2002-03-11,4.6085076332092285
2002-03-12,1.101064920425415
2002-03-13,4.128604888916016
2002-03-14,2.1211729049682617
2002-03-15,2.617910623550415
2002-03-16,0.0
2002-03-17,0.0
2002-03-18,0.0
2002-03-19,0.0
2002-03-20,0.0
2002-03-21,0.0
2002-03-22,0.0
2002-03-23,0.0
2002-03-24,0.0
2002-03-25,0.0
2002-03-26,0.0
2002-03-27,0.0
2002-03-28,0.0
2002-03-29,0.0
2002-03-30,0.0
2002-03-31,0.0
2002-04-01,0.0
2002-04-02,0.0
2002-04-03,0.0
2002-04-04,0.0
2002-04-05,0.0
2002-04-06,0.0
2002-04-07,0.0
2002-04-08,0.0
2002-04-09,0.0
2002-04-10,0.0
2002-04-11,0.0
2002-04-12,0.0
2002-04-13,0.0
2002-04-14,0.0
2002-04-15,0.0
2002-04-16,0.0
2002-04-17,0.0
2002-04-18,0.0
2002-04-19,0.0
2002-04-20,0.0
2002-04-21,1.613578200340271
2002-04-22,0.713473379611969
2002-04-23,3.1245615482330322
2002-04-24,0.33657145500183105
2002-04-25,0.43724524974823
2002-04-26,0.0
2002-04-27,0.0
2002-04-28,0.0
2002-04-29,0.0
2002-04-30,0.0
2002-05-01,0.0
2002-05-02,0.0
2002-05-03,0.0
2002-05-04,3.7382078170776367
2002-05-05,0.0
2002-05-06,0.0
2002-05-07,0.0
2002-05-08,0.0
2002-05-09,0.0
2002-05-10,0.0
2002-05-11,0.0
2002-05-12,0.0
2002-05-13,0.0
2002-05-14,0.0
2002-05-15,0.0
2002-05-16,0.0
2002-05-17,0.0
2002-05-18,0.0
2002-05-19,0.0
2002-05-20,0.0
2002-05-21,0.0
2002-05-22,0.0
2002-05-23,0.0
2002-05-24,0.0
2002-05-25,0.0
2002-05-26,0.2890755832195282
2002-05-27,0.2890755832195282
2002-05-28,0.2890755832195282
2002-05-29,0.2890755832195282
2002-05-30,2.023529052734375
2002-05-31,0.2890755832195282
2002-06-01,0.0
2002-06-02,0.0
2002-06-03,0.0
2002-06-04,0.0
2002-06-05,0.0
2002-06-06,0.0
2002-06-07,0.0
2002-06-08,0.0
2002-06-09,0.0
2002-06-10,0.0
2002-06-11,0.0
2002-06-12,0.0
2002-06-13,0.0
2002-06-14,0.0
2002-06-15,0.0
2002-06-16,0.0
2002-06-17,0.0
2002-06-18,0.0
2002-06-19,0.0
2002-06-20,0.0
2002-06-21,0.0
2002-06-22,0.0
2002-06-23,0.0
2002-06-24,0.0
2002-06-25,0.0
2002-06-26,0.0
2002-06-27,0.0
2002-06-28,0.0
2002-06-29,0.0
2002-06-30,0.0
2002-07-01,0.015245143324136734
2002-07-02,0.40237364172935486
2002-07-03,0.002993683097884059
2002-07-04,0.0
2002-07-05,0.0014968415489420295
2002-07-06,0.0
2002-07-07,0.0
2002-07-08,0.0
2002-07-09,0.0
2002-07-10,0.0
2002-07-11,0.0
2002-07-12,0.0
2002-07-13,0.0
2002-07-14,0.0
2002-07-15,0.0
2002-07-16,0.0
2002-07-17,0.0
2002-07-18,0.0
2002-07-19,0.0
2002-07-20,0.0
2002-07-21,0.0
2002-07-22,0.0
2002-07-23,0.0
2002-07-24,0.0
2002-07-25,0.0
2002-07-26,0.0
2002-07-27,0.0
2002-07-28,0.0
2002-07-29,0.0
2002-07-30,0.0
2002-07-31,0.0
2002-08-01,0.06095888838171959
2002-08-02,0.06095888838171959
2002-08-03,0.06095888838171959
2002-08-04,0.36575332283973694
2002-08-05,0.06095888838171959
2002-08-06,0.0
2002-08-07,0.0
2002-08-08,0.0
2002-08-09,0.0
2002-08-10,0.0
2002-08-11,0.0
2002-08-12,0.0
2002-08-13,0.0
2002-08-14,0.0
2002-08-15,0.0
2002-08-16,0.0
2002-08-17,0.0
2002-08-18,0.0
2002-08-19,0.0
2002-08-20,0.0
2002-08-21,0.0
2002-08-22,0.0
2002-08-23,0.0
2002-08-24,0.0
2002-08-25,0.0
2002-08-26,0.0
2002-08-27,0.0
2002-08-28,0.0
2002-08-29,0.0
2002-08-30,0.0
2002-08-31,0.0
2002-09-01,0.17182525992393494
2002-09-02,0.17182525992393494
2002-09-03,1.0309516191482544
2002-09-04,0.17182525992393494
2002-09-05,0.17182525992393494
2002-09-06,0.0
2002-09-07,0.0
2002-09-08,0.0
2002-09-09,0.0
2002-09-10,0.0
2002-09-11,0.0
2002-09-12,0.0
2002-09-13,0.0
2002-09-14,0.0
2002-09-15,0.0
2002-09-16,0.0
2002-09-17,0.0
2002-09-18,0.0
2002-09-19,0.0
2002-09-20,0.0
2002-09-21,0.0
2002-09-22,0.0
2002-09-23,0.0
2002-09-24,0.0
2002-09-25,0.0
2002-09-26,0.0
2002-09-27,0.0
2002-09-28,0.0
2002-09-29,0.0
2002-09-30,0.0
2002-10-01,0.0
2002-10-02,0.0
2002-10-03,0.0
2002-10-04,0.0
2002-10-05,0.0
2002-10-06,0.0
2002-10-07,0.0
2002-10-08,0.0
2002-10-09,0.0
2002-10-10,0.0
2002-10-11,0.0
2002-10-12,0.0
2002-10-13,0.0
2002-10-14,0.0
2002-10-15,0.0
2002-10-16,2.373971939086914
2002-10-17,7.718472957611084
2002-10-18,0.0
2002-10-19,0.0
2002-10-20,0.0
2002-10-21,0.0
2002-10-22,0.0
2002-10-23,0.0
2002-10-24,0.0
2002-10-25,0.0
2002-10-26,0.0
2002-10-27,0.0
2002-10-28,0.0
2002-10-29,0.0
2002-10-30,0.0
2002-10-31,0.0
2002-11-01,0.0
2002-11-02,0.0
2002-11-03,0.0
2002-11-04,0.0
2002-11-05,0.0
2002-11-06,0.0
2002-11-07,0.0
2002-11-08,0.0
2002-11-09,0.0
2002-11-10,0.0
2002-11-11,0.0
2002-11-12,0.0
2002-11-13,0.0
2002-11-14,0.0
2002-11-15,0.0
2002-11-16,0.0
2002-11-17,0.0
2002-11-18,0.0
2002-11-19,0.0
2002-11-20,0.0
2002-11-21,0.9673432111740112
2002-11-22,4.598764896392822
2002-11-23,7.072694301605225
2002-11-24,0.8252162337303162
2002-11-25,0.0
2002-11-26,0.0
2002-11-27,0.0
2002-11-28,0.0
2002-11-29,0.0
2002-11-30,0.0
2002-12-01,0.0
2002-12-02,0.0
2002-12-03,7.136425018310547
2002-12-04,10.499774932861328
2002-12-05,6.947641372680664
2002-12-06,0.0
2002-12-07,0.0
2002-12-08,3.2409908771514893
2002-12-09,0.24930699169635773
2002-12-10,0.0
2002-12-11,0.0
2002-12-12,0.0
2002-12-13,0.0
2002-12-14,0.0
2002-12-15,0.0
2002-12-16,0.0
2002-12-17,0.0
2002-12-18,0.0
2002-12-19,0.0
2002-12-20,0.0
2002-12-21,0.0
2002-12-22,0.0
2002-12-23,0.0
2002-12-24,0.0
2002-12-25,0.0
2002-12-26,0.0
2002-12-27,0.0
2002-12-28,0.0
2002-12-29,0.0
2002-12-30,0.0
2002-12-31,0.0
2003-01-01,0.0
2003-01-02,0.0
2003-01-03,0.0
2003-01-04,0.0
2003-01-05,0.0
2003-01-06,0.0
2003-01-07,0.0
2003-01-08,0.0
2003-01-09,0.0
2003-01-10,0.0
2003-01-11,0.0
2003-01-12,0.0
2003-01-13,0.0
2003-01-14,0.0
2003-01-15,0.0
2003-01-16,0.7551724314689636
2003-01-17,15.091839790344238
2003-01-18,14.591896057128906
2003-01-19,2.798715591430664
2003-01-20,6.008240699768066
2003-01-21,0.0
2003-01-22,0.0
2003-01-23,0.0
2003-01-24,0.0
2003-01-25,0.0
2003-01-26,0.0
2003-01-27,0.0
2003-01-28,0.0
2003-01-29,0.0
2003-01-30,0.0
2003-01-31,0.0
2003-02-01,0.0
2003-02-02,0.0
2003-02-03,0.0
2003-02-04,0.0
2003-02-05,0.0
2003-02-06,0.0
2003-02-07,0.0
2003-02-08,0.0
2003-02-09,0.0
2003-02-10,0.0
2003-02-11,0.0
2003-02-12,0.0
2003-02-13,0.0
2003-02-14,0.0
2003-02-15,0.0
2003-02-16,0.0
2003-02-17,0.0
2003-02-18,0.0
2003-02-19,0.0
2003-02-20,0.0
2003-02-21,0.0
2003-02-22,0.0
2003-02-23,0.0
2003-02-24,0.0
2003-02-25,0.0
2003-02-26,0.0
2003-02-27,0.0
2003-02-28,0.0
2003-03-01,0.07269910722970963
2003-03-02,1.8474608659744263
2003-03-03,1.5882940292358398
2003-03-04,7.818469524383545
2003-03-05,6.565132141113281
2003-03-06,0.04790208116173744
2003-03-07,2.3411576747894287
2003-03-08,0.06110433489084244
2003-03-09,0.0
2003-03-10,0.04912309721112251
2003-03-11,0.0
2003-03-12,0.0
2003-03-13,0.0
2003-03-14,0.0
2003-03-15,0.0
2003-03-16,0.72398841381073
2003-03-17,0.7482581734657288
2003-03-18,0.9074079990386963
2003-03-19,1.3591413497924805
2003-03-20,2.0277535915374756
2003-03-21,0.9503988027572632
2003-03-22,0.5714462995529175
2003-03-23,4.5611677169799805
2003-03-24,0.06112278252840042
2003-03-25,0.11560371518135071
2003-03-26,4.282172679901123
2003-03-27,0.6010858416557312
2003-03-28,0.0
2003-03-29,0.1936093419790268
2003-03-30,0.0
2003-03-31,0.0
2003-04-01,0.0
2003-04-02,0.0
2003-04-03,0.0
2003-04-04,0.0
2003-04-05,0.0
2003-04-06,0.0
2003-04-07,0.0
2003-04-08,0.0
2003-04-09,0.0
2003-04-10,0.0
2003-04-11,0.0
2003-04-12,0.0
2003-04-13,0.0
2003-04-14,0.0
2003-04-15,0.0
2003-04-16,0.0
2003-04-17,0.0
2003-04-18,0.0
2003-04-19,0.0
2003-04-20,0.0
2003-04-21,0.0
2003-04-22,0.0
2003-04-23,0.0
2003-04-24,0.0
2003-04-25,0.0
2003-04-26,0.0
2003-04-27,0.0
2003-04-28,0.0
2003-04-29,0.0
2003-04-30,0.0
2003-05-01,0.0
2003-05-02,0.0
2003-05-03,0.0
2003-05-04,0.0
2003-05-05,0.0
2003-05-06,0.0
2003-05-07,0.0
2003-05-08,0.0
2003-05-09,0.0
2003-05-10,0.0
2003-05-11,0.0
2003-05-12,0.0
2003-05-13,0.0
2003-05-14,0.0
2003-05-15,0.0
2003-05-16,3.843493938446045
2003-05-17,0.4516902267932892
2003-05-18,0.0
2003-05-19,0.35677528381347656
2003-05-20,0.0
2003-05-21,0.0
2003-05-22,0.0
2003-05-23,0.0
2003-05-24,0.0
2003-05-25,0.0
2003-05-26,0.0
2003-05-27,0.0
2003-05-28,0.0
2003-05-29,0.0
2003-05-30,0.0
2003-05-31,0.0
2003-06-01,0.0
2003-06-02,0.0
2003-06-03,0.0
2003-06-04,0.0
2003-06-05,0.0
2003-06-06,0.0
2003-06-07,0.0
2003-06-08,0.0
2003-06-09,0.0
2003-06-10,0.0
2003-06-11,0.0
2003-06-12,0.0
2003-06-13,0.0
2003-06-14,0.0
2003-06-15,0.0
2003-06-16,0.0
2003-06-17,0.0
2003-06-18,0.0
2003-06-19,0.0
2003-06-20,0.0
2003-06-21,0.0
2003-06-22,0.0
2003-06-23,0.0
2003-06-24,0.0
2003-06-25,0.0
2003-06-26,0.0
2003-06-27,0.0
2003-06-28,0.0
2003-06-29,0.0
2003-06-30,0.0
2003-07-01,0.0
2003-07-02,0.0
2003-07-03,0.0
2003-07-04,0.0
2003-07-05,0.0
2003-07-06,0.0
2003-07-07,0.0
2003-07-08,0.0
2003-07-09,0.0
2003-07-10,0.0
2003-07-11,0.0
2003-07-12,0.0
2003-07-13,0.0
2003-07-14,0.0
2003-07-15,0.0
2003-07-16,0.029294542968273163
2003-07-17,0.01742570474743843
2003-07-18,0.05907313898205757
2003-07-19,0.06362318247556686
2003-07-20,0.0029042840469628572
2003-07-21,0.0
2003-07-22,0.0
2003-07-23,0.0
2003-07-24,0.0
2003-07-25,0.0
2003-07-26,0.0
2003-07-27,0.0
2003-07-28,0.0
2003-07-29,0.0
2003-07-30,0.0
2003-07-31,0.0
2003-08-01,0.0
2003-08-02,0.0
2003-08-03,0.0
2003-08-04,0.0
2003-08-05,0.0
2003-08-06,0.0
2003-08-07,0.0
2003-08-08,0.0
2003-08-09,0.0
2003-08-10,0.0
2003-08-11,0.0
2003-08-12,0.0
2003-08-13,0.0
2003-08-14,0.0
2003-08-15,0.0
2003-08-16,0.0
2003-08-17,0.0
2003-08-18,0.0
2003-08-19,0.0
2003-08-20,0.0
2003-08-21,0.0
2003-08-22,0.0
2003-08-23,0.0
2003-08-24,0.0
2003-08-25,0.0
2003-08-26,0.0
2003-08-27,0.0
2003-08-28,0.0
2003-08-29,0.0
2003-08-30,0.0
2003-08-31,0.0
2003-09-01,0.0
2003-09-02,0.0
2003-09-03,0.0
2003-09-04,0.0
2003-09-05,0.0
2003-09-06,0.0
2003-09-07,0.0
2003-09-08,0.0
2003-09-09,0.0
2003-09-10,0.0
2003-09-11,1.0749094486236572
2003-09-12,1.0749094486236572
2003-09-13,1.0749094486236572
2003-09-14,1.0749094486236572
2003-09-15,1.0749094486236572
2003-09-16,0.0
2003-09-17,0.0
2003-09-18,0.0
2003-09-19,0.0
2003-09-20,0.0
2003-09-21,0.0
2003-09-22,0.0
2003-09-23,0.0
2003-09-24,0.0
2003-09-25,0.0
2003-09-26,0.0
2003-09-27,0.0
2003-09-28,0.0
2003-09-29,0.0
2003-09-30,0.0
2003-10-01,0.0
2003-10-02,0.0
2003-10-03,0.0
2003-10-04,0.0
2003-10-05,0.0
2003-10-06,0.0
2003-10-07,0.0
2003-10-08,0.0
2003-10-09,0.0
2003-10-10,0.0
2003-10-11,0.0
2003-10-12,0.0
2003-10-13,0.0
2003-10-14,0.0
2003-10-15,0.0
2003-10-16,0.0
2003-10-17,0.0
2003-10-18,0.0
2003-10-19,0.0
2003-10-20,0.0
2003-10-21,0.0
2003-10-22,0.0
2003-10-23,0.0
2003-10-24,0.0
2003-10-25,0.0
2003-10-26,0.0
2003-10-27,0.0
2003-10-28,0.0
2003-10-29,0.0
2003-10-30,0.0
2003-10-31,0.0
2003-11-01,0.0
2003-11-02,0.0
2003-11-03,0.0
2003-11-04,0.0
2003-11-05,0.0
2003-11-06,0.0
2003-11-07,0.0
2003-11-08,0.0
2003-11-09,0.0
2003-11-10,0.0
2003-11-11,3.3572301864624023
2003-11-12,0.0
2003-11-13,0.0
2003-11-14,6.004092693328857
2003-11-15,0.025507692247629166
2003-11-16,0.0
2003-11-17,0.0
2003-11-18,0.0
2003-11-19,0.0
2003-11-20,0.0
2003-11-21,0.0
2003-11-22,0.0
2003-11-23,0.0
2003-11-24,0.0
2003-11-25,0.0
2003-11-26,0.0
2003-11-27,0.0
2003-11-28,0.0
2003-11-29,0.0
2003-11-30,0.0
2003-12-01,0.0
2003-12-02,0.0
2003-12-03,0.0
2003-12-04,0.0
2003-12-05,0.0
2003-12-06,0.0
2003-12-07,0.0
2003-12-08,0.0
2003-12-09,0.0
2003-12-10,0.0
2003-12-11,0.0
2003-12-12,0.0
2003-12-13,0.0
2003-12-14,0.0
2003-12-15,0.0
2003-12-16,0.0
2003-12-17,0.0
2003-12-18,0.0
2003-12-19,0.0
2003-12-20,0.0
2003-12-21,0.0
2003-12-22,0.0
2003-12-23,0.0
2003-12-24,0.0
2003-12-25,0.0
2003-12-26,1.4530649185180664
2003-12-27,0.13690143823623657
2003-12-28,2.632617950439453
2003-12-29,9.081526756286621
2003-12-30,9.710692405700684
2003-12-31,4.832542419433594
2004-01-01,0.0
2004-01-02,0.0
2004-01-03,0.0
2004-01-04,0.0
2004-01-05,0.0
2004-01-06,0.19895967841148376
2004-01-07,0.3022750914096832
2004-01-08,1.594024896621704
2004-01-09,0.2764638066291809
2004-01-10,0.09217102825641632
2004-01-11,1.5320355892181396
2004-01-12,0.814239501953125
2004-01-13,0.06985276192426682
2004-01-14,0.0
2004-01-15,0.10173651576042175
2004-01-16,0.0
2004-01-17,0.0
2004-01-18,0.0
2004-01-19,0.0
2004-01-20,0.0
2004-01-21,0.0
2004-01-22,0.0
2004-01-23,0.0
2004-01-24,0.0
2004-01-25,0.0
2004-01-26,1.0377376079559326
2004-01-27,1.0779966115951538
2004-01-28,0.8561185598373413
2004-01-29,2.932922124862671
2004-01-30,4.283590793609619
2004-01-31,0.7486189007759094
2004-02-01,0.6614320874214172
2004-02-02,0.07515934854745865
2004-02-03,1.3208963871002197
2004-02-04,0.302828848361969
2004-02-05,3.543849468231201
2004-02-06,1.16351318359375
2004-02-07,1.9530465602874756
2004-02-08,6.856057643890381
2004-02-09,1.148397445678711
2004-02-10,2.609811782836914
2004-02-11,2.4844160079956055
2004-02-12,0.47974690794944763
2004-02-13,0.25929194688796997
2004-02-14,0.9999088644981384
2004-02-15,0.11314771324396133
2004-02-16,0.0
2004-02-17,0.0
2004-02-18,0.0
2004-02-19,0.0
2004-02-20,0.0
2004-02-21,0.0
2004-02-22,0.0
2004-02-23,0.0
2004-02-24,0.0
2004-02-25,0.0
2004-02-26,0.0
2004-02-27,0.0
2004-02-28,0.0
2004-02-29,0.0
2004-03-01,0.0
2004-03-02,0.0
2004-03-03,0.0
2004-03-04,0.0
2004-03-05,0.0
2004-03-06,0.03378298506140709
2004-03-07,0.0
2004-03-08,0.0
2004-03-09,2.83691668510437
2004-03-10,6.338143825531006
2004-03-11,0.0
2004-03-12,0.0
2004-03-13,0.0
2004-03-14,0.0
2004-03-15,0.0
2004-03-16,0.0
2004-03-17,0.0
2004-03-18,0.0
2004-03-19,0.0
2004-03-20,0.0
2004-03-21,0.0
2004-03-22,0.0
2004-03-23,0.0
2004-03-24,0.0
2004-03-25,0.0
2004-03-26,0.5343682765960693
2004-03-27,0.7921721935272217
2004-03-28,0.051872026175260544
2004-03-29,0.0
2004-03-30,0.9385378360748291
2004-03-31,0.0
2004-04-01,0.0
2004-04-02,0.0
2004-04-03,0.0
2004-04-04,0.0
2004-04-05,0.0
2004-04-06,0.0
2004-04-07,0.0
2004-04-08,0.0
2004-04-09,0.0
2004-04-10,0.0
2004-04-11,0.0
2004-04-12,0.0
2004-04-13,0.0
2004-04-14,0.0
2004-04-15,0.0
2004-04-16,0.002665175125002861
2004-04-17,0.002665175125002861
2004-04-18,0.002665175125002861
2004-04-19,0.015991050750017166
2004-04-20,0.002665175125002861
2004-04-21,0.0
2004-04-22,0.0
2004-04-23,0.0
2004-04-24,0.0
2004-04-25,0.0
2004-04-26,0.0
2004-04-27,0.0
2004-04-28,0.0
2004-04-29,0.0
2004-04-30,0.0
2004-05-01,0.0
2004-05-02,0.0
2004-05-03,0.0
2004-05-04,0.0
2004-05-05,0.0
2004-05-06,0.0
2004-05-07,0.0
2004-05-08,0.0
2004-05-09,0.0
2004-05-10,0.0
2004-05-11,0.0
2004-05-12,0.0
2004-05-13,0.0
2004-05-14,0.0
2004-05-15,0.0
2004-05-16,0.0
2004-05-17,0.0
2004-05-18,0.0
2004-05-19,0.0
2004-05-20,0.0
2004-05-21,0.0
2004-05-22,0.0
2004-05-23,0.0
2004-05-24,0.0
2004-05-25,0.0
2004-05-26,0.0
2004-05-27,0.0
2004-05-28,0.0
2004-05-29,0.0
2004-05-30,0.0
2004-05-31,0.0
2004-06-01,0.0
2004-06-02,0.0
2004-06-03,0.0
2004-06-04,0.0
2004-06-05,0.0
2004-06-06,0.0
2004-06-07,0.0
2004-06-08,0.0
2004-06-09,0.0
2004-06-10,0.0
2004-06-11,0.0
2004-06-12,0.0
2004-06-13,0.0
2004-06-14,0.0
2004-06-15,0.0
2004-06-16,0.0
2004-06-17,0.0
2004-06-18,0.0
2004-06-19,0.0
2004-06-20,0.0
2004-06-21,0.0
2004-06-22,0.0
2004-06-23,0.0
2004-06-24,0.0
2004-06-25,0.0
2004-06-26,0.0
2004-06-27,0.0
2004-06-28,0.0
2004-06-29,0.0
2004-06-30,0.0
2004-07-01,0.01007340382784605
2004-07-02,0.06062193214893341
2004-07-03,0.05737962946295738
2004-07-04,0.069556824862957
2004-07-05,0.205551877617836
2004-07-06,0.0
2004-07-07,0.0
2004-07-08,0.0
2004-07-09,0.0
2004-07-10,0.0
2004-07-11,0.0
2004-07-12,0.0
2004-07-13,0.0
2004-07-14,0.0
2004-07-15,0.0
2004-07-16,0.0
2004-07-17,0.0
2004-07-18,0.0
2004-07-19,0.0
2004-07-20,0.0
2004-07-21,0.0
2004-07-22,0.0
2004-07-23,0.0
2004-07-24,0.0
2004-07-25,0.0
2004-07-26,0.0
2004-07-27,0.0
2004-07-28,0.0
2004-07-29,0.0
2004-07-30,0.0
2004-07-31,0.0
2004-08-01,0.0
2004-08-02,0.0
2004-08-03,0.0
2004-08-04,0.0
2004-08-05,0.0
2004-08-06,0.0
2004-08-07,0.0
2004-08-08,0.0
2004-08-09,0.19079817831516266
2004-08-10,0.0
2004-08-11,0.0
2004-08-12,0.0
2004-08-13,0.0
2004-08-14,0.0
2004-08-15,0.0
2004-08-16,0.0
2004-08-17,0.0
2004-08-18,0.0
2004-08-19,0.0
2004-08-20,0.0
2004-08-21,0.0
2004-08-22,0.0
2004-08-23,0.09830228984355927
2004-08-24,4.417126655578613
2004-08-25,0.017300492152571678
2004-08-26,0.0
2004-08-27,0.0
2004-08-28,0.0
2004-08-29,0.0
2004-08-30,0.0
2004-08-31,0.0
2004-09-01,0.0
2004-09-02,0.0
2004-09-03,0.0
2004-09-04,0.0
2004-09-05,0.0
2004-09-06,0.0
2004-09-07,0.0
2004-09-08,0.0
2004-09-09,0.0
2004-09-10,0.0
2004-09-11,0.0
2004-09-12,0.0
2004-09-13,0.0
2004-09-14,0.0
2004-09-15,0.0
2004-09-16,0.0
2004-09-17,0.0
2004-09-18,0.0
2004-09-19,0.0
2004-09-20,0.0
2004-09-21,0.0
2004-09-22,0.0
2004-09-23,0.0
2004-09-24,0.0
2004-09-25,0.0
2004-09-26,0.0
2004-09-27,0.0
2004-09-28,0.0
2004-09-29,0.0
2004-09-30,0.0
2004-10-01,0.0
2004-10-02,0.0
2004-10-03,0.0
2004-10-04,0.0
2004-10-05,0.0
2004-10-06,0.0
2004-10-07,0.0
2004-10-08,0.0
2004-10-09,0.0
2004-10-10,0.0
2004-10-11,0.0
2004-10-12,0.0
2004-10-13,0.0
2004-10-14,0.0
2004-10-15,0.0
2004-10-16,0.0
2004-10-17,0.0
2004-10-18,0.0
2004-10-19,0.0
2004-10-20,0.0
2004-10-21,0.0
2004-10-22,0.0
2004-10-23,0.0
2004-10-24,0.0
2004-10-25,0.0
2004-10-26,0.0
2004-10-27,0.0
2004-10-28,0.0
2004-10-29,0.0
2004-10-30,0.0
2004-10-31,0.0
2004-11-01,0.0
2004-11-02,0.0
2004-11-03,0.0
2004-11-04,0.0
2004-11-05,0.0
2004-11-06,0.16547654569149017
2004-11-07,0.16547654569149017
2004-11-08,0.9928593039512634
2004-11-09,0.16547654569149017
2004-11-10,0.16547654569149017
2004-11-11,0.0
2004-11-12,0.0
2004-11-13,0.0
2004-11-14,0.0
2004-11-15,0.0
2004-11-16,0.0
2004-11-17,0.0
2004-11-18,0.0
2004-11-19,0.0
2004-11-20,0.0
2004-11-21,0.0
2004-11-22,0.0
2004-11-23,0.0
2004-11-24,0.0
2004-11-25,0.0
2004-11-26,0.0
2004-11-27,0.0
2004-11-28,0.0
2004-11-29,0.0
2004-11-30,0.0
2004-12-01,0.0
2004-12-02,0.0
2004-12-03,0.0
2004-12-04,0.0
2004-12-05,0.0
2004-12-06,0.0
2004-12-07,0.0
2004-12-08,0.0
2004-12-09,0.0
2004-12-10,0.0
2004-12-11,0.0
2004-12-12,0.0
2004-12-13,0.0
2004-12-14,0.0
2004-12-15,0.0
2004-12-16,0.0
2004-12-17,0.0
2004-12-18,0.0
2004-12-19,0.0
2004-12-20,0.0
2004-12-21,0.0
2004-12-22,0.0
2004-12-23,0.0
2004-12-24,0.0
2004-12-25,0.0
2004-12-26,0.0
2004-12-27,0.3023621141910553
2004-12-28,0.2906550168991089
2004-12-29,0.0
2004-12-30,0.30775293707847595
2004-12-31,6.01869535446167
2005-01-01,0.37937694787979126
2005-01-02,0.021803034469485283
2005-01-03,0.20681868493556976
2005-01-04,0.0
2005-01-05,0.0
2005-01-06,0.0016451693372800946
2005-01-07,0.04044996574521065
2005-01-08,0.00603930838406086
2005-01-09,0.006054142024368048
2005-01-10,0.005345975514501333
2005-01-11,1.0988428592681885
2005-01-12,3.7112555503845215
2005-01-13,10.07421875
2005-01-14,6.5046234130859375
2005-01-15,0.09131348133087158
2005-01-16,0.0
2005-01-17,0.0
2005-01-18,0.0
2005-01-19,0.0
2005-01-20,0.0
2005-01-21,0.0
2005-01-22,0.0
2005-01-23,0.0
2005-01-24,0.0
2005-01-25,0.0
2005-01-26,0.0
2005-01-27,0.0
2005-01-28,0.0
2005-01-29,0.0
2005-01-30,0.0
2005-01-31,0.0
2005-02-01,0.8453882336616516
2005-02-02,0.46783167123794556
2005-02-03,0.32737240195274353
2005-02-04,5.212315082550049
2005-02-05,0.6874910593032837
2005-02-06,1.0447183847427368
2005-02-07,0.0
2005-02-08,0.0
2005-02-09,1.2057712078094482
2005-02-10,2.8384957313537598
2005-02-11,1.2545373439788818
2005-02-12,1.6009031534194946
2005-02-13,1.3516206741333008
2005-02-14,2.982905864715576
2005-02-15,0.22264596819877625
2005-02-16,0.001933428691700101
2005-02-17,0.8849453330039978
2005-02-18,2.0171611309051514
2005-02-19,3.212733745574951
2005-02-20,5.390994071960449
2005-02-21,4.707752704620361
2005-02-22,3.0710296630859375
2005-02-23,0.9056800603866577
2005-02-24,0.6924422979354858
2005-02-25,0.04510832577943802
2005-02-26,0.0
2005-02-27,0.0
2005-02-28,0.0
2005-03-01,0.0
2005-03-02,0.0
2005-03-03,0.0
2005-03-04,0.0
2005-03-05,0.0
2005-03-06,0.0
2005-03-07,0.0
2005-03-08,0.0
2005-03-09,0.0057083601132035255
2005-03-10,0.26372623443603516
2005-03-11,0.0
2005-03-12,0.0
2005-03-13,0.0
2005-03-14,0.0
2005-03-15,0.0
2005-03-16,0.0
2005-03-17,0.0
2005-03-18,0.0
2005-03-19,0.0
2005-03-20,0.0
2005-03-21,0.0
2005-03-22,0.0
2005-03-23,0.0
2005-03-24,0.0
2005-03-25,0.0
2005-03-26,0.0
2005-03-27,0.0
2005-03-28,0.0
2005-03-29,0.0
2005-03-30,0.0
2005-03-31,0.0
2005-04-01,0.0
2005-04-02,0.0
2005-04-03,0.0
2005-04-04,0.0
2005-04-05,0.0
2005-04-06,0.0
2005-04-07,0.0
2005-04-08,0.0
2005-04-09,0.0
2005-04-10,3.8963325023651123
2005-04-11,0.0
2005-04-12,0.0
2005-04-13,0.0
2005-04-14,0.0
2005-04-15,0.0
2005-04-16,0.0
2005-04-17,0.0
2005-04-18,0.0
2005-04-19,0.0
2005-04-20,0.0
2005-04-21,0.05030728504061699
2005-04-22,0.05030728504061699
2005-04-23,0.5980977416038513
2005-04-24,0.49748316407203674
2005-04-25,0.8160960078239441
2005-04-26,0.0
2005-04-27,0.0
2005-04-28,0.0
2005-04-29,0.0
2005-04-30,0.0
2005-05-01,0.0
2005-05-02,0.0
2005-05-03,0.0
2005-05-04,0.0
2005-05-05,0.0
2005-05-06,0.0
2005-05-07,0.0
2005-05-08,0.0
2005-05-09,0.0
2005-05-10,0.0
2005-05-11,0.0
2005-05-12,0.0
2005-05-13,0.0
2005-05-14,0.0
2005-05-15,0.0
2005-05-16,0.0
2005-05-17,0.0
2005-05-18,0.0
2005-05-19,0.0
2005-05-20,0.0
2005-05-21,0.0
2005-05-22,0.0
2005-05-23,0.0
2005-05-24,0.0
2005-05-25,0.0
2005-05-26,0.0
2005-05-27,0.0
2005-05-28,0.0
2005-05-29,0.0
2005-05-30,0.0
2005-05-31,0.0
2005-06-01,0.0
2005-06-02,0.0
2005-06-03,0.0
2005-06-04,0.0
2005-06-05,0.0
2005-06-06,0.0
2005-06-07,0.0
2005-06-08,0.0
2005-06-09,0.0
2005-06-10,0.0
2005-06-11,0.0
2005-06-12,0.0
2005-06-13,0.0
2005-06-14,0.0
2005-06-15,0.0
2005-06-16,0.0
2005-06-17,0.0
2005-06-18,0.0
2005-06-19,0.0
2005-06-20,0.0
2005-06-21,0.0
2005-06-22,0.0
2005-06-23,0.0
2005-06-24,0.0
2005-06-25,0.0
2005-06-26,0.0
2005-06-27,0.0
2005-06-28,0.0
2005-06-29,0.0
2005-06-30,0.0
2005-07-01,0.0
2005-07-02,0.0
2005-07-03,0.0
2005-07-04,0.0
2005-07-05,0.0
2005-07-06,0.0
2005-07-07,0.0
2005-07-08,0.0
2005-07-09,0.0
2005-07-10,0.0
2005-07-11,0.0
2005-07-12,0.0
2005-07-13,0.0
2005-07-14,0.0
2005-07-15,0.0
2005-07-16,0.0
2005-07-17,0.0
2005-07-18,0.0
2005-07-19,0.0
2005-07-20,0.0
2005-07-21,0.0
2005-07-22,0.0
2005-07-23,0.0
2005-07-24,0.0
2005-07-25,0.0
2005-07-26,0.0
2005-07-27,0.0
2005-07-28,0.0
2005-07-29,0.0
2005-07-30,0.0
2005-07-31,0.0
2005-08-01,0.0
2005-08-02,0.0
2005-08-03,0.0
2005-08-04,0.0
2005-08-05,0.0
2005-08-06,0.0
2005-08-07,0.0
2005-08-08,0.0
2005-08-09,0.0
2005-08-10,0.0
2005-08-11,0.0
2005-08-12,0.0
2005-08-13,0.0
2005-08-14,0.0
2005-08-15,0.0
2005-08-16,0.0
2005-08-17,0.0
2005-08-18,0.0
2005-08-19,0.0
2005-08-20,0.0
2005-08-21,0.0
2005-08-22,0.0
2005-08-23,0.0
2005-08-24,0.0
2005-08-25,0.0
2005-08-26,0.0
2005-08-27,0.0
2005-08-28,0.0
2005-08-29,0.0
2005-08-30,0.0
2005-08-31,0.0
2005-09-01,0.0
2005-09-02,0.0
2005-09-03,0.0
2005-09-04,0.0
2005-09-05,0.0
2005-09-06,0.0
2005-09-07,0.0
2005-09-08,0.0
2005-09-09,0.0
2005-09-10,0.0
2005-09-11,0.0
2005-09-12,0.0
2005-09-13,10.47464656829834
2005-09-14,0.0
2005-09-15,0.0
2005-09-16,0.0
2005-09-17,0.0
2005-09-18,0.0
2005-09-19,0.0
2005-09-20,0.0
2005-09-21,0.0
2005-09-22,0.0
2005-09-23,0.0
2005-09-24,0.0
2005-09-25,0.0
2005-09-26,0.0
2005-09-27,0.0
2005-09-28,0.0
2005-09-29,0.0
2005-09-30,0.0
2005-10-01,0.0
2005-10-02,0.0
2005-10-03,0.0
2005-10-04,0.0
2005-10-05,0.0
2005-10-06,0.0
2005-10-07,0.0
2005-10-08,0.0
2005-10-09,0.0
2005-10-10,0.0
2005-10-11,0.0
2005-10-12,0.0
2005-10-13,0.0
2005-10-14,0.0
2005-10-15,0.0
2005-10-16,0.0
2005-10-17,0.0
2005-10-18,0.0
2005-10-19,0.0
2005-10-20,0.0
2005-10-21,0.0
2005-10-22,0.0
2005-10-23,0.0
2005-10-24,0.0
2005-10-25,0.0
2005-10-26,0.0
2005-10-27,0.0
2005-10-28,0.0
2005-10-29,0.0
2005-10-30,0.0
2005-10-31,0.0
2005-11-01,0.0
2005-11-02,0.0
2005-11-03,0.0
2005-11-04,0.0
2005-11-05,0.0
2005-11-06,0.0
2005-11-07,0.0
2005-11-08,11.858988761901855
2005-11-09,0.0
2005-11-10,0.0
2005-11-11,0.0
2005-11-12,0.0
2005-11-13,0.0
2005-11-14,0.0
2005-11-15,0.0
2005-11-16,0.0
2005-11-17,0.0
2005-11-18,0.0
2005-11-19,0.0
2005-11-20,6.855677604675293
2005-11-21,0.0
2005-11-22,0.0
2005-11-23,0.0
2005-11-24,0.0
2005-11-25,0.0
2005-11-26,0.0
2005-11-27,0.0
2005-11-28,0.0
2005-11-29,0.0
2005-11-30,0.0
2005-12-01,0.0
2005-12-02,0.0
2005-12-03,0.0
2005-12-04,0.0
2005-12-05,0.0
2005-12-06,0.0
2005-12-07,0.0
2005-12-08,0.0
2005-12-09,0.0
2005-12-10,0.0
2005-12-11,0.0
2005-12-12,0.0
2005-12-13,0.0
2005-12-14,0.0
2005-12-15,0.0
2005-12-16,0.0
2005-12-17,0.0
2005-12-18,0.0
2005-12-19,0.0
2005-12-20,0.0
2005-12-21,0.0
2005-12-22,0.0
2005-12-23,0.0
2005-12-24,0.0
2005-12-25,0.0
2005-12-26,0.0
2005-12-27,0.0
2005-12-28,0.0
2005-12-29,0.0
2005-12-30,0.0
2005-12-31,0.0
2006-01-01,0.0
2006-01-02,0.0
2006-01-03,0.0
2006-01-04,0.0
2006-01-05,0.0
2006-01-06,0.0
2006-01-07,0.0
2006-01-08,0.0
2006-01-09,0.0
2006-01-10,0.0
2006-01-11,2.6724748611450195
2006-01-12,7.481660842895508
2006-01-13,6.659850120544434
2006-01-14,13.786852836608887
2006-01-15,9.996737480163574
2006-01-16,6.876364231109619
2006-01-17,3.4101052284240723
2006-01-18,1.763990879058838
2006-01-19,0.0
2006-01-20,0.0
2006-01-21,0.349556565284729
2006-01-22,0.0
2006-01-23,0.060575857758522034
2006-01-24,1.2919156551361084
2006-01-25,2.064668655395508
2006-01-26,2.1066741943359375
2006-01-27,2.151291608810425
2006-01-28,2.3547682762145996
2006-01-29,8.61978816986084
2006-01-30,2.797799587249756
2006-01-31,4.384396076202393
2006-02-01,1.8334534168243408
2006-02-02,0.8131709694862366
2006-02-03,2.965637445449829
2006-02-04,0.4615381956100464
2006-02-05,0.9136906266212463
2006-02-06,10.433629989624023
2006-02-07,5.135867118835449
2006-02-08,10.98335075378418
2006-02-09,5.76239013671875
2006-02-10,3.9022064208984375
2006-02-11,2.504727840423584
2006-02-12,0.0
2006-02-13,0.003103751689195633
2006-02-14,0.0
2006-02-15,0.0
2006-02-16,0.0
2006-02-17,0.0
2006-02-18,0.0
2006-02-19,0.0
2006-02-20,0.0
2006-02-21,0.0
2006-02-22,0.0
2006-02-23,0.0
2006-02-24,0.0
2006-02-25,0.0
2006-02-26,0.0
2006-02-27,0.0
2006-02-28,0.0
2006-03-01,0.0
2006-03-02,0.0
2006-03-03,1.954671859741211
2006-03-04,1.2024822235107422
2006-03-05,1.1500883102416992
2006-03-06,0.014269242063164711
2006-03-07,1.1703534126281738
2006-03-08,0.5608592629432678
2006-03-09,0.11311996728181839
2006-03-10,0.7846725583076477
2006-03-11,0.0
2006-03-12,0.0
2006-03-13,0.0
2006-03-14,0.0
2006-03-15,0.0
2006-03-16,0.019810069352388382
2006-03-17,0.0
2006-03-18,0.25111716985702515
2006-03-19,0.326778382062912
2006-03-20,0.19300201535224915
2006-03-21,2.0080277919769287
2006-03-22,0.0
2006-03-23,1.181696891784668
2006-03-24,0.03134394437074661
2006-03-25,2.2641212940216064
2006-03-26,9.278946876525879
2006-03-27,0.0
2006-03-28,0.23703224956989288
2006-03-29,0.0
2006-03-30,0.0
2006-03-31,0.09250039607286453
2006-04-01,10.695444107055664
2006-04-02,4.759931564331055
2006-04-03,0.6760175824165344
2006-04-04,0.0
2006-04-05,0.0
2006-04-06,0.0
2006-04-07,0.0
2006-04-08,0.0
2006-04-09,0.0
2006-04-10,0.0
2006-04-11,0.0
2006-04-12,0.0
2006-04-13,0.0
2006-04-14,0.0
2006-04-15,0.0
2006-04-16,0.0
2006-04-17,0.0
2006-04-18,0.0
2006-04-19,0.0
2006-04-20,0.0
2006-04-21,0.0
2006-04-22,0.0
2006-04-23,0.0
2006-04-24,0.0
2006-04-25,0.0
2006-04-26,0.0
2006-04-27,0.0
2006-04-28,0.0
2006-04-29,0.0
2006-04-30,0.0
2006-05-01,0.0
2006-05-02,0.0
2006-05-03,0.0
2006-05-04,0.0
2006-05-05,0.0
2006-05-06,0.0
2006-05-07,0.0
2006-05-08,0.0
2006-05-09,0.0
2006-05-10,0.0
2006-05-11,0.0
2006-05-12,0.0
2006-05-13,0.0
2006-05-14,0.0
2006-05-15,0.0
2006-05-16,0.0
2006-05-17,0.0
2006-05-18,0.0
2006-05-19,0.0
2006-05-20,0.0
2006-05-21,0.0
2006-05-22,0.0
2006-05-23,0.0
2006-05-24,0.0
2006-05-25,0.0
2006-05-26,0.0
2006-05-27,0.0
2006-05-28,0.0
2006-05-29,0.0
2006-05-30,0.0
2006-05-31,0.0
2006-06-01,1.218845248222351
2006-06-02,1.2399507761001587
2006-06-03,0.0
2006-06-04,0.0
2006-06-05,0.0
2006-06-06,0.0
2006-06-07,0.0
2006-06-08,0.0
2006-06-09,0.0
2006-06-10,0.0
2006-06-11,0.0
2006-06-12,0.0
2006-06-13,0.0
2006-06-14,0.0
2006-06-15,0.0
2006-06-16,0.0
2006-06-17,0.0
2006-06-18,0.0
2006-06-19,0.0
2006-06-20,0.0
2006-06-21,0.0
2006-06-22,0.0
2006-06-23,0.0
2006-06-24,0.0
2006-06-25,0.0
2006-06-26,0.0
2006-06-27,0.0
2006-06-28,0.0
2006-06-29,0.0
2006-06-30,0.0
2006-07-01,0.0
2006-07-02,0.0
2006-07-03,0.0
2006-07-04,0.0
2006-07-05,0.0
2006-07-06,0.0
2006-07-07,0.0
2006-07-08,0.0
2006-07-09,0.0
2006-07-10,0.0
2006-07-11,0.0
2006-07-12,0.0
2006-07-13,0.0
2006-07-14,0.0
2006-07-15,0.0
2006-07-16,0.0
2006-07-17,0.0
2006-07-18,0.0
2006-07-19,0.0
2006-07-20,0.0
2006-07-21,0.0
2006-07-22,0.0
2006-07-23,0.0
2006-07-24,0.0
2006-07-25,0.0
2006-07-26,0.02240338921546936
2006-07-27,0.02240338921546936
2006-07-28,0.02240338921546936
2006-07-29,0.13442033529281616
2006-07-30,0.02240338921546936
2006-07-31,0.04480677843093872
2006-08-01,0.0
2006-08-02,0.0
2006-08-03,0.0
2006-08-04,0.0
2006-08-05,0.0
2006-08-06,0.0
2006-08-07,0.0
2006-08-08,0.0
2006-08-09,0.0
2006-08-10,0.0
2006-08-11,0.24598753452301025
2006-08-12,0.24598753452301025
2006-08-13,0.24598753452301025
2006-08-14,0.24598753452301025
2006-08-15,0.24598753452301025
2006-08-16,0.07290100306272507
2006-08-17,0.07290100306272507
2006-08-18,0.07290100306272507
2006-08-19,0.07290100306272507
2006-08-20,0.07290100306272507
2006-08-21,0.0
2006-08-22,0.0
2006-08-23,0.0
2006-08-24,0.0
2006-08-25,0.0
2006-08-26,0.0
2006-08-27,0.0
2006-08-28,0.0
2006-08-29,0.0
2006-08-30,0.0
2006-08-31,0.0
2006-09-01,0.0
2006-09-02,0.0
2006-09-03,0.0
2006-09-04,0.0
2006-09-05,0.0
2006-09-06,0.37687936425209045
2006-09-07,0.37687936425209045
2006-09-08,0.37687936425209045
2006-09-09,0.37687936425209045
2006-09-10,0.37687936425209045
2006-09-11,0.0
2006-09-12,0.0
2006-09-13,0.0
2006-09-14,0.0
2006-09-15,0.0
2006-09-16,0.0
2006-09-17,0.0
2006-09-18,0.0
2006-09-19,0.0
2006-09-20,0.0
2006-09-21,0.0
2006-09-22,0.0
2006-09-23,0.0
2006-09-24,0.0
2006-09-25,0.0
2006-09-26,0.0
2006-09-27,0.0
2006-09-28,3.5020787715911865
2006-09-29,0.0
2006-09-30,0.0
2006-10-01,0.0
2006-10-02,0.0
2006-10-03,0.0
2006-10-04,0.0
2006-10-05,0.0
2006-10-06,0.0
2006-10-07,0.0
2006-10-08,0.0
2006-10-09,0.0
2006-10-10,0.0
2006-10-11,0.0
2006-10-12,0.0
2006-10-13,0.0
2006-10-14,0.0
2006-10-15,0.0
2006-10-16,0.0
2006-10-17,0.0
2006-10-18,0.0
2006-10-19,0.0
2006-10-20,0.0
2006-10-21,0.0
2006-10-22,0.0
2006-10-23,0.0
2006-10-24,0.0
2006-10-25,0.0
2006-10-26,0.0
2006-10-27,0.0
2006-10-28,0.0
2006-10-29,0.0
2006-10-30,0.0
2006-10-31,0.0
2006-11-01,1.5501331090927124
2006-11-02,1.5501331090927124
2006-11-03,1.5501331090927124
2006-11-04,1.5501331090927124
2006-11-05,1.5501331090927124
2006-11-06,0.0
2006-11-07,0.0
2006-11-08,0.0
2006-11-09,0.0
2006-11-10,0.0
2006-11-11,0.0
2006-11-12,0.0
2006-11-13,0.0
2006-11-14,0.0
2006-11-15,0.0
2006-11-16,0.20307159423828125
2006-11-17,0.20307159423828125
2006-11-18,0.20307159423828125
2006-11-19,1.2184295654296875
2006-11-20,0.20307159423828125
2006-11-21,0.0
2006-11-22,0.0
2006-11-23,0.0
2006-11-24,0.0
2006-11-25,0.0
2006-11-26,0.0
2006-11-27,0.0
2006-11-28,0.0
2006-11-29,0.0
2006-11-30,0.0
2006-12-01,0.0
2006-12-02,0.0
2006-12-03,0.0
2006-12-04,0.0
2006-12-05,0.0
2006-12-06,0.0
2006-12-07,0.0
2006-12-08,0.0
2006-12-09,0.0
2006-12-10,0.0
2006-12-11,0.0
2006-12-12,0.0
2006-12-13,0.0
2006-12-14,0.0
2006-12-15,0.0
2006-12-16,4.178788185119629
2006-12-17,0.0
2006-12-18,0.0
2006-12-19,1.8476784229278564
2006-12-20,0.3992612063884735
2006-12-21,0.0
2006-12-22,0.0
2006-12-23,0.0
2006-12-24,0.0
2006-12-25,0.0
2006-12-26,0.0
2006-12-27,0.0
2006-12-28,0.0
2006-12-29,0.0
2006-12-30,0.0
2006-12-31,0.0
2007-01-01,0.0
2007-01-02,0.0
2007-01-03,0.0
2007-01-04,0.0
2007-01-05,0.0
2007-01-06,1.895322561264038
2007-01-07,1.3203710317611694
2007-01-08,0.3370354473590851
2007-01-09,1.0423228740692139
2007-01-10,6.1293840408325195
2007-01-11,9.124815940856934
2007-01-12,6.306534290313721
2007-01-13,2.659083127975464
2007-01-14,10.161450386047363
2007-01-15,0.45533832907676697
2007-01-16,0.0
2007-01-17,0.0
2007-01-18,0.0
2007-01-19,0.0
2007-01-20,0.0
2007-01-21,0.0
2007-01-22,0.0
2007-01-23,0.0
2007-01-24,0.0
2007-01-25,0.0
2007-01-26,0.0
2007-01-27,0.0
2007-01-28,0.0
2007-01-29,0.0
2007-01-30,0.0
2007-01-31,0.0
2007-02-01,0.0
2007-02-02,0.0
2007-02-03,0.0
2007-02-04,0.0
2007-02-05,0.0
2007-02-06,0.0
2007-02-07,0.0
2007-02-08,0.0
2007-02-09,0.0
2007-02-10,0.0
2007-02-11,4.1691155433654785
2007-02-12,4.766605854034424
2007-02-13,2.334066390991211
2007-02-14,4.903602123260498
2007-02-15,0.1530834585428238
2007-02-16,0.0
2007-02-17,0.0
2007-02-18,0.0
2007-02-19,0.0
2007-02-20,0.0
2007-02-21,0.0
2007-02-22,0.053797222673892975
2007-02-23,0.19225634634494781
2007-02-24,0.1636999249458313
2007-02-25,0.40278539061546326
2007-02-26,0.0
2007-02-27,0.0
2007-02-28,0.0
2007-03-01,0.0
2007-03-02,0.0
2007-03-03,0.5145611763000488
2007-03-04,5.455367088317871
2007-03-05,1.665495753288269
2007-03-06,11.596173286437988
2007-03-07,2.543869972229004
2007-03-08,5.220857620239258
2007-03-09,4.566322326660156
2007-03-10,0.6478053331375122
2007-03-11,0.11610410362482071
2007-03-12,0.2796310484409332
2007-03-13,0.0
2007-03-14,1.0266244411468506
2007-03-15,2.4892044067382812
2007-03-16,4.847297668457031
2007-03-17,0.5714816451072693
2007-03-18,0.0
2007-03-19,0.0
2007-03-20,0.0
2007-03-21,0.0
2007-03-22,0.0
2007-03-23,0.0
2007-03-24,0.0
2007-03-25,0.7851497530937195
2007-03-26,0.0
2007-03-27,0.860709011554718
2007-03-28,1.2842599153518677
2007-03-29,2.434987783432007
2007-03-30,2.8687124252319336
2007-03-31,5.3704023361206055
2007-04-01,4.472176551818848
2007-04-02,0.0
2007-04-03,0.0
2007-04-04,0.0
2007-04-05,0.0
2007-04-06,0.0
2007-04-07,0.0
2007-04-08,0.0
2007-04-09,0.0
2007-04-10,0.0
2007-04-11,0.0
2007-04-12,0.0
2007-04-13,0.0
2007-04-14,13.732651710510254
2007-04-15,0.5453399419784546
2007-04-16,0.01531968917697668
2007-04-17,0.0
2007-04-18,0.0
2007-04-19,0.0
2007-04-20,0.0
2007-04-21,0.0
2007-04-22,0.0
2007-04-23,0.0
2007-04-24,0.0
2007-04-25,0.0
2007-04-26,0.0
2007-04-27,0.0
2007-04-28,0.0
2007-04-29,0.0
2007-04-30,0.0
2007-05-01,0.1495029181241989
2007-05-02,0.1495029181241989
2007-05-03,0.1495029181241989
2007-05-04,0.1495029181241989
2007-05-05,0.8970175385475159
2007-05-06,2.377894401550293
2007-05-07,2.377894401550293
2007-05-08,2.377894401550293
2007-05-09,2.377894401550293
2007-05-10,14.267367362976074
2007-05-11,0.0
2007-05-12,0.0
2007-05-13,0.0
2007-05-14,0.0
2007-05-15,0.0
2007-05-16,0.0
2007-05-17,0.0
2007-05-18,0.0
2007-05-19,0.0
2007-05-20,0.0
2007-05-21,0.11881895363330841
2007-05-22,0.11881895363330841
2007-05-23,0.11881895363330841
2007-05-24,0.11881895363330841
2007-05-25,0.11881895363330841
2007-05-26,0.4809074103832245
2007-05-27,0.4809074103832245
2007-05-28,0.4809074103832245
2007-05-29,0.4809074103832245
2007-05-30,0.4809074103832245
2007-05-31,0.4809074103832245
2007-06-01,0.5052229166030884
2007-06-02,3.0313374996185303
2007-06-03,0.5052229166030884
2007-06-04,0.5052229166030884
2007-06-05,0.5052229166030884
2007-06-06,0.44667792320251465
2007-06-07,0.44667792320251465
2007-06-08,0.44667792320251465
2007-06-09,0.44667792320251465
2007-06-10,0.44667792320251465
2007-06-11,0.0
2007-06-12,0.0
2007-06-13,0.0
2007-06-14,0.0
2007-06-15,0.0
2007-06-16,0.0
2007-06-17,0.0
2007-06-18,0.0
2007-06-19,0.0
2007-06-20,0.0
2007-06-21,0.0
2007-06-22,0.0
2007-06-23,0.0
2007-06-24,0.13388974964618683
2007-06-25,0.1750866025686264
2007-06-26,0.0
2007-06-27,0.0
2007-06-28,0.0
2007-06-29,0.0
2007-06-30,0.0
2007-07-01,0.0
2007-07-02,0.0
2007-07-03,0.0
2007-07-04,0.0
2007-07-05,0.0
2007-07-06,0.08171404153108597
2007-07-07,0.08171404153108597
2007-07-08,0.08171404153108597
2007-07-09,0.08171404153108597
2007-07-10,0.08171404153108597
2007-07-11,0.009771955199539661
2007-07-12,0.009771955199539661
2007-07-13,0.05863173305988312
2007-07-14,0.009771955199539661
2007-07-15,0.009771955199539661
2007-07-16,0.0
2007-07-17,0.0
2007-07-18,0.0
2007-07-19,0.0
2007-07-20,0.0
2007-07-21,0.0
2007-07-22,0.0
2007-07-23,0.0
2007-07-24,0.0
2007-07-25,0.0
2007-07-26,0.004923637956380844
2007-07-27,0.004923637956380844
2007-07-28,0.004923637956380844
2007-07-29,0.004923637956380844
2007-07-30,0.004923637956380844
2007-07-31,0.004923637956380844
2007-08-01,0.0
2007-08-02,0.0
2007-08-03,0.0
2007-08-04,0.0
2007-08-05,0.0
2007-08-06,0.04817628487944603
2007-08-07,0.04817628487944603
2007-08-08,0.04817628487944603
2007-08-09,0.04817628487944603
2007-08-10,0.04817628487944603
2007-08-11,0.0
2007-08-12,0.0
2007-08-13,0.0
2007-08-14,0.0
2007-08-15,0.0
2007-08-16,0.0
2007-08-17,0.0
2007-08-18,0.0
2007-08-19,0.0
2007-08-20,0.0
2007-08-21,0.0
2007-08-22,0.0
2007-08-23,0.0
2007-08-24,0.0
2007-08-25,0.0
2007-08-26,0.22010743618011475
2007-08-27,0.22010743618011475
2007-08-28,0.22010743618011475
2007-08-29,0.22010743618011475
2007-08-30,0.22010743618011475
2007-08-31,0.22010743618011475
2007-09-01,0.0
2007-09-02,0.0
2007-09-03,0.0
2007-09-04,0.0
2007-09-05,0.0
2007-09-06,0.0
2007-09-07,0.0
2007-09-08,0.0
2007-09-09,0.0
2007-09-10,0.0
2007-09-11,0.0
2007-09-12,0.0
2007-09-13,0.0
2007-09-14,0.0
2007-09-15,0.0
2007-09-16,0.4959007203578949
2007-09-17,0.4959007203578949
2007-09-18,0.4959007203578949
2007-09-19,0.4959007203578949
2007-09-20,0.4959007203578949
2007-09-21,3.4671459197998047
2007-09-22,3.4671459197998047
2007-09-23,3.4671459197998047
2007-09-24,3.4671459197998047
2007-09-25,3.4671459197998047
2007-09-26,0.25660449266433716
2007-09-27,0.25660449266433716
2007-09-28,0.25660449266433716
2007-09-29,0.25660449266433716
2007-09-30,0.25660449266433716
2007-10-01,0.0
2007-10-02,0.0
2007-10-03,0.0
2007-10-04,0.0
2007-10-05,0.0
2007-10-06,0.0
2007-10-07,0.0
2007-10-08,0.0
2007-10-09,0.0
2007-10-10,0.0
2007-10-11,0.0
2007-10-12,0.0
2007-10-13,0.0
2007-10-14,0.0
2007-10-15,0.0
2007-10-16,0.3887064754962921
2007-10-17,2.2880678176879883
2007-10-18,0.43287765979766846
2007-10-19,0.3887064754962921
2007-10-20,0.3887064754962921
2007-10-21,0.0
2007-10-22,0.0
2007-10-23,0.0
2007-10-24,0.0
2007-10-25,0.0
2007-10-26,0.0
2007-10-27,0.0
2007-10-28,0.0
2007-10-29,0.0
2007-10-30,0.0
2007-10-31,0.0
2007-11-01,0.0
2007-11-02,0.0
2007-11-03,0.0
2007-11-04,0.0
2007-11-05,0.0
2007-11-06,0.0
2007-11-07,0.0
2007-11-08,0.0
2007-11-09,0.0
2007-11-10,0.0
2007-11-11,0.0
2007-11-12,0.0
2007-11-13,0.0
2007-11-14,0.0
2007-11-15,0.0
2007-11-16,0.0
2007-11-17,0.0
2007-11-18,0.0
2007-11-19,0.0
2007-11-20,8.251703262329102
2007-11-21,0.5484828948974609
2007-11-22,1.3220913410186768
2007-11-23,0.0
2007-11-24,0.0
2007-11-25,0.0
2007-11-26,0.0
2007-11-27,0.0
2007-11-28,0.0
2007-11-29,0.0
2007-11-30,0.0
2007-12-01,0.0415998175740242
2007-12-02,1.40005362033844
2007-12-03,0.6503165364265442
2007-12-04,0.0
2007-12-05,0.019359545782208443
2007-12-06,0.0
2007-12-07,0.0
2007-12-08,0.0
2007-12-09,0.0
2007-12-10,0.0
2007-12-11,0.0
2007-12-12,0.0
2007-12-13,0.0
2007-12-14,0.0
2007-12-15,0.0
2007-12-16,0.0
2007-12-17,0.0
2007-12-18,0.0
2007-12-19,0.0
2007-12-20,0.0
2007-12-21,0.0
2007-12-22,0.0
2007-12-23,0.0
2007-12-24,0.0
2007-12-25,0.0
2007-12-26,0.0
2007-12-27,0.0
2007-12-28,0.0
2007-12-29,0.0
2007-12-30,0.0
2007-12-31,0.0
2008-01-01,0.3620760440826416
2008-01-02,0.5729640126228333
2008-01-03,1.354712963104248
2008-01-04,2.993379831314087
2008-01-05,4.19954776763916
2008-01-06,2.3064045906066895
2008-01-07,2.372429847717285
2008-01-08,6.800937175750732
2008-01-09,3.563781499862671
2008-01-10,3.4031758308410645
2008-01-11,2.1037588119506836
2008-01-12,3.8452720642089844
2008-01-13,2.9143404960632324
2008-01-14,0.5293336510658264
2008-01-15,5.0441975593566895
2008-01-16,0.03812585026025772
2008-01-17,0.4912237524986267
2008-01-18,2.316744089126587
2008-01-19,2.9425575733184814
2008-01-20,5.859531879425049
2008-01-21,4.791450023651123
2008-01-22,0.5947085618972778
2008-01-23,2.2018938064575195
2008-01-24,8.112655639648438
2008-01-25,4.928724765777588
2008-01-26,0.0
2008-01-27,0.0
2008-01-28,0.0
2008-01-29,0.0
2008-01-30,0.0
2008-01-31,0.0
2008-02-01,0.0
2008-02-02,0.0
2008-02-03,0.0
2008-02-04,0.0
2008-02-05,0.0
2008-02-06,0.0
2008-02-07,0.0
2008-02-08,0.0
2008-02-09,0.0
2008-02-10,0.0
2008-02-11,0.0
2008-02-12,0.0
2008-02-13,0.0
2008-02-14,0.0
2008-02-15,0.0
2008-02-16,0.35201120376586914
2008-02-17,3.237593650817871
2008-02-18,1.6744290590286255
2008-02-19,0.027884814888238907
2008-02-20,6.285857200622559
2008-02-21,3.864779472351074
2008-02-22,0.09308700263500214
2008-02-23,5.30720853805542
2008-02-24,0.3071765601634979
2008-02-25,0.0
2008-02-26,0.0
2008-02-27,0.0
2008-02-28,0.0
2008-02-29,0.0
2008-03-01,0.0
2008-03-02,0.0
2008-03-03,0.0
2008-03-04,0.0
2008-03-05,0.0
2008-03-06,0.0
2008-03-07,0.0
2008-03-08,0.0
2008-03-09,0.0
2008-03-10,0.0
2008-03-11,0.9163356423377991
2008-03-12,2.1101295948028564
2008-03-13,4.751984119415283
2008-03-14,0.6509637832641602
2008-03-15,3.36822509765625
2008-03-16,0.0
2008-03-17,0.0
2008-03-18,0.0
2008-03-19,0.0
2008-03-20,0.0
2008-03-21,2.3662490844726562
2008-03-22,0.0
2008-03-23,0.0
2008-03-24,3.011590003967285
2008-03-25,5.377838611602783
2008-03-26,0.0
2008-03-27,0.0
2008-03-28,0.0
2008-03-29,0.0
2008-03-30,0.0
2008-03-31,0.0
2008-04-01,0.0
2008-04-02,0.0
2008-04-03,0.0
2008-04-04,0.0
2008-04-05,0.0
2008-04-06,0.0
2008-04-07,0.0
2008-04-08,0.0
2008-04-09,0.0
2008-04-10,0.0
2008-04-11,0.0
2008-04-12,0.0
2008-04-13,0.0
2008-04-14,0.0
2008-04-15,0.0
2008-04-16,0.0
2008-04-17,0.0
2008-04-18,0.0
2008-04-19,0.0
2008-04-20,0.0
2008-04-21,0.0
2008-04-22,0.0
2008-04-23,0.0
2008-04-24,0.0
2008-04-25,0.0
2008-04-26,0.0
2008-04-27,0.0
2008-04-28,0.0
2008-04-29,0.0
2008-04-30,0.0
2008-05-01,0.0
2008-05-02,0.0
2008-05-03,0.0
2008-05-04,0.0
2008-05-05,0.0
2008-05-06,0.0
2008-05-07,0.0
2008-05-08,0.0
2008-05-09,0.0
2008-05-10,0.0
2008-05-11,7.016646862030029
2008-05-12,0.0
2008-05-13,0.0
2008-05-14,0.0
2008-05-15,0.0
2008-05-16,0.0
2008-05-17,0.0
2008-05-18,0.0
2008-05-19,0.0
2008-05-20,0.0
2008-05-21,0.0
2008-05-22,0.0
2008-05-23,0.0
2008-05-24,0.0
2008-05-25,0.0
2008-05-26,0.0
2008-05-27,0.0
2008-05-28,0.0
2008-05-29,0.0
2008-05-30,0.0
2008-05-31,0.0
2008-06-01,0.0
2008-06-02,0.0
2008-06-03,0.0
2008-06-04,0.0
2008-06-05,0.0
2008-06-06,0.0
2008-06-07,0.0
2008-06-08,0.0
2008-06-09,0.0
2008-06-10,0.0
2008-06-11,0.0
2008-06-12,0.0
2008-06-13,0.0
2008-06-14,0.0
2008-06-15,0.0
2008-06-16,0.05017737299203873
2008-06-17,0.05017737299203873
2008-06-18,0.05017737299203873
2008-06-19,0.05017737299203873
2008-06-20,0.30106425285339355
2008-06-21,0.0
2008-06-22,0.0
2008-06-23,0.0
2008-06-24,0.0
2008-06-25,0.0
2008-06-26,0.0
2008-06-27,0.0
2008-06-28,0.0
2008-06-29,0.0
2008-06-30,0.0
2008-07-01,0.0
2008-07-02,0.0
2008-07-03,0.0
2008-07-04,0.0
2008-07-05,0.0
2008-07-06,0.0
2008-07-07,0.0
2008-07-08,0.0
2008-07-09,0.0
2008-07-10,0.0
2008-07-11,0.0
2008-07-12,0.0
2008-07-13,0.0
2008-07-14,0.0
2008-07-15,0.0
2008-07-16,0.0
2008-07-17,0.0
2008-07-18,0.0
2008-07-19,0.0
2008-07-20,0.0
2008-07-21,0.0
2008-07-22,0.0
2008-07-23,0.0
2008-07-24,0.0
2008-07-25,0.0
2008-07-26,0.0
2008-07-27,0.0
2008-07-28,0.0
2008-07-29,0.0
2008-07-30,0.0
2008-07-31,0.0
2008-08-01,0.0
2008-08-02,0.0
2008-08-03,0.0
2008-08-04,0.0
2008-08-05,0.0
2008-08-06,0.0
2008-08-07,0.0
2008-08-08,0.0
2008-08-09,0.0
2008-08-10,0.0
2008-08-11,0.0
2008-08-12,0.0
2008-08-13,0.0
2008-08-14,0.0
2008-08-15,0.0
2008-08-16,0.0
2008-08-17,0.0
2008-08-18,0.0
2008-08-19,0.0
2008-08-20,0.0
2008-08-21,0.0
2008-08-22,0.0
2008-08-23,0.0
2008-08-24,0.0
2008-08-25,0.0
2008-08-26,0.0
2008-08-27,0.0
2008-08-28,0.0
2008-08-29,0.0
2008-08-30,0.0
2008-08-31,0.0
2008-09-01,0.0
2008-09-02,0.0
2008-09-03,0.0
2008-09-04,0.0
2008-09-05,0.0
2008-09-06,0.0
2008-09-07,0.0
2008-09-08,0.0
2008-09-09,0.0
2008-09-10,0.0
2008-09-11,0.0
2008-09-12,0.0
2008-09-13,0.0
2008-09-14,0.0
2008-09-15,0.0
2008-09-16,0.0
2008-09-17,0.0
2008-09-18,0.0
2008-09-19,0.0
2008-09-20,0.0
2008-09-21,0.0
2008-09-22,0.0
2008-09-23,0.0
2008-09-24,0.0
2008-09-25,0.0
2008-09-26,0.0
2008-09-27,0.0
2008-09-28,0.034678369760513306
2008-09-29,4.565985202789307
2008-09-30,0.0
2008-10-01,0.0
2008-10-02,0.0
2008-10-03,0.0
2008-10-04,0.0
2008-10-05,0.0
2008-10-06,0.0
2008-10-07,0.0
2008-10-08,0.0
2008-10-09,0.0
2008-10-10,0.0
2008-10-11,0.0
2008-10-12,0.0
2008-10-13,0.0
2008-10-14,0.0
2008-10-15,0.0
2008-10-16,0.0
2008-10-17,0.0
2008-10-18,0.0
2008-10-19,0.0
2008-10-20,0.0
2008-10-21,0.0
2008-10-22,0.0
2008-10-23,0.0
2008-10-24,0.0
2008-10-25,0.0
2008-10-26,0.0
2008-10-27,3.676513910293579
2008-10-28,0.0
2008-10-29,0.0
2008-10-30,0.0
2008-10-31,0.0
2008-11-01,0.0
2008-11-02,0.0
2008-11-03,0.0
2008-11-04,0.0
2008-11-05,0.0
2008-11-06,0.0
2008-11-07,0.0
2008-11-08,0.0
2008-11-09,0.0
2008-11-10,0.0
2008-11-11,0.0
2008-11-12,0.0
2008-11-13,0.0
2008-11-14,0.0
2008-11-15,0.0
2008-11-16,0.0
2008-11-17,0.0
2008-11-18,0.0
2008-11-19,0.0
2008-11-20,0.0
2008-11-21,0.0
2008-11-22,0.0
2008-11-23,0.0
2008-11-24,0.0
2008-11-25,0.0
2008-11-26,0.0
2008-11-27,0.0
2008-11-28,0.0
2008-11-29,0.0
2008-11-30,0.0
2008-12-01,0.0
2008-12-02,0.0
2008-12-03,0.0
2008-12-04,0.0
2008-12-05,0.0
2008-12-06,0.0
2008-12-07,0.0
2008-12-08,0.0
2008-12-09,0.0
2008-12-10,0.0
2008-12-11,0.0
2008-12-12,0.0
2008-12-13,0.0
2008-12-14,0.0
2008-12-15,0.0
2008-12-16,0.0
2008-12-17,0.0
2008-12-18,0.0
2008-12-19,0.0
2008-12-20,0.0
2008-12-21,0.0
2008-12-22,1.4917306900024414
2008-12-23,4.330355167388916
2008-12-24,0.7947704195976257
2008-12-25,0.0
2008-12-26,0.0
2008-12-27,0.0
2008-12-28,0.0
2008-12-29,0.0
2008-12-30,0.0
2008-12-31,0.0
2009-01-01,4.52000093460083
2009-01-02,0.6341270208358765
2009-01-03,0.10847824811935425
2009-01-04,0.0
2009-01-05,0.14692924916744232
2009-01-06,0.0
2009-01-07,0.0
2009-01-08,0.0
2009-01-09,0.0
2009-01-10,0.0
2009-01-11,0.0
2009-01-12,0.0
2009-01-13,0.0
2009-01-14,0.0
2009-01-15,0.0
2009-01-16,0.0
2009-01-17,0.0
2009-01-18,0.0
2009-01-19,0.0
2009-01-20,0.0
2009-01-21,0.0
2009-01-22,0.0
2009-01-23,0.0
2009-01-24,0.0
2009-01-25,0.0
2009-01-26,0.5012495517730713
2009-01-27,0.13613468408584595
2009-01-28,0.05505162477493286
2009-01-29,1.47152841091156
2009-01-30,0.031486839056015015
2009-01-31,0.02992495521903038
2009-02-01,0.0
2009-02-02,0.0
2009-02-03,0.0
2009-02-04,0.0
2009-02-05,0.0
2009-02-06,0.0
2009-02-07,2.3027119636535645
2009-02-08,0.39960649609565735
2009-02-09,0.9814866781234741
2009-02-10,1.3087884187698364
2009-02-11,0.0
2009-02-12,0.0
2009-02-13,0.0
2009-02-14,0.0
2009-02-15,0.0
2009-02-16,0.0
2009-02-17,0.013048555701971054
2009-02-18,0.09778475761413574
2009-02-19,3.4545321464538574
2009-02-20,1.680153727531433
2009-02-21,3.097733736038208
2009-02-22,5.8974103927612305
2009-02-23,3.4425761699676514
2009-02-24,3.914797782897949
2009-02-25,1.3324558734893799
2009-02-26,0.0
2009-02-27,0.0
2009-02-28,0.0
2009-03-01,1.3566842079162598
2009-03-02,1.5695011615753174
2009-03-03,9.41895866394043
2009-03-04,0.8557080626487732
2009-03-05,13.408848762512207
2009-03-06,0.7993513941764832
2009-03-07,1.3262845277786255
2009-03-08,10.318199157714844
2009-03-09,0.28922346234321594
2009-03-10,0.0
2009-03-11,0.0
2009-03-12,0.0
2009-03-13,0.0
2009-03-14,0.0
2009-03-15,0.0
2009-03-16,0.0
2009-03-17,0.0
2009-03-18,0.0
2009-03-19,0.0
2009-03-20,0.0
2009-03-21,0.0
2009-03-22,0.0
2009-03-23,0.0
2009-03-24,0.0
2009-03-25,0.0
2009-03-26,0.0
2009-03-27,0.0
2009-03-28,0.0
2009-03-29,0.0
2009-03-30,0.0
2009-03-31,0.0
2009-04-01,0.0
2009-04-02,0.0
2009-04-03,0.0
2009-04-04,0.0
2009-04-05,0.0
2009-04-06,0.0
2009-04-07,0.0
2009-04-08,0.0
2009-04-09,0.0
2009-04-10,0.0
2009-04-11,0.0
2009-04-12,0.0
2009-04-13,0.0
2009-04-14,0.0
2009-04-15,0.0
2009-04-16,1.6385223865509033
2009-04-17,1.6385223865509033
2009-04-18,1.6385223865509033
2009-04-19,1.6385223865509033
2009-04-20,1.6385223865509033
2009-04-21,0.06645794957876205
2009-04-22,0.06645794957876205
2009-04-23,0.39874768257141113
2009-04-24,0.06645794957876205
2009-04-25,0.06645794957876205
2009-04-26,0.0
2009-04-27,0.0
2009-04-28,0.0
2009-04-29,0.0
2009-04-30,0.0
2009-05-01,0.0
2009-05-02,0.0
2009-05-03,0.0
2009-05-04,0.0
2009-05-05,0.0
2009-05-06,0.0
2009-05-07,0.0
2009-05-08,0.0
2009-05-09,0.0
2009-05-10,0.0
2009-05-11,0.0
2009-05-12,0.0
2009-05-13,0.0
2009-05-14,0.0
2009-05-15,0.0
2009-05-16,0.0
2009-05-17,0.0
2009-05-18,0.0
2009-05-19,0.0
2009-05-20,0.0
2009-05-21,0.0
2009-05-22,0.0
2009-05-23,0.0
2009-05-24,0.0
2009-05-25,0.0
2009-05-26,0.0
2009-05-27,0.0
2009-05-28,5.564918518066406
2009-05-29,5.564918518066406
2009-05-30,0.0
2009-05-31,0.0
2009-06-01,0.0
2009-06-02,0.0
2009-06-03,0.0
2009-06-04,0.0
2009-06-05,0.0
2009-06-06,0.0
2009-06-07,0.0
2009-06-08,0.0
2009-06-09,0.0
2009-06-10,0.0
2009-06-11,0.0
2009-06-12,0.0
2009-06-13,0.0
2009-06-14,0.0
2009-06-15,0.0
2009-06-16,0.0
2009-06-17,0.0
2009-06-18,0.0
2009-06-19,0.0
2009-06-20,0.0
2009-06-21,0.0
2009-06-22,0.0
2009-06-23,0.0
2009-06-24,0.0
2009-06-25,0.0
2009-06-26,0.0
2009-06-27,0.0
2009-06-28,0.0
2009-06-29,0.0
2009-06-30,0.0
2009-07-01,0.0
2009-07-02,0.0
2009-07-03,0.0
2009-07-04,0.0
2009-07-05,0.0
2009-07-06,0.0
2009-07-07,0.0
2009-07-08,0.0
2009-07-09,0.0
2009-07-10,0.0
2009-07-11,0.0
2009-07-12,0.0
2009-07-13,0.0
2009-07-14,0.0
2009-07-15,0.0
2009-07-16,0.16161568462848663
2009-07-17,0.03428211435675621
2009-07-18,0.0
2009-07-19,0.0
2009-07-20,0.0
2009-07-21,0.0
2009-07-22,0.0
2009-07-23,0.0
2009-07-24,0.0
2009-07-25,0.0
2009-07-26,0.08202774077653885
2009-07-27,0.08202774077653885
2009-07-28,0.08202774077653885
2009-07-29,0.08202774077653885
2009-07-30,0.08202774077653885
2009-07-31,0.08202774077653885
2009-08-01,0.06739144772291183
2009-08-02,0.06739144772291183
2009-08-03,0.06739144772291183
2009-08-04,0.06739144772291183
2009-08-05,0.06739144772291183
2009-08-06,0.0
2009-08-07,0.0
2009-08-08,0.0
2009-08-09,0.0
2009-08-10,0.0
2009-08-11,0.0
2009-08-12,0.0
2009-08-13,0.0
2009-08-14,0.0
2009-08-15,0.0
2009-08-16,0.17530664801597595
2009-08-17,0.17530664801597595
2009-08-18,0.17530664801597595
2009-08-19,0.17530664801597595
2009-08-20,0.17530664801597595
2009-08-21,0.0
2009-08-22,0.0
2009-08-23,0.0
2009-08-24,0.0
2009-08-25,0.0
2009-08-26,0.0
2009-08-27,0.0
2009-08-28,0.0
2009-08-29,0.0
2009-08-30,0.0
2009-08-31,0.0
2009-09-01,0.0
2009-09-02,0.0
2009-09-03,0.0
2009-09-04,0.0
2009-09-05,0.0
2009-09-06,0.0
2009-09-07,0.0
2009-09-08,0.0
2009-09-09,0.0
2009-09-10,0.0
2009-09-11,0.0
2009-09-12,0.0
2009-09-13,0.0
2009-09-14,0.0
2009-09-15,2.241121768951416
2009-09-16,0.0
2009-09-17,0.0
2009-09-18,0.0
2009-09-19,0.0
2009-09-20,0.0
2009-09-21,2.2557005882263184
2009-09-22,0.3759500980377197
2009-09-23,0.3759500980377197
2009-09-24,0.3759500980377197
2009-09-25,0.3759500980377197
2009-09-26,0.0
2009-09-27,0.0
2009-09-28,0.0
2009-09-29,0.0
2009-09-30,0.0
2009-10-01,0.0
2009-10-02,0.0
2009-10-03,0.0
2009-10-04,0.0
2009-10-05,0.0
2009-10-06,0.0
2009-10-07,0.0
2009-10-08,0.0
2009-10-09,0.0
2009-10-10,0.0
2009-10-11,0.0
2009-10-12,0.0
2009-10-13,0.0
2009-10-14,0.0
2009-10-15,0.0
2009-10-16,1.581230878829956
2009-10-17,1.581230878829956
2009-10-18,1.581230878829956
2009-10-19,1.581230878829956
2009-10-20,1.581230878829956
2009-10-21,0.0
2009-10-22,0.0
2009-10-23,0.0
2009-10-24,0.0
2009-10-25,0.0
2009-10-26,0.0
2009-10-27,0.0
2009-10-28,0.0
2009-10-29,0.0
2009-10-30,0.0
2009-10-31,0.0
2009-11-01,0.0
2009-11-02,0.0
2009-11-03,0.0
2009-11-04,0.0
2009-11-05,0.0
2009-11-06,0.0
2009-11-07,0.0
2009-11-08,0.0
2009-11-09,0.0
2009-11-10,20.07513999938965
2009-11-11,0.0
2009-11-12,0.0
2009-11-13,0.0
2009-11-14,0.0
2009-11-15,1.7719801664352417
2009-11-16,3.3045828342437744
2009-11-17,0.5507637858390808
2009-11-18,0.5507637858390808
2009-11-19,0.5507637858390808
2009-11-20,0.5507637858390808
2009-11-21,0.0
2009-11-22,0.0
2009-11-23,0.0
2009-11-24,0.0
2009-11-25,0.0
2009-11-26,0.0
2009-11-27,0.0
2009-11-28,0.0
2009-11-29,0.0
2009-11-30,0.0
2009-12-01,0.0
2009-12-02,0.0
2009-12-03,0.0
2009-12-04,0.0
2009-12-05,0.0
2009-12-06,0.0
2009-12-07,1.5480109453201294
2009-12-08,0.0
2009-12-09,0.0
2009-12-10,0.0
2009-12-11,0.0
2009-12-12,0.0
2009-12-13,0.0
2009-12-14,0.0
2009-12-15,0.0
2009-12-16,0.0
2009-12-17,0.0
2009-12-18,0.0
2009-12-19,0.0
2009-12-20,0.0
2009-12-21,0.5487050414085388
2009-12-22,0.3895975649356842
2009-12-23,2.9646120071411133
2009-12-24,6.2081732749938965
2009-12-25,19.638811111450195
2009-12-26,1.9716637134552002
2009-12-27,7.431604385375977
2009-12-28,0.4145006835460663
2009-12-29,0.0
2009-12-30,0.0
2009-12-31,0.0
2010-01-01,0.021125206723809242
2010-01-02,0.0
2010-01-03,0.03138270229101181
2010-01-04,3.231154441833496
2010-01-05,11.926488876342773
2010-01-06,6.086402416229248
2010-01-07,6.720602035522461
2010-01-08,2.918527364730835
2010-01-09,1.5871529579162598
2010-01-10,2.5236127376556396
2010-01-11,0.0
2010-01-12,0.0
2010-01-13,0.0
2010-01-14,0.0
2010-01-15,0.0
2010-01-16,0.0
2010-01-17,0.0
2010-01-18,0.0
2010-01-19,0.0
2010-01-20,0.0
2010-01-21,0.0
2010-01-22,0.0
2010-01-23,0.0
2010-01-24,0.0
2010-01-25,0.0
2010-01-26,0.08466238528490067
2010-01-27,0.5997089743614197
2010-01-28,0.2632555365562439
2010-01-29,0.2954610586166382
2010-01-30,1.177359700202942
2010-01-31,2.9989004135131836
2010-02-01,0.0
2010-02-02,0.0
2010-02-03,0.0
2010-02-04,0.0
2010-02-05,0.0
2010-02-06,0.0
2010-02-07,0.0
2010-02-08,0.0
2010-02-09,0.0
2010-02-10,0.0
2010-02-11,0.0
2010-02-12,0.0
2010-02-13,0.0
2010-02-14,0.0
2010-02-15,0.0
2010-02-16,0.0
2010-02-17,0.0
2010-02-18,0.0
2010-02-19,0.0
2010-02-20,0.0
2010-02-21,3.7703421115875244
2010-02-22,1.5759954452514648
2010-02-23,3.1112396717071533
2010-02-24,3.797583818435669
2010-02-25,14.473209381103516
2010-02-26,6.152482509613037
2010-02-27,0.6400569677352905
2010-02-28,4.944309234619141
2010-03-01,0.0
2010-03-02,0.0
2010-03-03,0.0
2010-03-04,0.0
2010-03-05,0.0
2010-03-06,0.0
2010-03-07,0.0
2010-03-08,0.0
2010-03-09,0.0
2010-03-10,0.0
2010-03-11,0.0
2010-03-12,0.0
2010-03-13,0.0
2010-03-14,0.0
2010-03-15,0.0
2010-03-16,0.0
2010-03-17,0.0
2010-03-18,0.0
2010-03-19,0.0
2010-03-20,0.0
2010-03-21,0.0
2010-03-22,0.0
2010-03-23,0.0
2010-03-24,0.0
2010-03-25,0.0
2010-03-26,0.0
2010-03-27,0.0
2010-03-28,0.0
2010-03-29,0.0
2010-03-30,0.0
2010-03-31,0.0
2010-04-01,0.0
2010-04-02,0.0
2010-04-03,0.0
2010-04-04,0.0
2010-04-05,0.0
2010-04-06,0.0
2010-04-07,0.0
2010-04-08,0.0
2010-04-09,0.0
2010-04-10,0.0
2010-04-11,0.0
2010-04-12,0.0
2010-04-13,0.0
2010-04-14,0.0
2010-04-15,0.0
2010-04-16,0.0
2010-04-17,0.0048935008235275745
2010-04-18,3.097593069076538
2010-04-19,0.051101211458444595
2010-04-20,2.3369197845458984
2010-04-21,0.0
2010-04-22,0.0
2010-04-23,0.0
2010-04-24,0.5364003777503967
2010-04-25,0.0
2010-04-26,0.0
2010-04-27,0.0
2010-04-28,0.0
2010-04-29,0.0
2010-04-30,0.0
2010-05-01,0.0
2010-05-02,0.0
2010-05-03,0.0
2010-05-04,0.0
2010-05-05,0.0
2010-05-06,0.0
2010-05-07,0.0
2010-05-08,0.0
2010-05-09,0.0
2010-05-10,0.0
2010-05-11,0.0
2010-05-12,0.0
2010-05-13,0.041383326053619385
2010-05-14,1.0004255771636963
2010-05-15,0.9445908665657043
2010-05-16,5.362729549407959
2010-05-17,0.0
2010-05-18,0.0
2010-05-19,0.0
2010-05-20,0.0
2010-05-21,0.0
2010-05-22,0.0
2010-05-23,0.0
2010-05-24,0.0
2010-05-25,0.0
2010-05-26,0.0
2010-05-27,0.0
2010-05-28,0.0
2010-05-29,0.0
2010-05-30,0.0
2010-05-31,0.0
2010-06-01,0.0
2010-06-02,0.0
2010-06-03,0.740165114402771
2010-06-04,0.0
2010-06-05,0.0
2010-06-06,0.0
2010-06-07,0.0
2010-06-08,0.0
2010-06-09,0.0
2010-06-10,0.0
2010-06-11,0.0
2010-06-12,0.0
2010-06-13,0.0
2010-06-14,0.0
2010-06-15,0.0
2010-06-16,0.0
2010-06-17,0.0
2010-06-18,0.0
2010-06-19,0.0
2010-06-20,0.0
2010-06-21,0.0
2010-06-22,0.0
2010-06-23,0.0
2010-06-24,0.0
2010-06-25,0.0
2010-06-26,0.0
2010-06-27,0.0
2010-06-28,0.0
2010-06-29,0.0
2010-06-30,0.0
2010-07-01,0.0
2010-07-02,0.0
2010-07-03,0.0
2010-07-04,0.0
2010-07-05,0.0
2010-07-06,0.0
2010-07-07,0.0
2010-07-08,0.0
2010-07-09,0.0
2010-07-10,0.0
2010-07-11,0.0
2010-07-12,0.0
2010-07-13,0.0
2010-07-14,0.0
2010-07-15,0.0
2010-07-16,0.0
2010-07-17,0.0
2010-07-18,0.0
2010-07-19,0.0
2010-07-20,0.0
2010-07-21,0.0
2010-07-22,0.0
2010-07-23,0.0
2010-07-24,0.0
2010-07-25,0.0
2010-07-26,0.0
2010-07-27,0.0
2010-07-28,0.0
2010-07-29,0.0
2010-07-30,0.0
2010-07-31,0.0
2010-08-01,0.14446179568767548
2010-08-02,0.14446179568767548
2010-08-03,0.14446179568767548
2010-08-04,0.14446179568767548
2010-08-05,0.14446179568767548
2010-08-06,0.0
2010-08-07,0.0
2010-08-08,0.0
2010-08-09,0.0
2010-08-10,0.0
2010-08-11,0.0
2010-08-12,0.0
2010-08-13,0.0
2010-08-14,0.0
2010-08-15,0.0
2010-08-16,0.0
2010-08-17,0.0
2010-08-18,0.0
2010-08-19,0.0
2010-08-20,0.0
2010-08-21,0.0
2010-08-22,0.0
2010-08-23,0.0
2010-08-24,0.0
2010-08-25,0.0
2010-08-26,0.0
2010-08-27,0.0
2010-08-28,0.0
2010-08-29,0.0
2010-08-30,0.0
2010-08-31,0.0
2010-09-01,0.0
2010-09-02,0.0
2010-09-03,0.0
2010-09-04,0.0
2010-09-05,0.0
2010-09-06,0.0
2010-09-07,0.0
2010-09-08,0.0
2010-09-09,0.0
2010-09-10,0.0
2010-09-11,0.0
2010-09-12,0.0
2010-09-13,0.0
2010-09-14,0.0
2010-09-15,0.0
2010-09-16,0.0
2010-09-17,0.0
2010-09-18,0.0
2010-09-19,0.0
2010-09-20,0.0
2010-09-21,0.0
2010-09-22,0.0
2010-09-23,0.0
2010-09-24,0.0
2010-09-25,0.0
2010-09-26,0.0
2010-09-27,0.0
2010-09-28,0.0
2010-09-29,0.0
2010-09-30,0.0
2010-10-01,1.1701403856277466
2010-10-02,1.1701403856277466
2010-10-03,1.1701403856277466
2010-10-04,1.1701403856277466
2010-10-05,1.1701403856277466
2010-10-06,0.0
2010-10-07,0.0
2010-10-08,0.0
2010-10-09,0.0
2010-10-10,0.0
2010-10-11,0.0
2010-10-12,0.0
2010-10-13,0.0
2010-10-14,0.0
2010-10-15,0.0
2010-10-16,0.0
2010-10-17,0.0
2010-10-18,0.0
2010-10-19,0.0
2010-10-20,0.0
2010-10-21,0.0
2010-10-22,0.0
2010-10-23,0.0
2010-10-24,0.0
2010-10-25,0.0
2010-10-26,0.0
2010-10-27,0.0
2010-10-28,0.0
2010-10-29,0.0
2010-10-30,0.0
2010-10-31,0.0
2010-11-01,0.0
2010-11-02,0.0
2010-11-03,0.0
2010-11-04,0.0
2010-11-05,0.0
2010-11-06,0.0
2010-11-07,0.0
2010-11-08,0.0
2010-11-09,0.0
2010-11-10,0.0
2010-11-11,0.0
2010-11-12,0.0
2010-11-13,0.0
2010-11-14,0.0
2010-11-15,0.0
2010-11-16,0.0
2010-11-17,0.0
2010-11-18,0.0
2010-11-19,0.0
2010-11-20,0.0
2010-11-21,0.0
2010-11-22,0.0
2010-11-23,0.0
2010-11-24,0.0
2010-11-25,0.0
2010-11-26,0.0
2010-11-27,0.0
2010-11-28,0.0
2010-11-29,0.0
2010-11-30,0.0
2010-12-01,0.0
2010-12-02,0.0
2010-12-03,0.0
2010-12-04,0.0
2010-12-05,0.11798538267612457
2010-12-06,0.0
2010-12-07,0.0
2010-12-08,0.0
2010-12-09,0.0
2010-12-10,0.0
2010-12-11,0.0
2010-12-12,0.0
2010-12-13,0.0
2010-12-14,0.0
2010-12-15,0.0
2010-12-16,0.0
2010-12-17,0.0
2010-12-18,0.0
2010-12-19,0.0
2010-12-20,0.0
2010-12-21,0.8858085870742798
2010-12-22,7.98476505279541
2010-12-23,1.671094536781311
2010-12-24,0.854375422000885
2010-12-25,0.09413784742355347
2010-12-26,0.0
2010-12-27,0.0
2010-12-28,0.0
2010-12-29,0.0
2010-12-30,0.0
2010-12-31,0.0
2011-01-01,0.0
2011-01-02,0.0
2011-01-03,0.0
2011-01-04,0.0
2011-01-05,0.0
2011-01-06,0.0008045004797168076
2011-01-07,0.0
2011-01-08,0.0
2011-01-09,0.008495135232806206
2011-01-10,0.03405274450778961
2011-01-11,0.0
2011-01-12,0.0
2011-01-13,0.0
2011-01-14,0.0
2011-01-15,0.0
2011-01-16,0.0
2011-01-17,0.0
2011-01-18,0.0
2011-01-19,0.0
2011-01-20,0.0
2011-01-21,0.10484839975833893
2011-01-22,1.7870498895645142
2011-01-23,0.7169718146324158
2011-01-24,2.2786061763763428
2011-01-25,4.6224212646484375
2011-01-26,8.226410865783691
2011-01-27,5.3296003341674805
2011-01-28,4.330204963684082
2011-01-29,5.340231895446777
2011-01-30,4.74099063873291
2011-01-31,2.8534796237945557
2011-02-01,2.8745408058166504
2011-02-02,1.1653075218200684
2011-02-03,4.31335973739624
2011-02-04,3.2549984455108643
2011-02-05,5.954005241394043
2011-02-06,10.727139472961426
2011-02-07,13.958610534667969
2011-02-08,9.14199161529541
2011-02-09,2.7781593799591064
2011-02-10,11.172507286071777
2011-02-11,0.0
2011-02-12,0.0
2011-02-13,0.0
2011-02-14,0.0
2011-02-15,0.0
2011-02-16,3.757685422897339
2011-02-17,0.5518965125083923
2011-02-18,1.51167893409729
2011-02-19,6.279925346374512
2011-02-20,3.631204605102539
2011-02-21,2.4584763050079346
2011-02-22,15.904885292053223
2011-02-23,1.1806522607803345
2011-02-24,0.7677555084228516
2011-02-25,0.7185116410255432
2011-02-26,0.0
2011-02-27,0.0
2011-02-28,0.0
2011-03-01,0.0
2011-03-02,0.0
2011-03-03,0.0
2011-03-04,0.0
2011-03-05,0.0
2011-03-06,0.0
2011-03-07,0.0
2011-03-08,0.0
2011-03-09,0.0
2011-03-10,0.0
2011-03-11,0.0
2011-03-12,0.0
2011-03-13,0.0
2011-03-14,0.0
2011-03-15,0.0
2011-03-16,0.0
2011-03-17,0.0
2011-03-18,0.0
2011-03-19,0.0
2011-03-20,0.0
2011-03-21,0.0
2011-03-22,0.0
2011-03-23,0.0
2011-03-24,0.0
2011-03-25,0.0
2011-03-26,0.0
2011-03-27,0.0
2011-03-28,0.0
2011-03-29,0.0
2011-03-30,0.0
2011-03-31,0.0
2011-04-01,0.0
2011-04-02,0.0
2011-04-03,0.0
2011-04-04,0.0
2011-04-05,0.0
2011-04-06,0.0
2011-04-07,0.0
2011-04-08,0.0
2011-04-09,0.0
2011-04-10,0.0
2011-04-11,0.0
2011-04-12,0.0
2011-04-13,0.0
2011-04-14,0.0
2011-04-15,0.0
2011-04-16,0.0
2011-04-17,0.0
2011-04-18,0.0
2011-04-19,0.0
2011-04-20,0.0
2011-04-21,0.0
2011-04-22,0.0
2011-04-23,0.0
2011-04-24,0.0
2011-04-25,0.0
2011-04-26,0.0
2011-04-27,0.0
2011-04-28,0.0
2011-04-29,0.0
2011-04-30,0.0
2011-05-01,0.0
2011-05-02,0.0
2011-05-03,0.0
2011-05-04,0.0
2011-05-05,0.0
2011-05-06,0.7288392186164856
2011-05-07,0.9673684239387512
2011-05-08,0.0
2011-05-09,0.0
2011-05-10,0.6890843510627747
2011-05-11,1.7861932516098022
2011-05-12,0.40602898597717285
2011-05-13,0.1837991178035736
2011-05-14,0.0
2011-05-15,0.21053354442119598
2011-05-16,0.0
2011-05-17,0.0
2011-05-18,0.0
2011-05-19,0.0
2011-05-20,0.0
2011-05-21,0.0
2011-05-22,0.0
2011-05-23,0.0
2011-05-24,0.0
2011-05-25,0.0
2011-05-26,0.0
2011-05-27,0.0
2011-05-28,0.0
2011-05-29,0.0
2011-05-30,0.0
2011-05-31,0.0
2011-06-01,0.0
2011-06-02,0.0
2011-06-03,0.0
2011-06-04,0.0
2011-06-05,0.0
2011-06-06,0.0
2011-06-07,0.0
2011-06-08,0.0
2011-06-09,0.0
2011-06-10,0.0
2011-06-11,0.0
2011-06-12,0.0
2011-06-13,0.0
2011-06-14,0.0
2011-06-15,0.0
2011-06-16,0.0
2011-06-17,0.0
2011-06-18,0.0
2011-06-19,0.0
2011-06-20,0.0
2011-06-21,0.0
2011-06-22,0.0
2011-06-23,0.0
2011-06-24,0.0
2011-06-25,0.0
2011-06-26,0.0
2011-06-27,0.0
2011-06-28,0.0
2011-06-29,0.0
2011-06-30,0.0
2011-07-01,0.0
2011-07-02,0.0
2011-07-03,0.0
2011-07-04,0.0
2011-07-05,0.0
2011-07-06,0.0
2011-07-07,0.0
2011-07-08,0.0
2011-07-09,0.0
2011-07-10,0.0
2011-07-11,0.0
2011-07-12,0.0
2011-07-13,0.0
2011-07-14,0.0
2011-07-15,0.0
2011-07-16,0.007104384247213602
2011-07-17,0.007104384247213602
2011-07-18,0.007104384247213602
2011-07-19,0.007104384247213602
2011-07-20,0.007104384247213602
2011-07-21,0.0
2011-07-22,0.0
2011-07-23,0.0
2011-07-24,0.0
2011-07-25,0.0
2011-07-26,0.0662166029214859
2011-07-27,0.0662166029214859
2011-07-28,0.0662166029214859
2011-07-29,0.0662166029214859
2011-07-30,0.0662166029214859
2011-07-31,0.0662166029214859
2011-08-01,0.0
2011-08-02,0.0
2011-08-03,0.0
2011-08-04,0.0
2011-08-05,0.0
2011-08-06,0.0
2011-08-07,0.0
2011-08-08,0.0
2011-08-09,0.0
2011-08-10,0.0
2011-08-11,0.0
2011-08-12,0.0
2011-08-13,0.0
2011-08-14,0.0
2011-08-15,0.0
2011-08-16,0.0
2011-08-17,0.0
2011-08-18,0.0
2011-08-19,0.0
2011-08-20,0.0
2011-08-21,0.03854650259017944
2011-08-22,0.03854650259017944
2011-08-23,0.03854650259017944
2011-08-24,0.03854650259017944
2011-08-25,0.23127903044223785
2011-08-26,0.09727507084608078
2011-08-27,0.09727507084608078
2011-08-28,0.09727507084608078
2011-08-29,0.09727507084608078
2011-08-30,0.6809254288673401
2011-08-31,0.09727507084608078
2011-09-01,0.0
2011-09-02,0.0
2011-09-03,0.0
2011-09-04,0.0
2011-09-05,0.0
2011-09-06,0.0
2011-09-07,0.0
2011-09-08,0.0
2011-09-09,0.0
2011-09-10,0.0
2011-09-11,0.0
2011-09-12,0.0
2011-09-13,0.0
2011-09-14,0.0
2011-09-15,0.0
2011-09-16,0.0
2011-09-17,0.0
2011-09-18,0.0
2011-09-19,0.0
2011-09-20,0.0
2011-09-21,0.0
2011-09-22,0.0
2011-09-23,0.0
2011-09-24,0.0
2011-09-25,0.0
2011-09-26,0.0
2011-09-27,0.0
2011-09-28,0.0
2011-09-29,0.0
2011-09-30,0.0
2011-10-01,0.0
2011-10-02,0.0
2011-10-03,0.0
2011-10-04,0.0
2011-10-05,0.0
2011-10-06,0.0
2011-10-07,1.970004916191101
2011-10-08,0.0
2011-10-09,0.07186712324619293
2011-10-10,0.9765474200248718
2011-10-11,0.05025259405374527
2011-10-12,0.0
2011-10-13,0.2241736650466919
2011-10-14,3.4191391468048096
2011-10-15,0.0
2011-10-16,0.0
2011-10-17,0.0
2011-10-18,0.0
2011-10-19,0.0
2011-10-20,0.0
2011-10-21,0.0
2011-10-22,0.0
2011-10-23,0.0
2011-10-24,0.0
2011-10-25,0.0
2011-10-26,0.0
2011-10-27,0.0
2011-10-28,0.0
2011-10-29,0.0
2011-10-30,0.0
2011-10-31,0.0
2011-11-01,0.0
2011-11-02,0.0
2011-11-03,0.0
2011-11-04,0.0
2011-11-05,0.0
2011-11-06,0.0
2011-11-07,0.0
2011-11-08,0.0
2011-11-09,0.0
2011-11-10,0.0
2011-11-11,0.0
2011-11-12,0.0
2011-11-13,0.0
2011-11-14,0.0
2011-11-15,0.0
2011-11-16,0.0
2011-11-17,0.0
2011-11-18,0.0
2011-11-19,0.0
2011-11-20,0.0
2011-11-21,0.04045265540480614
2011-11-22,0.04045265540480614
2011-11-23,0.24271592497825623
2011-11-24,0.04045265540480614
2011-11-25,0.04045265540480614
2011-11-26,0.0
2011-11-27,0.0
2011-11-28,0.0
2011-11-29,0.0
2011-11-30,0.0
2011-12-01,0.0
2011-12-02,0.0
2011-12-03,0.0
2011-12-04,0.0
2011-12-05,0.0
2011-12-06,0.0
2011-12-07,0.0
2011-12-08,0.0
2011-12-09,0.0
2011-12-10,0.0
2011-12-11,0.0
2011-12-12,0.15513497591018677
2011-12-13,5.127030849456787
2011-12-14,1.352372169494629
2011-12-15,0.0
2011-12-16,0.0
2011-12-17,0.0
2011-12-18,0.0
2011-12-19,0.0
2011-12-20,0.0
2011-12-21,0.14455503225326538
2011-12-22,1.396987795829773
2011-12-23,5.387701511383057
2011-12-24,5.588301658630371
2011-12-25,0.20329733192920685
2011-12-26,0.47963711619377136
2011-12-27,0.44679829478263855
2011-12-28,4.365606784820557
2011-12-29,0.6401419043540955
2011-12-30,3.7862648963928223
2011-12-31,4.1031599044799805
2012-01-01,6.338155746459961
2012-01-02,5.919212341308594
2012-01-03,0.8573440909385681
2012-01-04,1.1404051780700684
2012-01-05,0.12759077548980713
2012-01-06,0.5557572245597839
2012-01-07,0.23336103558540344
2012-01-08,0.39866140484809875
2012-01-09,3.9271750450134277
2012-01-10,0.6333505511283875
2012-01-11,0.0
2012-01-12,0.0
2012-01-13,0.0
2012-01-14,0.0
2012-01-15,0.0
2012-01-16,0.0
2012-01-17,0.0
2012-01-18,0.0
2012-01-19,0.0
2012-01-20,0.0
2012-01-21,0.01795215718448162
2012-01-22,0.16132672131061554
2012-01-23,0.07204164564609528
2012-01-24,0.1320829838514328
2012-01-25,0.4832257330417633
2012-01-26,1.5964746475219727
2012-01-27,0.07029664516448975
2012-01-28,0.046461138874292374
2012-01-29,3.9958608150482178
2012-01-30,3.0754594802856445
2012-01-31,2.0150814056396484
2012-02-01,0.2861156463623047
2012-02-02,0.15121188759803772
2012-02-03,0.2952665388584137
2012-02-04,1.9276868104934692
2012-02-05,4.478339195251465
2012-02-06,2.9450812339782715
2012-02-07,0.2888031303882599
2012-02-08,0.014027140103280544
2012-02-09,4.797853946685791
2012-02-10,5.4834113121032715
2012-02-11,14.56091594696045
2012-02-12,3.8717973232269287
2012-02-13,2.478689432144165
2012-02-14,11.56609058380127
2012-02-15,6.26068115234375
2012-02-16,9.414931297302246
2012-02-17,10.03904914855957
2012-02-18,5.270122051239014
2012-02-19,5.098226070404053
2012-02-20,0.582429826259613
2012-02-21,0.18033704161643982
2012-02-22,0.27711421251296997
2012-02-23,1.85662043094635
2012-02-24,2.8393394947052
2012-02-25,0.06390685588121414
2012-02-26,0.0
2012-02-27,0.0
2012-02-28,0.0
2012-02-29,0.0
2012-03-01,2.3494150638580322
2012-03-02,7.4095988273620605
2012-03-03,5.8024582862854
2012-03-04,7.8190131187438965
2012-03-05,5.743321895599365
2012-03-06,5.492736339569092
2012-03-07,3.3891243934631348
2012-03-08,0.0
2012-03-09,0.0
2012-03-10,0.0
2012-03-11,0.0
2012-03-12,2.3672547340393066
2012-03-13,5.556637287139893
2012-03-14,1.1092422008514404
2012-03-15,1.082009196281433
2012-03-16,0.0
2012-03-17,0.0
2012-03-18,0.0
2012-03-19,0.0
2012-03-20,0.0
2012-03-21,0.0
2012-03-22,0.0
2012-03-23,0.0
2012-03-24,0.0
2012-03-25,0.0
2012-03-26,0.0
2012-03-27,0.0
2012-03-28,0.0
2012-03-29,0.0
2012-03-30,3.909270763397217
2012-03-31,0.6602603793144226
2012-04-01,0.0
2012-04-02,0.0
2012-04-03,0.0
2012-04-04,0.0
2012-04-05,0.0
2012-04-06,0.0
2012-04-07,0.0
2012-04-08,0.0
2012-04-09,0.0
2012-04-10,0.0
2012-04-11,0.0
2012-04-12,0.0
2012-04-13,0.0
2012-04-14,0.0
2012-04-15,0.0
2012-04-16,0.0
2012-04-17,0.0
2012-04-18,1.12614107131958
2012-04-19,0.0
2012-04-20,2.9647388458251953
2012-04-21,0.0
2012-04-22,0.0
2012-04-23,0.0
2012-04-24,0.0
2012-04-25,0.0
2012-04-26,0.0
2012-04-27,0.0
2012-04-28,0.0
2012-04-29,0.0
2012-04-30,0.0
2012-05-01,0.0
2012-05-02,0.0
2012-05-03,0.0
2012-05-04,0.0
2012-05-05,0.0
2012-05-06,0.0
2012-05-07,0.0
2012-05-08,0.0
2012-05-09,0.0
2012-05-10,0.0
2012-05-11,0.0
2012-05-12,0.0
2012-05-13,0.0
2012-05-14,0.0
2012-05-15,0.0
2012-05-16,0.0
2012-05-17,0.0
2012-05-18,0.0
2012-05-19,0.0
2012-05-20,0.0
2012-05-21,0.0
2012-05-22,0.0
2012-05-23,0.0
2012-05-24,0.0
2012-05-25,0.0
2012-05-26,0.0
2012-05-27,0.0
2012-05-28,0.0
2012-05-29,0.0
2012-05-30,0.0
2012-05-31,0.0
2012-06-01,0.0
2012-06-02,0.0
2012-06-03,0.0
2012-06-04,0.0
2012-06-05,0.0
2012-06-06,0.0
2012-06-07,0.0
2012-06-08,0.0
2012-06-09,0.0
2012-06-10,0.0
2012-06-11,0.0
2012-06-12,0.0
2012-06-13,0.0
2012-06-14,0.0
2012-06-15,0.0
2012-06-16,0.08967234194278717
2012-06-17,0.08967234194278717
2012-06-18,0.08967234194278717
2012-06-19,0.08967234194278717
2012-06-20,0.08967234194278717
2012-06-21,0.0
2012-06-22,0.0
2012-06-23,0.0
2012-06-24,0.0
2012-06-25,0.0
2012-06-26,0.0
2012-06-27,0.0
2012-06-28,0.0
2012-06-29,0.0
2012-06-30,0.0
2012-07-01,0.0
2012-07-02,0.0
2012-07-03,0.0
2012-07-04,0.0
2012-07-05,0.0
2012-07-06,0.0
2012-07-07,0.0
2012-07-08,0.0
2012-07-09,0.0
2012-07-10,0.0
2012-07-11,0.0
2012-07-12,0.0
2012-07-13,0.0
2012-07-14,0.0
2012-07-15,0.0
2012-07-16,0.0
2012-07-17,0.0
2012-07-18,0.0
2012-07-19,0.0
2012-07-20,0.0
2012-07-21,0.0
2012-07-22,0.0
2012-07-23,0.0
2012-07-24,0.0
2012-07-25,0.0
2012-07-26,0.0
2012-07-27,0.0
2012-07-28,0.0
2012-07-29,0.0
2012-07-30,0.0
2012-07-31,0.0
2012-08-01,0.0
2012-08-02,0.0
2012-08-03,0.0
2012-08-04,0.0
2012-08-05,0.0
2012-08-06,0.0
2012-08-07,0.0
2012-08-08,0.0
2012-08-09,0.0
2012-08-10,0.0
2012-08-11,0.0
2012-08-12,0.0
2012-08-13,0.0
2012-08-14,0.0
2012-08-15,0.0
2012-08-16,0.0
2012-08-17,0.0
2012-08-18,0.0
2012-08-19,0.0
2012-08-20,0.0
2012-08-21,0.0
2012-08-22,0.0
2012-08-23,0.0
2012-08-24,0.0
2012-08-25,0.0
2012-08-26,0.28045862913131714
2012-08-27,0.28045862913131714
2012-08-28,0.28045862913131714
2012-08-29,0.28045862913131714
2012-08-30,0.28045862913131714
2012-08-31,0.28045862913131714
2012-09-01,0.0
2012-09-02,0.0
2012-09-03,0.0
2012-09-04,0.0
2012-09-05,0.0
2012-09-06,0.0
2012-09-07,0.0
2012-09-08,0.0
2012-09-09,0.0
2012-09-10,0.0
2012-09-11,0.0
2012-09-12,0.0
2012-09-13,0.0
2012-09-14,0.0
2012-09-15,0.0
2012-09-16,0.0
2012-09-17,0.0
2012-09-18,0.0
2012-09-19,0.0
2012-09-20,0.0
2012-09-21,0.0
2012-09-22,0.0
2012-09-23,0.0
2012-09-24,0.0
2012-09-25,0.0
2012-09-26,5.328348636627197
2012-09-27,5.328348636627197
2012-09-28,5.328348636627197
2012-09-29,5.328348636627197
2012-09-30,5.328348636627197
2012-10-01,0.0
2012-10-02,0.0
2012-10-03,0.0
2012-10-04,0.0
2012-10-05,0.0
2012-10-06,0.0
2012-10-07,0.0
2012-10-08,0.0
2012-10-09,0.0
2012-10-10,0.0
2012-10-11,0.0
2012-10-12,0.0
2012-10-13,0.0
2012-10-14,0.0
2012-10-15,0.0
2012-10-16,0.0
2012-10-17,0.0
2012-10-18,0.0
2012-10-19,0.0
2012-10-20,0.0
2012-10-21,0.0
2012-10-22,0.0
2012-10-23,0.0
2012-10-24,0.0
2012-10-25,0.0
2012-10-26,0.0
2012-10-27,0.0
2012-10-28,0.0
2012-10-29,0.0
2012-10-30,0.0
2012-10-31,0.0
2012-11-01,0.0
2012-11-02,0.0
2012-11-03,0.0
2012-11-04,0.0
2012-11-05,0.0
2012-11-06,0.0
2012-11-07,0.0
2012-11-08,0.0
2012-11-09,0.0
2012-11-10,0.0
2012-11-11,0.0
2012-11-12,0.0
2012-11-13,0.0
2012-11-14,0.0
2012-11-15,0.0
2012-11-16,0.0
2012-11-17,0.0
2012-11-18,0.0
2012-11-19,0.0
2012-11-20,0.0
2012-11-21,0.0
2012-11-22,0.0
2012-11-23,0.0
2012-11-24,0.0
2012-11-25,0.0
2012-11-26,0.0
2012-11-27,0.0
2012-11-28,0.0
2012-11-29,0.0
2012-11-30,0.0
2012-12-01,0.0
2012-12-02,0.018342478200793266
2012-12-03,0.4771675765514374
2012-12-04,0.3212753236293793
2012-12-05,0.19942975044250488
2012-12-06,8.054037094116211
2012-12-07,2.1531646251678467
2012-12-08,8.417428016662598
2012-12-09,4.757871627807617
2012-12-10,4.071788311004639
2012-12-11,0.0
2012-12-12,0.0
2012-12-13,0.0
2012-12-14,0.0
2012-12-15,0.0
2012-12-16,0.0
2012-12-17,0.0
2012-12-18,1.0455774068832397
2012-12-19,1.0455774068832397
2012-12-20,0.0
2012-12-21,0.0
2012-12-22,0.0
2012-12-23,0.0
2012-12-24,0.0
2012-12-25,0.0
2012-12-26,0.0
2012-12-27,0.0
2012-12-28,0.0
2012-12-29,0.0
2012-12-30,0.0
2012-12-31,0.0
2013-01-01,0.0
2013-01-02,0.0
2013-01-03,0.0
2013-01-04,0.0
2013-01-05,0.0
2013-01-06,0.32998982071876526
2013-01-07,0.0732998475432396
2013-01-08,0.016208432614803314
2013-01-09,0.4019047021865845
2013-01-10,9.0126953125
2013-01-11,0.18830634653568268
2013-01-12,0.15912562608718872
2013-01-13,3.683476686477661
2013-01-14,1.4232828617095947
2013-01-15,12.03696346282959
2013-01-16,4.301251411437988
2013-01-17,9.006549835205078
2013-01-18,5.4593939781188965
2013-01-19,7.323369026184082
2013-01-20,4.21633243560791
2013-01-21,0.0
2013-01-22,0.0
2013-01-23,0.0
2013-01-24,0.0
2013-01-25,0.0
2013-01-26,0.0
2013-01-27,0.0
2013-01-28,0.0
2013-01-29,0.0
2013-01-30,0.0
2013-01-31,0.0
2013-02-01,1.5306494235992432
2013-02-02,5.995140552520752
2013-02-03,7.582925796508789
2013-02-04,5.75782585144043
2013-02-05,2.1652727127075195
2013-02-06,0.0
2013-02-07,0.0
2013-02-08,0.0
2013-02-09,0.0
2013-02-10,0.0
2013-02-11,0.0
2013-02-12,0.0
2013-02-13,0.0
2013-02-14,0.0
2013-02-15,0.0
2013-02-16,0.0
2013-02-17,0.0
2013-02-18,0.0
2013-02-19,0.0
2013-02-20,0.0
2013-02-21,0.42603999376296997
2013-02-22,4.059560298919678
2013-02-23,0.45308396220207214
2013-02-24,0.16670070588588715
2013-02-25,0.8875061869621277
2013-02-26,0.041802022606134415
2013-02-27,0.109615258872509
2013-02-28,0.180588498711586
2013-03-01,0.0
2013-03-02,0.0
2013-03-03,0.0
2013-03-04,0.0
2013-03-05,0.0
2013-03-06,0.0
2013-03-07,0.0
2013-03-08,0.0
2013-03-09,0.0
2013-03-10,0.0
2013-03-11,0.0
2013-03-12,0.0
2013-03-13,0.0
2013-03-14,0.0
2013-03-15,0.0
2013-03-16,0.0
2013-03-17,0.0
2013-03-18,0.0
2013-03-19,0.0
2013-03-20,0.0
2013-03-21,0.0
2013-03-22,0.0
2013-03-23,0.0
2013-03-24,0.0
2013-03-25,0.0
2013-03-26,0.0
2013-03-27,0.0
2013-03-28,0.0
2013-03-29,0.0
2013-03-30,0.0
2013-03-31,0.0
2013-04-01,0.0
2013-04-02,0.0
2013-04-03,0.0
2013-04-04,0.0
2013-04-05,0.0
2013-04-06,0.0
2013-04-07,0.0
2013-04-08,0.0
2013-04-09,0.0
2013-04-10,0.0
2013-04-11,0.0
2013-04-12,0.0
2013-04-13,0.0
2013-04-14,0.0
2013-04-15,0.0
2013-04-16,0.0
2013-04-17,0.0
2013-04-18,0.0
2013-04-19,0.0
2013-04-20,0.0
2013-04-21,0.0
2013-04-22,0.0
2013-04-23,0.0
2013-04-24,0.0
2013-04-25,0.0
2013-04-26,0.0
2013-04-27,0.0
2013-04-28,0.0
2013-04-29,0.0
2013-04-30,0.0
2013-05-01,0.0
2013-05-02,0.0
2013-05-03,0.0
2013-05-04,0.0
2013-05-05,0.0
2013-05-06,0.0
2013-05-07,0.0
2013-05-08,0.0
2013-05-09,0.0
2013-05-10,0.0
2013-05-11,0.0
2013-05-12,0.0
2013-05-13,0.0
2013-05-14,0.0
2013-05-15,0.0
2013-05-16,2.2542715072631836
2013-05-17,0.0
2013-05-18,0.09459749609231949
2013-05-19,2.2296500205993652
2013-05-20,0.0
2013-05-21,0.3781975507736206
2013-05-22,0.3781975507736206
2013-05-23,2.2691853046417236
2013-05-24,0.3781975507736206
2013-05-25,0.3781975507736206
2013-05-26,0.0
2013-05-27,0.0
2013-05-28,0.0
2013-05-29,0.0
2013-05-30,0.0
2013-05-31,0.0
2013-06-01,0.0
2013-06-02,0.0
2013-06-03,0.0
2013-06-04,0.0
2013-06-05,0.0
2013-06-06,0.0
2013-06-07,0.0
2013-06-08,0.0
2013-06-09,0.0
2013-06-10,0.0
2013-06-11,0.0
2013-06-12,0.0
2013-06-13,0.0
2013-06-14,0.0
2013-06-15,0.0
2013-06-16,0.0
2013-06-17,0.0
2013-06-18,0.0
2013-06-19,0.0
2013-06-20,0.0
2013-06-21,0.0
2013-06-22,0.1683426797389984
2013-06-23,0.009124265983700752
2013-06-24,0.570722758769989
2013-06-25,0.0
2013-06-26,0.0
2013-06-27,0.0
2013-06-28,0.0
2013-06-29,0.0
2013-06-30,0.0
2013-07-01,0.0
2013-07-02,0.0
2013-07-03,0.0
2013-07-04,0.0
2013-07-05,0.0
2013-07-06,0.03308337926864624
2013-07-07,0.0
2013-07-08,0.0
2013-07-09,0.0
2013-07-10,0.0
2013-07-11,0.0
2013-07-12,0.0
2013-07-13,0.0
2013-07-14,0.0
2013-07-15,0.0
2013-07-16,0.0
2013-07-17,0.0
2013-07-18,0.0
2013-07-19,0.0
2013-07-20,0.0
2013-07-21,0.0
2013-07-22,0.0
2013-07-23,0.0
2013-07-24,0.0
2013-07-25,0.0
2013-07-26,0.0
2013-07-27,0.0
2013-07-28,0.0
2013-07-29,0.0
2013-07-30,0.0
2013-07-31,0.0
2013-08-01,0.0
2013-08-02,0.0
2013-08-03,0.0
2013-08-04,0.0
2013-08-05,0.0
2013-08-06,0.018517404794692993
2013-08-07,0.018517404794692993
2013-08-08,0.018517404794692993
2013-08-09,0.018517404794692993
2013-08-10,0.018517404794692993
2013-08-11,0.0
2013-08-12,0.0
2013-08-13,0.0
2013-08-14,0.0
2013-08-15,0.0
2013-08-16,0.0
2013-08-17,0.0
2013-08-18,0.0
2013-08-19,0.0
2013-08-20,0.0
2013-08-21,0.0
2013-08-22,0.0
2013-08-23,0.0
2013-08-24,0.0
2013-08-25,0.0
2013-08-26,0.3997141122817993
2013-08-27,0.3997141122817993
2013-08-28,0.3997141122817993
2013-08-29,0.3997141122817993
2013-08-30,0.3997141122817993
2013-08-31,0.3997141122817993
2013-09-01,0.0
2013-09-02,0.0
2013-09-03,0.0
2013-09-04,0.0
2013-09-05,0.0
2013-09-06,0.04252447560429573
2013-09-07,0.04252447560429573
2013-09-08,0.04252447560429573
2013-09-09,0.04252447560429573
2013-09-10,0.04252447560429573
2013-09-11,0.0
2013-09-12,0.0
2013-09-13,0.0
2013-09-14,0.0
2013-09-15,0.0
2013-09-16,0.0
2013-09-17,0.0
2013-09-18,0.0
2013-09-19,0.0
2013-09-20,0.0
2013-09-21,1.0885366201400757
2013-09-22,1.0885366201400757
2013-09-23,1.0885366201400757
2013-09-24,1.0885366201400757
2013-09-25,1.0885366201400757
2013-09-26,0.0
2013-09-27,0.0
2013-09-28,0.0
2013-09-29,0.0
2013-09-30,0.0
2013-10-01,0.0
2013-10-02,0.0
2013-10-03,0.0
2013-10-04,0.0
2013-10-05,0.0
2013-10-06,0.0
2013-10-07,0.0
2013-10-08,0.0
2013-10-09,0.0
2013-10-10,0.0
2013-10-11,9.43541431427002
2013-10-12,9.43541431427002
2013-10-13,9.43541431427002
2013-10-14,9.43541431427002
2013-10-15,9.43541431427002
2013-10-16,0.0
2013-10-17,0.0
2013-10-18,0.0
2013-10-19,0.0
2013-10-20,0.0
2013-10-21,0.0
2013-10-22,0.0
2013-10-23,0.0
2013-10-24,0.0
2013-10-25,0.0
2013-10-26,1.000302791595459
2013-10-27,1.000302791595459
2013-10-28,7.0021185874938965
2013-10-29,1.000302791595459
2013-10-30,1.000302791595459
2013-10-31,1.000302791595459
2013-11-01,0.0
2013-11-02,0.0
2013-11-03,0.0
2013-11-04,0.0
2013-11-05,0.0
2013-11-06,0.0
2013-11-07,0.0
2013-11-08,0.0
2013-11-09,0.0
2013-11-10,0.0
2013-11-11,0.0
2013-11-12,0.0
2013-11-13,0.0
2013-11-14,0.0
2013-11-15,0.0
2013-11-16,0.0
2013-11-17,0.0
2013-11-18,0.0
2013-11-19,0.0
2013-11-20,0.0
2013-11-21,0.0
2013-11-22,0.0
2013-11-23,0.0
2013-11-24,0.0
2013-11-25,0.0
2013-11-26,0.0
2013-11-27,0.0
2013-11-28,0.0
2013-11-29,0.0
2013-11-30,0.0
2013-12-01,0.0
2013-12-02,0.0
2013-12-03,0.0
2013-12-04,0.0
2013-12-05,0.0
2013-12-06,0.0
2013-12-07,3.889646291732788
2013-12-08,11.743343353271484
2013-12-09,0.34299442172050476
2013-12-10,19.9243221282959
2013-12-11,0.0
2013-12-12,0.0
2013-12-13,0.0
2013-12-14,0.0
2013-12-15,0.0
2013-12-16,0.0
2013-12-17,0.0
2013-12-18,0.0
2013-12-19,0.0
2013-12-20,0.0
2013-12-21,0.010490922257304192
2013-12-22,1.1753932237625122
2013-12-23,1.493310809135437
2013-12-24,0.3278942108154297
2013-12-25,0.054352425038814545
2013-12-26,0.0
2013-12-27,0.0
2013-12-28,0.0
2013-12-29,0.0
2013-12-30,0.0
2013-12-31,0.0
2014-01-01,4.27209997177124
2014-01-02,0.2629852592945099
2014-01-03,0.12525145709514618
2014-01-04,1.9080206155776978
2014-01-05,5.406534671783447
2014-01-06,1.6477257013320923
2014-01-07,2.859112024307251
2014-01-08,1.5242255926132202
2014-01-09,0.4127061665058136
2014-01-10,0.0
2014-01-11,0.0
2014-01-12,0.04386114329099655
2014-01-13,1.8927810192108154
2014-01-14,0.5153298377990723
2014-01-15,0.3636767268180847
2014-01-16,1.4797312021255493
2014-01-17,0.27657023072242737
2014-01-18,0.15387311577796936
2014-01-19,0.07199831306934357
2014-01-20,0.24748027324676514
2014-01-21,1.4455022811889648
2014-01-22,1.8845977783203125
2014-01-23,1.3159674406051636
2014-01-24,2.5330255031585693
2014-01-25,5.035933494567871
2014-01-26,1.9728636741638184
2014-01-27,0.2933211028575897
2014-01-28,0.029316307976841927
2014-01-29,0.09264401346445084
2014-01-30,1.5974997282028198
2014-01-31,0.08606430143117905
2014-02-01,0.0
2014-02-02,0.0
2014-02-03,0.0
2014-02-04,0.0
2014-02-05,0.0
2014-02-06,0.9850045442581177
2014-02-07,0.9427452683448792
2014-02-08,0.179463729262352
2014-02-09,0.04588565602898598
2014-02-10,1.3862308263778687
2014-02-11,0.0
2014-02-12,0.0
2014-02-13,0.0
2014-02-14,0.0
2014-02-15,0.0
2014-02-16,0.0
2014-02-17,0.0
2014-02-18,0.0
2014-02-19,0.0
2014-02-20,0.0
2014-02-21,0.0
2014-02-22,0.0
2014-02-23,0.0
2014-02-24,0.0
2014-02-25,0.0
2014-02-26,0.0
2014-02-27,0.0
2014-02-28,0.0
2014-03-01,0.0
2014-03-02,0.0
2014-03-03,0.0
2014-03-04,0.0
2014-03-05,0.0
2014-03-06,0.0
2014-03-07,0.0
2014-03-08,0.0
2014-03-09,0.0
2014-03-10,0.0
2014-03-11,0.0
2014-03-12,0.0
2014-03-13,0.0
2014-03-14,0.0
2014-03-15,0.0
2014-03-16,0.0
2014-03-17,0.0
2014-03-18,0.0
2014-03-19,0.0
2014-03-20,0.0
2014-03-21,0.0
2014-03-22,0.0
2014-03-23,0.0
2014-03-24,0.0
2014-03-25,0.0
2014-03-26,0.0
2014-03-27,0.0
2014-03-28,0.0
2014-03-29,0.0
2014-03-30,0.0
2014-03-31,0.0
2014-04-01,0.0
2014-04-02,0.0
2014-04-03,0.0
2014-04-04,0.0
2014-04-05,0.0
2014-04-06,0.06400301307439804
2014-04-07,0.0
2014-04-08,0.3631884753704071
2014-04-09,0.008883699774742126
2014-04-10,1.6071754693984985
2014-04-11,0.0
2014-04-12,0.0
2014-04-13,0.0
2014-04-14,0.0
2014-04-15,0.0
2014-04-16,0.0
2014-04-17,0.0
2014-04-18,0.37832432985305786
2014-04-19,0.025562455877661705
2014-04-20,0.0
2014-04-21,0.0
2014-04-22,0.0
2014-04-23,0.0
2014-04-24,0.0
2014-04-25,0.0
2014-04-26,0.0
2014-04-27,0.0
2014-04-28,0.0
2014-04-29,0.0
2014-04-30,0.0
2014-05-01,0.0
2014-05-02,0.0
2014-05-03,0.0
2014-05-04,0.0
2014-05-05,0.0
2014-05-06,0.0
2014-05-07,0.0
2014-05-08,0.0
2014-05-09,0.0
2014-05-10,0.0
2014-05-11,0.0
2014-05-12,0.0
2014-05-13,0.0
2014-05-14,0.0
2014-05-15,0.0
2014-05-16,0.0
2014-05-17,0.0
2014-05-18,0.0
2014-05-19,0.0
2014-05-20,0.0
2014-05-21,8.268706321716309
2014-05-22,8.268706321716309
2014-05-23,8.268706321716309
2014-05-24,8.268706321716309
2014-05-25,8.268706321716309
2014-05-26,0.0
2014-05-27,0.0
2014-05-28,0.0
2014-05-29,0.0
2014-05-30,0.0
2014-05-31,0.0
2014-06-01,0.0
2014-06-02,0.0
2014-06-03,0.0
2014-06-04,0.0
2014-06-05,0.0
2014-06-06,0.0
2014-06-07,0.0
2014-06-08,0.0
2014-06-09,0.0
2014-06-10,0.0
2014-06-11,0.0
2014-06-12,0.0
2014-06-13,0.0
2014-06-14,0.0
2014-06-15,0.0
2014-06-16,0.0
2014-06-17,0.0
2014-06-18,0.0
2014-06-19,0.0
2014-06-20,0.0
2014-06-21,0.0
2014-06-22,0.0
2014-06-23,0.0
2014-06-24,0.0
2014-06-25,0.0
2014-06-26,0.0
2014-06-27,0.0
2014-06-28,0.0
2014-06-29,0.0
2014-06-30,0.0
2014-07-01,0.0
2014-07-02,0.0
2014-07-03,0.0
2014-07-04,0.0
2014-07-05,0.0
2014-07-06,0.0
2014-07-07,0.0
2014-07-08,0.0
2014-07-09,0.0
2014-07-10,0.0
2014-07-11,0.0
2014-07-12,0.0
2014-07-13,0.0
2014-07-14,0.0
2014-07-15,0.0
2014-07-16,0.0
2014-07-17,0.0
2014-07-18,0.0
2014-07-19,0.0
2014-07-20,0.0
2014-07-21,0.0
2014-07-22,0.0
2014-07-23,0.0
2014-07-24,0.0
2014-07-25,0.0
2014-07-26,0.0
2014-07-27,0.0
2014-07-28,0.0
2014-07-29,0.0
2014-07-30,0.0
2014-07-31,0.0
2014-08-01,0.0
2014-08-02,0.0
2014-08-03,0.0
2014-08-04,0.0
2014-08-05,0.0
2014-08-06,0.0
2014-08-07,0.0
2014-08-08,0.0
2014-08-09,0.0
2014-08-10,0.0
2014-08-11,0.0
2014-08-12,0.0
2014-08-13,0.0
2014-08-14,0.0
2014-08-15,0.0
2014-08-16,0.0
2014-08-17,0.0
2014-08-18,0.0
2014-08-19,0.0
2014-08-20,0.0
2014-08-21,0.0
2014-08-22,0.0
2014-08-23,0.0
2014-08-24,0.0
2014-08-25,0.0
2014-08-26,0.0
2014-08-27,0.0
2014-08-28,0.0
2014-08-29,0.0
2014-08-30,0.0
2014-08-31,0.0
2014-09-01,0.0
2014-09-02,0.0
2014-09-03,0.0
2014-09-04,0.0
2014-09-05,0.0
2014-09-06,0.0
2014-09-07,0.0
2014-09-08,0.0
2014-09-09,0.0
2014-09-10,0.0
2014-09-11,0.0
2014-09-12,0.0
2014-09-13,0.0
2014-09-14,0.0
2014-09-15,0.0
2014-09-16,0.5339537858963013
2014-09-17,0.5339537858963013
2014-09-18,3.2037227153778076
2014-09-19,0.5339537858963013
2014-09-20,0.5339537858963013
2014-09-21,0.0
2014-09-22,0.0
2014-09-23,0.0
2014-09-24,0.0
2014-09-25,0.0
2014-09-26,14.142969131469727
2014-09-27,0.0
2014-09-28,0.0
2014-09-29,0.0
2014-09-30,3.8838205337524414
2014-10-01,0.7935534119606018
2014-10-02,0.0
2014-10-03,0.7935534119606018
2014-10-04,0.0
2014-10-05,0.0
2014-10-06,0.0
2014-10-07,0.0
2014-10-08,0.0
2014-10-09,0.0
2014-10-10,0.0
2014-10-11,0.0
2014-10-12,0.0
2014-10-13,0.0
2014-10-14,0.0
2014-10-15,0.0
2014-10-16,0.0
2014-10-17,0.0
2014-10-18,0.0
2014-10-19,0.0
2014-10-20,0.0
2014-10-21,3.8085250854492188
2014-10-22,1.1189028024673462
2014-10-23,0.0
2014-10-24,0.0
2014-10-25,0.0
2014-10-26,0.0
2014-10-27,0.0
2014-10-28,0.0
2014-10-29,0.0
2014-10-30,0.0
2014-10-31,0.0
2014-11-01,0.0
2014-11-02,0.0
2014-11-03,0.0
2014-11-04,0.0
2014-11-05,0.0
2014-11-06,0.0
2014-11-07,0.0
2014-11-08,0.0
2014-11-09,0.0
2014-11-10,0.0
2014-11-11,0.0
2014-11-12,0.0
2014-11-13,0.0
2014-11-14,0.0
2014-11-15,0.0
2014-11-16,0.0
2014-11-17,0.0
2014-11-18,0.0
2014-11-19,0.0
2014-11-20,0.0
2014-11-21,0.0
2014-11-22,0.0
2014-11-23,0.0
2014-11-24,0.0
2014-11-25,0.0
2014-11-26,0.0
2014-11-27,0.0
2014-11-28,0.0
2014-11-29,0.0
2014-11-30,0.0
2014-12-01,0.0
2014-12-02,0.0
2014-12-03,0.0
2014-12-04,0.0
2014-12-05,0.0
2014-12-06,0.0
2014-12-07,0.0
2014-12-08,0.0
2014-12-09,0.0
2014-12-10,0.0
2014-12-11,0.0
2014-12-12,0.0
2014-12-13,0.0
2014-12-14,0.0
2014-12-15,0.0
2014-12-16,0.0
2014-12-17,0.0
2014-12-18,0.0
2014-12-19,0.0
2014-12-20,0.0
2014-12-21,0.0
2014-12-22,0.0
2014-12-23,0.0
2014-12-24,0.0
2014-12-25,0.0
2014-12-26,0.0
2014-12-27,0.0
2014-12-28,0.0
2014-12-29,0.0
2014-12-30,0.0
2014-12-31,0.0
2015-01-01,0.0
2015-01-02,0.0
2015-01-03,0.0
2015-01-04,0.0
2015-01-05,1.3576810359954834
2015-01-06,0.10489105433225632
2015-01-07,0.0
2015-01-08,0.0756685733795166
2015-01-09,0.33104997873306274
2015-01-10,8.114607810974121
2015-01-11,0.0
2015-01-12,0.0
2015-01-13,0.0
2015-01-14,0.0
2015-01-15,0.0
2015-01-16,0.0
2015-01-17,0.0
2015-01-18,0.0
2015-01-19,0.0
2015-01-20,0.0
2015-01-21,1.9785164594650269
2015-01-22,2.7935609817504883
2015-01-23,3.1031086444854736
2015-01-24,0.6610042452812195
2015-01-25,0.7472124099731445
2015-01-26,0.22431878745555878
2015-01-27,0.009981589391827583
2015-01-28,0.4149906635284424
2015-01-29,1.2169748544692993
2015-01-30,0.3502264618873596
2015-01-31,4.278800010681152
2015-02-01,2.572068214416504
2015-02-02,3.033355712890625
2015-02-03,1.37063467502594
2015-02-04,3.4333343505859375
2015-02-05,5.190868854522705
2015-02-06,0.08531662821769714
2015-02-07,0.012160121463239193
2015-02-08,0.00945980753749609
2015-02-09,0.11603668332099915
2015-02-10,0.03617117181420326
2015-02-11,4.749179840087891
2015-02-12,5.386611461639404
2015-02-13,3.145859956741333
2015-02-14,2.36095929145813
2015-02-15,9.07948112487793
2015-02-16,0.0
2015-02-17,0.0
2015-02-18,0.0
2015-02-19,0.0
2015-02-20,0.0
2015-02-21,0.0
2015-02-22,0.0
2015-02-23,0.0
2015-02-24,0.0
2015-02-25,0.0
2015-02-26,0.0
2015-02-27,0.0
2015-02-28,0.0
2015-03-01,0.0
2015-03-02,0.0
2015-03-03,0.0
2015-03-04,0.0
2015-03-05,0.0
2015-03-06,0.809349000453949
2015-03-07,2.5028669834136963
2015-03-08,0.1853552758693695
2015-03-09,0.47934281826019287
2015-03-10,0.251503586769104
2015-03-11,1.5747063159942627
2015-03-12,3.853713274002075
2015-03-13,0.5437487959861755
2015-03-14,1.4397324323654175
2015-03-15,0.806246280670166
2015-03-16,4.3087687492370605
2015-03-17,1.485870361328125
2015-03-18,2.1946969032287598
2015-03-19,1.5623581409454346
2015-03-20,0.3351934552192688
2015-03-21,7.024860382080078
2015-03-22,6.976594924926758
2015-03-23,1.534303903579712
2015-03-24,13.043338775634766
2015-03-25,0.0
2015-03-26,0.0
2015-03-27,0.0
2015-03-28,0.0
2015-03-29,0.0
2015-03-30,0.0
2015-03-31,0.0
2015-04-01,0.0
2015-04-02,0.0
2015-04-03,0.0
2015-04-04,0.0
2015-04-05,0.0
2015-04-06,0.0
2015-04-07,1.8041568994522095
2015-04-08,0.0
2015-04-09,5.412470817565918
2015-04-10,0.0
2015-04-11,1.3568947315216064
2015-04-12,0.1979009062051773
2015-04-13,0.2777709364891052
2015-04-14,0.0
2015-04-15,0.0
2015-04-16,0.0
2015-04-17,0.0
2015-04-18,0.0
2015-04-19,0.0
2015-04-20,0.0
2015-04-21,0.0
2015-04-22,0.0
2015-04-23,0.0
2015-04-24,0.0
2015-04-25,0.0
2015-04-26,0.0
2015-04-27,0.0
2015-04-28,0.0
2015-04-29,0.0
2015-04-30,0.0
2015-05-01,0.0
2015-05-02,0.0
2015-05-03,0.0
2015-05-04,0.0
2015-05-05,0.0
2015-05-06,0.0
2015-05-07,0.0
2015-05-08,0.0
2015-05-09,0.0
2015-05-10,0.0
2015-05-11,0.0
2015-05-12,0.0
2015-05-13,0.0
2015-05-14,0.0
2015-05-15,0.0
2015-05-16,0.0
2015-05-17,0.0
2015-05-18,0.0
2015-05-19,0.0
2015-05-20,0.0
2015-05-21,0.0
2015-05-22,0.0
2015-05-23,0.0
2015-05-24,0.0
2015-05-25,0.0
2015-05-26,0.0
2015-05-27,0.0
2015-05-28,0.0
2015-05-29,0.0
2015-05-30,0.0
2015-05-31,0.0
2015-06-01,0.0
2015-06-02,0.0
2015-06-03,0.0
2015-06-04,0.0
2015-06-05,0.0
2015-06-06,0.0
2015-06-07,0.0
2015-06-08,0.0
2015-06-09,0.0
2015-06-10,0.0
2015-06-11,0.0
2015-06-12,0.0
2015-06-13,0.0
2015-06-14,0.0
2015-06-15,0.0
2015-06-16,0.0
2015-06-17,0.0
2015-06-18,0.0
2015-06-19,0.0
2015-06-20,0.0
2015-06-21,0.0
2015-06-22,0.0
2015-06-23,0.0
2015-06-24,0.0
2015-06-25,0.0
2015-06-26,0.0
2015-06-27,0.0022678887471556664
2015-06-28,0.2657373547554016
2015-06-29,0.026820247992873192
2015-06-30,0.0
2015-07-01,0.0016794342081993818
2015-07-02,0.0
2015-07-03,0.0
2015-07-04,0.3633175790309906
2015-07-05,0.0
2015-07-06,0.0
2015-07-07,0.0
2015-07-08,0.0
2015-07-09,0.0
2015-07-10,0.0
2015-07-11,0.0
2015-07-12,0.0
2015-07-13,0.0
2015-07-14,0.0
2015-07-15,0.0
2015-07-16,0.0
2015-07-17,0.0
2015-07-18,0.0
2015-07-19,0.0
2015-07-20,0.0
2015-07-21,0.0
2015-07-22,0.0
2015-07-23,0.0
2015-07-24,0.0
2015-07-25,0.0
2015-07-26,0.0
2015-07-27,0.0
2015-07-28,0.0
2015-07-29,0.0
2015-07-30,0.0
2015-07-31,0.0
2015-08-01,0.0
2015-08-02,0.0
2015-08-03,0.0
2015-08-04,0.0
2015-08-05,0.0
2015-08-06,0.0
2015-08-07,0.0
2015-08-08,0.0
2015-08-09,0.0
2015-08-10,0.0
2015-08-11,0.0
2015-08-12,0.0
2015-08-13,1.3328794240951538
2015-08-14,0.0
2015-08-15,0.0
2015-08-16,0.0
2015-08-17,0.0
2015-08-18,0.0
2015-08-19,0.0
2015-08-20,0.0
2015-08-21,0.0
2015-08-22,0.0
2015-08-23,0.0
2015-08-24,0.0
2015-08-25,0.0
2015-08-26,0.0
2015-08-27,0.0
2015-08-28,0.0
2015-08-29,0.0
2015-08-30,0.0
2015-08-31,0.0
2015-09-01,0.0
2015-09-02,0.0
2015-09-03,0.0
2015-09-04,0.0
2015-09-05,0.0
2015-09-06,0.0
2015-09-07,0.0
2015-09-08,0.0
2015-09-09,0.0
2015-09-10,0.0
2015-09-11,0.0
2015-09-12,0.0
2015-09-13,0.0
2015-09-14,0.0
2015-09-15,0.0
2015-09-16,0.0
2015-09-17,0.0
2015-09-18,0.0
2015-09-19,0.0
2015-09-20,0.0
2015-09-21,0.0
2015-09-22,0.0
2015-09-23,0.0
2015-09-24,0.0
2015-09-25,0.0
2015-09-26,0.0
2015-09-27,0.0
2015-09-28,0.0
2015-09-29,0.0
2015-09-30,0.0
2015-10-01,1.0944117307662964
2015-10-02,1.0944117307662964
2015-10-03,6.566470623016357
2015-10-04,1.0944117307662964
2015-10-05,1.0944117307662964
2015-10-06,0.00880605448037386
2015-10-07,0.00880605448037386
2015-10-08,0.052836328744888306
2015-10-09,0.00880605448037386
2015-10-10,0.00880605448037386
2015-10-11,0.0
2015-10-12,0.0
2015-10-13,0.0
2015-10-14,0.0
2015-10-15,0.0
2015-10-16,0.0
2015-10-17,0.0
2015-10-18,5.375763416290283
2015-10-19,0.1382254809141159
2015-10-20,0.0
2015-10-21,0.0
2015-10-22,0.0
2015-10-23,0.0
2015-10-24,0.0
2015-10-25,0.0
2015-10-26,0.0
2015-10-27,0.0
2015-10-28,0.0
2015-10-29,0.0
2015-10-30,0.0
2015-10-31,0.0
2015-11-01,0.0
2015-11-02,0.0
2015-11-03,0.0
2015-11-04,0.0
2015-11-05,0.0
2015-11-06,0.0
2015-11-07,0.0
2015-11-08,0.0
2015-11-09,0.0
2015-11-10,0.0
2015-11-11,3.7008213996887207
2015-11-12,3.7008213996887207
2015-11-13,3.7008213996887207
2015-11-14,3.7008213996887207
2015-11-15,3.7008213996887207
2015-11-16,0.0
2015-11-17,0.0
2015-11-18,0.0
2015-11-19,0.0
2015-11-20,0.0
2015-11-21,0.0
2015-11-22,0.0
2015-11-23,0.0
2015-11-24,0.0
2015-11-25,0.0
2015-11-26,0.3121609687805176
2015-11-27,0.3121609687805176
2015-11-28,0.3121609687805176
2015-11-29,0.3121609687805176
2015-11-30,0.3121609687805176
2015-12-01,8.933412551879883
2015-12-02,1.488901972770691
2015-12-03,1.488901972770691
2015-12-04,1.488901972770691
2015-12-05,1.488901972770691
2015-12-06,0.0
2015-12-07,0.0
2015-12-08,0.0
2015-12-09,0.0
2015-12-10,0.0
2015-12-11,0.0
2015-12-12,0.0
2015-12-13,0.0
2015-12-14,0.0
2015-12-15,0.0
2015-12-16,0.0
2015-12-17,0.0
2015-12-18,0.0
2015-12-19,0.0
2015-12-20,0.0
2015-12-21,1.7690709829330444
2015-12-22,1.7690709829330444
2015-12-23,1.7690709829330444
2015-12-24,1.7690709829330444
2015-12-25,10.614426612854004
2015-12-26,0.0
2015-12-27,0.0
2015-12-28,0.0
2015-12-29,0.0
2015-12-30,0.0
2015-12-31,0.0
2016-01-01,0.0
2016-01-02,0.0
2016-01-03,0.0
2016-01-04,0.0
2016-01-05,0.0
2016-01-06,0.0
2016-01-07,0.0
2016-01-08,0.0
2016-01-09,0.0
2016-01-10,0.0
2016-01-11,0.0
2016-01-12,0.0
2016-01-13,0.0
2016-01-14,0.0
2016-01-15,0.0
2016-01-16,0.0
2016-01-17,0.0
2016-01-18,0.0
2016-01-19,0.0
2016-01-20,0.0
2016-01-21,0.0
2016-01-22,0.0
2016-01-23,0.0
2016-01-24,0.0
2016-01-25,0.0
2016-01-26,0.0
2016-01-27,0.0
2016-01-28,0.0
2016-01-29,0.0
2016-01-30,0.0
2016-01-31,0.0
2016-02-01,0.0
2016-02-02,0.0
2016-02-03,0.0
2016-02-04,0.0
2016-02-05,0.0
2016-02-06,0.0
2016-02-07,3.72983980178833
2016-02-08,0.613256573677063
2016-02-09,0.6121266484260559
2016-02-10,4.625381946563721
2016-02-11,0.2897804081439972
2016-02-12,0.06740527600049973
2016-02-13,0.09117835760116577
2016-02-14,2.9940831661224365
2016-02-15,3.3520045280456543
2016-02-16,3.1034085750579834
2016-02-17,1.4327313899993896
2016-02-18,1.7431490421295166
2016-02-19,0.73654705286026
2016-02-20,0.19342152774333954
2016-02-21,1.6554813385009766
2016-02-22,0.6883426308631897
2016-02-23,1.8892019987106323
2016-02-24,2.133037567138672
2016-02-25,18.145708084106445
2016-02-26,0.0
2016-02-27,0.0
2016-02-28,0.0
2016-02-29,0.0
2016-03-01,0.0
2016-03-02,0.0
2016-03-03,0.0
2016-03-04,0.0
2016-03-05,0.0
2016-03-06,0.0
2016-03-07,0.0
2016-03-08,0.0
2016-03-09,0.0
2016-03-10,0.0
2016-03-11,0.0
2016-03-12,0.0
2016-03-13,0.0
2016-03-14,0.0
2016-03-15,0.0
2016-03-16,0.0
2016-03-17,0.0
2016-03-18,0.0
2016-03-19,0.0
2016-03-20,0.0
2016-03-21,0.0
2016-03-22,0.0
2016-03-23,0.0
2016-03-24,0.0
2016-03-25,0.0
2016-03-26,0.0
2016-03-27,0.0
2016-03-28,0.0
2016-03-29,0.0
2016-03-30,0.0
2016-03-31,0.0
2016-04-01,0.0
2016-04-02,0.0
2016-04-03,0.0
2016-04-04,0.0
2016-04-05,0.0
2016-04-06,0.0
2016-04-07,0.0
2016-04-08,0.0
2016-04-09,2.76450777053833
2016-04-10,0.0
2016-04-11,0.0
2016-04-12,0.0
2016-04-13,0.0
2016-04-14,0.0
2016-04-15,0.0
2016-04-16,0.170408695936203
2016-04-17,0.0
2016-04-18,8.053548812866211
2016-04-19,1.6886935234069824
2016-04-20,0.0
2016-04-21,0.0
2016-04-22,0.0
2016-04-23,0.0
2016-04-24,0.0
2016-04-25,0.0
2016-04-26,0.0
2016-04-27,0.0
2016-04-28,0.0
2016-04-29,0.0
2016-04-30,0.0
2016-05-01,0.0
2016-05-02,0.0
2016-05-03,0.0
2016-05-04,0.0
2016-05-05,0.0
2016-05-06,0.0
2016-05-07,0.0
2016-05-08,0.0
2016-05-09,0.0
2016-05-10,0.0
2016-05-11,0.0
2016-05-12,0.0
2016-05-13,0.0
2016-05-14,0.0
2016-05-15,0.0
2016-05-16,0.0
2016-05-17,0.0
2016-05-18,0.0
2016-05-19,0.0
2016-05-20,0.0
2016-05-21,0.0
2016-05-22,0.0
2016-05-23,0.0
2016-05-24,0.0
2016-05-25,0.0
2016-05-26,0.0
2016-05-27,0.0
2016-05-28,0.0
2016-05-29,0.0
2016-05-30,0.0
2016-05-31,0.0
2016-06-01,0.0
2016-06-02,0.0
2016-06-03,0.0
2016-06-04,0.0
2016-06-05,0.0
2016-06-06,0.0
2016-06-07,0.0
2016-06-08,0.0
2016-06-09,0.0
2016-06-10,0.0
2016-06-11,0.0
2016-06-12,0.0
2016-06-13,0.0
2016-06-14,0.0
2016-06-15,0.0
2016-06-16,0.0
2016-06-17,0.0
2016-06-18,0.0
2016-06-19,0.0
2016-06-20,0.0
2016-06-21,0.020733093842864037
2016-06-22,0.020733093842864037
2016-06-23,0.020733093842864037
2016-06-24,0.020733093842864037
2016-06-25,0.020733093842864037
2016-06-26,0.033323124051094055
2016-06-27,0.033323124051094055
2016-06-28,0.033323124051094055
2016-06-29,0.033323124051094055
2016-06-30,0.033323124051094055
2016-07-01,0.0
2016-07-02,0.0
2016-07-03,0.0
2016-07-04,0.0
2016-07-05,0.0
2016-07-06,0.0
2016-07-07,0.0
2016-07-08,0.0
2016-07-09,0.0
2016-07-10,0.0
2016-07-11,0.0
2016-07-12,0.0
2016-07-13,0.0
2016-07-14,0.0
2016-07-15,0.0
2016-07-16,0.0
2016-07-17,0.0
2016-07-18,0.0
2016-07-19,0.0
2016-07-20,0.0
2016-07-21,0.0
2016-07-22,0.0
2016-07-23,0.0
2016-07-24,0.0
2016-07-25,0.0
2016-07-26,0.0
2016-07-27,0.0
2016-07-28,0.0
2016-07-29,0.0
2016-07-30,0.0
2016-07-31,0.0
2016-08-01,0.0
2016-08-02,0.0
2016-08-03,0.0
2016-08-04,0.0
2016-08-05,0.0
2016-08-06,0.0
2016-08-07,0.0
2016-08-08,0.0
2016-08-09,0.0
2016-08-10,0.0
2016-08-11,0.0
2016-08-12,0.0
2016-08-13,0.0
2016-08-14,0.0
2016-08-15,0.0
2016-08-16,0.0
2016-08-17,0.0
2016-08-18,0.0
2016-08-19,0.0
2016-08-20,0.0
2016-08-21,0.0
2016-08-22,0.0
2016-08-23,0.0
2016-08-24,0.0
2016-08-25,0.0
2016-08-26,0.19364576041698456
2016-08-27,0.19364576041698456
2016-08-28,1.355520248413086
2016-08-29,0.19364576041698456
2016-08-30,0.19364576041698456
2016-08-31,0.19364576041698456
2016-09-01,0.0
2016-09-02,0.0
2016-09-03,0.0
2016-09-04,0.0
2016-09-05,0.0
2016-09-06,0.0
2016-09-07,0.0
2016-09-08,0.0
2016-09-09,0.0
2016-09-10,0.0
2016-09-11,0.0
2016-09-12,0.0
2016-09-13,0.0
2016-09-14,0.0
2016-09-15,0.0
2016-09-16,0.0
2016-09-17,0.0
2016-09-18,0.0
2016-09-19,0.0
2016-09-20,0.0
2016-09-21,0.0
2016-09-22,0.0
2016-09-23,0.0
2016-09-24,0.0
2016-09-25,0.0
2016-09-26,0.0
2016-09-27,0.0
2016-09-28,0.0
2016-09-29,0.0
2016-09-30,0.0
2016-10-01,0.0
2016-10-02,0.0
2016-10-03,0.0
2016-10-04,0.0
2016-10-05,0.0
2016-10-06,0.0
2016-10-07,0.0
2016-10-08,0.0
2016-10-09,0.0
2016-10-10,0.0
2016-10-11,0.15465372800827026
2016-10-12,0.15465372800827026
2016-10-13,0.15465372800827026
2016-10-14,0.15465372800827026
2016-10-15,0.15465372800827026
2016-10-16,0.0
2016-10-17,15.358002662658691
2016-10-18,0.0
2016-10-19,0.0
2016-10-20,0.0
2016-10-21,0.0
2016-10-22,0.0
2016-10-23,0.0
2016-10-24,0.0
2016-10-25,0.0
2016-10-26,0.0
2016-10-27,0.0
2016-10-28,0.0
2016-10-29,0.0
2016-10-30,0.0
2016-10-31,0.0
2016-11-01,0.0
2016-11-02,0.0
2016-11-03,0.0
2016-11-04,0.0
2016-11-05,0.0
2016-11-06,0.0
2016-11-07,0.0
2016-11-08,0.0
2016-11-09,0.0
2016-11-10,0.0
2016-11-11,0.0
2016-11-12,0.0
2016-11-13,0.0
2016-11-14,0.0
2016-11-15,0.0
2016-11-16,0.0
2016-11-17,0.0
2016-11-18,0.0
2016-11-19,0.0
2016-11-20,0.0
2016-11-21,0.0
2016-11-22,0.0
2016-11-23,0.0
2016-11-24,0.0
2016-11-25,0.0
2016-11-26,0.0
2016-11-27,0.0
2016-11-28,0.0
2016-11-29,0.0
2016-11-30,5.491390228271484
2016-12-01,0.0
2016-12-02,0.0
2016-12-03,0.0
2016-12-04,0.0
2016-12-05,0.0
2016-12-06,0.0
2016-12-07,0.0
2016-12-08,0.0
2016-12-09,0.0
2016-12-10,0.0
2016-12-11,0.0
2016-12-12,0.0
2016-12-13,0.0
2016-12-14,0.0
2016-12-15,0.0
2016-12-16,0.0
2016-12-17,0.0
2016-12-18,0.0
2016-12-19,0.0
2016-12-20,0.0
2016-12-21,0.28119710087776184
2016-12-22,0.012373174540698528
2016-12-23,0.0
2016-12-24,0.14891795814037323
2016-12-25,0.0
2016-12-26,0.0
2016-12-27,0.0
2016-12-28,0.0
2016-12-29,0.37928593158721924
2016-12-30,6.9257612228393555
2016-12-31,0.8571861982345581
2017-01-01,0.0
2017-01-02,0.0
2017-01-03,0.0
2017-01-04,0.0
2017-01-05,0.0
2017-01-06,4.800642967224121
2017-01-07,6.761071681976318
2017-01-08,15.543108940124512
2017-01-09,3.8823938369750977
2017-01-10,7.281907081604004
2017-01-11,2.491661310195923
2017-01-12,2.004244804382324
2017-01-13,0.0
2017-01-14,0.0012704470427706838
2017-01-15,9.424383163452148
2017-01-16,5.836129665374756
2017-01-17,0.11337779462337494
2017-01-18,0.0013742761220782995
2017-01-19,0.12616710364818573
2017-01-20,0.0
2017-01-21,0.0
2017-01-22,0.0
2017-01-23,0.0
2017-01-24,0.0
2017-01-25,0.0
2017-01-26,0.0
2017-01-27,0.0
2017-01-28,0.0
2017-01-29,0.0
2017-01-30,0.0
2017-01-31,0.0
2017-02-01,0.0
2017-02-02,0.0
2017-02-03,0.0
2017-02-04,0.0
2017-02-05,0.0
2017-02-06,0.0
2017-02-07,0.0
2017-02-08,0.0
2017-02-09,0.0
2017-02-10,0.0
2017-02-11,0.0
2017-02-12,0.0
2017-02-13,0.0
2017-02-14,0.0
2017-02-15,0.0
2017-02-16,0.0
2017-02-17,0.0
2017-02-18,0.0
2017-02-19,0.0
2017-02-20,0.0
2017-02-21,3.770259380340576
2017-02-22,0.1034306064248085
2017-02-23,1.5611295700073242
2017-02-24,1.505902886390686
2017-02-25,3.6939501762390137
2017-02-26,6.979214668273926
2017-02-27,1.6864769458770752
2017-02-28,3.9714763164520264
2017-03-01,1.4197453260421753
2017-03-02,3.9744603633880615
2017-03-03,0.29902786016464233
2017-03-04,0.0
2017-03-05,0.09591645747423172
2017-03-06,3.83259654045105
2017-03-07,0.32081523537635803
2017-03-08,0.7591843008995056
2017-03-09,0.08020380884408951
2017-03-10,2.9588351249694824
2017-03-11,1.9705758094787598
2017-03-12,0.2529793381690979
2017-03-13,0.874607264995575
2017-03-14,0.0
2017-03-15,0.40975868701934814
2017-03-16,0.0
2017-03-17,0.0
2017-03-18,0.0
2017-03-19,0.0
2017-03-20,0.0
2017-03-21,0.0
2017-03-22,0.0
2017-03-23,0.0
2017-03-24,0.0
2017-03-25,0.0
2017-03-26,0.0
2017-03-27,0.0
2017-03-28,0.0
2017-03-29,0.0
2017-03-30,0.0
2017-03-31,0.0
2017-04-01,0.0
2017-04-02,0.0
2017-04-03,0.0
2017-04-04,0.0
2017-04-05,0.0
2017-04-06,0.0
2017-04-07,0.0
2017-04-08,0.0
2017-04-09,0.0
2017-04-10,0.0
2017-04-11,0.0
2017-04-12,0.0
2017-04-13,0.0
2017-04-14,0.0
2017-04-15,0.0
2017-04-16,0.0
2017-04-17,0.0
2017-04-18,0.0
2017-04-19,0.0
2017-04-20,0.0
2017-04-21,0.0
2017-04-22,0.0
2017-04-23,0.0
2017-04-24,0.2949259281158447
2017-04-25,0.24631346762180328
2017-04-26,0.0
2017-04-27,0.0
2017-04-28,0.0
2017-04-29,0.0
2017-04-30,0.0
2017-05-01,0.0
2017-05-02,0.0
2017-05-03,0.0
2017-05-04,0.0
2017-05-05,0.0
2017-05-06,0.0
2017-05-07,0.0
2017-05-08,0.0
2017-05-09,0.0
2017-05-10,0.0
2017-05-11,1.4458028078079224
2017-05-12,0.24096713960170746
2017-05-13,0.24096713960170746
2017-05-14,0.24096713960170746
2017-05-15,0.24096713960170746
2017-05-16,1.1359302997589111
2017-05-17,0.18932171165943146
2017-05-18,0.18932171165943146
2017-05-19,0.18932171165943146
2017-05-20,0.18932171165943146
2017-05-21,0.0
2017-05-22,0.0
2017-05-23,18.09876823425293
2017-05-24,0.0
2017-05-25,0.0
2017-05-26,0.0
2017-05-27,25.554750442504883
2017-05-28,0.0
2017-05-29,0.0
2017-05-30,0.0
2017-05-31,0.0
2017-06-01,0.0
2017-06-02,0.0
2017-06-03,0.0
2017-06-04,0.0
2017-06-05,0.0
2017-06-06,0.0
2017-06-07,3.041419744491577
2017-06-08,0.12165679782629013
2017-06-09,0.0
2017-06-10,0.0
2017-06-11,0.0
2017-06-12,0.0
2017-06-13,0.0
2017-06-14,0.0
2017-06-15,0.0
2017-06-16,0.0
2017-06-17,0.0
2017-06-18,0.0
2017-06-19,0.0
2017-06-20,0.0
2017-06-21,0.0
2017-06-22,0.0
2017-06-23,0.0
2017-06-24,0.0
2017-06-25,0.0
2017-06-26,0.0
2017-06-27,0.0
2017-06-28,0.0
2017-06-29,0.0
2017-06-30,0.0
2017-07-01,0.0
2017-07-02,0.0
2017-07-03,0.0
2017-07-04,0.0
2017-07-05,0.0
2017-07-06,0.0
2017-07-07,0.0
2017-07-08,0.0
2017-07-09,0.0
2017-07-10,0.0
2017-07-11,0.0
2017-07-12,0.0
2017-07-13,0.0
2017-07-14,0.0
2017-07-15,0.0
2017-07-16,0.0
2017-07-17,0.0
2017-07-18,0.0
2017-07-19,0.0
2017-07-20,0.0
2017-07-21,0.0
2017-07-22,0.0
2017-07-23,0.0
2017-07-24,0.0
2017-07-25,0.0
2017-07-26,0.0
2017-07-27,0.0
2017-07-28,0.0
2017-07-29,0.0
2017-07-30,0.0
2017-07-31,0.0
2017-08-01,0.0
2017-08-02,0.0
2017-08-03,0.0
2017-08-04,0.0
2017-08-05,0.0
2017-08-06,0.0
2017-08-07,0.0
2017-08-08,0.0
2017-08-09,0.0
2017-08-10,0.0
2017-08-11,0.0
2017-08-12,0.0
2017-08-13,0.0
2017-08-14,0.0
2017-08-15,0.0
2017-08-16,0.0
2017-08-17,0.0
2017-08-18,0.0
2017-08-19,0.0
2017-08-20,0.0
2017-08-21,0.0
2017-08-22,0.0
2017-08-23,0.0
2017-08-24,0.0
2017-08-25,0.0
2017-08-26,0.0
2017-08-27,0.0
2017-08-28,0.0
2017-08-29,0.0
2017-08-30,0.0
2017-08-31,0.0
2017-09-01,0.0
2017-09-02,0.0
2017-09-03,0.0
2017-09-04,0.0
2017-09-05,0.0
2017-09-06,0.16734956204891205
2017-09-07,0.16734956204891205
2017-09-08,0.16734956204891205
2017-09-09,0.16734956204891205
2017-09-10,0.16734956204891205
2017-09-11,0.0
2017-09-12,0.0
2017-09-13,0.0
2017-09-14,0.0
2017-09-15,0.0
2017-09-16,0.0
2017-09-17,0.0
2017-09-18,0.0
2017-09-19,0.0
2017-09-20,0.0
2017-09-21,0.0
2017-09-22,0.0
2017-09-23,0.0
2017-09-24,0.0
2017-09-25,0.0
2017-09-26,0.0
2017-09-27,0.0
2017-09-28,0.0
2017-09-29,0.0
2017-09-30,0.0
2017-10-01,0.0
2017-10-02,0.0
2017-10-03,0.0
2017-10-04,0.0
2017-10-05,0.0
2017-10-06,0.0
2017-10-07,0.0
2017-10-08,0.0
2017-10-09,0.0
2017-10-10,0.0
2017-10-11,0.0
2017-10-12,0.0
2017-10-13,0.0
2017-10-14,0.0
2017-10-15,26.451406478881836
2017-10-16,0.0
2017-10-17,0.0
2017-10-18,0.0
2017-10-19,0.0
2017-10-20,0.0
2017-10-21,0.0
2017-10-22,0.0
2017-10-23,0.0
2017-10-24,0.0
2017-10-25,0.0
2017-10-26,0.0
2017-10-27,0.0
2017-10-28,0.0
2017-10-29,0.0
2017-10-30,0.0
2017-10-31,0.0
2017-11-01,1.4432696104049683
2017-11-02,8.659618377685547
2017-11-03,1.4432696104049683
2017-11-04,1.4432696104049683
2017-11-05,1.4432696104049683
2017-11-06,0.0
2017-11-07,0.0
2017-11-08,0.0
2017-11-09,0.0
2017-11-10,0.0
2017-11-11,0.0
2017-11-12,0.0
2017-11-13,0.0
2017-11-14,0.0
2017-11-15,0.0
2017-11-16,0.0
2017-11-17,0.0
2017-11-18,0.0
2017-11-19,0.0
2017-11-20,0.0
2017-11-21,0.0
2017-11-22,0.0
2017-11-23,0.0
2017-11-24,0.0
2017-11-25,0.0
2017-11-26,0.0
2017-11-27,0.0
2017-11-28,0.0
2017-11-29,0.0
2017-11-30,0.0
2017-12-01,0.0
2017-12-02,0.0
2017-12-03,0.0
2017-12-04,0.0
2017-12-05,0.0
2017-12-06,0.0
2017-12-07,0.0
2017-12-08,0.0
2017-12-09,0.0
2017-12-10,0.0
2017-12-11,0.0
2017-12-12,0.0
2017-12-13,0.0
2017-12-14,0.0
2017-12-15,0.0
2017-12-16,0.0
2017-12-17,0.0631331279873848
2017-12-18,1.6405657529830933
2017-12-19,0.0
2017-12-20,0.5480492115020752
2017-12-21,1.6244832277297974
2017-12-22,1.8301013708114624
2017-12-23,0.09971741586923599
2017-12-24,0.0
2017-12-25,0.0
2017-12-26,0.0
2017-12-27,0.0
2017-12-28,0.40543490648269653
2017-12-29,1.990610122680664
2017-12-30,0.6471665501594543
2017-12-31,0.0
2018-01-01,0.0
2018-01-02,0.0
2018-01-03,0.0
2018-01-04,0.0
2018-01-05,0.0
2018-01-06,0.0
2018-01-07,0.0
2018-01-08,0.0
2018-01-09,0.0
2018-01-10,0.0
2018-01-11,0.5456397533416748
2018-01-12,1.1091934442520142
2018-01-13,0.38591477274894714
2018-01-14,0.002522556111216545
2018-01-15,0.16817040741443634
2018-01-16,0.14566342532634735
2018-01-17,0.13562996685504913
2018-01-18,0.6680229306221008
2018-01-19,6.296512603759766
2018-01-20,1.8087965250015259
2018-01-21,0.0
2018-01-22,0.07716817408800125
2018-01-23,0.03759589418768883
2018-01-24,0.0
2018-01-25,3.9854378700256348
2018-01-26,0.8982062935829163
2018-01-27,0.4460882246494293
2018-01-28,0.40126222372055054
2018-01-29,2.1971349716186523
2018-01-30,3.1710801124572754
2018-01-31,4.008009910583496
2018-02-01,13.6351957321167
2018-02-02,4.196829795837402
2018-02-03,13.341588973999023
2018-02-04,1.2902697324752808
2018-02-05,2.5941858291625977
2018-02-06,2.176809787750244
2018-02-07,1.0286227464675903
2018-02-08,0.31242623925209045
2018-02-09,1.2297773361206055
2018-02-10,8.064271926879883
2018-02-11,3.2958693504333496
2018-02-12,1.0197385549545288
2018-02-13,7.3092241287231445
2018-02-14,0.8306360840797424
2018-02-15,1.6775051355361938
2018-02-16,0.5639791488647461
2018-02-17,0.10126486420631409
2018-02-18,0.0
2018-02-19,0.0
2018-02-20,0.0
2018-02-21,0.0
2018-02-22,0.0
2018-02-23,0.0
2018-02-24,0.0
2018-02-25,0.0
2018-02-26,0.0
2018-02-27,0.0
2018-02-28,0.0
2018-03-01,0.0
2018-03-02,0.0
2018-03-03,0.0
2018-03-04,0.0
2018-03-05,0.0
2018-03-06,0.0
2018-03-07,0.0
2018-03-08,0.0
2018-03-09,0.0
2018-03-10,0.0
2018-03-11,0.0
2018-03-12,0.0
2018-03-13,0.0
2018-03-14,0.0
2018-03-15,0.0
2018-03-16,7.255594730377197
2018-03-17,3.529205083847046
2018-03-18,6.871790409088135
2018-03-19,4.90007209777832
2018-03-20,0.3153698444366455
2018-03-21,0.0
2018-03-22,0.0
2018-03-23,0.0
2018-03-24,0.0
2018-03-25,0.0
2018-03-26,0.0
2018-03-27,0.0
2018-03-28,0.0
2018-03-29,0.0
2018-03-30,0.0
2018-03-31,0.0
2018-04-01,0.0
2018-04-02,0.0
2018-04-03,0.0
2018-04-04,0.0
2018-04-05,0.0
2018-04-06,0.0
2018-04-07,0.0
2018-04-08,0.0
2018-04-09,0.0
2018-04-10,0.0
2018-04-11,0.0
2018-04-12,0.0
2018-04-13,0.0
2018-04-14,0.0
2018-04-15,0.0
2018-04-16,0.0
2018-04-17,0.0
2018-04-18,0.0
2018-04-19,0.0
2018-04-20,0.0
2018-04-21,0.0
2018-04-22,0.0
2018-04-23,0.0
2018-04-24,0.0
2018-04-25,0.0
2018-04-26,15.397656440734863
2018-04-27,3.0191221237182617
2018-04-28,0.0
2018-04-29,0.0
2018-04-30,0.0
2018-05-01,0.0
2018-05-02,0.0
2018-05-03,0.0
2018-05-04,0.0
2018-05-05,0.0
2018-05-06,0.0
2018-05-07,0.0
2018-05-08,0.0
2018-05-09,5.503901481628418
2018-05-10,0.051438331604003906
2018-05-11,0.0
2018-05-12,0.0
2018-05-13,0.0
2018-05-14,0.0
2018-05-15,0.0
2018-05-16,0.0
2018-05-17,0.0
2018-05-18,0.0
2018-05-19,0.0
2018-05-20,0.0
2018-05-21,0.0
2018-05-22,0.0
2018-05-23,0.0
2018-05-24,0.0
2018-05-25,0.0
2018-05-26,0.0
2018-05-27,0.0
2018-05-28,0.0
2018-05-29,0.0
2018-05-30,0.0
2018-05-31,0.0
2018-06-01,0.0
2018-06-02,0.0
2018-06-03,4.128736972808838
2018-06-04,0.0
2018-06-05,0.0
2018-06-06,0.0
2018-06-07,0.0
2018-06-08,0.0
2018-06-09,0.0
2018-06-10,0.0
2018-06-11,0.0
2018-06-12,0.0
2018-06-13,0.0
2018-06-14,0.0
2018-06-15,0.0
2018-06-16,0.0
2018-06-17,0.0
2018-06-18,0.0
2018-06-19,0.0
2018-06-20,0.0
2018-06-21,0.0
2018-06-22,0.0
2018-06-23,0.0
2018-06-24,0.0
2018-06-25,0.0
2018-06-26,0.0
2018-06-27,0.0
2018-06-28,0.0
2018-06-29,0.0
2018-06-30,0.0
2018-07-01,0.0
2018-07-02,0.0
2018-07-03,0.0
2018-07-04,0.0
2018-07-05,0.0
2018-07-06,0.0
2018-07-07,0.0
2018-07-08,0.0
2018-07-09,0.0
2018-07-10,0.0
2018-07-11,0.0
2018-07-12,0.026945630088448524
2018-07-13,0.09050175547599792
2018-07-14,0.002706160768866539
2018-07-15,0.0
2018-07-16,0.0
2018-07-17,0.0
2018-07-18,0.0
2018-07-19,0.0
2018-07-20,0.0
2018-07-21,0.4408385157585144
2018-07-22,0.0
2018-07-23,0.0
2018-07-24,0.0
2018-07-25,0.0
2018-07-26,0.0
2018-07-27,0.0
2018-07-28,0.0
2018-07-29,0.0
2018-07-30,0.0
2018-07-31,0.0
2018-08-01,0.07465533167123795
2018-08-02,0.07465533167123795
2018-08-03,0.44793200492858887
2018-08-04,0.07465533167123795
2018-08-05,0.07465533167123795
2018-08-06,0.0
2018-08-07,0.0
2018-08-08,0.0
2018-08-09,0.0
2018-08-10,0.0
2018-08-11,0.0
2018-08-12,0.0
2018-08-13,0.0
2018-08-14,0.0
2018-08-15,0.0
2018-08-16,0.0
2018-08-17,0.0
2018-08-18,0.0
2018-08-19,0.0
2018-08-20,0.0
2018-08-21,0.0
2018-08-22,0.0
2018-08-23,0.0
2018-08-24,0.0
2018-08-25,0.0
2018-08-26,0.0
2018-08-27,0.0
2018-08-28,0.0
2018-08-29,0.0
2018-08-30,0.0
2018-08-31,0.0
2018-09-01,0.0
2018-09-02,0.0
2018-09-03,0.0
2018-09-04,0.0
2018-09-05,0.0
2018-09-06,0.0
2018-09-07,0.0
2018-09-08,0.0
2018-09-09,0.0
2018-09-10,0.0
2018-09-11,0.0
2018-09-12,0.0
2018-09-13,0.0
2018-09-14,0.0
2018-09-15,0.0
2018-09-16,0.0
2018-09-17,0.0
2018-09-18,0.0
2018-09-19,0.0
2018-09-20,0.0
2018-09-21,0.0
2018-09-22,0.0
2018-09-23,0.0
2018-09-24,0.0
2018-09-25,0.0
2018-09-26,0.0
2018-09-27,0.0
2018-09-28,0.0
2018-09-29,0.0
2018-09-30,0.0
2018-10-01,0.0
2018-10-02,0.0
2018-10-03,0.0
2018-10-04,0.0
2018-10-05,0.0
2018-10-06,0.0
2018-10-07,0.0
2018-10-08,0.0
2018-10-09,0.0
2018-10-10,0.0
2018-10-11,0.0
2018-10-12,0.0
2018-10-13,0.0
2018-10-14,0.0
2018-10-15,0.0
2018-10-16,0.0
2018-10-17,0.0
2018-10-18,0.0
2018-10-19,0.0
2018-10-20,0.0
2018-10-21,0.0
2018-10-22,0.0
2018-10-23,0.0
2018-10-24,0.0
2018-10-25,0.0
2018-10-26,0.0
2018-10-27,0.0
2018-10-28,0.0
2018-10-29,0.0
2018-10-30,0.0
2018-10-31,0.0
2018-11-01,0.0
2018-11-02,0.0
2018-11-03,0.0
2018-11-04,0.0
2018-11-05,0.0
2018-11-06,0.0
2018-11-07,0.0
2018-11-08,0.0
2018-11-09,0.0
2018-11-10,0.0
2018-11-11,0.0
2018-11-12,0.0
2018-11-13,0.0
2018-11-14,0.0
2018-11-15,0.0
2018-11-16,0.0
2018-11-17,0.0
2018-11-18,0.0
2018-11-19,0.0
2018-11-20,0.0
2018-11-21,0.0
2018-11-22,0.0
2018-11-23,0.0
2018-11-24,0.0
2018-11-25,0.0
2018-11-26,0.0
2018-11-27,0.0
2018-11-28,0.0
2018-11-29,0.0
2018-11-30,0.0
2018-12-01,0.0
2018-12-02,0.0
2018-12-03,0.0
2018-12-04,0.0
2018-12-05,0.0
2018-12-06,0.0
2018-12-07,0.0
2018-12-08,0.0
2018-12-09,0.0
2018-12-10,0.0
2018-12-11,0.0
2018-12-12,0.0
2018-12-13,0.0
2018-12-14,0.0
2018-12-15,0.0
2018-12-16,0.0
2018-12-17,0.0
2018-12-18,0.0
2018-12-19,0.0
2018-12-20,0.0
2018-12-21,0.0
2018-12-22,0.0
2018-12-23,0.0
2018-12-24,0.0
2018-12-25,0.0
2018-12-26,0.48099610209465027
2018-12-27,11.041513442993164
2018-12-28,10.903969764709473
2018-12-29,5.712377071380615
2018-12-30,3.1031925678253174
2018-12-31,4.75866174697876
2019-01-01,0.6719493269920349
2019-01-02,0.25643086433410645
2019-01-03,1.054917812347412
2019-01-04,5.004064083099365
2019-01-05,3.1975467205047607
2019-01-06,0.0
2019-01-07,0.0
2019-01-08,0.0
2019-01-09,0.0
2019-01-10,0.0
2019-01-11,0.0
2019-01-12,0.435367614030838
2019-01-13,0.2417326718568802
2019-01-14,1.2370946407318115
2019-01-15,2.322866916656494
2019-01-16,2.873141288757324
2019-01-17,3.7953691482543945
2019-01-18,1.5347329378128052
2019-01-19,0.15332137048244476
2019-01-20,0.2506963312625885
2019-01-21,0.0
2019-01-22,0.0
2019-01-23,0.0
2019-01-24,0.0
2019-01-25,0.0
2019-01-26,0.12979131937026978
2019-01-27,0.6275485754013062
2019-01-28,4.975229263305664
2019-01-29,0.7510710954666138
2019-01-30,1.43734610080719
2019-01-31,6.252374649047852
2019-02-01,6.201908588409424
2019-02-02,5.32814359664917
2019-02-03,7.92307710647583
2019-02-04,7.924073696136475
2019-02-05,13.620953559875488
2019-02-06,0.7134759426116943
2019-02-07,0.0
2019-02-08,0.35077008605003357
2019-02-09,4.759124279022217
2019-02-10,0.8700324892997742
2019-02-11,0.06782739609479904
2019-02-12,3.684586524963379
2019-02-13,8.50556468963623
2019-02-14,2.72479248046875
2019-02-15,5.509401798248291
2019-02-16,2.1948649883270264
2019-02-17,1.4911649227142334
2019-02-18,0.0
2019-02-19,0.39504706859588623
2019-02-20,0.0
2019-02-21,1.6671017408370972
2019-02-22,0.7020894289016724
2019-02-23,0.010857745073735714
2019-02-24,0.2281099110841751
2019-02-25,0.0
2019-02-26,0.0
2019-02-27,0.0
2019-02-28,0.0
2019-03-01,0.0
2019-03-02,0.0
2019-03-03,0.0
2019-03-04,0.0
2019-03-05,0.0
2019-03-06,0.0
2019-03-07,0.0
2019-03-08,0.0
2019-03-09,0.0
2019-03-10,0.0
2019-03-11,0.0
2019-03-12,0.0
2019-03-13,0.0
2019-03-14,0.0
2019-03-15,0.0
2019-03-16,0.0
2019-03-17,0.0
2019-03-18,0.0
2019-03-19,0.0
2019-03-20,0.0
2019-03-21,0.0
2019-03-22,0.0
2019-03-23,0.0
2019-03-24,0.0
2019-03-25,0.0
2019-03-26,0.0
2019-03-27,0.0
2019-03-28,0.0
2019-03-29,0.0
2019-03-30,0.0
2019-03-31,0.0
2019-04-01,2.0145881175994873
2019-04-02,0.0
2019-04-03,2.6452414989471436
2019-04-04,0.0
2019-04-05,0.0
2019-04-06,0.0
2019-04-07,0.0
2019-04-08,0.0
2019-04-09,0.0
2019-04-10,0.0
2019-04-11,0.0
2019-04-12,0.0
2019-04-13,0.0
2019-04-14,0.0
2019-04-15,0.0
2019-04-16,0.0
2019-04-17,0.0
2019-04-18,0.0
2019-04-19,0.0
2019-04-20,0.0
2019-04-21,0.0
2019-04-22,0.0
2019-04-23,0.0
2019-04-24,0.0
2019-04-25,0.0
2019-04-26,0.0
2019-04-27,0.0
2019-04-28,0.0
2019-04-29,0.0
2019-04-30,0.0
2019-05-01,0.0
2019-05-02,0.0
2019-05-03,0.0
2019-05-04,0.0
2019-05-05,0.0
2019-05-06,0.0
2019-05-07,0.0
2019-05-08,0.0
2019-05-09,0.0
2019-05-10,0.0
2019-05-11,0.0
2019-05-12,0.0
2019-05-13,0.0
2019-05-14,0.0
2019-05-15,0.0
2019-05-16,0.0
2019-05-17,0.0
2019-05-18,0.0
2019-05-19,0.0
2019-05-20,0.0
2019-05-21,0.0
2019-05-22,0.0
2019-05-23,0.0
2019-05-24,0.0
2019-05-25,0.0
2019-05-26,0.0
2019-05-27,0.0
2019-05-28,0.0
2019-05-29,0.0
2019-05-30,0.0
2019-05-31,0.0
2019-06-01,0.0
2019-06-02,0.0
2019-06-03,0.0
2019-06-04,0.0
2019-06-05,0.0
2019-06-06,0.0
2019-06-07,0.0
2019-06-08,0.0
2019-06-09,0.0
2019-06-10,0.0
2019-06-11,0.06911250948905945
2019-06-12,0.06911250948905945
2019-06-13,0.06911250948905945
2019-06-14,0.06911250948905945
2019-06-15,0.06911250948905945
2019-06-16,0.09057731926441193
2019-06-17,0.09057731926441193
2019-06-18,0.09057731926441193
2019-06-19,0.09057731926441193
2019-06-20,0.09057731926441193
2019-06-21,0.0
2019-06-22,0.0
2019-06-23,0.0
2019-06-24,0.0
2019-06-25,0.0
2019-06-26,0.0
2019-06-27,0.0
2019-06-28,0.0
2019-06-29,0.0
2019-06-30,0.0
2019-07-01,0.0
2019-07-02,0.0
2019-07-03,0.0
2019-07-04,0.0
2019-07-05,0.0
2019-07-06,0.0
2019-07-07,0.0
2019-07-08,0.0
2019-07-09,0.0
2019-07-10,0.0
2019-07-11,0.0
2019-07-12,0.0
2019-07-13,0.0
2019-07-14,0.0
2019-07-15,0.0
2019-07-16,0.0
2019-07-17,0.0
2019-07-18,0.0
2019-07-19,0.0
2019-07-20,0.0
2019-07-21,0.0
2019-07-22,0.0
2019-07-23,0.0
2019-07-24,0.0
2019-07-25,0.0
2019-07-26,0.0
2019-07-27,0.0
2019-07-28,0.0
2019-07-29,0.0
2019-07-30,0.0
2019-07-31,0.0
2019-08-01,0.0
2019-08-02,0.0
2019-08-03,0.0
2019-08-04,0.0
2019-08-05,0.0
2019-08-06,0.0
2019-08-07,0.0
2019-08-08,0.0
2019-08-09,0.0
2019-08-10,0.0
2019-08-11,0.0
2019-08-12,0.0
2019-08-13,0.0
2019-08-14,0.0
2019-08-15,0.0
2019-08-16,0.0
2019-08-17,0.0
2019-08-18,0.0
2019-08-19,0.0
2019-08-20,0.0
2019-08-21,0.0
2019-08-22,0.0
2019-08-23,0.0
2019-08-24,0.0
2019-08-25,0.0
2019-08-26,0.0
2019-08-27,0.0
2019-08-28,0.0
2019-08-29,0.0
2019-08-30,0.0
2019-08-31,0.0
2019-09-01,0.0
2019-09-02,0.0
2019-09-03,0.0
2019-09-04,0.0
2019-09-05,0.0
2019-09-06,0.196706160902977
2019-09-07,0.21957896649837494
2019-09-08,1.1573642492294312
2019-09-09,0.196706160902977
2019-09-10,0.196706160902977
2019-09-11,0.0
2019-09-12,0.0
2019-09-13,0.0
2019-09-14,0.0
2019-09-15,0.0
2019-09-16,0.0
2019-09-17,0.0
2019-09-18,0.0
2019-09-19,0.0
2019-09-20,0.0
2019-09-21,0.0
2019-09-22,0.0
2019-09-23,0.0
2019-09-24,0.0
2019-09-25,0.0
2019-09-26,0.0
2019-09-27,0.0
2019-09-28,0.0
2019-09-29,0.0
2019-09-30,0.0
2019-10-01,0.0
2019-10-02,0.0
2019-10-03,0.0
2019-10-04,0.0
2019-10-05,0.0
2019-10-06,0.0
2019-10-07,0.0
2019-10-08,0.0
2019-10-09,0.0
2019-10-10,0.0
2019-10-11,0.0
2019-10-12,0.0
2019-10-13,0.0
2019-10-14,0.0
2019-10-15,0.0
2019-10-16,0.0
2019-10-17,0.0
2019-10-18,0.0
2019-10-19,0.0
2019-10-20,0.0
2019-10-21,0.0
2019-10-22,0.0
2019-10-23,0.0
2019-10-24,0.0
2019-10-25,0.0
2019-10-26,0.0
2019-10-27,0.0
2019-10-28,0.0
2019-10-29,0.0
2019-10-30,0.0
2019-10-31,0.0
2019-11-01,0.0
2019-11-02,0.0
2019-11-03,0.0
2019-11-04,0.0
2019-11-05,0.0
2019-11-06,0.6793882250785828
2019-11-07,0.6793882250785828
2019-11-08,0.6793882250785828
2019-11-09,0.6793882250785828
2019-11-10,0.6793882250785828
2019-11-11,0.0
2019-11-12,0.0
2019-11-13,0.0
2019-11-14,0.0
2019-11-15,0.0
2019-11-16,0.0
2019-11-17,0.0
2019-11-18,0.0
2019-11-19,0.0
2019-11-20,0.0
2019-11-21,0.0
2019-11-22,0.0
2019-11-23,0.0
2019-11-24,3.9764819145202637
2019-11-25,0.0
2019-11-26,0.0
2019-11-27,0.0
2019-11-28,0.0
2019-11-29,0.0
2019-11-30,0.0
2019-12-01,0.0
2019-12-02,0.0
2019-12-03,0.0
2019-12-04,0.0
2019-12-05,0.0
2019-12-06,0.0
2019-12-07,0.0
2019-12-08,0.0
2019-12-09,0.0
2019-12-10,0.0
2019-12-11,0.0
2019-12-12,0.0
2019-12-13,0.0
2019-12-14,0.0
2019-12-15,0.0
2019-12-16,0.0
2019-12-17,0.0
2019-12-18,0.0
2019-12-19,0.0
2019-12-20,0.0
2019-12-21,0.0
2019-12-22,0.0
2019-12-23,0.0
2019-12-24,0.0
2019-12-25,0.0
2019-12-26,0.020996209233999252
2019-12-27,3.937574625015259
2019-12-28,6.466410160064697
2019-12-29,6.644325256347656
2019-12-30,0.04668690636754036
2019-12-31,1.8855767250061035
2020-01-01,0.0
2020-01-02,0.0
2020-01-03,0.0
2020-01-04,0.0
2020-01-05,0.0
2020-01-06,0.0
2020-01-07,0.0
2020-01-08,0.0
2020-01-09,0.0
2020-01-10,0.0
2020-01-11,0.5068504810333252
2020-01-12,0.12941722571849823
2020-01-13,0.22341321408748627
2020-01-14,0.4024066925048828
2020-01-15,0.5989590883255005
2020-01-16,0.6216970682144165
2020-01-17,0.24553139507770538
2020-01-18,0.07665420323610306
2020-01-19,0.9486074447631836
2020-01-20,1.3224220275878906
2020-01-21,0.5082959532737732
2020-01-22,1.8747584819793701
2020-01-23,0.19820813834667206
2020-01-24,0.018034616485238075
2020-01-25,0.013467860408127308
2020-01-26,0.0
2020-01-27,0.0
2020-01-28,0.0
2020-01-29,0.0
2020-01-30,0.0
2020-01-31,0.0
2020-02-01,0.0
2020-02-02,0.0
2020-02-03,0.0
2020-02-04,0.0
2020-02-05,0.0
2020-02-06,0.0
2020-02-07,0.032028473913669586
2020-02-08,0.7659663558006287
2020-02-09,1.1813325881958008
2020-02-10,0.037024881690740585
2020-02-11,0.08266644179821014
2020-02-12,3.342941999435425
2020-02-13,0.29169926047325134
2020-02-14,0.2969709634780884
2020-02-15,1.9266293048858643
2020-02-16,3.04013991355896
2020-02-17,1.9486377239227295
2020-02-18,0.7308483719825745
2020-02-19,5.762086391448975
2020-02-20,6.106410503387451
2020-02-21,0.9278696775436401
2020-02-22,1.817152976989746
2020-02-23,10.092379570007324
2020-02-24,0.5613853931427002
2020-02-25,0.07059202343225479
2020-02-26,0.0
2020-02-27,0.0
2020-02-28,0.0
2020-02-29,0.0
2020-03-01,0.0
2020-03-02,0.0
2020-03-03,0.0
2020-03-04,0.0
2020-03-05,0.0
2020-03-06,0.0
2020-03-07,0.0
2020-03-08,0.0
2020-03-09,0.0
2020-03-10,0.0
2020-03-11,2.4582157135009766
2020-03-12,1.307576060295105
2020-03-13,1.984684705734253
2020-03-14,2.539605140686035
2020-03-15,0.5909252166748047
2020-03-16,0.976413369178772
2020-03-17,4.632499694824219
2020-03-18,11.802796363830566
2020-03-19,4.755608558654785
2020-03-20,2.3692221641540527
2020-03-21,0.0
2020-03-22,0.0
2020-03-23,0.0
2020-03-24,0.0
2020-03-25,0.0
2020-03-26,0.0
2020-03-27,0.0
2020-03-28,0.0
2020-03-29,0.0
2020-03-30,0.0
2020-03-31,0.0
2020-04-01,0.0
2020-04-02,0.0
2020-04-03,0.0
2020-04-04,0.0
2020-04-05,0.0
2020-04-06,0.0
2020-04-07,0.0
2020-04-08,0.0
2020-04-09,0.0
2020-04-10,0.0
2020-04-11,0.0
2020-04-12,0.0
2020-04-13,0.0
2020-04-14,0.0
2020-04-15,0.0
2020-04-16,0.0
2020-04-17,0.0
2020-04-18,0.0
2020-04-19,0.0
2020-04-20,0.0
2020-04-21,0.0
2020-04-22,0.0
2020-04-23,0.0
2020-04-24,0.0
2020-04-25,0.0
2020-04-26,0.0
2020-04-27,0.0
2020-04-28,0.0
2020-04-29,0.0
2020-04-30,0.0
2020-05-01,0.0
2020-05-02,0.0
2020-05-03,3.112257957458496
2020-05-04,2.334193468093872
2020-05-05,0.0
2020-05-06,0.0
2020-05-07,0.0
2020-05-08,0.0
2020-05-09,0.0
2020-05-10,0.0
2020-05-11,0.0
2020-05-12,0.0
2020-05-13,0.0
2020-05-14,0.0
2020-05-15,0.0
2020-05-16,0.0
2020-05-17,0.0
2020-05-18,0.0
2020-05-19,0.0
2020-05-20,0.0
2020-05-21,0.0
2020-05-22,0.0
2020-05-23,0.0
2020-05-24,0.0
2020-05-25,0.0
2020-05-26,0.0
2020-05-27,0.0
2020-05-28,0.0
2020-05-29,0.0
2020-05-30,0.0
2020-05-31,0.0
2020-06-01,0.0
2020-06-02,0.0
2020-06-03,0.0
2020-06-04,0.0
2020-06-05,0.0
2020-06-06,0.0
2020-06-07,0.0
2020-06-08,0.0
2020-06-09,0.0
2020-06-10,0.0
2020-06-11,0.0
2020-06-12,0.0
2020-06-13,0.0
2020-06-14,0.0
2020-06-15,0.0
2020-06-16,0.0
2020-06-17,0.0
2020-06-18,0.0
2020-06-19,0.0
2020-06-20,0.0
2020-06-21,0.0
2020-06-22,0.0
2020-06-23,0.0
2020-06-24,0.0
2020-06-25,0.0
2020-06-26,0.0
2020-06-27,0.0
2020-06-28,0.0
2020-06-29,0.0
2020-06-30,0.0
2020-07-01,0.0
2020-07-02,0.0
2020-07-03,0.0
2020-07-04,0.0
2020-07-05,0.0
2020-07-06,0.0
2020-07-07,0.0
2020-07-08,0.0
2020-07-09,0.0
2020-07-10,0.0
2020-07-11,0.0
2020-07-12,0.0
2020-07-13,0.0
2020-07-14,0.0
2020-07-15,0.0
2020-07-16,0.0
2020-07-17,0.0
2020-07-18,0.0
2020-07-19,0.0
2020-07-20,0.0
2020-07-21,0.0
2020-07-22,0.0
2020-07-23,0.0
2020-07-24,0.0
2020-07-25,0.0
2020-07-26,0.0
2020-07-27,0.0
2020-07-28,0.0
2020-07-29,0.0
2020-07-30,0.0
2020-07-31,0.0
2020-08-01,0.0
2020-08-02,0.0
2020-08-03,0.0
2020-08-04,0.0
2020-08-05,0.0
2020-08-06,0.0
2020-08-07,0.0
2020-08-08,0.0
2020-08-09,0.0
2020-08-10,0.0
2020-08-11,0.0
2020-08-12,0.0
2020-08-13,0.0
2020-08-14,0.0
2020-08-15,0.0
2020-08-16,0.0
2020-08-17,0.0
2020-08-18,0.0
2020-08-19,0.0
2020-08-20,0.0
2020-08-21,0.0
2020-08-22,0.0
2020-08-23,0.0
2020-08-24,0.0
2020-08-25,0.0
2020-08-26,0.0
2020-08-27,0.0
2020-08-28,0.0
2020-08-29,0.0
2020-08-30,0.0
2020-08-31,0.0
2020-09-01,0.0
2020-09-02,0.0
2020-09-03,0.0
2020-09-04,0.0
2020-09-05,0.0
2020-09-06,0.0
2020-09-07,0.0
2020-09-08,0.0
2020-09-09,0.0
2020-09-10,0.0
2020-09-11,0.0
2020-09-12,0.0
2020-09-13,0.0
2020-09-14,0.0
2020-09-15,0.0
2020-09-16,0.0
2020-09-17,0.0
2020-09-18,0.0
2020-09-19,0.0
2020-09-20,0.0
2020-09-21,0.0
2020-09-22,0.0
2020-09-23,0.0
2020-09-24,0.0
2020-09-25,0.0
2020-09-26,0.0
2020-09-27,0.0
2020-09-28,0.0
2020-09-29,0.0
2020-09-30,0.0
2020-10-01,0.0
2020-10-02,0.0
2020-10-03,0.0
2020-10-04,0.0
2020-10-05,0.0
2020-10-06,0.0
2020-10-07,0.0
2020-10-08,0.0
2020-10-09,0.0
2020-10-10,0.0
2020-10-11,0.0
2020-10-12,2.5159571170806885
2020-10-13,0.0
2020-10-14,0.0
2020-10-15,2.9352834224700928
2020-10-16,0.0
2020-10-17,0.0
2020-10-18,0.0
2020-10-19,0.0
2020-10-20,0.0
2020-10-21,0.0
2020-10-22,0.0
2020-10-23,0.0
2020-10-24,0.0
2020-10-25,0.0
2020-10-26,0.0
2020-10-27,0.0
2020-10-28,0.0
2020-10-29,0.0
2020-10-30,0.0
2020-10-31,0.0
2020-11-01,0.0
2020-11-02,0.0
2020-11-03,0.0
2020-11-04,0.0
2020-11-05,0.0
2020-11-06,0.21294735372066498
2020-11-07,1.2776840925216675
2020-11-08,0.21294735372066498
2020-11-09,0.21294735372066498
2020-11-10,0.21294735372066498
2020-11-11,0.0
2020-11-12,0.0
2020-11-13,0.0
2020-11-14,0.0
2020-11-15,0.0
2020-11-16,0.0
2020-11-17,0.0
2020-11-18,0.0
2020-11-19,0.0
2020-11-20,0.0
2020-11-21,0.0
2020-11-22,0.0
2020-11-23,0.0
2020-11-24,0.0
2020-11-25,0.0
2020-11-26,0.0
2020-11-27,0.0
2020-11-28,0.0
2020-11-29,0.0
2020-11-30,0.0
2020-12-01,0.0
2020-12-02,0.0
2020-12-03,0.0
2020-12-04,0.0
2020-12-05,0.0
2020-12-06,0.0
2020-12-07,0.0
2020-12-08,0.0
2020-12-09,0.0
2020-12-10,0.0
2020-12-11,0.0
2020-12-12,0.0
2020-12-13,0.0
2020-12-14,0.0
2020-12-15,0.0
2020-12-16,0.0
2020-12-17,0.0
2020-12-18,0.0
2020-12-19,0.0
2020-12-20,0.0
2020-12-21,0.0
2020-12-22,2.9207324981689453
2020-12-23,2.9462273120880127
2020-12-24,2.5242397785186768
2020-12-25,6.090612888336182
2020-12-26,2.0791707038879395
2020-12-27,2.8567392826080322
2020-12-28,11.714865684509277
2020-12-29,2.527254343032837
2020-12-30,8.873887062072754
2020-12-31,1.7650291919708252
2021-01-01,0.0
2021-01-02,0.0
2021-01-03,0.0
2021-01-04,0.0
2021-01-05,0.0
2021-01-06,0.0
2021-01-07,0.0
2021-01-08,0.0
2021-01-09,0.0
2021-01-10,0.0
2021-01-11,0.07861023396253586
2021-01-12,0.03135467693209648
2021-01-13,3.4054980278015137
2021-01-14,8.44293212890625
2021-01-15,3.958376169204712
2021-01-16,0.0
2021-01-17,0.0
2021-01-18,0.0
2021-01-19,0.0
2021-01-20,0.0
2021-01-21,0.0
2021-01-22,0.0
2021-01-23,0.0
2021-01-24,0.0
2021-01-25,0.0
2021-01-26,0.0
2021-01-27,0.0
2021-01-28,0.0
2021-01-29,0.0
2021-01-30,0.0
2021-01-31,0.0
2021-02-01,0.0
2021-02-02,0.0
2021-02-03,0.0
2021-02-04,1.3526768684387207
2021-02-05,3.9617602825164795
2021-02-06,0.0
2021-02-07,0.0
2021-02-08,0.0
2021-02-09,0.0
2021-02-10,0.0
2021-02-11,0.0
2021-02-12,0.0
2021-02-13,0.0
2021-02-14,0.0
2021-02-15,0.0
2021-02-16,0.0
2021-02-17,0.0
2021-02-18,0.0
2021-02-19,0.0
2021-02-20,0.0
2021-02-21,0.04959912225604057
2021-02-22,0.24535608291625977
2021-02-23,0.0
2021-02-24,0.0
2021-02-25,0.47137394547462463
2021-02-26,0.04381401091814041
2021-02-27,0.017186373472213745
2021-02-28,0.07267291843891144
2021-03-01,0.0
2021-03-02,0.0
2021-03-03,0.0
2021-03-04,0.0
2021-03-05,0.0
2021-03-06,3.6682748794555664
2021-03-07,0.2780759930610657
2021-03-08,0.049262408167123795
2021-03-09,1.3311864137649536
2021-03-10,2.639634609222412
2021-03-11,0.0
2021-03-12,0.0
2021-03-13,0.0
2021-03-14,0.0
2021-03-15,0.0
2021-03-16,0.0
2021-03-17,0.0
2021-03-18,0.0
2021-03-19,0.0
2021-03-20,0.0
2021-03-21,0.0
2021-03-22,18.890605926513672
2021-03-23,11.993268013000488
2021-03-24,1.2356810569763184
2021-03-25,0.0
2021-03-26,0.0
2021-03-27,0.0
2021-03-28,0.0
2021-03-29,0.0
2021-03-30,0.0
2021-03-31,0.0
2021-04-01,2.100721836090088
2021-04-02,0.0
2021-04-03,2.1018500328063965
2021-04-04,6.30667781829834
2021-04-05,0.20895585417747498
2021-04-06,0.0
2021-04-07,0.0
2021-04-08,0.0
2021-04-09,0.0
2021-04-10,0.0
2021-04-11,0.0
2021-04-12,0.0
2021-04-13,0.0
2021-04-14,0.0
2021-04-15,0.0
2021-04-16,0.0
2021-04-17,0.0
2021-04-18,0.0
2021-04-19,0.0
2021-04-20,0.0
2021-04-21,0.0
2021-04-22,0.0
2021-04-23,0.0
2021-04-24,0.0
2021-04-25,0.0
2021-04-26,0.0
2021-04-27,0.0
2021-04-28,0.0
2021-04-29,0.0
2021-04-30,0.0
2021-05-01,0.0
2021-05-02,0.0
2021-05-03,0.0
2021-05-04,0.0
2021-05-05,0.0
2021-05-06,0.0
2021-05-07,0.0
2021-05-08,0.0
2021-05-09,0.0
2021-05-10,0.0
2021-05-11,0.0
2021-05-12,0.0
2021-05-13,0.0
2021-05-14,0.0
2021-05-15,0.0
2021-05-16,0.0
2021-05-17,0.0
2021-05-18,0.0
2021-05-19,0.0
2021-05-20,0.0
2021-05-21,0.0
2021-05-22,0.0
2021-05-23,0.0
2021-05-24,0.0
2021-05-25,0.0
2021-05-26,0.0274006687104702
2021-05-27,0.0274006687104702
2021-05-28,0.0274006687104702
2021-05-29,0.1918046921491623
2021-05-30,0.0274006687104702
2021-05-31,0.0274006687104702
2021-06-01,0.0
2021-06-02,0.0
2021-06-03,0.0
2021-06-04,0.0
2021-06-05,0.0
2021-06-06,0.0
2021-06-07,0.0
2021-06-08,0.0
2021-06-09,0.0
2021-06-10,0.0
2021-06-11,0.0
2021-06-12,0.0
2021-06-13,0.0
2021-06-14,0.0
2021-06-15,0.0
2021-06-16,0.0
2021-06-17,0.0
2021-06-18,0.0
2021-06-19,0.0
2021-06-20,0.0
2021-06-21,0.024416383355855942
2021-06-22,0.024416383355855942
2021-06-23,0.14649830758571625
2021-06-24,0.024416383355855942
2021-06-25,0.024416383355855942
2021-06-26,0.0
2021-06-27,0.0
2021-06-28,0.0
2021-06-29,0.0
2021-06-30,0.0
2021-07-01,0.0
2021-07-02,0.0
2021-07-03,0.0
2021-07-04,0.0
2021-07-05,0.0
2021-07-06,0.0
2021-07-07,0.0
2021-07-08,0.0
2021-07-09,0.0
2021-07-10,0.0
2021-07-11,0.0
2021-07-12,0.0
2021-07-13,0.0
2021-07-14,0.0
2021-07-15,0.0
2021-07-16,0.0
2021-07-17,0.0
2021-07-18,0.0
2021-07-19,0.0
2021-07-20,0.0
2021-07-21,0.0
2021-07-22,0.0
2021-07-23,0.0
2021-07-24,0.0
2021-07-25,0.0
2021-07-26,0.0
2021-07-27,0.0
2021-07-28,0.0
2021-07-29,0.0
2021-07-30,0.0
2021-07-31,0.0
2021-08-01,0.04732197895646095
2021-08-02,0.04732197895646095
2021-08-03,0.2839318811893463
2021-08-04,0.04732197895646095
2021-08-05,0.04732197895646095
2021-08-06,0.0
2021-08-07,0.0
2021-08-08,0.0
2021-08-09,0.0
2021-08-10,0.0
2021-08-11,0.0
2021-08-12,0.0
2021-08-13,0.0
2021-08-14,0.0
2021-08-15,0.0
2021-08-16,0.0
2021-08-17,0.0
2021-08-18,0.0
2021-08-19,0.0
2021-08-20,0.0
2021-08-21,0.0
2021-08-22,0.0
2021-08-23,0.0
2021-08-24,0.0
2021-08-25,0.0
2021-08-26,0.0
2021-08-27,0.0
2021-08-28,0.0
2021-08-29,0.0
2021-08-30,0.0
2021-08-31,0.0
2021-09-01,0.0
2021-09-02,0.0
2021-09-03,0.0
2021-09-04,0.0
2021-09-05,0.0
2021-09-06,0.6702281832695007
2021-09-07,0.6702281832695007
2021-09-08,0.6702281832695007
2021-09-09,0.6702281832695007
2021-09-10,0.6702281832695007
2021-09-11,0.0
2021-09-12,0.0
2021-09-13,0.0
2021-09-14,0.0
2021-09-15,0.0
2021-09-16,0.0
2021-09-17,0.0
2021-09-18,0.0
2021-09-19,0.0
2021-09-20,0.0
2021-09-21,4.3193464279174805
2021-09-22,0.7198910117149353
2021-09-23,0.7198910117149353
2021-09-24,0.7198910117149353
2021-09-25,0.7198910117149353
2021-09-26,0.0
2021-09-27,0.0
2021-09-28,0.0
2021-09-29,0.0
2021-09-30,0.0
2021-10-01,0.0
2021-10-02,0.0
2021-10-03,0.0
2021-10-04,0.0
2021-10-05,0.0
2021-10-06,0.0
2021-10-07,0.0
2021-10-08,0.0
2021-10-09,0.0
2021-10-10,0.0
2021-10-11,0.0
2021-10-12,0.0
2021-10-13,0.0
2021-10-14,0.0
2021-10-15,0.0
2021-10-16,0.0
2021-10-17,0.0
2021-10-18,0.0
2021-10-19,0.0
2021-10-20,0.0
2021-10-21,0.0
2021-10-22,0.0
2021-10-23,0.0
2021-10-24,0.0
2021-10-25,0.0
2021-10-26,0.0
2021-10-27,0.0
2021-10-28,0.0
2021-10-29,0.0
2021-10-30,0.0
2021-10-31,0.0
2021-11-01,0.0
2021-11-02,0.0
2021-11-03,0.0
2021-11-04,0.0
2021-11-05,0.0
2021-11-06,0.0
2021-11-07,0.0
2021-11-08,0.0
2021-11-09,0.0
2021-11-10,0.0
2021-11-11,0.0
2021-11-12,0.0
2021-11-13,0.0
2021-11-14,0.0
2021-11-15,0.0
2021-11-16,0.0
2021-11-17,0.9308253526687622
2021-11-18,1.9106414318084717
2021-11-19,0.5780915021896362
2021-11-20,2.5377237796783447
2021-11-21,0.0
2021-11-22,0.0
2021-11-23,0.0
2021-11-24,0.0
2021-11-25,0.0
2021-11-26,0.0
2021-11-27,0.0
2021-11-28,0.0
2021-11-29,0.0
2021-11-30,0.0
2021-12-01,0.0
2021-12-02,0.0
2021-12-03,0.5471777319908142
2021-12-04,2.011949062347412
2021-12-05,6.267088890075684
2021-12-06,3.875566005706787
2021-12-07,19.53548812866211
2021-12-08,0.9951860904693604
2021-12-09,7.410308361053467
2021-12-10,4.043056488037109
2021-12-11,0.0
2021-12-12,0.0
2021-12-13,0.0
2021-12-14,0.0
2021-12-15,0.0
2021-12-16,0.0
2021-12-17,0.0
2021-12-18,0.0
2021-12-19,0.0
2021-12-20,0.0
2021-12-21,4.458230495452881
2021-12-22,5.398065090179443
2021-12-23,8.471117973327637
2021-12-24,4.130040645599365
2021-12-25,4.674073219299316
2021-12-26,14.743389129638672
2021-12-27,8.263315200805664
2021-12-28,0.8583304286003113
2021-12-29,0.5820838809013367
2021-12-30,0.0
2021-12-31,0.562137246131897
2022-01-01,0.0
2022-01-02,0.0
2022-01-03,0.0
2022-01-04,0.0
2022-01-05,0.0
2022-01-06,0.0502762533724308
2022-01-07,1.9308897256851196
2022-01-08,1.2794452905654907
2022-01-09,0.5335460901260376
2022-01-10,2.3374948501586914
2022-01-11,1.9985994100570679
2022-01-12,0.4463734030723572
2022-01-13,0.005453750025480986
2022-01-14,0.10485194623470306
2022-01-15,0.24375391006469727
2022-01-16,0.010667948052287102
2022-01-17,0.14318513870239258
2022-01-18,0.9393187165260315
2022-01-19,0.8538517355918884
2022-01-20,1.2183090448379517
2022-01-21,5.073117733001709
2022-01-22,9.310606002807617
2022-01-23,1.3600479364395142
2022-01-24,5.181626319885254
2022-01-25,9.463789939880371
2022-01-26,1.3200963735580444
2022-01-27,0.6506497859954834
2022-01-28,1.328991413116455
2022-01-29,0.2613116204738617
2022-01-30,0.09168977290391922
2022-01-31,0.20934541523456573
2022-02-01,0.0
2022-02-02,0.0
2022-02-03,0.0
2022-02-04,0.0
2022-02-05,0.0
2022-02-06,0.0
2022-02-07,0.0
2022-02-08,0.0
2022-02-09,0.0
2022-02-10,0.0
2022-02-11,0.0
2022-02-12,0.0
2022-02-13,0.0
2022-02-14,0.0
2022-02-15,0.0
2022-02-16,4.164004325866699
2022-02-17,5.9241042137146
2022-02-18,1.4669817686080933
2022-02-19,0.7845979928970337
2022-02-20,0.057651322335004807
2022-02-21,0.0
2022-02-22,0.0
2022-02-23,0.285725861787796
2022-02-24,0.5363845229148865
2022-02-25,1.4678075313568115
2022-02-26,1.151972770690918
2022-02-27,0.9982955455780029
2022-02-28,0.8529330492019653
2022-03-01,7.23153829574585
2022-03-02,1.8404333591461182
2022-03-03,3.560790777206421
2022-03-04,1.0736342668533325
2022-03-05,3.868347406387329
2022-03-06,0.3389883041381836
2022-03-07,0.00463718781247735
2022-03-08,3.7747883796691895
2022-03-09,0.0
2022-03-10,0.6857128143310547
2022-03-11,0.0
2022-03-12,0.0
2022-03-13,0.0
2022-03-14,0.0
2022-03-15,0.0
2022-03-16,0.0
2022-03-17,0.0
2022-03-18,0.0
2022-03-19,0.0
2022-03-20,0.0
2022-03-21,0.0
2022-03-22,0.0
2022-03-23,0.0
2022-03-24,0.0
2022-03-25,0.0
2022-03-26,0.0
2022-03-27,0.0
2022-03-28,0.0
2022-03-29,0.0
2022-03-30,0.0
2022-03-31,0.0
2022-04-01,0.0
2022-04-02,0.0
2022-04-03,0.0
2022-04-04,0.0
2022-04-05,0.0
2022-04-06,0.0
2022-04-07,0.0
2022-04-08,0.0
2022-04-09,0.0
2022-04-10,0.0
2022-04-11,0.0
2022-04-12,0.0
2022-04-13,0.0
2022-04-14,0.0
2022-04-15,0.0
2022-04-16,0.0
2022-04-17,0.0
2022-04-18,0.0
2022-04-19,0.0
2022-04-20,0.0
2022-04-21,0.0
2022-04-22,0.0
2022-04-23,0.0
2022-04-24,0.0
2022-04-25,0.0
2022-04-26,0.0
2022-04-27,0.0
2022-04-28,0.0
2022-04-29,0.0
2022-04-30,0.0
2022-05-01,0.0
2022-05-02,0.0
2022-05-03,0.0
2022-05-04,0.0
2022-05-05,0.0
2022-05-06,0.0
2022-05-07,0.0
2022-05-08,0.0
2022-05-09,0.0
2022-05-10,0.0
2022-05-11,0.0
2022-05-12,0.0
2022-05-13,0.0
2022-05-14,0.0
2022-05-15,0.0
2022-05-16,0.0
2022-05-17,0.0
2022-05-18,0.0
2022-05-19,0.0
2022-05-20,0.0
2022-05-21,0.0
2022-05-22,0.0
2022-05-23,0.0
2022-05-24,0.0
2022-05-25,0.0
2022-05-26,0.0
2022-05-27,0.0
2022-05-28,0.0
2022-05-29,0.0
2022-05-30,0.0
2022-05-31,0.0
2022-06-01,0.0
2022-06-02,0.0
2022-06-03,0.0
2022-06-04,0.0
2022-06-05,0.0
2022-06-06,0.0
2022-06-07,0.0
2022-06-08,0.0
2022-06-09,0.0
2022-06-10,0.0
2022-06-11,0.0
2022-06-12,0.0
2022-06-13,0.0
2022-06-14,0.0
2022-06-15,0.0
2022-06-16,0.0
2022-06-17,0.0
2022-06-18,0.0
2022-06-19,0.0
2022-06-20,0.0
2022-06-21,0.0
2022-06-22,0.0
2022-06-23,0.0
2022-06-24,0.0
2022-06-25,0.0
2022-06-26,0.0
2022-06-27,0.0
2022-06-28,0.0
2022-06-29,0.0
2022-06-30,0.0
2022-07-01,0.0
2022-07-02,0.0
2022-07-03,0.0
2022-07-04,0.0
2022-07-05,0.0
2022-07-06,0.0
2022-07-07,0.0
2022-07-08,0.0
2022-07-09,0.0
2022-07-10,0.0
2022-07-11,0.10153718292713165
2022-07-12,0.0
2022-07-13,0.0
2022-07-14,0.0
2022-07-15,0.0
2022-07-16,0.0
2022-07-17,0.0
2022-07-18,0.0
2022-07-19,0.0
2022-07-20,0.0
2022-07-21,0.0
2022-07-22,0.0
2022-07-23,0.0
2022-07-24,0.0
2022-07-25,0.0
2022-07-26,0.0
2022-07-27,0.0
2022-07-28,0.0
2022-07-29,0.0
2022-07-30,0.0
2022-07-31,0.0
2022-08-01,0.0
2022-08-02,0.0
2022-08-03,0.0
2022-08-04,0.0
2022-08-05,0.0
2022-08-06,0.0
2022-08-07,0.0
2022-08-08,0.0
2022-08-09,0.0
2022-08-10,0.0
2022-08-11,0.0
2022-08-12,0.0
2022-08-13,0.0
2022-08-14,0.0
2022-08-15,0.0
2022-08-16,0.0
2022-08-17,0.0
2022-08-18,0.0
2022-08-19,0.0
2022-08-20,0.0
2022-08-21,0.0
2022-08-22,0.0
2022-08-23,0.0
2022-08-24,0.0
2022-08-25,0.0
2022-08-26,0.0
2022-08-27,0.0
2022-08-28,0.0
2022-08-29,0.0
2022-08-30,0.0
2022-08-31,0.0
2022-09-01,0.0
2022-09-02,0.0
2022-09-03,0.0
2022-09-04,0.0
2022-09-05,0.0
2022-09-06,0.0
2022-09-07,0.0
2022-09-08,0.0
2022-09-09,0.0
2022-09-10,0.0
2022-09-11,0.0
2022-09-12,0.0
2022-09-13,0.0
2022-09-14,0.0
2022-09-15,0.0
2022-09-16,0.0
2022-09-17,0.0
2022-09-18,0.0
2022-09-19,0.0
2022-09-20,0.0
2022-09-21,0.0
2022-09-22,0.0
2022-09-23,0.0
2022-09-24,0.0
2022-09-25,0.0
2022-09-26,0.0
2022-09-27,0.0
2022-09-28,0.0
2022-09-29,0.0
2022-09-30,0.0
2022-10-01,0.0
2022-10-02,0.0
2022-10-03,0.0
2022-10-04,0.0
2022-10-05,0.0
2022-10-06,0.0
2022-10-07,0.0
2022-10-08,0.0
2022-10-09,0.0
2022-10-10,0.0
2022-10-11,0.23674754798412323
2022-10-12,0.23674754798412323
2022-10-13,0.23674754798412323
2022-10-14,0.23674754798412323
2022-10-15,1.4204853773117065
2022-10-16,0.0
2022-10-17,0.0
2022-10-18,0.0
2022-10-19,0.0
2022-10-20,0.0
2022-10-21,0.0
2022-10-22,0.0
2022-10-23,0.0
2022-10-24,0.0
2022-10-25,0.0
2022-10-26,0.0
2022-10-27,0.0
2022-10-28,0.0
2022-10-29,0.0
2022-10-30,0.0
2022-10-31,0.0
2022-11-01,0.0
2022-11-02,0.0
2022-11-03,0.0
2022-11-04,0.0
2022-11-05,0.0
2022-11-06,0.0
2022-11-07,0.0
2022-11-08,0.0
2022-11-09,0.0
2022-11-10,0.0
2022-11-11,0.0
2022-11-12,0.0
2022-11-13,0.0
2022-11-14,0.0
2022-11-15,0.0
2022-11-16,0.0
2022-11-17,0.0
2022-11-18,0.0
2022-11-19,0.0
2022-11-20,0.0
2022-11-21,0.0
2022-11-22,0.0
2022-11-23,2.8432116508483887
2022-11-24,13.048998832702637
2022-11-25,0.0
2022-11-26,0.0
2022-11-27,0.0
2022-11-28,0.0
2022-11-29,0.0
2022-11-30,0.0
2022-12-01,0.0
2022-12-02,0.0
2022-12-03,0.0
2022-12-04,0.0
2022-12-05,0.0
2022-12-06,0.036239832639694214
2022-12-07,0.09318814426660538
2022-12-08,3.9017016887664795
2022-12-09,26.338085174560547
2022-12-10,8.117487907409668
2022-12-11,5.9771013259887695
2022-12-12,3.043118953704834
2022-12-13,0.1640421599149704
2022-12-14,14.378588676452637
2022-12-15,6.845676898956299
2022-12-16,0.0
2022-12-17,0.0
2022-12-18,0.0
2022-12-19,0.0
2022-12-20,0.0
2022-12-21,0.0
2022-12-22,0.0
2022-12-23,0.0
2022-12-24,0.0
2022-12-25,0.0
2022-12-26,0.0
2022-12-27,0.0
2022-12-28,0.0
2022-12-29,0.0
2022-12-30,0.0
2022-12-31,0.0
2023-01-01,0.0
2023-01-02,0.0
2023-01-03,0.0
2023-01-04,0.0
2023-01-05,0.0
2023-01-06,0.0
2023-01-07,0.0
2023-01-08,0.0
2023-01-09,0.0
2023-01-10,0.0
2023-01-11,0.0
2023-01-12,0.0
2023-01-13,0.0
2023-01-14,0.0
2023-01-15,0.0
2023-01-16,0.0
2023-01-17,0.0
2023-01-18,0.0
2023-01-19,0.0
2023-01-20,0.0
2023-01-21,0.0
2023-01-22,0.7773406505584717
2023-01-23,1.8521382808685303
2023-01-24,0.10189882665872574
2023-01-25,0.21422570943832397
2023-01-26,0.41318607330322266
2023-01-27,0.2504737377166748
2023-01-28,0.49736252427101135
2023-01-29,0.5891869068145752
2023-01-30,6.616857051849365
2023-01-31,1.6473908424377441
2023-02-01,0.0
2023-02-02,0.0
2023-02-03,0.0
2023-02-04,0.0
2023-02-05,0.0
2023-02-06,0.3351752758026123
2023-02-07,1.0045957565307617
2023-02-08,1.7228056192398071
2023-02-09,3.408872365951538
2023-02-10,5.713840961456299
2023-02-11,0.0
2023-02-12,0.0
2023-02-13,0.0
2023-02-14,0.0
2023-02-15,0.0
2023-02-16,0.0
2023-02-17,0.0
2023-02-18,0.0
2023-02-19,0.0
2023-02-20,0.0
2023-02-21,0.0
2023-02-22,0.0
2023-02-23,0.0
2023-02-24,0.0
2023-02-25,0.0
2023-02-26,0.0
2023-02-27,0.0
2023-02-28,0.0
2023-03-01,0.0
2023-03-02,0.0
2023-03-03,0.0
2023-03-04,0.0
2023-03-05,0.0
2023-03-06,0.0
2023-03-07,0.0
2023-03-08,0.0
2023-03-09,0.0
2023-03-10,0.0
2023-03-11,0.0
2023-03-12,0.0
2023-03-13,0.0
2023-03-14,0.0
2023-03-15,0.0
2023-03-16,0.0
2023-03-17,0.0
2023-03-18,0.0
2023-03-19,0.0
2023-03-20,0.0
2023-03-21,0.0
2023-03-22,0.0
2023-03-23,0.0
2023-03-24,0.0
2023-03-25,0.0
2023-03-26,8.840391159057617
2023-03-27,1.3520680665969849
2023-03-28,10.387011528015137
2023-03-29,4.448525905609131
2023-03-30,0.6240858435630798
2023-03-31,0.0
2023-04-01,2.7706775665283203
2023-04-02,0.0
2023-04-03,2.7706775665283203
2023-04-04,0.0
2023-04-05,0.0
2023-04-06,0.0
2023-04-07,0.0
2023-04-08,0.0
2023-04-09,3.527778148651123
2023-04-10,0.055996477603912354
2023-04-11,0.0
2023-04-12,0.0
2023-04-13,0.0
2023-04-14,0.0
2023-04-15,0.0
2023-04-16,0.0
2023-04-17,0.0
2023-04-18,0.0
2023-04-19,0.0
2023-04-20,0.0
2023-04-21,0.0
2023-04-22,0.0
2023-04-23,0.0
2023-04-24,0.0
2023-04-25,0.0
2023-04-26,0.0
2023-04-27,0.0
2023-04-28,0.0
2023-04-29,0.0
2023-04-30,0.0
2023-05-01,0.0
2023-05-02,0.0
2023-05-03,0.0
2023-05-04,0.0
2023-05-05,9.446349143981934
2023-05-06,0.1023678183555603
2023-05-07,0.1023678183555603
2023-05-08,0.1023678183555603
2023-05-09,6.051604270935059
2023-05-10,1.8307175636291504
2023-05-11,0.0
2023-05-12,0.0
2023-05-13,0.0
2023-05-14,0.0
2023-05-15,0.0
2023-05-16,0.0
2023-05-17,0.0
2023-05-18,0.0
2023-05-19,0.0
2023-05-20,0.0
2023-05-21,0.0
2023-05-22,0.0
2023-05-23,0.0
2023-05-24,0.0
2023-05-25,0.0
2023-05-26,0.07823494076728821
2023-05-27,0.5476445555686951
2023-05-28,0.07823494076728821
2023-05-29,0.07823494076728821
2023-05-30,0.07823494076728821
2023-05-31,0.07823494076728821
2023-06-01,0.0
2023-06-02,0.0
2023-06-03,0.0
2023-06-04,0.0
2023-06-05,0.0
2023-06-06,0.0
2023-06-07,0.0
2023-06-08,0.0
2023-06-09,0.0
2023-06-10,0.0
2023-06-11,0.0
2023-06-12,0.0
2023-06-13,0.0
2023-06-14,0.0
2023-06-15,0.0
2023-06-16,0.0
2023-06-17,0.0
2023-06-18,0.0
2023-06-19,0.0
2023-06-20,0.0
2023-06-21,0.0
2023-06-22,0.0
2023-06-23,0.0
2023-06-24,0.0
2023-06-25,0.0
2023-06-26,0.0
2023-06-27,0.0
2023-06-28,0.0
2023-06-29,0.0
2023-06-30,0.0
2023-07-01,0.0
2023-07-02,0.0
2023-07-03,0.0
2023-07-04,0.0
2023-07-05,0.0
2023-07-06,0.0
2023-07-07,0.0
2023-07-08,0.0
2023-07-09,0.0
2023-07-10,0.0
2023-07-11,0.0
2023-07-12,0.0
2023-07-13,0.0
2023-07-14,0.0
2023-07-15,0.0
2023-07-16,0.0
2023-07-17,0.0
2023-07-18,0.0
2023-07-19,0.0
2023-07-20,0.0
2023-07-21,0.0
2023-07-22,0.0
2023-07-23,0.0
2023-07-24,0.0
2023-07-25,0.0
2023-07-26,0.0
2023-07-27,0.0
2023-07-28,0.0
2023-07-29,0.0
2023-07-30,0.0
2023-07-31,0.0
2023-08-01,0.0
2023-08-02,0.0
2023-08-03,0.0
2023-08-04,0.0
2023-08-05,0.0
2023-08-06,0.0
2023-08-07,0.0
2023-08-08,0.0
2023-08-09,0.0
2023-08-10,0.0
2023-08-11,0.0
2023-08-12,0.0
2023-08-13,0.0
2023-08-14,0.0
2023-08-15,0.0
2023-08-16,0.0
2023-08-17,0.0
2023-08-18,0.0
2023-08-19,0.0
2023-08-20,0.0
2023-08-21,0.0
2023-08-22,0.0
2023-08-23,0.0
2023-08-24,0.0
2023-08-25,0.0
2023-08-26,0.0
2023-08-27,0.0
2023-08-28,0.0
2023-08-29,0.0
2023-08-30,0.0
2023-08-31,0.0
2023-09-01,0.0
2023-09-02,0.0
2023-09-03,0.0
2023-09-04,0.0
2023-09-05,0.0
2023-09-06,0.0
2023-09-07,0.0
2023-09-08,0.0
2023-09-09,0.0
2023-09-10,0.0
2023-09-11,0.0
2023-09-12,0.0
2023-09-13,0.0
2023-09-14,0.0
2023-09-15,0.0
2023-09-16,0.0
2023-09-17,0.0
2023-09-18,0.0
2023-09-19,0.0
2023-09-20,0.0
2023-09-21,0.0
2023-09-22,0.0
2023-09-23,0.0
2023-09-24,0.0
2023-09-25,0.0
2023-09-26,0.0
2023-09-27,0.0
2023-09-28,0.0
2023-09-29,0.0
2023-09-30,0.0
2023-10-01,0.0
2023-10-02,0.0
2023-10-03,0.0
2023-10-04,0.0
2023-10-05,0.0
2023-10-06,0.0
2023-10-07,0.0
2023-10-08,0.0
2023-10-09,0.0
2023-10-10,0.0
2023-10-11,0.0
2023-10-12,0.0
2023-10-13,0.0
2023-10-14,0.0
2023-10-15,0.0
2023-10-16,0.0
2023-10-17,0.0
2023-10-18,0.0
2023-10-19,0.0
2023-10-20,0.0
2023-10-21,0.0
2023-10-22,0.0
2023-10-23,0.0
2023-10-24,0.0
2023-10-25,0.0
2023-10-26,0.0
2023-10-27,0.0
2023-10-28,0.0
2023-10-29,0.0
2023-10-30,0.0
2023-10-31,0.0
2023-11-01,0.0
2023-11-02,0.0
2023-11-03,0.0
2023-11-04,0.0
2023-11-05,0.0
2023-11-06,0.0
2023-11-07,0.0
2023-11-08,0.42093732953071594
2023-11-09,0.03389832377433777
2023-11-10,4.209572792053223
2023-11-11,0.0
2023-11-12,0.0
2023-11-13,0.6585074663162231
2023-11-14,0.0
2023-11-15,0.0
2023-11-16,0.0
2023-11-17,0.0
2023-11-18,0.0
2023-11-19,0.0
2023-11-20,0.0
2023-11-21,0.0
2023-11-22,0.0
2023-11-23,0.0
2023-11-24,0.0
2023-11-25,0.0
2023-11-26,0.0
2023-11-27,0.0
2023-11-28,0.0
2023-11-29,0.0
2023-11-30,0.0
2023-12-01,0.0
2023-12-02,0.0
2023-12-03,0.0
2023-12-04,0.0
2023-12-05,0.0
2023-12-06,0.0367591492831707
2023-12-07,0.0367591492831707
2023-12-08,0.0367591492831707
2023-12-09,0.14316719770431519
2023-12-10,0.11414682120084763
2023-12-11,0.6023042798042297
2023-12-12,0.0
2023-12-13,2.8520874977111816
2023-12-14,2.2001819610595703
2023-12-15,0.14880457520484924
2023-12-16,0.0
2023-12-17,0.0
2023-12-18,0.0
2023-12-19,0.0
2023-12-20,0.0
2023-12-21,0.0
2023-12-22,0.0
2023-12-23,0.0
2023-12-24,0.0
2023-12-25,0.0
2023-12-26,0.0
2023-12-27,0.0
2023-12-28,0.0
2023-12-29,0.896533191204071
2023-12-30,0.8810953497886658
2023-12-31,0.1604079306125641
