date,tp
1998-01-01,7.122161388397217
1998-01-02,5.795222282409668
1998-01-03,0.0956537202000618
1998-01-04,0.0
1998-01-05,0.0
1998-01-06,5.250906944274902
1998-01-07,11.431144714355469
1998-01-08,0.0
1998-01-09,0.0
1998-01-10,0.8226238489151001
1998-01-11,18.043773651123047
1998-01-12,3.3285229206085205
1998-01-13,1.178029179573059
1998-01-14,0.0047116694040596485
1998-01-15,0.23059765994548798
1998-01-16,0.11174076050519943
1998-01-17,6.109477996826172
1998-01-18,20.807598114013672
1998-01-19,1.2063724994659424
1998-01-20,0.0
1998-01-21,0.0
1998-01-22,1.7199126482009888
1998-01-23,0.9048101305961609
1998-01-24,0.0
1998-01-25,4.056951999664307
1998-01-26,5.743714332580566
1998-01-27,0.710306704044342
1998-01-28,37.73493194580078
1998-01-29,0.03584747016429901
1998-01-30,0.0
1998-01-31,0.30544543266296387
1998-02-01,0.0
1998-02-02,0.0
1998-02-03,3.7400293350219727
1998-02-04,0.39757105708122253
1998-02-05,0.0
1998-02-06,0.0
1998-02-07,0.2462032586336136
1998-02-08,0.13441191613674164
1998-02-09,1.1486520767211914
1998-02-10,37.39278793334961
1998-02-11,0.0
1998-02-12,0.0
1998-02-13,0.0
1998-02-14,0.0
1998-02-15,0.0
1998-02-16,0.0
1998-02-17,7.408120155334473
1998-02-18,24.941204071044922
1998-02-19,4.591830253601074
1998-02-20,2.4652652740478516
1998-02-21,9.75467586517334
1998-02-22,16.734146118164062
1998-02-23,0.0
1998-02-24,0.0
1998-02-25,0.29814422130584717
1998-02-26,1.7182433605194092
1998-02-27,32.84163284301758
1998-02-28,0.4415888488292694
1998-03-01,0.0
1998-03-02,0.0
1998-03-03,6.970952987670898
1998-03-04,0.5601991415023804
1998-03-05,0.0
1998-03-06,0.0
1998-03-07,0.972680389881134
1998-03-08,15.275033950805664
1998-03-09,0.0
1998-03-10,0.2173425853252411
1998-03-11,12.710914611816406
1998-03-12,0.0
1998-03-13,0.0
1998-03-14,1.3122780323028564
1998-03-15,0.37453266978263855
1998-03-16,1.0842994451522827
1998-03-17,5.743311405181885
1998-03-18,0.0
1998-03-19,0.0
1998-03-20,0.0
1998-03-21,0.0
1998-03-22,0.01851809211075306
1998-03-23,0.0
1998-03-24,0.0
1998-03-25,30.13396644592285
1998-03-26,0.008411871269345284
1998-03-27,0.0
1998-03-28,0.0
1998-03-29,0.0
1998-03-30,13.290506362915039
1998-03-31,7.5513081550598145
1998-04-01,0.0
1998-04-02,0.0
1998-04-03,0.0
1998-04-04,0.0
1998-04-05,0.0
1998-04-06,0.0
1998-04-07,0.0
1998-04-08,0.0
1998-04-09,0.0
1998-04-10,0.0
1998-04-11,0.070916086435318
1998-04-12,0.0
1998-04-13,4.454761028289795
1998-04-14,0.23687514662742615
1998-04-15,3.400174617767334
1998-04-16,5.3248724937438965
1998-04-17,0.2690820097923279
1998-04-18,0.0
1998-04-19,1.1920610666275024
1998-04-20,0.0
1998-04-21,0.0
1998-04-22,0.0
1998-04-23,0.0
1998-04-24,0.0
1998-04-25,0.0
1998-04-26,1.5766749382019043
1998-04-27,1.6840903759002686
1998-04-28,0.0
1998-04-29,0.0
1998-04-30,0.0
1998-05-01,0.0
1998-05-02,0.0
1998-05-03,0.0
1998-05-04,0.0
1998-05-05,0.0
1998-05-06,0.0
1998-05-07,0.0
1998-05-08,0.0
1998-05-09,0.0
1998-05-10,0.0
1998-05-11,0.0
1998-05-12,13.610861778259277
1998-05-13,1.916293978691101
1998-05-14,0.18136066198349
1998-05-15,1.0097492933273315
1998-05-16,0.0
1998-05-17,0.0
1998-05-18,0.0
1998-05-19,0.0
1998-05-20,0.0
1998-05-21,0.0
1998-05-22,0.0
1998-05-23,0.0
1998-05-24,0.0
1998-05-25,0.0
1998-05-26,0.0
1998-05-27,0.0
1998-05-28,0.0
1998-05-29,0.0
1998-05-30,0.0
1998-05-31,0.0
1998-06-01,2.5333080291748047
1998-06-02,0.42221799492836
1998-06-03,0.42221799492836
1998-06-04,0.42221799492836
1998-06-05,0.42221799492836
1998-06-06,0.0
1998-06-07,0.0
1998-06-08,0.0
1998-06-09,0.0
1998-06-10,0.0
1998-06-11,0.0
1998-06-12,0.0
1998-06-13,0.0
1998-06-14,0.0
1998-06-15,0.0
1998-06-16,1.3763314485549927
1998-06-17,1.3763314485549927
1998-06-18,1.3763314485549927
1998-06-19,1.3763314485549927
1998-06-20,1.3763314485549927
1998-06-21,0.0
1998-06-22,0.0
1998-06-23,0.0
1998-06-24,0.0
1998-06-25,0.0
1998-06-26,0.0
1998-06-27,0.0
1998-06-28,0.0
1998-06-29,0.0
1998-06-30,0.0
1998-07-01,0.0
1998-07-02,0.0
1998-07-03,0.0
1998-07-04,0.0
1998-07-05,0.0
1998-07-06,0.0
1998-07-07,0.0
1998-07-08,0.0
1998-07-09,0.0
1998-07-10,0.0
1998-07-11,0.0
1998-07-12,0.0
1998-07-13,0.0
1998-07-14,0.0
1998-07-15,0.0
1998-07-16,0.0
1998-07-17,0.0
1998-07-18,0.0
1998-07-19,0.0
1998-07-20,0.0
1998-07-21,0.0
1998-07-22,0.0
1998-07-23,0.0
1998-07-24,0.0
1998-07-25,0.0
1998-07-26,0.0
1998-07-27,0.0
1998-07-28,0.0
1998-07-29,0.0
1998-07-30,0.0
1998-07-31,0.0
1998-08-01,0.0
1998-08-02,0.0
1998-08-03,0.89134681224823
1998-08-04,1.2497493028640747
1998-08-05,0.08295038342475891
1998-08-06,0.0
1998-08-07,0.0
1998-08-08,0.0
1998-08-09,0.0
1998-08-10,0.0
1998-08-11,0.0
1998-08-12,0.0
1998-08-13,10.769339561462402
1998-08-14,0.0
1998-08-15,0.0
1998-08-16,0.025396009907126427
1998-08-17,0.025396009907126427
1998-08-18,0.025396009907126427
1998-08-19,0.025396009907126427
1998-08-20,0.025396009907126427
1998-08-21,0.0
1998-08-22,0.0
1998-08-23,0.0
1998-08-24,0.0
1998-08-25,0.0
1998-08-26,0.0
1998-08-27,0.0
1998-08-28,0.0
1998-08-29,0.0
1998-08-30,0.0
1998-08-31,0.0
1998-09-01,0.0
1998-09-02,0.0
1998-09-03,0.0
1998-09-04,0.0
1998-09-05,0.0
1998-09-06,0.0
1998-09-07,0.0
1998-09-08,0.0
1998-09-09,0.0
1998-09-10,0.0
1998-09-11,0.0
1998-09-12,0.0
1998-09-13,0.0
1998-09-14,0.0
1998-09-15,0.0
1998-09-16,0.0
1998-09-17,0.0
1998-09-18,0.0
1998-09-19,3.2266845703125
1998-09-20,0.012206878513097763
1998-09-21,0.0
1998-09-22,0.0
1998-09-23,0.0
1998-09-24,0.0
1998-09-25,0.0
1998-09-26,0.0
1998-09-27,0.0
1998-09-28,0.0
1998-09-29,0.0
1998-09-30,0.0
1998-10-01,0.0
1998-10-02,0.0
1998-10-03,0.0
1998-10-04,0.0
1998-10-05,0.0
1998-10-06,0.0
1998-10-07,0.0
1998-10-08,0.0
1998-10-09,0.0
1998-10-10,0.0
1998-10-11,0.053454600274562836
1998-10-12,8.117393493652344
1998-10-13,2.9631526470184326
1998-10-14,2.924043893814087
1998-10-15,0.004303043242543936
1998-10-16,0.0
1998-10-17,0.0
1998-10-18,0.0
1998-10-19,0.0
1998-10-20,0.0
1998-10-21,0.0
1998-10-22,0.10326790064573288
1998-10-23,11.313460350036621
1998-10-24,2.06705379486084
1998-10-25,3.5656967163085938
1998-10-26,0.0
1998-10-27,0.0
1998-10-28,0.0
1998-10-29,0.0
1998-10-30,0.0
1998-10-31,0.0
1998-11-01,0.025635147467255592
1998-11-02,0.009475686587393284
1998-11-03,0.001246305531822145
1998-11-04,0.012629622593522072
1998-11-05,0.0887003019452095
1998-11-06,4.014913082122803
1998-11-07,0.5187721252441406
1998-11-08,1.1015233993530273
1998-11-09,0.04524802789092064
1998-11-10,0.16399139165878296
1998-11-11,5.899374485015869
1998-11-12,0.7287845015525818
1998-11-13,1.4795112609863281
1998-11-14,5.005439758300781
1998-11-15,0.03702588379383087
1998-11-16,1.1479023694992065
1998-11-17,30.078882217407227
1998-11-18,6.648072719573975
1998-11-19,0.048741407692432404
1998-11-20,0.7673977613449097
1998-11-21,11.340706825256348
1998-11-22,17.540632247924805
1998-11-23,0.14967061579227448
1998-11-24,3.61848783493042
1998-11-25,0.027954548597335815
1998-11-26,0.0
1998-11-27,0.0
1998-11-28,0.0
1998-11-29,5.295207500457764
1998-11-30,0.0
1998-12-01,0.45918259024620056
1998-12-02,5.28060245513916
1998-12-03,0.0731564611196518
1998-12-04,0.0
1998-12-05,0.0
1998-12-06,0.0044265016913414
1998-12-07,0.0
1998-12-08,0.4047083258628845
1998-12-09,0.018244009464979172
1998-12-10,0.05333917215466499
1998-12-11,0.0
1998-12-12,0.0
1998-12-13,0.0
1998-12-14,0.4105965495109558
1998-12-15,0.5416695475578308
1998-12-16,12.411201477050781
1998-12-17,1.7172460556030273
1998-12-18,0.0
1998-12-19,0.0
1998-12-20,0.25868114829063416
1998-12-21,33.811004638671875
1998-12-22,1.1288195848464966
1998-12-23,0.0
1998-12-24,0.0
1998-12-25,0.0
1998-12-26,0.0
1998-12-27,0.007250573486089706
1998-12-28,19.647218704223633
1998-12-29,4.518152713775635
1998-12-30,0.5044407248497009
1998-12-31,2.426903247833252
1999-01-01,9.57448673248291
1999-01-02,1.6658179759979248
1999-01-03,0.013084448873996735
1999-01-04,0.6074765920639038
1999-01-05,0.8007466793060303
1999-01-06,0.0
1999-01-07,0.27222633361816406
1999-01-08,1.3526318073272705
1999-01-09,11.058329582214355
1999-01-10,0.7857280969619751
1999-01-11,0.029487967491149902
1999-01-12,0.0
1999-01-13,0.10020148009061813
1999-01-14,14.421899795532227
1999-01-15,0.013195091858506203
1999-01-16,0.0
1999-01-17,0.006454909685999155
1999-01-18,1.6996864080429077
1999-01-19,3.6111888885498047
1999-01-20,0.01325082778930664
1999-01-21,0.05156922712922096
1999-01-22,0.04155116528272629
1999-01-23,0.025422967970371246
1999-01-24,0.0
1999-01-25,7.999059200286865
1999-01-26,5.532202243804932
1999-01-27,0.0
1999-01-28,19.51238250732422
1999-01-29,0.549085795879364
1999-01-30,1.031138300895691
1999-01-31,36.13484191894531
1999-02-01,2.4963133335113525
1999-02-02,29.89882469177246
1999-02-03,1.5149420499801636
1999-02-04,0.3791370689868927
1999-02-05,0.1245243027806282
1999-02-06,0.0
1999-02-07,2.374394178390503
1999-02-08,4.558831691741943
1999-02-09,0.0
1999-02-10,0.0
1999-02-11,0.08881204575300217
1999-02-12,0.21489031612873077
1999-02-13,31.8134765625
1999-02-14,12.998209953308105
1999-02-15,0.0
1999-02-16,29.579374313354492
1999-02-17,42.042301177978516
1999-02-18,0.12393408268690109
1999-02-19,0.07123830169439316
1999-02-20,1.1002863645553589
1999-02-21,0.09550939500331879
1999-02-22,0.45476260781288147
1999-02-23,2.4468259811401367
1999-02-24,4.888157367706299
1999-02-25,0.0
1999-02-26,0.0
1999-02-27,0.0
1999-02-28,0.0
1999-03-01,0.0
1999-03-02,0.002712065586820245
1999-03-03,0.13573239743709564
1999-03-04,2.680730104446411
1999-03-05,7.595158576965332
1999-03-06,0.17764145135879517
1999-03-07,3.195833206176758
1999-03-08,2.6768698692321777
1999-03-09,12.795689582824707
1999-03-10,0.1346554160118103
1999-03-11,0.0
1999-03-12,0.0
1999-03-13,0.7274245023727417
1999-03-14,16.993253707885742
1999-03-15,6.910661697387695
1999-03-16,8.261736869812012
1999-03-17,8.636358261108398
1999-03-18,7.033667087554932
1999-03-19,23.802513122558594
1999-03-20,4.802041530609131
1999-03-21,0.0
1999-03-22,0.0
1999-03-23,0.0
1999-03-24,0.0
1999-03-25,0.0
1999-03-26,0.0805821493268013
1999-03-27,0.04488566890358925
1999-03-28,0.6121184229850769
1999-03-29,51.91037368774414
1999-03-30,1.0779969692230225
1999-03-31,0.015191096812486649
1999-04-01,0.0
1999-04-02,0.0
1999-04-03,0.0
1999-04-04,0.0
1999-04-05,0.0
1999-04-06,0.0
1999-04-07,0.0
1999-04-08,0.0
1999-04-09,0.0
1999-04-10,0.0
1999-04-11,3.5350375175476074
1999-04-12,3.6852777004241943
1999-04-13,0.42472442984580994
1999-04-14,0.42472442984580994
1999-04-15,0.42472442984580994
1999-04-16,0.0
1999-04-17,0.2556855082511902
1999-04-18,0.05769938975572586
1999-04-19,2.844925880432129
1999-04-20,2.011554479598999
1999-04-21,0.8549953103065491
1999-04-22,16.83785057067871
1999-04-23,5.219691276550293
1999-04-24,0.183829665184021
1999-04-25,1.0742241144180298
1999-04-26,0.0
1999-04-27,0.0
1999-04-28,0.0
1999-04-29,0.0
1999-04-30,0.0
1999-05-01,0.0
1999-05-02,0.0
1999-05-03,0.0
1999-05-04,0.0
1999-05-05,0.0
1999-05-06,0.0
1999-05-07,0.0
1999-05-08,0.0
1999-05-09,0.0
1999-05-10,0.0
1999-05-11,0.0
1999-05-12,0.0
1999-05-13,0.0
1999-05-14,0.0
1999-05-15,0.0
1999-05-16,0.0
1999-05-17,0.0
1999-05-18,0.0
1999-05-19,0.0
1999-05-20,0.0
1999-05-21,0.0
1999-05-22,0.0
1999-05-23,0.0
1999-05-24,0.0
1999-05-25,0.0
1999-05-26,6.4990692138671875
1999-05-27,0.0
1999-05-28,3.617168426513672
1999-05-29,3.8772270679473877
1999-05-30,0.0
1999-05-31,0.0
1999-06-01,0.0
1999-06-02,0.0
1999-06-03,0.0
1999-06-04,0.0
1999-06-05,0.0
1999-06-06,0.0
1999-06-07,0.0
1999-06-08,0.0
1999-06-09,0.0
1999-06-10,0.0
1999-06-11,0.0
1999-06-12,0.0
1999-06-13,0.0
1999-06-14,0.0
1999-06-15,0.0
1999-06-16,0.0
1999-06-17,0.0
1999-06-18,0.0
1999-06-19,0.0
1999-06-20,0.0
1999-06-21,0.0
1999-06-22,0.0
1999-06-23,0.0
1999-06-24,0.0
1999-06-25,0.0
1999-06-26,0.0
1999-06-27,0.0
1999-06-28,0.0
1999-06-29,0.0
1999-06-30,0.0
1999-07-01,0.0
1999-07-02,0.0
1999-07-03,0.0
1999-07-04,0.0
1999-07-05,0.0
1999-07-06,0.0
1999-07-07,0.0
1999-07-08,0.0
1999-07-09,0.0
1999-07-10,0.0
1999-07-11,0.0
1999-07-12,0.0
1999-07-13,0.0
1999-07-14,0.0
1999-07-15,0.0
1999-07-16,0.0
1999-07-17,0.0
1999-07-18,0.0
1999-07-19,0.0
1999-07-20,0.0
1999-07-21,0.0
1999-07-22,0.0
1999-07-23,0.0
1999-07-24,0.0
1999-07-25,0.0
1999-07-26,0.0
1999-07-27,0.0
1999-07-28,0.0
1999-07-29,0.0
1999-07-30,0.0
1999-07-31,0.0
1999-08-01,0.0
1999-08-02,0.0
1999-08-03,0.0
1999-08-04,0.0
1999-08-05,0.0
1999-08-06,0.0
1999-08-07,0.0
1999-08-08,0.0
1999-08-09,0.0
1999-08-10,0.0
1999-08-11,0.0
1999-08-12,0.0
1999-08-13,0.0
1999-08-14,0.0
1999-08-15,0.0
1999-08-16,0.024844666942954063
1999-08-17,0.024844666942954063
1999-08-18,0.024844666942954063
1999-08-19,0.024844666942954063
1999-08-20,0.024844666942954063
1999-08-21,0.0
1999-08-22,0.0
1999-08-23,0.0
1999-08-24,0.0
1999-08-25,0.0
1999-08-26,0.0
1999-08-27,0.0
1999-08-28,0.0
1999-08-29,0.0
1999-08-30,0.0
1999-08-31,0.0
1999-09-01,0.0
1999-09-02,0.25379160046577454
1999-09-03,6.380821704864502
1999-09-04,3.3963840007781982
1999-09-05,0.0
1999-09-06,0.0
1999-09-07,0.0
1999-09-08,0.0
1999-09-09,0.0
1999-09-10,0.0
1999-09-11,0.0
1999-09-12,0.0
1999-09-13,0.0
1999-09-14,0.0
1999-09-15,0.0
1999-09-16,0.0
1999-09-17,0.0
1999-09-18,0.0
1999-09-19,0.0
1999-09-20,0.0
1999-09-21,0.0
1999-09-22,0.0
1999-09-23,0.0
1999-09-24,0.0
1999-09-25,0.0
1999-09-26,0.0
1999-09-27,0.0
1999-09-28,0.0
1999-09-29,0.0
1999-09-30,0.0
1999-10-01,2.293212652206421
1999-10-02,16.775066375732422
1999-10-03,0.6222550868988037
1999-10-04,0.026549380272626877
1999-10-05,0.22127561271190643
1999-10-06,0.42420056462287903
1999-10-07,0.0
1999-10-08,0.012672528624534607
1999-10-09,0.0
1999-10-10,3.2881152629852295
1999-10-11,1.0037106275558472
1999-10-12,0.008298017084598541
1999-10-13,0.14914977550506592
1999-10-14,4.314964294433594
1999-10-15,0.026324553415179253
1999-10-16,1.3184757232666016
1999-10-17,2.0635807514190674
1999-10-18,0.0
1999-10-19,0.1880749613046646
1999-10-20,4.391099452972412
1999-10-21,9.351696968078613
1999-10-22,3.023484468460083
1999-10-23,19.51818084716797
1999-10-24,2.3921597003936768
1999-10-25,0.3611624538898468
1999-10-26,5.212777614593506
1999-10-27,11.918281555175781
1999-10-28,6.799209117889404
1999-10-29,5.989161968231201
1999-10-30,7.994722366333008
1999-10-31,0.0
1999-11-01,0.0
1999-11-02,9.178351402282715
1999-11-03,1.885443091392517
1999-11-04,11.86019229888916
1999-11-05,0.0
1999-11-06,0.0
1999-11-07,0.2712775468826294
1999-11-08,0.023644058033823967
1999-11-09,0.397781103849411
1999-11-10,0.4648599624633789
1999-11-11,0.02002571150660515
1999-11-12,0.0
1999-11-13,0.0
1999-11-14,1.3957924842834473
1999-11-15,11.961356163024902
1999-11-16,0.009724535048007965
1999-11-17,2.455033540725708
1999-11-18,14.378339767456055
1999-11-19,8.50584888458252
1999-11-20,3.124490976333618
1999-11-21,0.0
1999-11-22,0.0
1999-11-23,0.0
1999-11-24,0.0
1999-11-25,0.0
1999-11-26,2.690347671508789
1999-11-27,0.25903841853141785
1999-11-28,0.1625458300113678
1999-11-29,4.864246368408203
1999-11-30,16.898334503173828
1999-12-01,11.161044120788574
1999-12-02,1.4394662380218506
1999-12-03,0.0
1999-12-04,0.007392190396785736
1999-12-05,4.587956428527832
1999-12-06,8.978889465332031
1999-12-07,0.0
1999-12-08,0.07425092905759811
1999-12-09,0.3771248757839203
1999-12-10,1.0214380025863647
1999-12-11,0.024432577192783356
1999-12-12,2.6409122943878174
1999-12-13,0.0
1999-12-14,15.836297988891602
1999-12-15,0.06768259406089783
1999-12-16,0.0984545648097992
1999-12-17,0.0
1999-12-18,2.3922436237335205
1999-12-19,9.080036163330078
1999-12-20,5.81196403503418
1999-12-21,0.0
1999-12-22,0.22931165993213654
1999-12-23,0.9425016641616821
1999-12-24,0.028651004657149315
1999-12-25,0.7205172777175903
1999-12-26,0.13625302910804749
1999-12-27,5.104464530944824
1999-12-28,0.10766183584928513
1999-12-29,5.789122581481934
1999-12-30,10.048079490661621
1999-12-31,0.0
2000-01-01,0.0
2000-01-02,0.0
2000-01-03,0.0
2000-01-04,0.0
2000-01-05,0.0
2000-01-06,0.0
2000-01-07,0.0
2000-01-08,0.0
2000-01-09,0.0
2000-01-10,0.0
2000-01-11,0.0
2000-01-12,0.0
2000-01-13,0.17608556151390076
2000-01-14,0.2632122337818146
2000-01-15,11.586575508117676
2000-01-16,0.0
2000-01-17,13.246641159057617
2000-01-18,3.6634247303009033
2000-01-19,3.5111937522888184
2000-01-20,23.27267074584961
2000-01-21,0.0
2000-01-22,24.907941818237305
2000-01-23,0.7738608717918396
2000-01-24,5.230185031890869
2000-01-25,12.092840194702148
2000-01-26,7.783263683319092
2000-01-27,3.646209478378296
2000-01-28,2.282120943069458
2000-01-29,5.064399719238281
2000-01-30,33.41215515136719
2000-01-31,68.57518005371094
2000-02-01,4.25880241394043
2000-02-02,1.3578680753707886
2000-02-03,39.6435661315918
2000-02-04,0.3871697187423706
2000-02-05,2.3370490074157715
2000-02-06,24.4151611328125
2000-02-07,0.9542431831359863
2000-02-08,3.8470377922058105
2000-02-09,2.9598309993743896
2000-02-10,0.0
2000-02-11,0.0
2000-02-12,0.0
2000-02-13,13.93431282043457
2000-02-14,0.477400004863739
2000-02-15,0.0
2000-02-16,0.0
2000-02-17,0.0
2000-02-18,0.0
2000-02-19,0.0
2000-02-20,0.0
2000-02-21,9.909931182861328
2000-02-22,4.192721843719482
2000-02-23,0.0
2000-02-24,0.5301438570022583
2000-02-25,2.6666011810302734
2000-02-26,0.0
2000-02-27,0.0
2000-02-28,17.23602867126465
2000-02-29,0.6108792424201965
2000-03-01,0.0
2000-03-02,0.07840315997600555
2000-03-03,0.08232332020998001
2000-03-04,3.230074167251587
2000-03-05,6.005034446716309
2000-03-06,27.347280502319336
2000-03-07,11.203840255737305
2000-03-08,0.8018817901611328
2000-03-09,0.18333907425403595
2000-03-10,7.609363555908203
2000-03-11,0.0
2000-03-12,4.8541436195373535
2000-03-13,5.531404495239258
2000-03-14,0.5540778040885925
2000-03-15,0.0
2000-03-16,0.0
2000-03-17,0.0
2000-03-18,8.427958488464355
2000-03-19,0.3119611144065857
2000-03-20,0.0
2000-03-21,0.08312345296144485
2000-03-22,7.831328392028809
2000-03-23,0.0
2000-03-24,18.87449836730957
2000-03-25,6.251988410949707
2000-03-26,0.24253083765506744
2000-03-27,6.748366832733154
2000-03-28,1.55746591091156
2000-03-29,0.0
2000-03-30,3.7996857166290283
2000-03-31,0.001383224967867136
2000-04-01,0.0
2000-04-02,0.0
2000-04-03,0.0
2000-04-04,0.0
2000-04-05,0.0
2000-04-06,0.0
2000-04-07,0.0
2000-04-08,0.0
2000-04-09,0.0
2000-04-10,0.0
2000-04-11,0.0
2000-04-12,0.0
2000-04-13,0.0
2000-04-14,0.0
2000-04-15,0.0
2000-04-16,0.0
2000-04-17,0.0
2000-04-18,0.0
2000-04-19,0.0
2000-04-20,0.0
2000-04-21,0.0
2000-04-22,3.4179887771606445
2000-04-23,0.0
2000-04-24,0.05065813288092613
2000-04-25,0.0
2000-04-26,3.9305169582366943
2000-04-27,2.844682216644287
2000-04-28,10.428937911987305
2000-04-29,1.0984587669372559
2000-04-30,0.0
2000-05-01,0.0
2000-05-02,0.0
2000-05-03,0.0
2000-05-04,0.0
2000-05-05,0.0
2000-05-06,0.0
2000-05-07,0.0
2000-05-08,0.0
2000-05-09,0.0
2000-05-10,0.0
2000-05-11,0.0
2000-05-12,0.0
2000-05-13,0.0
2000-05-14,0.0
2000-05-15,0.0
2000-05-16,1.483581781387329
2000-05-17,13.821723937988281
2000-05-18,0.03216628357768059
2000-05-19,1.4782613515853882
2000-05-20,2.1456713676452637
2000-05-21,0.0
2000-05-22,0.0
2000-05-23,0.0
2000-05-24,0.0
2000-05-25,3.4064812660217285
2000-05-26,0.0
2000-05-27,0.0
2000-05-28,0.0
2000-05-29,0.0
2000-05-30,0.0
2000-05-31,0.0
2000-06-01,0.0
2000-06-02,0.0
2000-06-03,0.0
2000-06-04,0.0
2000-06-05,0.0
2000-06-06,0.26755020022392273
2000-06-07,1.0221790075302124
2000-06-08,2.943052291870117
2000-06-09,0.26755020022392273
2000-06-10,0.8506724834442139
2000-06-11,0.378031462430954
2000-06-12,0.1647343784570694
2000-06-13,0.0024506396148353815
2000-06-14,0.021698156371712685
2000-06-15,0.0
2000-06-16,0.0
2000-06-17,0.0
2000-06-18,0.0
2000-06-19,0.0
2000-06-20,0.0
2000-06-21,0.0
2000-06-22,0.0
2000-06-23,0.0
2000-06-24,0.0
2000-06-25,0.0
2000-06-26,0.0
2000-06-27,0.0
2000-06-28,0.0
2000-06-29,0.0
2000-06-30,0.0
2000-07-01,0.0
2000-07-02,0.0
2000-07-03,0.0
2000-07-04,0.0
2000-07-05,0.0
2000-07-06,0.0
2000-07-07,0.0
2000-07-08,0.0
2000-07-09,0.0
2000-07-10,0.0
2000-07-11,0.0
2000-07-12,0.0
2000-07-13,0.0
2000-07-14,0.0
2000-07-15,0.0
2000-07-16,0.0
2000-07-17,0.0
2000-07-18,0.0
2000-07-19,0.0
2000-07-20,0.0
2000-07-21,0.0
2000-07-22,0.0
2000-07-23,0.0
2000-07-24,0.0
2000-07-25,0.0
2000-07-26,0.0
2000-07-27,0.0
2000-07-28,0.0
2000-07-29,0.0
2000-07-30,0.0
2000-07-31,0.0
2000-08-01,0.0
2000-08-02,0.0
2000-08-03,0.0
2000-08-04,0.0
2000-08-05,0.0
2000-08-06,0.0
2000-08-07,0.0
2000-08-08,0.0
2000-08-09,0.0
2000-08-10,0.0
2000-08-11,0.055807288736104965
2000-08-12,0.055807288736104965
2000-08-13,0.055807288736104965
2000-08-14,0.055807288736104965
2000-08-15,0.8929166197776794
2000-08-16,4.154688358306885
2000-08-17,0.0
2000-08-18,0.0
2000-08-19,0.06676041334867477
2000-08-20,1.119385004043579
2000-08-21,0.11454526335000992
2000-08-22,1.8096495866775513
2000-08-23,0.0
2000-08-24,5.531737327575684
2000-08-25,1.7380436658859253
2000-08-26,6.18100118637085
2000-08-27,0.2221377193927765
2000-08-28,0.5129874348640442
2000-08-29,2.079418659210205
2000-08-30,0.004615466576069593
2000-08-31,0.0
2000-09-01,0.0019458475289866328
2000-09-02,0.03332003951072693
2000-09-03,3.4439094066619873
2000-09-04,0.0
2000-09-05,0.0
2000-09-06,0.0
2000-09-07,0.0
2000-09-08,0.0
2000-09-09,0.0
2000-09-10,0.0
2000-09-11,0.0
2000-09-12,0.0
2000-09-13,0.0
2000-09-14,0.0
2000-09-15,0.0
2000-09-16,0.0
2000-09-17,0.4545746147632599
2000-09-18,0.9513682723045349
2000-09-19,0.0
2000-09-20,0.0
2000-09-21,4.330920219421387
2000-09-22,3.048105478286743
2000-09-23,0.0
2000-09-24,0.10559152066707611
2000-09-25,0.0
2000-09-26,0.0
2000-09-27,0.0
2000-09-28,0.0
2000-09-29,0.0
2000-09-30,0.0
2000-10-01,0.0
2000-10-02,0.0
2000-10-03,1.249751329421997
2000-10-04,3.5742685794830322
2000-10-05,0.10490135848522186
2000-10-06,0.0
2000-10-07,0.0
2000-10-08,0.03516323119401932
2000-10-09,1.3054777383804321
2000-10-10,4.8944525718688965
2000-10-11,4.76622200012207
2000-10-12,5.189066410064697
2000-10-13,8.7310791015625
2000-10-14,24.59391212463379
2000-10-15,6.362458229064941
2000-10-16,12.810113906860352
2000-10-17,0.0
2000-10-18,0.44701719284057617
2000-10-19,0.9536654353141785
2000-10-20,0.22398100793361664
2000-10-21,0.001252247835509479
2000-10-22,6.426151752471924
2000-10-23,1.3629271984100342
2000-10-24,0.16000917553901672
2000-10-25,0.0
2000-10-26,6.461322784423828
2000-10-27,0.5896144509315491
2000-10-28,0.003220585873350501
2000-10-29,0.2275572419166565
2000-10-30,0.0
2000-10-31,0.0024229055270552635
2000-11-01,0.39143189787864685
2000-11-02,1.6254640817642212
2000-11-03,0.004232335370033979
2000-11-04,0.09981319308280945
2000-11-05,16.7016658782959
2000-11-06,5.294126510620117
2000-11-07,1.863844394683838
2000-11-08,0.4467375576496124
2000-11-09,0.0
2000-11-10,1.1654692888259888
2000-11-11,1.8890540599822998
2000-11-12,0.0
2000-11-13,3.415438413619995
2000-11-14,2.8213887214660645
2000-11-15,0.4376048147678375
2000-11-16,0.0
2000-11-17,0.0
2000-11-18,0.0
2000-11-19,0.0
2000-11-20,0.0
2000-11-21,1.7113460302352905
2000-11-22,6.5774335861206055
2000-11-23,0.0
2000-11-24,3.3226656913757324
2000-11-25,0.0
2000-11-26,1.4379607439041138
2000-11-27,3.3343923091888428
2000-11-28,5.496698379516602
2000-11-29,6.876326560974121
2000-11-30,0.5140311121940613
2000-12-01,4.745830059051514
2000-12-02,0.22137606143951416
2000-12-03,0.0335240438580513
2000-12-04,4.384395122528076
2000-12-05,0.23978157341480255
2000-12-06,0.010726533830165863
2000-12-07,0.0
2000-12-08,2.201781988143921
2000-12-09,31.8525333404541
2000-12-10,0.8128286600112915
2000-12-11,0.14824219048023224
2000-12-12,4.261164665222168
2000-12-13,8.622112274169922
2000-12-14,0.1790992170572281
2000-12-15,1.2717586755752563
2000-12-16,12.033154487609863
2000-12-17,0.0
2000-12-18,0.0
2000-12-19,0.0
2000-12-20,0.0
2000-12-21,0.28711947798728943
2000-12-22,1.8299895524978638
2000-12-23,14.347344398498535
2000-12-24,2.7580912113189697
2000-12-25,0.015213540755212307
2000-12-26,0.0006018021958880126
2000-12-27,0.0
2000-12-28,5.7275238037109375
2000-12-29,13.360563278198242
2000-12-30,34.1976318359375
2000-12-31,0.02253095805644989
2001-01-01,0.0
2001-01-02,0.0
2001-01-03,0.3810913860797882
2001-01-04,0.0
2001-01-05,7.461402893066406
2001-01-06,0.25646674633026123
2001-01-07,1.9337446689605713
2001-01-08,31.64179801940918
2001-01-09,0.02442440204322338
2001-01-10,2.5272622108459473
2001-01-11,15.755339622497559
2001-01-12,0.4542766511440277
2001-01-13,0.0
2001-01-14,0.03271004930138588
2001-01-15,0.015942713245749474
2001-01-16,0.4206766188144684
2001-01-17,14.798604011535645
2001-01-18,11.728323936462402
2001-01-19,8.527599334716797
2001-01-20,39.012725830078125
2001-01-21,2.369438886642456
2001-01-22,1.4172519445419312
2001-01-23,3.0875205993652344
2001-01-24,28.62714385986328
2001-01-25,4.009540557861328
2001-01-26,0.0
2001-01-27,0.0
2001-01-28,0.0
2001-01-29,35.07588577270508
2001-01-30,0.48894554376602173
2001-01-31,0.32517141103744507
2001-02-01,7.0679731369018555
2001-02-02,26.214900970458984
2001-02-03,59.341983795166016
2001-02-04,7.942514419555664
2001-02-05,0.0
2001-02-06,1.876476764678955
2001-02-07,0.04910963773727417
2001-02-08,2.117227077484131
2001-02-09,1.3170312643051147
2001-02-10,3.4990813732147217
2001-02-11,0.03504868596792221
2001-02-12,20.492860794067383
2001-02-13,0.2526160478591919
2001-02-14,0.0030750706791877747
2001-02-15,14.80112075805664
2001-02-16,25.438343048095703
2001-02-17,0.5548242330551147
2001-02-18,0.0
2001-02-19,3.0447123050689697
2001-02-20,0.0
2001-02-21,0.7570734024047852
2001-02-22,0.502397358417511
2001-02-23,0.6311787962913513
2001-02-24,10.692761421203613
2001-02-25,24.351070404052734
2001-02-26,34.44754409790039
2001-02-27,1.325888752937317
2001-02-28,6.762325763702393
2001-03-01,0.0
2001-03-02,0.05589280650019646
2001-03-03,0.0
2001-03-04,3.252199411392212
2001-03-05,11.404077529907227
2001-03-06,14.911486625671387
2001-03-07,15.302364349365234
2001-03-08,2.367243766784668
2001-03-09,5.7416534423828125
2001-03-10,0.11236066371202469
2001-03-11,7.579896450042725
2001-03-12,6.428089141845703
2001-03-13,2.7775092124938965
2001-03-14,0.5930054783821106
2001-03-15,6.831039905548096
2001-03-16,3.865999460220337
2001-03-17,9.535754203796387
2001-03-18,0.0
2001-03-19,0.07773783802986145
2001-03-20,1.2810295820236206
2001-03-21,1.3620436191558838
2001-03-22,9.661272048950195
2001-03-23,8.81132984161377
2001-03-24,0.9861859083175659
2001-03-25,1.5949817895889282
2001-03-26,14.617413520812988
2001-03-27,0.0
2001-03-28,1.385254979133606
2001-03-29,0.0
2001-03-30,3.4048233032226562
2001-03-31,0.0
2001-04-01,0.6254920363426208
2001-04-02,0.6254920363426208
2001-04-03,0.6254920363426208
2001-04-04,0.703504741191864
2001-04-05,3.6749391555786133
2001-04-06,10.569400787353516
2001-04-07,0.0
2001-04-08,0.5921595096588135
2001-04-09,0.05289224907755852
2001-04-10,8.291412353515625
2001-04-11,0.0
2001-04-12,0.0
2001-04-13,0.0
2001-04-14,0.0
2001-04-15,0.0
2001-04-16,0.3516438901424408
2001-04-17,0.3516438901424408
2001-04-18,0.3516438901424408
2001-04-19,0.3516438901424408
2001-04-20,0.3516438901424408
2001-04-21,0.0
2001-04-22,0.0
2001-04-23,5.872839450836182
2001-04-24,16.960630416870117
2001-04-25,0.1051587387919426
2001-04-26,0.0
2001-04-27,0.0
2001-04-28,4.821303844451904
2001-04-29,14.013181686401367
2001-04-30,0.0
2001-05-01,0.0
2001-05-02,0.4676806926727295
2001-05-03,0.0
2001-05-04,0.0
2001-05-05,7.083479404449463
2001-05-06,0.832665205001831
2001-05-07,8.9411039352417
2001-05-08,0.502926230430603
2001-05-09,0.0
2001-05-10,0.0
2001-05-11,0.0
2001-05-12,0.0
2001-05-13,0.0
2001-05-14,1.495949149131775
2001-05-15,5.189381122589111
2001-05-16,0.0
2001-05-17,0.0
2001-05-18,0.0
2001-05-19,0.0
2001-05-20,0.0
2001-05-21,0.0
2001-05-22,0.0
2001-05-23,0.0
2001-05-24,0.0
2001-05-25,0.0
2001-05-26,0.0
2001-05-27,0.0
2001-05-28,0.0
2001-05-29,0.0
2001-05-30,0.0
2001-05-31,0.0
2001-06-01,0.0
2001-06-02,0.0
2001-06-03,0.0
2001-06-04,0.0
2001-06-05,0.0
2001-06-06,0.6435725092887878
2001-06-07,0.6435725092887878
2001-06-08,0.6435725092887878
2001-06-09,0.6435725092887878
2001-06-10,0.6435725092887878
2001-06-11,0.0
2001-06-12,0.0
2001-06-13,0.0
2001-06-14,0.0
2001-06-15,0.0
2001-06-16,0.45812463760375977
2001-06-17,0.055230870842933655
2001-06-18,0.13954608142375946
2001-06-19,0.0554412379860878
2001-06-20,0.6833968758583069
2001-06-21,0.0
2001-06-22,0.06534083187580109
2001-06-23,0.20906174182891846
2001-06-24,0.0
2001-06-25,0.0
2001-06-26,0.0
2001-06-27,0.0
2001-06-28,0.0
2001-06-29,0.0
2001-06-30,0.0
2001-07-01,0.0
2001-07-02,0.0
2001-07-03,0.0
2001-07-04,0.0
2001-07-05,0.0
2001-07-06,0.0
2001-07-07,0.0
2001-07-08,0.0
2001-07-09,0.0
2001-07-10,0.0
2001-07-11,0.0
2001-07-12,0.0
2001-07-13,0.0
2001-07-14,0.0
2001-07-15,0.0
2001-07-16,0.0
2001-07-17,0.0
2001-07-18,0.0
2001-07-19,0.0
2001-07-20,0.0
2001-07-21,0.0
2001-07-22,0.0
2001-07-23,0.0
2001-07-24,0.0
2001-07-25,0.0
2001-07-26,0.45492857694625854
2001-07-27,0.0
2001-07-28,0.0
2001-07-29,0.0
2001-07-30,0.38076531887054443
2001-07-31,0.2410711795091629
2001-08-01,0.0
2001-08-02,0.0
2001-08-03,0.0
2001-08-04,0.0
2001-08-05,0.0
2001-08-06,0.0
2001-08-07,0.0
2001-08-08,0.0
2001-08-09,0.0
2001-08-10,0.0
2001-08-11,0.0
2001-08-12,0.0
2001-08-13,0.0
2001-08-14,0.0
2001-08-15,0.0
2001-08-16,2.018000364303589
2001-08-17,0.036988530308008194
2001-08-18,0.0
2001-08-19,5.090496063232422
2001-08-20,1.3196052312850952
2001-08-21,0.0
2001-08-22,0.0
2001-08-23,0.0
2001-08-24,0.0
2001-08-25,0.0
2001-08-26,0.0
2001-08-27,0.0
2001-08-28,0.0
2001-08-29,0.0
2001-08-30,0.002619219245389104
2001-08-31,4.6100311279296875
2001-09-01,11.804447174072266
2001-09-02,1.9418214559555054
2001-09-03,0.0
2001-09-04,0.11430744081735611
2001-09-05,0.023176968097686768
2001-09-06,0.9117600321769714
2001-09-07,0.9117600321769714
2001-09-08,0.9117600321769714
2001-09-09,0.9117600321769714
2001-09-10,2.4313600063323975
2001-09-11,2.903925657272339
2001-09-12,0.2620871067047119
2001-09-13,1.0745573043823242
2001-09-14,0.1624940037727356
2001-09-15,0.0
2001-09-16,0.0
2001-09-17,0.0
2001-09-18,0.0
2001-09-19,0.0
2001-09-20,5.429752349853516
2001-09-21,3.6963837146759033
2001-09-22,0.05749865621328354
2001-09-23,5.199381351470947
2001-09-24,0.5614898800849915
2001-09-25,0.5620599985122681
2001-09-26,0.0
2001-09-27,0.0
2001-09-28,0.0
2001-09-29,0.0
2001-09-30,0.0
2001-10-01,0.0
2001-10-02,1.8111989498138428
2001-10-03,0.05252557620406151
2001-10-04,0.6416027545928955
2001-10-05,1.146071195602417
2001-10-06,10.912676811218262
2001-10-07,0.9780949950218201
2001-10-08,0.0
2001-10-09,4.207833766937256
2001-10-10,0.17090213298797607
2001-10-11,1.2426800727844238
2001-10-12,6.488340854644775
2001-10-13,0.5204095840454102
2001-10-14,0.0
2001-10-15,3.773911476135254
2001-10-16,0.0
2001-10-17,0.0
2001-10-18,0.0
2001-10-19,0.0
2001-10-20,0.0
2001-10-21,0.0
2001-10-22,0.27400293946266174
2001-10-23,0.0495726615190506
2001-10-24,5.368793487548828
2001-10-25,0.0
2001-10-26,0.0
2001-10-27,2.275756359100342
2001-10-28,4.484389781951904
2001-10-29,4.184391021728516
2001-10-30,9.316776275634766
2001-10-31,0.017407475039362907
2001-11-01,0.319992333650589
2001-11-02,31.669912338256836
2001-11-03,0.03525274246931076
2001-11-04,0.0
2001-11-05,0.0
2001-11-06,14.517276763916016
2001-11-07,1.2996808290481567
2001-11-08,1.4087129831314087
2001-11-09,0.12915068864822388
2001-11-10,1.7147293090820312
2001-11-11,6.921377182006836
2001-11-12,0.15578928589820862
2001-11-13,1.4342690706253052
2001-11-14,0.20504464209079742
2001-11-15,0.0
2001-11-16,0.0
2001-11-17,0.0
2001-11-18,0.0
2001-11-19,0.0
2001-11-20,0.0
2001-11-21,0.0
2001-11-22,0.0
2001-11-23,0.0
2001-11-24,0.0
2001-11-25,0.0
2001-11-26,0.0
2001-11-27,0.0
2001-11-28,0.0
2001-11-29,13.0157470703125
2001-11-30,1.0419647693634033
2001-12-01,0.0
2001-12-02,1.498957633972168
2001-12-03,0.2125752866268158
2001-12-04,3.7993404865264893
2001-12-05,1.302570104598999
2001-12-06,0.0
2001-12-07,0.0
2001-12-08,0.0
2001-12-09,4.367169380187988
2001-12-10,0.0
2001-12-11,0.0
2001-12-12,2.82478928565979
2001-12-13,0.0
2001-12-14,5.8647894859313965
2001-12-15,1.3166080713272095
2001-12-16,0.41422221064567566
2001-12-17,0.0
2001-12-18,0.14427174627780914
2001-12-19,0.8957890868186951
2001-12-20,3.6645121574401855
2001-12-21,2.1696107387542725
2001-12-22,1.6657202243804932
2001-12-23,0.5742273330688477
2001-12-24,0.02524132840335369
2001-12-25,1.5646482706069946
2001-12-26,0.4109314978122711
2001-12-27,0.7991288900375366
2001-12-28,0.3892994523048401
2001-12-29,0.12971602380275726
2001-12-30,10.857013702392578
2001-12-31,0.0345582477748394
2002-01-01,0.6334200501441956
2002-01-02,4.603212356567383
2002-01-03,1.0127123594284058
2002-01-04,0.0
2002-01-05,0.0
2002-01-06,0.4065161645412445
2002-01-07,0.5250985026359558
2002-01-08,0.360493004322052
2002-01-09,8.4457368850708
2002-01-10,3.3337111473083496
2002-01-11,0.0
2002-01-12,0.0
2002-01-13,0.0
2002-01-14,0.0
2002-01-15,0.0
2002-01-16,1.024549961090088
2002-01-17,0.0
2002-01-18,0.0
2002-01-19,0.0
2002-01-20,0.0
2002-01-21,0.0
2002-01-22,15.933371543884277
2002-01-23,18.1249942779541
2002-01-24,1.3116651773452759
2002-01-25,0.9141953587532043
2002-01-26,0.009745461866259575
2002-01-27,24.082523345947266
2002-01-28,0.25338202714920044
2002-01-29,0.5347785949707031
2002-01-30,1.1107208728790283
2002-01-31,0.009745461866259575
2002-02-01,35.409549713134766
2002-02-02,1.0078938007354736
2002-02-03,34.7576904296875
2002-02-04,0.8410316109657288
2002-02-05,4.083385944366455
2002-02-06,17.42224884033203
2002-02-07,0.02702651172876358
2002-02-08,0.09993856400251389
2002-02-09,0.0
2002-02-10,0.0
2002-02-11,5.408483982086182
2002-02-12,50.46440124511719
2002-02-13,0.9583382606506348
2002-02-14,2.563779592514038
2002-02-15,27.326618194580078
2002-02-16,36.887874603271484
2002-02-17,0.43559524416923523
2002-02-18,0.8703080415725708
2002-02-19,12.974870681762695
2002-02-20,1.047392725944519
2002-02-21,0.0
2002-02-22,0.0
2002-02-23,2.1852376461029053
2002-02-24,1.0523825883865356
2002-02-25,5.725241184234619
2002-02-26,3.7029690742492676
2002-02-27,1.922813057899475
2002-02-28,0.407687783241272
2002-03-01,17.069089889526367
2002-03-02,0.8924351334571838
2002-03-03,0.0
2002-03-04,0.0
2002-03-05,0.0
2002-03-06,2.266700029373169
2002-03-07,0.0
2002-03-08,0.769107460975647
2002-03-09,0.25475525856018066
2002-03-10,29.348539352416992
2002-03-11,16.50452995300293
2002-03-12,3.4379496574401855
2002-03-13,0.687524676322937
2002-03-14,0.0
2002-03-15,0.19687727093696594
2002-03-16,0.0
2002-03-17,29.209239959716797
2002-03-18,20.429855346679688
2002-03-19,5.216348648071289
2002-03-20,12.800932884216309
2002-03-21,0.0
2002-03-22,0.0
2002-03-23,0.0
2002-03-24,0.0
2002-03-25,0.0
2002-03-26,0.0
2002-03-27,0.0
2002-03-28,0.0
2002-03-29,0.0
2002-03-30,13.995542526245117
2002-03-31,4.353261947631836
2002-04-01,0.8413346409797668
2002-04-02,0.8413346409797668
2002-04-03,0.8413346409797668
2002-04-04,0.8413346409797668
2002-04-05,0.8413346409797668
2002-04-06,0.0
2002-04-07,0.0
2002-04-08,1.2361572980880737
2002-04-09,10.040653228759766
2002-04-10,0.032609496265649796
2002-04-11,0.0030537217389792204
2002-04-12,6.547022819519043
2002-04-13,0.0
2002-04-14,0.11314523220062256
2002-04-15,0.0
2002-04-16,0.0
2002-04-17,0.0
2002-04-18,0.0
2002-04-19,14.8684663772583
2002-04-20,6.343979358673096
2002-04-21,0.0
2002-04-22,0.058744460344314575
2002-04-23,7.384847640991211
2002-04-24,2.433640718460083
2002-04-25,0.0
2002-04-26,13.335598945617676
2002-04-27,4.167306423187256
2002-04-28,0.0
2002-04-29,0.0
2002-04-30,0.0
2002-05-01,0.0
2002-05-02,0.0
2002-05-03,0.0
2002-05-04,2.3270339965820312
2002-05-05,11.00096321105957
2002-05-06,4.5406341552734375
2002-05-07,0.0
2002-05-08,0.0
2002-05-09,8.814046859741211
2002-05-10,0.0
2002-05-11,0.0
2002-05-12,0.0
2002-05-13,0.0
2002-05-14,5.261386871337891
2002-05-15,0.0
2002-05-16,0.0
2002-05-17,0.0
2002-05-18,0.0
2002-05-19,0.0
2002-05-20,0.0
2002-05-21,0.0
2002-05-22,0.0
2002-05-23,0.0
2002-05-24,0.0
2002-05-25,0.0
2002-05-26,0.0
2002-05-27,0.0
2002-05-28,0.0
2002-05-29,0.0
2002-05-30,2.895721435546875
2002-05-31,0.0
2002-06-01,0.0
2002-06-02,0.0
2002-06-03,0.0
2002-06-04,0.0
2002-06-05,0.0
2002-06-06,0.0
2002-06-07,0.0
2002-06-08,0.0
2002-06-09,0.0
2002-06-10,0.0
2002-06-11,0.0
2002-06-12,0.0
2002-06-13,0.0
2002-06-14,0.0
2002-06-15,0.0
2002-06-16,0.0
2002-06-17,0.0
2002-06-18,0.0
2002-06-19,0.0
2002-06-20,0.0
2002-06-21,0.0
2002-06-22,0.0
2002-06-23,0.0
2002-06-24,0.0
2002-06-25,0.0
2002-06-26,0.0
2002-06-27,0.0
2002-06-28,0.0
2002-06-29,0.0
2002-06-30,0.0
2002-07-01,0.02318262867629528
2002-07-02,0.05541663244366646
2002-07-03,9.432544708251953
2002-07-04,6.9385666847229
2002-07-05,0.0
2002-07-06,0.0
2002-07-07,0.0
2002-07-08,0.0
2002-07-09,0.0
2002-07-10,0.0
2002-07-11,0.0
2002-07-12,0.0
2002-07-13,0.0
2002-07-14,0.0
2002-07-15,0.0
2002-07-16,0.0
2002-07-17,0.0
2002-07-18,1.5302242040634155
2002-07-19,1.3679054975509644
2002-07-20,0.0
2002-07-21,0.0
2002-07-22,0.0
2002-07-23,0.0
2002-07-24,0.0
2002-07-25,0.0
2002-07-26,0.0
2002-07-27,0.0
2002-07-28,0.915629506111145
2002-07-29,1.3225760459899902
2002-07-30,0.0
2002-07-31,0.0
2002-08-01,0.0
2002-08-02,0.16442212462425232
2002-08-03,0.0
2002-08-04,2.2516016960144043
2002-08-05,0.0
2002-08-06,0.0
2002-08-07,0.0
2002-08-08,0.0
2002-08-09,0.0
2002-08-10,0.0
2002-08-11,0.0
2002-08-12,0.0
2002-08-13,0.0
2002-08-14,0.0
2002-08-15,0.0
2002-08-16,0.12606389820575714
2002-08-17,0.33617040514945984
2002-08-18,0.12606389820575714
2002-08-19,0.12606389820575714
2002-08-20,0.12606389820575714
2002-08-21,0.0
2002-08-22,0.0
2002-08-23,0.0
2002-08-24,0.0
2002-08-25,0.0
2002-08-26,0.22458231449127197
2002-08-27,11.12686538696289
2002-08-28,0.0
2002-08-29,0.0
2002-08-30,0.0
2002-08-31,0.0
2002-09-01,0.0
2002-09-02,0.0
2002-09-03,0.0
2002-09-04,0.0
2002-09-05,3.7253615856170654
2002-09-06,0.0
2002-09-07,0.0
2002-09-08,0.0
2002-09-09,0.0
2002-09-10,0.0
2002-09-11,2.296626091003418
2002-09-12,0.6753680109977722
2002-09-13,0.7346871495246887
2002-09-14,4.588781356811523
2002-09-15,0.3002273142337799
2002-09-16,0.5083057880401611
2002-09-17,0.1203284040093422
2002-09-18,0.004593178164213896
2002-09-19,0.009473051875829697
2002-09-20,0.000133404930238612
2002-09-21,0.0
2002-09-22,0.0
2002-09-23,0.0
2002-09-24,0.0
2002-09-25,0.0
2002-09-26,0.0
2002-09-27,0.0
2002-09-28,0.0
2002-09-29,0.0
2002-09-30,0.0
2002-10-01,0.18634678423404694
2002-10-02,4.9030327796936035
2002-10-03,5.5092668533325195
2002-10-04,0.10804580897092819
2002-10-05,2.7843008041381836
2002-10-06,0.06325003504753113
2002-10-07,3.8477652072906494
2002-10-08,4.236635208129883
2002-10-09,0.025935450568795204
2002-10-10,16.12848472595215
2002-10-11,1.6805975437164307
2002-10-12,1.8054672479629517
2002-10-13,7.520961761474609
2002-10-14,8.169045448303223
2002-10-15,6.077548027038574
2002-10-16,2.331073045730591
2002-10-17,0.41764867305755615
2002-10-18,2.4197170734405518
2002-10-19,0.9959458708763123
2002-10-20,10.09703540802002
2002-10-21,0.4133242070674896
2002-10-22,0.0
2002-10-23,0.0
2002-10-24,0.0036264294758439064
2002-10-25,2.935683488845825
2002-10-26,5.237380027770996
2002-10-27,5.926412105560303
2002-10-28,7.142422199249268
2002-10-29,13.481911659240723
2002-10-30,0.005231086630374193
2002-10-31,2.1250123977661133
2002-11-01,0.0
2002-11-02,0.0
2002-11-03,4.490056991577148
2002-11-04,9.87781047821045
2002-11-05,0.0641603171825409
2002-11-06,0.03651713952422142
2002-11-07,0.03651713952422142
2002-11-08,0.03651713952422142
2002-11-09,0.4016885459423065
2002-11-10,0.21910284459590912
2002-11-11,0.03244981914758682
2002-11-12,0.0
2002-11-13,0.002160796895623207
2002-11-14,1.3309571743011475
2002-11-15,14.58975601196289
2002-11-16,4.142658233642578
2002-11-17,0.0617198720574379
2002-11-18,9.33779239654541
2002-11-19,0.0
2002-11-20,1.3020339012145996
2002-11-21,8.07379150390625
2002-11-22,0.2406979203224182
2002-11-23,0.5305721163749695
2002-11-24,1.5507124662399292
2002-11-25,1.739958643913269
2002-11-26,2.3083765506744385
2002-11-27,21.445438385009766
2002-11-28,0.5680111050605774
2002-11-29,2.684295892715454
2002-11-30,0.0
2002-12-01,0.5668725967407227
2002-12-02,18.900774002075195
2002-12-03,16.087390899658203
2002-12-04,0.6809278726577759
2002-12-05,1.4553418159484863
2002-12-06,7.116855144500732
2002-12-07,4.229014873504639
2002-12-08,0.5777847766876221
2002-12-09,3.2411584854125977
2002-12-10,0.0
2002-12-11,0.0
2002-12-12,0.0
2002-12-13,0.5621559023857117
2002-12-14,1.9932518005371094
2002-12-15,8.152203559875488
2002-12-16,0.0
2002-12-17,0.023083535954356194
2002-12-18,0.0
2002-12-19,0.0
2002-12-20,12.749807357788086
2002-12-21,0.0
2002-12-22,19.343494415283203
2002-12-23,2.531329870223999
2002-12-24,0.24352996051311493
2002-12-25,0.0
2002-12-26,0.0
2002-12-27,0.0
2002-12-28,0.0
2002-12-29,0.0
2002-12-30,0.0004467553226277232
2002-12-31,6.238044738769531
2003-01-01,12.609834671020508
2003-01-02,0.304782897233963
2003-01-03,0.23043939471244812
2003-01-04,32.52283477783203
2003-01-05,0.6389452219009399
2003-01-06,13.310497283935547
2003-01-07,0.0
2003-01-08,0.0
2003-01-09,0.09111753106117249
2003-01-10,0.5721807479858398
2003-01-11,15.920998573303223
2003-01-12,1.486550211906433
2003-01-13,0.0
2003-01-14,0.025081314146518707
2003-01-15,10.049652099609375
2003-01-16,2.1941609382629395
2003-01-17,10.113451957702637
2003-01-18,18.342727661132812
2003-01-19,0.8480046391487122
2003-01-20,3.478987455368042
2003-01-21,8.75638484954834
2003-01-22,0.0
2003-01-23,17.64735984802246
2003-01-24,0.3749774694442749
2003-01-25,0.0032240001019090414
2003-01-26,0.4781440794467926
2003-01-27,0.017841778695583344
2003-01-28,0.017407860606908798
2003-01-29,3.20572829246521
2003-01-30,0.26541808247566223
2003-01-31,0.01772261969745159
2003-02-01,0.0
2003-02-02,0.0
2003-02-03,2.9239938259124756
2003-02-04,0.0
2003-02-05,6.736668586730957
2003-02-06,11.497469902038574
2003-02-07,8.623412132263184
2003-02-08,0.23783491551876068
2003-02-09,1.5733431577682495
2003-02-10,2.002138614654541
2003-02-11,18.472394943237305
2003-02-12,0.18749186396598816
2003-02-13,26.260284423828125
2003-02-14,0.03274615481495857
2003-02-15,0.0
2003-02-16,0.0
2003-02-17,0.0
2003-02-18,0.0
2003-02-19,7.298567295074463
2003-02-20,12.732613563537598
2003-02-21,0.02841491624712944
2003-02-22,0.024468399584293365
2003-02-23,0.024468399584293365
2003-02-24,0.024468399584293365
2003-02-25,0.0613025464117527
2003-02-26,6.489859580993652
2003-02-27,0.0
2003-02-28,5.769164085388184
2003-03-01,4.5287580490112305
2003-03-02,17.88642120361328
2003-03-03,14.437148094177246
2003-03-04,9.953993797302246
2003-03-05,0.361968994140625
2003-03-06,13.881766319274902
2003-03-07,5.879205703735352
2003-03-08,1.6245402097702026
2003-03-09,0.0
2003-03-10,0.0012215496972203255
2003-03-11,12.176390647888184
2003-03-12,0.0963556319475174
2003-03-13,0.0050261495634913445
2003-03-14,0.34700092673301697
2003-03-15,3.525369882583618
2003-03-16,6.463648319244385
2003-03-17,2.355773687362671
2003-03-18,0.0
2003-03-19,0.025422949343919754
2003-03-20,3.2649519443511963
2003-03-21,0.0
2003-03-22,0.0
2003-03-23,0.0
2003-03-24,0.0
2003-03-25,0.0
2003-03-26,0.0
2003-03-27,0.0
2003-03-28,0.0
2003-03-29,0.022062236443161964
2003-03-30,3.2894370555877686
2003-03-31,19.339061737060547
2003-04-01,0.0
2003-04-02,0.0
2003-04-03,3.7428812980651855
2003-04-04,0.06024939566850662
2003-04-05,0.29147735238075256
2003-04-06,0.2096630036830902
2003-04-07,0.3097462058067322
2003-04-08,0.0
2003-04-09,0.002771593863144517
2003-04-10,0.041145648807287216
2003-04-11,0.0
2003-04-12,0.0
2003-04-13,0.0
2003-04-14,0.0
2003-04-15,0.0
2003-04-16,0.0
2003-04-17,1.5491291284561157
2003-04-18,0.023883521556854248
2003-04-19,0.08278339356184006
2003-04-20,0.0
2003-04-21,0.0
2003-04-22,0.0
2003-04-23,0.0
2003-04-24,0.0
2003-04-25,0.0
2003-04-26,0.2106107920408249
2003-04-27,0.5242864489555359
2003-04-28,1.4429079294204712
2003-04-29,0.12098916620016098
2003-04-30,0.12098916620016098
2003-05-01,0.0
2003-05-02,0.0
2003-05-03,0.0
2003-05-04,0.0
2003-05-05,0.0
2003-05-06,0.0
2003-05-07,0.0
2003-05-08,0.0
2003-05-09,0.0
2003-05-10,0.0
2003-05-11,0.0
2003-05-12,0.0
2003-05-13,4.757885932922363
2003-05-14,0.0
2003-05-15,0.0
2003-05-16,0.0
2003-05-17,3.9896817207336426
2003-05-18,0.0
2003-05-19,7.636297225952148
2003-05-20,0.0
2003-05-21,0.0
2003-05-22,0.0
2003-05-23,0.0
2003-05-24,0.0
2003-05-25,0.0
2003-05-26,0.0
2003-05-27,0.0
2003-05-28,0.0
2003-05-29,0.0
2003-05-30,0.0
2003-05-31,0.0
2003-06-01,0.0
2003-06-02,0.0
2003-06-03,0.0
2003-06-04,0.0
2003-06-05,0.0
2003-06-06,0.0
2003-06-07,0.0
2003-06-08,0.0
2003-06-09,0.0
2003-06-10,0.0
2003-06-11,0.0
2003-06-12,0.0
2003-06-13,0.0
2003-06-14,0.0
2003-06-15,0.0
2003-06-16,0.0
2003-06-17,0.0
2003-06-18,0.0
2003-06-19,0.0
2003-06-20,0.0
2003-06-21,0.0
2003-06-22,0.0
2003-06-23,0.0
2003-06-24,0.0
2003-06-25,0.0
2003-06-26,0.0
2003-06-27,0.0
2003-06-28,0.0
2003-06-29,0.0
2003-06-30,0.0
2003-07-01,0.0
2003-07-02,0.0
2003-07-03,0.0
2003-07-04,0.0
2003-07-05,0.0
2003-07-06,0.0
2003-07-07,0.0
2003-07-08,0.0
2003-07-09,0.0
2003-07-10,0.0
2003-07-11,0.0
2003-07-12,0.0
2003-07-13,0.0
2003-07-14,0.0
2003-07-15,0.0
2003-07-16,0.0
2003-07-17,0.0
2003-07-18,0.0
2003-07-19,0.0
2003-07-20,0.0
2003-07-21,0.0
2003-07-22,0.0
2003-07-23,0.0
2003-07-24,0.0
2003-07-25,0.0
2003-07-26,0.05849821865558624
2003-07-27,0.0
2003-07-28,0.9347497820854187
2003-07-29,4.949793815612793
2003-07-30,0.0
2003-07-31,0.0
2003-08-01,0.0
2003-08-02,0.0
2003-08-03,0.0
2003-08-04,0.0
2003-08-05,0.0
2003-08-06,0.0
2003-08-07,0.012756967917084694
2003-08-08,0.10259979218244553
2003-08-09,7.79396390914917
2003-08-10,0.0
2003-08-11,0.0
2003-08-12,0.0
2003-08-13,0.0
2003-08-14,0.0
2003-08-15,0.0
2003-08-16,0.0665716826915741
2003-08-17,0.011095279827713966
2003-08-18,0.011095279827713966
2003-08-19,0.011095279827713966
2003-08-20,0.011095279827713966
2003-08-21,0.0
2003-08-22,0.0
2003-08-23,0.0
2003-08-24,0.0
2003-08-25,0.0
2003-08-26,0.042398400604724884
2003-08-27,0.042398400604724884
2003-08-28,0.042398400604724884
2003-08-29,0.042398400604724884
2003-08-30,0.042398400604724884
2003-08-31,0.042398400604724884
2003-09-01,3.5890095233917236
2003-09-02,0.0007538807694800198
2003-09-03,0.0
2003-09-04,0.0
2003-09-05,1.7869144678115845
2003-09-06,0.0
2003-09-07,0.0
2003-09-08,0.0
2003-09-09,0.0
2003-09-10,0.0
2003-09-11,0.0
2003-09-12,0.0
2003-09-13,0.0
2003-09-14,0.0
2003-09-15,0.0
2003-09-16,0.0
2003-09-17,0.0
2003-09-18,0.0
2003-09-19,0.0
2003-09-20,0.0
2003-09-21,0.0
2003-09-22,0.0023950354661792517
2003-09-23,0.02583438530564308
2003-09-24,15.218159675598145
2003-09-25,19.385822296142578
2003-09-26,0.0
2003-09-27,0.0
2003-09-28,0.0
2003-09-29,0.0
2003-09-30,0.0
2003-10-01,0.0
2003-10-02,6.485576152801514
2003-10-03,0.4943287670612335
2003-10-04,2.973785638809204
2003-10-05,10.468240737915039
2003-10-06,0.09395438432693481
2003-10-07,0.004723821766674519
2003-10-08,0.0
2003-10-09,0.5048896074295044
2003-10-10,0.0
2003-10-11,0.0
2003-10-12,0.0
2003-10-13,0.0
2003-10-14,0.0
2003-10-15,0.0
2003-10-16,0.0
2003-10-17,0.0
2003-10-18,0.0
2003-10-19,0.0
2003-10-20,0.0
2003-10-21,1.3973206281661987
2003-10-22,2.190624237060547
2003-10-23,0.0
2003-10-24,0.0
2003-10-25,17.30910873413086
2003-10-26,0.360009104013443
2003-10-27,5.888745307922363
2003-10-28,0.14801710844039917
2003-10-29,0.071550153195858
2003-10-30,0.9802207350730896
2003-10-31,3.86540150642395
2003-11-01,0.0
2003-11-02,0.0
2003-11-03,0.0
2003-11-04,0.0
2003-11-05,0.0
2003-11-06,0.0
2003-11-07,0.1639811098575592
2003-11-08,0.0
2003-11-09,0.09235059469938278
2003-11-10,3.2665090560913086
2003-11-11,2.449050188064575
2003-11-12,1.6289302110671997
2003-11-13,0.06110261753201485
2003-11-14,1.6063367128372192
2003-11-15,0.7220457196235657
2003-11-16,0.0
2003-11-17,0.0
2003-11-18,0.0
2003-11-19,0.0
2003-11-20,0.0
2003-11-21,0.0
2003-11-22,0.0
2003-11-23,0.0
2003-11-24,0.18701720237731934
2003-11-25,5.12407922744751
2003-11-26,8.024552345275879
2003-11-27,7.768915176391602
2003-11-28,0.06639254838228226
2003-11-29,14.961676597595215
2003-11-30,0.5452529788017273
2003-12-01,1.264569878578186
2003-12-02,5.51669454574585
2003-12-03,4.279819011688232
2003-12-04,0.18636876344680786
2003-12-05,18.318349838256836
2003-12-06,1.4694737195968628
2003-12-07,0.0
2003-12-08,10.642491340637207
2003-12-09,6.17584228515625
2003-12-10,0.0
2003-12-11,0.14114302396774292
2003-12-12,0.027879659086465836
2003-12-13,21.704347610473633
2003-12-14,4.103173732757568
2003-12-15,6.650934219360352
2003-12-16,25.198280334472656
2003-12-17,1.3006846904754639
2003-12-18,0.0
2003-12-19,0.0
2003-12-20,1.2199312448501587
2003-12-21,0.5857011079788208
2003-12-22,55.31993103027344
2003-12-23,1.1782530546188354
2003-12-24,0.0
2003-12-25,6.642733097076416
2003-12-26,10.161653518676758
2003-12-27,2.042379379272461
2003-12-28,22.74949836730957
2003-12-29,3.098588228225708
2003-12-30,0.0
2003-12-31,14.629265785217285
2004-01-01,16.62594985961914
2004-01-02,0.0
2004-01-03,0.0
2004-01-04,0.0
2004-01-05,0.17318697273731232
2004-01-06,0.9069997072219849
2004-01-07,3.386582374572754
2004-01-08,17.56427574157715
2004-01-09,5.423371315002441
2004-01-10,5.019769191741943
2004-01-11,2.632629156112671
2004-01-12,1.1681030988693237
2004-01-13,6.93006706237793
2004-01-14,6.401827812194824
2004-01-15,0.25942251086235046
2004-01-16,0.0
2004-01-17,0.5130711793899536
2004-01-18,3.6559035778045654
2004-01-19,6.113978862762451
2004-01-20,11.788415908813477
2004-01-21,9.104740142822266
2004-01-22,0.134001225233078
2004-01-23,0.11075733602046967
2004-01-24,0.04532886669039726
2004-01-25,0.0
2004-01-26,0.0
2004-01-27,0.0
2004-01-28,0.0
2004-01-29,0.0
2004-01-30,0.0
2004-01-31,0.0
2004-02-01,0.13341034948825836
2004-02-02,7.877762317657471
2004-02-03,0.4683208763599396
2004-02-04,17.25069236755371
2004-02-05,1.2135893106460571
2004-02-06,0.0
2004-02-07,0.0
2004-02-08,0.0
2004-02-09,0.0
2004-02-10,0.0
2004-02-11,1.7604317665100098
2004-02-12,7.948750019073486
2004-02-13,19.047649383544922
2004-02-14,0.7161082029342651
2004-02-15,0.0
2004-02-16,2.866283416748047
2004-02-17,6.82802677154541
2004-02-18,18.821430206298828
2004-02-19,6.4549360275268555
2004-02-20,11.621312141418457
2004-02-21,2.885179042816162
2004-02-22,0.0
2004-02-23,0.0
2004-02-24,0.0
2004-02-25,1.0958707332611084
2004-02-26,1.6852110624313354
2004-02-27,1.6852110624313354
2004-02-28,8.426054954528809
2004-02-29,1.6852110624313354
2004-03-01,1.4464808702468872
2004-03-02,1.0983281135559082
2004-03-03,12.608733177185059
2004-03-04,0.0
2004-03-05,1.1485637426376343
2004-03-06,0.007344042882323265
2004-03-07,0.0
2004-03-08,0.0
2004-03-09,0.33008912205696106
2004-03-10,6.8222198486328125
2004-03-11,1.5570518970489502
2004-03-12,0.0008397559286095202
2004-03-13,15.418319702148438
2004-03-14,0.007135656662285328
2004-03-15,0.02338714525103569
2004-03-16,0.0
2004-03-17,1.9382188320159912
2004-03-18,40.12837600708008
2004-03-19,0.0007220617262646556
2004-03-20,0.0
2004-03-21,0.8904210925102234
2004-03-22,0.5523529052734375
2004-03-23,0.0
2004-03-24,0.18023698031902313
2004-03-25,4.055176258087158
2004-03-26,1.9126763343811035
2004-03-27,0.0
2004-03-28,0.0
2004-03-29,0.03370410576462746
2004-03-30,4.9966654777526855
2004-03-31,0.0
2004-04-01,0.0
2004-04-02,24.689495086669922
2004-04-03,1.9415793418884277
2004-04-04,13.612645149230957
2004-04-05,0.4477469325065613
2004-04-06,0.18368934094905853
2004-04-07,0.43186503648757935
2004-04-08,0.18368934094905853
2004-04-09,2.6908538341522217
2004-04-10,0.18368934094905853
2004-04-11,2.171130657196045
2004-04-12,0.0
2004-04-13,0.6152016520500183
2004-04-14,0.0
2004-04-15,2.985107183456421
2004-04-16,0.0
2004-04-17,0.0
2004-04-18,0.0
2004-04-19,0.0
2004-04-20,0.0
2004-04-21,0.0
2004-04-22,0.0
2004-04-23,0.0
2004-04-24,0.0
2004-04-25,0.0
2004-04-26,0.0
2004-04-27,0.0
2004-04-28,0.0
2004-04-29,0.0
2004-04-30,0.0
2004-05-01,0.0
2004-05-02,0.0
2004-05-03,0.0022851142566651106
2004-05-04,0.024062057957053185
2004-05-05,0.04583900049328804
2004-05-06,0.0
2004-05-07,0.0
2004-05-08,0.0
2004-05-09,0.0
2004-05-10,0.0
2004-05-11,0.0
2004-05-12,0.0
2004-05-13,0.0
2004-05-14,0.0
2004-05-15,0.0
2004-05-16,0.0
2004-05-17,0.0
2004-05-18,0.0
2004-05-19,0.0
2004-05-20,0.0
2004-05-21,0.0
2004-05-22,0.42979881167411804
2004-05-23,0.0
2004-05-24,1.1137030124664307
2004-05-25,4.164226055145264
2004-05-26,2.5635266304016113
2004-05-27,0.09282169491052628
2004-05-28,0.0
2004-05-29,1.3157826662063599
2004-05-30,0.0
2004-05-31,0.0
2004-06-01,0.0
2004-06-02,0.0
2004-06-03,0.0
2004-06-04,0.0
2004-06-05,0.0
2004-06-06,0.6327474117279053
2004-06-07,3.7964847087860107
2004-06-08,0.6327474117279053
2004-06-09,0.6327474117279053
2004-06-10,0.6327474117279053
2004-06-11,0.0
2004-06-12,0.0
2004-06-13,0.0
2004-06-14,0.0
2004-06-15,0.0
2004-06-16,0.0
2004-06-17,0.0
2004-06-18,0.0
2004-06-19,0.0
2004-06-20,0.0
2004-06-21,0.8295544981956482
2004-06-22,0.8295544981956482
2004-06-23,0.8295544981956482
2004-06-24,0.8295544981956482
2004-06-25,0.8295544981956482
2004-06-26,1.112074851989746
2004-06-27,0.28578460216522217
2004-06-28,0.0
2004-06-29,0.0
2004-06-30,0.16774311661720276
2004-07-01,0.0
2004-07-02,1.8160734176635742
2004-07-03,11.277663230895996
2004-07-04,0.07408346980810165
2004-07-05,0.0
2004-07-06,0.0
2004-07-07,0.0
2004-07-08,0.0
2004-07-09,0.0
2004-07-10,0.0
2004-07-11,0.0
2004-07-12,0.0
2004-07-13,0.0
2004-07-14,0.0
2004-07-15,0.0
2004-07-16,0.0
2004-07-17,0.0
2004-07-18,0.0
2004-07-19,0.0
2004-07-20,0.0
2004-07-21,0.0
2004-07-22,0.0
2004-07-23,0.0
2004-07-24,0.0
2004-07-25,0.0
2004-07-26,0.0
2004-07-27,0.0
2004-07-28,0.0
2004-07-29,0.0
2004-07-30,0.0
2004-07-31,0.0
2004-08-01,0.0
2004-08-02,0.0
2004-08-03,0.0
2004-08-04,0.0
2004-08-05,0.0
2004-08-06,0.0577005110681057
2004-08-07,0.040351469069719315
2004-08-08,0.5095399022102356
2004-08-09,1.301608920097351
2004-08-10,0.0
2004-08-11,0.024289384484291077
2004-08-12,1.4992073774337769
2004-08-13,0.0
2004-08-14,0.0
2004-08-15,0.0
2004-08-16,0.5955360531806946
2004-08-17,0.4958500564098358
2004-08-18,0.9321199655532837
2004-08-19,0.9125363826751709
2004-08-20,0.4321931004524231
2004-08-21,0.7717155814170837
2004-08-22,0.004221821669489145
2004-08-23,0.010740801692008972
2004-08-24,0.038937248289585114
2004-08-25,1.0486544370651245
2004-08-26,3.6578528881073
2004-08-27,0.0
2004-08-28,0.0
2004-08-29,0.0
2004-08-30,0.0
2004-08-31,0.0
2004-09-01,0.0
2004-09-02,0.0
2004-09-03,0.0
2004-09-04,0.0
2004-09-05,0.0
2004-09-06,0.20469820499420166
2004-09-07,1.0969150066375732
2004-09-08,0.20469820499420166
2004-09-09,0.33597251772880554
2004-09-10,0.20469820499420166
2004-09-11,0.0
2004-09-12,0.0
2004-09-13,0.0
2004-09-14,0.0
2004-09-15,0.0
2004-09-16,0.0
2004-09-17,0.0
2004-09-18,0.0
2004-09-19,0.0
2004-09-20,0.0
2004-09-21,0.0
2004-09-22,0.0
2004-09-23,0.0
2004-09-24,0.0
2004-09-25,0.0
2004-09-26,0.0
2004-09-27,0.0
2004-09-28,0.0
2004-09-29,0.0
2004-09-30,0.0
2004-10-01,0.0
2004-10-02,0.0
2004-10-03,0.0
2004-10-04,0.0
2004-10-05,0.0
2004-10-06,0.0
2004-10-07,0.0
2004-10-08,0.0
2004-10-09,0.0
2004-10-10,0.0
2004-10-11,0.045599546283483505
2004-10-12,0.07350019365549088
2004-10-13,0.25601962208747864
2004-10-14,0.0
2004-10-15,0.0
2004-10-16,0.16687464714050293
2004-10-17,5.177586555480957
2004-10-18,0.0
2004-10-19,4.5963215827941895
2004-10-20,2.484421730041504
2004-10-21,0.0
2004-10-22,0.0
2004-10-23,0.6876649856567383
2004-10-24,0.3348078727722168
2004-10-25,0.011699071153998375
2004-10-26,0.0
2004-10-27,0.0
2004-10-28,0.0
2004-10-29,0.0
2004-10-30,0.0
2004-10-31,0.0
2004-11-01,0.048881810158491135
2004-11-02,3.3616576194763184
2004-11-03,2.8543128967285156
2004-11-04,4.61757755279541
2004-11-05,0.004330426454544067
2004-11-06,0.049876898527145386
2004-11-07,0.0
2004-11-08,1.0251346826553345
2004-11-09,4.035267353057861
2004-11-10,12.790471076965332
2004-11-11,0.0
2004-11-12,0.0
2004-11-13,3.2514429092407227
2004-11-14,0.1350686252117157
2004-11-15,1.0588829517364502
2004-11-16,14.310563087463379
2004-11-17,9.344855308532715
2004-11-18,0.0
2004-11-19,0.0
2004-11-20,0.0
2004-11-21,0.0
2004-11-22,0.0
2004-11-23,6.155020713806152
2004-11-24,0.0
2004-11-25,0.5083165764808655
2004-11-26,0.22532442212104797
2004-11-27,0.22532442212104797
2004-11-28,2.4785685539245605
2004-11-29,0.22532442212104797
2004-11-30,1.3519465923309326
2004-12-01,0.8602738976478577
2004-12-02,2.7027595043182373
2004-12-03,0.0
2004-12-04,10.024017333984375
2004-12-05,2.5885305404663086
2004-12-06,0.09044946730136871
2004-12-07,2.431215524673462
2004-12-08,5.502736568450928
2004-12-09,18.680143356323242
2004-12-10,0.0
2004-12-11,0.10837432742118835
2004-12-12,0.0
2004-12-13,4.136342525482178
2004-12-14,12.857754707336426
2004-12-15,2.3182077407836914
2004-12-16,19.63162612915039
2004-12-17,0.01622944325208664
2004-12-18,0.1997411847114563
2004-12-19,9.31200885772705
2004-12-20,0.02093629539012909
2004-12-21,0.25224196910858154
2004-12-22,0.023506369441747665
2004-12-23,1.9311872720718384
2004-12-24,13.60289192199707
2004-12-25,0.43165096640586853
2004-12-26,0.1435481458902359
2004-12-27,0.0
2004-12-28,0.13486847281455994
2004-12-29,19.58545684814453
2004-12-30,1.1073733568191528
2004-12-31,2.8169798851013184
2005-01-01,2.703738212585449
2005-01-02,4.196629524230957
2005-01-03,0.0030643788632005453
2005-01-04,0.0
2005-01-05,0.0
2005-01-06,0.0
2005-01-07,8.844453811645508
2005-01-08,0.32876235246658325
2005-01-09,0.019254563376307487
2005-01-10,4.620270252227783
2005-01-11,0.3659386932849884
2005-01-12,0.11825195699930191
2005-01-13,1.4760558605194092
2005-01-14,1.2818723917007446
2005-01-15,27.339664459228516
2005-01-16,5.113831996917725
2005-01-17,0.0
2005-01-18,0.0
2005-01-19,0.0
2005-01-20,0.0
2005-01-21,0.0
2005-01-22,0.0
2005-01-23,2.933856725692749
2005-01-24,6.0344414710998535
2005-01-25,0.1379697322845459
2005-01-26,0.008624430745840073
2005-01-27,0.0
2005-01-28,0.0
2005-01-29,0.0
2005-01-30,0.7398515343666077
2005-01-31,10.002887725830078
2005-02-01,0.0
2005-02-02,0.0
2005-02-03,0.0
2005-02-04,0.0
2005-02-05,0.0
2005-02-06,0.0
2005-02-07,1.122277021408081
2005-02-08,17.385417938232422
2005-02-09,7.830248832702637
2005-02-10,1.7688333988189697
2005-02-11,0.008918581530451775
2005-02-12,0.34701263904571533
2005-02-13,2.8368079662323
2005-02-14,29.699092864990234
2005-02-15,0.5106027126312256
2005-02-16,0.5840866565704346
2005-02-17,1.3175121545791626
2005-02-18,0.6787999272346497
2005-02-19,0.17086894810199738
2005-02-20,0.0
2005-02-21,0.5259338617324829
2005-02-22,7.203237056732178
2005-02-23,26.467695236206055
2005-02-24,11.467657089233398
2005-02-25,7.745108604431152
2005-02-26,0.0
2005-02-27,0.0
2005-02-28,0.0
2005-03-01,0.0
2005-03-02,0.0
2005-03-03,0.0
2005-03-04,0.0
2005-03-05,0.0
2005-03-06,0.0
2005-03-07,0.0
2005-03-08,12.221467018127441
2005-03-09,5.302316665649414
2005-03-10,0.0
2005-03-11,0.0
2005-03-12,0.40131619572639465
2005-03-13,20.65569305419922
2005-03-14,0.0
2005-03-15,0.0
2005-03-16,0.0
2005-03-17,0.0
2005-03-18,0.0
2005-03-19,0.0
2005-03-20,0.0
2005-03-21,8.858652114868164
2005-03-22,4.009610176086426
2005-03-23,0.0
2005-03-24,0.0
2005-03-25,0.0
2005-03-26,0.014633912593126297
2005-03-27,0.06824784725904465
2005-03-28,0.045884232968091965
2005-03-29,1.250054121017456
2005-03-30,47.09319305419922
2005-03-31,0.13208907842636108
2005-04-01,0.14462095499038696
2005-04-02,29.188751220703125
2005-04-03,0.24032622575759888
2005-04-04,0.028812861070036888
2005-04-05,0.0048947567120194435
2005-04-06,1.5962482690811157
2005-04-07,0.4437650740146637
2005-04-08,5.972588539123535
2005-04-09,0.370439738035202
2005-04-10,0.32943156361579895
2005-04-11,0.07234758138656616
2005-04-12,11.608887672424316
2005-04-13,0.0
2005-04-14,3.8780009746551514
2005-04-15,0.2607693076133728
2005-04-16,0.04204972833395004
2005-04-17,0.7464434504508972
2005-04-18,8.08496379852295
2005-04-19,0.0
2005-04-20,1.8824857473373413
2005-04-21,0.0
2005-04-22,0.0
2005-04-23,0.2414838671684265
2005-04-24,9.550033569335938
2005-04-25,12.776652336120605
2005-04-26,0.0
2005-04-27,0.0
2005-04-28,0.0
2005-04-29,0.0
2005-04-30,0.0
2005-05-01,0.0
2005-05-02,0.0
2005-05-03,0.0
2005-05-04,0.0
2005-05-05,0.0
2005-05-06,1.707218885421753
2005-05-07,2.187905788421631
2005-05-08,0.0
2005-05-09,0.08431006222963333
2005-05-10,0.0
2005-05-11,0.0
2005-05-12,0.0
2005-05-13,0.0
2005-05-14,0.0
2005-05-15,0.0
2005-05-16,0.0
2005-05-17,0.0
2005-05-18,0.0
2005-05-19,0.0
2005-05-20,0.0
2005-05-21,0.0
2005-05-22,5.494904041290283
2005-05-23,15.37134075164795
2005-05-24,1.3863948583602905
2005-05-25,3.638502836227417
2005-05-26,0.0
2005-05-27,0.0
2005-05-28,0.0
2005-05-29,0.0
2005-05-30,0.0
2005-05-31,0.0
2005-06-01,0.0
2005-06-02,0.0
2005-06-03,0.0
2005-06-04,0.0
2005-06-05,0.0
2005-06-06,0.0
2005-06-07,0.0
2005-06-08,0.0
2005-06-09,0.0
2005-06-10,0.0
2005-06-11,0.6382104754447937
2005-06-12,0.6382104754447937
2005-06-13,0.6382104754447937
2005-06-14,0.6382104754447937
2005-06-15,0.6382104754447937
2005-06-16,0.0
2005-06-17,0.0
2005-06-18,0.0
2005-06-19,0.0
2005-06-20,0.0
2005-06-21,0.0
2005-06-22,0.0
2005-06-23,0.0
2005-06-24,0.0
2005-06-25,0.0
2005-06-26,0.0
2005-06-27,0.0
2005-06-28,0.0
2005-06-29,0.0
2005-06-30,0.0
2005-07-01,0.0
2005-07-02,0.0
2005-07-03,0.0
2005-07-04,0.0
2005-07-05,0.0
2005-07-06,0.0
2005-07-07,0.0
2005-07-08,0.0
2005-07-09,0.0
2005-07-10,0.0
2005-07-11,0.0
2005-07-12,0.0
2005-07-13,0.0
2005-07-14,0.0
2005-07-15,0.0
2005-07-16,0.0
2005-07-17,0.0
2005-07-18,0.0
2005-07-19,0.0
2005-07-20,0.0
2005-07-21,0.0
2005-07-22,0.0
2005-07-23,0.0
2005-07-24,0.0
2005-07-25,0.0
2005-07-26,0.0
2005-07-27,0.0
2005-07-28,0.0
2005-07-29,0.0
2005-07-30,0.0
2005-07-31,0.0
2005-08-01,0.0
2005-08-02,0.0
2005-08-03,0.0
2005-08-04,0.0
2005-08-05,0.0
2005-08-06,0.0
2005-08-07,0.0
2005-08-08,0.0
2005-08-09,0.0
2005-08-10,0.0
2005-08-11,0.0
2005-08-12,0.0
2005-08-13,0.0
2005-08-14,0.0
2005-08-15,0.0
2005-08-16,0.0
2005-08-17,0.01942751556634903
2005-08-18,0.0222028736025095
2005-08-19,0.0
2005-08-20,0.04163039103150368
2005-08-21,0.0
2005-08-22,0.0
2005-08-23,0.0
2005-08-24,0.0
2005-08-25,0.0
2005-08-26,0.0
2005-08-27,0.0
2005-08-28,0.0
2005-08-29,0.0
2005-08-30,0.0
2005-08-31,0.0
2005-09-01,0.0
2005-09-02,0.0
2005-09-03,0.0
2005-09-04,0.0
2005-09-05,0.0
2005-09-06,0.0
2005-09-07,4.7469635009765625
2005-09-08,0.014130773022770882
2005-09-09,0.0
2005-09-10,0.2223588079214096
2005-09-11,2.210088014602661
2005-09-12,4.043034553527832
2005-09-13,0.18652965128421783
2005-09-14,0.10784271359443665
2005-09-15,0.0015268158167600632
2005-09-16,0.0
2005-09-17,0.0
2005-09-18,0.0
2005-09-19,0.0
2005-09-20,0.0
2005-09-21,0.0
2005-09-22,0.0
2005-09-23,0.0
2005-09-24,0.0
2005-09-25,0.0
2005-09-26,1.5386152267456055
2005-09-27,1.9092594385147095
2005-09-28,0.0
2005-09-29,0.0
2005-09-30,12.79658031463623
2005-10-01,1.187861442565918
2005-10-02,0.0
2005-10-03,0.0
2005-10-04,11.04776382446289
2005-10-05,14.102550506591797
2005-10-06,0.04135151952505112
2005-10-07,0.6220617294311523
2005-10-08,0.7261829376220703
2005-10-09,3.782397747039795
2005-10-10,3.286529779434204
2005-10-11,0.0
2005-10-12,0.0
2005-10-13,0.0
2005-10-14,0.0
2005-10-15,0.0
2005-10-16,1.1705539226531982
2005-10-17,23.67711067199707
2005-10-18,0.26603496074676514
2005-10-19,0.0
2005-10-20,0.0
2005-10-21,0.0
2005-10-22,0.0
2005-10-23,0.0
2005-10-24,0.0
2005-10-25,0.0
2005-10-26,10.170499801635742
2005-10-27,0.0
2005-10-28,0.0
2005-10-29,0.7469544410705566
2005-10-30,1.4712797403335571
2005-10-31,0.9022570848464966
2005-11-01,3.3025128841400146
2005-11-02,0.3875748813152313
2005-11-03,0.3875748813152313
2005-11-04,0.5580748319625854
2005-11-05,3.11575984954834
2005-11-06,1.7267435789108276
2005-11-07,0.15506547689437866
2005-11-08,0.37364691495895386
2005-11-09,1.7085119485855103
2005-11-10,10.513718605041504
2005-11-11,0.2778482437133789
2005-11-12,0.1517648994922638
2005-11-13,1.4551163911819458
2005-11-14,0.7325860261917114
2005-11-15,1.8482609987258911
2005-11-16,0.8108412623405457
2005-11-17,4.498122692108154
2005-11-18,1.9047478437423706
2005-11-19,13.464631080627441
2005-11-20,0.0
2005-11-21,0.15167495608329773
2005-11-22,8.27773380279541
2005-11-23,0.45969095826148987
2005-11-24,10.571504592895508
2005-11-25,0.4904343783855438
2005-11-26,0.0
2005-11-27,0.2549959719181061
2005-11-28,1.658207893371582
2005-11-29,0.0
2005-11-30,1.3507447242736816
2005-12-01,1.4027642011642456
2005-12-02,3.960648536682129
2005-12-03,0.001177663798443973
2005-12-04,3.1904571056365967
2005-12-05,23.053449630737305
2005-12-06,11.48934555053711
2005-12-07,0.17304068803787231
2005-12-08,0.15196342766284943
2005-12-09,0.01939958520233631
2005-12-10,0.0
2005-12-11,0.04820801317691803
2005-12-12,0.4579761326313019
2005-12-13,4.008272647857666
2005-12-14,0.43009498715400696
2005-12-15,8.682246208190918
2005-12-16,6.791265487670898
2005-12-17,0.0
2005-12-18,0.0
2005-12-19,0.06738346070051193
2005-12-20,24.34507942199707
2005-12-21,0.0
2005-12-22,0.0
2005-12-23,0.0
2005-12-24,8.30788516998291
2005-12-25,13.718871116638184
2005-12-26,1.5259983539581299
2005-12-27,0.0
2005-12-28,12.37002944946289
2005-12-29,5.02623176574707
2005-12-30,0.43703174591064453
2005-12-31,7.120034694671631
2006-01-01,0.003370453603565693
2006-01-02,1.4891585111618042
2006-01-03,6.638578414916992
2006-01-04,0.24253730475902557
2006-01-05,0.21427038311958313
2006-01-06,0.0
2006-01-07,0.0
2006-01-08,0.0
2006-01-09,0.0
2006-01-10,0.0
2006-01-11,13.231467247009277
2006-01-12,10.08405876159668
2006-01-13,13.659968376159668
2006-01-14,0.17697516083717346
2006-01-15,0.100452721118927
2006-01-16,34.057640075683594
2006-01-17,25.333547592163086
2006-01-18,2.493089199066162
2006-01-19,0.08181347697973251
2006-01-20,0.4827265739440918
2006-01-21,14.479491233825684
2006-01-22,3.3908722400665283
2006-01-23,1.183854579925537
2006-01-24,5.193077087402344
2006-01-25,36.003875732421875
2006-01-26,0.6829897165298462
2006-01-27,0.05720369517803192
2006-01-28,3.5009939670562744
2006-01-29,0.24600060284137726
2006-01-30,1.7997244596481323
2006-01-31,9.517650604248047
2006-02-01,1.6851534843444824
2006-02-02,0.0
2006-02-03,0.20207928121089935
2006-02-04,1.6026358604431152
2006-02-05,6.517378330230713
2006-02-06,0.5334247350692749
2006-02-07,18.43448829650879
2006-02-08,0.1361817568540573
2006-02-09,15.257919311523438
2006-02-10,0.92064368724823
2006-02-11,0.0
2006-02-12,0.0
2006-02-13,0.0
2006-02-14,0.0
2006-02-15,0.0
2006-02-16,0.0
2006-02-17,0.0
2006-02-18,0.0
2006-02-19,0.0
2006-02-20,0.0
2006-02-21,0.010404344648122787
2006-02-22,0.0
2006-02-23,41.54581069946289
2006-02-24,23.956478118896484
2006-02-25,0.0
2006-02-26,0.0
2006-02-27,0.0
2006-02-28,0.0
2006-03-01,0.8154571056365967
2006-03-02,2.7974939346313477
2006-03-03,25.543184280395508
2006-03-04,1.561064600944519
2006-03-05,0.0
2006-03-06,0.0
2006-03-07,0.0
2006-03-08,0.0
2006-03-09,5.960416793823242
2006-03-10,13.044952392578125
2006-03-11,0.0
2006-03-12,9.0683012008667
2006-03-13,0.009910711087286472
2006-03-14,0.0
2006-03-15,0.0
2006-03-16,0.2795434892177582
2006-03-17,0.0
2006-03-18,9.591924667358398
2006-03-19,0.10127012431621552
2006-03-20,0.0
2006-03-21,23.914705276489258
2006-03-22,0.21807950735092163
2006-03-23,1.0970898866653442
2006-03-24,7.413484573364258
2006-03-25,20.83266258239746
2006-03-26,0.0
2006-03-27,0.0
2006-03-28,0.0
2006-03-29,0.0
2006-03-30,0.0
2006-03-31,0.0
2006-04-01,0.0
2006-04-02,0.0
2006-04-03,0.0
2006-04-04,0.0
2006-04-05,0.0
2006-04-06,0.0
2006-04-07,0.0
2006-04-08,0.0
2006-04-09,0.0
2006-04-10,0.0
2006-04-11,0.0
2006-04-12,0.0
2006-04-13,0.0
2006-04-14,3.6276538372039795
2006-04-15,27.455860137939453
2006-04-16,0.0
2006-04-17,0.0
2006-04-18,0.0
2006-04-19,0.0
2006-04-20,0.0
2006-04-21,0.0
2006-04-22,0.0
2006-04-23,0.0
2006-04-24,0.0
2006-04-25,0.0
2006-04-26,0.0
2006-04-27,0.0
2006-04-28,0.0
2006-04-29,0.0
2006-04-30,0.0
2006-05-01,0.1326817125082016
2006-05-02,1.0811572074890137
2006-05-03,0.1326817125082016
2006-05-04,1.0303840637207031
2006-05-05,0.27672964334487915
2006-05-06,0.0
2006-05-07,0.0
2006-05-08,0.0
2006-05-09,0.0
2006-05-10,0.0
2006-05-11,0.0
2006-05-12,0.0
2006-05-13,0.0
2006-05-14,0.0
2006-05-15,0.0
2006-05-16,0.0
2006-05-17,0.0
2006-05-18,0.0
2006-05-19,0.0
2006-05-20,0.0
2006-05-21,0.0
2006-05-22,0.0
2006-05-23,0.0
2006-05-24,0.0
2006-05-25,0.0
2006-05-26,0.0
2006-05-27,0.0
2006-05-28,0.0
2006-05-29,0.0
2006-05-30,0.0
2006-05-31,0.0
2006-06-01,0.0
2006-06-02,0.0
2006-06-03,0.0
2006-06-04,0.0
2006-06-05,0.0
2006-06-06,0.10123676061630249
2006-06-07,0.10123676061630249
2006-06-08,0.10123676061630249
2006-06-09,0.6074205636978149
2006-06-10,0.10123676061630249
2006-06-11,1.962277889251709
2006-06-12,0.7076244950294495
2006-06-13,0.38141462206840515
2006-06-14,0.38141462206840515
2006-06-15,0.38141462206840515
2006-06-16,0.0
2006-06-17,0.0
2006-06-18,0.0
2006-06-19,0.0
2006-06-20,0.0
2006-06-21,0.0
2006-06-22,0.0
2006-06-23,0.0
2006-06-24,0.0
2006-06-25,0.0
2006-06-26,0.0
2006-06-27,0.0
2006-06-28,0.0
2006-06-29,0.0
2006-06-30,0.0
2006-07-01,0.0
2006-07-02,0.0
2006-07-03,0.0
2006-07-04,0.0
2006-07-05,0.0
2006-07-06,0.0
2006-07-07,0.0
2006-07-08,0.0
2006-07-09,0.0
2006-07-10,0.0
2006-07-11,0.0
2006-07-12,0.0
2006-07-13,0.0
2006-07-14,0.0
2006-07-15,0.0
2006-07-16,0.0
2006-07-17,0.0
2006-07-18,0.0
2006-07-19,0.0
2006-07-20,0.0
2006-07-21,0.0
2006-07-22,0.0
2006-07-23,0.0
2006-07-24,0.0
2006-07-25,0.0
2006-07-26,0.0
2006-07-27,0.05932766571640968
2006-07-28,2.9823696613311768
2006-07-29,3.1676907539367676
2006-07-30,0.7942051291465759
2006-07-31,6.349695205688477
2006-08-01,0.0
2006-08-02,0.0
2006-08-03,0.0
2006-08-04,0.0
2006-08-05,0.0
2006-08-06,0.0
2006-08-07,0.0
2006-08-08,0.0
2006-08-09,0.0
2006-08-10,0.0
2006-08-11,0.0
2006-08-12,0.0
2006-08-13,0.0
2006-08-14,0.0
2006-08-15,9.452154159545898
2006-08-16,8.290117263793945
2006-08-17,0.0
2006-08-18,0.0
2006-08-19,0.0
2006-08-20,0.0
2006-08-21,0.0
2006-08-22,0.0
2006-08-23,0.0
2006-08-24,0.0
2006-08-25,0.0
2006-08-26,0.0
2006-08-27,0.0
2006-08-28,0.0
2006-08-29,0.0
2006-08-30,0.0
2006-08-31,0.0
2006-09-01,0.0
2006-09-02,0.0
2006-09-03,0.0
2006-09-04,0.0
2006-09-05,0.0
2006-09-06,0.0
2006-09-07,0.0
2006-09-08,0.7093159556388855
2006-09-09,13.419591903686523
2006-09-10,0.0
2006-09-11,0.0
2006-09-12,0.0
2006-09-13,0.0
2006-09-14,0.0
2006-09-15,0.0
2006-09-16,0.0
2006-09-17,0.0
2006-09-18,0.0
2006-09-19,0.31267181038856506
2006-09-20,0.0
2006-09-21,0.0
2006-09-22,0.0
2006-09-23,0.0
2006-09-24,0.0
2006-09-25,0.0
2006-09-26,2.367025375366211
2006-09-27,4.413500785827637
2006-09-28,6.935555458068848
2006-09-29,0.0
2006-09-30,0.0
2006-10-01,2.1508471965789795
2006-10-02,0.7153670191764832
2006-10-03,1.4961376190185547
2006-10-04,0.04585840925574303
2006-10-05,6.57388162612915
2006-10-06,0.0
2006-10-07,0.0
2006-10-08,0.0
2006-10-09,0.0
2006-10-10,0.22733019292354584
2006-10-11,0.4991108775138855
2006-10-12,0.05138565972447395
2006-10-13,0.07992170751094818
2006-10-14,0.18198731541633606
2006-10-15,1.108963966369629
2006-10-16,0.007258694618940353
2006-10-17,0.008710434660315514
2006-10-18,0.5481675863265991
2006-10-19,0.01838371530175209
2006-10-20,0.023062096908688545
2006-10-21,1.9605077505111694
2006-10-22,0.26502102613449097
2006-10-23,3.53593111038208
2006-10-24,0.0
2006-10-25,0.40366506576538086
2006-10-26,2.268406391143799
2006-10-27,1.089259147644043
2006-10-28,4.628841876983643
2006-10-29,9.943038940429688
2006-10-30,10.0800142288208
2006-10-31,0.0
2006-11-01,4.2431745529174805
2006-11-02,0.0
2006-11-03,0.0
2006-11-04,2.970417022705078
2006-11-05,11.588446617126465
2006-11-06,16.621557235717773
2006-11-07,0.0
2006-11-08,0.013675163500010967
2006-11-09,1.3175393342971802
2006-11-10,0.0
2006-11-11,0.0
2006-11-12,0.0
2006-11-13,0.0
2006-11-14,0.0
2006-11-15,0.0
2006-11-16,0.0
2006-11-17,4.424548149108887
2006-11-18,7.4123382568359375
2006-11-19,0.04699098318815231
2006-11-20,0.0
2006-11-21,0.0
2006-11-22,0.0
2006-11-23,6.0684428215026855
2006-11-24,0.0
2006-11-25,0.9133397340774536
2006-11-26,4.425395488739014
2006-11-27,7.903509140014648
2006-11-28,13.006258010864258
2006-11-29,3.524137496948242
2006-11-30,0.0
2006-12-01,0.046423349529504776
2006-12-02,10.340277671813965
2006-12-03,0.026181645691394806
2006-12-04,1.0767947435379028
2006-12-05,0.22660978138446808
2006-12-06,0.0
2006-12-07,1.7979167699813843
2006-12-08,1.1219570636749268
2006-12-09,14.05468463897705
2006-12-10,0.49464693665504456
2006-12-11,1.4119175672531128
2006-12-12,0.5294690728187561
2006-12-13,0.5294690728187561
2006-12-14,0.5294690728187561
2006-12-15,0.5294690728187561
2006-12-16,0.0
2006-12-17,0.2944243848323822
2006-12-18,8.943625450134277
2006-12-19,8.205293655395508
2006-12-20,27.863439559936523
2006-12-21,12.277716636657715
2006-12-22,0.0
2006-12-23,0.16585825383663177
2006-12-24,0.5295364856719971
2006-12-25,5.5568742752075195
2006-12-26,1.2595109939575195
2006-12-27,0.0
2006-12-28,0.0
2006-12-29,0.01096044760197401
2006-12-30,5.193992614746094
2006-12-31,3.8391165733337402
2007-01-01,0.0
2007-01-02,15.057988166809082
2007-01-03,15.574204444885254
2007-01-04,1.824580430984497
2007-01-05,16.989103317260742
2007-01-06,0.027955494821071625
2007-01-07,20.28467559814453
2007-01-08,9.174615859985352
2007-01-09,1.335920810699463
2007-01-10,2.450451612472534
2007-01-11,10.706860542297363
2007-01-12,6.882296562194824
2007-01-13,0.7110733389854431
2007-01-14,22.53993797302246
2007-01-15,1.164870023727417
2007-01-16,13.334683418273926
2007-01-17,13.040093421936035
2007-01-18,0.0
2007-01-19,2.4518728256225586
2007-01-20,11.669888496398926
2007-01-21,0.15952998399734497
2007-01-22,0.08531595766544342
2007-01-23,6.477669715881348
2007-01-24,4.932950019836426
2007-01-25,6.812564849853516
2007-01-26,0.09282079339027405
2007-01-27,0.5298441648483276
2007-01-28,9.557865142822266
2007-01-29,0.0
2007-01-30,12.604754447937012
2007-01-31,3.8532323837280273
2007-02-01,0.4310407042503357
2007-02-02,0.4310407042503357
2007-02-03,0.4310407042503357
2007-02-04,0.4310407042503357
2007-02-05,1.1494418382644653
2007-02-06,0.8709683418273926
2007-02-07,14.248814582824707
2007-02-08,4.994481563568115
2007-02-09,4.499633312225342
2007-02-10,4.884804725646973
2007-02-11,4.070872783660889
2007-02-12,0.0
2007-02-13,1.4608715772628784
2007-02-14,2.857853651046753
2007-02-15,3.7208473682403564
2007-02-16,9.182846069335938
2007-02-17,16.844533920288086
2007-02-18,2.600249767303467
2007-02-19,0.0
2007-02-20,0.01850333996117115
2007-02-21,0.0
2007-02-22,0.0
2007-02-23,0.0
2007-02-24,0.0
2007-02-25,0.0
2007-02-26,0.0
2007-02-27,0.0
2007-02-28,6.876124858856201
2007-03-01,1.190843939781189
2007-03-02,27.261302947998047
2007-03-03,5.655675411224365
2007-03-04,0.0
2007-03-05,5.461043357849121
2007-03-06,0.0
2007-03-07,0.9809988141059875
2007-03-08,0.76041579246521
2007-03-09,9.750306129455566
2007-03-10,32.39943313598633
2007-03-11,0.31508883833885193
2007-03-12,0.0
2007-03-13,2.326463460922241
2007-03-14,1.0356358289718628
2007-03-15,24.086240768432617
2007-03-16,0.0
2007-03-17,14.917924880981445
2007-03-18,1.7878891229629517
2007-03-19,0.25150978565216064
2007-03-20,0.011422151699662209
2007-03-21,0.7259123921394348
2007-03-22,0.0
2007-03-23,0.0
2007-03-24,1.1448779106140137
2007-03-25,0.0
2007-03-26,0.0
2007-03-27,0.06978123635053635
2007-03-28,0.0
2007-03-29,5.642755508422852
2007-03-30,1.8198204040527344
2007-03-31,26.813152313232422
2007-04-01,0.0
2007-04-02,0.0
2007-04-03,20.06450080871582
2007-04-04,15.690258026123047
2007-04-05,0.354403018951416
2007-04-06,0.0
2007-04-07,0.0
2007-04-08,0.0
2007-04-09,0.0
2007-04-10,0.0
2007-04-11,0.0
2007-04-12,22.6339168548584
2007-04-13,1.1055312156677246
2007-04-14,0.0
2007-04-15,0.22072076797485352
2007-04-16,0.0
2007-04-17,0.0
2007-04-18,0.0
2007-04-19,0.0
2007-04-20,0.0
2007-04-21,0.0
2007-04-22,0.0
2007-04-23,0.0
2007-04-24,0.0
2007-04-25,0.0
2007-04-26,0.0
2007-04-27,18.007131576538086
2007-04-28,0.0
2007-04-29,0.0
2007-04-30,0.0
2007-05-01,0.25503459572792053
2007-05-02,0.25503459572792053
2007-05-03,0.25503459572792053
2007-05-04,0.25503459572792053
2007-05-05,0.25503459572792053
2007-05-06,0.0867457315325737
2007-05-07,11.66430950164795
2007-05-08,12.655143737792969
2007-05-09,0.0
2007-05-10,0.0
2007-05-11,0.7846593260765076
2007-05-12,0.22418837249279022
2007-05-13,0.22418837249279022
2007-05-14,0.22418837249279022
2007-05-15,0.7846593856811523
2007-05-16,0.0
2007-05-17,3.4437859058380127
2007-05-18,0.0
2007-05-19,0.0
2007-05-20,0.0
2007-05-21,0.0
2007-05-22,0.054882604628801346
2007-05-23,10.693957328796387
2007-05-24,0.0027825110591948032
2007-05-25,0.0
2007-05-26,0.34583649039268494
2007-05-27,0.34583649039268494
2007-05-28,0.34583649039268494
2007-05-29,0.34583649039268494
2007-05-30,0.34583649039268494
2007-05-31,0.34583649039268494
2007-06-01,0.0
2007-06-02,0.13712576031684875
2007-06-03,2.744199275970459
2007-06-04,4.562644004821777
2007-06-05,0.0
2007-06-06,0.6025198101997375
2007-06-07,0.6025198101997375
2007-06-08,0.6025198101997375
2007-06-09,0.6025198101997375
2007-06-10,0.6025198101997375
2007-06-11,0.4100067615509033
2007-06-12,0.4100067615509033
2007-06-13,0.4100067615509033
2007-06-14,0.4100067615509033
2007-06-15,0.4100067615509033
2007-06-16,0.0
2007-06-17,0.0
2007-06-18,0.0
2007-06-19,0.0
2007-06-20,0.0
2007-06-21,0.3962772786617279
2007-06-22,0.3962772786617279
2007-06-23,0.3962772786617279
2007-06-24,0.3962772786617279
2007-06-25,2.3776636123657227
2007-06-26,2.8909404277801514
2007-06-27,0.18068377673625946
2007-06-28,0.18068377673625946
2007-06-29,0.18068377673625946
2007-06-30,0.18068377673625946
2007-07-01,0.0
2007-07-02,0.0
2007-07-03,0.0
2007-07-04,0.0
2007-07-05,0.0
2007-07-06,0.0
2007-07-07,0.0
2007-07-08,0.113423191010952
2007-07-09,6.858241558074951
2007-07-10,0.0
2007-07-11,0.10974277555942535
2007-07-12,0.10974277555942535
2007-07-13,0.10974277555942535
2007-07-14,0.10974277555942535
2007-07-15,0.10974277555942535
2007-07-16,0.7245500087738037
2007-07-17,1.2514954805374146
2007-07-18,0.6586818099021912
2007-07-19,0.0
2007-07-20,0.0
2007-07-21,0.0
2007-07-22,0.0
2007-07-23,0.0
2007-07-24,0.0
2007-07-25,0.0
2007-07-26,0.0
2007-07-27,0.0
2007-07-28,0.0
2007-07-29,0.0
2007-07-30,0.0
2007-07-31,0.0
2007-08-01,0.0919979065656662
2007-08-02,1.4719665050506592
2007-08-03,0.0919979065656662
2007-08-04,0.0919979065656662
2007-08-05,0.0919979065656662
2007-08-06,0.0
2007-08-07,0.0
2007-08-08,0.6520978808403015
2007-08-09,7.173076629638672
2007-08-10,0.0
2007-08-11,0.0
2007-08-12,0.0
2007-08-13,0.0
2007-08-14,0.0
2007-08-15,0.0
2007-08-16,0.016008339822292328
2007-08-17,0.016008339822292328
2007-08-18,0.016008339822292328
2007-08-19,0.04268890991806984
2007-08-20,0.016008339822292328
2007-08-21,0.0
2007-08-22,0.0
2007-08-23,0.0
2007-08-24,0.0
2007-08-25,0.0
2007-08-26,0.0
2007-08-27,0.0
2007-08-28,0.0
2007-08-29,0.0
2007-08-30,0.0
2007-08-31,0.0
2007-09-01,0.0
2007-09-02,0.0
2007-09-03,2.761566162109375
2007-09-04,0.0
2007-09-05,2.470029354095459
2007-09-06,0.023578062653541565
2007-09-07,0.4006507694721222
2007-09-08,0.91787189245224
2007-09-09,0.000245911069214344
2007-09-10,0.0
2007-09-11,3.300036907196045
2007-09-12,8.19749927520752
2007-09-13,1.1250767707824707
2007-09-14,1.3095595836639404
2007-09-15,1.0610175132751465
2007-09-16,0.8297256231307983
2007-09-17,1.358529806137085
2007-09-18,1.0064865350723267
2007-09-19,0.2525220215320587
2007-09-20,3.893690824508667
2007-09-21,6.36668062210083
2007-09-22,0.4613781273365021
2007-09-23,0.0
2007-09-24,2.1082541942596436
2007-09-25,0.0
2007-09-26,1.548729419708252
2007-09-27,0.0
2007-09-28,2.3096978664398193
2007-09-29,0.14002615213394165
2007-09-30,0.9853078722953796
2007-10-01,0.0354379266500473
2007-10-02,0.5695381760597229
2007-10-03,0.0
2007-10-04,0.9542927742004395
2007-10-05,0.0
2007-10-06,10.47325611114502
2007-10-07,0.3838374614715576
2007-10-08,0.0
2007-10-09,0.0
2007-10-10,0.8394587635993958
2007-10-11,7.081669330596924
2007-10-12,0.0
2007-10-13,0.9768286347389221
2007-10-14,0.02209305204451084
2007-10-15,0.0938391163945198
2007-10-16,0.0
2007-10-17,8.991779327392578
2007-10-18,0.8181881308555603
2007-10-19,9.045577049255371
2007-10-20,0.012125751003623009
2007-10-21,3.724327802658081
2007-10-22,9.762885093688965
2007-10-23,0.5083661079406738
2007-10-24,0.0
2007-10-25,0.0
2007-10-26,0.0
2007-10-27,0.0
2007-10-28,0.0
2007-10-29,0.11448159068822861
2007-10-30,13.565134048461914
2007-10-31,6.94259786605835
2007-11-01,0.1492765098810196
2007-11-02,0.9815112352371216
2007-11-03,0.3758884072303772
2007-11-04,0.0438733845949173
2007-11-05,0.02889222651720047
2007-11-06,0.24930427968502045
2007-11-07,0.260859876871109
2007-11-08,0.16137941181659698
2007-11-09,0.0
2007-11-10,0.7087655067443848
2007-11-11,1.7621420621871948
2007-11-12,0.03766266629099846
2007-11-13,1.8585151433944702
2007-11-14,0.023025091737508774
2007-11-15,0.002669575856998563
2007-11-16,0.2001442164182663
2007-11-17,2.4282455444335938
2007-11-18,3.503209114074707
2007-11-19,23.24260139465332
2007-11-20,6.728983402252197
2007-11-21,9.634689331054688
2007-11-22,2.7206029891967773
2007-11-23,6.123781204223633
2007-11-24,2.2451016902923584
2007-11-25,0.0
2007-11-26,0.8834522366523743
2007-11-27,0.0
2007-11-28,3.1626131534576416
2007-11-29,0.13986775279045105
2007-11-30,0.16158977150917053
2007-12-01,0.0
2007-12-02,8.693429946899414
2007-12-03,0.24144424498081207
2007-12-04,16.64702033996582
2007-12-05,3.0544679164886475
2007-12-06,0.0
2007-12-07,0.21451860666275024
2007-12-08,0.0
2007-12-09,12.06136703491211
2007-12-10,1.3192099332809448
2007-12-11,1.810831069946289
2007-12-12,0.1914413422346115
2007-12-13,0.0
2007-12-14,0.0
2007-12-15,15.797658920288086
2007-12-16,9.77519702911377
2007-12-17,0.08362895995378494
2007-12-18,0.37693944573402405
2007-12-19,0.0
2007-12-20,0.007934702560305595
2007-12-21,0.05640973150730133
2007-12-22,0.0
2007-12-23,0.028204865753650665
2007-12-24,34.987457275390625
2007-12-25,2.9386839866638184
2007-12-26,0.8945281505584717
2007-12-27,0.0
2007-12-28,0.0008754064911045134
2007-12-29,0.008138838224112988
2007-12-30,2.723560094833374
2007-12-31,20.520111083984375
2008-01-01,16.41704750061035
2008-01-02,7.804168701171875
2008-01-03,2.0596907138824463
2008-01-04,3.7838857173919678
2008-01-05,2.8248496055603027
2008-01-06,0.2136741727590561
2008-01-07,0.013601462356746197
2008-01-08,21.8522891998291
2008-01-09,0.0
2008-01-10,0.915192186832428
2008-01-11,12.954521179199219
2008-01-12,0.7201411724090576
2008-01-13,0.0
2008-01-14,0.0
2008-01-15,4.0720343589782715
2008-01-16,0.0
2008-01-17,0.34703534841537476
2008-01-18,0.0
2008-01-19,38.22587585449219
2008-01-20,5.382511615753174
2008-01-21,1.0644011497497559
2008-01-22,4.252519130706787
2008-01-23,18.820480346679688
2008-01-24,31.55958366394043
2008-01-25,23.002351760864258
2008-01-26,2.6419708728790283
2008-01-27,17.99260902404785
2008-01-28,0.03187234327197075
2008-01-29,0.1566571444272995
2008-01-30,0.0344427265226841
2008-01-31,0.8894878029823303
2008-02-01,0.0
2008-02-02,0.0
2008-02-03,0.0
2008-02-04,0.0
2008-02-05,0.0
2008-02-06,3.90718150138855
2008-02-07,3.632495641708374
2008-02-08,0.48056021332740784
2008-02-09,22.253049850463867
2008-02-10,34.83405685424805
2008-02-11,3.697067975997925
2008-02-12,0.0
2008-02-13,0.0
2008-02-14,0.0
2008-02-15,0.0
2008-02-16,8.857819557189941
2008-02-17,0.010072747245430946
2008-02-18,0.0
2008-02-19,0.4835127592086792
2008-02-20,5.757716655731201
2008-02-21,0.10091857612133026
2008-02-22,0.125904843211174
2008-02-23,23.88131332397461
2008-02-24,0.37534838914871216
2008-02-25,5.758872032165527
2008-02-26,14.39345645904541
2008-02-27,11.952435493469238
2008-02-28,1.6412190198898315
2008-02-29,0.1799885481595993
2008-03-01,0.0
2008-03-02,0.0
2008-03-03,0.0
2008-03-04,0.0
2008-03-05,0.0
2008-03-06,0.17310945689678192
2008-03-07,2.59468412399292
2008-03-08,0.47433409094810486
2008-03-09,15.217828750610352
2008-03-10,45.40377426147461
2008-03-11,0.0
2008-03-12,0.0
2008-03-13,0.0
2008-03-14,0.0
2008-03-15,0.0
2008-03-16,0.0
2008-03-17,0.0
2008-03-18,0.0
2008-03-19,0.0
2008-03-20,0.0
2008-03-21,0.0
2008-03-22,0.0
2008-03-23,0.0
2008-03-24,0.0
2008-03-25,0.0
2008-03-26,0.0
2008-03-27,0.692380964756012
2008-03-28,0.0
2008-03-29,18.58138656616211
2008-03-30,0.0
2008-03-31,3.048631191253662
2008-04-01,0.4674486815929413
2008-04-02,1.404497742652893
2008-04-03,0.04861460626125336
2008-04-04,0.08567558228969574
2008-04-05,0.0
2008-04-06,0.0
2008-04-07,0.0
2008-04-08,0.0
2008-04-09,0.0
2008-04-10,0.0
2008-04-11,0.0
2008-04-12,0.0
2008-04-13,12.30333137512207
2008-04-14,3.9632186889648438
2008-04-15,0.0
2008-04-16,0.0
2008-04-17,0.0
2008-04-18,0.0
2008-04-19,0.0
2008-04-20,0.0
2008-04-21,0.0
2008-04-22,0.0
2008-04-23,0.0
2008-04-24,0.0
2008-04-25,0.0
2008-04-26,0.0
2008-04-27,0.0
2008-04-28,2.003598928451538
2008-04-29,5.00488805770874
2008-04-30,0.0
2008-05-01,0.0
2008-05-02,0.0
2008-05-03,0.0
2008-05-04,0.0
2008-05-05,0.0
2008-05-06,0.0
2008-05-07,0.0
2008-05-08,0.0
2008-05-09,0.0
2008-05-10,0.0
2008-05-11,2.3403007984161377
2008-05-12,0.25657784938812256
2008-05-13,0.48205530643463135
2008-05-14,0.17105188965797424
2008-05-15,0.17105188965797424
2008-05-16,0.0
2008-05-17,0.0
2008-05-18,0.0
2008-05-19,0.0
2008-05-20,0.0
2008-05-21,0.0
2008-05-22,0.0
2008-05-23,0.0
2008-05-24,0.0
2008-05-25,0.0
2008-05-26,0.0
2008-05-27,0.0
2008-05-28,0.0
2008-05-29,0.0
2008-05-30,0.0
2008-05-31,0.0
2008-06-01,0.0
2008-06-02,0.0
2008-06-03,0.0
2008-06-04,0.0
2008-06-05,0.0
2008-06-06,0.0
2008-06-07,0.0
2008-06-08,0.0
2008-06-09,0.0
2008-06-10,0.0
2008-06-11,0.0
2008-06-12,0.0
2008-06-13,0.0
2008-06-14,0.0
2008-06-15,0.0
2008-06-16,0.0
2008-06-17,0.0
2008-06-18,0.0
2008-06-19,0.0
2008-06-20,0.0
2008-06-21,0.0
2008-06-22,0.0
2008-06-23,0.0
2008-06-24,0.0
2008-06-25,0.0
2008-06-26,0.0
2008-06-27,0.0
2008-06-28,0.0
2008-06-29,0.0
2008-06-30,0.0
2008-07-01,0.0
2008-07-02,0.0
2008-07-03,0.0
2008-07-04,0.0
2008-07-05,0.0
2008-07-06,0.0
2008-07-07,0.0
2008-07-08,0.0
2008-07-09,0.0
2008-07-10,0.0
2008-07-11,0.0
2008-07-12,0.0
2008-07-13,0.0
2008-07-14,0.0
2008-07-15,0.0
2008-07-16,0.0
2008-07-17,0.0
2008-07-18,0.0
2008-07-19,0.0
2008-07-20,0.0
2008-07-21,0.0
2008-07-22,0.0
2008-07-23,0.0
2008-07-24,0.0
2008-07-25,0.0
2008-07-26,0.0
2008-07-27,0.0
2008-07-28,0.0
2008-07-29,0.0
2008-07-30,0.0
2008-07-31,0.0
2008-08-01,0.0
2008-08-02,0.0
2008-08-03,0.0
2008-08-04,0.0
2008-08-05,0.0
2008-08-06,0.0
2008-08-07,0.018723350018262863
2008-08-08,3.5568268299102783
2008-08-09,0.009819084778428078
2008-08-10,0.0
2008-08-11,0.0
2008-08-12,0.0
2008-08-13,0.0
2008-08-14,0.0
2008-08-15,0.0
2008-08-16,5.295923233032227
2008-08-17,0.0
2008-08-18,0.0
2008-08-19,0.0
2008-08-20,0.0
2008-08-21,0.0
2008-08-22,0.0
2008-08-23,0.0
2008-08-24,0.0
2008-08-25,0.0
2008-08-26,0.0
2008-08-27,0.0
2008-08-28,0.0
2008-08-29,0.0
2008-08-30,0.0
2008-08-31,0.0
2008-09-01,0.0
2008-09-02,0.0
2008-09-03,0.0
2008-09-04,0.0
2008-09-05,0.0
2008-09-06,0.0
2008-09-07,0.0
2008-09-08,0.0
2008-09-09,0.7949748039245605
2008-09-10,2.3849244117736816
2008-09-11,0.8780184388160706
2008-09-12,0.21655160188674927
2008-09-13,0.0
2008-09-14,0.0
2008-09-15,0.0
2008-09-16,0.0
2008-09-17,0.0
2008-09-18,0.0
2008-09-19,0.0
2008-09-20,0.0
2008-09-21,0.0
2008-09-22,0.0
2008-09-23,0.0
2008-09-24,0.0
2008-09-25,0.0
2008-09-26,0.48961910605430603
2008-09-27,0.0
2008-09-28,0.11383501440286636
2008-09-29,3.8821494579315186
2008-09-30,6.6461710929870605
2008-10-01,0.23815463483333588
2008-10-02,0.0
2008-10-03,0.920842707157135
2008-10-04,3.46246600151062
2008-10-05,4.993458271026611
2008-10-06,0.0
2008-10-07,0.0
2008-10-08,0.0
2008-10-09,0.0
2008-10-10,0.0
2008-10-11,0.6677197217941284
2008-10-12,1.3421841859817505
2008-10-13,0.0
2008-10-14,0.0
2008-10-15,1.227525234222412
2008-10-16,0.005024351179599762
2008-10-17,0.6893248558044434
2008-10-18,0.007024128921329975
2008-10-19,0.1251325011253357
2008-10-20,0.0
2008-10-21,0.0
2008-10-22,10.520308494567871
2008-10-23,1.2627869844436646
2008-10-24,5.585792541503906
2008-10-25,1.9138820171356201
2008-10-26,3.7756054401397705
2008-10-27,0.10277119278907776
2008-10-28,2.8418989181518555
2008-10-29,13.079133033752441
2008-10-30,6.256988048553467
2008-10-31,0.0
2008-11-01,1.4342308044433594
2008-11-02,14.81763744354248
2008-11-03,1.1095962524414062
2008-11-04,3.7673213481903076
2008-11-05,0.931052029132843
2008-11-06,0.6178696751594543
2008-11-07,5.472940921783447
2008-11-08,2.6699063777923584
2008-11-09,10.779643058776855
2008-11-10,0.009967876598238945
2008-11-11,0.017682215198874474
2008-11-12,0.3784184455871582
2008-11-13,0.0
2008-11-14,4.110836505889893
2008-11-15,3.7919161319732666
2008-11-16,0.0
2008-11-17,0.0
2008-11-18,0.0
2008-11-19,0.0
2008-11-20,0.0
2008-11-21,0.026263510808348656
2008-11-22,0.03511297330260277
2008-11-23,0.026928970590233803
2008-11-24,0.16341261565685272
2008-11-25,0.27355217933654785
2008-11-26,0.0
2008-11-27,0.0
2008-11-28,0.05468453839421272
2008-11-29,0.6604730486869812
2008-11-30,15.172124862670898
2008-12-01,0.0
2008-12-02,0.0
2008-12-03,0.0
2008-12-04,0.0
2008-12-05,0.0
2008-12-06,0.0
2008-12-07,0.0
2008-12-08,0.0
2008-12-09,0.4200360178947449
2008-12-10,20.310134887695312
2008-12-11,18.200410842895508
2008-12-12,0.0
2008-12-13,0.20167385041713715
2008-12-14,1.0221753120422363
2008-12-15,0.06259486824274063
2008-12-16,4.4396820068359375
2008-12-17,2.537074327468872
2008-12-18,0.5559518933296204
2008-12-19,15.576910972595215
2008-12-20,4.175915718078613
2008-12-21,3.243790626525879
2008-12-22,3.6873281002044678
2008-12-23,1.0949831008911133
2008-12-24,5.776005744934082
2008-12-25,22.763275146484375
2008-12-26,1.4523512125015259
2008-12-27,0.6937644481658936
2008-12-28,0.11336075514554977
2008-12-29,7.7918500900268555
2008-12-30,1.108634352684021
2008-12-31,0.0017129642656072974
2009-01-01,18.774574279785156
2009-01-02,14.115715026855469
2009-01-03,0.7730521559715271
2009-01-04,0.1350562870502472
2009-01-05,0.0
2009-01-06,0.23078490793704987
2009-01-07,4.027156352996826
2009-01-08,4.922810077667236
2009-01-09,5.0734405517578125
2009-01-10,0.0
2009-01-11,0.020131641998887062
2009-01-12,0.08819370716810226
2009-01-13,6.1363959312438965
2009-01-14,4.598301410675049
2009-01-15,34.67549133300781
2009-01-16,20.47930335998535
2009-01-17,6.110938549041748
2009-01-18,8.947717666625977
2009-01-19,14.875168800354004
2009-01-20,0.1557275652885437
2009-01-21,0.0
2009-01-22,0.0
2009-01-23,0.0
2009-01-24,0.7795665264129639
2009-01-25,0.4472922682762146
2009-01-26,1.2127538919448853
2009-01-27,0.0
2009-01-28,0.3811526596546173
2009-01-29,0.151461660861969
2009-01-30,0.002963814651593566
2009-01-31,0.0
2009-02-01,0.0
2009-02-02,1.7631943225860596
2009-02-03,0.26446476578712463
2009-02-04,12.092072486877441
2009-02-05,0.0
2009-02-06,33.21764373779297
2009-02-07,2.267967462539673
2009-02-08,0.3648892343044281
2009-02-09,16.815271377563477
2009-02-10,5.822925090789795
2009-02-11,22.41275978088379
2009-02-12,2.440721035003662
2009-02-13,0.6398530006408691
2009-02-14,15.765085220336914
2009-02-15,4.4714837074279785
2009-02-16,0.0
2009-02-17,0.0
2009-02-18,0.0
2009-02-19,0.0
2009-02-20,0.0
2009-02-21,0.0
2009-02-22,0.3451002240180969
2009-02-23,17.307645797729492
2009-02-24,0.8287037014961243
2009-02-25,0.04858275130391121
2009-02-26,0.0
2009-02-27,0.0
2009-02-28,0.0
2009-03-01,1.7193156480789185
2009-03-02,2.4521961212158203
2009-03-03,11.338846206665039
2009-03-04,38.36468505859375
2009-03-05,47.96294021606445
2009-03-06,0.0
2009-03-07,0.0
2009-03-08,0.0
2009-03-09,0.0
2009-03-10,0.0
2009-03-11,0.0
2009-03-12,0.0
2009-03-13,0.0
2009-03-14,0.0
2009-03-15,0.0
2009-03-16,0.0
2009-03-17,0.0
2009-03-18,0.0
2009-03-19,0.0
2009-03-20,0.0
2009-03-21,3.183950424194336
2009-03-22,4.322893142700195
2009-03-23,1.5312062501907349
2009-03-24,0.08661249279975891
2009-03-25,0.0
2009-03-26,0.0
2009-03-27,0.0
2009-03-28,0.0
2009-03-29,0.0
2009-03-30,0.0
2009-03-31,0.0
2009-04-01,0.0
2009-04-02,0.0
2009-04-03,0.0
2009-04-04,0.0
2009-04-05,0.0
2009-04-06,0.0
2009-04-07,0.0
2009-04-08,5.391455173492432
2009-04-09,0.0
2009-04-10,0.4170141816139221
2009-04-11,0.0
2009-04-12,0.0
2009-04-13,0.0
2009-04-14,0.0
2009-04-15,0.0
2009-04-16,0.0
2009-04-17,0.0
2009-04-18,0.0
2009-04-19,0.0
2009-04-20,0.0
2009-04-21,0.0
2009-04-22,0.0
2009-04-23,0.0
2009-04-24,0.0
2009-04-25,0.0
2009-04-26,0.0
2009-04-27,0.0
2009-04-28,0.0
2009-04-29,0.0
2009-04-30,0.0
2009-05-01,0.0
2009-05-02,0.8963416218757629
2009-05-03,0.01843038760125637
2009-05-04,0.0
2009-05-05,2.233571767807007
2009-05-06,3.086871862411499
2009-05-07,0.08716127276420593
2009-05-08,0.01156177930533886
2009-05-09,0.0
2009-05-10,0.0
2009-05-11,0.0
2009-05-12,0.0
2009-05-13,0.0
2009-05-14,0.0
2009-05-15,0.0
2009-05-16,0.0
2009-05-17,0.0
2009-05-18,0.0
2009-05-19,0.0
2009-05-20,0.0
2009-05-21,0.0
2009-05-22,0.0
2009-05-23,0.0
2009-05-24,0.0
2009-05-25,0.0
2009-05-26,0.0
2009-05-27,0.0
2009-05-28,7.51475715637207
2009-05-29,2.2475528717041016
2009-05-30,0.0
2009-05-31,0.0
2009-06-01,0.0
2009-06-02,0.0
2009-06-03,0.0
2009-06-04,0.0
2009-06-05,0.0
2009-06-06,0.0
2009-06-07,0.0
2009-06-08,0.0
2009-06-09,0.0
2009-06-10,0.0
2009-06-11,0.0
2009-06-12,0.0
2009-06-13,0.0
2009-06-14,0.03733814135193825
2009-06-15,5.828643798828125
2009-06-16,0.0
2009-06-17,0.0
2009-06-18,0.0
2009-06-19,0.0
2009-06-20,0.0
2009-06-21,0.0
2009-06-22,0.0
2009-06-23,0.0
2009-06-24,0.0
2009-06-25,0.0
2009-06-26,0.0
2009-06-27,0.0
2009-06-28,0.0
2009-06-29,0.0
2009-06-30,0.0
2009-07-01,0.0
2009-07-02,0.0
2009-07-03,0.0
2009-07-04,0.0
2009-07-05,0.0
2009-07-06,0.0
2009-07-07,0.0
2009-07-08,0.0
2009-07-09,0.0
2009-07-10,0.0
2009-07-11,0.0006374801159836352
2009-07-12,0.0
2009-07-13,0.0
2009-07-14,0.0
2009-07-15,0.5178852677345276
2009-07-16,0.0
2009-07-17,0.0
2009-07-18,0.0
2009-07-19,0.0
2009-07-20,0.0
2009-07-21,0.0
2009-07-22,0.0
2009-07-23,0.0
2009-07-24,0.0
2009-07-25,0.0
2009-07-26,0.25768837332725525
2009-07-27,1.2148164510726929
2009-07-28,0.184063121676445
2009-07-29,0.184063121676445
2009-07-30,0.184063121676445
2009-07-31,0.184063121676445
2009-08-01,0.0
2009-08-02,0.0
2009-08-03,0.0
2009-08-04,0.0
2009-08-05,0.0
2009-08-06,0.0
2009-08-07,0.0
2009-08-08,0.0
2009-08-09,0.0
2009-08-10,0.0
2009-08-11,0.0
2009-08-12,0.0
2009-08-13,0.0
2009-08-14,0.0
2009-08-15,0.0
2009-08-16,0.06057033687829971
2009-08-17,0.06057033687829971
2009-08-18,0.06057033687829971
2009-08-19,0.6662737131118774
2009-08-20,0.3634220361709595
2009-08-21,0.0
2009-08-22,0.0
2009-08-23,0.0
2009-08-24,0.0
2009-08-25,0.0
2009-08-26,0.0
2009-08-27,0.0
2009-08-28,0.0
2009-08-29,0.0
2009-08-30,0.0
2009-08-31,0.0
2009-09-01,0.0
2009-09-02,0.0
2009-09-03,0.0
2009-09-04,0.0
2009-09-05,0.0
2009-09-06,0.0
2009-09-07,0.0
2009-09-08,0.0
2009-09-09,0.0
2009-09-10,0.0
2009-09-11,0.0
2009-09-12,0.0
2009-09-13,0.0
2009-09-14,0.0
2009-09-15,0.0
2009-09-16,5.0161614418029785
2009-09-17,0.0
2009-09-18,0.0
2009-09-19,0.05478276312351227
2009-09-20,0.64434415102005
2009-09-21,0.0
2009-09-22,0.0
2009-09-23,0.0
2009-09-24,0.0
2009-09-25,0.0
2009-09-26,0.0
2009-09-27,2.701690196990967
2009-09-28,0.0
2009-09-29,0.2689991295337677
2009-09-30,0.023753555491566658
2009-10-01,7.498810768127441
2009-10-02,1.6312448978424072
2009-10-03,0.0037001552991569042
2009-10-04,0.17202982306480408
2009-10-05,0.3258267045021057
2009-10-06,9.263751983642578
2009-10-07,1.9821102619171143
2009-10-08,0.0
2009-10-09,0.0
2009-10-10,0.0
2009-10-11,0.0
2009-10-12,0.0
2009-10-13,0.0
2009-10-14,0.0
2009-10-15,0.0
2009-10-16,0.0
2009-10-17,0.005325013305991888
2009-10-18,0.07505961507558823
2009-10-19,8.841598510742188
2009-10-20,0.0346890352666378
2009-10-21,0.33057013154029846
2009-10-22,6.050217628479004
2009-10-23,0.1382559835910797
2009-10-24,7.555473327636719
2009-10-25,0.470567911863327
2009-10-26,0.0
2009-10-27,0.0
2009-10-28,0.0
2009-10-29,0.0
2009-10-30,0.0
2009-10-31,0.0
2009-11-01,0.0
2009-11-02,0.0
2009-11-03,0.0
2009-11-04,0.0
2009-11-05,5.059775352478027
2009-11-06,7.638138771057129
2009-11-07,0.13206280767917633
2009-11-08,0.2525478005409241
2009-11-09,0.0
2009-11-10,7.118166923522949
2009-11-11,0.437557578086853
2009-11-12,0.005381973925977945
2009-11-13,0.9812671542167664
2009-11-14,0.40400177240371704
2009-11-15,32.12128448486328
2009-11-16,0.9647890329360962
2009-11-17,0.8659729957580566
2009-11-18,7.720086574554443
2009-11-19,2.4869186878204346
2009-11-20,11.901190757751465
2009-11-21,0.6755123734474182
2009-11-22,0.6755123734474182
2009-11-23,0.6755123734474182
2009-11-24,10.808197975158691
2009-11-25,0.6755123734474182
2009-11-26,3.498901605606079
2009-11-27,0.1707613468170166
2009-11-28,1.5789250135421753
2009-11-29,0.008147012442350388
2009-11-30,29.138141632080078
2009-12-01,0.0
2009-12-02,0.0
2009-12-03,26.827472686767578
2009-12-04,0.0
2009-12-05,0.19559672474861145
2009-12-06,0.0
2009-12-07,0.0
2009-12-08,0.0
2009-12-09,0.0
2009-12-10,0.0
2009-12-11,0.32618001103401184
2009-12-12,2.9867212772369385
2009-12-13,0.0
2009-12-14,0.0
2009-12-15,0.0
2009-12-16,0.0
2009-12-17,0.0
2009-12-18,0.012795887887477875
2009-12-19,6.1526336669921875
2009-12-20,37.85243225097656
2009-12-21,3.867624521255493
2009-12-22,0.01368259359151125
2009-12-23,0.03704041242599487
2009-12-24,1.6714930534362793
2009-12-25,13.921686172485352
2009-12-26,1.7989909648895264
2009-12-27,14.2913818359375
2009-12-28,17.053085327148438
2009-12-29,6.342195510864258
2009-12-30,5.204030990600586
2009-12-31,0.0
2010-01-01,0.043288301676511765
2010-01-02,12.471820831298828
2010-01-03,1.8799843788146973
2010-01-04,0.47684380412101746
2010-01-05,0.0
2010-01-06,7.895535945892334
2010-01-07,2.1643192768096924
2010-01-08,0.0
2010-01-09,0.00023224604956340045
2010-01-10,0.22098176181316376
2010-01-11,1.8923866748809814
2010-01-12,13.813769340515137
2010-01-13,7.499833106994629
2010-01-14,0.0
2010-01-15,0.0
2010-01-16,0.0
2010-01-17,0.7215780019760132
2010-01-18,0.40835312008857727
2010-01-19,9.402685165405273
2010-01-20,3.254298448562622
2010-01-21,0.08794113993644714
2010-01-22,0.0
2010-01-23,2.4804606437683105
2010-01-24,0.7572036981582642
2010-01-25,0.6108071804046631
2010-01-26,0.797022819519043
2010-01-27,1.1986902952194214
2010-01-28,0.0
2010-01-29,2.920031785964966
2010-01-30,0.01142945233732462
2010-01-31,4.926596641540527
2010-02-01,1.4723130464553833
2010-02-02,8.949193000793457
2010-02-03,0.6477336883544922
2010-02-04,8.248459815979004
2010-02-05,16.530261993408203
2010-02-06,1.3963985443115234
2010-02-07,1.0686748027801514
2010-02-08,13.674826622009277
2010-02-09,17.48192024230957
2010-02-10,3.1927692890167236
2010-02-11,12.110344886779785
2010-02-12,0.9015939831733704
2010-02-13,9.866437911987305
2010-02-14,0.06400413066148758
2010-02-15,0.0
2010-02-16,1.702014446258545
2010-02-17,33.92744827270508
2010-02-18,0.00598825654014945
2010-02-19,0.0006649521528743207
2010-02-20,0.0
2010-02-21,38.69800567626953
2010-02-22,0.021272459998726845
2010-02-23,0.006491505075246096
2010-02-24,5.216725826263428
2010-02-25,6.942249774932861
2010-02-26,0.0
2010-02-27,0.0
2010-02-28,0.0
2010-03-01,0.13107706606388092
2010-03-02,0.0
2010-03-03,0.0
2010-03-04,2.308626651763916
2010-03-05,16.509342193603516
2010-03-06,0.0
2010-03-07,0.0
2010-03-08,0.0
2010-03-09,0.0
2010-03-10,6.518089771270752
2010-03-11,0.0
2010-03-12,0.0
2010-03-13,1.0406904220581055
2010-03-14,0.0
2010-03-15,1.1103951930999756
2010-03-16,2.3231937885284424
2010-03-17,0.0
2010-03-18,0.0
2010-03-19,0.12278687953948975
2010-03-20,0.23637107014656067
2010-03-21,0.31354936957359314
2010-03-22,0.0
2010-03-23,8.538369178771973
2010-03-24,0.0018967045471072197
2010-03-25,0.0
2010-03-26,0.0
2010-03-27,0.0
2010-03-28,0.0
2010-03-29,0.0
2010-03-30,0.0
2010-03-31,0.0
2010-04-01,0.0
2010-04-02,0.0
2010-04-03,0.0
2010-04-04,0.0
2010-04-05,0.0
2010-04-06,0.0
2010-04-07,0.0
2010-04-08,0.0
2010-04-09,0.0
2010-04-10,0.0
2010-04-11,0.0
2010-04-12,0.0
2010-04-13,0.0
2010-04-14,0.0
2010-04-15,0.0
2010-04-16,0.0
2010-04-17,0.5302219390869141
2010-04-18,0.7539047002792358
2010-04-19,1.2169378995895386
2010-04-20,3.2312610149383545
2010-04-21,11.251708984375
2010-04-22,2.622258424758911
2010-04-23,0.33832550048828125
2010-04-24,0.05425838381052017
2010-04-25,0.0
2010-04-26,0.0
2010-04-27,0.0
2010-04-28,0.0
2010-04-29,0.0
2010-04-30,0.0
2010-05-01,0.0
2010-05-02,0.0
2010-05-03,0.0
2010-05-04,0.0
2010-05-05,0.0
2010-05-06,0.0
2010-05-07,0.0
2010-05-08,0.0
2010-05-09,0.0
2010-05-10,0.0
2010-05-11,0.0
2010-05-12,0.0
2010-05-13,0.0
2010-05-14,0.0
2010-05-15,0.0
2010-05-16,0.0
2010-05-17,0.0
2010-05-18,0.0
2010-05-19,0.0
2010-05-20,0.0
2010-05-21,0.0
2010-05-22,0.0
2010-05-23,0.0
2010-05-24,0.0
2010-05-25,0.0
2010-05-26,0.0
2010-05-27,0.0
2010-05-28,0.0
2010-05-29,0.0
2010-05-30,0.0
2010-05-31,0.0
2010-06-01,0.0
2010-06-02,0.0
2010-06-03,0.0
2010-06-04,0.0
2010-06-05,0.0
2010-06-06,4.839247226715088
2010-06-07,0.302452951669693
2010-06-08,0.302452951669693
2010-06-09,0.302452951669693
2010-06-10,0.302452951669693
2010-06-11,0.0
2010-06-12,0.0
2010-06-13,0.0
2010-06-14,0.0
2010-06-15,0.0
2010-06-16,0.0
2010-06-17,0.0
2010-06-18,0.0
2010-06-19,0.0
2010-06-20,0.0
2010-06-21,0.0
2010-06-22,0.0
2010-06-23,0.0
2010-06-24,0.0
2010-06-25,0.0
2010-06-26,0.0
2010-06-27,0.0
2010-06-28,0.0
2010-06-29,0.0
2010-06-30,0.0
2010-07-01,0.0
2010-07-02,0.0
2010-07-03,0.0
2010-07-04,0.0
2010-07-05,0.0
2010-07-06,0.0
2010-07-07,0.0
2010-07-08,0.0
2010-07-09,0.0
2010-07-10,0.0
2010-07-11,0.0
2010-07-12,0.0
2010-07-13,0.0
2010-07-14,0.0
2010-07-15,0.0
2010-07-16,0.0
2010-07-17,0.0
2010-07-18,0.0
2010-07-19,0.0
2010-07-20,0.0
2010-07-21,0.0
2010-07-22,0.0
2010-07-23,0.0
2010-07-24,0.0
2010-07-25,0.0
2010-07-26,0.0
2010-07-27,0.0
2010-07-28,0.0
2010-07-29,0.0
2010-07-30,0.0
2010-07-31,0.0
2010-08-01,0.0
2010-08-02,0.3999198079109192
2010-08-03,0.0
2010-08-04,8.743897438049316
2010-08-05,0.04175204038619995
2010-08-06,0.0
2010-08-07,0.0
2010-08-08,0.0
2010-08-09,0.0
2010-08-10,0.0
2010-08-11,0.0
2010-08-12,8.383423805236816
2010-08-13,0.0
2010-08-14,0.0
2010-08-15,0.0
2010-08-16,0.01953837275505066
2010-08-17,0.01953837275505066
2010-08-18,0.01953837275505066
2010-08-19,0.01953837275505066
2010-08-20,0.01953837275505066
2010-08-21,0.0
2010-08-22,0.0
2010-08-23,0.0
2010-08-24,0.0
2010-08-25,0.0
2010-08-26,0.0
2010-08-27,0.0
2010-08-28,0.0
2010-08-29,3.2041983604431152
2010-08-30,0.8787391185760498
2010-08-31,0.0
2010-09-01,0.0
2010-09-02,0.0
2010-09-03,0.0
2010-09-04,0.0
2010-09-05,0.0
2010-09-06,0.0
2010-09-07,0.0
2010-09-08,0.0
2010-09-09,0.0
2010-09-10,0.0
2010-09-11,0.0
2010-09-12,0.0
2010-09-13,0.0
2010-09-14,0.0
2010-09-15,0.0
2010-09-16,0.0
2010-09-17,0.0
2010-09-18,0.0
2010-09-19,0.0
2010-09-20,0.0
2010-09-21,0.0
2010-09-22,0.0
2010-09-23,0.0
2010-09-24,0.0
2010-09-25,0.0
2010-09-26,0.0
2010-09-27,0.0
2010-09-28,0.0
2010-09-29,0.0
2010-09-30,0.0
2010-10-01,0.0
2010-10-02,0.0
2010-10-03,0.0
2010-10-04,0.0
2010-10-05,0.0
2010-10-06,0.0
2010-10-07,0.0
2010-10-08,0.0
2010-10-09,0.0
2010-10-10,0.0
2010-10-11,0.0
2010-10-12,2.1963486671447754
2010-10-13,7.278076171875
2010-10-14,0.0
2010-10-15,0.1273019164800644
2010-10-16,0.8237767219543457
2010-10-17,0.10041997581720352
2010-10-18,0.001116491504944861
2010-10-19,0.0
2010-10-20,0.9244902729988098
2010-10-21,6.785577297210693
2010-10-22,2.546429395675659
2010-10-23,2.320884943008423
2010-10-24,0.0637856274843216
2010-10-25,0.0
2010-10-26,0.0
2010-10-27,0.0
2010-10-28,0.0
2010-10-29,0.0
2010-10-30,0.0
2010-10-31,0.0
2010-11-01,0.0
2010-11-02,0.0
2010-11-03,0.0
2010-11-04,0.0
2010-11-05,0.0
2010-11-06,0.0
2010-11-07,0.0
2010-11-08,0.0
2010-11-09,0.0
2010-11-10,0.0
2010-11-11,0.0
2010-11-12,0.0
2010-11-13,0.0
2010-11-14,0.0
2010-11-15,0.0
2010-11-16,0.0
2010-11-17,0.0
2010-11-18,0.0
2010-11-19,0.0
2010-11-20,0.0
2010-11-21,4.038750171661377
2010-11-22,4.683424949645996
2010-11-23,0.02698114700615406
2010-11-24,0.0
2010-11-25,0.011630946770310402
2010-11-26,0.0
2010-11-27,0.719135046005249
2010-11-28,18.666057586669922
2010-11-29,5.102237701416016
2010-11-30,1.5820075273513794
2010-12-01,0.0
2010-12-02,16.51727294921875
2010-12-03,0.040635447949171066
2010-12-04,0.3047856390476227
2010-12-05,2.422248363494873
2010-12-06,4.558383464813232
2010-12-07,0.0
2010-12-08,1.175516963005066
2010-12-09,0.0
2010-12-10,0.0
2010-12-11,0.0
2010-12-12,13.521072387695312
2010-12-13,0.14008991420269012
2010-12-14,0.0
2010-12-15,0.0
2010-12-16,0.0
2010-12-17,0.0
2010-12-18,0.0
2010-12-19,0.0
2010-12-20,2.133152484893799
2010-12-21,16.488203048706055
2010-12-22,4.146297931671143
2010-12-23,3.2393150329589844
2010-12-24,11.093328475952148
2010-12-25,1.0375901460647583
2010-12-26,1.8633778095245361
2010-12-27,17.08871841430664
2010-12-28,0.48922914266586304
2010-12-29,12.935303688049316
2010-12-30,1.0257279872894287
2010-12-31,23.99976921081543
2011-01-01,0.0
2011-01-02,0.0
2011-01-03,0.0
2011-01-04,0.0
2011-01-05,0.0
2011-01-06,15.32159423828125
2011-01-07,0.0
2011-01-08,0.0
2011-01-09,0.0
2011-01-10,1.4241739511489868
2011-01-11,2.496260166168213
2011-01-12,2.5416100025177
2011-01-13,2.4830734729766846
2011-01-14,2.9217441082000732
2011-01-15,3.3957223892211914
2011-01-16,0.0
2011-01-17,6.026647090911865
2011-01-18,5.86366605758667
2011-01-19,0.06760817021131516
2011-01-20,2.3724448680877686
2011-01-21,0.01712271384894848
2011-01-22,0.0
2011-01-23,1.043683409690857
2011-01-24,0.14063839614391327
2011-01-25,0.0
2011-01-26,0.0
2011-01-27,0.0
2011-01-28,0.0
2011-01-29,0.0
2011-01-30,0.0
2011-01-31,0.0
2011-02-01,14.231844902038574
2011-02-02,0.6403248310089111
2011-02-03,0.17306211590766907
2011-02-04,30.947509765625
2011-02-05,0.7553989291191101
2011-02-06,9.12700080871582
2011-02-07,7.519850254058838
2011-02-08,51.59943389892578
2011-02-09,3.380633592605591
2011-02-10,0.07999036461114883
2011-02-11,0.0
2011-02-12,0.0
2011-02-13,0.0
2011-02-14,0.0
2011-02-15,0.0
2011-02-16,0.00571033637970686
2011-02-17,0.0
2011-02-18,0.2896635830402374
2011-02-19,19.880062103271484
2011-02-20,0.0
2011-02-21,0.12038032710552216
2011-02-22,0.20889991521835327
2011-02-23,6.303282260894775
2011-02-24,4.539273738861084
2011-02-25,15.13084602355957
2011-02-26,0.0
2011-02-27,0.0
2011-02-28,0.0
2011-03-01,0.0
2011-03-02,0.0
2011-03-03,0.0
2011-03-04,0.0
2011-03-05,0.0
2011-03-06,0.0
2011-03-07,0.0
2011-03-08,0.0
2011-03-09,0.0
2011-03-10,0.0
2011-03-11,0.0
2011-03-12,0.0
2011-03-13,0.0
2011-03-14,0.0
2011-03-15,0.0
2011-03-16,0.0
2011-03-17,0.0
2011-03-18,17.109161376953125
2011-03-19,6.603400707244873
2011-03-20,0.0
2011-03-21,0.0
2011-03-22,0.0
2011-03-23,0.0
2011-03-24,0.0
2011-03-25,0.0
2011-03-26,1.1989946365356445
2011-03-27,27.63498878479004
2011-03-28,0.1574803590774536
2011-03-29,0.9536899924278259
2011-03-30,0.0
2011-03-31,0.0
2011-04-01,0.0
2011-04-02,0.0
2011-04-03,0.0
2011-04-04,0.0
2011-04-05,0.0
2011-04-06,0.02637433260679245
2011-04-07,0.0
2011-04-08,2.1130783557891846
2011-04-09,0.167405366897583
2011-04-10,1.1218053102493286
2011-04-11,0.0
2011-04-12,0.0
2011-04-13,0.0
2011-04-14,0.0
2011-04-15,0.0
2011-04-16,0.006061384454369545
2011-04-17,0.7130460143089294
2011-04-18,0.0
2011-04-19,0.00043485633796080947
2011-04-20,0.0
2011-04-21,0.0
2011-04-22,0.0
2011-04-23,0.0
2011-04-24,0.0
2011-04-25,0.0
2011-04-26,0.0
2011-04-27,0.0
2011-04-28,0.0
2011-04-29,0.0
2011-04-30,0.0
2011-05-01,0.0
2011-05-02,0.0
2011-05-03,0.0
2011-05-04,0.0
2011-05-05,0.0
2011-05-06,0.0
2011-05-07,0.0
2011-05-08,0.0
2011-05-09,0.0
2011-05-10,0.0
2011-05-11,1.8378808498382568
2011-05-12,0.12279099971055984
2011-05-13,0.0
2011-05-14,0.0
2011-05-15,0.004322795197367668
2011-05-16,0.0
2011-05-17,0.0
2011-05-18,0.0
2011-05-19,0.0
2011-05-20,0.0
2011-05-21,0.0
2011-05-22,0.0
2011-05-23,0.0
2011-05-24,0.0
2011-05-25,0.0
2011-05-26,0.0
2011-05-27,0.0
2011-05-28,0.0
2011-05-29,0.0
2011-05-30,0.0
2011-05-31,0.0
2011-06-01,0.0
2011-06-02,0.0
2011-06-03,0.0
2011-06-04,0.0
2011-06-05,0.0
2011-06-06,0.0
2011-06-07,0.0
2011-06-08,0.0
2011-06-09,0.0
2011-06-10,0.0
2011-06-11,0.0
2011-06-12,0.0
2011-06-13,0.0
2011-06-14,0.0
2011-06-15,0.0
2011-06-16,0.0
2011-06-17,0.0
2011-06-18,0.0
2011-06-19,0.0
2011-06-20,0.0
2011-06-21,0.0
2011-06-22,0.0
2011-06-23,0.0
2011-06-24,0.0
2011-06-25,0.0
2011-06-26,0.0
2011-06-27,0.0
2011-06-28,0.0
2011-06-29,0.0
2011-06-30,0.0
2011-07-01,0.0
2011-07-02,0.0
2011-07-03,0.0
2011-07-04,0.0
2011-07-05,0.0
2011-07-06,0.0
2011-07-07,0.0
2011-07-08,0.0
2011-07-09,0.0
2011-07-10,0.0
2011-07-11,0.0
2011-07-12,0.0
2011-07-13,0.0
2011-07-14,0.0
2011-07-15,0.0
2011-07-16,0.0
2011-07-17,0.0
2011-07-18,0.0
2011-07-19,0.0
2011-07-20,0.0
2011-07-21,0.4362654685974121
2011-07-22,1.275551199913025
2011-07-23,0.0
2011-07-24,0.0
2011-07-25,0.0
2011-07-26,0.0
2011-07-27,0.0
2011-07-28,0.0
2011-07-29,0.0
2011-07-30,0.0
2011-07-31,0.0
2011-08-01,3.1591861248016357
2011-08-02,0.0
2011-08-03,0.0
2011-08-04,0.0
2011-08-05,0.3562468886375427
2011-08-06,0.0
2011-08-07,0.004778432194143534
2011-08-08,1.7191373109817505
2011-08-09,0.1683434396982193
2011-08-10,0.0
2011-08-11,0.0
2011-08-12,0.0
2011-08-13,0.0
2011-08-14,0.0
2011-08-15,0.0
2011-08-16,0.35565605759620667
2011-08-17,0.47581014037132263
2011-08-18,0.35565605759620667
2011-08-19,0.35565605759620667
2011-08-20,2.013782262802124
2011-08-21,0.0
2011-08-22,0.0
2011-08-23,0.0
2011-08-24,0.0
2011-08-25,0.0
2011-08-26,0.0
2011-08-27,0.0
2011-08-28,0.0
2011-08-29,0.0
2011-08-30,0.0
2011-08-31,0.0
2011-09-01,0.0
2011-09-02,0.0
2011-09-03,0.0
2011-09-04,0.0
2011-09-05,0.0
2011-09-06,0.7010940909385681
2011-09-07,0.7010940909385681
2011-09-08,0.8022134304046631
2011-09-09,4.0717387199401855
2011-09-10,0.7348004579544067
2011-09-11,0.07193801552057266
2011-09-12,0.07193801552057266
2011-09-13,0.07193801552057266
2011-09-14,0.07227607071399689
2011-09-15,0.43129006028175354
2011-09-16,1.2696726322174072
2011-09-17,0.06262598931789398
2011-09-18,2.531733989715576
2011-09-19,0.07352922856807709
2011-09-20,0.0
2011-09-21,0.0
2011-09-22,0.1410055011510849
2011-09-23,0.5043415427207947
2011-09-24,0.0
2011-09-25,0.0
2011-09-26,0.0
2011-09-27,0.0
2011-09-28,0.0
2011-09-29,0.0
2011-09-30,0.0
2011-10-01,0.08538089692592621
2011-10-02,0.9591920375823975
2011-10-03,0.2264784723520279
2011-10-04,0.02833373099565506
2011-10-05,0.20064520835876465
2011-10-06,0.0
2011-10-07,0.6621243953704834
2011-10-08,0.15489667654037476
2011-10-09,1.970436930656433
2011-10-10,0.8847264647483826
2011-10-11,2.196176052093506
2011-10-12,0.4560043215751648
2011-10-13,0.0
2011-10-14,3.6525421142578125
2011-10-15,0.007654969580471516
2011-10-16,1.4003360271453857
2011-10-17,0.2818140983581543
2011-10-18,0.0
2011-10-19,0.028671955689787865
2011-10-20,0.9092060327529907
2011-10-21,0.0
2011-10-22,0.0
2011-10-23,0.0
2011-10-24,0.0
2011-10-25,0.0
2011-10-26,0.007178559899330139
2011-10-27,0.05966271832585335
2011-10-28,0.12088725715875626
2011-10-29,8.145787239074707
2011-10-30,0.03049476258456707
2011-10-31,0.0
2011-11-01,0.0
2011-11-02,0.0
2011-11-03,0.9613522291183472
2011-11-04,0.5816213488578796
2011-11-05,0.005496221128851175
2011-11-06,5.6643757820129395
2011-11-07,0.0
2011-11-08,0.0
2011-11-09,1.098439335823059
2011-11-10,2.700662136077881
2011-11-11,5.8546857833862305
2011-11-12,0.0
2011-11-13,3.542034149169922
2011-11-14,1.6989787817001343
2011-11-15,0.0
2011-11-16,0.0
2011-11-17,0.0
2011-11-18,8.8176908493042
2011-11-19,6.412270545959473
2011-11-20,1.812060832977295
2011-11-21,3.5429329872131348
2011-11-22,0.09638398885726929
2011-11-23,0.0
2011-11-24,0.0
2011-11-25,0.0
2011-11-26,0.7276686429977417
2011-11-27,0.0
2011-11-28,0.0
2011-11-29,6.8462910652160645
2011-11-30,1.9342437982559204
2011-12-01,4.753013610839844
2011-12-02,0.0
2011-12-03,0.0
2011-12-04,3.0261003971099854
2011-12-05,1.0106420516967773
2011-12-06,1.4020373821258545
2011-12-07,0.4524764120578766
2011-12-08,7.2460174560546875
2011-12-09,0.17335589230060577
2011-12-10,0.22749063372612
2011-12-11,0.012538185343146324
2011-12-12,30.014482498168945
2011-12-13,37.88481521606445
2011-12-14,0.0
2011-12-15,0.09528225660324097
2011-12-16,0.33517035841941833
2011-12-17,0.010420499369502068
2011-12-18,0.003102656453847885
2011-12-19,0.0
2011-12-20,0.06283152103424072
2011-12-21,0.5379924774169922
2011-12-22,0.0509893074631691
2011-12-23,0.0509893074631691
2011-12-24,0.0509893074631691
2011-12-25,0.32882580161094666
2011-12-26,0.0
2011-12-27,0.0
2011-12-28,2.238776445388794
2011-12-29,24.588756561279297
2011-12-30,13.502546310424805
2011-12-31,7.67155647277832
2012-01-01,0.0
2012-01-02,0.0
2012-01-03,0.0
2012-01-04,0.0
2012-01-05,0.0
2012-01-06,5.201645851135254
2012-01-07,12.670071601867676
2012-01-08,0.07437445968389511
2012-01-09,2.306729793548584
2012-01-10,11.210697174072266
2012-01-11,7.5521321296691895
2012-01-12,5.915491580963135
2012-01-13,2.3802969455718994
2012-01-14,1.1226398944854736
2012-01-15,17.55576515197754
2012-01-16,2.0363101959228516
2012-01-17,0.008053317666053772
2012-01-18,1.0522006750106812
2012-01-19,0.09784623980522156
2012-01-20,0.5019639134407043
2012-01-21,0.007448540534824133
2012-01-22,0.04562561959028244
2012-01-23,0.01886151172220707
2012-01-24,20.311330795288086
2012-01-25,21.747800827026367
2012-01-26,0.11473206430673599
2012-01-27,0.0
2012-01-28,0.0
2012-01-29,0.0
2012-01-30,0.08458453416824341
2012-01-31,15.174793243408203
2012-02-01,15.743253707885742
2012-02-02,11.038016319274902
2012-02-03,11.711812973022461
2012-02-04,0.6182066798210144
2012-02-05,0.0
2012-02-06,0.0
2012-02-07,0.0
2012-02-08,0.0
2012-02-09,0.6017538905143738
2012-02-10,2.5136845111846924
2012-02-11,0.06199679896235466
2012-02-12,2.0424604415893555
2012-02-13,5.183795928955078
2012-02-14,1.6829577684402466
2012-02-15,2.06998610496521
2012-02-16,3.7100188732147217
2012-02-17,0.19569283723831177
2012-02-18,0.0
2012-02-19,0.2145686149597168
2012-02-20,21.718955993652344
2012-02-21,25.223039627075195
2012-02-22,11.008332252502441
2012-02-23,0.30627089738845825
2012-02-24,0.03618840500712395
2012-02-25,10.554609298706055
2012-02-26,1.0969887971878052
2012-02-27,5.183434963226318
2012-02-28,0.025265082716941833
2012-02-29,8.487987518310547
2012-03-01,44.086387634277344
2012-03-02,1.8118674755096436
2012-03-03,2.6268696784973145
2012-03-04,4.744143962860107
2012-03-05,0.6919404864311218
2012-03-06,2.806145191192627
2012-03-07,18.98337745666504
2012-03-08,0.3774518668651581
2012-03-09,0.0
2012-03-10,0.0
2012-03-11,0.0
2012-03-12,0.6842607259750366
2012-03-13,10.143048286437988
2012-03-14,6.8412604331970215
2012-03-15,0.0
2012-03-16,0.0
2012-03-17,0.0
2012-03-18,0.0
2012-03-19,0.0
2012-03-20,0.0
2012-03-21,0.0
2012-03-22,5.577343940734863
2012-03-23,12.733970642089844
2012-03-24,0.6401939392089844
2012-03-25,0.0
2012-03-26,3.697704315185547
2012-03-27,12.417884826660156
2012-03-28,0.8073347210884094
2012-03-29,2.421302318572998
2012-03-30,0.1292486935853958
2012-03-31,0.08894110471010208
2012-04-01,2.5242695808410645
2012-04-02,2.4546244144439697
2012-04-03,0.015974458307027817
2012-04-04,5.030724048614502
2012-04-05,0.19805967807769775
2012-04-06,0.4520871937274933
2012-04-07,0.031066494062542915
2012-04-08,0.042373187839984894
2012-04-09,10.01297378540039
2012-04-10,6.87563419342041
2012-04-11,10.953670501708984
2012-04-12,1.9039973020553589
2012-04-13,6.907717704772949
2012-04-14,3.204533815383911
2012-04-15,1.5048093795776367
2012-04-16,0.0
2012-04-17,0.0
2012-04-18,0.0
2012-04-19,5.531429767608643
2012-04-20,5.1644792556762695
2012-04-21,19.6472225189209
2012-04-22,0.0
2012-04-23,0.0
2012-04-24,0.369281530380249
2012-04-25,1.0170146226882935
2012-04-26,4.2977447509765625
2012-04-27,0.393517404794693
2012-04-28,2.3920507431030273
2012-04-29,0.393517404794693
2012-04-30,0.393517404794693
2012-05-01,0.0
2012-05-02,0.0
2012-05-03,0.0
2012-05-04,0.0
2012-05-05,0.0
2012-05-06,0.0
2012-05-07,0.0
2012-05-08,0.0
2012-05-09,0.0
2012-05-10,0.0
2012-05-11,0.0
2012-05-12,0.0
2012-05-13,0.0
2012-05-14,0.0
2012-05-15,0.0
2012-05-16,0.0
2012-05-17,0.0
2012-05-18,0.0
2012-05-19,0.0
2012-05-20,0.0
2012-05-21,0.0
2012-05-22,0.0
2012-05-23,0.0
2012-05-24,0.0
2012-05-25,0.0
2012-05-26,0.0
2012-05-27,0.0
2012-05-28,0.0
2012-05-29,0.0
2012-05-30,0.0
2012-05-31,0.0
2012-06-01,0.0
2012-06-02,0.0
2012-06-03,0.0
2012-06-04,0.0
2012-06-05,0.0
2012-06-06,0.0
2012-06-07,0.0
2012-06-08,0.0
2012-06-09,0.0
2012-06-10,0.0
2012-06-11,0.0
2012-06-12,0.0
2012-06-13,0.0
2012-06-14,0.0
2012-06-15,0.0
2012-06-16,0.0
2012-06-17,0.0
2012-06-18,0.0
2012-06-19,0.0
2012-06-20,0.0
2012-06-21,0.0
2012-06-22,0.0
2012-06-23,0.0
2012-06-24,0.0
2012-06-25,0.0
2012-06-26,0.0
2012-06-27,0.0
2012-06-28,0.0
2012-06-29,0.0
2012-06-30,0.0
2012-07-01,0.0
2012-07-02,0.0
2012-07-03,0.0
2012-07-04,0.0
2012-07-05,0.0
2012-07-06,0.0
2012-07-07,0.0
2012-07-08,0.0
2012-07-09,0.0
2012-07-10,0.0
2012-07-11,0.0
2012-07-12,0.0
2012-07-13,0.0
2012-07-14,0.0
2012-07-15,0.0
2012-07-16,0.0
2012-07-17,0.0
2012-07-18,0.0
2012-07-19,0.0
2012-07-20,0.0
2012-07-21,0.0
2012-07-22,0.0
2012-07-23,0.0
2012-07-24,0.0
2012-07-25,0.0
2012-07-26,0.0
2012-07-27,0.0
2012-07-28,0.0
2012-07-29,0.0
2012-07-30,0.0
2012-07-31,0.0
2012-08-01,0.0
2012-08-02,0.0
2012-08-03,0.0
2012-08-04,0.0
2012-08-05,0.0
2012-08-06,0.0
2012-08-07,0.0
2012-08-08,0.0
2012-08-09,0.0
2012-08-10,0.0
2012-08-11,0.0
2012-08-12,0.0
2012-08-13,0.0
2012-08-14,0.0
2012-08-15,0.0
2012-08-16,0.0
2012-08-17,0.0
2012-08-18,0.0
2012-08-19,0.8706508874893188
2012-08-20,1.285324215888977
2012-08-21,0.0
2012-08-22,0.0
2012-08-23,0.0
2012-08-24,0.0
2012-08-25,0.0
2012-08-26,0.0
2012-08-27,0.0
2012-08-28,0.0
2012-08-29,0.0
2012-08-30,0.0
2012-08-31,0.0
2012-09-01,0.0
2012-09-02,0.0
2012-09-03,0.0
2012-09-04,0.0
2012-09-05,0.0
2012-09-06,0.5427466034889221
2012-09-07,0.5427466034889221
2012-09-08,0.5427466034889221
2012-09-09,1.8996131420135498
2012-09-10,1.8996130228042603
2012-09-11,3.283367395401001
2012-09-12,0.0
2012-09-13,0.683134913444519
2012-09-14,0.0
2012-09-15,0.5877300500869751
2012-09-16,2.1261916160583496
2012-09-17,1.8196972608566284
2012-09-18,0.0
2012-09-19,0.0
2012-09-20,3.055083751678467
2012-09-21,0.613612174987793
2012-09-22,0.613612174987793
2012-09-23,0.613612174987793
2012-09-24,1.6362991333007812
2012-09-25,0.613612174987793
2012-09-26,0.0
2012-09-27,0.20334596931934357
2012-09-28,4.507038593292236
2012-09-29,0.0
2012-09-30,0.6329988837242126
2012-10-01,1.487686038017273
2012-10-02,3.632204532623291
2012-10-03,0.0
2012-10-04,0.020060991868376732
2012-10-05,3.1869332790374756
2012-10-06,3.329474687576294
2012-10-07,0.002592369681224227
2012-10-08,2.1174004077911377
2012-10-09,9.094300270080566
2012-10-10,0.4090211093425751
2012-10-11,0.0
2012-10-12,0.0
2012-10-13,0.0
2012-10-14,0.0
2012-10-15,0.0
2012-10-16,0.5366014242172241
2012-10-17,0.0
2012-10-18,0.0011462648399174213
2012-10-19,0.6996217370033264
2012-10-20,0.20757916569709778
2012-10-21,5.2036261558532715
2012-10-22,0.016353318467736244
2012-10-23,0.0
2012-10-24,0.0
2012-10-25,0.014688174240291119
2012-10-26,0.22113515436649323
2012-10-27,0.011089970357716084
2012-10-28,0.0
2012-10-29,0.01655721664428711
2012-10-30,7.156256675720215
2012-10-31,5.087380886077881
2012-11-01,3.9383208751678467
2012-11-02,7.759248733520508
2012-11-03,0.0
2012-11-04,1.251747965812683
2012-11-05,17.20269203186035
2012-11-06,4.777592182159424
2012-11-07,3.3424723148345947
2012-11-08,0.061124078929424286
2012-11-09,1.583509922027588
2012-11-10,1.6946024894714355
2012-11-11,0.163914754986763
2012-11-12,0.163914754986763
2012-11-13,0.16655004024505615
2012-11-14,0.163914754986763
2012-11-15,2.6200006008148193
2012-11-16,0.12094277143478394
2012-11-17,0.03503632918000221
2012-11-18,1.526900291442871
2012-11-19,25.71442222595215
2012-11-20,0.7427086234092712
2012-11-21,0.0
2012-11-22,2.0663082599639893
2012-11-23,7.5391645431518555
2012-11-24,0.7543526887893677
2012-11-25,0.0
2012-11-26,0.0333879217505455
2012-11-27,0.0
2012-11-28,15.518710136413574
2012-11-29,0.7710835337638855
2012-11-30,3.0921950340270996
2012-12-01,6.725582599639893
2012-12-02,0.07877571135759354
2012-12-03,0.013899446465075016
2012-12-04,0.013320302590727806
2012-12-05,0.0
2012-12-06,0.0
2012-12-07,19.741411209106445
2012-12-08,14.233359336853027
2012-12-09,0.06336111575365067
2012-12-10,0.0
2012-12-11,11.876180648803711
2012-12-12,0.1853737086057663
2012-12-13,19.954452514648438
2012-12-14,0.5683512687683105
2012-12-15,0.0
2012-12-16,0.0
2012-12-17,0.0
2012-12-18,0.000488846271764487
2012-12-19,9.508586883544922
2012-12-20,8.762039184570312
2012-12-21,18.99334716796875
2012-12-22,1.022475242614746
2012-12-23,0.0
2012-12-24,0.0
2012-12-25,0.14306209981441498
2012-12-26,18.208919525146484
2012-12-27,0.0
2012-12-28,0.08351968973875046
2012-12-29,0.2669335603713989
2012-12-30,0.2775194048881531
2012-12-31,2.012418746948242
2013-01-01,4.845251083374023
2013-01-02,1.316603422164917
2013-01-03,0.0
2013-01-04,0.09229020029306412
2013-01-05,0.0
2013-01-06,6.945298194885254
2013-01-07,21.880876541137695
2013-01-08,1.7975472211837769
2013-01-09,2.6621153354644775
2013-01-10,1.10677969455719
2013-01-11,0.0
2013-01-12,0.0
2013-01-13,0.0
2013-01-14,0.0
2013-01-15,0.0
2013-01-16,11.83278751373291
2013-01-17,6.368981838226318
2013-01-18,7.909111022949219
2013-01-19,8.395212173461914
2013-01-20,11.153434753417969
2013-01-21,0.28278693556785583
2013-01-22,0.19667048752307892
2013-01-23,3.4518089294433594
2013-01-24,13.935628890991211
2013-01-25,0.7613718509674072
2013-01-26,2.4280073642730713
2013-01-27,0.006541766691952944
2013-01-28,0.0
2013-01-29,0.0
2013-01-30,0.006464547477662563
2013-01-31,0.0
2013-02-01,0.0045778765343129635
2013-02-02,8.202590942382812
2013-02-03,11.684024810791016
2013-02-04,0.0
2013-02-05,0.5151559710502625
2013-02-06,2.886782646179199
2013-02-07,2.2884674072265625
2013-02-08,1.0997501611709595
2013-02-09,0.26135456562042236
2013-02-10,1.5593596696853638
2013-02-11,4.7785234451293945
2013-02-12,2.910517930984497
2013-02-13,11.315567970275879
2013-02-14,3.981435775756836
2013-02-15,1.624646782875061
2013-02-16,6.917891979217529
2013-02-17,27.147613525390625
2013-02-18,6.228743076324463
2013-02-19,0.0058270785957574844
2013-02-20,0.0
2013-02-21,0.0
2013-02-22,0.0
2013-02-23,0.0
2013-02-24,0.0
2013-02-25,0.0
2013-02-26,3.065962076187134
2013-02-27,0.0
2013-02-28,0.6503555774688721
2013-03-01,0.3087518513202667
2013-03-02,0.9585206508636475
2013-03-03,2.0217537879943848
2013-03-04,0.0
2013-03-05,2.9315109252929688
2013-03-06,0.23963499069213867
2013-03-07,0.0
2013-03-08,0.0
2013-03-09,12.884210586547852
2013-03-10,0.9167648553848267
2013-03-11,6.367534637451172
2013-03-12,0.36230820417404175
2013-03-13,12.143950462341309
2013-03-14,0.33644017577171326
2013-03-15,0.03908529877662659
2013-03-16,0.32809850573539734
2013-03-17,0.32809850573539734
2013-03-18,0.32809850573539734
2013-03-19,0.32809850573539734
2013-03-20,0.32809850573539734
2013-03-21,0.0
2013-03-22,0.0
2013-03-23,0.0
2013-03-24,0.0
2013-03-25,0.0
2013-03-26,0.0
2013-03-27,0.0
2013-03-28,0.0
2013-03-29,0.0
2013-03-30,0.0
2013-03-31,0.0
2013-04-01,0.0
2013-04-02,0.0
2013-04-03,7.698519706726074
2013-04-04,0.0
2013-04-05,0.0
2013-04-06,0.33804917335510254
2013-04-07,0.9819873571395874
2013-04-08,0.0
2013-04-09,0.0
2013-04-10,0.0
2013-04-11,0.0
2013-04-12,0.5202572345733643
2013-04-13,0.088723324239254
2013-04-14,0.0
2013-04-15,0.0
2013-04-16,0.0
2013-04-17,0.0
2013-04-18,0.0
2013-04-19,0.0
2013-04-20,0.0
2013-04-21,0.0
2013-04-22,0.0
2013-04-23,0.0
2013-04-24,0.0
2013-04-25,0.0
2013-04-26,0.0
2013-04-27,0.0
2013-04-28,0.0
2013-04-29,0.0
2013-04-30,0.0
2013-05-01,0.0
2013-05-02,0.0
2013-05-03,0.7361429333686829
2013-05-04,6.023536205291748
2013-05-05,0.1329890489578247
2013-05-06,0.0
2013-05-07,0.0
2013-05-08,0.0
2013-05-09,0.0
2013-05-10,0.0
2013-05-11,0.0
2013-05-12,0.0
2013-05-13,0.0
2013-05-14,0.0
2013-05-15,0.0
2013-05-16,0.0
2013-05-17,0.0
2013-05-18,0.0
2013-05-19,0.0
2013-05-20,0.0
2013-05-21,0.0
2013-05-22,1.7605788707733154
2013-05-23,1.3833119869232178
2013-05-24,3.8984248638153076
2013-05-25,0.0
2013-05-26,3.4802751541137695
2013-05-27,0.31651178002357483
2013-05-28,0.4094044268131256
2013-05-29,0.0
2013-05-30,0.0
2013-05-31,0.0
2013-06-01,0.0
2013-06-02,0.0
2013-06-03,0.0
2013-06-04,0.0
2013-06-05,0.0
2013-06-06,0.0
2013-06-07,0.0
2013-06-08,0.0
2013-06-09,0.0
2013-06-10,0.0
2013-06-11,0.0
2013-06-12,0.0
2013-06-13,0.0
2013-06-14,0.0
2013-06-15,0.0
2013-06-16,0.9760619401931763
2013-06-17,0.9760619401931763
2013-06-18,0.9760619401931763
2013-06-19,0.9760619401931763
2013-06-20,0.9760619401931763
2013-06-21,0.0
2013-06-22,0.00947696901857853
2013-06-23,0.0012171257985755801
2013-06-24,6.3767828941345215
2013-06-25,0.0
2013-06-26,0.0
2013-06-27,0.0
2013-06-28,0.0
2013-06-29,0.0
2013-06-30,0.0
2013-07-01,0.0
2013-07-02,0.0
2013-07-03,0.0
2013-07-04,0.0
2013-07-05,0.0
2013-07-06,0.0
2013-07-07,3.935260772705078
2013-07-08,0.041582800447940826
2013-07-09,0.0
2013-07-10,0.0
2013-07-11,0.0
2013-07-12,0.0
2013-07-13,0.0
2013-07-14,0.0
2013-07-15,0.0
2013-07-16,0.0
2013-07-17,0.0
2013-07-18,0.0
2013-07-19,0.0
2013-07-20,0.0
2013-07-21,0.0
2013-07-22,0.0
2013-07-23,0.0
2013-07-24,0.0
2013-07-25,0.0
2013-07-26,0.0
2013-07-27,0.0
2013-07-28,0.0
2013-07-29,0.0
2013-07-30,0.0
2013-07-31,0.0
2013-08-01,0.0
2013-08-02,0.0
2013-08-03,0.0
2013-08-04,0.0
2013-08-05,0.0
2013-08-06,0.0
2013-08-07,1.881132960319519
2013-08-08,0.0
2013-08-09,0.0
2013-08-10,1.795193076133728
2013-08-11,0.0
2013-08-12,0.0
2013-08-13,0.0
2013-08-14,0.0
2013-08-15,0.0
2013-08-16,0.011554471217095852
2013-08-17,0.011554471217095852
2013-08-18,0.011554471217095852
2013-08-19,0.011554471217095852
2013-08-20,0.011554471217095852
2013-08-21,0.0
2013-08-22,0.0
2013-08-23,0.0
2013-08-24,0.63325434923172
2013-08-25,0.14753736555576324
2013-08-26,0.0
2013-08-27,0.0
2013-08-28,0.0
2013-08-29,0.0
2013-08-30,0.0
2013-08-31,0.0
2013-09-01,3.647639036178589
2013-09-02,0.0
2013-09-03,0.0
2013-09-04,0.0
2013-09-05,0.0
2013-09-06,0.020136089995503426
2013-09-07,0.0
2013-09-08,5.672365665435791
2013-09-09,6.884390354156494
2013-09-10,0.022418703883886337
2013-09-11,0.0
2013-09-12,0.0
2013-09-13,0.0
2013-09-14,0.0
2013-09-15,0.0
2013-09-16,0.0
2013-09-17,0.0
2013-09-18,0.0
2013-09-19,0.0
2013-09-20,0.0
2013-09-21,0.0
2013-09-22,0.0
2013-09-23,0.0
2013-09-24,0.0
2013-09-25,0.0
2013-09-26,0.4560818374156952
2013-09-27,0.41966167092323303
2013-09-28,4.35366678237915
2013-09-29,0.2884218394756317
2013-09-30,0.015485027804970741
2013-10-01,0.0
2013-10-02,0.0
2013-10-03,0.0
2013-10-04,0.0
2013-10-05,0.0
2013-10-06,1.7300044298171997
2013-10-07,0.0
2013-10-08,0.0
2013-10-09,0.002098310273140669
2013-10-10,7.248666286468506
2013-10-11,0.22561834752559662
2013-10-12,1.3699214458465576
2013-10-13,4.290297031402588
2013-10-14,27.09996223449707
2013-10-15,6.8908610343933105
2013-10-16,0.0
2013-10-17,0.0
2013-10-18,0.0
2013-10-19,0.0
2013-10-20,0.0
2013-10-21,0.0
2013-10-22,0.0
2013-10-23,1.0922914743423462
2013-10-24,10.785106658935547
2013-10-25,0.06793295592069626
2013-10-26,2.245182991027832
2013-10-27,0.0
2013-10-28,0.0
2013-10-29,8.104799270629883
2013-10-30,11.06413459777832
2013-10-31,4.203961372375488
2013-11-01,0.0069981724955141544
2013-11-02,0.1363658905029297
2013-11-03,0.0010851050028577447
2013-11-04,0.0
2013-11-05,0.0
2013-11-06,0.0
2013-11-07,0.0
2013-11-08,0.0
2013-11-09,0.019119130447506905
2013-11-10,2.877429246902466
2013-11-11,2.295177459716797
2013-11-12,0.0
2013-11-13,0.0
2013-11-14,0.0
2013-11-15,1.060497522354126
2013-11-16,0.010098632425069809
2013-11-17,0.7122492790222168
2013-11-18,1.6528033018112183
2013-11-19,19.71111488342285
2013-11-20,0.8780254125595093
2013-11-21,1.0557928085327148
2013-11-22,1.9050819873809814
2013-11-23,10.120932579040527
2013-11-24,0.0
2013-11-25,0.0
2013-11-26,0.0
2013-11-27,0.0
2013-11-28,0.0
2013-11-29,0.0
2013-11-30,0.0
2013-12-01,0.05614893138408661
2013-12-02,0.0
2013-12-03,0.0
2013-12-04,3.3923914432525635
2013-12-05,1.2430155277252197
2013-12-06,2.682184934616089
2013-12-07,1.382891058921814
2013-12-08,0.0
2013-12-09,20.618879318237305
2013-12-10,18.957853317260742
2013-12-11,0.0
2013-12-12,0.03284187987446785
2013-12-13,0.5658156275749207
2013-12-14,16.58753204345703
2013-12-15,21.895648956298828
2013-12-16,0.3955443501472473
2013-12-17,0.012065726332366467
2013-12-18,0.8821321129798889
2013-12-19,0.000995940063148737
2013-12-20,0.0
2013-12-21,0.05085572600364685
2013-12-22,0.5594130158424377
2013-12-23,0.14772377908229828
2013-12-24,0.20826630294322968
2013-12-25,0.05085572600364685
2013-12-26,0.6721904873847961
2013-12-27,9.792645454406738
2013-12-28,0.0
2013-12-29,0.9064515233039856
2013-12-30,11.747199058532715
2013-12-31,0.32286232709884644
2014-01-01,23.418962478637695
2014-01-02,2.658710479736328
2014-01-03,8.794824600219727
2014-01-04,0.5918835401535034
2014-01-05,0.0
2014-01-06,0.0
2014-01-07,2.180138111114502
2014-01-08,0.8496745824813843
2014-01-09,0.1425902247428894
2014-01-10,0.0
2014-01-11,5.671971321105957
2014-01-12,8.505951881408691
2014-01-13,0.0
2014-01-14,1.1369132995605469
2014-01-15,3.150501251220703
2014-01-16,0.0
2014-01-17,0.11337686330080032
2014-01-18,12.408196449279785
2014-01-19,4.207813262939453
2014-01-20,0.0
2014-01-21,0.0
2014-01-22,0.0
2014-01-23,0.0
2014-01-24,11.485313415527344
2014-01-25,0.8790047764778137
2014-01-26,0.009526349604129791
2014-01-27,0.0006748719606548548
2014-01-28,0.0
2014-01-29,0.05854261294007301
2014-01-30,0.03074086643755436
2014-01-31,0.0031014319974929094
2014-02-01,1.3688167333602905
2014-02-02,4.682479381561279
2014-02-03,30.070499420166016
2014-02-04,0.4873291254043579
2014-02-05,1.4047242403030396
2014-02-06,5.182339191436768
2014-02-07,16.746707916259766
2014-02-08,12.08298397064209
2014-02-09,2.7216367721557617
2014-02-10,7.377567768096924
2014-02-11,5.799942493438721
2014-02-12,4.552338123321533
2014-02-13,0.3324488401412964
2014-02-14,0.0024387200828641653
2014-02-15,0.0
2014-02-16,0.046994324773550034
2014-02-17,0.0032113867346197367
2014-02-18,0.0
2014-02-19,0.040848586708307266
2014-02-20,10.634976387023926
2014-02-21,4.377108573913574
2014-02-22,1.6414157152175903
2014-02-23,1.6414157152175903
2014-02-24,1.6414157152175903
2014-02-25,1.6414157152175903
2014-02-26,0.0
2014-02-27,0.0
2014-02-28,0.0
2014-03-01,0.0
2014-03-02,5.844130992889404
2014-03-03,4.066378116607666
2014-03-04,0.0
2014-03-05,0.0003734318888746202
2014-03-06,0.46355345845222473
2014-03-07,20.136802673339844
2014-03-08,0.8555465936660767
2014-03-09,0.0617644302546978
2014-03-10,0.023935113102197647
2014-03-11,0.20499107241630554
2014-03-12,0.0
2014-03-13,0.0
2014-03-14,0.0
2014-03-15,11.766056060791016
2014-03-16,0.0
2014-03-17,8.15567398071289
2014-03-18,11.682373046875
2014-03-19,0.0
2014-03-20,0.0
2014-03-21,0.0
2014-03-22,0.0
2014-03-23,0.0
2014-03-24,0.0
2014-03-25,0.0
2014-03-26,0.12013594806194305
2014-03-27,0.11503365635871887
2014-03-28,8.641496658325195
2014-03-29,0.13961578905582428
2014-03-30,0.0
2014-03-31,1.5039403438568115
2014-04-01,0.0
2014-04-02,0.0
2014-04-03,0.0
2014-04-04,0.0
2014-04-05,0.0
2014-04-06,0.0
2014-04-07,0.0
2014-04-08,0.2893732786178589
2014-04-09,4.032203674316406
2014-04-10,23.708084106445312
2014-04-11,8.295733451843262
2014-04-12,0.0
2014-04-13,0.15347646176815033
2014-04-14,1.598093867301941
2014-04-15,0.0
2014-04-16,0.5286139249801636
2014-04-17,0.0
2014-04-18,8.061217308044434
2014-04-19,1.2268959283828735
2014-04-20,0.0
2014-04-21,0.052940353751182556
2014-04-22,6.018444538116455
2014-04-23,0.3598163425922394
2014-04-24,0.0
2014-04-25,0.0
2014-04-26,0.0
2014-04-27,0.0
2014-04-28,0.0
2014-04-29,0.16733615100383759
2014-04-30,3.060392379760742
2014-05-01,2.6902077198028564
2014-05-02,0.4483679234981537
2014-05-03,0.4483679234981537
2014-05-04,0.4483679234981537
2014-05-05,0.4483679234981537
2014-05-06,0.0
2014-05-07,0.0
2014-05-08,0.0
2014-05-09,0.0
2014-05-10,0.0
2014-05-11,0.0
2014-05-12,0.27725717425346375
2014-05-13,4.6960272789001465
2014-05-14,0.0
2014-05-15,0.0
2014-05-16,0.0
2014-05-17,0.0
2014-05-18,0.0
2014-05-19,0.0
2014-05-20,0.0
2014-05-21,0.0
2014-05-22,0.0
2014-05-23,4.2317585945129395
2014-05-24,3.2038278579711914
2014-05-25,0.0
2014-05-26,0.0
2014-05-27,0.0
2014-05-28,0.0
2014-05-29,0.0
2014-05-30,0.0
2014-05-31,0.0
2014-06-01,0.0
2014-06-02,0.0
2014-06-03,0.0
2014-06-04,0.0
2014-06-05,0.0
2014-06-06,0.0
2014-06-07,0.0
2014-06-08,0.0
2014-06-09,0.0
2014-06-10,0.0
2014-06-11,0.0
2014-06-12,0.0
2014-06-13,0.0
2014-06-14,0.0
2014-06-15,0.0
2014-06-16,0.0
2014-06-17,0.0
2014-06-18,0.0
2014-06-19,0.0
2014-06-20,0.0
2014-06-21,0.0
2014-06-22,0.0
2014-06-23,0.0
2014-06-24,0.0
2014-06-25,0.0
2014-06-26,0.0
2014-06-27,0.0
2014-06-28,0.0
2014-06-29,0.0
2014-06-30,0.0
2014-07-01,0.0
2014-07-02,0.0
2014-07-03,0.0
2014-07-04,0.0
2014-07-05,0.0
2014-07-06,0.0
2014-07-07,0.0
2014-07-08,0.0
2014-07-09,0.0
2014-07-10,0.0
2014-07-11,0.0
2014-07-12,0.0
2014-07-13,0.0
2014-07-14,0.0
2014-07-15,0.0
2014-07-16,0.0
2014-07-17,0.0
2014-07-18,0.0
2014-07-19,0.0
2014-07-20,0.0
2014-07-21,0.0
2014-07-22,0.0
2014-07-23,0.0
2014-07-24,0.0
2014-07-25,0.0
2014-07-26,5.760272026062012
2014-07-27,0.0
2014-07-28,0.0
2014-07-29,0.0
2014-07-30,0.0
2014-07-31,0.0
2014-08-01,0.0
2014-08-02,0.0
2014-08-03,0.0
2014-08-04,0.0
2014-08-05,0.0
2014-08-06,0.0
2014-08-07,0.0
2014-08-08,0.0
2014-08-09,0.0
2014-08-10,0.0
2014-08-11,0.0
2014-08-12,0.0
2014-08-13,0.0
2014-08-14,0.0
2014-08-15,0.0
2014-08-16,0.358303427696228
2014-08-17,1.731642246246338
2014-08-18,1.318882942199707
2014-08-19,0.0
2014-08-20,0.04419303685426712
2014-08-21,0.0
2014-08-22,0.0
2014-08-23,0.0
2014-08-24,0.0
2014-08-25,0.0
2014-08-26,0.0
2014-08-27,0.0
2014-08-28,0.0
2014-08-29,0.0
2014-08-30,5.830405235290527
2014-08-31,1.6326091289520264
2014-09-01,0.29451167583465576
2014-09-02,0.0009380214614793658
2014-09-03,5.866790771484375
2014-09-04,2.1384010314941406
2014-09-05,2.2295875549316406
2014-09-06,0.06933903694152832
2014-09-07,8.453422546386719
2014-09-08,0.7532604932785034
2014-09-09,0.0
2014-09-10,0.0
2014-09-11,0.10032378882169724
2014-09-12,0.0
2014-09-13,2.9703891277313232
2014-09-14,0.29959991574287415
2014-09-15,0.0
2014-09-16,0.0
2014-09-17,0.0
2014-09-18,0.0
2014-09-19,0.0
2014-09-20,0.0
2014-09-21,0.0
2014-09-22,0.0027763182297348976
2014-09-23,0.6390432715415955
2014-09-24,1.6048567295074463
2014-09-25,0.0
2014-09-26,0.0
2014-09-27,1.2509639263153076
2014-09-28,7.671332359313965
2014-09-29,14.702991485595703
2014-09-30,4.645967960357666
2014-10-01,19.364267349243164
2014-10-02,1.7697890996932983
2014-10-03,0.0
2014-10-04,6.2857184410095215
2014-10-05,0.025967316702008247
2014-10-06,4.877668380737305
2014-10-07,0.6047132015228271
2014-10-08,0.9026321768760681
2014-10-09,0.0
2014-10-10,0.9178691506385803
2014-10-11,0.6814777851104736
2014-10-12,2.320474863052368
2014-10-13,2.4498696327209473
2014-10-14,0.6814777851104736
2014-10-15,0.6814777851104736
2014-10-16,0.0
2014-10-17,0.0
2014-10-18,0.19057080149650574
2014-10-19,2.277035713195801
2014-10-20,3.737565040588379
2014-10-21,0.25797367095947266
2014-10-22,10.075855255126953
2014-10-23,33.87013626098633
2014-10-24,5.314138412475586
2014-10-25,0.0
2014-10-26,0.0
2014-10-27,0.0
2014-10-28,2.531693458557129
2014-10-29,0.0
2014-10-30,7.300573825836182
2014-10-31,8.455665588378906
2014-11-01,0.4936825633049011
2014-11-02,9.60736083984375
2014-11-03,0.0
2014-11-04,0.0
2014-11-05,0.0
2014-11-06,0.0
2014-11-07,4.509537696838379
2014-11-08,0.4752447307109833
2014-11-09,3.05582857131958
2014-11-10,2.0865478515625
2014-11-11,4.076849937438965
2014-11-12,3.0268094539642334
2014-11-13,0.9453392028808594
2014-11-14,0.4599619507789612
2014-11-15,0.0
2014-11-16,0.0
2014-11-17,0.0
2014-11-18,0.3369591534137726
2014-11-19,0.13162682950496674
2014-11-20,0.19270668923854828
2014-11-21,10.837661743164062
2014-11-22,0.16647447645664215
2014-11-23,0.2276557981967926
2014-11-24,1.9391522407531738
2014-11-25,0.0
2014-11-26,0.8917938470840454
2014-11-27,16.469388961791992
2014-11-28,9.965797424316406
2014-11-29,0.03312923386693001
2014-11-30,4.160191535949707
2014-12-01,9.019072532653809
2014-12-02,0.0
2014-12-03,0.0
2014-12-04,0.0
2014-12-05,0.0
2014-12-06,0.0
2014-12-07,0.0
2014-12-08,18.270219802856445
2014-12-09,0.0
2014-12-10,0.6077142953872681
2014-12-11,16.032747268676758
2014-12-12,0.0
2014-12-13,0.0
2014-12-14,3.573990821838379
2014-12-15,0.5371284484863281
2014-12-16,1.7787445783615112
2014-12-17,0.6452197432518005
2014-12-18,0.5855482220649719
2014-12-19,0.0
2014-12-20,27.539724349975586
2014-12-21,14.805020332336426
2014-12-22,1.1177490949630737
2014-12-23,0.03430018573999405
2014-12-24,0.0
2014-12-25,0.07826682925224304
2014-12-26,0.0
2014-12-27,0.0029975075740367174
2014-12-28,3.2657272815704346
2014-12-29,19.592418670654297
2014-12-30,1.2050431966781616
2014-12-31,5.471248149871826
2015-01-01,0.11502154916524887
2015-01-02,30.859582901000977
2015-01-03,2.5875024795532227
2015-01-04,0.0
2015-01-05,0.0
2015-01-06,0.00417425949126482
2015-01-07,3.6179494857788086
2015-01-08,17.990724563598633
2015-01-09,0.08256876468658447
2015-01-10,23.96680450439453
2015-01-11,0.08518601953983307
2015-01-12,0.4089738726615906
2015-01-13,8.1984281539917
2015-01-14,17.509899139404297
2015-01-15,8.283981323242188
2015-01-16,4.312465190887451
2015-01-17,0.2905973792076111
2015-01-18,0.044527675956487656
2015-01-19,9.419456481933594
2015-01-20,20.3201961517334
2015-01-21,0.02177451178431511
2015-01-22,0.4312441051006317
2015-01-23,2.099174976348877
2015-01-24,1.9897351264953613
2015-01-25,10.973138809204102
2015-01-26,0.0
2015-01-27,2.3887264728546143
2015-01-28,5.0156707763671875
2015-01-29,1.418063998222351
2015-01-30,0.014412698335945606
2015-01-31,24.10269546508789
2015-02-01,0.0
2015-02-02,0.0
2015-02-03,0.0
2015-02-04,0.1965160220861435
2015-02-05,1.4892598390579224
2015-02-06,34.45979690551758
2015-02-07,0.2229626178741455
2015-02-08,0.18280138075351715
2015-02-09,6.128103256225586
2015-02-10,18.057497024536133
2015-02-11,18.268165588378906
2015-02-12,0.0
2015-02-13,1.623886227607727
2015-02-14,18.180923461914062
2015-02-15,5.909697532653809
2015-02-16,24.5438175201416
2015-02-17,0.0
2015-02-18,0.9601831436157227
2015-02-19,0.0
2015-02-20,0.25872907042503357
2015-02-21,0.0
2015-02-22,0.0
2015-02-23,0.0
2015-02-24,0.0
2015-02-25,0.0
2015-02-26,0.0
2015-02-27,0.3376227915287018
2015-02-28,23.42757225036621
2015-03-01,0.2588033974170685
2015-03-02,0.08899177610874176
2015-03-03,2.018939733505249
2015-03-04,10.322418212890625
2015-03-05,38.125144958496094
2015-03-06,2.093388557434082
2015-03-07,0.042562708258628845
2015-03-08,7.926950454711914
2015-03-09,0.0
2015-03-10,0.049128998070955276
2015-03-11,0.40643051266670227
2015-03-12,20.962966918945312
2015-03-13,0.0007395147695206106
2015-03-14,0.0
2015-03-15,0.08762241899967194
2015-03-16,25.810144424438477
2015-03-17,7.693458557128906
2015-03-18,1.3491754531860352
2015-03-19,1.1555551290512085
2015-03-20,0.04303620383143425
2015-03-21,6.259642601013184
2015-03-22,0.18640834093093872
2015-03-23,0.22149516642093658
2015-03-24,0.10217627882957458
2015-03-25,0.0
2015-03-26,7.436842441558838
2015-03-27,14.921368598937988
2015-03-28,0.14112485945224762
2015-03-29,0.0
2015-03-30,0.0
2015-03-31,0.1864839643239975
2015-04-01,0.2983136773109436
2015-04-02,0.0
2015-04-03,0.0
2015-04-04,0.0
2015-04-05,1.6667847633361816
2015-04-06,0.0
2015-04-07,0.0
2015-04-08,2.803797960281372
2015-04-09,12.075234413146973
2015-04-10,2.8706002235412598
2015-04-11,3.4971251487731934
2015-04-12,5.082334041595459
2015-04-13,0.19707000255584717
2015-04-14,2.4414544105529785
2015-04-15,0.24822314083576202
2015-04-16,0.3932798206806183
2015-04-17,4.451505661010742
2015-04-18,0.6477392315864563
2015-04-19,0.0
2015-04-20,2.3147547245025635
2015-04-21,17.674043655395508
2015-04-22,0.005677568260580301
2015-04-23,0.0067183757200837135
2015-04-24,3.314286947250366
2015-04-25,2.6963281631469727
2015-04-26,0.0
2015-04-27,1.4031271934509277
2015-04-28,1.7936252355575562
2015-04-29,0.0
2015-04-30,0.0
2015-05-01,0.0
2015-05-02,0.0
2015-05-03,0.0
2015-05-04,0.0
2015-05-05,0.0
2015-05-06,0.0
2015-05-07,0.0
2015-05-08,0.0
2015-05-09,0.0
2015-05-10,0.0
2015-05-11,0.0
2015-05-12,0.0
2015-05-13,3.3973336219787598
2015-05-14,0.0
2015-05-15,0.0
2015-05-16,2.1942403316497803
2015-05-17,5.124774932861328
2015-05-18,0.0
2015-05-19,0.2574169933795929
2015-05-20,1.4674856662750244
2015-05-21,0.0
2015-05-22,0.0
2015-05-23,0.0
2015-05-24,0.0
2015-05-25,0.0
2015-05-26,2.2247061729431152
2015-05-27,0.09622511267662048
2015-05-28,0.008669012226164341
2015-05-29,0.0
2015-05-30,0.0
2015-05-31,0.0
2015-06-01,0.0
2015-06-02,0.0
2015-06-03,0.0
2015-06-04,0.0
2015-06-05,0.0
2015-06-06,0.0
2015-06-07,0.0
2015-06-08,0.0
2015-06-09,0.0
2015-06-10,0.0
2015-06-11,0.0
2015-06-12,0.0
2015-06-13,0.0
2015-06-14,0.0
2015-06-15,4.201986312866211
2015-06-16,0.12324211746454239
2015-06-17,0.12324211746454239
2015-06-18,0.12324211746454239
2015-06-19,0.12324211746454239
2015-06-20,0.12324211746454239
2015-06-21,0.0
2015-06-22,0.0
2015-06-23,0.0
2015-06-24,0.0
2015-06-25,0.0
2015-06-26,0.0
2015-06-27,0.0
2015-06-28,0.0064660352654755116
2015-06-29,0.1995667964220047
2015-06-30,1.0710091590881348
2015-07-01,0.0
2015-07-02,0.0
2015-07-03,0.0
2015-07-04,7.18305778503418
2015-07-05,0.004288392141461372
2015-07-06,1.022308588027954
2015-07-07,1.022308588027954
2015-07-08,1.022308588027954
2015-07-09,1.022308588027954
2015-07-10,1.022308588027954
2015-07-11,0.0
2015-07-12,2.5179495811462402
2015-07-13,1.280193567276001
2015-07-14,1.266047716140747
2015-07-15,0.0
2015-07-16,0.0
2015-07-17,0.0
2015-07-18,0.0
2015-07-19,0.0
2015-07-20,0.0
2015-07-21,0.0
2015-07-22,0.0
2015-07-23,0.0
2015-07-24,0.0
2015-07-25,0.0
2015-07-26,0.0
2015-07-27,0.0
2015-07-28,0.0
2015-07-29,0.0
2015-07-30,0.0
2015-07-31,0.0
2015-08-01,0.0
2015-08-02,0.0
2015-08-03,0.0
2015-08-04,0.0
2015-08-05,0.0
2015-08-06,0.0
2015-08-07,0.0
2015-08-08,0.0
2015-08-09,0.0
2015-08-10,0.0
2015-08-11,0.23291480541229248
2015-08-12,1.0560307502746582
2015-08-13,2.8977558612823486
2015-08-14,0.23868001997470856
2015-08-15,0.23291480541229248
2015-08-16,0.0
2015-08-17,0.0
2015-08-18,0.0
2015-08-19,0.0
2015-08-20,3.694830894470215
2015-08-21,0.06986834108829498
2015-08-22,0.06986834108829498
2015-08-23,1.1178934574127197
2015-08-24,0.06986834108829498
2015-08-25,0.06986834108829498
2015-08-26,0.0
2015-08-27,0.0
2015-08-28,0.0
2015-08-29,0.0
2015-08-30,0.0
2015-08-31,0.0
2015-09-01,0.0
2015-09-02,0.0
2015-09-03,0.22541943192481995
2015-09-04,0.05089506134390831
2015-09-05,0.0
2015-09-06,0.0
2015-09-07,0.0
2015-09-08,0.0
2015-09-09,0.0
2015-09-10,0.0
2015-09-11,0.0
2015-09-12,0.0
2015-09-13,0.0
2015-09-14,0.0
2015-09-15,0.0
2015-09-16,0.0
2015-09-17,0.21721062064170837
2015-09-18,4.359086990356445
2015-09-19,5.866072177886963
2015-09-20,0.2108382135629654
2015-09-21,0.0
2015-09-22,0.0
2015-09-23,4.430882453918457
2015-09-24,2.025442361831665
2015-09-25,0.0
2015-09-26,0.0
2015-09-27,0.0
2015-09-28,0.0
2015-09-29,2.798424482345581
2015-09-30,0.7995498776435852
2015-10-01,0.0
2015-10-02,0.6758304834365845
2015-10-03,2.1023170948028564
2015-10-04,0.0
2015-10-05,0.0
2015-10-06,0.0
2015-10-07,0.002032203832641244
2015-10-08,0.09113851934671402
2015-10-09,0.14256495237350464
2015-10-10,0.0
2015-10-11,0.0
2015-10-12,0.0
2015-10-13,0.0
2015-10-14,0.0
2015-10-15,0.0
2015-10-16,0.0
2015-10-17,0.0
2015-10-18,0.0
2015-10-19,0.0
2015-10-20,0.0
2015-10-21,0.7982365489006042
2015-10-22,1.4209132194519043
2015-10-23,2.773123264312744
2015-10-24,2.642113208770752
2015-10-25,7.125380039215088
2015-10-26,1.026763677597046
2015-10-27,10.5891752243042
2015-10-28,0.0
2015-10-29,0.0
2015-10-30,0.7001459002494812
2015-10-31,0.1776672750711441
2015-11-01,0.0
2015-11-02,0.0
2015-11-03,0.0
2015-11-04,0.0
2015-11-05,0.0
2015-11-06,0.0
2015-11-07,0.0
2015-11-08,0.1359584927558899
2015-11-09,0.0
2015-11-10,3.610302209854126
2015-11-11,18.261394500732422
2015-11-12,0.1090582087635994
2015-11-13,0.9097226858139038
2015-11-14,0.6350030899047852
2015-11-15,27.951753616333008
2015-11-16,0.03081304207444191
2015-11-17,0.4831438362598419
2015-11-18,0.030232757329940796
2015-11-19,0.030232757329940796
2015-11-20,0.030232757329940796
2015-11-21,0.0
2015-11-22,0.0
2015-11-23,0.012131128460168839
2015-11-24,2.245732545852661
2015-11-25,9.927335739135742
2015-11-26,14.311005592346191
2015-11-27,0.016582230105996132
2015-11-28,5.736124515533447
2015-11-29,0.4815267324447632
2015-11-30,0.0
2015-12-01,9.83839225769043
2015-12-02,9.48897933959961
2015-12-03,0.3803563714027405
2015-12-04,1.3627420663833618
2015-12-05,3.5616843700408936
2015-12-06,12.626277923583984
2015-12-07,0.002340414095669985
2015-12-08,0.001957793952897191
2015-12-09,0.6214550137519836
2015-12-10,3.56150484085083
2015-12-11,0.5494598746299744
2015-12-12,1.8581571578979492
2015-12-13,0.0
2015-12-14,2.890540599822998
2015-12-15,1.3635112047195435
2015-12-16,17.041828155517578
2015-12-17,0.0
2015-12-18,22.948652267456055
2015-12-19,4.361386299133301
2015-12-20,0.05230081453919411
2015-12-21,0.7738804221153259
2015-12-22,5.652493000030518
2015-12-23,0.034591056406497955
2015-12-24,14.236624717712402
2015-12-25,0.02147429808974266
2015-12-26,4.830376148223877
2015-12-27,27.52304458618164
2015-12-28,5.444004535675049
2015-12-29,3.9123194217681885
2015-12-30,0.008028369396924973
2015-12-31,3.970712661743164
2016-01-01,3.4598565101623535
2016-01-02,14.60107421875
2016-01-03,1.4135987758636475
2016-01-04,4.673645496368408
2016-01-05,0.0
2016-01-06,2.252393960952759
2016-01-07,0.14804500341415405
2016-01-08,1.0139026641845703
2016-01-09,6.581657409667969
2016-01-10,0.0
2016-01-11,0.0009714628104120493
2016-01-12,6.846578121185303
2016-01-13,6.540104389190674
2016-01-14,0.006518823094666004
2016-01-15,3.033262014389038
2016-01-16,1.1254249811172485
2016-01-17,0.0
2016-01-18,0.8893029093742371
2016-01-19,0.0
2016-01-20,0.0
2016-01-21,0.0
2016-01-22,0.0
2016-01-23,0.0
2016-01-24,0.0
2016-01-25,4.086533546447754
2016-01-26,14.7042818069458
2016-01-27,0.4022287428379059
2016-01-28,0.0
2016-01-29,2.9659345149993896
2016-01-30,8.751909255981445
2016-01-31,3.6209299564361572
2016-02-01,0.0
2016-02-02,0.05735950171947479
2016-02-03,12.865076065063477
2016-02-04,7.473019123077393
2016-02-05,1.6396046876907349
2016-02-06,0.8384162783622742
2016-02-07,0.0
2016-02-08,0.0008661839528940618
2016-02-09,32.297210693359375
2016-02-10,9.887439727783203
2016-02-11,0.0
2016-02-12,5.814509868621826
2016-02-13,0.0
2016-02-14,30.116201400756836
2016-02-15,0.0
2016-02-16,0.0
2016-02-17,0.0
2016-02-18,28.72690773010254
2016-02-19,0.007086755242198706
2016-02-20,14.218833923339844
2016-02-21,1.0137001276016235
2016-02-22,0.0
2016-02-23,0.0
2016-02-24,25.942882537841797
2016-02-25,0.8005992770195007
2016-02-26,3.087024211883545
2016-02-27,21.307985305786133
2016-02-28,0.0
2016-02-29,0.0
2016-03-01,0.0018836468225345016
2016-03-02,23.207548141479492
2016-03-03,0.0
2016-03-04,0.47177597880363464
2016-03-05,0.0
2016-03-06,0.0
2016-03-07,1.456748604774475
2016-03-08,3.397458791732788
2016-03-09,0.20789149403572083
2016-03-10,1.2208442687988281
2016-03-11,0.0
2016-03-12,0.0
2016-03-13,0.0
2016-03-14,0.0
2016-03-15,0.0
2016-03-16,0.0
2016-03-17,0.0
2016-03-18,0.0
2016-03-19,0.0
2016-03-20,0.0
2016-03-21,0.05047459155321121
2016-03-22,0.05047459155321121
2016-03-23,0.054448969662189484
2016-03-24,0.17268669605255127
2016-03-25,0.17666107416152954
2016-03-26,0.0
2016-03-27,0.0
2016-03-28,0.0
2016-03-29,0.0
2016-03-30,0.0
2016-03-31,0.0
2016-04-01,0.0
2016-04-02,5.163613319396973
2016-04-03,0.0
2016-04-04,0.0
2016-04-05,0.0
2016-04-06,0.0
2016-04-07,1.5539817810058594
2016-04-08,20.320068359375
2016-04-09,17.196054458618164
2016-04-10,4.4347734451293945
2016-04-11,0.0
2016-04-12,0.0
2016-04-13,0.0
2016-04-14,0.0
2016-04-15,0.0
2016-04-16,0.0
2016-04-17,0.0
2016-04-18,0.0
2016-04-19,2.5002479553222656
2016-04-20,8.871116638183594
2016-04-21,0.08609589189291
2016-04-22,1.37753427028656
2016-04-23,0.08609589189291
2016-04-24,0.08609589189291
2016-04-25,0.08609589189291
2016-04-26,0.0
2016-04-27,0.0
2016-04-28,0.0
2016-04-29,0.0
2016-04-30,0.0
2016-05-01,0.0
2016-05-02,0.0
2016-05-03,0.0
2016-05-04,0.0
2016-05-05,0.0
2016-05-06,0.0
2016-05-07,0.0
2016-05-08,0.0
2016-05-09,0.0
2016-05-10,0.0
2016-05-11,0.0
2016-05-12,0.0
2016-05-13,0.0
2016-05-14,0.0
2016-05-15,0.0
2016-05-16,0.0
2016-05-17,0.0
2016-05-18,0.0
2016-05-19,0.0
2016-05-20,0.0
2016-05-21,0.0
2016-05-22,0.0
2016-05-23,0.0
2016-05-24,0.0
2016-05-25,0.0
2016-05-26,0.0
2016-05-27,0.0
2016-05-28,0.0
2016-05-29,0.0
2016-05-30,0.0
2016-05-31,0.0
2016-06-01,0.5447363257408142
2016-06-02,0.5447363257408142
2016-06-03,0.5447363257408142
2016-06-04,0.5447363257408142
2016-06-05,0.5447363257408142
2016-06-06,0.0
2016-06-07,2.5788516998291016
2016-06-08,5.5875115394592285
2016-06-09,7.306746482849121
2016-06-10,0.0
2016-06-11,0.980014979839325
2016-06-12,0.980014979839325
2016-06-13,0.980014979839325
2016-06-14,0.980014979839325
2016-06-15,0.980014979839325
2016-06-16,0.0
2016-06-17,0.0
2016-06-18,0.0
2016-06-19,0.0
2016-06-20,0.0
2016-06-21,3.7117674350738525
2016-06-22,0.6186279058456421
2016-06-23,0.6186279058456421
2016-06-24,0.6186279058456421
2016-06-25,0.6186279058456421
2016-06-26,0.0
2016-06-27,0.0
2016-06-28,0.0
2016-06-29,0.0
2016-06-30,0.0
2016-07-01,0.0
2016-07-02,0.0
2016-07-03,0.0
2016-07-04,0.0
2016-07-05,0.0
2016-07-06,0.0
2016-07-07,0.0
2016-07-08,0.0
2016-07-09,0.0
2016-07-10,0.0
2016-07-11,0.0
2016-07-12,0.0
2016-07-13,0.0
2016-07-14,0.0
2016-07-15,0.0
2016-07-16,0.0
2016-07-17,0.0
2016-07-18,0.0
2016-07-19,0.0
2016-07-20,0.0
2016-07-21,0.0
2016-07-22,0.0
2016-07-23,0.0
2016-07-24,0.0
2016-07-25,0.0
2016-07-26,0.0
2016-07-27,0.0
2016-07-28,0.0
2016-07-29,0.0
2016-07-30,0.0
2016-07-31,0.0
2016-08-01,0.0
2016-08-02,0.0
2016-08-03,0.0
2016-08-04,0.0
2016-08-05,0.0
2016-08-06,0.0
2016-08-07,0.0
2016-08-08,0.0
2016-08-09,0.0
2016-08-10,0.0
2016-08-11,0.0
2016-08-12,0.0
2016-08-13,0.0
2016-08-14,0.0
2016-08-15,0.0
2016-08-16,0.0
2016-08-17,0.0
2016-08-18,0.0
2016-08-19,0.09167473763227463
2016-08-20,0.0
2016-08-21,0.0
2016-08-22,0.0
2016-08-23,0.0
2016-08-24,0.0
2016-08-25,0.0
2016-08-26,0.0
2016-08-27,0.0
2016-08-28,9.263240814208984
2016-08-29,0.0
2016-08-30,0.0
2016-08-31,0.0
2016-09-01,0.0
2016-09-02,5.072062015533447
2016-09-03,2.6015493869781494
2016-09-04,0.0
2016-09-05,0.7969703674316406
2016-09-06,0.0
2016-09-07,0.0
2016-09-08,0.0
2016-09-09,0.0
2016-09-10,0.0
2016-09-11,0.0
2016-09-12,0.0
2016-09-13,0.0
2016-09-14,1.2919931411743164
2016-09-15,0.0
2016-09-16,0.3627972900867462
2016-09-17,0.3627972900867462
2016-09-18,0.3627972900867462
2016-09-19,0.3627972900867462
2016-09-20,2.176783800125122
2016-09-21,1.6031577587127686
2016-09-22,5.145262718200684
2016-09-23,3.0962774753570557
2016-09-24,0.0
2016-09-25,0.0
2016-09-26,0.0
2016-09-27,0.0
2016-09-28,0.0
2016-09-29,0.4649001955986023
2016-09-30,0.11261401325464249
2016-10-01,1.622859239578247
2016-10-02,0.0
2016-10-03,9.141495704650879
2016-10-04,3.834437370300293
2016-10-05,3.891720771789551
2016-10-06,0.0
2016-10-07,0.0
2016-10-08,0.0
2016-10-09,0.0
2016-10-10,0.0
2016-10-11,0.0
2016-10-12,0.0
2016-10-13,0.0
2016-10-14,0.0
2016-10-15,0.0
2016-10-16,0.015053294599056244
2016-10-17,4.399913311004639
2016-10-18,0.00936557725071907
2016-10-19,0.6235312223434448
2016-10-20,0.0015368806198239326
2016-10-21,0.0015456315595656633
2016-10-22,0.0
2016-10-23,0.2543022036552429
2016-10-24,0.0
2016-10-25,1.2524170875549316
2016-10-26,0.0
2016-10-27,0.0
2016-10-28,0.0
2016-10-29,0.0
2016-10-30,0.0
2016-10-31,0.0
2016-11-01,0.10676983743906021
2016-11-02,0.8308418393135071
2016-11-03,0.0
2016-11-04,0.0
2016-11-05,0.0
2016-11-06,0.0
2016-11-07,2.5950560569763184
2016-11-08,18.266387939453125
2016-11-09,0.9582750201225281
2016-11-10,0.8453056216239929
2016-11-11,7.435149669647217
2016-11-12,8.211146354675293
2016-11-13,0.5261565446853638
2016-11-14,2.574880599975586
2016-11-15,0.39863693714141846
2016-11-16,0.0
2016-11-17,0.0
2016-11-18,0.0
2016-11-19,0.0
2016-11-20,0.0
2016-11-21,0.0
2016-11-22,0.0
2016-11-23,0.0
2016-11-24,0.0
2016-11-25,0.0
2016-11-26,1.8460569381713867
2016-11-27,0.48611781001091003
2016-11-28,9.243945121765137
2016-11-29,8.110970497131348
2016-11-30,0.009760580025613308
2016-12-01,0.5717901587486267
2016-12-02,11.92416000366211
2016-12-03,1.5142085552215576
2016-12-04,7.254029273986816
2016-12-05,6.776397705078125
2016-12-06,14.0783109664917
2016-12-07,2.451606273651123
2016-12-08,16.602001190185547
2016-12-09,3.6553893089294434
2016-12-10,0.01431327499449253
2016-12-11,0.1758350431919098
2016-12-12,1.674476146697998
2016-12-13,2.0092530250549316
2016-12-14,0.0
2016-12-15,0.0
2016-12-16,0.0
2016-12-17,0.0
2016-12-18,0.0
2016-12-19,0.08028008043766022
2016-12-20,0.5022725462913513
2016-12-21,0.7878352403640747
2016-12-22,0.7878352403640747
2016-12-23,0.7878352403640747
2016-12-24,0.7878352403640747
2016-12-25,0.7878352403640747
2016-12-26,0.041702430695295334
2016-12-27,9.585917472839355
2016-12-28,0.12478981912136078
2016-12-29,0.0
2016-12-30,1.2650582790374756
2016-12-31,14.73635482788086
2017-01-01,1.6885982751846313
2017-01-02,0.1718282252550125
2017-01-03,11.126428604125977
2017-01-04,2.337322235107422
2017-01-05,19.513282775878906
2017-01-06,3.103839635848999
2017-01-07,1.109370470046997
2017-01-08,0.03851206600666046
2017-01-09,1.3190256357192993
2017-01-10,25.179126739501953
2017-01-11,6.747003078460693
2017-01-12,22.014984130859375
2017-01-13,0.002827177057042718
2017-01-14,0.0
2017-01-15,0.061081938445568085
2017-01-16,0.35279908776283264
2017-01-17,3.463864803314209
2017-01-18,14.044820785522461
2017-01-19,2.8407540321350098
2017-01-20,0.03553666174411774
2017-01-21,0.46694567799568176
2017-01-22,7.468143463134766
2017-01-23,3.427367687225342
2017-01-24,5.610400676727295
2017-01-25,1.3952839374542236
2017-01-26,1.8887220621109009
2017-01-27,0.0
2017-01-28,0.0
2017-01-29,0.0
2017-01-30,0.0
2017-01-31,2.4655394554138184
2017-02-01,5.173587799072266
2017-02-02,0.0
2017-02-03,0.0
2017-02-04,6.507132053375244
2017-02-05,5.736215114593506
2017-02-06,4.5110182762146
2017-02-07,0.6244366765022278
2017-02-08,0.0
2017-02-09,2.2867977619171143
2017-02-10,12.131956100463867
2017-02-11,23.77635383605957
2017-02-12,1.2522023916244507
2017-02-13,0.4324975609779358
2017-02-14,0.0
2017-02-15,0.6681278944015503
2017-02-16,1.2510335445404053
2017-02-17,0.0
2017-02-18,1.784294605255127
2017-02-19,34.49830627441406
2017-02-20,7.989380836486816
2017-02-21,0.26248422265052795
2017-02-22,0.0
2017-02-23,2.052917957305908
2017-02-24,2.372223377227783
2017-02-25,14.774932861328125
2017-02-26,0.0007206624140962958
2017-02-27,1.2222480773925781
2017-02-28,10.826506614685059
2017-03-01,0.5592455267906189
2017-03-02,0.25831830501556396
2017-03-03,32.31403350830078
2017-03-04,4.429603576660156
2017-03-05,0.02613387256860733
2017-03-06,3.1182053089141846
2017-03-07,0.10798211395740509
2017-03-08,0.0
2017-03-09,0.0
2017-03-10,25.856996536254883
2017-03-11,0.21513499319553375
2017-03-12,2.010532855987549
2017-03-13,2.2709829807281494
2017-03-14,0.0
2017-03-15,11.59067153930664
2017-03-16,5.736612796783447
2017-03-17,0.5533966422080994
2017-03-18,0.0
2017-03-19,0.0
2017-03-20,0.0
2017-03-21,0.0
2017-03-22,2.667207956314087
2017-03-23,5.9108476638793945
2017-03-24,57.91111373901367
2017-03-25,2.1293580532073975
2017-03-26,4.622918605804443
2017-03-27,13.564665794372559
2017-03-28,3.506821393966675
2017-03-29,6.204407215118408
2017-03-30,3.004831075668335
2017-03-31,9.060853958129883
2017-04-01,45.570674896240234
2017-04-02,0.19100983440876007
2017-04-03,3.2120463848114014
2017-04-04,0.33263614773750305
2017-04-05,0.0
2017-04-06,3.434924364089966
2017-04-07,0.0
2017-04-08,0.0
2017-04-09,0.0
2017-04-10,3.434924364089966
2017-04-11,0.0
2017-04-12,0.0
2017-04-13,0.0
2017-04-14,0.0
2017-04-15,0.0
2017-04-16,0.0
2017-04-17,1.654776930809021
2017-04-18,4.084603309631348
2017-04-19,10.193947792053223
2017-04-20,0.0
2017-04-21,0.0
2017-04-22,0.0
2017-04-23,0.0
2017-04-24,0.0
2017-04-25,0.0
2017-04-26,0.0
2017-04-27,0.0
2017-04-28,0.0
2017-04-29,0.0
2017-04-30,0.0
2017-05-01,0.0
2017-05-02,0.0
2017-05-03,0.0
2017-05-04,0.0
2017-05-05,0.0
2017-05-06,0.0
2017-05-07,0.0
2017-05-08,0.0
2017-05-09,0.0
2017-05-10,0.0
2017-05-11,0.0
2017-05-12,0.0
2017-05-13,0.0
2017-05-14,0.0
2017-05-15,0.0
2017-05-16,1.0280122756958008
2017-05-17,1.0451600551605225
2017-05-18,0.4235512912273407
2017-05-19,0.3120904564857483
2017-05-20,0.3120904564857483
2017-05-21,0.0
2017-05-22,0.0
2017-05-23,6.163227558135986
2017-05-24,3.7937824726104736
2017-05-25,2.5585033893585205
2017-05-26,0.03500267118215561
2017-05-27,0.0020552955102175474
2017-05-28,0.0005543485749512911
2017-05-29,0.0
2017-05-30,0.00019854531274177134
2017-05-31,0.0
2017-06-01,0.0
2017-06-02,0.0
2017-06-03,0.0
2017-06-04,0.0
2017-06-05,0.0
2017-06-06,0.0
2017-06-07,0.0
2017-06-08,0.0
2017-06-09,0.0
2017-06-10,0.0
2017-06-11,0.0
2017-06-12,0.0
2017-06-13,0.0
2017-06-14,0.0
2017-06-15,0.0
2017-06-16,0.0
2017-06-17,0.0
2017-06-18,0.0
2017-06-19,0.0
2017-06-20,0.0
2017-06-21,0.0
2017-06-22,0.0
2017-06-23,0.0
2017-06-24,0.0
2017-06-25,0.0
2017-06-26,0.0
2017-06-27,0.0
2017-06-28,0.0
2017-06-29,0.0
2017-06-30,0.0
2017-07-01,0.0
2017-07-02,0.0
2017-07-03,0.0
2017-07-04,0.0
2017-07-05,0.0
2017-07-06,0.0
2017-07-07,0.0
2017-07-08,0.0
2017-07-09,0.0
2017-07-10,0.0
2017-07-11,0.0
2017-07-12,0.0
2017-07-13,0.0
2017-07-14,0.0
2017-07-15,0.0
2017-07-16,0.0
2017-07-17,0.0
2017-07-18,0.0
2017-07-19,0.0
2017-07-20,0.0
2017-07-21,0.0
2017-07-22,0.0
2017-07-23,0.0
2017-07-24,0.0
2017-07-25,0.0
2017-07-26,0.0
2017-07-27,0.0
2017-07-28,0.0
2017-07-29,0.0
2017-07-30,0.0
2017-07-31,0.0
2017-08-01,0.0
2017-08-02,0.0
2017-08-03,0.0
2017-08-04,0.0
2017-08-05,0.0
2017-08-06,0.0
2017-08-07,0.0
2017-08-08,0.0
2017-08-09,0.0
2017-08-10,0.0
2017-08-11,0.0
2017-08-12,0.0
2017-08-13,0.0
2017-08-14,0.0
2017-08-15,0.0
2017-08-16,0.0
2017-08-17,0.12562406063079834
2017-08-18,0.0
2017-08-19,0.0
2017-08-20,0.0
2017-08-21,0.0
2017-08-22,0.0
2017-08-23,0.0
2017-08-24,0.0
2017-08-25,0.0
2017-08-26,0.0
2017-08-27,0.0
2017-08-28,0.0
2017-08-29,0.0
2017-08-30,0.0
2017-08-31,0.0
2017-09-01,0.0
2017-09-02,0.0
2017-09-03,0.0
2017-09-04,9.461405754089355
2017-09-05,14.324414253234863
2017-09-06,1.4335116147994995
2017-09-07,5.077066898345947
2017-09-08,1.863483190536499
2017-09-09,0.0
2017-09-10,0.0
2017-09-11,0.0
2017-09-12,0.0
2017-09-13,0.0
2017-09-14,0.0
2017-09-15,0.0
2017-09-16,0.0
2017-09-17,0.0
2017-09-18,0.0
2017-09-19,0.0
2017-09-20,0.0
2017-09-21,0.0
2017-09-22,0.0
2017-09-23,0.0
2017-09-24,0.0
2017-09-25,0.0
2017-09-26,0.0
2017-09-27,0.0
2017-09-28,0.0
2017-09-29,0.0
2017-09-30,0.0
2017-10-01,0.0
2017-10-02,0.0
2017-10-03,0.0
2017-10-04,0.0
2017-10-05,0.0
2017-10-06,11.359665870666504
2017-10-07,0.1494692862033844
2017-10-08,0.0
2017-10-09,0.0
2017-10-10,0.0
2017-10-11,0.0
2017-10-12,16.76834487915039
2017-10-13,1.4313385486602783
2017-10-14,0.054446760565042496
2017-10-15,0.07349848002195358
2017-10-16,20.876296997070312
2017-10-17,2.6640031337738037
2017-10-18,0.6963751316070557
2017-10-19,0.5179160237312317
2017-10-20,0.0
2017-10-21,2.334892749786377
2017-10-22,0.6448832154273987
2017-10-23,0.014019617810845375
2017-10-24,0.003141382010653615
2017-10-25,3.4240477085113525
2017-10-26,1.6509907245635986
2017-10-27,0.02647111937403679
2017-10-28,1.9280263185501099
2017-10-29,0.02819734625518322
2017-10-30,0.018748797476291656
2017-10-31,0.5017632842063904
2017-11-01,0.0
2017-11-02,0.010209327563643456
2017-11-03,10.532485961914062
2017-11-04,0.1849398910999298
2017-11-05,0.03980129957199097
2017-11-06,0.0
2017-11-07,0.14786764979362488
2017-11-08,0.24859017133712769
2017-11-09,18.023235321044922
2017-11-10,0.0
2017-11-11,0.009819119237363338
2017-11-12,0.009819119237363338
2017-11-13,0.009819119237363338
2017-11-14,0.009819119237363338
2017-11-15,0.05891471728682518
2017-11-16,0.20862479507923126
2017-11-17,0.25202131271362305
2017-11-18,0.20862479507923126
2017-11-19,3.294600248336792
2017-11-20,0.20862479507923126
2017-11-21,0.0
2017-11-22,0.0
2017-11-23,0.0
2017-11-24,0.0
2017-11-25,0.0
2017-11-26,0.8287648558616638
2017-11-27,0.0
2017-11-28,9.704612731933594
2017-11-29,0.0
2017-11-30,7.503984451293945
2017-12-01,5.742048263549805
2017-12-02,1.3687838315963745
2017-12-03,7.358720302581787
2017-12-04,6.91668701171875
2017-12-05,2.4947667121887207
2017-12-06,0.0
2017-12-07,0.0
2017-12-08,5.614987850189209
2017-12-09,3.362718105316162
2017-12-10,4.356483459472656
2017-12-11,0.7402663826942444
2017-12-12,0.0
2017-12-13,0.0
2017-12-14,0.0
2017-12-15,0.0
2017-12-16,0.0
2017-12-17,4.758976459503174
2017-12-18,8.179067611694336
2017-12-19,0.16992242634296417
2017-12-20,9.026946067810059
2017-12-21,48.4367790222168
2017-12-22,1.1729815006256104
2017-12-23,0.31754645705223083
2017-12-24,10.95033073425293
2017-12-25,0.5164111852645874
2017-12-26,9.272571563720703
2017-12-27,0.7116010189056396
2017-12-28,8.92164421081543
2017-12-29,5.8970465660095215
2017-12-30,0.3414067029953003
2017-12-31,2.797309398651123
2018-01-01,25.71426010131836
2018-01-02,7.183108806610107
2018-01-03,0.06957480311393738
2018-01-04,0.012086501345038414
2018-01-05,0.23876629769802094
2018-01-06,0.0
2018-01-07,0.0
2018-01-08,0.0
2018-01-09,0.0
2018-01-10,0.0
2018-01-11,0.025729293003678322
2018-01-12,0.002774196909740567
2018-01-13,5.10803747177124
2018-01-14,29.030467987060547
2018-01-15,0.0
2018-01-16,0.0
2018-01-17,0.01705768145620823
2018-01-18,3.6241848468780518
2018-01-19,36.37390899658203
2018-01-20,0.036283865571022034
2018-01-21,0.05869302153587341
2018-01-22,0.0
2018-01-23,0.0
2018-01-24,12.057308197021484
2018-01-25,2.9693634510040283
2018-01-26,4.448861122131348
2018-01-27,31.781665802001953
2018-01-28,2.2285044193267822
2018-01-29,8.519243240356445
2018-01-30,0.4719401001930237
2018-01-31,20.228988647460938
2018-02-01,3.357844352722168
2018-02-02,1.611560344696045
2018-02-03,0.7228999137878418
2018-02-04,0.8239766359329224
2018-02-05,0.0
2018-02-06,0.0
2018-02-07,7.345644950866699
2018-02-08,4.791132926940918
2018-02-09,2.2240397930145264
2018-02-10,7.392074108123779
2018-02-11,51.62495422363281
2018-02-12,0.38594526052474976
2018-02-13,2.4523067474365234
2018-02-14,0.01994466409087181
2018-02-15,7.903767108917236
2018-02-16,12.399410247802734
2018-02-17,1.3008819818496704
2018-02-18,5.688934803009033
2018-02-19,0.44590887427330017
2018-02-20,0.0
2018-02-21,0.0
2018-02-22,0.0
2018-02-23,0.0
2018-02-24,0.0
2018-02-25,0.0
2018-02-26,0.2183680385351181
2018-02-27,0.0
2018-02-28,4.448337554931641
2018-03-01,8.276816368103027
2018-03-02,1.0791349411010742
2018-03-03,0.20533257722854614
2018-03-04,2.598236560821533
2018-03-05,12.914122581481934
2018-03-06,63.51332473754883
2018-03-07,1.917861819267273
2018-03-08,6.327113628387451
2018-03-09,15.8887300491333
2018-03-10,0.0
2018-03-11,0.0
2018-03-12,0.0
2018-03-13,0.0
2018-03-14,0.0
2018-03-15,9.718015670776367
2018-03-16,4.683876991271973
2018-03-17,0.0
2018-03-18,0.0
2018-03-19,6.996865272521973
2018-03-20,0.0
2018-03-21,0.0
2018-03-22,0.0
2018-03-23,0.0
2018-03-24,0.022183919325470924
2018-03-25,9.758132934570312
2018-03-26,0.0046825953759253025
2018-03-27,0.0
2018-03-28,0.0
2018-03-29,1.7527130842208862
2018-03-30,0.8240946531295776
2018-03-31,0.6297292709350586
2018-04-01,0.0
2018-04-02,0.0
2018-04-03,0.0
2018-04-04,0.0
2018-04-05,0.0
2018-04-06,0.0
2018-04-07,0.0
2018-04-08,0.0
2018-04-09,0.0
2018-04-10,0.0
2018-04-11,0.0
2018-04-12,0.0
2018-04-13,0.0
2018-04-14,0.0
2018-04-15,0.0
2018-04-16,0.0
2018-04-17,0.0
2018-04-18,0.0
2018-04-19,0.0
2018-04-20,0.0
2018-04-21,2.0769402980804443
2018-04-22,2.0769402980804443
2018-04-23,3.093578338623047
2018-04-24,7.955817699432373
2018-04-25,5.566126823425293
2018-04-26,0.0
2018-04-27,2.6418399810791016
2018-04-28,11.56308650970459
2018-04-29,5.83122444152832
2018-04-30,0.0
2018-05-01,0.06286410242319107
2018-05-02,0.0
2018-05-03,2.6227076053619385
2018-05-04,1.4379465579986572
2018-05-05,2.4575259685516357
2018-05-06,1.682914137840271
2018-05-07,1.682914137840271
2018-05-08,1.682914137840271
2018-05-09,1.682914137840271
2018-05-10,1.682914137840271
2018-05-11,0.0
2018-05-12,0.0
2018-05-13,0.0
2018-05-14,0.0
2018-05-15,0.0
2018-05-16,0.0
2018-05-17,0.0
2018-05-18,0.0
2018-05-19,0.0
2018-05-20,0.0
2018-05-21,0.0
2018-05-22,0.0
2018-05-23,0.0
2018-05-24,0.0
2018-05-25,0.0
2018-05-26,0.0
2018-05-27,0.0
2018-05-28,0.0
2018-05-29,0.0
2018-05-30,0.0
2018-05-31,0.0
2018-06-01,0.4031263589859009
2018-06-02,0.0
2018-06-03,2.5886924266815186
2018-06-04,5.559798240661621
2018-06-05,1.4344288110733032
2018-06-06,0.0
2018-06-07,0.0
2018-06-08,0.0
2018-06-09,0.0
2018-06-10,0.0
2018-06-11,0.0
2018-06-12,0.0
2018-06-13,0.0
2018-06-14,0.0
2018-06-15,0.0
2018-06-16,0.0
2018-06-17,0.0
2018-06-18,0.0
2018-06-19,0.0
2018-06-20,0.0
2018-06-21,0.10342790186405182
2018-06-22,0.10342790186405182
2018-06-23,0.10342790186405182
2018-06-24,0.10342790186405182
2018-06-25,0.10342790186405182
2018-06-26,0.0
2018-06-27,0.0
2018-06-28,0.0
2018-06-29,0.0
2018-06-30,0.0
2018-07-01,0.0
2018-07-02,0.0
2018-07-03,0.0
2018-07-04,0.0
2018-07-05,0.0
2018-07-06,0.0
2018-07-07,0.0
2018-07-08,0.0
2018-07-09,0.0
2018-07-10,0.0
2018-07-11,0.0
2018-07-12,0.19429625570774078
2018-07-13,2.4520082473754883
2018-07-14,0.816124677658081
2018-07-15,0.0
2018-07-16,0.0
2018-07-17,0.0
2018-07-18,0.0
2018-07-19,0.0
2018-07-20,0.0
2018-07-21,2.3973641395568848
2018-07-22,6.133556365966797
2018-07-23,0.0
2018-07-24,0.0
2018-07-25,0.0
2018-07-26,0.0
2018-07-27,0.0
2018-07-28,0.0
2018-07-29,0.0
2018-07-30,0.0
2018-07-31,0.0
2018-08-01,0.0
2018-08-02,0.18984979391098022
2018-08-03,0.01682254858314991
2018-08-04,9.760704040527344
2018-08-05,4.739419937133789
2018-08-06,0.0
2018-08-07,0.0
2018-08-08,0.0
2018-08-09,0.0
2018-08-10,0.0
2018-08-11,0.0
2018-08-12,0.0
2018-08-13,0.0
2018-08-14,6.370034694671631
2018-08-15,0.0
2018-08-16,0.01264326274394989
2018-08-17,0.01264326274394989
2018-08-18,0.01264326274394989
2018-08-19,0.01264326274394989
2018-08-20,0.01264326274394989
2018-08-21,0.0
2018-08-22,0.0
2018-08-23,0.0
2018-08-24,0.0
2018-08-25,0.0
2018-08-26,0.0
2018-08-27,0.0
2018-08-28,0.0
2018-08-29,0.0
2018-08-30,0.0
2018-08-31,0.0
2018-09-01,0.0
2018-09-02,0.0
2018-09-03,0.0
2018-09-04,0.0
2018-09-05,0.0
2018-09-06,0.0
2018-09-07,0.0
2018-09-08,0.0
2018-09-09,0.0
2018-09-10,0.0
2018-09-11,0.0
2018-09-12,0.0
2018-09-13,3.1979339122772217
2018-09-14,0.0
2018-09-15,0.0
2018-09-16,0.6036971211433411
2018-09-17,0.15296773612499237
2018-09-18,0.0
2018-09-19,0.0
2018-09-20,5.642291069030762
2018-09-21,3.278353214263916
2018-09-22,0.22855767607688904
2018-09-23,5.524969100952148
2018-09-24,17.977962493896484
2018-09-25,9.513749122619629
2018-09-26,3.43587589263916
2018-09-27,1.4334707260131836
2018-09-28,10.394309997558594
2018-09-29,0.04950667917728424
2018-09-30,0.0
2018-10-01,0.0
2018-10-02,0.0
2018-10-03,0.0
2018-10-04,0.0
2018-10-05,0.0
2018-10-06,0.1585042029619217
2018-10-07,2.0383095741271973
2018-10-08,0.09141530096530914
2018-10-09,0.04220275208353996
2018-10-10,0.018573211506009102
2018-10-11,0.8221818208694458
2018-10-12,0.0
2018-10-13,0.001162916305474937
2018-10-14,0.0
2018-10-15,0.0
2018-10-16,0.0
2018-10-17,1.4565216302871704
2018-10-18,1.8221018314361572
2018-10-19,2.2154700756073
2018-10-20,0.0
2018-10-21,0.0
2018-10-22,0.16508282721042633
2018-10-23,7.703731060028076
2018-10-24,6.279773235321045
2018-10-25,6.156601905822754
2018-10-26,13.405953407287598
2018-10-27,12.993894577026367
2018-10-28,0.0
2018-10-29,0.0
2018-10-30,0.887722373008728
2018-10-31,1.3505994081497192
2018-11-01,6.164769172668457
2018-11-02,0.0
2018-11-03,0.5002725124359131
2018-11-04,3.1682040691375732
2018-11-05,0.0
2018-11-06,2.0355594158172607
2018-11-07,0.8898513317108154
2018-11-08,0.0
2018-11-09,0.12100551277399063
2018-11-10,0.0
2018-11-11,0.0
2018-11-12,3.172110080718994
2018-11-13,3.362257719039917
2018-11-14,0.0
2018-11-15,0.0
2018-11-16,0.0
2018-11-17,0.0
2018-11-18,7.160999298095703
2018-11-19,0.3074754476547241
2018-11-20,0.0
2018-11-21,0.0
2018-11-22,0.8500961661338806
2018-11-23,0.07703010737895966
2018-11-24,0.0
2018-11-25,0.01061207801103592
2018-11-26,0.38038259744644165
2018-11-27,4.363835334777832
2018-11-28,23.252195358276367
2018-11-29,2.246199607849121
2018-11-30,1.3586387634277344
2018-12-01,0.0
2018-12-02,0.0
2018-12-03,0.0
2018-12-04,0.0
2018-12-05,0.0
2018-12-06,6.763802528381348
2018-12-07,43.41849136352539
2018-12-08,0.0
2018-12-09,0.2351224571466446
2018-12-10,0.656398355960846
2018-12-11,0.021610602736473083
2018-12-12,0.0
2018-12-13,0.7119771242141724
2018-12-14,0.0
2018-12-15,11.10902214050293
2018-12-16,0.5211993455886841
2018-12-17,0.23244920372962952
2018-12-18,3.399387836456299
2018-12-19,39.46077346801758
2018-12-20,0.12007065862417221
2018-12-21,13.888749122619629
2018-12-22,7.555770397186279
2018-12-23,0.010344923473894596
2018-12-24,11.67772102355957
2018-12-25,0.48151469230651855
2018-12-26,3.484821081161499
2018-12-27,1.0899348258972168
2018-12-28,4.458427429199219
2018-12-29,19.11576271057129
2018-12-30,0.9048059582710266
2018-12-31,1.124393343925476
2019-01-01,0.03589283302426338
2019-01-02,0.21022190153598785
2019-01-03,4.559668064117432
2019-01-04,3.856943368911743
2019-01-05,3.275859832763672
2019-01-06,1.055981159210205
2019-01-07,0.0917767882347107
2019-01-08,0.3473624885082245
2019-01-09,0.0
2019-01-10,7.937543869018555
2019-01-11,1.7499115467071533
2019-01-12,0.0
2019-01-13,0.0
2019-01-14,4.066148281097412
2019-01-15,0.12004495412111282
2019-01-16,0.0
2019-01-17,0.5965112447738647
2019-01-18,12.274842262268066
2019-01-19,0.0028134104795753956
2019-01-20,0.0
2019-01-21,0.05408197268843651
2019-01-22,0.05408197268843651
2019-01-23,0.05408197268843651
2019-01-24,0.05408197268843651
2019-01-25,0.05408197268843651
2019-01-26,0.0
2019-01-27,2.712712049484253
2019-01-28,1.8369311094284058
2019-01-29,0.4885939657688141
2019-01-30,5.41874361038208
2019-01-31,5.7451066970825195
2019-02-01,9.252903938293457
2019-02-02,17.467729568481445
2019-02-03,4.87666130065918
2019-02-04,0.06651473045349121
2019-02-05,0.0
2019-02-06,1.514016032218933
2019-02-07,0.2523359954357147
2019-02-08,0.2523359954357147
2019-02-09,0.2523359954357147
2019-02-10,2.775696039199829
2019-02-11,16.487945556640625
2019-02-12,11.509737968444824
2019-02-13,0.20643433928489685
2019-02-14,0.0
2019-02-15,0.03729173168540001
2019-02-16,0.18030951917171478
2019-02-17,0.41772326827049255
2019-02-18,0.0
2019-02-19,3.5777571201324463
2019-02-20,1.9258840084075928
2019-02-21,0.03818981349468231
2019-02-22,0.0
2019-02-23,0.0
2019-02-24,0.009206869639456272
2019-02-25,6.621098041534424
2019-02-26,9.3089017868042
2019-02-27,0.002791652688756585
2019-02-28,0.14921808242797852
2019-03-01,0.039625752717256546
2019-03-02,0.006835675798356533
2019-03-03,0.0
2019-03-04,0.9025620818138123
2019-03-05,7.084644317626953
2019-03-06,13.12710952758789
2019-03-07,0.0
2019-03-08,1.658631682395935
2019-03-09,8.328941345214844
2019-03-10,0.08923260122537613
2019-03-11,0.0
2019-03-12,0.0
2019-03-13,28.381906509399414
2019-03-14,0.0
2019-03-15,0.7535118460655212
2019-03-16,1.6705772876739502
2019-03-17,4.278832912445068
2019-03-18,0.027681080624461174
2019-03-19,2.5796284675598145
2019-03-20,14.318466186523438
2019-03-21,0.0
2019-03-22,0.0
2019-03-23,0.0
2019-03-24,0.0
2019-03-25,0.0
2019-03-26,1.0886870622634888
2019-03-27,2.5670340061187744
2019-03-28,0.0027587437070906162
2019-03-29,0.0
2019-03-30,0.0
2019-03-31,6.5433549880981445
2019-04-01,23.678424835205078
2019-04-02,0.19200366735458374
2019-04-03,5.1938958168029785
2019-04-04,0.2723279297351837
2019-04-05,2.2142624855041504
2019-04-06,0.0
2019-04-07,0.0
2019-04-08,0.0
2019-04-09,0.0
2019-04-10,0.0
2019-04-11,0.0
2019-04-12,0.0
2019-04-13,0.0
2019-04-14,0.0
2019-04-15,0.0
2019-04-16,7.141907691955566
2019-04-17,3.301086187362671
2019-04-18,0.0
2019-04-19,0.004903179127722979
2019-04-20,7.6938652992248535
2019-04-21,0.27758219838142395
2019-04-22,0.0
2019-04-23,0.3088250160217285
2019-04-24,0.0
2019-04-25,0.0
2019-04-26,0.02394021302461624
2019-04-27,6.6491522789001465
2019-04-28,0.0
2019-04-29,0.0
2019-04-30,0.17384657263755798
2019-05-01,7.381338596343994
2019-05-02,0.0
2019-05-03,0.0
2019-05-04,0.0
2019-05-05,0.0
2019-05-06,0.0
2019-05-07,0.0
2019-05-08,2.6395015716552734
2019-05-09,0.0
2019-05-10,0.0
2019-05-11,0.0
2019-05-12,6.178036689758301
2019-05-13,1.0524280071258545
2019-05-14,0.0
2019-05-15,0.0
2019-05-16,0.0
2019-05-17,0.0
2019-05-18,0.0
2019-05-19,0.0
2019-05-20,0.0
2019-05-21,0.0
2019-05-22,0.0
2019-05-23,0.0
2019-05-24,0.0
2019-05-25,0.0
2019-05-26,0.0
2019-05-27,0.0
2019-05-28,0.0
2019-05-29,0.0
2019-05-30,0.0
2019-05-31,0.0
2019-06-01,0.0
2019-06-02,0.0
2019-06-03,0.0
2019-06-04,0.0
2019-06-05,0.0
2019-06-06,0.0
2019-06-07,0.0
2019-06-08,0.0
2019-06-09,0.0
2019-06-10,0.0
2019-06-11,2.916159152984619
2019-06-12,0.0
2019-06-13,0.0
2019-06-14,0.0
2019-06-15,0.6339476704597473
2019-06-16,1.698455572128296
2019-06-17,1.8787078857421875
2019-06-18,0.0
2019-06-19,0.0
2019-06-20,0.0
2019-06-21,0.0
2019-06-22,0.0
2019-06-23,0.0
2019-06-24,0.0
2019-06-25,0.0
2019-06-26,0.0
2019-06-27,0.0
2019-06-28,0.0
2019-06-29,0.0
2019-06-30,0.0
2019-07-01,0.0
2019-07-02,0.0
2019-07-03,0.0
2019-07-04,0.0
2019-07-05,0.0
2019-07-06,0.0
2019-07-07,0.0
2019-07-08,0.0
2019-07-09,0.0
2019-07-10,0.0
2019-07-11,0.0
2019-07-12,0.0
2019-07-13,0.0
2019-07-14,0.0
2019-07-15,0.0
2019-07-16,0.0
2019-07-17,0.0
2019-07-18,0.033552784472703934
2019-07-19,0.0
2019-07-20,0.014416090212762356
2019-07-21,0.0
2019-07-22,0.0
2019-07-23,3.6281862258911133
2019-07-24,1.8175069093704224
2019-07-25,0.45535725355148315
2019-07-26,0.0
2019-07-27,0.0
2019-07-28,0.0
2019-07-29,0.0
2019-07-30,0.0
2019-07-31,0.0
2019-08-01,0.0
2019-08-02,0.0
2019-08-03,0.0
2019-08-04,0.0
2019-08-05,0.0
2019-08-06,0.0
2019-08-07,0.0
2019-08-08,0.0
2019-08-09,0.0
2019-08-10,0.0
2019-08-11,0.0
2019-08-12,0.0
2019-08-13,0.0
2019-08-14,0.0
2019-08-15,0.0
2019-08-16,0.01488460786640644
2019-08-17,0.01488460786640644
2019-08-18,0.01488460786640644
2019-08-19,0.01488460786640644
2019-08-20,0.01488460786640644
2019-08-21,0.0
2019-08-22,0.0
2019-08-23,0.0
2019-08-24,3.4335222244262695
2019-08-25,8.599576950073242
2019-08-26,1.5620824098587036
2019-08-27,0.0
2019-08-28,0.0
2019-08-29,0.0
2019-08-30,0.0
2019-08-31,0.002986773382872343
2019-09-01,0.0
2019-09-02,0.0
2019-09-03,0.0
2019-09-04,4.407191753387451
2019-09-05,8.306981086730957
2019-09-06,6.660709381103516
2019-09-07,1.2805695533752441
2019-09-08,1.3251843452453613
2019-09-09,0.0
2019-09-10,0.0
2019-09-11,2.1268045902252197
2019-09-12,0.180596262216568
2019-09-13,0.3046063780784607
2019-09-14,0.6043805480003357
2019-09-15,0.0
2019-09-16,0.0
2019-09-17,0.0
2019-09-18,0.0
2019-09-19,0.0
2019-09-20,0.0
2019-09-21,0.0
2019-09-22,0.0
2019-09-23,0.0
2019-09-24,0.0
2019-09-25,0.0
2019-09-26,0.0
2019-09-27,0.0
2019-09-28,0.0
2019-09-29,0.0
2019-09-30,0.0
2019-10-01,0.02935144305229187
2019-10-02,0.43783679604530334
2019-10-03,0.0
2019-10-04,0.05781635269522667
2019-10-05,1.5482542514801025
2019-10-06,0.0
2019-10-07,0.0
2019-10-08,0.0
2019-10-09,0.0
2019-10-10,0.0
2019-10-11,0.0
2019-10-12,0.0
2019-10-13,6.169082164764404
2019-10-14,7.847934246063232
2019-10-15,0.0
2019-10-16,1.9094370603561401
2019-10-17,0.0
2019-10-18,0.0
2019-10-19,2.2913246154785156
2019-10-20,3.4369866847991943
2019-10-21,0.0
2019-10-22,0.0
2019-10-23,0.0
2019-10-24,0.0
2019-10-25,0.0
2019-10-26,0.0
2019-10-27,0.0
2019-10-28,0.0
2019-10-29,0.0
2019-10-30,0.0
2019-10-31,0.23724988102912903
2019-11-01,0.05945749580860138
2019-11-02,0.0
2019-11-03,0.0
2019-11-04,0.5014970302581787
2019-11-05,26.444002151489258
2019-11-06,0.007012013345956802
2019-11-07,0.6065391302108765
2019-11-08,1.2481485605239868
2019-11-09,1.5350141525268555
2019-11-10,1.4555995464324951
2019-11-11,0.05520991235971451
2019-11-12,3.7926597595214844
2019-11-13,1.3675212860107422
2019-11-14,7.280201435089111
2019-11-15,0.0
2019-11-16,0.0
2019-11-17,0.0
2019-11-18,0.0
2019-11-19,0.0
2019-11-20,0.0
2019-11-21,0.23122431337833405
2019-11-22,0.28586795926094055
2019-11-23,2.3505735397338867
2019-11-24,0.0468403622508049
2019-11-25,3.1403582096099854
2019-11-26,9.976035118103027
2019-11-27,2.2750115394592285
2019-11-28,0.0
2019-11-29,0.09285220503807068
2019-11-30,0.5766115784645081
2019-12-01,13.822970390319824
2019-12-02,0.07360606640577316
2019-12-03,5.540585517883301
2019-12-04,2.979961633682251
2019-12-05,12.366473197937012
2019-12-06,1.8159642219543457
2019-12-07,0.0
2019-12-08,8.800044059753418
2019-12-09,1.7533447742462158
2019-12-10,1.657404899597168
2019-12-11,2.563706398010254
2019-12-12,4.507133960723877
2019-12-13,0.05644078180193901
2019-12-14,0.0
2019-12-15,7.488427639007568
2019-12-16,0.0
2019-12-17,0.0
2019-12-18,0.0
2019-12-19,0.0
2019-12-20,7.538277626037598
2019-12-21,2.1656851768493652
2019-12-22,0.15734197199344635
2019-12-23,0.04949202015995979
2019-12-24,0.12123978137969971
2019-12-25,3.539963483810425
2019-12-26,0.39721909165382385
2019-12-27,4.371363639831543
2019-12-28,0.49468711018562317
2019-12-29,2.292835235595703
2019-12-30,10.927663803100586
2019-12-31,7.916874408721924
2020-01-01,1.6498643159866333
2020-01-02,5.105345726013184
2020-01-03,6.276070594787598
2020-01-04,2.3309671878814697
2020-01-05,14.183513641357422
2020-01-06,10.038711547851562
2020-01-07,0.1499815285205841
2020-01-08,0.032458558678627014
2020-01-09,0.024715151637792587
2020-01-10,1.386073350906372
2020-01-11,8.963174819946289
2020-01-12,0.15537193417549133
2020-01-13,7.291539192199707
2020-01-14,7.293440818786621
2020-01-15,0.0
2020-01-16,18.85364532470703
2020-01-17,5.032060146331787
2020-01-18,0.5651288628578186
2020-01-19,0.9048333168029785
2020-01-20,0.028466666117310524
2020-01-21,11.724387168884277
2020-01-22,0.3845120668411255
2020-01-23,0.26138144731521606
2020-01-24,0.0
2020-01-25,0.0
2020-01-26,0.0
2020-01-27,0.0
2020-01-28,23.07515525817871
2020-01-29,1.1521868705749512
2020-01-30,2.6930410861968994
2020-01-31,0.005348775070160627
2020-02-01,0.0
2020-02-02,0.0
2020-02-03,7.3064680099487305
2020-02-04,0.9607227444648743
2020-02-05,4.267124176025391
2020-02-06,14.741888999938965
2020-02-07,23.924861907958984
2020-02-08,12.453666687011719
2020-02-09,0.687950074672699
2020-02-10,0.9306804537773132
2020-02-11,7.3777666091918945
2020-02-12,0.0
2020-02-13,0.0
2020-02-14,0.0
2020-02-15,25.040254592895508
2020-02-16,0.40225112438201904
2020-02-17,0.0
2020-02-18,27.82509994506836
2020-02-19,0.36174705624580383
2020-02-20,1.4344621896743774
2020-02-21,28.777271270751953
2020-02-22,0.0
2020-02-23,1.0129573345184326
2020-02-24,8.212167739868164
2020-02-25,0.0
2020-02-26,12.067825317382812
2020-02-27,0.023849453777074814
2020-02-28,0.0
2020-02-29,0.0
2020-03-01,0.0
2020-03-02,0.0
2020-03-03,0.0
2020-03-04,0.0
2020-03-05,0.0
2020-03-06,0.0
2020-03-07,0.0
2020-03-08,0.0
2020-03-09,0.0
2020-03-10,0.0
2020-03-11,0.38036680221557617
2020-03-12,5.740080833435059
2020-03-13,0.38036680221557617
2020-03-14,0.38036680221557617
2020-03-15,0.7261548042297363
2020-03-16,1.1999074220657349
2020-03-17,0.006371430587023497
2020-03-18,5.347044944763184
2020-03-19,10.803529739379883
2020-03-20,7.876327037811279
2020-03-21,0.0
2020-03-22,0.0
2020-03-23,0.0
2020-03-24,0.0
2020-03-25,0.0
2020-03-26,2.453948736190796
2020-03-27,0.0
2020-03-28,0.0
2020-03-29,0.0
2020-03-30,0.0014260136522352695
2020-03-31,1.9367475509643555
2020-04-01,0.01170356385409832
2020-04-02,2.699951171875
2020-04-03,0.0
2020-04-04,0.6490955948829651
2020-04-05,5.738933086395264
2020-04-06,0.0
2020-04-07,0.0
2020-04-08,0.0
2020-04-09,0.0
2020-04-10,0.0
2020-04-11,0.0
2020-04-12,0.0
2020-04-13,0.0
2020-04-14,0.0
2020-04-15,0.0
2020-04-16,0.0
2020-04-17,0.0
2020-04-18,0.0
2020-04-19,0.0
2020-04-20,0.0
2020-04-21,0.0
2020-04-22,0.0
2020-04-23,0.0
2020-04-24,0.0
2020-04-25,0.0
2020-04-26,0.0
2020-04-27,0.0
2020-04-28,0.0
2020-04-29,0.0
2020-04-30,0.0
2020-05-01,0.0
2020-05-02,0.0
2020-05-03,0.0
2020-05-04,0.0
2020-05-05,13.753649711608887
2020-05-06,0.05552532523870468
2020-05-07,0.05889049172401428
2020-05-08,0.0067303418181836605
2020-05-09,0.0067303418181836605
2020-05-10,0.0067303418181836605
2020-05-11,0.0
2020-05-12,0.0
2020-05-13,0.0
2020-05-14,0.0
2020-05-15,0.0
2020-05-16,0.0
2020-05-17,0.0
2020-05-18,0.0
2020-05-19,0.0
2020-05-20,0.0
2020-05-21,0.0
2020-05-22,0.0
2020-05-23,0.0
2020-05-24,0.0
2020-05-25,0.0
2020-05-26,0.0
2020-05-27,0.0
2020-05-28,0.0
2020-05-29,0.0
2020-05-30,0.0
2020-05-31,0.0
2020-06-01,0.0
2020-06-02,0.0
2020-06-03,0.0
2020-06-04,0.0
2020-06-05,0.0
2020-06-06,0.0
2020-06-07,0.0
2020-06-08,0.0
2020-06-09,0.0
2020-06-10,0.0
2020-06-11,0.0
2020-06-12,0.0
2020-06-13,0.0
2020-06-14,0.0
2020-06-15,0.0
2020-06-16,0.0
2020-06-17,0.0
2020-06-18,0.0
2020-06-19,0.0
2020-06-20,0.0
2020-06-21,0.0
2020-06-22,0.0
2020-06-23,0.0
2020-06-24,0.0
2020-06-25,0.0
2020-06-26,0.0
2020-06-27,0.0
2020-06-28,0.0
2020-06-29,0.0
2020-06-30,0.0
2020-07-01,0.0
2020-07-02,0.0
2020-07-03,0.0
2020-07-04,0.0
2020-07-05,0.0
2020-07-06,0.0
2020-07-07,0.0
2020-07-08,0.0
2020-07-09,0.0
2020-07-10,0.0
2020-07-11,0.0
2020-07-12,0.0
2020-07-13,0.0
2020-07-14,0.0
2020-07-15,0.0
2020-07-16,0.0
2020-07-17,0.0
2020-07-18,0.0
2020-07-19,0.0
2020-07-20,0.0
2020-07-21,0.0
2020-07-22,0.0
2020-07-23,0.0
2020-07-24,0.0
2020-07-25,0.0
2020-07-26,0.0
2020-07-27,0.0
2020-07-28,0.0
2020-07-29,0.0
2020-07-30,0.0
2020-07-31,0.0
2020-08-01,0.0
2020-08-02,0.0
2020-08-03,0.0
2020-08-04,0.0
2020-08-05,0.0
2020-08-06,0.0
2020-08-07,0.0
2020-08-08,0.0
2020-08-09,0.0
2020-08-10,0.0
2020-08-11,0.0
2020-08-12,0.0
2020-08-13,0.0
2020-08-14,0.0
2020-08-15,0.0
2020-08-16,0.0
2020-08-17,0.0
2020-08-18,0.0
2020-08-19,0.0
2020-08-20,0.21073491871356964
2020-08-21,0.0
2020-08-22,0.0
2020-08-23,0.0
2020-08-24,0.0
2020-08-25,0.0
2020-08-26,0.022145364433526993
2020-08-27,0.022145364433526993
2020-08-28,0.022145364433526993
2020-08-29,0.022145364433526993
2020-08-30,0.022145364433526993
2020-08-31,0.06643609702587128
2020-09-01,0.0
2020-09-02,0.0
2020-09-03,0.0
2020-09-04,0.0
2020-09-05,0.0
2020-09-06,0.0
2020-09-07,3.7437584400177
2020-09-08,4.021073818206787
2020-09-09,0.0
2020-09-10,0.0
2020-09-11,0.0
2020-09-12,0.0
2020-09-13,0.0
2020-09-14,0.3842489719390869
2020-09-15,18.315868377685547
2020-09-16,1.4076271057128906
2020-09-17,4.906012535095215
2020-09-18,0.007207774091511965
2020-09-19,2.3252174854278564
2020-09-20,0.2050817757844925
2020-09-21,0.0
2020-09-22,0.0
2020-09-23,0.0
2020-09-24,0.0
2020-09-25,0.0
2020-09-26,0.0
2020-09-27,0.0
2020-09-28,0.0
2020-09-29,0.0
2020-09-30,0.0
2020-10-01,0.0
2020-10-02,0.0
2020-10-03,0.0
2020-10-04,0.0
2020-10-05,0.0
2020-10-06,0.6811997890472412
2020-10-07,0.6811997890472412
2020-10-08,0.6811997890472412
2020-10-09,1.4921518564224243
2020-10-10,1.0055806636810303
2020-10-11,0.07744217664003372
2020-10-12,0.0
2020-10-13,0.964959442615509
2020-10-14,7.185643196105957
2020-10-15,11.080867767333984
2020-10-16,0.5920515656471252
2020-10-17,15.119759559631348
2020-10-18,0.14748772978782654
2020-10-19,0.1600428968667984
2020-10-20,2.616616725921631
2020-10-21,0.015990227460861206
2020-10-22,1.6008377075195312
2020-10-23,0.14507117867469788
2020-10-24,6.5677337646484375
2020-10-25,0.22336314618587494
2020-10-26,0.0
2020-10-27,0.0
2020-10-28,0.0
2020-10-29,0.0
2020-10-30,0.0
2020-10-31,0.0
2020-11-01,0.0
2020-11-02,0.0
2020-11-03,0.0
2020-11-04,0.0
2020-11-05,0.0
2020-11-06,0.11104505509138107
2020-11-07,0.2649063467979431
2020-11-08,0.0
2020-11-09,7.5475239753723145
2020-11-10,0.11790745705366135
2020-11-11,9.009799003601074
2020-11-12,0.014404093846678734
2020-11-13,6.651419639587402
2020-11-14,0.15964893996715546
2020-11-15,0.0
2020-11-16,0.0
2020-11-17,0.0
2020-11-18,0.0
2020-11-19,0.0
2020-11-20,0.0
2020-11-21,0.0
2020-11-22,0.0
2020-11-23,0.0
2020-11-24,0.0
2020-11-25,12.816590309143066
2020-11-26,19.808992385864258
2020-11-27,5.339827537536621
2020-11-28,0.0
2020-11-29,1.1592605113983154
2020-11-30,4.941958427429199
2020-12-01,0.7214962244033813
2020-12-02,0.0
2020-12-03,15.430054664611816
2020-12-04,0.0
2020-12-05,0.2911852300167084
2020-12-06,0.0
2020-12-07,0.0
2020-12-08,0.0
2020-12-09,0.0
2020-12-10,0.0
2020-12-11,0.0
2020-12-12,6.6798906326293945
2020-12-13,3.795656442642212
2020-12-14,0.0
2020-12-15,0.0054137189872562885
2020-12-16,4.144335746765137
2020-12-17,0.0
2020-12-18,0.0
2020-12-19,4.461197376251221
2020-12-20,4.945303440093994
2020-12-21,0.0
2020-12-22,0.0
2020-12-23,0.0
2020-12-24,3.61100172996521
2020-12-25,5.258054733276367
2020-12-26,24.70115089416504
2020-12-27,0.45338428020477295
2020-12-28,0.0794028788805008
2020-12-29,0.011236739344894886
2020-12-30,0.03561702370643616
2020-12-31,0.0
2021-01-01,0.008354296907782555
2021-01-02,0.0
2021-01-03,4.794410228729248
2021-01-04,10.004390716552734
2021-01-05,0.11547446995973587
2021-01-06,1.5889281034469604
2021-01-07,2.4277825355529785
2021-01-08,37.57268142700195
2021-01-09,13.607515335083008
2021-01-10,10.235176086425781
2021-01-11,1.0520644187927246
2021-01-12,18.026344299316406
2021-01-13,0.8444165587425232
2021-01-14,2.533163547515869
2021-01-15,0.0
2021-01-16,0.035565197467803955
2021-01-17,38.10557556152344
2021-01-18,0.5489374399185181
2021-01-19,0.0
2021-01-20,0.0
2021-01-21,0.0
2021-01-22,0.0
2021-01-23,0.537547767162323
2021-01-24,2.639418363571167
2021-01-25,7.703898906707764
2021-01-26,15.231947898864746
2021-01-27,1.1943289041519165
2021-01-28,3.658003091812134
2021-01-29,1.590177059173584
2021-01-30,12.871209144592285
2021-01-31,8.407498359680176
2021-02-01,4.153480529785156
2021-02-02,5.868043422698975
2021-02-03,10.322738647460938
2021-02-04,0.22241871058940887
2021-02-05,0.0
2021-02-06,3.690171003341675
2021-02-07,0.0
2021-02-08,21.566696166992188
2021-02-09,0.30187490582466125
2021-02-10,0.0
2021-02-11,0.5264126658439636
2021-02-12,0.0
2021-02-13,0.0
2021-02-14,0.4690937101840973
2021-02-15,16.827669143676758
2021-02-16,17.83335304260254
2021-02-17,30.915790557861328
2021-02-18,0.16414253413677216
2021-02-19,0.5566547513008118
2021-02-20,0.09668829292058945
2021-02-21,0.0
2021-02-22,0.0
2021-02-23,0.0
2021-02-24,0.0
2021-02-25,23.855411529541016
2021-02-26,21.886981964111328
2021-02-27,0.8982071876525879
2021-02-28,0.8154644966125488
2021-03-01,0.0
2021-03-02,0.22002342343330383
2021-03-03,0.0
2021-03-04,0.007261251099407673
2021-03-05,11.82806396484375
2021-03-06,2.9686665534973145
2021-03-07,0.0
2021-03-08,0.0
2021-03-09,0.0
2021-03-10,1.130265235900879
2021-03-11,6.902533531188965
2021-03-12,0.580906331539154
2021-03-13,0.580906331539154
2021-03-14,2.9728734493255615
2021-03-15,0.580906331539154
2021-03-16,0.8621423840522766
2021-03-17,26.48542594909668
2021-03-18,3.3671607971191406
2021-03-19,0.0
2021-03-20,0.0
2021-03-21,0.10161817073822021
2021-03-22,0.10161817073822021
2021-03-23,0.6847521066665649
2021-03-24,0.10161817073822021
2021-03-25,1.0427567958831787
2021-03-26,1.5516775846481323
2021-03-27,43.6898193359375
2021-03-28,0.38408467173576355
2021-03-29,1.1003766059875488
2021-03-30,0.11887744069099426
2021-03-31,0.09854666888713837
2021-04-01,0.25964027643203735
2021-04-02,0.0
2021-04-03,0.0
2021-04-04,0.0
2021-04-05,16.728252410888672
2021-04-06,0.0
2021-04-07,0.0
2021-04-08,0.0
2021-04-09,0.0
2021-04-10,0.0
2021-04-11,19.953109741210938
2021-04-12,0.0
2021-04-13,0.0
2021-04-14,0.0
2021-04-15,0.0
2021-04-16,0.7977901697158813
2021-04-17,0.7977901697158813
2021-04-18,0.7977901697158813
2021-04-19,4.786741256713867
2021-04-20,0.7977901697158813
2021-04-21,0.0
2021-04-22,12.884103775024414
2021-04-23,1.0087741613388062
2021-04-24,1.6367570161819458
2021-04-25,0.18537649512290955
2021-04-26,0.0
2021-04-27,0.0
2021-04-28,0.0
2021-04-29,0.0
2021-04-30,0.0
2021-05-01,0.0
2021-05-02,0.0
2021-05-03,0.0
2021-05-04,0.0
2021-05-05,0.0
2021-05-06,0.0
2021-05-07,0.0
2021-05-08,0.0
2021-05-09,0.0
2021-05-10,0.0
2021-05-11,0.0
2021-05-12,0.0
2021-05-13,0.0
2021-05-14,0.0
2021-05-15,0.0
2021-05-16,0.0
2021-05-17,0.0
2021-05-18,0.0
2021-05-19,0.0
2021-05-20,0.0
2021-05-21,0.0
2021-05-22,0.0
2021-05-23,0.0
2021-05-24,0.0
2021-05-25,0.0
2021-05-26,0.7999911308288574
2021-05-27,5.4710564613342285
2021-05-28,0.0
2021-05-29,0.0
2021-05-30,0.31590524315834045
2021-05-31,0.10455689579248428
2021-06-01,0.21494118869304657
2021-06-02,0.21494118869304657
2021-06-03,0.21494118869304657
2021-06-04,0.21494118869304657
2021-06-05,1.2896472215652466
2021-06-06,0.0
2021-06-07,0.0
2021-06-08,0.0
2021-06-09,0.0
2021-06-10,0.0
2021-06-11,0.0
2021-06-12,0.0
2021-06-13,0.0
2021-06-14,0.0
2021-06-15,0.0
2021-06-16,0.7283937931060791
2021-06-17,0.7283937931060791
2021-06-18,0.7283937931060791
2021-06-19,0.7283937931060791
2021-06-20,0.7283937931060791
2021-06-21,0.0
2021-06-22,0.0
2021-06-23,0.0
2021-06-24,0.0
2021-06-25,0.0
2021-06-26,0.0
2021-06-27,0.0
2021-06-28,0.0
2021-06-29,0.0
2021-06-30,0.0
2021-07-01,0.0
2021-07-02,0.0
2021-07-03,0.0
2021-07-04,0.0
2021-07-05,0.0
2021-07-06,0.0
2021-07-07,0.0
2021-07-08,0.0
2021-07-09,0.0
2021-07-10,0.0
2021-07-11,0.0
2021-07-12,0.0
2021-07-13,0.0
2021-07-14,0.0
2021-07-15,0.0
2021-07-16,0.0
2021-07-17,0.0
2021-07-18,0.0
2021-07-19,0.0
2021-07-20,0.0
2021-07-21,0.0
2021-07-22,0.0
2021-07-23,0.0
2021-07-24,0.0
2021-07-25,0.0
2021-07-26,0.0
2021-07-27,0.0
2021-07-28,0.0
2021-07-29,0.0
2021-07-30,0.0
2021-07-31,0.0
2021-08-01,0.0
2021-08-02,0.0
2021-08-03,0.00044630211777985096
2021-08-04,0.41833171248435974
2021-08-05,0.5407715439796448
2021-08-06,0.0
2021-08-07,0.0
2021-08-08,0.0
2021-08-09,0.0
2021-08-10,0.0
2021-08-11,0.0
2021-08-12,0.0
2021-08-13,0.0
2021-08-14,0.0
2021-08-15,0.0
2021-08-16,0.013442414812743664
2021-08-17,0.013442414812743664
2021-08-18,0.013442414812743664
2021-08-19,0.013442414812743664
2021-08-20,0.013442414812743664
2021-08-21,0.0
2021-08-22,0.0
2021-08-23,0.0
2021-08-24,0.0
2021-08-25,0.0
2021-08-26,0.0
2021-08-27,0.0
2021-08-28,0.0
2021-08-29,0.0
2021-08-30,0.0
2021-08-31,0.0
2021-09-01,0.04003893584012985
2021-09-02,0.04003893584012985
2021-09-03,0.10677050054073334
2021-09-04,0.04003893584012985
2021-09-05,0.04003893584012985
2021-09-06,0.0
2021-09-07,0.0
2021-09-08,0.0
2021-09-09,0.0
2021-09-10,0.0
2021-09-11,0.0
2021-09-12,0.0
2021-09-13,1.486333966255188
2021-09-14,0.10017077624797821
2021-09-15,0.7985134720802307
2021-09-16,1.0330443382263184
2021-09-17,0.0
2021-09-18,0.0
2021-09-19,0.0
2021-09-20,1.0034818649291992
2021-09-21,12.994429588317871
2021-09-22,0.7572433352470398
2021-09-23,8.397160530090332
2021-09-24,1.6087372303009033
2021-09-25,0.0
2021-09-26,0.0
2021-09-27,0.0
2021-09-28,0.0
2021-09-29,0.0
2021-09-30,0.0
2021-10-01,0.0
2021-10-02,0.0
2021-10-03,0.0
2021-10-04,0.0
2021-10-05,0.0
2021-10-06,7.857115268707275
2021-10-07,10.19764232635498
2021-10-08,4.106149196624756
2021-10-09,7.701521873474121
2021-10-10,4.701662063598633
2021-10-11,0.0
2021-10-12,0.0
2021-10-13,0.0
2021-10-14,0.49668195843696594
2021-10-15,0.6232672333717346
2021-10-16,0.0
2021-10-17,0.0
2021-10-18,0.0
2021-10-19,0.0
2021-10-20,0.0
2021-10-21,0.0
2021-10-22,0.0
2021-10-23,0.0
2021-10-24,0.0
2021-10-25,0.0
2021-10-26,0.0
2021-10-27,0.0
2021-10-28,0.0
2021-10-29,0.006968501955270767
2021-10-30,0.8425756096839905
2021-10-31,3.5791614055633545
2021-11-01,18.477874755859375
2021-11-02,11.060839653015137
2021-11-03,0.0
2021-11-04,2.597921371459961
2021-11-05,5.267930030822754
2021-11-06,9.364773750305176
2021-11-07,5.108058452606201
2021-11-08,0.8513430953025818
2021-11-09,0.8513430953025818
2021-11-10,0.8513430953025818
2021-11-11,17.245269775390625
2021-11-12,0.0
2021-11-13,0.0
2021-11-14,2.0333549976348877
2021-11-15,0.8346567749977112
2021-11-16,0.0
2021-11-17,0.0
2021-11-18,0.0
2021-11-19,0.0
2021-11-20,0.0
2021-11-21,0.0
2021-11-22,0.0
2021-11-23,1.6891367435455322
2021-11-24,6.982678413391113
2021-11-25,0.0
2021-11-26,0.2401350438594818
2021-11-27,0.0
2021-11-28,10.323297500610352
2021-11-29,0.19695226848125458
2021-11-30,0.02226981148123741
2021-12-01,0.0
2021-12-02,0.0
2021-12-03,1.2114813327789307
2021-12-04,6.908857345581055
2021-12-05,19.236997604370117
2021-12-06,0.2261950969696045
2021-12-07,0.0903610810637474
2021-12-08,7.148752689361572
2021-12-09,0.3467044532299042
2021-12-10,2.5054073333740234
2021-12-11,11.61487865447998
2021-12-12,3.6089601516723633
2021-12-13,3.3896689414978027
2021-12-14,3.010376214981079
2021-12-15,0.23849020898342133
2021-12-16,4.578424453735352
2021-12-17,2.262565851211548
2021-12-18,0.735032320022583
2021-12-19,4.438209056854248
2021-12-20,14.966568946838379
2021-12-21,8.967508316040039
2021-12-22,6.416074275970459
2021-12-23,2.7495429515838623
2021-12-24,0.11360694468021393
2021-12-25,2.7508273124694824
2021-12-26,0.42738696932792664
2021-12-27,0.0
2021-12-28,0.25928518176078796
2021-12-29,0.015669193118810654
2021-12-30,0.01334783062338829
2021-12-31,0.4264209270477295
2022-01-01,0.29560860991477966
2022-01-02,5.029759883880615
2022-01-03,7.899832725524902
2022-01-04,24.89080810546875
2022-01-05,5.8392558097839355
2022-01-06,0.39538028836250305
2022-01-07,0.7861893773078918
2022-01-08,1.3942745923995972
2022-01-09,1.3720719814300537
2022-01-10,8.937926292419434
2022-01-11,0.0
2022-01-12,0.0
2022-01-13,0.0
2022-01-14,0.0
2022-01-15,0.0
2022-01-16,0.22203390300273895
2022-01-17,15.816975593566895
2022-01-18,24.21000099182129
2022-01-19,0.051033999770879745
2022-01-20,0.0
2022-01-21,0.053576063364744186
2022-01-22,10.375380516052246
2022-01-23,22.760906219482422
2022-01-24,8.338959693908691
2022-01-25,0.0
2022-01-26,0.0
2022-01-27,2.9904210567474365
2022-01-28,2.624591827392578
2022-01-29,0.0
2022-01-30,0.18988163769245148
2022-01-31,6.313155174255371
2022-02-01,10.994109153747559
2022-02-02,0.11991741508245468
2022-02-03,3.4666872024536133
2022-02-04,6.030014514923096
2022-02-05,9.810675621032715
2022-02-06,0.34849628806114197
2022-02-07,0.07340294867753983
2022-02-08,0.035158272832632065
2022-02-09,0.20791874825954437
2022-02-10,0.038189154118299484
2022-02-11,4.148438930511475
2022-02-12,11.528732299804688
2022-02-13,0.0
2022-02-14,0.0
2022-02-15,0.0
2022-02-16,0.0
2022-02-17,19.81987190246582
2022-02-18,0.0
2022-02-19,0.0
2022-02-20,2.305156946182251
2022-02-21,12.605154037475586
2022-02-22,11.96669864654541
2022-02-23,0.4612112045288086
2022-02-24,0.0
2022-02-25,0.21288307011127472
2022-02-26,0.0
2022-02-27,0.0
2022-02-28,0.23075906932353973
2022-03-01,0.014556492678821087
2022-03-02,0.0
2022-03-03,5.982718467712402
2022-03-04,0.0
2022-03-05,0.0
2022-03-06,0.04581858217716217
2022-03-07,0.0
2022-03-08,10.701516151428223
2022-03-09,0.0
2022-03-10,3.306532859802246
2022-03-11,11.959657669067383
2022-03-12,0.08055856078863144
2022-03-13,0.0
2022-03-14,0.0
2022-03-15,0.2949012815952301
2022-03-16,0.0
2022-03-17,0.0
2022-03-18,6.6275105476379395
2022-03-19,1.8111966848373413
2022-03-20,0.0
2022-03-21,0.0
2022-03-22,2.152181625366211
2022-03-23,0.0
2022-03-24,0.0
2022-03-25,13.199917793273926
2022-03-26,0.0
2022-03-27,0.0
2022-03-28,0.0
2022-03-29,0.0
2022-03-30,0.0
2022-03-31,0.0
2022-04-01,0.0
2022-04-02,3.61295485496521
2022-04-03,7.2555832862854
2022-04-04,4.421602725982666
2022-04-05,0.23818135261535645
2022-04-06,0.0
2022-04-07,5.03272008895874
2022-04-08,19.425125122070312
2022-04-09,0.0
2022-04-10,0.9129380583763123
2022-04-11,0.0
2022-04-12,0.0
2022-04-13,0.0
2022-04-14,0.0
2022-04-15,0.0
2022-04-16,0.0
2022-04-17,0.0
2022-04-18,0.0
2022-04-19,0.0
2022-04-20,0.0
2022-04-21,0.0
2022-04-22,0.0
2022-04-23,0.0
2022-04-24,0.0
2022-04-25,0.0
2022-04-26,0.0
2022-04-27,0.0
2022-04-28,0.0
2022-04-29,0.0
2022-04-30,0.0
2022-05-01,0.0
2022-05-02,0.0
2022-05-03,0.0
2022-05-04,0.0
2022-05-05,0.0
2022-05-06,0.0
2022-05-07,0.0
2022-05-08,0.0
2022-05-09,0.0
2022-05-10,0.0
2022-05-11,0.0
2022-05-12,0.0
2022-05-13,0.0
2022-05-14,0.0
2022-05-15,0.0
2022-05-16,0.0
2022-05-17,0.0
2022-05-18,0.0
2022-05-19,0.0
2022-05-20,0.0
2022-05-21,0.0
2022-05-22,0.0
2022-05-23,0.0
2022-05-24,0.0
2022-05-25,0.0
2022-05-26,0.0
2022-05-27,0.0
2022-05-28,0.0
2022-05-29,0.0
2022-05-30,0.0
2022-05-31,0.0
2022-06-01,0.0
2022-06-02,0.0
2022-06-03,0.0
2022-06-04,0.0
2022-06-05,0.0
2022-06-06,0.0
2022-06-07,0.0
2022-06-08,0.0
2022-06-09,0.0
2022-06-10,0.0
2022-06-11,0.0
2022-06-12,0.0
2022-06-13,0.0
2022-06-14,0.0
2022-06-15,0.0
2022-06-16,0.0
2022-06-17,0.0
2022-06-18,0.0
2022-06-19,0.0
2022-06-20,0.0
2022-06-21,0.0
2022-06-22,0.0
2022-06-23,0.0
2022-06-24,0.0
2022-06-25,0.0
2022-06-26,0.0
2022-06-27,0.0
2022-06-28,0.0
2022-06-29,0.0
2022-06-30,0.0
2022-07-01,0.0
2022-07-02,0.0
2022-07-03,0.0
2022-07-04,0.0
2022-07-05,0.0
2022-07-06,0.0
2022-07-07,0.0
2022-07-08,0.0
2022-07-09,0.0
2022-07-10,0.0
2022-07-11,0.0
2022-07-12,0.0
2022-07-13,0.0
2022-07-14,0.0
2022-07-15,0.0
2022-07-16,0.0
2022-07-17,0.0
2022-07-18,0.0
2022-07-19,0.0
2022-07-20,0.0
2022-07-21,0.0
2022-07-22,0.0
2022-07-23,0.0
2022-07-24,0.0
2022-07-25,0.0
2022-07-26,0.0
2022-07-27,0.0
2022-07-28,0.0
2022-07-29,0.0
2022-07-30,0.0
2022-07-31,0.0
2022-08-01,0.0
2022-08-02,0.0
2022-08-03,0.0
2022-08-04,0.0
2022-08-05,0.0
2022-08-06,0.0
2022-08-07,0.0
2022-08-08,0.0
2022-08-09,0.0
2022-08-10,0.0
2022-08-11,0.0
2022-08-12,0.0
2022-08-13,0.0
2022-08-14,0.0
2022-08-15,0.0
2022-08-16,0.016349295154213905
2022-08-17,0.016349295154213905
2022-08-18,0.016349295154213905
2022-08-19,0.016349295154213905
2022-08-20,0.016349295154213905
2022-08-21,0.0
2022-08-22,0.0
2022-08-23,0.0
2022-08-24,0.0
2022-08-25,0.0
2022-08-26,0.0
2022-08-27,0.0
2022-08-28,0.0
2022-08-29,0.0
2022-08-30,0.0
2022-08-31,0.0
2022-09-01,0.0
2022-09-02,0.0
2022-09-03,0.0
2022-09-04,0.0
2022-09-05,0.0
2022-09-06,0.0
2022-09-07,0.0
2022-09-08,0.0
2022-09-09,0.0
2022-09-10,0.0
2022-09-11,0.0
2022-09-12,0.0
2022-09-13,0.0
2022-09-14,0.0
2022-09-15,0.0
2022-09-16,0.0
2022-09-17,0.0
2022-09-18,0.0
2022-09-19,0.0
2022-09-20,0.0
2022-09-21,0.0
2022-09-22,0.0
2022-09-23,0.0
2022-09-24,0.0
2022-09-25,0.0
2022-09-26,0.42525625228881836
2022-09-27,0.42525625228881836
2022-09-28,0.42525625228881836
2022-09-29,0.42525625228881836
2022-09-30,0.42525625228881836
2022-10-01,0.0
2022-10-02,0.0
2022-10-03,0.0
2022-10-04,0.0
2022-10-05,0.0
2022-10-06,0.0
2022-10-07,0.0
2022-10-08,0.0
2022-10-09,0.0
2022-10-10,0.0
2022-10-11,0.0
2022-10-12,0.0
2022-10-13,0.0
2022-10-14,0.0
2022-10-15,0.0
2022-10-16,0.0
2022-10-17,0.0
2022-10-18,0.0
2022-10-19,0.0
2022-10-20,0.0
2022-10-21,0.0
2022-10-22,0.0
2022-10-23,0.0
2022-10-24,0.0
2022-10-25,0.0
2022-10-26,0.0
2022-10-27,0.0
2022-10-28,0.0
2022-10-29,0.0
2022-10-30,0.0
2022-10-31,0.0
2022-11-01,0.0
2022-11-02,0.0
2022-11-03,0.0
2022-11-04,0.0
2022-11-05,0.0
2022-11-06,0.0
2022-11-07,0.006232743617147207
2022-11-08,0.715099036693573
2022-11-09,0.0
2022-11-10,0.14501969516277313
2022-11-11,0.0
2022-11-12,0.0
2022-11-13,0.0
2022-11-14,0.0
2022-11-15,0.0
2022-11-16,0.0
2022-11-17,0.0
2022-11-18,0.0
2022-11-19,5.201579570770264
2022-11-20,0.0
2022-11-21,1.0398430824279785
2022-11-22,1.9404001235961914
2022-11-23,0.1753084361553192
2022-11-24,0.1753084361553192
2022-11-25,0.1753084361553192
2022-11-26,0.0
2022-11-27,0.0
2022-11-28,0.0
2022-11-29,4.465010643005371
2022-11-30,1.556958794593811
2022-12-01,0.0
2022-12-02,0.0
2022-12-03,0.0
2022-12-04,0.0
2022-12-05,0.0
2022-12-06,0.0
2022-12-07,0.0
2022-12-08,0.07186155021190643
2022-12-09,6.978358745574951
2022-12-10,11.680656433105469
2022-12-11,29.992652893066406
2022-12-12,0.042542748153209686
2022-12-13,15.536993026733398
2022-12-14,0.2159297615289688
2022-12-15,0.02029315009713173
2022-12-16,1.231734275817871
2022-12-17,3.4294300079345703
2022-12-18,0.06452357023954391
2022-12-19,0.04187791422009468
2022-12-20,0.15231378376483917
2022-12-21,1.1181511878967285
2022-12-22,0.014913487248122692
2022-12-23,1.3710660934448242
2022-12-24,0.012292202562093735
2022-12-25,0.04527229443192482
2022-12-26,0.0
2022-12-27,0.0
2022-12-28,0.0
2022-12-29,0.0
2022-12-30,0.0
2022-12-31,0.0
2023-01-01,1.7810169458389282
2023-01-02,17.40749168395996
2023-01-03,0.12888479232788086
2023-01-04,1.2667862176895142
2023-01-05,0.0
2023-01-06,0.0
2023-01-07,0.01758706383407116
2023-01-08,3.534726142883301
2023-01-09,1.4422634840011597
2023-01-10,0.007965831086039543
2023-01-11,0.0
2023-01-12,22.97429656982422
2023-01-13,4.186593532562256
2023-01-14,20.118568420410156
2023-01-15,0.3916356861591339
2023-01-16,0.0
2023-01-17,0.0
2023-01-18,4.1048583984375
2023-01-19,3.9065191745758057
2023-01-20,0.0
2023-01-21,0.0
2023-01-22,0.0
2023-01-23,21.512184143066406
2023-01-24,0.06206710636615753
2023-01-25,0.04041554778814316
2023-01-26,0.1692872941493988
2023-01-27,0.0449896939098835
2023-01-28,3.3139851093292236
2023-01-29,8.462141990661621
2023-01-30,0.0
2023-01-31,15.972417831420898
2023-02-01,0.10422283411026001
2023-02-02,0.009047484956681728
2023-02-03,13.87975788116455
2023-02-04,1.2199907302856445
2023-02-05,3.4790854454040527
2023-02-06,6.65939998626709
2023-02-07,5.082954406738281
2023-02-08,0.20863991975784302
2023-02-09,3.0345163345336914
2023-02-10,8.398022651672363
2023-02-11,0.0
2023-02-12,9.539173126220703
2023-02-13,1.0771151781082153
2023-02-14,0.0
2023-02-15,18.613754272460938
2023-02-16,0.523310661315918
2023-02-17,2.2552762031555176
2023-02-18,0.016480350866913795
2023-02-19,0.0
2023-02-20,0.0
2023-02-21,0.0
2023-02-22,0.0
2023-02-23,6.783154010772705
2023-02-24,0.017392702400684357
2023-02-25,2.591512680053711
2023-02-26,14.601181030273438
2023-02-27,0.0
2023-02-28,0.0
2023-03-01,7.288167476654053
2023-03-02,7.891146659851074
2023-03-03,0.0
2023-03-04,0.0
2023-03-05,0.0
2023-03-06,1.2497551441192627
2023-03-07,2.276371479034424
2023-03-08,0.28119486570358276
2023-03-09,15.734173774719238
2023-03-10,0.0
2023-03-11,0.13455410301685333
2023-03-12,0.0
2023-03-13,0.08681473135948181
2023-03-14,0.4964120388031006
2023-03-15,20.61153793334961
2023-03-16,0.0
2023-03-17,0.0
2023-03-18,0.0
2023-03-19,0.0
2023-03-20,0.0
2023-03-21,0.0
2023-03-22,11.765073776245117
2023-03-23,3.1923160552978516
2023-03-24,4.51101016998291
2023-03-25,2.3508195877075195
2023-03-26,28.241622924804688
2023-03-27,0.0
2023-03-28,1.241690754890442
2023-03-29,4.552459716796875
2023-03-30,14.510988235473633
2023-03-31,0.5632243156433105
2023-04-01,1.3735488653182983
2023-04-02,0.0
2023-04-03,0.975577712059021
2023-04-04,1.644013524055481
2023-04-05,20.489765167236328
2023-04-06,0.0
2023-04-07,0.0
2023-04-08,0.0
2023-04-09,0.0
2023-04-10,0.0
2023-04-11,0.0
2023-04-12,0.0
2023-04-13,0.0
2023-04-14,0.0
2023-04-15,0.0
2023-04-16,0.0
2023-04-17,0.0
2023-04-18,0.0
2023-04-19,0.0
2023-04-20,0.0
2023-04-21,0.0
2023-04-22,0.0
2023-04-23,0.0
2023-04-24,0.0
2023-04-25,0.0
2023-04-26,0.0
2023-04-27,0.0
2023-04-28,0.0
2023-04-29,0.0
2023-04-30,0.0
2023-05-01,0.0
2023-05-02,0.0
2023-05-03,0.0
2023-05-04,0.0
2023-05-05,13.389128684997559
2023-05-06,9.833157539367676
2023-05-07,1.234871745109558
2023-05-08,0.6717081665992737
2023-05-09,0.0
2023-05-10,0.0
2023-05-11,0.0
2023-05-12,0.0
2023-05-13,0.0
2023-05-14,0.0
2023-05-15,0.0
2023-05-16,0.0
2023-05-17,0.0
2023-05-18,0.0
2023-05-19,0.0
2023-05-20,0.0
2023-05-21,0.0
2023-05-22,0.0
2023-05-23,0.0
2023-05-24,0.0
2023-05-25,0.0
2023-05-26,0.0
2023-05-27,0.8655704259872437
2023-05-28,5.898864269256592
2023-05-29,0.00223666918464005
2023-05-30,0.0
2023-05-31,0.0
2023-06-01,0.0
2023-06-02,0.0
2023-06-03,0.0
2023-06-04,0.0
2023-06-05,0.0
2023-06-06,0.0
2023-06-07,0.0
2023-06-08,0.0
2023-06-09,0.0
2023-06-10,0.0
2023-06-11,0.0
2023-06-12,0.0
2023-06-13,0.0
2023-06-14,0.0
2023-06-15,0.0
2023-06-16,0.0
2023-06-17,0.0
2023-06-18,0.0
2023-06-19,0.0
2023-06-20,0.0
2023-06-21,0.0
2023-06-22,0.0
2023-06-23,0.0
2023-06-24,0.0
2023-06-25,0.0
2023-06-26,0.0
2023-06-27,0.0
2023-06-28,0.0
2023-06-29,0.0
2023-06-30,0.0
2023-07-01,0.0
2023-07-02,0.0
2023-07-03,0.0
2023-07-04,0.0
2023-07-05,0.0
2023-07-06,0.0
2023-07-07,0.0
2023-07-08,0.0
2023-07-09,0.0
2023-07-10,0.0
2023-07-11,0.0
2023-07-12,0.0
2023-07-13,0.0
2023-07-14,0.0
2023-07-15,0.0
2023-07-16,0.0
2023-07-17,0.0
2023-07-18,0.0
2023-07-19,0.0
2023-07-20,0.0
2023-07-21,0.0
2023-07-22,0.0
2023-07-23,0.0
2023-07-24,0.0
2023-07-25,0.0
2023-07-26,0.0
2023-07-27,0.0
2023-07-28,0.0
2023-07-29,0.0
2023-07-30,0.0
2023-07-31,0.0
2023-08-01,0.0
2023-08-02,0.0
2023-08-03,0.0
2023-08-04,0.0
2023-08-05,0.0
2023-08-06,0.0
2023-08-07,0.0
2023-08-08,0.0
2023-08-09,0.0
2023-08-10,0.0
2023-08-11,0.0
2023-08-12,14.805201530456543
2023-08-13,1.4239258766174316
2023-08-14,0.0
2023-08-15,0.0
2023-08-16,0.015739312395453453
2023-08-17,0.015739312395453453
2023-08-18,0.015739312395453453
2023-08-19,0.015739312395453453
2023-08-20,0.015739312395453453
2023-08-21,0.0
2023-08-22,0.0
2023-08-23,0.0
2023-08-24,0.0
2023-08-25,0.0
2023-08-26,0.006548355799168348
2023-08-27,0.006548355799168348
2023-08-28,0.006548355799168348
2023-08-29,0.006548355799168348
2023-08-30,0.006548355799168348
2023-08-31,0.12441875785589218
2023-09-01,2.321012020111084
2023-09-02,0.4178880751132965
2023-09-03,4.111479759216309
2023-09-04,0.38057664036750793
2023-09-05,0.38057664036750793
2023-09-06,0.0
2023-09-07,0.0
2023-09-08,0.0
2023-09-09,0.0
2023-09-10,0.0
2023-09-11,0.0
2023-09-12,0.0
2023-09-13,0.0
2023-09-14,0.0
2023-09-15,0.0
2023-09-16,0.0
2023-09-17,0.0
2023-09-18,1.8296905755996704
2023-09-19,0.54441237449646
2023-09-20,0.0
2023-09-21,0.0
2023-09-22,0.0
2023-09-23,0.0
2023-09-24,0.0
2023-09-25,0.0
2023-09-26,0.0
2023-09-27,0.0
2023-09-28,0.0
2023-09-29,0.0
2023-09-30,0.0
2023-10-01,0.0
2023-10-02,0.0
2023-10-03,0.0
2023-10-04,0.0
2023-10-05,0.0
2023-10-06,0.0
2023-10-07,0.0
2023-10-08,0.0
2023-10-09,0.0
2023-10-10,0.0
2023-10-11,0.0
2023-10-12,12.424753189086914
2023-10-13,0.0
2023-10-14,0.0
2023-10-15,0.0
2023-10-16,0.0
2023-10-17,9.387868881225586
2023-10-18,5.660067081451416
2023-10-19,4.979840278625488
2023-10-20,0.2543334364891052
2023-10-21,0.0
2023-10-22,0.0
2023-10-23,4.784965515136719
2023-10-24,13.639432907104492
2023-10-25,1.7066742181777954
2023-10-26,0.0
2023-10-27,0.0
2023-10-28,0.0
2023-10-29,0.0
2023-10-30,0.0
2023-10-31,0.0
2023-11-01,0.0
2023-11-02,0.0
2023-11-03,0.0
2023-11-04,0.0
2023-11-05,0.0
2023-11-06,0.0
2023-11-07,0.6527031660079956
2023-11-08,5.868792533874512
2023-11-09,1.6197562217712402
2023-11-10,0.0
2023-11-11,2.337632417678833
2023-11-12,5.374183654785156
2023-11-13,13.221171379089355
2023-11-14,0.0
2023-11-15,0.0
2023-11-16,0.8974190354347229
2023-11-17,0.0
2023-11-18,0.49463072419166565
2023-11-19,4.422200679779053
2023-11-20,0.0
2023-11-21,1.1488959789276123
2023-11-22,6.39757776260376
2023-11-23,0.5521303415298462
2023-11-24,0.14114625751972198
2023-11-25,0.0
2023-11-26,0.03808522969484329
2023-11-27,20.782670974731445
2023-11-28,0.423661470413208
2023-11-29,0.07273078709840775
2023-11-30,1.191146969795227
2023-12-01,10.27710247039795
2023-12-02,15.87619400024414
2023-12-03,4.164305686950684
2023-12-04,4.017168045043945
2023-12-05,0.0
2023-12-06,0.0
2023-12-07,1.7913963794708252
2023-12-08,0.04002676531672478
2023-12-09,0.0
2023-12-10,8.233489036560059
2023-12-11,0.0
2023-12-12,0.0
2023-12-13,4.216045379638672
2023-12-14,30.046836853027344
2023-12-15,12.066944122314453
2023-12-16,0.0
2023-12-17,0.10802280902862549
2023-12-18,19.785446166992188
2023-12-19,0.0
2023-12-20,0.0
2023-12-21,0.0
2023-12-22,0.0
2023-12-23,0.0
2023-12-24,0.16848281025886536
2023-12-25,14.904448509216309
2023-12-26,6.213080406188965
2023-12-27,0.5447804927825928
2023-12-28,0.04975605756044388
2023-12-29,11.915092468261719
2023-12-30,11.476875305175781
2023-12-31,0.04944748431444168
