date,tp
1998-01-01,2.6358041763305664
1998-01-02,5.286453723907471
1998-01-03,0.3395397961139679
1998-01-04,5.375770092010498
1998-01-05,8.868340492248535
1998-01-06,11.976173400878906
1998-01-07,7.795346736907959
1998-01-08,0.5812333226203918
1998-01-09,0.7876807451248169
1998-01-10,5.2509870529174805
1998-01-11,1.060274362564087
1998-01-12,5.485386371612549
1998-01-13,0.9287870526313782
1998-01-14,0.09184202551841736
1998-01-15,0.09393096715211868
1998-01-16,0.3550776541233063
1998-01-17,0.0
1998-01-18,3.1210203170776367
1998-01-19,1.2543781995773315
1998-01-20,0.6785867810249329
1998-01-21,0.0
1998-01-22,0.3745807409286499
1998-01-23,31.548826217651367
1998-01-24,0.7888461947441101
1998-01-25,0.9100522994995117
1998-01-26,2.1700515747070312
1998-01-27,1.341040849685669
1998-01-28,2.5642571449279785
1998-01-29,12.890914916992188
1998-01-30,1.3363786935806274
1998-01-31,0.0
1998-02-01,0.4497038722038269
1998-02-02,3.3947179317474365
1998-02-03,0.3173072338104248
1998-02-04,0.5273675322532654
1998-02-05,7.404346942901611
1998-02-06,0.17713919281959534
1998-02-07,0.6506854891777039
1998-02-08,9.596599578857422
1998-02-09,0.36153945326805115
1998-02-10,12.729437828063965
1998-02-11,1.3101080656051636
1998-02-12,1.9981610774993896
1998-02-13,2.0077157020568848
1998-02-14,0.2865157425403595
1998-02-15,0.6775217652320862
1998-02-16,3.0686256885528564
1998-02-17,0.8434848189353943
1998-02-18,5.241828441619873
1998-02-19,9.050267219543457
1998-02-20,0.15514343976974487
1998-02-21,6.054121017456055
1998-02-22,3.978682518005371
1998-02-23,2.7871479988098145
1998-02-24,1.9407637119293213
1998-02-25,29.335935592651367
1998-02-26,0.8922973871231079
1998-02-27,3.2031314373016357
1998-02-28,3.941378116607666
1998-03-01,13.749378204345703
1998-03-02,12.951446533203125
1998-03-03,2.1755475997924805
1998-03-04,2.5815646648406982
1998-03-05,0.0
1998-03-06,0.023467887192964554
1998-03-07,0.9062641263008118
1998-03-08,10.292071342468262
1998-03-09,0.12331317365169525
1998-03-10,0.126024067401886
1998-03-11,9.125978469848633
1998-03-12,0.8321694135665894
1998-03-13,2.538297414779663
1998-03-14,0.29024702310562134
1998-03-15,9.648165702819824
1998-03-16,0.6891524195671082
1998-03-17,14.891036033630371
1998-03-18,6.664809226989746
1998-03-19,0.4232926368713379
1998-03-20,0.9032407999038696
1998-03-21,0.0
1998-03-22,0.0
1998-03-23,0.0
1998-03-24,0.0
1998-03-25,0.0
1998-03-26,0.0
1998-03-27,0.0
1998-03-28,0.0
1998-03-29,0.0
1998-03-30,0.0
1998-03-31,0.0
1998-04-01,0.48306891322135925
1998-04-02,4.951007843017578
1998-04-03,0.08758874982595444
1998-04-04,0.005423291586339474
1998-04-05,0.07594572752714157
1998-04-06,0.0
1998-04-07,0.0
1998-04-08,0.0
1998-04-09,0.0
1998-04-10,0.0
1998-04-11,0.0
1998-04-12,0.0
1998-04-13,0.0
1998-04-14,0.0
1998-04-15,0.0
1998-04-16,0.0
1998-04-17,0.0
1998-04-18,0.0
1998-04-19,0.0
1998-04-20,0.0
1998-04-21,0.0
1998-04-22,0.0
1998-04-23,0.0
1998-04-24,0.0
1998-04-25,0.0
1998-04-26,0.0018091514939442277
1998-04-27,0.00018048100173473358
1998-04-28,0.0009616288589313626
1998-04-29,0.0
1998-04-30,0.0
1998-05-01,0.0
1998-05-02,0.0
1998-05-03,0.0
1998-05-04,0.0
1998-05-05,0.0
1998-05-06,0.0
1998-05-07,0.0
1998-05-08,0.0
1998-05-09,0.0
1998-05-10,0.0
1998-05-11,1.5003900527954102
1998-05-12,6.285046100616455
1998-05-13,8.617847442626953
1998-05-14,11.106282234191895
1998-05-15,3.208836793899536
1998-05-16,0.019528979435563087
1998-05-17,0.46193355321884155
1998-05-18,0.0
1998-05-19,0.9569199681282043
1998-05-20,0.02629096433520317
1998-05-21,0.0596487782895565
1998-05-22,0.0596487782895565
1998-05-23,0.0596487782895565
1998-05-24,0.0596487782895565
1998-05-25,0.3578926622867584
1998-05-26,0.0
1998-05-27,0.0
1998-05-28,0.0
1998-05-29,0.0
1998-05-30,0.0
1998-05-31,0.0
1998-06-01,0.0
1998-06-02,0.0
1998-06-03,0.0
1998-06-04,0.0
1998-06-05,0.0
1998-06-06,0.0
1998-06-07,0.6799309253692627
1998-06-08,2.047961711883545
1998-06-09,0.0
1998-06-10,13.126290321350098
1998-06-11,11.132513999938965
1998-06-12,0.0
1998-06-13,2.336182117462158
1998-06-14,1.4666165113449097
1998-06-15,0.0
1998-06-16,0.0
1998-06-17,0.7990725040435791
1998-06-18,0.0
1998-06-19,0.31085699796676636
1998-06-20,0.007912243716418743
1998-06-21,0.0
1998-06-22,0.0
1998-06-23,0.0
1998-06-24,0.0
1998-06-25,0.0
1998-06-26,0.0
1998-06-27,0.0
1998-06-28,0.0
1998-06-29,0.0
1998-06-30,0.0
1998-07-01,0.0
1998-07-02,0.0
1998-07-03,0.0
1998-07-04,0.0
1998-07-05,0.0
1998-07-06,0.0
1998-07-07,0.0
1998-07-08,0.0
1998-07-09,0.0
1998-07-10,0.0
1998-07-11,0.0
1998-07-12,0.0
1998-07-13,0.0
1998-07-14,0.0
1998-07-15,0.0
1998-07-16,0.0
1998-07-17,0.0
1998-07-18,0.0
1998-07-19,0.0
1998-07-20,0.0
1998-07-21,0.0
1998-07-22,0.0
1998-07-23,0.0
1998-07-24,0.0
1998-07-25,0.0
1998-07-26,0.0
1998-07-27,0.0
1998-07-28,0.0
1998-07-29,0.0
1998-07-30,0.0
1998-07-31,0.0
1998-08-01,0.0
1998-08-02,0.0
1998-08-03,0.0
1998-08-04,0.0
1998-08-05,0.0
1998-08-06,0.0
1998-08-07,0.0
1998-08-08,0.0
1998-08-09,0.0
1998-08-10,0.0
1998-08-11,0.0
1998-08-12,0.0
1998-08-13,0.0
1998-08-14,0.0
1998-08-15,0.0
1998-08-16,0.30385416746139526
1998-08-17,0.015561126172542572
1998-08-18,0.02799132466316223
1998-08-19,0.0
1998-08-20,0.16223622858524323
1998-08-21,0.37667492032051086
1998-08-22,0.05871604010462761
1998-08-23,0.16147516667842865
1998-08-24,0.020830610767006874
1998-08-25,0.31928756833076477
1998-08-26,0.24740208685398102
1998-08-27,0.04816078394651413
1998-08-28,0.0
1998-08-29,0.6392949223518372
1998-08-30,0.07651860266923904
1998-08-31,0.0
1998-09-01,0.7002086639404297
1998-09-02,0.5826777815818787
1998-09-03,0.0
1998-09-04,0.0
1998-09-05,1.3329204320907593
1998-09-06,2.6129934787750244
1998-09-07,0.04308769851922989
1998-09-08,0.017256174236536026
1998-09-09,0.0
1998-09-10,0.0
1998-09-11,0.10331707447767258
1998-09-12,0.10331707447767258
1998-09-13,0.6199024319648743
1998-09-14,0.10331707447767258
1998-09-15,0.10331707447767258
1998-09-16,0.0
1998-09-17,0.0
1998-09-18,0.10848839581012726
1998-09-19,22.426544189453125
1998-09-20,0.346722275018692
1998-09-21,0.0
1998-09-22,0.0
1998-09-23,0.0
1998-09-24,0.0
1998-09-25,0.0
1998-09-26,0.0
1998-09-27,0.0
1998-09-28,0.0
1998-09-29,0.0
1998-09-30,0.0
1998-10-01,0.0
1998-10-02,0.0
1998-10-03,0.0
1998-10-04,0.0
1998-10-05,0.0
1998-10-06,3.9865965843200684
1998-10-07,0.0
1998-10-08,0.3047580420970917
1998-10-09,0.0
1998-10-10,0.156162828207016
1998-10-11,0.0787731260061264
1998-10-12,0.028895722702145576
1998-10-13,0.15164819359779358
1998-10-14,4.587733268737793
1998-10-15,0.039697255939245224
1998-10-16,0.0
1998-10-17,0.0
1998-10-18,0.0
1998-10-19,0.0
1998-10-20,0.0
1998-10-21,0.28227323293685913
1998-10-22,1.4710029363632202
1998-10-23,1.199793815612793
1998-10-24,1.3270375728607178
1998-10-25,5.404832363128662
1998-10-26,0.05625442788004875
1998-10-27,3.506971597671509
1998-10-28,7.032712936401367
1998-10-29,15.021636009216309
1998-10-30,7.864529609680176
1998-10-31,4.366672992706299
1998-11-01,0.0
1998-11-02,0.0
1998-11-03,0.0
1998-11-04,0.0
1998-11-05,0.0
1998-11-06,0.5537397265434265
1998-11-07,0.0016099590575322509
1998-11-08,0.1548927277326584
1998-11-09,5.660132884979248
1998-11-10,0.49127042293548584
1998-11-11,7.550229549407959
1998-11-12,0.03769468888640404
1998-11-13,2.1127994060516357
1998-11-14,1.451317548751831
1998-11-15,0.0
1998-11-16,0.8131132125854492
1998-11-17,14.320222854614258
1998-11-18,9.804146766662598
1998-11-19,0.24673059582710266
1998-11-20,1.4442003965377808
1998-11-21,0.6163602471351624
1998-11-22,0.26024508476257324
1998-11-23,1.2081533670425415
1998-11-24,0.004551298450678587
1998-11-25,0.5244688391685486
1998-11-26,0.16966873407363892
1998-11-27,0.00649191765114665
1998-11-28,0.17346341907978058
1998-11-29,1.5295990705490112
1998-11-30,0.04433143511414528
1998-12-01,1.187723159790039
1998-12-02,1.0474189519882202
1998-12-03,0.461941659450531
1998-12-04,0.0
1998-12-05,0.0
1998-12-06,0.1053810641169548
1998-12-07,0.18362489342689514
1998-12-08,3.014427900314331
1998-12-09,1.46334707736969
1998-12-10,2.2678422927856445
1998-12-11,0.0
1998-12-12,0.0
1998-12-13,0.0
1998-12-14,0.0
1998-12-15,0.0
1998-12-16,0.4923047125339508
1998-12-17,9.646060943603516
1998-12-18,0.0728706493973732
1998-12-19,0.04624360054731369
1998-12-20,0.06223035976290703
1998-12-21,4.834023475646973
1998-12-22,25.75357437133789
1998-12-23,0.0
1998-12-24,0.0
1998-12-25,0.0
1998-12-26,0.0
1998-12-27,0.0
1998-12-28,3.932084560394287
1998-12-29,34.463340759277344
1998-12-30,0.6125916242599487
1998-12-31,1.3884633779525757
1999-01-01,0.9208453893661499
1999-01-02,8.045027732849121
1999-01-03,11.36766529083252
1999-01-04,0.8526122570037842
1999-01-05,16.007402420043945
1999-01-06,1.0190469026565552
1999-01-07,2.2450523376464844
1999-01-08,1.7844990491867065
1999-01-09,0.07913453131914139
1999-01-10,0.21729610860347748
1999-01-11,0.05196293443441391
1999-01-12,4.886897087097168
1999-01-13,0.7831717133522034
1999-01-14,0.2546972632408142
1999-01-15,0.6457052826881409
1999-01-16,7.518860340118408
1999-01-17,1.1528246402740479
1999-01-18,6.809877872467041
1999-01-19,1.926781177520752
1999-01-20,0.004501769319176674
1999-01-21,0.18244104087352753
1999-01-22,0.06750605255365372
1999-01-23,0.0
1999-01-24,0.014268193393945694
1999-01-25,0.3242155909538269
1999-01-26,4.0099382400512695
1999-01-27,0.04487402364611626
1999-01-28,9.73473834991455
1999-01-29,6.1492228507995605
1999-01-30,3.3679609298706055
1999-01-31,43.392215728759766
1999-02-01,1.7882368564605713
1999-02-02,22.435842514038086
1999-02-03,7.225444316864014
1999-02-04,6.727900981903076
1999-02-05,1.222988486289978
1999-02-06,1.4698119163513184
1999-02-07,0.3196355998516083
1999-02-08,19.755002975463867
1999-02-09,1.624056100845337
1999-02-10,0.9919114708900452
1999-02-11,7.275689601898193
1999-02-12,9.666192054748535
1999-02-13,0.2512468993663788
1999-02-14,27.99979019165039
1999-02-15,0.39935508370399475
1999-02-16,10.169160842895508
1999-02-17,18.864473342895508
1999-02-18,10.698002815246582
1999-02-19,7.482903480529785
1999-02-20,2.79606032371521
1999-02-21,3.7268102169036865
1999-02-22,2.2289175987243652
1999-02-23,3.813587188720703
1999-02-24,19.5793399810791
1999-02-25,18.87255859375
1999-02-26,0.7521696090698242
1999-02-27,1.6636476516723633
1999-02-28,0.858041524887085
1999-03-01,0.13103581964969635
1999-03-02,1.2108772993087769
1999-03-03,5.514308929443359
1999-03-04,3.9397037029266357
1999-03-05,20.089445114135742
1999-03-06,2.075944423675537
1999-03-07,7.117963790893555
1999-03-08,11.393878936767578
1999-03-09,5.597317695617676
1999-03-10,4.601252555847168
1999-03-11,24.285268783569336
1999-03-12,1.7029236555099487
1999-03-13,0.35691726207733154
1999-03-14,0.7235012054443359
1999-03-15,30.366668701171875
1999-03-16,11.091405868530273
1999-03-17,11.432696342468262
1999-03-18,33.634071350097656
1999-03-19,1.5178368091583252
1999-03-20,1.4532389640808105
1999-03-21,1.5469121932983398
1999-03-22,23.41245460510254
1999-03-23,14.0987548828125
1999-03-24,1.7180163860321045
1999-03-25,11.492592811584473
1999-03-26,35.3567008972168
1999-03-27,0.22115834057331085
1999-03-28,2.7640469074249268
1999-03-29,2.1881115436553955
1999-03-30,15.11828327178955
1999-03-31,0.5415144562721252
1999-04-01,0.0
1999-04-02,0.0
1999-04-03,0.0
1999-04-04,0.0
1999-04-05,0.0
1999-04-06,0.0
1999-04-07,0.0
1999-04-08,0.0
1999-04-09,0.0
1999-04-10,0.0
1999-04-11,0.0
1999-04-12,1.5057291984558105
1999-04-13,0.4782755672931671
1999-04-14,0.0
1999-04-15,0.0
1999-04-16,0.0
1999-04-17,0.0
1999-04-18,0.0
1999-04-19,0.0
1999-04-20,0.0
1999-04-21,2.781392812728882
1999-04-22,0.3697444498538971
1999-04-23,0.006030321586877108
1999-04-24,0.21006238460540771
1999-04-25,0.6091645956039429
1999-04-26,0.0018851490458473563
1999-04-27,0.0011671845568343997
1999-04-28,0.004101395141333342
1999-04-29,0.0
1999-04-30,0.0013652155175805092
1999-05-01,0.0
1999-05-02,0.0
1999-05-03,0.0
1999-05-04,0.0
1999-05-05,0.0
1999-05-06,0.0
1999-05-07,0.0
1999-05-08,0.0
1999-05-09,0.0
1999-05-10,0.0
1999-05-11,0.004716844297945499
1999-05-12,0.028301065787672997
1999-05-13,0.004716844297945499
1999-05-14,0.004716844297945499
1999-05-15,0.05188528820872307
1999-05-16,0.07324951887130737
1999-05-17,0.07324951887130737
1999-05-18,0.19533206522464752
1999-05-19,0.07324951887130737
1999-05-20,0.07324951887130737
1999-05-21,0.0
1999-05-22,0.006901014596223831
1999-05-23,0.000805032963398844
1999-05-24,0.005364498123526573
1999-05-25,0.09802401810884476
1999-05-26,13.65933895111084
1999-05-27,0.0
1999-05-28,0.11146927624940872
1999-05-29,0.4449441730976105
1999-05-30,1.269762396812439
1999-05-31,0.0
1999-06-01,0.0
1999-06-02,0.0
1999-06-03,0.0
1999-06-04,0.0
1999-06-05,0.0
1999-06-06,0.021724652498960495
1999-06-07,0.021724652498960495
1999-06-08,0.021724652498960495
1999-06-09,0.021724652498960495
1999-06-10,0.3475944399833679
1999-06-11,0.0
1999-06-12,0.0
1999-06-13,0.0
1999-06-14,0.0
1999-06-15,0.0
1999-06-16,0.0034934943541884422
1999-06-17,0.022752167657017708
1999-06-18,0.0
1999-06-19,0.1260593682527542
1999-06-20,0.131250262260437
1999-06-21,0.0
1999-06-22,0.0
1999-06-23,0.0
1999-06-24,0.0
1999-06-25,0.0
1999-06-26,0.0
1999-06-27,0.0
1999-06-28,0.0
1999-06-29,0.0
1999-06-30,0.0
1999-07-01,0.0
1999-07-02,0.0
1999-07-03,0.0
1999-07-04,0.0
1999-07-05,0.0
1999-07-06,0.0
1999-07-07,0.0
1999-07-08,0.0
1999-07-09,0.0
1999-07-10,0.0
1999-07-11,0.0
1999-07-12,0.0
1999-07-13,0.0
1999-07-14,0.0
1999-07-15,0.0
1999-07-16,0.0
1999-07-17,0.0
1999-07-18,0.0
1999-07-19,0.0
1999-07-20,0.0
1999-07-21,0.0
1999-07-22,0.0
1999-07-23,0.0
1999-07-24,0.0
1999-07-25,0.0
1999-07-26,0.0
1999-07-27,0.0
1999-07-28,0.0
1999-07-29,0.0
1999-07-30,0.0
1999-07-31,0.0
1999-08-01,0.0
1999-08-02,0.0
1999-08-03,0.0
1999-08-04,0.0
1999-08-05,0.0
1999-08-06,0.0
1999-08-07,0.0
1999-08-08,0.0
1999-08-09,0.0
1999-08-10,0.0
1999-08-11,0.0
1999-08-12,0.0
1999-08-13,0.0
1999-08-14,0.0
1999-08-15,0.0
1999-08-16,0.11119380593299866
1999-08-17,0.06730151176452637
1999-08-18,0.13557840883731842
1999-08-19,0.06730151176452637
1999-08-20,0.06730151176452637
1999-08-21,0.08225930482149124
1999-08-22,0.08225930482149124
1999-08-23,0.08225930482149124
1999-08-24,0.08225930482149124
1999-08-25,0.49355584383010864
1999-08-26,0.0
1999-08-27,0.0
1999-08-28,0.0
1999-08-29,0.770821750164032
1999-08-30,0.0
1999-08-31,9.559778213500977
1999-09-01,0.8513568639755249
1999-09-02,1.548830509185791
1999-09-03,0.15907824039459229
1999-09-04,1.3198015689849854
1999-09-05,0.11722461134195328
1999-09-06,0.0
1999-09-07,0.0
1999-09-08,0.0
1999-09-09,0.03369906172156334
1999-09-10,4.878875255584717
1999-09-11,0.21323969960212708
1999-09-12,0.33040639758110046
1999-09-13,0.02917693927884102
1999-09-14,0.7039238810539246
1999-09-15,0.6519045233726501
1999-09-16,0.11467846482992172
1999-09-17,0.5548574328422546
1999-09-18,0.052575498819351196
1999-09-19,0.19462336599826813
1999-09-20,2.65633487701416
1999-09-21,0.0
1999-09-22,0.0
1999-09-23,0.0
1999-09-24,0.0
1999-09-25,0.0
1999-09-26,0.08819382637739182
1999-09-27,1.052402377128601
1999-09-28,2.3133976459503174
1999-09-29,8.515177726745605
1999-09-30,2.903324604034424
1999-10-01,0.0
1999-10-02,4.469961643218994
1999-10-03,1.4321444034576416
1999-10-04,0.16384273767471313
1999-10-05,0.007597159594297409
1999-10-06,0.08198394626379013
1999-10-07,0.0
1999-10-08,0.31141170859336853
1999-10-09,1.7706679105758667
1999-10-10,0.8988356590270996
1999-10-11,0.8435130715370178
1999-10-12,0.9353246092796326
1999-10-13,1.4520623683929443
1999-10-14,0.35277867317199707
1999-10-15,5.126750469207764
1999-10-16,0.49591532349586487
1999-10-17,1.9619519710540771
1999-10-18,0.35301145911216736
1999-10-19,0.0
1999-10-20,0.007903126068413258
1999-10-21,1.0179325342178345
1999-10-22,1.2810059785842896
1999-10-23,0.3393867611885071
1999-10-24,0.11066179722547531
1999-10-25,0.5700825452804565
1999-10-26,0.0
1999-10-27,0.0
1999-10-28,0.0
1999-10-29,0.0
1999-10-30,0.0
1999-10-31,0.0
1999-11-01,2.1277101039886475
1999-11-02,0.523685872554779
1999-11-03,13.33669662475586
1999-11-04,0.02389068901538849
1999-11-05,0.0
1999-11-06,0.0
1999-11-07,1.2393827438354492
1999-11-08,2.4513652324676514
1999-11-09,7.722590923309326
1999-11-10,1.1571059226989746
1999-11-11,0.0
1999-11-12,0.0
1999-11-13,0.0
1999-11-14,0.0
1999-11-15,0.0
1999-11-16,0.0
1999-11-17,0.0
1999-11-18,0.0
1999-11-19,0.0
1999-11-20,0.0
1999-11-21,0.5175579190254211
1999-11-22,0.904890239238739
1999-11-23,0.14836280047893524
1999-11-24,0.03102552704513073
1999-11-25,0.0
1999-11-26,0.0
1999-11-27,0.0
1999-11-28,0.0
1999-11-29,0.0
1999-11-30,0.0
1999-12-01,0.42195749282836914
1999-12-02,2.434488296508789
1999-12-03,3.9666781425476074
1999-12-04,0.5006628036499023
1999-12-05,2.221184015274048
1999-12-06,6.3804850578308105
1999-12-07,0.10627615451812744
1999-12-08,0.0
1999-12-09,0.8543523550033569
1999-12-10,16.035694122314453
1999-12-11,3.376060962677002
1999-12-12,1.5414962768554688
1999-12-13,0.3849938213825226
1999-12-14,7.755769729614258
1999-12-15,2.000624179840088
1999-12-16,0.2924351394176483
1999-12-17,0.8459576964378357
1999-12-18,0.0
1999-12-19,1.600743293762207
1999-12-20,3.9304418563842773
1999-12-21,0.16123536229133606
1999-12-22,3.5384907722473145
1999-12-23,2.184899091720581
1999-12-24,0.06734785437583923
1999-12-25,5.587784290313721
1999-12-26,0.0
1999-12-27,0.6812446713447571
1999-12-28,1.2125924825668335
1999-12-29,6.424436569213867
1999-12-30,46.7291374206543
1999-12-31,7.514104843139648
2000-01-01,3.3210883140563965
2000-01-02,0.9098089933395386
2000-01-03,1.4196974039077759
2000-01-04,7.1741838455200195
2000-01-05,6.567656517028809
2000-01-06,2.455261468887329
2000-01-07,1.052390456199646
2000-01-08,0.11719892919063568
2000-01-09,0.8750726580619812
2000-01-10,1.3038641214370728
2000-01-11,3.858163833618164
2000-01-12,0.39485037326812744
2000-01-13,3.57024884223938
2000-01-14,11.695940971374512
2000-01-15,15.225831031799316
2000-01-16,5.641585350036621
2000-01-17,0.43342751264572144
2000-01-18,4.030766487121582
2000-01-19,12.035074234008789
2000-01-20,10.394709587097168
2000-01-21,0.8720431923866272
2000-01-22,31.410051345825195
2000-01-23,5.330513954162598
2000-01-24,3.621676206588745
2000-01-25,5.619025707244873
2000-01-26,33.222408294677734
2000-01-27,3.0780105590820312
2000-01-28,15.161794662475586
2000-01-29,7.63956880569458
2000-01-30,4.826171398162842
2000-01-31,2.2411789894104004
2000-02-01,2.4186198711395264
2000-02-02,1.5156406164169312
2000-02-03,8.703317642211914
2000-02-04,25.967966079711914
2000-02-05,0.9506297707557678
2000-02-06,9.699711799621582
2000-02-07,4.922762870788574
2000-02-08,2.6773297786712646
2000-02-09,29.595251083374023
2000-02-10,5.040945053100586
2000-02-11,5.728307247161865
2000-02-12,1.164055585861206
2000-02-13,4.506498336791992
2000-02-14,0.3229092061519623
2000-02-15,1.2221533060073853
2000-02-16,0.0
2000-02-17,0.2418227642774582
2000-02-18,0.5894938707351685
2000-02-19,1.2789154052734375
2000-02-20,6.1277546882629395
2000-02-21,0.7375278472900391
2000-02-22,4.665109157562256
2000-02-23,1.638221263885498
2000-02-24,4.908897399902344
2000-02-25,1.3633702993392944
2000-02-26,11.191067695617676
2000-02-27,0.3508141338825226
2000-02-28,4.886464595794678
2000-02-29,14.604243278503418
2000-03-01,2.7245075702667236
2000-03-02,0.5021051168441772
2000-03-03,0.7788544297218323
2000-03-04,4.989870548248291
2000-03-05,1.3288612365722656
2000-03-06,3.6477181911468506
2000-03-07,1.7662694454193115
2000-03-08,7.660170555114746
2000-03-09,9.708142280578613
2000-03-10,7.25846004486084
2000-03-11,15.437386512756348
2000-03-12,7.5233378410339355
2000-03-13,7.997783660888672
2000-03-14,0.4226844012737274
2000-03-15,0.6759369373321533
2000-03-16,0.5806326866149902
2000-03-17,0.5844044089317322
2000-03-18,7.3484063148498535
2000-03-19,1.0132206678390503
2000-03-20,0.32749566435813904
2000-03-21,0.1134701669216156
2000-03-22,6.810206890106201
2000-03-23,0.540062665939331
2000-03-24,0.7320612072944641
2000-03-25,3.8048715591430664
2000-03-26,0.4333987534046173
2000-03-27,0.21921198070049286
2000-03-28,12.7770414352417
2000-03-29,0.00117890490218997
2000-03-30,1.1080348491668701
2000-03-31,0.19273154437541962
2000-04-01,0.0
2000-04-02,0.0
2000-04-03,0.0
2000-04-04,0.0
2000-04-05,0.0
2000-04-06,0.059175439178943634
2000-04-07,0.20908167958259583
2000-04-08,0.19968803226947784
2000-04-09,1.9400619268417358
2000-04-10,0.07447444647550583
2000-04-11,0.0
2000-04-12,0.0
2000-04-13,0.0
2000-04-14,0.0
2000-04-15,0.0
2000-04-16,2.315011501312256
2000-04-17,0.5105669498443604
2000-04-18,0.8981083631515503
2000-04-19,2.9808216094970703
2000-04-20,0.0
2000-04-21,0.0
2000-04-22,0.0
2000-04-23,0.0
2000-04-24,0.0
2000-04-25,0.0
2000-04-26,0.41135701537132263
2000-04-27,2.587218999862671
2000-04-28,0.1866447925567627
2000-04-29,0.0027364438865333796
2000-04-30,0.0
2000-05-01,0.0
2000-05-02,0.0
2000-05-03,0.2755011022090912
2000-05-04,1.2049643993377686
2000-05-05,0.11894150823354721
2000-05-06,0.0
2000-05-07,0.0
2000-05-08,0.0
2000-05-09,0.0
2000-05-10,0.0
2000-05-11,0.0
2000-05-12,0.010626026429235935
2000-05-13,0.00444286921992898
2000-05-14,0.046497855335474014
2000-05-15,0.07427971810102463
2000-05-16,0.0
2000-05-17,0.24711769819259644
2000-05-18,0.36868369579315186
2000-05-19,0.589180588722229
2000-05-20,0.5638604760169983
2000-05-21,0.03761979192495346
2000-05-22,0.03761979192495346
2000-05-23,0.10031945258378983
2000-05-24,0.03761979192495346
2000-05-25,0.03761979192495346
2000-05-26,0.0
2000-05-27,0.0
2000-05-28,0.0
2000-05-29,0.0
2000-05-30,0.0
2000-05-31,0.0
2000-06-01,0.0
2000-06-02,0.0
2000-06-03,0.0
2000-06-04,0.0
2000-06-05,0.0
2000-06-06,0.8265525698661804
2000-06-07,2.0972063541412354
2000-06-08,9.363523483276367
2000-06-09,1.3754568099975586
2000-06-10,0.22136105597019196
2000-06-11,0.0
2000-06-12,0.0
2000-06-13,0.0
2000-06-14,0.0
2000-06-15,0.0
2000-06-16,0.4203583300113678
2000-06-17,0.1287056803703308
2000-06-18,0.9525124430656433
2000-06-19,0.3635658621788025
2000-06-20,0.4123923182487488
2000-06-21,0.0
2000-06-22,0.0
2000-06-23,0.0
2000-06-24,0.0
2000-06-25,0.0
2000-06-26,0.0
2000-06-27,0.0
2000-06-28,0.0
2000-06-29,0.0
2000-06-30,0.0
2000-07-01,0.0
2000-07-02,0.0
2000-07-03,0.0
2000-07-04,0.0
2000-07-05,0.0
2000-07-06,0.0
2000-07-07,0.0
2000-07-08,0.0
2000-07-09,0.0
2000-07-10,0.0
2000-07-11,0.0
2000-07-12,0.0
2000-07-13,0.0
2000-07-14,0.0
2000-07-15,0.0
2000-07-16,0.0
2000-07-17,0.005546970292925835
2000-07-18,0.05953535810112953
2000-07-19,0.10279802978038788
2000-07-20,0.04255305230617523
2000-07-21,0.0
2000-07-22,0.0
2000-07-23,0.0
2000-07-24,0.0
2000-07-25,0.0
2000-07-26,0.0
2000-07-27,0.0
2000-07-28,0.0
2000-07-29,0.0
2000-07-30,0.0
2000-07-31,0.0
2000-08-01,0.0
2000-08-02,0.0
2000-08-03,0.0
2000-08-04,0.0
2000-08-05,0.0
2000-08-06,0.0
2000-08-07,0.0
2000-08-08,0.0
2000-08-09,0.0
2000-08-10,0.0
2000-08-11,0.11340600252151489
2000-08-12,0.15152154862880707
2000-08-13,3.7046806812286377
2000-08-14,0.07241898775100708
2000-08-15,0.39653894305229187
2000-08-16,0.5303283929824829
2000-08-17,0.2460654377937317
2000-08-18,0.0930744856595993
2000-08-19,0.6579969525337219
2000-08-20,0.3954731225967407
2000-08-21,1.4310942888259888
2000-08-22,0.7081085443496704
2000-08-23,0.21876408159732819
2000-08-24,0.007078316994011402
2000-08-25,1.109098196029663
2000-08-26,0.8620766401290894
2000-08-27,0.6362365484237671
2000-08-28,0.27510735392570496
2000-08-29,0.49015361070632935
2000-08-30,0.0
2000-08-31,0.15746863186359406
2000-09-01,0.21069666743278503
2000-09-02,1.1226590871810913
2000-09-03,0.04279842972755432
2000-09-04,0.548814058303833
2000-09-05,0.0
2000-09-06,0.0
2000-09-07,0.0
2000-09-08,0.0
2000-09-09,0.0013110970612615347
2000-09-10,2.831763982772827
2000-09-11,0.3366745412349701
2000-09-12,0.007515941746532917
2000-09-13,0.0753902941942215
2000-09-14,0.0
2000-09-15,0.16840846836566925
2000-09-16,0.05117098614573479
2000-09-17,0.05117098614573479
2000-09-18,0.05117098614573479
2000-09-19,0.05117098614573479
2000-09-20,0.05117098614573479
2000-09-21,3.818342924118042
2000-09-22,14.860934257507324
2000-09-23,0.9541605710983276
2000-09-24,0.0
2000-09-25,0.0
2000-09-26,0.02072671614587307
2000-09-27,0.43205726146698
2000-09-28,0.6644077897071838
2000-09-29,0.4478779435157776
2000-09-30,0.0
2000-10-01,0.014945079572498798
2000-10-02,0.0
2000-10-03,1.217624545097351
2000-10-04,0.6461658477783203
2000-10-05,0.1565544307231903
2000-10-06,0.0
2000-10-07,0.0
2000-10-08,0.0
2000-10-09,0.0
2000-10-10,0.0
2000-10-11,1.0963510274887085
2000-10-12,1.711760401725769
2000-10-13,1.9072461128234863
2000-10-14,0.3755550682544708
2000-10-15,0.6737486720085144
2000-10-16,1.6135913133621216
2000-10-17,0.0
2000-10-18,1.140895962715149
2000-10-19,0.10690918564796448
2000-10-20,0.27808934450149536
2000-10-21,1.4801050424575806
2000-10-22,0.19031403958797455
2000-10-23,0.07704651355743408
2000-10-24,4.558248519897461
2000-10-25,1.5989350080490112
2000-10-26,2.2042181491851807
2000-10-27,1.5553059577941895
2000-10-28,1.8081318140029907
2000-10-29,0.4248010814189911
2000-10-30,0.49414506554603577
2000-10-31,0.03399370610713959
2000-11-01,0.8375022411346436
2000-11-02,0.581548273563385
2000-11-03,4.717098236083984
2000-11-04,0.0148465596139431
2000-11-05,10.244157791137695
2000-11-06,0.0
2000-11-07,0.0
2000-11-08,0.0
2000-11-09,0.0
2000-11-10,0.0
2000-11-11,0.0
2000-11-12,0.0
2000-11-13,0.0
2000-11-14,0.0
2000-11-15,0.0
2000-11-16,0.0
2000-11-17,0.0
2000-11-18,0.0
2000-11-19,0.0
2000-11-20,0.0
2000-11-21,4.31296968460083
2000-11-22,0.7620282173156738
2000-11-23,0.6203898191452026
2000-11-24,0.853516161441803
2000-11-25,1.5149484872817993
2000-11-26,1.8238933086395264
2000-11-27,0.7113537192344666
2000-11-28,2.0367016792297363
2000-11-29,2.216399908065796
2000-11-30,3.5494017601013184
2000-12-01,1.5855332612991333
2000-12-02,0.0
2000-12-03,0.3186204433441162
2000-12-04,0.39220303297042847
2000-12-05,7.316871166229248
2000-12-06,0.41201460361480713
2000-12-07,1.8811157941818237
2000-12-08,0.25541216135025024
2000-12-09,3.4867403507232666
2000-12-10,11.204980850219727
2000-12-11,12.398906707763672
2000-12-12,9.69313907623291
2000-12-13,0.5356358289718628
2000-12-14,0.0
2000-12-15,2.8336551189422607
2000-12-16,11.472471237182617
2000-12-17,0.6901159286499023
2000-12-18,0.0
2000-12-19,0.0
2000-12-20,0.0
2000-12-21,0.17913967370986938
2000-12-22,1.239393711090088
2000-12-23,0.19618232548236847
2000-12-24,6.769533157348633
2000-12-25,0.2973613739013672
2000-12-26,3.377933979034424
2000-12-27,2.739194631576538
2000-12-28,15.672063827514648
2000-12-29,1.3092542886734009
2000-12-30,12.6619291305542
2000-12-31,8.324976921081543
2001-01-01,2.225966453552246
2001-01-02,1.3258957862854004
2001-01-03,4.844799518585205
2001-01-04,30.524169921875
2001-01-05,1.7079994678497314
2001-01-06,5.004248142242432
2001-01-07,6.409594535827637
2001-01-08,38.86930847167969
2001-01-09,5.648543357849121
2001-01-10,8.30919361114502
2001-01-11,11.322440147399902
2001-01-12,2.571535348892212
2001-01-13,16.1301326751709
2001-01-14,33.696800231933594
2001-01-15,1.3888639211654663
2001-01-16,2.7898857593536377
2001-01-17,3.3887441158294678
2001-01-18,10.880783081054688
2001-01-19,9.812732696533203
2001-01-20,7.16848087310791
2001-01-21,13.692704200744629
2001-01-22,3.2646679878234863
2001-01-23,7.082585334777832
2001-01-24,6.701869964599609
2001-01-25,5.871438980102539
2001-01-26,15.499679565429688
2001-01-27,1.8812037706375122
2001-01-28,0.10954885184764862
2001-01-29,6.7380499839782715
2001-01-30,4.26299524307251
2001-01-31,2.7686209678649902
2001-02-01,1.9130209684371948
2001-02-02,3.3252758979797363
2001-02-03,14.634781837463379
2001-02-04,2.3664345741271973
2001-02-05,2.31406307220459
2001-02-06,0.18833734095096588
2001-02-07,4.5774312019348145
2001-02-08,1.3461227416992188
2001-02-09,2.2418875694274902
2001-02-10,9.420123100280762
2001-02-11,0.8648555874824524
2001-02-12,8.174989700317383
2001-02-13,1.5320786237716675
2001-02-14,6.0629353523254395
2001-02-15,13.028520584106445
2001-02-16,0.69822096824646
2001-02-17,0.4295544922351837
2001-02-18,0.5143346190452576
2001-02-19,0.4493214190006256
2001-02-20,2.2759809494018555
2001-02-21,0.18537084758281708
2001-02-22,0.11839742213487625
2001-02-23,0.4978834390640259
2001-02-24,1.7543349266052246
2001-02-25,11.794717788696289
2001-02-26,14.622523307800293
2001-02-27,6.906102657318115
2001-02-28,1.5056198835372925
2001-03-01,3.0297648906707764
2001-03-02,2.7617812156677246
2001-03-03,2.188025951385498
2001-03-04,14.710270881652832
2001-03-05,11.549030303955078
2001-03-06,2.634751558303833
2001-03-07,9.803061485290527
2001-03-08,3.3246450424194336
2001-03-09,20.129671096801758
2001-03-10,4.100459575653076
2001-03-11,16.155715942382812
2001-03-12,0.4029157757759094
2001-03-13,1.4073535203933716
2001-03-14,2.331298351287842
2001-03-15,3.226807117462158
2001-03-16,0.178874209523201
2001-03-17,7.693689346313477
2001-03-18,0.7337518334388733
2001-03-19,0.49706873297691345
2001-03-20,0.6573159098625183
2001-03-21,3.9231762886047363
2001-03-22,10.59636402130127
2001-03-23,2.806912660598755
2001-03-24,0.6300866007804871
2001-03-25,1.9998914003372192
2001-03-26,0.2065376192331314
2001-03-27,0.02509261481463909
2001-03-28,0.22664876282215118
2001-03-29,0.6811231970787048
2001-03-30,0.06849485635757446
2001-03-31,0.0
2001-04-01,0.0
2001-04-02,0.0
2001-04-03,0.0
2001-04-04,0.0
2001-04-05,0.0
2001-04-06,0.9994515776634216
2001-04-07,0.11853362619876862
2001-04-08,0.0
2001-04-09,0.08268929272890091
2001-04-10,0.7289585471153259
2001-04-11,0.029648777097463608
2001-04-12,0.09401340037584305
2001-04-13,0.4600573480129242
2001-04-14,0.006911111064255238
2001-04-15,0.21935154497623444
2001-04-16,0.4793732464313507
2001-04-17,0.0
2001-04-18,0.0
2001-04-19,4.9409589767456055
2001-04-20,0.5472469329833984
2001-04-21,0.0
2001-04-22,1.1452933549880981
2001-04-23,0.06751401722431183
2001-04-24,3.4692294597625732
2001-04-25,1.1175535917282104
2001-04-26,0.2630336880683899
2001-04-27,0.029074780642986298
2001-04-28,3.1111366748809814
2001-04-29,0.28313910961151123
2001-04-30,5.952551364898682
2001-05-01,0.0
2001-05-02,0.08811001479625702
2001-05-03,0.19870644807815552
2001-05-04,1.1760281324386597
2001-05-05,0.2520412802696228
2001-05-06,2.4405455589294434
2001-05-07,6.29965877532959
2001-05-08,0.11322080343961716
2001-05-09,0.5894263386726379
2001-05-10,0.0
2001-05-11,0.502303421497345
2001-05-12,1.2758498191833496
2001-05-13,0.016790146008133888
2001-05-14,4.070651054382324
2001-05-15,7.244605541229248
2001-05-16,0.0
2001-05-17,0.0
2001-05-18,0.7775130271911621
2001-05-19,0.2034735530614853
2001-05-20,6.565424919128418
2001-05-21,0.010941426269710064
2001-05-22,0.08375993371009827
2001-05-23,0.06405293196439743
2001-05-24,0.010713479481637478
2001-05-25,0.044801823794841766
2001-05-26,0.0
2001-05-27,0.0
2001-05-28,0.0
2001-05-29,0.0
2001-05-30,0.0
2001-05-31,0.0
2001-06-01,0.0
2001-06-02,0.0
2001-06-03,0.0
2001-06-04,0.0
2001-06-05,0.0
2001-06-06,0.02259487472474575
2001-06-07,0.02259487472474575
2001-06-08,0.0387340672314167
2001-06-09,0.02259487472474575
2001-06-10,0.3453787863254547
2001-06-11,0.0
2001-06-12,0.0
2001-06-13,0.0
2001-06-14,0.0
2001-06-15,0.0
2001-06-16,0.0
2001-06-17,3.2327940464019775
2001-06-18,0.08515602350234985
2001-06-19,0.06624645739793777
2001-06-20,0.02113121561706066
2001-06-21,0.0
2001-06-22,0.3917118012905121
2001-06-23,2.46685528755188
2001-06-24,0.02636856958270073
2001-06-25,1.6728084087371826
2001-06-26,0.0
2001-06-27,0.0
2001-06-28,0.0
2001-06-29,0.0
2001-06-30,0.0
2001-07-01,0.0209568589925766
2001-07-02,0.01619037613272667
2001-07-03,0.0
2001-07-04,0.004082887899130583
2001-07-05,0.0793122723698616
2001-07-06,0.11502046883106232
2001-07-07,0.06823603808879852
2001-07-08,0.0090313870459795
2001-07-09,0.0
2001-07-10,0.0
2001-07-11,0.0
2001-07-12,0.0
2001-07-13,0.0
2001-07-14,0.0
2001-07-15,0.0
2001-07-16,0.0
2001-07-17,0.0
2001-07-18,0.0
2001-07-19,0.0
2001-07-20,0.0
2001-07-21,0.0
2001-07-22,1.2685487270355225
2001-07-23,0.0
2001-07-24,0.004186629317700863
2001-07-25,0.0
2001-07-26,0.0
2001-07-27,0.0
2001-07-28,0.0
2001-07-29,0.0
2001-07-30,0.0
2001-07-31,0.0
2001-08-01,0.0
2001-08-02,0.0
2001-08-03,0.0
2001-08-04,0.0
2001-08-05,0.0
2001-08-06,0.0
2001-08-07,0.27388760447502136
2001-08-08,1.1111527681350708
2001-08-09,0.08819150924682617
2001-08-10,0.0
2001-08-11,0.0
2001-08-12,0.0
2001-08-13,0.0
2001-08-14,0.0
2001-08-15,0.0
2001-08-16,0.9144148826599121
2001-08-17,0.4016769230365753
2001-08-18,7.2076215744018555
2001-08-19,2.0656445026397705
2001-08-20,1.675567388534546
2001-08-21,1.646599292755127
2001-08-22,0.8981403112411499
2001-08-23,0.002645511645823717
2001-08-24,0.22159644961357117
2001-08-25,0.41340744495391846
2001-08-26,0.0
2001-08-27,0.32105883955955505
2001-08-28,0.11900362372398376
2001-08-29,0.8010203242301941
2001-08-30,0.18432828783988953
2001-08-31,2.8161048889160156
2001-09-01,0.20966802537441254
2001-09-02,1.4094618558883667
2001-09-03,0.8292269706726074
2001-09-04,1.7678776979446411
2001-09-05,0.23594500124454498
2001-09-06,0.49638253450393677
2001-09-07,0.0
2001-09-08,0.0
2001-09-09,0.0
2001-09-10,1.744795322418213
2001-09-11,0.040529586374759674
2001-09-12,0.23619990050792694
2001-09-13,0.06107006222009659
2001-09-14,0.48447856307029724
2001-09-15,0.0
2001-09-16,0.18367069959640503
2001-09-17,0.0
2001-09-18,0.0
2001-09-19,0.0
2001-09-20,0.15273669362068176
2001-09-21,1.130608320236206
2001-09-22,0.1205635741353035
2001-09-23,0.19061288237571716
2001-09-24,0.03225794434547424
2001-09-25,0.0016698853578418493
2001-09-26,0.0
2001-09-27,0.4964919686317444
2001-09-28,0.3523634970188141
2001-09-29,0.0
2001-09-30,0.0
2001-10-01,0.0
2001-10-02,0.0
2001-10-03,4.944781303405762
2001-10-04,4.647156715393066
2001-10-05,1.3339766263961792
2001-10-06,7.604666233062744
2001-10-07,1.0689351558685303
2001-10-08,0.16688096523284912
2001-10-09,0.21532025933265686
2001-10-10,0.0
2001-10-11,2.561103343963623
2001-10-12,5.215366840362549
2001-10-13,5.056788444519043
2001-10-14,1.2621498107910156
2001-10-15,2.065812349319458
2001-10-16,2.1822447776794434
2001-10-17,2.883580446243286
2001-10-18,0.48953819274902344
2001-10-19,0.0
2001-10-20,0.0
2001-10-21,0.014270572923123837
2001-10-22,0.46695801615715027
2001-10-23,1.4863390922546387
2001-10-24,0.0
2001-10-25,0.8195374608039856
2001-10-26,0.0
2001-10-27,0.0
2001-10-28,0.0
2001-10-29,0.0
2001-10-30,0.0
2001-10-31,0.0
2001-11-01,0.0
2001-11-02,0.0
2001-11-03,0.0
2001-11-04,0.0
2001-11-05,0.0
2001-11-06,0.22157566249370575
2001-11-07,2.0569369792938232
2001-11-08,0.0
2001-11-09,0.18259133398532867
2001-11-10,1.6355376243591309
2001-11-11,0.0
2001-11-12,0.0
2001-11-13,0.0
2001-11-14,0.0
2001-11-15,0.0
2001-11-16,0.0462007150053978
2001-11-17,0.27589094638824463
2001-11-18,0.0
2001-11-19,0.7109100818634033
2001-11-20,0.031258851289749146
2001-11-21,0.1362139880657196
2001-11-22,1.5315773487091064
2001-11-23,0.0
2001-11-24,0.017643019556999207
2001-11-25,8.38071060180664
2001-11-26,0.3393528163433075
2001-11-27,0.15466220676898956
2001-11-28,0.07521190494298935
2001-11-29,0.2015717774629593
2001-11-30,10.28046703338623
2001-12-01,0.0
2001-12-02,0.0
2001-12-03,0.0
2001-12-04,0.0
2001-12-05,0.0
2001-12-06,0.20426137745380402
2001-12-07,0.42389366030693054
2001-12-08,3.256436586380005
2001-12-09,9.76237678527832
2001-12-10,1.767001986503601
2001-12-11,2.444312334060669
2001-12-12,8.7698392868042
2001-12-13,2.194129705429077
2001-12-14,1.8836500644683838
2001-12-15,5.916803359985352
2001-12-16,0.43475931882858276
2001-12-17,4.53805685043335
2001-12-18,1.6904640197753906
2001-12-19,0.019456613808870316
2001-12-20,0.4661785364151001
2001-12-21,2.4493467807769775
2001-12-22,2.0660240650177
2001-12-23,37.12290954589844
2001-12-24,4.3357062339782715
2001-12-25,11.177071571350098
2001-12-26,3.805410861968994
2001-12-27,7.027892589569092
2001-12-28,1.7910774946212769
2001-12-29,11.127262115478516
2001-12-30,12.382304191589355
2001-12-31,4.720576286315918
2002-01-01,0.6941943168640137
2002-01-02,4.1231279373168945
2002-01-03,0.5391092896461487
2002-01-04,1.4983676671981812
2002-01-05,3.9056825637817383
2002-01-06,14.444124221801758
2002-01-07,0.25621169805526733
2002-01-08,0.11592570692300797
2002-01-09,0.08911488950252533
2002-01-10,0.25024306774139404
2002-01-11,0.0974513366818428
2002-01-12,0.0
2002-01-13,0.0
2002-01-14,10.405519485473633
2002-01-15,0.5686421990394592
2002-01-16,5.263484477996826
2002-01-17,6.536085605621338
2002-01-18,1.3511803150177002
2002-01-19,1.1213579177856445
2002-01-20,7.051638603210449
2002-01-21,2.509730815887451
2002-01-22,5.492253303527832
2002-01-23,2.5214030742645264
2002-01-24,1.4831854104995728
2002-01-25,16.196849822998047
2002-01-26,2.5653023719787598
2002-01-27,0.09064900130033493
2002-01-28,12.703807830810547
2002-01-29,0.17888498306274414
2002-01-30,0.3219635486602783
2002-01-31,5.341291904449463
2002-02-01,7.840240001678467
2002-02-02,26.1481876373291
2002-02-03,17.191831588745117
2002-02-04,1.0331745147705078
2002-02-05,3.076125383377075
2002-02-06,19.043197631835938
2002-02-07,7.7694525718688965
2002-02-08,1.5925084352493286
2002-02-09,0.8739531636238098
2002-02-10,4.967866897583008
2002-02-11,0.6039851903915405
2002-02-12,5.697720527648926
2002-02-13,7.220689296722412
2002-02-14,0.41835182905197144
2002-02-15,2.041574478149414
2002-02-16,9.54448127746582
2002-02-17,2.519582748413086
2002-02-18,4.449066638946533
2002-02-19,23.877214431762695
2002-02-20,7.401211738586426
2002-02-21,4.206040382385254
2002-02-22,2.4504663944244385
2002-02-23,0.14990511536598206
2002-02-24,7.561343669891357
2002-02-25,27.036697387695312
2002-02-26,20.453460693359375
2002-02-27,8.048616409301758
2002-02-28,1.643775463104248
2002-03-01,3.0546226501464844
2002-03-02,6.132485866546631
2002-03-03,6.253220558166504
2002-03-04,21.69251823425293
2002-03-05,0.9902353882789612
2002-03-06,1.3573923110961914
2002-03-07,0.11504422128200531
2002-03-08,0.01683138683438301
2002-03-09,0.9988473653793335
2002-03-10,0.6188585162162781
2002-03-11,1.0510003566741943
2002-03-12,16.921157836914062
2002-03-13,0.889449417591095
2002-03-14,1.1159429550170898
2002-03-15,2.526221752166748
2002-03-16,7.233494281768799
2002-03-17,0.9534707069396973
2002-03-18,0.11365939676761627
2002-03-19,6.994949817657471
2002-03-20,0.34141474962234497
2002-03-21,0.0
2002-03-22,0.0
2002-03-23,0.0
2002-03-24,0.0
2002-03-25,0.0
2002-03-26,0.0
2002-03-27,2.6303305625915527
2002-03-28,6.644852638244629
2002-03-29,1.2873948812484741
2002-03-30,0.7622484564781189
2002-03-31,0.1434324085712433
2002-04-01,1.8410065174102783
2002-04-02,0.0
2002-04-03,0.8742353320121765
2002-04-04,0.358470618724823
2002-04-05,5.767768859863281
2002-04-06,0.6342763304710388
2002-04-07,0.44086113572120667
2002-04-08,0.0
2002-04-09,1.1461453437805176
2002-04-10,1.1637555360794067
2002-04-11,4.297351360321045
2002-04-12,2.8481945991516113
2002-04-13,0.001786954584531486
2002-04-14,0.02680431678891182
2002-04-15,0.6956101059913635
2002-04-16,0.0
2002-04-17,0.0
2002-04-18,0.0
2002-04-19,0.0
2002-04-20,0.0
2002-04-21,1.9813233613967896
2002-04-22,0.7702155709266663
2002-04-23,1.0857287645339966
2002-04-24,3.013108968734741
2002-04-25,0.28952497243881226
2002-04-26,8.76820182800293
2002-04-27,5.175881862640381
2002-04-28,0.2049816995859146
2002-04-29,0.0
2002-04-30,0.8282716870307922
2002-05-01,1.0941624641418457
2002-05-02,0.0
2002-05-03,0.0
2002-05-04,1.3646432161331177
2002-05-05,3.080965757369995
2002-05-06,0.13893485069274902
2002-05-07,0.47619158029556274
2002-05-08,0.4042194187641144
2002-05-09,0.0
2002-05-10,0.06375636160373688
2002-05-11,0.0
2002-05-12,0.0
2002-05-13,0.6408693194389343
2002-05-14,9.213547706604004
2002-05-15,0.0
2002-05-16,0.0
2002-05-17,0.8349285125732422
2002-05-18,1.1066982746124268
2002-05-19,0.17479035258293152
2002-05-20,0.0
2002-05-21,0.02669258788228035
2002-05-22,0.028491154313087463
2002-05-23,0.09162548929452896
2002-05-24,0.09342405945062637
2002-05-25,0.02669258788228035
2002-05-26,0.0
2002-05-27,0.5319191813468933
2002-05-28,0.012957167811691761
2002-05-29,0.0
2002-05-30,0.14034371078014374
2002-05-31,4.270326614379883
2002-06-01,0.0
2002-06-02,0.0
2002-06-03,0.0
2002-06-04,0.0
2002-06-05,0.0
2002-06-06,0.07797692716121674
2002-06-07,0.03498891741037369
2002-06-08,0.0
2002-06-09,0.019265426322817802
2002-06-10,0.4142403304576874
2002-06-11,0.0
2002-06-12,0.0
2002-06-13,0.0
2002-06-14,0.0
2002-06-15,0.0
2002-06-16,0.07576409727334976
2002-06-17,0.15857632458209991
2002-06-18,0.03567386791110039
2002-06-19,0.05105053633451462
2002-06-20,0.03567386791110039
2002-06-21,0.0
2002-06-22,0.0
2002-06-23,0.0
2002-06-24,0.0
2002-06-25,0.0
2002-06-26,0.009559673257172108
2002-06-27,0.09880939871072769
2002-06-28,0.2764407992362976
2002-06-29,0.04250900819897652
2002-06-30,0.034750472754240036
2002-07-01,0.09534596651792526
2002-07-02,0.522843062877655
2002-07-03,3.326792001724243
2002-07-04,5.2060866355896
2002-07-05,2.517451286315918
2002-07-06,0.0
2002-07-07,0.0
2002-07-08,0.0
2002-07-09,0.0
2002-07-10,0.0
2002-07-11,0.0
2002-07-12,0.0
2002-07-13,0.0
2002-07-14,0.0
2002-07-15,0.0
2002-07-16,0.014869209378957748
2002-07-17,0.022991035133600235
2002-07-18,0.04138623923063278
2002-07-19,0.2074657529592514
2002-07-20,0.0276016928255558
2002-07-21,0.0
2002-07-22,0.0
2002-07-23,0.0
2002-07-24,0.0
2002-07-25,0.0
2002-07-26,0.0
2002-07-27,0.0
2002-07-28,6.275896072387695
2002-07-29,0.6431635022163391
2002-07-30,0.0
2002-07-31,0.0
2002-08-01,0.3551765978336334
2002-08-02,0.0
2002-08-03,0.0
2002-08-04,0.0
2002-08-05,0.5770807862281799
2002-08-06,0.13670474290847778
2002-08-07,0.04188689589500427
2002-08-08,0.07498090714216232
2002-08-09,0.09221719205379486
2002-08-10,0.0
2002-08-11,0.0
2002-08-12,0.0
2002-08-13,0.0
2002-08-14,0.0
2002-08-15,0.0
2002-08-16,0.0
2002-08-17,0.4308173954486847
2002-08-18,0.8491701483726501
2002-08-19,2.7031400203704834
2002-08-20,0.5090605616569519
2002-08-21,0.15059128403663635
2002-08-22,0.15059128403663635
2002-08-23,0.15059128403663635
2002-08-24,0.15059128403663635
2002-08-25,0.40157678723335266
2002-08-26,0.004062129650264978
2002-08-27,0.04034172743558884
2002-08-28,0.9041779637336731
2002-08-29,0.0
2002-08-30,0.24820876121520996
2002-08-31,0.14208737015724182
2002-09-01,0.34584173560142517
2002-09-02,0.0
2002-09-03,0.9103434681892395
2002-09-04,2.3450405597686768
2002-09-05,2.8619019985198975
2002-09-06,0.04492601379752159
2002-09-07,1.811591386795044
2002-09-08,0.0
2002-09-09,0.0
2002-09-10,0.0
2002-09-11,0.0586114376783371
2002-09-12,0.19378626346588135
2002-09-13,0.34793612360954285
2002-09-14,0.015871724113821983
2002-09-15,0.1477472186088562
2002-09-16,0.06437526643276215
2002-09-17,0.0
2002-09-18,0.27953192591667175
2002-09-19,0.002196529181674123
2002-09-20,0.0028305882588028908
2002-09-21,0.0
2002-09-22,0.0
2002-09-23,0.0
2002-09-24,0.0
2002-09-25,0.0
2002-09-26,0.0
2002-09-27,0.0
2002-09-28,0.0
2002-09-29,0.0
2002-09-30,0.0
2002-10-01,0.1529378443956375
2002-10-02,0.19416071474552155
2002-10-03,1.1731215715408325
2002-10-04,2.6971278190612793
2002-10-05,1.5849183797836304
2002-10-06,0.3131619989871979
2002-10-07,0.4841515123844147
2002-10-08,4.923083782196045
2002-10-09,1.5113637447357178
2002-10-10,0.9801254272460938
2002-10-11,0.16048011183738708
2002-10-12,2.477696418762207
2002-10-13,3.7122626304626465
2002-10-14,2.984790325164795
2002-10-15,0.30688604712486267
2002-10-16,0.6208975315093994
2002-10-17,0.07766332477331161
2002-10-18,0.0
2002-10-19,0.13662099838256836
2002-10-20,0.8046374320983887
2002-10-21,0.11890215426683426
2002-10-22,0.2735305726528168
2002-10-23,0.30791953206062317
2002-10-24,0.01872396655380726
2002-10-25,1.2923046350479126
2002-10-26,1.5039371252059937
2002-10-27,0.32943814992904663
2002-10-28,0.4111103415489197
2002-10-29,0.09358956664800644
2002-10-30,1.6020137071609497
2002-10-31,1.0606168508529663
2002-11-01,5.2864155769348145
2002-11-02,0.8674895167350769
2002-11-03,0.4612320363521576
2002-11-04,1.158194661140442
2002-11-05,0.06351266801357269
2002-11-06,0.5101413726806641
2002-11-07,0.0
2002-11-08,0.2737177908420563
2002-11-09,0.0
2002-11-10,0.8454134464263916
2002-11-11,0.0015884421300143003
2002-11-12,2.3789608478546143
2002-11-13,2.209245204925537
2002-11-14,0.16044656932353973
2002-11-15,3.5435476303100586
2002-11-16,0.5900260210037231
2002-11-17,2.572657823562622
2002-11-18,1.9638327360153198
2002-11-19,0.5455693602561951
2002-11-20,0.8407613039016724
2002-11-21,2.5273587703704834
2002-11-22,2.896716833114624
2002-11-23,1.725852370262146
2002-11-24,4.857641220092773
2002-11-25,1.4691518545150757
2002-11-26,5.406444549560547
2002-11-27,0.2478177845478058
2002-11-28,3.1892075538635254
2002-11-29,0.013593962416052818
2002-11-30,0.2906263768672943
2002-12-01,0.25058186054229736
2002-12-02,2.031444549560547
2002-12-03,9.8307466506958
2002-12-04,4.603940010070801
2002-12-05,7.675107479095459
2002-12-06,1.2422266006469727
2002-12-07,1.5901256799697876
2002-12-08,2.6093645095825195
2002-12-09,4.59165096282959
2002-12-10,0.8034218549728394
2002-12-11,0.03411364555358887
2002-12-12,0.007802403531968594
2002-12-13,0.05867348238825798
2002-12-14,0.8998594284057617
2002-12-15,0.08655755966901779
2002-12-16,1.7626028060913086
2002-12-17,0.12430491298437119
2002-12-18,0.0
2002-12-19,3.31266713142395
2002-12-20,8.33864974975586
2002-12-21,1.380663514137268
2002-12-22,0.06838518381118774
2002-12-23,2.9318902492523193
2002-12-24,6.0666704177856445
2002-12-25,0.45231276750564575
2002-12-26,3.0541131496429443
2002-12-27,0.8010728359222412
2002-12-28,2.165695905685425
2002-12-29,5.430150032043457
2002-12-30,4.48650598526001
2002-12-31,0.7928009033203125
2003-01-01,5.183164596557617
2003-01-02,15.472896575927734
2003-01-03,1.2920246124267578
2003-01-04,1.7782866954803467
2003-01-05,4.4109416007995605
2003-01-06,9.361153602600098
2003-01-07,1.658653736114502
2003-01-08,0.31438425183296204
2003-01-09,1.688602089881897
2003-01-10,17.517459869384766
2003-01-11,8.952579498291016
2003-01-12,3.7644197940826416
2003-01-13,2.4434568881988525
2003-01-14,13.683764457702637
2003-01-15,0.8531652092933655
2003-01-16,3.870425224304199
2003-01-17,4.3964128494262695
2003-01-18,16.800642013549805
2003-01-19,7.876414775848389
2003-01-20,3.2462830543518066
2003-01-21,4.598649501800537
2003-01-22,5.070277214050293
2003-01-23,8.272324562072754
2003-01-24,20.934980392456055
2003-01-25,3.7222039699554443
2003-01-26,25.3947811126709
2003-01-27,1.8549023866653442
2003-01-28,3.0755820274353027
2003-01-29,3.3165135383605957
2003-01-30,0.9793035387992859
2003-01-31,1.921188235282898
2003-02-01,0.08192405849695206
2003-02-02,0.012997092679142952
2003-02-03,0.31335964798927307
2003-02-04,0.20079712569713593
2003-02-05,6.357363224029541
2003-02-06,2.2403464317321777
2003-02-07,3.972627639770508
2003-02-08,4.565117835998535
2003-02-09,0.7635159492492676
2003-02-10,10.932560920715332
2003-02-11,5.8272905349731445
2003-02-12,0.27142733335494995
2003-02-13,11.519408226013184
2003-02-14,0.3605201840400696
2003-02-15,0.19011741876602173
2003-02-16,0.08316613733768463
2003-02-17,2.994750499725342
2003-02-18,5.127276420593262
2003-02-19,1.5749245882034302
2003-02-20,1.7699272632598877
2003-02-21,1.8389514684677124
2003-02-22,3.986910820007324
2003-02-23,6.7667555809021
2003-02-24,4.746150016784668
2003-02-25,17.095504760742188
2003-02-26,3.328988552093506
2003-02-27,0.5388004183769226
2003-02-28,0.931658148765564
2003-03-01,0.4336889684200287
2003-03-02,2.60011887550354
2003-03-03,4.490780830383301
2003-03-04,2.496196985244751
2003-03-05,1.2451167106628418
2003-03-06,14.105667114257812
2003-03-07,1.5913163423538208
2003-03-08,6.349949836730957
2003-03-09,0.4666312336921692
2003-03-10,2.6491804122924805
2003-03-11,2.525449275970459
2003-03-12,1.3827595710754395
2003-03-13,2.2991247177124023
2003-03-14,5.26071310043335
2003-03-15,1.481752872467041
2003-03-16,9.11278247833252
2003-03-17,25.817434310913086
2003-03-18,1.0134280920028687
2003-03-19,1.5182117223739624
2003-03-20,8.8690185546875
2003-03-21,4.716998100280762
2003-03-22,0.738473117351532
2003-03-23,0.0
2003-03-24,0.13039889931678772
2003-03-25,0.09337811917066574
2003-03-26,0.0
2003-03-27,0.09601418673992157
2003-03-28,1.8321075439453125
2003-03-29,0.28487908840179443
2003-03-30,0.4628424346446991
2003-03-31,10.812459945678711
2003-04-01,2.5386955738067627
2003-04-02,0.4299255907535553
2003-04-03,2.220155715942383
2003-04-04,0.10566118359565735
2003-04-05,9.45873737335205
2003-04-06,0.0
2003-04-07,0.0
2003-04-08,0.0
2003-04-09,0.0
2003-04-10,0.0
2003-04-11,0.0
2003-04-12,0.0
2003-04-13,0.0
2003-04-14,0.0
2003-04-15,0.0
2003-04-16,0.0
2003-04-17,0.6056527495384216
2003-04-18,1.8466496467590332
2003-04-19,0.0
2003-04-20,0.10361840575933456
2003-04-21,0.0
2003-04-22,0.0
2003-04-23,0.0
2003-04-24,0.0
2003-04-25,0.0
2003-04-26,0.00470358319580555
2003-04-27,0.0010859781177714467
2003-04-28,0.0019462694181129336
2003-04-29,0.0010859781177714467
2003-04-30,0.002037971979007125
2003-05-01,0.0
2003-05-02,0.0
2003-05-03,0.6026043891906738
2003-05-04,0.0
2003-05-05,0.0
2003-05-06,0.0
2003-05-07,0.0
2003-05-08,0.0
2003-05-09,0.0
2003-05-10,0.0
2003-05-11,0.006500575691461563
2003-05-12,0.0608004629611969
2003-05-13,0.020193319767713547
2003-05-14,0.03601657971739769
2003-05-15,0.006500575691461563
2003-05-16,0.8942500352859497
2003-05-17,0.620444655418396
2003-05-18,0.0
2003-05-19,1.6528739929199219
2003-05-20,0.08447713404893875
2003-05-21,0.08441011607646942
2003-05-22,0.013742833398282528
2003-05-23,0.14744248986244202
2003-05-24,0.01551839243620634
2003-05-25,0.013742833398282528
2003-05-26,0.0
2003-05-27,0.0
2003-05-28,0.0
2003-05-29,0.0
2003-05-30,0.0
2003-05-31,0.0
2003-06-01,0.15512190759181976
2003-06-02,0.0
2003-06-03,2.3091416358947754
2003-06-04,0.6807301640510559
2003-06-05,0.24297857284545898
2003-06-06,0.07594163715839386
2003-06-07,0.07594163715839386
2003-06-08,0.07594163715839386
2003-06-09,0.2025110423564911
2003-06-10,0.07594163715839386
2003-06-11,0.0
2003-06-12,0.0
2003-06-13,0.0
2003-06-14,0.0
2003-06-15,0.0
2003-06-16,0.17723463475704193
2003-06-17,0.0
2003-06-18,0.0
2003-06-19,0.10261900722980499
2003-06-20,0.050928253680467606
2003-06-21,0.0
2003-06-22,0.0
2003-06-23,0.0
2003-06-24,0.0
2003-06-25,0.0
2003-06-26,0.0
2003-06-27,0.0
2003-06-28,0.0
2003-06-29,0.0
2003-06-30,0.0
2003-07-01,0.0
2003-07-02,0.0
2003-07-03,0.0
2003-07-04,0.0
2003-07-05,0.0
2003-07-06,0.0
2003-07-07,0.0
2003-07-08,0.0
2003-07-09,0.0
2003-07-10,0.0
2003-07-11,0.0
2003-07-12,0.0
2003-07-13,0.0
2003-07-14,0.0
2003-07-15,0.0
2003-07-16,0.0
2003-07-17,0.0
2003-07-18,0.0
2003-07-19,0.0
2003-07-20,0.0
2003-07-21,0.0
2003-07-22,0.0
2003-07-23,0.0
2003-07-24,0.0
2003-07-25,0.0
2003-07-26,0.0
2003-07-27,0.0
2003-07-28,0.0
2003-07-29,0.0
2003-07-30,0.0
2003-07-31,0.0
2003-08-01,0.0
2003-08-02,0.0
2003-08-03,0.0
2003-08-04,0.0
2003-08-05,0.0
2003-08-06,0.0037651178427040577
2003-08-07,0.045881953090429306
2003-08-08,0.43576934933662415
2003-08-09,0.5917075872421265
2003-08-10,0.02946990728378296
2003-08-11,0.0
2003-08-12,0.0
2003-08-13,0.0
2003-08-14,0.0
2003-08-15,0.0
2003-08-16,0.02438879944384098
2003-08-17,0.26827678084373474
2003-08-18,0.02438879944384098
2003-08-19,0.02438879944384098
2003-08-20,0.14633280038833618
2003-08-21,0.043720729649066925
2003-08-22,0.2800670862197876
2003-08-23,0.0463724322617054
2003-08-24,0.04066333919763565
2003-08-25,0.48376989364624023
2003-08-26,0.0
2003-08-27,0.0691751018166542
2003-08-28,0.20066899061203003
2003-08-29,0.0
2003-08-30,0.0
2003-08-31,2.8852155208587646
2003-09-01,0.2606569230556488
2003-09-02,0.0
2003-09-03,0.08131325244903564
2003-09-04,0.0
2003-09-05,0.5014240741729736
2003-09-06,0.5279127955436707
2003-09-07,0.4536496102809906
2003-09-08,0.0
2003-09-09,0.03945576399564743
2003-09-10,0.4661397933959961
2003-09-11,0.019644081592559814
2003-09-12,0.5176080465316772
2003-09-13,0.040410589426755905
2003-09-14,0.0
2003-09-15,0.4383748471736908
2003-09-16,0.13800589740276337
2003-09-17,0.020127924159169197
2003-09-18,0.0
2003-09-19,0.0
2003-09-20,0.0883980244398117
2003-09-21,0.18951892852783203
2003-09-22,0.121009960770607
2003-09-23,8.1124906539917
2003-09-24,2.1016364097595215
2003-09-25,12.128747940063477
2003-09-26,0.012944482266902924
2003-09-27,0.7690184712409973
2003-09-28,1.2402509450912476
2003-09-29,1.136240005493164
2003-09-30,0.0
2003-10-01,0.14566558599472046
2003-10-02,0.07127518951892853
2003-10-03,3.6235055923461914
2003-10-04,0.1558329313993454
2003-10-05,1.7152241468429565
2003-10-06,0.0
2003-10-07,0.0
2003-10-08,0.0
2003-10-09,0.0
2003-10-10,0.0
2003-10-11,0.6818875670433044
2003-10-12,0.26208093762397766
2003-10-13,3.1894235610961914
2003-10-14,0.014153378084301949
2003-10-15,0.7122769355773926
2003-10-16,0.0
2003-10-17,0.0
2003-10-18,0.0
2003-10-19,0.0
2003-10-20,0.0
2003-10-21,0.0
2003-10-22,0.2954089343547821
2003-10-23,0.0
2003-10-24,0.11468715220689774
2003-10-25,0.8606376051902771
2003-10-26,1.0882998704910278
2003-10-27,0.589970052242279
2003-10-28,0.6200467348098755
2003-10-29,0.027152283117175102
2003-10-30,4.225109577178955
2003-10-31,0.9263548851013184
2003-11-01,0.0
2003-11-02,0.0
2003-11-03,0.0
2003-11-04,0.0
2003-11-05,0.0
2003-11-06,0.0
2003-11-07,0.0
2003-11-08,1.4677444696426392
2003-11-09,0.9771935343742371
2003-11-10,0.639336109161377
2003-11-11,0.0
2003-11-12,0.0
2003-11-13,0.0
2003-11-14,0.0
2003-11-15,0.0
2003-11-16,0.0
2003-11-17,0.0
2003-11-18,0.0
2003-11-19,0.0
2003-11-20,0.0
2003-11-21,0.6119150519371033
2003-11-22,0.2225949615240097
2003-11-23,0.6339916586875916
2003-11-24,0.841110348701477
2003-11-25,1.1013504266738892
2003-11-26,0.030363475903868675
2003-11-27,4.791366100311279
2003-11-28,13.72752571105957
2003-11-29,2.0318384170532227
2003-11-30,0.7309120297431946
2003-12-01,3.209674596786499
2003-12-02,5.574755668640137
2003-12-03,2.558802843093872
2003-12-04,4.705827713012695
2003-12-05,1.1764286756515503
2003-12-06,9.575090408325195
2003-12-07,0.11659444868564606
2003-12-08,0.0
2003-12-09,11.128108024597168
2003-12-10,0.3386297821998596
2003-12-11,0.0364830382168293
2003-12-12,6.066997528076172
2003-12-13,7.380104064941406
2003-12-14,13.12249755859375
2003-12-15,7.127153396606445
2003-12-16,5.81011962890625
2003-12-17,3.812138080596924
2003-12-18,0.04186773672699928
2003-12-19,0.03538054972887039
2003-12-20,18.410804748535156
2003-12-21,0.5720413327217102
2003-12-22,1.2224637269973755
2003-12-23,34.4485969543457
2003-12-24,2.666215658187866
2003-12-25,6.185515880584717
2003-12-26,0.5076526403427124
2003-12-27,10.397329330444336
2003-12-28,24.766963958740234
2003-12-29,0.8184099197387695
2003-12-30,0.2993869483470917
2003-12-31,9.985060691833496
2004-01-01,7.412552833557129
2004-01-02,6.338034629821777
2004-01-03,1.2117820978164673
2004-01-04,0.36266833543777466
2004-01-05,0.2299509048461914
2004-01-06,16.452281951904297
2004-01-07,12.586265563964844
2004-01-08,3.417400360107422
2004-01-09,2.963594913482666
2004-01-10,5.178012371063232
2004-01-11,4.953218936920166
2004-01-12,14.023661613464355
2004-01-13,15.754998207092285
2004-01-14,19.648775100708008
2004-01-15,3.8154547214508057
2004-01-16,2.3162472248077393
2004-01-17,0.0
2004-01-18,0.3008744716644287
2004-01-19,0.5129654407501221
2004-01-20,5.367383003234863
2004-01-21,9.63103199005127
2004-01-22,5.536019325256348
2004-01-23,1.0447458028793335
2004-01-24,0.347786545753479
2004-01-25,0.33721694350242615
2004-01-26,0.12613555788993835
2004-01-27,0.0904311090707779
2004-01-28,1.7670562267303467
2004-01-29,1.031221628189087
2004-01-30,2.3935022354125977
2004-01-31,1.7268459796905518
2004-02-01,1.0876543521881104
2004-02-02,4.098543167114258
2004-02-03,8.075584411621094
2004-02-04,1.2361334562301636
2004-02-05,21.15215492248535
2004-02-06,4.46066427230835
2004-02-07,0.7476600408554077
2004-02-08,1.8094435930252075
2004-02-09,0.5787620544433594
2004-02-10,2.041560649871826
2004-02-11,0.330746054649353
2004-02-12,1.5790355205535889
2004-02-13,5.2659101486206055
2004-02-14,4.319666862487793
2004-02-15,0.8144610524177551
2004-02-16,7.514718532562256
2004-02-17,4.898056507110596
2004-02-18,21.11634063720703
2004-02-19,7.741084098815918
2004-02-20,4.4341959953308105
2004-02-21,0.0
2004-02-22,0.0
2004-02-23,0.0
2004-02-24,0.0
2004-02-25,0.0
2004-02-26,0.0
2004-02-27,0.0
2004-02-28,0.0
2004-02-29,0.0
2004-03-01,2.0072076320648193
2004-03-02,1.1074966192245483
2004-03-03,14.675797462463379
2004-03-04,0.03685110807418823
2004-03-05,0.22746765613555908
2004-03-06,3.686518669128418
2004-03-07,0.3688507676124573
2004-03-08,1.9454362392425537
2004-03-09,11.884410858154297
2004-03-10,0.9138848781585693
2004-03-11,1.6865445375442505
2004-03-12,0.2539009153842926
2004-03-13,0.672300398349762
2004-03-14,3.091240167617798
2004-03-15,1.9656822681427002
2004-03-16,2.6756088733673096
2004-03-17,1.569800853729248
2004-03-18,0.22235603630542755
2004-03-19,0.058160021901130676
2004-03-20,7.6909284591674805
2004-03-21,0.9373866319656372
2004-03-22,0.5565121173858643
2004-03-23,1.5204468965530396
2004-03-24,2.1181111335754395
2004-03-25,1.0927988290786743
2004-03-26,0.0
2004-03-27,0.0
2004-03-28,0.0
2004-03-29,0.0
2004-03-30,0.0
2004-03-31,0.0
2004-04-01,7.218413829803467
2004-04-02,0.4875473976135254
2004-04-03,1.9857995510101318
2004-04-04,3.881678581237793
2004-04-05,0.8815008401870728
2004-04-06,14.124302864074707
2004-04-07,1.6556713581085205
2004-04-08,0.3308866322040558
2004-04-09,0.3192899823188782
2004-04-10,8.756840705871582
2004-04-11,4.067102432250977
2004-04-12,0.1656726598739624
2004-04-13,0.0
2004-04-14,0.004733319394290447
2004-04-15,3.891178607940674
2004-04-16,0.0
2004-04-17,0.0
2004-04-18,0.0
2004-04-19,0.0
2004-04-20,0.0
2004-04-21,0.0
2004-04-22,2.586402416229248
2004-04-23,1.5151152610778809
2004-04-24,0.714186429977417
2004-04-25,0.49422702193260193
2004-04-26,0.13316839933395386
2004-04-27,0.0
2004-04-28,0.0
2004-04-29,0.0
2004-04-30,0.661604106426239
2004-05-01,0.0
2004-05-02,0.0
2004-05-03,2.622073173522949
2004-05-04,2.7518842220306396
2004-05-05,2.2932872772216797
2004-05-06,0.0
2004-05-07,0.0
2004-05-08,0.11200127005577087
2004-05-09,1.1085319519042969
2004-05-10,0.0
2004-05-11,0.04067974165081978
2004-05-12,0.04836735129356384
2004-05-13,0.007684219162911177
2004-05-14,0.04576735571026802
2004-05-15,0.011185714043676853
2004-05-16,0.2724338173866272
2004-05-17,0.0
2004-05-18,0.0
2004-05-19,0.037279412150382996
2004-05-20,0.4858134686946869
2004-05-21,0.0
2004-05-22,0.0
2004-05-23,1.8023604154586792
2004-05-24,0.7215574979782104
2004-05-25,1.8650953769683838
2004-05-26,2.089254379272461
2004-05-27,0.0
2004-05-28,0.0
2004-05-29,0.10319691896438599
2004-05-30,0.33772939443588257
2004-05-31,0.0
2004-06-01,0.0
2004-06-02,0.0
2004-06-03,0.0
2004-06-04,0.0
2004-06-05,0.0
2004-06-06,0.06090552732348442
2004-06-07,0.2503298819065094
2004-06-08,4.435927391052246
2004-06-09,2.271773099899292
2004-06-10,0.9226152300834656
2004-06-11,0.0
2004-06-12,0.0
2004-06-13,0.0
2004-06-14,0.0
2004-06-15,0.0
2004-06-16,1.6678993701934814
2004-06-17,0.0
2004-06-18,0.17363592982292175
2004-06-19,0.0
2004-06-20,0.0020067584700882435
2004-06-21,0.27483993768692017
2004-06-22,1.4167085886001587
2004-06-23,0.0
2004-06-24,1.3564478158950806
2004-06-25,0.0
2004-06-26,0.0
2004-06-27,0.0
2004-06-28,0.0
2004-06-29,0.0
2004-06-30,0.0
2004-07-01,0.18893593549728394
2004-07-02,0.2245367169380188
2004-07-03,6.325099945068359
2004-07-04,13.830652236938477
2004-07-05,4.4735941886901855
2004-07-06,0.0
2004-07-07,0.0
2004-07-08,0.0
2004-07-09,0.0
2004-07-10,0.0
2004-07-11,0.0
2004-07-12,0.0
2004-07-13,0.0
2004-07-14,0.0
2004-07-15,0.0
2004-07-16,0.0
2004-07-17,0.0
2004-07-18,0.0
2004-07-19,0.0
2004-07-20,0.0
2004-07-21,0.0
2004-07-22,0.0
2004-07-23,0.0
2004-07-24,0.0
2004-07-25,0.0
2004-07-26,0.0
2004-07-27,0.0
2004-07-28,0.0
2004-07-29,0.0
2004-07-30,0.0
2004-07-31,0.0
2004-08-01,0.0
2004-08-02,0.0
2004-08-03,0.0
2004-08-04,0.0
2004-08-05,0.0
2004-08-06,0.046975020319223404
2004-08-07,0.0009663361124694347
2004-08-08,0.08354628086090088
2004-08-09,0.03798051178455353
2004-08-10,0.02506280690431595
2004-08-11,1.5098333358764648
2004-08-12,0.0
2004-08-13,0.0
2004-08-14,0.0
2004-08-15,0.01994341053068638
2004-08-16,0.0967787578701973
2004-08-17,0.3587678372859955
2004-08-18,1.5183128118515015
2004-08-19,0.3719155788421631
2004-08-20,0.03974602371454239
2004-08-21,0.33794209361076355
2004-08-22,0.004737529903650284
2004-08-23,0.09180180728435516
2004-08-24,0.5153021812438965
2004-08-25,2.187514305114746
2004-08-26,1.6563637256622314
2004-08-27,0.0
2004-08-28,0.5671777129173279
2004-08-29,0.0
2004-08-30,0.6363050937652588
2004-08-31,0.43318575620651245
2004-09-01,0.011534592136740685
2004-09-02,0.26586005091667175
2004-09-03,0.49710407853126526
2004-09-04,1.510082721710205
2004-09-05,1.645229458808899
2004-09-06,0.24122661352157593
2004-09-07,0.6050024628639221
2004-09-08,0.9277768135070801
2004-09-09,0.4947369396686554
2004-09-10,0.05224829539656639
2004-09-11,0.23009631037712097
2004-09-12,0.06173315644264221
2004-09-13,0.1640108972787857
2004-09-14,0.044896841049194336
2004-09-15,0.3971996009349823
2004-09-16,0.0
2004-09-17,2.339573383331299
2004-09-18,0.0
2004-09-19,0.9892023205757141
2004-09-20,0.875993549823761
2004-09-21,0.018335683271288872
2004-09-22,8.011850357055664
2004-09-23,5.874020099639893
2004-09-24,0.18366286158561707
2004-09-25,0.8007057309150696
2004-09-26,0.03227147087454796
2004-09-27,0.04241292551159859
2004-09-28,0.5202032923698425
2004-09-29,0.7462878227233887
2004-09-30,0.3874017298221588
2004-10-01,0.8113645315170288
2004-10-02,0.047759778797626495
2004-10-03,0.2934374511241913
2004-10-04,0.08995511382818222
2004-10-05,0.0
2004-10-06,0.0
2004-10-07,0.0
2004-10-08,0.0
2004-10-09,0.0
2004-10-10,0.0
2004-10-11,0.27688923478126526
2004-10-12,0.5347835421562195
2004-10-13,0.013208686374127865
2004-10-14,0.7111011743545532
2004-10-15,0.5245726108551025
2004-10-16,1.5674934387207031
2004-10-17,0.07491528987884521
2004-10-18,0.0
2004-10-19,3.5849533081054688
2004-10-20,0.7528325915336609
2004-10-21,0.0
2004-10-22,0.0
2004-10-23,0.0
2004-10-24,0.0
2004-10-25,0.0
2004-10-26,0.0
2004-10-27,0.0
2004-10-28,0.0
2004-10-29,0.0
2004-10-30,0.0
2004-10-31,0.0
2004-11-01,0.35102367401123047
2004-11-02,0.29299241304397583
2004-11-03,2.5698087215423584
2004-11-04,0.7823883295059204
2004-11-05,0.7938633561134338
2004-11-06,2.9526073932647705
2004-11-07,3.4231972694396973
2004-11-08,2.588648796081543
2004-11-09,0.13680262863636017
2004-11-10,0.0
2004-11-11,0.0
2004-11-12,0.0
2004-11-13,0.0
2004-11-14,0.0
2004-11-15,0.0
2004-11-16,2.27567195892334
2004-11-17,19.479795455932617
2004-11-18,14.23267936706543
2004-11-19,0.16373860836029053
2004-11-20,5.7871527671813965
2004-11-21,0.5324907898902893
2004-11-22,0.8995237946510315
2004-11-23,0.03509974852204323
2004-11-24,2.5601871013641357
2004-11-25,0.1473209261894226
2004-11-26,7.544501781463623
2004-11-27,3.3362555503845215
2004-11-28,7.3267083168029785
2004-11-29,4.307088375091553
2004-11-30,6.018734455108643
2004-12-01,2.033677816390991
2004-12-02,1.7014439105987549
2004-12-03,0.9750328063964844
2004-12-04,2.298581600189209
2004-12-05,4.032896518707275
2004-12-06,0.3017796576023102
2004-12-07,1.2442654371261597
2004-12-08,1.785006046295166
2004-12-09,2.1598451137542725
2004-12-10,1.825287938117981
2004-12-11,0.5243219137191772
2004-12-12,5.094048976898193
2004-12-13,2.3862626552581787
2004-12-14,0.899681031703949
2004-12-15,3.3195769786834717
2004-12-16,8.050541877746582
2004-12-17,10.226422309875488
2004-12-18,5.235344409942627
2004-12-19,1.0541601181030273
2004-12-20,0.9309230446815491
2004-12-21,2.4807498455047607
2004-12-22,8.238849639892578
2004-12-23,1.7379127740859985
2004-12-24,1.9041063785552979
2004-12-25,5.883777618408203
2004-12-26,22.458459854125977
2004-12-27,2.670445442199707
2004-12-28,0.8571602702140808
2004-12-29,0.5873429775238037
2004-12-30,4.485446453094482
2004-12-31,4.845603942871094
2005-01-01,0.783058226108551
2005-01-02,14.26295280456543
2005-01-03,7.448353290557861
2005-01-04,0.3966837525367737
2005-01-05,0.0
2005-01-06,0.09789999574422836
2005-01-07,1.1356430053710938
2005-01-08,0.1604754477739334
2005-01-09,1.3344297409057617
2005-01-10,1.5670617818832397
2005-01-11,18.100786209106445
2005-01-12,10.211030006408691
2005-01-13,14.020276069641113
2005-01-14,14.858839988708496
2005-01-15,8.811136245727539
2005-01-16,19.54998779296875
2005-01-17,0.9473065733909607
2005-01-18,0.11278519779443741
2005-01-19,0.7997756004333496
2005-01-20,0.41074568033218384
2005-01-21,1.2537167072296143
2005-01-22,2.347738265991211
2005-01-23,30.95670509338379
2005-01-24,2.349365234375
2005-01-25,4.574027061462402
2005-01-26,0.4651374816894531
2005-01-27,0.09310341626405716
2005-01-28,0.037170086055994034
2005-01-29,0.0
2005-01-30,0.40291541814804077
2005-01-31,13.621910095214844
2005-02-01,4.3202009201049805
2005-02-02,0.2776803970336914
2005-02-03,0.6017311811447144
2005-02-04,0.8706297874450684
2005-02-05,0.6713757514953613
2005-02-06,1.8667707443237305
2005-02-07,4.097298622131348
2005-02-08,9.038529396057129
2005-02-09,4.971954822540283
2005-02-10,26.379133224487305
2005-02-11,1.246033787727356
2005-02-12,2.424896001815796
2005-02-13,1.7777329683303833
2005-02-14,7.477295875549316
2005-02-15,2.711174249649048
2005-02-16,0.0
2005-02-17,0.0
2005-02-18,0.0
2005-02-19,0.0
2005-02-20,0.0
2005-02-21,0.9112119078636169
2005-02-22,0.588741660118103
2005-02-23,6.748628616333008
2005-02-24,2.152000665664673
2005-02-25,5.312600135803223
2005-02-26,1.3058733940124512
2005-02-27,0.24583984911441803
2005-02-28,0.4436991512775421
2005-03-01,0.024695344269275665
2005-03-02,0.022684190422296524
2005-03-03,0.005315505433827639
2005-03-04,0.005796430166810751
2005-03-05,0.001807552995160222
2005-03-06,0.06914447247982025
2005-03-07,0.40534040331840515
2005-03-08,0.4864056706428528
2005-03-09,3.913069486618042
2005-03-10,0.4349304437637329
2005-03-11,1.0201810598373413
2005-03-12,6.0888261795043945
2005-03-13,3.1752684116363525
2005-03-14,1.0259323120117188
2005-03-15,0.03436979278922081
2005-03-16,0.02972468174993992
2005-03-17,0.24662773311138153
2005-03-18,0.07221749424934387
2005-03-19,0.21619902551174164
2005-03-20,0.02972468174993992
2005-03-21,0.0
2005-03-22,0.0
2005-03-23,0.0
2005-03-24,0.0
2005-03-25,0.0
2005-03-26,0.931399941444397
2005-03-27,0.9356019496917725
2005-03-28,9.091032028198242
2005-03-29,2.3091495037078857
2005-03-30,2.653984308242798
2005-03-31,2.8524131774902344
2005-04-01,0.34664949774742126
2005-04-02,0.15218277275562286
2005-04-03,20.403823852539062
2005-04-04,1.1751524209976196
2005-04-05,0.07084622979164124
2005-04-06,0.0
2005-04-07,0.0
2005-04-08,0.0
2005-04-09,0.0
2005-04-10,0.0
2005-04-11,0.0
2005-04-12,0.0
2005-04-13,0.0
2005-04-14,0.0
2005-04-15,0.0
2005-04-16,0.10787683725357056
2005-04-17,0.8995427489280701
2005-04-18,0.35503628849983215
2005-04-19,0.05619855970144272
2005-04-20,0.34404224157333374
2005-04-21,0.1377440094947815
2005-04-22,0.3996639847755432
2005-04-23,0.26136913895606995
2005-04-24,1.388956069946289
2005-04-25,19.3984432220459
2005-04-26,1.0337400436401367
2005-04-27,0.8803131580352783
2005-04-28,0.0
2005-04-29,0.0
2005-04-30,0.08944173157215118
2005-05-01,0.0
2005-05-02,0.0
2005-05-03,0.0
2005-05-04,0.0
2005-05-05,0.0
2005-05-06,4.563028335571289
2005-05-07,1.3533464670181274
2005-05-08,0.0
2005-05-09,0.0
2005-05-10,0.0
2005-05-11,0.015353786759078503
2005-05-12,0.027997637167572975
2005-05-13,0.041094403713941574
2005-05-14,0.015353786759078503
2005-05-15,0.05373825877904892
2005-05-16,0.16906903684139252
2005-05-17,0.246164008975029
2005-05-18,0.33186933398246765
2005-05-19,0.04797905310988426
2005-05-20,0.0
2005-05-21,4.498239040374756
2005-05-22,0.5358604788780212
2005-05-23,0.4668433666229248
2005-05-24,0.0
2005-05-25,0.7584099173545837
2005-05-26,0.0
2005-05-27,0.0
2005-05-28,0.0
2005-05-29,0.0
2005-05-30,0.0
2005-05-31,0.0
2005-06-01,0.0
2005-06-02,0.0
2005-06-03,0.0
2005-06-04,0.0
2005-06-05,0.0
2005-06-06,0.4025857746601105
2005-06-07,0.005353853572160006
2005-06-08,0.008882529102265835
2005-06-09,0.03436168283224106
2005-06-10,0.0
2005-06-11,0.0
2005-06-12,0.0
2005-06-13,0.0
2005-06-14,0.0
2005-06-15,0.0
2005-06-16,0.029453445225954056
2005-06-17,0.17237423360347748
2005-06-18,0.029453445225954056
2005-06-19,0.03379987180233002
2005-06-20,0.029453445225954056
2005-06-21,0.06106766313314438
2005-06-22,0.5542480945587158
2005-06-23,0.42579948902130127
2005-06-24,0.0
2005-06-25,0.0
2005-06-26,0.23223528265953064
2005-06-27,0.01989678479731083
2005-06-28,0.0
2005-06-29,0.04305021092295647
2005-06-30,0.09466291964054108
2005-07-01,0.01638440415263176
2005-07-02,0.008106866851449013
2005-07-03,0.408873975276947
2005-07-04,0.0
2005-07-05,1.1777677536010742
2005-07-06,0.0
2005-07-07,0.0
2005-07-08,0.0
2005-07-09,0.0
2005-07-10,0.0
2005-07-11,0.0
2005-07-12,0.0
2005-07-13,0.0
2005-07-14,0.0
2005-07-15,0.0
2005-07-16,0.0
2005-07-17,0.0
2005-07-18,0.0
2005-07-19,0.0
2005-07-20,0.0
2005-07-21,0.03312617912888527
2005-07-22,0.18109099566936493
2005-07-23,1.1888165473937988
2005-07-24,0.5271406769752502
2005-07-25,0.9247000813484192
2005-07-26,0.0
2005-07-27,0.0
2005-07-28,0.0
2005-07-29,0.0
2005-07-30,0.0
2005-07-31,0.0
2005-08-01,0.0
2005-08-02,0.0
2005-08-03,0.0
2005-08-04,0.0
2005-08-05,0.0
2005-08-06,0.0
2005-08-07,0.0
2005-08-08,0.0
2005-08-09,0.0
2005-08-10,0.0
2005-08-11,0.0
2005-08-12,0.0
2005-08-13,0.0
2005-08-14,0.0
2005-08-15,0.0
2005-08-16,0.15428006649017334
2005-08-17,0.0471915528178215
2005-08-18,0.17061561346054077
2005-08-19,0.0471915528178215
2005-08-20,0.052636731415987015
2005-08-21,0.04325913265347481
2005-08-22,0.04325913265347481
2005-08-23,0.08094700425863266
2005-08-24,0.4955136775970459
2005-08-25,0.2022036761045456
2005-08-26,0.5445587635040283
2005-08-27,0.07779410481452942
2005-08-28,0.07779410481452942
2005-08-29,0.07779410481452942
2005-08-30,0.07779410481452942
2005-08-31,0.07779410481452942
2005-09-01,2.578958511352539
2005-09-02,0.0
2005-09-03,0.0
2005-09-04,0.05080219730734825
2005-09-05,0.0
2005-09-06,0.4072679579257965
2005-09-07,0.1925104856491089
2005-09-08,0.0
2005-09-09,0.802492082118988
2005-09-10,4.120462417602539
2005-09-11,0.25003358721733093
2005-09-12,1.829645037651062
2005-09-13,0.15774334967136383
2005-09-14,0.6615062355995178
2005-09-15,0.6669864654541016
2005-09-16,0.10346376895904541
2005-09-17,0.24643574655056
2005-09-18,0.052687130868434906
2005-09-19,0.02884911373257637
2005-09-20,0.1578933149576187
2005-09-21,0.053390439599752426
2005-09-22,0.4665849804878235
2005-09-23,0.0
2005-09-24,1.054161787033081
2005-09-25,3.4565422534942627
2005-09-26,0.4063442349433899
2005-09-27,0.5227415561676025
2005-09-28,0.13137418031692505
2005-09-29,0.5590123534202576
2005-09-30,8.09286117553711
2005-10-01,0.30861830711364746
2005-10-02,0.018413973972201347
2005-10-03,4.223445892333984
2005-10-04,0.45021721720695496
2005-10-05,8.49641227722168
2005-10-06,0.6631333231925964
2005-10-07,2.9335875511169434
2005-10-08,2.590257406234741
2005-10-09,0.2436414211988449
2005-10-10,2.580282211303711
2005-10-11,2.4473016262054443
2005-10-12,0.024407027289271355
2005-10-13,0.0
2005-10-14,0.929564356803894
2005-10-15,1.2569828033447266
2005-10-16,0.2781187891960144
2005-10-17,0.9139577150344849
2005-10-18,0.05764755234122276
2005-10-19,0.0055765812285244465
2005-10-20,0.2615292966365814
2005-10-21,0.0
2005-10-22,0.4284968972206116
2005-10-23,0.0
2005-10-24,1.8761614561080933
2005-10-25,0.9369985461235046
2005-10-26,2.729379653930664
2005-10-27,0.8177580237388611
2005-10-28,3.8406708240509033
2005-10-29,0.0
2005-10-30,1.2126069068908691
2005-10-31,0.07360460609197617
2005-11-01,0.0
2005-11-02,0.0
2005-11-03,0.0
2005-11-04,0.0
2005-11-05,0.0
2005-11-06,5.938478469848633
2005-11-07,1.1048836708068848
2005-11-08,0.44177746772766113
2005-11-09,3.4902708530426025
2005-11-10,3.5074663162231445
2005-11-11,7.622378349304199
2005-11-12,3.55812406539917
2005-11-13,3.6715354919433594
2005-11-14,4.1055498123168945
2005-11-15,4.357512474060059
2005-11-16,10.717363357543945
2005-11-17,0.0205776859074831
2005-11-18,1.886712908744812
2005-11-19,3.1970980167388916
2005-11-20,8.260472297668457
2005-11-21,4.6926984786987305
2005-11-22,6.786664962768555
2005-11-23,7.865230083465576
2005-11-24,1.7161684036254883
2005-11-25,28.818910598754883
2005-11-26,0.0
2005-11-27,0.0
2005-11-28,0.0
2005-11-29,0.0
2005-11-30,0.0
2005-12-01,1.3666239976882935
2005-12-02,1.9840203523635864
2005-12-03,0.4139821529388428
2005-12-04,15.392664909362793
2005-12-05,0.5448065996170044
2005-12-06,9.76406478881836
2005-12-07,0.4991881549358368
2005-12-08,0.0
2005-12-09,0.0
2005-12-10,0.8461717367172241
2005-12-11,0.6850899457931519
2005-12-12,0.4466301500797272
2005-12-13,2.5639472007751465
2005-12-14,2.3853166103363037
2005-12-15,28.368694305419922
2005-12-16,5.803855895996094
2005-12-17,0.09912457317113876
2005-12-18,1.3288408517837524
2005-12-19,0.04349564015865326
2005-12-20,1.5688544511795044
2005-12-21,1.1771880388259888
2005-12-22,0.11664001643657684
2005-12-23,0.6550726294517517
2005-12-24,6.122589111328125
2005-12-25,3.263394355773926
2005-12-26,8.086471557617188
2005-12-27,0.8052594065666199
2005-12-28,1.9565280675888062
2005-12-29,1.936832308769226
2005-12-30,0.9135249257087708
2005-12-31,5.581714153289795
2006-01-01,15.151619911193848
2006-01-02,7.650753498077393
2006-01-03,4.384680271148682
2006-01-04,8.06743049621582
2006-01-05,0.2854512333869934
2006-01-06,0.0
2006-01-07,0.0
2006-01-08,0.13300344347953796
2006-01-09,0.26911303400993347
2006-01-10,0.6426548957824707
2006-01-11,14.890251159667969
2006-01-12,7.854516506195068
2006-01-13,12.177310943603516
2006-01-14,18.97626304626465
2006-01-15,5.72144079208374
2006-01-16,10.311326026916504
2006-01-17,2.1530613899230957
2006-01-18,7.409571170806885
2006-01-19,3.3064258098602295
2006-01-20,2.8037288188934326
2006-01-21,17.79157066345215
2006-01-22,1.0553514957427979
2006-01-23,2.6711859703063965
2006-01-24,2.917933225631714
2006-01-25,16.926984786987305
2006-01-26,6.192852973937988
2006-01-27,1.3988757133483887
2006-01-28,13.95074462890625
2006-01-29,2.410559892654419
2006-01-30,9.3723726272583
2006-01-31,1.4453009366989136
2006-02-01,0.47100383043289185
2006-02-02,1.3315305709838867
2006-02-03,0.313760370016098
2006-02-04,1.1054670810699463
2006-02-05,6.779573917388916
2006-02-06,10.018512725830078
2006-02-07,7.56077241897583
2006-02-08,6.604325294494629
2006-02-09,10.791901588439941
2006-02-10,15.045196533203125
2006-02-11,0.27447277307510376
2006-02-12,7.23679780960083
2006-02-13,4.0559000968933105
2006-02-14,4.772209167480469
2006-02-15,0.40785929560661316
2006-02-16,0.482601135969162
2006-02-17,0.4283005893230438
2006-02-18,0.5098208785057068
2006-02-19,2.085653781890869
2006-02-20,5.835077285766602
2006-02-21,1.0459773540496826
2006-02-22,0.547407329082489
2006-02-23,4.216963768005371
2006-02-24,1.8635635375976562
2006-02-25,0.4408338963985443
2006-02-26,0.0
2006-02-27,0.0
2006-02-28,0.0
2006-03-01,5.410889148712158
2006-03-02,1.2692527770996094
2006-03-03,18.51169204711914
2006-03-04,5.731096267700195
2006-03-05,2.6309947967529297
2006-03-06,0.47074317932128906
2006-03-07,0.0
2006-03-08,0.0
2006-03-09,1.2663652896881104
2006-03-10,3.0035903453826904
2006-03-11,2.15287709236145
2006-03-12,7.8025102615356445
2006-03-13,17.937217712402344
2006-03-14,2.7793028354644775
2006-03-15,6.93567419052124
2006-03-16,0.06911669671535492
2006-03-17,1.7115195989608765
2006-03-18,6.380762100219727
2006-03-19,1.2050005197525024
2006-03-20,1.392767310142517
2006-03-21,1.7763807773590088
2006-03-22,2.0796091556549072
2006-03-23,15.403656959533691
2006-03-24,4.957706928253174
2006-03-25,9.280017852783203
2006-03-26,1.3731633424758911
2006-03-27,1.094146490097046
2006-03-28,3.6849491596221924
2006-03-29,7.85272741317749
2006-03-30,1.24845552444458
2006-03-31,1.8608803749084473
2006-04-01,22.84178352355957
2006-04-02,2.654055118560791
2006-04-03,8.103550910949707
2006-04-04,5.88838529586792
2006-04-05,3.2498114109039307
2006-04-06,4.006063938140869
2006-04-07,0.788909375667572
2006-04-08,0.45271924138069153
2006-04-09,0.7342144846916199
2006-04-10,0.0015295081539079547
2006-04-11,0.1658484935760498
2006-04-12,0.418845534324646
2006-04-13,2.7876553535461426
2006-04-14,1.295219898223877
2006-04-15,4.5116376876831055
2006-04-16,6.572881698608398
2006-04-17,0.19661776721477509
2006-04-18,0.04645894095301628
2006-04-19,0.18538451194763184
2006-04-20,0.0
2006-04-21,0.0
2006-04-22,0.0
2006-04-23,0.0
2006-04-24,0.0
2006-04-25,0.0
2006-04-26,0.003178131766617298
2006-04-27,0.0009080376476049423
2006-04-28,0.0009080376476049423
2006-04-29,0.0009080376476049423
2006-04-30,0.0031781319994479418
2006-05-01,0.06725864857435226
2006-05-02,0.14638234674930573
2006-05-03,0.14695324003696442
2006-05-04,0.14459487795829773
2006-05-05,0.15131928026676178
2006-05-06,0.0
2006-05-07,0.0
2006-05-08,0.0
2006-05-09,0.0
2006-05-10,0.0
2006-05-11,0.007764752488583326
2006-05-12,0.07086547464132309
2006-05-13,0.036632806062698364
2006-05-14,0.007764752488583326
2006-05-15,0.0322672575712204
2006-05-16,0.4764738976955414
2006-05-17,0.0
2006-05-18,0.3180844187736511
2006-05-19,0.009572992101311684
2006-05-20,0.0
2006-05-21,0.03274817764759064
2006-05-22,0.1496199667453766
2006-05-23,0.07961728423833847
2006-05-24,0.03274817764759064
2006-05-25,0.03274817764759064
2006-05-26,0.0
2006-05-27,0.0
2006-05-28,0.0
2006-05-29,0.0
2006-05-30,0.0
2006-05-31,0.0
2006-06-01,0.0
2006-06-02,0.0
2006-06-03,0.0
2006-06-04,0.0
2006-06-05,0.0
2006-06-06,0.041753172874450684
2006-06-07,0.8139965534210205
2006-06-08,0.0
2006-06-09,0.0
2006-06-10,4.37731409072876
2006-06-11,1.0669043064117432
2006-06-12,3.004565477371216
2006-06-13,0.0
2006-06-14,0.0
2006-06-15,0.4482126832008362
2006-06-16,0.04553172364830971
2006-06-17,0.06942644715309143
2006-06-18,0.1861395239830017
2006-06-19,0.013485117815434933
2006-06-20,0.0
2006-06-21,0.0
2006-06-22,0.0
2006-06-23,0.0
2006-06-24,0.0
2006-06-25,0.0
2006-06-26,0.0
2006-06-27,0.0
2006-06-28,0.0
2006-06-29,0.0
2006-06-30,0.0
2006-07-01,0.0
2006-07-02,0.0
2006-07-03,0.0
2006-07-04,0.0
2006-07-05,0.0
2006-07-06,0.0
2006-07-07,0.0
2006-07-08,0.0
2006-07-09,0.0
2006-07-10,0.0
2006-07-11,0.0
2006-07-12,0.0
2006-07-13,0.0
2006-07-14,0.0
2006-07-15,0.0
2006-07-16,0.0
2006-07-17,0.0
2006-07-18,0.0
2006-07-19,0.0
2006-07-20,0.0
2006-07-21,0.0
2006-07-22,0.0
2006-07-23,0.0
2006-07-24,0.0
2006-07-25,0.0
2006-07-26,0.0
2006-07-27,0.0
2006-07-28,0.0
2006-07-29,5.800297260284424
2006-07-30,1.5121700763702393
2006-07-31,0.4866318106651306
2006-08-01,2.1902780532836914
2006-08-02,0.0
2006-08-03,0.0
2006-08-04,0.31161272525787354
2006-08-05,0.41847994923591614
2006-08-06,0.0
2006-08-07,0.0
2006-08-08,0.0
2006-08-09,0.0
2006-08-10,0.0
2006-08-11,0.8727876543998718
2006-08-12,0.16751492023468018
2006-08-13,0.6324015259742737
2006-08-14,0.0269283689558506
2006-08-15,0.7400552034378052
2006-08-16,7.10300350189209
2006-08-17,0.1399848312139511
2006-08-18,0.2477513551712036
2006-08-19,0.71446293592453
2006-08-20,0.19713087379932404
2006-08-21,0.3199068009853363
2006-08-22,0.14319509267807007
2006-08-23,0.27587586641311646
2006-08-24,0.0
2006-08-25,0.04766283929347992
2006-08-26,0.266114205121994
2006-08-27,0.11858805269002914
2006-08-28,0.03366945683956146
2006-08-29,0.0
2006-08-30,0.31533366441726685
2006-08-31,1.9183547496795654
2006-09-01,0.10753896087408066
2006-09-02,0.7330206632614136
2006-09-03,0.5991456508636475
2006-09-04,0.10753896087408066
2006-09-05,0.6035349369049072
2006-09-06,0.0
2006-09-07,0.04282707720994949
2006-09-08,1.607519268989563
2006-09-09,0.5464091300964355
2006-09-10,0.0
2006-09-11,0.11366083472967148
2006-09-12,0.5704235434532166
2006-09-13,0.022252796217799187
2006-09-14,0.14651457965373993
2006-09-15,0.0
2006-09-16,0.3542577922344208
2006-09-17,0.0
2006-09-18,2.2067794799804688
2006-09-19,3.806112051010132
2006-09-20,4.207272529602051
2006-09-21,0.09104537963867188
2006-09-22,0.0
2006-09-23,0.7393073439598083
2006-09-24,0.1623750925064087
2006-09-25,2.6597940921783447
2006-09-26,1.36277174949646
2006-09-27,13.358561515808105
2006-09-28,6.920803546905518
2006-09-29,3.973714590072632
2006-09-30,0.0
2006-10-01,0.0
2006-10-02,0.9627435207366943
2006-10-03,2.4387013912200928
2006-10-04,1.1704888343811035
2006-10-05,0.18126608431339264
2006-10-06,0.0
2006-10-07,0.32112109661102295
2006-10-08,0.12017375975847244
2006-10-09,0.004644705913960934
2006-10-10,0.02181544527411461
2006-10-11,0.0
2006-10-12,0.0
2006-10-13,0.0
2006-10-14,0.0
2006-10-15,0.0
2006-10-16,4.666686534881592
2006-10-17,1.581795573234558
2006-10-18,1.0299235582351685
2006-10-19,0.02168070338666439
2006-10-20,0.23331773281097412
2006-10-21,0.948508083820343
2006-10-22,3.3762688636779785
2006-10-23,0.8173130750656128
2006-10-24,0.13899867236614227
2006-10-25,8.688279151916504
2006-10-26,6.3017659187316895
2006-10-27,0.0026720729656517506
2006-10-28,0.4450777769088745
2006-10-29,3.9843361377716064
2006-10-30,4.122039318084717
2006-10-31,2.7423808574676514
2006-11-01,0.3832923471927643
2006-11-02,0.4918842613697052
2006-11-03,0.6541571617126465
2006-11-04,0.4317646026611328
2006-11-05,1.5189671516418457
2006-11-06,3.5238351821899414
2006-11-07,13.417548179626465
2006-11-08,1.0154043436050415
2006-11-09,0.5359506011009216
2006-11-10,0.9064154624938965
2006-11-11,0.0
2006-11-12,0.0
2006-11-13,0.0
2006-11-14,0.0
2006-11-15,0.0
2006-11-16,0.0
2006-11-17,0.13343647122383118
2006-11-18,0.14299671351909637
2006-11-19,4.971671104431152
2006-11-20,0.08182097226381302
2006-11-21,0.32031047344207764
2006-11-22,0.0
2006-11-23,0.6119999289512634
2006-11-24,1.6595028638839722
2006-11-25,12.765304565429688
2006-11-26,4.703049659729004
2006-11-27,5.425062656402588
2006-11-28,3.721597909927368
2006-11-29,0.3867650628089905
2006-11-30,4.401191711425781
2006-12-01,0.6286773681640625
2006-12-02,7.16553258895874
2006-12-03,2.2191505432128906
2006-12-04,6.32680606842041
2006-12-05,0.08465161919593811
2006-12-06,0.9555737376213074
2006-12-07,1.3823843002319336
2006-12-08,14.364908218383789
2006-12-09,0.6820163130760193
2006-12-10,2.3085620403289795
2006-12-11,0.1627003401517868
2006-12-12,0.7191265225410461
2006-12-13,0.0
2006-12-14,1.4847372770309448
2006-12-15,4.792250156402588
2006-12-16,0.8610218167304993
2006-12-17,0.2637729346752167
2006-12-18,9.475506782531738
2006-12-19,1.302258849143982
2006-12-20,1.8919429779052734
2006-12-21,8.204902648925781
2006-12-22,0.6476852297782898
2006-12-23,14.753594398498535
2006-12-24,6.776153564453125
2006-12-25,10.293739318847656
2006-12-26,3.1847176551818848
2006-12-27,0.3312585651874542
2006-12-28,0.3546179533004761
2006-12-29,0.8981550335884094
2006-12-30,0.4605117440223694
2006-12-31,0.37579426169395447
2007-01-01,2.560450553894043
2007-01-02,2.3722455501556396
2007-01-03,1.5892019271850586
2007-01-04,5.978435516357422
2007-01-05,3.0084011554718018
2007-01-06,1.4051177501678467
2007-01-07,5.813297748565674
2007-01-08,4.708863258361816
2007-01-09,4.14796257019043
2007-01-10,2.295682430267334
2007-01-11,1.4642921686172485
2007-01-12,17.382375717163086
2007-01-13,2.561861038208008
2007-01-14,23.46327781677246
2007-01-15,2.9182069301605225
2007-01-16,4.99448299407959
2007-01-17,0.7111162543296814
2007-01-18,0.9131331443786621
2007-01-19,2.790098190307617
2007-01-20,8.582511901855469
2007-01-21,4.162435531616211
2007-01-22,0.943607747554779
2007-01-23,0.30472734570503235
2007-01-24,4.164063453674316
2007-01-25,1.2973535060882568
2007-01-26,8.042800903320312
2007-01-27,0.6321723461151123
2007-01-28,3.4026355743408203
2007-01-29,4.333532810211182
2007-01-30,0.9590198397636414
2007-01-31,35.748878479003906
2007-02-01,0.8290268182754517
2007-02-02,2.7501468658447266
2007-02-03,3.0504863262176514
2007-02-04,0.5663455128669739
2007-02-05,5.942322254180908
2007-02-06,1.4352853298187256
2007-02-07,9.900663375854492
2007-02-08,4.190289497375488
2007-02-09,8.235504150390625
2007-02-10,5.440882205963135
2007-02-11,9.749961853027344
2007-02-12,4.094424247741699
2007-02-13,6.461873531341553
2007-02-14,24.010255813598633
2007-02-15,14.352948188781738
2007-02-16,6.178256988525391
2007-02-17,1.0192662477493286
2007-02-18,10.61198902130127
2007-02-19,0.6581329703330994
2007-02-20,2.8306939601898193
2007-02-21,0.7049593329429626
2007-02-22,1.607397198677063
2007-02-23,0.944995105266571
2007-02-24,4.554316520690918
2007-02-25,1.5305551290512085
2007-02-26,1.3324861526489258
2007-02-27,5.631130695343018
2007-02-28,4.59022855758667
2007-03-01,4.2217206954956055
2007-03-02,2.4834177494049072
2007-03-03,2.237487554550171
2007-03-04,1.4951013326644897
2007-03-05,2.476726770401001
2007-03-06,5.894440174102783
2007-03-07,1.6120753288269043
2007-03-08,0.361727774143219
2007-03-09,4.247951030731201
2007-03-10,4.639659881591797
2007-03-11,2.0321204662323
2007-03-12,0.5597336292266846
2007-03-13,0.9336695075035095
2007-03-14,1.6277520656585693
2007-03-15,6.223400592803955
2007-03-16,5.297792434692383
2007-03-17,18.554994583129883
2007-03-18,12.789673805236816
2007-03-19,0.5660415291786194
2007-03-20,0.9351598024368286
2007-03-21,0.0
2007-03-22,0.03910529613494873
2007-03-23,0.5214683413505554
2007-03-24,1.0994906425476074
2007-03-25,1.810530424118042
2007-03-26,0.20594796538352966
2007-03-27,0.11664159595966339
2007-03-28,0.0
2007-03-29,1.0335335731506348
2007-03-30,0.989375114440918
2007-03-31,4.953680038452148
2007-04-01,4.12224817276001
2007-04-02,2.2193543910980225
2007-04-03,4.5030741691589355
2007-04-04,3.3451144695281982
2007-04-05,6.970803260803223
2007-04-06,0.0
2007-04-07,0.0
2007-04-08,0.0
2007-04-09,0.0
2007-04-10,0.0
2007-04-11,0.16783447563648224
2007-04-12,1.0113309621810913
2007-04-13,13.63488483428955
2007-04-14,4.936525821685791
2007-04-15,0.0511736124753952
2007-04-16,0.0
2007-04-17,0.0
2007-04-18,0.0
2007-04-19,0.0
2007-04-20,0.0
2007-04-21,0.016627170145511627
2007-04-22,0.1775224655866623
2007-04-23,0.07883034646511078
2007-04-24,0.15216957032680511
2007-04-25,0.02415715903043747
2007-04-26,5.650639533996582
2007-04-27,3.182781934738159
2007-04-28,3.8961081504821777
2007-04-29,0.9286041259765625
2007-04-30,2.268461227416992
2007-05-01,0.09060536324977875
2007-05-02,0.485484778881073
2007-05-03,1.2334758043289185
2007-05-04,0.0
2007-05-05,0.2891022264957428
2007-05-06,2.130971908569336
2007-05-07,2.9651269912719727
2007-05-08,6.224973201751709
2007-05-09,2.659848928451538
2007-05-10,1.650327205657959
2007-05-11,0.0
2007-05-12,0.5581163167953491
2007-05-13,0.25424376130104065
2007-05-14,2.017702341079712
2007-05-15,0.005383758340030909
2007-05-16,0.7449607849121094
2007-05-17,2.7359745502471924
2007-05-18,0.850325882434845
2007-05-19,0.9051772356033325
2007-05-20,0.02971871942281723
2007-05-21,0.5603602528572083
2007-05-22,1.6361069679260254
2007-05-23,0.24324120581150055
2007-05-24,0.7929098606109619
2007-05-25,0.27291637659072876
2007-05-26,0.0
2007-05-27,0.172359898686409
2007-05-28,0.0
2007-05-29,0.9554122686386108
2007-05-30,0.0
2007-05-31,0.22407035529613495
2007-06-01,0.0
2007-06-02,0.0
2007-06-03,0.0
2007-06-04,0.0
2007-06-05,0.0
2007-06-06,0.026035001501441002
2007-06-07,0.02621418423950672
2007-06-08,0.1562100201845169
2007-06-09,0.15459738671779633
2007-06-10,0.15764345228672028
2007-06-11,0.0
2007-06-12,0.0
2007-06-13,0.0
2007-06-14,0.0
2007-06-15,0.0
2007-06-16,0.07995501905679703
2007-06-17,0.03405939042568207
2007-06-18,0.03405939042568207
2007-06-19,0.03405939042568207
2007-06-20,0.15846073627471924
2007-06-21,0.001975631806999445
2007-06-22,0.0
2007-06-23,0.0
2007-06-24,0.935470461845398
2007-06-25,3.7724602222442627
2007-06-26,4.0698347091674805
2007-06-27,0.8698573708534241
2007-06-28,0.015593554824590683
2007-06-29,0.0
2007-06-30,0.0
2007-07-01,0.0
2007-07-02,0.0
2007-07-03,0.0
2007-07-04,0.0
2007-07-05,0.0
2007-07-06,0.0
2007-07-07,0.9218336343765259
2007-07-08,4.653764724731445
2007-07-09,2.3823206424713135
2007-07-10,6.138789653778076
2007-07-11,0.0
2007-07-12,0.0
2007-07-13,0.0
2007-07-14,0.0
2007-07-15,0.0
2007-07-16,0.0
2007-07-17,0.0
2007-07-18,0.0
2007-07-19,0.0
2007-07-20,0.0
2007-07-21,0.0
2007-07-22,0.0
2007-07-23,0.0
2007-07-24,0.0
2007-07-25,0.0
2007-07-26,0.0
2007-07-27,0.0
2007-07-28,0.0
2007-07-29,0.0
2007-07-30,0.0
2007-07-31,0.0
2007-08-01,0.0
2007-08-02,0.0
2007-08-03,0.0
2007-08-04,0.0
2007-08-05,0.0
2007-08-06,0.7613064646720886
2007-08-07,1.5990804433822632
2007-08-08,0.0035470928996801376
2007-08-09,4.728010654449463
2007-08-10,0.0660889744758606
2007-08-11,0.0
2007-08-12,0.0
2007-08-13,0.0
2007-08-14,0.0
2007-08-15,0.0
2007-08-16,0.5809863209724426
2007-08-17,0.0
2007-08-18,0.0
2007-08-19,0.0
2007-08-20,0.0
2007-08-21,0.105852410197258
2007-08-22,0.05324503779411316
2007-08-23,0.7993131875991821
2007-08-24,0.05324503779411316
2007-08-25,0.05324503779411316
2007-08-26,0.04850093275308609
2007-08-27,0.04850093275308609
2007-08-28,0.6219531297683716
2007-08-29,0.04850093275308609
2007-08-30,0.34806549549102783
2007-08-31,0.04850093275308609
2007-09-01,0.0
2007-09-02,0.9910504817962646
2007-09-03,0.5667380690574646
2007-09-04,0.10022825747728348
2007-09-05,2.183072328567505
2007-09-06,0.01385626569390297
2007-09-07,0.8727856874465942
2007-09-08,1.1285771131515503
2007-09-09,1.7494778633117676
2007-09-10,1.0018583536148071
2007-09-11,0.4692445695400238
2007-09-12,0.5712172389030457
2007-09-13,0.3807351589202881
2007-09-14,2.7229537963867188
2007-09-15,0.8844271898269653
2007-09-16,0.46359381079673767
2007-09-17,3.5671353340148926
2007-09-18,0.030841853469610214
2007-09-19,1.4895654916763306
2007-09-20,5.552532196044922
2007-09-21,0.18238882720470428
2007-09-22,0.25142616033554077
2007-09-23,10.113851547241211
2007-09-24,8.05079460144043
2007-09-25,1.1664557456970215
2007-09-26,1.4809874296188354
2007-09-27,0.24447448551654816
2007-09-28,0.03328157588839531
2007-09-29,0.023832865059375763
2007-09-30,0.0010956217302009463
2007-10-01,0.014041059650480747
2007-10-02,0.29605594277381897
2007-10-03,0.5607927441596985
2007-10-04,3.147416591644287
2007-10-05,0.7303685545921326
2007-10-06,0.3867228329181671
2007-10-07,0.544957160949707
2007-10-08,1.8195792436599731
2007-10-09,1.4371659755706787
2007-10-10,5.945263385772705
2007-10-11,0.3278396427631378
2007-10-12,0.017030922695994377
2007-10-13,2.4030067920684814
2007-10-14,0.7978601455688477
2007-10-15,0.8482404947280884
2007-10-16,1.886026382446289
2007-10-17,2.6960840225219727
2007-10-18,1.0930143594741821
2007-10-19,0.4388123154640198
2007-10-20,3.166707754135132
2007-10-21,0.11812954396009445
2007-10-22,1.0284532308578491
2007-10-23,0.5306730270385742
2007-10-24,1.6990034580230713
2007-10-25,0.0
2007-10-26,0.03607206419110298
2007-10-27,0.015587477944791317
2007-10-28,0.5264865756034851
2007-10-29,0.2977884113788605
2007-10-30,2.5875749588012695
2007-10-31,2.1117892265319824
2007-11-01,0.11485592275857925
2007-11-02,3.8547184467315674
2007-11-03,0.273389995098114
2007-11-04,3.306058406829834
2007-11-05,0.09411606192588806
2007-11-06,0.0
2007-11-07,0.0
2007-11-08,0.0
2007-11-09,0.0
2007-11-10,0.0
2007-11-11,0.9178881645202637
2007-11-12,1.5969178676605225
2007-11-13,0.0
2007-11-14,0.47949573397636414
2007-11-15,9.372407913208008
2007-11-16,4.065583229064941
2007-11-17,2.970899820327759
2007-11-18,1.5025337934494019
2007-11-19,18.332189559936523
2007-11-20,6.559556484222412
2007-11-21,2.9188172817230225
2007-11-22,2.0333783626556396
2007-11-23,10.231645584106445
2007-11-24,14.23751163482666
2007-11-25,0.6156020760536194
2007-11-26,0.7871933579444885
2007-11-27,0.5485053658485413
2007-11-28,0.8356355428695679
2007-11-29,4.711876392364502
2007-11-30,1.8131240606307983
2007-12-01,8.286457061767578
2007-12-02,3.3062527179718018
2007-12-03,2.695786714553833
2007-12-04,18.995849609375
2007-12-05,1.3875411748886108
2007-12-06,5.115079402923584
2007-12-07,0.9746385812759399
2007-12-08,4.5958733558654785
2007-12-09,14.635910987854004
2007-12-10,0.5067182183265686
2007-12-11,1.3529001474380493
2007-12-12,0.4155515134334564
2007-12-13,1.9712814092636108
2007-12-14,4.297769069671631
2007-12-15,19.00028419494629
2007-12-16,13.465352058410645
2007-12-17,8.188788414001465
2007-12-18,8.665592193603516
2007-12-19,6.527772426605225
2007-12-20,0.49560898542404175
2007-12-21,8.156954765319824
2007-12-22,5.261872291564941
2007-12-23,5.580534934997559
2007-12-24,3.157291889190674
2007-12-25,0.09834811091423035
2007-12-26,0.14827176928520203
2007-12-27,0.08812422305345535
2007-12-28,0.2692658603191376
2007-12-29,0.3464067578315735
2007-12-30,6.746021747589111
2007-12-31,7.14150333404541
2008-01-01,2.4757065773010254
2008-01-02,1.3543590307235718
2008-01-03,1.9525474309921265
2008-01-04,2.2910497188568115
2008-01-05,15.252140045166016
2008-01-06,2.7715275287628174
2008-01-07,1.9722118377685547
2008-01-08,0.6528037786483765
2008-01-09,15.536395072937012
2008-01-10,9.950291633605957
2008-01-11,9.924880027770996
2008-01-12,17.23830223083496
2008-01-13,4.2883830070495605
2008-01-14,2.7083141803741455
2008-01-15,3.181063175201416
2008-01-16,1.3144232034683228
2008-01-17,6.019033908843994
2008-01-18,2.1695446968078613
2008-01-19,3.322787284851074
2008-01-20,22.360197067260742
2008-01-21,9.590714454650879
2008-01-22,16.668691635131836
2008-01-23,10.870141983032227
2008-01-24,1.3181606531143188
2008-01-25,18.690208435058594
2008-01-26,8.002924919128418
2008-01-27,5.541258335113525
2008-01-28,6.922597885131836
2008-01-29,9.286003112792969
2008-01-30,11.372900009155273
2008-01-31,17.771512985229492
2008-02-01,0.04364065080881119
2008-02-02,0.6344077587127686
2008-02-03,0.6444413065910339
2008-02-04,0.0002925384324043989
2008-02-05,0.028159940615296364
2008-02-06,0.056638870388269424
2008-02-07,2.4292187690734863
2008-02-08,0.5647394061088562
2008-02-09,0.052995819598436356
2008-02-10,3.844470500946045
2008-02-11,6.4302778244018555
2008-02-12,0.5267590880393982
2008-02-13,0.032814718782901764
2008-02-14,0.6939316391944885
2008-02-15,0.12223939597606659
2008-02-16,15.6630859375
2008-02-17,2.2301037311553955
2008-02-18,0.6368439793586731
2008-02-19,1.4303501844406128
2008-02-20,3.9644975662231445
2008-02-21,2.1272308826446533
2008-02-22,1.2633612155914307
2008-02-23,44.72582244873047
2008-02-24,2.239330291748047
2008-02-25,3.5405168533325195
2008-02-26,9.832398414611816
2008-02-27,7.620939254760742
2008-02-28,5.242382049560547
2008-02-29,0.9659262895584106
2008-03-01,6.823406219482422
2008-03-02,0.47005167603492737
2008-03-03,0.5601059794425964
2008-03-04,3.166005849838257
2008-03-05,12.01270866394043
2008-03-06,1.6138489246368408
2008-03-07,8.482674598693848
2008-03-08,9.698233604431152
2008-03-09,8.458581924438477
2008-03-10,12.751897811889648
2008-03-11,12.659038543701172
2008-03-12,10.617201805114746
2008-03-13,11.160234451293945
2008-03-14,0.03309497982263565
2008-03-15,0.2563278377056122
2008-03-16,0.0
2008-03-17,0.029328929260373116
2008-03-18,0.015011471696197987
2008-03-19,0.00735544553026557
2008-03-20,0.4106465280056
2008-03-21,0.0
2008-03-22,0.0
2008-03-23,0.0
2008-03-24,0.0
2008-03-25,0.0
2008-03-26,0.0
2008-03-27,0.02565917931497097
2008-03-28,0.028604788705706596
2008-03-29,0.1746809482574463
2008-03-30,0.033918894827365875
2008-03-31,0.11075081676244736
2008-04-01,3.4749057292938232
2008-04-02,16.99587631225586
2008-04-03,1.93690824508667
2008-04-04,2.3807780742645264
2008-04-05,4.995413780212402
2008-04-06,0.0
2008-04-07,0.0
2008-04-08,0.0
2008-04-09,0.0
2008-04-10,0.0
2008-04-11,0.4103884994983673
2008-04-12,0.16947157680988312
2008-04-13,0.0
2008-04-14,1.2088241577148438
2008-04-15,1.5404270887374878
2008-04-16,0.0
2008-04-17,0.0
2008-04-18,0.0
2008-04-19,0.0
2008-04-20,0.0
2008-04-21,0.0
2008-04-22,0.0
2008-04-23,0.0
2008-04-24,0.0
2008-04-25,0.0
2008-04-26,0.4507155120372772
2008-04-27,0.0
2008-04-28,0.2852148115634918
2008-04-29,3.8583762645721436
2008-04-30,4.916444778442383
2008-05-01,1.5083833932876587
2008-05-02,1.5083832740783691
2008-05-03,0.43096667528152466
2008-05-04,0.43096667528152466
2008-05-05,0.43096667528152466
2008-05-06,0.0
2008-05-07,0.0
2008-05-08,0.0
2008-05-09,0.0
2008-05-10,0.0
2008-05-11,5.500040054321289
2008-05-12,3.8391573429107666
2008-05-13,0.6076495051383972
2008-05-14,0.4588904082775116
2008-05-15,0.0
2008-05-16,0.22905386984348297
2008-05-17,0.0
2008-05-18,0.0
2008-05-19,0.27275800704956055
2008-05-20,0.7293527126312256
2008-05-21,0.0
2008-05-22,0.0
2008-05-23,0.031742990016937256
2008-05-24,0.4705876111984253
2008-05-25,0.0
2008-05-26,0.0
2008-05-27,0.0
2008-05-28,0.0
2008-05-29,0.0
2008-05-30,0.0
2008-05-31,0.0
2008-06-01,0.0
2008-06-02,0.0
2008-06-03,0.0
2008-06-04,0.0
2008-06-05,0.0
2008-06-06,0.09548047930002213
2008-06-07,0.0
2008-06-08,0.0
2008-06-09,0.03165420889854431
2008-06-10,0.37852993607521057
2008-06-11,1.8749687671661377
2008-06-12,5.96626091003418
2008-06-13,0.0
2008-06-14,0.11224385350942612
2008-06-15,1.5863392353057861
2008-06-16,0.14030931890010834
2008-06-17,0.005094139836728573
2008-06-18,0.0
2008-06-19,0.01976272091269493
2008-06-20,0.16493408381938934
2008-06-21,0.0
2008-06-22,0.0
2008-06-23,0.0
2008-06-24,0.0
2008-06-25,0.0
2008-06-26,0.06912858784198761
2008-06-27,0.21289928257465363
2008-06-28,0.09017360210418701
2008-06-29,0.0
2008-06-30,0.12406715750694275
2008-07-01,0.0
2008-07-02,0.0
2008-07-03,0.0
2008-07-04,0.0
2008-07-05,0.0
2008-07-06,0.0
2008-07-07,0.0
2008-07-08,0.0
2008-07-09,0.0
2008-07-10,0.0
2008-07-11,0.0
2008-07-12,0.0
2008-07-13,0.0
2008-07-14,0.0
2008-07-15,0.0
2008-07-16,0.0
2008-07-17,0.0
2008-07-18,0.0
2008-07-19,0.0
2008-07-20,0.0
2008-07-21,0.0
2008-07-22,0.0
2008-07-23,0.0
2008-07-24,0.0
2008-07-25,0.0
2008-07-26,0.10094239562749863
2008-07-27,0.008480225689709187
2008-07-28,0.03905165195465088
2008-07-29,0.005730978213250637
2008-07-30,1.0843570232391357
2008-07-31,0.03118358738720417
2008-08-01,1.435508370399475
2008-08-02,3.5244014263153076
2008-08-03,0.04543108120560646
2008-08-04,0.0
2008-08-05,0.07653984427452087
2008-08-06,0.0
2008-08-07,0.08380796015262604
2008-08-08,0.3968702554702759
2008-08-09,0.06573190540075302
2008-08-10,0.0
2008-08-11,0.0
2008-08-12,0.0
2008-08-13,0.0
2008-08-14,0.0
2008-08-15,0.0
2008-08-16,0.002864377573132515
2008-08-17,0.0
2008-08-18,0.4107199013233185
2008-08-19,0.015754077583551407
2008-08-20,0.11298377811908722
2008-08-21,0.050371527671813965
2008-08-22,0.06937965005636215
2008-08-23,0.050371527671813965
2008-08-24,0.6592236161231995
2008-08-25,0.17808422446250916
2008-08-26,0.04512525722384453
2008-08-27,0.04512525722384453
2008-08-28,0.8573797941207886
2008-08-29,0.04512525722384453
2008-08-30,0.04512525722384453
2008-08-31,0.04512525722384453
2008-09-01,0.0
2008-09-02,0.0
2008-09-03,0.1409538835287094
2008-09-04,0.9966487884521484
2008-09-05,1.5921577215194702
2008-09-06,0.0
2008-09-07,0.0
2008-09-08,0.6658466458320618
2008-09-09,1.552880048751831
2008-09-10,0.539541482925415
2008-09-11,0.20653609931468964
2008-09-12,0.11103569716215134
2008-09-13,0.05694900080561638
2008-09-14,0.028548941016197205
2008-09-15,0.645455002784729
2008-09-16,0.4152611792087555
2008-09-17,0.0
2008-09-18,0.11033507436513901
2008-09-19,0.4721551537513733
2008-09-20,1.6320533752441406
2008-09-21,0.0
2008-09-22,0.0
2008-09-23,0.0
2008-09-24,0.0
2008-09-25,0.0
2008-09-26,0.0
2008-09-27,0.0886797085404396
2008-09-28,6.618901252746582
2008-09-29,0.5641558766365051
2008-09-30,0.0
2008-10-01,0.30637043714523315
2008-10-02,0.0
2008-10-03,1.0997109413146973
2008-10-04,0.11367128044366837
2008-10-05,5.251852512359619
2008-10-06,0.0
2008-10-07,0.0
2008-10-08,0.0
2008-10-09,0.0
2008-10-10,0.0
2008-10-11,0.03288671746850014
2008-10-12,1.366707444190979
2008-10-13,0.48732608556747437
2008-10-14,0.0052145482040941715
2008-10-15,0.0163900014013052
2008-10-16,0.21359282732009888
2008-10-17,0.0066139898262917995
2008-10-18,1.1652628183364868
2008-10-19,1.7297016382217407
2008-10-20,0.13687625527381897
2008-10-21,0.018622344359755516
2008-10-22,0.2792552709579468
2008-10-23,0.00811095628887415
2008-10-24,0.29144006967544556
2008-10-25,1.7503917217254639
2008-10-26,2.8876452445983887
2008-10-27,3.4178473949432373
2008-10-28,0.22129230201244354
2008-10-29,0.7629021406173706
2008-10-30,4.136988162994385
2008-10-31,1.2801487445831299
2008-11-01,0.7172307968139648
2008-11-02,4.250479698181152
2008-11-03,0.698168158531189
2008-11-04,6.053042411804199
2008-11-05,0.27463898062705994
2008-11-06,1.2985575199127197
2008-11-07,1.3904461860656738
2008-11-08,0.8334004282951355
2008-11-09,0.0
2008-11-10,4.845421314239502
2008-11-11,0.0
2008-11-12,0.0
2008-11-13,0.0
2008-11-14,0.0
2008-11-15,0.0
2008-11-16,1.420554280281067
2008-11-17,0.012615538202226162
2008-11-18,0.0
2008-11-19,0.42646345496177673
2008-11-20,4.195825099945068
2008-11-21,1.2730844020843506
2008-11-22,2.927736282348633
2008-11-23,2.193186044692993
2008-11-24,2.1147589683532715
2008-11-25,1.200912594795227
2008-11-26,12.557122230529785
2008-11-27,0.200775146484375
2008-11-28,0.1570996642112732
2008-11-29,0.8569490909576416
2008-11-30,2.5182247161865234
2008-12-01,0.972399890422821
2008-12-02,0.16276510059833527
2008-12-03,1.5640661716461182
2008-12-04,0.05118686333298683
2008-12-05,0.3984817862510681
2008-12-06,0.41954395174980164
2008-12-07,1.5240668058395386
2008-12-08,1.6170037984848022
2008-12-09,0.5326089262962341
2008-12-10,18.68595314025879
2008-12-11,14.30827522277832
2008-12-12,0.14487650990486145
2008-12-13,0.37576043605804443
2008-12-14,6.666659832000732
2008-12-15,1.2518244981765747
2008-12-16,5.204133987426758
2008-12-17,9.483616828918457
2008-12-18,4.4164299964904785
2008-12-19,6.135497570037842
2008-12-20,2.903648853302002
2008-12-21,15.432147026062012
2008-12-22,6.491328716278076
2008-12-23,5.491506576538086
2008-12-24,6.873765468597412
2008-12-25,12.54571533203125
2008-12-26,6.232702732086182
2008-12-27,0.22364622354507446
2008-12-28,0.7208951115608215
2008-12-29,0.6752002239227295
2008-12-30,1.3079754114151
2008-12-31,1.1618599891662598
2009-01-01,8.798376083374023
2009-01-02,3.322519063949585
2009-01-03,14.099133491516113
2009-01-04,0.5059107542037964
2009-01-05,0.0345270149409771
2009-01-06,0.02826257050037384
2009-01-07,1.4403773546218872
2009-01-08,0.2110418975353241
2009-01-09,0.6383013725280762
2009-01-10,0.32745033502578735
2009-01-11,2.755143404006958
2009-01-12,1.4289206266403198
2009-01-13,2.2244462966918945
2009-01-14,1.141968011856079
2009-01-15,9.948026657104492
2009-01-16,22.30778694152832
2009-01-17,0.9372024536132812
2009-01-18,0.729678750038147
2009-01-19,5.917513370513916
2009-01-20,2.418963670730591
2009-01-21,0.024055393412709236
2009-01-22,0.2932111918926239
2009-01-23,0.18050603568553925
2009-01-24,0.2056180089712143
2009-01-25,0.17136959731578827
2009-01-26,2.409550905227661
2009-01-27,0.4287676215171814
2009-01-28,0.061545830219984055
2009-01-29,1.7989120483398438
2009-01-30,0.586179792881012
2009-01-31,0.4602983891963959
2009-02-01,0.3550560474395752
2009-02-02,1.4354994297027588
2009-02-03,0.4312179684638977
2009-02-04,6.886276721954346
2009-02-05,0.13482964038848877
2009-02-06,0.2893593907356262
2009-02-07,25.933412551879883
2009-02-08,0.6424405574798584
2009-02-09,20.0957088470459
2009-02-10,5.278286933898926
2009-02-11,8.346540451049805
2009-02-12,2.2147715091705322
2009-02-13,2.6731770038604736
2009-02-14,20.5645809173584
2009-02-15,1.5603315830230713
2009-02-16,0.315114825963974
2009-02-17,0.3389067053794861
2009-02-18,2.727372169494629
2009-02-19,0.5826234221458435
2009-02-20,10.220589637756348
2009-02-21,2.5166707038879395
2009-02-22,1.0959933996200562
2009-02-23,1.0007530450820923
2009-02-24,2.117225408554077
2009-02-25,5.149576663970947
2009-02-26,0.0
2009-02-27,0.0
2009-02-28,0.0
2009-03-01,2.068324565887451
2009-03-02,10.780268669128418
2009-03-03,1.011056900024414
2009-03-04,4.630084037780762
2009-03-05,6.2741193771362305
2009-03-06,0.0
2009-03-07,0.0
2009-03-08,0.0
2009-03-09,0.0
2009-03-10,0.0
2009-03-11,0.0
2009-03-12,0.0
2009-03-13,0.0
2009-03-14,0.0
2009-03-15,0.0
2009-03-16,1.7177714109420776
2009-03-17,5.494492530822754
2009-03-18,4.805334091186523
2009-03-19,2.0603883266448975
2009-03-20,3.9779067039489746
2009-03-21,2.052669048309326
2009-03-22,11.437417984008789
2009-03-23,11.989197731018066
2009-03-24,1.2728140354156494
2009-03-25,1.450272560119629
2009-03-26,0.0
2009-03-27,0.0
2009-03-28,0.0
2009-03-29,0.0
2009-03-30,0.0
2009-03-31,0.0
2009-04-01,0.24431730806827545
2009-04-02,0.05203836411237717
2009-04-03,0.312852680683136
2009-04-04,0.2465093582868576
2009-04-05,10.078679084777832
2009-04-06,0.21726244688034058
2009-04-07,5.0716962814331055
2009-04-08,19.226776123046875
2009-04-09,0.7377381920814514
2009-04-10,3.727785348892212
2009-04-11,0.0
2009-04-12,0.0
2009-04-13,0.0
2009-04-14,0.0
2009-04-15,0.0
2009-04-16,0.0
2009-04-17,0.0
2009-04-18,0.0
2009-04-19,0.0
2009-04-20,0.0
2009-04-21,0.0
2009-04-22,0.0
2009-04-23,0.0
2009-04-24,0.0
2009-04-25,0.0
2009-04-26,0.005012252368032932
2009-04-27,0.0020451704040169716
2009-04-28,0.0008173475507646799
2009-04-29,0.0008486687438562512
2009-04-30,0.005966245196759701
2009-05-01,0.0
2009-05-02,0.0
2009-05-03,0.0
2009-05-04,0.0
2009-05-05,0.0
2009-05-06,0.0
2009-05-07,0.0
2009-05-08,0.0
2009-05-09,0.0
2009-05-10,0.0
2009-05-11,0.0020756605081260204
2009-05-12,0.19165264070034027
2009-05-13,0.0
2009-05-14,0.0
2009-05-15,0.0
2009-05-16,0.07366636395454407
2009-05-17,0.061291784048080444
2009-05-18,0.4839654564857483
2009-05-19,0.3104866147041321
2009-05-20,0.0681663304567337
2009-05-21,0.10156554728746414
2009-05-22,0.09928317368030548
2009-05-23,0.1038479208946228
2009-05-24,0.0
2009-05-25,0.10156554728746414
2009-05-26,8.239124298095703
2009-05-27,0.23295018076896667
2009-05-28,3.0639212131500244
2009-05-29,3.2507739067077637
2009-05-30,0.0
2009-05-31,0.0
2009-06-01,0.0
2009-06-02,0.0
2009-06-03,0.0
2009-06-04,0.0
2009-06-05,0.0
2009-06-06,0.06634920090436935
2009-06-07,0.0
2009-06-08,0.3512558043003082
2009-06-09,0.0
2009-06-10,0.03356953337788582
2009-06-11,0.06216708943247795
2009-06-12,0.16013652086257935
2009-06-13,0.39913418889045715
2009-06-14,0.06216708943247795
2009-06-15,0.5597368478775024
2009-06-16,0.07614230364561081
2009-06-17,0.05187717452645302
2009-06-18,0.0
2009-06-19,0.019244758412241936
2009-06-20,0.1472642421722412
2009-06-21,0.0
2009-06-22,0.0
2009-06-23,0.0
2009-06-24,0.0
2009-06-25,0.0
2009-06-26,0.0
2009-06-27,0.0
2009-06-28,0.0
2009-06-29,0.0
2009-06-30,0.0
2009-07-01,0.0
2009-07-02,0.0
2009-07-03,0.0
2009-07-04,0.0
2009-07-05,0.0
2009-07-06,0.0
2009-07-07,0.0
2009-07-08,0.0
2009-07-09,0.0
2009-07-10,0.0
2009-07-11,0.0
2009-07-12,0.0
2009-07-13,0.0
2009-07-14,0.0
2009-07-15,0.0
2009-07-16,0.0
2009-07-17,0.0
2009-07-18,0.0
2009-07-19,0.0
2009-07-20,0.0
2009-07-21,0.0
2009-07-22,0.0
2009-07-23,0.0
2009-07-24,0.0
2009-07-25,0.0
2009-07-26,0.0
2009-07-27,0.0
2009-07-28,0.0
2009-07-29,0.0
2009-07-30,0.0
2009-07-31,0.0
2009-08-01,0.0
2009-08-02,0.0
2009-08-03,0.0
2009-08-04,0.0
2009-08-05,0.0
2009-08-06,0.0
2009-08-07,0.0
2009-08-08,0.0
2009-08-09,0.0
2009-08-10,0.0
2009-08-11,0.0
2009-08-12,0.0
2009-08-13,0.0
2009-08-14,0.0
2009-08-15,0.0
2009-08-16,0.16878937184810638
2009-08-17,0.0360385961830616
2009-08-18,0.2151602953672409
2009-08-19,0.023332683369517326
2009-08-20,0.023332683369517326
2009-08-21,0.548076868057251
2009-08-22,0.0
2009-08-23,0.17183886468410492
2009-08-24,0.0017531834309920669
2009-08-25,0.14568321406841278
2009-08-26,0.0
2009-08-27,0.0
2009-08-28,0.5172390341758728
2009-08-29,0.20127372443675995
2009-08-30,0.21819457411766052
2009-08-31,0.0
2009-09-01,0.11428603529930115
2009-09-02,1.43277108669281
2009-09-03,4.530452251434326
2009-09-04,0.054317668080329895
2009-09-05,0.07646456360816956
2009-09-06,0.25511664152145386
2009-09-07,0.34258517622947693
2009-09-08,0.0
2009-09-09,1.0027192831039429
2009-09-10,2.889631748199463
2009-09-11,0.22411754727363586
2009-09-12,0.21924813091754913
2009-09-13,0.20716746151447296
2009-09-14,0.0
2009-09-15,0.24593707919120789
2009-09-16,0.049681223928928375
2009-09-17,0.25023704767227173
2009-09-18,0.03400539606809616
2009-09-19,1.5866914987564087
2009-09-20,0.45193514227867126
2009-09-21,0.0
2009-09-22,0.0
2009-09-23,0.0
2009-09-24,0.0
2009-09-25,0.0
2009-09-26,0.08827700465917587
2009-09-27,0.024581126868724823
2009-09-28,0.881867527961731
2009-09-29,0.19202618300914764
2009-09-30,0.25201356410980225
2009-10-01,1.0386053323745728
2009-10-02,4.868412017822266
2009-10-03,0.22614100575447083
2009-10-04,4.2948317527771
2009-10-05,8.637863159179688
2009-10-06,5.806143760681152
2009-10-07,2.602278232574463
2009-10-08,0.6271567344665527
2009-10-09,3.04311466217041
2009-10-10,0.09760887920856476
2009-10-11,0.0
2009-10-12,0.0
2009-10-13,0.0
2009-10-14,0.0
2009-10-15,0.0
2009-10-16,0.328357994556427
2009-10-17,0.2313372641801834
2009-10-18,0.06714379787445068
2009-10-19,5.648209571838379
2009-10-20,0.49772754311561584
2009-10-21,0.2277555614709854
2009-10-22,0.3034572899341583
2009-10-23,1.5975192785263062
2009-10-24,1.7737966775894165
2009-10-25,2.627565622329712
2009-10-26,3.262810468673706
2009-10-27,11.421172142028809
2009-10-28,0.44361400604248047
2009-10-29,0.14726290106773376
2009-10-30,0.24334964156150818
2009-10-31,0.02489742450416088
2009-11-01,0.0
2009-11-02,2.294083833694458
2009-11-03,0.4558447301387787
2009-11-04,0.4585997760295868
2009-11-05,2.0041708946228027
2009-11-06,5.668082237243652
2009-11-07,0.0
2009-11-08,3.3934061527252197
2009-11-09,3.403658866882324
2009-11-10,0.016337022185325623
2009-11-11,8.239323616027832
2009-11-12,0.9630951881408691
2009-11-13,0.09329494833946228
2009-11-14,0.8918941020965576
2009-11-15,10.367070198059082
2009-11-16,0.7088916301727295
2009-11-17,1.9099785089492798
2009-11-18,0.21958307921886444
2009-11-19,0.41592058539390564
2009-11-20,3.259674072265625
2009-11-21,6.579380035400391
2009-11-22,0.24899576604366302
2009-11-23,1.490638017654419
2009-11-24,0.5560387969017029
2009-11-25,0.09719965606927872
2009-11-26,2.4946296215057373
2009-11-27,5.242214202880859
2009-11-28,0.5641198754310608
2009-11-29,13.711362838745117
2009-11-30,0.44007545709609985
2009-12-01,5.615434169769287
2009-12-02,3.695768117904663
2009-12-03,7.246984004974365
2009-12-04,7.154146671295166
2009-12-05,0.13399869203567505
2009-12-06,1.8924369812011719
2009-12-07,0.17555741965770721
2009-12-08,3.514742851257324
2009-12-09,0.2436862587928772
2009-12-10,3.949981689453125
2009-12-11,0.13423815369606018
2009-12-12,0.17677484452724457
2009-12-13,0.04449865221977234
2009-12-14,0.06923045217990875
2009-12-15,1.4711073637008667
2009-12-16,1.9946610927581787
2009-12-17,12.035928726196289
2009-12-18,1.9821282625198364
2009-12-19,11.384744644165039
2009-12-20,10.877876281738281
2009-12-21,20.84475326538086
2009-12-22,1.4019155502319336
2009-12-23,1.2047659158706665
2009-12-24,5.828365325927734
2009-12-25,6.102589130401611
2009-12-26,5.364981174468994
2009-12-27,5.413701057434082
2009-12-28,0.8604010343551636
2009-12-29,9.249238967895508
2009-12-30,6.2757720947265625
2009-12-31,3.2136218547821045
2010-01-01,0.6528205275535583
2010-01-02,3.0034399032592773
2010-01-03,16.471216201782227
2010-01-04,2.2331361770629883
2010-01-05,0.2551906108856201
2010-01-06,0.08054902404546738
2010-01-07,9.372353553771973
2010-01-08,6.8520355224609375
2010-01-09,0.5085425972938538
2010-01-10,0.9332031011581421
2010-01-11,0.9339857697486877
2010-01-12,0.6123936772346497
2010-01-13,12.364460945129395
2010-01-14,6.526024341583252
2010-01-15,0.2753428518772125
2010-01-16,3.4794223308563232
2010-01-17,0.22468052804470062
2010-01-18,0.025154463946819305
2010-01-19,6.746510982513428
2010-01-20,19.22466468811035
2010-01-21,0.10989610105752945
2010-01-22,0.049155838787555695
2010-01-23,0.3336169719696045
2010-01-24,0.05858762189745903
2010-01-25,0.3483027219772339
2010-01-26,3.6263163089752197
2010-01-27,21.3465518951416
2010-01-28,4.93622350692749
2010-01-29,2.0620484352111816
2010-01-30,6.282158374786377
2010-01-31,15.894017219543457
2010-02-01,12.815152168273926
2010-02-02,1.2862640619277954
2010-02-03,1.73129403591156
2010-02-04,3.6280791759490967
2010-02-05,30.8088321685791
2010-02-06,5.044841766357422
2010-02-07,1.9668878316879272
2010-02-08,0.32360196113586426
2010-02-09,0.8648775219917297
2010-02-10,3.0772130489349365
2010-02-11,26.22473907470703
2010-02-12,2.2002553939819336
2010-02-13,0.14404399693012238
2010-02-14,0.19507044553756714
2010-02-15,0.7710341215133667
2010-02-16,8.992867469787598
2010-02-17,2.818493366241455
2010-02-18,0.7619675993919373
2010-02-19,1.2157331705093384
2010-02-20,2.96083664894104
2010-02-21,7.996074199676514
2010-02-22,2.0569522380828857
2010-02-23,1.6758514642715454
2010-02-24,1.8001024723052979
2010-02-25,16.22910499572754
2010-02-26,0.0
2010-02-27,0.0
2010-02-28,0.0
2010-03-01,3.968188524246216
2010-03-02,6.962225437164307
2010-03-03,4.087166786193848
2010-03-04,14.042376518249512
2010-03-05,8.35269832611084
2010-03-06,0.0
2010-03-07,0.0
2010-03-08,0.0
2010-03-09,0.0
2010-03-10,0.0
2010-03-11,2.931281566619873
2010-03-12,20.924287796020508
2010-03-13,1.1633520126342773
2010-03-14,0.4454978406429291
2010-03-15,1.2359980344772339
2010-03-16,11.204176902770996
2010-03-17,0.024149566888809204
2010-03-18,0.0
2010-03-19,0.7612064480781555
2010-03-20,7.726171493530273
2010-03-21,0.518042266368866
2010-03-22,1.0071985721588135
2010-03-23,5.230526447296143
2010-03-24,15.052495002746582
2010-03-25,1.099492073059082
2010-03-26,0.0
2010-03-27,0.0
2010-03-28,0.0
2010-03-29,0.0
2010-03-30,0.0
2010-03-31,0.0
2010-04-01,0.0
2010-04-02,0.0
2010-04-03,0.0
2010-04-04,0.0
2010-04-05,0.0
2010-04-06,0.0
2010-04-07,0.0
2010-04-08,0.0
2010-04-09,0.0
2010-04-10,0.0
2010-04-11,0.0
2010-04-12,0.0
2010-04-13,0.0
2010-04-14,0.0
2010-04-15,0.0
2010-04-16,0.11373936384916306
2010-04-17,0.15901058912277222
2010-04-18,0.0
2010-04-19,0.5094178915023804
2010-04-20,2.3644814491271973
2010-04-21,0.010904465802013874
2010-04-22,2.273686647415161
2010-04-23,0.09719125181436539
2010-04-24,0.4184301495552063
2010-04-25,0.0
2010-04-26,0.002913264324888587
2010-04-27,0.0030057248659431934
2010-04-28,0.0
2010-04-29,0.00044908319250680506
2010-04-30,0.009582697413861752
2010-05-01,0.0
2010-05-02,0.0
2010-05-03,0.0
2010-05-04,0.0
2010-05-05,0.0
2010-05-06,0.0
2010-05-07,0.0
2010-05-08,0.0
2010-05-09,0.0
2010-05-10,0.0
2010-05-11,0.03598446398973465
2010-05-12,0.03556565195322037
2010-05-13,0.03924619033932686
2010-05-14,0.07795383036136627
2010-05-15,0.16690637171268463
2010-05-16,0.6440009474754333
2010-05-17,0.5871037840843201
2010-05-18,0.0
2010-05-19,0.032364994287490845
2010-05-20,0.08608127385377884
2010-05-21,0.8106619715690613
2010-05-22,1.2291553020477295
2010-05-23,0.8228560090065002
2010-05-24,5.449275493621826
2010-05-25,0.06034267321228981
2010-05-26,0.0
2010-05-27,0.0
2010-05-28,0.0
2010-05-29,0.0
2010-05-30,0.0
2010-05-31,0.0
2010-06-01,0.0
2010-06-02,0.0
2010-06-03,0.0
2010-06-04,0.0
2010-06-05,0.0
2010-06-06,1.9163856506347656
2010-06-07,0.1605233997106552
2010-06-08,0.5127391815185547
2010-06-09,0.06142473220825195
2010-06-10,0.002475324785336852
2010-06-11,0.0
2010-06-12,0.0
2010-06-13,0.0
2010-06-14,0.0
2010-06-15,0.0
2010-06-16,0.32036280632019043
2010-06-17,0.0
2010-06-18,0.00497308187186718
2010-06-19,0.0
2010-06-20,0.011293710209429264
2010-06-21,0.0
2010-06-22,0.0
2010-06-23,0.0
2010-06-24,0.0
2010-06-25,0.0
2010-06-26,0.0
2010-06-27,0.0
2010-06-28,0.0
2010-06-29,0.0
2010-06-30,0.0
2010-07-01,0.0
2010-07-02,0.0
2010-07-03,0.0
2010-07-04,0.0
2010-07-05,0.0
2010-07-06,0.0
2010-07-07,0.0
2010-07-08,0.0
2010-07-09,0.0
2010-07-10,0.0
2010-07-11,0.0
2010-07-12,0.0
2010-07-13,0.0
2010-07-14,0.0
2010-07-15,0.0
2010-07-16,0.0
2010-07-17,0.0
2010-07-18,0.0
2010-07-19,0.0
2010-07-20,0.0
2010-07-21,0.0
2010-07-22,0.0
2010-07-23,0.0
2010-07-24,0.0
2010-07-25,0.0
2010-07-26,0.0
2010-07-27,0.0
2010-07-28,0.0
2010-07-29,0.0
2010-07-30,0.0
2010-07-31,0.0
2010-08-01,0.034539371728897095
2010-08-02,0.0
2010-08-03,1.0442126989364624
2010-08-04,0.7554076313972473
2010-08-05,0.0
2010-08-06,0.0
2010-08-07,0.0
2010-08-08,0.0
2010-08-09,0.0
2010-08-10,0.0
2010-08-11,0.0
2010-08-12,0.0
2010-08-13,0.0
2010-08-14,0.0
2010-08-15,0.0
2010-08-16,0.0
2010-08-17,0.0037420259322971106
2010-08-18,0.0
2010-08-19,0.04948091134428978
2010-08-20,0.44286277890205383
2010-08-21,0.48297545313835144
2010-08-22,0.2149900197982788
2010-08-23,0.1744556576013565
2010-08-24,0.0
2010-08-25,0.03686286509037018
2010-08-26,0.0
2010-08-27,0.0
2010-08-28,0.46200209856033325
2010-08-29,0.17344561219215393
2010-08-30,0.001046764780767262
2010-08-31,1.0425163507461548
2010-09-01,0.8776326179504395
2010-09-02,1.0197325944900513
2010-09-03,0.0
2010-09-04,0.5246954560279846
2010-09-05,0.2653981149196625
2010-09-06,1.0275685787200928
2010-09-07,0.09341532737016678
2010-09-08,0.5604919791221619
2010-09-09,0.09341532737016678
2010-09-10,0.09341532737016678
2010-09-11,0.033274341374635696
2010-09-12,0.27746424078941345
2010-09-13,1.4052835702896118
2010-09-14,0.8683555126190186
2010-09-15,0.010042917914688587
2010-09-16,0.0
2010-09-17,0.0
2010-09-18,0.057239845395088196
2010-09-19,0.0048272209241986275
2010-09-20,0.2533113658428192
2010-09-21,0.0
2010-09-22,0.0
2010-09-23,0.0
2010-09-24,0.0
2010-09-25,0.0
2010-09-26,0.17235125601291656
2010-09-27,0.04924321547150612
2010-09-28,0.04924321547150612
2010-09-29,0.04924321547150612
2010-09-30,0.17235125601291656
2010-10-01,0.6240338683128357
2010-10-02,4.596786975860596
2010-10-03,3.0189874172210693
2010-10-04,0.0
2010-10-05,0.0
2010-10-06,0.0
2010-10-07,0.0
2010-10-08,0.0
2010-10-09,0.0
2010-10-10,0.0
2010-10-11,0.08359906822443008
2010-10-12,0.08306615054607391
2010-10-13,0.2666269540786743
2010-10-14,0.4268225133419037
2010-10-15,0.1563129872083664
2010-10-16,0.0
2010-10-17,0.0
2010-10-18,0.0
2010-10-19,0.0
2010-10-20,0.0
2010-10-21,8.820039749145508
2010-10-22,0.7168301939964294
2010-10-23,0.8571423292160034
2010-10-24,0.0
2010-10-25,0.0
2010-10-26,0.8875798583030701
2010-10-27,0.24752551317214966
2010-10-28,0.27031564712524414
2010-10-29,0.0
2010-10-30,0.1717134565114975
2010-10-31,7.990303993225098
2010-11-01,0.0
2010-11-02,0.0
2010-11-03,0.0
2010-11-04,0.0
2010-11-05,0.0
2010-11-06,0.5193162560462952
2010-11-07,0.25040116906166077
2010-11-08,0.9494115114212036
2010-11-09,0.4062272310256958
2010-11-10,0.0
2010-11-11,0.0
2010-11-12,0.0
2010-11-13,0.0
2010-11-14,0.0
2010-11-15,0.0
2010-11-16,0.0
2010-11-17,0.0
2010-11-18,0.0
2010-11-19,0.0
2010-11-20,0.0
2010-11-21,0.5572643876075745
2010-11-22,0.34925583004951477
2010-11-23,2.5933988094329834
2010-11-24,5.598335266113281
2010-11-25,2.9147088527679443
2010-11-26,0.002294211881235242
2010-11-27,0.23817795515060425
2010-11-28,0.3396698534488678
2010-11-29,12.31940746307373
2010-11-30,0.07339979708194733
2010-12-01,0.10294384509325027
2010-12-02,0.04519243538379669
2010-12-03,0.137236088514328
2010-12-04,1.673089861869812
2010-12-05,1.271974802017212
2010-12-06,0.16366393864154816
2010-12-07,1.953729271888733
2010-12-08,0.9021601676940918
2010-12-09,4.285983085632324
2010-12-10,0.2577734589576721
2010-12-11,1.0635806322097778
2010-12-12,6.921192646026611
2010-12-13,20.714658737182617
2010-12-14,0.01958625391125679
2010-12-15,0.1725221574306488
2010-12-16,0.033461082726716995
2010-12-17,0.02509581297636032
2010-12-18,0.5846137404441833
2010-12-19,3.0361993312835693
2010-12-20,0.1798083633184433
2010-12-21,12.052691459655762
2010-12-22,3.5455873012542725
2010-12-23,11.751819610595703
2010-12-24,2.99523663520813
2010-12-25,24.92466926574707
2010-12-26,10.35340404510498
2010-12-27,10.610081672668457
2010-12-28,7.927255153656006
2010-12-29,27.203065872192383
2010-12-30,1.7806590795516968
2010-12-31,12.03299331665039
2011-01-01,1.7709898948669434
2011-01-02,0.41314128041267395
2011-01-03,0.8223345279693604
2011-01-04,1.197217583656311
2011-01-05,3.107827663421631
2011-01-06,6.331443786621094
2011-01-07,0.38931676745414734
2011-01-08,0.6755099296569824
2011-01-09,0.6623850464820862
2011-01-10,0.7432296872138977
2011-01-11,1.1960543394088745
2011-01-12,13.469491004943848
2011-01-13,5.947812080383301
2011-01-14,0.08091816306114197
2011-01-15,2.2738559246063232
2011-01-16,0.0
2011-01-17,3.895841598510742
2011-01-18,3.942028522491455
2011-01-19,0.007962986826896667
2011-01-20,4.954099178314209
2011-01-21,6.6800384521484375
2011-01-22,1.097965121269226
2011-01-23,6.510529518127441
2011-01-24,16.348979949951172
2011-01-25,1.389749526977539
2011-01-26,1.3075158596038818
2011-01-27,0.8390411138534546
2011-01-28,0.3833356201648712
2011-01-29,5.929980754852295
2011-01-30,1.5219913721084595
2011-01-31,4.031835556030273
2011-02-01,7.118819236755371
2011-02-02,5.381321907043457
2011-02-03,4.000886917114258
2011-02-04,28.39882469177246
2011-02-05,24.465166091918945
2011-02-06,17.912342071533203
2011-02-07,3.34826922416687
2011-02-08,15.740877151489258
2011-02-09,24.991666793823242
2011-02-10,12.440673828125
2011-02-11,7.557527542114258
2011-02-12,2.5079150199890137
2011-02-13,1.0851714611053467
2011-02-14,8.374958992004395
2011-02-15,4.136693477630615
2011-02-16,2.686429977416992
2011-02-17,0.6897096037864685
2011-02-18,15.509467124938965
2011-02-19,6.0172014236450195
2011-02-20,17.58833122253418
2011-02-21,5.903430461883545
2011-02-22,6.109848976135254
2011-02-23,2.197615623474121
2011-02-24,19.7385196685791
2011-02-25,1.3882755041122437
2011-02-26,21.16627311706543
2011-02-27,7.676553726196289
2011-02-28,0.0
2011-03-01,32.03303909301758
2011-03-02,14.1534423828125
2011-03-03,2.608309745788574
2011-03-04,3.490906238555908
2011-03-05,4.30777645111084
2011-03-06,2.3180739879608154
2011-03-07,2.6976771354675293
2011-03-08,0.9689099788665771
2011-03-09,2.1335718631744385
2011-03-10,6.546151638031006
2011-03-11,0.7467608451843262
2011-03-12,4.050830364227295
2011-03-13,5.216252326965332
2011-03-14,1.6438724994659424
2011-03-15,1.6249488592147827
2011-03-16,0.048893097788095474
2011-03-17,0.5575280785560608
2011-03-18,1.0740324258804321
2011-03-19,44.471675872802734
2011-03-20,1.1437888145446777
2011-03-21,0.0
2011-03-22,0.0
2011-03-23,0.0
2011-03-24,0.0
2011-03-25,0.0
2011-03-26,0.8241713047027588
2011-03-27,1.879494309425354
2011-03-28,2.3716378211975098
2011-03-29,20.994564056396484
2011-03-30,0.20293502509593964
2011-03-31,1.16818368434906
2011-04-01,1.8616863489151
2011-04-02,13.339151382446289
2011-04-03,0.8577451705932617
2011-04-04,1.25518000125885
2011-04-05,2.3682754039764404
2011-04-06,0.0
2011-04-07,0.0
2011-04-08,0.0
2011-04-09,0.0
2011-04-10,0.0
2011-04-11,0.0
2011-04-12,0.0
2011-04-13,0.0
2011-04-14,0.0
2011-04-15,0.0
2011-04-16,0.0
2011-04-17,0.0
2011-04-18,0.0
2011-04-19,0.0
2011-04-20,0.0
2011-04-21,0.10107479244470596
2011-04-22,0.0
2011-04-23,0.13831371068954468
2011-04-24,0.8041836619377136
2011-04-25,2.1299593448638916
2011-04-26,0.0024862363934516907
2011-04-27,0.002091595670208335
2011-04-28,0.0004143727128393948
2011-04-29,0.0008090133196674287
2011-04-30,0.0024862363934516907
2011-05-01,0.10043034702539444
2011-05-02,0.05641589313745499
2011-05-03,0.18162097036838531
2011-05-04,0.4242185652256012
2011-05-05,0.0
2011-05-06,0.0
2011-05-07,0.0
2011-05-08,0.0
2011-05-09,0.0
2011-05-10,0.0
2011-05-11,0.09271556884050369
2011-05-12,0.07306002825498581
2011-05-13,0.0
2011-05-14,0.04482860863208771
2011-05-15,0.0
2011-05-16,0.1025162786245346
2011-05-17,0.047655027359724045
2011-05-18,0.2534947991371155
2011-05-19,0.047655027359724045
2011-05-20,0.5017793774604797
2011-05-21,0.0
2011-05-22,0.13218313455581665
2011-05-23,0.14118696749210358
2011-05-24,0.08471790701150894
2011-05-25,0.029822692275047302
2011-05-26,2.0748496055603027
2011-05-27,0.08842381834983826
2011-05-28,0.0
2011-05-29,0.0
2011-05-30,0.6932368278503418
2011-05-31,0.6147339940071106
2011-06-01,0.0
2011-06-02,0.0
2011-06-03,0.0
2011-06-04,0.0
2011-06-05,0.0
2011-06-06,0.02255917340517044
2011-06-07,0.02255917340517044
2011-06-08,0.20115260779857635
2011-06-09,0.18235333263874054
2011-06-10,0.02255917340517044
2011-06-11,0.0
2011-06-12,0.0
2011-06-13,0.0
2011-06-14,0.0
2011-06-15,0.0
2011-06-16,0.027313323691487312
2011-06-17,0.1195569708943367
2011-06-18,0.03665079548954964
2011-06-19,0.09625782072544098
2011-06-20,0.014755455777049065
2011-06-21,0.0
2011-06-22,0.0
2011-06-23,0.0
2011-06-24,0.0
2011-06-25,0.0
2011-06-26,0.0
2011-06-27,0.0
2011-06-28,0.0
2011-06-29,0.0
2011-06-30,0.0
2011-07-01,0.0
2011-07-02,0.0
2011-07-03,0.0
2011-07-04,0.0
2011-07-05,0.0
2011-07-06,0.17539136111736298
2011-07-07,0.06011106073856354
2011-07-08,4.5591721534729
2011-07-09,0.3051600456237793
2011-07-10,0.0
2011-07-11,0.0
2011-07-12,0.0
2011-07-13,0.0
2011-07-14,0.0
2011-07-15,0.0
2011-07-16,0.0
2011-07-17,0.0
2011-07-18,0.0
2011-07-19,0.0
2011-07-20,0.0
2011-07-21,1.1234444379806519
2011-07-22,2.9466662406921387
2011-07-23,0.022426581010222435
2011-07-24,0.07218378037214279
2011-07-25,0.014098580926656723
2011-07-26,0.013132357969880104
2011-07-27,0.1707206666469574
2011-07-28,0.0
2011-07-29,0.0
2011-07-30,0.0
2011-07-31,2.369077444076538
2011-08-01,0.8467438220977783
2011-08-02,0.0
2011-08-03,0.021946873515844345
2011-08-04,0.13608482480049133
2011-08-05,0.5591548085212708
2011-08-06,1.1188217401504517
2011-08-07,0.07415471225976944
2011-08-08,0.14680057764053345
2011-08-09,1.682408332824707
2011-08-10,0.002936476841568947
2011-08-11,0.0
2011-08-12,0.0
2011-08-13,0.0
2011-08-14,0.0
2011-08-15,0.0
2011-08-16,0.0830436646938324
2011-08-17,0.058619871735572815
2011-08-18,0.0
2011-08-19,0.0
2011-08-20,0.24879729747772217
2011-08-21,0.10586767643690109
2011-08-22,0.047536563128232956
2011-08-23,0.015544957481324673
2011-08-24,0.21388040482997894
2011-08-25,0.39208894968032837
2011-08-26,0.0
2011-08-27,0.0017667824868112803
2011-08-28,0.3447428345680237
2011-08-29,0.0
2011-08-30,0.02631966583430767
2011-08-31,0.46423301100730896
2011-09-01,0.7815651297569275
2011-09-02,1.3085534572601318
2011-09-03,0.12761057913303375
2011-09-04,0.20687180757522583
2011-09-05,0.12761057913303375
2011-09-06,0.0
2011-09-07,0.0
2011-09-08,0.013670099899172783
2011-09-09,1.8617467880249023
2011-09-10,0.7082318067550659
2011-09-11,0.24828696250915527
2011-09-12,0.21826107800006866
2011-09-13,0.01901281252503395
2011-09-14,0.4057370126247406
2011-09-15,0.14185714721679688
2011-09-16,0.1157526895403862
2011-09-17,0.09827624261379242
2011-09-18,0.22252240777015686
2011-09-19,0.7567075490951538
2011-09-20,1.6405794620513916
2011-09-21,0.0
2011-09-22,0.0
2011-09-23,0.0
2011-09-24,0.0
2011-09-25,0.0
2011-09-26,0.0
2011-09-27,0.0
2011-09-28,0.0
2011-09-29,0.0
2011-09-30,0.0
2011-10-01,0.0
2011-10-02,0.0
2011-10-03,0.0
2011-10-04,0.0
2011-10-05,0.0
2011-10-06,0.15349406003952026
2011-10-07,0.3243469297885895
2011-10-08,0.060470838099718094
2011-10-09,2.2152204513549805
2011-10-10,1.2167167663574219
2011-10-11,0.47724851965904236
2011-10-12,5.39035701751709
2011-10-13,1.8079349994659424
2011-10-14,4.126470565795898
2011-10-15,2.2356793880462646
2011-10-16,0.0
2011-10-17,0.0
2011-10-18,0.0
2011-10-19,0.0
2011-10-20,0.0
2011-10-21,0.0
2011-10-22,0.0
2011-10-23,0.0
2011-10-24,0.0
2011-10-25,0.0
2011-10-26,0.0787055641412735
2011-10-27,0.4160286486148834
2011-10-28,0.001066514989361167
2011-10-29,0.474217027425766
2011-10-30,2.3679192066192627
2011-10-31,2.7241339683532715
2011-11-01,0.0
2011-11-02,0.0
2011-11-03,0.0
2011-11-04,0.0
2011-11-05,0.0
2011-11-06,1.1340038776397705
2011-11-07,0.0
2011-11-08,0.11807020008563995
2011-11-09,0.6399432420730591
2011-11-10,2.29529070854187
2011-11-11,0.026059608906507492
2011-11-12,0.0
2011-11-13,0.0
2011-11-14,0.25449544191360474
2011-11-15,12.79426097869873
2011-11-16,3.906445026397705
2011-11-17,1.0631365776062012
2011-11-18,0.5392999649047852
2011-11-19,1.1374021768569946
2011-11-20,0.8873367309570312
2011-11-21,1.0935086011886597
2011-11-22,16.547115325927734
2011-11-23,1.5360572338104248
2011-11-24,1.40857994556427
2011-11-25,0.5424549579620361
2011-11-26,2.930058240890503
2011-11-27,0.1307242214679718
2011-11-28,0.7970548272132874
2011-11-29,0.4822906255722046
2011-11-30,0.0
2011-12-01,1.06315279006958
2011-12-02,0.5020109415054321
2011-12-03,0.9509004354476929
2011-12-04,0.024853140115737915
2011-12-05,0.0
2011-12-06,0.05243295058608055
2011-12-07,0.055502306669950485
2011-12-08,6.4843292236328125
2011-12-09,6.71967887878418
2011-12-10,0.8202825784683228
2011-12-11,0.2465379238128662
2011-12-12,1.457303762435913
2011-12-13,1.8457387685775757
2011-12-14,1.0072187185287476
2011-12-15,6.64077091217041
2011-12-16,0.0
2011-12-17,0.0
2011-12-18,0.0
2011-12-19,0.0
2011-12-20,0.0
2011-12-21,1.8681392669677734
2011-12-22,0.44664466381073
2011-12-23,1.5278233289718628
2011-12-24,0.23656614124774933
2011-12-25,20.1186466217041
2011-12-26,0.5720890164375305
2011-12-27,0.5730745196342468
2011-12-28,5.070531368255615
2011-12-29,1.646156668663025
2011-12-30,28.642335891723633
2011-12-31,23.680849075317383
2012-01-01,0.0
2012-01-02,0.0
2012-01-03,0.0
2012-01-04,0.0
2012-01-05,0.0
2012-01-06,0.496565043926239
2012-01-07,0.3615696430206299
2012-01-08,5.030194282531738
2012-01-09,3.704683780670166
2012-01-10,8.382579803466797
2012-01-11,5.399624347686768
2012-01-12,5.643986701965332
2012-01-13,3.490831136703491
2012-01-14,1.071372151374817
2012-01-15,0.7188407182693481
2012-01-16,8.655984878540039
2012-01-17,4.536793231964111
2012-01-18,2.7044599056243896
2012-01-19,3.8686366081237793
2012-01-20,8.335742950439453
2012-01-21,2.7106409072875977
2012-01-22,3.038010358810425
2012-01-23,0.8877699971199036
2012-01-24,38.84671401977539
2012-01-25,12.657920837402344
2012-01-26,1.5768945217132568
2012-01-27,0.17719130218029022
2012-01-28,2.857281446456909
2012-01-29,3.181840658187866
2012-01-30,1.0889196395874023
2012-01-31,13.500741958618164
2012-02-01,12.804753303527832
2012-02-02,4.565741062164307
2012-02-03,4.36814546585083
2012-02-04,10.904921531677246
2012-02-05,2.2313241958618164
2012-02-06,0.7505280375480652
2012-02-07,1.2999690771102905
2012-02-08,0.3469681739807129
2012-02-09,15.218076705932617
2012-02-10,30.467609405517578
2012-02-11,1.2877848148345947
2012-02-12,18.351102828979492
2012-02-13,28.659433364868164
2012-02-14,14.6552095413208
2012-02-15,12.482415199279785
2012-02-16,6.680242538452148
2012-02-17,5.846309661865234
2012-02-18,0.14612625539302826
2012-02-19,3.5848214626312256
2012-02-20,3.9555306434631348
2012-02-21,3.7726330757141113
2012-02-22,5.932937145233154
2012-02-23,3.3105244636535645
2012-02-24,4.639084815979004
2012-02-25,6.810311794281006
2012-02-26,7.070734977722168
2012-02-27,4.132653713226318
2012-02-28,2.5243420600891113
2012-02-29,1.5638587474822998
2012-03-01,3.5233218669891357
2012-03-02,4.722215175628662
2012-03-03,2.1876819133758545
2012-03-04,10.535314559936523
2012-03-05,2.3409504890441895
2012-03-06,5.053274154663086
2012-03-07,0.6260078549385071
2012-03-08,0.14150269329547882
2012-03-09,0.042702849954366684
2012-03-10,0.23251967132091522
2012-03-11,6.258094310760498
2012-03-12,2.1835527420043945
2012-03-13,3.238428831100464
2012-03-14,14.768745422363281
2012-03-15,3.0125129222869873
2012-03-16,0.5296070575714111
2012-03-17,0.6633816361427307
2012-03-18,0.15015584230422974
2012-03-19,1.5545228719711304
2012-03-20,5.953240394592285
2012-03-21,0.07464025169610977
2012-03-22,3.037982940673828
2012-03-23,9.376026153564453
2012-03-24,0.2566449046134949
2012-03-25,0.0
2012-03-26,0.512372612953186
2012-03-27,4.774489402770996
2012-03-28,0.0
2012-03-29,18.78919792175293
2012-03-30,7.155209541320801
2012-03-31,5.964851379394531
2012-04-01,0.021108226850628853
2012-04-02,0.027044998481869698
2012-04-03,2.492496967315674
2012-04-04,1.2445863485336304
2012-04-05,1.563337802886963
2012-04-06,2.7038815021514893
2012-04-07,5.882963180541992
2012-04-08,0.16863466799259186
2012-04-09,0.38743340969085693
2012-04-10,1.6489571332931519
2012-04-11,2.2943460941314697
2012-04-12,1.8616576194763184
2012-04-13,0.0
2012-04-14,3.0363121032714844
2012-04-15,21.438434600830078
2012-04-16,0.0
2012-04-17,0.0
2012-04-18,0.0
2012-04-19,0.0
2012-04-20,0.0
2012-04-21,8.070635795593262
2012-04-22,0.589031994342804
2012-04-23,0.20607537031173706
2012-04-24,0.533039391040802
2012-04-25,1.0726640224456787
2012-04-26,0.5536293983459473
2012-04-27,4.303356647491455
2012-04-28,1.268223762512207
2012-04-29,0.4898953139781952
2012-04-30,0.0
2012-05-01,0.0
2012-05-02,0.0
2012-05-03,0.0
2012-05-04,0.0
2012-05-05,0.0
2012-05-06,0.0
2012-05-07,0.0
2012-05-08,0.0
2012-05-09,0.0
2012-05-10,0.0
2012-05-11,0.08341530710458755
2012-05-12,0.33379194140434265
2012-05-13,0.7923340797424316
2012-05-14,0.3295823037624359
2012-05-15,0.11747505515813828
2012-05-16,0.25207990407943726
2012-05-17,0.09377644211053848
2012-05-18,0.22840610146522522
2012-05-19,0.0203880462795496
2012-05-20,0.21807865798473358
2012-05-21,0.16586780548095703
2012-05-22,0.033098336309194565
2012-05-23,0.033098336309194565
2012-05-24,0.06582055985927582
2012-05-25,0.033098336309194565
2012-05-26,0.0
2012-05-27,0.0
2012-05-28,0.0
2012-05-29,0.0
2012-05-30,0.0
2012-05-31,0.0
2012-06-01,0.0
2012-06-02,0.0
2012-06-03,0.0
2012-06-04,0.0
2012-06-05,0.0
2012-06-06,0.0
2012-06-07,0.6747365593910217
2012-06-08,0.2456020712852478
2012-06-09,0.7987597584724426
2012-06-10,0.0
2012-06-11,0.0
2012-06-12,0.0
2012-06-13,0.0
2012-06-14,0.0
2012-06-15,0.0
2012-06-16,0.0917004644870758
2012-06-17,0.029317263513803482
2012-06-18,0.029317263513803482
2012-06-19,0.029317263513803482
2012-06-20,0.11352036893367767
2012-06-21,0.0
2012-06-22,0.0
2012-06-23,0.0
2012-06-24,0.0
2012-06-25,0.0
2012-06-26,0.0
2012-06-27,0.0
2012-06-28,0.0
2012-06-29,0.0
2012-06-30,0.0
2012-07-01,0.0
2012-07-02,0.0
2012-07-03,0.0
2012-07-04,0.0
2012-07-05,0.0
2012-07-06,0.0
2012-07-07,0.0
2012-07-08,0.0
2012-07-09,0.0
2012-07-10,0.0
2012-07-11,0.0
2012-07-12,0.0
2012-07-13,0.0
2012-07-14,0.0
2012-07-15,0.0
2012-07-16,0.0
2012-07-17,0.0
2012-07-18,0.0
2012-07-19,0.0
2012-07-20,0.0
2012-07-21,0.0
2012-07-22,0.0
2012-07-23,0.0
2012-07-24,0.0
2012-07-25,0.0
2012-07-26,0.0
2012-07-27,0.0
2012-07-28,0.0
2012-07-29,0.0
2012-07-30,0.0
2012-07-31,0.0
2012-08-01,0.0
2012-08-02,0.0
2012-08-03,0.0
2012-08-04,0.0
2012-08-05,0.0
2012-08-06,0.0
2012-08-07,0.0
2012-08-08,0.0
2012-08-09,0.0
2012-08-10,0.0
2012-08-11,0.0
2012-08-12,0.0
2012-08-13,0.0
2012-08-14,0.0
2012-08-15,0.0
2012-08-16,0.14591243863105774
2012-08-17,0.013721518218517303
2012-08-18,1.5504997968673706
2012-08-19,0.5659429430961609
2012-08-20,0.533667802810669
2012-08-21,0.0
2012-08-22,0.02100500650703907
2012-08-23,0.06155739724636078
2012-08-24,0.7525967359542847
2012-08-25,0.0
2012-08-26,0.06186415255069733
2012-08-27,0.6547520160675049
2012-08-28,0.015189859084784985
2012-08-29,0.16522422432899475
2012-08-30,0.0
2012-08-31,0.0
2012-09-01,0.22299738228321075
2012-09-02,0.7408585548400879
2012-09-03,0.8201230764389038
2012-09-04,0.22299738228321075
2012-09-05,0.22299738228321075
2012-09-06,0.37765738368034363
2012-09-07,0.9723738431930542
2012-09-08,0.0
2012-09-09,6.722169876098633
2012-09-10,4.661234378814697
2012-09-11,0.6320063471794128
2012-09-12,1.7998082637786865
2012-09-13,0.6231607794761658
2012-09-14,0.16419246792793274
2012-09-15,1.2906516790390015
2012-09-16,0.21971376240253448
2012-09-17,0.1419149786233902
2012-09-18,0.0
2012-09-19,0.0
2012-09-20,0.025784876197576523
2012-09-21,0.0
2012-09-22,0.04009881243109703
2012-09-23,0.6837549209594727
2012-09-24,0.43020233511924744
2012-09-25,0.4296572804450989
2012-09-26,0.264152467250824
2012-09-27,0.9258416295051575
2012-09-28,3.365558385848999
2012-09-29,0.49438202381134033
2012-09-30,0.4503202438354492
2012-10-01,2.8670501708984375
2012-10-02,1.4220638275146484
2012-10-03,0.0
2012-10-04,3.9237000942230225
2012-10-05,0.21536342799663544
2012-10-06,0.4845084249973297
2012-10-07,0.0
2012-10-08,11.301115036010742
2012-10-09,0.2286483347415924
2012-10-10,1.4342454671859741
2012-10-11,3.262981414794922
2012-10-12,0.008727462030947208
2012-10-13,0.30664119124412537
2012-10-14,0.0
2012-10-15,0.2351069450378418
2012-10-16,0.0
2012-10-17,0.00865304283797741
2012-10-18,0.0007333654793910682
2012-10-19,0.02424706146121025
2012-10-20,0.032858334481716156
2012-10-21,2.8493621349334717
2012-10-22,0.0
2012-10-23,0.026578672230243683
2012-10-24,0.1594397872686386
2012-10-25,0.06846722960472107
2012-10-26,0.18158498406410217
2012-10-27,0.18517038226127625
2012-10-28,0.040219277143478394
2012-10-29,2.0490825176239014
2012-10-30,0.8410717844963074
2012-10-31,5.902135372161865
2012-11-01,5.140582084655762
2012-11-02,0.4664713144302368
2012-11-03,5.542213439941406
2012-11-04,0.8128646612167358
2012-11-05,0.18432167172431946
2012-11-06,1.3830558061599731
2012-11-07,21.151098251342773
2012-11-08,0.024085666984319687
2012-11-09,0.0
2012-11-10,3.7891852855682373
2012-11-11,3.7144930362701416
2012-11-12,0.07197511196136475
2012-11-13,0.0
2012-11-14,0.6517354846000671
2012-11-15,0.02331657148897648
2012-11-16,2.5159425735473633
2012-11-17,1.1077876091003418
2012-11-18,1.761153221130371
2012-11-19,1.7832154035568237
2012-11-20,2.0511324405670166
2012-11-21,3.165081024169922
2012-11-22,7.126909255981445
2012-11-23,5.14786958694458
2012-11-24,2.1233105659484863
2012-11-25,0.6209740042686462
2012-11-26,0.002403337974101305
2012-11-27,0.0
2012-11-28,0.09851811826229095
2012-11-29,2.1566896438598633
2012-11-30,5.481137275695801
2012-12-01,1.1385174989700317
2012-12-02,0.09425275027751923
2012-12-03,0.40626510977745056
2012-12-04,0.41567835211753845
2012-12-05,7.439830303192139
2012-12-06,0.11612070351839066
2012-12-07,6.444793224334717
2012-12-08,33.43119812011719
2012-12-09,0.6162133812904358
2012-12-10,0.5489614009857178
2012-12-11,4.605095386505127
2012-12-12,2.1965975761413574
2012-12-13,1.1960339546203613
2012-12-14,5.161972522735596
2012-12-15,5.436528205871582
2012-12-16,6.607205390930176
2012-12-17,0.9284306168556213
2012-12-18,3.8834660053253174
2012-12-19,2.693371057510376
2012-12-20,1.9609181880950928
2012-12-21,13.205361366271973
2012-12-22,0.7427954077720642
2012-12-23,0.21169914305210114
2012-12-24,0.020128589123487473
2012-12-25,0.04153161868453026
2012-12-26,0.6107683181762695
2012-12-27,1.570388913154602
2012-12-28,12.234267234802246
2012-12-29,5.232721328735352
2012-12-30,2.7645833492279053
2012-12-31,1.1837387084960938
2013-01-01,0.7567926645278931
2013-01-02,6.168302059173584
2013-01-03,2.3755428791046143
2013-01-04,0.18924973905086517
2013-01-05,12.208014488220215
2013-01-06,6.3168864250183105
2013-01-07,1.6638176441192627
2013-01-08,8.866674423217773
2013-01-09,3.732971429824829
2013-01-10,12.46815013885498
2013-01-11,0.024789143353700638
2013-01-12,0.09253066033124924
2013-01-13,0.01948750950396061
2013-01-14,0.09393768012523651
2013-01-15,0.28571605682373047
2013-01-16,4.347972869873047
2013-01-17,6.537677764892578
2013-01-18,16.78342628479004
2013-01-19,4.24656867980957
2013-01-20,22.525476455688477
2013-01-21,3.4740355014801025
2013-01-22,3.4071991443634033
2013-01-23,0.7424389719963074
2013-01-24,0.937678873538971
2013-01-25,2.4448635578155518
2013-01-26,23.680084228515625
2013-01-27,11.272347450256348
2013-01-28,3.187501907348633
2013-01-29,7.657156944274902
2013-01-30,3.0248782634735107
2013-01-31,4.428711414337158
2013-02-01,8.134842872619629
2013-02-02,1.5386302471160889
2013-02-03,18.49687957763672
2013-02-04,0.8343756198883057
2013-02-05,0.3097532391548157
2013-02-06,0.0
2013-02-07,0.0
2013-02-08,0.0
2013-02-09,0.0
2013-02-10,0.0
2013-02-11,9.106351852416992
2013-02-12,3.440171480178833
2013-02-13,6.939141273498535
2013-02-14,10.393142700195312
2013-02-15,4.81374454498291
2013-02-16,2.8652114868164062
2013-02-17,2.2450735569000244
2013-02-18,7.133472442626953
2013-02-19,3.082615852355957
2013-02-20,2.7561843395233154
2013-02-21,8.696784019470215
2013-02-22,4.588618755340576
2013-02-23,0.7371647953987122
2013-02-24,0.0559442862868309
2013-02-25,4.099648952484131
2013-02-26,1.3150063753128052
2013-02-27,3.4384989738464355
2013-02-28,4.1415629386901855
2013-03-01,2.388556718826294
2013-03-02,0.04083538427948952
2013-03-03,9.460336685180664
2013-03-04,8.239384651184082
2013-03-05,0.019063949584960938
2013-03-06,3.8776302337646484
2013-03-07,2.4380414485931396
2013-03-08,0.43419525027275085
2013-03-09,0.10113918781280518
2013-03-10,2.4432547092437744
2013-03-11,12.883645057678223
2013-03-12,0.8624285459518433
2013-03-13,0.14780573546886444
2013-03-14,0.3256506621837616
2013-03-15,8.384700775146484
2013-03-16,1.1882644891738892
2013-03-17,1.321754813194275
2013-03-18,0.025691740214824677
2013-03-19,0.04819834977388382
2013-03-20,0.013223690912127495
2013-03-21,0.0
2013-03-22,3.0103936195373535
2013-03-23,4.24514627456665
2013-03-24,2.4583866596221924
2013-03-25,1.57432222366333
2013-03-26,0.0
2013-03-27,0.0
2013-03-28,0.0
2013-03-29,0.0
2013-03-30,0.0
2013-03-31,0.0
2013-04-01,0.16275949776172638
2013-04-02,0.023927878588438034
2013-04-03,0.2522112727165222
2013-04-04,5.596909999847412
2013-04-05,0.02478245086967945
2013-04-06,0.0
2013-04-07,0.0
2013-04-08,0.0
2013-04-09,0.0
2013-04-10,0.0
2013-04-11,0.0
2013-04-12,3.1297082901000977
2013-04-13,0.44371896982192993
2013-04-14,0.48780643939971924
2013-04-15,0.4274740517139435
2013-04-16,0.0
2013-04-17,0.0
2013-04-18,0.0
2013-04-19,0.0
2013-04-20,0.0
2013-04-21,0.0
2013-04-22,0.0
2013-04-23,0.0
2013-04-24,0.0
2013-04-25,0.0
2013-04-26,0.0008007953292690217
2013-04-27,0.0008007953292690217
2013-04-28,0.0015031157527118921
2013-04-29,0.002977738855406642
2013-04-30,0.0019255076767876744
2013-05-01,0.3139156997203827
2013-05-02,0.7713333964347839
2013-05-03,0.05423308536410332
2013-05-04,1.4501986503601074
2013-05-05,0.15855038166046143
2013-05-06,0.0
2013-05-07,0.0
2013-05-08,0.0
2013-05-09,0.0
2013-05-10,0.0
2013-05-11,0.4350890815258026
2013-05-12,0.5117669701576233
2013-05-13,0.3150119483470917
2013-05-14,0.06678009033203125
2013-05-15,0.013399019837379456
2013-05-16,3.487551212310791
2013-05-17,7.375149726867676
2013-05-18,8.398746490478516
2013-05-19,4.8157877922058105
2013-05-20,0.0
2013-05-21,0.12123870104551315
2013-05-22,0.004388730973005295
2013-05-23,0.13440488278865814
2013-05-24,13.279065132141113
2013-05-25,3.445293426513672
2013-05-26,0.0
2013-05-27,0.0
2013-05-28,0.0
2013-05-29,0.0
2013-05-30,0.0
2013-05-31,0.0
2013-06-01,0.0
2013-06-02,0.0
2013-06-03,0.0
2013-06-04,0.0
2013-06-05,0.0
2013-06-06,0.21393144130706787
2013-06-07,0.0009820446139201522
2013-06-08,0.232415571808815
2013-06-09,0.9018585085868835
2013-06-10,1.0392526388168335
2013-06-11,0.0
2013-06-12,0.0
2013-06-13,0.0
2013-06-14,0.0
2013-06-15,0.0
2013-06-16,0.0
2013-06-17,0.0015778978122398257
2013-06-18,0.08920472860336304
2013-06-19,0.2054533064365387
2013-06-20,0.07034127414226532
2013-06-21,0.2495620846748352
2013-06-22,1.0041745901107788
2013-06-23,0.46279236674308777
2013-06-24,0.5482290983200073
2013-06-25,2.410116195678711
2013-06-26,0.0
2013-06-27,0.0
2013-06-28,0.0
2013-06-29,0.0
2013-06-30,0.0
2013-07-01,0.0
2013-07-02,0.0
2013-07-03,0.0
2013-07-04,0.0
2013-07-05,0.0
2013-07-06,0.08501267433166504
2013-07-07,0.009852823801338673
2013-07-08,0.0338166281580925
2013-07-09,0.0071490067057311535
2013-07-10,0.0071490067057311535
2013-07-11,0.0
2013-07-12,0.0
2013-07-13,0.0
2013-07-14,0.0
2013-07-15,0.0
2013-07-16,0.0
2013-07-17,0.0
2013-07-18,0.0
2013-07-19,0.0
2013-07-20,0.0
2013-07-21,0.0
2013-07-22,0.0
2013-07-23,0.0
2013-07-24,0.0
2013-07-25,0.0
2013-07-26,0.0
2013-07-27,0.0
2013-07-28,0.0
2013-07-29,0.0
2013-07-30,0.0
2013-07-31,0.0
2013-08-01,0.0
2013-08-02,0.0
2013-08-03,0.0
2013-08-04,0.0
2013-08-05,0.0
2013-08-06,0.31109580397605896
2013-08-07,0.037176698446273804
2013-08-08,0.6870536208152771
2013-08-09,0.14199237525463104
2013-08-10,0.2901915907859802
2013-08-11,0.0
2013-08-12,0.0
2013-08-13,0.0
2013-08-14,0.0
2013-08-15,0.0
2013-08-16,0.1406872570514679
2013-08-17,0.038875848054885864
2013-08-18,0.06607837975025177
2013-08-19,0.038875848054885864
2013-08-20,0.10424114763736725
2013-08-21,0.02131497859954834
2013-08-22,0.08622906357049942
2013-08-23,0.4027366042137146
2013-08-24,4.588076591491699
2013-08-25,1.545358657836914
2013-08-26,0.04371005296707153
2013-08-27,0.1600179225206375
2013-08-28,0.6341813802719116
2013-08-29,0.01761835440993309
2013-08-30,0.016120366752147675
2013-08-31,0.0
2013-09-01,1.7137489318847656
2013-09-02,0.01766175404191017
2013-09-03,0.007874774746596813
2013-09-04,0.0
2013-09-05,0.04356352984905243
2013-09-06,0.05361994728446007
2013-09-07,0.0
2013-09-08,7.962286949157715
2013-09-09,0.1523304581642151
2013-09-10,0.06829946488142014
2013-09-11,0.02712995745241642
2013-09-12,0.057786814868450165
2013-09-13,0.00908500887453556
2013-09-14,0.6648512482643127
2013-09-15,0.02791576460003853
2013-09-16,0.0087972991168499
2013-09-17,0.0
2013-09-18,0.1542910784482956
2013-09-19,0.0175945982336998
2013-09-20,0.1278991848230362
2013-09-21,1.3902338743209839
2013-09-22,0.13615693151950836
2013-09-23,0.32616856694221497
2013-09-24,0.13615693151950836
2013-09-25,0.7344221472740173
2013-09-26,0.13413581252098083
2013-09-27,1.3295271396636963
2013-09-28,0.011584983207285404
2013-09-29,0.0
2013-09-30,0.20838768780231476
2013-10-01,0.33410778641700745
2013-10-02,0.3033074736595154
2013-10-03,0.1182030513882637
2013-10-04,0.3563246726989746
2013-10-05,4.413278579711914
2013-10-06,0.0
2013-10-07,0.0
2013-10-08,0.0
2013-10-09,0.0
2013-10-10,0.0
2013-10-11,3.115365982055664
2013-10-12,0.0
2013-10-13,0.37015870213508606
2013-10-14,4.526474475860596
2013-10-15,1.7119526863098145
2013-10-16,0.0
2013-10-17,0.37220171093940735
2013-10-18,1.0958222150802612
2013-10-19,0.012280767783522606
2013-10-20,0.008502069860696793
2013-10-21,1.1728664636611938
2013-10-22,0.09507671743631363
2013-10-23,0.7286038994789124
2013-10-24,1.6560112237930298
2013-10-25,6.700504302978516
2013-10-26,0.2673691511154175
2013-10-27,3.852091073989868
2013-10-28,1.4794141054153442
2013-10-29,0.5505222082138062
2013-10-30,0.4061635732650757
2013-10-31,1.1702672243118286
2013-11-01,6.111464023590088
2013-11-02,0.7063534259796143
2013-11-03,6.002081394195557
2013-11-04,0.0516948439180851
2013-11-05,0.28235679864883423
2013-11-06,0.0
2013-11-07,0.0
2013-11-08,0.0
2013-11-09,0.0
2013-11-10,0.0
2013-11-11,0.006702772341668606
2013-11-12,0.2903134524822235
2013-11-13,0.09292645752429962
2013-11-14,0.00668947771191597
2013-11-15,0.010408914647996426
2013-11-16,2.216024398803711
2013-11-17,14.148991584777832
2013-11-18,2.5790445804595947
2013-11-19,2.573214054107666
2013-11-20,10.482181549072266
2013-11-21,3.321197509765625
2013-11-22,0.22341756522655487
2013-11-23,4.313083648681641
2013-11-24,1.2787405252456665
2013-11-25,0.5603556632995605
2013-11-26,1.8045167922973633
2013-11-27,0.026530513539910316
2013-11-28,0.09711867570877075
2013-11-29,0.5290969014167786
2013-11-30,0.4080325663089752
2013-12-01,0.0
2013-12-02,0.0
2013-12-03,0.0
2013-12-04,0.0
2013-12-05,0.0
2013-12-06,0.305154412984848
2013-12-07,1.058258056640625
2013-12-08,12.14647102355957
2013-12-09,1.5316343307495117
2013-12-10,7.817952632904053
2013-12-11,8.607603073120117
2013-12-12,7.601665496826172
2013-12-13,10.831786155700684
2013-12-14,10.561799049377441
2013-12-15,7.209252834320068
2013-12-16,6.648685932159424
2013-12-17,39.551753997802734
2013-12-18,6.809403896331787
2013-12-19,20.531702041625977
2013-12-20,4.195862770080566
2013-12-21,0.0
2013-12-22,0.0
2013-12-23,0.0
2013-12-24,0.0
2013-12-25,0.0
2013-12-26,0.017773926258087158
2013-12-27,1.2905805110931396
2013-12-28,0.7325884103775024
2013-12-29,0.5385584235191345
2013-12-30,2.7677364349365234
2013-12-31,3.449239492416382
2014-01-01,0.11504028737545013
2014-01-02,0.4048589766025543
2014-01-03,0.5472224950790405
2014-01-04,14.127455711364746
2014-01-05,0.9051212072372437
2014-01-06,2.943659782409668
2014-01-07,17.075454711914062
2014-01-08,1.204056978225708
2014-01-09,2.540703058242798
2014-01-10,0.0
2014-01-11,0.0
2014-01-12,4.994470596313477
2014-01-13,0.13224805891513824
2014-01-14,3.8158481121063232
2014-01-15,7.759263515472412
2014-01-16,5.203900337219238
2014-01-17,0.9865521788597107
2014-01-18,5.4426398277282715
2014-01-19,5.092281818389893
2014-01-20,9.274033546447754
2014-01-21,0.16410668194293976
2014-01-22,21.9126033782959
2014-01-23,0.320963978767395
2014-01-24,3.6212949752807617
2014-01-25,24.60533332824707
2014-01-26,0.4732491672039032
2014-01-27,7.9148125648498535
2014-01-28,9.519391059875488
2014-01-29,13.09778881072998
2014-01-30,4.306732177734375
2014-01-31,5.300837993621826
2014-02-01,13.520764350891113
2014-02-02,2.615612506866455
2014-02-03,2.570619821548462
2014-02-04,8.691824913024902
2014-02-05,3.9099063873291016
2014-02-06,8.506839752197266
2014-02-07,1.3377885818481445
2014-02-08,2.08090877532959
2014-02-09,12.324736595153809
2014-02-10,10.012391090393066
2014-02-11,2.2403340339660645
2014-02-12,1.2075003385543823
2014-02-13,3.0734524726867676
2014-02-14,0.6005761623382568
2014-02-15,0.2469920963048935
2014-02-16,6.9404683113098145
2014-02-17,5.927558422088623
2014-02-18,0.6126365661621094
2014-02-19,7.987683296203613
2014-02-20,11.468061447143555
2014-02-21,1.028935432434082
2014-02-22,1.3853729963302612
2014-02-23,0.9594378471374512
2014-02-24,0.09213120490312576
2014-02-25,2.806344985961914
2014-02-26,6.71037483215332
2014-02-27,2.2501943111419678
2014-02-28,0.7287991046905518
2014-03-01,0.08515266329050064
2014-03-02,0.0
2014-03-03,2.4860682487487793
2014-03-04,0.391450434923172
2014-03-05,2.577784299850464
2014-03-06,0.11682209372520447
2014-03-07,3.3657114505767822
2014-03-08,7.304337024688721
2014-03-09,12.096324920654297
2014-03-10,1.5634125471115112
2014-03-11,1.282509207725525
2014-03-12,1.853300929069519
2014-03-13,1.0636546611785889
2014-03-14,2.5880167484283447
2014-03-15,0.10181079804897308
2014-03-16,0.2926614284515381
2014-03-17,1.9762372970581055
2014-03-18,0.45063167810440063
2014-03-19,1.4344425201416016
2014-03-20,0.8419171571731567
2014-03-21,0.6422489285469055
2014-03-22,2.2530465126037598
2014-03-23,0.418211430311203
2014-03-24,0.3519192636013031
2014-03-25,0.34808921813964844
2014-03-26,2.3335511684417725
2014-03-27,0.6819518804550171
2014-03-28,4.064230442047119
2014-03-29,1.687886357307434
2014-03-30,0.0
2014-03-31,0.11785070598125458
2014-04-01,3.6586596965789795
2014-04-02,0.6917861700057983
2014-04-03,0.5710253119468689
2014-04-04,1.4048954248428345
2014-04-05,1.523906946182251
2014-04-06,0.2724842429161072
2014-04-07,0.2974197268486023
2014-04-08,0.9843862652778625
2014-04-09,0.10573125630617142
2014-04-10,0.0
2014-04-11,0.0803510993719101
2014-04-12,0.035216934978961945
2014-04-13,1.2243551015853882
2014-04-14,0.8125230073928833
2014-04-15,2.1646580696105957
2014-04-16,0.14896947145462036
2014-04-17,1.5398647785186768
2014-04-18,1.026518702507019
2014-04-19,0.11986064910888672
2014-04-20,0.8468180298805237
2014-04-21,1.6877055168151855
2014-04-22,0.9581499099731445
2014-04-23,6.80349588394165
2014-04-24,1.0281223058700562
2014-04-25,0.0
2014-04-26,0.3845541775226593
2014-04-27,0.0
2014-04-28,0.06854886561632156
2014-04-29,0.6274484395980835
2014-04-30,7.618923187255859
2014-05-01,0.9021139740943909
2014-05-02,0.4388197064399719
2014-05-03,0.774440348148346
2014-05-04,0.9746772646903992
2014-05-05,0.7229136824607849
2014-05-06,0.0
2014-05-07,0.0
2014-05-08,0.0
2014-05-09,0.0
2014-05-10,0.0
2014-05-11,0.0
2014-05-12,0.008314147591590881
2014-05-13,3.472132682800293
2014-05-14,0.3673405349254608
2014-05-15,0.43043553829193115
2014-05-16,0.3517657220363617
2014-05-17,0.2901797294616699
2014-05-18,1.4890285730361938
2014-05-19,2.032992362976074
2014-05-20,0.0
2014-05-21,0.7511343359947205
2014-05-22,5.059871673583984
2014-05-23,4.955954551696777
2014-05-24,8.62268352508545
2014-05-25,0.0
2014-05-26,0.0
2014-05-27,0.0
2014-05-28,0.0
2014-05-29,0.0
2014-05-30,0.0
2014-05-31,0.0
2014-06-01,0.0
2014-06-02,0.0
2014-06-03,0.0
2014-06-04,0.0
2014-06-05,0.0
2014-06-06,0.025957629084587097
2014-06-07,0.0
2014-06-08,0.07707314193248749
2014-06-09,0.3161945044994354
2014-06-10,0.031401459127664566
2014-06-11,0.0
2014-06-12,0.0
2014-06-13,0.0
2014-06-14,0.0
2014-06-15,0.0
2014-06-16,0.12077660113573074
2014-06-17,0.07234492152929306
2014-06-18,0.04248826205730438
2014-06-19,0.00017850175208877772
2014-06-20,0.05838260054588318
2014-06-21,0.0
2014-06-22,0.0
2014-06-23,0.0
2014-06-24,0.0
2014-06-25,0.0
2014-06-26,0.0
2014-06-27,0.0
2014-06-28,0.0
2014-06-29,0.0
2014-06-30,0.0
2014-07-01,0.004100567661225796
2014-07-02,0.035349875688552856
2014-07-03,0.01587071642279625
2014-07-04,0.06423291563987732
2014-07-05,0.008930384181439877
2014-07-06,0.4867706298828125
2014-07-07,0.17387083172798157
2014-07-08,0.591469943523407
2014-07-09,0.17387083172798157
2014-07-10,0.3127259910106659
2014-07-11,0.0
2014-07-12,0.0
2014-07-13,0.0
2014-07-14,0.0
2014-07-15,0.0
2014-07-16,0.0
2014-07-17,0.0
2014-07-18,0.0
2014-07-19,0.0
2014-07-20,0.0
2014-07-21,0.0
2014-07-22,0.0
2014-07-23,0.0
2014-07-24,0.0
2014-07-25,0.0
2014-07-26,0.0
2014-07-27,0.0
2014-07-28,0.0
2014-07-29,0.0
2014-07-30,0.0
2014-07-31,0.0
2014-08-01,0.0
2014-08-02,0.0
2014-08-03,0.0
2014-08-04,0.0
2014-08-05,0.0
2014-08-06,0.0
2014-08-07,0.0
2014-08-08,0.0
2014-08-09,0.0
2014-08-10,0.0
2014-08-11,0.0498778261244297
2014-08-12,0.062178511172533035
2014-08-13,0.10987779498100281
2014-08-14,0.3939148783683777
2014-08-15,0.21379101276397705
2014-08-16,0.6060442328453064
2014-08-17,0.6310710906982422
2014-08-18,0.8640602231025696
2014-08-19,0.12820376455783844
2014-08-20,0.29588234424591064
2014-08-21,0.2410893589258194
2014-08-22,0.0
2014-08-23,0.7195931077003479
2014-08-24,0.10507412254810333
2014-08-25,0.1947493553161621
2014-08-26,0.00998859852552414
2014-08-27,0.0
2014-08-28,0.1005149632692337
2014-08-29,0.18823815882205963
2014-08-30,0.44203051924705505
2014-08-31,0.8492507934570312
2014-09-01,2.4045541286468506
2014-09-02,7.559077262878418
2014-09-03,1.4322706460952759
2014-09-04,1.1979551315307617
2014-09-05,2.7377073764801025
2014-09-06,0.4090408980846405
2014-09-07,1.5983030796051025
2014-09-08,1.6209744215011597
2014-09-09,0.0
2014-09-10,0.027455532923340797
2014-09-11,1.8559176921844482
2014-09-12,2.5488882064819336
2014-09-13,0.17151857912540436
2014-09-14,0.24062922596931458
2014-09-15,0.32113024592399597
2014-09-16,0.04364517331123352
2014-09-17,0.020042864605784416
2014-09-18,0.10842392593622208
2014-09-19,0.12949234247207642
2014-09-20,0.011228022165596485
2014-09-21,1.146492600440979
2014-09-22,0.7089013457298279
2014-09-23,2.399958848953247
2014-09-24,1.8003530502319336
2014-09-25,0.0719204917550087
2014-09-26,0.05933281406760216
2014-09-27,0.17558270692825317
2014-09-28,6.463967800140381
2014-09-29,1.5314767360687256
2014-09-30,0.028752543032169342
2014-10-01,3.9106078147888184
2014-10-02,1.7303636074066162
2014-10-03,0.06889364868402481
2014-10-04,3.9550604820251465
2014-10-05,0.18441283702850342
2014-10-06,0.7884999513626099
2014-10-07,1.2996039390563965
2014-10-08,0.5040051937103271
2014-10-09,0.06343906372785568
2014-10-10,9.361538887023926
2014-10-11,3.888005018234253
2014-10-12,0.9417868256568909
2014-10-13,0.3955892324447632
2014-10-14,0.5106622576713562
2014-10-15,0.0
2014-10-16,0.0
2014-10-17,0.032249897718429565
2014-10-18,0.08886217325925827
2014-10-19,1.4569343328475952
2014-10-20,1.1753780841827393
2014-10-21,4.749847412109375
2014-10-22,0.44062259793281555
2014-10-23,3.899156332015991
2014-10-24,1.1634544134140015
2014-10-25,2.7165422439575195
2014-10-26,0.19850587844848633
2014-10-27,0.19850587844848633
2014-10-28,0.5151185989379883
2014-10-29,0.8663667440414429
2014-10-30,0.4147004187107086
2014-10-31,2.570943593978882
2014-11-01,2.6631717681884766
2014-11-02,1.518107295036316
2014-11-03,1.2380051612854004
2014-11-04,2.125101327896118
2014-11-05,2.8813164234161377
2014-11-06,0.0
2014-11-07,0.14425067603588104
2014-11-08,3.507131814956665
2014-11-09,7.6964616775512695
2014-11-10,7.308577060699463
2014-11-11,1.3234049081802368
2014-11-12,2.4659059047698975
2014-11-13,16.79412841796875
2014-11-14,9.40917682647705
2014-11-15,1.9671205282211304
2014-11-16,0.0
2014-11-17,0.0
2014-11-18,0.0
2014-11-19,0.0
2014-11-20,0.0
2014-11-21,1.0325124263763428
2014-11-22,3.1271889209747314
2014-11-23,4.295953750610352
2014-11-24,1.1686139106750488
2014-11-25,0.43637391924858093
2014-11-26,0.4161183834075928
2014-11-27,1.590413212776184
2014-11-28,0.14768490195274353
2014-11-29,2.2268221378326416
2014-11-30,2.3243789672851562
2014-12-01,12.698156356811523
2014-12-02,1.1402684450149536
2014-12-03,0.3409367501735687
2014-12-04,0.19016288220882416
2014-12-05,0.023463374003767967
2014-12-06,0.12602075934410095
2014-12-07,0.07532810419797897
2014-12-08,1.2068192958831787
2014-12-09,0.34617412090301514
2014-12-10,0.15550297498703003
2014-12-11,5.994011878967285
2014-12-12,6.103583812713623
2014-12-13,0.42477619647979736
2014-12-14,2.67960262298584
2014-12-15,0.27987661957740784
2014-12-16,1.5150259733200073
2014-12-17,7.326754093170166
2014-12-18,6.215865612030029
2014-12-19,1.0898642539978027
2014-12-20,2.2413089275360107
2014-12-21,0.008178014308214188
2014-12-22,1.8589167594909668
2014-12-23,7.406649112701416
2014-12-24,0.22107070684432983
2014-12-25,1.3734028339385986
2014-12-26,1.1934534311294556
2014-12-27,3.9122188091278076
2014-12-28,5.2187957763671875
2014-12-29,0.9126195907592773
2014-12-30,0.7156264781951904
2014-12-31,0.7529007792472839
2015-01-01,1.0499111413955688
2015-01-02,3.6000452041625977
2015-01-03,10.875969886779785
2015-01-04,0.9013850688934326
2015-01-05,0.9741367697715759
2015-01-06,3.1966614723205566
2015-01-07,5.4293718338012695
2015-01-08,6.168156147003174
2015-01-09,4.356461048126221
2015-01-10,8.343173027038574
2015-01-11,8.5424165725708
2015-01-12,15.188573837280273
2015-01-13,3.012904167175293
2015-01-14,6.009459495544434
2015-01-15,13.963409423828125
2015-01-16,8.187338829040527
2015-01-17,1.7083675861358643
2015-01-18,5.866413593292236
2015-01-19,16.470874786376953
2015-01-20,5.8836350440979
2015-01-21,0.18207120895385742
2015-01-22,0.12562231719493866
2015-01-23,0.09330005198717117
2015-01-24,0.240045964717865
2015-01-25,2.4979565143585205
2015-01-26,4.481203556060791
2015-01-27,1.6469148397445679
2015-01-28,3.5378870964050293
2015-01-29,7.004129409790039
2015-01-30,3.196913480758667
2015-01-31,2.784374237060547
2015-02-01,0.47459882497787476
2015-02-02,2.7170157432556152
2015-02-03,6.313068389892578
2015-02-04,1.9086759090423584
2015-02-05,4.426642417907715
2015-02-06,9.816505432128906
2015-02-07,6.44103479385376
2015-02-08,1.485970139503479
2015-02-09,0.7868178486824036
2015-02-10,2.4470090866088867
2015-02-11,11.027207374572754
2015-02-12,10.668097496032715
2015-02-13,7.009624481201172
2015-02-14,3.6257848739624023
2015-02-15,2.63044810295105
2015-02-16,11.464369773864746
2015-02-17,2.491641044616699
2015-02-18,0.7794684767723083
2015-02-19,0.0
2015-02-20,11.347966194152832
2015-02-21,2.068958282470703
2015-02-22,1.5730422735214233
2015-02-23,7.962210178375244
2015-02-24,1.0206782817840576
2015-02-25,0.38568562269210815
2015-02-26,0.6865812540054321
2015-02-27,19.402240753173828
2015-02-28,5.569136619567871
2015-03-01,0.8582153916358948
2015-03-02,2.794528007507324
2015-03-03,0.970725953578949
2015-03-04,1.2537065744400024
2015-03-05,2.8860647678375244
2015-03-06,0.34335169196128845
2015-03-07,1.8810614347457886
2015-03-08,0.6086064577102661
2015-03-09,0.7875826954841614
2015-03-10,0.19356121122837067
2015-03-11,0.05635589733719826
2015-03-12,0.21584074199199677
2015-03-13,0.002471750136464834
2015-03-14,0.585999608039856
2015-03-15,1.1938506364822388
2015-03-16,0.19599752128124237
2015-03-17,0.3287188708782196
2015-03-18,0.03135122358798981
2015-03-19,0.013891993090510368
2015-03-20,0.13211382925510406
2015-03-21,0.0
2015-03-22,0.0
2015-03-23,0.0
2015-03-24,0.0
2015-03-25,0.0
2015-03-26,4.919212341308594
2015-03-27,11.175227165222168
2015-03-28,0.8838362693786621
2015-03-29,0.10743913054466248
2015-03-30,1.78097665309906
2015-03-31,0.5169804096221924
2015-04-01,5.53510856628418
2015-04-02,1.32151198387146
2015-04-03,0.4752635359764099
2015-04-04,0.061680685728788376
2015-04-05,0.430624395608902
2015-04-06,0.996116578578949
2015-04-07,0.9282445907592773
2015-04-08,1.664900779724121
2015-04-09,0.8991699814796448
2015-04-10,7.041688919067383
2015-04-11,0.6268380284309387
2015-04-12,1.842316746711731
2015-04-13,0.7395811676979065
2015-04-14,1.9916468858718872
2015-04-15,2.04604434967041
2015-04-16,0.21587078273296356
2015-04-17,0.018714405596256256
2015-04-18,0.03129706159234047
2015-04-19,0.0035004548262804747
2015-04-20,0.02006116881966591
2015-04-21,0.6885774731636047
2015-04-22,2.566472291946411
2015-04-23,0.19843825697898865
2015-04-24,1.3269662857055664
2015-04-25,4.166214466094971
2015-04-26,0.16051329672336578
2015-04-27,0.920818567276001
2015-04-28,0.1535968780517578
2015-04-29,0.254115492105484
2015-04-30,0.035087134689092636
2015-05-01,0.0
2015-05-02,0.0
2015-05-03,0.0
2015-05-04,0.0
2015-05-05,0.0
2015-05-06,0.0
2015-05-07,0.0
2015-05-08,0.0
2015-05-09,0.0
2015-05-10,0.0
2015-05-11,1.2820478677749634
2015-05-12,0.03933954983949661
2015-05-13,1.8328535556793213
2015-05-14,1.512998342514038
2015-05-15,14.478009223937988
2015-05-16,16.120559692382812
2015-05-17,5.187534809112549
2015-05-18,1.7132493257522583
2015-05-19,0.5270109176635742
2015-05-20,0.9421514272689819
2015-05-21,0.029971688985824585
2015-05-22,0.029971688985824585
2015-05-23,0.029971688985824585
2015-05-24,0.09241271018981934
2015-05-25,0.4171060025691986
2015-05-26,0.0
2015-05-27,0.0
2015-05-28,0.0
2015-05-29,0.0
2015-05-30,0.0
2015-05-31,0.0
2015-06-01,3.801616668701172
2015-06-02,0.15247775614261627
2015-06-03,0.369747519493103
2015-06-04,0.14973710477352142
2015-06-05,0.5271648168563843
2015-06-06,0.08427325636148453
2015-06-07,0.08427325636148453
2015-06-08,0.08427325636148453
2015-06-09,0.22472870349884033
2015-06-10,0.08427325636148453
2015-06-11,0.0
2015-06-12,0.0
2015-06-13,0.0
2015-06-14,0.0
2015-06-15,0.0
2015-06-16,0.07501425594091415
2015-06-17,0.05501391366124153
2015-06-18,0.05501391366124153
2015-06-19,0.1267034262418747
2015-06-20,0.05501391366124153
2015-06-21,0.0
2015-06-22,0.0
2015-06-23,0.0
2015-06-24,0.0
2015-06-25,0.0
2015-06-26,0.0
2015-06-27,0.0
2015-06-28,0.0
2015-06-29,0.0
2015-06-30,0.0
2015-07-01,0.03258664160966873
2015-07-02,0.3616142272949219
2015-07-03,0.025140026584267616
2015-07-04,9.384434700012207
2015-07-05,1.1619794368743896
2015-07-06,0.6473495960235596
2015-07-07,0.9470522403717041
2015-07-08,0.6076747179031372
2015-07-09,0.17419090867042542
2015-07-10,0.0
2015-07-11,0.0
2015-07-12,0.006163811776787043
2015-07-13,0.012598671950399876
2015-07-14,0.0748811885714531
2015-07-15,0.5363407731056213
2015-07-16,0.0
2015-07-17,0.0
2015-07-18,0.0
2015-07-19,0.0
2015-07-20,0.0
2015-07-21,0.0
2015-07-22,0.0
2015-07-23,0.0
2015-07-24,0.0
2015-07-25,0.0
2015-07-26,0.0
2015-07-27,0.0
2015-07-28,0.0
2015-07-29,0.0
2015-07-30,0.0
2015-07-31,0.0
2015-08-01,0.0
2015-08-02,0.0
2015-08-03,0.0
2015-08-04,0.0
2015-08-05,0.0
2015-08-06,0.1857375204563141
2015-08-07,0.0
2015-08-08,0.045422494411468506
2015-08-09,3.355144500732422
2015-08-10,0.35330989956855774
2015-08-11,0.0
2015-08-12,0.33010274171829224
2015-08-13,1.1605684757232666
2015-08-14,6.192216873168945
2015-08-15,0.0340401753783226
2015-08-16,0.0
2015-08-17,0.09784182161092758
2015-08-18,0.2138395756483078
2015-08-19,0.013723807409405708
2015-08-20,0.12416304647922516
2015-08-21,0.09340383112430573
2015-08-22,0.189641073346138
2015-08-23,3.149034023284912
2015-08-24,0.15615925192832947
2015-08-25,0.0
2015-08-26,0.22283963859081268
2015-08-27,0.0
2015-08-28,0.0
2015-08-29,0.0
2015-08-30,0.6685189008712769
2015-08-31,0.0
2015-09-01,0.0
2015-09-02,0.046131253242492676
2015-09-03,0.06864996254444122
2015-09-04,0.27656975388526917
2015-09-05,1.4403023719787598
2015-09-06,3.6402428150177
2015-09-07,2.6576099395751953
2015-09-08,0.041712161153554916
2015-09-09,0.0
2015-09-10,1.2282131910324097
2015-09-11,0.06825397908687592
2015-09-12,0.18633024394512177
2015-09-13,0.06825397908687592
2015-09-14,0.06825397908687592
2015-09-15,0.29144760966300964
2015-09-16,0.0987280011177063
2015-09-17,0.11710122972726822
2015-09-18,0.45694980025291443
2015-09-19,1.2405070066452026
2015-09-20,0.08302764594554901
2015-09-21,0.0
2015-09-22,0.0
2015-09-23,0.0
2015-09-24,0.0
2015-09-25,0.0
2015-09-26,0.0
2015-09-27,0.0
2015-09-28,0.0
2015-09-29,0.0
2015-09-30,0.0
2015-10-01,0.8044204115867615
2015-10-02,0.32135823369026184
2015-10-03,1.2463696002960205
2015-10-04,0.7765073776245117
2015-10-05,0.0
2015-10-06,0.0
2015-10-07,0.0
2015-10-08,16.797637939453125
2015-10-09,0.0
2015-10-10,0.0
2015-10-11,0.0
2015-10-12,0.0
2015-10-13,0.0
2015-10-14,0.0
2015-10-15,0.0
2015-10-16,0.0
2015-10-17,0.0
2015-10-18,0.0
2015-10-19,0.0
2015-10-20,0.0
2015-10-21,0.0
2015-10-22,0.0
2015-10-23,0.0
2015-10-24,0.0
2015-10-25,0.0
2015-10-26,6.867684841156006
2015-10-27,2.718531608581543
2015-10-28,0.22911399602890015
2015-10-29,0.5712375044822693
2015-10-30,1.021463394165039
2015-10-31,0.08560699969530106
2015-11-01,0.17037470638751984
2015-11-02,1.7622069120407104
2015-11-03,3.7101595401763916
2015-11-04,0.018609602004289627
2015-11-05,0.7371164560317993
2015-11-06,0.11338622868061066
2015-11-07,0.09344471991062164
2015-11-08,0.09900514036417007
2015-11-09,0.7503767609596252
2015-11-10,0.8126814961433411
2015-11-11,2.4260709285736084
2015-11-12,0.11746195703744888
2015-11-13,0.09124956279993057
2015-11-14,0.048500966280698776
2015-11-15,0.1169251874089241
2015-11-16,0.0
2015-11-17,0.0
2015-11-18,0.0
2015-11-19,0.0
2015-11-20,0.0
2015-11-21,0.478874146938324
2015-11-22,0.0
2015-11-23,1.3240610361099243
2015-11-24,7.392299652099609
2015-11-25,0.9428038597106934
2015-11-26,3.322594165802002
2015-11-27,0.2536363899707794
2015-11-28,2.2915101051330566
2015-11-29,6.172196865081787
2015-11-30,2.046600341796875
2015-12-01,0.10107772052288055
2015-12-02,1.4570090770721436
2015-12-03,0.47762128710746765
2015-12-04,0.0
2015-12-05,0.7043582201004028
2015-12-06,3.394747257232666
2015-12-07,0.1929032802581787
2015-12-08,0.21710269153118134
2015-12-09,0.2744271755218506
2015-12-10,0.49542444944381714
2015-12-11,10.663561820983887
2015-12-12,0.9054853320121765
2015-12-13,0.0
2015-12-14,0.0
2015-12-15,1.127109408378601
2015-12-16,0.46107253432273865
2015-12-17,0.0
2015-12-18,4.1250410079956055
2015-12-19,2.0834145545959473
2015-12-20,0.20692621171474457
2015-12-21,0.49686765670776367
2015-12-22,4.361894130706787
2015-12-23,4.935922622680664
2015-12-24,0.5050647258758545
2015-12-25,0.9605250358581543
2015-12-26,1.6300615072250366
2015-12-27,2.8197760581970215
2015-12-28,0.453758180141449
2015-12-29,1.4972015619277954
2015-12-30,1.7046730518341064
2015-12-31,3.3877618312835693
2016-01-01,5.4255900382995605
2016-01-02,14.257487297058105
2016-01-03,5.537875175476074
2016-01-04,0.4723566174507141
2016-01-05,2.5305495262145996
2016-01-06,10.59004020690918
2016-01-07,1.246207356452942
2016-01-08,0.21177922189235687
2016-01-09,0.5276451110839844
2016-01-10,5.593033313751221
2016-01-11,1.1973670721054077
2016-01-12,2.335326671600342
2016-01-13,24.403236389160156
2016-01-14,4.4431304931640625
2016-01-15,0.8055617809295654
2016-01-16,1.3241556882858276
2016-01-17,3.5015134811401367
2016-01-18,11.92756462097168
2016-01-19,1.0872893333435059
2016-01-20,0.10796081274747849
2016-01-21,0.048076458275318146
2016-01-22,0.0
2016-01-23,0.046662576496601105
2016-01-24,0.03024887479841709
2016-01-25,0.2952614426612854
2016-01-26,11.038226127624512
2016-01-27,0.13325032591819763
2016-01-28,0.1318056881427765
2016-01-29,3.4565441608428955
2016-01-30,5.380794048309326
2016-01-31,18.801698684692383
2016-02-01,0.3268902003765106
2016-02-02,5.164432525634766
2016-02-03,3.7604403495788574
2016-02-04,0.05022472143173218
2016-02-05,0.037141576409339905
2016-02-06,0.9673988223075867
2016-02-07,0.7152410745620728
2016-02-08,0.5303270816802979
2016-02-09,5.52501106262207
2016-02-10,16.28011131286621
2016-02-11,13.738048553466797
2016-02-12,2.7271103858947754
2016-02-13,0.0
2016-02-14,17.022066116333008
2016-02-15,13.342668533325195
2016-02-16,4.455772399902344
2016-02-17,1.780332326889038
2016-02-18,13.559300422668457
2016-02-19,5.4120869636535645
2016-02-20,0.38341063261032104
2016-02-21,1.3120076656341553
2016-02-22,10.969149589538574
2016-02-23,5.01556921005249
2016-02-24,1.4810758829116821
2016-02-25,4.277350425720215
2016-02-26,1.0439581871032715
2016-02-27,2.0379252433776855
2016-02-28,3.190868377685547
2016-02-29,0.628585934638977
2016-03-01,3.4231274127960205
2016-03-02,0.9892094731330872
2016-03-03,0.4204697012901306
2016-03-04,5.443146228790283
2016-03-05,0.08192869275808334
2016-03-06,0.13031341135501862
2016-03-07,0.21017511188983917
2016-03-08,0.3866015672683716
2016-03-09,0.29993537068367004
2016-03-10,0.48086899518966675
2016-03-11,0.0
2016-03-12,0.0
2016-03-13,0.0
2016-03-14,0.0
2016-03-15,0.0
2016-03-16,0.1781807392835617
2016-03-17,0.0
2016-03-18,0.07265367358922958
2016-03-19,0.252877414226532
2016-03-20,0.05947573482990265
2016-03-21,0.0
2016-03-22,0.0
2016-03-23,0.0
2016-03-24,0.0
2016-03-25,0.0
2016-03-26,0.0
2016-03-27,0.0
2016-03-28,0.0
2016-03-29,0.0
2016-03-30,0.0
2016-03-31,0.0
2016-04-01,0.0
2016-04-02,5.144937038421631
2016-04-03,1.5429104566574097
2016-04-04,1.6613773107528687
2016-04-05,0.0
2016-04-06,0.10514659434556961
2016-04-07,0.20548300445079803
2016-04-08,2.3123223781585693
2016-04-09,3.2637813091278076
2016-04-10,0.5509803295135498
2016-04-11,0.0
2016-04-12,0.0
2016-04-13,0.0
2016-04-14,0.0
2016-04-15,0.0
2016-04-16,0.0
2016-04-17,0.48104968667030334
2016-04-18,4.219837188720703
2016-04-19,2.283341884613037
2016-04-20,12.536626815795898
2016-04-21,0.0
2016-04-22,0.0
2016-04-23,0.0
2016-04-24,0.0
2016-04-25,0.0
2016-04-26,0.0021571579854935408
2016-04-27,0.009111412800848484
2016-04-28,0.0
2016-04-29,0.0015209282282739878
2016-04-30,0.0003644746611826122
2016-05-01,0.0
2016-05-02,0.0
2016-05-03,0.0
2016-05-04,0.0
2016-05-05,0.0
2016-05-06,0.0
2016-05-07,0.0
2016-05-08,0.0
2016-05-09,0.0
2016-05-10,0.0
2016-05-11,0.007862704806029797
2016-05-12,0.007862704806029797
2016-05-13,0.08211830258369446
2016-05-14,0.04191199690103531
2016-05-15,0.01749836839735508
2016-05-16,0.12206141650676727
2016-05-17,0.287370890378952
2016-05-18,0.12206141650676727
2016-05-19,0.12206141650676727
2016-05-20,0.16018761694431305
2016-05-21,0.10908500105142593
2016-05-22,0.048905327916145325
2016-05-23,0.0
2016-05-24,0.011895889416337013
2016-05-25,0.16143636405467987
2016-05-26,0.0
2016-05-27,0.0
2016-05-28,0.0
2016-05-29,0.0
2016-05-30,0.0
2016-05-31,0.0
2016-06-01,0.0
2016-06-02,0.0
2016-06-03,0.0
2016-06-04,0.0
2016-06-05,0.0
2016-06-06,0.17222321033477783
2016-06-07,0.07578938454389572
2016-06-08,0.0
2016-06-09,0.0
2016-06-10,0.19167980551719666
2016-06-11,0.0
2016-06-12,0.0
2016-06-13,0.0
2016-06-14,0.0
2016-06-15,0.0
2016-06-16,0.1148131862282753
2016-06-17,0.04305494204163551
2016-06-18,0.04305494204163551
2016-06-19,0.04305494204163551
2016-06-20,0.04305494204163551
2016-06-21,0.0
2016-06-22,0.0
2016-06-23,0.0
2016-06-24,0.0
2016-06-25,0.0
2016-06-26,0.0
2016-06-27,0.0541754886507988
2016-06-28,0.16977645456790924
2016-06-29,0.1512351930141449
2016-06-30,0.0
2016-07-01,0.0
2016-07-02,0.0
2016-07-03,0.0
2016-07-04,0.0
2016-07-05,0.0
2016-07-06,0.0
2016-07-07,0.0
2016-07-08,0.0
2016-07-09,0.0
2016-07-10,0.0
2016-07-11,0.0
2016-07-12,0.0
2016-07-13,0.0
2016-07-14,0.0
2016-07-15,0.0
2016-07-16,0.0
2016-07-17,0.0
2016-07-18,0.0
2016-07-19,0.0
2016-07-20,0.0
2016-07-21,0.0
2016-07-22,0.0
2016-07-23,0.0
2016-07-24,0.0
2016-07-25,0.0
2016-07-26,0.0
2016-07-27,0.0
2016-07-28,0.0
2016-07-29,0.0
2016-07-30,0.0
2016-07-31,0.0
2016-08-01,0.0
2016-08-02,0.0
2016-08-03,0.0
2016-08-04,0.0
2016-08-05,0.0
2016-08-06,0.0
2016-08-07,0.0
2016-08-08,0.0
2016-08-09,0.0
2016-08-10,0.0
2016-08-11,0.9525281190872192
2016-08-12,0.3473348021507263
2016-08-13,3.3073389530181885
2016-08-14,0.6455191969871521
2016-08-15,0.0
2016-08-16,0.02257220447063446
2016-08-17,0.24524225294589996
2016-08-18,0.033613696694374084
2016-08-19,0.12744371592998505
2016-08-20,0.02257220447063446
2016-08-21,0.14519871771335602
2016-08-22,0.0
2016-08-23,0.021068090572953224
2016-08-24,0.527492105960846
2016-08-25,0.1282941997051239
2016-08-26,0.24319423735141754
2016-08-27,0.19613786041736603
2016-08-28,5.485254287719727
2016-08-29,0.0
2016-08-30,0.0
2016-08-31,0.0
2016-09-01,0.0
2016-09-02,1.432735800743103
2016-09-03,0.5966826677322388
2016-09-04,0.41955646872520447
2016-09-05,0.251423716545105
2016-09-06,0.3765084147453308
2016-09-07,0.08380456268787384
2016-09-08,0.5223038196563721
2016-09-09,0.19064702093601227
2016-09-10,0.5028274059295654
2016-09-11,0.13591741025447845
2016-09-12,0.07671993225812912
2016-09-13,0.3742879629135132
2016-09-14,0.7852277755737305
2016-09-15,0.16224543750286102
2016-09-16,1.3619165420532227
2016-09-17,0.6633222699165344
2016-09-18,0.5277605652809143
2016-09-19,0.5938471555709839
2016-09-20,0.5818578600883484
2016-09-21,0.0
2016-09-22,0.0
2016-09-23,0.0
2016-09-24,0.0
2016-09-25,0.0
2016-09-26,1.9571622610092163
2016-09-27,0.331324964761734
2016-09-28,0.0
2016-09-29,0.5304042100906372
2016-09-30,0.08048074692487717
2016-10-01,0.0
2016-10-02,0.0
2016-10-03,0.0
2016-10-04,0.0
2016-10-05,0.0
2016-10-06,0.0
2016-10-07,0.0
2016-10-08,0.0
2016-10-09,0.0
2016-10-10,0.0
2016-10-11,0.0
2016-10-12,0.0
2016-10-13,0.0
2016-10-14,0.0
2016-10-15,0.0
2016-10-16,2.9430410861968994
2016-10-17,7.492164134979248
2016-10-18,3.0433189868927
2016-10-19,1.8476691246032715
2016-10-20,1.9774689674377441
2016-10-21,4.029593467712402
2016-10-22,4.771660327911377
2016-10-23,9.232251167297363
2016-10-24,2.702889919281006
2016-10-25,5.516841411590576
2016-10-26,4.641409873962402
2016-10-27,1.6355500221252441
2016-10-28,0.7296571731567383
2016-10-29,1.6366151571273804
2016-10-30,5.057708263397217
2016-10-31,1.667885184288025
2016-11-01,0.0
2016-11-02,0.0
2016-11-03,0.0
2016-11-04,0.0
2016-11-05,0.0
2016-11-06,0.010368709452450275
2016-11-07,1.7005609273910522
2016-11-08,2.0532054901123047
2016-11-09,1.86137056350708
2016-11-10,3.2672293186187744
2016-11-11,0.5564817190170288
2016-11-12,1.1059789657592773
2016-11-13,0.7581108808517456
2016-11-14,1.1902538537979126
2016-11-15,0.8796517848968506
2016-11-16,0.0
2016-11-17,0.0
2016-11-18,0.0
2016-11-19,0.0
2016-11-20,0.0
2016-11-21,0.0
2016-11-22,0.0
2016-11-23,0.0
2016-11-24,0.0
2016-11-25,0.0
2016-11-26,8.071528434753418
2016-11-27,5.341224670410156
2016-11-28,7.863096237182617
2016-11-29,3.6079492568969727
2016-11-30,12.911996841430664
2016-12-01,5.061832904815674
2016-12-02,11.047138214111328
2016-12-03,0.6089662909507751
2016-12-04,0.4635560214519501
2016-12-05,3.5563106536865234
2016-12-06,12.209996223449707
2016-12-07,2.498502731323242
2016-12-08,0.8693987727165222
2016-12-09,0.49489662051200867
2016-12-10,0.0015124487690627575
2016-12-11,2.007359266281128
2016-12-12,3.8617684841156006
2016-12-13,0.0610944889485836
2016-12-14,0.41963863372802734
2016-12-15,0.24674184620380402
2016-12-16,0.0
2016-12-17,0.0
2016-12-18,0.24692940711975098
2016-12-19,6.792430877685547
2016-12-20,0.6750097274780273
2016-12-21,0.0
2016-12-22,0.0
2016-12-23,0.43758031725883484
2016-12-24,0.0
2016-12-25,7.100325584411621
2016-12-26,37.87534713745117
2016-12-27,5.9116530418396
2016-12-28,8.705878257751465
2016-12-29,0.3628016710281372
2016-12-30,2.7163710594177246
2016-12-31,8.696651458740234
2017-01-01,8.596099853515625
2017-01-02,1.2176622152328491
2017-01-03,1.1734923124313354
2017-01-04,12.294111251831055
2017-01-05,5.027575492858887
2017-01-06,5.7355523109436035
2017-01-07,26.840009689331055
2017-01-08,8.442931175231934
2017-01-09,0.4309591054916382
2017-01-10,5.40001106262207
2017-01-11,18.182119369506836
2017-01-12,0.24497057497501373
2017-01-13,0.7890675067901611
2017-01-14,1.7288389205932617
2017-01-15,0.11561074107885361
2017-01-16,11.400349617004395
2017-01-17,0.580774188041687
2017-01-18,0.49439358711242676
2017-01-19,3.115885019302368
2017-01-20,0.03826325386762619
2017-01-21,0.05609680712223053
2017-01-22,0.09036976844072342
2017-01-23,2.90988826751709
2017-01-24,5.7338738441467285
2017-01-25,0.33962881565093994
2017-01-26,2.695585250854492
2017-01-27,0.2553069591522217
2017-01-28,0.25798025727272034
2017-01-29,0.0
2017-01-30,0.1987331360578537
2017-01-31,5.91756534576416
2017-02-01,1.839113473892212
2017-02-02,1.3859150409698486
2017-02-03,0.25077641010284424
2017-02-04,0.30889713764190674
2017-02-05,4.983327865600586
2017-02-06,12.102998733520508
2017-02-07,0.4241650700569153
2017-02-08,0.2298736572265625
2017-02-09,0.7092844843864441
2017-02-10,0.7827553749084473
2017-02-11,10.274818420410156
2017-02-12,1.4162319898605347
2017-02-13,0.726276159286499
2017-02-14,0.08289013057947159
2017-02-15,0.3995596468448639
2017-02-16,14.325945854187012
2017-02-17,1.5786322355270386
2017-02-18,2.536416530609131
2017-02-19,16.532167434692383
2017-02-20,6.601385116577148
2017-02-21,6.542326927185059
2017-02-22,3.3756957054138184
2017-02-23,4.48051118850708
2017-02-24,4.80858850479126
2017-02-25,0.9366558194160461
2017-02-26,4.691173076629639
2017-02-27,4.169514179229736
2017-02-28,32.384891510009766
2017-03-01,0.7874087691307068
2017-03-02,0.6598764061927795
2017-03-03,4.574344635009766
2017-03-04,2.343034267425537
2017-03-05,17.547391891479492
2017-03-06,15.332433700561523
2017-03-07,0.2081567943096161
2017-03-08,4.000421524047852
2017-03-09,0.16057626903057098
2017-03-10,2.0002522468566895
2017-03-11,6.9916863441467285
2017-03-12,6.711421489715576
2017-03-13,3.4555885791778564
2017-03-14,1.206879734992981
2017-03-15,0.5183486342430115
2017-03-16,7.565961837768555
2017-03-17,8.46896743774414
2017-03-18,0.0
2017-03-19,0.0
2017-03-20,1.1442116498947144
2017-03-21,0.12458579242229462
2017-03-22,0.8158115744590759
2017-03-23,0.9438401460647583
2017-03-24,0.5044276714324951
2017-03-25,0.17458263039588928
2017-03-26,4.366731643676758
2017-03-27,7.595649719238281
2017-03-28,0.4799194037914276
2017-03-29,5.101580619812012
2017-03-30,1.24851655960083
2017-03-31,0.23294121026992798
2017-04-01,10.184893608093262
2017-04-02,6.142336368560791
2017-04-03,3.24499249458313
2017-04-04,18.894027709960938
2017-04-05,0.29635441303253174
2017-04-06,0.4200986325740814
2017-04-07,0.11717722564935684
2017-04-08,0.19821520149707794
2017-04-09,0.03019656613469124
2017-04-10,0.17918169498443604
2017-04-11,0.0
2017-04-12,0.0
2017-04-13,0.0
2017-04-14,0.0
2017-04-15,0.0
2017-04-16,0.20034708082675934
2017-04-17,3.5350797176361084
2017-04-18,9.25145149230957
2017-04-19,0.5415312647819519
2017-04-20,0.0
2017-04-21,0.0
2017-04-22,0.0
2017-04-23,0.0
2017-04-24,0.0
2017-04-25,0.0
2017-04-26,7.158244989113882e-05
2017-04-27,0.0013475060695782304
2017-04-28,0.004627026617527008
2017-04-29,0.007513085380196571
2017-04-30,0.017505228519439697
2017-05-01,0.0
2017-05-02,0.0
2017-05-03,0.0
2017-05-04,0.0
2017-05-05,0.0
2017-05-06,0.14347891509532928
2017-05-07,0.4074801206588745
2017-05-08,0.0
2017-05-09,0.0
2017-05-10,2.307141065597534
2017-05-11,0.0889507532119751
2017-05-12,0.0
2017-05-13,0.034569140523672104
2017-05-14,0.03933676704764366
2017-05-15,0.0
2017-05-16,1.6159894466400146
2017-05-17,1.2320021390914917
2017-05-18,0.7078729271888733
2017-05-19,0.13559141755104065
2017-05-20,1.4966918230056763
2017-05-21,0.029146695509552956
2017-05-22,2.5759294033050537
2017-05-23,15.935233116149902
2017-05-24,1.0947057008743286
2017-05-25,2.612243175506592
2017-05-26,0.0
2017-05-27,0.0
2017-05-28,0.0
2017-05-29,0.0
2017-05-30,0.0
2017-05-31,0.0
2017-06-01,0.0
2017-06-02,0.0
2017-06-03,0.0
2017-06-04,0.0
2017-06-05,0.0
2017-06-06,0.01867707446217537
2017-06-07,0.09830732643604279
2017-06-08,0.29818281531333923
2017-06-09,0.0
2017-06-10,0.04508087411522865
2017-06-11,0.0
2017-06-12,0.0
2017-06-13,0.0
2017-06-14,0.0
2017-06-15,0.0
2017-06-16,0.02880995348095894
2017-06-17,0.02880995348095894
2017-06-18,0.02880995348095894
2017-06-19,0.17285972833633423
2017-06-20,0.02880995348095894
2017-06-21,0.0
2017-06-22,0.0
2017-06-23,0.0
2017-06-24,0.0
2017-06-25,0.0
2017-06-26,0.0
2017-06-27,0.0
2017-06-28,0.0
2017-06-29,0.0
2017-06-30,0.0
2017-07-01,0.0
2017-07-02,0.0
2017-07-03,0.0
2017-07-04,0.0
2017-07-05,0.0
2017-07-06,0.0
2017-07-07,0.0
2017-07-08,0.0
2017-07-09,0.0
2017-07-10,0.0
2017-07-11,0.0
2017-07-12,0.0
2017-07-13,0.0
2017-07-14,0.0
2017-07-15,0.0
2017-07-16,0.0
2017-07-17,0.0
2017-07-18,0.0
2017-07-19,0.0
2017-07-20,0.0
2017-07-21,0.0
2017-07-22,0.0
2017-07-23,0.0
2017-07-24,0.0
2017-07-25,0.0
2017-07-26,0.0
2017-07-27,0.0
2017-07-28,0.0
2017-07-29,0.0
2017-07-30,0.0
2017-07-31,0.0
2017-08-01,0.0
2017-08-02,0.0
2017-08-03,0.0
2017-08-04,0.0
2017-08-05,0.0
2017-08-06,0.0
2017-08-07,0.0
2017-08-08,0.0
2017-08-09,0.0
2017-08-10,0.0
2017-08-11,0.0
2017-08-12,0.0
2017-08-13,0.0
2017-08-14,0.0
2017-08-15,0.0
2017-08-16,0.11984974145889282
2017-08-17,0.26553890109062195
2017-08-18,0.07495042681694031
2017-08-19,0.0
2017-08-20,0.006276912055909634
2017-08-21,0.17066465318202972
2017-08-22,0.17066465318202972
2017-08-23,0.17066465318202972
2017-08-24,0.17066465318202972
2017-08-25,0.17066465318202972
2017-08-26,0.08467543870210648
2017-08-27,0.03835928067564964
2017-08-28,0.4163241684436798
2017-08-29,0.273852676153183
2017-08-30,0.05408819392323494
2017-08-31,0.053322963416576385
2017-09-01,0.0
2017-09-02,0.7332426309585571
2017-09-03,0.0
2017-09-04,0.6268760561943054
2017-09-05,5.862063407897949
2017-09-06,10.392461776733398
2017-09-07,3.8760600090026855
2017-09-08,2.8329949378967285
2017-09-09,1.0152041912078857
2017-09-10,0.0
2017-09-11,0.0
2017-09-12,2.7427492141723633
2017-09-13,1.654183268547058
2017-09-14,0.5935378670692444
2017-09-15,0.3714227080345154
2017-09-16,0.31986790895462036
2017-09-17,0.016429618000984192
2017-09-18,0.04130995273590088
2017-09-19,0.12075772136449814
2017-09-20,0.0
2017-09-21,0.0
2017-09-22,0.0
2017-09-23,0.0
2017-09-24,0.0
2017-09-25,0.0
2017-09-26,0.0
2017-09-27,0.0
2017-09-28,0.0
2017-09-29,0.0
2017-09-30,0.0
2017-10-01,0.0
2017-10-02,0.0
2017-10-03,0.0
2017-10-04,0.0
2017-10-05,0.0
2017-10-06,0.04993969574570656
2017-10-07,4.707840919494629
2017-10-08,3.051241874694824
2017-10-09,1.6245425939559937
2017-10-10,0.18423348665237427
2017-10-11,0.0
2017-10-12,0.06106313690543175
2017-10-13,0.15419720113277435
2017-10-14,1.4791090488433838
2017-10-15,0.8469799160957336
2017-10-16,0.9146139621734619
2017-10-17,6.92964506149292
2017-10-18,5.854496955871582
2017-10-19,2.5502448081970215
2017-10-20,0.44481584429740906
2017-10-21,0.33714762330055237
2017-10-22,0.26916709542274475
2017-10-23,1.0590347051620483
2017-10-24,0.016157707199454308
2017-10-25,0.8981522917747498
2017-10-26,0.0
2017-10-27,0.0
2017-10-28,0.0
2017-10-29,0.0
2017-10-30,0.0
2017-10-31,0.0
2017-11-01,0.6247726678848267
2017-11-02,0.06027084216475487
2017-11-03,0.2903112769126892
2017-11-04,0.3976973593235016
2017-11-05,1.9951709508895874
2017-11-06,0.7507686614990234
2017-11-07,2.338672399520874
2017-11-08,0.810027003288269
2017-11-09,0.593342661857605
2017-11-10,0.0
2017-11-11,2.9382050037384033
2017-11-12,0.33322545886039734
2017-11-13,0.4410037696361542
2017-11-14,0.5138677954673767
2017-11-15,2.772368907928467
2017-11-16,1.758182406425476
2017-11-17,0.42818590998649597
2017-11-18,0.21366459131240845
2017-11-19,0.43496865034103394
2017-11-20,0.01894654519855976
2017-11-21,0.0
2017-11-22,0.0
2017-11-23,0.0
2017-11-24,0.0
2017-11-25,0.0
2017-11-26,3.2852628231048584
2017-11-27,2.229877233505249
2017-11-28,3.70554256439209
2017-11-29,0.7993056178092957
2017-11-30,3.7452173233032227
2017-12-01,3.3949742317199707
2017-12-02,0.0
2017-12-03,2.9539170265197754
2017-12-04,0.1447644829750061
2017-12-05,18.758987426757812
2017-12-06,2.586132526397705
2017-12-07,4.144253730773926
2017-12-08,2.412987470626831
2017-12-09,4.222298622131348
2017-12-10,17.637958526611328
2017-12-11,0.0
2017-12-12,0.0
2017-12-13,0.0
2017-12-14,0.0
2017-12-15,0.0
2017-12-16,0.011103274300694466
2017-12-17,0.0
2017-12-18,14.499955177307129
2017-12-19,0.31469225883483887
2017-12-20,0.057077739387750626
2017-12-21,3.651967763900757
2017-12-22,11.617510795593262
2017-12-23,6.691399574279785
2017-12-24,8.739147186279297
2017-12-25,0.6814285516738892
2017-12-26,10.701953887939453
2017-12-27,1.4639068841934204
2017-12-28,1.8578870296478271
2017-12-29,12.215619087219238
2017-12-30,5.874492645263672
2017-12-31,3.2609591484069824
2018-01-01,6.016705513000488
2018-01-02,4.716662883758545
2018-01-03,1.5442888736724854
2018-01-04,0.46144041419029236
2018-01-05,0.038132231682538986
2018-01-06,9.032452583312988
2018-01-07,3.6946606636047363
2018-01-08,0.728492021560669
2018-01-09,0.34599509835243225
2018-01-10,0.4757847487926483
2018-01-11,18.348234176635742
2018-01-12,1.7532525062561035
2018-01-13,15.76754379272461
2018-01-14,5.377010822296143
2018-01-15,5.585354804992676
2018-01-16,0.08717228472232819
2018-01-17,0.21869243681430817
2018-01-18,0.24727028608322144
2018-01-19,0.25602686405181885
2018-01-20,0.17174144089221954
2018-01-21,7.079990386962891
2018-01-22,1.382571816444397
2018-01-23,3.2741591930389404
2018-01-24,2.5591177940368652
2018-01-25,22.683637619018555
2018-01-26,1.884066104888916
2018-01-27,9.787260055541992
2018-01-28,11.868736267089844
2018-01-29,2.3054237365722656
2018-01-30,1.85310959815979
2018-01-31,23.159910202026367
2018-02-01,24.571041107177734
2018-02-02,4.721542835235596
2018-02-03,5.190466403961182
2018-02-04,4.310680866241455
2018-02-05,0.16136282682418823
2018-02-06,2.227034568786621
2018-02-07,19.593082427978516
2018-02-08,30.15252685546875
2018-02-09,7.4230732917785645
2018-02-10,1.5659013986587524
2018-02-11,32.17082595825195
2018-02-12,14.439346313476562
2018-02-13,4.920041561126709
2018-02-14,10.810079574584961
2018-02-15,2.7619495391845703
2018-02-16,12.9072265625
2018-02-17,24.1689453125
2018-02-18,0.17230835556983948
2018-02-19,0.0
2018-02-20,0.34918010234832764
2018-02-21,3.1932456493377686
2018-02-22,6.5270233154296875
2018-02-23,0.7385804653167725
2018-02-24,0.9710010886192322
2018-02-25,2.6157286167144775
2018-02-26,0.0
2018-02-27,0.0
2018-02-28,0.0
2018-03-01,6.846951484680176
2018-03-02,1.3628790378570557
2018-03-03,0.24113596975803375
2018-03-04,3.6220715045928955
2018-03-05,10.250267028808594
2018-03-06,3.234447479248047
2018-03-07,1.4741781949996948
2018-03-08,5.7618560791015625
2018-03-09,3.2504563331604004
2018-03-10,14.147294044494629
2018-03-11,0.515454888343811
2018-03-12,1.9383434057235718
2018-03-13,0.6110700368881226
2018-03-14,12.96692943572998
2018-03-15,8.793074607849121
2018-03-16,15.604751586914062
2018-03-17,0.20590640604496002
2018-03-18,0.07174352556467056
2018-03-19,0.2885921895503998
2018-03-20,3.7055656909942627
2018-03-21,0.19036033749580383
2018-03-22,0.0
2018-03-23,0.6375677585601807
2018-03-24,3.114760160446167
2018-03-25,20.49913215637207
2018-03-26,0.0
2018-03-27,0.0
2018-03-28,0.0
2018-03-29,0.0
2018-03-30,0.0
2018-03-31,0.0
2018-04-01,0.0
2018-04-02,0.0
2018-04-03,0.0
2018-04-04,0.0
2018-04-05,0.0
2018-04-06,0.0
2018-04-07,0.09613339602947235
2018-04-08,3.442777156829834
2018-04-09,0.5227253437042236
2018-04-10,0.0
2018-04-11,0.0
2018-04-12,0.0
2018-04-13,0.0
2018-04-14,0.0
2018-04-15,0.0
2018-04-16,0.0
2018-04-17,0.0
2018-04-18,0.0
2018-04-19,0.0
2018-04-20,0.0
2018-04-21,0.0026046407874673605
2018-04-22,0.03296844661235809
2018-04-23,0.01346512045711279
2018-04-24,0.07163432240486145
2018-04-25,0.07328800112009048
2018-04-26,2.115384817123413
2018-04-27,6.918396472930908
2018-04-28,3.4214961528778076
2018-04-29,0.28576338291168213
2018-04-30,0.42346104979515076
2018-05-01,0.8580654859542847
2018-05-02,15.822861671447754
2018-05-03,2.648489236831665
2018-05-04,1.2490463256835938
2018-05-05,3.7194807529449463
2018-05-06,0.7671626806259155
2018-05-07,0.1662880927324295
2018-05-08,0.10315180569887161
2018-05-09,0.8011921644210815
2018-05-10,3.4395382404327393
2018-05-11,0.02234680764377117
2018-05-12,0.04855076223611832
2018-05-13,0.02234680764377117
2018-05-14,0.03338753059506416
2018-05-15,0.02234680764377117
2018-05-16,0.06306551396846771
2018-05-17,0.28763657808303833
2018-05-18,0.192728191614151
2018-05-19,0.03475426137447357
2018-05-20,0.192728191614151
2018-05-21,0.10991784930229187
2018-05-22,0.10991785675287247
2018-05-23,0.03140510246157646
2018-05-24,0.03140510246157646
2018-05-25,0.03140510246157646
2018-05-26,0.0
2018-05-27,0.0
2018-05-28,0.0
2018-05-29,0.0
2018-05-30,0.0
2018-05-31,0.0
2018-06-01,0.4395180344581604
2018-06-02,0.4804426431655884
2018-06-03,24.01323699951172
2018-06-04,6.200896263122559
2018-06-05,0.5322163701057434
2018-06-06,1.092643141746521
2018-06-07,2.3379266262054443
2018-06-08,0.8677304983139038
2018-06-09,0.47216281294822693
2018-06-10,0.6180110573768616
2018-06-11,0.0
2018-06-12,0.0
2018-06-13,0.0
2018-06-14,0.0
2018-06-15,0.0
2018-06-16,0.02019493654370308
2018-06-17,0.12116961926221848
2018-06-18,0.06843005120754242
2018-06-19,0.12116961926221848
2018-06-20,0.07293450087308884
2018-06-21,0.06961650401353836
2018-06-22,0.06961650401353836
2018-06-23,0.7657815217971802
2018-06-24,0.32354554533958435
2018-06-25,0.16376996040344238
2018-06-26,0.0
2018-06-27,0.0
2018-06-28,0.0
2018-06-29,0.0
2018-06-30,0.0
2018-07-01,0.0
2018-07-02,0.0
2018-07-03,0.0
2018-07-04,0.0
2018-07-05,0.0
2018-07-06,0.0
2018-07-07,0.0
2018-07-08,0.0
2018-07-09,0.0
2018-07-10,0.0
2018-07-11,0.0
2018-07-12,1.3875598907470703
2018-07-13,0.7899535298347473
2018-07-14,0.6392128467559814
2018-07-15,0.3018542528152466
2018-07-16,0.0
2018-07-17,0.0
2018-07-18,0.0
2018-07-19,0.0
2018-07-20,0.0
2018-07-21,11.719636917114258
2018-07-22,5.118904113769531
2018-07-23,0.0
2018-07-24,1.1310828924179077
2018-07-25,0.010020824149250984
2018-07-26,0.0
2018-07-27,0.0
2018-07-28,0.0
2018-07-29,0.0
2018-07-30,0.0
2018-07-31,0.0
2018-08-01,0.0
2018-08-02,0.27968525886535645
2018-08-03,1.6673771142959595
2018-08-04,3.2683637142181396
2018-08-05,9.819068908691406
2018-08-06,2.1945362091064453
2018-08-07,1.7039802074432373
2018-08-08,0.12909293174743652
2018-08-09,0.5733396410942078
2018-08-10,0.18234173953533173
2018-08-11,0.0
2018-08-12,0.0
2018-08-13,0.0
2018-08-14,0.0
2018-08-15,0.0
2018-08-16,0.0490746907889843
2018-08-17,0.0490746907889843
2018-08-18,0.11323197185993195
2018-08-19,0.0490746907889843
2018-08-20,0.23029085993766785
2018-08-21,0.9593037962913513
2018-08-22,0.0
2018-08-23,0.05896430090069771
2018-08-24,0.0
2018-08-25,0.0
2018-08-26,0.2675532102584839
2018-08-27,0.05837736651301384
2018-08-28,0.07734231650829315
2018-08-29,0.2608416974544525
2018-08-30,0.1853410005569458
2018-08-31,0.09773082286119461
2018-09-01,0.8612993955612183
2018-09-02,0.2291141301393509
2018-09-03,0.6075767874717712
2018-09-04,0.3538540303707123
2018-09-05,0.23929697275161743
2018-09-06,0.2219342291355133
2018-09-07,0.018711015582084656
2018-09-08,1.0233352184295654
2018-09-09,0.0
2018-09-10,0.22377324104309082
2018-09-11,0.020876964554190636
2018-09-12,0.020876964554190636
2018-09-13,0.020876964554190636
2018-09-14,0.16517363488674164
2018-09-15,0.18973474204540253
2018-09-16,1.510207176208496
2018-09-17,2.0107243061065674
2018-09-18,0.5030583739280701
2018-09-19,0.24405016005039215
2018-09-20,0.0
2018-09-21,0.058207541704177856
2018-09-22,2.8071208000183105
2018-09-23,0.6438785195350647
2018-09-24,2.4103617668151855
2018-09-25,1.627959966659546
2018-09-26,0.2934153974056244
2018-09-27,0.5185924768447876
2018-09-28,1.3250287771224976
2018-09-29,0.08882744610309601
2018-09-30,0.06073106452822685
2018-10-01,0.566867470741272
2018-10-02,2.954334020614624
2018-10-03,0.914340078830719
2018-10-04,1.3068184852600098
2018-10-05,1.1017165184020996
2018-10-06,0.0
2018-10-07,0.0
2018-10-08,0.0
2018-10-09,0.0
2018-10-10,0.0
2018-10-11,14.979138374328613
2018-10-12,0.9180566668510437
2018-10-13,0.9114444255828857
2018-10-14,0.2905552089214325
2018-10-15,0.10300508886575699
2018-10-16,1.8671916723251343
2018-10-17,1.7648831605911255
2018-10-18,0.32017335295677185
2018-10-19,5.556238174438477
2018-10-20,0.867611825466156
2018-10-21,0.3063506484031677
2018-10-22,0.24793347716331482
2018-10-23,13.248258590698242
2018-10-24,17.322410583496094
2018-10-25,5.525729656219482
2018-10-26,19.188461303710938
2018-10-27,3.6855275630950928
2018-10-28,0.09627977758646011
2018-10-29,0.0
2018-10-30,2.6246652603149414
2018-10-31,1.4644206762313843
2018-11-01,1.5216765403747559
2018-11-02,5.855899333953857
2018-11-03,1.0404428243637085
2018-11-04,7.191443920135498
2018-11-05,0.6286295056343079
2018-11-06,3.116137981414795
2018-11-07,6.523952960968018
2018-11-08,0.047854404896497726
2018-11-09,0.22809068858623505
2018-11-10,1.351201057434082
2018-11-11,0.4340337812900543
2018-11-12,0.24785834550857544
2018-11-13,0.45089441537857056
2018-11-14,2.9839096069335938
2018-11-15,0.6705103516578674
2018-11-16,0.6778205633163452
2018-11-17,0.2722856402397156
2018-11-18,2.680027961730957
2018-11-19,23.45764923095703
2018-11-20,0.338160902261734
2018-11-21,0.8628541231155396
2018-11-22,1.9389567375183105
2018-11-23,0.1555861234664917
2018-11-24,2.232811450958252
2018-11-25,0.6411304473876953
2018-11-26,5.600676536560059
2018-11-27,12.420182228088379
2018-11-28,3.1194913387298584
2018-11-29,1.2255946397781372
2018-11-30,0.0
2018-12-01,0.0
2018-12-02,0.0
2018-12-03,0.0
2018-12-04,0.0
2018-12-05,0.0
2018-12-06,1.3981716632843018
2018-12-07,0.31321683526039124
2018-12-08,0.18654637038707733
2018-12-09,0.3791920244693756
2018-12-10,4.068507671356201
2018-12-11,0.32131826877593994
2018-12-12,4.34394645690918
2018-12-13,1.9506036043167114
2018-12-14,0.44747278094291687
2018-12-15,2.6950278282165527
2018-12-16,2.2459142208099365
2018-12-17,0.9739899039268494
2018-12-18,3.3377301692962646
2018-12-19,0.501973569393158
2018-12-20,1.3614975214004517
2018-12-21,8.768463134765625
2018-12-22,15.714103698730469
2018-12-23,1.1978822946548462
2018-12-24,17.101844787597656
2018-12-25,2.0501761436462402
2018-12-26,8.935918807983398
2018-12-27,4.5244669914245605
2018-12-28,10.733551025390625
2018-12-29,47.591556549072266
2018-12-30,40.440277099609375
2018-12-31,29.37669563293457
2019-01-01,0.6264731287956238
2019-01-02,20.016996383666992
2019-01-03,1.7531908750534058
2019-01-04,2.8659493923187256
2019-01-05,0.7736529111862183
2019-01-06,1.4705091714859009
2019-01-07,0.43363094329833984
2019-01-08,5.779127597808838
2019-01-09,3.290799856185913
2019-01-10,7.46467399597168
2019-01-11,10.040658950805664
2019-01-12,1.9999473094940186
2019-01-13,7.2815961837768555
2019-01-14,4.766286373138428
2019-01-15,1.863599419593811
2019-01-16,14.451506614685059
2019-01-17,0.05585795268416405
2019-01-18,2.3262763023376465
2019-01-19,10.584787368774414
2019-01-20,0.19020529091358185
2019-01-21,0.66208815574646
2019-01-22,6.158163070678711
2019-01-23,1.512544870376587
2019-01-24,1.979346752166748
2019-01-25,0.4239506423473358
2019-01-26,0.057221151888370514
2019-01-27,8.484375953674316
2019-01-28,1.6296857595443726
2019-01-29,5.376493453979492
2019-01-30,1.671190619468689
2019-01-31,4.795574188232422
2019-02-01,2.7261979579925537
2019-02-02,3.743175983428955
2019-02-03,3.2437570095062256
2019-02-04,0.27469512820243835
2019-02-05,5.073667526245117
2019-02-06,0.3816547095775604
2019-02-07,0.20006316900253296
2019-02-08,0.5219716429710388
2019-02-09,1.4720618724822998
2019-02-10,6.051087379455566
2019-02-11,11.782959938049316
2019-02-12,10.498208999633789
2019-02-13,8.414275169372559
2019-02-14,4.643660068511963
2019-02-15,5.701683521270752
2019-02-16,19.281597137451172
2019-02-17,16.396703720092773
2019-02-18,3.286210775375366
2019-02-19,8.442320823669434
2019-02-20,19.007007598876953
2019-02-21,1.8348368406295776
2019-02-22,0.16004188358783722
2019-02-23,0.0
2019-02-24,1.7590930461883545
2019-02-25,4.9643988609313965
2019-02-26,8.52864933013916
2019-02-27,1.075131893157959
2019-02-28,1.4080561399459839
2019-03-01,1.4289082288742065
2019-03-02,2.6370456218719482
2019-03-03,10.07707405090332
2019-03-04,0.33086520433425903
2019-03-05,0.207105815410614
2019-03-06,5.312894344329834
2019-03-07,0.18001431226730347
2019-03-08,0.0
2019-03-09,6.067824363708496
2019-03-10,1.3010060787200928
2019-03-11,3.123272180557251
2019-03-12,0.4004632234573364
2019-03-13,0.5255172252655029
2019-03-14,0.9382303357124329
2019-03-15,0.07693140208721161
2019-03-16,1.7468242645263672
2019-03-17,5.469113826751709
2019-03-18,0.8937616944313049
2019-03-19,1.6155074834823608
2019-03-20,3.352179765701294
2019-03-21,2.753804922103882
2019-03-22,0.624030351638794
2019-03-23,0.0390014685690403
2019-03-24,1.8110815286636353
2019-03-25,0.09856703132390976
2019-03-26,0.0
2019-03-27,0.0
2019-03-28,0.0
2019-03-29,0.0
2019-03-30,0.0
2019-03-31,0.0
2019-04-01,5.587062358856201
2019-04-02,2.988354206085205
2019-04-03,4.698136329650879
2019-04-04,6.580358028411865
2019-04-05,0.43538957834243774
2019-04-06,0.0
2019-04-07,0.0
2019-04-08,0.0
2019-04-09,0.0
2019-04-10,0.0
2019-04-11,0.0
2019-04-12,0.0
2019-04-13,0.0
2019-04-14,0.0
2019-04-15,0.0
2019-04-16,5.3498969078063965
2019-04-17,1.1472069025039673
2019-04-18,0.30515924096107483
2019-04-19,1.6597853899002075
2019-04-20,1.38225519657135
2019-04-21,1.9774740934371948
2019-04-22,2.916525363922119
2019-04-23,0.8346710801124573
2019-04-24,1.7127866744995117
2019-04-25,0.0
2019-04-26,0.46130478382110596
2019-04-27,5.151885509490967
2019-04-28,1.1441915035247803
2019-04-29,2.343817949295044
2019-04-30,5.086775779724121
2019-05-01,2.1498429775238037
2019-05-02,3.3756425380706787
2019-05-03,0.0
2019-05-04,0.020003756508231163
2019-05-05,3.8744616508483887
2019-05-06,2.4663195610046387
2019-05-07,0.29538318514823914
2019-05-08,6.386816024780273
2019-05-09,0.0
2019-05-10,0.0
2019-05-11,0.22515098750591278
2019-05-12,7.596656799316406
2019-05-13,0.9776762127876282
2019-05-14,0.10198655724525452
2019-05-15,0.33040851354599
2019-05-16,0.047838591039180756
2019-05-17,0.047838591039180756
2019-05-18,0.047838591039180756
2019-05-19,0.14920614659786224
2019-05-20,0.18566396832466125
2019-05-21,0.03252249211072922
2019-05-22,0.060807712376117706
2019-05-23,0.09043676406145096
2019-05-24,0.0
2019-05-25,0.011070298962295055
2019-05-26,0.0
2019-05-27,0.0
2019-05-28,0.0
2019-05-29,0.0
2019-05-30,0.0
2019-05-31,0.0
2019-06-01,0.0
2019-06-02,0.0
2019-06-03,0.0
2019-06-04,0.0
2019-06-05,0.0
2019-06-06,0.05719289928674698
2019-06-07,0.11971814185380936
2019-06-08,0.05719289928674698
2019-06-09,0.107213094830513
2019-06-10,0.23061197996139526
2019-06-11,0.1281324326992035
2019-06-12,0.0
2019-06-13,0.1515229344367981
2019-06-14,1.091927170753479
2019-06-15,10.509739875793457
2019-06-16,4.698673248291016
2019-06-17,0.4750475585460663
2019-06-18,0.4053718149662018
2019-06-19,0.0
2019-06-20,0.0
2019-06-21,0.0
2019-06-22,0.0
2019-06-23,0.0
2019-06-24,0.0
2019-06-25,0.0
2019-06-26,0.0
2019-06-27,0.0
2019-06-28,0.0
2019-06-29,0.0
2019-06-30,0.0
2019-07-01,0.0
2019-07-02,0.0
2019-07-03,0.0
2019-07-04,0.0
2019-07-05,0.0
2019-07-06,0.0
2019-07-07,0.0
2019-07-08,0.0
2019-07-09,0.0
2019-07-10,0.0
2019-07-11,0.0
2019-07-12,0.0
2019-07-13,0.0
2019-07-14,0.0
2019-07-15,0.0
2019-07-16,0.43016013503074646
2019-07-17,1.1194233894348145
2019-07-18,0.8101800084114075
2019-07-19,0.4574415385723114
2019-07-20,1.298959732055664
2019-07-21,0.14187148213386536
2019-07-22,0.0
2019-07-23,0.25030285120010376
2019-07-24,1.1182066202163696
2019-07-25,1.01273775100708
2019-07-26,0.0
2019-07-27,0.0
2019-07-28,0.0
2019-07-29,0.0
2019-07-30,0.0
2019-07-31,0.0
2019-08-01,0.0
2019-08-02,0.0
2019-08-03,0.0
2019-08-04,0.0
2019-08-05,0.0
2019-08-06,0.0
2019-08-07,0.0
2019-08-08,0.0
2019-08-09,0.0
2019-08-10,0.0
2019-08-11,0.0
2019-08-12,0.0
2019-08-13,0.0
2019-08-14,0.0
2019-08-15,0.0
2019-08-16,0.02331499569118023
2019-08-17,0.06530705839395523
2019-08-18,0.02331499569118023
2019-08-19,0.3141256868839264
2019-08-20,0.040237169712781906
2019-08-21,0.2662520110607147
2019-08-22,0.04281378164887428
2019-08-23,0.19355009496212006
2019-08-24,0.30819809436798096
2019-08-25,0.045461636036634445
2019-08-26,0.04192705824971199
2019-08-27,0.6089728474617004
2019-08-28,0.0
2019-08-29,0.0
2019-08-30,0.26543357968330383
2019-08-31,0.005051452200859785
2019-09-01,0.07866157591342926
2019-09-02,0.005873704329133034
2019-09-03,0.06805795431137085
2019-09-04,0.2547536790370941
2019-09-05,0.9544310569763184
2019-09-06,0.42332565784454346
2019-09-07,1.7957103252410889
2019-09-08,0.23575459420681
2019-09-09,0.02992253005504608
2019-09-10,0.2850853502750397
2019-09-11,1.8970117568969727
2019-09-12,3.0357298851013184
2019-09-13,0.07219065725803375
2019-09-14,0.0
2019-09-15,0.26450368762016296
2019-09-16,1.1538888216018677
2019-09-17,0.3328021466732025
2019-09-18,1.0796416997909546
2019-09-19,0.3328021466732025
2019-09-20,3.756908416748047
2019-09-21,0.0
2019-09-22,0.5464539527893066
2019-09-23,0.26648688316345215
2019-09-24,0.22159744799137115
2019-09-25,0.12989065051078796
2019-09-26,0.0
2019-09-27,0.0
2019-09-28,0.0
2019-09-29,0.0
2019-09-30,0.0
2019-10-01,0.22799921035766602
2019-10-02,0.03873053938150406
2019-10-03,1.409049391746521
2019-10-04,1.423587441444397
2019-10-05,0.72999107837677
2019-10-06,0.0
2019-10-07,0.0
2019-10-08,0.0
2019-10-09,0.0
2019-10-10,0.0
2019-10-11,0.0
2019-10-12,0.24210801720619202
2019-10-13,0.0
2019-10-14,1.1040160655975342
2019-10-15,0.9852865934371948
2019-10-16,0.02815121039748192
2019-10-17,0.36610493063926697
2019-10-18,0.08776592463254929
2019-10-19,0.4926794171333313
2019-10-20,0.7282831072807312
2019-10-21,0.024707239121198654
2019-10-22,0.10898690670728683
2019-10-23,0.041291430592536926
2019-10-24,0.09771940112113953
2019-10-25,0.05523902550339699
2019-10-26,0.3290025293827057
2019-10-27,0.33006179332733154
2019-10-28,0.07187320291996002
2019-10-29,0.0
2019-10-30,0.16665510833263397
2019-10-31,1.0935810804367065
2019-11-01,0.5091549754142761
2019-11-02,0.599518895149231
2019-11-03,0.2098364382982254
2019-11-04,0.5794529914855957
2019-11-05,3.638180732727051
2019-11-06,3.737680196762085
2019-11-07,0.22435413300991058
2019-11-08,0.6308232545852661
2019-11-09,10.196325302124023
2019-11-10,0.47396257519721985
2019-11-11,6.941643238067627
2019-11-12,0.5067976117134094
2019-11-13,4.796715259552002
2019-11-14,19.665987014770508
2019-11-15,0.20712436735630035
2019-11-16,0.0
2019-11-17,0.0
2019-11-18,0.0
2019-11-19,0.0
2019-11-20,0.0
2019-11-21,2.85105037689209
2019-11-22,2.2116992473602295
2019-11-23,3.443967819213867
2019-11-24,0.0
2019-11-25,3.6692399978637695
2019-11-26,4.4738359451293945
2019-11-27,6.51295804977417
2019-11-28,0.38877224922180176
2019-11-29,0.0017530536279082298
2019-11-30,0.30503135919570923
2019-12-01,0.21556632220745087
2019-12-02,7.373870849609375
2019-12-03,0.14367197453975677
2019-12-04,3.936776638031006
2019-12-05,2.497623920440674
2019-12-06,24.114667892456055
2019-12-07,0.32424283027648926
2019-12-08,2.553104877471924
2019-12-09,1.0837608575820923
2019-12-10,2.4907093048095703
2019-12-11,0.7741174101829529
2019-12-12,2.235872983932495
2019-12-13,1.0860509872436523
2019-12-14,0.24923986196517944
2019-12-15,0.08493244647979736
2019-12-16,2.5220212936401367
2019-12-17,7.433940410614014
2019-12-18,3.7349483966827393
2019-12-19,0.8327204585075378
2019-12-20,1.1262879371643066
2019-12-21,3.9109466075897217
2019-12-22,0.9915926456451416
2019-12-23,2.7934224605560303
2019-12-24,0.16658930480480194
2019-12-25,2.0755748748779297
2019-12-26,0.7659723162651062
2019-12-27,3.4749958515167236
2019-12-28,9.63709831237793
2019-12-29,4.046072483062744
2019-12-30,1.818800687789917
2019-12-31,3.56889009475708
2020-01-01,7.024977684020996
2020-01-02,13.39911937713623
2020-01-03,0.8948365449905396
2020-01-04,16.635940551757812
2020-01-05,32.75250244140625
2020-01-06,3.163527250289917
2020-01-07,1.3182283639907837
2020-01-08,8.093949317932129
2020-01-09,0.0
2020-01-10,0.8118529319763184
2020-01-11,8.545639991760254
2020-01-12,4.1168928146362305
2020-01-13,15.950896263122559
2020-01-14,1.3646410703659058
2020-01-15,8.922198295593262
2020-01-16,4.556698322296143
2020-01-17,7.315035820007324
2020-01-18,2.188549280166626
2020-01-19,22.002662658691406
2020-01-20,5.885632038116455
2020-01-21,8.245080947875977
2020-01-22,13.941903114318848
2020-01-23,0.22969715297222137
2020-01-24,0.399886816740036
2020-01-25,0.23132950067520142
2020-01-26,0.2994895875453949
2020-01-27,0.8198586702346802
2020-01-28,2.457587957382202
2020-01-29,1.1002750396728516
2020-01-30,16.095855712890625
2020-01-31,12.801605224609375
2020-02-01,3.795552968978882
2020-02-02,3.858057975769043
2020-02-03,4.864108085632324
2020-02-04,4.748046398162842
2020-02-05,9.666443824768066
2020-02-06,6.724924087524414
2020-02-07,18.067838668823242
2020-02-08,7.802156925201416
2020-02-09,7.638532638549805
2020-02-10,2.5012669563293457
2020-02-11,9.016192436218262
2020-02-12,4.180469512939453
2020-02-13,3.458296060562134
2020-02-14,0.4044891595840454
2020-02-15,1.102620244026184
2020-02-16,0.5338013172149658
2020-02-17,5.451999187469482
2020-02-18,2.232887029647827
2020-02-19,24.05864143371582
2020-02-20,16.06566619873047
2020-02-21,9.554513931274414
2020-02-22,8.77428913116455
2020-02-23,6.800520896911621
2020-02-24,1.2544480562210083
2020-02-25,8.346026420593262
2020-02-26,13.095327377319336
2020-02-27,3.0770795345306396
2020-02-28,1.3930538892745972
2020-02-29,0.7259854674339294
2020-03-01,0.4811779260635376
2020-03-02,0.013938096351921558
2020-03-03,1.5530071258544922
2020-03-04,0.39969390630722046
2020-03-05,0.8226668238639832
2020-03-06,5.603970527648926
2020-03-07,0.17549222707748413
2020-03-08,1.0036957263946533
2020-03-09,1.2853642702102661
2020-03-10,1.1818677186965942
2020-03-11,0.34770309925079346
2020-03-12,0.1845024675130844
2020-03-13,0.13659192621707916
2020-03-14,0.06780367344617844
2020-03-15,0.48885372281074524
2020-03-16,3.767953634262085
2020-03-17,0.5107687711715698
2020-03-18,0.24060454964637756
2020-03-19,6.300639629364014
2020-03-20,12.952510833740234
2020-03-21,0.0
2020-03-22,0.0
2020-03-23,0.0
2020-03-24,0.0
2020-03-25,0.0
2020-03-26,22.869905471801758
2020-03-27,12.133064270019531
2020-03-28,14.941777229309082
2020-03-29,0.0
2020-03-30,5.453818321228027
2020-03-31,0.9566922187805176
2020-04-01,1.5524929761886597
2020-04-02,0.37411409616470337
2020-04-03,0.5140434503555298
2020-04-04,1.0864416360855103
2020-04-05,3.7754764556884766
2020-04-06,2.143444776535034
2020-04-07,14.155023574829102
2020-04-08,1.6961795091629028
2020-04-09,0.0
2020-04-10,0.5083943009376526
2020-04-11,0.0
2020-04-12,0.0
2020-04-13,0.0
2020-04-14,0.0
2020-04-15,0.0
2020-04-16,0.0
2020-04-17,0.0
2020-04-18,0.0
2020-04-19,0.0
2020-04-20,0.0
2020-04-21,0.0
2020-04-22,0.0
2020-04-23,0.0
2020-04-24,0.0
2020-04-25,0.0
2020-04-26,0.6325770020484924
2020-04-27,0.7256900072097778
2020-04-28,0.09889054298400879
2020-04-29,0.11004260927438736
2020-04-30,0.0
2020-05-01,1.390348196029663
2020-05-02,0.05335715413093567
2020-05-03,2.581655263900757
2020-05-04,6.111769676208496
2020-05-05,0.42196977138519287
2020-05-06,0.055087585002183914
2020-05-07,2.157914400100708
2020-05-08,2.446268320083618
2020-05-09,0.0
2020-05-10,1.8777899742126465
2020-05-11,0.0
2020-05-12,0.09140713512897491
2020-05-13,0.0
2020-05-14,0.04258253797888756
2020-05-15,0.04707745090126991
2020-05-16,0.2970217168331146
2020-05-17,0.24286644160747528
2020-05-18,0.2963785231113434
2020-05-19,0.05443155765533447
2020-05-20,0.04687885567545891
2020-05-21,0.0
2020-05-22,0.34803175926208496
2020-05-23,0.0
2020-05-24,0.03379618749022484
2020-05-25,0.0
2020-05-26,0.0
2020-05-27,0.0
2020-05-28,0.0
2020-05-29,0.0
2020-05-30,0.0
2020-05-31,0.0
2020-06-01,0.0
2020-06-02,0.0
2020-06-03,0.0
2020-06-04,0.0
2020-06-05,0.0
2020-06-06,5.668907642364502
2020-06-07,0.42696258425712585
2020-06-08,0.0
2020-06-09,0.0
2020-06-10,0.0
2020-06-11,0.0
2020-06-12,0.0
2020-06-13,0.0
2020-06-14,0.0
2020-06-15,0.0
2020-06-16,0.2819038927555084
2020-06-17,0.046983979642391205
2020-06-18,0.046983979642391205
2020-06-19,0.046983979642391205
2020-06-20,0.046983979642391205
2020-06-21,0.0
2020-06-22,0.0
2020-06-23,0.0
2020-06-24,0.0
2020-06-25,0.0
2020-06-26,0.0
2020-06-27,0.0
2020-06-28,0.0
2020-06-29,0.0
2020-06-30,0.0
2020-07-01,0.0
2020-07-02,0.0
2020-07-03,0.0
2020-07-04,0.0
2020-07-05,0.0
2020-07-06,0.053418099880218506
2020-07-07,0.004871819168329239
2020-07-08,0.0
2020-07-09,0.03737490251660347
2020-07-10,0.03188827261328697
2020-07-11,0.0
2020-07-12,0.0
2020-07-13,0.0
2020-07-14,0.0
2020-07-15,0.0
2020-07-16,0.023252082988619804
2020-07-17,0.023252082988619804
2020-07-18,0.13951249420642853
2020-07-19,0.023252082988619804
2020-07-20,0.023252082988619804
2020-07-21,0.0
2020-07-22,0.0
2020-07-23,0.0
2020-07-24,0.0
2020-07-25,0.0
2020-07-26,0.0
2020-07-27,0.0
2020-07-28,0.0
2020-07-29,0.0
2020-07-30,0.0
2020-07-31,0.0
2020-08-01,0.0
2020-08-02,0.0
2020-08-03,0.0
2020-08-04,0.0
2020-08-05,0.0
2020-08-06,0.0
2020-08-07,0.0
2020-08-08,0.0
2020-08-09,0.0
2020-08-10,0.0
2020-08-11,0.0
2020-08-12,0.0
2020-08-13,0.0
2020-08-14,0.0
2020-08-15,0.0
2020-08-16,0.03877470642328262
2020-08-17,0.0018736780621111393
2020-08-18,0.1802617311477661
2020-08-19,0.019309556111693382
2020-08-20,0.09704235941171646
2020-08-21,0.3651050627231598
2020-08-22,0.0
2020-08-23,0.11314921826124191
2020-08-24,0.0
2020-08-25,0.0
2020-08-26,0.08450506627559662
2020-08-27,0.29901790618896484
2020-08-28,0.4454072415828705
2020-08-29,0.0
2020-08-30,2.249439239501953
2020-08-31,1.9599319696426392
2020-09-01,0.5234435796737671
2020-09-02,0.9888318181037903
2020-09-03,0.34607288241386414
2020-09-04,0.5698678493499756
2020-09-05,0.6140057444572449
2020-09-06,2.742269992828369
2020-09-07,9.647059440612793
2020-09-08,2.55487060546875
2020-09-09,0.363398015499115
2020-09-10,0.3489505648612976
2020-09-11,0.07762666791677475
2020-09-12,0.01564035564661026
2020-09-13,0.04689352214336395
2020-09-14,0.26001396775245667
2020-09-15,0.21371494233608246
2020-09-16,1.1808371543884277
2020-09-17,0.45876893401145935
2020-09-18,8.46159553527832
2020-09-19,1.442260980606079
2020-09-20,0.02279573306441307
2020-09-21,0.0
2020-09-22,0.0
2020-09-23,0.0
2020-09-24,0.0
2020-09-25,0.0
2020-09-26,0.0
2020-09-27,0.6693859696388245
2020-09-28,0.5845164656639099
2020-09-29,2.11392879486084
2020-09-30,1.1041020154953003
2020-10-01,0.1630534827709198
2020-10-02,0.3079637885093689
2020-10-03,1.2143815755844116
2020-10-04,0.6466159224510193
2020-10-05,0.3709765076637268
2020-10-06,0.16200873255729675
2020-10-07,0.0033063008449971676
2020-10-08,0.3008593022823334
2020-10-09,0.008265752345323563
2020-10-10,5.698423862457275
2020-10-11,5.037208080291748
2020-10-12,1.0551546812057495
2020-10-13,0.6050137877464294
2020-10-14,8.809556007385254
2020-10-15,4.1145100593566895
2020-10-16,1.168857455253601
2020-10-17,3.019501209259033
2020-10-18,5.022622108459473
2020-10-19,1.404815912246704
2020-10-20,4.931167125701904
2020-10-21,2.751898765563965
2020-10-22,0.26519009470939636
2020-10-23,0.17287170886993408
2020-10-24,0.0
2020-10-25,5.036422252655029
2020-10-26,0.0
2020-10-27,0.0
2020-10-28,0.0
2020-10-29,0.0
2020-10-30,0.0
2020-10-31,0.0
2020-11-01,0.0
2020-11-02,0.4031160771846771
2020-11-03,0.0
2020-11-04,0.0
2020-11-05,0.28095969557762146
2020-11-06,1.2237337827682495
2020-11-07,0.02653583697974682
2020-11-08,0.0
2020-11-09,0.2699275314807892
2020-11-10,0.25278976559638977
2020-11-11,0.0
2020-11-12,0.0
2020-11-13,0.0
2020-11-14,0.0
2020-11-15,0.0
2020-11-16,0.0
2020-11-17,0.0
2020-11-18,0.0
2020-11-19,0.0
2020-11-20,0.0
2020-11-21,0.0
2020-11-22,0.08291914314031601
2020-11-23,0.2723718285560608
2020-11-24,0.5362427830696106
2020-11-25,0.34788909554481506
2020-11-26,0.4837169349193573
2020-11-27,0.4767732620239258
2020-11-28,0.0
2020-11-29,0.5354846119880676
2020-11-30,6.300284385681152
2020-12-01,0.6296348571777344
2020-12-02,0.1858242303133011
2020-12-03,0.08507397770881653
2020-12-04,3.089932680130005
2020-12-05,2.63608455657959
2020-12-06,0.5663665533065796
2020-12-07,0.41196689009666443
2020-12-08,0.4310174882411957
2020-12-09,8.485478401184082
2020-12-10,0.005500182509422302
2020-12-11,3.373037099838257
2020-12-12,2.3188741207122803
2020-12-13,2.0468909740448
2020-12-14,0.9594760537147522
2020-12-15,0.34279167652130127
2020-12-16,1.1127128601074219
2020-12-17,0.8599092960357666
2020-12-18,1.5573471784591675
2020-12-19,0.5531613230705261
2020-12-20,5.47378396987915
2020-12-21,0.6713523864746094
2020-12-22,0.5460087060928345
2020-12-23,0.8231055736541748
2020-12-24,1.3660664558410645
2020-12-25,1.2876330614089966
2020-12-26,2.4314658641815186
2020-12-27,0.9358154535293579
2020-12-28,55.355220794677734
2020-12-29,1.7855466604232788
2020-12-30,1.1934659481048584
2020-12-31,5.193139553070068
2021-01-01,3.915287971496582
2021-01-02,0.6107202172279358
2021-01-03,5.631923675537109
2021-01-04,3.8298065662384033
2021-01-05,3.604060411453247
2021-01-06,6.733485221862793
2021-01-07,0.47792693972587585
2021-01-08,7.953187942504883
2021-01-09,2.487511157989502
2021-01-10,0.5624212026596069
2021-01-11,3.133096933364868
2021-01-12,12.484222412109375
2021-01-13,41.017234802246094
2021-01-14,1.7479169368743896
2021-01-15,8.915359497070312
2021-01-16,6.433994293212891
2021-01-17,33.185550689697266
2021-01-18,15.078603744506836
2021-01-19,1.7398699522018433
2021-01-20,0.0
2021-01-21,1.0248737335205078
2021-01-22,0.9081621766090393
2021-01-23,1.5098350048065186
2021-01-24,0.844468355178833
2021-01-25,4.7611212730407715
2021-01-26,4.184077262878418
2021-01-27,0.4327200949192047
2021-01-28,5.142794132232666
2021-01-29,1.5934854745864868
2021-01-30,0.28237009048461914
2021-01-31,0.614971399307251
2021-02-01,3.1766295433044434
2021-02-02,2.3305628299713135
2021-02-03,16.194421768188477
2021-02-04,10.421183586120605
2021-02-05,0.9727064967155457
2021-02-06,0.17063722014427185
2021-02-07,0.7243238091468811
2021-02-08,0.6592584252357483
2021-02-09,2.411579132080078
2021-02-10,4.060224533081055
2021-02-11,1.5855915546417236
2021-02-12,0.28351742029190063
2021-02-13,3.636563539505005
2021-02-14,3.984647750854492
2021-02-15,7.611383438110352
2021-02-16,7.658268451690674
2021-02-17,4.539731502532959
2021-02-18,0.9862267971038818
2021-02-19,4.847000598907471
2021-02-20,2.0011098384857178
2021-02-21,2.914855480194092
2021-02-22,0.21082209050655365
2021-02-23,1.0160027742385864
2021-02-24,1.9249271154403687
2021-02-25,0.7383646368980408
2021-02-26,5.574265480041504
2021-02-27,3.9695651531219482
2021-02-28,1.0477821826934814
2021-03-01,0.881842851638794
2021-03-02,0.2470051497220993
2021-03-03,0.07016165554523468
2021-03-04,3.099161148071289
2021-03-05,1.1343929767608643
2021-03-06,0.0
2021-03-07,0.0
2021-03-08,0.0
2021-03-09,0.0
2021-03-10,0.0
2021-03-11,3.676622152328491
2021-03-12,0.8055781722068787
2021-03-13,0.45401954650878906
2021-03-14,4.0550055503845215
2021-03-15,2.42146372795105
2021-03-16,4.70682954788208
2021-03-17,2.0282437801361084
2021-03-18,12.276079177856445
2021-03-19,0.4381111264228821
2021-03-20,0.6218994855880737
2021-03-21,2.733691453933716
2021-03-22,7.450232982635498
2021-03-23,2.5802390575408936
2021-03-24,2.804769992828369
2021-03-25,3.6635310649871826
2021-03-26,1.5603545904159546
2021-03-27,1.8309326171875
2021-03-28,1.6615569591522217
2021-03-29,0.047947224229574203
2021-03-30,1.3491880893707275
2021-03-31,2.5380232334136963
2021-04-01,6.040396690368652
2021-04-02,0.5134672522544861
2021-04-03,0.3591914474964142
2021-04-04,0.7913377285003662
2021-04-05,0.7502624988555908
2021-04-06,0.274265319108963
2021-04-07,0.21144215762615204
2021-04-08,0.09316049516201019
2021-04-09,2.8020331859588623
2021-04-10,6.457958698272705
2021-04-11,0.10096342116594315
2021-04-12,2.884474754333496
2021-04-13,0.15048551559448242
2021-04-14,4.15245246887207
2021-04-15,0.19888260960578918
2021-04-16,0.0
2021-04-17,0.0
2021-04-18,0.0
2021-04-19,0.0
2021-04-20,0.0
2021-04-21,1.172123670578003
2021-04-22,1.751046061515808
2021-04-23,0.4332701563835144
2021-04-24,0.7423763871192932
2021-04-25,0.29404473304748535
2021-04-26,0.0
2021-04-27,0.44682082533836365
2021-04-28,1.104383945465088
2021-04-29,0.31417593359947205
2021-04-30,0.10420051217079163
2021-05-01,0.0
2021-05-02,0.0
2021-05-03,0.0
2021-05-04,0.0
2021-05-05,0.0
2021-05-06,0.4283520579338074
2021-05-07,0.7804995179176331
2021-05-08,0.49409928917884827
2021-05-09,0.15000207722187042
2021-05-10,0.4411289393901825
2021-05-11,0.3918820023536682
2021-05-12,0.0
2021-05-13,0.29249250888824463
2021-05-14,0.02141384407877922
2021-05-15,1.8659372329711914
2021-05-16,0.0
2021-05-17,1.1201460361480713
2021-05-18,0.19717086851596832
2021-05-19,0.0
2021-05-20,0.8888407945632935
2021-05-21,0.1071082204580307
2021-05-22,0.0
2021-05-23,3.246673822402954
2021-05-24,6.455612659454346
2021-05-25,5.210237503051758
2021-05-26,0.5806231498718262
2021-05-27,0.11303862184286118
2021-05-28,0.05658936873078346
2021-05-29,0.5003820657730103
2021-05-30,0.11015665531158447
2021-05-31,0.06693585962057114
2021-06-01,0.18297912180423737
2021-06-02,0.6049937605857849
2021-06-03,2.193718910217285
2021-06-04,4.2065534591674805
2021-06-05,9.791626930236816
2021-06-06,1.0689949989318848
2021-06-07,0.307079941034317
2021-06-08,0.46163344383239746
2021-06-09,0.0
2021-06-10,0.1944139301776886
2021-06-11,4.427239894866943
2021-06-12,0.0
2021-06-13,0.0
2021-06-14,0.5207553505897522
2021-06-15,0.2006046175956726
2021-06-16,0.0957222655415535
2021-06-17,0.07584976404905319
2021-06-18,0.044532567262649536
2021-06-19,0.10059494525194168
2021-06-20,0.035188838839530945
2021-06-21,0.0
2021-06-22,0.0
2021-06-23,0.0
2021-06-24,0.0
2021-06-25,0.0
2021-06-26,0.06414604932069778
2021-06-27,0.16665387153625488
2021-06-28,0.17633436620235443
2021-06-29,0.022618573158979416
2021-06-30,0.022618573158979416
2021-07-01,0.0
2021-07-02,0.0
2021-07-03,0.0
2021-07-04,0.0
2021-07-05,0.0
2021-07-06,0.0
2021-07-07,0.0
2021-07-08,0.0
2021-07-09,0.0
2021-07-10,0.0
2021-07-11,0.0
2021-07-12,0.0
2021-07-13,0.0
2021-07-14,0.0
2021-07-15,0.0
2021-07-16,0.0
2021-07-17,0.0
2021-07-18,0.0
2021-07-19,0.0
2021-07-20,0.0
2021-07-21,0.0
2021-07-22,0.0
2021-07-23,0.0
2021-07-24,0.0
2021-07-25,0.0
2021-07-26,0.0
2021-07-27,0.0
2021-07-28,0.0
2021-07-29,0.0
2021-07-30,0.0
2021-07-31,0.0
2021-08-01,0.14462731778621674
2021-08-02,0.08646716922521591
2021-08-03,1.8988560438156128
2021-08-04,2.710838794708252
2021-08-05,0.0
2021-08-06,0.0
2021-08-07,0.0
2021-08-08,0.0
2021-08-09,0.0
2021-08-10,0.0
2021-08-11,0.0
2021-08-12,0.0
2021-08-13,0.0
2021-08-14,0.0
2021-08-15,0.0
2021-08-16,0.0
2021-08-17,0.0
2021-08-18,0.0
2021-08-19,0.0970500260591507
2021-08-20,1.5025761127471924
2021-08-21,0.37617549300193787
2021-08-22,0.08439662307500839
2021-08-23,0.09434746205806732
2021-08-24,0.20464998483657837
2021-08-25,0.08439662307500839
2021-08-26,0.645056962966919
2021-08-27,1.8765009641647339
2021-08-28,1.460583209991455
2021-08-29,2.095715045928955
2021-08-30,0.0
2021-08-31,0.3559659421443939
2021-09-01,0.0
2021-09-02,0.7081678509712219
2021-09-03,0.11362788826227188
2021-09-04,2.3333685398101807
2021-09-05,0.14696165919303894
2021-09-06,0.5987708568572998
2021-09-07,1.4213049411773682
2021-09-08,0.3021973669528961
2021-09-09,1.1423002481460571
2021-09-10,0.22016358375549316
2021-09-11,0.0
2021-09-12,0.0
2021-09-13,0.0
2021-09-14,0.4748702347278595
2021-09-15,12.027570724487305
2021-09-16,0.046795718371868134
2021-09-17,0.0
2021-09-18,0.0
2021-09-19,0.03432975336909294
2021-09-20,0.06913187354803085
2021-09-21,0.87278151512146
2021-09-22,4.61093282699585
2021-09-23,3.5282816886901855
2021-09-24,2.0838608741760254
2021-09-25,0.01756301149725914
2021-09-26,0.0
2021-09-27,0.0
2021-09-28,0.0
2021-09-29,0.0
2021-09-30,0.0
2021-10-01,0.0
2021-10-02,0.0
2021-10-03,0.0
2021-10-04,0.0
2021-10-05,0.0
2021-10-06,3.3686320781707764
2021-10-07,1.1874746084213257
2021-10-08,4.562011241912842
2021-10-09,0.29327714443206787
2021-10-10,0.06196463853120804
2021-10-11,7.154306888580322
2021-10-12,0.3883126378059387
2021-10-13,0.11985814571380615
2021-10-14,2.8027093410491943
2021-10-15,0.0627722218632698
2021-10-16,0.6811817288398743
2021-10-17,0.04870551824569702
2021-10-18,0.13057947158813477
2021-10-19,0.05539735034108162
2021-10-20,0.1556573510169983
2021-10-21,0.01263202354311943
2021-10-22,0.012454709969460964
2021-10-23,0.015689073130488396
2021-10-24,0.367116779088974
2021-10-25,0.3112945258617401
2021-10-26,0.01480178628116846
2021-10-27,0.7728155851364136
2021-10-28,0.017969811335206032
2021-10-29,0.09032020717859268
2021-10-30,2.0801100730895996
2021-10-31,1.5958961248397827
2021-11-01,4.75065279006958
2021-11-02,8.836410522460938
2021-11-03,3.73632550239563
2021-11-04,1.3059980869293213
2021-11-05,1.4444323778152466
2021-11-06,6.953552722930908
2021-11-07,0.6080325245857239
2021-11-08,0.22728338837623596
2021-11-09,1.1948068141937256
2021-11-10,0.09308647364377975
2021-11-11,2.405240774154663
2021-11-12,4.723666191101074
2021-11-13,0.7317172884941101
2021-11-14,0.06965013593435287
2021-11-15,17.483951568603516
2021-11-16,1.1019753217697144
2021-11-17,1.4148716926574707
2021-11-18,0.3438032865524292
2021-11-19,0.13237635791301727
2021-11-20,1.9127037525177002
2021-11-21,1.3066623210906982
2021-11-22,0.03720507025718689
2021-11-23,0.4607629179954529
2021-11-24,13.306658744812012
2021-11-25,0.8533101081848145
2021-11-26,35.73701095581055
2021-11-27,0.196592316031456
2021-11-28,0.6693426966667175
2021-11-29,7.86471700668335
2021-11-30,0.171122208237648
2021-12-01,0.3261321485042572
2021-12-02,7.391170501708984
2021-12-03,10.585373878479004
2021-12-04,2.592385768890381
2021-12-05,12.31167221069336
2021-12-06,3.479003429412842
2021-12-07,0.8174232840538025
2021-12-08,20.31153678894043
2021-12-09,13.219070434570312
2021-12-10,0.43279996514320374
2021-12-11,1.3360804319381714
2021-12-12,0.2848314344882965
2021-12-13,0.349071741104126
2021-12-14,7.822668075561523
2021-12-15,8.396089553833008
2021-12-16,25.078208923339844
2021-12-17,6.7804484367370605
2021-12-18,2.397317409515381
2021-12-19,10.530315399169922
2021-12-20,19.664348602294922
2021-12-21,20.518068313598633
2021-12-22,3.4471898078918457
2021-12-23,2.9410669803619385
2021-12-24,3.333061695098877
2021-12-25,18.574268341064453
2021-12-26,1.4348506927490234
2021-12-27,0.04390716552734375
2021-12-28,0.11052834987640381
2021-12-29,0.47798866033554077
2021-12-30,0.03614959493279457
2021-12-31,0.4951365888118744
2022-01-01,0.9520244002342224
2022-01-02,0.126827672123909
2022-01-03,11.912805557250977
2022-01-04,1.4548587799072266
2022-01-05,13.410691261291504
2022-01-06,1.9297226667404175
2022-01-07,2.326352596282959
2022-01-08,8.655843734741211
2022-01-09,6.9931745529174805
2022-01-10,12.476204872131348
2022-01-11,1.6471737623214722
2022-01-12,0.6643503308296204
2022-01-13,0.3869180977344513
2022-01-14,0.2962482273578644
2022-01-15,0.10051842778921127
2022-01-16,3.321575403213501
2022-01-17,21.354555130004883
2022-01-18,4.285404682159424
2022-01-19,2.791168689727783
2022-01-20,6.930538177490234
2022-01-21,1.3247597217559814
2022-01-22,0.7808375358581543
2022-01-23,30.046390533447266
2022-01-24,2.8823795318603516
2022-01-25,1.5832188129425049
2022-01-26,0.5251302123069763
2022-01-27,9.30044174194336
2022-01-28,3.6152806282043457
2022-01-29,3.966616153717041
2022-01-30,5.257911205291748
2022-01-31,13.371912956237793
2022-02-01,0.5572912096977234
2022-02-02,1.538838267326355
2022-02-03,7.785524845123291
2022-02-04,10.647493362426758
2022-02-05,16.237285614013672
2022-02-06,18.662029266357422
2022-02-07,1.1110343933105469
2022-02-08,0.29918336868286133
2022-02-09,0.37688881158828735
2022-02-10,0.1614096462726593
2022-02-11,23.47895050048828
2022-02-12,7.526286602020264
2022-02-13,1.5308257341384888
2022-02-14,0.7444688081741333
2022-02-15,2.1994714736938477
2022-02-16,2.194032669067383
2022-02-17,1.967124342918396
2022-02-18,4.770843505859375
2022-02-19,17.395519256591797
2022-02-20,6.326766490936279
2022-02-21,5.654034614562988
2022-02-22,1.8651926517486572
2022-02-23,3.7363357543945312
2022-02-24,1.5030887126922607
2022-02-25,15.396245956420898
2022-02-26,6.248776912689209
2022-02-27,1.1993745565414429
2022-02-28,6.607607841491699
2022-03-01,28.251066207885742
2022-03-02,3.0612082481384277
2022-03-03,17.40509605407715
2022-03-04,1.364898920059204
2022-03-05,0.16627295315265656
2022-03-06,0.8944708108901978
2022-03-07,0.5819905400276184
2022-03-08,1.7111971378326416
2022-03-09,1.711672067642212
2022-03-10,5.610701560974121
2022-03-11,1.0603127479553223
2022-03-12,3.6926352977752686
2022-03-13,0.8759169578552246
2022-03-14,2.619830846786499
2022-03-15,3.639984369277954
2022-03-16,2.083364486694336
2022-03-17,1.183601975440979
2022-03-18,1.896927833557129
2022-03-19,16.979219436645508
2022-03-20,2.4247372150421143
2022-03-21,2.9554026126861572
2022-03-22,0.465480774641037
2022-03-23,0.0
2022-03-24,1.3361867666244507
2022-03-25,2.806972026824951
2022-03-26,5.612900733947754
2022-03-27,4.008809566497803
2022-03-28,1.1581000089645386
2022-03-29,0.0
2022-03-30,3.6251227855682373
2022-03-31,11.428321838378906
2022-04-01,0.010816634632647038
2022-04-02,0.02855205349624157
2022-04-03,0.11785655468702316
2022-04-04,0.03443372622132301
2022-04-05,0.06272590905427933
2022-04-06,0.09460221230983734
2022-04-07,0.17252026498317719
2022-04-08,0.13218843936920166
2022-04-09,0.05832355469465256
2022-04-10,0.06363560259342194
2022-04-11,0.0
2022-04-12,0.0
2022-04-13,0.0
2022-04-14,0.0
2022-04-15,0.0
2022-04-16,0.0
2022-04-17,0.0
2022-04-18,0.0
2022-04-19,0.0
2022-04-20,0.0
2022-04-21,0.0
2022-04-22,0.0
2022-04-23,0.0
2022-04-24,0.0
2022-04-25,0.0
2022-04-26,0.38009709119796753
2022-04-27,0.0
2022-04-28,0.820457398891449
2022-04-29,8.685136795043945
2022-04-30,0.12353156507015228
2022-05-01,0.0
2022-05-02,0.0
2022-05-03,0.0
2022-05-04,0.0
2022-05-05,0.0
2022-05-06,0.0
2022-05-07,0.0
2022-05-08,0.0
2022-05-09,0.0
2022-05-10,0.0
2022-05-11,0.11345671862363815
2022-05-12,0.008371591567993164
2022-05-13,0.019403915852308273
2022-05-14,0.016158735379576683
2022-05-15,0.0
2022-05-16,0.12006226927042007
2022-05-17,0.12006226927042007
2022-05-18,0.12006226927042007
2022-05-19,1.3675843477249146
2022-05-20,0.6734743118286133
2022-05-21,0.11608143895864487
2022-05-22,0.033166125416755676
2022-05-23,0.033166125416755676
2022-05-24,0.033166125416755676
2022-05-25,0.11608144640922546
2022-05-26,0.0
2022-05-27,0.0
2022-05-28,0.0
2022-05-29,0.0
2022-05-30,0.0
2022-05-31,0.0
2022-06-01,3.323463201522827
2022-06-02,0.0
2022-06-03,3.6625454425811768
2022-06-04,0.0
2022-06-05,3.6844849586486816
2022-06-06,0.43845969438552856
2022-06-07,0.038922253996133804
2022-06-08,0.04228578135371208
2022-06-09,0.0
2022-06-10,1.1860136985778809
2022-06-11,0.0
2022-06-12,0.0
2022-06-13,0.0
2022-06-14,0.0
2022-06-15,0.0
2022-06-16,0.029450470581650734
2022-06-17,0.029450470581650734
2022-06-18,0.029450470581650734
2022-06-19,0.07123236358165741
2022-06-20,0.13492092490196228
2022-06-21,0.0
2022-06-22,0.0
2022-06-23,0.0
2022-06-24,0.0
2022-06-25,0.0
2022-06-26,0.0
2022-06-27,0.0
2022-06-28,0.0
2022-06-29,0.0
2022-06-30,0.0
2022-07-01,0.0
2022-07-02,0.0
2022-07-03,0.0
2022-07-04,0.0
2022-07-05,0.0
2022-07-06,0.0
2022-07-07,0.0
2022-07-08,0.0
2022-07-09,0.0
2022-07-10,0.0
2022-07-11,0.0
2022-07-12,0.3763080835342407
2022-07-13,0.0
2022-07-14,0.8785256743431091
2022-07-15,0.49226585030555725
2022-07-16,0.0
2022-07-17,0.0
2022-07-18,0.0
2022-07-19,0.0
2022-07-20,0.0
2022-07-21,0.0
2022-07-22,0.0
2022-07-23,0.0
2022-07-24,0.0
2022-07-25,0.0
2022-07-26,0.0
2022-07-27,0.0
2022-07-28,0.0
2022-07-29,0.0
2022-07-30,0.0
2022-07-31,0.0
2022-08-01,0.0
2022-08-02,0.0
2022-08-03,0.0
2022-08-04,0.0
2022-08-05,0.0
2022-08-06,0.0
2022-08-07,0.0
2022-08-08,0.0
2022-08-09,0.0
2022-08-10,0.0
2022-08-11,0.0
2022-08-12,0.0
2022-08-13,0.0
2022-08-14,0.0
2022-08-15,0.0
2022-08-16,0.0
2022-08-17,0.10081878304481506
2022-08-18,0.0
2022-08-19,0.3772358298301697
2022-08-20,0.0
2022-08-21,0.08760007470846176
2022-08-22,0.14301560819149017
2022-08-23,0.14180564880371094
2022-08-24,0.32249918580055237
2022-08-25,0.18108023703098297
2022-08-26,0.020174216479063034
2022-08-27,0.06966409832239151
2022-08-28,0.4611954391002655
2022-08-29,0.27922526001930237
2022-08-30,0.07544669508934021
2022-08-31,0.03869983181357384
2022-09-01,0.08541668206453323
2022-09-02,0.5021346211433411
2022-09-03,0.40423479676246643
2022-09-04,0.49488773941993713
2022-09-05,0.28629952669143677
2022-09-06,0.09045149385929108
2022-09-07,0.09045149385929108
2022-09-08,0.09045149385929108
2022-09-09,0.29712826013565063
2022-09-10,1.2405470609664917
2022-09-11,0.09254526346921921
2022-09-12,1.3072504997253418
2022-09-13,0.12352276593446732
2022-09-14,7.735158443450928
2022-09-15,2.0607011318206787
2022-09-16,0.2686392664909363
2022-09-17,0.0326760932803154
2022-09-18,0.04857753962278366
2022-09-19,0.007387056015431881
2022-09-20,0.0
2022-09-21,0.0
2022-09-22,0.0
2022-09-23,0.0
2022-09-24,0.0
2022-09-25,0.0
2022-09-26,4.656179428100586
2022-09-27,0.0486627034842968
2022-09-28,0.29680800437927246
2022-09-29,0.40458568930625916
2022-09-30,0.22761979699134827
2022-10-01,0.0
2022-10-02,0.0
2022-10-03,0.0
2022-10-04,0.0
2022-10-05,0.0
2022-10-06,0.17548619210720062
2022-10-07,0.315815269947052
2022-10-08,0.0
2022-10-09,0.05920359119772911
2022-10-10,0.0
2022-10-11,0.0
2022-10-12,0.0
2022-10-13,0.0
2022-10-14,0.0
2022-10-15,0.0
2022-10-16,0.0
2022-10-17,0.0
2022-10-18,0.0
2022-10-19,0.0
2022-10-20,0.0
2022-10-21,0.0
2022-10-22,0.0
2022-10-23,0.0
2022-10-24,0.0
2022-10-25,0.0
2022-10-26,0.0
2022-10-27,0.7610042095184326
2022-10-28,0.10247813910245895
2022-10-29,0.024596933275461197
2022-10-30,0.20310567319393158
2022-10-31,0.13537509739398956
2022-11-01,0.0
2022-11-02,0.0
2022-11-03,0.0
2022-11-04,0.0
2022-11-05,0.0
2022-11-06,0.2479063719511032
2022-11-07,0.024331068620085716
2022-11-08,0.017772698774933815
2022-11-09,0.004531159531325102
2022-11-10,0.00017570570344105363
2022-11-11,0.0
2022-11-12,0.0
2022-11-13,0.0
2022-11-14,0.0
2022-11-15,0.0
2022-11-16,0.039145328104496
2022-11-17,0.0
2022-11-18,0.015880202874541283
2022-11-19,0.9963926672935486
2022-11-20,0.11513222008943558
2022-11-21,6.755804061889648
2022-11-22,4.320431709289551
2022-11-23,0.757855236530304
2022-11-24,0.3788560628890991
2022-11-25,0.06339407712221146
2022-11-26,0.0
2022-11-27,0.0
2022-11-28,0.0
2022-11-29,0.0
2022-11-30,0.0
2022-12-01,0.0
2022-12-02,0.0
2022-12-03,0.0
2022-12-04,0.0
2022-12-05,0.0
2022-12-06,3.4204046726226807
2022-12-07,18.692760467529297
2022-12-08,3.7647690773010254
2022-12-09,1.360900640487671
2022-12-10,1.1607252359390259
2022-12-11,17.86033821105957
2022-12-12,0.996955394744873
2022-12-13,0.5729883313179016
2022-12-14,0.7814226746559143
2022-12-15,0.27299800515174866
2022-12-16,1.9711023569107056
2022-12-17,3.949493885040283
2022-12-18,1.9380635023117065
2022-12-19,5.404813289642334
2022-12-20,0.44299551844596863
2022-12-21,1.0382192134857178
2022-12-22,0.5526027679443359
2022-12-23,5.0185770988464355
2022-12-24,0.0
2022-12-25,0.6285977363586426
2022-12-26,0.03677807003259659
2022-12-27,0.9424799680709839
2022-12-28,14.89320182800293
2022-12-29,0.9513504505157471
2022-12-30,0.516390323638916
2022-12-31,2.1276588439941406
2023-01-01,4.978261470794678
2023-01-02,9.387864112854004
2023-01-03,2.6943142414093018
2023-01-04,26.916772842407227
2023-01-05,0.7795170545578003
2023-01-06,0.18843306601047516
2023-01-07,0.20790107548236847
2023-01-08,0.13443002104759216
2023-01-09,2.1621596813201904
2023-01-10,0.1445479542016983
2023-01-11,19.837482452392578
2023-01-12,0.06274087727069855
2023-01-13,1.1566749811172485
2023-01-14,0.13644637167453766
2023-01-15,0.011258511804044247
2023-01-16,0.025271769613027573
2023-01-17,0.13790076971054077
2023-01-18,0.16961979866027832
2023-01-19,14.845043182373047
2023-01-20,0.29104170203208923
2023-01-21,0.0
2023-01-22,2.5268638134002686
2023-01-23,5.163715362548828
2023-01-24,9.133390426635742
2023-01-25,10.027944564819336
2023-01-26,5.467588901519775
2023-01-27,2.366861343383789
2023-01-28,2.698852062225342
2023-01-29,17.550642013549805
2023-01-30,3.262122392654419
2023-01-31,9.316413879394531
2023-02-01,0.7226077318191528
2023-02-02,1.5231984853744507
2023-02-03,6.073223114013672
2023-02-04,7.335960865020752
2023-02-05,2.5690135955810547
2023-02-06,0.851107120513916
2023-02-07,6.7009172439575195
2023-02-08,10.643698692321777
2023-02-09,3.526257276535034
2023-02-10,11.966020584106445
2023-02-11,2.277071952819824
2023-02-12,5.988605976104736
2023-02-13,15.010523796081543
2023-02-14,11.91515827178955
2023-02-15,0.8519180417060852
2023-02-16,6.34507942199707
2023-02-17,5.444463729858398
2023-02-18,10.267757415771484
2023-02-19,0.34598517417907715
2023-02-20,0.9152007699012756
2023-02-21,0.8599634170532227
2023-02-22,1.6091363430023193
2023-02-23,2.3882851600646973
2023-02-24,2.701242685317993
2023-02-25,1.5970500707626343
2023-02-26,5.282571315765381
2023-02-27,0.6689451336860657
2023-02-28,0.047215092927217484
2023-03-01,0.049048181623220444
2023-03-02,8.274044036865234
2023-03-03,0.7971329092979431
2023-03-04,0.7652215957641602
2023-03-05,0.09394194930791855
2023-03-06,0.0013274590019136667
2023-03-07,16.005582809448242
2023-03-08,10.524276733398438
2023-03-09,2.7669975757598877
2023-03-10,0.2191912829875946
2023-03-11,0.10580051690340042
2023-03-12,0.0
2023-03-13,3.5276904106140137
2023-03-14,11.131590843200684
2023-03-15,5.599940776824951
2023-03-16,0.5438944697380066
2023-03-17,0.26370149850845337
2023-03-18,0.2769482433795929
2023-03-19,0.8144258260726929
2023-03-20,2.7664988040924072
2023-03-21,0.5911872982978821
2023-03-22,0.1431696116924286
2023-03-23,3.4745395183563232
2023-03-24,0.9040271639823914
2023-03-25,2.111616611480713
2023-03-26,3.350027084350586
2023-03-27,1.2566155195236206
2023-03-28,0.5292837619781494
2023-03-29,1.4764314889907837
2023-03-30,3.6291658878326416
2023-03-31,0.8836211562156677
2023-04-01,1.2459607124328613
2023-04-02,0.0
2023-04-03,1.2977477312088013
2023-04-04,2.729336977005005
2023-04-05,1.5975396633148193
2023-04-06,0.28276804089546204
2023-04-07,1.323412537574768
2023-04-08,0.42531487345695496
2023-04-09,0.19702470302581787
2023-04-10,0.013995537534356117
2023-04-11,0.0
2023-04-12,0.0
2023-04-13,0.0
2023-04-14,0.0
2023-04-15,0.0
2023-04-16,0.0
2023-04-17,0.0
2023-04-18,0.0
2023-04-19,0.0
2023-04-20,0.0
2023-04-21,0.0
2023-04-22,0.0
2023-04-23,0.0
2023-04-24,0.0
2023-04-25,0.0
2023-04-26,0.0013187730219215155
2023-04-27,0.0013187730219215155
2023-04-28,0.0035167280584573746
2023-04-29,0.0013187730219215155
2023-04-30,0.0013187730219215155
2023-05-01,0.0
2023-05-02,0.15271489322185516
2023-05-03,1.9692875146865845
2023-05-04,0.0
2023-05-05,29.426450729370117
2023-05-06,14.570388793945312
2023-05-07,5.656638145446777
2023-05-08,2.903926134109497
2023-05-09,1.0585213899612427
2023-05-10,2.979764938354492
2023-05-11,0.027795452624559402
2023-05-12,0.031232457607984543
2023-05-13,0.0
2023-05-14,0.008558380417525768
2023-05-15,0.0342114120721817
2023-05-16,0.026359865441918373
2023-05-17,0.055095773190259933
2023-05-18,0.17440564930438995
2023-05-19,0.08637019246816635
2023-05-20,0.1849658340215683
2023-05-21,0.0
2023-05-22,0.0
2023-05-23,0.05545341968536377
2023-05-24,0.14580661058425903
2023-05-25,0.012828776612877846
2023-05-26,1.0243701934814453
2023-05-27,0.7219655513763428
2023-05-28,1.0777283906936646
2023-05-29,0.05724259465932846
2023-05-30,0.0
2023-05-31,0.0
2023-06-01,0.0
2023-06-02,0.0
2023-06-03,0.0
2023-06-04,0.0
2023-06-05,0.0
2023-06-06,0.1804736703634262
2023-06-07,0.06767762452363968
2023-06-08,0.06767762452363968
2023-06-09,0.06767762452363968
2023-06-10,0.06767762452363968
2023-06-11,0.0
2023-06-12,0.0
2023-06-13,0.0
2023-06-14,0.0
2023-06-15,0.0
2023-06-16,0.029453495517373085
2023-06-17,0.029453495517373085
2023-06-18,0.07254748046398163
2023-06-19,0.10308723896741867
2023-06-20,0.05999324098229408
2023-06-21,0.0
2023-06-22,0.0
2023-06-23,0.0
2023-06-24,0.0
2023-06-25,0.0
2023-06-26,0.0
2023-06-27,0.0
2023-06-28,0.0
2023-06-29,0.0
2023-06-30,0.0
2023-07-01,0.0
2023-07-02,0.0
2023-07-03,0.0
2023-07-04,0.0
2023-07-05,0.0
2023-07-06,0.0
2023-07-07,0.0
2023-07-08,0.0
2023-07-09,0.0
2023-07-10,0.0
2023-07-11,0.0
2023-07-12,0.0
2023-07-13,0.0
2023-07-14,0.0
2023-07-15,0.0
2023-07-16,0.0
2023-07-17,0.0
2023-07-18,0.0
2023-07-19,0.0
2023-07-20,0.0
2023-07-21,0.0
2023-07-22,0.0
2023-07-23,0.0
2023-07-24,0.0
2023-07-25,0.0
2023-07-26,0.0
2023-07-27,0.0
2023-07-28,0.0
2023-07-29,0.0
2023-07-30,0.0
2023-07-31,0.0
2023-08-01,0.0
2023-08-02,0.0
2023-08-03,0.0
2023-08-04,0.0
2023-08-05,0.0
2023-08-06,0.0
2023-08-07,0.0
2023-08-08,0.0
2023-08-09,0.0
2023-08-10,0.0
2023-08-11,0.24929410219192505
2023-08-12,2.3774595260620117
2023-08-13,5.2321600914001465
2023-08-14,5.725835800170898
2023-08-15,0.0
2023-08-16,0.07783522456884384
2023-08-17,0.07783522456884384
2023-08-18,0.07783522456884384
2023-08-19,0.20756059885025024
2023-08-20,0.07783522456884384
2023-08-21,0.38034021854400635
2023-08-22,0.1426275670528412
2023-08-23,0.1426275670528412
2023-08-24,0.1426275670528412
2023-08-25,0.1426275670528412
2023-08-26,0.0
2023-08-27,0.0
2023-08-28,0.16658532619476318
2023-08-29,0.0
2023-08-30,0.2676296532154083
2023-08-31,0.5909255743026733
2023-09-01,1.0185214281082153
2023-09-02,0.5403739809989929
2023-09-03,15.510832786560059
2023-09-04,0.6047696471214294
2023-09-05,0.7744865417480469
2023-09-06,0.35428088903427124
2023-09-07,1.2521570920944214
2023-09-08,0.028894692659378052
2023-09-09,0.0
2023-09-10,0.15273907780647278
2023-09-11,0.0
2023-09-12,2.9689207077026367
2023-09-13,0.5318561792373657
2023-09-14,0.004964128136634827
2023-09-15,0.45563334226608276
2023-09-16,0.01010397169739008
2023-09-17,0.0
2023-09-18,0.0
2023-09-19,3.692326545715332
2023-09-20,1.834545612335205
2023-09-21,0.0
2023-09-22,0.0
2023-09-23,0.08903554826974869
2023-09-24,0.3428921401500702
2023-09-25,0.4261472523212433
2023-09-26,0.018913384526968002
2023-09-27,0.18839457631111145
2023-09-28,0.014873991720378399
2023-09-29,0.2750607430934906
2023-09-30,0.16217093169689178
2023-10-01,0.0
2023-10-02,0.0
2023-10-03,0.0
2023-10-04,0.0
2023-10-05,0.0
2023-10-06,0.05457090213894844
2023-10-07,0.5608624219894409
2023-10-08,0.20244044065475464
2023-10-09,0.19329749047756195
2023-10-10,0.08024681359529495
2023-10-11,0.0
2023-10-12,0.0
2023-10-13,0.0
2023-10-14,0.0
2023-10-15,0.0
2023-10-16,0.0
2023-10-17,0.0
2023-10-18,0.0
2023-10-19,0.0
2023-10-20,0.0
2023-10-21,2.0579378604888916
2023-10-22,0.03562581539154053
2023-10-23,0.46249863505363464
2023-10-24,1.304677128791809
2023-10-25,0.13898684084415436
2023-10-26,0.0
2023-10-27,0.0
2023-10-28,0.0
2023-10-29,0.0
2023-10-30,0.0
2023-10-31,0.0
2023-11-01,0.18704728782176971
2023-11-02,0.0
2023-11-03,0.0
2023-11-04,0.8463975191116333
2023-11-05,0.04129663482308388
2023-11-06,0.5518332719802856
2023-11-07,0.32052621245384216
2023-11-08,0.5173972845077515
2023-11-09,1.2031974792480469
2023-11-10,0.6408204436302185
2023-11-11,4.441224098205566
2023-11-12,3.267204761505127
2023-11-13,5.424188613891602
2023-11-14,0.05311084911227226
2023-11-15,0.6572368144989014
2023-11-16,0.029054896906018257
2023-11-17,0.0304616317152977
2023-11-18,0.4037896692752838
2023-11-19,1.5409529209136963
2023-11-20,0.6007352471351624
2023-11-21,5.861627101898193
2023-11-22,1.0767431259155273
2023-11-23,0.4376090466976166
2023-11-24,18.23764991760254
2023-11-25,0.2017044723033905
2023-11-26,0.852921187877655
2023-11-27,1.0032016038894653
2023-11-28,0.26102834939956665
2023-11-29,1.6880111694335938
2023-11-30,1.686097264289856
2023-12-01,1.7089990377426147
2023-12-02,5.165763854980469
2023-12-03,3.808007001876831
2023-12-04,8.113852500915527
2023-12-05,3.8169820308685303
2023-12-06,12.802938461303711
2023-12-07,3.874441385269165
2023-12-08,4.848204612731934
2023-12-09,0.3991802930831909
2023-12-10,6.056633949279785
2023-12-11,17.234439849853516
2023-12-12,1.351881504058838
2023-12-13,4.771565914154053
2023-12-14,1.717885136604309
2023-12-15,9.209092140197754
2023-12-16,1.493765115737915
2023-12-17,13.8917875289917
2023-12-18,6.256441116333008
2023-12-19,6.280787467956543
2023-12-20,5.804555892944336
2023-12-21,0.05147469788789749
2023-12-22,1.0201770067214966
2023-12-23,4.819272041320801
2023-12-24,0.9258810877799988
2023-12-25,1.077524185180664
2023-12-26,25.9932918548584
2023-12-27,0.5532575845718384
2023-12-28,0.05503731966018677
2023-12-29,0.29096949100494385
2023-12-30,16.206012725830078
2023-12-31,6.197839736938477
