date,tp
1998-01-01,0.10702219605445862
1998-01-02,3.4900906085968018
1998-01-03,4.668593406677246
1998-01-04,14.046440124511719
1998-01-05,3.045790195465088
1998-01-06,5.620408058166504
1998-01-07,5.762548446655273
1998-01-08,0.08208151161670685
1998-01-09,4.324265956878662
1998-01-10,5.788272380828857
1998-01-11,5.066249370574951
1998-01-12,0.06134885922074318
1998-01-13,0.020423108711838722
1998-01-14,0.025977782905101776
1998-01-15,6.514827728271484
1998-01-16,0.3505791127681732
1998-01-17,10.138337135314941
1998-01-18,10.378185272216797
1998-01-19,0.0
1998-01-20,0.0
1998-01-21,8.786231994628906
1998-01-22,0.48710277676582336
1998-01-23,0.08850221335887909
1998-01-24,2.2111384868621826
1998-01-25,0.6472030878067017
1998-01-26,0.030188696458935738
1998-01-27,12.503413200378418
1998-01-28,5.066550254821777
1998-01-29,0.0015888786874711514
1998-01-30,1.1886389255523682
1998-01-31,5.036444664001465
1998-02-01,0.0
1998-02-02,0.008177539333701134
1998-02-03,0.0
1998-02-04,1.1836961507797241
1998-02-05,0.3636731207370758
1998-02-06,7.843058109283447
1998-02-07,4.320003986358643
1998-02-08,4.706013202667236
1998-02-09,0.778387188911438
1998-02-10,2.4214065074920654
1998-02-11,0.0
1998-02-12,0.0
1998-02-13,0.0
1998-02-14,0.0
1998-02-15,0.0
1998-02-16,0.0
1998-02-17,0.0
1998-02-18,5.693492412567139
1998-02-19,0.0
1998-02-20,0.13195842504501343
1998-02-21,7.020869731903076
1998-02-22,4.693908214569092
1998-02-23,0.0
1998-02-24,0.0
1998-02-25,0.0
1998-02-26,0.0
1998-02-27,0.0
1998-02-28,0.0
1998-03-01,0.0
1998-03-02,0.0
1998-03-03,0.0
1998-03-04,0.0
1998-03-05,0.0
1998-03-06,0.0002890872419811785
1998-03-07,0.15057314932346344
1998-03-08,6.62462043762207
1998-03-09,0.0997428447008133
1998-03-10,1.2244211435317993
1998-03-11,0.22420889139175415
1998-03-12,1.5875520706176758
1998-03-13,0.039254456758499146
1998-03-14,0.0
1998-03-15,0.0
1998-03-16,0.0
1998-03-17,0.0
1998-03-18,0.0
1998-03-19,0.0
1998-03-20,0.0
1998-03-21,0.0
1998-03-22,0.0
1998-03-23,0.0
1998-03-24,0.0
1998-03-25,18.960575103759766
1998-03-26,0.0
1998-03-27,0.0
1998-03-28,0.0
1998-03-29,0.0
1998-03-30,0.0
1998-03-31,0.0
1998-04-01,0.0
1998-04-02,0.0
1998-04-03,0.0
1998-04-04,0.0
1998-04-05,0.0
1998-04-06,1.1180680990219116
1998-04-07,1.1180680990219116
1998-04-08,1.1180680990219116
1998-04-09,1.1180680990219116
1998-04-10,1.1180680990219116
1998-04-11,0.0
1998-04-12,0.0
1998-04-13,0.0
1998-04-14,0.0
1998-04-15,0.0
1998-04-16,0.0
1998-04-17,0.0
1998-04-18,0.0
1998-04-19,0.0
1998-04-20,0.0
1998-04-21,0.0
1998-04-22,0.0
1998-04-23,0.0
1998-04-24,0.0
1998-04-25,0.0
1998-04-26,0.0
1998-04-27,0.0
1998-04-28,0.0
1998-04-29,0.0
1998-04-30,0.0
1998-05-01,0.0
1998-05-02,0.0
1998-05-03,0.0
1998-05-04,0.0
1998-05-05,0.0
1998-05-06,0.0
1998-05-07,0.0
1998-05-08,0.0
1998-05-09,0.0
1998-05-10,0.0
1998-05-11,0.0
1998-05-12,0.36593276262283325
1998-05-13,0.007978474721312523
1998-05-14,0.0
1998-05-15,0.0
1998-05-16,0.0
1998-05-17,0.0
1998-05-18,0.0
1998-05-19,0.0
1998-05-20,0.0
1998-05-21,0.0
1998-05-22,0.0
1998-05-23,0.0
1998-05-24,0.0
1998-05-25,0.0
1998-05-26,0.0
1998-05-27,0.0
1998-05-28,0.0
1998-05-29,0.0
1998-05-30,0.0
1998-05-31,0.0
1998-06-01,0.0
1998-06-02,0.0
1998-06-03,0.0
1998-06-04,0.0
1998-06-05,0.0
1998-06-06,0.0
1998-06-07,0.0
1998-06-08,0.0
1998-06-09,0.0
1998-06-10,0.0
1998-06-11,0.47432124614715576
1998-06-12,0.0
1998-06-13,0.0
1998-06-14,0.0
1998-06-15,0.0
1998-06-16,0.9681652188301086
1998-06-17,0.16136085987091064
1998-06-18,0.16136085987091064
1998-06-19,0.16136085987091064
1998-06-20,0.16136085987091064
1998-06-21,0.0
1998-06-22,0.0
1998-06-23,0.0
1998-06-24,0.0
1998-06-25,0.0
1998-06-26,0.0
1998-06-27,0.0
1998-06-28,0.0
1998-06-29,0.0
1998-06-30,0.0
1998-07-01,0.0
1998-07-02,0.0
1998-07-03,0.0
1998-07-04,0.0
1998-07-05,0.0
1998-07-06,0.0
1998-07-07,0.0
1998-07-08,0.0
1998-07-09,0.0
1998-07-10,0.0
1998-07-11,0.0
1998-07-12,0.0
1998-07-13,0.0
1998-07-14,0.0
1998-07-15,0.0
1998-07-16,0.0
1998-07-17,0.0
1998-07-18,0.0
1998-07-19,0.0
1998-07-20,0.0
1998-07-21,0.0
1998-07-22,0.0
1998-07-23,0.0
1998-07-24,0.0
1998-07-25,0.0
1998-07-26,0.0
1998-07-27,0.0
1998-07-28,0.0
1998-07-29,0.0
1998-07-30,0.0
1998-07-31,0.0
1998-08-01,0.0
1998-08-02,0.0
1998-08-03,0.0
1998-08-04,0.0
1998-08-05,0.0
1998-08-06,0.0
1998-08-07,0.0
1998-08-08,0.0
1998-08-09,0.0
1998-08-10,0.0
1998-08-11,0.0
1998-08-12,0.0
1998-08-13,0.0
1998-08-14,0.0
1998-08-15,0.0
1998-08-16,0.0
1998-08-17,0.0
1998-08-18,0.0
1998-08-19,0.0
1998-08-20,0.0
1998-08-21,0.0
1998-08-22,0.0
1998-08-23,0.0
1998-08-24,0.0
1998-08-25,0.0
1998-08-26,0.0
1998-08-27,0.0
1998-08-28,0.0
1998-08-29,0.0
1998-08-30,0.0
1998-08-31,0.0
1998-09-01,0.0
1998-09-02,0.0
1998-09-03,0.0
1998-09-04,0.0
1998-09-05,0.0
1998-09-06,0.0
1998-09-07,0.0
1998-09-08,0.0
1998-09-09,0.0
1998-09-10,0.0
1998-09-11,0.0
1998-09-12,0.0
1998-09-13,0.0
1998-09-14,0.0
1998-09-15,0.0
1998-09-16,0.0
1998-09-17,0.0
1998-09-18,0.0
1998-09-19,0.0
1998-09-20,0.0
1998-09-21,0.0
1998-09-22,0.0
1998-09-23,0.0
1998-09-24,0.0
1998-09-25,0.0
1998-09-26,0.0
1998-09-27,0.0
1998-09-28,0.0
1998-09-29,0.0
1998-09-30,0.0
1998-10-01,0.0
1998-10-02,0.0
1998-10-03,0.0
1998-10-04,0.0
1998-10-05,0.0
1998-10-06,0.0
1998-10-07,0.0
1998-10-08,0.0
1998-10-09,0.0
1998-10-10,0.0
1998-10-11,0.0
1998-10-12,2.1445934772491455
1998-10-13,0.0
1998-10-14,0.7395150065422058
1998-10-15,16.639087677001953
1998-10-16,0.0
1998-10-17,0.0
1998-10-18,0.0
1998-10-19,0.0
1998-10-20,0.0
1998-10-21,0.0
1998-10-22,0.0
1998-10-23,0.0
1998-10-24,0.0
1998-10-25,0.0
1998-10-26,0.0
1998-10-27,0.0
1998-10-28,0.0
1998-10-29,0.0
1998-10-30,0.0
1998-10-31,0.0
1998-11-01,3.0652945041656494
1998-11-02,2.2800397872924805
1998-11-03,0.008173294365406036
1998-11-04,0.0
1998-11-05,0.0
1998-11-06,0.0
1998-11-07,0.0
1998-11-08,0.0
1998-11-09,0.0
1998-11-10,0.0
1998-11-11,0.0
1998-11-12,0.0
1998-11-13,0.0
1998-11-14,0.0
1998-11-15,0.0
1998-11-16,0.7270459532737732
1998-11-17,18.002574920654297
1998-11-18,0.0
1998-11-19,0.0
1998-11-20,0.4808337390422821
1998-11-21,0.0
1998-11-22,0.0
1998-11-23,0.0
1998-11-24,0.0
1998-11-25,0.0
1998-11-26,0.0
1998-11-27,0.0
1998-11-28,0.0
1998-11-29,0.0
1998-11-30,0.0
1998-12-01,9.658029556274414
1998-12-02,7.310209274291992
1998-12-03,0.0
1998-12-04,0.0
1998-12-05,0.0
1998-12-06,0.0
1998-12-07,0.0
1998-12-08,0.0
1998-12-09,0.0
1998-12-10,0.0
1998-12-11,0.0
1998-12-12,0.0
1998-12-13,1.6865234375
1998-12-14,7.874202728271484
1998-12-15,4.484210014343262
1998-12-16,0.9632569551467896
1998-12-17,1.9354420900344849
1998-12-18,2.917128562927246
1998-12-19,1.5644770860671997
1998-12-20,2.1088461875915527
1998-12-21,0.44128382205963135
1998-12-22,9.258926391601562
1998-12-23,0.0
1998-12-24,0.0
1998-12-25,0.0
1998-12-26,0.0
1998-12-27,0.0
1998-12-28,0.0
1998-12-29,0.0
1998-12-30,0.0
1998-12-31,0.0
1999-01-01,0.0
1999-01-02,0.0
1999-01-03,0.0
1999-01-04,0.0
1999-01-05,0.0
1999-01-06,0.0
1999-01-07,0.0
1999-01-08,0.0
1999-01-09,0.0
1999-01-10,0.0
1999-01-11,0.0
1999-01-12,0.0
1999-01-13,0.0
1999-01-14,0.0
1999-01-15,0.0
1999-01-16,0.1226564422249794
1999-01-17,0.1226564422249794
1999-01-18,0.1226564422249794
1999-01-19,0.1226564422249794
1999-01-20,0.1226564422249794
1999-01-21,3.456329584121704
1999-01-22,3.2570621967315674
1999-01-23,16.04121208190918
1999-01-24,15.630735397338867
1999-01-25,2.675842761993408
1999-01-26,4.0533647537231445
1999-01-27,2.418626070022583
1999-01-28,10.206099510192871
1999-01-29,4.509353160858154
1999-01-30,22.394277572631836
1999-01-31,0.6186029314994812
1999-02-01,7.845699310302734
1999-02-02,4.354087829589844
1999-02-03,9.421947479248047
1999-02-04,19.104509353637695
1999-02-05,1.0726264715194702
1999-02-06,0.38537901639938354
1999-02-07,14.130494117736816
1999-02-08,0.04064916446805
1999-02-09,0.0
1999-02-10,0.00033859466202557087
1999-02-11,0.0
1999-02-12,0.004876522812992334
1999-02-13,3.774735450744629
1999-02-14,4.379889965057373
1999-02-15,0.3691173791885376
1999-02-16,0.0
1999-02-17,0.0
1999-02-18,0.0
1999-02-19,0.0
1999-02-20,0.0
1999-02-21,0.0
1999-02-22,3.2105343341827393
1999-02-23,11.148223876953125
1999-02-24,1.8384292125701904
1999-02-25,0.006824465934187174
1999-02-26,0.0
1999-02-27,0.0
1999-02-28,0.0
1999-03-01,5.246892929077148
1999-03-02,0.0
1999-03-03,1.0381410121917725
1999-03-04,0.0
1999-03-05,0.0
1999-03-06,5.597222805023193
1999-03-07,2.720473527908325
1999-03-08,37.86811065673828
1999-03-09,1.8629090785980225
1999-03-10,0.16228613257408142
1999-03-11,1.0038163661956787
1999-03-12,0.0
1999-03-13,12.937307357788086
1999-03-14,4.384774684906006
1999-03-15,0.0
1999-03-16,0.25213202834129333
1999-03-17,3.8264427185058594
1999-03-18,0.3923652172088623
1999-03-19,12.235231399536133
1999-03-20,15.884074211120605
1999-03-21,4.775659561157227
1999-03-22,0.18128593266010284
1999-03-23,0.016113795340061188
1999-03-24,0.0
1999-03-25,0.002881024032831192
1999-03-26,27.849149703979492
1999-03-27,2.789586305618286
1999-03-28,2.5430126190185547
1999-03-29,14.699623107910156
1999-03-30,0.0
1999-03-31,0.0
1999-04-01,0.0
1999-04-02,0.26167193055152893
1999-04-03,0.33971932530403137
1999-04-04,3.5838584899902344
1999-04-05,3.6141624450683594
1999-04-06,2.617429256439209
1999-04-07,0.0
1999-04-08,0.0
1999-04-09,0.0
1999-04-10,0.04227859526872635
1999-04-11,0.0
1999-04-12,0.0
1999-04-13,0.0
1999-04-14,0.0
1999-04-15,0.0
1999-04-16,0.0
1999-04-17,0.0
1999-04-18,0.0
1999-04-19,0.0
1999-04-20,0.0
1999-04-21,0.0
1999-04-22,0.0
1999-04-23,0.0
1999-04-24,0.0
1999-04-25,0.0
1999-04-26,0.0
1999-04-27,0.0
1999-04-28,0.0
1999-04-29,0.0
1999-04-30,0.0
1999-05-01,0.0
1999-05-02,0.0
1999-05-03,0.0
1999-05-04,0.0
1999-05-05,0.0
1999-05-06,0.0
1999-05-07,0.0
1999-05-08,0.0
1999-05-09,0.0
1999-05-10,0.0
1999-05-11,0.0
1999-05-12,0.0
1999-05-13,0.0
1999-05-14,0.0
1999-05-15,0.0
1999-05-16,0.0
1999-05-17,0.0
1999-05-18,0.0
1999-05-19,0.0
1999-05-20,0.0
1999-05-21,0.0
1999-05-22,0.0
1999-05-23,0.0
1999-05-24,0.0
1999-05-25,0.0
1999-05-26,0.0
1999-05-27,0.0
1999-05-28,0.0
1999-05-29,0.0
1999-05-30,0.0
1999-05-31,0.0
1999-06-01,0.0
1999-06-02,0.0
1999-06-03,0.0
1999-06-04,0.0
1999-06-05,0.0
1999-06-06,0.0
1999-06-07,0.0
1999-06-08,0.0
1999-06-09,0.0
1999-06-10,0.0
1999-06-11,0.0
1999-06-12,0.0
1999-06-13,0.0
1999-06-14,0.0
1999-06-15,0.0
1999-06-16,0.0
1999-06-17,0.0
1999-06-18,0.0
1999-06-19,0.0
1999-06-20,0.0
1999-06-21,0.0
1999-06-22,0.0
1999-06-23,0.0
1999-06-24,0.0
1999-06-25,0.0
1999-06-26,0.0
1999-06-27,0.0
1999-06-28,0.0
1999-06-29,0.0
1999-06-30,0.0
1999-07-01,0.0
1999-07-02,0.0
1999-07-03,0.0
1999-07-04,0.0
1999-07-05,0.0
1999-07-06,0.0
1999-07-07,0.0
1999-07-08,0.0
1999-07-09,0.0
1999-07-10,0.0
1999-07-11,0.0
1999-07-12,0.0
1999-07-13,0.0
1999-07-14,0.0
1999-07-15,0.0
1999-07-16,0.0
1999-07-17,0.0
1999-07-18,0.0
1999-07-19,0.0
1999-07-20,0.0
1999-07-21,0.0
1999-07-22,0.0
1999-07-23,0.0
1999-07-24,0.0
1999-07-25,0.0
1999-07-26,0.0
1999-07-27,0.0
1999-07-28,0.0
1999-07-29,0.0
1999-07-30,0.0
1999-07-31,0.0
1999-08-01,0.0
1999-08-02,0.0
1999-08-03,0.0
1999-08-04,0.0
1999-08-05,0.0
1999-08-06,0.0
1999-08-07,0.0
1999-08-08,0.0
1999-08-09,0.0
1999-08-10,0.0
1999-08-11,0.0
1999-08-12,0.0
1999-08-13,0.0
1999-08-14,0.0
1999-08-15,0.0
1999-08-16,0.0
1999-08-17,0.0
1999-08-18,0.0
1999-08-19,0.0
1999-08-20,0.0
1999-08-21,0.0
1999-08-22,0.0
1999-08-23,0.0
1999-08-24,0.0
1999-08-25,0.0
1999-08-26,0.0
1999-08-27,0.0
1999-08-28,0.0
1999-08-29,0.0
1999-08-30,0.0
1999-08-31,0.0
1999-09-01,0.0
1999-09-02,0.0
1999-09-03,0.0
1999-09-04,0.0
1999-09-05,0.0
1999-09-06,0.0
1999-09-07,0.0
1999-09-08,0.0
1999-09-09,0.0
1999-09-10,0.0
1999-09-11,0.0
1999-09-12,0.0
1999-09-13,0.0
1999-09-14,0.0
1999-09-15,0.0
1999-09-16,0.0
1999-09-17,0.0
1999-09-18,0.0
1999-09-19,0.0
1999-09-20,0.0
1999-09-21,0.0
1999-09-22,0.0
1999-09-23,0.0
1999-09-24,0.0
1999-09-25,0.0
1999-09-26,0.0
1999-09-27,0.0
1999-09-28,0.0
1999-09-29,0.0
1999-09-30,0.0
1999-10-01,0.04707387462258339
1999-10-02,0.0
1999-10-03,3.1931779384613037
1999-10-04,0.07845645397901535
1999-10-05,0.4158191978931427
1999-10-06,0.0
1999-10-07,0.0
1999-10-08,0.0
1999-10-09,0.0
1999-10-10,0.0
1999-10-11,0.0
1999-10-12,0.0
1999-10-13,0.0
1999-10-14,0.0
1999-10-15,0.0
1999-10-16,0.0
1999-10-17,0.0
1999-10-18,0.0
1999-10-19,0.0
1999-10-20,0.0
1999-10-21,12.940872192382812
1999-10-22,0.625680148601532
1999-10-23,0.0
1999-10-24,0.0
1999-10-25,0.0
1999-10-26,0.26961180567741394
1999-10-27,0.0
1999-10-28,0.01427267026156187
1999-10-29,0.592021644115448
1999-10-30,5.6277899742126465
1999-10-31,2.7741055488586426
1999-11-01,0.0
1999-11-02,0.0
1999-11-03,14.40334415435791
1999-11-04,0.5830960869789124
1999-11-05,0.23787999153137207
1999-11-06,0.0
1999-11-07,0.0
1999-11-08,0.0
1999-11-09,0.0
1999-11-10,0.0
1999-11-11,0.0
1999-11-12,0.0
1999-11-13,0.0
1999-11-14,0.0
1999-11-15,0.0
1999-11-16,0.0
1999-11-17,0.0
1999-11-18,0.0
1999-11-19,0.0
1999-11-20,0.0
1999-11-21,0.0
1999-11-22,0.0
1999-11-23,0.0
1999-11-24,0.0
1999-11-25,0.0
1999-11-26,0.0
1999-11-27,0.0
1999-11-28,0.0
1999-11-29,0.0
1999-11-30,0.0
1999-12-01,0.0
1999-12-02,0.0
1999-12-03,0.0
1999-12-04,0.0
1999-12-05,0.0
1999-12-06,0.0
1999-12-07,0.0
1999-12-08,0.0
1999-12-09,0.0
1999-12-10,0.0
1999-12-11,0.0
1999-12-12,0.0
1999-12-13,0.0
1999-12-14,0.0
1999-12-15,0.0
1999-12-16,0.0
1999-12-17,0.0
1999-12-18,0.0
1999-12-19,0.0
1999-12-20,0.0
1999-12-21,0.41367143392562866
1999-12-22,0.0
1999-12-23,1.5578252077102661
1999-12-24,13.208331108093262
1999-12-25,1.2384074926376343
1999-12-26,0.0
1999-12-27,1.106670618057251
1999-12-28,1.8677059412002563
1999-12-29,7.793986797332764
1999-12-30,11.577882766723633
1999-12-31,3.174492120742798
2000-01-01,0.0
2000-01-02,0.0
2000-01-03,0.0
2000-01-04,0.0
2000-01-05,0.0
2000-01-06,0.0
2000-01-07,0.0
2000-01-08,0.0
2000-01-09,0.0
2000-01-10,0.0
2000-01-11,0.03959958255290985
2000-01-12,0.0
2000-01-13,3.743011236190796
2000-01-14,16.18022918701172
2000-01-15,2.5513546466827393
2000-01-16,12.563371658325195
2000-01-17,38.39588928222656
2000-01-18,0.7007938027381897
2000-01-19,0.7737462520599365
2000-01-20,0.9502748250961304
2000-01-21,1.610960602760315
2000-01-22,11.953863143920898
2000-01-23,1.6062120199203491
2000-01-24,18.59406852722168
2000-01-25,43.26521682739258
2000-01-26,0.15258514881134033
2000-01-27,8.443678855895996
2000-01-28,1.6911722421646118
2000-01-29,6.814717769622803
2000-01-30,13.015609741210938
2000-01-31,17.375497817993164
2000-02-01,0.0
2000-02-02,4.83404541015625
2000-02-03,3.2210566997528076
2000-02-04,0.9886151552200317
2000-02-05,0.0
2000-02-06,0.07007145881652832
2000-02-07,0.0
2000-02-08,0.9084466099739075
2000-02-09,0.4215792715549469
2000-02-10,0.0
2000-02-11,0.0
2000-02-12,0.0
2000-02-13,0.0
2000-02-14,0.0
2000-02-15,0.0
2000-02-16,0.0
2000-02-17,0.0
2000-02-18,0.0
2000-02-19,5.487240314483643
2000-02-20,1.2933194637298584
2000-02-21,1.5978138446807861
2000-02-22,1.432596206665039
2000-02-23,0.5117695331573486
2000-02-24,0.8227306008338928
2000-02-25,9.101244926452637
2000-02-26,3.433931827545166
2000-02-27,1.8488280773162842
2000-02-28,7.564901828765869
2000-02-29,15.169591903686523
2000-03-01,0.29823893308639526
2000-03-02,12.918371200561523
2000-03-03,2.332127332687378
2000-03-04,0.2561585605144501
2000-03-05,1.2224845886230469
2000-03-06,3.691178798675537
2000-03-07,0.1908615529537201
2000-03-08,0.04735651984810829
2000-03-09,12.538247108459473
2000-03-10,8.383834838867188
2000-03-11,0.0
2000-03-12,0.0
2000-03-13,0.0
2000-03-14,0.0
2000-03-15,0.0
2000-03-16,0.0
2000-03-17,0.0
2000-03-18,0.0
2000-03-19,0.0
2000-03-20,0.0
2000-03-21,0.0
2000-03-22,0.11941757053136826
2000-03-23,0.0
2000-03-24,0.0
2000-03-25,4.559507846832275
2000-03-26,0.0
2000-03-27,0.0
2000-03-28,0.0
2000-03-29,0.0
2000-03-30,0.0
2000-03-31,0.0
2000-04-01,1.3053796291351318
2000-04-02,4.494598865509033
2000-04-03,0.022374071180820465
2000-04-04,0.0
2000-04-05,0.0
2000-04-06,0.0
2000-04-07,0.0
2000-04-08,0.0
2000-04-09,0.0
2000-04-10,0.0
2000-04-11,0.0
2000-04-12,0.0
2000-04-13,0.0
2000-04-14,0.0
2000-04-15,0.0
2000-04-16,0.0
2000-04-17,0.0
2000-04-18,0.0
2000-04-19,0.0
2000-04-20,0.0
2000-04-21,0.0
2000-04-22,0.0
2000-04-23,0.0
2000-04-24,0.0
2000-04-25,0.0
2000-04-26,0.0
2000-04-27,0.0
2000-04-28,0.0
2000-04-29,0.0
2000-04-30,0.0
2000-05-01,0.2825542092323303
2000-05-02,0.2825542092323303
2000-05-03,0.2825542092323303
2000-05-04,0.2825542092323303
2000-05-05,0.2825542092323303
2000-05-06,0.3742816746234894
2000-05-07,5.352156639099121
2000-05-08,1.9009466171264648
2000-05-09,1.5493583679199219
2000-05-10,0.0
2000-05-11,0.0
2000-05-12,0.0
2000-05-13,0.15457123517990112
2000-05-14,5.037527084350586
2000-05-15,0.0
2000-05-16,0.0
2000-05-17,0.0
2000-05-18,0.0
2000-05-19,0.0
2000-05-20,0.0
2000-05-21,0.0
2000-05-22,0.0
2000-05-23,0.0
2000-05-24,0.0
2000-05-25,0.0
2000-05-26,0.0
2000-05-27,0.0
2000-05-28,0.0
2000-05-29,0.0
2000-05-30,0.0
2000-05-31,0.0
2000-06-01,0.0
2000-06-02,0.0
2000-06-03,0.0
2000-06-04,0.0
2000-06-05,0.0
2000-06-06,0.4699043333530426
2000-06-07,0.07831738889217377
2000-06-08,0.07831738889217377
2000-06-09,0.07831738889217377
2000-06-10,0.07831738889217377
2000-06-11,0.0
2000-06-12,0.0
2000-06-13,0.0
2000-06-14,0.0
2000-06-15,0.0
2000-06-16,0.0
2000-06-17,0.0
2000-06-18,0.0
2000-06-19,0.0
2000-06-20,0.0
2000-06-21,0.0
2000-06-22,0.0
2000-06-23,0.0
2000-06-24,0.0
2000-06-25,0.0
2000-06-26,0.0
2000-06-27,0.0
2000-06-28,0.0
2000-06-29,0.0
2000-06-30,0.0
2000-07-01,0.0
2000-07-02,0.0
2000-07-03,0.0
2000-07-04,0.0
2000-07-05,0.0
2000-07-06,0.0
2000-07-07,0.0
2000-07-08,0.0
2000-07-09,0.0
2000-07-10,0.0
2000-07-11,0.0
2000-07-12,0.0
2000-07-13,0.0
2000-07-14,0.0
2000-07-15,0.0
2000-07-16,0.0
2000-07-17,0.0
2000-07-18,0.0
2000-07-19,0.0
2000-07-20,0.0
2000-07-21,0.0
2000-07-22,0.0
2000-07-23,0.0
2000-07-24,0.0
2000-07-25,0.0
2000-07-26,0.0
2000-07-27,0.0
2000-07-28,0.0
2000-07-29,0.0
2000-07-30,0.0
2000-07-31,0.0
2000-08-01,0.023204220458865166
2000-08-02,0.023204220458865166
2000-08-03,0.023204220458865166
2000-08-04,0.023204220458865166
2000-08-05,0.1392253339290619
2000-08-06,0.012672113254666328
2000-08-07,0.012672113254666328
2000-08-08,0.012672113254666328
2000-08-09,0.012672113254666328
2000-08-10,0.012672113254666328
2000-08-11,0.6441402435302734
2000-08-12,0.0
2000-08-13,0.0
2000-08-14,0.0
2000-08-15,0.0
2000-08-16,0.0
2000-08-17,0.0
2000-08-18,0.0
2000-08-19,0.0
2000-08-20,0.34353113174438477
2000-08-21,0.033858492970466614
2000-08-22,0.033858492970466614
2000-08-23,0.033858492970466614
2000-08-24,0.033858492970466614
2000-08-25,0.033858492970466614
2000-08-26,0.0
2000-08-27,0.0
2000-08-28,0.01721489243209362
2000-08-29,0.0
2000-08-30,0.13525985181331635
2000-08-31,1.1099505424499512
2000-09-01,0.0
2000-09-02,0.0
2000-09-03,0.0
2000-09-04,0.0
2000-09-05,0.0
2000-09-06,0.0
2000-09-07,0.0
2000-09-08,0.0
2000-09-09,0.0
2000-09-10,0.0
2000-09-11,0.0
2000-09-12,0.0
2000-09-13,0.0
2000-09-14,0.0
2000-09-15,0.0
2000-09-16,0.0
2000-09-17,0.0
2000-09-18,0.0
2000-09-19,0.0
2000-09-20,0.0
2000-09-21,0.0
2000-09-22,0.0
2000-09-23,0.0
2000-09-24,0.0
2000-09-25,0.0
2000-09-26,0.0
2000-09-27,0.0
2000-09-28,0.0
2000-09-29,0.0
2000-09-30,0.0
2000-10-01,0.0
2000-10-02,0.0
2000-10-03,0.0
2000-10-04,0.8944491147994995
2000-10-05,0.0
2000-10-06,0.0
2000-10-07,0.0
2000-10-08,0.0
2000-10-09,0.0
2000-10-10,0.0
2000-10-11,0.0
2000-10-12,0.0
2000-10-13,0.0
2000-10-14,0.0
2000-10-15,0.0
2000-10-16,0.0
2000-10-17,0.0
2000-10-18,0.0
2000-10-19,0.0
2000-10-20,0.0
2000-10-21,2.532973527908325
2000-10-22,2.0566608905792236
2000-10-23,0.0
2000-10-24,0.0
2000-10-25,0.0
2000-10-26,0.0
2000-10-27,0.0
2000-10-28,0.0
2000-10-29,6.859592437744141
2000-10-30,0.0
2000-10-31,0.0
2000-11-01,0.0
2000-11-02,0.0
2000-11-03,0.0
2000-11-04,16.269603729248047
2000-11-05,2.09482479095459
2000-11-06,0.0
2000-11-07,0.0
2000-11-08,0.0
2000-11-09,0.0
2000-11-10,0.0
2000-11-11,0.0
2000-11-12,0.0
2000-11-13,0.0
2000-11-14,0.0
2000-11-15,0.0
2000-11-16,0.0
2000-11-17,0.0
2000-11-18,0.0
2000-11-19,0.0
2000-11-20,0.0
2000-11-21,3.529059410095215
2000-11-22,0.15379400551319122
2000-11-23,1.371842384338379
2000-11-24,0.0
2000-11-25,0.0
2000-11-26,0.6145875453948975
2000-11-27,0.0
2000-11-28,0.0
2000-11-29,4.96592378616333
2000-11-30,0.7988231182098389
2000-12-01,0.0
2000-12-02,0.0
2000-12-03,0.0
2000-12-04,0.0
2000-12-05,0.0
2000-12-06,0.0
2000-12-07,9.31721019744873
2000-12-08,26.417659759521484
2000-12-09,1.260968804359436
2000-12-10,0.44333064556121826
2000-12-11,1.4744161367416382
2000-12-12,6.308224201202393
2000-12-13,17.7340145111084
2000-12-14,0.0
2000-12-15,0.0
2000-12-16,0.03127613291144371
2000-12-17,0.0
2000-12-18,0.0
2000-12-19,0.0
2000-12-20,0.005149423610419035
2000-12-21,0.0019640496466308832
2000-12-22,1.4984130859375
2000-12-23,2.316462993621826
2000-12-24,0.0671425461769104
2000-12-25,1.9178202152252197
2000-12-26,0.0
2000-12-27,0.0
2000-12-28,1.147857904434204
2000-12-29,8.009963989257812
2000-12-30,8.330876350402832
2000-12-31,4.045196056365967
2001-01-01,7.990899562835693
2001-01-02,0.952435314655304
2001-01-03,0.08230803906917572
2001-01-04,0.0
2001-01-05,0.937015950679779
2001-01-06,3.6576719284057617
2001-01-07,10.397464752197266
2001-01-08,7.60281229019165
2001-01-09,1.0216749906539917
2001-01-10,11.21966552734375
2001-01-11,8.649824142456055
2001-01-12,0.3634934425354004
2001-01-13,0.003738237777724862
2001-01-14,0.0
2001-01-15,0.26125088334083557
2001-01-16,0.893944263458252
2001-01-17,10.315399169921875
2001-01-18,1.2437328100204468
2001-01-19,0.014906723983585835
2001-01-20,0.0
2001-01-21,10.715080261230469
2001-01-22,0.30260318517684937
2001-01-23,0.5225615501403809
2001-01-24,0.0
2001-01-25,0.16041305661201477
2001-01-26,0.0
2001-01-27,0.0
2001-01-28,10.135932922363281
2001-01-29,13.540964126586914
2001-01-30,0.2482781708240509
2001-01-31,0.001439454616047442
2001-02-01,0.4875250458717346
2001-02-02,20.15024757385254
2001-02-03,13.228340148925781
2001-02-04,12.251154899597168
2001-02-05,0.1684500128030777
2001-02-06,3.7659590244293213
2001-02-07,3.871332883834839
2001-02-08,0.6648663878440857
2001-02-09,3.3881406784057617
2001-02-10,0.8881896138191223
2001-02-11,16.390518188476562
2001-02-12,3.833948850631714
2001-02-13,1.4410955905914307
2001-02-14,0.2776172459125519
2001-02-15,1.321150302886963
2001-02-16,4.42995023727417
2001-02-17,1.2950681447982788
2001-02-18,22.037086486816406
2001-02-19,2.4986581802368164
2001-02-20,0.0
2001-02-21,0.5011814832687378
2001-02-22,0.0
2001-02-23,0.0
2001-02-24,0.7808263301849365
2001-02-25,1.8994054794311523
2001-02-26,5.946584224700928
2001-02-27,0.2843722701072693
2001-02-28,0.11463360488414764
2001-03-01,0.20687659084796906
2001-03-02,0.302711546421051
2001-03-03,9.775981903076172
2001-03-04,10.131033897399902
2001-03-05,2.4039182662963867
2001-03-06,0.061656102538108826
2001-03-07,1.5015548467636108
2001-03-08,0.8429360389709473
2001-03-09,0.030036011710762978
2001-03-10,0.014755798503756523
2001-03-11,1.460612177848816
2001-03-12,1.9515690803527832
2001-03-13,0.0
2001-03-14,7.130795478820801
2001-03-15,0.0
2001-03-16,0.027702175080776215
2001-03-17,0.0
2001-03-18,0.0
2001-03-19,0.0
2001-03-20,2.9686360359191895
2001-03-21,5.1368184089660645
2001-03-22,0.0
2001-03-23,0.0
2001-03-24,0.0
2001-03-25,0.0
2001-03-26,0.0
2001-03-27,0.0
2001-03-28,0.0
2001-03-29,0.0
2001-03-30,0.0
2001-03-31,0.0
2001-04-01,0.0
2001-04-02,0.0
2001-04-03,0.0
2001-04-04,0.0
2001-04-05,0.0
2001-04-06,4.970132827758789
2001-04-07,0.5854887366294861
2001-04-08,0.0
2001-04-09,0.0
2001-04-10,5.446077823638916
2001-04-11,0.9748296737670898
2001-04-12,0.9890415668487549
2001-04-13,0.6300599575042725
2001-04-14,0.0
2001-04-15,0.0
2001-04-16,0.0
2001-04-17,0.0
2001-04-18,0.0
2001-04-19,0.0
2001-04-20,0.0
2001-04-21,0.0
2001-04-22,0.0
2001-04-23,0.0
2001-04-24,0.0
2001-04-25,0.0
2001-04-26,0.02933059073984623
2001-04-27,1.6816524267196655
2001-04-28,0.08795992285013199
2001-04-29,0.0
2001-04-30,0.0
2001-05-01,0.0
2001-05-02,0.0
2001-05-03,4.765606880187988
2001-05-04,0.7547559142112732
2001-05-05,2.723895311355591
2001-05-06,0.0
2001-05-07,0.0
2001-05-08,0.0
2001-05-09,0.0
2001-05-10,0.0
2001-05-11,0.0
2001-05-12,0.0
2001-05-13,0.0
2001-05-14,1.8343604803085327
2001-05-15,1.8343604803085327
2001-05-16,0.0
2001-05-17,0.0
2001-05-18,0.0
2001-05-19,0.0
2001-05-20,0.0
2001-05-21,0.0
2001-05-22,0.0
2001-05-23,0.0
2001-05-24,0.0
2001-05-25,0.0
2001-05-26,0.0
2001-05-27,0.0
2001-05-28,0.0
2001-05-29,0.0
2001-05-30,0.0
2001-05-31,0.0
2001-06-01,0.0
2001-06-02,0.0
2001-06-03,0.0
2001-06-04,0.0
2001-06-05,0.0
2001-06-06,0.0
2001-06-07,0.0
2001-06-08,0.0
2001-06-09,0.0
2001-06-10,0.0
2001-06-11,0.0
2001-06-12,0.0
2001-06-13,0.0
2001-06-14,0.0
2001-06-15,0.0
2001-06-16,0.0
2001-06-17,0.0
2001-06-18,0.0
2001-06-19,0.0
2001-06-20,0.0
2001-06-21,0.0
2001-06-22,0.0
2001-06-23,0.0
2001-06-24,0.0
2001-06-25,0.0
2001-06-26,0.013361779041588306
2001-06-27,0.013361779041588306
2001-06-28,0.013361779041588306
2001-06-29,0.013361779041588306
2001-06-30,0.013361779041588306
2001-07-01,0.0
2001-07-02,0.0
2001-07-03,0.0
2001-07-04,0.0
2001-07-05,0.0
2001-07-06,0.028011810034513474
2001-07-07,0.0046686348505318165
2001-07-08,0.0046686348505318165
2001-07-09,0.0046686348505318165
2001-07-10,0.0046686348505318165
2001-07-11,0.0
2001-07-12,0.0
2001-07-13,0.0
2001-07-14,0.0
2001-07-15,0.0
2001-07-16,0.0
2001-07-17,0.0
2001-07-18,0.0
2001-07-19,0.0
2001-07-20,0.0
2001-07-21,0.0
2001-07-22,0.0
2001-07-23,0.0
2001-07-24,0.0
2001-07-25,0.0
2001-07-26,0.0
2001-07-27,0.0
2001-07-28,0.0
2001-07-29,0.0
2001-07-30,0.0
2001-07-31,0.0
2001-08-01,0.0
2001-08-02,0.0
2001-08-03,0.0
2001-08-04,0.0
2001-08-05,0.0
2001-08-06,0.0
2001-08-07,0.0
2001-08-08,0.0
2001-08-09,0.0
2001-08-10,0.0
2001-08-11,0.0
2001-08-12,0.0
2001-08-13,0.0
2001-08-14,0.0
2001-08-15,0.0
2001-08-16,0.0
2001-08-17,0.0
2001-08-18,0.0
2001-08-19,0.0
2001-08-20,0.0
2001-08-21,0.0
2001-08-22,0.0
2001-08-23,0.0
2001-08-24,0.0
2001-08-25,0.0
2001-08-26,0.0
2001-08-27,0.0
2001-08-28,0.0
2001-08-29,0.0
2001-08-30,0.0
2001-08-31,0.0
2001-09-01,0.0
2001-09-02,0.0
2001-09-03,0.0
2001-09-04,0.0
2001-09-05,0.0
2001-09-06,0.0
2001-09-07,0.0
2001-09-08,0.0
2001-09-09,0.0
2001-09-10,0.0
2001-09-11,0.0
2001-09-12,0.0
2001-09-13,0.0
2001-09-14,0.0
2001-09-15,0.0
2001-09-16,0.0
2001-09-17,0.0
2001-09-18,0.0
2001-09-19,0.02763049677014351
2001-09-20,1.3723148107528687
2001-09-21,0.0
2001-09-22,0.0
2001-09-23,0.0
2001-09-24,0.0
2001-09-25,0.0
2001-09-26,0.0
2001-09-27,0.0
2001-09-28,0.0
2001-09-29,0.0
2001-09-30,0.0
2001-10-01,0.0
2001-10-02,0.0
2001-10-03,0.0
2001-10-04,0.0
2001-10-05,0.0
2001-10-06,6.04205846786499
2001-10-07,3.1880905628204346
2001-10-08,0.0
2001-10-09,0.0
2001-10-10,0.0
2001-10-11,0.0
2001-10-12,0.0
2001-10-13,0.0
2001-10-14,0.0
2001-10-15,0.0
2001-10-16,0.0
2001-10-17,0.0
2001-10-18,0.0
2001-10-19,0.0
2001-10-20,0.0
2001-10-21,0.0
2001-10-22,0.0
2001-10-23,0.0
2001-10-24,0.0
2001-10-25,0.0
2001-10-26,0.0
2001-10-27,0.0
2001-10-28,0.0
2001-10-29,0.0
2001-10-30,0.0
2001-10-31,0.0
2001-11-01,0.0
2001-11-02,0.0
2001-11-03,0.0
2001-11-04,0.0
2001-11-05,0.0
2001-11-06,0.0
2001-11-07,0.0
2001-11-08,0.0
2001-11-09,0.0
2001-11-10,0.0
2001-11-11,3.4522993564605713
2001-11-12,0.0
2001-11-13,0.3153153955936432
2001-11-14,0.0
2001-11-15,0.016170019283890724
2001-11-16,0.0
2001-11-17,0.0
2001-11-18,0.0
2001-11-19,0.0
2001-11-20,0.0
2001-11-21,0.0548824705183506
2001-11-22,0.4674472510814667
2001-11-23,1.5594191551208496
2001-11-24,0.7872795462608337
2001-11-25,0.9462494850158691
2001-11-26,0.8276329636573792
2001-11-27,0.6540970206260681
2001-11-28,0.7855325937271118
2001-11-29,1.5320452451705933
2001-11-30,0.0
2001-12-01,0.0
2001-12-02,0.0
2001-12-03,0.0
2001-12-04,0.0
2001-12-05,0.0
2001-12-06,0.0
2001-12-07,0.0
2001-12-08,0.2772424519062042
2001-12-09,6.800356864929199
2001-12-10,6.742807865142822
2001-12-11,0.1658754050731659
2001-12-12,0.05301222577691078
2001-12-13,3.041097402572632
2001-12-14,0.45567235350608826
2001-12-15,12.546728134155273
2001-12-16,4.24179744720459
2001-12-17,1.1074634790420532
2001-12-18,0.08809870481491089
2001-12-19,3.6397573947906494
2001-12-20,15.307866096496582
2001-12-21,0.0
2001-12-22,0.0
2001-12-23,0.0
2001-12-24,0.0
2001-12-25,0.0
2001-12-26,0.0
2001-12-27,0.0
2001-12-28,0.0
2001-12-29,0.0
2001-12-30,0.0
2001-12-31,0.0
2002-01-01,0.0
2002-01-02,0.0
2002-01-03,0.0
2002-01-04,0.0
2002-01-05,0.0
2002-01-06,0.0
2002-01-07,0.0
2002-01-08,0.0
2002-01-09,0.0
2002-01-10,0.0
2002-01-11,0.0
2002-01-12,0.0
2002-01-13,0.0
2002-01-14,0.0
2002-01-15,4.336407661437988
2002-01-16,0.5096410512924194
2002-01-17,0.4485900104045868
2002-01-18,0.136381134390831
2002-01-19,0.29318326711654663
2002-01-20,0.0
2002-01-21,0.0
2002-01-22,0.0
2002-01-23,0.16235555708408356
2002-01-24,0.0
2002-01-25,11.743719100952148
2002-01-26,0.7795658111572266
2002-01-27,0.4682725965976715
2002-01-28,0.0
2002-01-29,10.349838256835938
2002-01-30,14.999445915222168
2002-01-31,13.116328239440918
2002-02-01,37.110782623291016
2002-02-02,0.0
2002-02-03,0.0
2002-02-04,1.386649489402771
2002-02-05,2.22116756439209
2002-02-06,12.644790649414062
2002-02-07,0.0023481501266360283
2002-02-08,0.0
2002-02-09,0.0
2002-02-10,0.0
2002-02-11,18.659931182861328
2002-02-12,3.900542974472046
2002-02-13,3.651625871658325
2002-02-14,2.0800840854644775
2002-02-15,1.0634164810180664
2002-02-16,6.546773910522461
2002-02-17,0.0
2002-02-18,19.102062225341797
2002-02-19,0.0
2002-02-20,0.0
2002-02-21,0.0
2002-02-22,0.0
2002-02-23,0.0
2002-02-24,0.0
2002-02-25,0.0
2002-02-26,0.0
2002-02-27,0.016687093302607536
2002-02-28,0.43793630599975586
2002-03-01,0.563460648059845
2002-03-02,0.037134744226932526
2002-03-03,3.7539427280426025
2002-03-04,6.140283107757568
2002-03-05,4.284807205200195
2002-03-06,6.423110008239746
2002-03-07,0.10754919797182083
2002-03-08,0.7406322360038757
2002-03-09,0.1364167034626007
2002-03-10,3.493006467819214
2002-03-11,0.0
2002-03-12,5.436410427093506
2002-03-13,13.053101539611816
2002-03-14,4.409483909606934
2002-03-15,1.3220086097717285
2002-03-16,13.66911506652832
2002-03-17,0.38459306955337524
2002-03-18,4.763757705688477
2002-03-19,1.4477323293685913
2002-03-20,0.32422730326652527
2002-03-21,0.0
2002-03-22,0.0
2002-03-23,0.0
2002-03-24,0.0
2002-03-25,0.0
2002-03-26,0.4159385561943054
2002-03-27,0.4159385561943054
2002-03-28,0.7048219442367554
2002-03-29,0.44803667068481445
2002-03-30,0.4159385561943054
2002-03-31,2.590588092803955
2002-04-01,0.0
2002-04-02,0.0
2002-04-03,0.0
2002-04-04,0.0
2002-04-05,0.0
2002-04-06,0.0
2002-04-07,0.0
2002-04-08,0.0
2002-04-09,0.0
2002-04-10,0.0
2002-04-11,1.1581509113311768
2002-04-12,0.09493040293455124
2002-04-13,0.0
2002-04-14,0.0
2002-04-15,0.0
2002-04-16,0.0
2002-04-17,0.0
2002-04-18,0.0
2002-04-19,0.0
2002-04-20,0.0
2002-04-21,0.0
2002-04-22,0.16649654507637024
2002-04-23,3.877224922180176
2002-04-24,0.8084633946418762
2002-04-25,0.0
2002-04-26,0.0
2002-04-27,0.0
2002-04-28,0.0
2002-04-29,0.0
2002-04-30,0.0
2002-05-01,0.0
2002-05-02,0.0
2002-05-03,0.0
2002-05-04,3.5567824840545654
2002-05-05,0.0
2002-05-06,0.0
2002-05-07,3.3070359230041504
2002-05-08,0.0
2002-05-09,0.0
2002-05-10,0.0
2002-05-11,0.0
2002-05-12,0.0
2002-05-13,0.0
2002-05-14,0.0
2002-05-15,0.0
2002-05-16,0.0
2002-05-17,0.0
2002-05-18,0.0
2002-05-19,0.0
2002-05-20,0.0
2002-05-21,0.0
2002-05-22,0.0
2002-05-23,0.0
2002-05-24,0.0
2002-05-25,0.0
2002-05-26,0.004108523949980736
2002-05-27,0.004108523949980736
2002-05-28,0.004108523949980736
2002-05-29,0.004108523949980736
2002-05-30,0.004108523949980736
2002-05-31,0.004108523949980736
2002-06-01,0.0
2002-06-02,0.0
2002-06-03,0.0
2002-06-04,0.0
2002-06-05,0.0
2002-06-06,0.21956221759319305
2002-06-07,0.21956221759319305
2002-06-08,0.21956221759319305
2002-06-09,0.21956221759319305
2002-06-10,0.21956221759319305
2002-06-11,0.0
2002-06-12,0.0
2002-06-13,0.0
2002-06-14,0.0
2002-06-15,0.0
2002-06-16,0.0
2002-06-17,0.0
2002-06-18,0.0
2002-06-19,0.0
2002-06-20,0.0
2002-06-21,0.0
2002-06-22,0.0
2002-06-23,0.0
2002-06-24,0.0
2002-06-25,0.0
2002-06-26,0.0
2002-06-27,0.0
2002-06-28,0.0
2002-06-29,0.0
2002-06-30,0.0
2002-07-01,0.11494270712137222
2002-07-02,0.9637386202812195
2002-07-03,0.034220583736896515
2002-07-04,0.0
2002-07-05,0.0
2002-07-06,0.0
2002-07-07,0.0
2002-07-08,0.0
2002-07-09,0.0
2002-07-10,0.0
2002-07-11,0.0
2002-07-12,0.0
2002-07-13,0.0
2002-07-14,0.0
2002-07-15,0.0
2002-07-16,0.0
2002-07-17,0.0
2002-07-18,0.0
2002-07-19,0.0
2002-07-20,0.0
2002-07-21,0.0
2002-07-22,0.0
2002-07-23,0.0
2002-07-24,0.0
2002-07-25,0.0
2002-07-26,0.0
2002-07-27,0.0
2002-07-28,0.0
2002-07-29,0.0
2002-07-30,0.0
2002-07-31,0.0
2002-08-01,0.0
2002-08-02,0.0
2002-08-03,0.0
2002-08-04,0.3620217442512512
2002-08-05,0.0
2002-08-06,0.0
2002-08-07,0.0
2002-08-08,0.0
2002-08-09,0.0
2002-08-10,0.0
2002-08-11,0.0
2002-08-12,0.0
2002-08-13,0.0
2002-08-14,0.0
2002-08-15,0.0
2002-08-16,0.0
2002-08-17,0.0
2002-08-18,0.0
2002-08-19,0.0
2002-08-20,0.0
2002-08-21,0.0
2002-08-22,0.0
2002-08-23,0.0
2002-08-24,0.0
2002-08-25,0.0
2002-08-26,0.0
2002-08-27,0.0
2002-08-28,0.0
2002-08-29,0.0
2002-08-30,0.0
2002-08-31,0.0
2002-09-01,0.0
2002-09-02,0.0
2002-09-03,0.0
2002-09-04,0.0
2002-09-05,0.0
2002-09-06,0.0
2002-09-07,0.0
2002-09-08,0.0
2002-09-09,0.0
2002-09-10,0.0
2002-09-11,0.0
2002-09-12,0.0
2002-09-13,0.0
2002-09-14,0.0
2002-09-15,0.0
2002-09-16,0.0
2002-09-17,0.0
2002-09-18,0.0
2002-09-19,0.0
2002-09-20,0.0
2002-09-21,0.0
2002-09-22,0.0
2002-09-23,0.0
2002-09-24,0.0
2002-09-25,0.0
2002-09-26,0.0
2002-09-27,0.0
2002-09-28,0.0
2002-09-29,0.0
2002-09-30,0.0
2002-10-01,0.0
2002-10-02,0.0
2002-10-03,0.0
2002-10-04,0.0
2002-10-05,0.0
2002-10-06,0.0
2002-10-07,0.0
2002-10-08,0.0
2002-10-09,0.0
2002-10-10,0.0
2002-10-11,0.06024429574608803
2002-10-12,0.0
2002-10-13,3.351001739501953
2002-10-14,0.7337863445281982
2002-10-15,9.402956008911133
2002-10-16,3.817349433898926
2002-10-17,14.323629379272461
2002-10-18,1.2473433017730713
2002-10-19,0.0
2002-10-20,0.0
2002-10-21,0.0
2002-10-22,0.0
2002-10-23,0.0
2002-10-24,0.0
2002-10-25,0.0
2002-10-26,1.8896888494491577
2002-10-27,0.2699555456638336
2002-10-28,0.2699555456638336
2002-10-29,0.2699555456638336
2002-10-30,0.2699555456638336
2002-10-31,0.2699555456638336
2002-11-01,0.0
2002-11-02,0.0
2002-11-03,0.0
2002-11-04,0.0
2002-11-05,0.0
2002-11-06,0.0
2002-11-07,0.9802153706550598
2002-11-08,0.21492694318294525
2002-11-09,0.9688887000083923
2002-11-10,0.0
2002-11-11,0.0
2002-11-12,0.0
2002-11-13,7.2679009437561035
2002-11-14,0.0
2002-11-15,1.250369668006897
2002-11-16,5.858366966247559
2002-11-17,0.0
2002-11-18,0.0
2002-11-19,0.0
2002-11-20,0.5325787663459778
2002-11-21,11.258389472961426
2002-11-22,1.3907276391983032
2002-11-23,0.0
2002-11-24,0.7726757526397705
2002-11-25,0.822878897190094
2002-11-26,2.063140630722046
2002-11-27,6.31519889831543
2002-11-28,0.042202845215797424
2002-11-29,0.019755246117711067
2002-11-30,0.0
2002-12-01,0.0
2002-12-02,0.023566970601677895
2002-12-03,8.452280044555664
2002-12-04,0.8950858116149902
2002-12-05,3.3080990314483643
2002-12-06,0.0
2002-12-07,0.0
2002-12-08,0.0
2002-12-09,0.0
2002-12-10,0.0
2002-12-11,0.0
2002-12-12,0.0
2002-12-13,0.0
2002-12-14,0.0
2002-12-15,0.0
2002-12-16,0.0
2002-12-17,1.2651742696762085
2002-12-18,0.0
2002-12-19,0.14534984529018402
2002-12-20,6.354217529296875
2002-12-21,11.031795501708984
2002-12-22,0.0
2002-12-23,0.0
2002-12-24,0.0
2002-12-25,0.0
2002-12-26,0.0
2002-12-27,0.0
2002-12-28,0.008322586305439472
2002-12-29,1.376488447189331
2002-12-30,7.590929985046387
2002-12-31,0.39549198746681213
2003-01-01,1.9786601066589355
2003-01-02,18.702430725097656
2003-01-03,0.5752515196800232
2003-01-04,7.585986137390137
2003-01-05,0.006693508476018906
2003-01-06,0.07430586963891983
2003-01-07,0.0
2003-01-08,0.0
2003-01-09,0.0
2003-01-10,0.0
2003-01-11,9.379854202270508
2003-01-12,0.0
2003-01-13,1.1088484525680542
2003-01-14,10.727812767028809
2003-01-15,2.62046217918396
2003-01-16,10.638822555541992
2003-01-17,34.54823303222656
2003-01-18,1.3770650625228882
2003-01-19,12.314626693725586
2003-01-20,4.91681432723999
2003-01-21,0.0
2003-01-22,0.0
2003-01-23,0.0
2003-01-24,0.0
2003-01-25,0.0
2003-01-26,0.0
2003-01-27,0.0
2003-01-28,0.0
2003-01-29,0.0
2003-01-30,0.0
2003-01-31,0.0
2003-02-01,0.0
2003-02-02,0.0
2003-02-03,0.0
2003-02-04,0.2251524180173874
2003-02-05,5.943978786468506
2003-02-06,0.0
2003-02-07,2.4659082889556885
2003-02-08,10.738017082214355
2003-02-09,0.9479030966758728
2003-02-10,0.004423828795552254
2003-02-11,0.0008535824017599225
2003-02-12,3.6176645755767822
2003-02-13,0.3045468330383301
2003-02-14,0.0
2003-02-15,0.0
2003-02-16,3.692866802215576
2003-02-17,2.7665696144104004
2003-02-18,4.649757385253906
2003-02-19,9.243179321289062
2003-02-20,3.0394093990325928
2003-02-21,0.0
2003-02-22,0.0
2003-02-23,0.0
2003-02-24,0.0
2003-02-25,0.0
2003-02-26,0.0
2003-02-27,0.0
2003-02-28,0.0
2003-03-01,0.21187423169612885
2003-03-02,18.242034912109375
2003-03-03,1.0653584003448486
2003-03-04,0.6163313984870911
2003-03-05,8.545963287353516
2003-03-06,3.4648947715759277
2003-03-07,5.029738903045654
2003-03-08,2.9837141036987305
2003-03-09,0.0
2003-03-10,0.0
2003-03-11,1.7867834568023682
2003-03-12,0.0
2003-03-13,0.0
2003-03-14,0.15039967000484467
2003-03-15,0.3781518042087555
2003-03-16,6.353132724761963
2003-03-17,0.09931037575006485
2003-03-18,0.15654009580612183
2003-03-19,6.929306507110596
2003-03-20,4.007666110992432
2003-03-21,0.0
2003-03-22,0.0
2003-03-23,2.4002671241760254
2003-03-24,33.463199615478516
2003-03-25,17.33340835571289
2003-03-26,0.0
2003-03-27,0.0
2003-03-28,0.0
2003-03-29,0.0
2003-03-30,0.0
2003-03-31,0.0
2003-04-01,0.0
2003-04-02,0.07295182347297668
2003-04-03,0.0
2003-04-04,0.7882356643676758
2003-04-05,0.0
2003-04-06,0.0
2003-04-07,0.0
2003-04-08,0.0
2003-04-09,0.0
2003-04-10,0.0
2003-04-11,0.0
2003-04-12,0.0
2003-04-13,1.3808344602584839
2003-04-14,0.0
2003-04-15,0.0
2003-04-16,0.0
2003-04-17,0.0
2003-04-18,0.0
2003-04-19,0.0
2003-04-20,0.0
2003-04-21,0.0
2003-04-22,0.0
2003-04-23,0.0
2003-04-24,0.0
2003-04-25,0.0
2003-04-26,0.0
2003-04-27,0.0
2003-04-28,0.0
2003-04-29,0.0
2003-04-30,0.0
2003-05-01,0.0
2003-05-02,0.0
2003-05-03,0.0
2003-05-04,0.0
2003-05-05,0.0
2003-05-06,0.0
2003-05-07,0.0
2003-05-08,0.0
2003-05-09,0.0
2003-05-10,0.0
2003-05-11,0.0
2003-05-12,0.0
2003-05-13,0.0
2003-05-14,0.0
2003-05-15,0.0
2003-05-16,0.027768995612859726
2003-05-17,0.0008214726112782955
2003-05-18,0.06760638952255249
2003-05-19,0.008951635099947453
2003-05-20,0.0
2003-05-21,0.0
2003-05-22,0.0
2003-05-23,0.0
2003-05-24,0.0
2003-05-25,0.0
2003-05-26,0.0
2003-05-27,0.0
2003-05-28,0.0
2003-05-29,0.0
2003-05-30,0.0
2003-05-31,0.0
2003-06-01,0.32591065764427185
2003-06-02,0.32591065764427185
2003-06-03,1.9554640054702759
2003-06-04,0.32591065764427185
2003-06-05,0.32591065764427185
2003-06-06,0.028805354610085487
2003-06-07,0.028805354610085487
2003-06-08,0.028805354610085487
2003-06-09,0.028805354610085487
2003-06-10,0.028805354610085487
2003-06-11,0.0
2003-06-12,0.0
2003-06-13,0.0
2003-06-14,0.0
2003-06-15,0.0
2003-06-16,0.0
2003-06-17,0.0
2003-06-18,0.0
2003-06-19,0.0
2003-06-20,0.0
2003-06-21,0.0
2003-06-22,0.0
2003-06-23,0.0
2003-06-24,0.0
2003-06-25,0.0
2003-06-26,0.0
2003-06-27,0.0
2003-06-28,0.0
2003-06-29,0.0
2003-06-30,0.0
2003-07-01,0.0
2003-07-02,0.0
2003-07-03,0.0
2003-07-04,0.0
2003-07-05,0.0
2003-07-06,0.0
2003-07-07,0.0
2003-07-08,0.0
2003-07-09,0.0
2003-07-10,0.0
2003-07-11,0.0
2003-07-12,0.0
2003-07-13,0.0
2003-07-14,0.0
2003-07-15,0.0
2003-07-16,0.0
2003-07-17,0.0
2003-07-18,0.0
2003-07-19,0.01354115828871727
2003-07-20,0.0
2003-07-21,0.0
2003-07-22,0.0
2003-07-23,0.0
2003-07-24,0.0
2003-07-25,0.0
2003-07-26,0.0
2003-07-27,0.0
2003-07-28,0.0
2003-07-29,0.0
2003-07-30,0.0
2003-07-31,0.0
2003-08-01,0.0
2003-08-02,0.0
2003-08-03,0.0
2003-08-04,0.0
2003-08-05,0.0
2003-08-06,0.0
2003-08-07,0.0
2003-08-08,0.0
2003-08-09,0.0
2003-08-10,0.0
2003-08-11,0.0
2003-08-12,0.0
2003-08-13,0.0
2003-08-14,0.0
2003-08-15,0.0
2003-08-16,0.0
2003-08-17,0.0
2003-08-18,0.0
2003-08-19,0.0
2003-08-20,0.0
2003-08-21,0.0
2003-08-22,0.0
2003-08-23,0.0
2003-08-24,0.0
2003-08-25,0.0
2003-08-26,0.0
2003-08-27,0.0
2003-08-28,0.0
2003-08-29,0.0
2003-08-30,0.0
2003-08-31,0.0
2003-09-01,1.2370256185531616
2003-09-02,0.0
2003-09-03,0.0
2003-09-04,0.0
2003-09-05,0.0
2003-09-06,0.0
2003-09-07,0.0
2003-09-08,0.0
2003-09-09,0.0
2003-09-10,0.0
2003-09-11,0.2396901398897171
2003-09-12,0.2396901398897171
2003-09-13,0.2396901398897171
2003-09-14,0.2396901398897171
2003-09-15,0.2396901398897171
2003-09-16,0.0
2003-09-17,0.0
2003-09-18,0.0
2003-09-19,0.0
2003-09-20,0.0
2003-09-21,0.0
2003-09-22,0.0
2003-09-23,0.0
2003-09-24,0.0
2003-09-25,0.0
2003-09-26,0.0
2003-09-27,0.0
2003-09-28,0.0
2003-09-29,0.0
2003-09-30,0.0
2003-10-01,0.0
2003-10-02,0.34595972299575806
2003-10-03,1.9067702293395996
2003-10-04,0.0525592602789402
2003-10-05,0.0
2003-10-06,0.0
2003-10-07,0.0
2003-10-08,0.0
2003-10-09,0.0
2003-10-10,0.0
2003-10-11,0.0
2003-10-12,0.0
2003-10-13,0.0
2003-10-14,0.0
2003-10-15,0.0
2003-10-16,0.0
2003-10-17,0.0
2003-10-18,0.0
2003-10-19,0.0
2003-10-20,0.0
2003-10-21,0.0
2003-10-22,0.0
2003-10-23,0.0
2003-10-24,0.0
2003-10-25,0.0
2003-10-26,0.0
2003-10-27,0.0
2003-10-28,6.829542636871338
2003-10-29,1.5928107500076294
2003-10-30,10.96823787689209
2003-10-31,0.007567552849650383
2003-11-01,0.0
2003-11-02,0.0
2003-11-03,0.0
2003-11-04,0.0
2003-11-05,0.0
2003-11-06,0.0
2003-11-07,0.0
2003-11-08,0.030012624338269234
2003-11-09,0.0
2003-11-10,2.623103380203247
2003-11-11,6.158753871917725
2003-11-12,0.0
2003-11-13,0.19455912709236145
2003-11-14,1.143782138824463
2003-11-15,1.6016496419906616
2003-11-16,0.0
2003-11-17,0.0
2003-11-18,0.0
2003-11-19,0.0
2003-11-20,0.0
2003-11-21,0.0
2003-11-22,0.0
2003-11-23,3.677666425704956
2003-11-24,7.020273208618164
2003-11-25,0.0
2003-11-26,0.0
2003-11-27,0.33711037039756775
2003-11-28,0.0
2003-11-29,0.6803017258644104
2003-11-30,8.402636528015137
2003-12-01,0.07776015996932983
2003-12-02,0.055542975664138794
2003-12-03,0.061502695083618164
2003-12-04,0.33508220314979553
2003-12-05,5.61316442489624
2003-12-06,0.0
2003-12-07,0.0
2003-12-08,0.0
2003-12-09,0.0
2003-12-10,0.0
2003-12-11,0.0
2003-12-12,0.0
2003-12-13,0.0
2003-12-14,0.0
2003-12-15,0.0
2003-12-16,0.0
2003-12-17,0.0
2003-12-18,0.01360121089965105
2003-12-19,0.586950957775116
2003-12-20,4.401208400726318
2003-12-21,2.286775588989258
2003-12-22,1.9660176038742065
2003-12-23,7.986027717590332
2003-12-24,1.2752420902252197
2003-12-25,0.08483172208070755
2003-12-26,0.8090636134147644
2003-12-27,21.099227905273438
2003-12-28,7.264407157897949
2003-12-29,3.4294440746307373
2003-12-30,6.573823928833008
2003-12-31,5.9766340255737305
2004-01-01,5.665243625640869
2004-01-02,4.802064418792725
2004-01-03,0.016542362049221992
2004-01-04,0.16005876660346985
2004-01-05,0.014699273742735386
2004-01-06,2.182973861694336
2004-01-07,0.11010029911994934
2004-01-08,12.918320655822754
2004-01-09,2.227644681930542
2004-01-10,2.843881130218506
2004-01-11,1.1046754121780396
2004-01-12,19.877748489379883
2004-01-13,12.705133438110352
2004-01-14,19.535573959350586
2004-01-15,0.5228177905082703
2004-01-16,0.0
2004-01-17,0.5857101678848267
2004-01-18,0.46654173731803894
2004-01-19,0.10369522869586945
2004-01-20,0.1233377605676651
2004-01-21,0.0
2004-01-22,0.0
2004-01-23,0.0
2004-01-24,0.0
2004-01-25,0.0
2004-01-26,0.0
2004-01-27,3.2590172290802
2004-01-28,9.08857536315918
2004-01-29,1.567054271697998
2004-01-30,0.7825369238853455
2004-01-31,0.0
2004-02-01,0.0
2004-02-02,9.209070205688477
2004-02-03,3.7913851737976074
2004-02-04,0.3934556841850281
2004-02-05,0.8763689398765564
2004-02-06,0.0
2004-02-07,1.3321129083633423
2004-02-08,1.8501569032669067
2004-02-09,3.7270216941833496
2004-02-10,6.633856296539307
2004-02-11,2.66059947013855
2004-02-12,7.025618553161621
2004-02-13,9.483748435974121
2004-02-14,0.0019430735846981406
2004-02-15,1.4518734216690063
2004-02-16,4.364784240722656
2004-02-17,0.0
2004-02-18,0.002432598965242505
2004-02-19,5.109665870666504
2004-02-20,8.096212387084961
2004-02-21,0.0
2004-02-22,0.0
2004-02-23,0.0
2004-02-24,0.0
2004-02-25,0.0
2004-02-26,1.7840752601623535
2004-02-27,3.4031155109405518
2004-02-28,0.7778798937797546
2004-02-29,0.0
2004-03-01,0.0
2004-03-02,0.0
2004-03-03,0.0
2004-03-04,0.0
2004-03-05,0.0
2004-03-06,0.0
2004-03-07,0.282024621963501
2004-03-08,0.08103052526712418
2004-03-09,1.8720057010650635
2004-03-10,1.7637957334518433
2004-03-11,3.4892070293426514
2004-03-12,0.0
2004-03-13,0.0
2004-03-14,0.0
2004-03-15,3.18100905418396
2004-03-16,0.3748977482318878
2004-03-17,0.0
2004-03-18,1.7976152896881104
2004-03-19,0.0
2004-03-20,3.1233177185058594
2004-03-21,8.498409271240234
2004-03-22,1.6824573278427124
2004-03-23,0.0
2004-03-24,0.6333789825439453
2004-03-25,1.141366958618164
2004-03-26,0.13152146339416504
2004-03-27,0.03200322389602661
2004-03-28,0.1370300054550171
2004-03-29,0.0
2004-03-30,2.70224666595459
2004-03-31,0.532398521900177
2004-04-01,0.0
2004-04-02,0.0
2004-04-03,0.0
2004-04-04,0.0
2004-04-05,0.0
2004-04-06,0.0
2004-04-07,0.0
2004-04-08,0.0
2004-04-09,2.4343764781951904
2004-04-10,0.0
2004-04-11,0.0
2004-04-12,0.0
2004-04-13,0.0
2004-04-14,0.0
2004-04-15,0.0
2004-04-16,0.0
2004-04-17,0.0
2004-04-18,0.0
2004-04-19,0.0
2004-04-20,0.0
2004-04-21,0.0
2004-04-22,0.0
2004-04-23,0.0
2004-04-24,0.0
2004-04-25,0.0
2004-04-26,0.0
2004-04-27,0.0
2004-04-28,0.0
2004-04-29,0.0
2004-04-30,0.0
2004-05-01,0.0
2004-05-02,0.0
2004-05-03,0.0
2004-05-04,0.0
2004-05-05,0.0
2004-05-06,0.0
2004-05-07,0.0
2004-05-08,0.0
2004-05-09,0.0
2004-05-10,0.0
2004-05-11,0.0
2004-05-12,0.0
2004-05-13,0.0
2004-05-14,0.0
2004-05-15,0.0
2004-05-16,0.0
2004-05-17,0.0
2004-05-18,0.0
2004-05-19,0.0
2004-05-20,0.0
2004-05-21,0.0
2004-05-22,0.0
2004-05-23,0.0
2004-05-24,0.0
2004-05-25,0.0
2004-05-26,0.0
2004-05-27,0.0
2004-05-28,0.0
2004-05-29,0.0
2004-05-30,0.0
2004-05-31,0.0
2004-06-01,0.0
2004-06-02,0.0
2004-06-03,0.0
2004-06-04,0.0
2004-06-05,0.0
2004-06-06,0.0
2004-06-07,0.0
2004-06-08,0.0
2004-06-09,0.0
2004-06-10,0.0
2004-06-11,0.0
2004-06-12,0.0
2004-06-13,0.0
2004-06-14,0.0
2004-06-15,0.0
2004-06-16,0.0
2004-06-17,0.0
2004-06-18,0.0
2004-06-19,0.0
2004-06-20,0.0
2004-06-21,0.0
2004-06-22,0.0
2004-06-23,0.0
2004-06-24,0.0
2004-06-25,0.0
2004-06-26,0.0
2004-06-27,0.0
2004-06-28,0.0
2004-06-29,0.0
2004-06-30,0.0
2004-07-01,0.26253998279571533
2004-07-02,0.32147303223609924
2004-07-03,0.666430652141571
2004-07-04,0.5197626948356628
2004-07-05,0.020825957879424095
2004-07-06,0.0
2004-07-07,0.0
2004-07-08,0.0
2004-07-09,0.0
2004-07-10,0.0
2004-07-11,0.0
2004-07-12,0.0
2004-07-13,0.0
2004-07-14,0.0
2004-07-15,0.0
2004-07-16,0.0
2004-07-17,0.0
2004-07-18,0.0
2004-07-19,0.0
2004-07-20,0.0
2004-07-21,0.0
2004-07-22,0.0
2004-07-23,0.0
2004-07-24,0.0
2004-07-25,0.0
2004-07-26,0.0
2004-07-27,0.0
2004-07-28,0.0
2004-07-29,0.0
2004-07-30,0.0
2004-07-31,0.0
2004-08-01,0.0
2004-08-02,0.0
2004-08-03,0.0
2004-08-04,0.0
2004-08-05,0.0
2004-08-06,0.0
2004-08-07,0.0
2004-08-08,0.023361358791589737
2004-08-09,0.21274712681770325
2004-08-10,0.2897261679172516
2004-08-11,0.0
2004-08-12,0.0
2004-08-13,0.0
2004-08-14,0.0
2004-08-15,0.0
2004-08-16,0.0
2004-08-17,0.0
2004-08-18,0.0
2004-08-19,0.0
2004-08-20,0.0
2004-08-21,0.0
2004-08-22,0.0
2004-08-23,0.04167409986257553
2004-08-24,1.7919864654541016
2004-08-25,0.0
2004-08-26,0.0
2004-08-27,0.0
2004-08-28,0.0
2004-08-29,0.0
2004-08-30,0.0
2004-08-31,0.0
2004-09-01,0.0
2004-09-02,0.0
2004-09-03,0.0
2004-09-04,0.0
2004-09-05,0.0
2004-09-06,0.0
2004-09-07,0.0
2004-09-08,0.0
2004-09-09,0.0
2004-09-10,0.0
2004-09-11,0.0
2004-09-12,0.0
2004-09-13,0.0
2004-09-14,0.0
2004-09-15,0.0
2004-09-16,0.0
2004-09-17,0.0
2004-09-18,0.0
2004-09-19,0.0
2004-09-20,0.0
2004-09-21,0.0
2004-09-22,0.0
2004-09-23,0.0
2004-09-24,0.0
2004-09-25,0.0
2004-09-26,0.0
2004-09-27,0.0
2004-09-28,0.0
2004-09-29,0.0
2004-09-30,0.0
2004-10-01,0.0057698399759829044
2004-10-02,0.0
2004-10-03,0.0
2004-10-04,5.392861366271973
2004-10-05,2.316798210144043
2004-10-06,0.0
2004-10-07,0.0
2004-10-08,0.0
2004-10-09,0.0
2004-10-10,0.0
2004-10-11,0.0
2004-10-12,0.0
2004-10-13,0.0
2004-10-14,0.0
2004-10-15,0.0
2004-10-16,0.0
2004-10-17,0.044097453355789185
2004-10-18,1.0334141254425049
2004-10-19,0.08052578568458557
2004-10-20,0.0
2004-10-21,0.0
2004-10-22,0.0
2004-10-23,0.0
2004-10-24,0.0
2004-10-25,0.0
2004-10-26,0.0
2004-10-27,0.0
2004-10-28,0.0
2004-10-29,0.0
2004-10-30,0.0
2004-10-31,0.0
2004-11-01,0.0
2004-11-02,0.0
2004-11-03,0.0
2004-11-04,0.0
2004-11-05,0.0
2004-11-06,0.0
2004-11-07,0.0
2004-11-08,0.0
2004-11-09,0.0
2004-11-10,0.0
2004-11-11,0.0
2004-11-12,0.0
2004-11-13,0.0
2004-11-14,0.0
2004-11-15,0.0
2004-11-16,0.0
2004-11-17,0.0
2004-11-18,0.0
2004-11-19,0.0
2004-11-20,0.0
2004-11-21,0.0
2004-11-22,0.0
2004-11-23,0.0
2004-11-24,0.0
2004-11-25,0.0
2004-11-26,0.0
2004-11-27,0.0
2004-11-28,0.0
2004-11-29,0.0
2004-11-30,0.0
2004-12-01,1.0765260457992554
2004-12-02,0.0
2004-12-03,0.00803932175040245
2004-12-04,5.183379650115967
2004-12-05,1.3441444635391235
2004-12-06,9.673385620117188
2004-12-07,5.190869331359863
2004-12-08,0.7853527069091797
2004-12-09,0.44495224952697754
2004-12-10,0.0
2004-12-11,0.9531461000442505
2004-12-12,2.8986194133758545
2004-12-13,4.642969131469727
2004-12-14,2.3373119831085205
2004-12-15,6.008541107177734
2004-12-16,0.06028475612401962
2004-12-17,0.09351672232151031
2004-12-18,0.0
2004-12-19,0.0
2004-12-20,0.03391176089644432
2004-12-21,0.0
2004-12-22,0.0
2004-12-23,0.0
2004-12-24,0.0
2004-12-25,0.0
2004-12-26,0.0
2004-12-27,1.8402926921844482
2004-12-28,6.709628582000732
2004-12-29,9.998209953308105
2004-12-30,3.123642921447754
2004-12-31,0.9488681554794312
2005-01-01,0.8818870782852173
2005-01-02,8.72200870513916
2005-01-03,0.0
2005-01-04,0.0
2005-01-05,0.0
2005-01-06,0.0
2005-01-07,0.0
2005-01-08,0.0
2005-01-09,0.0
2005-01-10,6.247028350830078
2005-01-11,0.6246973872184753
2005-01-12,0.0
2005-01-13,1.3630489110946655
2005-01-14,11.01589584350586
2005-01-15,11.243882179260254
2005-01-16,4.159923076629639
2005-01-17,0.0
2005-01-18,0.0
2005-01-19,0.40101468563079834
2005-01-20,0.0
2005-01-21,0.0
2005-01-22,2.1946849822998047
2005-01-23,3.3812685012817383
2005-01-24,2.097320318222046
2005-01-25,0.0
2005-01-26,0.0
2005-01-27,0.0
2005-01-28,0.0
2005-01-29,0.0014006963465362787
2005-01-30,0.17680606245994568
2005-01-31,0.25040629506111145
2005-02-01,2.015768527984619
2005-02-02,15.012842178344727
2005-02-03,16.448396682739258
2005-02-04,0.07523243874311447
2005-02-05,0.5234178900718689
2005-02-06,4.694099426269531
2005-02-07,0.3062411844730377
2005-02-08,0.054151978343725204
2005-02-09,0.018902955576777458
2005-02-10,0.0025520101189613342
2005-02-11,1.568995475769043
2005-02-12,3.3323819637298584
2005-02-13,34.57545471191406
2005-02-14,9.464900016784668
2005-02-15,4.4422197341918945
2005-02-16,0.0
2005-02-17,0.0
2005-02-18,0.0
2005-02-19,0.0
2005-02-20,0.0
2005-02-21,10.884199142456055
2005-02-22,10.638705253601074
2005-02-23,3.4188437461853027
2005-02-24,1.6136906147003174
2005-02-25,0.14043422043323517
2005-02-26,0.0
2005-02-27,0.0
2005-02-28,0.0
2005-03-01,0.0
2005-03-02,0.0
2005-03-03,0.0
2005-03-04,0.0
2005-03-05,0.0
2005-03-06,4.604614734649658
2005-03-07,2.675854444503784
2005-03-08,0.2296028435230255
2005-03-09,0.44646093249320984
2005-03-10,2.4539308547973633
2005-03-11,1.8423312902450562
2005-03-12,2.703221559524536
2005-03-13,0.632891833782196
2005-03-14,0.0
2005-03-15,0.0
2005-03-16,0.0
2005-03-17,0.0
2005-03-18,0.0
2005-03-19,0.0
2005-03-20,0.0
2005-03-21,0.04844148829579353
2005-03-22,1.6453036069869995
2005-03-23,0.6696896553039551
2005-03-24,0.0
2005-03-25,0.0
2005-03-26,0.9501365423202515
2005-03-27,0.38259467482566833
2005-03-28,7.805531024932861
2005-03-29,3.1915340423583984
2005-03-30,0.21222904324531555
2005-03-31,0.2363969385623932
2005-04-01,0.0
2005-04-02,0.0
2005-04-03,0.0
2005-04-04,0.0
2005-04-05,0.0
2005-04-06,0.0
2005-04-07,0.0
2005-04-08,0.3195134401321411
2005-04-09,0.16522057354450226
2005-04-10,0.6994507908821106
2005-04-11,0.0
2005-04-12,0.0
2005-04-13,0.0
2005-04-14,0.0
2005-04-15,0.0
2005-04-16,2.316127300262451
2005-04-17,0.6117445826530457
2005-04-18,0.023803837597370148
2005-04-19,0.0
2005-04-20,0.0
2005-04-21,0.0
2005-04-22,0.030607478693127632
2005-04-23,0.26218122243881226
2005-04-24,8.21123218536377
2005-04-25,0.5623452067375183
2005-04-26,0.0
2005-04-27,0.0
2005-04-28,0.0
2005-04-29,0.0
2005-04-30,0.0
2005-05-01,0.0
2005-05-02,0.0
2005-05-03,0.0
2005-05-04,0.0
2005-05-05,0.0
2005-05-06,0.0
2005-05-07,0.0
2005-05-08,0.0
2005-05-09,0.0
2005-05-10,0.0
2005-05-11,0.0
2005-05-12,0.0
2005-05-13,0.0
2005-05-14,0.0
2005-05-15,0.0
2005-05-16,0.0
2005-05-17,0.0
2005-05-18,0.0
2005-05-19,0.0
2005-05-20,0.0
2005-05-21,0.0
2005-05-22,0.0
2005-05-23,0.0
2005-05-24,0.0
2005-05-25,0.0
2005-05-26,0.0
2005-05-27,0.0
2005-05-28,0.0
2005-05-29,0.0
2005-05-30,0.0
2005-05-31,0.0
2005-06-01,0.0
2005-06-02,0.0
2005-06-03,0.0
2005-06-04,0.0
2005-06-05,0.0
2005-06-06,0.0
2005-06-07,0.0
2005-06-08,0.0
2005-06-09,0.0
2005-06-10,0.0
2005-06-11,0.0
2005-06-12,0.0
2005-06-13,0.0
2005-06-14,0.0
2005-06-15,0.0
2005-06-16,0.0
2005-06-17,0.0
2005-06-18,0.0
2005-06-19,0.0
2005-06-20,0.0
2005-06-21,0.0
2005-06-22,0.0
2005-06-23,0.0
2005-06-24,0.0
2005-06-25,0.0
2005-06-26,0.0
2005-06-27,0.0
2005-06-28,0.0
2005-06-29,0.0
2005-06-30,0.0
2005-07-01,0.0
2005-07-02,0.0
2005-07-03,0.0
2005-07-04,0.0
2005-07-05,0.0
2005-07-06,0.0
2005-07-07,0.0
2005-07-08,0.0
2005-07-09,0.0
2005-07-10,0.0
2005-07-11,0.0
2005-07-12,0.0
2005-07-13,0.0
2005-07-14,0.0
2005-07-15,0.0
2005-07-16,0.0
2005-07-17,0.0
2005-07-18,0.0
2005-07-19,0.0
2005-07-20,0.0
2005-07-21,0.0
2005-07-22,0.0
2005-07-23,0.0
2005-07-24,0.0
2005-07-25,0.0
2005-07-26,0.0
2005-07-27,0.0
2005-07-28,0.0
2005-07-29,0.0
2005-07-30,0.0
2005-07-31,0.0
2005-08-01,0.0
2005-08-02,0.0
2005-08-03,0.0
2005-08-04,0.0
2005-08-05,0.0
2005-08-06,0.0
2005-08-07,0.0
2005-08-08,0.0
2005-08-09,0.0
2005-08-10,0.0
2005-08-11,0.0
2005-08-12,0.0
2005-08-13,0.0
2005-08-14,0.0
2005-08-15,0.0
2005-08-16,0.0
2005-08-17,0.0
2005-08-18,0.0
2005-08-19,0.0
2005-08-20,0.0
2005-08-21,0.0
2005-08-22,0.0
2005-08-23,0.0
2005-08-24,0.0
2005-08-25,0.0
2005-08-26,0.0
2005-08-27,0.0
2005-08-28,0.0
2005-08-29,0.0
2005-08-30,0.0
2005-08-31,0.0
2005-09-01,0.0
2005-09-02,0.0
2005-09-03,0.0
2005-09-04,0.0
2005-09-05,0.0
2005-09-06,0.0
2005-09-07,0.0
2005-09-08,0.0
2005-09-09,0.0
2005-09-10,0.0
2005-09-11,0.0
2005-09-12,0.0
2005-09-13,4.208179950714111
2005-09-14,1.1469511985778809
2005-09-15,0.0
2005-09-16,0.0
2005-09-17,0.0
2005-09-18,0.0
2005-09-19,0.0
2005-09-20,0.0
2005-09-21,0.0
2005-09-22,0.0
2005-09-23,0.0
2005-09-24,0.0
2005-09-25,0.0
2005-09-26,0.0
2005-09-27,0.0
2005-09-28,0.0
2005-09-29,0.0
2005-09-30,0.0
2005-10-01,4.094823360443115
2005-10-02,0.0
2005-10-03,0.0
2005-10-04,4.094823360443115
2005-10-05,0.0
2005-10-06,0.0
2005-10-07,0.0
2005-10-08,0.0
2005-10-09,0.0
2005-10-10,0.0
2005-10-11,0.0
2005-10-12,0.0
2005-10-13,0.0
2005-10-14,0.0
2005-10-15,0.0
2005-10-16,0.0
2005-10-17,0.0
2005-10-18,0.0
2005-10-19,0.0
2005-10-20,0.0
2005-10-21,0.0
2005-10-22,0.0
2005-10-23,0.0
2005-10-24,0.0
2005-10-25,0.0
2005-10-26,0.0
2005-10-27,0.0
2005-10-28,0.0
2005-10-29,0.0
2005-10-30,0.0
2005-10-31,0.0
2005-11-01,0.0
2005-11-02,0.0
2005-11-03,0.0
2005-11-04,0.0
2005-11-05,0.0
2005-11-06,0.1267027109861374
2005-11-07,8.31824016571045
2005-11-08,8.026907920837402
2005-11-09,0.06529506295919418
2005-11-10,0.516389787197113
2005-11-11,3.155709981918335
2005-11-12,1.0744669437408447
2005-11-13,2.866497278213501
2005-11-14,0.0
2005-11-15,0.0
2005-11-16,0.0
2005-11-17,0.0
2005-11-18,0.0
2005-11-19,0.0
2005-11-20,0.0
2005-11-21,0.0
2005-11-22,0.0
2005-11-23,0.0
2005-11-24,0.0
2005-11-25,0.0
2005-11-26,0.40454328060150146
2005-11-27,0.2170792818069458
2005-11-28,0.0
2005-11-29,0.8374383449554443
2005-11-30,10.020501136779785
2005-12-01,1.0402051210403442
2005-12-02,4.575126647949219
2005-12-03,9.948140144348145
2005-12-04,0.901581346988678
2005-12-05,0.0
2005-12-06,5.1541852951049805
2005-12-07,2.563887119293213
2005-12-08,0.0
2005-12-09,0.0
2005-12-10,1.8650047779083252
2005-12-11,0.9270933866500854
2005-12-12,4.815594673156738
2005-12-13,0.36089757084846497
2005-12-14,0.6769261956214905
2005-12-15,4.183478355407715
2005-12-16,4.001245021820068
2005-12-17,2.32930850982666
2005-12-18,1.2975029945373535
2005-12-19,5.191741466522217
2005-12-20,0.034890588372945786
2005-12-21,2.685393810272217
2005-12-22,1.261155605316162
2005-12-23,3.66033673286438
2005-12-24,0.8448390364646912
2005-12-25,1.3815313577651978
2005-12-26,3.597675085067749
2005-12-27,3.749901533126831
2005-12-28,0.06903565675020218
2005-12-29,2.748645067214966
2005-12-30,13.19090747833252
2005-12-31,11.644911766052246
2006-01-01,12.64594841003418
2006-01-02,5.013374328613281
2006-01-03,6.110261917114258
2006-01-04,3.2230474948883057
2006-01-05,0.0
2006-01-06,0.0
2006-01-07,0.0
2006-01-08,0.0
2006-01-09,0.0
2006-01-10,0.0
2006-01-11,1.9939383268356323
2006-01-12,2.4411277770996094
2006-01-13,0.802084743976593
2006-01-14,0.5798555612564087
2006-01-15,1.8434841632843018
2006-01-16,1.341713786125183
2006-01-17,3.2479279041290283
2006-01-18,13.948738098144531
2006-01-19,4.39215087890625
2006-01-20,2.4943950176239014
2006-01-21,3.034663438796997
2006-01-22,4.162821292877197
2006-01-23,4.625913143157959
2006-01-24,13.665818214416504
2006-01-25,7.39024019241333
2006-01-26,0.2268708199262619
2006-01-27,2.673060894012451
2006-01-28,3.2080814838409424
2006-01-29,0.9896211624145508
2006-01-30,2.39054536819458
2006-01-31,0.17212581634521484
2006-02-01,1.858022928237915
2006-02-02,0.0
2006-02-03,0.08299069851636887
2006-02-04,3.9879510402679443
2006-02-05,16.6562557220459
2006-02-06,2.94423508644104
2006-02-07,1.6790664196014404
2006-02-08,0.0
2006-02-09,4.559054851531982
2006-02-10,2.757672071456909
2006-02-11,1.236324429512024
2006-02-12,0.12491802871227264
2006-02-13,5.525481700897217
2006-02-14,4.980048179626465
2006-02-15,0.013294613920152187
2006-02-16,0.0
2006-02-17,0.0
2006-02-18,0.0
2006-02-19,0.0
2006-02-20,0.0
2006-02-21,11.444680213928223
2006-02-22,4.941591739654541
2006-02-23,0.011344397440552711
2006-02-24,0.7324241995811462
2006-02-25,0.0
2006-02-26,0.0
2006-02-27,0.0
2006-02-28,0.0
2006-03-01,0.0
2006-03-02,2.669787645339966
2006-03-03,1.454689621925354
2006-03-04,0.0006916781421750784
2006-03-05,0.0
2006-03-06,0.0
2006-03-07,0.0
2006-03-08,0.0
2006-03-09,2.2272987365722656
2006-03-10,2.8693227767944336
2006-03-11,2.616615056991577
2006-03-12,5.818865776062012
2006-03-13,0.15314196050167084
2006-03-14,0.0
2006-03-15,0.0
2006-03-16,0.0
2006-03-17,0.16461928188800812
2006-03-18,6.702136039733887
2006-03-19,0.0
2006-03-20,1.7922190427780151
2006-03-21,0.08964655548334122
2006-03-22,5.234145641326904
2006-03-23,9.662141799926758
2006-03-24,0.21328814327716827
2006-03-25,0.532617449760437
2006-03-26,0.0
2006-03-27,0.0
2006-03-28,0.6712518334388733
2006-03-29,1.3572026491165161
2006-03-30,0.0
2006-03-31,0.0
2006-04-01,0.14317448437213898
2006-04-02,8.529508590698242
2006-04-03,2.275663375854492
2006-04-04,0.0
2006-04-05,0.0
2006-04-06,0.0
2006-04-07,0.0
2006-04-08,0.0
2006-04-09,0.0
2006-04-10,0.0
2006-04-11,0.0
2006-04-12,0.0
2006-04-13,0.0
2006-04-14,0.0
2006-04-15,0.0
2006-04-16,0.0
2006-04-17,0.0
2006-04-18,0.0
2006-04-19,0.0
2006-04-20,0.0
2006-04-21,0.0
2006-04-22,0.0
2006-04-23,0.0
2006-04-24,0.0
2006-04-25,0.0
2006-04-26,0.0
2006-04-27,0.0
2006-04-28,0.0
2006-04-29,0.0
2006-04-30,0.0
2006-05-01,0.0
2006-05-02,0.0
2006-05-03,0.0
2006-05-04,0.0
2006-05-05,0.0
2006-05-06,0.0
2006-05-07,0.0
2006-05-08,0.0
2006-05-09,0.0
2006-05-10,0.0
2006-05-11,0.0
2006-05-12,0.0
2006-05-13,0.0
2006-05-14,0.0
2006-05-15,0.0
2006-05-16,0.0
2006-05-17,0.0
2006-05-18,0.0
2006-05-19,0.0
2006-05-20,0.0
2006-05-21,0.8048674464225769
2006-05-22,0.8048674464225769
2006-05-23,0.8048674464225769
2006-05-24,0.8048674464225769
2006-05-25,0.8048674464225769
2006-05-26,0.0
2006-05-27,0.0
2006-05-28,0.0
2006-05-29,0.0
2006-05-30,0.0
2006-05-31,0.0
2006-06-01,0.0
2006-06-02,0.0
2006-06-03,0.0
2006-06-04,0.0
2006-06-05,0.0
2006-06-06,0.0
2006-06-07,0.0
2006-06-08,0.0
2006-06-09,0.0
2006-06-10,0.0
2006-06-11,0.0
2006-06-12,0.0
2006-06-13,0.0
2006-06-14,0.0
2006-06-15,0.0
2006-06-16,0.0
2006-06-17,0.0
2006-06-18,0.0
2006-06-19,0.0
2006-06-20,0.0
2006-06-21,0.0
2006-06-22,0.0
2006-06-23,0.0
2006-06-24,0.0
2006-06-25,0.0
2006-06-26,0.0
2006-06-27,0.0
2006-06-28,0.0
2006-06-29,0.0
2006-06-30,0.0
2006-07-01,0.0
2006-07-02,0.0
2006-07-03,0.0
2006-07-04,0.0
2006-07-05,0.0
2006-07-06,0.0
2006-07-07,0.0
2006-07-08,0.0
2006-07-09,0.0
2006-07-10,0.0
2006-07-11,0.0
2006-07-12,0.0
2006-07-13,0.0
2006-07-14,0.0
2006-07-15,0.0
2006-07-16,0.0
2006-07-17,0.0
2006-07-18,0.0
2006-07-19,0.0
2006-07-20,0.0
2006-07-21,0.0
2006-07-22,0.0
2006-07-23,0.0
2006-07-24,0.0
2006-07-25,0.0
2006-07-26,0.1909889578819275
2006-07-27,0.07290981709957123
2006-07-28,0.0
2006-07-29,0.0
2006-07-30,0.0
2006-07-31,0.0
2006-08-01,0.0
2006-08-02,0.0
2006-08-03,0.0
2006-08-04,0.0
2006-08-05,0.0
2006-08-06,0.0
2006-08-07,0.0
2006-08-08,0.0
2006-08-09,0.0
2006-08-10,0.0
2006-08-11,0.0
2006-08-12,0.0
2006-08-13,0.0
2006-08-14,0.0
2006-08-15,0.0
2006-08-16,0.1204482838511467
2006-08-17,0.1204482838511467
2006-08-18,0.1204482838511467
2006-08-19,0.1204482838511467
2006-08-20,0.1204482838511467
2006-08-21,0.0
2006-08-22,0.0
2006-08-23,0.0
2006-08-24,0.0
2006-08-25,0.0
2006-08-26,0.0
2006-08-27,0.0
2006-08-28,0.0
2006-08-29,0.0
2006-08-30,0.0
2006-08-31,0.0
2006-09-01,0.21326355636119843
2006-09-02,0.21326355636119843
2006-09-03,0.21326355636119843
2006-09-04,0.21326355636119843
2006-09-05,0.21326355636119843
2006-09-06,0.0
2006-09-07,0.0
2006-09-08,1.9011098146438599
2006-09-09,0.0
2006-09-10,0.0
2006-09-11,0.0
2006-09-12,0.0
2006-09-13,0.0
2006-09-14,0.0
2006-09-15,0.0
2006-09-16,0.0
2006-09-17,0.0
2006-09-18,0.0
2006-09-19,0.0
2006-09-20,0.0
2006-09-21,0.0
2006-09-22,0.0
2006-09-23,0.0
2006-09-24,0.0
2006-09-25,0.0
2006-09-26,0.0
2006-09-27,0.0
2006-09-28,3.8704590797424316
2006-09-29,4.400421619415283
2006-09-30,0.0
2006-10-01,0.0
2006-10-02,0.0
2006-10-03,0.0
2006-10-04,0.0
2006-10-05,0.0
2006-10-06,0.0
2006-10-07,0.0
2006-10-08,0.0
2006-10-09,0.0
2006-10-10,0.0
2006-10-11,0.0
2006-10-12,0.0
2006-10-13,0.0
2006-10-14,0.0
2006-10-15,0.0
2006-10-16,0.0
2006-10-17,0.0
2006-10-18,0.0
2006-10-19,0.0
2006-10-20,0.0
2006-10-21,0.001454460434615612
2006-10-22,0.5458504557609558
2006-10-23,0.375550240278244
2006-10-24,0.0
2006-10-25,0.0
2006-10-26,0.0
2006-10-27,0.0
2006-10-28,0.06704099476337433
2006-10-29,0.0
2006-10-30,0.14100989699363708
2006-10-31,2.3166980743408203
2006-11-01,0.0
2006-11-02,0.0
2006-11-03,3.6515822410583496
2006-11-04,0.0
2006-11-05,2.6082730293273926
2006-11-06,0.028546079993247986
2006-11-07,0.028546079993247986
2006-11-08,0.028546079993247986
2006-11-09,0.028546079993247986
2006-11-10,0.028546079993247986
2006-11-11,0.0
2006-11-12,0.0
2006-11-13,1.49947190284729
2006-11-14,1.9296722412109375
2006-11-15,2.5748205184936523
2006-11-16,0.0
2006-11-17,3.3975183963775635
2006-11-18,1.5572866201400757
2006-11-19,6.7243499755859375
2006-11-20,1.1841166019439697
2006-11-21,0.6054185032844543
2006-11-22,6.061152935028076
2006-11-23,12.634025573730469
2006-11-24,0.7586842775344849
2006-11-25,0.0
2006-11-26,0.5081239342689514
2006-11-27,0.1356920748949051
2006-11-28,0.09419257938861847
2006-11-29,0.8726687431335449
2006-11-30,0.828283965587616
2006-12-01,3.520401954650879
2006-12-02,0.07040507346391678
2006-12-03,7.886113166809082
2006-12-04,0.01708601601421833
2006-12-05,0.0
2006-12-06,0.10200890153646469
2006-12-07,0.0
2006-12-08,5.248246192932129
2006-12-09,4.201852321624756
2006-12-10,0.0
2006-12-11,0.0
2006-12-12,0.0
2006-12-13,0.6223337054252625
2006-12-14,4.045169353485107
2006-12-15,3.4228355884552
2006-12-16,0.011881758458912373
2006-12-17,7.875174522399902
2006-12-18,2.385097026824951
2006-12-19,5.20030403137207
2006-12-20,0.6768480539321899
2006-12-21,4.1066460609436035
2006-12-22,0.008023468777537346
2006-12-23,0.0
2006-12-24,4.797621726989746
2006-12-25,0.04724931716918945
2006-12-26,0.0
2006-12-27,0.0
2006-12-28,0.6175341010093689
2006-12-29,1.2960807085037231
2006-12-30,12.778206825256348
2006-12-31,0.0
2007-01-01,10.288378715515137
2007-01-02,3.242783784866333
2007-01-03,0.07980390638113022
2007-01-04,1.829118013381958
2007-01-05,1.6788465976715088
2007-01-06,11.705950736999512
2007-01-07,11.657026290893555
2007-01-08,0.20043498277664185
2007-01-09,0.0
2007-01-10,0.693429172039032
2007-01-11,4.295854091644287
2007-01-12,5.121136665344238
2007-01-13,0.7555643916130066
2007-01-14,34.85702896118164
2007-01-15,13.905604362487793
2007-01-16,22.89057731628418
2007-01-17,0.6114550232887268
2007-01-18,0.0
2007-01-19,0.0
2007-01-20,0.10259311646223068
2007-01-21,0.0
2007-01-22,1.6428595781326294
2007-01-23,4.724111557006836
2007-01-24,0.38383790850639343
2007-01-25,0.0
2007-01-26,0.0
2007-01-27,0.0
2007-01-28,0.0
2007-01-29,0.0
2007-01-30,0.0
2007-01-31,0.0
2007-02-01,0.0
2007-02-02,0.0
2007-02-03,0.0
2007-02-04,0.0
2007-02-05,0.0
2007-02-06,0.0
2007-02-07,0.9536772966384888
2007-02-08,0.541326105594635
2007-02-09,10.25256061553955
2007-02-10,0.17222188413143158
2007-02-11,0.0
2007-02-12,2.028627634048462
2007-02-13,3.669844388961792
2007-02-14,5.448065757751465
2007-02-15,0.15596359968185425
2007-02-16,1.3249692916870117
2007-02-17,0.08129521459341049
2007-02-18,0.0
2007-02-19,0.0
2007-02-20,0.0
2007-02-21,0.0
2007-02-22,0.0
2007-02-23,0.0
2007-02-24,0.0
2007-02-25,0.0
2007-02-26,0.0
2007-02-27,3.2485718727111816
2007-02-28,2.9954259395599365
2007-03-01,0.0
2007-03-02,0.11893679201602936
2007-03-03,0.18840552866458893
2007-03-04,0.5542722344398499
2007-03-05,16.240324020385742
2007-03-06,3.976334571838379
2007-03-07,1.5335826873779297
2007-03-08,2.2243282794952393
2007-03-09,8.574328422546387
2007-03-10,9.60802173614502
2007-03-11,1.9998719692230225
2007-03-12,0.0
2007-03-13,0.013216018676757812
2007-03-14,4.957235336303711
2007-03-15,1.065016269683838
2007-03-16,11.827184677124023
2007-03-17,9.919997215270996
2007-03-18,0.542457640171051
2007-03-19,0.0
2007-03-20,0.0
2007-03-21,0.17029480636119843
2007-03-22,0.0
2007-03-23,0.0
2007-03-24,0.12591853737831116
2007-03-25,4.991754055023193
2007-03-26,0.0
2007-03-27,0.0
2007-03-28,7.368528842926025
2007-03-29,3.1678974628448486
2007-03-30,0.0
2007-03-31,0.0
2007-04-01,0.0
2007-04-02,0.5845667719841003
2007-04-03,6.430234432220459
2007-04-04,0.0
2007-04-05,0.0
2007-04-06,0.0
2007-04-07,0.0
2007-04-08,0.0
2007-04-09,0.0
2007-04-10,0.0
2007-04-11,2.251197576522827
2007-04-12,5.190777778625488
2007-04-13,0.0
2007-04-14,0.07441975921392441
2007-04-15,0.037209879606962204
2007-04-16,0.034196894615888596
2007-04-17,1.4413971900939941
2007-04-18,1.8586031198501587
2007-04-19,0.0
2007-04-20,0.0
2007-04-21,0.0
2007-04-22,0.0
2007-04-23,0.0
2007-04-24,0.0
2007-04-25,0.0
2007-04-26,0.02744651585817337
2007-04-27,2.607419013977051
2007-04-28,0.0
2007-04-29,0.0
2007-04-30,0.0
2007-05-01,0.0
2007-05-02,0.0
2007-05-03,0.0
2007-05-04,0.0
2007-05-05,0.0
2007-05-06,20.534114837646484
2007-05-07,0.0
2007-05-08,0.0
2007-05-09,0.0
2007-05-10,0.0
2007-05-11,0.0
2007-05-12,0.0
2007-05-13,0.0
2007-05-14,0.0
2007-05-15,0.0
2007-05-16,0.0
2007-05-17,0.0
2007-05-18,0.0
2007-05-19,0.0
2007-05-20,0.0
2007-05-21,0.0
2007-05-22,2.7513086795806885
2007-05-23,2.665330410003662
2007-05-24,0.0
2007-05-25,0.0
2007-05-26,0.0
2007-05-27,0.0
2007-05-28,0.0
2007-05-29,0.0
2007-05-30,0.0
2007-05-31,1.0073789358139038
2007-06-01,0.0
2007-06-02,10.862236976623535
2007-06-03,0.0
2007-06-04,0.0
2007-06-05,0.0
2007-06-06,0.13779036700725555
2007-06-07,0.13779036700725555
2007-06-08,0.13779036700725555
2007-06-09,0.13779036700725555
2007-06-10,0.13779036700725555
2007-06-11,0.06452467292547226
2007-06-12,0.06452467292547226
2007-06-13,0.06452467292547226
2007-06-14,0.06452467292547226
2007-06-15,0.06452467292547226
2007-06-16,0.17929698526859283
2007-06-17,0.17929698526859283
2007-06-18,0.17929698526859283
2007-06-19,0.17929698526859283
2007-06-20,0.17929698526859283
2007-06-21,0.0
2007-06-22,0.0
2007-06-23,0.0
2007-06-24,0.3329227566719055
2007-06-25,0.41210442781448364
2007-06-26,0.0
2007-06-27,0.0
2007-06-28,0.0
2007-06-29,0.0
2007-06-30,0.0
2007-07-01,0.0
2007-07-02,0.0
2007-07-03,0.0
2007-07-04,0.0
2007-07-05,0.0
2007-07-06,0.06341453641653061
2007-07-07,0.06341453641653061
2007-07-08,0.06341453641653061
2007-07-09,0.06341453641653061
2007-07-10,0.06341453641653061
2007-07-11,0.0
2007-07-12,0.0
2007-07-13,0.0
2007-07-14,0.0
2007-07-15,0.0
2007-07-16,0.0
2007-07-17,0.0
2007-07-18,0.0
2007-07-19,0.0
2007-07-20,0.11844634264707565
2007-07-21,0.0
2007-07-22,0.0
2007-07-23,0.0
2007-07-24,0.0
2007-07-25,0.0
2007-07-26,0.0
2007-07-27,0.0
2007-07-28,0.0
2007-07-29,0.0
2007-07-30,0.0743182823061943
2007-07-31,0.11678588390350342
2007-08-01,0.19543743133544922
2007-08-02,0.0325729064643383
2007-08-03,0.0325729064643383
2007-08-04,0.0325729064643383
2007-08-05,0.0325729064643383
2007-08-06,0.2106059044599533
2007-08-07,0.2106059044599533
2007-08-08,0.2106059044599533
2007-08-09,0.2106059044599533
2007-08-10,0.2106059044599533
2007-08-11,0.08867670595645905
2007-08-12,0.08867670595645905
2007-08-13,0.08867670595645905
2007-08-14,0.08867670595645905
2007-08-15,0.08867670595645905
2007-08-16,0.0
2007-08-17,0.0
2007-08-18,0.0
2007-08-19,0.0
2007-08-20,0.0
2007-08-21,0.0
2007-08-22,0.0
2007-08-23,0.0
2007-08-24,0.0
2007-08-25,0.0
2007-08-26,0.0
2007-08-27,0.0
2007-08-28,0.0
2007-08-29,0.0
2007-08-30,0.0
2007-08-31,0.0
2007-09-01,0.0
2007-09-02,0.0
2007-09-03,0.0
2007-09-04,0.0
2007-09-05,0.0
2007-09-06,0.0
2007-09-07,0.0
2007-09-08,0.0
2007-09-09,0.0
2007-09-10,0.0
2007-09-11,0.0
2007-09-12,0.0
2007-09-13,0.0
2007-09-14,0.0
2007-09-15,0.0
2007-09-16,0.0
2007-09-17,0.0
2007-09-18,0.0
2007-09-19,0.0
2007-09-20,0.0
2007-09-21,0.6858046650886536
2007-09-22,0.6858046650886536
2007-09-23,4.114828109741211
2007-09-24,0.6858046650886536
2007-09-25,0.6858046650886536
2007-09-26,0.029892146587371826
2007-09-27,0.0
2007-09-28,0.0
2007-09-29,1.110741376876831
2007-09-30,2.5407984256744385
2007-10-01,0.7890307307243347
2007-10-02,0.6529909372329712
2007-10-03,0.0
2007-10-04,0.8978625535964966
2007-10-05,1.1971502304077148
2007-10-06,0.43161672353744507
2007-10-07,0.0
2007-10-08,0.025451600551605225
2007-10-09,0.06468947976827621
2007-10-10,0.25451600551605225
2007-10-11,0.0
2007-10-12,0.0
2007-10-13,0.0
2007-10-14,0.0
2007-10-15,0.0
2007-10-16,0.0
2007-10-17,3.9040820598602295
2007-10-18,0.20066334307193756
2007-10-19,0.0
2007-10-20,0.613793671131134
2007-10-21,8.821329116821289
2007-10-22,0.5443853139877319
2007-10-23,0.0
2007-10-24,0.23811137676239014
2007-10-25,0.0
2007-10-26,0.0
2007-10-27,0.0
2007-10-28,3.7733781337738037
2007-10-29,6.791382789611816
2007-10-30,4.249058246612549
2007-10-31,1.9255491495132446
2007-11-01,0.0
2007-11-02,0.0
2007-11-03,0.0
2007-11-04,0.0
2007-11-05,0.0
2007-11-06,0.0
2007-11-07,0.0
2007-11-08,0.0
2007-11-09,0.0
2007-11-10,0.0
2007-11-11,0.0
2007-11-12,0.0
2007-11-13,0.0
2007-11-14,0.0
2007-11-15,0.0
2007-11-16,0.006811192259192467
2007-11-17,0.0
2007-11-18,0.34756720066070557
2007-11-19,20.675683975219727
2007-11-20,0.1731768399477005
2007-11-21,0.0
2007-11-22,0.0
2007-11-23,1.7455717325210571
2007-11-24,0.0
2007-11-25,0.0
2007-11-26,0.0
2007-11-27,0.0
2007-11-28,3.5777618885040283
2007-11-29,5.102550983428955
2007-11-30,2.091707944869995
2007-12-01,2.7291953563690186
2007-12-02,6.549322605133057
2007-12-03,6.347120761871338
2007-12-04,3.5487232208251953
2007-12-05,0.499776691198349
2007-12-06,0.0
2007-12-07,0.0
2007-12-08,0.0
2007-12-09,0.0
2007-12-10,0.0
2007-12-11,0.0
2007-12-12,0.0
2007-12-13,0.0
2007-12-14,0.0
2007-12-15,0.0
2007-12-16,21.557435989379883
2007-12-17,11.596786499023438
2007-12-18,2.16971755027771
2007-12-19,0.0
2007-12-20,0.0
2007-12-21,0.916735053062439
2007-12-22,2.182356357574463
2007-12-23,7.67559289932251
2007-12-24,13.000073432922363
2007-12-25,0.054206013679504395
2007-12-26,0.0
2007-12-27,0.0
2007-12-28,0.0
2007-12-29,0.0
2007-12-30,0.0
2007-12-31,0.0
2008-01-01,5.915124416351318
2008-01-02,0.0
2008-01-03,0.49311426281929016
2008-01-04,15.498944282531738
2008-01-05,2.545022487640381
2008-01-06,0.5783461332321167
2008-01-07,1.9647579193115234
2008-01-08,9.003597259521484
2008-01-09,0.1722434014081955
2008-01-10,6.703746795654297
2008-01-11,0.5930596590042114
2008-01-12,0.08393409848213196
2008-01-13,0.0
2008-01-14,0.21636344492435455
2008-01-15,4.870565414428711
2008-01-16,0.32150164246559143
2008-01-17,8.49850845336914
2008-01-18,0.14169956743717194
2008-01-19,18.342958450317383
2008-01-20,0.0
2008-01-21,0.0
2008-01-22,10.344481468200684
2008-01-23,0.46230095624923706
2008-01-24,9.290477752685547
2008-01-25,4.891012668609619
2008-01-26,15.252298355102539
2008-01-27,0.4548642039299011
2008-01-28,10.620580673217773
2008-01-29,3.023089647293091
2008-01-30,30.586135864257812
2008-01-31,3.2894413471221924
2008-02-01,0.0
2008-02-02,0.0
2008-02-03,0.0
2008-02-04,0.0
2008-02-05,0.0
2008-02-06,0.0
2008-02-07,0.0
2008-02-08,0.0
2008-02-09,0.0
2008-02-10,0.0
2008-02-11,0.0
2008-02-12,0.0
2008-02-13,0.0
2008-02-14,0.0
2008-02-15,0.0
2008-02-16,0.24964748322963715
2008-02-17,0.4540157914161682
2008-02-18,0.0
2008-02-19,0.5788394808769226
2008-02-20,11.948814392089844
2008-02-21,41.00605010986328
2008-02-22,3.117647171020508
2008-02-23,0.01718987710773945
2008-02-24,2.9235846996307373
2008-02-25,3.9035165309906006
2008-02-26,8.12454891204834
2008-02-27,1.8644098043441772
2008-02-28,0.7299804091453552
2008-02-29,0.0
2008-03-01,0.0
2008-03-02,0.0
2008-03-03,0.0
2008-03-04,0.0
2008-03-05,0.0
2008-03-06,0.0
2008-03-07,0.0
2008-03-08,0.0
2008-03-09,0.0
2008-03-10,0.0
2008-03-11,6.825882434844971
2008-03-12,5.24788236618042
2008-03-13,3.9988508224487305
2008-03-14,7.696763038635254
2008-03-15,0.0
2008-03-16,0.0
2008-03-17,0.0
2008-03-18,0.0
2008-03-19,0.1354203075170517
2008-03-20,1.5812486410140991
2008-03-21,3.7450597286224365
2008-03-22,0.0
2008-03-23,3.451812982559204
2008-03-24,0.0
2008-03-25,0.0
2008-03-26,15.873259544372559
2008-03-27,7.828617572784424
2008-03-28,20.33592414855957
2008-03-29,12.342735290527344
2008-03-30,1.0803332328796387
2008-03-31,0.6325182914733887
2008-04-01,0.0
2008-04-02,0.0
2008-04-03,0.0
2008-04-04,0.0
2008-04-05,0.0
2008-04-06,0.0
2008-04-07,0.0
2008-04-08,0.0
2008-04-09,0.0
2008-04-10,0.0
2008-04-11,0.0
2008-04-12,0.0
2008-04-13,0.0
2008-04-14,0.0
2008-04-15,0.0
2008-04-16,0.0
2008-04-17,0.0
2008-04-18,0.0
2008-04-19,0.0
2008-04-20,0.0
2008-04-21,0.0
2008-04-22,0.0
2008-04-23,0.0
2008-04-24,0.0
2008-04-25,0.0
2008-04-26,0.0
2008-04-27,0.0
2008-04-28,0.0
2008-04-29,0.0
2008-04-30,0.0
2008-05-01,0.0
2008-05-02,0.0
2008-05-03,0.0
2008-05-04,0.0
2008-05-05,0.0
2008-05-06,0.0
2008-05-07,0.0
2008-05-08,0.0
2008-05-09,0.0
2008-05-10,0.0
2008-05-11,3.4887259006500244
2008-05-12,1.3974820375442505
2008-05-13,0.0
2008-05-14,0.0
2008-05-15,0.0
2008-05-16,0.0
2008-05-17,0.0
2008-05-18,0.0
2008-05-19,0.0
2008-05-20,0.0
2008-05-21,0.0
2008-05-22,0.0
2008-05-23,0.0
2008-05-24,0.0
2008-05-25,0.0
2008-05-26,0.0
2008-05-27,0.0
2008-05-28,0.0
2008-05-29,0.0
2008-05-30,0.0
2008-05-31,0.0
2008-06-01,0.0
2008-06-02,0.0
2008-06-03,0.0
2008-06-04,0.0
2008-06-05,0.0
2008-06-06,0.0
2008-06-07,0.0
2008-06-08,0.0
2008-06-09,0.0
2008-06-10,0.0
2008-06-11,0.0
2008-06-12,0.0
2008-06-13,0.0
2008-06-14,0.0
2008-06-15,0.0
2008-06-16,0.1287374645471573
2008-06-17,0.1287374645471573
2008-06-18,0.1287374645471573
2008-06-19,0.1287374645471573
2008-06-20,0.1287374645471573
2008-06-21,0.0
2008-06-22,0.0
2008-06-23,0.0
2008-06-24,0.0
2008-06-25,0.0
2008-06-26,0.0
2008-06-27,0.0
2008-06-28,0.0
2008-06-29,0.0
2008-06-30,0.0
2008-07-01,0.0
2008-07-02,0.0
2008-07-03,0.0
2008-07-04,0.0
2008-07-05,0.0
2008-07-06,0.0
2008-07-07,0.0
2008-07-08,0.0
2008-07-09,0.0
2008-07-10,0.0
2008-07-11,0.0
2008-07-12,0.0
2008-07-13,0.0
2008-07-14,0.0
2008-07-15,0.0
2008-07-16,0.0
2008-07-17,0.0
2008-07-18,0.0
2008-07-19,0.0
2008-07-20,0.0
2008-07-21,0.0
2008-07-22,0.0
2008-07-23,0.0
2008-07-24,0.0
2008-07-25,0.0
2008-07-26,0.0
2008-07-27,0.0
2008-07-28,0.0
2008-07-29,0.0
2008-07-30,0.0
2008-07-31,0.0
2008-08-01,0.0
2008-08-02,0.0
2008-08-03,0.0
2008-08-04,0.0
2008-08-05,0.0
2008-08-06,0.0
2008-08-07,0.0
2008-08-08,0.0
2008-08-09,0.0
2008-08-10,0.0
2008-08-11,0.0
2008-08-12,0.0
2008-08-13,0.0
2008-08-14,0.0
2008-08-15,0.0
2008-08-16,0.0
2008-08-17,0.2616990804672241
2008-08-18,0.0
2008-08-19,0.0
2008-08-20,0.0
2008-08-21,0.0
2008-08-22,0.0
2008-08-23,0.0
2008-08-24,0.0
2008-08-25,0.0
2008-08-26,0.0
2008-08-27,0.0
2008-08-28,0.0
2008-08-29,0.0
2008-08-30,0.0
2008-08-31,0.0
2008-09-01,0.0
2008-09-02,0.0
2008-09-03,0.0
2008-09-04,0.0
2008-09-05,0.0
2008-09-06,0.0
2008-09-07,0.0
2008-09-08,0.0
2008-09-09,0.0
2008-09-10,0.0
2008-09-11,0.0
2008-09-12,0.0
2008-09-13,0.0
2008-09-14,0.0
2008-09-15,0.0
2008-09-16,0.0
2008-09-17,0.0
2008-09-18,0.0
2008-09-19,0.0
2008-09-20,0.0
2008-09-21,0.0
2008-09-22,0.0
2008-09-23,0.0
2008-09-24,0.0
2008-09-25,0.0
2008-09-26,0.0
2008-09-27,0.0
2008-09-28,0.0
2008-09-29,0.0
2008-09-30,0.0
2008-10-01,0.0
2008-10-02,0.0
2008-10-03,0.0
2008-10-04,0.0
2008-10-05,0.0
2008-10-06,0.0
2008-10-07,0.0
2008-10-08,0.0
2008-10-09,0.0
2008-10-10,0.0
2008-10-11,0.0
2008-10-12,0.0
2008-10-13,0.0
2008-10-14,0.0
2008-10-15,0.0
2008-10-16,0.0
2008-10-17,0.0
2008-10-18,0.0
2008-10-19,0.0
2008-10-20,0.0
2008-10-21,0.0
2008-10-22,0.0
2008-10-23,0.0
2008-10-24,0.0
2008-10-25,0.0
2008-10-26,0.0
2008-10-27,0.0
2008-10-28,0.0
2008-10-29,0.0
2008-10-30,0.0
2008-10-31,0.0
2008-11-01,0.0
2008-11-02,0.0
2008-11-03,0.0
2008-11-04,0.0
2008-11-05,0.0
2008-11-06,0.0
2008-11-07,0.0
2008-11-08,0.0
2008-11-09,0.535218358039856
2008-11-10,1.2216042280197144
2008-11-11,0.0
2008-11-12,0.0
2008-11-13,0.0
2008-11-14,0.0
2008-11-15,0.0
2008-11-16,0.0
2008-11-17,0.0
2008-11-18,0.0
2008-11-19,0.0
2008-11-20,0.0
2008-11-21,0.007749767508357763
2008-11-22,0.1933218091726303
2008-11-23,0.2168845534324646
2008-11-24,0.05987061560153961
2008-11-25,1.1651238203048706
2008-11-26,0.0252991896122694
2008-11-27,0.07489931583404541
2008-11-28,0.29094067215919495
2008-11-29,0.8057183623313904
2008-11-30,3.8039491176605225
2008-12-01,0.0
2008-12-02,0.0
2008-12-03,0.0
2008-12-04,0.0
2008-12-05,0.0
2008-12-06,0.7326135039329529
2008-12-07,0.0
2008-12-08,3.5618295669555664
2008-12-09,2.6971588134765625
2008-12-10,4.532891273498535
2008-12-11,12.632308006286621
2008-12-12,0.0
2008-12-13,0.014293018728494644
2008-12-14,4.224536418914795
2008-12-15,5.006710529327393
2008-12-16,1.021687626838684
2008-12-17,1.4898593425750732
2008-12-18,1.8030329942703247
2008-12-19,10.018787384033203
2008-12-20,8.341212272644043
2008-12-21,15.96638011932373
2008-12-22,3.84419584274292
2008-12-23,0.802498459815979
2008-12-24,6.359155654907227
2008-12-25,23.60612678527832
2008-12-26,1.7599103450775146
2008-12-27,0.6152005195617676
2008-12-28,10.46619987487793
2008-12-29,3.2679860591888428
2008-12-30,0.25326040387153625
2008-12-31,0.980105996131897
2009-01-01,7.51686954498291
2009-01-02,12.149374008178711
2009-01-03,0.4107007682323456
2009-01-04,1.6004687547683716
2009-01-05,2.574810266494751
2009-01-06,0.0
2009-01-07,0.0
2009-01-08,0.0
2009-01-09,0.0
2009-01-10,0.0
2009-01-11,1.8628411293029785
2009-01-12,0.1447656899690628
2009-01-13,0.8337342143058777
2009-01-14,7.4132490158081055
2009-01-15,0.1998773217201233
2009-01-16,1.770246148109436
2009-01-17,0.013047854416072369
2009-01-18,5.804893493652344
2009-01-19,10.721915245056152
2009-01-20,0.7593356966972351
2009-01-21,0.0
2009-01-22,0.0
2009-01-23,0.0
2009-01-24,0.0
2009-01-25,0.0
2009-01-26,0.0
2009-01-27,0.0024224375374615192
2009-01-28,0.5184016227722168
2009-01-29,0.0
2009-01-30,0.0
2009-01-31,0.0
2009-02-01,2.2237212657928467
2009-02-02,0.4141295552253723
2009-02-03,0.4141295552253723
2009-02-04,0.6751853823661804
2009-02-05,0.4141295552253723
2009-02-06,8.174914360046387
2009-02-07,0.5890223383903503
2009-02-08,1.2894693613052368
2009-02-09,10.304278373718262
2009-02-10,4.033183574676514
2009-02-11,0.34474581480026245
2009-02-12,0.030963174998760223
2009-02-13,0.18016977608203888
2009-02-14,11.543879508972168
2009-02-15,0.4403277635574341
2009-02-16,7.748332977294922
2009-02-17,0.0
2009-02-18,0.0840195044875145
2009-02-19,8.286443710327148
2009-02-20,5.905412673950195
2009-02-21,0.05674273148179054
2009-02-22,0.0
2009-02-23,0.0
2009-02-24,0.5451529026031494
2009-02-25,16.186920166015625
2009-02-26,0.942608118057251
2009-02-27,2.7946932315826416
2009-02-28,3.6345865726470947
2009-03-01,7.028486251831055
2009-03-02,7.861334800720215
2009-03-03,0.5435693860054016
2009-03-04,2.924206495285034
2009-03-05,2.9722542762756348
2009-03-06,0.0
2009-03-07,0.0
2009-03-08,4.946619033813477
2009-03-09,5.916167259216309
2009-03-10,0.0
2009-03-11,0.0
2009-03-12,0.0
2009-03-13,0.0
2009-03-14,0.0
2009-03-15,0.0
2009-03-16,0.0
2009-03-17,0.053419336676597595
2009-03-18,4.828719139099121
2009-03-19,15.396799087524414
2009-03-20,2.9813663959503174
2009-03-21,0.0
2009-03-22,0.0
2009-03-23,0.0
2009-03-24,0.0
2009-03-25,0.0
2009-03-26,0.0
2009-03-27,0.0
2009-03-28,0.0
2009-03-29,0.0
2009-03-30,0.0
2009-03-31,0.0
2009-04-01,0.0
2009-04-02,0.0
2009-04-03,0.0
2009-04-04,0.0
2009-04-05,0.0
2009-04-06,0.0005955208907835186
2009-04-07,1.3774964809417725
2009-04-08,0.5678433179855347
2009-04-09,0.5302406549453735
2009-04-10,0.0
2009-04-11,0.0
2009-04-12,0.0
2009-04-13,0.0
2009-04-14,0.0
2009-04-15,0.0
2009-04-16,0.0
2009-04-17,0.0
2009-04-18,0.0
2009-04-19,0.0
2009-04-20,0.0
2009-04-21,0.0
2009-04-22,0.0
2009-04-23,0.0
2009-04-24,0.0
2009-04-25,0.0
2009-04-26,0.0
2009-04-27,0.0
2009-04-28,0.0
2009-04-29,0.0
2009-04-30,0.0
2009-05-01,0.0
2009-05-02,0.0
2009-05-03,0.0
2009-05-04,0.0
2009-05-05,0.0
2009-05-06,0.0
2009-05-07,0.0
2009-05-08,0.0
2009-05-09,0.0
2009-05-10,0.0
2009-05-11,0.0
2009-05-12,0.0
2009-05-13,0.0
2009-05-14,0.0
2009-05-15,0.0
2009-05-16,0.0
2009-05-17,0.0
2009-05-18,0.0
2009-05-19,0.0
2009-05-20,0.0
2009-05-21,0.0
2009-05-22,0.0
2009-05-23,0.0
2009-05-24,0.0
2009-05-25,0.0
2009-05-26,0.0
2009-05-27,0.0
2009-05-28,0.0
2009-05-29,0.0
2009-05-30,0.0
2009-05-31,0.0
2009-06-01,0.0
2009-06-02,0.0
2009-06-03,0.0
2009-06-04,0.0
2009-06-05,0.0
2009-06-06,0.0
2009-06-07,0.0
2009-06-08,0.0
2009-06-09,0.0
2009-06-10,0.0
2009-06-11,0.0
2009-06-12,0.0
2009-06-13,0.0
2009-06-14,0.0
2009-06-15,0.0
2009-06-16,0.0
2009-06-17,0.0
2009-06-18,0.0
2009-06-19,0.0
2009-06-20,0.0
2009-06-21,0.0
2009-06-22,0.0
2009-06-23,0.0
2009-06-24,0.0
2009-06-25,0.0
2009-06-26,0.0
2009-06-27,0.0
2009-06-28,0.0
2009-06-29,0.0
2009-06-30,0.0
2009-07-01,0.0
2009-07-02,0.0
2009-07-03,0.0
2009-07-04,0.0
2009-07-05,0.0
2009-07-06,0.0
2009-07-07,0.0
2009-07-08,0.0
2009-07-09,0.0
2009-07-10,0.0
2009-07-11,0.0
2009-07-12,0.0
2009-07-13,0.0
2009-07-14,0.0
2009-07-15,0.0
2009-07-16,0.08328531682491302
2009-07-17,0.0
2009-07-18,0.0
2009-07-19,0.0
2009-07-20,0.0
2009-07-21,0.0
2009-07-22,0.0
2009-07-23,0.0
2009-07-24,0.0
2009-07-25,0.0
2009-07-26,0.022477617487311363
2009-07-27,0.022477617487311363
2009-07-28,0.022477617487311363
2009-07-29,0.022477617487311363
2009-07-30,0.022477617487311363
2009-07-31,0.022477617487311363
2009-08-01,0.14350435137748718
2009-08-02,0.023917391896247864
2009-08-03,0.023917391896247864
2009-08-04,0.023917391896247864
2009-08-05,0.023917391896247864
2009-08-06,0.0
2009-08-07,0.0
2009-08-08,0.0
2009-08-09,0.0
2009-08-10,0.0
2009-08-11,0.0
2009-08-12,0.0
2009-08-13,0.0
2009-08-14,0.0
2009-08-15,0.0
2009-08-16,0.0
2009-08-17,0.0
2009-08-18,0.0
2009-08-19,0.0
2009-08-20,0.0
2009-08-21,0.0
2009-08-22,0.0
2009-08-23,0.0
2009-08-24,0.0
2009-08-25,0.0
2009-08-26,0.0
2009-08-27,0.0
2009-08-28,0.0
2009-08-29,0.0
2009-08-30,0.0
2009-08-31,0.0
2009-09-01,0.0
2009-09-02,0.0
2009-09-03,0.0
2009-09-04,0.0
2009-09-05,0.0
2009-09-06,0.0
2009-09-07,0.0
2009-09-08,0.0
2009-09-09,0.0
2009-09-10,0.0
2009-09-11,0.7008043527603149
2009-09-12,0.7008043527603149
2009-09-13,0.7008043527603149
2009-09-14,0.7008043527603149
2009-09-15,0.7008043527603149
2009-09-16,0.0
2009-09-17,0.0
2009-09-18,0.0
2009-09-19,0.0
2009-09-20,0.0
2009-09-21,0.0
2009-09-22,0.0
2009-09-23,0.0
2009-09-24,0.0
2009-09-25,0.0
2009-09-26,0.0
2009-09-27,0.0
2009-09-28,0.0
2009-09-29,0.0
2009-09-30,0.0
2009-10-01,0.0
2009-10-02,0.0
2009-10-03,2.167048215866089
2009-10-04,0.0
2009-10-05,7.671105861663818
2009-10-06,0.0
2009-10-07,0.0
2009-10-08,0.0
2009-10-09,0.0
2009-10-10,0.2682131230831146
2009-10-11,0.0
2009-10-12,0.0
2009-10-13,0.0
2009-10-14,0.0
2009-10-15,0.0
2009-10-16,0.0
2009-10-17,0.0
2009-10-18,0.0
2009-10-19,0.0
2009-10-20,0.0
2009-10-21,0.0
2009-10-22,0.0
2009-10-23,0.0
2009-10-24,0.0
2009-10-25,0.0
2009-10-26,0.0
2009-10-27,0.0
2009-10-28,0.0
2009-10-29,0.0
2009-10-30,0.0
2009-10-31,0.0
2009-11-01,0.0
2009-11-02,0.15229830145835876
2009-11-03,0.0
2009-11-04,0.0
2009-11-05,2.3780391216278076
2009-11-06,0.0
2009-11-07,4.976781845092773
2009-11-08,0.0
2009-11-09,0.0
2009-11-10,1.144213318824768
2009-11-11,0.0047739907167851925
2009-11-12,0.001591330161318183
2009-11-13,4.103580474853516
2009-11-14,1.6961719989776611
2009-11-15,0.5528377890586853
2009-11-16,0.047397393733263016
2009-11-17,0.0
2009-11-18,0.6994535326957703
2009-11-19,2.005559206008911
2009-11-20,2.3887441158294678
2009-11-21,0.5085611343383789
2009-11-22,0.015105776488780975
2009-11-23,0.0
2009-11-24,0.0
2009-11-25,0.0
2009-11-26,0.024978064000606537
2009-11-27,0.7848070859909058
2009-11-28,0.4880821704864502
2009-11-29,5.963677406311035
2009-11-30,0.9427542090415955
2009-12-01,1.5323114395141602
2009-12-02,0.8087303042411804
2009-12-03,3.204040050506592
2009-12-04,3.164703845977783
2009-12-05,0.0
2009-12-06,0.06899008899927139
2009-12-07,0.0
2009-12-08,0.0
2009-12-09,0.09180101752281189
2009-12-10,4.566572189331055
2009-12-11,0.39383843541145325
2009-12-12,0.02132468670606613
2009-12-13,0.009241065010428429
2009-12-14,0.03767544776201248
2009-12-15,2.297334909439087
2009-12-16,4.007260799407959
2009-12-17,14.704052925109863
2009-12-18,0.09851141273975372
2009-12-19,0.1980762481689453
2009-12-20,4.932913303375244
2009-12-21,5.632883548736572
2009-12-22,11.921429634094238
2009-12-23,7.933302879333496
2009-12-24,1.7739043235778809
2009-12-25,22.681713104248047
2009-12-26,3.202575922012329
2009-12-27,2.8824524879455566
2009-12-28,5.103878021240234
2009-12-29,0.3253013789653778
2009-12-30,12.972172737121582
2009-12-31,0.0
2010-01-01,0.0
2010-01-02,0.27651840448379517
2010-01-03,0.4230498671531677
2010-01-04,2.507596254348755
2010-01-05,12.207484245300293
2010-01-06,15.227635383605957
2010-01-07,8.565556526184082
2010-01-08,0.13487836718559265
2010-01-09,0.0
2010-01-10,0.0
2010-01-11,0.27069881558418274
2010-01-12,0.8236736059188843
2010-01-13,2.268526077270508
2010-01-14,5.76288366317749
2010-01-15,0.13568127155303955
2010-01-16,0.0
2010-01-17,0.09923756122589111
2010-01-18,0.09923756122589111
2010-01-19,0.0
2010-01-20,0.0
2010-01-21,0.0
2010-01-22,1.2559068202972412
2010-01-23,0.49667221307754517
2010-01-24,6.4755144119262695
2010-01-25,8.022611618041992
2010-01-26,19.001083374023438
2010-01-27,1.4395965337753296
2010-01-28,0.8373122811317444
2010-01-29,1.335615634918213
2010-01-30,2.1816256046295166
2010-01-31,2.637408971786499
2010-02-01,9.660032272338867
2010-02-02,5.303269386291504
2010-02-03,0.0
2010-02-04,0.0
2010-02-05,3.3533215522766113
2010-02-06,3.831176519393921
2010-02-07,0.0
2010-02-08,0.4654093384742737
2010-02-09,2.6451127529144287
2010-02-10,0.0
2010-02-11,5.843380928039551
2010-02-12,0.10343873500823975
2010-02-13,0.0
2010-02-14,0.0018147147493436933
2010-02-15,0.0
2010-02-16,4.301822662353516
2010-02-17,0.32862526178359985
2010-02-18,0.3374097943305969
2010-02-19,0.8215509653091431
2010-02-20,14.223870277404785
2010-02-21,26.081689834594727
2010-02-22,10.14008903503418
2010-02-23,12.661460876464844
2010-02-24,7.6755805015563965
2010-02-25,4.879225730895996
2010-02-26,3.7024497985839844
2010-02-27,7.559856414794922
2010-02-28,1.2908265590667725
2010-03-01,0.22625689208507538
2010-03-02,9.279770851135254
2010-03-03,0.0
2010-03-04,0.0
2010-03-05,2.509265422821045
2010-03-06,0.0
2010-03-07,0.0
2010-03-08,0.0
2010-03-09,3.0094778537750244
2010-03-10,8.071728706359863
2010-03-11,0.0
2010-03-12,0.0
2010-03-13,0.0
2010-03-14,0.0
2010-03-15,0.0
2010-03-16,0.0
2010-03-17,0.0
2010-03-18,4.802415370941162
2010-03-19,3.8643383979797363
2010-03-20,4.89091157913208
2010-03-21,0.0
2010-03-22,0.0
2010-03-23,0.0
2010-03-24,0.0
2010-03-25,0.0
2010-03-26,0.032320231199264526
2010-03-27,0.19068722426891327
2010-03-28,0.03591137006878853
2010-03-29,3.725651979446411
2010-03-30,1.709176778793335
2010-03-31,0.0
2010-04-01,0.0
2010-04-02,0.0
2010-04-03,0.0
2010-04-04,0.0
2010-04-05,0.0
2010-04-06,0.0
2010-04-07,0.0
2010-04-08,0.0
2010-04-09,0.0
2010-04-10,0.0
2010-04-11,0.0
2010-04-12,0.0
2010-04-13,0.0
2010-04-14,0.0
2010-04-15,0.0
2010-04-16,0.0
2010-04-17,0.0
2010-04-18,0.0
2010-04-19,0.0
2010-04-20,0.0
2010-04-21,0.0
2010-04-22,0.0
2010-04-23,0.0
2010-04-24,0.0
2010-04-25,0.0
2010-04-26,0.0
2010-04-27,0.0
2010-04-28,0.0
2010-04-29,0.0
2010-04-30,0.0
2010-05-01,0.0
2010-05-02,0.0
2010-05-03,0.0
2010-05-04,0.0
2010-05-05,0.0
2010-05-06,0.0
2010-05-07,0.0
2010-05-08,0.0
2010-05-09,0.0
2010-05-10,0.0
2010-05-11,0.0
2010-05-12,0.0
2010-05-13,0.0
2010-05-14,0.0
2010-05-15,0.0
2010-05-16,0.0
2010-05-17,0.0
2010-05-18,0.0
2010-05-19,0.0
2010-05-20,0.0
2010-05-21,0.0
2010-05-22,0.0
2010-05-23,0.0
2010-05-24,0.0
2010-05-25,0.0
2010-05-26,0.0
2010-05-27,0.0
2010-05-28,0.0
2010-05-29,0.020089559257030487
2010-05-30,0.0
2010-05-31,0.0
2010-06-01,0.09474214911460876
2010-06-02,0.09474214911460876
2010-06-03,0.09474214911460876
2010-06-04,0.5684528946876526
2010-06-05,0.09474214911460876
2010-06-06,0.0
2010-06-07,0.0
2010-06-08,0.0
2010-06-09,0.0
2010-06-10,0.0
2010-06-11,0.0
2010-06-12,0.0
2010-06-13,0.0
2010-06-14,0.0
2010-06-15,0.0
2010-06-16,0.36677563190460205
2010-06-17,0.36677563190460205
2010-06-18,0.36677563190460205
2010-06-19,0.36677563190460205
2010-06-20,0.36677563190460205
2010-06-21,0.03333546593785286
2010-06-22,0.03333546593785286
2010-06-23,0.03333546593785286
2010-06-24,0.03333546593785286
2010-06-25,0.03333546593785286
2010-06-26,0.0
2010-06-27,0.0
2010-06-28,0.0
2010-06-29,0.0
2010-06-30,0.0
2010-07-01,0.0
2010-07-02,0.0
2010-07-03,0.0
2010-07-04,0.0
2010-07-05,0.0
2010-07-06,0.0
2010-07-07,0.0
2010-07-08,0.0
2010-07-09,0.0
2010-07-10,0.0
2010-07-11,0.0
2010-07-12,0.0
2010-07-13,0.0
2010-07-14,0.0
2010-07-15,0.0
2010-07-16,0.0
2010-07-17,0.0
2010-07-18,0.0
2010-07-19,0.0
2010-07-20,0.0
2010-07-21,0.0
2010-07-22,0.0
2010-07-23,0.0
2010-07-24,0.0
2010-07-25,0.0
2010-07-26,0.0
2010-07-27,0.0
2010-07-28,0.0
2010-07-29,0.0
2010-07-30,0.0
2010-07-31,0.0
2010-08-01,0.0
2010-08-02,0.0
2010-08-03,0.0
2010-08-04,0.0
2010-08-05,0.0
2010-08-06,0.0
2010-08-07,0.0
2010-08-08,0.0
2010-08-09,0.0
2010-08-10,0.0
2010-08-11,0.0
2010-08-12,0.0
2010-08-13,0.0
2010-08-14,0.0
2010-08-15,0.0
2010-08-16,0.0
2010-08-17,0.0
2010-08-18,0.0
2010-08-19,0.0
2010-08-20,0.0
2010-08-21,0.0
2010-08-22,0.0
2010-08-23,0.0
2010-08-24,0.0
2010-08-25,0.0
2010-08-26,0.0
2010-08-27,0.0
2010-08-28,0.0
2010-08-29,0.0
2010-08-30,0.0
2010-08-31,0.0
2010-09-01,0.0
2010-09-02,0.0
2010-09-03,0.0
2010-09-04,0.0
2010-09-05,0.0
2010-09-06,0.0
2010-09-07,0.0
2010-09-08,0.0
2010-09-09,0.0
2010-09-10,0.0
2010-09-11,0.0
2010-09-12,0.0
2010-09-13,0.0
2010-09-14,0.0
2010-09-15,0.0
2010-09-16,0.0
2010-09-17,0.0
2010-09-18,0.0
2010-09-19,0.0
2010-09-20,0.0
2010-09-21,0.0
2010-09-22,0.0
2010-09-23,0.0
2010-09-24,0.0
2010-09-25,0.0
2010-09-26,0.0
2010-09-27,0.0
2010-09-28,0.0
2010-09-29,0.0
2010-09-30,0.0
2010-10-01,0.0
2010-10-02,0.0
2010-10-03,0.0
2010-10-04,0.0
2010-10-05,0.0
2010-10-06,0.0
2010-10-07,0.0
2010-10-08,0.0
2010-10-09,0.0
2010-10-10,0.0
2010-10-11,0.0
2010-10-12,0.0
2010-10-13,0.0
2010-10-14,0.0
2010-10-15,0.0
2010-10-16,0.0
2010-10-17,0.0
2010-10-18,0.0
2010-10-19,0.0
2010-10-20,0.0
2010-10-21,0.0
2010-10-22,0.0
2010-10-23,0.0
2010-10-24,0.0
2010-10-25,0.0
2010-10-26,0.0
2010-10-27,0.0
2010-10-28,0.0
2010-10-29,0.0
2010-10-30,0.0
2010-10-31,0.0
2010-11-01,0.0
2010-11-02,0.0
2010-11-03,0.0
2010-11-04,0.0
2010-11-05,0.0
2010-11-06,0.0
2010-11-07,0.0
2010-11-08,0.0
2010-11-09,0.0
2010-11-10,0.0
2010-11-11,0.0
2010-11-12,0.0
2010-11-13,0.0
2010-11-14,0.0
2010-11-15,0.0
2010-11-16,0.0
2010-11-17,0.0
2010-11-18,0.0
2010-11-19,0.0
2010-11-20,0.0
2010-11-21,0.0
2010-11-22,0.0
2010-11-23,0.0
2010-11-24,0.0
2010-11-25,0.0
2010-11-26,0.0
2010-11-27,0.0
2010-11-28,0.0
2010-11-29,0.0
2010-11-30,0.0
2010-12-01,0.0
2010-12-02,0.0
2010-12-03,0.9166113138198853
2010-12-04,22.526432037353516
2010-12-05,2.1125423908233643
2010-12-06,12.22977066040039
2010-12-07,0.0
2010-12-08,0.2089172899723053
2010-12-09,2.129812002182007
2010-12-10,0.0
2010-12-11,3.3378372192382812
2010-12-12,0.43547555804252625
2010-12-13,2.18224835395813
2010-12-14,0.0
2010-12-15,0.0
2010-12-16,0.0
2010-12-17,0.0
2010-12-18,0.0
2010-12-19,0.0
2010-12-20,0.0
2010-12-21,0.0
2010-12-22,1.443717122077942
2010-12-23,1.5021153688430786
2010-12-24,3.223137855529785
2010-12-25,7.452696800231934
2010-12-26,3.7945690155029297
2010-12-27,21.85633659362793
2010-12-28,0.14418959617614746
2010-12-29,7.745326519012451
2010-12-30,5.877798557281494
2010-12-31,5.0402374267578125
2011-01-01,0.0
2011-01-02,0.0
2011-01-03,0.0
2011-01-04,0.0
2011-01-05,0.0
2011-01-06,0.36833855509757996
2011-01-07,3.2018494606018066
2011-01-08,0.18318624794483185
2011-01-09,2.9966745376586914
2011-01-10,0.961219310760498
2011-01-11,0.4562241733074188
2011-01-12,2.113334894180298
2011-01-13,2.226369619369507
2011-01-14,3.525320053100586
2011-01-15,0.04577607661485672
2011-01-16,0.0
2011-01-17,9.526023864746094
2011-01-18,4.1498284339904785
2011-01-19,0.28184330463409424
2011-01-20,11.10682201385498
2011-01-21,0.0
2011-01-22,0.0
2011-01-23,0.0
2011-01-24,0.0
2011-01-25,0.0
2011-01-26,4.998022556304932
2011-01-27,33.48555374145508
2011-01-28,0.0
2011-01-29,2.145540237426758
2011-01-30,4.363286972045898
2011-01-31,3.868671178817749
2011-02-01,6.68257999420166
2011-02-02,0.5976240038871765
2011-02-03,7.620725154876709
2011-02-04,7.185586929321289
2011-02-05,4.025834083557129
2011-02-06,3.640115261077881
2011-02-07,4.236855983734131
2011-02-08,15.503866195678711
2011-02-09,0.0
2011-02-10,3.2368125915527344
2011-02-11,2.967848062515259
2011-02-12,0.03674812242388725
2011-02-13,0.0
2011-02-14,0.0
2011-02-15,0.05424722656607628
2011-02-16,0.35251370072364807
2011-02-17,0.2872333228588104
2011-02-18,0.04503878578543663
2011-02-19,5.9302849769592285
2011-02-20,0.0
2011-02-21,0.0
2011-02-22,12.771495819091797
2011-02-23,6.943204402923584
2011-02-24,22.480411529541016
2011-02-25,0.3358868956565857
2011-02-26,0.0
2011-02-27,0.0
2011-02-28,0.0
2011-03-01,0.0
2011-03-02,0.0
2011-03-03,0.0
2011-03-04,0.0
2011-03-05,0.0
2011-03-06,0.0
2011-03-07,0.0
2011-03-08,0.0
2011-03-09,0.0
2011-03-10,0.0
2011-03-11,0.0
2011-03-12,0.09870484471321106
2011-03-13,6.689417362213135
2011-03-14,0.0
2011-03-15,0.0
2011-03-16,0.0
2011-03-17,0.0
2011-03-18,7.3523664474487305
2011-03-19,0.0
2011-03-20,0.0
2011-03-21,1.877575159072876
2011-03-22,0.0
2011-03-23,0.0
2011-03-24,0.026410028338432312
2011-03-25,0.22466309368610382
2011-03-26,0.0
2011-03-27,2.06530499458313
2011-03-28,0.9146484136581421
2011-03-29,0.0
2011-03-30,0.10318132489919662
2011-03-31,0.0
2011-04-01,0.11976853013038635
2011-04-02,1.0839052200317383
2011-04-03,0.00045889196917414665
2011-04-04,0.0
2011-04-05,0.0
2011-04-06,0.0
2011-04-07,6.954489231109619
2011-04-08,0.15327870845794678
2011-04-09,0.0
2011-04-10,0.9451314806938171
2011-04-11,0.0
2011-04-12,0.0
2011-04-13,0.0
2011-04-14,0.0
2011-04-15,0.0
2011-04-16,0.0
2011-04-17,0.0
2011-04-18,0.0
2011-04-19,0.0
2011-04-20,0.0
2011-04-21,0.0
2011-04-22,0.0
2011-04-23,0.0
2011-04-24,0.0
2011-04-25,0.0
2011-04-26,0.0
2011-04-27,0.0
2011-04-28,0.0
2011-04-29,0.0
2011-04-30,0.0
2011-05-01,0.0
2011-05-02,0.0
2011-05-03,0.0
2011-05-04,0.0
2011-05-05,0.0
2011-05-06,0.0
2011-05-07,0.0
2011-05-08,0.0
2011-05-09,0.0
2011-05-10,0.0
2011-05-11,4.194955348968506
2011-05-12,0.1848433017730713
2011-05-13,0.0
2011-05-14,0.0
2011-05-15,0.0
2011-05-16,0.0
2011-05-17,0.0
2011-05-18,0.0
2011-05-19,0.0
2011-05-20,0.0
2011-05-21,0.0
2011-05-22,0.0
2011-05-23,0.0
2011-05-24,3.445143461227417
2011-05-25,0.0
2011-05-26,0.0
2011-05-27,0.0
2011-05-28,0.0
2011-05-29,0.0
2011-05-30,0.0
2011-05-31,0.0
2011-06-01,0.0
2011-06-02,0.0
2011-06-03,0.0
2011-06-04,0.0
2011-06-05,0.0
2011-06-06,0.0
2011-06-07,0.0
2011-06-08,0.0
2011-06-09,0.0
2011-06-10,0.0
2011-06-11,0.0
2011-06-12,0.0
2011-06-13,0.0
2011-06-14,0.0
2011-06-15,0.0
2011-06-16,0.12919174134731293
2011-06-17,0.12919174134731293
2011-06-18,0.12919174134731293
2011-06-19,0.12919174134731293
2011-06-20,0.12919174134731293
2011-06-21,0.0
2011-06-22,0.0
2011-06-23,0.0
2011-06-24,0.0
2011-06-25,0.0
2011-06-26,0.0
2011-06-27,0.0
2011-06-28,0.0
2011-06-29,0.0
2011-06-30,0.0
2011-07-01,0.0
2011-07-02,0.0
2011-07-03,0.0
2011-07-04,0.0
2011-07-05,0.0
2011-07-06,0.0
2011-07-07,0.0
2011-07-08,0.0
2011-07-09,0.0
2011-07-10,0.0
2011-07-11,0.0
2011-07-12,0.0
2011-07-13,0.0
2011-07-14,0.0
2011-07-15,0.0
2011-07-16,0.0
2011-07-17,0.0
2011-07-18,0.0
2011-07-19,0.0
2011-07-20,0.0
2011-07-21,0.0
2011-07-22,0.0
2011-07-23,0.0
2011-07-24,0.0
2011-07-25,0.0
2011-07-26,0.014004429802298546
2011-07-27,0.014004429802298546
2011-07-28,0.014004429802298546
2011-07-29,0.014004429802298546
2011-07-30,0.014004429802298546
2011-07-31,0.09803099930286407
2011-08-01,0.0
2011-08-02,0.0
2011-08-03,0.0
2011-08-04,0.0
2011-08-05,0.0
2011-08-06,0.0
2011-08-07,0.0
2011-08-08,0.0
2011-08-09,0.0
2011-08-10,0.0
2011-08-11,0.0
2011-08-12,0.0
2011-08-13,0.0
2011-08-14,0.0
2011-08-15,0.0
2011-08-16,0.0860292911529541
2011-08-17,0.0860292911529541
2011-08-18,0.0860292911529541
2011-08-19,0.0860292911529541
2011-08-20,0.0860292911529541
2011-08-21,0.019990580156445503
2011-08-22,0.019990580156445503
2011-08-23,0.019990580156445503
2011-08-24,0.019990580156445503
2011-08-25,0.019990580156445503
2011-08-26,0.0
2011-08-27,0.0
2011-08-28,0.0
2011-08-29,0.0
2011-08-30,0.0
2011-08-31,0.0
2011-09-01,0.0
2011-09-02,0.0
2011-09-03,0.0
2011-09-04,0.0
2011-09-05,0.0
2011-09-06,0.0
2011-09-07,0.0
2011-09-08,0.0
2011-09-09,0.0
2011-09-10,0.0
2011-09-11,0.0
2011-09-12,0.0
2011-09-13,0.0
2011-09-14,0.0
2011-09-15,0.0
2011-09-16,0.0
2011-09-17,0.0
2011-09-18,0.0
2011-09-19,0.0
2011-09-20,0.0
2011-09-21,0.0
2011-09-22,0.0
2011-09-23,0.0
2011-09-24,0.0
2011-09-25,0.0
2011-09-26,0.0
2011-09-27,0.0
2011-09-28,0.0
2011-09-29,0.0
2011-09-30,0.0
2011-10-01,0.0
2011-10-02,0.0
2011-10-03,0.0
2011-10-04,0.0
2011-10-05,0.0
2011-10-06,0.0
2011-10-07,0.0
2011-10-08,0.0
2011-10-09,0.0
2011-10-10,0.0
2011-10-11,0.0
2011-10-12,0.0
2011-10-13,0.0
2011-10-14,5.588047981262207
2011-10-15,1.1746374368667603
2011-10-16,0.0
2011-10-17,0.0
2011-10-18,0.0
2011-10-19,0.0
2011-10-20,0.0
2011-10-21,0.0
2011-10-22,0.0
2011-10-23,0.0
2011-10-24,0.0
2011-10-25,0.0
2011-10-26,0.0
2011-10-27,0.0
2011-10-28,0.0
2011-10-29,0.0
2011-10-30,2.778454065322876
2011-10-31,0.0
2011-11-01,0.0
2011-11-02,0.0
2011-11-03,0.0
2011-11-04,0.0
2011-11-05,0.0
2011-11-06,0.0
2011-11-07,0.0
2011-11-08,0.0
2011-11-09,0.030031081289052963
2011-11-10,3.7619316577911377
2011-11-11,0.18497970700263977
2011-11-12,0.0
2011-11-13,0.0
2011-11-14,0.0
2011-11-15,0.0
2011-11-16,0.0
2011-11-17,0.25440463423728943
2011-11-18,7.9556756019592285
2011-11-19,1.4906630516052246
2011-11-20,0.0
2011-11-21,0.0
2011-11-22,0.0
2011-11-23,0.0
2011-11-24,0.0
2011-11-25,0.0
2011-11-26,1.6571379899978638
2011-11-27,0.0
2011-11-28,5.782774925231934
2011-11-29,0.13870318233966827
2011-11-30,2.0117175579071045
2011-12-01,30.31756591796875
2011-12-02,0.0
2011-12-03,5.989417552947998
2011-12-04,5.186712265014648
2011-12-05,0.0
2011-12-06,0.0
2011-12-07,0.0
2011-12-08,0.0
2011-12-09,0.0
2011-12-10,0.0
2011-12-11,9.393604278564453
2011-12-12,3.3339855670928955
2011-12-13,2.1770951747894287
2011-12-14,13.260823249816895
2011-12-15,6.311617851257324
2011-12-16,0.0
2011-12-17,0.0
2011-12-18,0.0
2011-12-19,0.0
2011-12-20,0.0
2011-12-21,0.19374191761016846
2011-12-22,0.06717116385698318
2011-12-23,0.0
2011-12-24,2.712129831314087
2011-12-25,9.534574508666992
2011-12-26,0.0
2011-12-27,0.0
2011-12-28,9.52269458770752
2011-12-29,0.3637501001358032
2011-12-30,0.6784467697143555
2011-12-31,1.3731480836868286
2012-01-01,2.8460230827331543
2012-01-02,3.9617762565612793
2012-01-03,0.0
2012-01-04,0.0
2012-01-05,15.738736152648926
2012-01-06,11.033600807189941
2012-01-07,13.793298721313477
2012-01-08,4.77666711807251
2012-01-09,9.197603225708008
2012-01-10,4.432566165924072
2012-01-11,0.935899555683136
2012-01-12,0.011542444117367268
2012-01-13,2.4909305572509766
2012-01-14,3.0115458965301514
2012-01-15,0.0
2012-01-16,0.16899588704109192
2012-01-17,2.051913261413574
2012-01-18,0.017595380544662476
2012-01-19,0.0
2012-01-20,2.6040501594543457
2012-01-21,0.13935405015945435
2012-01-22,7.115004062652588
2012-01-23,6.886198997497559
2012-01-24,13.608190536499023
2012-01-25,10.223753929138184
2012-01-26,0.0
2012-01-27,0.0
2012-01-28,0.0
2012-01-29,0.0
2012-01-30,19.07193374633789
2012-01-31,11.376461029052734
2012-02-01,20.87116241455078
2012-02-02,9.511931419372559
2012-02-03,2.928229570388794
2012-02-04,1.3178881406784058
2012-02-05,0.5434895753860474
2012-02-06,0.8749893307685852
2012-02-07,0.3142584264278412
2012-02-08,3.081721544265747
2012-02-09,22.204307556152344
2012-02-10,5.55681037902832
2012-02-11,0.055330775678157806
2012-02-12,5.737612724304199
2012-02-13,0.03785789757966995
2012-02-14,0.11705482006072998
2012-02-15,1.2101984024047852
2012-02-16,0.005963945295661688
2012-02-17,0.5557745695114136
2012-02-18,1.1663525104522705
2012-02-19,2.1172003746032715
2012-02-20,8.106454849243164
2012-02-21,9.56178092956543
2012-02-22,0.3635031282901764
2012-02-23,9.634586334228516
2012-02-24,0.0
2012-02-25,14.766284942626953
2012-02-26,0.0
2012-02-27,0.0
2012-02-28,0.0
2012-02-29,0.0
2012-03-01,0.01807783730328083
2012-03-02,0.0
2012-03-03,1.5861310958862305
2012-03-04,3.3536157608032227
2012-03-05,0.2027958482503891
2012-03-06,2.7402658462524414
2012-03-07,0.5789954662322998
2012-03-08,0.0
2012-03-09,0.0
2012-03-10,0.0
2012-03-11,0.19927938282489777
2012-03-12,5.835768222808838
2012-03-13,5.386197566986084
2012-03-14,0.0
2012-03-15,0.7920776605606079
2012-03-16,3.5794036388397217
2012-03-17,0.0
2012-03-18,2.1980552673339844
2012-03-19,1.5058798789978027
2012-03-20,0.0
2012-03-21,0.5441827178001404
2012-03-22,0.17294150590896606
2012-03-23,0.0
2012-03-24,10.977737426757812
2012-03-25,2.147646427154541
2012-03-26,0.008666683919727802
2012-03-27,0.0
2012-03-28,0.2253337949514389
2012-03-29,0.552934467792511
2012-03-30,0.7973349690437317
2012-03-31,0.010400020517408848
2012-04-01,0.0
2012-04-02,0.0
2012-04-03,0.0
2012-04-04,0.0937492772936821
2012-04-05,1.1249912977218628
2012-04-06,0.0
2012-04-07,0.0
2012-04-08,0.0
2012-04-09,0.0
2012-04-10,0.0
2012-04-11,3.9086713790893555
2012-04-12,7.282662868499756
2012-04-13,0.0
2012-04-14,0.0
2012-04-15,0.6681479811668396
2012-04-16,0.0
2012-04-17,0.0
2012-04-18,0.0
2012-04-19,0.0
2012-04-20,0.0
2012-04-21,0.0
2012-04-22,0.0
2012-04-23,0.0
2012-04-24,0.0
2012-04-25,0.0
2012-04-26,0.0
2012-04-27,0.0
2012-04-28,0.0
2012-04-29,0.0
2012-04-30,0.0
2012-05-01,0.0
2012-05-02,0.0
2012-05-03,0.0
2012-05-04,0.0
2012-05-05,0.0
2012-05-06,0.0
2012-05-07,0.0
2012-05-08,0.0
2012-05-09,0.0
2012-05-10,0.0
2012-05-11,0.0
2012-05-12,0.0
2012-05-13,0.0
2012-05-14,0.0
2012-05-15,0.0
2012-05-16,0.0
2012-05-17,0.0
2012-05-18,0.0
2012-05-19,0.0
2012-05-20,0.0
2012-05-21,0.0
2012-05-22,0.0
2012-05-23,0.0
2012-05-24,0.0
2012-05-25,0.0
2012-05-26,0.0
2012-05-27,0.0
2012-05-28,0.0
2012-05-29,0.0
2012-05-30,0.0
2012-05-31,0.0
2012-06-01,0.0
2012-06-02,0.0
2012-06-03,0.0
2012-06-04,0.0
2012-06-05,0.0
2012-06-06,0.0
2012-06-07,0.0
2012-06-08,0.0
2012-06-09,0.0
2012-06-10,0.0
2012-06-11,0.0
2012-06-12,0.0
2012-06-13,0.0
2012-06-14,0.0
2012-06-15,0.0
2012-06-16,0.0
2012-06-17,0.0
2012-06-18,0.0
2012-06-19,0.0
2012-06-20,0.0
2012-06-21,0.0
2012-06-22,0.0
2012-06-23,0.0
2012-06-24,0.0
2012-06-25,0.0
2012-06-26,0.0
2012-06-27,0.0
2012-06-28,0.0
2012-06-29,0.0
2012-06-30,0.0
2012-07-01,0.0
2012-07-02,0.0
2012-07-03,0.0
2012-07-04,0.0
2012-07-05,0.0
2012-07-06,0.0
2012-07-07,0.0
2012-07-08,0.0
2012-07-09,0.0
2012-07-10,0.0
2012-07-11,0.0
2012-07-12,0.0
2012-07-13,0.0
2012-07-14,0.0
2012-07-15,0.0
2012-07-16,0.0
2012-07-17,0.0
2012-07-18,0.0
2012-07-19,0.0
2012-07-20,0.0
2012-07-21,0.0
2012-07-22,0.0
2012-07-23,0.0
2012-07-24,0.0
2012-07-25,0.0
2012-07-26,0.0
2012-07-27,0.0
2012-07-28,0.0
2012-07-29,0.0
2012-07-30,0.0
2012-07-31,0.0
2012-08-01,0.0
2012-08-02,0.0
2012-08-03,0.0
2012-08-04,0.0
2012-08-05,0.0
2012-08-06,0.0
2012-08-07,0.0
2012-08-08,0.0
2012-08-09,0.0
2012-08-10,0.0
2012-08-11,0.0
2012-08-12,0.0
2012-08-13,0.0
2012-08-14,0.0
2012-08-15,0.0
2012-08-16,0.0
2012-08-17,0.0
2012-08-18,0.0
2012-08-19,0.0
2012-08-20,0.0
2012-08-21,0.0
2012-08-22,0.0
2012-08-23,0.0
2012-08-24,0.0
2012-08-25,0.0
2012-08-26,0.4177513122558594
2012-08-27,1.2395501136779785
2012-08-28,0.0
2012-08-29,0.0
2012-08-30,0.0
2012-08-31,0.0
2012-09-01,0.0
2012-09-02,0.0
2012-09-03,0.0
2012-09-04,0.0
2012-09-05,0.0
2012-09-06,0.0
2012-09-07,0.0
2012-09-08,0.0
2012-09-09,0.0
2012-09-10,0.0
2012-09-11,0.0
2012-09-12,0.0
2012-09-13,0.9584805965423584
2012-09-14,1.8530625104904175
2012-09-15,0.3588158190250397
2012-09-16,0.0
2012-09-17,0.0
2012-09-18,0.0
2012-09-19,0.0
2012-09-20,0.0
2012-09-21,0.0
2012-09-22,0.0
2012-09-23,0.0
2012-09-24,0.0
2012-09-25,0.0
2012-09-26,3.2588870525360107
2012-09-27,3.2588870525360107
2012-09-28,3.2588870525360107
2012-09-29,3.2588870525360107
2012-09-30,3.2588870525360107
2012-10-01,0.9973479509353638
2012-10-02,0.4986739754676819
2012-10-03,2.4933698177337646
2012-10-04,0.4986739754676819
2012-10-05,0.4986739754676819
2012-10-06,0.0
2012-10-07,0.0
2012-10-08,0.0
2012-10-09,0.0
2012-10-10,0.0
2012-10-11,0.0
2012-10-12,0.0
2012-10-13,0.0
2012-10-14,0.0
2012-10-15,0.0
2012-10-16,0.0
2012-10-17,0.0
2012-10-18,0.0
2012-10-19,0.0
2012-10-20,0.0
2012-10-21,0.0
2012-10-22,0.0
2012-10-23,0.0
2012-10-24,0.0
2012-10-25,0.0
2012-10-26,0.0
2012-10-27,0.02234010025858879
2012-10-28,0.5080659985542297
2012-10-29,10.553178787231445
2012-10-30,20.739702224731445
2012-10-31,1.531745195388794
2012-11-01,0.0
2012-11-02,0.0
2012-11-03,0.0
2012-11-04,0.0
2012-11-05,0.0
2012-11-06,3.3111979961395264
2012-11-07,0.24934694170951843
2012-11-08,0.0
2012-11-09,0.0
2012-11-10,0.0
2012-11-11,0.0
2012-11-12,0.05949116498231888
2012-11-13,0.039198920130729675
2012-11-14,0.6249686479568481
2012-11-15,0.0
2012-11-16,0.0
2012-11-17,0.0
2012-11-18,5.726099967956543
2012-11-19,5.7135701179504395
2012-11-20,0.012529757805168629
2012-11-21,6.136685371398926
2012-11-22,3.2243494987487793
2012-11-23,0.12708954513072968
2012-11-24,0.0
2012-11-25,0.0
2012-11-26,0.0
2012-11-27,0.06966765224933624
2012-11-28,0.0404123030602932
2012-11-29,0.10381396859884262
2012-11-30,0.02347785420715809
2012-12-01,0.0
2012-12-02,2.4073963165283203
2012-12-03,0.0
2012-12-04,0.0
2012-12-05,0.0
2012-12-06,4.161163806915283
2012-12-07,11.479582786560059
2012-12-08,0.2259548008441925
2012-12-09,0.0
2012-12-10,3.586841106414795
2012-12-11,4.878195285797119
2012-12-12,11.102457046508789
2012-12-13,0.8520331978797913
2012-12-14,2.344832420349121
2012-12-15,0.0
2012-12-16,0.1549377292394638
2012-12-17,4.099431991577148
2012-12-18,7.02170467376709
2012-12-19,3.6866464614868164
2012-12-20,0.07265570014715195
2012-12-21,0.0
2012-12-22,8.019845962524414
2012-12-23,2.607825994491577
2012-12-24,9.783156394958496
2012-12-25,1.1981605291366577
2012-12-26,5.474224090576172
2012-12-27,0.00431451853364706
2012-12-28,3.7076895236968994
2012-12-29,0.0
2012-12-30,0.002876345533877611
2012-12-31,0.5789666771888733
2013-01-01,0.4926014244556427
2013-01-02,1.3876103162765503
2013-01-03,6.467513561248779
2013-01-04,0.3910433053970337
2013-01-05,0.39259546995162964
2013-01-06,2.4071974754333496
2013-01-07,0.019734330475330353
2013-01-08,0.0
2013-01-09,2.1865463256835938
2013-01-10,0.03724517673254013
2013-01-11,0.0
2013-01-12,8.225522994995117
2013-01-13,6.302590370178223
2013-01-14,29.02064323425293
2013-01-15,7.859592914581299
2013-01-16,4.486374855041504
2013-01-17,3.687227964401245
2013-01-18,14.04361629486084
2013-01-19,24.24376106262207
2013-01-20,7.850398540496826
2013-01-21,7.858698844909668
2013-01-22,4.235757827758789
2013-01-23,4.98668098449707
2013-01-24,2.2564642429351807
2013-01-25,0.0
2013-01-26,0.0
2013-01-27,0.0
2013-01-28,0.0
2013-01-29,0.0
2013-01-30,0.0
2013-01-31,0.0
2013-02-01,0.0
2013-02-02,0.0
2013-02-03,0.0
2013-02-04,0.0
2013-02-05,0.0
2013-02-06,0.0
2013-02-07,0.0
2013-02-08,0.0
2013-02-09,0.0
2013-02-10,0.0
2013-02-11,2.5578558444976807
2013-02-12,0.2799946069717407
2013-02-13,0.5670838952064514
2013-02-14,0.2099168598651886
2013-02-15,1.775452971458435
2013-02-16,15.735186576843262
2013-02-17,14.230121612548828
2013-02-18,11.565892219543457
2013-02-19,0.17599481344223022
2013-02-20,0.4142330288887024
2013-02-21,0.340736448764801
2013-02-22,0.0
2013-02-23,0.021213816478848457
2013-02-24,0.0
2013-02-25,14.303865432739258
2013-02-26,9.786629676818848
2013-02-27,6.309944152832031
2013-02-28,0.9701427817344666
2013-03-01,0.0
2013-03-02,0.0
2013-03-03,0.0
2013-03-04,2.7660067081451416
2013-03-05,0.9419079422950745
2013-03-06,3.982173442840576
2013-03-07,0.7044037580490112
2013-03-08,5.850583553314209
2013-03-09,7.766800880432129
2013-03-10,4.6723856925964355
2013-03-11,0.0
2013-03-12,0.0
2013-03-13,0.0
2013-03-14,0.0
2013-03-15,0.0
2013-03-16,0.0
2013-03-17,0.9354355335235596
2013-03-18,0.9045120477676392
2013-03-19,0.0
2013-03-20,0.0
2013-03-21,0.0
2013-03-22,0.0
2013-03-23,0.0
2013-03-24,0.0
2013-03-25,0.0
2013-03-26,0.0
2013-03-27,0.0
2013-03-28,0.0
2013-03-29,0.0
2013-03-30,0.0
2013-03-31,0.0
2013-04-01,0.0
2013-04-02,0.0
2013-04-03,0.0
2013-04-04,0.0
2013-04-05,0.0
2013-04-06,0.0
2013-04-07,0.0
2013-04-08,0.0
2013-04-09,0.0
2013-04-10,0.0
2013-04-11,0.0
2013-04-12,0.0
2013-04-13,0.0
2013-04-14,0.0
2013-04-15,0.0
2013-04-16,0.0
2013-04-17,0.0
2013-04-18,0.0
2013-04-19,0.0
2013-04-20,0.0
2013-04-21,0.0
2013-04-22,0.0
2013-04-23,0.0
2013-04-24,0.0
2013-04-25,0.0
2013-04-26,0.0
2013-04-27,0.0
2013-04-28,0.0
2013-04-29,0.0
2013-04-30,0.0
2013-05-01,0.0
2013-05-02,0.0
2013-05-03,0.0
2013-05-04,0.0
2013-05-05,0.0
2013-05-06,0.0
2013-05-07,0.0
2013-05-08,0.0
2013-05-09,0.0
2013-05-10,0.0
2013-05-11,0.0
2013-05-12,0.0
2013-05-13,0.0
2013-05-14,0.0
2013-05-15,0.0
2013-05-16,0.8341162800788879
2013-05-17,1.1725023984909058
2013-05-18,0.2713818848133087
2013-05-19,0.0
2013-05-20,0.0
2013-05-21,0.0
2013-05-22,0.04468129947781563
2013-05-23,4.381232261657715
2013-05-24,2.4889283180236816
2013-05-25,0.0
2013-05-26,0.0
2013-05-27,0.0
2013-05-28,0.0
2013-05-29,0.0
2013-05-30,0.0
2013-05-31,0.0
2013-06-01,0.0
2013-06-02,0.0
2013-06-03,0.0
2013-06-04,0.0
2013-06-05,0.0
2013-06-06,0.0
2013-06-07,0.0
2013-06-08,0.0
2013-06-09,0.0
2013-06-10,0.0
2013-06-11,0.0
2013-06-12,0.0
2013-06-13,0.0
2013-06-14,0.0
2013-06-15,0.0
2013-06-16,0.0
2013-06-17,0.0
2013-06-18,0.0
2013-06-19,0.0
2013-06-20,0.0
2013-06-21,0.12811963260173798
2013-06-22,0.7687177658081055
2013-06-23,0.12811963260173798
2013-06-24,0.12811963260173798
2013-06-25,0.12811963260173798
2013-06-26,0.0
2013-06-27,0.0
2013-06-28,0.0
2013-06-29,0.0
2013-06-30,0.0
2013-07-01,0.0
2013-07-02,0.0
2013-07-03,0.0
2013-07-04,0.0
2013-07-05,0.0
2013-07-06,0.0
2013-07-07,0.0
2013-07-08,0.0
2013-07-09,0.0
2013-07-10,0.0
2013-07-11,0.0
2013-07-12,0.0
2013-07-13,0.0
2013-07-14,0.0
2013-07-15,0.0
2013-07-16,0.0
2013-07-17,0.0
2013-07-18,0.0
2013-07-19,0.0
2013-07-20,0.0
2013-07-21,0.0
2013-07-22,0.0
2013-07-23,0.0
2013-07-24,0.0
2013-07-25,0.0
2013-07-26,0.0
2013-07-27,0.0
2013-07-28,0.0
2013-07-29,0.0
2013-07-30,0.0
2013-07-31,0.0
2013-08-01,0.0
2013-08-02,0.0
2013-08-03,0.0
2013-08-04,0.0
2013-08-05,0.0
2013-08-06,0.0
2013-08-07,0.0
2013-08-08,0.0
2013-08-09,0.0
2013-08-10,0.0
2013-08-11,0.0
2013-08-12,0.0
2013-08-13,0.0
2013-08-14,0.0
2013-08-15,0.0
2013-08-16,0.0
2013-08-17,0.0
2013-08-18,0.0
2013-08-19,0.0
2013-08-20,0.0
2013-08-21,0.0
2013-08-22,0.0
2013-08-23,0.0
2013-08-24,0.5049071907997131
2013-08-25,1.1781169176101685
2013-08-26,0.0
2013-08-27,0.0
2013-08-28,0.0
2013-08-29,0.0
2013-08-30,0.0
2013-08-31,0.0
2013-09-01,0.0
2013-09-02,0.0
2013-09-03,0.0
2013-09-04,0.0
2013-09-05,0.0
2013-09-06,0.4338325560092926
2013-09-07,0.4338325560092926
2013-09-08,0.4338325560092926
2013-09-09,0.4338325560092926
2013-09-10,0.4338325560092926
2013-09-11,0.0
2013-09-12,0.0
2013-09-13,0.0
2013-09-14,0.0
2013-09-15,0.0
2013-09-16,0.0
2013-09-17,0.0
2013-09-18,0.0
2013-09-19,0.0
2013-09-20,0.0
2013-09-21,0.0
2013-09-22,0.0
2013-09-23,0.0
2013-09-24,0.0
2013-09-25,0.0
2013-09-26,0.0
2013-09-27,0.0
2013-09-28,0.0
2013-09-29,0.0
2013-09-30,0.0
2013-10-01,0.0
2013-10-02,0.0
2013-10-03,0.0
2013-10-04,0.0
2013-10-05,0.0
2013-10-06,0.0
2013-10-07,0.0
2013-10-08,0.0
2013-10-09,0.0
2013-10-10,0.0
2013-10-11,0.0
2013-10-12,0.0
2013-10-13,0.0
2013-10-14,5.4296464920043945
2013-10-15,0.0
2013-10-16,0.0
2013-10-17,0.0
2013-10-18,0.0
2013-10-19,0.0
2013-10-20,0.0
2013-10-21,0.0
2013-10-22,0.0
2013-10-23,0.18652896583080292
2013-10-24,3.9302761554718018
2013-10-25,1.3097845315933228
2013-10-26,0.0
2013-10-27,0.0
2013-10-28,0.13298943638801575
2013-10-29,0.8163129091262817
2013-10-30,0.0
2013-10-31,0.0005831095040775836
2013-11-01,0.0
2013-11-02,0.0
2013-11-03,0.0
2013-11-04,0.0
2013-11-05,0.0
2013-11-06,0.0
2013-11-07,0.22569194436073303
2013-11-08,0.37276434898376465
2013-11-09,0.0
2013-11-10,0.0
2013-11-11,0.0
2013-11-12,0.0
2013-11-13,0.0
2013-11-14,0.0
2013-11-15,0.0
2013-11-16,0.10242663323879242
2013-11-17,0.007776255253702402
2013-11-18,0.0
2013-11-19,0.068650983273983
2013-11-20,0.0
2013-11-21,0.0
2013-11-22,1.3466063737869263
2013-11-23,1.002044439315796
2013-11-24,4.006036281585693
2013-11-25,3.6726129055023193
2013-11-26,1.0366967916488647
2013-11-27,1.322536587715149
2013-11-28,0.8077497482299805
2013-11-29,2.0191869735717773
2013-11-30,0.0
2013-12-01,0.9647619128227234
2013-12-02,3.9715025424957275
2013-12-03,0.0
2013-12-04,0.0
2013-12-05,1.5922698974609375
2013-12-06,17.14361572265625
2013-12-07,4.374741554260254
2013-12-08,7.44260835647583
2013-12-09,3.6493351459503174
2013-12-10,10.48189640045166
2013-12-11,2.56693959236145
2013-12-12,0.9562444090843201
2013-12-13,0.9562444090843201
2013-12-14,0.9562444090843201
2013-12-15,4.126770973205566
2013-12-16,2.9014015197753906
2013-12-17,2.52565336227417
2013-12-18,0.22531631588935852
2013-12-19,3.7884671688079834
2013-12-20,0.0
2013-12-21,0.0
2013-12-22,0.0
2013-12-23,0.0
2013-12-24,0.0
2013-12-25,0.0
2013-12-26,0.27112776041030884
2013-12-27,0.0
2013-12-28,0.0
2013-12-29,1.2075237035751343
2013-12-30,3.3673088550567627
2013-12-31,3.3782894611358643
2014-01-01,0.300674706697464
2014-01-02,26.70758819580078
2014-01-03,5.168525695800781
2014-01-04,1.5892119407653809
2014-01-05,0.0
2014-01-06,15.500531196594238
2014-01-07,0.2600693702697754
2014-01-08,0.7104595303535461
2014-01-09,0.0
2014-01-10,0.0
2014-01-11,0.32744818925857544
2014-01-12,0.06428737938404083
2014-01-13,7.478292465209961
2014-01-14,3.412031888961792
2014-01-15,2.8868792057037354
2014-01-16,3.5896434783935547
2014-01-17,5.9898529052734375
2014-01-18,4.338067531585693
2014-01-19,0.17896011471748352
2014-01-20,1.958601713180542
2014-01-21,9.629609107971191
2014-01-22,0.20166532695293427
2014-01-23,0.0
2014-01-24,7.015690326690674
2014-01-25,22.63823699951172
2014-01-26,1.9034602642059326
2014-01-27,2.0474016666412354
2014-01-28,3.0622663497924805
2014-01-29,5.215773105621338
2014-01-30,15.903987884521484
2014-01-31,19.949382781982422
2014-02-01,7.5365447998046875
2014-02-02,1.5944277048110962
2014-02-03,4.628260612487793
2014-02-04,1.8285179138183594
2014-02-05,0.23998530209064484
2014-02-06,0.6845446825027466
2014-02-07,3.7550370693206787
2014-02-08,1.821642279624939
2014-02-09,13.597097396850586
2014-02-10,0.35060518980026245
2014-02-11,8.696747779846191
2014-02-12,1.847870111465454
2014-02-13,2.9209554195404053
2014-02-14,0.7179548144340515
2014-02-15,0.8638527393341064
2014-02-16,0.0
2014-02-17,0.0
2014-02-18,0.0
2014-02-19,0.0
2014-02-20,0.0
2014-02-21,1.1851356029510498
2014-02-22,0.0
2014-02-23,0.05818495154380798
2014-02-24,0.0
2014-02-25,0.3858581483364105
2014-02-26,0.0
2014-02-27,0.0
2014-02-28,0.0
2014-03-01,0.0
2014-03-02,0.0
2014-03-03,0.0
2014-03-04,0.0
2014-03-05,0.0
2014-03-06,0.0
2014-03-07,0.0815860852599144
2014-03-08,0.1620476394891739
2014-03-09,0.019907841458916664
2014-03-10,0.25319671630859375
2014-03-11,0.0
2014-03-12,0.0
2014-03-13,0.0
2014-03-14,0.0
2014-03-15,0.0
2014-03-16,0.0
2014-03-17,0.0
2014-03-18,0.0
2014-03-19,0.0
2014-03-20,0.0
2014-03-21,0.0
2014-03-22,0.0
2014-03-23,0.0
2014-03-24,0.0
2014-03-25,0.0
2014-03-26,0.0
2014-03-27,0.0
2014-03-28,0.0
2014-03-29,0.0
2014-03-30,0.0
2014-03-31,0.0
2014-04-01,0.2257436066865921
2014-04-02,0.1914435774087906
2014-04-03,0.7936758399009705
2014-04-04,11.83888053894043
2014-04-05,0.0
2014-04-06,0.0
2014-04-07,0.0
2014-04-08,0.0
2014-04-09,0.0
2014-04-10,0.0
2014-04-11,0.0
2014-04-12,0.0
2014-04-13,0.0
2014-04-14,0.0
2014-04-15,0.0
2014-04-16,0.0
2014-04-17,0.0
2014-04-18,0.0
2014-04-19,0.0
2014-04-20,0.0
2014-04-21,0.0
2014-04-22,0.0
2014-04-23,0.0
2014-04-24,0.0
2014-04-25,0.0
2014-04-26,0.0
2014-04-27,0.0
2014-04-28,0.0
2014-04-29,0.0
2014-04-30,0.0
2014-05-01,0.0
2014-05-02,0.0
2014-05-03,0.0
2014-05-04,0.0
2014-05-05,0.0
2014-05-06,0.0
2014-05-07,0.0
2014-05-08,0.0
2014-05-09,0.0
2014-05-10,0.0
2014-05-11,0.0
2014-05-12,0.0
2014-05-13,0.0
2014-05-14,0.0
2014-05-15,0.0
2014-05-16,0.0
2014-05-17,0.0
2014-05-18,0.0
2014-05-19,0.0
2014-05-20,0.0
2014-05-21,0.0
2014-05-22,3.7015037536621094
2014-05-23,0.0
2014-05-24,0.0
2014-05-25,0.0
2014-05-26,0.0
2014-05-27,0.0
2014-05-28,0.0
2014-05-29,0.0
2014-05-30,0.0
2014-05-31,0.0
2014-06-01,0.0
2014-06-02,0.0
2014-06-03,0.0
2014-06-04,0.0
2014-06-05,0.0
2014-06-06,0.0
2014-06-07,0.0
2014-06-08,0.0
2014-06-09,0.0
2014-06-10,0.0
2014-06-11,0.0
2014-06-12,0.0
2014-06-13,0.0
2014-06-14,0.0
2014-06-15,0.0
2014-06-16,0.0
2014-06-17,0.0
2014-06-18,0.2658277750015259
2014-06-19,0.0
2014-06-20,0.0
2014-06-21,0.0
2014-06-22,0.0
2014-06-23,0.0
2014-06-24,0.0
2014-06-25,0.0
2014-06-26,0.0
2014-06-27,0.0
2014-06-28,0.0
2014-06-29,0.0
2014-06-30,0.0
2014-07-01,0.0
2014-07-02,0.0
2014-07-03,0.0
2014-07-04,0.0
2014-07-05,0.0
2014-07-06,0.0
2014-07-07,0.0
2014-07-08,0.0
2014-07-09,0.0
2014-07-10,0.0
2014-07-11,0.0
2014-07-12,0.0
2014-07-13,0.0
2014-07-14,0.0
2014-07-15,0.0
2014-07-16,0.0
2014-07-17,0.0
2014-07-18,0.0
2014-07-19,0.0
2014-07-20,0.0
2014-07-21,0.0
2014-07-22,0.0
2014-07-23,0.0
2014-07-24,0.0
2014-07-25,0.0
2014-07-26,0.0
2014-07-27,0.0
2014-07-28,0.0
2014-07-29,0.0
2014-07-30,0.0
2014-07-31,0.0
2014-08-01,0.0
2014-08-02,0.0
2014-08-03,0.0
2014-08-04,0.0
2014-08-05,0.0
2014-08-06,0.0
2014-08-07,0.0
2014-08-08,0.0
2014-08-09,0.0
2014-08-10,0.0
2014-08-11,0.0
2014-08-12,0.0
2014-08-13,0.0
2014-08-14,0.0
2014-08-15,0.0
2014-08-16,0.0
2014-08-17,0.0
2014-08-18,0.0
2014-08-19,0.0
2014-08-20,0.0
2014-08-21,0.0
2014-08-22,0.0
2014-08-23,0.0
2014-08-24,0.0
2014-08-25,0.0
2014-08-26,0.0
2014-08-27,0.0
2014-08-28,0.0
2014-08-29,0.0
2014-08-30,0.0
2014-08-31,0.0
2014-09-01,0.0
2014-09-02,0.0
2014-09-03,0.0
2014-09-04,0.0
2014-09-05,0.0
2014-09-06,0.0
2014-09-07,0.0
2014-09-08,0.0
2014-09-09,0.0
2014-09-10,0.0
2014-09-11,0.011595246382057667
2014-09-12,0.06957148015499115
2014-09-13,0.011595246382057667
2014-09-14,0.011595246382057667
2014-09-15,0.011595246382057667
2014-09-16,0.0
2014-09-17,0.11204440891742706
2014-09-18,4.2096686363220215
2014-09-19,0.0
2014-09-20,0.0
2014-09-21,0.0
2014-09-22,0.0
2014-09-23,0.0
2014-09-24,0.0
2014-09-25,0.0
2014-09-26,0.30377745628356934
2014-09-27,5.012327671051025
2014-09-28,6.986881256103516
2014-09-29,0.455666184425354
2014-09-30,0.0
2014-10-01,0.16133074462413788
2014-10-02,2.895021438598633
2014-10-03,7.982353210449219
2014-10-04,0.019630180671811104
2014-10-05,0.0
2014-10-06,0.0
2014-10-07,0.0
2014-10-08,0.0
2014-10-09,0.0
2014-10-10,0.0
2014-10-11,0.0
2014-10-12,0.13019326329231262
2014-10-13,1.786270260810852
2014-10-14,0.0
2014-10-15,4.274949550628662
2014-10-16,0.0
2014-10-17,0.0
2014-10-18,0.0
2014-10-19,0.0
2014-10-20,0.0
2014-10-21,7.629115104675293
2014-10-22,5.8485517501831055
2014-10-23,0.0
2014-10-24,4.133250713348389
2014-10-25,0.0
2014-10-26,0.0
2014-10-27,0.0
2014-10-28,0.0
2014-10-29,0.0
2014-10-30,0.0
2014-10-31,0.0
2014-11-01,0.0
2014-11-02,0.0
2014-11-03,0.0
2014-11-04,0.0
2014-11-05,0.0
2014-11-06,0.0
2014-11-07,0.0
2014-11-08,0.0
2014-11-09,0.0
2014-11-10,0.0
2014-11-11,0.0
2014-11-12,0.0
2014-11-13,0.0
2014-11-14,0.0
2014-11-15,0.0
2014-11-16,0.0
2014-11-17,0.2892744839191437
2014-11-18,0.08953509479761124
2014-11-19,0.0
2014-11-20,0.0
2014-11-21,0.0
2014-11-22,0.0
2014-11-23,0.0
2014-11-24,0.0
2014-11-25,0.0
2014-11-26,0.0
2014-11-27,0.0
2014-11-28,0.0
2014-11-29,0.0
2014-11-30,0.0
2014-12-01,0.0
2014-12-02,0.0
2014-12-03,0.0
2014-12-04,0.0
2014-12-05,0.0
2014-12-06,0.0
2014-12-07,3.7889673709869385
2014-12-08,0.0
2014-12-09,0.0
2014-12-10,2.034816026687622
2014-12-11,6.516495704650879
2014-12-12,2.7567033767700195
2014-12-13,0.3228771686553955
2014-12-14,0.07311079651117325
2014-12-15,2.061269521713257
2014-12-16,6.42739725112915
2014-12-17,1.0183289051055908
2014-12-18,0.010178434662520885
2014-12-19,0.06899641454219818
2014-12-20,0.030890395864844322
2014-12-21,0.0
2014-12-22,0.0
2014-12-23,0.0
2014-12-24,0.0
2014-12-25,0.0
2014-12-26,2.1911492347717285
2014-12-27,6.180954456329346
2014-12-28,1.5831109285354614
2014-12-29,4.852404594421387
2014-12-30,0.8177036046981812
2014-12-31,0.0
2015-01-01,0.0
2015-01-02,3.6820106506347656
2015-01-03,0.9575209021568298
2015-01-04,1.04331374168396
2015-01-05,8.296995162963867
2015-01-06,10.385472297668457
2015-01-07,3.116767406463623
2015-01-08,2.628493309020996
2015-01-09,3.9911060333251953
2015-01-10,19.319307327270508
2015-01-11,0.12312382459640503
2015-01-12,0.884523332118988
2015-01-13,18.216766357421875
2015-01-14,10.736527442932129
2015-01-15,16.396757125854492
2015-01-16,0.3347068130970001
2015-01-17,9.594583511352539
2015-01-18,24.48141860961914
2015-01-19,6.4980998039245605
2015-01-20,7.829411506652832
2015-01-21,0.20915119349956512
2015-01-22,0.0
2015-01-23,0.46166157722473145
2015-01-24,2.249241352081299
2015-01-25,4.493048191070557
2015-01-26,0.0
2015-01-27,0.4111097455024719
2015-01-28,5.558567047119141
2015-01-29,0.8315598964691162
2015-01-30,2.4644625186920166
2015-01-31,0.0
2015-02-01,0.0
2015-02-02,13.336160659790039
2015-02-03,7.021979331970215
2015-02-04,7.766026973724365
2015-02-05,2.0281615257263184
2015-02-06,18.0237979888916
2015-02-07,0.012322134338319302
2015-02-08,0.5791402459144592
2015-02-09,5.530762672424316
2015-02-10,12.894309997558594
2015-02-11,5.306232929229736
2015-02-12,0.19001339375972748
2015-02-13,18.745319366455078
2015-02-14,2.7239034175872803
2015-02-15,9.897541046142578
2015-02-16,0.3172851502895355
2015-02-17,0.05481721833348274
2015-02-18,0.0
2015-02-19,0.0028177015483379364
2015-02-20,0.0
2015-02-21,0.0
2015-02-22,0.0
2015-02-23,0.0
2015-02-24,0.0
2015-02-25,0.0
2015-02-26,3.0234785079956055
2015-02-27,8.734231948852539
2015-02-28,0.45136186480522156
2015-03-01,0.0
2015-03-02,11.229975700378418
2015-03-03,7.574423789978027
2015-03-04,0.303682804107666
2015-03-05,0.13166272640228271
2015-03-06,0.0
2015-03-07,0.0
2015-03-08,0.0
2015-03-09,0.0
2015-03-10,0.0
2015-03-11,0.7623975872993469
2015-03-12,0.0
2015-03-13,0.0
2015-03-14,0.03427622467279434
2015-03-15,2.6480867862701416
2015-03-16,0.0
2015-03-17,3.1110308170318604
2015-03-18,0.0
2015-03-19,0.8571393489837646
2015-03-20,10.399417877197266
2015-03-21,0.0
2015-03-22,5.220145225524902
2015-03-23,2.491770029067993
2015-03-24,2.7731730937957764
2015-03-25,0.5440106391906738
2015-03-26,0.0
2015-03-27,0.0
2015-03-28,0.0
2015-03-29,0.0
2015-03-30,0.0
2015-03-31,0.0
2015-04-01,0.0
2015-04-02,0.0
2015-04-03,0.0
2015-04-04,0.0
2015-04-05,0.0
2015-04-06,0.29805654287338257
2015-04-07,5.345160007476807
2015-04-08,4.935906410217285
2015-04-09,0.0
2015-04-10,0.0
2015-04-11,0.0
2015-04-12,3.1041483879089355
2015-04-13,0.8168811202049255
2015-04-14,0.0
2015-04-15,0.0
2015-04-16,0.0
2015-04-17,0.0
2015-04-18,0.0
2015-04-19,0.0
2015-04-20,0.0
2015-04-21,0.0
2015-04-22,0.0
2015-04-23,0.0
2015-04-24,0.0
2015-04-25,0.0
2015-04-26,1.5768673419952393
2015-04-27,1.2518665790557861
2015-04-28,0.6953756213188171
2015-04-29,0.0
2015-04-30,0.0
2015-05-01,0.0
2015-05-02,0.0
2015-05-03,0.0
2015-05-04,0.0
2015-05-05,0.0
2015-05-06,0.0
2015-05-07,0.0
2015-05-08,0.0
2015-05-09,0.0
2015-05-10,0.0
2015-05-11,0.0
2015-05-12,0.0
2015-05-13,0.0
2015-05-14,0.0
2015-05-15,0.0
2015-05-16,0.0
2015-05-17,0.0
2015-05-18,0.0
2015-05-19,0.0
2015-05-20,0.0
2015-05-21,0.0
2015-05-22,0.0
2015-05-23,0.0
2015-05-24,0.0
2015-05-25,0.0
2015-05-26,0.0
2015-05-27,0.0
2015-05-28,0.0
2015-05-29,0.0
2015-05-30,0.0
2015-05-31,0.0
2015-06-01,0.0
2015-06-02,0.0
2015-06-03,0.0
2015-06-04,0.0
2015-06-05,0.0
2015-06-06,0.0
2015-06-07,0.0
2015-06-08,0.0
2015-06-09,0.0
2015-06-10,0.0
2015-06-11,0.0
2015-06-12,0.0
2015-06-13,0.0
2015-06-14,0.0
2015-06-15,0.0
2015-06-16,0.0
2015-06-17,0.0
2015-06-18,0.0
2015-06-19,0.0
2015-06-20,0.0
2015-06-21,0.0
2015-06-22,0.0
2015-06-23,0.0
2015-06-24,0.0
2015-06-25,0.0
2015-06-26,0.07139371335506439
2015-06-27,0.07139371335506439
2015-06-28,0.07139371335506439
2015-06-29,0.42836228013038635
2015-06-30,0.07139371335506439
2015-07-01,0.836880624294281
2015-07-02,0.0
2015-07-03,0.034015487879514694
2015-07-04,0.20832926034927368
2015-07-05,0.0
2015-07-06,0.055376794189214706
2015-07-07,0.33226075768470764
2015-07-08,0.055376794189214706
2015-07-09,0.055376794189214706
2015-07-10,0.055376794189214706
2015-07-11,0.0
2015-07-12,0.0
2015-07-13,0.0
2015-07-14,0.0
2015-07-15,0.0
2015-07-16,0.0
2015-07-17,0.0
2015-07-18,0.0
2015-07-19,0.0
2015-07-20,0.0
2015-07-21,0.0
2015-07-22,0.0
2015-07-23,0.0
2015-07-24,0.0
2015-07-25,0.0
2015-07-26,0.0
2015-07-27,0.0
2015-07-28,0.0
2015-07-29,0.0
2015-07-30,0.0
2015-07-31,0.0
2015-08-01,0.0
2015-08-02,0.0
2015-08-03,0.0
2015-08-04,0.0
2015-08-05,0.0
2015-08-06,0.0
2015-08-07,0.0
2015-08-08,0.0
2015-08-09,0.0
2015-08-10,0.0
2015-08-11,0.0
2015-08-12,0.0
2015-08-13,0.0
2015-08-14,0.18610094487667084
2015-08-15,0.0
2015-08-16,0.0
2015-08-17,0.0
2015-08-18,0.0
2015-08-19,0.0
2015-08-20,0.0
2015-08-21,0.1849381923675537
2015-08-22,0.1849381923675537
2015-08-23,0.1849381923675537
2015-08-24,0.1849381923675537
2015-08-25,0.1849381923675537
2015-08-26,0.0
2015-08-27,0.0
2015-08-28,0.0
2015-08-29,0.0
2015-08-30,0.0
2015-08-31,0.0
2015-09-01,0.0
2015-09-02,0.0
2015-09-03,0.0
2015-09-04,0.0
2015-09-05,0.0
2015-09-06,0.0
2015-09-07,0.0
2015-09-08,0.0
2015-09-09,0.0
2015-09-10,0.0
2015-09-11,0.0
2015-09-12,0.0
2015-09-13,0.0
2015-09-14,0.0
2015-09-15,0.0
2015-09-16,0.0
2015-09-17,0.0
2015-09-18,0.0
2015-09-19,0.0
2015-09-20,0.0
2015-09-21,0.0
2015-09-22,0.0
2015-09-23,0.0
2015-09-24,0.0
2015-09-25,0.0
2015-09-26,0.3330809772014618
2015-09-27,0.3330809772014618
2015-09-28,0.3330809772014618
2015-09-29,0.3330809772014618
2015-09-30,1.998485803604126
2015-10-01,0.0
2015-10-02,1.3967485427856445
2015-10-03,7.038237571716309
2015-10-04,0.0
2015-10-05,0.0
2015-10-06,0.0
2015-10-07,0.0
2015-10-08,0.0
2015-10-09,0.0
2015-10-10,0.0
2015-10-11,0.0
2015-10-12,0.0
2015-10-13,0.0
2015-10-14,0.0
2015-10-15,0.0
2015-10-16,0.0
2015-10-17,8.947021484375
2015-10-18,0.13907288014888763
2015-10-19,0.0
2015-10-20,0.0
2015-10-21,0.0
2015-10-22,0.0
2015-10-23,0.0
2015-10-24,0.0
2015-10-25,0.0
2015-10-26,0.0
2015-10-27,0.0
2015-10-28,0.0
2015-10-29,0.0
2015-10-30,0.0
2015-10-31,0.0
2015-11-01,0.0
2015-11-02,0.0
2015-11-03,0.0
2015-11-04,0.0
2015-11-05,0.0
2015-11-06,0.0
2015-11-07,0.0
2015-11-08,0.0
2015-11-09,0.0
2015-11-10,0.0
2015-11-11,0.11225780844688416
2015-11-12,0.5039864778518677
2015-11-13,2.2405717372894287
2015-11-14,0.48821792006492615
2015-11-15,1.5288602113723755
2015-11-16,0.0
2015-11-17,0.0
2015-11-18,0.0
2015-11-19,0.0
2015-11-20,0.0
2015-11-21,0.0
2015-11-22,0.0
2015-11-23,0.0
2015-11-24,0.0
2015-11-25,0.0
2015-11-26,0.0
2015-11-27,0.0
2015-11-28,0.0
2015-11-29,0.0
2015-11-30,0.0
2015-12-01,5.1729278564453125
2015-12-02,0.0
2015-12-03,0.0
2015-12-04,0.0
2015-12-05,5.870504379272461
2015-12-06,0.322282612323761
2015-12-07,2.6825287342071533
2015-12-08,0.7002537250518799
2015-12-09,2.5889246463775635
2015-12-10,0.0
2015-12-11,0.0
2015-12-12,0.0
2015-12-13,0.0
2015-12-14,0.0
2015-12-15,0.0
2015-12-16,0.0
2015-12-17,0.0
2015-12-18,0.0
2015-12-19,0.0
2015-12-20,0.0
2015-12-21,0.637093186378479
2015-12-22,0.12149588763713837
2015-12-23,3.1166839599609375
2015-12-24,0.10877960175275803
2015-12-25,1.1896471977233887
2015-12-26,7.291134357452393
2015-12-27,4.502917289733887
2015-12-28,0.3851615786552429
2015-12-29,1.8806453943252563
2015-12-30,0.0
2015-12-31,0.0
2016-01-01,0.1292155534029007
2016-01-02,10.802156448364258
2016-01-03,5.498360633850098
2016-01-04,1.4278564453125
2016-01-05,0.0
2016-01-06,2.6936264038085938
2016-01-07,12.525360107421875
2016-01-08,4.473275184631348
2016-01-09,0.6343961954116821
2016-01-10,1.175911545753479
2016-01-11,0.014749178662896156
2016-01-12,7.825913429260254
2016-01-13,6.096700668334961
2016-01-14,1.882519245147705
2016-01-15,2.8599531650543213
2016-01-16,0.0
2016-01-17,0.5913506746292114
2016-01-18,0.3415689766407013
2016-01-19,0.0
2016-01-20,0.0
2016-01-21,0.0
2016-01-22,0.0
2016-01-23,0.0
2016-01-24,0.0
2016-01-25,0.0
2016-01-26,0.0
2016-01-27,0.0
2016-01-28,0.004868751857429743
2016-01-29,0.029598187655210495
2016-01-30,0.012322722002863884
2016-01-31,1.0342856645584106
2016-02-01,0.05002719163894653
2016-02-02,19.973011016845703
2016-02-03,0.0
2016-02-04,0.0
2016-02-05,0.0
2016-02-06,0.1873999834060669
2016-02-07,0.1946556568145752
2016-02-08,9.414471626281738
2016-02-09,4.221450328826904
2016-02-10,0.031316641718149185
2016-02-11,0.0
2016-02-12,0.0
2016-02-13,2.6155805587768555
2016-02-14,6.513689041137695
2016-02-15,6.804450988769531
2016-02-16,1.7369508743286133
2016-02-17,0.0
2016-02-18,0.2863105833530426
2016-02-19,0.0
2016-02-20,2.1759603023529053
2016-02-21,0.781227171421051
2016-02-22,0.8198531866073608
2016-02-23,0.12774328887462616
2016-02-24,4.148567199707031
2016-02-25,9.372398376464844
2016-02-26,6.28572416305542
2016-02-27,3.2299680709838867
2016-02-28,0.7203885316848755
2016-02-29,1.235397458076477
2016-03-01,0.0
2016-03-02,0.0
2016-03-03,0.0
2016-03-04,0.0
2016-03-05,0.0
2016-03-06,0.0
2016-03-07,0.0
2016-03-08,0.0
2016-03-09,0.0
2016-03-10,0.0
2016-03-11,0.0
2016-03-12,0.0
2016-03-13,0.0
2016-03-14,0.0
2016-03-15,0.0
2016-03-16,0.0
2016-03-17,0.0
2016-03-18,0.0
2016-03-19,0.0
2016-03-20,0.0
2016-03-21,0.0
2016-03-22,0.0
2016-03-23,0.0
2016-03-24,0.0
2016-03-25,0.0
2016-03-26,0.0
2016-03-27,0.0
2016-03-28,0.0
2016-03-29,0.0
2016-03-30,0.0
2016-03-31,0.0
2016-04-01,0.0
2016-04-02,0.0
2016-04-03,0.0
2016-04-04,0.0
2016-04-05,0.0
2016-04-06,0.22247403860092163
2016-04-07,0.164632648229599
2016-04-08,0.0
2016-04-09,0.0006544248317368329
2016-04-10,0.010652774944901466
2016-04-11,0.0
2016-04-12,0.0
2016-04-13,0.0
2016-04-14,0.0
2016-04-15,0.0
2016-04-16,0.0
2016-04-17,0.0609123595058918
2016-04-18,0.06600522249937057
2016-04-19,0.13168272376060486
2016-04-20,0.06114973500370979
2016-04-21,2.247730255126953
2016-04-22,0.0
2016-04-23,0.0
2016-04-24,0.0
2016-04-25,0.0
2016-04-26,0.0
2016-04-27,0.0
2016-04-28,0.0
2016-04-29,0.0
2016-04-30,0.0
2016-05-01,0.0
2016-05-02,0.0
2016-05-03,0.0
2016-05-04,0.0
2016-05-05,0.0
2016-05-06,0.3781837821006775
2016-05-07,0.0
2016-05-08,6.050940990447998
2016-05-09,0.0
2016-05-10,0.0
2016-05-11,0.0
2016-05-12,0.0
2016-05-13,0.0
2016-05-14,0.0
2016-05-15,0.0
2016-05-16,0.0
2016-05-17,0.0
2016-05-18,0.0
2016-05-19,0.0
2016-05-20,0.0
2016-05-21,0.0
2016-05-22,0.0
2016-05-23,0.0
2016-05-24,0.0
2016-05-25,0.0
2016-05-26,0.0
2016-05-27,1.1379649639129639
2016-05-28,0.039240170270204544
2016-05-29,0.0
2016-05-30,0.0
2016-05-31,0.0
2016-06-01,0.0
2016-06-02,0.0
2016-06-03,0.0
2016-06-04,0.0
2016-06-05,0.0
2016-06-06,0.0
2016-06-07,0.0
2016-06-08,0.0
2016-06-09,0.0
2016-06-10,0.0
2016-06-11,0.0
2016-06-12,0.0
2016-06-13,0.0
2016-06-14,0.0
2016-06-15,0.0
2016-06-16,0.0
2016-06-17,0.0
2016-06-18,0.0
2016-06-19,0.0
2016-06-20,0.0
2016-06-21,0.22643251717090607
2016-06-22,0.22643251717090607
2016-06-23,0.22643251717090607
2016-06-24,0.22643251717090607
2016-06-25,0.22643251717090607
2016-06-26,0.04999136924743652
2016-06-27,0.04999136924743652
2016-06-28,0.04999136924743652
2016-06-29,0.04999136924743652
2016-06-30,0.04999136924743652
2016-07-01,0.0
2016-07-02,0.0
2016-07-03,0.0
2016-07-04,0.0
2016-07-05,0.0
2016-07-06,0.0
2016-07-07,0.0
2016-07-08,0.0
2016-07-09,0.0
2016-07-10,0.0
2016-07-11,0.0
2016-07-12,0.0
2016-07-13,0.0
2016-07-14,0.0
2016-07-15,0.0
2016-07-16,0.0
2016-07-17,0.0
2016-07-18,0.0
2016-07-19,0.0
2016-07-20,0.0
2016-07-21,0.0
2016-07-22,0.0
2016-07-23,0.0
2016-07-24,0.0
2016-07-25,0.0
2016-07-26,0.0
2016-07-27,0.0
2016-07-28,0.0
2016-07-29,0.0
2016-07-30,0.0
2016-07-31,0.0
2016-08-01,0.0
2016-08-02,0.0
2016-08-03,0.0
2016-08-04,0.0
2016-08-05,0.0
2016-08-06,0.0
2016-08-07,0.0
2016-08-08,0.0
2016-08-09,0.0
2016-08-10,0.0
2016-08-11,0.0
2016-08-12,0.0
2016-08-13,0.0
2016-08-14,0.0
2016-08-15,0.0
2016-08-16,0.0
2016-08-17,0.0
2016-08-18,0.0
2016-08-19,0.0
2016-08-20,0.0
2016-08-21,0.0
2016-08-22,0.0
2016-08-23,0.0
2016-08-24,0.0
2016-08-25,0.0
2016-08-26,0.0
2016-08-27,0.0
2016-08-28,2.3197078704833984
2016-08-29,0.0
2016-08-30,0.0
2016-08-31,0.0
2016-09-01,0.0
2016-09-02,0.0
2016-09-03,0.0
2016-09-04,0.0
2016-09-05,0.0
2016-09-06,0.0
2016-09-07,0.0
2016-09-08,0.0
2016-09-09,0.0
2016-09-10,0.0
2016-09-11,0.0
2016-09-12,0.0
2016-09-13,0.0
2016-09-14,0.0
2016-09-15,0.0
2016-09-16,0.6110647916793823
2016-09-17,0.6110647916793823
2016-09-18,0.6110647916793823
2016-09-19,0.6110647916793823
2016-09-20,3.666388750076294
2016-09-21,0.029801499098539352
2016-09-22,0.0
2016-09-23,1.7145015001296997
2016-09-24,1.1795551776885986
2016-09-25,0.0
2016-09-26,0.0
2016-09-27,0.0
2016-09-28,0.0
2016-09-29,0.0
2016-09-30,0.0
2016-10-01,0.0
2016-10-02,0.0
2016-10-03,0.0
2016-10-04,0.0
2016-10-05,0.0
2016-10-06,0.0
2016-10-07,0.0
2016-10-08,0.0
2016-10-09,0.0
2016-10-10,0.0
2016-10-11,0.0
2016-10-12,0.0
2016-10-13,0.0
2016-10-14,0.0
2016-10-15,0.9881492853164673
2016-10-16,14.524611473083496
2016-10-17,0.0
2016-10-18,1.945383906364441
2016-10-19,0.0
2016-10-20,0.0
2016-10-21,0.0
2016-10-22,0.0
2016-10-23,0.0
2016-10-24,0.0
2016-10-25,0.0
2016-10-26,0.0
2016-10-27,0.0
2016-10-28,0.0
2016-10-29,0.0
2016-10-30,0.0
2016-10-31,0.0
2016-11-01,0.2829318642616272
2016-11-02,1.6975911855697632
2016-11-03,0.2829318642616272
2016-11-04,0.2829318642616272
2016-11-05,0.2829318642616272
2016-11-06,0.11557861417531967
2016-11-07,0.11788398772478104
2016-11-08,0.06967207789421082
2016-11-09,0.0
2016-11-10,0.0
2016-11-11,3.8529465198516846
2016-11-12,0.0
2016-11-13,0.0
2016-11-14,1.904329776763916
2016-11-15,0.0
2016-11-16,0.0
2016-11-17,0.0
2016-11-18,0.0
2016-11-19,0.0
2016-11-20,0.0
2016-11-21,0.0
2016-11-22,0.0
2016-11-23,0.0
2016-11-24,0.0
2016-11-25,0.0
2016-11-26,0.0
2016-11-27,0.0
2016-11-28,0.0
2016-11-29,6.807722091674805
2016-11-30,8.414700508117676
2016-12-01,6.873885631561279
2016-12-02,1.014392614364624
2016-12-03,0.5992208123207092
2016-12-04,2.25360369682312
2016-12-05,0.3031942844390869
2016-12-06,0.21298494935035706
2016-12-07,0.03549749031662941
2016-12-08,0.03549749031662941
2016-12-09,0.03549749031662941
2016-12-10,0.03549749031662941
2016-12-11,0.0
2016-12-12,0.0
2016-12-13,0.05247128754854202
2016-12-14,0.28937599062919617
2016-12-15,0.3667319416999817
2016-12-16,0.0
2016-12-17,0.0
2016-12-18,0.1279929131269455
2016-12-19,0.616852343082428
2016-12-20,0.808064877986908
2016-12-21,0.0
2016-12-22,0.0
2016-12-23,0.0
2016-12-24,0.1774241328239441
2016-12-25,9.164163589477539
2016-12-26,8.701839447021484
2016-12-27,1.988594889640808
2016-12-28,0.0
2016-12-29,4.997570991516113
2016-12-30,11.077150344848633
2016-12-31,0.919134795665741
2017-01-01,0.34930408000946045
2017-01-02,0.0422816276550293
2017-01-03,7.388233184814453
2017-01-04,0.0
2017-01-05,0.0
2017-01-06,9.632325172424316
2017-01-07,10.433308601379395
2017-01-08,2.0695714950561523
2017-01-09,10.97355842590332
2017-01-10,1.003705620765686
2017-01-11,1.6598728895187378
2017-01-12,0.0
2017-01-13,0.17211736738681793
2017-01-14,0.9189935922622681
2017-01-15,4.296769142150879
2017-01-16,4.251452922821045
2017-01-17,0.0
2017-01-18,0.0
2017-01-19,0.0
2017-01-20,0.0
2017-01-21,0.0
2017-01-22,0.0
2017-01-23,2.906132221221924
2017-01-24,24.655935287475586
2017-01-25,0.0
2017-01-26,0.004712140653282404
2017-01-27,0.0
2017-01-28,0.0
2017-01-29,0.0
2017-01-30,0.26210498809814453
2017-01-31,2.0006651878356934
2017-02-01,0.0
2017-02-02,0.0
2017-02-03,0.0
2017-02-04,0.0
2017-02-05,0.0
2017-02-06,0.19850613176822662
2017-02-07,0.19850613176822662
2017-02-08,0.47558754682540894
2017-02-09,0.9139553308486938
2017-02-10,0.19850613176822662
2017-02-11,8.016386032104492
2017-02-12,0.07898767292499542
2017-02-13,1.1177951097488403
2017-02-14,0.0
2017-02-15,0.48555976152420044
2017-02-16,0.0
2017-02-17,0.0
2017-02-18,2.9707610607147217
2017-02-19,5.565100193023682
2017-02-20,0.15640267729759216
2017-02-21,0.0
2017-02-22,0.0
2017-02-23,0.0
2017-02-24,0.0
2017-02-25,0.0
2017-02-26,0.3198765218257904
2017-02-27,12.361105918884277
2017-02-28,5.05971622467041
2017-03-01,4.571728229522705
2017-03-02,0.8091229796409607
2017-03-03,6.379926681518555
2017-03-04,0.0
2017-03-05,0.0
2017-03-06,0.03482037037611008
2017-03-07,0.0
2017-03-08,0.0
2017-03-09,10.093849182128906
2017-03-10,7.221820831298828
2017-03-11,6.802802562713623
2017-03-12,0.8818058967590332
2017-03-13,0.0
2017-03-14,0.0
2017-03-15,4.170721530914307
2017-03-16,0.0
2017-03-17,0.0
2017-03-18,0.0
2017-03-19,0.0
2017-03-20,0.0
2017-03-21,0.0
2017-03-22,0.0
2017-03-23,0.0
2017-03-24,0.0
2017-03-25,0.0
2017-03-26,0.0
2017-03-27,0.0
2017-03-28,0.0
2017-03-29,0.0
2017-03-30,14.572422981262207
2017-03-31,5.3492302894592285
2017-04-01,5.3134074211120605
2017-04-02,1.510305643081665
2017-04-03,0.0
2017-04-04,0.0
2017-04-05,0.0
2017-04-06,0.0
2017-04-07,0.0
2017-04-08,0.0
2017-04-09,0.0
2017-04-10,0.0
2017-04-11,0.0
2017-04-12,0.0
2017-04-13,0.0
2017-04-14,0.0
2017-04-15,0.0
2017-04-16,0.0
2017-04-17,0.0
2017-04-18,0.0
2017-04-19,0.0
2017-04-20,0.0
2017-04-21,0.0
2017-04-22,0.0
2017-04-23,0.0
2017-04-24,0.0
2017-04-25,0.0
2017-04-26,0.0
2017-04-27,0.0
2017-04-28,0.0
2017-04-29,0.0
2017-04-30,0.0
2017-05-01,0.0
2017-05-02,0.0
2017-05-03,0.0
2017-05-04,0.0
2017-05-05,0.0
2017-05-06,0.0
2017-05-07,0.0
2017-05-08,0.0
2017-05-09,0.0
2017-05-10,0.0
2017-05-11,6.600106716156006
2017-05-12,0.0
2017-05-13,0.0
2017-05-14,0.0
2017-05-15,0.0
2017-05-16,0.0
2017-05-17,0.0
2017-05-18,0.0
2017-05-19,0.0
2017-05-20,0.0
2017-05-21,0.10974637418985367
2017-05-22,0.10974637418985367
2017-05-23,0.10974637418985367
2017-05-24,0.10974637418985367
2017-05-25,0.10974637418985367
2017-05-26,1.3597214221954346
2017-05-27,1.3597214221954346
2017-05-28,8.262921333312988
2017-05-29,2.6148488521575928
2017-05-30,1.3597214221954346
2017-05-31,1.3597214221954346
2017-06-01,0.0
2017-06-02,0.0
2017-06-03,0.0
2017-06-04,0.0
2017-06-05,0.0
2017-06-06,0.0
2017-06-07,0.0
2017-06-08,0.0
2017-06-09,0.0
2017-06-10,0.0
2017-06-11,0.0
2017-06-12,0.0
2017-06-13,0.0
2017-06-14,0.0
2017-06-15,0.0
2017-06-16,0.0
2017-06-17,0.0
2017-06-18,0.0
2017-06-19,0.0
2017-06-20,0.0
2017-06-21,0.0
2017-06-22,0.0
2017-06-23,0.0
2017-06-24,0.0
2017-06-25,0.0
2017-06-26,0.0
2017-06-27,0.0
2017-06-28,0.0
2017-06-29,0.0
2017-06-30,0.0
2017-07-01,0.0
2017-07-02,0.0
2017-07-03,0.0
2017-07-04,0.0
2017-07-05,0.0
2017-07-06,0.0
2017-07-07,0.0
2017-07-08,0.0
2017-07-09,0.0
2017-07-10,0.0
2017-07-11,0.0
2017-07-12,0.0
2017-07-13,0.0
2017-07-14,0.0
2017-07-15,0.0
2017-07-16,0.0
2017-07-17,0.0
2017-07-18,0.0
2017-07-19,0.0
2017-07-20,0.0
2017-07-21,0.0
2017-07-22,0.0
2017-07-23,0.0
2017-07-24,0.0
2017-07-25,0.0
2017-07-26,0.0
2017-07-27,0.0
2017-07-28,0.0
2017-07-29,0.0
2017-07-30,0.0
2017-07-31,0.0
2017-08-01,0.0
2017-08-02,0.0
2017-08-03,0.0
2017-08-04,0.0
2017-08-05,0.0
2017-08-06,0.0
2017-08-07,0.0
2017-08-08,0.0
2017-08-09,0.0
2017-08-10,0.0
2017-08-11,0.0
2017-08-12,0.0
2017-08-13,0.0
2017-08-14,0.0
2017-08-15,0.0
2017-08-16,0.0
2017-08-17,0.0
2017-08-18,0.0
2017-08-19,0.0
2017-08-20,0.0
2017-08-21,0.0
2017-08-22,0.0
2017-08-23,0.0
2017-08-24,0.0
2017-08-25,0.0
2017-08-26,0.0
2017-08-27,0.0
2017-08-28,0.0
2017-08-29,0.0
2017-08-30,0.0
2017-08-31,0.0
2017-09-01,0.0
2017-09-02,0.0
2017-09-03,0.0
2017-09-04,0.0
2017-09-05,0.0
2017-09-06,0.0
2017-09-07,0.0
2017-09-08,3.4312472343444824
2017-09-09,0.0
2017-09-10,0.0
2017-09-11,0.0
2017-09-12,0.0
2017-09-13,0.0
2017-09-14,0.0
2017-09-15,0.0
2017-09-16,0.0
2017-09-17,0.0
2017-09-18,0.0
2017-09-19,0.0
2017-09-20,0.0
2017-09-21,0.0
2017-09-22,0.0
2017-09-23,0.0
2017-09-24,0.0
2017-09-25,0.0
2017-09-26,0.0
2017-09-27,1.4152730703353882
2017-09-28,2.5474913120269775
2017-09-29,1.132218360900879
2017-09-30,0.0
2017-10-01,0.0
2017-10-02,0.0
2017-10-03,0.0
2017-10-04,0.0
2017-10-05,0.0
2017-10-06,0.0
2017-10-07,0.0
2017-10-08,0.0
2017-10-09,0.0
2017-10-10,0.0
2017-10-11,4.726495265960693
2017-10-12,0.0
2017-10-13,1.4289402961730957
2017-10-14,0.0
2017-10-15,2.088451385498047
2017-10-16,2.1642465591430664
2017-10-17,0.656225323677063
2017-10-18,0.0
2017-10-19,0.0
2017-10-20,0.0
2017-10-21,0.0
2017-10-22,0.0
2017-10-23,10.50809383392334
2017-10-24,0.4568736255168915
2017-10-25,0.0
2017-10-26,0.0
2017-10-27,0.0
2017-10-28,0.0
2017-10-29,0.0
2017-10-30,0.0
2017-10-31,0.0
2017-11-01,0.43914180994033813
2017-11-02,0.43914180994033813
2017-11-03,2.6348509788513184
2017-11-04,0.43914180994033813
2017-11-05,0.43914180994033813
2017-11-06,0.0
2017-11-07,0.0
2017-11-08,1.1257840394973755
2017-11-09,4.971278190612793
2017-11-10,4.884160995483398
2017-11-11,0.011727903038263321
2017-11-12,0.0
2017-11-13,3.2378506660461426
2017-11-14,5.561683654785156
2017-11-15,0.45653966069221497
2017-11-16,0.0
2017-11-17,0.0
2017-11-18,0.0
2017-11-19,0.0
2017-11-20,0.0
2017-11-21,0.0
2017-11-22,0.0
2017-11-23,0.0
2017-11-24,0.0
2017-11-25,0.0
2017-11-26,0.0
2017-11-27,0.0
2017-11-28,1.2431679964065552
2017-11-29,0.18120898306369781
2017-11-30,0.0
2017-12-01,0.0
2017-12-02,0.0
2017-12-03,0.0
2017-12-04,1.660096526145935
2017-12-05,1.660096526145935
2017-12-06,0.0
2017-12-07,0.0
2017-12-08,0.08796265721321106
2017-12-09,0.8105396628379822
2017-12-10,0.1175561398267746
2017-12-11,0.0
2017-12-12,0.0
2017-12-13,0.0
2017-12-14,0.0
2017-12-15,0.0
2017-12-16,1.578973650932312
2017-12-17,0.30362412333488464
2017-12-18,8.193367004394531
2017-12-19,0.0
2017-12-20,0.9159967303276062
2017-12-21,6.091507434844971
2017-12-22,0.010102393105626106
2017-12-23,7.171299457550049
2017-12-24,2.9866888523101807
2017-12-25,0.9346737861633301
2017-12-26,0.00674469955265522
2017-12-27,0.0
2017-12-28,0.0024280918296426535
2017-12-29,0.0
2017-12-30,0.0015240827342495322
2017-12-31,1.7197232246398926
2018-01-01,0.0
2018-01-02,0.0
2018-01-03,0.0
2018-01-04,0.0
2018-01-05,0.0
2018-01-06,0.4811408519744873
2018-01-07,3.2369394302368164
2018-01-08,3.935335159301758
2018-01-09,0.0
2018-01-10,1.005950927734375
2018-01-11,0.3691929876804352
2018-01-12,2.244307279586792
2018-01-13,33.23598861694336
2018-01-14,1.0277254581451416
2018-01-15,0.0
2018-01-16,0.0
2018-01-17,0.08851920068264008
2018-01-18,0.16577425599098206
2018-01-19,5.9480438232421875
2018-01-20,14.511157035827637
2018-01-21,2.1131021976470947
2018-01-22,0.030363114550709724
2018-01-23,0.9980107545852661
2018-01-24,12.545332908630371
2018-01-25,18.92735481262207
2018-01-26,11.09885025024414
2018-01-27,0.01931343413889408
2018-01-28,4.271463871002197
2018-01-29,0.2427881956100464
2018-01-30,2.0279104709625244
2018-01-31,12.777645111083984
2018-02-01,22.60172462463379
2018-02-02,3.481901168823242
2018-02-03,0.0
2018-02-04,0.0
2018-02-05,0.0
2018-02-06,0.17706884443759918
2018-02-07,21.48065757751465
2018-02-08,1.0793765783309937
2018-02-09,0.03327520564198494
2018-02-10,0.67766273021698
2018-02-11,9.432787895202637
2018-02-12,0.0
2018-02-13,0.6758444309234619
2018-02-14,0.0
2018-02-15,3.858818531036377
2018-02-16,1.304304838180542
2018-02-17,0.8319594264030457
2018-02-18,0.008792201057076454
2018-02-19,0.027124321088194847
2018-02-20,0.21343642473220825
2018-02-21,0.0
2018-02-22,0.0
2018-02-23,0.0
2018-02-24,0.0
2018-02-25,0.0
2018-02-26,0.0
2018-02-27,0.0
2018-02-28,0.0
2018-03-01,0.0
2018-03-02,0.0
2018-03-03,0.0
2018-03-04,0.0
2018-03-05,0.0
2018-03-06,0.0
2018-03-07,0.0
2018-03-08,0.0
2018-03-09,0.0
2018-03-10,0.0
2018-03-11,0.0
2018-03-12,0.0
2018-03-13,0.0
2018-03-14,12.46953010559082
2018-03-15,4.409415245056152
2018-03-16,20.191343307495117
2018-03-17,1.3387733697891235
2018-03-18,5.276594161987305
2018-03-19,0.0
2018-03-20,0.0
2018-03-21,0.0
2018-03-22,0.0
2018-03-23,0.0
2018-03-24,0.0
2018-03-25,0.0
2018-03-26,0.0
2018-03-27,0.0
2018-03-28,0.0
2018-03-29,0.06861056387424469
2018-03-30,0.03377893194556236
2018-03-31,0.0
2018-04-01,2.030174970626831
2018-04-02,0.0
2018-04-03,0.0
2018-04-04,0.0
2018-04-05,0.0
2018-04-06,0.0
2018-04-07,0.0
2018-04-08,0.0
2018-04-09,0.0
2018-04-10,0.0
2018-04-11,0.0
2018-04-12,0.0
2018-04-13,0.0
2018-04-14,0.0
2018-04-15,0.0
2018-04-16,0.0
2018-04-17,0.0
2018-04-18,0.0
2018-04-19,0.0
2018-04-20,0.0
2018-04-21,0.0
2018-04-22,0.0
2018-04-23,0.0
2018-04-24,0.7891495227813721
2018-04-25,0.2732585370540619
2018-04-26,1.3284753561019897
2018-04-27,0.0
2018-04-28,0.0
2018-04-29,0.0
2018-04-30,0.0
2018-05-01,0.0
2018-05-02,0.0
2018-05-03,0.0
2018-05-04,0.0
2018-05-05,0.0
2018-05-06,0.0
2018-05-07,0.24181759357452393
2018-05-08,0.7126462459564209
2018-05-09,0.818865180015564
2018-05-10,0.0
2018-05-11,0.0
2018-05-12,0.0
2018-05-13,0.0
2018-05-14,0.0
2018-05-15,0.0
2018-05-16,0.0
2018-05-17,0.0
2018-05-18,0.0
2018-05-19,0.0
2018-05-20,0.0
2018-05-21,0.0
2018-05-22,0.0
2018-05-23,0.0
2018-05-24,0.0
2018-05-25,0.0
2018-05-26,0.0
2018-05-27,0.0
2018-05-28,0.0
2018-05-29,0.0
2018-05-30,0.0
2018-05-31,0.0
2018-06-01,0.2972172200679779
2018-06-02,0.2972172200679779
2018-06-03,1.7833033800125122
2018-06-04,0.2972172200679779
2018-06-05,0.2972172200679779
2018-06-06,0.0
2018-06-07,0.0
2018-06-08,0.0
2018-06-09,0.0
2018-06-10,0.0
2018-06-11,0.0
2018-06-12,0.0
2018-06-13,0.0
2018-06-14,0.0
2018-06-15,0.0
2018-06-16,0.0
2018-06-17,0.0
2018-06-18,0.0
2018-06-19,0.0
2018-06-20,0.0
2018-06-21,0.0
2018-06-22,0.0
2018-06-23,0.0
2018-06-24,0.0
2018-06-25,0.0
2018-06-26,0.0
2018-06-27,0.0
2018-06-28,0.0
2018-06-29,0.0
2018-06-30,0.0
2018-07-01,0.0
2018-07-02,0.0
2018-07-03,0.0
2018-07-04,0.0
2018-07-05,0.0
2018-07-06,0.0
2018-07-07,0.0
2018-07-08,0.0
2018-07-09,0.0
2018-07-10,0.0
2018-07-11,0.0
2018-07-12,0.0
2018-07-13,0.0
2018-07-14,0.0
2018-07-15,0.0
2018-07-16,0.0
2018-07-17,0.0
2018-07-18,0.0
2018-07-19,0.0
2018-07-20,0.0
2018-07-21,0.2620328366756439
2018-07-22,0.01224452443420887
2018-07-23,0.0
2018-07-24,0.0
2018-07-25,0.0
2018-07-26,0.0
2018-07-27,0.0
2018-07-28,0.0
2018-07-29,0.0
2018-07-30,0.0
2018-07-31,0.0
2018-08-01,0.0
2018-08-02,0.0
2018-08-03,0.28842854499816895
2018-08-04,0.4634634852409363
2018-08-05,0.0
2018-08-06,0.0
2018-08-07,0.0
2018-08-08,0.0
2018-08-09,0.0
2018-08-10,0.0
2018-08-11,0.0
2018-08-12,0.0
2018-08-13,0.0
2018-08-14,0.0
2018-08-15,0.0
2018-08-16,0.0
2018-08-17,0.0
2018-08-18,0.0
2018-08-19,0.0
2018-08-20,0.0
2018-08-21,0.08336682617664337
2018-08-22,0.08336682617664337
2018-08-23,0.08336682617664337
2018-08-24,0.08336682617664337
2018-08-25,0.08336682617664337
2018-08-26,0.0
2018-08-27,0.0
2018-08-28,0.0
2018-08-29,0.0
2018-08-30,0.0
2018-08-31,0.0
2018-09-01,0.0
2018-09-02,0.0
2018-09-03,0.0
2018-09-04,0.0
2018-09-05,0.0
2018-09-06,0.0
2018-09-07,0.0
2018-09-08,0.0
2018-09-09,0.0
2018-09-10,0.0
2018-09-11,0.0
2018-09-12,0.0
2018-09-13,0.0
2018-09-14,0.0
2018-09-15,0.0
2018-09-16,0.0
2018-09-17,0.0
2018-09-18,0.0
2018-09-19,0.0
2018-09-20,0.0
2018-09-21,0.0
2018-09-22,0.0
2018-09-23,0.3079698383808136
2018-09-24,0.31296390295028687
2018-09-25,0.6275925636291504
2018-09-26,0.0
2018-09-27,0.0
2018-09-28,0.0
2018-09-29,0.0
2018-09-30,0.0
2018-10-01,0.0
2018-10-02,0.0
2018-10-03,0.0
2018-10-04,0.0
2018-10-05,0.0
2018-10-06,0.0
2018-10-07,0.0
2018-10-08,0.0
2018-10-09,0.0
2018-10-10,0.0
2018-10-11,0.0
2018-10-12,0.0
2018-10-13,0.0
2018-10-14,0.0
2018-10-15,0.0
2018-10-16,0.0
2018-10-17,0.0
2018-10-18,1.0280239582061768
2018-10-19,1.9161773920059204
2018-10-20,6.63977575302124
2018-10-21,0.0
2018-10-22,0.0
2018-10-23,0.0
2018-10-24,0.0
2018-10-25,0.0
2018-10-26,0.0
2018-10-27,0.0
2018-10-28,0.0
2018-10-29,0.0
2018-10-30,0.0
2018-10-31,0.0
2018-11-01,0.37293365597724915
2018-11-02,0.0
2018-11-03,0.25822901725769043
2018-11-04,0.0
2018-11-05,1.7951141595840454
2018-11-06,5.4428815841674805
2018-11-07,13.175832748413086
2018-11-08,0.0
2018-11-09,0.0
2018-11-10,0.0
2018-11-11,0.26505419611930847
2018-11-12,0.0
2018-11-13,0.0
2018-11-14,0.0
2018-11-15,0.0
2018-11-16,0.0
2018-11-17,0.0
2018-11-18,1.1663249731063843
2018-11-19,3.352991819381714
2018-11-20,3.8022985458374023
2018-11-21,0.09944381564855576
2018-11-22,0.0
2018-11-23,0.0
2018-11-24,0.7193832397460938
2018-11-25,0.07432028651237488
2018-11-26,0.0
2018-11-27,0.0
2018-11-28,0.0
2018-11-29,0.0
2018-11-30,0.0
2018-12-01,0.0
2018-12-02,0.0
2018-12-03,0.0
2018-12-04,0.0
2018-12-05,0.0
2018-12-06,0.0
2018-12-07,0.006086789537221193
2018-12-08,0.0
2018-12-09,5.06213903427124
2018-12-10,3.167200803756714
2018-12-11,0.0
2018-12-12,0.0
2018-12-13,0.0
2018-12-14,0.0
2018-12-15,5.574096202850342
2018-12-16,11.01237964630127
2018-12-17,15.08074951171875
2018-12-18,16.985340118408203
2018-12-19,7.0316925048828125
2018-12-20,0.0
2018-12-21,0.7213276624679565
2018-12-22,0.014085166156291962
2018-12-23,0.005044249352067709
2018-12-24,6.173968315124512
2018-12-25,13.262574195861816
2018-12-26,1.941611886024475
2018-12-27,12.123199462890625
2018-12-28,2.834697723388672
2018-12-29,12.608766555786133
2018-12-30,0.42343997955322266
2018-12-31,0.0
2019-01-01,0.6414772272109985
2019-01-02,9.040291786193848
2019-01-03,4.868637561798096
2019-01-04,6.756958484649658
2019-01-05,4.318558216094971
2019-01-06,0.005576104857027531
2019-01-07,0.0
2019-01-08,0.0
2019-01-09,0.0
2019-01-10,0.01385971438139677
2019-01-11,0.23826240003108978
2019-01-12,1.5864306688308716
2019-01-13,10.64306640625
2019-01-14,4.735584735870361
2019-01-15,1.5474562644958496
2019-01-16,0.5165669322013855
2019-01-17,20.600725173950195
2019-01-18,14.557926177978516
2019-01-19,0.0
2019-01-20,0.0
2019-01-21,0.021999353542923927
2019-01-22,0.021999353542923927
2019-01-23,0.13199612498283386
2019-01-24,0.021999353542923927
2019-01-25,0.021999353542923927
2019-01-26,0.0
2019-01-27,1.6227563619613647
2019-01-28,0.0
2019-01-29,0.0
2019-01-30,0.0
2019-01-31,0.15511642396450043
2019-02-01,0.5599950551986694
2019-02-02,1.0740426778793335
2019-02-03,0.4519035518169403
2019-02-04,15.72002124786377
2019-02-05,5.123055458068848
2019-02-06,0.0
2019-02-07,0.0
2019-02-08,0.0
2019-02-09,0.30166101455688477
2019-02-10,3.8897886276245117
2019-02-11,1.2487679719924927
2019-02-12,8.544231414794922
2019-02-13,0.10241053998470306
2019-02-14,0.1722438484430313
2019-02-15,0.04306096211075783
2019-02-16,0.0
2019-02-17,0.22387860715389252
2019-02-18,2.3522346019744873
2019-02-19,10.978719711303711
2019-02-20,0.0
2019-02-21,0.5189427137374878
2019-02-22,0.0
2019-02-23,0.0
2019-02-24,0.0
2019-02-25,0.8483847975730896
2019-02-26,6.04755163192749
2019-02-27,0.0063325148075819016
2019-02-28,0.018997544422745705
2019-03-01,0.0023215021938085556
2019-03-02,0.0036297100596129894
2019-03-03,0.0
2019-03-04,1.0986905097961426
2019-03-05,0.009679226204752922
2019-03-06,15.840914726257324
2019-03-07,0.03880126774311066
2019-03-08,0.0
2019-03-09,7.865550994873047
2019-03-10,5.592373371124268
2019-03-11,0.0
2019-03-12,0.0
2019-03-13,0.0
2019-03-14,0.0
2019-03-15,0.0
2019-03-16,0.0
2019-03-17,0.0
2019-03-18,0.0
2019-03-19,0.0
2019-03-20,0.0
2019-03-21,0.0
2019-03-22,0.0
2019-03-23,0.0
2019-03-24,0.0
2019-03-25,0.0
2019-03-26,0.5865236520767212
2019-03-27,0.8753126263618469
2019-03-28,0.0
2019-03-29,0.024660466238856316
2019-03-30,0.43790268898010254
2019-03-31,4.466771125793457
2019-04-01,7.469256401062012
2019-04-02,0.0
2019-04-03,0.24504244327545166
2019-04-04,0.0
2019-04-05,0.0
2019-04-06,0.0
2019-04-07,0.0
2019-04-08,0.0
2019-04-09,0.0
2019-04-10,0.0
2019-04-11,0.0
2019-04-12,0.0
2019-04-13,0.0
2019-04-14,0.0
2019-04-15,0.0
2019-04-16,0.0
2019-04-17,0.0
2019-04-18,0.0
2019-04-19,0.0
2019-04-20,0.0
2019-04-21,0.0
2019-04-22,0.0
2019-04-23,0.0
2019-04-24,0.0
2019-04-25,0.0
2019-04-26,0.0
2019-04-27,0.0
2019-04-28,0.0
2019-04-29,0.0
2019-04-30,0.0
2019-05-01,0.0
2019-05-02,0.0
2019-05-03,0.0
2019-05-04,0.0
2019-05-05,0.0
2019-05-06,0.11489006876945496
2019-05-07,0.49078044295310974
2019-05-08,0.0
2019-05-09,0.0
2019-05-10,0.0
2019-05-11,0.0
2019-05-12,0.0
2019-05-13,0.0
2019-05-14,0.0
2019-05-15,0.0
2019-05-16,0.0
2019-05-17,0.0
2019-05-18,0.0
2019-05-19,0.0
2019-05-20,0.0
2019-05-21,0.0
2019-05-22,0.0
2019-05-23,0.0
2019-05-24,0.0
2019-05-25,0.0
2019-05-26,0.0
2019-05-27,0.0
2019-05-28,0.0
2019-05-29,0.0
2019-05-30,0.0
2019-05-31,0.0
2019-06-01,0.0
2019-06-02,0.0
2019-06-03,0.0
2019-06-04,0.0
2019-06-05,0.0
2019-06-06,0.0
2019-06-07,0.0
2019-06-08,0.0
2019-06-09,0.0
2019-06-10,0.0
2019-06-11,0.17898446321487427
2019-06-12,0.12202122807502747
2019-06-13,0.11302703619003296
2019-06-14,0.11302703619003296
2019-06-15,0.6032105684280396
2019-06-16,0.22959403693675995
2019-06-17,0.03826567158102989
2019-06-18,0.03826567158102989
2019-06-19,0.03826567158102989
2019-06-20,0.03826567158102989
2019-06-21,0.0
2019-06-22,0.0
2019-06-23,0.0
2019-06-24,0.0
2019-06-25,0.0
2019-06-26,0.0
2019-06-27,0.0
2019-06-28,0.0
2019-06-29,0.0
2019-06-30,0.0
2019-07-01,0.0
2019-07-02,0.0
2019-07-03,0.0
2019-07-04,0.0
2019-07-05,0.0
2019-07-06,0.0
2019-07-07,0.0
2019-07-08,0.0
2019-07-09,0.0
2019-07-10,0.0
2019-07-11,0.0
2019-07-12,0.0
2019-07-13,0.0
2019-07-14,0.0
2019-07-15,0.0
2019-07-16,0.0
2019-07-17,0.0
2019-07-18,0.0
2019-07-19,0.0
2019-07-20,0.0
2019-07-21,0.0
2019-07-22,0.0
2019-07-23,0.0
2019-07-24,0.0
2019-07-25,0.0
2019-07-26,0.0
2019-07-27,0.0
2019-07-28,0.0
2019-07-29,0.0
2019-07-30,0.0
2019-07-31,0.0
2019-08-01,0.0
2019-08-02,0.0
2019-08-03,0.0
2019-08-04,0.0
2019-08-05,0.0
2019-08-06,0.0
2019-08-07,0.0
2019-08-08,0.0
2019-08-09,0.0
2019-08-10,0.0
2019-08-11,0.0
2019-08-12,0.0
2019-08-13,0.0
2019-08-14,0.0
2019-08-15,0.0
2019-08-16,0.0
2019-08-17,0.0
2019-08-18,0.0
2019-08-19,0.0
2019-08-20,0.0
2019-08-21,0.0
2019-08-22,0.0
2019-08-23,0.0
2019-08-24,0.0
2019-08-25,0.0
2019-08-26,0.0
2019-08-27,0.0
2019-08-28,0.0
2019-08-29,0.0
2019-08-30,0.0
2019-08-31,0.0
2019-09-01,0.0
2019-09-02,0.0
2019-09-03,0.0
2019-09-04,0.0
2019-09-05,0.0
2019-09-06,0.0
2019-09-07,0.019312594085931778
2019-09-08,2.099708080291748
2019-09-09,0.1425856649875641
2019-09-10,0.0
2019-09-11,0.0
2019-09-12,0.0
2019-09-13,0.0
2019-09-14,0.0
2019-09-15,0.0
2019-09-16,0.0
2019-09-17,0.0
2019-09-18,0.0
2019-09-19,0.0
2019-09-20,0.0
2019-09-21,0.0
2019-09-22,0.0
2019-09-23,0.0
2019-09-24,0.0
2019-09-25,0.0
2019-09-26,0.0
2019-09-27,0.0
2019-09-28,0.0
2019-09-29,0.0
2019-09-30,0.0
2019-10-01,0.0
2019-10-02,0.0
2019-10-03,0.0
2019-10-04,0.0
2019-10-05,0.0
2019-10-06,0.0
2019-10-07,0.0
2019-10-08,0.0
2019-10-09,0.0
2019-10-10,0.0
2019-10-11,0.0
2019-10-12,0.0
2019-10-13,0.0
2019-10-14,0.0
2019-10-15,0.0
2019-10-16,0.0
2019-10-17,0.0
2019-10-18,0.07398775219917297
2019-10-19,6.127033710479736
2019-10-20,0.5426357388496399
2019-10-21,0.0
2019-10-22,0.0
2019-10-23,0.0
2019-10-24,0.0
2019-10-25,0.0
2019-10-26,0.0
2019-10-27,0.0
2019-10-28,0.0
2019-10-29,0.0
2019-10-30,0.0
2019-10-31,0.0
2019-11-01,1.7042813301086426
2019-11-02,0.0
2019-11-03,0.0
2019-11-04,0.0
2019-11-05,0.0
2019-11-06,0.0
2019-11-07,3.252652168273926
2019-11-08,2.301931381225586
2019-11-09,0.14936378598213196
2019-11-10,7.6158976554870605
2019-11-11,0.06602773815393448
2019-11-12,12.024479866027832
2019-11-13,0.3265933394432068
2019-11-14,0.0
2019-11-15,0.0
2019-11-16,0.0004478877526707947
2019-11-17,0.36979207396507263
2019-11-18,0.0629282221198082
2019-11-19,0.006046483758836985
2019-11-20,0.8211413621902466
2019-11-21,5.03489351272583
2019-11-22,0.0
2019-11-23,0.6644752621650696
2019-11-24,3.6274054050445557
2019-11-25,0.0
2019-11-26,0.0
2019-11-27,0.0
2019-11-28,0.0
2019-11-29,0.0
2019-11-30,0.0
2019-12-01,0.0
2019-12-02,0.0
2019-12-03,0.0
2019-12-04,0.0
2019-12-05,0.0
2019-12-06,0.0
2019-12-07,0.0
2019-12-08,0.0
2019-12-09,0.0
2019-12-10,0.0
2019-12-11,2.5876595973968506
2019-12-12,0.0
2019-12-13,0.00651859724894166
2019-12-14,2.368647336959839
2019-12-15,0.0
2019-12-16,0.0
2019-12-17,0.3335246741771698
2019-12-18,0.7340214848518372
2019-12-19,4.4360032081604
2019-12-20,0.03395873308181763
2019-12-21,0.19401821494102478
2019-12-22,1.8681766986846924
2019-12-23,1.0970913171768188
2019-12-24,0.0
2019-12-25,0.21571333706378937
2019-12-26,0.10960350185632706
2019-12-27,5.613212585449219
2019-12-28,0.039922084659338
2019-12-29,7.61049747467041
2019-12-30,0.14102087914943695
2019-12-31,5.35178279876709
2020-01-01,0.030850160866975784
2020-01-02,0.053341176360845566
2020-01-03,12.108020782470703
2020-01-04,9.809857368469238
2020-01-05,1.628073811531067
2020-01-06,0.0
2020-01-07,0.0
2020-01-08,0.0
2020-01-09,0.0
2020-01-10,0.0
2020-01-11,0.3782820403575897
2020-01-12,3.326183557510376
2020-01-13,9.217744827270508
2020-01-14,5.920650959014893
2020-01-15,5.775647163391113
2020-01-16,42.942115783691406
2020-01-17,1.605443000793457
2020-01-18,1.0304399728775024
2020-01-19,0.2717937231063843
2020-01-20,7.9796905517578125
2020-01-21,6.874215602874756
2020-01-22,0.39914798736572266
2020-01-23,0.0
2020-01-24,0.0
2020-01-25,0.0
2020-01-26,0.46305060386657715
2020-01-27,1.2186205387115479
2020-01-28,2.594083309173584
2020-01-29,0.5207688212394714
2020-01-30,0.0
2020-01-31,0.0
2020-02-01,0.0
2020-02-02,0.0
2020-02-03,0.6615858674049377
2020-02-04,3.271848440170288
2020-02-05,0.0
2020-02-06,1.000075101852417
2020-02-07,9.57162857055664
2020-02-08,0.10318060219287872
2020-02-09,0.279381662607193
2020-02-10,0.0
2020-02-11,0.0
2020-02-12,0.0
2020-02-13,0.0
2020-02-14,0.009543095715343952
2020-02-15,15.769959449768066
2020-02-16,1.5697020292282104
2020-02-17,5.139878749847412
2020-02-18,9.111590385437012
2020-02-19,11.928187370300293
2020-02-20,0.01806364394724369
2020-02-21,0.0
2020-02-22,0.01533117052167654
2020-02-23,5.937024116516113
2020-02-24,0.010113853961229324
2020-02-25,1.867098331451416
2020-02-26,15.498714447021484
2020-02-27,2.2713370323181152
2020-02-28,0.0
2020-02-29,0.14595524966716766
2020-03-01,0.0
2020-03-02,0.0
2020-03-03,0.0
2020-03-04,0.0
2020-03-05,0.0
2020-03-06,0.0
2020-03-07,0.0
2020-03-08,0.0
2020-03-09,0.0
2020-03-10,0.0
2020-03-11,0.0
2020-03-12,0.16564710438251495
2020-03-13,5.143130779266357
2020-03-14,3.8493049144744873
2020-03-15,5.579489231109619
2020-03-16,12.215353965759277
2020-03-17,5.130236625671387
2020-03-18,5.703181266784668
2020-03-19,4.394196510314941
2020-03-20,5.018674850463867
2020-03-21,0.0
2020-03-22,0.0
2020-03-23,0.0
2020-03-24,0.0
2020-03-25,2.424875259399414
2020-03-26,5.665513038635254
2020-03-27,0.0
2020-03-28,0.0
2020-03-29,0.0
2020-03-30,0.0
2020-03-31,0.0
2020-04-01,0.0
2020-04-02,0.025982391089200974
2020-04-03,0.04483029618859291
2020-04-04,0.04240703582763672
2020-04-05,4.733299255371094
2020-04-06,0.0
2020-04-07,0.0
2020-04-08,0.0
2020-04-09,0.0
2020-04-10,0.0
2020-04-11,0.0
2020-04-12,0.0
2020-04-13,0.0
2020-04-14,0.0
2020-04-15,0.0
2020-04-16,0.1725047081708908
2020-04-17,6.367361545562744
2020-04-18,0.2223183959722519
2020-04-19,0.0
2020-04-20,0.0
2020-04-21,0.0
2020-04-22,0.0
2020-04-23,0.0
2020-04-24,0.0
2020-04-25,0.0
2020-04-26,0.0
2020-04-27,0.0
2020-04-28,0.0
2020-04-29,0.0
2020-04-30,0.0
2020-05-01,1.7987453937530518
2020-05-02,0.2997908890247345
2020-05-03,0.2997908890247345
2020-05-04,0.2997908890247345
2020-05-05,0.2997908890247345
2020-05-06,0.0
2020-05-07,0.0
2020-05-08,0.0
2020-05-09,0.0
2020-05-10,0.0
2020-05-11,0.0
2020-05-12,0.0
2020-05-13,0.0
2020-05-14,0.0
2020-05-15,0.0
2020-05-16,0.0
2020-05-17,0.0
2020-05-18,0.0
2020-05-19,0.0
2020-05-20,0.0
2020-05-21,0.0
2020-05-22,0.0
2020-05-23,0.0
2020-05-24,0.0
2020-05-25,0.0
2020-05-26,0.0
2020-05-27,0.0
2020-05-28,0.0
2020-05-29,0.0
2020-05-30,0.0
2020-05-31,0.0
2020-06-01,0.0
2020-06-02,0.0
2020-06-03,0.0
2020-06-04,0.0
2020-06-05,0.0
2020-06-06,0.0
2020-06-07,0.0
2020-06-08,0.0
2020-06-09,0.0
2020-06-10,0.0
2020-06-11,0.0
2020-06-12,0.0
2020-06-13,0.0
2020-06-14,0.0
2020-06-15,0.0
2020-06-16,0.0
2020-06-17,0.0
2020-06-18,0.0
2020-06-19,0.0
2020-06-20,0.0
2020-06-21,0.0
2020-06-22,0.0
2020-06-23,0.0
2020-06-24,0.0
2020-06-25,0.0
2020-06-26,0.0
2020-06-27,0.0
2020-06-28,0.0
2020-06-29,0.0
2020-06-30,0.0
2020-07-01,0.0
2020-07-02,0.0
2020-07-03,0.0
2020-07-04,0.0
2020-07-05,0.0
2020-07-06,0.0
2020-07-07,0.0
2020-07-08,0.0
2020-07-09,0.0
2020-07-10,0.0
2020-07-11,0.0
2020-07-12,0.0
2020-07-13,0.0
2020-07-14,0.0
2020-07-15,0.0
2020-07-16,0.0
2020-07-17,0.0
2020-07-18,0.0
2020-07-19,0.0
2020-07-20,0.0
2020-07-21,0.0
2020-07-22,0.0
2020-07-23,0.0
2020-07-24,0.0
2020-07-25,0.0
2020-07-26,0.0
2020-07-27,0.0
2020-07-28,0.0
2020-07-29,0.0
2020-07-30,0.0
2020-07-31,0.0
2020-08-01,0.0
2020-08-02,0.0
2020-08-03,0.0
2020-08-04,0.0
2020-08-05,0.0
2020-08-06,0.0
2020-08-07,0.0
2020-08-08,0.0
2020-08-09,0.0
2020-08-10,0.0
2020-08-11,0.0
2020-08-12,0.0
2020-08-13,0.0
2020-08-14,0.0
2020-08-15,0.0
2020-08-16,0.0
2020-08-17,0.0
2020-08-18,0.0
2020-08-19,0.0
2020-08-20,0.0
2020-08-21,0.0
2020-08-22,0.0
2020-08-23,0.0
2020-08-24,0.0
2020-08-25,0.0
2020-08-26,0.0
2020-08-27,0.0
2020-08-28,0.0
2020-08-29,0.0
2020-08-30,0.0
2020-08-31,0.0
2020-09-01,0.0
2020-09-02,0.0
2020-09-03,0.0
2020-09-04,0.0
2020-09-05,0.0
2020-09-06,0.0
2020-09-07,0.8091481328010559
2020-09-08,3.0040788650512695
2020-09-09,0.0
2020-09-10,2.932774543762207
2020-09-11,0.05709134787321091
2020-09-12,0.1096312403678894
2020-09-13,0.0
2020-09-14,1.2223610877990723
2020-09-15,0.12356076389551163
2020-09-16,0.0
2020-09-17,0.0
2020-09-18,0.0
2020-09-19,0.0
2020-09-20,0.0
2020-09-21,0.0
2020-09-22,0.0
2020-09-23,0.0
2020-09-24,0.0
2020-09-25,0.0
2020-09-26,0.0
2020-09-27,0.0
2020-09-28,0.0
2020-09-29,0.0
2020-09-30,0.0
2020-10-01,0.613792359828949
2020-10-02,0.0
2020-10-03,0.0028631712775677443
2020-10-04,0.00035789640969596803
2020-10-05,0.6105712652206421
2020-10-06,0.0
2020-10-07,0.0
2020-10-08,0.0
2020-10-09,0.0
2020-10-10,0.0
2020-10-11,5.053045272827148
2020-10-12,4.370123863220215
2020-10-13,1.4217402935028076
2020-10-14,0.024716559797525406
2020-10-15,0.46366941928863525
2020-10-16,9.667579650878906
2020-10-17,0.0
2020-10-18,0.0
2020-10-19,0.0
2020-10-20,0.0
2020-10-21,0.24868366122245789
2020-10-22,11.167853355407715
2020-10-23,0.017069242894649506
2020-10-24,0.03189290687441826
2020-10-25,0.0
2020-10-26,0.0
2020-10-27,0.0
2020-10-28,0.0
2020-10-29,0.0
2020-10-30,0.0
2020-10-31,0.0
2020-11-01,0.0
2020-11-02,0.0
2020-11-03,0.0
2020-11-04,0.0
2020-11-05,0.0
2020-11-06,0.0
2020-11-07,7.531898021697998
2020-11-08,2.5685763359069824
2020-11-09,0.003128050360828638
2020-11-10,0.0
2020-11-11,0.0
2020-11-12,0.0
2020-11-13,3.063706874847412
2020-11-14,0.25576236844062805
2020-11-15,0.0
2020-11-16,0.0
2020-11-17,0.0
2020-11-18,0.0
2020-11-19,0.0
2020-11-20,0.0
2020-11-21,0.0
2020-11-22,0.0
2020-11-23,0.5630433559417725
2020-11-24,5.545228958129883
2020-11-25,2.374000310897827
2020-11-26,0.7650492191314697
2020-11-27,6.381097793579102
2020-11-28,0.22970587015151978
2020-11-29,6.963397026062012
2020-11-30,0.10557390004396439
2020-12-01,0.5671268105506897
2020-12-02,0.0
2020-12-03,16.260784149169922
2020-12-04,0.0
2020-12-05,0.003150704549625516
2020-12-06,0.0
2020-12-07,0.0
2020-12-08,0.021242313086986542
2020-12-09,8.07632827758789
2020-12-10,0.0
2020-12-11,0.0
2020-12-12,0.0
2020-12-13,0.0
2020-12-14,0.0
2020-12-15,0.0
2020-12-16,0.45503532886505127
2020-12-17,0.1565977931022644
2020-12-18,0.0
2020-12-19,0.0
2020-12-20,0.2885102331638336
2020-12-21,0.11552486568689346
2020-12-22,0.03144926577806473
2020-12-23,0.0
2020-12-24,3.174114465713501
2020-12-25,3.2413244247436523
2020-12-26,4.573179244995117
2020-12-27,0.0
2020-12-28,0.08341648429632187
2020-12-29,4.798603534698486
2020-12-30,14.443621635437012
2020-12-31,0.0
2021-01-01,0.0
2021-01-02,10.642070770263672
2021-01-03,4.1449151039123535
2021-01-04,0.39377298951148987
2021-01-05,8.111252784729004
2021-01-06,0.0
2021-01-07,0.0
2021-01-08,0.0
2021-01-09,0.0
2021-01-10,0.0
2021-01-11,1.0177408456802368
2021-01-12,1.7365105152130127
2021-01-13,4.645697116851807
2021-01-14,0.0
2021-01-15,0.1478894054889679
2021-01-16,2.72705340385437
2021-01-17,33.54898452758789
2021-01-18,0.12431473284959793
2021-01-19,0.0
2021-01-20,0.05157318711280823
2021-01-21,1.2284369468688965
2021-01-22,5.769783973693848
2021-01-23,3.467013359069824
2021-01-24,11.653624534606934
2021-01-25,5.8494553565979
2021-01-26,0.0
2021-01-27,0.0
2021-01-28,0.0
2021-01-29,0.0
2021-01-30,0.0
2021-01-31,0.0
2021-02-01,0.0
2021-02-02,2.3050296306610107
2021-02-03,0.22021040320396423
2021-02-04,14.425978660583496
2021-02-05,0.0
2021-02-06,0.485514372587204
2021-02-07,13.079384803771973
2021-02-08,27.168325424194336
2021-02-09,0.8580418825149536
2021-02-10,0.05090731009840965
2021-02-11,0.0
2021-02-12,0.0
2021-02-13,0.0
2021-02-14,0.0
2021-02-15,0.0
2021-02-16,0.0
2021-02-17,0.0
2021-02-18,0.0
2021-02-19,0.0
2021-02-20,0.0
2021-02-21,20.320592880249023
2021-02-22,0.4180133640766144
2021-02-23,0.021679867058992386
2021-02-24,2.236839532852173
2021-02-25,0.07892747968435287
2021-02-26,0.0
2021-02-27,0.0
2021-02-28,0.0
2021-03-01,6.358928680419922
2021-03-02,0.3895789086818695
2021-03-03,0.3327549695968628
2021-03-04,5.798300266265869
2021-03-05,5.858953952789307
2021-03-06,0.0
2021-03-07,0.6428706645965576
2021-03-08,2.074643611907959
2021-03-09,0.0
2021-03-10,0.06200584024190903
2021-03-11,0.0
2021-03-12,0.0
2021-03-13,2.498316526412964
2021-03-14,0.4996632933616638
2021-03-15,0.0
2021-03-16,0.0
2021-03-17,0.0
2021-03-18,0.0
2021-03-19,0.0
2021-03-20,0.0
2021-03-21,0.11167799681425095
2021-03-22,3.059171438217163
2021-03-23,6.533413410186768
2021-03-24,0.5345106720924377
2021-03-25,0.02567538432776928
2021-03-26,0.0
2021-03-27,0.0
2021-03-28,0.02265998348593712
2021-03-29,0.0
2021-03-30,0.0
2021-03-31,0.0
2021-04-01,0.01854727230966091
2021-04-02,0.0
2021-04-03,0.5598558187484741
2021-04-04,9.335297584533691
2021-04-05,1.8749457597732544
2021-04-06,0.0
2021-04-07,0.0
2021-04-08,0.0
2021-04-09,0.0
2021-04-10,0.0
2021-04-11,2.1816468238830566
2021-04-12,1.2359888553619385
2021-04-13,3.8032968044281006
2021-04-14,0.0
2021-04-15,0.0
2021-04-16,0.0
2021-04-17,0.0
2021-04-18,0.0
2021-04-19,0.0
2021-04-20,0.0
2021-04-21,0.0
2021-04-22,0.0
2021-04-23,0.0
2021-04-24,0.0
2021-04-25,0.0
2021-04-26,0.0
2021-04-27,0.0
2021-04-28,0.0
2021-04-29,0.0
2021-04-30,0.0
2021-05-01,0.0
2021-05-02,0.0
2021-05-03,0.0
2021-05-04,0.0
2021-05-05,0.0
2021-05-06,0.0
2021-05-07,0.0
2021-05-08,0.0
2021-05-09,0.0
2021-05-10,0.0
2021-05-11,0.0
2021-05-12,0.0
2021-05-13,0.0
2021-05-14,0.0
2021-05-15,0.0
2021-05-16,0.0
2021-05-17,0.0
2021-05-18,0.0
2021-05-19,0.0
2021-05-20,0.0
2021-05-21,0.0
2021-05-22,0.0
2021-05-23,0.0
2021-05-24,0.0
2021-05-25,0.0
2021-05-26,0.0
2021-05-27,0.0
2021-05-28,0.0
2021-05-29,0.0
2021-05-30,0.0
2021-05-31,0.0
2021-06-01,0.0
2021-06-02,0.0
2021-06-03,0.0
2021-06-04,0.9115376472473145
2021-06-05,0.0
2021-06-06,0.0
2021-06-07,0.0
2021-06-08,0.0
2021-06-09,0.0
2021-06-10,0.0
2021-06-11,0.0
2021-06-12,0.0
2021-06-13,0.0
2021-06-14,0.0
2021-06-15,0.0
2021-06-16,0.0
2021-06-17,0.0
2021-06-18,0.0
2021-06-19,0.0
2021-06-20,0.0
2021-06-21,0.0
2021-06-22,0.0
2021-06-23,0.0
2021-06-24,0.0
2021-06-25,0.0
2021-06-26,0.0
2021-06-27,0.0
2021-06-28,0.0
2021-06-29,0.0
2021-06-30,0.0
2021-07-01,0.0
2021-07-02,0.0
2021-07-03,0.0
2021-07-04,0.0
2021-07-05,0.0
2021-07-06,0.0
2021-07-07,0.0
2021-07-08,0.0
2021-07-09,0.0
2021-07-10,0.0
2021-07-11,0.0
2021-07-12,0.0
2021-07-13,0.0
2021-07-14,0.0
2021-07-15,0.0
2021-07-16,0.0
2021-07-17,0.0
2021-07-18,0.0
2021-07-19,0.0
2021-07-20,0.0
2021-07-21,0.0
2021-07-22,0.0
2021-07-23,0.0
2021-07-24,0.0
2021-07-25,0.0
2021-07-26,0.0
2021-07-27,0.0
2021-07-28,0.0
2021-07-29,0.0
2021-07-30,0.0
2021-07-31,0.0
2021-08-01,0.0
2021-08-02,0.0
2021-08-03,0.08411498367786407
2021-08-04,0.5046898722648621
2021-08-05,0.0
2021-08-06,0.0
2021-08-07,0.0
2021-08-08,0.0
2021-08-09,0.0
2021-08-10,0.0
2021-08-11,0.0
2021-08-12,0.0
2021-08-13,0.0
2021-08-14,0.0
2021-08-15,0.0
2021-08-16,0.0
2021-08-17,0.0
2021-08-18,0.0
2021-08-19,0.0
2021-08-20,0.0
2021-08-21,0.0
2021-08-22,0.0
2021-08-23,0.0
2021-08-24,0.0
2021-08-25,0.0
2021-08-26,0.0
2021-08-27,0.0
2021-08-28,0.0
2021-08-29,0.0
2021-08-30,0.0
2021-08-31,0.0
2021-09-01,0.0
2021-09-02,0.0
2021-09-03,0.0
2021-09-04,0.0
2021-09-05,0.0
2021-09-06,0.7310820817947388
2021-09-07,0.7310820817947388
2021-09-08,0.7310820817947388
2021-09-09,0.7310820817947388
2021-09-10,0.7310820817947388
2021-09-11,0.7599524259567261
2021-09-12,0.7599524259567261
2021-09-13,0.7599524259567261
2021-09-14,0.7599524259567261
2021-09-15,0.7599524259567261
2021-09-16,0.0
2021-09-17,0.0
2021-09-18,0.0
2021-09-19,0.0
2021-09-20,0.0
2021-09-21,6.964349269866943
2021-09-22,0.0
2021-09-23,0.0
2021-09-24,0.0
2021-09-25,0.0
2021-09-26,0.0
2021-09-27,0.0
2021-09-28,0.0
2021-09-29,0.0
2021-09-30,0.0
2021-10-01,0.0
2021-10-02,0.0
2021-10-03,0.0
2021-10-04,0.0
2021-10-05,0.0
2021-10-06,0.0
2021-10-07,0.0
2021-10-08,0.0
2021-10-09,0.0
2021-10-10,0.0
2021-10-11,0.0
2021-10-12,0.0
2021-10-13,0.0
2021-10-14,0.0
2021-10-15,0.0
2021-10-16,0.0
2021-10-17,0.0
2021-10-18,0.0
2021-10-19,0.0
2021-10-20,0.0
2021-10-21,0.0
2021-10-22,0.0
2021-10-23,0.0
2021-10-24,0.0
2021-10-25,0.0
2021-10-26,0.0
2021-10-27,0.0
2021-10-28,0.0
2021-10-29,0.0
2021-10-30,0.0
2021-10-31,0.0
2021-11-01,0.0
2021-11-02,0.0
2021-11-03,0.0
2021-11-04,0.0
2021-11-05,0.0
2021-11-06,0.0
2021-11-07,0.0
2021-11-08,0.0
2021-11-09,0.0
2021-11-10,0.0
2021-11-11,0.0
2021-11-12,0.0
2021-11-13,0.0
2021-11-14,0.0
2021-11-15,0.0
2021-11-16,2.161289930343628
2021-11-17,0.13296540081501007
2021-11-18,0.0
2021-11-19,0.0
2021-11-20,0.0
2021-11-21,0.5417042374610901
2021-11-22,8.131375312805176
2021-11-23,4.05729341506958
2021-11-24,26.113744735717773
2021-11-25,0.7215625643730164
2021-11-26,0.0
2021-11-27,0.0
2021-11-28,0.0
2021-11-29,0.0
2021-11-30,0.0
2021-12-01,0.0
2021-12-02,0.3061704933643341
2021-12-03,11.340133666992188
2021-12-04,0.35041770339012146
2021-12-05,12.339155197143555
2021-12-06,1.2029505968093872
2021-12-07,9.949921607971191
2021-12-08,1.310670018196106
2021-12-09,8.214226722717285
2021-12-10,5.104814529418945
2021-12-11,0.0
2021-12-12,0.0
2021-12-13,0.0
2021-12-14,0.6633021235466003
2021-12-15,3.751924753189087
2021-12-16,0.0
2021-12-17,0.0
2021-12-18,0.0
2021-12-19,0.0
2021-12-20,0.0
2021-12-21,1.6069865226745605
2021-12-22,0.0
2021-12-23,0.5416194200515747
2021-12-24,11.976338386535645
2021-12-25,25.775745391845703
2021-12-26,0.4432414472103119
2021-12-27,0.7053443193435669
2021-12-28,0.18632635474205017
2021-12-29,0.0
2021-12-30,0.5230770111083984
2021-12-31,0.32878440618515015
2022-01-01,0.0
2022-01-02,0.0
2022-01-03,0.0
2022-01-04,0.0
2022-01-05,0.0
2022-01-06,1.8985313177108765
2022-01-07,6.349034309387207
2022-01-08,2.2831897735595703
2022-01-09,16.502899169921875
2022-01-10,2.209815740585327
2022-01-11,0.0
2022-01-12,0.0
2022-01-13,0.0
2022-01-14,0.0
2022-01-15,0.0
2022-01-16,0.8519443273544312
2022-01-17,11.275591850280762
2022-01-18,15.508377075195312
2022-01-19,1.8178035020828247
2022-01-20,0.14459359645843506
2022-01-21,4.935513496398926
2022-01-22,0.7744976282119751
2022-01-23,10.010374069213867
2022-01-24,7.857428550720215
2022-01-25,8.981863975524902
2022-01-26,4.546544075012207
2022-01-27,11.352971076965332
2022-01-28,2.7142555713653564
2022-01-29,2.1975107192993164
2022-01-30,6.20534086227417
2022-01-31,15.938576698303223
2022-02-01,0.7432550191879272
2022-02-02,3.316340923309326
2022-02-03,3.367931842803955
2022-02-04,0.0
2022-02-05,0.0
2022-02-06,0.0
2022-02-07,0.44482341408729553
2022-02-08,1.9971256256103516
2022-02-09,0.17468056082725525
2022-02-10,3.583207368850708
2022-02-11,0.0
2022-02-12,0.0
2022-02-13,0.0
2022-02-14,0.0
2022-02-15,0.0
2022-02-16,4.526892185211182
2022-02-17,0.3842037320137024
2022-02-18,0.0
2022-02-19,3.588266372680664
2022-02-20,0.0
2022-02-21,0.0
2022-02-22,0.36101454496383667
2022-02-23,8.7704496383667
2022-02-24,0.5117148160934448
2022-02-25,0.0
2022-02-26,0.0
2022-02-27,0.3713294267654419
2022-02-28,1.440591812133789
2022-03-01,5.9142985343933105
2022-03-02,12.58126449584961
2022-03-03,0.023156972602009773
2022-03-04,0.10693852603435516
2022-03-05,1.0704728364944458
2022-03-06,0.0
2022-03-07,0.1093660444021225
2022-03-08,5.987879753112793
2022-03-09,0.0
2022-03-10,0.45045164227485657
2022-03-11,0.0
2022-03-12,0.0
2022-03-13,0.0
2022-03-14,0.0
2022-03-15,0.0
2022-03-16,0.0
2022-03-17,0.0
2022-03-18,0.0
2022-03-19,0.0
2022-03-20,0.0
2022-03-21,0.0
2022-03-22,0.0
2022-03-23,0.0
2022-03-24,0.0
2022-03-25,0.0
2022-03-26,0.0
2022-03-27,0.0
2022-03-28,0.0
2022-03-29,0.0
2022-03-30,0.0
2022-03-31,0.0
2022-04-01,0.0
2022-04-02,0.0
2022-04-03,0.0
2022-04-04,0.0
2022-04-05,0.0
2022-04-06,0.0
2022-04-07,0.0
2022-04-08,0.0
2022-04-09,0.0
2022-04-10,0.0
2022-04-11,0.0
2022-04-12,0.0
2022-04-13,0.0
2022-04-14,0.0
2022-04-15,0.0
2022-04-16,0.0
2022-04-17,0.0
2022-04-18,0.0
2022-04-19,0.0
2022-04-20,0.0
2022-04-21,0.0
2022-04-22,0.0
2022-04-23,0.0
2022-04-24,0.0
2022-04-25,0.0
2022-04-26,0.0
2022-04-27,0.0
2022-04-28,0.0
2022-04-29,0.0
2022-04-30,0.0
2022-05-01,0.0
2022-05-02,0.0
2022-05-03,0.0
2022-05-04,0.0
2022-05-05,0.0
2022-05-06,0.0
2022-05-07,0.0
2022-05-08,0.0
2022-05-09,0.0
2022-05-10,0.0
2022-05-11,0.0
2022-05-12,0.0
2022-05-13,0.0
2022-05-14,0.0
2022-05-15,0.0
2022-05-16,0.0
2022-05-17,0.0
2022-05-18,0.0
2022-05-19,0.0
2022-05-20,0.0
2022-05-21,0.0
2022-05-22,0.0
2022-05-23,0.0
2022-05-24,0.0
2022-05-25,0.0
2022-05-26,0.0
2022-05-27,0.0
2022-05-28,0.0
2022-05-29,0.0
2022-05-30,0.0
2022-05-31,0.0
2022-06-01,0.0
2022-06-02,0.0
2022-06-03,0.0
2022-06-04,0.0
2022-06-05,0.0
2022-06-06,0.0
2022-06-07,0.0
2022-06-08,0.0
2022-06-09,0.0
2022-06-10,0.0
2022-06-11,0.0
2022-06-12,0.0
2022-06-13,0.0
2022-06-14,0.0
2022-06-15,0.0
2022-06-16,0.0
2022-06-17,0.0
2022-06-18,0.0
2022-06-19,0.0
2022-06-20,0.0
2022-06-21,0.0
2022-06-22,0.0
2022-06-23,0.0
2022-06-24,0.0
2022-06-25,0.0
2022-06-26,0.0
2022-06-27,0.0
2022-06-28,0.0
2022-06-29,0.0
2022-06-30,0.0
2022-07-01,0.0
2022-07-02,0.0
2022-07-03,0.0
2022-07-04,0.0
2022-07-05,0.3179899752140045
2022-07-06,0.0
2022-07-07,0.0
2022-07-08,0.0
2022-07-09,0.0
2022-07-10,0.0
2022-07-11,0.11207487434148788
2022-07-12,0.0
2022-07-13,0.0
2022-07-14,0.0
2022-07-15,0.0
2022-07-16,0.0
2022-07-17,0.0
2022-07-18,0.0
2022-07-19,0.0
2022-07-20,0.0
2022-07-21,0.0
2022-07-22,0.0
2022-07-23,0.0
2022-07-24,0.0
2022-07-25,0.0
2022-07-26,0.0
2022-07-27,0.0
2022-07-28,0.0
2022-07-29,0.0
2022-07-30,0.0
2022-07-31,0.0
2022-08-01,0.0
2022-08-02,0.0
2022-08-03,0.0
2022-08-04,0.0
2022-08-05,0.0
2022-08-06,0.0
2022-08-07,0.0
2022-08-08,0.0
2022-08-09,0.0
2022-08-10,0.0
2022-08-11,0.0
2022-08-12,0.0
2022-08-13,0.0
2022-08-14,0.0
2022-08-15,0.0
2022-08-16,0.0
2022-08-17,0.0
2022-08-18,0.0
2022-08-19,0.0
2022-08-20,0.0
2022-08-21,0.0
2022-08-22,0.0
2022-08-23,0.0
2022-08-24,0.0
2022-08-25,0.0
2022-08-26,0.0
2022-08-27,0.0
2022-08-28,0.0
2022-08-29,0.0
2022-08-30,0.0
2022-08-31,0.0
2022-09-01,0.0
2022-09-02,0.0
2022-09-03,0.0
2022-09-04,0.0
2022-09-05,0.0
2022-09-06,0.0
2022-09-07,0.0
2022-09-08,0.0
2022-09-09,0.0
2022-09-10,0.0
2022-09-11,0.0
2022-09-12,0.0
2022-09-13,0.0
2022-09-14,0.0
2022-09-15,0.0
2022-09-16,0.0
2022-09-17,0.0
2022-09-18,0.0
2022-09-19,0.0
2022-09-20,0.0
2022-09-21,0.0
2022-09-22,0.0
2022-09-23,0.0
2022-09-24,0.0
2022-09-25,0.0
2022-09-26,0.0
2022-09-27,0.0
2022-09-28,0.0
2022-09-29,0.0
2022-09-30,0.0
2022-10-01,0.0
2022-10-02,0.0
2022-10-03,0.0
2022-10-04,0.0
2022-10-05,0.0
2022-10-06,0.0
2022-10-07,0.0
2022-10-08,0.0
2022-10-09,0.0
2022-10-10,0.0
2022-10-11,0.0
2022-10-12,0.0
2022-10-13,0.0
2022-10-14,0.0
2022-10-15,0.0
2022-10-16,0.0
2022-10-17,0.0
2022-10-18,0.0
2022-10-19,0.0
2022-10-20,0.0
2022-10-21,0.0
2022-10-22,0.0
2022-10-23,0.0
2022-10-24,0.0
2022-10-25,0.0
2022-10-26,0.0
2022-10-27,0.0
2022-10-28,0.0
2022-10-29,0.0
2022-10-30,0.0
2022-10-31,0.0
2022-11-01,0.21526896953582764
2022-11-02,0.21526896953582764
2022-11-03,0.21526896953582764
2022-11-04,0.21526896953582764
2022-11-05,0.21526896953582764
2022-11-06,0.8604690432548523
2022-11-07,2.315718412399292
2022-11-08,2.439505100250244
2022-11-09,0.0
2022-11-10,0.0
2022-11-11,0.0
2022-11-12,0.0
2022-11-13,0.0
2022-11-14,0.0
2022-11-15,0.0
2022-11-16,1.4625979661941528
2022-11-17,3.674626350402832
2022-11-18,0.0
2022-11-19,0.0
2022-11-20,0.0
2022-11-21,0.14810436964035034
2022-11-22,0.3429785668849945
2022-11-23,0.07015471160411835
2022-11-24,0.07015471160411835
2022-11-25,0.07015471160411835
2022-11-26,0.0
2022-11-27,0.0
2022-11-28,2.6639909744262695
2022-11-29,0.15230900049209595
2022-11-30,0.0
2022-12-01,0.0
2022-12-02,0.0
2022-12-03,0.0
2022-12-04,0.0
2022-12-05,0.0
2022-12-06,0.0
2022-12-07,0.0
2022-12-08,5.094700813293457
2022-12-09,0.2526628375053406
2022-12-10,34.87196731567383
2022-12-11,14.965117454528809
2022-12-12,0.0
2022-12-13,0.0
2022-12-14,0.0
2022-12-15,3.2487552165985107
2022-12-16,0.0
2022-12-17,0.0
2022-12-18,0.0
2022-12-19,0.0
2022-12-20,0.0
2022-12-21,0.0
2022-12-22,0.0
2022-12-23,0.0
2022-12-24,0.0
2022-12-25,0.0
2022-12-26,0.0
2022-12-27,0.0
2022-12-28,0.007893061265349388
2022-12-29,0.0
2022-12-30,0.025159135460853577
2022-12-31,6.553707122802734
2023-01-01,8.70424747467041
2023-01-02,4.299078464508057
2023-01-03,0.3230203092098236
2023-01-04,2.2232627868652344
2023-01-05,0.14862650632858276
2023-01-06,0.005595820024609566
2023-01-07,6.4375410079956055
2023-01-08,1.8848873376846313
2023-01-09,1.1139907836914062
2023-01-10,0.0
2023-01-11,0.055722691118717194
2023-01-12,0.33433616161346436
2023-01-13,0.055722691118717194
2023-01-14,0.055722691118717194
2023-01-15,0.055722691118717194
2023-01-16,0.23005910217761993
2023-01-17,0.23889370262622833
2023-01-18,0.0
2023-01-19,0.0
2023-01-20,0.0010272788349539042
2023-01-21,0.0
2023-01-22,3.0614688396453857
2023-01-23,4.071669101715088
2023-01-24,1.1351101398468018
2023-01-25,1.9156906604766846
2023-01-26,0.49564605951309204
2023-01-27,0.0
2023-01-28,0.37998947501182556
2023-01-29,0.0
2023-01-30,0.05585232004523277
2023-01-31,14.082554817199707
2023-02-01,0.0
2023-02-02,0.0
2023-02-03,0.0
2023-02-04,0.0
2023-02-05,0.0
2023-02-06,19.67030906677246
2023-02-07,2.4386682510375977
2023-02-08,0.0
2023-02-09,9.754164695739746
2023-02-10,1.7350459098815918
2023-02-11,7.535075664520264
2023-02-12,5.191911220550537
2023-02-13,1.191918134689331
2023-02-14,0.0
2023-02-15,25.446062088012695
2023-02-16,0.0
2023-02-17,0.0
2023-02-18,0.0
2023-02-19,0.0
2023-02-20,0.0
2023-02-21,3.289898633956909
2023-02-22,1.1216219663619995
2023-02-23,0.0
2023-02-24,0.15687280893325806
2023-02-25,0.0
2023-02-26,0.0
2023-02-27,0.512743353843689
2023-02-28,0.0721370279788971
2023-03-01,0.0
2023-03-02,0.0
2023-03-03,0.0
2023-03-04,2.2286977767944336
2023-03-05,5.439280033111572
2023-03-06,0.28110215067863464
2023-03-07,0.4485677480697632
2023-03-08,0.31175684928894043
2023-03-09,0.0
2023-03-10,0.0
2023-03-11,0.0
2023-03-12,0.0
2023-03-13,1.1351263523101807
2023-03-14,11.947834014892578
2023-03-15,0.45085960626602173
2023-03-16,0.0
2023-03-17,0.0
2023-03-18,0.0
2023-03-19,0.0
2023-03-20,0.0
2023-03-21,0.0
2023-03-22,0.0
2023-03-23,0.19535547494888306
2023-03-24,0.0
2023-03-25,10.654816627502441
2023-03-26,12.620848655700684
2023-03-27,0.0
2023-03-28,9.590645790100098
2023-03-29,2.343076705932617
2023-03-30,0.0
2023-03-31,0.0
2023-04-01,0.0
2023-04-02,5.940808296203613
2023-04-03,2.8802900314331055
2023-04-04,0.5106730461120605
2023-04-05,3.3508143424987793
2023-04-06,0.0
2023-04-07,4.05455207824707
2023-04-08,0.33025309443473816
2023-04-09,0.0
2023-04-10,0.0
2023-04-11,0.0
2023-04-12,0.0
2023-04-13,0.0
2023-04-14,0.0
2023-04-15,0.0
2023-04-16,0.0
2023-04-17,0.0
2023-04-18,0.0
2023-04-19,0.0
2023-04-20,0.0
2023-04-21,0.0
2023-04-22,0.0
2023-04-23,0.0
2023-04-24,0.0
2023-04-25,0.0
2023-04-26,0.0
2023-04-27,0.0
2023-04-28,0.0
2023-04-29,0.0
2023-04-30,0.0
2023-05-01,0.0
2023-05-02,0.0
2023-05-03,0.0
2023-05-04,0.0
2023-05-05,0.0
2023-05-06,0.2569981515407562
2023-05-07,0.04145131632685661
2023-05-08,2.0642752647399902
2023-05-09,0.0
2023-05-10,0.0
2023-05-11,0.0
2023-05-12,0.0
2023-05-13,0.0
2023-05-14,0.0
2023-05-15,0.0
2023-05-16,0.0
2023-05-17,0.0
2023-05-18,0.0
2023-05-19,0.0
2023-05-20,0.0
2023-05-21,0.0
2023-05-22,0.0
2023-05-23,0.0
2023-05-24,0.0
2023-05-25,0.0
2023-05-26,0.0
2023-05-27,0.0
2023-05-28,0.0
2023-05-29,0.0
2023-05-30,0.0
2023-05-31,0.0
2023-06-01,0.0
2023-06-02,0.0
2023-06-03,0.0
2023-06-04,0.0
2023-06-05,0.0
2023-06-06,0.0
2023-06-07,0.0
2023-06-08,0.0
2023-06-09,0.0
2023-06-10,0.0
2023-06-11,0.0
2023-06-12,0.0
2023-06-13,0.0
2023-06-14,0.0
2023-06-15,0.0
2023-06-16,0.0
2023-06-17,0.0
2023-06-18,0.0
2023-06-19,0.0
2023-06-20,0.0
2023-06-21,0.0
2023-06-22,0.0
2023-06-23,0.0
2023-06-24,0.0
2023-06-25,0.0
2023-06-26,0.0
2023-06-27,0.0
2023-06-28,0.0
2023-06-29,0.0
2023-06-30,0.0
2023-07-01,0.0
2023-07-02,0.0
2023-07-03,0.0
2023-07-04,0.0
2023-07-05,0.0
2023-07-06,0.0
2023-07-07,0.0
2023-07-08,0.0
2023-07-09,0.0
2023-07-10,0.0
2023-07-11,0.0
2023-07-12,0.0
2023-07-13,0.0
2023-07-14,0.0
2023-07-15,0.0
2023-07-16,0.0
2023-07-17,0.0
2023-07-18,0.0
2023-07-19,0.0
2023-07-20,0.0
2023-07-21,0.0
2023-07-22,0.0
2023-07-23,0.0
2023-07-24,0.0
2023-07-25,0.0
2023-07-26,0.0
2023-07-27,0.0
2023-07-28,0.0
2023-07-29,0.0
2023-07-30,0.0
2023-07-31,0.0
2023-08-01,0.0
2023-08-02,0.0
2023-08-03,0.0
2023-08-04,0.0
2023-08-05,0.0
2023-08-06,0.0
2023-08-07,0.0
2023-08-08,0.0
2023-08-09,0.0
2023-08-10,0.0
2023-08-11,0.0
2023-08-12,0.13068465888500214
2023-08-13,1.2848654985427856
2023-08-14,0.29600217938423157
2023-08-15,0.0
2023-08-16,0.0
2023-08-17,0.0
2023-08-18,0.0
2023-08-19,0.0
2023-08-20,0.0
2023-08-21,0.0
2023-08-22,0.0
2023-08-23,0.0
2023-08-24,0.0
2023-08-25,0.0
2023-08-26,0.0
2023-08-27,0.0
2023-08-28,0.0
2023-08-29,0.0
2023-08-30,0.0
2023-08-31,0.0
2023-09-01,0.0
2023-09-02,0.0
2023-09-03,0.0
2023-09-04,0.0
2023-09-05,0.0
2023-09-06,0.0
2023-09-07,0.0
2023-09-08,0.0
2023-09-09,0.0
2023-09-10,0.0
2023-09-11,0.0
2023-09-12,0.0
2023-09-13,0.0
2023-09-14,0.0
2023-09-15,0.0
2023-09-16,0.0
2023-09-17,0.0
2023-09-18,0.0
2023-09-19,0.0
2023-09-20,0.0
2023-09-21,0.0
2023-09-22,0.0
2023-09-23,0.0
2023-09-24,0.0
2023-09-25,0.0
2023-09-26,0.0
2023-09-27,0.0
2023-09-28,0.0
2023-09-29,0.0
2023-09-30,0.0
2023-10-01,0.0
2023-10-02,0.0
2023-10-03,0.0
2023-10-04,0.0
2023-10-05,0.0
2023-10-06,0.0
2023-10-07,0.0
2023-10-08,0.0
2023-10-09,0.0
2023-10-10,0.0
2023-10-11,0.0
2023-10-12,0.0
2023-10-13,0.0
2023-10-14,0.0
2023-10-15,0.0
2023-10-16,0.2897813320159912
2023-10-17,3.859740734100342
2023-10-18,5.286533355712891
2023-10-19,7.2941694259643555
2023-10-20,0.0
2023-10-21,2.3592612743377686
2023-10-22,5.581749439239502
2023-10-23,6.500817775726318
2023-10-24,0.31113454699516296
2023-10-25,0.0
2023-10-26,0.0
2023-10-27,0.0
2023-10-28,0.0
2023-10-29,0.0
2023-10-30,0.0
2023-10-31,0.0
2023-11-01,0.0
2023-11-02,0.0
2023-11-03,0.0
2023-11-04,0.0
2023-11-05,0.0
2023-11-06,1.7615525722503662
2023-11-07,4.442226886749268
2023-11-08,3.3324270248413086
2023-11-09,0.6470080614089966
2023-11-10,13.178709030151367
2023-11-11,0.0
2023-11-12,0.0
2023-11-13,0.0
2023-11-14,0.0
2023-11-15,0.0
2023-11-16,8.1522798538208
2023-11-17,0.0
2023-11-18,2.0854668617248535
2023-11-19,0.0
2023-11-20,0.0
2023-11-21,0.0
2023-11-22,4.252912998199463
2023-11-23,3.398789882659912
2023-11-24,0.06195710599422455
2023-11-25,2.509263038635254
2023-11-26,3.1030430793762207
2023-11-27,0.15129518508911133
2023-11-28,0.0
2023-11-29,0.19351708889007568
2023-11-30,8.275761604309082
2023-12-01,1.4916791915893555
2023-12-02,0.5107479691505432
2023-12-03,1.4348301887512207
2023-12-04,1.0084476470947266
2023-12-05,11.024301528930664
2023-12-06,0.0
2023-12-07,3.3038558959960938
2023-12-08,6.667514324188232
2023-12-09,2.153169870376587
2023-12-10,1.7009729146957397
2023-12-11,0.025958351790905
2023-12-12,0.0
2023-12-13,1.6764267683029175
2023-12-14,14.75088119506836
2023-12-15,0.0
2023-12-16,0.0
2023-12-17,0.0
2023-12-18,6.405777454376221
2023-12-19,0.5355119705200195
2023-12-20,0.0
2023-12-21,0.0
2023-12-22,0.0
2023-12-23,4.007538795471191
2023-12-24,0.12554289400577545
2023-12-25,0.44026610255241394
2023-12-26,7.0519585609436035
2023-12-27,0.0
2023-12-28,0.9319396615028381
2023-12-29,22.556055068969727
2023-12-30,18.099958419799805
2023-12-31,3.7690446376800537
