fecha,Precipitacion
1998-01-01,0.6138650178909302
1998-01-02,0.2400180548429489
1998-01-03,0.047331564128398895
1998-01-04,0.05638621747493744
1998-01-05,2.6432621479034424
1998-01-06,10.905494689941406
1998-01-07,4.485712051391602
1998-01-08,1.0679259300231934
1998-01-09,0.22328901290893555
1998-01-10,0.34847044944763184
1998-01-11,6.169778347015381
1998-01-12,3.2071988582611084
1998-01-13,0.17687951028347015
1998-01-14,0.7824478149414062
1998-01-15,0.0
1998-01-16,0.008481806144118309
1998-01-17,9.153120994567871
1998-01-18,3.522144317626953
1998-01-19,0.0969722643494606
1998-01-20,0.0071793715469539165
1998-01-21,7.490424156188965
1998-01-22,4.899608135223389
1998-01-23,0.0
1998-01-24,0.0
1998-01-25,0.05019579827785492
1998-01-26,5.13578462600708
1998-01-27,7.596762180328369
1998-01-28,7.5245041847229
1998-01-29,0.6325284838676453
1998-01-30,0.038029130548238754
1998-01-31,2.471585988998413
1998-02-01,0.0
1998-02-02,0.0
1998-02-03,0.3586631417274475
1998-02-04,0.6561483144760132
1998-02-05,1.3496742248535156
1998-02-06,0.23605941236019135
1998-02-07,0.13443510234355927
1998-02-08,6.036322593688965
1998-02-09,3.439279556274414
1998-02-10,2.2027313709259033
1998-02-11,0.0
1998-02-12,1.0637270212173462
1998-02-13,0.7166954278945923
1998-02-14,3.1459157466888428
1998-02-15,0.36966392397880554
1998-02-16,0.08499070256948471
1998-02-17,1.0214776992797852
1998-02-18,11.6742582321167
1998-02-19,1.827048897743225
1998-02-20,0.010623837821185589
1998-02-21,1.9297449588775635
1998-02-22,7.018113136291504
1998-02-23,0.7749194502830505
1998-02-24,0.0
1998-02-25,1.3194961547851562
1998-02-26,2.493947982788086
1998-02-27,0.0021351759787648916
1998-02-28,0.6326614618301392
1998-03-01,0.07115349918603897
1998-03-02,0.0015034794341772795
1998-03-03,0.15449588000774384
1998-03-04,0.1563500463962555
1998-03-05,0.0
1998-03-06,0.1363627016544342
1998-03-07,0.3989209532737732
1998-03-08,1.4392356872558594
1998-03-09,0.0
1998-03-10,0.4167693853378296
1998-03-11,15.724928855895996
1998-03-12,1.5756007432937622
1998-03-13,0.12296867370605469
1998-03-14,0.9601982235908508
1998-03-15,8.706454277038574
1998-03-16,1.123215675354004
1998-03-17,0.033232297748327255
1998-03-18,0.024059977382421494
1998-03-19,0.07531818747520447
1998-03-20,0.4419713616371155
1998-03-21,0.07266087830066681
1998-03-22,0.0
1998-03-23,0.3384726345539093
1998-03-24,5.014504432678223
1998-03-25,0.45989322662353516
1998-03-26,0.0
1998-03-27,0.0
1998-03-28,0.029366930946707726
1998-03-29,1.2033547163009644
1998-03-30,3.0618462562561035
1998-03-31,0.10905718058347702
1998-04-01,0.0
1998-04-02,0.0
1998-04-03,0.0
1998-04-04,0.0
1998-04-05,0.0
1998-04-06,0.0
1998-04-07,0.0
1998-04-08,0.0
1998-04-09,0.0
1998-04-10,0.0
1998-04-11,0.0
1998-04-12,0.018292000517249107
1998-04-13,0.0075208875350654125
1998-04-14,0.0036636763252317905
1998-04-15,0.22489355504512787
1998-04-16,0.0
1998-04-17,0.0
1998-04-18,0.0
1998-04-19,0.0
1998-04-20,0.0
1998-04-21,0.0
1998-04-22,0.0
1998-04-23,0.0
1998-04-24,0.0
1998-04-25,0.0
1998-04-26,0.0
1998-04-27,0.0
1998-04-28,0.0
1998-04-29,0.0
1998-04-30,0.0
1998-05-01,0.0
1998-05-02,0.0
1998-05-03,0.0
1998-05-04,0.0
1998-05-05,0.0
1998-05-06,0.0
1998-05-07,0.0
1998-05-08,0.0
1998-05-09,0.0
1998-05-10,0.0
1998-05-11,0.0
1998-05-12,0.0
1998-05-13,0.08116471767425537
1998-05-14,1.0468380451202393
1998-05-15,0.04198140278458595
1998-05-16,0.0
1998-05-17,0.0
1998-05-18,0.0
1998-05-19,0.0
1998-05-20,0.0
1998-05-21,0.0
1998-05-22,0.0
1998-05-23,0.0
1998-05-24,0.0
1998-05-25,0.0
1998-05-26,0.0
1998-05-27,0.0
1998-05-28,0.0
1998-05-29,0.0
1998-05-30,0.0
1998-05-31,0.0
1998-06-01,0.0
1998-06-02,0.0
1998-06-03,0.0
1998-06-04,0.0
1998-06-05,0.0
1998-06-06,0.0
1998-06-07,0.6122886538505554
1998-06-08,0.0
1998-06-09,1.1660130023956299
1998-06-10,6.7884674072265625
1998-06-11,2.1943957805633545
1998-06-12,0.0
1998-06-13,0.0
1998-06-14,0.41998013854026794
1998-06-15,0.07349652051925659
1998-06-16,0.0
1998-06-17,0.0
1998-06-18,0.0
1998-06-19,0.0
1998-06-20,0.0
1998-06-21,0.0
1998-06-22,0.0
1998-06-23,0.0
1998-06-24,0.0
1998-06-25,0.0
1998-06-26,0.0
1998-06-27,0.0
1998-06-28,0.0
1998-06-29,0.0
1998-06-30,0.0
1998-07-01,0.0
1998-07-02,0.0
1998-07-03,0.0
1998-07-04,0.0
1998-07-05,0.0
1998-07-06,0.0
1998-07-07,0.0
1998-07-08,0.0
1998-07-09,0.0
1998-07-10,0.0
1998-07-11,0.0
1998-07-12,0.0
1998-07-13,0.0
1998-07-14,0.0
1998-07-15,0.0
1998-07-16,0.0
1998-07-17,0.0
1998-07-18,0.0
1998-07-19,0.0
1998-07-20,0.0
1998-07-21,0.0
1998-07-22,0.0
1998-07-23,0.0
1998-07-24,0.0
1998-07-25,0.0
1998-07-26,0.0
1998-07-27,0.0
1998-07-28,0.0
1998-07-29,0.0
1998-07-30,0.0
1998-07-31,0.0
1998-08-01,0.0
1998-08-02,0.0
1998-08-03,2.4612646102905273
1998-08-04,0.0
1998-08-05,0.0
1998-08-06,0.0
1998-08-07,0.0
1998-08-08,0.0
1998-08-09,0.0
1998-08-10,0.0
1998-08-11,0.0
1998-08-12,0.0
1998-08-13,0.0
1998-08-14,0.0
1998-08-15,0.0
1998-08-16,0.0
1998-08-17,0.0
1998-08-18,0.0
1998-08-19,0.0
1998-08-20,0.0
1998-08-21,0.0
1998-08-22,0.0
1998-08-23,0.0
1998-08-24,0.0
1998-08-25,0.0
1998-08-26,0.0
1998-08-27,0.0
1998-08-28,0.0
1998-08-29,0.0
1998-08-30,0.0
1998-08-31,0.0
1998-09-01,0.0
1998-09-02,0.0
1998-09-03,0.0
1998-09-04,0.0
1998-09-05,0.0
1998-09-06,0.0
1998-09-07,0.0
1998-09-08,0.0
1998-09-09,0.0
1998-09-10,0.0
1998-09-11,0.0
1998-09-12,0.0
1998-09-13,0.0
1998-09-14,0.0
1998-09-15,0.0
1998-09-16,0.0
1998-09-17,0.0
1998-09-18,0.0
1998-09-19,0.0
1998-09-20,0.0
1998-09-21,0.0
1998-09-22,0.0
1998-09-23,0.0
1998-09-24,0.0
1998-09-25,0.0
1998-09-26,0.0
1998-09-27,0.0
1998-09-28,0.0
1998-09-29,0.0
1998-09-30,0.0
1998-10-01,0.0
1998-10-02,0.0
1998-10-03,0.0
1998-10-04,0.0
1998-10-05,0.0
1998-10-06,0.0
1998-10-07,0.0
1998-10-08,0.0
1998-10-09,0.0
1998-10-10,0.0
1998-10-11,0.0
1998-10-12,0.0
1998-10-13,0.09158506989479065
1998-10-14,8.719647407531738
1998-10-15,0.7553095817565918
1998-10-16,0.0
1998-10-17,0.0
1998-10-18,0.0
1998-10-19,0.0
1998-10-20,0.0
1998-10-21,0.0
1998-10-22,0.0
1998-10-23,0.0
1998-10-24,0.0
1998-10-25,0.0
1998-10-26,0.0
1998-10-27,0.0
1998-10-28,0.0
1998-10-29,0.0
1998-10-30,0.0
1998-10-31,0.0
1998-11-01,0.0
1998-11-02,0.0
1998-11-03,0.0
1998-11-04,0.0
1998-11-05,0.0
1998-11-06,0.0
1998-11-07,0.0
1998-11-08,0.0
1998-11-09,0.0
1998-11-10,0.0
1998-11-11,0.0
1998-11-12,0.06664580851793289
1998-11-13,0.5765284895896912
1998-11-14,0.8306929469108582
1998-11-15,9.556437492370605
1998-11-16,4.829748153686523
1998-11-17,22.636991500854492
1998-11-18,0.962343692779541
1998-11-19,1.914480209350586
1998-11-20,3.9289207458496094
1998-11-21,1.8123177289962769
1998-11-22,3.1286990642547607
1998-11-23,0.12903451919555664
1998-11-24,0.0
1998-11-25,0.1729811280965805
1998-11-26,1.6588375568389893
1998-11-27,2.5289323329925537
1998-11-28,0.16923390328884125
1998-11-29,6.136338710784912
1998-11-30,4.074311256408691
1998-12-01,0.0
1998-12-02,0.0
1998-12-03,0.0
1998-12-04,0.0
1998-12-05,0.0
1998-12-06,0.0
1998-12-07,0.007053940091282129
1998-12-08,0.012881613336503506
1998-12-09,0.0035911821760237217
1998-12-10,0.020401839166879654
1998-12-11,0.0
1998-12-12,0.0
1998-12-13,2.0364315509796143
1998-12-14,1.6536940336227417
1998-12-15,0.036823149770498276
1998-12-16,0.7237287759780884
1998-12-17,0.8485274910926819
1998-12-18,0.23922213912010193
1998-12-19,1.5387238264083862
1998-12-20,0.13312239944934845
1998-12-21,6.831292629241943
1998-12-22,6.244971752166748
1998-12-23,0.0
1998-12-24,0.0
1998-12-25,0.0
1998-12-26,0.0
1998-12-27,0.0
1998-12-28,1.0814129114151
1998-12-29,11.885954856872559
1998-12-30,0.1918742060661316
1998-12-31,4.171450138092041
1999-01-01,1.0029118061065674
1999-01-02,13.940933227539062
1999-01-03,0.7589187622070312
1999-01-04,0.10996424406766891
1999-01-05,4.026483535766602
1999-01-06,0.0
1999-01-07,0.0
1999-01-08,0.0
1999-01-09,0.0
1999-01-10,0.0
1999-01-11,0.0
1999-01-12,0.0
1999-01-13,0.0
1999-01-14,0.0
1999-01-15,0.0
1999-01-16,0.26286736130714417
1999-01-17,1.4355239868164062
1999-01-18,1.9237815141677856
1999-01-19,0.982537031173706
1999-01-20,0.7796037197113037
1999-01-21,0.0
1999-01-22,0.0
1999-01-23,0.0
1999-01-24,0.0
1999-01-25,0.0
1999-01-26,0.0007663203286938369
1999-01-27,6.309671878814697
1999-01-28,9.251072883605957
1999-01-29,0.6576713919639587
1999-01-30,6.247458457946777
1999-01-31,7.5761799812316895
1999-02-01,7.450682640075684
1999-02-02,12.371959686279297
1999-02-03,0.7157103419303894
1999-02-04,10.453990936279297
1999-02-05,0.0
1999-02-06,0.0
1999-02-07,1.3426960706710815
1999-02-08,1.525991439819336
1999-02-09,0.09091630578041077
1999-02-10,1.0047364234924316
1999-02-11,0.006991941016167402
1999-02-12,0.43824633955955505
1999-02-13,6.727139949798584
1999-02-14,14.214691162109375
1999-02-15,1.6975218057632446
1999-02-16,0.0
1999-02-17,0.0
1999-02-18,0.0
1999-02-19,0.0
1999-02-20,0.0
1999-02-21,0.6635729074478149
1999-02-22,0.3456522822380066
1999-02-23,1.1105157136917114
1999-02-24,0.7909661531448364
1999-02-25,0.5289544463157654
1999-02-26,0.0
1999-02-27,0.0
1999-02-28,0.0
1999-03-01,0.3035633862018585
1999-03-02,0.7417218685150146
1999-03-03,4.727613925933838
1999-03-04,4.138645172119141
1999-03-05,1.7681134939193726
1999-03-06,1.923307180404663
1999-03-07,2.557058334350586
1999-03-08,0.3348444998264313
1999-03-09,8.496516227722168
1999-03-10,1.9527655839920044
1999-03-11,0.3699139654636383
1999-03-12,0.0
1999-03-13,16.610780715942383
1999-03-14,3.18632435798645
1999-03-15,2.8867483139038086
1999-03-16,4.736567497253418
1999-03-17,0.27645376324653625
1999-03-18,1.4733246564865112
1999-03-19,3.693068504333496
1999-03-20,4.0804948806762695
1999-03-21,13.041361808776855
1999-03-22,5.729286193847656
1999-03-23,2.320040464401245
1999-03-24,0.18651670217514038
1999-03-25,0.5749202966690063
1999-03-26,0.05351572483778
1999-03-27,0.7123307585716248
1999-03-28,17.389820098876953
1999-03-29,7.5254225730896
1999-03-30,0.24016232788562775
1999-03-31,2.090005874633789
1999-04-01,3.2272300720214844
1999-04-02,1.607176423072815
1999-04-03,4.311137676239014
1999-04-04,3.919532537460327
1999-04-05,1.3196470737457275
1999-04-06,2.4922099113464355
1999-04-07,0.0
1999-04-08,0.04031294956803322
1999-04-09,2.08390736579895
1999-04-10,0.6535720825195312
1999-04-11,0.0
1999-04-12,0.0
1999-04-13,0.0
1999-04-14,0.0
1999-04-15,0.0
1999-04-16,0.0
1999-04-17,2.3671746253967285
1999-04-18,1.745571494102478
1999-04-19,1.281080961227417
1999-04-20,0.48314929008483887
1999-04-21,0.7050769329071045
1999-04-22,0.1426207572221756
1999-04-23,0.010753936134278774
1999-04-24,0.12609943747520447
1999-04-25,1.25059175491333
1999-04-26,0.2397495061159134
1999-04-27,0.032609205693006516
1999-04-28,0.01561567559838295
1999-04-29,0.04327031224966049
1999-04-30,1.9660968780517578
1999-05-01,0.0
1999-05-02,0.0
1999-05-03,0.0
1999-05-04,0.0
1999-05-05,0.0
1999-05-06,0.0
1999-05-07,0.0
1999-05-08,0.0
1999-05-09,0.0
1999-05-10,0.0
1999-05-11,0.0
1999-05-12,0.0
1999-05-13,0.0
1999-05-14,0.0
1999-05-15,0.0
1999-05-16,0.0
1999-05-17,0.0
1999-05-18,0.0
1999-05-19,0.0
1999-05-20,0.0
1999-05-21,0.0
1999-05-22,0.0
1999-05-23,0.0
1999-05-24,0.0
1999-05-25,0.0
1999-05-26,0.0
1999-05-27,0.0
1999-05-28,0.0
1999-05-29,0.6063109040260315
1999-05-30,0.6555923223495483
1999-05-31,0.0
1999-06-01,0.0
1999-06-02,0.49765437841415405
1999-06-03,0.4955928921699524
1999-06-04,0.7196453809738159
1999-06-05,1.1465646028518677
1999-06-06,0.0
1999-06-07,0.0
1999-06-08,0.0
1999-06-09,0.0
1999-06-10,0.0
1999-06-11,0.0
1999-06-12,0.0
1999-06-13,0.0
1999-06-14,0.0
1999-06-15,0.0
1999-06-16,0.0
1999-06-17,0.0
1999-06-18,0.0
1999-06-19,0.0
1999-06-20,0.0
1999-06-21,0.0
1999-06-22,0.0
1999-06-23,0.0
1999-06-24,0.0
1999-06-25,0.0
1999-06-26,0.0
1999-06-27,2.335669994354248
1999-06-28,0.6856394410133362
1999-06-29,0.0
1999-06-30,0.0
1999-07-01,0.0
1999-07-02,0.35233840346336365
1999-07-03,0.0
1999-07-04,0.020725788548588753
1999-07-05,0.0
1999-07-06,0.0
1999-07-07,0.0
1999-07-08,0.0
1999-07-09,0.0
1999-07-10,0.0
1999-07-11,0.0
1999-07-12,0.0
1999-07-13,0.0
1999-07-14,0.0
1999-07-15,0.0
1999-07-16,0.0
1999-07-17,0.0
1999-07-18,0.0
1999-07-19,0.0
1999-07-20,0.0
1999-07-21,0.0
1999-07-22,0.0
1999-07-23,0.0
1999-07-24,0.0
1999-07-25,0.0
1999-07-26,0.0
1999-07-27,0.0
1999-07-28,0.0
1999-07-29,0.0
1999-07-30,0.0
1999-07-31,0.0
1999-08-01,0.0
1999-08-02,0.0
1999-08-03,0.0
1999-08-04,0.0
1999-08-05,0.0
1999-08-06,0.0
1999-08-07,0.0
1999-08-08,0.0
1999-08-09,0.0
1999-08-10,0.0
1999-08-11,0.0
1999-08-12,0.0
1999-08-13,0.0
1999-08-14,0.0
1999-08-15,0.0
1999-08-16,0.0
1999-08-17,0.0
1999-08-18,0.0
1999-08-19,0.0
1999-08-20,0.0
1999-08-21,0.0
1999-08-22,0.0
1999-08-23,0.0
1999-08-24,0.0
1999-08-25,0.0
1999-08-26,0.0
1999-08-27,0.0
1999-08-28,0.0
1999-08-29,0.0
1999-08-30,0.0
1999-08-31,0.0
1999-09-01,0.0
1999-09-02,0.0
1999-09-03,0.0
1999-09-04,0.0
1999-09-05,0.0
1999-09-06,0.0
1999-09-07,0.0
1999-09-08,0.0
1999-09-09,0.0
1999-09-10,0.0
1999-09-11,0.0
1999-09-12,0.0
1999-09-13,0.0
1999-09-14,0.0
1999-09-15,0.0
1999-09-16,0.0
1999-09-17,0.0
1999-09-18,0.0
1999-09-19,0.0
1999-09-20,0.0
1999-09-21,0.0
1999-09-22,0.0
1999-09-23,0.0
1999-09-24,0.0
1999-09-25,0.0
1999-09-26,0.022402403876185417
1999-09-27,0.040412306785583496
1999-09-28,0.0
1999-09-29,0.05049300566315651
1999-09-30,4.106104373931885
1999-10-01,7.800158500671387
1999-10-02,20.068016052246094
1999-10-03,1.6042165756225586
1999-10-04,4.947517395019531
1999-10-05,3.05792498588562
1999-10-06,0.8021093606948853
1999-10-07,0.21452566981315613
1999-10-08,0.028014782816171646
1999-10-09,0.005377675872296095
1999-10-10,4.4782233238220215
1999-10-11,0.0
1999-10-12,0.26759073138237
1999-10-13,0.6005287170410156
1999-10-14,3.5382843017578125
1999-10-15,0.03755458444356918
1999-10-16,0.800348699092865
1999-10-17,0.022933680564165115
1999-10-18,0.02764851041138172
1999-10-19,7.640131950378418
1999-10-20,3.6731913089752197
1999-10-21,4.662250995635986
1999-10-22,5.607753753662109
1999-10-23,1.3522242307662964
1999-10-24,0.0
1999-10-25,0.0
1999-10-26,0.0
1999-10-27,0.0
1999-10-28,0.0
1999-10-29,0.0
1999-10-30,0.0
1999-10-31,0.0
1999-11-01,9.094849586486816
1999-11-02,21.648149490356445
1999-11-03,2.4474525451660156
1999-11-04,5.098194599151611
1999-11-05,0.0
1999-11-06,0.0
1999-11-07,0.0
1999-11-08,0.0
1999-11-09,0.0
1999-11-10,0.0
1999-11-11,0.11311628669500351
1999-11-12,0.0
1999-11-13,0.02715601585805416
1999-11-14,1.1999648809432983
1999-11-15,0.12105368822813034
1999-11-16,0.0
1999-11-17,0.0
1999-11-18,0.0
1999-11-19,0.0
1999-11-20,0.0
1999-11-21,0.0
1999-11-22,0.0
1999-11-23,0.0
1999-11-24,0.0
1999-11-25,0.0
1999-11-26,0.0
1999-11-27,0.0
1999-11-28,0.0
1999-11-29,0.0
1999-11-30,0.0
1999-12-01,0.0
1999-12-02,0.00814008992165327
1999-12-03,1.217116355895996
1999-12-04,0.06534694880247116
1999-12-05,0.8802010416984558
1999-12-06,7.358653545379639
1999-12-07,0.05165876820683479
1999-12-08,16.993343353271484
1999-12-09,19.127111434936523
1999-12-10,0.6017149686813354
1999-12-11,0.0
1999-12-12,0.0
1999-12-13,0.0
1999-12-14,0.0
1999-12-15,0.0
1999-12-16,0.0
1999-12-17,0.0
1999-12-18,0.0
1999-12-19,0.0
1999-12-20,0.0
1999-12-21,0.0
1999-12-22,0.0
1999-12-23,0.005243275314569473
1999-12-24,1.782713770866394
1999-12-25,0.18351463973522186
1999-12-26,0.003314706264063716
1999-12-27,0.0
1999-12-28,1.6526199579238892
1999-12-29,4.979213714599609
1999-12-30,2.3800084590911865
1999-12-31,1.6250492334365845
2000-01-01,0.0
2000-01-02,0.0
2000-01-03,0.0
2000-01-04,0.0
2000-01-05,0.0
2000-01-06,0.0
2000-01-07,0.0
2000-01-08,0.0
2000-01-09,0.0
2000-01-10,0.0
2000-01-11,0.0
2000-01-12,0.0
2000-01-13,0.0
2000-01-14,9.764114379882812
2000-01-15,9.12216854095459
2000-01-16,5.741133213043213
2000-01-17,2.5600996017456055
2000-01-18,0.14843487739562988
2000-01-19,0.8919510245323181
2000-01-20,7.7580766677856445
2000-01-21,2.236405611038208
2000-01-22,3.6757919788360596
2000-01-23,0.14595550298690796
2000-01-24,6.255830764770508
2000-01-25,12.563560485839844
2000-01-26,2.805454969406128
2000-01-27,0.40097081661224365
2000-01-28,15.969655990600586
2000-01-29,19.75127601623535
2000-01-30,2.5548746585845947
2000-01-31,17.587081909179688
2000-02-01,0.0
2000-02-02,11.296037673950195
2000-02-03,6.028458118438721
2000-02-04,0.3698621690273285
2000-02-05,0.0
2000-02-06,0.0
2000-02-07,0.0
2000-02-08,0.0
2000-02-09,0.0
2000-02-10,0.0
2000-02-11,0.0
2000-02-12,0.0
2000-02-13,0.0
2000-02-14,0.0
2000-02-15,0.0
2000-02-16,0.0
2000-02-17,0.0
2000-02-18,0.0
2000-02-19,0.0
2000-02-20,0.0
2000-02-21,0.0
2000-02-22,6.618927478790283
2000-02-23,0.08894757181406021
2000-02-24,0.3219526410102844
2000-02-25,1.9727461338043213
2000-02-26,3.342507839202881
2000-02-27,7.297052383422852
2000-02-28,13.658150672912598
2000-02-29,6.260286331176758
2000-03-01,1.049369215965271
2000-03-02,0.437816321849823
2000-03-03,0.6949465274810791
2000-03-04,12.745895385742188
2000-03-05,7.0878801345825195
2000-03-06,2.865598201751709
2000-03-07,0.9936912655830383
2000-03-08,4.016507625579834
2000-03-09,37.98991775512695
2000-03-10,2.9626846313476562
2000-03-11,3.5083982944488525
2000-03-12,4.1346611976623535
2000-03-13,2.6424310207366943
2000-03-14,0.0
2000-03-15,0.0
2000-03-16,0.0
2000-03-17,2.8078255653381348
2000-03-18,8.31335163116455
2000-03-19,1.095535159111023
2000-03-20,0.0
2000-03-21,0.0
2000-03-22,0.02355429157614708
2000-03-23,0.0
2000-03-24,0.0
2000-03-25,2.944286823272705
2000-03-26,0.9869720935821533
2000-03-27,1.651038646697998
2000-03-28,0.23367200791835785
2000-03-29,0.02176070399582386
2000-03-30,0.07784198969602585
2000-03-31,3.1959028244018555
2000-04-01,0.0
2000-04-02,0.0
2000-04-03,0.0
2000-04-04,0.0
2000-04-05,0.0
2000-04-06,0.0
2000-04-07,0.0
2000-04-08,0.0
2000-04-09,0.0
2000-04-10,0.0
2000-04-11,0.0
2000-04-12,0.0
2000-04-13,0.0
2000-04-14,0.0
2000-04-15,0.0
2000-04-16,0.0
2000-04-17,0.0
2000-04-18,0.0
2000-04-19,0.0
2000-04-20,0.0
2000-04-21,0.0
2000-04-22,0.0
2000-04-23,0.0
2000-04-24,0.0
2000-04-25,0.0
2000-04-26,0.0
2000-04-27,0.0
2000-04-28,0.0
2000-04-29,0.0
2000-04-30,0.0
2000-05-01,0.0
2000-05-02,0.0
2000-05-03,0.0
2000-05-04,0.0
2000-05-05,0.0
2000-05-06,0.0
2000-05-07,0.0
2000-05-08,0.0
2000-05-09,0.0
2000-05-10,0.0
2000-05-11,0.0
2000-05-12,0.0
2000-05-13,0.0
2000-05-14,0.0
2000-05-15,0.0
2000-05-16,0.0
2000-05-17,18.413604736328125
2000-05-18,1.1326475143432617
2000-05-19,0.6234298348426819
2000-05-20,0.7010060548782349
2000-05-21,0.0
2000-05-22,0.0
2000-05-23,0.0
2000-05-24,0.0
2000-05-25,0.0
2000-05-26,0.0
2000-05-27,0.0
2000-05-28,0.0
2000-05-29,0.0
2000-05-30,0.0
2000-05-31,0.0
2000-06-01,0.0
2000-06-02,0.0
2000-06-03,0.0
2000-06-04,0.0
2000-06-05,0.0
2000-06-06,0.0
2000-06-07,0.0
2000-06-08,0.0
2000-06-09,0.0
2000-06-10,0.0
2000-06-11,0.0
2000-06-12,0.0
2000-06-13,0.0
2000-06-14,0.0
2000-06-15,0.0
2000-06-16,0.0
2000-06-17,0.0
2000-06-18,0.0
2000-06-19,0.0
2000-06-20,0.0
2000-06-21,0.0
2000-06-22,0.0
2000-06-23,0.0
2000-06-24,0.0
2000-06-25,0.0
2000-06-26,0.0
2000-06-27,0.0
2000-06-28,0.0
2000-06-29,0.0
2000-06-30,0.0
2000-07-01,0.0
2000-07-02,0.0
2000-07-03,0.0
2000-07-04,0.0
2000-07-05,0.0
2000-07-06,0.0
2000-07-07,0.0
2000-07-08,0.0
2000-07-09,0.0
2000-07-10,0.0
2000-07-11,0.0
2000-07-12,0.0
2000-07-13,0.0
2000-07-14,0.0
2000-07-15,0.0
2000-07-16,0.0
2000-07-17,0.0
2000-07-18,0.006163830868899822
2000-07-19,0.7150043845176697
2000-07-20,0.4253043532371521
2000-07-21,0.0
2000-07-22,0.0
2000-07-23,0.0
2000-07-24,0.0
2000-07-25,0.0
2000-07-26,0.0
2000-07-27,0.0
2000-07-28,0.0
2000-07-29,0.0
2000-07-30,0.0
2000-07-31,0.0
2000-08-01,0.3869156539440155
2000-08-02,0.3869156539440155
2000-08-03,0.3869156539440155
2000-08-04,0.3869156539440155
2000-08-05,0.3869156539440155
2000-08-06,0.0
2000-08-07,0.0
2000-08-08,0.0
2000-08-09,0.0
2000-08-10,0.0
2000-08-11,0.0
2000-08-12,0.0
2000-08-13,0.0
2000-08-14,0.0
2000-08-15,0.0
2000-08-16,0.0026333509013056755
2000-08-17,0.0
2000-08-18,0.0
2000-08-19,0.0
2000-08-20,0.20540137588977814
2000-08-21,0.0
2000-08-22,0.0
2000-08-23,0.0
2000-08-24,0.0
2000-08-25,0.0
2000-08-26,0.25359609723091125
2000-08-27,4.138178825378418
2000-08-28,1.4952768087387085
2000-08-29,0.5941596627235413
2000-08-30,0.006108946166932583
2000-08-31,0.2325209081172943
2000-09-01,0.0
2000-09-02,0.0
2000-09-03,0.0
2000-09-04,0.0
2000-09-05,0.0
2000-09-06,0.0
2000-09-07,0.0
2000-09-08,0.0
2000-09-09,0.08897985517978668
2000-09-10,0.1495848298072815
2000-09-11,1.4460126161575317
2000-09-12,0.0
2000-09-13,0.0
2000-09-14,0.0
2000-09-15,0.017206791788339615
2000-09-16,0.0
2000-09-17,0.0
2000-09-18,0.0
2000-09-19,0.0
2000-09-20,0.0
2000-09-21,0.0
2000-09-22,0.0
2000-09-23,0.0
2000-09-24,0.0
2000-09-25,0.0
2000-09-26,0.0
2000-09-27,0.0
2000-09-28,0.0
2000-09-29,0.0
2000-09-30,0.0
2000-10-01,0.0
2000-10-02,0.0
2000-10-03,0.0
2000-10-04,0.0
2000-10-05,0.0
2000-10-06,0.14904135465621948
2000-10-07,0.09365994483232498
2000-10-08,0.32606807351112366
2000-10-09,0.14329466223716736
2000-10-10,2.373704195022583
2000-10-11,0.7002925872802734
2000-10-12,1.484972357749939
2000-10-13,9.327152252197266
2000-10-14,8.965575218200684
2000-10-15,6.055001258850098
2000-10-16,0.10548078268766403
2000-10-17,0.0
2000-10-18,0.0
2000-10-19,1.7786729335784912
2000-10-20,1.4055285453796387
2000-10-21,0.15336818993091583
2000-10-22,0.0
2000-10-23,0.033453717827796936
2000-10-24,0.015546332113444805
2000-10-25,0.34011852741241455
2000-10-26,1.7538394927978516
2000-10-27,0.075717493891716
2000-10-28,0.24945104122161865
2000-10-29,0.070347860455513
2000-10-30,0.03696794807910919
2000-10-31,0.014347633346915245
2000-11-01,0.0
2000-11-02,0.0
2000-11-03,0.0
2000-11-04,0.0
2000-11-05,0.0
2000-11-06,0.0
2000-11-07,0.0
2000-11-08,0.0
2000-11-09,0.0
2000-11-10,0.0
2000-11-11,0.0
2000-11-12,0.0
2000-11-13,0.0
2000-11-14,0.0
2000-11-15,0.0
2000-11-16,0.0
2000-11-17,0.0
2000-11-18,0.0
2000-11-19,0.0
2000-11-20,0.0
2000-11-21,0.0
2000-11-22,0.0
2000-11-23,0.0
2000-11-24,0.0
2000-11-25,0.0
2000-11-26,4.151768207550049
2000-11-27,0.0
2000-11-28,3.1304409503936768
2000-11-29,0.06363356858491898
2000-11-30,11.29300594329834
2000-12-01,0.10633960366249084
2000-12-02,2.1914491653442383
2000-12-03,0.0
2000-12-04,0.0
2000-12-05,3.4091033935546875
2000-12-06,0.22205877304077148
2000-12-07,2.0716445446014404
2000-12-08,7.362224578857422
2000-12-09,1.2855796813964844
2000-12-10,8.51938533782959
2000-12-11,9.538439750671387
2000-12-12,1.7750309705734253
2000-12-13,0.38895606994628906
2000-12-14,0.0
2000-12-15,0.0
2000-12-16,2.249314308166504
2000-12-17,0.0
2000-12-18,0.0
2000-12-19,0.0
2000-12-20,8.963203430175781
2000-12-21,1.7870116233825684
2000-12-22,9.546072959899902
2000-12-23,2.4481120109558105
2000-12-24,2.2836287021636963
2000-12-25,0.4131363034248352
2000-12-26,0.006203486584126949
2000-12-27,0.919455349445343
2000-12-28,9.27875804901123
2000-12-29,2.9493937492370605
2000-12-30,8.627399444580078
2000-12-31,9.16591739654541
2001-01-01,1.8208423852920532
2001-01-02,0.38582929968833923
2001-01-03,0.09612973779439926
2001-01-04,0.0016934360610321164
2001-01-05,0.6878063678741455
2001-01-06,1.1444453001022339
2001-01-07,8.85986042022705
2001-01-08,5.701511859893799
2001-01-09,0.4934861958026886
2001-01-10,4.675055980682373
2001-01-11,14.20094108581543
2001-01-12,0.042517904192209244
2001-01-13,0.37704649567604065
2001-01-14,0.15235798060894012
2001-01-15,0.5728253126144409
2001-01-16,14.724752426147461
2001-01-17,8.273395538330078
2001-01-18,2.3987390995025635
2001-01-19,1.621392846107483
2001-01-20,7.467228889465332
2001-01-21,5.561208248138428
2001-01-22,0.5488181114196777
2001-01-23,6.502175331115723
2001-01-24,2.2413809299468994
2001-01-25,1.2234783172607422
2001-01-26,0.131638303399086
2001-01-27,0.5849697589874268
2001-01-28,1.1826951503753662
2001-01-29,26.72623062133789
2001-01-30,3.2754464149475098
2001-01-31,1.8715516328811646
2001-02-01,1.4217545986175537
2001-02-02,16.67477798461914
2001-02-03,8.475046157836914
2001-02-04,0.9292418360710144
2001-02-05,0.034205008298158646
2001-02-06,0.11829884350299835
2001-02-07,0.05797963589429855
2001-02-08,0.0
2001-02-09,3.7937827110290527
2001-02-10,0.7978864312171936
2001-02-11,0.004940582439303398
2001-02-12,6.661959171295166
2001-02-13,4.88633394241333
2001-02-14,7.78682279586792
2001-02-15,0.7878761887550354
2001-02-16,0.5250314474105835
2001-02-17,5.230637073516846
2001-02-18,5.320690155029297
2001-02-19,3.257554531097412
2001-02-20,0.0
2001-02-21,0.0
2001-02-22,0.6439191699028015
2001-02-23,0.2808404564857483
2001-02-24,5.958188533782959
2001-02-25,15.792313575744629
2001-02-26,5.602090835571289
2001-02-27,0.6149914264678955
2001-02-28,1.0194646120071411
2001-03-01,1.701403260231018
2001-03-02,1.2454594373703003
2001-03-03,3.929168224334717
2001-03-04,9.134678840637207
2001-03-05,1.8249198198318481
2001-03-06,8.43287181854248
2001-03-07,0.2305428832769394
2001-03-08,2.968020439147949
2001-03-09,0.3760736882686615
2001-03-10,0.3607023060321808
2001-03-11,16.46442985534668
2001-03-12,0.4199739396572113
2001-03-13,1.1977037191390991
2001-03-14,3.2743475437164307
2001-03-15,2.7531626224517822
2001-03-16,0.0
2001-03-17,0.0
2001-03-18,0.0
2001-03-19,0.0
2001-03-20,0.0
2001-03-21,9.898468971252441
2001-03-22,2.829718589782715
2001-03-23,0.0
2001-03-24,0.4782530963420868
2001-03-25,4.540468692779541
2001-03-26,0.05371091887354851
2001-03-27,1.1216191053390503
2001-03-28,0.3569459319114685
2001-03-29,0.6426780223846436
2001-03-30,0.8816852569580078
2001-03-31,0.0
2001-04-01,0.0
2001-04-02,0.798578143119812
2001-04-03,0.14527596533298492
2001-04-04,0.4857916831970215
2001-04-05,8.716630935668945
2001-04-06,5.604175090789795
2001-04-07,0.16718406975269318
2001-04-08,13.5152587890625
2001-04-09,2.6402037143707275
2001-04-10,2.8986454010009766
2001-04-11,7.635293960571289
2001-04-12,0.15073195099830627
2001-04-13,0.0
2001-04-14,1.9559379816055298
2001-04-15,5.331231117248535
2001-04-16,0.0
2001-04-17,0.0
2001-04-18,0.0
2001-04-19,0.0
2001-04-20,0.0
2001-04-21,0.0
2001-04-22,0.0
2001-04-23,0.0
2001-04-24,0.0
2001-04-25,0.0
2001-04-26,0.0
2001-04-27,0.0
2001-04-28,0.0
2001-04-29,0.0
2001-04-30,0.0
2001-05-01,0.0
2001-05-02,0.0
2001-05-03,0.0
2001-05-04,0.13152197003364563
2001-05-05,0.803745448589325
2001-05-06,1.9027289152145386
2001-05-07,0.025479814037680626
2001-05-08,0.0
2001-05-09,0.0
2001-05-10,0.0
2001-05-11,0.0
2001-05-12,0.4246166944503784
2001-05-13,0.0
2001-05-14,1.4682961702346802
2001-05-15,5.90183687210083
2001-05-16,0.21384206414222717
2001-05-17,0.21384206414222717
2001-05-18,0.21384206414222717
2001-05-19,0.21384206414222717
2001-05-20,0.21384206414222717
2001-05-21,0.0
2001-05-22,0.0
2001-05-23,0.0
2001-05-24,0.0
2001-05-25,0.0
2001-05-26,0.0
2001-05-27,0.0
2001-05-28,0.0
2001-05-29,0.0
2001-05-30,0.0
2001-05-31,0.0
2001-06-01,0.0
2001-06-02,0.0
2001-06-03,0.0
2001-06-04,0.0
2001-06-05,0.0
2001-06-06,0.0
2001-06-07,0.0
2001-06-08,0.0
2001-06-09,0.0
2001-06-10,0.0
2001-06-11,0.0
2001-06-12,0.0
2001-06-13,0.0
2001-06-14,0.0
2001-06-15,0.0
2001-06-16,0.0
2001-06-17,0.0
2001-06-18,0.0
2001-06-19,0.0
2001-06-20,0.0
2001-06-21,0.0
2001-06-22,0.0
2001-06-23,0.0
2001-06-24,0.0
2001-06-25,0.0
2001-06-26,0.0
2001-06-27,0.0
2001-06-28,0.0
2001-06-29,0.0
2001-06-30,0.0
2001-07-01,0.0
2001-07-02,0.0
2001-07-03,0.0
2001-07-04,0.0
2001-07-05,0.0
2001-07-06,0.05675302818417549
2001-07-07,0.010753204114735126
2001-07-08,0.954048216342926
2001-07-09,0.0
2001-07-10,0.0
2001-07-11,0.0
2001-07-12,0.0
2001-07-13,0.0
2001-07-14,0.0
2001-07-15,0.0
2001-07-16,0.0
2001-07-17,0.0
2001-07-18,0.0
2001-07-19,0.0
2001-07-20,0.0
2001-07-21,0.0
2001-07-22,0.0
2001-07-23,0.0
2001-07-24,0.0
2001-07-25,0.0
2001-07-26,0.0
2001-07-27,0.0
2001-07-28,0.0
2001-07-29,0.0
2001-07-30,0.0
2001-07-31,0.0
2001-08-01,0.0
2001-08-02,0.0
2001-08-03,0.0
2001-08-04,0.0
2001-08-05,0.0
2001-08-06,0.0
2001-08-07,0.0
2001-08-08,0.0
2001-08-09,0.0
2001-08-10,0.0
2001-08-11,0.0
2001-08-12,0.0
2001-08-13,0.0
2001-08-14,0.0
2001-08-15,0.0
2001-08-16,0.434638649225235
2001-08-17,0.01959354057908058
2001-08-18,0.0
2001-08-19,0.8545117378234863
2001-08-20,9.977136611938477
2001-08-21,0.0
2001-08-22,0.0
2001-08-23,0.0
2001-08-24,0.0
2001-08-25,0.0
2001-08-26,0.0
2001-08-27,0.0
2001-08-28,0.0
2001-08-29,0.0
2001-08-30,0.0
2001-08-31,0.0
2001-09-01,5.992036819458008
2001-09-02,0.23862093687057495
2001-09-03,1.1665912866592407
2001-09-04,0.26513439416885376
2001-09-05,1.8824539184570312
2001-09-06,2.729147434234619
2001-09-07,0.0
2001-09-08,0.0
2001-09-09,3.632763147354126
2001-09-10,0.3587053120136261
2001-09-11,0.10598967224359512
2001-09-12,0.5862732529640198
2001-09-13,0.0
2001-09-14,0.0
2001-09-15,0.0
2001-09-16,0.0
2001-09-17,0.0
2001-09-18,0.0
2001-09-19,0.0
2001-09-20,0.0
2001-09-21,0.0
2001-09-22,0.0
2001-09-23,0.0
2001-09-24,0.0
2001-09-25,0.0
2001-09-26,0.0
2001-09-27,0.0
2001-09-28,0.0
2001-09-29,0.0
2001-09-30,0.0
2001-10-01,0.0
2001-10-02,0.0
2001-10-03,0.0
2001-10-04,0.1896328181028366
2001-10-05,10.295371055603027
2001-10-06,5.4699177742004395
2001-10-07,3.924272298812866
2001-10-08,0.0
2001-10-09,0.0
2001-10-10,0.0
2001-10-11,2.2157745361328125
2001-10-12,3.448570489883423
2001-10-13,3.8425517082214355
2001-10-14,0.0
2001-10-15,3.1360514163970947
2001-10-16,0.0
2001-10-17,0.0
2001-10-18,0.0
2001-10-19,0.0
2001-10-20,0.0
2001-10-21,0.0
2001-10-22,0.0
2001-10-23,0.0
2001-10-24,0.0
2001-10-25,0.0
2001-10-26,0.5016855597496033
2001-10-27,5.973361015319824
2001-10-28,0.8351348638534546
2001-10-29,0.0
2001-10-30,0.079916812479496
2001-10-31,0.6149011254310608
2001-11-01,9.67143440246582
2001-11-02,12.724730491638184
2001-11-03,0.0
2001-11-04,0.0
2001-11-05,0.010850992985069752
2001-11-06,0.45747023820877075
2001-11-07,0.0
2001-11-08,0.7103806734085083
2001-11-09,0.052069779485464096
2001-11-10,0.0
2001-11-11,0.0
2001-11-12,0.0
2001-11-13,0.0
2001-11-14,0.0
2001-11-15,0.0
2001-11-16,0.0
2001-11-17,0.0
2001-11-18,0.0
2001-11-19,0.0
2001-11-20,0.0
2001-11-21,0.0
2001-11-22,0.0
2001-11-23,0.0
2001-11-24,0.0
2001-11-25,0.0
2001-11-26,0.0
2001-11-27,0.0
2001-11-28,0.0
2001-11-29,0.0
2001-11-30,0.0
2001-12-01,0.0
2001-12-02,0.0
2001-12-03,0.0
2001-12-04,0.0
2001-12-05,0.0
2001-12-06,0.0
2001-12-07,2.6551554203033447
2001-12-08,1.8076977729797363
2001-12-09,14.732047080993652
2001-12-10,1.2983702421188354
2001-12-11,0.6572389006614685
2001-12-12,0.5508236289024353
2001-12-13,9.340522766113281
2001-12-14,0.0466601625084877
2001-12-15,1.5553964376449585
2001-12-16,6.424406051635742
2001-12-17,1.1418792009353638
2001-12-18,1.7383310794830322
2001-12-19,2.1865062713623047
2001-12-20,0.3352268934249878
2001-12-21,0.0
2001-12-22,0.867599606513977
2001-12-23,6.381559371948242
2001-12-24,14.771913528442383
2001-12-25,3.3316140174865723
2001-12-26,0.0
2001-12-27,0.0
2001-12-28,0.0
2001-12-29,0.0
2001-12-30,0.0
2001-12-31,0.0
2002-01-01,0.0
2002-01-02,0.0
2002-01-03,0.0
2002-01-04,0.0
2002-01-05,0.0
2002-01-06,6.013375282287598
2002-01-07,0.0262923464179039
2002-01-08,0.1153208464384079
2002-01-09,0.7720650434494019
2002-01-10,0.9185837507247925
2002-01-11,0.0
2002-01-12,0.0
2002-01-13,0.0
2002-01-14,0.0
2002-01-15,0.0
2002-01-16,1.5399922132492065
2002-01-17,0.27032530307769775
2002-01-18,3.2717199325561523
2002-01-19,11.246267318725586
2002-01-20,4.079620361328125
2002-01-21,0.9538081884384155
2002-01-22,0.006623668596148491
2002-01-23,1.8250958919525146
2002-01-24,4.823202133178711
2002-01-25,24.90023422241211
2002-01-26,11.931055068969727
2002-01-27,1.5081202983856201
2002-01-28,16.148963928222656
2002-01-29,0.0
2002-01-30,0.9411398768424988
2002-01-31,5.215816020965576
2002-02-01,11.831656455993652
2002-02-02,10.383280754089355
2002-02-03,1.8612658977508545
2002-02-04,0.8386451005935669
2002-02-05,3.916276216506958
2002-02-06,10.961578369140625
2002-02-07,0.24174053966999054
2002-02-08,0.8641681671142578
2002-02-09,0.1854153722524643
2002-02-10,3.765662670135498
2002-02-11,2.6559057235717773
2002-02-12,2.885056495666504
2002-02-13,0.3977867066860199
2002-02-14,15.811868667602539
2002-02-15,25.31313133239746
2002-02-16,17.367881774902344
2002-02-17,2.0011019706726074
2002-02-18,7.962092399597168
2002-02-19,2.8290951251983643
2002-02-20,0.3719489574432373
2002-02-21,1.093650221824646
2002-02-22,1.2126970291137695
2002-02-23,0.16901080310344696
2002-02-24,0.05492950230836868
2002-02-25,3.580712080001831
2002-02-26,6.92117166519165
2002-02-27,0.46579527854919434
2002-02-28,0.2640855014324188
2002-03-01,0.0
2002-03-02,1.5941104888916016
2002-03-03,0.0
2002-03-04,0.0
2002-03-05,0.0
2002-03-06,11.89909839630127
2002-03-07,0.09278061240911484
2002-03-08,3.7219724655151367
2002-03-09,0.4411962926387787
2002-03-10,0.7833052277565002
2002-03-11,2.017972230911255
2002-03-12,0.13165050745010376
2002-03-13,1.2999796867370605
2002-03-14,0.4351211488246918
2002-03-15,7.122720718383789
2002-03-16,12.035847663879395
2002-03-17,0.39801397919654846
2002-03-18,8.710983276367188
2002-03-19,10.066354751586914
2002-03-20,4.506608009338379
2002-03-21,0.0
2002-03-22,0.0
2002-03-23,0.0
2002-03-24,0.0
2002-03-25,0.0
2002-03-26,0.0
2002-03-27,0.49757713079452515
2002-03-28,0.0
2002-03-29,0.9115645289421082
2002-03-30,0.0
2002-03-31,5.243340015411377
2002-04-01,0.2109367847442627
2002-04-02,0.0
2002-04-03,0.0
2002-04-04,0.870735764503479
2002-04-05,0.2407662570476532
2002-04-06,0.0
2002-04-07,0.0
2002-04-08,0.0
2002-04-09,10.893701553344727
2002-04-10,10.619874954223633
2002-04-11,6.114149570465088
2002-04-12,0.7517174482345581
2002-04-13,1.2240937948226929
2002-04-14,3.353618860244751
2002-04-15,0.546897828578949
2002-04-16,1.237934947013855
2002-04-17,0.001076882123015821
2002-04-18,0.0
2002-04-19,0.3844553530216217
2002-04-20,4.079700946807861
2002-04-21,3.644087076187134
2002-04-22,15.675418853759766
2002-04-23,5.684540271759033
2002-04-24,0.0731285810470581
2002-04-25,0.0
2002-04-26,0.0
2002-04-27,0.0
2002-04-28,0.0
2002-04-29,0.0
2002-04-30,0.0
2002-05-01,0.0
2002-05-02,0.1653815656900406
2002-05-03,0.0
2002-05-04,12.756927490234375
2002-05-05,0.638979434967041
2002-05-06,0.072990283370018
2002-05-07,0.0
2002-05-08,0.0
2002-05-09,2.1254336833953857
2002-05-10,0.0
2002-05-11,0.4909728169441223
2002-05-12,0.4909728169441223
2002-05-13,0.4909728169441223
2002-05-14,2.9458370208740234
2002-05-15,0.4909728169441223
2002-05-16,0.0
2002-05-17,0.0
2002-05-18,0.0
2002-05-19,0.0
2002-05-20,0.0
2002-05-21,0.0
2002-05-22,0.0
2002-05-23,0.0
2002-05-24,0.0
2002-05-25,0.0
2002-05-26,0.0
2002-05-27,0.0
2002-05-28,0.0
2002-05-29,0.0
2002-05-30,0.0
2002-05-31,0.0
2002-06-01,1.892047643661499
2002-06-02,0.0
2002-06-03,0.0
2002-06-04,0.0
2002-06-05,0.0
2002-06-06,0.0
2002-06-07,0.0
2002-06-08,0.0
2002-06-09,0.0
2002-06-10,0.0
2002-06-11,0.0
2002-06-12,0.0
2002-06-13,0.0
2002-06-14,0.0
2002-06-15,0.0
2002-06-16,0.0
2002-06-17,0.0
2002-06-18,0.0
2002-06-19,0.0
2002-06-20,0.0
2002-06-21,0.0
2002-06-22,0.0
2002-06-23,0.0
2002-06-24,0.0
2002-06-25,0.0
2002-06-26,0.0
2002-06-27,0.0
2002-06-28,0.0008266347576864064
2002-06-29,0.0
2002-06-30,1.8657146692276
2002-07-01,0.5129549503326416
2002-07-02,0.021243581548333168
2002-07-03,2.868971109390259
2002-07-04,0.4082828164100647
2002-07-05,0.015932684764266014
2002-07-06,0.0
2002-07-07,0.0
2002-07-08,0.0
2002-07-09,0.0
2002-07-10,0.0
2002-07-11,0.0
2002-07-12,0.0
2002-07-13,0.0
2002-07-14,0.0
2002-07-15,0.0
2002-07-16,0.0
2002-07-17,0.0
2002-07-18,0.010595282539725304
2002-07-19,1.0489329099655151
2002-07-20,0.0
2002-07-21,0.0
2002-07-22,0.0
2002-07-23,0.0
2002-07-24,0.0
2002-07-25,0.0
2002-07-26,0.0
2002-07-27,0.0
2002-07-28,1.7187650203704834
2002-07-29,1.3899576663970947
2002-07-30,0.0
2002-07-31,0.0
2002-08-01,0.0
2002-08-02,0.0
2002-08-03,0.0
2002-08-04,0.12095428258180618
2002-08-05,4.228504180908203
2002-08-06,0.0
2002-08-07,0.0
2002-08-08,0.0
2002-08-09,0.0
2002-08-10,0.0
2002-08-11,0.0
2002-08-12,0.0
2002-08-13,0.0
2002-08-14,0.0
2002-08-15,0.0
2002-08-16,0.0
2002-08-17,0.0
2002-08-18,0.0
2002-08-19,0.0
2002-08-20,0.0
2002-08-21,0.0
2002-08-22,0.0
2002-08-23,0.0
2002-08-24,0.0
2002-08-25,0.0
2002-08-26,0.02132653072476387
2002-08-27,6.581879138946533
2002-08-28,0.03645428642630577
2002-08-29,0.0
2002-08-30,0.0
2002-08-31,0.0
2002-09-01,0.0
2002-09-02,0.0
2002-09-03,0.0
2002-09-04,0.0
2002-09-05,0.0
2002-09-06,0.0
2002-09-07,0.0
2002-09-08,0.0
2002-09-09,0.0
2002-09-10,0.0
2002-09-11,0.0
2002-09-12,0.0
2002-09-13,0.0
2002-09-14,0.0
2002-09-15,0.0
2002-09-16,0.0
2002-09-17,0.0
2002-09-18,0.0
2002-09-19,0.0
2002-09-20,0.0
2002-09-21,0.0
2002-09-22,0.0
2002-09-23,0.0
2002-09-24,0.0
2002-09-25,0.0
2002-09-26,0.0
2002-09-27,0.0
2002-09-28,0.0
2002-09-29,0.0
2002-09-30,0.0
2002-10-01,5.521288871765137
2002-10-02,0.4506179988384247
2002-10-03,1.0335133075714111
2002-10-04,0.0544462651014328
2002-10-05,0.0
2002-10-06,0.0
2002-10-07,0.0
2002-10-08,0.9555534720420837
2002-10-09,1.398252010345459
2002-10-10,0.7999780774116516
2002-10-11,0.0
2002-10-12,1.3214170932769775
2002-10-13,1.7595164775848389
2002-10-14,19.24115753173828
2002-10-15,0.505426287651062
2002-10-16,0.0
2002-10-17,0.0
2002-10-18,0.0
2002-10-19,0.0
2002-10-20,0.0
2002-10-21,0.09666065871715546
2002-10-22,0.0
2002-10-23,14.899686813354492
2002-10-24,0.8597438931465149
2002-10-25,0.2217973917722702
2002-10-26,1.579463005065918
2002-10-27,3.4532928466796875
2002-10-28,6.230405807495117
2002-10-29,0.16305793821811676
2002-10-30,0.0013809753581881523
2002-10-31,0.037256598472595215
2002-11-01,0.5858523845672607
2002-11-02,0.0
2002-11-03,0.0
2002-11-04,1.625980019569397
2002-11-05,0.9322597980499268
2002-11-06,0.0
2002-11-07,0.0
2002-11-08,0.0
2002-11-09,0.0
2002-11-10,0.0
2002-11-11,0.0
2002-11-12,0.024352403357625008
2002-11-13,0.01590360887348652
2002-11-14,0.0
2002-11-15,4.405796527862549
2002-11-16,3.0922207832336426
2002-11-17,0.06878252327442169
2002-11-18,1.4948917627334595
2002-11-19,0.8602880239486694
2002-11-20,2.4625892639160156
2002-11-21,4.770774841308594
2002-11-22,0.0
2002-11-23,0.09262143075466156
2002-11-24,2.032020092010498
2002-11-25,0.5712263584136963
2002-11-26,14.580411911010742
2002-11-27,2.7976765632629395
2002-11-28,6.763286590576172
2002-11-29,0.08984031528234482
2002-11-30,0.0
2002-12-01,0.4625179171562195
2002-12-02,19.692310333251953
2002-12-03,38.57926940917969
2002-12-04,2.307140588760376
2002-12-05,1.962424874305725
2002-12-06,0.0
2002-12-07,0.0008496250375173986
2002-12-08,0.005394444800913334
2002-12-09,0.05059989169239998
2002-12-10,0.05643937736749649
2002-12-11,0.0
2002-12-12,0.0
2002-12-13,0.0
2002-12-14,0.0
2002-12-15,0.0
2002-12-16,0.0
2002-12-17,0.2705729603767395
2002-12-18,0.0
2002-12-19,0.7882177233695984
2002-12-20,10.2236909866333
2002-12-21,0.4215041995048523
2002-12-22,14.488446235656738
2002-12-23,0.6873387098312378
2002-12-24,1.418684482574463
2002-12-25,0.1771232932806015
2002-12-26,0.5600135326385498
2002-12-27,0.0
2002-12-28,0.0
2002-12-29,0.0
2002-12-30,12.013313293457031
2002-12-31,0.5748186707496643
2003-01-01,6.0602030754089355
2003-01-02,1.2304670810699463
2003-01-03,0.9536091685295105
2003-01-04,0.10435419529676437
2003-01-05,0.04484054073691368
2003-01-06,6.259939193725586
2003-01-07,0.0
2003-01-08,0.0
2003-01-09,0.470432311296463
2003-01-10,2.831425666809082
2003-01-11,31.921674728393555
2003-01-12,1.2955890893936157
2003-01-13,3.666022539138794
2003-01-14,8.475801467895508
2003-01-15,6.248481750488281
2003-01-16,2.748732089996338
2003-01-17,9.992608070373535
2003-01-18,6.428697109222412
2003-01-19,1.1972465515136719
2003-01-20,0.2911754548549652
2003-01-21,5.661375999450684
2003-01-22,0.03839915618300438
2003-01-23,5.42055082321167
2003-01-24,0.09908805042505264
2003-01-25,8.309944152832031
2003-01-26,1.7399317026138306
2003-01-27,0.0938299223780632
2003-01-28,0.015841415151953697
2003-01-29,0.07433280348777771
2003-01-30,3.127168893814087
2003-01-31,1.2854610681533813
2003-02-01,0.0
2003-02-02,0.06943404674530029
2003-02-03,2.864061117172241
2003-02-04,0.6162145733833313
2003-02-05,23.080286026000977
2003-02-06,8.786336898803711
2003-02-07,18.591838836669922
2003-02-08,14.929447174072266
2003-02-09,4.4105939865112305
2003-02-10,2.113098621368408
2003-02-11,0.23379719257354736
2003-02-12,1.2962740659713745
2003-02-13,11.494136810302734
2003-02-14,3.19222092628479
2003-02-15,0.0
2003-02-16,15.292563438415527
2003-02-17,6.398508071899414
2003-02-18,13.65526294708252
2003-02-19,0.8232160806655884
2003-02-20,14.063772201538086
2003-02-21,19.987834930419922
2003-02-22,2.4782021045684814
2003-02-23,2.2990336418151855
2003-02-24,1.8446234464645386
2003-02-25,1.5142631530761719
2003-02-26,0.0
2003-02-27,0.0
2003-02-28,0.0
2003-03-01,0.08711810410022736
2003-03-02,5.67272424697876
2003-03-03,10.595458984375
2003-03-04,2.8691985607147217
2003-03-05,18.882410049438477
2003-03-06,1.7182438373565674
2003-03-07,4.234999656677246
2003-03-08,10.125252723693848
2003-03-09,0.6437733173370361
2003-03-10,1.2647559642791748
2003-03-11,3.0016520023345947
2003-03-12,0.0
2003-03-13,0.5145345330238342
2003-03-14,2.4096062183380127
2003-03-15,5.310731887817383
2003-03-16,3.971445322036743
2003-03-17,1.385728120803833
2003-03-18,1.3565857410430908
2003-03-19,1.2556995153427124
2003-03-20,1.7237900495529175
2003-03-21,0.011183269321918488
2003-03-22,0.04914388805627823
2003-03-23,0.0
2003-03-24,0.03565585985779762
2003-03-25,0.2913581132888794
2003-03-26,0.9699262380599976
2003-03-27,0.0
2003-03-28,0.0
2003-03-29,1.1191868782043457
2003-03-30,1.642638087272644
2003-03-31,1.5219963788986206
2003-04-01,0.0
2003-04-02,0.0
2003-04-03,0.0
2003-04-04,0.0
2003-04-05,0.0
2003-04-06,0.0
2003-04-07,0.0
2003-04-08,0.0
2003-04-09,0.0
2003-04-10,0.0
2003-04-11,0.0
2003-04-12,0.0
2003-04-13,0.0
2003-04-14,0.0
2003-04-15,0.0
2003-04-16,0.0
2003-04-17,0.0
2003-04-18,0.0
2003-04-19,0.0
2003-04-20,0.0
2003-04-21,0.0
2003-04-22,0.0
2003-04-23,0.0
2003-04-24,0.0
2003-04-25,0.0
2003-04-26,0.533696174621582
2003-04-27,0.0
2003-04-28,0.28429386019706726
2003-04-29,5.447004318237305
2003-04-30,0.05264701321721077
2003-05-01,0.0
2003-05-02,0.0
2003-05-03,0.0
2003-05-04,0.0
2003-05-05,0.0
2003-05-06,0.0
2003-05-07,0.0
2003-05-08,0.0
2003-05-09,0.0
2003-05-10,0.0
2003-05-11,0.0
2003-05-12,0.0
2003-05-13,0.0
2003-05-14,0.0
2003-05-15,0.0
2003-05-16,0.0
2003-05-17,0.0
2003-05-18,0.0
2003-05-19,0.0
2003-05-20,0.0
2003-05-21,0.0
2003-05-22,0.0
2003-05-23,0.0
2003-05-24,0.0
2003-05-25,0.0
2003-05-26,0.0
2003-05-27,0.0
2003-05-28,0.0
2003-05-29,0.0
2003-05-30,0.0
2003-05-31,0.0
2003-06-01,0.0
2003-06-02,0.0
2003-06-03,8.543292045593262
2003-06-04,0.0
2003-06-05,0.0
2003-06-06,0.0
2003-06-07,0.0
2003-06-08,0.0
2003-06-09,0.0
2003-06-10,0.0
2003-06-11,0.0
2003-06-12,0.0
2003-06-13,0.0
2003-06-14,0.0
2003-06-15,0.0
2003-06-16,0.0
2003-06-17,0.0
2003-06-18,0.0
2003-06-19,0.0
2003-06-20,0.0
2003-06-21,0.0
2003-06-22,0.0
2003-06-23,0.0
2003-06-24,0.0
2003-06-25,0.0
2003-06-26,0.0
2003-06-27,0.0
2003-06-28,0.0
2003-06-29,0.0
2003-06-30,0.0
2003-07-01,0.0
2003-07-02,0.0
2003-07-03,0.0
2003-07-04,0.0
2003-07-05,0.0
2003-07-06,0.0
2003-07-07,0.0
2003-07-08,0.0
2003-07-09,0.0
2003-07-10,0.0
2003-07-11,0.0
2003-07-12,0.0
2003-07-13,0.0
2003-07-14,0.0
2003-07-15,0.0
2003-07-16,0.0
2003-07-17,0.22202792763710022
2003-07-18,0.0
2003-07-19,0.16726602613925934
2003-07-20,0.0
2003-07-21,0.0
2003-07-22,0.0
2003-07-23,0.0
2003-07-24,0.0
2003-07-25,0.0
2003-07-26,1.9860360622406006
2003-07-27,0.009023278951644897
2003-07-28,0.031076675280928612
2003-07-29,0.006562384776771069
2003-07-30,0.0
2003-07-31,0.0
2003-08-01,0.0
2003-08-02,0.0
2003-08-03,0.0
2003-08-04,0.0
2003-08-05,0.0
2003-08-06,0.0
2003-08-07,0.0
2003-08-08,0.0
2003-08-09,0.0
2003-08-10,0.0
2003-08-11,0.0
2003-08-12,0.0
2003-08-13,0.0
2003-08-14,0.0
2003-08-15,0.0
2003-08-16,0.0
2003-08-17,0.0
2003-08-18,0.0
2003-08-19,0.0
2003-08-20,0.0
2003-08-21,0.0
2003-08-22,0.0
2003-08-23,0.0
2003-08-24,0.0
2003-08-25,0.0
2003-08-26,0.0
2003-08-27,0.0009672623709775507
2003-08-28,0.0
2003-08-29,0.0
2003-08-30,0.0
2003-08-31,0.05755211040377617
2003-09-01,12.790870666503906
2003-09-02,1.9050230979919434
2003-09-03,0.0
2003-09-04,0.0
2003-09-05,0.3628615438938141
2003-09-06,0.0
2003-09-07,0.0
2003-09-08,0.0
2003-09-09,0.0
2003-09-10,0.0
2003-09-11,0.09448046237230301
2003-09-12,4.201364994049072
2003-09-13,1.0533565282821655
2003-09-14,0.0
2003-09-15,0.6921866536140442
2003-09-16,0.0
2003-09-17,0.0
2003-09-18,0.0
2003-09-19,0.0
2003-09-20,0.0
2003-09-21,0.0
2003-09-22,0.0
2003-09-23,0.0
2003-09-24,0.0
2003-09-25,0.0
2003-09-26,0.0
2003-09-27,0.0
2003-09-28,5.822587013244629
2003-09-29,0.0
2003-09-30,0.0
2003-10-01,0.0
2003-10-02,0.0
2003-10-03,0.0
2003-10-04,0.0
2003-10-05,0.0
2003-10-06,0.0
2003-10-07,0.0
2003-10-08,0.0
2003-10-09,0.0
2003-10-10,0.0
2003-10-11,0.0
2003-10-12,0.0
2003-10-13,0.0
2003-10-14,0.0
2003-10-15,0.0
2003-10-16,0.0
2003-10-17,0.0
2003-10-18,0.0
2003-10-19,0.0
2003-10-20,0.0
2003-10-21,0.0
2003-10-22,0.0
2003-10-23,0.0
2003-10-24,0.0
2003-10-25,0.0
2003-10-26,0.0
2003-10-27,0.0
2003-10-28,0.0
2003-10-29,0.0
2003-10-30,0.0
2003-10-31,0.0
2003-11-01,0.0
2003-11-02,0.0
2003-11-03,0.0
2003-11-04,0.0
2003-11-05,0.0
2003-11-06,0.0
2003-11-07,0.0
2003-11-08,0.0
2003-11-09,0.0
2003-11-10,0.0
2003-11-11,8.108721733093262
2003-11-12,0.2989744544029236
2003-11-13,0.4451805055141449
2003-11-14,0.42063838243484497
2003-11-15,0.09547585248947144
2003-11-16,0.0
2003-11-17,0.0
2003-11-18,0.0
2003-11-19,0.0
2003-11-20,0.0
2003-11-21,0.0
2003-11-22,0.0
2003-11-23,0.0
2003-11-24,0.0
2003-11-25,0.0
2003-11-26,0.12817083299160004
2003-11-27,5.759069919586182
2003-11-28,3.987668514251709
2003-11-29,0.22081686556339264
2003-11-30,0.03055640682578087
2003-12-01,0.2406529188156128
2003-12-02,0.1588907092809677
2003-12-03,0.0
2003-12-04,0.08572327345609665
2003-12-05,3.033123731613159
2003-12-06,6.688028335571289
2003-12-07,4.414222240447998
2003-12-08,4.354721546173096
2003-12-09,2.3115732669830322
2003-12-10,0.9184163808822632
2003-12-11,1.1819394826889038
2003-12-12,2.0332632064819336
2003-12-13,2.1089491844177246
2003-12-14,0.27735912799835205
2003-12-15,0.03439147397875786
2003-12-16,6.486288547515869
2003-12-17,0.0
2003-12-18,0.5604346394538879
2003-12-19,0.6761215925216675
2003-12-20,19.566892623901367
2003-12-21,0.42035356163978577
2003-12-22,23.8140926361084
2003-12-23,7.6422953605651855
2003-12-24,0.37016740441322327
2003-12-25,1.2836275100708008
2003-12-26,24.001617431640625
2003-12-27,1.0682300329208374
2003-12-28,3.4098172187805176
2003-12-29,0.462539941072464
2003-12-30,5.596066474914551
2003-12-31,16.959592819213867
2004-01-01,9.709195137023926
2004-01-02,4.183485984802246
2004-01-03,5.217489719390869
2004-01-04,0.5193000435829163
2004-01-05,0.0
2004-01-06,3.6158952713012695
2004-01-07,0.6943714022636414
2004-01-08,2.2449820041656494
2004-01-09,0.06819159537553787
2004-01-10,6.8971991539001465
2004-01-11,2.2589924335479736
2004-01-12,4.713710308074951
2004-01-13,0.34496891498565674
2004-01-14,2.7079930305480957
2004-01-15,1.1782000064849854
2004-01-16,0.0
2004-01-17,0.0
2004-01-18,0.0
2004-01-19,0.0
2004-01-20,0.0
2004-01-21,0.5776529312133789
2004-01-22,0.7467742562294006
2004-01-23,0.11419729143381119
2004-01-24,0.42974790930747986
2004-01-25,0.1459374725818634
2004-01-26,0.0
2004-01-27,1.1331435441970825
2004-01-28,6.723998069763184
2004-01-29,3.9251091480255127
2004-01-30,1.9411333799362183
2004-01-31,0.0
2004-02-01,0.11155940592288971
2004-02-02,0.0
2004-02-03,0.10854502767324448
2004-02-04,0.5698909759521484
2004-02-05,1.0904240608215332
2004-02-06,0.0
2004-02-07,0.0
2004-02-08,0.0
2004-02-09,0.0
2004-02-10,0.0
2004-02-11,2.4411802291870117
2004-02-12,11.436732292175293
2004-02-13,7.091959476470947
2004-02-14,2.8339836597442627
2004-02-15,1.3606528043746948
2004-02-16,1.5844461917877197
2004-02-17,1.8071479797363281
2004-02-18,0.5465960502624512
2004-02-19,1.8709073066711426
2004-02-20,8.191845893859863
2004-02-21,1.815768837928772
2004-02-22,0.0536249577999115
2004-02-23,0.07458743453025818
2004-02-24,0.004387496970593929
2004-02-25,1.6786291599273682
2004-02-26,0.2075946182012558
2004-02-27,0.0
2004-02-28,4.178053379058838
2004-02-29,1.1150797605514526
2004-03-01,2.395247459411621
2004-03-02,0.0
2004-03-03,1.0604413747787476
2004-03-04,5.383675575256348
2004-03-05,0.5211416482925415
2004-03-06,0.0013172852341085672
2004-03-07,0.0
2004-03-08,0.23661118745803833
2004-03-09,0.10760930925607681
2004-03-10,3.7064318656921387
2004-03-11,1.7964950799942017
2004-03-12,2.307433605194092
2004-03-13,5.474442958831787
2004-03-14,0.08818038552999496
2004-03-15,1.8361828327178955
2004-03-16,0.3484364151954651
2004-03-17,0.0
2004-03-18,15.397461891174316
2004-03-19,1.9803194999694824
2004-03-20,1.0251634120941162
2004-03-21,1.0406657457351685
2004-03-22,3.741196393966675
2004-03-23,0.9737067222595215
2004-03-24,4.842779636383057
2004-03-25,2.6396875381469727
2004-03-26,0.09375887364149094
2004-03-27,0.1862192451953888
2004-03-28,1.0531257390975952
2004-03-29,0.015112943015992641
2004-03-30,2.4817545413970947
2004-03-31,0.6269726753234863
2004-04-01,0.0
2004-04-02,1.6586402654647827
2004-04-03,0.1184743121266365
2004-04-04,0.4216291606426239
2004-04-05,0.5679797530174255
2004-04-06,0.0
2004-04-07,0.0
2004-04-08,0.0
2004-04-09,0.0
2004-04-10,0.0
2004-04-11,0.0
2004-04-12,0.0
2004-04-13,0.0
2004-04-14,0.0
2004-04-15,0.0
2004-04-16,0.0
2004-04-17,0.0
2004-04-18,0.0
2004-04-19,0.0
2004-04-20,0.0
2004-04-21,0.0
2004-04-22,0.0
2004-04-23,0.0
2004-04-24,0.0
2004-04-25,0.0
2004-04-26,0.0
2004-04-27,1.6737827062606812
2004-04-28,0.4601234793663025
2004-04-29,0.0
2004-04-30,2.213927745819092
2004-05-01,0.0
2004-05-02,0.0
2004-05-03,0.0
2004-05-04,0.0
2004-05-05,0.0
2004-05-06,0.0
2004-05-07,0.0
2004-05-08,0.0
2004-05-09,0.0
2004-05-10,0.0
2004-05-11,0.0
2004-05-12,0.0
2004-05-13,0.0
2004-05-14,0.0
2004-05-15,0.0
2004-05-16,0.0
2004-05-17,0.0
2004-05-18,0.0
2004-05-19,0.0
2004-05-20,0.0
2004-05-21,0.0
2004-05-22,0.0
2004-05-23,0.0
2004-05-24,0.0
2004-05-25,0.0
2004-05-26,0.0
2004-05-27,0.0
2004-05-28,0.0
2004-05-29,0.0
2004-05-30,0.0
2004-05-31,0.0
2004-06-01,0.0
2004-06-02,0.0
2004-06-03,0.0
2004-06-04,0.0
2004-06-05,0.0
2004-06-06,0.0
2004-06-07,0.0
2004-06-08,0.0
2004-06-09,0.0
2004-06-10,0.0
2004-06-11,0.0
2004-06-12,0.0
2004-06-13,0.0
2004-06-14,0.0
2004-06-15,0.0
2004-06-16,0.0
2004-06-17,0.0
2004-06-18,0.0
2004-06-19,0.0
2004-06-20,0.0
2004-06-21,0.041769836097955704
2004-06-22,0.041769836097955704
2004-06-23,0.2506190240383148
2004-06-24,0.041769836097955704
2004-06-25,0.041769836097955704
2004-06-26,0.0
2004-06-27,0.0
2004-06-28,0.0
2004-06-29,0.0
2004-06-30,0.0
2004-07-01,0.2098524421453476
2004-07-02,0.18879128992557526
2004-07-03,2.2665040493011475
2004-07-04,0.028735127300024033
2004-07-05,1.8133227825164795
2004-07-06,0.0
2004-07-07,0.0
2004-07-08,0.0
2004-07-09,0.0
2004-07-10,0.0
2004-07-11,0.0
2004-07-12,0.0
2004-07-13,0.0
2004-07-14,0.0
2004-07-15,0.0
2004-07-16,0.0
2004-07-17,0.0
2004-07-18,0.0
2004-07-19,0.0
2004-07-20,0.0
2004-07-21,0.0
2004-07-22,0.0
2004-07-23,0.0
2004-07-24,0.0
2004-07-25,0.0
2004-07-26,0.137689471244812
2004-07-27,0.137689471244812
2004-07-28,0.9638263583183289
2004-07-29,0.137689471244812
2004-07-30,0.137689471244812
2004-07-31,0.137689471244812
2004-08-01,0.0
2004-08-02,0.0
2004-08-03,0.0
2004-08-04,0.0
2004-08-05,0.0
2004-08-06,0.18624292314052582
2004-08-07,0.0
2004-08-08,0.0
2004-08-09,0.6210047006607056
2004-08-10,2.218055009841919
2004-08-11,3.9170777797698975
2004-08-12,1.190975308418274
2004-08-13,0.01984698697924614
2004-08-14,0.0
2004-08-15,0.08855064958333969
2004-08-16,0.06957820802927017
2004-08-17,0.03130277246236801
2004-08-18,1.4745516777038574
2004-08-19,0.038459815084934235
2004-08-20,0.10050080716609955
2004-08-21,0.0
2004-08-22,0.0069955214858055115
2004-08-23,0.0017488803714513779
2004-08-24,0.880669116973877
2004-08-25,1.7513964176177979
2004-08-26,1.7277956008911133
2004-08-27,0.0
2004-08-28,0.0
2004-08-29,0.0
2004-08-30,0.0
2004-08-31,0.0
2004-09-01,0.0
2004-09-02,0.0
2004-09-03,0.0
2004-09-04,0.0
2004-09-05,0.0
2004-09-06,0.0
2004-09-07,0.0
2004-09-08,0.0
2004-09-09,0.0
2004-09-10,0.0
2004-09-11,0.0
2004-09-12,0.0
2004-09-13,0.0
2004-09-14,0.0
2004-09-15,0.0
2004-09-16,0.0
2004-09-17,0.0
2004-09-18,0.0
2004-09-19,0.0
2004-09-20,0.0
2004-09-21,0.0
2004-09-22,0.003581447061151266
2004-09-23,4.438719749450684
2004-09-24,0.0008608942735008895
2004-09-25,0.007662276271730661
2004-09-26,0.0
2004-09-27,0.0
2004-09-28,0.0
2004-09-29,0.0
2004-09-30,0.0
2004-10-01,0.0
2004-10-02,0.0
2004-10-03,0.0
2004-10-04,0.0
2004-10-05,0.0
2004-10-06,0.0
2004-10-07,0.0
2004-10-08,0.0
2004-10-09,0.0
2004-10-10,0.0
2004-10-11,0.8311149477958679
2004-10-12,0.0
2004-10-13,0.007923412136733532
2004-10-14,0.054518163204193115
2004-10-15,0.0
2004-10-16,0.0
2004-10-17,0.0
2004-10-18,0.0
2004-10-19,2.357301712036133
2004-10-20,0.03630104660987854
2004-10-21,0.0
2004-10-22,0.0
2004-10-23,0.0
2004-10-24,0.0
2004-10-25,0.0
2004-10-26,0.03366639465093613
2004-10-27,0.6719284057617188
2004-10-28,1.2088874578475952
2004-10-29,0.020199837163090706
2004-10-30,3.1179723739624023
2004-10-31,0.7244992256164551
2004-11-01,1.1977678537368774
2004-11-02,0.07559974491596222
2004-11-03,0.0
2004-11-04,0.8504431247711182
2004-11-05,0.019307371228933334
2004-11-06,0.22034357488155365
2004-11-07,0.29992616176605225
2004-11-08,0.5732418298721313
2004-11-09,0.0010267713805660605
2004-11-10,0.0
2004-11-11,0.0
2004-11-12,0.8776179552078247
2004-11-13,1.6187304258346558
2004-11-14,1.7565852403640747
2004-11-15,0.0
2004-11-16,0.0023712629918009043
2004-11-17,0.27698469161987305
2004-11-18,0.03192877396941185
2004-11-19,0.012900801375508308
2004-11-20,0.0
2004-11-21,0.0
2004-11-22,0.0
2004-11-23,0.0
2004-11-24,0.0
2004-11-25,0.0
2004-11-26,0.0
2004-11-27,0.0
2004-11-28,0.0
2004-11-29,0.0
2004-11-30,0.0
2004-12-01,1.7981163263320923
2004-12-02,2.8076491355895996
2004-12-03,0.35964247584342957
2004-12-04,2.8153183460235596
2004-12-05,0.020748604089021683
2004-12-06,0.41711026430130005
2004-12-07,0.0182422436773777
2004-12-08,0.9029055237770081
2004-12-09,0.16164612770080566
2004-12-10,0.03244450315833092
2004-12-11,0.0523943230509758
2004-12-12,5.884294033050537
2004-12-13,1.6873794794082642
2004-12-14,0.39434510469436646
2004-12-15,11.026074409484863
2004-12-16,4.452392101287842
2004-12-17,0.07248635590076447
2004-12-18,0.07715138792991638
2004-12-19,0.14067615568637848
2004-12-20,0.0
2004-12-21,0.009382601827383041
2004-12-22,0.03898835927248001
2004-12-23,0.09012404084205627
2004-12-24,0.017918653786182404
2004-12-25,0.0572395883500576
2004-12-26,0.06702527403831482
2004-12-27,0.628728985786438
2004-12-28,0.3991074860095978
2004-12-29,0.38338401913642883
2004-12-30,1.108845591545105
2004-12-31,0.000581499538384378
2005-01-01,0.8599015474319458
2005-01-02,0.16765859723091125
2005-01-03,0.02073737047612667
2005-01-04,0.0
2005-01-05,0.0
2005-01-06,0.0
2005-01-07,0.0
2005-01-08,0.0
2005-01-09,0.0
2005-01-10,0.0
2005-01-11,5.028338432312012
2005-01-12,0.05399676412343979
2005-01-13,0.745453953742981
2005-01-14,10.580719947814941
2005-01-15,17.14597511291504
2005-01-16,1.5478224754333496
2005-01-17,0.0
2005-01-18,0.0
2005-01-19,0.0
2005-01-20,0.005132966209203005
2005-01-21,0.0
2005-01-22,1.126976490020752
2005-01-23,6.758819103240967
2005-01-24,0.6848978996276855
2005-01-25,0.405524343252182
2005-01-26,0.5358220338821411
2005-01-27,0.011396017856895924
2005-01-28,0.0
2005-01-29,0.0
2005-01-30,0.0
2005-01-31,8.59998607635498
2005-02-01,2.5076754093170166
2005-02-02,1.7908352613449097
2005-02-03,3.885669231414795
2005-02-04,1.3169915676116943
2005-02-05,0.7684770822525024
2005-02-06,0.0
2005-02-07,0.0
2005-02-08,0.0
2005-02-09,0.0
2005-02-10,0.0
2005-02-11,0.1165166050195694
2005-02-12,0.3309071660041809
2005-02-13,5.1953816413879395
2005-02-14,6.0028395652771
2005-02-15,7.015655040740967
2005-02-16,0.0
2005-02-17,0.0
2005-02-18,0.0
2005-02-19,0.0
2005-02-20,0.0
2005-02-21,2.7114760875701904
2005-02-22,5.088406085968018
2005-02-23,14.125537872314453
2005-02-24,2.102924108505249
2005-02-25,1.4510177373886108
2005-02-26,0.0
2005-02-27,0.0
2005-02-28,0.0
2005-03-01,0.0
2005-03-02,0.0
2005-03-03,0.0
2005-03-04,0.0
2005-03-05,0.0
2005-03-06,0.006520818453282118
2005-03-07,0.0826190635561943
2005-03-08,0.28270262479782104
2005-03-09,2.408111810684204
2005-03-10,0.0
2005-03-11,0.0
2005-03-12,3.655905246734619
2005-03-13,0.8635091185569763
2005-03-14,0.0
2005-03-15,0.0
2005-03-16,0.0
2005-03-17,0.0
2005-03-18,0.0
2005-03-19,0.0
2005-03-20,0.0
2005-03-21,0.20643557608127594
2005-03-22,4.76090145111084
2005-03-23,3.890552282333374
2005-03-24,0.0
2005-03-25,0.17940165102481842
2005-03-26,3.360215425491333
2005-03-27,4.598034381866455
2005-03-28,3.86126971244812
2005-03-29,9.309802055358887
2005-03-30,14.829146385192871
2005-03-31,0.5734609961509705
2005-04-01,6.262827396392822
2005-04-02,28.445798873901367
2005-04-03,1.2892333269119263
2005-04-04,0.0
2005-04-05,5.684567928314209
2005-04-06,2.5358731746673584
2005-04-07,0.3391802906990051
2005-04-08,5.7201385498046875
2005-04-09,11.103363990783691
2005-04-10,2.4475009441375732
2005-04-11,1.6743390560150146
2005-04-12,4.701822757720947
2005-04-13,1.2124494314193726
2005-04-14,0.1049194261431694
2005-04-15,0.0
2005-04-16,5.813233375549316
2005-04-17,0.6981943845748901
2005-04-18,0.9407088160514832
2005-04-19,0.03646158054471016
2005-04-20,0.03707226738333702
2005-04-21,0.0
2005-04-22,0.0
2005-04-23,1.5243128538131714
2005-04-24,4.750059127807617
2005-04-25,1.5575900077819824
2005-04-26,0.0
2005-04-27,0.0
2005-04-28,0.0
2005-04-29,0.0
2005-04-30,0.0
2005-05-01,0.0
2005-05-02,0.0
2005-05-03,0.0
2005-05-04,0.0
2005-05-05,0.0
2005-05-06,0.0
2005-05-07,0.0
2005-05-08,0.0
2005-05-09,0.0
2005-05-10,0.0
2005-05-11,0.0
2005-05-12,0.0
2005-05-13,0.0
2005-05-14,0.0
2005-05-15,0.0
2005-05-16,0.7844693064689636
2005-05-17,0.13074487447738647
2005-05-18,0.13074487447738647
2005-05-19,0.13074487447738647
2005-05-20,0.13074487447738647
2005-05-21,0.0
2005-05-22,16.879119873046875
2005-05-23,0.500224232673645
2005-05-24,0.0
2005-05-25,0.0
2005-05-26,0.0
2005-05-27,0.0
2005-05-28,0.0
2005-05-29,0.0
2005-05-30,0.0
2005-05-31,0.0
2005-06-01,0.0
2005-06-02,0.0
2005-06-03,0.0
2005-06-04,0.0
2005-06-05,0.0
2005-06-06,0.0
2005-06-07,0.0
2005-06-08,0.0
2005-06-09,0.0
2005-06-10,0.0
2005-06-11,0.0
2005-06-12,0.0
2005-06-13,0.0
2005-06-14,0.0
2005-06-15,0.0
2005-06-16,0.0
2005-06-17,0.0
2005-06-18,0.0
2005-06-19,0.0
2005-06-20,0.0
2005-06-21,0.0
2005-06-22,0.0
2005-06-23,0.0
2005-06-24,0.0
2005-06-25,0.0
2005-06-26,0.0
2005-06-27,0.0
2005-06-28,0.0
2005-06-29,0.0
2005-06-30,0.0
2005-07-01,0.0
2005-07-02,0.0
2005-07-03,0.0
2005-07-04,0.0
2005-07-05,0.0
2005-07-06,0.0
2005-07-07,0.0
2005-07-08,0.0
2005-07-09,0.0
2005-07-10,0.0
2005-07-11,0.0
2005-07-12,0.0
2005-07-13,0.0
2005-07-14,0.0
2005-07-15,0.0
2005-07-16,0.0
2005-07-17,0.0
2005-07-18,0.0
2005-07-19,0.0
2005-07-20,0.0
2005-07-21,0.0
2005-07-22,0.0
2005-07-23,0.0
2005-07-24,0.0
2005-07-25,0.0
2005-07-26,0.0
2005-07-27,0.0
2005-07-28,0.0
2005-07-29,0.0
2005-07-30,0.0
2005-07-31,0.0
2005-08-01,0.0
2005-08-02,0.0
2005-08-03,0.0
2005-08-04,0.0
2005-08-05,0.0
2005-08-06,0.0
2005-08-07,0.0
2005-08-08,0.0
2005-08-09,0.0
2005-08-10,0.0
2005-08-11,0.0
2005-08-12,0.0
2005-08-13,0.0
2005-08-14,0.0
2005-08-15,0.0
2005-08-16,0.0
2005-08-17,0.0
2005-08-18,0.0
2005-08-19,0.0
2005-08-20,0.0
2005-08-21,0.0
2005-08-22,0.0
2005-08-23,0.0
2005-08-24,0.0
2005-08-25,0.0
2005-08-26,0.0
2005-08-27,0.0
2005-08-28,0.0
2005-08-29,0.0
2005-08-30,0.0
2005-08-31,0.0
2005-09-01,0.0
2005-09-02,0.0
2005-09-03,0.0
2005-09-04,0.0
2005-09-05,0.0
2005-09-06,0.0
2005-09-07,0.0
2005-09-08,0.0
2005-09-09,0.0
2005-09-10,0.0
2005-09-11,0.0
2005-09-12,2.6701204776763916
2005-09-13,21.415042877197266
2005-09-14,9.671781539916992
2005-09-15,2.514155626296997
2005-09-16,0.0
2005-09-17,0.0
2005-09-18,0.0
2005-09-19,0.0
2005-09-20,0.0
2005-09-21,0.0
2005-09-22,0.37871599197387695
2005-09-23,0.0
2005-09-24,0.37871599197387695
2005-09-25,0.0
2005-09-26,0.0
2005-09-27,0.0
2005-09-28,0.0
2005-09-29,0.0
2005-09-30,0.0
2005-10-01,0.0
2005-10-02,0.0
2005-10-03,0.0
2005-10-04,0.0
2005-10-05,0.0
2005-10-06,0.0
2005-10-07,0.03186348080635071
2005-10-08,0.5358893275260925
2005-10-09,5.7779541015625
2005-10-10,6.49755334854126
2005-10-11,0.0
2005-10-12,0.0
2005-10-13,0.0
2005-10-14,0.0
2005-10-15,0.0
2005-10-16,0.0
2005-10-17,0.0
2005-10-18,0.0
2005-10-19,0.0
2005-10-20,0.0
2005-10-21,0.0
2005-10-22,0.0
2005-10-23,0.0
2005-10-24,0.0
2005-10-25,0.0
2005-10-26,0.010425602085888386
2005-10-27,0.0
2005-10-28,0.0
2005-10-29,0.033042337745428085
2005-10-30,0.09071279317140579
2005-10-31,0.0
2005-11-01,0.0
2005-11-02,0.0
2005-11-03,0.0
2005-11-04,0.0
2005-11-05,0.0
2005-11-06,0.5750520825386047
2005-11-07,0.037793297320604324
2005-11-08,3.4321703910827637
2005-11-09,16.624897003173828
2005-11-10,4.070340633392334
2005-11-11,0.0
2005-11-12,0.0
2005-11-13,0.0
2005-11-14,0.0
2005-11-15,0.0
2005-11-16,0.0
2005-11-17,0.0
2005-11-18,0.0
2005-11-19,0.0
2005-11-20,0.0
2005-11-21,0.05288529023528099
2005-11-22,1.479710578918457
2005-11-23,0.0
2005-11-24,0.41676539182662964
2005-11-25,0.09729912132024765
2005-11-26,0.0
2005-11-27,0.0
2005-11-28,0.0
2005-11-29,0.0
2005-11-30,0.0
2005-12-01,1.138203501701355
2005-12-02,0.23428718745708466
2005-12-03,0.29728007316589355
2005-12-04,6.943365097045898
2005-12-05,0.8671277761459351
2005-12-06,1.692664623260498
2005-12-07,3.448655128479004
2005-12-08,0.049915727227926254
2005-12-09,0.0
2005-12-10,0.29949435591697693
2005-12-11,0.028847990557551384
2005-12-12,1.178769826889038
2005-12-13,0.7816634774208069
2005-12-14,0.2801949977874756
2005-12-15,0.7793960571289062
2005-12-16,0.4743078052997589
2005-12-17,0.8653355240821838
2005-12-18,0.8649080991744995
2005-12-19,12.218223571777344
2005-12-20,5.044256210327148
2005-12-21,0.0048085604794323444
2005-12-22,0.0
2005-12-23,5.453944683074951
2005-12-24,5.71707820892334
2005-12-25,2.35064697265625
2005-12-26,0.10843661427497864
2005-12-27,0.0
2005-12-28,2.0156991481781006
2005-12-29,1.835185170173645
2005-12-30,2.8257522583007812
2005-12-31,2.3752400875091553
2006-01-01,1.4107695817947388
2006-01-02,1.3043848276138306
2006-01-03,9.447609901428223
2006-01-04,2.788367509841919
2006-01-05,0.09924272447824478
2006-01-06,0.0
2006-01-07,0.0
2006-01-08,0.0
2006-01-09,0.0
2006-01-10,0.0
2006-01-11,0.9522615671157837
2006-01-12,8.571797370910645
2006-01-13,9.10703182220459
2006-01-14,0.7756679058074951
2006-01-15,0.8458017706871033
2006-01-16,7.252530574798584
2006-01-17,2.9068832397460938
2006-01-18,11.676332473754883
2006-01-19,3.7159080505371094
2006-01-20,1.5798070430755615
2006-01-21,7.55888032913208
2006-01-22,11.422656059265137
2006-01-23,8.86180305480957
2006-01-24,4.227017879486084
2006-01-25,8.176045417785645
2006-01-26,4.6668500900268555
2006-01-27,0.2860524654388428
2006-01-28,0.38371598720550537
2006-01-29,3.3689067363739014
2006-01-30,0.2209746390581131
2006-01-31,0.24245081841945648
2006-02-01,1.1084283590316772
2006-02-02,0.0
2006-02-03,0.0
2006-02-04,0.2942166328430176
2006-02-05,7.9235663414001465
2006-02-06,3.620713949203491
2006-02-07,1.0703585147857666
2006-02-08,2.14927077293396
2006-02-09,5.182403564453125
2006-02-10,0.09132472425699234
2006-02-11,0.0
2006-02-12,0.0
2006-02-13,0.0
2006-02-14,0.0
2006-02-15,0.0
2006-02-16,0.0
2006-02-17,0.0
2006-02-18,0.0
2006-02-19,0.0
2006-02-20,0.0
2006-02-21,0.0
2006-02-22,5.847420692443848
2006-02-23,0.13132509589195251
2006-02-24,4.647851943969727
2006-02-25,0.0
2006-02-26,0.0
2006-02-27,0.0
2006-02-28,2.6542582511901855
2006-03-01,10.366232872009277
2006-03-02,5.186375617980957
2006-03-03,1.742185354232788
2006-03-04,0.159560427069664
2006-03-05,0.0
2006-03-06,0.0
2006-03-07,0.6002874970436096
2006-03-08,0.09195979684591293
2006-03-09,0.5928451418876648
2006-03-10,4.938710689544678
2006-03-11,0.07539014518260956
2006-03-12,1.60758376121521
2006-03-13,0.0
2006-03-14,0.0
2006-03-15,0.0
2006-03-16,0.0
2006-03-17,0.5167413949966431
2006-03-18,0.21477286517620087
2006-03-19,0.16958093643188477
2006-03-20,0.4250008761882782
2006-03-21,0.4389059245586395
2006-03-22,6.8805460929870605
2006-03-23,11.45189380645752
2006-03-24,3.312408208847046
2006-03-25,5.303421497344971
2006-03-26,0.0
2006-03-27,0.0
2006-03-28,13.966141700744629
2006-03-29,3.962217092514038
2006-03-30,3.453150987625122
2006-03-31,2.3113391399383545
2006-04-01,0.1764487326145172
2006-04-02,0.0455896221101284
2006-04-03,4.08711051940918
2006-04-04,0.8804699778556824
2006-04-05,0.16800622642040253
2006-04-06,0.0
2006-04-07,0.0
2006-04-08,0.0
2006-04-09,0.0
2006-04-10,0.0
2006-04-11,0.0
2006-04-12,0.0
2006-04-13,0.0
2006-04-14,0.0
2006-04-15,0.0
2006-04-16,0.0
2006-04-17,0.0
2006-04-18,0.0
2006-04-19,0.0
2006-04-20,0.0
2006-04-21,0.0
2006-04-22,0.0
2006-04-23,0.0
2006-04-24,0.0
2006-04-25,0.0
2006-04-26,0.0
2006-04-27,0.0
2006-04-28,0.0
2006-04-29,0.0
2006-04-30,0.0
2006-05-01,1.8029004335403442
2006-05-02,0.569692075252533
2006-05-03,2.1670615673065186
2006-05-04,1.6205507516860962
2006-05-05,0.0
2006-05-06,0.0
2006-05-07,0.0
2006-05-08,0.0
2006-05-09,0.0
2006-05-10,0.0
2006-05-11,0.0
2006-05-12,0.0
2006-05-13,0.0
2006-05-14,0.0
2006-05-15,0.0
2006-05-16,0.0
2006-05-17,0.0
2006-05-18,0.0
2006-05-19,0.0
2006-05-20,0.0
2006-05-21,0.0
2006-05-22,0.0
2006-05-23,0.0
2006-05-24,0.0
2006-05-25,0.0
2006-05-26,0.0
2006-05-27,0.0
2006-05-28,0.0
2006-05-29,0.0
2006-05-30,0.0
2006-05-31,0.0
2006-06-01,0.0
2006-06-02,0.0
2006-06-03,0.0
2006-06-04,0.0
2006-06-05,0.0
2006-06-06,0.0
2006-06-07,0.0
2006-06-08,0.0
2006-06-09,0.0
2006-06-10,0.0
2006-06-11,0.0
2006-06-12,0.0
2006-06-13,0.0
2006-06-14,0.0
2006-06-15,0.0
2006-06-16,0.0
2006-06-17,0.0
2006-06-18,0.0
2006-06-19,0.0
2006-06-20,0.0
2006-06-21,0.0
2006-06-22,0.0
2006-06-23,0.0
2006-06-24,0.0
2006-06-25,0.0
2006-06-26,0.0
2006-06-27,0.0
2006-06-28,0.0
2006-06-29,0.0
2006-06-30,0.0
2006-07-01,0.0
2006-07-02,0.0
2006-07-03,0.0
2006-07-04,0.0
2006-07-05,0.0
2006-07-06,0.0
2006-07-07,0.0
2006-07-08,0.0
2006-07-09,0.0
2006-07-10,0.0
2006-07-11,0.0
2006-07-12,0.0
2006-07-13,0.0
2006-07-14,0.0
2006-07-15,0.0
2006-07-16,0.0
2006-07-17,0.0
2006-07-18,0.0
2006-07-19,0.0
2006-07-20,0.0
2006-07-21,0.0
2006-07-22,0.0
2006-07-23,0.0
2006-07-24,0.0
2006-07-25,0.0
2006-07-26,1.0864349603652954
2006-07-27,0.6320152282714844
2006-07-28,0.0
2006-07-29,0.03011699579656124
2006-07-30,0.059958819299936295
2006-07-31,0.5531853437423706
2006-08-01,0.0
2006-08-02,0.0
2006-08-03,0.0
2006-08-04,0.0
2006-08-05,0.0
2006-08-06,0.0
2006-08-07,0.0
2006-08-08,0.0
2006-08-09,0.0
2006-08-10,0.0
2006-08-11,0.0
2006-08-12,0.07516112923622131
2006-08-13,0.03463948145508766
2006-08-14,1.9465398788452148
2006-08-15,1.1304917335510254
2006-08-16,0.004860518034547567
2006-08-17,0.15067605674266815
2006-08-18,3.246825933456421
2006-08-19,0.0
2006-08-20,0.0
2006-08-21,0.10506276041269302
2006-08-22,0.10506276041269302
2006-08-23,0.10506276041269302
2006-08-24,0.10506276041269302
2006-08-25,0.10506276041269302
2006-08-26,0.0
2006-08-27,0.0
2006-08-28,0.01646004617214203
2006-08-29,0.0
2006-08-30,0.01752198487520218
2006-08-31,0.0
2006-09-01,0.3751160800457001
2006-09-02,0.3751160800457001
2006-09-03,0.3751160800457001
2006-09-04,0.3751160800457001
2006-09-05,0.3751160800457001
2006-09-06,0.0
2006-09-07,4.464558124542236
2006-09-08,1.167573094367981
2006-09-09,0.723440408706665
2006-09-10,0.0
2006-09-11,0.0
2006-09-12,0.0
2006-09-13,0.0
2006-09-14,0.0
2006-09-15,0.0
2006-09-16,0.17784656584262848
2006-09-17,0.8333860039710999
2006-09-18,1.0009804964065552
2006-09-19,0.0698220431804657
2006-09-20,0.0
2006-09-21,0.0
2006-09-22,0.0
2006-09-23,0.0
2006-09-24,0.0
2006-09-25,0.0
2006-09-26,0.6652399301528931
2006-09-27,6.172839641571045
2006-09-28,6.319880962371826
2006-09-29,1.1577922105789185
2006-09-30,0.0
2006-10-01,0.0
2006-10-02,0.0
2006-10-03,0.0
2006-10-04,0.0
2006-10-05,0.0
2006-10-06,0.0
2006-10-07,0.0
2006-10-08,0.0
2006-10-09,0.0
2006-10-10,0.0
2006-10-11,0.0
2006-10-12,0.0
2006-10-13,0.0
2006-10-14,0.0
2006-10-15,0.0
2006-10-16,0.16942842304706573
2006-10-17,0.0369449257850647
2006-10-18,0.0006161580677144229
2006-10-19,0.004044641740620136
2006-10-20,0.0070858183316886425
2006-10-21,1.1935815811157227
2006-10-22,10.587202072143555
2006-10-23,0.21235749125480652
2006-10-24,0.0
2006-10-25,0.0
2006-10-26,0.1619137078523636
2006-10-27,2.665114164352417
2006-10-28,8.687602043151855
2006-10-29,0.0
2006-10-30,2.7779078483581543
2006-10-31,5.737917900085449
2006-11-01,0.010138345882296562
2006-11-02,0.8965595960617065
2006-11-03,3.6248269081115723
2006-11-04,6.149148941040039
2006-11-05,3.5704598426818848
2006-11-06,0.014331499114632607
2006-11-07,0.12617504596710205
2006-11-08,2.3900814056396484
2006-11-09,8.61358642578125
2006-11-10,0.0
2006-11-11,0.0
2006-11-12,0.0
2006-11-13,0.0
2006-11-14,0.0
2006-11-15,0.0
2006-11-16,4.824501991271973
2006-11-17,3.9070754051208496
2006-11-18,2.037997245788574
2006-11-19,0.06890297681093216
2006-11-20,0.0
2006-11-21,0.0
2006-11-22,0.15818354487419128
2006-11-23,6.316563606262207
2006-11-24,0.10058120638132095
2006-11-25,2.1433467864990234
2006-11-26,11.195833206176758
2006-11-27,0.0024277311749756336
2006-11-28,0.5583781599998474
2006-11-29,0.0
2006-11-30,0.10039983689785004
2006-12-01,5.117073059082031
2006-12-02,1.9187268018722534
2006-12-03,1.4574605226516724
2006-12-04,0.788186252117157
2006-12-05,0.0
2006-12-06,0.0
2006-12-07,1.151070475578308
2006-12-08,0.23001305758953094
2006-12-09,3.9635887145996094
2006-12-10,0.09536778181791306
2006-12-11,1.4095458984375
2006-12-12,0.24916061758995056
2006-12-13,0.0
2006-12-14,3.298279047012329
2006-12-15,0.0
2006-12-16,0.0
2006-12-17,0.19530600309371948
2006-12-18,11.985808372497559
2006-12-19,3.600358009338379
2006-12-20,0.14083999395370483
2006-12-21,5.226847171783447
2006-12-22,7.536927700042725
2006-12-23,4.272353172302246
2006-12-24,2.0716092586517334
2006-12-25,1.1075279712677002
2006-12-26,0.12550081312656403
2006-12-27,0.0
2006-12-28,0.03806363046169281
2006-12-29,3.939887762069702
2006-12-30,1.9758511781692505
2006-12-31,0.017736725509166718
2007-01-01,2.342092752456665
2007-01-02,2.3078677654266357
2007-01-03,2.7830288410186768
2007-01-04,9.048991203308105
2007-01-05,0.818095862865448
2007-01-06,7.553201675415039
2007-01-07,5.787921905517578
2007-01-08,0.3652243912220001
2007-01-09,0.43203920125961304
2007-01-10,0.13727715611457825
2007-01-11,1.5118350982666016
2007-01-12,11.601641654968262
2007-01-13,0.37290170788764954
2007-01-14,5.67717981338501
2007-01-15,19.491273880004883
2007-01-16,9.942822456359863
2007-01-17,0.058204155415296555
2007-01-18,2.5365071296691895
2007-01-19,0.914848804473877
2007-01-20,1.8676587343215942
2007-01-21,1.2148356437683105
2007-01-22,0.44998234510421753
2007-01-23,1.035373330116272
2007-01-24,3.5721306800842285
2007-01-25,1.0623162984848022
2007-01-26,1.1019827127456665
2007-01-27,2.1363606452941895
2007-01-28,0.16233572363853455
2007-01-29,0.0
2007-01-30,0.9756793975830078
2007-01-31,2.99635910987854
2007-02-01,0.0
2007-02-02,3.623347282409668
2007-02-03,0.7627072334289551
2007-02-04,0.0
2007-02-05,1.7263545989990234
2007-02-06,0.0
2007-02-07,0.09757015109062195
2007-02-08,0.5851621031761169
2007-02-09,1.185593843460083
2007-02-10,3.3096208572387695
2007-02-11,0.6156867146492004
2007-02-12,2.0500433444976807
2007-02-13,4.976714611053467
2007-02-14,1.322119951248169
2007-02-15,8.054612159729004
2007-02-16,2.010503053665161
2007-02-17,3.9216248989105225
2007-02-18,4.589287757873535
2007-02-19,0.0
2007-02-20,2.8621866703033447
2007-02-21,0.0
2007-02-22,0.0
2007-02-23,0.0
2007-02-24,0.0
2007-02-25,0.0
2007-02-26,0.22971859574317932
2007-02-27,0.9036789536476135
2007-02-28,0.2449139952659607
2007-03-01,0.3149893283843994
2007-03-02,1.8441683053970337
2007-03-03,1.2399522066116333
2007-03-04,0.7968961000442505
2007-03-05,11.467312812805176
2007-03-06,0.39993295073509216
2007-03-07,0.0
2007-03-08,4.249984264373779
2007-03-09,5.356360912322998
2007-03-10,6.875070571899414
2007-03-11,1.9002461433410645
2007-03-12,0.5394747853279114
2007-03-13,0.9860053658485413
2007-03-14,7.410038471221924
2007-03-15,7.9322919845581055
2007-03-16,5.945986270904541
2007-03-17,10.440048217773438
2007-03-18,1.4979045391082764
2007-03-19,0.0
2007-03-20,0.0
2007-03-21,0.5749265551567078
2007-03-22,0.04549778997898102
2007-03-23,0.25508418679237366
2007-03-24,0.0
2007-03-25,6.85084342956543
2007-03-26,0.5061012506484985
2007-03-27,0.12266523391008377
2007-03-28,0.6593613028526306
2007-03-29,7.96866512298584
2007-03-30,3.8237810134887695
2007-03-31,2.442153215408325
2007-04-01,0.8410714864730835
2007-04-02,8.161251068115234
2007-04-03,5.824979305267334
2007-04-04,0.33905497193336487
2007-04-05,2.070465087890625
2007-04-06,0.0
2007-04-07,0.0
2007-04-08,0.0
2007-04-09,0.0
2007-04-10,0.0
2007-04-11,0.06888766586780548
2007-04-12,11.73625373840332
2007-04-13,2.3030521869659424
2007-04-14,0.0
2007-04-15,0.0
2007-04-16,0.0
2007-04-17,0.0
2007-04-18,0.0
2007-04-19,0.0
2007-04-20,0.0
2007-04-21,0.0
2007-04-22,0.0
2007-04-23,0.0
2007-04-24,0.0
2007-04-25,0.0
2007-04-26,1.7610200643539429
2007-04-27,4.8348002433776855
2007-04-28,0.0
2007-04-29,0.0
2007-04-30,0.0
2007-05-01,0.0
2007-05-02,0.01219188142567873
2007-05-03,0.49429282546043396
2007-05-04,1.1223222017288208
2007-05-05,1.4191629886627197
2007-05-06,8.170905113220215
2007-05-07,4.355778694152832
2007-05-08,0.0
2007-05-09,0.0
2007-05-10,4.579648017883301
2007-05-11,0.0
2007-05-12,0.0
2007-05-13,0.0
2007-05-14,0.0
2007-05-15,0.0
2007-05-16,0.0
2007-05-17,0.0
2007-05-18,0.0
2007-05-19,0.0
2007-05-20,0.0
2007-05-21,0.0
2007-05-22,7.318553447723389
2007-05-23,0.0
2007-05-24,0.0
2007-05-25,0.0
2007-05-26,0.0
2007-05-27,0.0
2007-05-28,0.0
2007-05-29,3.3102974891662598
2007-05-30,0.0
2007-05-31,0.0
2007-06-01,0.0
2007-06-02,0.0
2007-06-03,6.486349105834961
2007-06-04,0.0
2007-06-05,0.0
2007-06-06,0.0
2007-06-07,0.0
2007-06-08,0.0
2007-06-09,0.0
2007-06-10,0.0
2007-06-11,0.41352954506874084
2007-06-12,0.41352954506874084
2007-06-13,0.41352954506874084
2007-06-14,0.41352954506874084
2007-06-15,0.41352954506874084
2007-06-16,0.0
2007-06-17,0.0
2007-06-18,0.0
2007-06-19,0.0
2007-06-20,0.0
2007-06-21,0.0
2007-06-22,0.05169038474559784
2007-06-23,0.0
2007-06-24,0.9885786175727844
2007-06-25,0.07107427716255188
2007-06-26,1.1437714099884033
2007-06-27,0.0
2007-06-28,0.0
2007-06-29,0.0
2007-06-30,0.0
2007-07-01,0.0
2007-07-02,0.0
2007-07-03,0.0
2007-07-04,0.0
2007-07-05,0.0
2007-07-06,0.2040107548236847
2007-07-07,0.2040107548236847
2007-07-08,0.2040107548236847
2007-07-09,1.224064588546753
2007-07-10,0.2040107548236847
2007-07-11,0.05890083312988281
2007-07-12,0.05890083312988281
2007-07-13,0.05890083312988281
2007-07-14,0.05890083312988281
2007-07-15,0.05890083312988281
2007-07-16,0.0
2007-07-17,0.0
2007-07-18,0.0
2007-07-19,0.0
2007-07-20,0.0
2007-07-21,0.0
2007-07-22,0.0
2007-07-23,0.0
2007-07-24,0.0
2007-07-25,0.0
2007-07-26,0.0
2007-07-27,0.0
2007-07-28,0.0
2007-07-29,0.0
2007-07-30,0.0
2007-07-31,0.0
2007-08-01,1.6439931392669678
2007-08-02,2.0274078845977783
2007-08-03,0.0
2007-08-04,0.0
2007-08-05,0.0
2007-08-06,0.0
2007-08-07,0.0
2007-08-08,0.48577409982681274
2007-08-09,4.306352615356445
2007-08-10,0.20835334062576294
2007-08-11,0.4506787359714508
2007-08-12,0.4506787359714508
2007-08-13,2.7040724754333496
2007-08-14,0.4506787359714508
2007-08-15,0.4506787359714508
2007-08-16,0.0
2007-08-17,0.0
2007-08-18,0.0
2007-08-19,0.0
2007-08-20,0.0
2007-08-21,0.0
2007-08-22,0.0
2007-08-23,0.0
2007-08-24,0.0
2007-08-25,0.0
2007-08-26,0.09778331220149994
2007-08-27,0.09778331220149994
2007-08-28,0.09778331220149994
2007-08-29,0.09778331220149994
2007-08-30,0.09778331220149994
2007-08-31,0.6844831705093384
2007-09-01,0.0
2007-09-02,0.0
2007-09-03,0.0
2007-09-04,0.0
2007-09-05,0.0
2007-09-06,0.0
2007-09-07,0.0
2007-09-08,0.0
2007-09-09,0.0
2007-09-10,0.0
2007-09-11,0.09850207716226578
2007-09-12,6.252551555633545
2007-09-13,1.3466147184371948
2007-09-14,0.0
2007-09-15,0.14056290686130524
2007-09-16,0.33124104142189026
2007-09-17,3.8308773040771484
2007-09-18,0.0
2007-09-19,0.0
2007-09-20,1.596354603767395
2007-09-21,0.030076585710048676
2007-09-22,4.2708210945129395
2007-09-23,0.015038292855024338
2007-09-24,1.9352389574050903
2007-09-25,1.9296560287475586
2007-09-26,2.4451091289520264
2007-09-27,0.024615764617919922
2007-09-28,0.0
2007-09-29,5.1589035987854
2007-09-30,11.481836318969727
2007-10-01,0.5456492900848389
2007-10-02,0.5950043797492981
2007-10-03,0.07838921993970871
2007-10-04,1.0900020599365234
2007-10-05,0.026953833177685738
2007-10-06,0.0
2007-10-07,4.186601161956787
2007-10-08,2.7562124729156494
2007-10-09,0.0
2007-10-10,0.0
2007-10-11,0.11006032675504684
2007-10-12,0.0854068174958229
2007-10-13,2.1254851818084717
2007-10-14,0.5842002034187317
2007-10-15,0.26458504796028137
2007-10-16,6.377464771270752
2007-10-17,2.1233327388763428
2007-10-18,0.05325797572731972
2007-10-19,0.0
2007-10-20,3.4928998947143555
2007-10-21,0.44345372915267944
2007-10-22,0.37602803111076355
2007-10-23,0.0
2007-10-24,0.0
2007-10-25,0.0
2007-10-26,0.0
2007-10-27,0.0
2007-10-28,10.362975120544434
2007-10-29,8.959997177124023
2007-10-30,4.824362754821777
2007-10-31,0.0
2007-11-01,0.0
2007-11-02,0.0
2007-11-03,0.0
2007-11-04,0.0
2007-11-05,0.0
2007-11-06,0.0
2007-11-07,0.0
2007-11-08,0.0
2007-11-09,0.0
2007-11-10,0.0
2007-11-11,0.1510503590106964
2007-11-12,2.5367822647094727
2007-11-13,0.0
2007-11-14,3.5570573806762695
2007-11-15,8.457345962524414
2007-11-16,0.060433343052864075
2007-11-17,15.100284576416016
2007-11-18,0.7156410217285156
2007-11-19,0.0020223360043019056
2007-11-20,1.2499964237213135
2007-11-21,0.39841383695602417
2007-11-22,2.5395681858062744
2007-11-23,2.9673712253570557
2007-11-24,2.4489705562591553
2007-11-25,0.014428883790969849
2007-11-26,0.35227838158607483
2007-11-27,0.41857266426086426
2007-11-28,0.012005161494016647
2007-11-29,0.046730585396289825
2007-11-30,0.6829701662063599
2007-12-01,1.3765653371810913
2007-12-02,2.6685659885406494
2007-12-03,6.168615818023682
2007-12-04,0.0871291384100914
2007-12-05,3.123239517211914
2007-12-06,1.1747031211853027
2007-12-07,0.0
2007-12-08,0.07324346899986267
2007-12-09,6.507244110107422
2007-12-10,0.0
2007-12-11,0.02319836989045143
2007-12-12,4.509671211242676
2007-12-13,0.0
2007-12-14,0.0
2007-12-15,2.0322694778442383
2007-12-16,9.302695274353027
2007-12-17,2.713948965072632
2007-12-18,0.603331983089447
2007-12-19,0.0
2007-12-20,2.3483710289001465
2007-12-21,6.489323616027832
2007-12-22,0.21002930402755737
2007-12-23,0.7145883440971375
2007-12-24,4.939362525939941
2007-12-25,0.006397360935807228
2007-12-26,0.07938393950462341
2007-12-27,0.0
2007-12-28,0.0
2007-12-29,6.059639930725098
2007-12-30,7.088704586029053
2007-12-31,1.5128759145736694
2008-01-01,0.4179244637489319
2008-01-02,0.7179179191589355
2008-01-03,4.191720008850098
2008-01-04,1.5124421119689941
2008-01-05,0.7153837084770203
2008-01-06,2.2739920616149902
2008-01-07,0.38760697841644287
2008-01-08,4.502778053283691
2008-01-09,0.2681320607662201
2008-01-10,0.9029482007026672
2008-01-11,1.4574625492095947
2008-01-12,0.7089712023735046
2008-01-13,0.0
2008-01-14,0.0
2008-01-15,2.6450564861297607
2008-01-16,0.5484039187431335
2008-01-17,0.4830058217048645
2008-01-18,5.659429550170898
2008-01-19,6.400093078613281
2008-01-20,2.0093188285827637
2008-01-21,6.2077507972717285
2008-01-22,2.9900548458099365
2008-01-23,2.869586706161499
2008-01-24,8.399332046508789
2008-01-25,4.111930847167969
2008-01-26,25.408533096313477
2008-01-27,13.393078804016113
2008-01-28,0.2917354702949524
2008-01-29,2.0946404933929443
2008-01-30,3.542201519012451
2008-01-31,4.511951446533203
2008-02-01,0.0
2008-02-02,0.0
2008-02-03,0.0
2008-02-04,0.0
2008-02-05,0.0
2008-02-06,0.0
2008-02-07,0.035038433969020844
2008-02-08,0.5455409288406372
2008-02-09,0.143042653799057
2008-02-10,4.216796875
2008-02-11,2.372576951980591
2008-02-12,0.80899578332901
2008-02-13,0.4438481628894806
2008-02-14,0.0
2008-02-15,8.883028030395508
2008-02-16,6.56724214553833
2008-02-17,0.11913889646530151
2008-02-18,0.2233026921749115
2008-02-19,0.0
2008-02-20,1.700087070465088
2008-02-21,9.828559875488281
2008-02-22,3.246385335922241
2008-02-23,2.1587131023406982
2008-02-24,0.29658254981040955
2008-02-25,2.477881908416748
2008-02-26,4.1142144203186035
2008-02-27,9.465025901794434
2008-02-28,0.0
2008-02-29,0.0
2008-03-01,0.0
2008-03-02,0.0
2008-03-03,0.0
2008-03-04,0.0
2008-03-05,0.0
2008-03-06,0.09556249529123306
2008-03-07,10.251592636108398
2008-03-08,8.799540519714355
2008-03-09,2.1727569103240967
2008-03-10,13.388849258422852
2008-03-11,0.0
2008-03-12,0.0
2008-03-13,0.0
2008-03-14,0.0
2008-03-15,0.0
2008-03-16,0.0
2008-03-17,0.0
2008-03-18,0.0
2008-03-19,0.37793320417404175
2008-03-20,1.2152161598205566
2008-03-21,0.0
2008-03-22,0.0
2008-03-23,0.0
2008-03-24,0.0
2008-03-25,0.0
2008-03-26,0.11631578952074051
2008-03-27,0.10898510366678238
2008-03-28,0.38758063316345215
2008-03-29,0.15080703794956207
2008-03-30,1.578269124031067
2008-03-31,3.043015956878662
2008-04-01,0.0
2008-04-02,0.0
2008-04-03,0.0
2008-04-04,0.0
2008-04-05,0.0
2008-04-06,0.0
2008-04-07,0.0
2008-04-08,0.0
2008-04-09,0.0
2008-04-10,0.0
2008-04-11,0.0
2008-04-12,0.0
2008-04-13,0.0
2008-04-14,0.0
2008-04-15,0.0
2008-04-16,0.0
2008-04-17,0.0
2008-04-18,0.0
2008-04-19,0.0
2008-04-20,0.0
2008-04-21,0.0
2008-04-22,0.0
2008-04-23,0.0
2008-04-24,0.0
2008-04-25,0.0
2008-04-26,0.0
2008-04-27,0.0
2008-04-28,0.0
2008-04-29,0.0
2008-04-30,0.0
2008-05-01,0.0
2008-05-02,0.0
2008-05-03,0.0
2008-05-04,0.0
2008-05-05,0.0
2008-05-06,0.0
2008-05-07,0.0
2008-05-08,0.0
2008-05-09,0.0
2008-05-10,0.0
2008-05-11,3.0330910682678223
2008-05-12,3.358428716659546
2008-05-13,0.5715993642807007
2008-05-14,0.0
2008-05-15,0.0
2008-05-16,0.0
2008-05-17,0.0
2008-05-18,0.0
2008-05-19,0.0
2008-05-20,0.0
2008-05-21,0.0
2008-05-22,0.0
2008-05-23,0.0
2008-05-24,0.0
2008-05-25,0.0
2008-05-26,0.0
2008-05-27,0.0
2008-05-28,0.0
2008-05-29,0.0
2008-05-30,0.0
2008-05-31,0.0
2008-06-01,0.0
2008-06-02,0.0
2008-06-03,0.0
2008-06-04,0.0
2008-06-05,0.0
2008-06-06,0.0
2008-06-07,0.0
2008-06-08,0.0
2008-06-09,0.0
2008-06-10,0.0
2008-06-11,0.0
2008-06-12,0.0
2008-06-13,0.0
2008-06-14,0.0
2008-06-15,0.0
2008-06-16,0.0
2008-06-17,0.0
2008-06-18,0.0
2008-06-19,0.0
2008-06-20,0.0
2008-06-21,0.0
2008-06-22,0.0
2008-06-23,0.0
2008-06-24,0.0
2008-06-25,0.0
2008-06-26,0.0
2008-06-27,0.0
2008-06-28,0.0
2008-06-29,0.0
2008-06-30,0.0
2008-07-01,0.0
2008-07-02,0.0
2008-07-03,0.0
2008-07-04,0.0
2008-07-05,0.0
2008-07-06,0.0
2008-07-07,0.0
2008-07-08,0.0
2008-07-09,0.0
2008-07-10,0.0
2008-07-11,0.0
2008-07-12,0.0
2008-07-13,0.0
2008-07-14,0.0
2008-07-15,0.0
2008-07-16,0.0
2008-07-17,0.0
2008-07-18,0.0
2008-07-19,0.0
2008-07-20,0.0
2008-07-21,0.0
2008-07-22,0.0
2008-07-23,0.0
2008-07-24,0.0
2008-07-25,0.0
2008-07-26,0.0
2008-07-27,0.0
2008-07-28,0.0
2008-07-29,0.0
2008-07-30,0.0
2008-07-31,0.0
2008-08-01,0.0
2008-08-02,0.0
2008-08-03,0.0
2008-08-04,0.0
2008-08-05,0.0
2008-08-06,0.0
2008-08-07,0.0
2008-08-08,0.0
2008-08-09,0.0
2008-08-10,0.0
2008-08-11,0.0
2008-08-12,0.0
2008-08-13,0.0
2008-08-14,0.0
2008-08-15,0.0
2008-08-16,0.0
2008-08-17,0.0
2008-08-18,0.0
2008-08-19,0.0
2008-08-20,0.0
2008-08-21,0.0
2008-08-22,0.0
2008-08-23,0.0
2008-08-24,0.0
2008-08-25,0.0
2008-08-26,0.0
2008-08-27,0.0
2008-08-28,0.0
2008-08-29,0.0
2008-08-30,0.0
2008-08-31,0.0
2008-09-01,0.0
2008-09-02,0.0
2008-09-03,0.0
2008-09-04,0.0
2008-09-05,0.0
2008-09-06,0.0
2008-09-07,0.0
2008-09-08,0.0
2008-09-09,0.0
2008-09-10,0.1604905128479004
2008-09-11,0.0
2008-09-12,0.0
2008-09-13,0.0
2008-09-14,0.0
2008-09-15,0.0
2008-09-16,0.0
2008-09-17,0.0
2008-09-18,0.0
2008-09-19,0.0
2008-09-20,0.0
2008-09-21,0.0
2008-09-22,0.0
2008-09-23,0.0
2008-09-24,0.0
2008-09-25,0.0
2008-09-26,0.0
2008-09-27,0.0
2008-09-28,0.0
2008-09-29,0.0
2008-09-30,0.0
2008-10-01,1.1355074644088745
2008-10-02,0.0
2008-10-03,0.6119242310523987
2008-10-04,3.786255121231079
2008-10-05,1.3573188781738281
2008-10-06,0.0
2008-10-07,0.0
2008-10-08,0.0
2008-10-09,0.0
2008-10-10,0.0
2008-10-11,0.0
2008-10-12,0.0
2008-10-13,0.0
2008-10-14,1.9328663349151611
2008-10-15,2.3955600261688232
2008-10-16,0.0
2008-10-17,0.0
2008-10-18,0.0
2008-10-19,0.0
2008-10-20,0.0
2008-10-21,0.0
2008-10-22,0.0
2008-10-23,14.192636489868164
2008-10-24,0.17241136729717255
2008-10-25,4.238366603851318
2008-10-26,2.9124324321746826
2008-10-27,1.917704463005066
2008-10-28,0.12919175624847412
2008-10-29,11.575215339660645
2008-10-30,1.0127122402191162
2008-10-31,0.07899487763643265
2008-11-01,0.0
2008-11-02,0.0
2008-11-03,0.0
2008-11-04,0.0
2008-11-05,0.0
2008-11-06,0.013248659670352936
2008-11-07,0.017754118889570236
2008-11-08,0.0
2008-11-09,1.828427791595459
2008-11-10,0.09744569659233093
2008-11-11,0.0
2008-11-12,0.0
2008-11-13,0.0
2008-11-14,0.0
2008-11-15,0.0
2008-11-16,0.0
2008-11-17,0.0
2008-11-18,0.0
2008-11-19,0.0
2008-11-20,0.0
2008-11-21,0.0
2008-11-22,0.0
2008-11-23,0.0
2008-11-24,0.0
2008-11-25,0.0
2008-11-26,5.006807804107666
2008-11-27,0.04966949671506882
2008-11-28,1.9688729047775269
2008-11-29,3.699995279312134
2008-11-30,0.7516191601753235
2008-12-01,0.0
2008-12-02,0.0
2008-12-03,0.0
2008-12-04,0.0
2008-12-05,0.0
2008-12-06,0.0
2008-12-07,0.0
2008-12-08,0.31904327869415283
2008-12-09,0.7633007168769836
2008-12-10,10.104491233825684
2008-12-11,9.030791282653809
2008-12-12,0.958975613117218
2008-12-13,1.369710087776184
2008-12-14,3.795520067214966
2008-12-15,0.36755797266960144
2008-12-16,5.816656589508057
2008-12-17,0.2611095607280731
2008-12-18,7.55860710144043
2008-12-19,5.194270610809326
2008-12-20,9.354270935058594
2008-12-21,8.42726993560791
2008-12-22,5.895873069763184
2008-12-23,0.5792655348777771
2008-12-24,5.72645902633667
2008-12-25,9.09114933013916
2008-12-26,1.7357617616653442
2008-12-27,4.617002487182617
2008-12-28,1.7280795574188232
2008-12-29,3.747736930847168
2008-12-30,1.5076497793197632
2008-12-31,0.0
2009-01-01,2.079169988632202
2009-01-02,6.594611167907715
2009-01-03,0.6173877120018005
2009-01-04,0.03537597507238388
2009-01-05,0.016186295077204704
2009-01-06,0.0
2009-01-07,0.0
2009-01-08,0.0
2009-01-09,0.0
2009-01-10,0.0
2009-01-11,0.24232091009616852
2009-01-12,1.7305147647857666
2009-01-13,6.436429500579834
2009-01-14,0.7996151447296143
2009-01-15,9.063140869140625
2009-01-16,8.172323226928711
2009-01-17,14.980175018310547
2009-01-18,3.4965322017669678
2009-01-19,3.147681951522827
2009-01-20,8.22804069519043
2009-01-21,0.0
2009-01-22,0.0
2009-01-23,0.0
2009-01-24,0.0
2009-01-25,0.0
2009-01-26,0.0
2009-01-27,0.0
2009-01-28,0.0
2009-01-29,0.0
2009-01-30,0.0
2009-01-31,0.0
2009-02-01,0.0033335008192807436
2009-02-02,2.8286499977111816
2009-02-03,0.0
2009-02-04,3.041593551635742
2009-02-05,0.273398756980896
2009-02-06,2.810075283050537
2009-02-07,1.3473824262619019
2009-02-08,3.2337892055511475
2009-02-09,13.849263191223145
2009-02-10,0.9436901807785034
2009-02-11,0.49575236439704895
2009-02-12,4.0609564781188965
2009-02-13,1.1165601015090942
2009-02-14,2.9492712020874023
2009-02-15,1.2039257287979126
2009-02-16,3.097238063812256
2009-02-17,0.4203535318374634
2009-02-18,0.12679417431354523
2009-02-19,0.13781386613845825
2009-02-20,0.35083580017089844
2009-02-21,0.12570065259933472
2009-02-22,4.60606050491333
2009-02-23,5.691020965576172
2009-02-24,0.2728915512561798
2009-02-25,10.434216499328613
2009-02-26,3.779595375061035
2009-02-27,6.921530246734619
2009-02-28,2.098649263381958
2009-03-01,7.452131748199463
2009-03-02,0.576646625995636
2009-03-03,2.8719825744628906
2009-03-04,17.28785514831543
2009-03-05,12.831808090209961
2009-03-06,0.2170996516942978
2009-03-07,1.6193803548812866
2009-03-08,0.09723223745822906
2009-03-09,0.021838422864675522
2009-03-10,1.3587515354156494
2009-03-11,0.0
2009-03-12,0.0
2009-03-13,0.0
2009-03-14,0.0
2009-03-15,0.0
2009-03-16,0.0
2009-03-17,0.0
2009-03-18,0.0
2009-03-19,0.0
2009-03-20,0.0
2009-03-21,3.0345919132232666
2009-03-22,0.5247356295585632
2009-03-23,0.010693725198507309
2009-03-24,1.2728302478790283
2009-03-25,0.30677223205566406
2009-03-26,0.0
2009-03-27,0.0
2009-03-28,0.0
2009-03-29,0.0
2009-03-30,0.0
2009-03-31,0.0
2009-04-01,0.0
2009-04-02,0.0
2009-04-03,0.0
2009-04-04,0.0
2009-04-05,0.0
2009-04-06,0.0
2009-04-07,0.4956609904766083
2009-04-08,5.289068222045898
2009-04-09,3.1675145626068115
2009-04-10,0.3742746412754059
2009-04-11,0.0
2009-04-12,0.0
2009-04-13,0.0
2009-04-14,0.0
2009-04-15,0.0
2009-04-16,0.0
2009-04-17,0.0
2009-04-18,0.0
2009-04-19,0.0
2009-04-20,0.0
2009-04-21,0.0
2009-04-22,0.0
2009-04-23,0.0
2009-04-24,0.0
2009-04-25,0.0
2009-04-26,0.0
2009-04-27,0.0
2009-04-28,0.0
2009-04-29,0.0
2009-04-30,0.0
2009-05-01,0.0
2009-05-02,0.0
2009-05-03,0.0
2009-05-04,0.0
2009-05-05,0.0
2009-05-06,0.0
2009-05-07,0.0
2009-05-08,0.0
2009-05-09,0.0
2009-05-10,0.0
2009-05-11,0.0
2009-05-12,0.0
2009-05-13,0.0
2009-05-14,0.0
2009-05-15,0.0
2009-05-16,0.0
2009-05-17,0.0
2009-05-18,0.0
2009-05-19,0.0
2009-05-20,0.0
2009-05-21,0.0
2009-05-22,0.0
2009-05-23,0.0
2009-05-24,0.0
2009-05-25,0.0
2009-05-26,0.0
2009-05-27,0.2456262707710266
2009-05-28,0.40606072545051575
2009-05-29,0.38847512006759644
2009-05-30,0.0
2009-05-31,0.0
2009-06-01,0.0
2009-06-02,0.0
2009-06-03,0.0
2009-06-04,0.0
2009-06-05,0.0
2009-06-06,0.0
2009-06-07,0.0
2009-06-08,0.0
2009-06-09,0.0
2009-06-10,0.0
2009-06-11,0.0
2009-06-12,0.0
2009-06-13,0.0
2009-06-14,0.0
2009-06-15,0.0
2009-06-16,0.0
2009-06-17,0.0
2009-06-18,0.0
2009-06-19,0.0
2009-06-20,0.0
2009-06-21,0.0
2009-06-22,0.0
2009-06-23,0.0
2009-06-24,0.0
2009-06-25,0.0
2009-06-26,0.0
2009-06-27,0.0
2009-06-28,0.0
2009-06-29,0.0
2009-06-30,0.0
2009-07-01,0.0
2009-07-02,0.0
2009-07-03,0.0
2009-07-04,0.0
2009-07-05,0.0
2009-07-06,0.0
2009-07-07,0.0
2009-07-08,0.0
2009-07-09,0.0
2009-07-10,0.0
2009-07-11,0.32896554470062256
2009-07-12,0.011151372455060482
2009-07-13,0.0
2009-07-14,0.019824663177132607
2009-07-15,0.17532435059547424
2009-07-16,0.0
2009-07-17,0.0
2009-07-18,0.0
2009-07-19,0.4176282584667206
2009-07-20,0.7183206081390381
2009-07-21,0.0
2009-07-22,0.0
2009-07-23,0.0
2009-07-24,0.0
2009-07-25,0.0
2009-07-26,0.47996455430984497
2009-07-27,1.5965795516967773
2009-07-28,0.0
2009-07-29,0.0
2009-07-30,0.0
2009-07-31,0.0
2009-08-01,0.0
2009-08-02,0.0
2009-08-03,0.0
2009-08-04,0.0
2009-08-05,0.0
2009-08-06,0.0
2009-08-07,0.0
2009-08-08,0.0
2009-08-09,0.0
2009-08-10,0.0
2009-08-11,0.0
2009-08-12,0.0
2009-08-13,0.0
2009-08-14,0.0
2009-08-15,0.0
2009-08-16,0.0
2009-08-17,0.0
2009-08-18,0.0
2009-08-19,0.0
2009-08-20,0.0
2009-08-21,0.0
2009-08-22,0.0
2009-08-23,0.0
2009-08-24,0.0
2009-08-25,0.0
2009-08-26,0.0
2009-08-27,0.0
2009-08-28,0.0
2009-08-29,0.0
2009-08-30,0.0
2009-08-31,0.0
2009-09-01,0.0
2009-09-02,0.0
2009-09-03,0.0
2009-09-04,0.0
2009-09-05,0.0
2009-09-06,0.0
2009-09-07,0.0
2009-09-08,0.0
2009-09-09,0.0
2009-09-10,0.0
2009-09-11,0.0
2009-09-12,0.0
2009-09-13,0.0
2009-09-14,0.0
2009-09-15,0.0
2009-09-16,0.0
2009-09-17,0.0
2009-09-18,0.0
2009-09-19,0.0
2009-09-20,0.0
2009-09-21,0.0
2009-09-22,0.0
2009-09-23,0.0
2009-09-24,0.0
2009-09-25,0.0
2009-09-26,0.0
2009-09-27,0.0
2009-09-28,0.0
2009-09-29,0.8951143026351929
2009-09-30,0.0571262501180172
2009-10-01,0.0
2009-10-02,0.0
2009-10-03,0.0
2009-10-04,0.0
2009-10-05,0.0
2009-10-06,0.1017851009964943
2009-10-07,1.1026719808578491
2009-10-08,0.0
2009-10-09,0.0
2009-10-10,0.0
2009-10-11,0.0
2009-10-12,0.0
2009-10-13,0.0
2009-10-14,0.0
2009-10-15,0.0
2009-10-16,0.06612030416727066
2009-10-17,13.658005714416504
2009-10-18,0.03967218101024628
2009-10-19,2.554692506790161
2009-10-20,0.13224060833454132
2009-10-21,0.0
2009-10-22,0.0
2009-10-23,0.0
2009-10-24,0.0
2009-10-25,0.0
2009-10-26,0.0
2009-10-27,0.0
2009-10-28,0.0
2009-10-29,0.0
2009-10-30,0.0
2009-10-31,0.0
2009-11-01,0.0
2009-11-02,0.0
2009-11-03,0.0
2009-11-04,0.0
2009-11-05,3.218618631362915
2009-11-06,0.9971308708190918
2009-11-07,0.0
2009-11-08,0.6469932794570923
2009-11-09,0.0
2009-11-10,0.0
2009-11-11,11.384973526000977
2009-11-12,6.361968994140625
2009-11-13,0.13677877187728882
2009-11-14,0.0
2009-11-15,1.0518311262130737
2009-11-16,1.353070616722107
2009-11-17,11.078645706176758
2009-11-18,12.001598358154297
2009-11-19,6.185416221618652
2009-11-20,0.381681889295578
2009-11-21,3.0811097621917725
2009-11-22,2.04824161529541
2009-11-23,0.6132313013076782
2009-11-24,0.07393883913755417
2009-11-25,0.0
2009-11-26,0.022859765216708183
2009-11-27,1.5365514755249023
2009-11-28,9.372673988342285
2009-11-29,7.1446990966796875
2009-11-30,2.5584170818328857
2009-12-01,7.380117416381836
2009-12-02,9.648280143737793
2009-12-03,4.163497447967529
2009-12-04,4.995509624481201
2009-12-05,0.027009982615709305
2009-12-06,0.863484799861908
2009-12-07,0.9602770805358887
2009-12-08,1.2595436573028564
2009-12-09,1.3494806289672852
2009-12-10,2.282712459564209
2009-12-11,0.0
2009-12-12,0.0
2009-12-13,0.0
2009-12-14,0.0
2009-12-15,0.0
2009-12-16,0.13318093121051788
2009-12-17,4.446691036224365
2009-12-18,2.4437196254730225
2009-12-19,5.621480464935303
2009-12-20,7.45245885848999
2009-12-21,7.3711161613464355
2009-12-22,5.257437229156494
2009-12-23,2.1754791736602783
2009-12-24,1.4788870811462402
2009-12-25,5.205411434173584
2009-12-26,2.5558114051818848
2009-12-27,2.535374641418457
2009-12-28,1.5219652652740479
2009-12-29,9.197346687316895
2009-12-30,2.7279932498931885
2009-12-31,2.9442687034606934
2010-01-01,0.0
2010-01-02,1.1984672546386719
2010-01-03,0.6949441432952881
2010-01-04,0.5862938761711121
2010-01-05,1.1376744508743286
2010-01-06,1.6624608039855957
2010-01-07,2.2286183834075928
2010-01-08,1.528724193572998
2010-01-09,0.16659782826900482
2010-01-10,0.7464657425880432
2010-01-11,0.4973808228969574
2010-01-12,4.392387866973877
2010-01-13,1.7120263576507568
2010-01-14,1.1178321838378906
2010-01-15,0.2500109374523163
2010-01-16,4.913205623626709
2010-01-17,5.886682987213135
2010-01-18,9.543776512145996
2010-01-19,1.678835391998291
2010-01-20,1.0146381855010986
2010-01-21,0.0
2010-01-22,0.19869312644004822
2010-01-23,4.9134202003479
2010-01-24,7.6021246910095215
2010-01-25,13.642276763916016
2010-01-26,1.4205710887908936
2010-01-27,0.013432822190225124
2010-01-28,0.10458409786224365
2010-01-29,0.0
2010-01-30,1.114553451538086
2010-01-31,0.5285184383392334
2010-02-01,0.35638129711151123
2010-02-02,4.278206825256348
2010-02-03,0.8809776902198792
2010-02-04,1.3903826475143433
2010-02-05,5.543293476104736
2010-02-06,1.4108269214630127
2010-02-07,0.2739178538322449
2010-02-08,0.9358963370323181
2010-02-09,1.4332292079925537
2010-02-10,2.0271008014678955
2010-02-11,2.827580451965332
2010-02-12,2.4249043464660645
2010-02-13,0.0
2010-02-14,0.14089636504650116
2010-02-15,0.0
2010-02-16,1.327970266342163
2010-02-17,11.095565795898438
2010-02-18,0.0
2010-02-19,3.8291683197021484
2010-02-20,0.2536613345146179
2010-02-21,2.3306610584259033
2010-02-22,0.19808429479599
2010-02-23,0.1901240348815918
2010-02-24,6.272313117980957
2010-02-25,6.525436878204346
2010-02-26,2.0119385719299316
2010-02-27,14.503806114196777
2010-02-28,8.7322416305542
2010-03-01,10.17458724975586
2010-03-02,0.5293137431144714
2010-03-03,0.0
2010-03-04,0.0
2010-03-05,0.7225552797317505
2010-03-06,0.0
2010-03-07,0.0
2010-03-08,0.0
2010-03-09,0.06443964689970016
2010-03-10,11.80193042755127
2010-03-11,1.6222434043884277
2010-03-12,1.889615774154663
2010-03-13,0.0
2010-03-14,0.0
2010-03-15,0.3398573398590088
2010-03-16,0.021405193954706192
2010-03-17,0.0
2010-03-18,0.11617831140756607
2010-03-19,11.737710952758789
2010-03-20,0.04128144308924675
2010-03-21,0.0
2010-03-22,0.0
2010-03-23,0.0
2010-03-24,0.0
2010-03-25,0.0
2010-03-26,0.0
2010-03-27,0.0
2010-03-28,0.0
2010-03-29,0.0
2010-03-30,0.0
2010-03-31,0.0
2010-04-01,0.0
2010-04-02,0.0
2010-04-03,0.0
2010-04-04,0.0
2010-04-05,0.0
2010-04-06,0.22934570908546448
2010-04-07,0.06907643377780914
2010-04-08,0.06164579093456268
2010-04-09,0.3856372535228729
2010-04-10,0.8290380239486694
2010-04-11,0.0
2010-04-12,0.0
2010-04-13,0.0
2010-04-14,0.0
2010-04-15,0.0
2010-04-16,0.0
2010-04-17,0.0
2010-04-18,0.0
2010-04-19,0.0
2010-04-20,0.0
2010-04-21,0.0
2010-04-22,0.0
2010-04-23,0.0
2010-04-24,0.0
2010-04-25,0.0
2010-04-26,0.0
2010-04-27,0.0
2010-04-28,0.0
2010-04-29,0.0
2010-04-30,0.0
2010-05-01,0.0
2010-05-02,0.0
2010-05-03,0.0
2010-05-04,0.0
2010-05-05,0.0
2010-05-06,0.0
2010-05-07,0.0
2010-05-08,0.0
2010-05-09,0.0
2010-05-10,0.0
2010-05-11,0.0
2010-05-12,0.0
2010-05-13,0.0
2010-05-14,0.0
2010-05-15,0.0
2010-05-16,4.741351127624512
2010-05-17,0.0
2010-05-18,0.0
2010-05-19,0.23706753551959991
2010-05-20,0.0
2010-05-21,0.0
2010-05-22,0.0
2010-05-23,0.0
2010-05-24,0.0
2010-05-25,0.0
2010-05-26,0.0
2010-05-27,1.2733625173568726
2010-05-28,0.15638910233974457
2010-05-29,0.015024702064692974
2010-05-30,0.0022524341475218534
2010-05-31,0.07561670243740082
2010-06-01,0.0
2010-06-02,0.0
2010-06-03,0.0
2010-06-04,0.0
2010-06-05,0.0
2010-06-06,0.0
2010-06-07,0.0
2010-06-08,0.0
2010-06-09,0.0
2010-06-10,0.0
2010-06-11,0.0
2010-06-12,0.0
2010-06-13,0.0
2010-06-14,0.0
2010-06-15,0.0
2010-06-16,0.0
2010-06-17,0.0
2010-06-18,0.0
2010-06-19,0.0
2010-06-20,0.0
2010-06-21,0.0
2010-06-22,0.0
2010-06-23,0.0
2010-06-24,0.0
2010-06-25,0.0
2010-06-26,0.0
2010-06-27,0.0
2010-06-28,0.0
2010-06-29,0.0
2010-06-30,0.0
2010-07-01,0.0
2010-07-02,0.0
2010-07-03,0.0
2010-07-04,0.0
2010-07-05,0.0
2010-07-06,0.0
2010-07-07,0.0
2010-07-08,0.0
2010-07-09,0.0
2010-07-10,0.0
2010-07-11,0.0
2010-07-12,0.0
2010-07-13,0.0
2010-07-14,0.0
2010-07-15,0.0
2010-07-16,0.0
2010-07-17,0.0
2010-07-18,0.0
2010-07-19,0.0
2010-07-20,0.0
2010-07-21,0.0
2010-07-22,0.0
2010-07-23,0.0
2010-07-24,0.0
2010-07-25,0.0
2010-07-26,0.0
2010-07-27,0.0
2010-07-28,0.0
2010-07-29,0.0
2010-07-30,0.0
2010-07-31,0.0
2010-08-01,0.0
2010-08-02,0.3049820065498352
2010-08-03,0.053444214165210724
2010-08-04,2.456584930419922
2010-08-05,0.0
2010-08-06,0.0
2010-08-07,0.0
2010-08-08,0.0
2010-08-09,0.0
2010-08-10,0.0
2010-08-11,0.0
2010-08-12,4.208097457885742
2010-08-13,1.3465912342071533
2010-08-14,0.0
2010-08-15,0.0
2010-08-16,0.0
2010-08-17,0.0
2010-08-18,0.0
2010-08-19,0.0
2010-08-20,0.0
2010-08-21,0.0
2010-08-22,0.0
2010-08-23,0.0
2010-08-24,0.0
2010-08-25,0.0
2010-08-26,0.0
2010-08-27,0.0
2010-08-28,0.0
2010-08-29,0.0
2010-08-30,0.0
2010-08-31,0.0
2010-09-01,0.0
2010-09-02,0.0
2010-09-03,0.0
2010-09-04,0.0
2010-09-05,0.0
2010-09-06,0.0
2010-09-07,0.0
2010-09-08,0.0
2010-09-09,0.0
2010-09-10,0.0
2010-09-11,0.0
2010-09-12,0.0
2010-09-13,0.0
2010-09-14,0.0
2010-09-15,0.0
2010-09-16,0.0
2010-09-17,0.0
2010-09-18,0.0
2010-09-19,0.0
2010-09-20,0.0
2010-09-21,0.0
2010-09-22,0.0
2010-09-23,0.0
2010-09-24,0.0
2010-09-25,0.0
2010-09-26,0.0
2010-09-27,0.0
2010-09-28,0.0
2010-09-29,0.0
2010-09-30,0.0
2010-10-01,0.0
2010-10-02,0.0
2010-10-03,0.0
2010-10-04,0.0
2010-10-05,0.0
2010-10-06,0.0
2010-10-07,0.0
2010-10-08,0.0
2010-10-09,0.0
2010-10-10,0.0
2010-10-11,17.418394088745117
2010-10-12,11.781048774719238
2010-10-13,0.06232977658510208
2010-10-14,0.03186813369393349
2010-10-15,0.1160910502076149
2010-10-16,0.0
2010-10-17,0.0
2010-10-18,0.0
2010-10-19,0.0
2010-10-20,0.0
2010-10-21,0.0
2010-10-22,0.0
2010-10-23,0.0
2010-10-24,0.0
2010-10-25,0.0
2010-10-26,0.0
2010-10-27,0.0
2010-10-28,0.0
2010-10-29,0.0
2010-10-30,0.0
2010-10-31,0.0
2010-11-01,0.0
2010-11-02,0.0
2010-11-03,0.0
2010-11-04,0.0
2010-11-05,0.0
2010-11-06,0.0
2010-11-07,0.0
2010-11-08,0.0
2010-11-09,0.0
2010-11-10,0.0
2010-11-11,1.2051621675491333
2010-11-12,0.7861444354057312
2010-11-13,0.02726944349706173
2010-11-14,0.008189374580979347
2010-11-15,0.0
2010-11-16,0.0
2010-11-17,0.0
2010-11-18,0.0
2010-11-19,0.0
2010-11-20,0.0
2010-11-21,0.02422097511589527
2010-11-22,0.0217966940253973
2010-11-23,0.002723223064094782
2010-11-24,0.36185044050216675
2010-11-25,0.09320492297410965
2010-11-26,0.07978806644678116
2010-11-27,0.0
2010-11-28,0.10258466005325317
2010-11-29,7.264820575714111
2010-11-30,2.298348903656006
2010-12-01,0.0
2010-12-02,0.4259427487850189
2010-12-03,0.672396183013916
2010-12-04,2.788867950439453
2010-12-05,2.3353629112243652
2010-12-06,1.9717756509780884
2010-12-07,0.0
2010-12-08,0.48827093839645386
2010-12-09,0.0017634741961956024
2010-12-10,0.0
2010-12-11,0.0
2010-12-12,17.92151641845703
2010-12-13,5.3962836265563965
2010-12-14,0.0
2010-12-15,0.0
2010-12-16,0.0
2010-12-17,0.0
2010-12-18,0.0
2010-12-19,0.0
2010-12-20,0.0
2010-12-21,0.06541638821363449
2010-12-22,1.038182258605957
2010-12-23,0.23864862322807312
2010-12-24,6.363963603973389
2010-12-25,2.2370786666870117
2010-12-26,0.6781469583511353
2010-12-27,9.710348129272461
2010-12-28,6.190097808837891
2010-12-29,4.6288838386535645
2010-12-30,2.6761889457702637
2010-12-31,3.4235620498657227
2011-01-01,0.0
2011-01-02,0.0
2011-01-03,0.0
2011-01-04,0.0
2011-01-05,0.0
2011-01-06,0.0
2011-01-07,1.8464051485061646
2011-01-08,0.36928102374076843
2011-01-09,0.26066893339157104
2011-01-10,0.26066893339157104
2011-01-11,0.0
2011-01-12,4.96662712097168
2011-01-13,1.5143792629241943
2011-01-14,0.09505216777324677
2011-01-15,0.0
2011-01-16,0.4618193209171295
2011-01-17,11.5372953414917
2011-01-18,0.6039729118347168
2011-01-19,1.229310154914856
2011-01-20,7.3672075271606445
2011-01-21,0.0
2011-01-22,0.0
2011-01-23,0.0
2011-01-24,0.0
2011-01-25,0.0
2011-01-26,0.06699543446302414
2011-01-27,3.0128960609436035
2011-01-28,0.152150958776474
2011-01-29,1.5621237754821777
2011-01-30,1.385430932044983
2011-01-31,4.483494281768799
2011-02-01,6.050745010375977
2011-02-02,0.9768953323364258
2011-02-03,18.97043800354004
2011-02-04,3.1758573055267334
2011-02-05,2.5866448879241943
2011-02-06,16.4980411529541
2011-02-07,9.824400901794434
2011-02-08,24.126874923706055
2011-02-09,2.045607805252075
2011-02-10,2.2708048820495605
2011-02-11,0.5930351614952087
2011-02-12,0.009684370830655098
2011-02-13,0.28760984539985657
2011-02-14,0.1435612291097641
2011-02-15,0.018336618319153786
2011-02-16,0.07091908156871796
2011-02-17,0.0
2011-02-18,0.0
2011-02-19,5.259666919708252
2011-02-20,0.6678783893585205
2011-02-21,0.043522294610738754
2011-02-22,2.760397434234619
2011-02-23,3.8100943565368652
2011-02-24,3.9805407524108887
2011-02-25,8.335350036621094
2011-02-26,0.0
2011-02-27,0.0
2011-02-28,0.0
2011-03-01,0.0
2011-03-02,0.0
2011-03-03,0.0
2011-03-04,0.0
2011-03-05,0.0
2011-03-06,0.0
2011-03-07,0.0
2011-03-08,0.0
2011-03-09,0.0
2011-03-10,0.0
2011-03-11,0.0
2011-03-12,0.0
2011-03-13,0.0
2011-03-14,0.0
2011-03-15,0.0
2011-03-16,5.761981964111328
2011-03-17,19.197654724121094
2011-03-18,6.6818013191223145
2011-03-19,2.323047161102295
2011-03-20,2.455455780029297
2011-03-21,0.0
2011-03-22,0.0
2011-03-23,0.0
2011-03-24,0.0
2011-03-25,0.0
2011-03-26,0.0
2011-03-27,2.968444347381592
2011-03-28,14.23617935180664
2011-03-29,1.3240265846252441
2011-03-30,0.0
2011-03-31,0.0
2011-04-01,0.0
2011-04-02,0.0
2011-04-03,0.0
2011-04-04,0.0
2011-04-05,0.0
2011-04-06,0.0
2011-04-07,0.0
2011-04-08,0.0
2011-04-09,0.0
2011-04-10,0.0
2011-04-11,0.0
2011-04-12,0.0
2011-04-13,0.0
2011-04-14,0.0
2011-04-15,0.0
2011-04-16,0.135016068816185
2011-04-17,0.0018221763893961906
2011-04-18,0.661626398563385
2011-04-19,0.11759308725595474
2011-04-20,0.0
2011-04-21,0.0
2011-04-22,0.0
2011-04-23,0.0
2011-04-24,0.0
2011-04-25,0.0
2011-04-26,0.0
2011-04-27,0.0
2011-04-28,0.0
2011-04-29,0.0
2011-04-30,0.0
2011-05-01,0.0
2011-05-02,0.0
2011-05-03,0.0
2011-05-04,0.0
2011-05-05,0.0
2011-05-06,0.0
2011-05-07,0.0
2011-05-08,0.0
2011-05-09,0.0
2011-05-10,0.0
2011-05-11,1.4706851243972778
2011-05-12,0.31603020429611206
2011-05-13,0.0
2011-05-14,0.0
2011-05-15,0.04104972630739212
2011-05-16,0.0
2011-05-17,0.0
2011-05-18,0.0
2011-05-19,0.0
2011-05-20,0.0
2011-05-21,0.0
2011-05-22,0.0
2011-05-23,0.0
2011-05-24,0.0
2011-05-25,0.0
2011-05-26,0.0
2011-05-27,0.0
2011-05-28,0.0
2011-05-29,0.0
2011-05-30,0.0
2011-05-31,0.0
2011-06-01,0.44242361187934875
2011-06-02,0.14349694550037384
2011-06-03,0.0
2011-06-04,0.11481199413537979
2011-06-05,0.007376131601631641
2011-06-06,0.0
2011-06-07,0.0
2011-06-08,0.0
2011-06-09,0.0
2011-06-10,0.0
2011-06-11,0.0
2011-06-12,0.0
2011-06-13,0.0
2011-06-14,0.0
2011-06-15,0.0
2011-06-16,0.0
2011-06-17,0.0
2011-06-18,0.0
2011-06-19,0.0
2011-06-20,0.0
2011-06-21,0.0
2011-06-22,0.0
2011-06-23,0.0
2011-06-24,0.0
2011-06-25,0.0
2011-06-26,0.0
2011-06-27,0.0
2011-06-28,0.0
2011-06-29,0.0
2011-06-30,0.0
2011-07-01,0.0
2011-07-02,0.0
2011-07-03,0.0
2011-07-04,0.0
2011-07-05,0.0
2011-07-06,0.0
2011-07-07,0.0
2011-07-08,0.0
2011-07-09,0.0
2011-07-10,0.0
2011-07-11,0.0
2011-07-12,0.0
2011-07-13,0.0
2011-07-14,0.0
2011-07-15,0.0
2011-07-16,0.0
2011-07-17,0.0
2011-07-18,0.0
2011-07-19,0.0
2011-07-20,0.0
2011-07-21,0.0
2011-07-22,0.0
2011-07-23,0.0
2011-07-24,0.0
2011-07-25,0.0
2011-07-26,0.07542193681001663
2011-07-27,0.0
2011-07-28,0.0
2011-07-29,0.0
2011-07-30,0.0
2011-07-31,1.6592828035354614
2011-08-01,1.1999555826187134
2011-08-02,0.0
2011-08-03,0.0
2011-08-04,0.0
2011-08-05,0.5999778509140015
2011-08-06,0.0
2011-08-07,0.0
2011-08-08,0.0
2011-08-09,0.0
2011-08-10,0.0
2011-08-11,0.0
2011-08-12,0.0
2011-08-13,0.0
2011-08-14,0.0
2011-08-15,0.0
2011-08-16,0.0
2011-08-17,3.2010657787323
2011-08-18,0.0
2011-08-19,0.0
2011-08-20,0.03351468965411186
2011-08-21,0.04311459884047508
2011-08-22,0.05173752084374428
2011-08-23,0.04311459884047508
2011-08-24,0.04311459884047508
2011-08-25,0.2500646710395813
2011-08-26,0.020151684060692787
2011-08-27,0.02086036652326584
2011-08-28,0.0
2011-08-29,0.0
2011-08-30,0.0
2011-08-31,0.0
2011-09-01,0.0
2011-09-02,0.0
2011-09-03,0.0
2011-09-04,0.0
2011-09-05,0.0
2011-09-06,0.0
2011-09-07,0.0
2011-09-08,0.0
2011-09-09,0.0
2011-09-10,0.0
2011-09-11,0.0
2011-09-12,0.0
2011-09-13,0.0
2011-09-14,0.0
2011-09-15,0.0
2011-09-16,0.0
2011-09-17,0.0
2011-09-18,0.0
2011-09-19,0.0
2011-09-20,0.0
2011-09-21,0.0
2011-09-22,0.0
2011-09-23,0.0
2011-09-24,0.0
2011-09-25,0.0
2011-09-26,0.0
2011-09-27,0.0
2011-09-28,0.0
2011-09-29,0.0
2011-09-30,0.0
2011-10-01,0.0
2011-10-02,0.0
2011-10-03,0.0
2011-10-04,0.0
2011-10-05,0.0
2011-10-06,0.0
2011-10-07,0.0
2011-10-08,0.0
2011-10-09,0.0
2011-10-10,0.0
2011-10-11,2.048661708831787
2011-10-12,0.23526029288768768
2011-10-13,0.024984318763017654
2011-10-14,0.7932260036468506
2011-10-15,1.1723812818527222
2011-10-16,6.083927631378174
2011-10-17,0.02179841697216034
2011-10-18,0.07646962255239487
2011-10-19,0.0
2011-10-20,0.24865975975990295
2011-10-21,0.0
2011-10-22,0.0
2011-10-23,0.0
2011-10-24,0.0
2011-10-25,0.0
2011-10-26,0.8990193009376526
2011-10-27,0.3195142149925232
2011-10-28,8.181979179382324
2011-10-29,0.24848613142967224
2011-10-30,3.1567928791046143
2011-10-31,0.400634229183197
2011-11-01,0.0
2011-11-02,0.0
2011-11-03,0.0
2011-11-04,0.0
2011-11-05,0.0
2011-11-06,1.2087234258651733
2011-11-07,1.2316181659698486
2011-11-08,0.0
2011-11-09,0.0
2011-11-10,2.3440215587615967
2011-11-11,0.359293669462204
2011-11-12,0.7286504507064819
2011-11-13,0.0
2011-11-14,0.36197227239608765
2011-11-15,0.25046655535697937
2011-11-16,1.2795652151107788
2011-11-17,1.6173644065856934
2011-11-18,2.257831335067749
2011-11-19,0.49730637669563293
2011-11-20,4.2297587394714355
2011-11-21,0.0
2011-11-22,0.0
2011-11-23,0.0
2011-11-24,0.0
2011-11-25,0.0
2011-11-26,0.0
2011-11-27,0.0
2011-11-28,6.798252582550049
2011-11-29,3.0261571407318115
2011-11-30,0.008856518194079399
2011-12-01,0.7000188231468201
2011-12-02,1.8049594163894653
2011-12-03,0.022440684959292412
2011-12-04,0.0
2011-12-05,0.0
2011-12-06,0.4749292731285095
2011-12-07,2.7412946224212646
2011-12-08,0.508844792842865
2011-12-09,0.6319969296455383
2011-12-10,4.78709602355957
2011-12-11,3.586759328842163
2011-12-12,0.16275328397750854
2011-12-13,6.486114025115967
2011-12-14,2.019657850265503
2011-12-15,2.06589937210083
2011-12-16,0.0
2011-12-17,0.0
2011-12-18,0.0
2011-12-19,0.0
2011-12-20,0.0
2011-12-21,0.3362254798412323
2011-12-22,0.0
2011-12-23,0.0
2011-12-24,0.012716259807348251
2011-12-25,0.9968136548995972
2011-12-26,0.6527320146560669
2011-12-27,3.8030848503112793
2011-12-28,3.1940019130706787
2011-12-29,3.640815496444702
2011-12-30,4.606766700744629
2011-12-31,0.8809217214584351
2012-01-01,1.526157021522522
2012-01-02,1.1457260847091675
2012-01-03,0.13325577974319458
2012-01-04,0.0
2012-01-05,0.7252743244171143
2012-01-06,3.328155994415283
2012-01-07,1.1332976818084717
2012-01-08,2.216315984725952
2012-01-09,9.311775207519531
2012-01-10,5.611497402191162
2012-01-11,0.0
2012-01-12,0.0
2012-01-13,0.0
2012-01-14,0.0
2012-01-15,0.0
2012-01-16,0.0
2012-01-17,0.0
2012-01-18,0.0
2012-01-19,0.0
2012-01-20,0.0
2012-01-21,4.622028827667236
2012-01-22,13.79163646697998
2012-01-23,3.984004020690918
2012-01-24,1.7042373418807983
2012-01-25,8.74996566772461
2012-01-26,0.14876753091812134
2012-01-27,0.028187531977891922
2012-01-28,0.0
2012-01-29,0.009157375432550907
2012-01-30,0.1662476360797882
2012-01-31,10.174117088317871
2012-02-01,6.106415271759033
2012-02-02,2.2274696826934814
2012-02-03,2.1830291748046875
2012-02-04,1.949424386024475
2012-02-05,0.07123623043298721
2012-02-06,0.00793522223830223
2012-02-07,0.0
2012-02-08,0.0
2012-02-09,0.5654568076133728
2012-02-10,5.941425323486328
2012-02-11,0.350387305021286
2012-02-12,0.8084403872489929
2012-02-13,2.7951862812042236
2012-02-14,0.6727023720741272
2012-02-15,0.061449334025382996
2012-02-16,0.17640939354896545
2012-02-17,0.14515230059623718
2012-02-18,0.0
2012-02-19,0.0
2012-02-20,4.150964260101318
2012-02-21,4.910827159881592
2012-02-22,11.124105453491211
2012-02-23,0.3043455183506012
2012-02-24,4.042942523956299
2012-02-25,0.29981884360313416
2012-02-26,0.0
2012-02-27,0.0
2012-02-28,1.8545567989349365
2012-02-29,4.277749061584473
2012-03-01,5.868453502655029
2012-03-02,3.329590320587158
2012-03-03,0.4944427013397217
2012-03-04,0.9831071496009827
2012-03-05,3.116905927658081
2012-03-06,10.083698272705078
2012-03-07,1.1820950508117676
2012-03-08,0.2947636842727661
2012-03-09,0.0
2012-03-10,0.0
2012-03-11,0.0
2012-03-12,2.8146984577178955
2012-03-13,0.419462114572525
2012-03-14,0.701129138469696
2012-03-15,1.0883026123046875
2012-03-16,0.03322688490152359
2012-03-17,0.0
2012-03-18,0.0
2012-03-19,0.4983420968055725
2012-03-20,0.1452992558479309
2012-03-21,0.0
2012-03-22,2.8707427978515625
2012-03-23,0.8835146427154541
2012-03-24,0.0
2012-03-25,0.3988955318927765
2012-03-26,0.1331665813922882
2012-03-27,2.526848077774048
2012-03-28,0.039237018674612045
2012-03-29,0.0573226697742939
2012-03-30,2.1621711254119873
2012-03-31,0.1307707577943802
2012-04-01,0.0
2012-04-02,0.0
2012-04-03,0.08015412092208862
2012-04-04,3.884922742843628
2012-04-05,2.5952296257019043
2012-04-06,0.04699625447392464
2012-04-07,0.0
2012-04-08,0.2082449346780777
2012-04-09,0.14416183531284332
2012-04-10,0.1988065391778946
2012-04-11,0.0
2012-04-12,0.0
2012-04-13,0.0
2012-04-14,0.0
2012-04-15,0.0
2012-04-16,0.0
2012-04-17,0.0
2012-04-18,0.0
2012-04-19,9.652196884155273
2012-04-20,2.600431442260742
2012-04-21,0.2711978256702423
2012-04-22,0.05306044593453407
2012-04-23,1.1942987442016602
2012-04-24,1.8350095748901367
2012-04-25,0.071779765188694
2012-04-26,0.0
2012-04-27,0.0
2012-04-28,0.0
2012-04-29,0.0
2012-04-30,0.0
2012-05-01,0.0
2012-05-02,0.0
2012-05-03,0.0
2012-05-04,0.0
2012-05-05,0.0
2012-05-06,0.0
2012-05-07,0.0
2012-05-08,0.0
2012-05-09,0.0
2012-05-10,0.0
2012-05-11,0.0
2012-05-12,0.0
2012-05-13,0.0
2012-05-14,0.0
2012-05-15,0.0
2012-05-16,0.0
2012-05-17,0.0
2012-05-18,0.0
2012-05-19,0.0
2012-05-20,0.0
2012-05-21,0.0
2012-05-22,0.0
2012-05-23,0.0
2012-05-24,0.0
2012-05-25,0.0
2012-05-26,0.0
2012-05-27,0.0
2012-05-28,0.0
2012-05-29,0.0
2012-05-30,0.0
2012-05-31,0.0
2012-06-01,0.0
2012-06-02,0.0
2012-06-03,0.0
2012-06-04,0.0
2012-06-05,0.0
2012-06-06,0.0
2012-06-07,0.0
2012-06-08,0.0
2012-06-09,0.0
2012-06-10,0.0
2012-06-11,0.0
2012-06-12,0.0
2012-06-13,0.0
2012-06-14,0.0
2012-06-15,0.0
2012-06-16,0.0
2012-06-17,0.0
2012-06-18,0.0
2012-06-19,0.0
2012-06-20,0.0
2012-06-21,0.0
2012-06-22,0.0
2012-06-23,0.0
2012-06-24,0.0
2012-06-25,0.0
2012-06-26,0.0
2012-06-27,0.0
2012-06-28,0.0
2012-06-29,0.0
2012-06-30,0.0
2012-07-01,0.0
2012-07-02,0.0
2012-07-03,0.0
2012-07-04,0.0
2012-07-05,0.0
2012-07-06,0.0
2012-07-07,0.0
2012-07-08,0.0
2012-07-09,0.0
2012-07-10,0.0
2012-07-11,0.0
2012-07-12,0.0
2012-07-13,0.0
2012-07-14,0.0
2012-07-15,0.0
2012-07-16,0.0
2012-07-17,0.0
2012-07-18,0.0
2012-07-19,0.0
2012-07-20,0.0
2012-07-21,0.0
2012-07-22,0.0
2012-07-23,0.0
2012-07-24,0.0
2012-07-25,0.0
2012-07-26,0.0
2012-07-27,0.0
2012-07-28,0.0
2012-07-29,0.0
2012-07-30,0.0
2012-07-31,0.0
2012-08-01,0.0
2012-08-02,0.0
2012-08-03,0.0
2012-08-04,0.0
2012-08-05,0.0
2012-08-06,0.0
2012-08-07,0.0
2012-08-08,0.0
2012-08-09,0.0
2012-08-10,0.0
2012-08-11,0.0
2012-08-12,0.0
2012-08-13,0.0
2012-08-14,0.0
2012-08-15,0.0
2012-08-16,0.0
2012-08-17,0.0
2012-08-18,0.0
2012-08-19,0.0
2012-08-20,0.0
2012-08-21,0.0
2012-08-22,0.0
2012-08-23,0.0
2012-08-24,0.0
2012-08-25,0.0
2012-08-26,0.0
2012-08-27,0.0
2012-08-28,0.0
2012-08-29,0.0
2012-08-30,0.0
2012-08-31,0.0
2012-09-01,0.0
2012-09-02,0.0
2012-09-03,0.0
2012-09-04,0.0
2012-09-05,0.0
2012-09-06,0.0
2012-09-07,2.4717588424682617
2012-09-08,0.0
2012-09-09,3.007802963256836
2012-09-10,0.0
2012-09-11,0.0
2012-09-12,0.29324671626091003
2012-09-13,10.311220169067383
2012-09-14,0.08459404110908508
2012-09-15,0.01812729239463806
2012-09-16,0.0
2012-09-17,0.0
2012-09-18,0.0
2012-09-19,0.0
2012-09-20,0.0
2012-09-21,0.0
2012-09-22,0.0
2012-09-23,0.44981393218040466
2012-09-24,0.0
2012-09-25,0.3277037441730499
2012-09-26,0.0237232968211174
2012-09-27,0.023224443197250366
2012-09-28,3.364827871322632
2012-09-29,0.0
2012-09-30,1.4514999389648438
2012-10-01,0.0
2012-10-02,0.0
2012-10-03,0.0
2012-10-04,0.0
2012-10-05,0.0
2012-10-06,0.0
2012-10-07,0.0
2012-10-08,0.0
2012-10-09,0.0
2012-10-10,0.0
2012-10-11,0.0
2012-10-12,0.0
2012-10-13,0.0
2012-10-14,0.0
2012-10-15,0.0
2012-10-16,0.0
2012-10-17,0.0
2012-10-18,0.0
2012-10-19,0.0
2012-10-20,0.0
2012-10-21,0.0
2012-10-22,0.0
2012-10-23,0.0
2012-10-24,0.0
2012-10-25,0.0
2012-10-26,0.0687602236866951
2012-10-27,0.0431838259100914
2012-10-28,0.0
2012-10-29,2.6405649185180664
2012-10-30,18.702190399169922
2012-10-31,9.252923965454102
2012-11-01,8.998865127563477
2012-11-02,0.0
2012-11-03,0.10480625182390213
2012-11-04,1.8336845636367798
2012-11-05,5.452725410461426
2012-11-06,3.2299787998199463
2012-11-07,7.004664897918701
2012-11-08,0.0
2012-11-09,0.0
2012-11-10,4.04698371887207
2012-11-11,0.10820388048887253
2012-11-12,0.08164069801568985
2012-11-13,0.0
2012-11-14,5.567418575286865
2012-11-15,0.08982964605093002
2012-11-16,0.01296859048306942
2012-11-17,8.393600463867188
2012-11-18,1.6202245950698853
2012-11-19,0.2796892523765564
2012-11-20,0.1888110637664795
2012-11-21,0.018175896257162094
2012-11-22,0.0
2012-11-23,2.153843641281128
2012-11-24,0.9905862808227539
2012-11-25,1.1450815200805664
2012-11-26,0.0
2012-11-27,0.0
2012-11-28,0.0
2012-11-29,0.0
2012-11-30,0.0
2012-12-01,0.0
2012-12-02,0.0
2012-12-03,0.0
2012-12-04,0.0
2012-12-05,0.0
2012-12-06,0.0
2012-12-07,2.777696132659912
2012-12-08,5.580173492431641
2012-12-09,0.3447054624557495
2012-12-10,0.6496593952178955
2012-12-11,1.1740059852600098
2012-12-12,4.65246057510376
2012-12-13,4.465372085571289
2012-12-14,2.6413376331329346
2012-12-15,0.15267254412174225
2012-12-16,0.5086848139762878
2012-12-17,0.10456299781799316
2012-12-18,2.667935848236084
2012-12-19,12.2318115234375
2012-12-20,0.007545231841504574
2012-12-21,4.445810794830322
2012-12-22,0.24223390221595764
2012-12-23,0.0
2012-12-24,1.0029714107513428
2012-12-25,0.5973961353302002
2012-12-26,16.17221450805664
2012-12-27,0.7892366051673889
2012-12-28,11.333629608154297
2012-12-29,0.4148423671722412
2012-12-30,0.0
2012-12-31,1.4445452690124512
2013-01-01,2.774420738220215
2013-01-02,3.808635711669922
2013-01-03,1.6909836530685425
2013-01-04,0.005023703444749117
2013-01-05,0.0
2013-01-06,9.013023376464844
2013-01-07,1.0700578689575195
2013-01-08,3.966257095336914
2013-01-09,6.189141273498535
2013-01-10,0.8909356594085693
2013-01-11,0.015022075735032558
2013-01-12,0.0
2013-01-13,13.991494178771973
2013-01-14,0.6590740084648132
2013-01-15,2.722460985183716
2013-01-16,1.2804054021835327
2013-01-17,6.486794471740723
2013-01-18,3.4907546043395996
2013-01-19,3.458336353302002
2013-01-20,10.890714645385742
2013-01-21,0.17970691621303558
2013-01-22,0.5646597146987915
2013-01-23,2.1106536388397217
2013-01-24,0.09103529900312424
2013-01-25,0.8082982301712036
2013-01-26,0.21464595198631287
2013-01-27,0.02701660618185997
2013-01-28,0.23032508790493011
2013-01-29,0.0
2013-01-30,0.6250279545783997
2013-01-31,0.4661778509616852
2013-02-01,11.083398818969727
2013-02-02,8.429332733154297
2013-02-03,0.07307949662208557
2013-02-04,0.10911314934492111
2013-02-05,0.0
2013-02-06,0.0
2013-02-07,0.0
2013-02-08,0.0
2013-02-09,0.0
2013-02-10,0.0
2013-02-11,0.0
2013-02-12,0.0
2013-02-13,0.0
2013-02-14,0.0
2013-02-15,0.0
2013-02-16,10.07485580444336
2013-02-17,15.557093620300293
2013-02-18,9.742117881774902
2013-02-19,4.840413570404053
2013-02-20,1.0525476932525635
2013-02-21,0.0
2013-02-22,0.10514304786920547
2013-02-23,0.13439421355724335
2013-02-24,0.0
2013-02-25,2.523778200149536
2013-02-26,4.284675598144531
2013-02-27,1.2632520198822021
2013-02-28,0.8459923267364502
2013-03-01,0.2837655544281006
2013-03-02,0.0
2013-03-03,0.0
2013-03-04,2.654202699661255
2013-03-05,10.48417854309082
2013-03-06,2.367222547531128
2013-03-07,0.0
2013-03-08,1.7932219505310059
2013-03-09,3.1103765964508057
2013-03-10,4.658641338348389
2013-03-11,0.06243496388196945
2013-03-12,0.0
2013-03-13,0.005624772049486637
2013-03-14,0.10762063413858414
2013-03-15,0.025686457753181458
2013-03-16,0.0
2013-03-17,0.0
2013-03-18,0.0
2013-03-19,0.0
2013-03-20,0.0
2013-03-21,0.0
2013-03-22,0.0
2013-03-23,0.0
2013-03-24,0.0
2013-03-25,0.0
2013-03-26,0.0
2013-03-27,0.0
2013-03-28,0.0
2013-03-29,0.0
2013-03-30,0.0
2013-03-31,0.0
2013-04-01,0.0
2013-04-02,0.0
2013-04-03,0.0
2013-04-04,0.0
2013-04-05,0.0
2013-04-06,0.0
2013-04-07,0.0
2013-04-08,0.0
2013-04-09,0.0
2013-04-10,0.0
2013-04-11,0.0
2013-04-12,0.0
2013-04-13,0.0
2013-04-14,0.0
2013-04-15,0.0
2013-04-16,0.0
2013-04-17,0.0
2013-04-18,0.0
2013-04-19,0.0
2013-04-20,0.0
2013-04-21,0.0
2013-04-22,0.0
2013-04-23,0.0
2013-04-24,0.0
2013-04-25,0.0
2013-04-26,0.0
2013-04-27,0.0
2013-04-28,0.0
2013-04-29,0.0
2013-04-30,0.0
2013-05-01,0.0
2013-05-02,0.0
2013-05-03,0.0
2013-05-04,0.0
2013-05-05,0.0
2013-05-06,0.0
2013-05-07,0.0
2013-05-08,0.0
2013-05-09,0.0
2013-05-10,0.0
2013-05-11,0.0
2013-05-12,0.0
2013-05-13,0.0
2013-05-14,0.0
2013-05-15,0.0
2013-05-16,0.13941770792007446
2013-05-17,0.4147700369358063
2013-05-18,0.14515084028244019
2013-05-19,0.22505785524845123
2013-05-20,1.4035391807556152
2013-05-21,0.5816602110862732
2013-05-22,0.4613167643547058
2013-05-23,0.6418319940567017
2013-05-24,2.687671184539795
2013-05-25,0.0
2013-05-26,0.0
2013-05-27,0.0
2013-05-28,0.0
2013-05-29,0.0
2013-05-30,0.0
2013-05-31,0.0
2013-06-01,0.0
2013-06-02,0.0
2013-06-03,0.0
2013-06-04,0.0
2013-06-05,0.0
2013-06-06,0.0
2013-06-07,0.0
2013-06-08,0.0
2013-06-09,0.0
2013-06-10,0.0
2013-06-11,0.0
2013-06-12,0.0
2013-06-13,0.0
2013-06-14,0.0
2013-06-15,0.0
2013-06-16,0.22257831692695618
2013-06-17,0.22257831692695618
2013-06-18,0.22257831692695618
2013-06-19,0.22257831692695618
2013-06-20,0.22257831692695618
2013-06-21,0.0
2013-06-22,0.7673351764678955
2013-06-23,0.23115111887454987
2013-06-24,1.0910115242004395
2013-06-25,0.004738090559840202
2013-06-26,0.0
2013-06-27,0.0
2013-06-28,0.0
2013-06-29,0.0
2013-06-30,0.0
2013-07-01,0.0
2013-07-02,0.0
2013-07-03,0.0
2013-07-04,0.0
2013-07-05,0.0
2013-07-06,0.024274876341223717
2013-07-07,0.0017055554781109095
2013-07-08,0.15608760714530945
2013-07-09,0.0
2013-07-10,0.0
2013-07-11,0.0
2013-07-12,0.0
2013-07-13,0.0
2013-07-14,0.0
2013-07-15,0.0
2013-07-16,0.0
2013-07-17,0.0
2013-07-18,0.0
2013-07-19,0.0
2013-07-20,0.0
2013-07-21,0.0
2013-07-22,0.0
2013-07-23,0.0
2013-07-24,0.0
2013-07-25,0.0
2013-07-26,0.0
2013-07-27,0.0
2013-07-28,0.0
2013-07-29,0.0
2013-07-30,0.0
2013-07-31,0.0
2013-08-01,0.0
2013-08-02,0.0
2013-08-03,0.0
2013-08-04,0.0
2013-08-05,0.0
2013-08-06,0.07776347547769547
2013-08-07,0.6644096970558167
2013-08-08,0.15282684564590454
2013-08-09,0.1353660523891449
2013-08-10,0.0
2013-08-11,0.0
2013-08-12,0.0
2013-08-13,0.0
2013-08-14,0.0
2013-08-15,0.0
2013-08-16,0.0
2013-08-17,0.0
2013-08-18,0.0
2013-08-19,0.0
2013-08-20,0.0
2013-08-21,0.06809890270233154
2013-08-22,0.5420516133308411
2013-08-23,3.655367612838745
2013-08-24,1.8175921440124512
2013-08-25,0.9991753101348877
2013-08-26,0.0
2013-08-27,0.0
2013-08-28,0.0
2013-08-29,0.0
2013-08-30,0.0
2013-08-31,0.0
2013-09-01,0.0
2013-09-02,0.0
2013-09-03,0.0
2013-09-04,0.0
2013-09-05,0.0
2013-09-06,0.0
2013-09-07,0.0
2013-09-08,6.278276443481445
2013-09-09,0.0
2013-09-10,0.016968315467238426
2013-09-11,0.0
2013-09-12,0.0
2013-09-13,0.0
2013-09-14,0.0
2013-09-15,0.0
2013-09-16,0.0
2013-09-17,0.0
2013-09-18,0.0
2013-09-19,0.0
2013-09-20,0.0
2013-09-21,0.0
2013-09-22,0.04394586756825447
2013-09-23,0.012410988099873066
2013-09-24,0.0
2013-09-25,0.9500614404678345
2013-09-26,0.8579248189926147
2013-09-27,0.9303450584411621
2013-09-28,0.0
2013-09-29,0.07177609205245972
2013-09-30,0.49497705698013306
2013-10-01,0.0
2013-10-02,0.0
2013-10-03,0.0
2013-10-04,1.3723806142807007
2013-10-05,0.10507671535015106
2013-10-06,0.0
2013-10-07,0.0
2013-10-08,0.0
2013-10-09,0.0
2013-10-10,0.0
2013-10-11,0.0
2013-10-12,0.0
2013-10-13,0.0
2013-10-14,0.0
2013-10-15,0.0
2013-10-16,0.0
2013-10-17,0.0
2013-10-18,0.0
2013-10-19,0.0
2013-10-20,0.0
2013-10-21,0.6333344578742981
2013-10-22,0.29088202118873596
2013-10-23,0.14247572422027588
2013-10-24,0.41571441292762756
2013-10-25,11.233765602111816
2013-10-26,0.6832028031349182
2013-10-27,0.1974676549434662
2013-10-28,2.4803555011749268
2013-10-29,2.47799015045166
2013-10-30,3.7258222103118896
2013-10-31,0.0
2013-11-01,0.0
2013-11-02,0.0
2013-11-03,0.0
2013-11-04,0.0
2013-11-05,0.0
2013-11-06,0.12494569271802902
2013-11-07,0.1999131143093109
2013-11-08,0.5440837740898132
2013-11-09,4.203852653503418
2013-11-10,0.0
2013-11-11,0.0
2013-11-12,0.01763063110411167
2013-11-13,0.0
2013-11-14,0.2644594609737396
2013-11-15,0.0
2013-11-16,0.0
2013-11-17,0.052409227937459946
2013-11-18,4.625738620758057
2013-11-19,3.916966438293457
2013-11-20,0.0
2013-11-21,1.8707276582717896
2013-11-22,3.763664722442627
2013-11-23,0.5162434577941895
2013-11-24,1.3299293518066406
2013-11-25,6.695274353027344
2013-11-26,0.0
2013-11-27,1.2709567546844482
2013-11-28,0.0
2013-11-29,0.3976626694202423
2013-11-30,0.3928636908531189
2013-12-01,0.008236792869865894
2013-12-02,0.0
2013-12-03,0.0
2013-12-04,0.0
2013-12-05,0.1729726642370224
2013-12-06,2.5617833137512207
2013-12-07,5.056243896484375
2013-12-08,4.00295352935791
2013-12-09,0.9445917010307312
2013-12-10,9.004105567932129
2013-12-11,1.728298544883728
2013-12-12,11.920205116271973
2013-12-13,7.45319938659668
2013-12-14,2.4995665550231934
2013-12-15,14.89987850189209
2013-12-16,0.0
2013-12-17,0.0
2013-12-18,0.0
2013-12-19,0.0
2013-12-20,0.0
2013-12-21,0.04911668598651886
2013-12-22,0.42696207761764526
2013-12-23,0.2115548700094223
2013-12-24,0.0
2013-12-25,0.0
2013-12-26,0.0
2013-12-27,1.262981653213501
2013-12-28,0.9224658012390137
2013-12-29,3.0250613689422607
2013-12-30,5.422501564025879
2013-12-31,1.7181488275527954
2014-01-01,5.9793267250061035
2014-01-02,5.685635566711426
2014-01-03,6.963228702545166
2014-01-04,7.493507385253906
2014-01-05,0.06647586077451706
2014-01-06,0.5591858625411987
2014-01-07,0.663242757320404
2014-01-08,0.1677168756723404
2014-01-09,0.31764861941337585
2014-01-10,0.0
2014-01-11,0.5018811821937561
2014-01-12,1.0465584993362427
2014-01-13,0.3285004496574402
2014-01-14,5.951884746551514
2014-01-15,7.808544158935547
2014-01-16,1.1792006492614746
2014-01-17,1.974685549736023
2014-01-18,5.52215576171875
2014-01-19,4.0959062576293945
2014-01-20,1.0260263681411743
2014-01-21,1.0981625318527222
2014-01-22,3.9003427028656006
2014-01-23,0.08051429688930511
2014-01-24,17.12635612487793
2014-01-25,4.08964729309082
2014-01-26,6.669126033782959
2014-01-27,1.1760081052780151
2014-01-28,8.986334800720215
2014-01-29,3.0535483360290527
2014-01-30,2.073347568511963
2014-01-31,9.042074203491211
2014-02-01,13.08676815032959
2014-02-02,5.687227725982666
2014-02-03,11.236988067626953
2014-02-04,1.8578904867172241
2014-02-05,7.490592956542969
2014-02-06,9.172232627868652
2014-02-07,1.2495675086975098
2014-02-08,7.862676620483398
2014-02-09,0.2845270335674286
2014-02-10,3.811006546020508
2014-02-11,0.3094666600227356
2014-02-12,1.2970037460327148
2014-02-13,3.3832123279571533
2014-02-14,0.6200002431869507
2014-02-15,1.1968051195144653
2014-02-16,0.5862023234367371
2014-02-17,0.09385566413402557
2014-02-18,0.23846757411956787
2014-02-19,0.030517276376485825
2014-02-20,0.1128113642334938
2014-02-21,0.0
2014-02-22,0.0
2014-02-23,0.0
2014-02-24,0.0
2014-02-25,0.0
2014-02-26,2.3836987018585205
2014-02-27,0.0
2014-02-28,0.20549125969409943
2014-03-01,0.3139299750328064
2014-03-02,0.1569649875164032
2014-03-03,0.3924124240875244
2014-03-04,5.493773937225342
2014-03-05,6.401927947998047
2014-03-06,1.508851170539856
2014-03-07,2.3828415870666504
2014-03-08,20.391036987304688
2014-03-09,0.514424741268158
2014-03-10,0.48392361402511597
2014-03-11,0.1835147738456726
2014-03-12,2.936962842941284
2014-03-13,0.6386314034461975
2014-03-14,1.6932297945022583
2014-03-15,1.7365463972091675
2014-03-16,0.0
2014-03-17,1.969480276107788
2014-03-18,2.361107349395752
2014-03-19,0.9562652111053467
2014-03-20,0.08857256919145584
2014-03-21,0.0
2014-03-22,0.0
2014-03-23,0.0
2014-03-24,0.0
2014-03-25,0.0
2014-03-26,0.0
2014-03-27,0.0
2014-03-28,0.0
2014-03-29,0.0
2014-03-30,0.0
2014-03-31,0.0
2014-04-01,0.12807200849056244
2014-04-02,0.0
2014-04-03,1.4128779172897339
2014-04-04,0.38875022530555725
2014-04-05,0.0
2014-04-06,0.0
2014-04-07,1.3226498365402222
2014-04-08,3.8499245643615723
2014-04-09,2.5421829223632812
2014-04-10,2.969248056411743
2014-04-11,0.0
2014-04-12,0.0
2014-04-13,0.0
2014-04-14,0.0
2014-04-15,0.0
2014-04-16,0.004020035732537508
2014-04-17,0.0
2014-04-18,5.311488151550293
2014-04-19,1.6709638833999634
2014-04-20,1.6566048860549927
2014-04-21,0.09478478878736496
2014-04-22,1.4174326658248901
2014-04-23,0.11013348400592804
2014-04-24,0.0
2014-04-25,0.0
2014-04-26,0.0
2014-04-27,0.0
2014-04-28,0.0
2014-04-29,0.0
2014-04-30,0.0
2014-05-01,0.0
2014-05-02,0.0
2014-05-03,0.0
2014-05-04,0.0
2014-05-05,0.0
2014-05-06,0.0
2014-05-07,0.0
2014-05-08,0.0
2014-05-09,0.0
2014-05-10,0.0
2014-05-11,0.0
2014-05-12,0.0
2014-05-13,0.0
2014-05-14,0.0
2014-05-15,0.0
2014-05-16,0.0
2014-05-17,0.0
2014-05-18,0.0
2014-05-19,0.0
2014-05-20,0.0
2014-05-21,0.0
2014-05-22,1.1012625694274902
2014-05-23,4.023627281188965
2014-05-24,1.4128367900848389
2014-05-25,0.2807917594909668
2014-05-26,0.0
2014-05-27,0.0
2014-05-28,0.0
2014-05-29,0.0
2014-05-30,0.0
2014-05-31,0.0
2014-06-01,0.0
2014-06-02,0.0
2014-06-03,0.0
2014-06-04,0.0
2014-06-05,0.0
2014-06-06,0.0
2014-06-07,0.0
2014-06-08,0.0
2014-06-09,0.0
2014-06-10,0.0
2014-06-11,0.0
2014-06-12,0.0
2014-06-13,0.0
2014-06-14,0.0
2014-06-15,0.0
2014-06-16,0.0
2014-06-17,0.0
2014-06-18,0.0
2014-06-19,0.0
2014-06-20,0.0
2014-06-21,0.0
2014-06-22,0.9782199859619141
2014-06-23,0.0
2014-06-24,0.0
2014-06-25,0.0
2014-06-26,0.0
2014-06-27,0.0
2014-06-28,0.0
2014-06-29,0.0
2014-06-30,0.0
2014-07-01,0.0
2014-07-02,0.0
2014-07-03,0.0
2014-07-04,0.0
2014-07-05,0.0
2014-07-06,0.0
2014-07-07,0.0
2014-07-08,0.0
2014-07-09,0.0
2014-07-10,0.0
2014-07-11,0.0
2014-07-12,0.0
2014-07-13,0.0
2014-07-14,0.0
2014-07-15,0.0
2014-07-16,0.0
2014-07-17,0.0
2014-07-18,0.0
2014-07-19,0.0
2014-07-20,0.0
2014-07-21,0.0
2014-07-22,0.0
2014-07-23,0.0
2014-07-24,0.0
2014-07-25,0.0
2014-07-26,0.0
2014-07-27,0.0
2014-07-28,0.0
2014-07-29,0.0
2014-07-30,0.0
2014-07-31,0.0
2014-08-01,0.0
2014-08-02,0.0
2014-08-03,0.0
2014-08-04,0.0
2014-08-05,0.0
2014-08-06,0.0
2014-08-07,0.0
2014-08-08,0.0
2014-08-09,0.0
2014-08-10,0.0
2014-08-11,0.0
2014-08-12,0.0
2014-08-13,0.0
2014-08-14,0.0
2014-08-15,0.0
2014-08-16,0.6650387048721313
2014-08-17,0.6654729247093201
2014-08-18,0.0
2014-08-19,0.028981443494558334
2014-08-20,0.0
2014-08-21,0.0
2014-08-22,0.0
2014-08-23,0.0
2014-08-24,0.0
2014-08-25,0.0
2014-08-26,0.0
2014-08-27,0.0
2014-08-28,0.011142467148602009
2014-08-29,0.013513009063899517
2014-08-30,0.03703394904732704
2014-08-31,0.0042798882350325584
2014-09-01,0.0
2014-09-02,0.0
2014-09-03,0.0
2014-09-04,0.0
2014-09-05,0.0
2014-09-06,0.0
2014-09-07,0.0
2014-09-08,0.0
2014-09-09,0.0
2014-09-10,0.0
2014-09-11,0.0
2014-09-12,3.479620933532715
2014-09-13,2.2430756092071533
2014-09-14,0.0
2014-09-15,0.0
2014-09-16,0.0
2014-09-17,0.0
2014-09-18,0.0
2014-09-19,0.0
2014-09-20,0.0
2014-09-21,0.0
2014-09-22,0.0
2014-09-23,0.0
2014-09-24,0.0
2014-09-25,0.0
2014-09-26,0.5963898301124573
2014-09-27,0.43797025084495544
2014-09-28,6.025171279907227
2014-09-29,3.4538378715515137
2014-09-30,0.23123925924301147
2014-10-01,3.978463888168335
2014-10-02,4.6313934326171875
2014-10-03,0.3468295931816101
2014-10-04,0.1131758764386177
2014-10-05,0.1816072016954422
2014-10-06,7.434395790100098
2014-10-07,4.049574851989746
2014-10-08,0.2586052119731903
2014-10-09,0.0
2014-10-10,4.6132121086120605
2014-10-11,0.0
2014-10-12,3.866241216659546
2014-10-13,7.927318096160889
2014-10-14,0.0
2014-10-15,0.0
2014-10-16,0.0
2014-10-17,0.0
2014-10-18,0.0032264385372400284
2014-10-19,0.9122782349586487
2014-10-20,13.70348834991455
2014-10-21,9.995926856994629
2014-10-22,9.149881362915039
2014-10-23,0.007635173387825489
2014-10-24,0.35245418548583984
2014-10-25,0.29842835664749146
2014-10-26,0.0
2014-10-27,0.0
2014-10-28,2.2471015453338623
2014-10-29,0.0
2014-10-30,0.0
2014-10-31,5.766274929046631
2014-11-01,6.532955646514893
2014-11-02,1.9825379848480225
2014-11-03,0.0
2014-11-04,0.0
2014-11-05,0.0
2014-11-06,0.0
2014-11-07,0.0
2014-11-08,5.10931921005249
2014-11-09,1.2738972902297974
2014-11-10,0.417102187871933
2014-11-11,0.0
2014-11-12,0.4975564479827881
2014-11-13,0.013478363864123821
2014-11-14,5.545243740081787
2014-11-15,0.0
2014-11-16,0.0
2014-11-17,0.0
2014-11-18,0.0
2014-11-19,0.0
2014-11-20,0.0
2014-11-21,0.0
2014-11-22,0.0
2014-11-23,0.0
2014-11-24,0.0
2014-11-25,0.0
2014-11-26,1.5822818279266357
2014-11-27,0.6594753861427307
2014-11-28,0.9222973585128784
2014-11-29,0.5988176465034485
2014-11-30,0.0
2014-12-01,11.602167129516602
2014-12-02,0.0
2014-12-03,0.26271364092826843
2014-12-04,0.0
2014-12-05,0.0
2014-12-06,0.0
2014-12-07,0.0
2014-12-08,1.958950161933899
2014-12-09,0.0
2014-12-10,5.490891456604004
2014-12-11,0.0
2014-12-12,6.830333709716797
2014-12-13,1.342139720916748
2014-12-14,8.387547492980957
2014-12-15,0.17176386713981628
2014-12-16,0.03468415141105652
2014-12-17,7.719106197357178
2014-12-18,7.929392337799072
2014-12-19,1.5848801136016846
2014-12-20,0.6473292112350464
2014-12-21,0.0
2014-12-22,0.47242140769958496
2014-12-23,5.939456462860107
2014-12-24,6.082425594329834
2014-12-25,14.374667167663574
2014-12-26,10.927141189575195
2014-12-27,8.669350624084473
2014-12-28,10.545465469360352
2014-12-29,6.4036865234375
2014-12-30,1.0670017004013062
2014-12-31,0.2468632608652115
2015-01-01,0.101380355656147
2015-01-02,18.808483123779297
2015-01-03,3.5530951023101807
2015-01-04,11.025688171386719
2015-01-05,0.32257190346717834
2015-01-06,6.138071537017822
2015-01-07,21.011035919189453
2015-01-08,6.764644622802734
2015-01-09,4.84030294418335
2015-01-10,0.005369829013943672
2015-01-11,4.28765869140625
2015-01-12,0.7798516154289246
2015-01-13,6.156261920928955
2015-01-14,5.620924472808838
2015-01-15,3.698002338409424
2015-01-16,3.65740704536438
2015-01-17,1.5765156745910645
2015-01-18,0.1562206745147705
2015-01-19,1.0054881572723389
2015-01-20,0.3422338664531708
2015-01-21,1.2542182207107544
2015-01-22,1.4862486124038696
2015-01-23,0.0
2015-01-24,4.17944860458374
2015-01-25,1.8317981958389282
2015-01-26,0.016543764621019363
2015-01-27,0.6664204001426697
2015-01-28,0.3235553801059723
2015-01-29,0.10080213844776154
2015-01-30,0.43253275752067566
2015-01-31,1.5329318046569824
2015-02-01,0.21442624926567078
2015-02-02,4.2736430168151855
2015-02-03,4.3305745124816895
2015-02-04,1.6523103713989258
2015-02-05,3.541550874710083
2015-02-06,14.82081127166748
2015-02-07,0.0
2015-02-08,1.9757695198059082
2015-02-09,6.948096752166748
2015-02-10,2.055009126663208
2015-02-11,16.673280715942383
2015-02-12,0.6660979986190796
2015-02-13,0.8730607032775879
2015-02-14,1.7466915845870972
2015-02-15,0.0
2015-02-16,6.669846534729004
2015-02-17,6.8243818283081055
2015-02-18,0.2264890968799591
2015-02-19,0.253055602312088
2015-02-20,4.914795875549316
2015-02-21,0.0
2015-02-22,0.0
2015-02-23,0.0
2015-02-24,0.0
2015-02-25,0.0
2015-02-26,0.0
2015-02-27,2.7385289669036865
2015-02-28,1.9632747173309326
2015-03-01,0.27208688855171204
2015-03-02,0.387482613325119
2015-03-03,2.3038268089294434
2015-03-04,4.943327903747559
2015-03-05,2.4062721729278564
2015-03-06,0.8745105862617493
2015-03-07,0.24301600456237793
2015-03-08,1.7820128202438354
2015-03-09,0.3323707580566406
2015-03-10,0.08863219618797302
2015-03-11,0.029264982789754868
2015-03-12,0.08631318062543869
2015-03-13,0.0
2015-03-14,0.7901545763015747
2015-03-15,0.034451186656951904
2015-03-16,1.1012904644012451
2015-03-17,1.0304840803146362
2015-03-18,0.0
2015-03-19,0.0
2015-03-20,0.0
2015-03-21,0.0
2015-03-22,0.6649048328399658
2015-03-23,0.7925665378570557
2015-03-24,0.4929161071777344
2015-03-25,7.617149829864502
2015-03-26,2.42995023727417
2015-03-27,1.3370602130889893
2015-03-28,0.0
2015-03-29,1.334433913230896
2015-03-30,1.0275827646255493
2015-03-31,1.126265048980713
2015-04-01,0.2117716372013092
2015-04-02,3.5082902908325195
2015-04-03,0.11823586374521255
2015-04-04,0.0
2015-04-05,0.4760136306285858
2015-04-06,2.8355631828308105
2015-04-07,2.8798489570617676
2015-04-08,17.702360153198242
2015-04-09,8.202545166015625
2015-04-10,0.30834534764289856
2015-04-11,0.0
2015-04-12,0.0
2015-04-13,0.0
2015-04-14,0.0
2015-04-15,0.0
2015-04-16,0.751988410949707
2015-04-17,0.039253488183021545
2015-04-18,0.0
2015-04-19,0.6813145875930786
2015-04-20,2.400721549987793
2015-04-21,0.41414913535118103
2015-04-22,8.666769027709961
2015-04-23,7.613278388977051
2015-04-24,0.07652352005243301
2015-04-25,1.5203018188476562
2015-04-26,2.3357045650482178
2015-04-27,12.466629028320312
2015-04-28,0.27247726917266846
2015-04-29,0.36899539828300476
2015-04-30,0.0
2015-05-01,0.0
2015-05-02,0.0
2015-05-03,0.0
2015-05-04,0.0
2015-05-05,0.0
2015-05-06,0.0
2015-05-07,0.0
2015-05-08,0.0
2015-05-09,0.0
2015-05-10,0.0
2015-05-11,0.0
2015-05-12,0.0
2015-05-13,0.0
2015-05-14,0.0
2015-05-15,0.0
2015-05-16,5.714230537414551
2015-05-17,0.0
2015-05-18,0.0
2015-05-19,1.2148363590240479
2015-05-20,0.0
2015-05-21,0.0
2015-05-22,0.0
2015-05-23,0.0
2015-05-24,0.0
2015-05-25,0.0
2015-05-26,0.0
2015-05-27,0.0
2015-05-28,0.0
2015-05-29,0.0
2015-05-30,0.0
2015-05-31,0.0
2015-06-01,0.0
2015-06-02,0.0
2015-06-03,0.0
2015-06-04,0.0
2015-06-05,0.0
2015-06-06,0.0
2015-06-07,0.0
2015-06-08,0.0
2015-06-09,0.0
2015-06-10,0.0
2015-06-11,0.0
2015-06-12,0.0
2015-06-13,0.0
2015-06-14,0.0
2015-06-15,0.0
2015-06-16,0.0
2015-06-17,0.0
2015-06-18,0.0
2015-06-19,0.0
2015-06-20,0.0
2015-06-21,0.0
2015-06-22,0.0
2015-06-23,0.0
2015-06-24,0.0
2015-06-25,0.0
2015-06-26,0.0
2015-06-27,0.014939180575311184
2015-06-28,0.020385442301630974
2015-06-29,0.13355658948421478
2015-06-30,0.024420978501439095
2015-07-01,0.0
2015-07-02,0.0
2015-07-03,0.11996662616729736
2015-07-04,1.6003644466400146
2015-07-05,0.09616757184267044
2015-07-06,0.06240176782011986
2015-07-07,0.06240176782011986
2015-07-08,0.06240176782011986
2015-07-09,0.06240176782011986
2015-07-10,0.06240176782011986
2015-07-11,0.0
2015-07-12,0.0
2015-07-13,0.0
2015-07-14,0.0
2015-07-15,0.0
2015-07-16,0.0
2015-07-17,0.0
2015-07-18,0.0
2015-07-19,0.0
2015-07-20,0.0
2015-07-21,0.0
2015-07-22,0.0
2015-07-23,0.0
2015-07-24,0.0
2015-07-25,0.0
2015-07-26,0.0
2015-07-27,0.0
2015-07-28,0.0
2015-07-29,0.0
2015-07-30,0.0
2015-07-31,0.0
2015-08-01,0.0
2015-08-02,0.0
2015-08-03,0.0
2015-08-04,0.0
2015-08-05,0.0
2015-08-06,0.0
2015-08-07,0.0
2015-08-08,0.0
2015-08-09,0.0
2015-08-10,0.0
2015-08-11,0.04175352677702904
2015-08-12,8.867727279663086
2015-08-13,0.0
2015-08-14,1.0487347841262817
2015-08-15,0.0
2015-08-16,0.0
2015-08-17,0.0
2015-08-18,0.0
2015-08-19,0.0
2015-08-20,0.0
2015-08-21,0.0
2015-08-22,0.0
2015-08-23,0.0
2015-08-24,0.0
2015-08-25,0.0
2015-08-26,0.0
2015-08-27,0.0
2015-08-28,0.0
2015-08-29,0.0
2015-08-30,0.0
2015-08-31,0.0
2015-09-01,0.0
2015-09-02,3.4565536975860596
2015-09-03,5.377269744873047
2015-09-04,0.5166725516319275
2015-09-05,0.0
2015-09-06,0.0
2015-09-07,0.0
2015-09-08,0.0
2015-09-09,0.0
2015-09-10,0.0
2015-09-11,0.0
2015-09-12,0.0
2015-09-13,0.0
2015-09-14,0.0
2015-09-15,0.0
2015-09-16,0.0
2015-09-17,0.0
2015-09-18,0.0
2015-09-19,0.0
2015-09-20,0.0
2015-09-21,0.0
2015-09-22,0.0
2015-09-23,0.0
2015-09-24,0.0
2015-09-25,0.0
2015-09-26,0.0
2015-09-27,0.0
2015-09-28,0.0
2015-09-29,0.0
2015-09-30,0.0
2015-10-01,0.0
2015-10-02,0.0
2015-10-03,0.0
2015-10-04,0.0
2015-10-05,0.0
2015-10-06,0.0
2015-10-07,0.0
2015-10-08,0.0
2015-10-09,0.0
2015-10-10,0.0
2015-10-11,0.0
2015-10-12,0.0
2015-10-13,0.0
2015-10-14,0.0
2015-10-15,0.0
2015-10-16,0.0
2015-10-17,0.0
2015-10-18,0.0
2015-10-19,0.0
2015-10-20,0.0
2015-10-21,0.0
2015-10-22,0.0
2015-10-23,1.2565248012542725
2015-10-24,8.958446502685547
2015-10-25,1.5010496377944946
2015-10-26,0.0
2015-10-27,0.0
2015-10-28,0.0
2015-10-29,0.0
2015-10-30,0.0
2015-10-31,0.0
2015-11-01,0.0
2015-11-02,0.0
2015-11-03,0.0
2015-11-04,0.0
2015-11-05,0.0
2015-11-06,1.08352792263031
2015-11-07,0.01350194588303566
2015-11-08,0.0
2015-11-09,0.0
2015-11-10,2.230802059173584
2015-11-11,12.103459358215332
2015-11-12,4.950634002685547
2015-11-13,15.201102256774902
2015-11-14,10.442569732666016
2015-11-15,6.207429885864258
2015-11-16,0.0
2015-11-17,0.0
2015-11-18,0.0
2015-11-19,0.0
2015-11-20,0.0
2015-11-21,0.0
2015-11-22,0.0
2015-11-23,0.0
2015-11-24,0.0
2015-11-25,0.0
2015-11-26,0.039312299340963364
2015-11-27,0.09271769225597382
2015-11-28,1.2903938293457031
2015-11-29,0.0
2015-11-30,0.27764755487442017
2015-12-01,0.9343299865722656
2015-12-02,0.06920653581619263
2015-12-03,0.0
2015-12-04,2.634028911590576
2015-12-05,2.171111583709717
2015-12-06,0.04514631628990173
2015-12-07,1.1241432428359985
2015-12-08,0.017637671902775764
2015-12-09,0.3529447019100189
2015-12-10,0.0
2015-12-11,0.0
2015-12-12,0.0
2015-12-13,0.0
2015-12-14,0.0
2015-12-15,0.0
2015-12-16,0.0
2015-12-17,0.24257788062095642
2015-12-18,7.505682945251465
2015-12-19,0.1270812600851059
2015-12-20,1.2559821605682373
2015-12-21,0.18907681107521057
2015-12-22,0.01764458231627941
2015-12-23,0.0
2015-12-24,4.368053913116455
2015-12-25,0.7715346217155457
2015-12-26,7.48077392578125
2015-12-27,4.24737548828125
2015-12-28,16.95155143737793
2015-12-29,1.0431890487670898
2015-12-30,1.683051586151123
2015-12-31,0.6407490372657776
2016-01-01,0.06953902542591095
2016-01-02,0.0882827490568161
2016-01-03,5.95412015914917
2016-01-04,0.26065540313720703
2016-01-05,20.092697143554688
2016-01-06,1.8593932390213013
2016-01-07,0.5072611570358276
2016-01-08,21.210901260375977
2016-01-09,22.762306213378906
2016-01-10,16.65110206604004
2016-01-11,0.0
2016-01-12,28.996854782104492
2016-01-13,15.137358665466309
2016-01-14,4.765777587890625
2016-01-15,3.4726452827453613
2016-01-16,0.0
2016-01-17,0.0
2016-01-18,0.0
2016-01-19,0.0
2016-01-20,0.0
2016-01-21,0.0
2016-01-22,0.0
2016-01-23,0.0
2016-01-24,0.0
2016-01-25,0.0
2016-01-26,0.0
2016-01-27,0.0
2016-01-28,0.09741619229316711
2016-01-29,0.7240666151046753
2016-01-30,5.069616794586182
2016-01-31,0.3620576858520508
2016-02-01,0.0
2016-02-02,0.0
2016-02-03,0.0
2016-02-04,0.0
2016-02-05,0.0
2016-02-06,0.11601102352142334
2016-02-07,2.261759042739868
2016-02-08,0.9290122389793396
2016-02-09,13.851783752441406
2016-02-10,2.176605224609375
2016-02-11,0.016717735677957535
2016-02-12,0.006567682139575481
2016-02-13,1.6187509298324585
2016-02-14,6.7416887283325195
2016-02-15,1.7961820363998413
2016-02-16,0.0
2016-02-17,0.20637246966362
2016-02-18,12.108588218688965
2016-02-19,0.02870647795498371
2016-02-20,1.6842299699783325
2016-02-21,0.0
2016-02-22,0.0
2016-02-23,1.159159779548645
2016-02-24,4.018580913543701
2016-02-25,0.5682023763656616
2016-02-26,16.69794464111328
2016-02-27,2.2621231079101562
2016-02-28,0.2381204515695572
2016-02-29,1.2233712673187256
2016-03-01,4.053677082061768
2016-03-02,4.542541980743408
2016-03-03,2.9418044090270996
2016-03-04,0.32651734352111816
2016-03-05,0.09051965922117233
2016-03-06,0.0
2016-03-07,0.0
2016-03-08,0.0
2016-03-09,0.0
2016-03-10,0.0
2016-03-11,1.4111820459365845
2016-03-12,0.3337254822254181
2016-03-13,0.0
2016-03-14,0.2002352774143219
2016-03-15,0.2097702920436859
2016-03-16,0.0
2016-03-17,0.0
2016-03-18,0.0
2016-03-19,0.0
2016-03-20,0.0
2016-03-21,0.0
2016-03-22,0.0
2016-03-23,0.0
2016-03-24,0.0
2016-03-25,0.0
2016-03-26,0.0
2016-03-27,0.0
2016-03-28,0.0
2016-03-29,0.0
2016-03-30,0.0
2016-03-31,0.0
2016-04-01,0.0
2016-04-02,0.0
2016-04-03,0.0
2016-04-04,0.0
2016-04-05,0.0
2016-04-06,0.0
2016-04-07,0.2994007468223572
2016-04-08,7.72226619720459
2016-04-09,5.0828657150268555
2016-04-10,0.44132593274116516
2016-04-11,0.0
2016-04-12,0.0
2016-04-13,0.0
2016-04-14,0.0
2016-04-15,0.0
2016-04-16,0.0
2016-04-17,5.791827201843262
2016-04-18,7.204914569854736
2016-04-19,9.687990188598633
2016-04-20,1.8518540859222412
2016-04-21,5.700014591217041
2016-04-22,1.0658563375473022
2016-04-23,0.0
2016-04-24,0.0
2016-04-25,0.0
2016-04-26,0.0
2016-04-27,0.0
2016-04-28,0.0
2016-04-29,0.0
2016-04-30,0.0
2016-05-01,0.0
2016-05-02,0.0
2016-05-03,0.0
2016-05-04,0.0
2016-05-05,0.0
2016-05-06,0.0
2016-05-07,0.0
2016-05-08,0.0
2016-05-09,0.0
2016-05-10,0.0
2016-05-11,0.0
2016-05-12,0.0
2016-05-13,0.0
2016-05-14,0.0
2016-05-15,0.0
2016-05-16,0.0
2016-05-17,0.0
2016-05-18,0.0
2016-05-19,0.0
2016-05-20,0.0
2016-05-21,0.0
2016-05-22,0.0
2016-05-23,0.0
2016-05-24,0.0
2016-05-25,0.0
2016-05-26,0.0
2016-05-27,0.0
2016-05-28,0.0
2016-05-29,0.0
2016-05-30,0.0
2016-05-31,0.0
2016-06-01,0.0
2016-06-02,0.0
2016-06-03,0.0
2016-06-04,0.0
2016-06-05,0.0
2016-06-06,7.041018486022949
2016-06-07,0.0
2016-06-08,0.5901870727539062
2016-06-09,0.0
2016-06-10,0.778960108757019
2016-06-11,1.6885161399841309
2016-06-12,0.8703691363334656
2016-06-13,0.0
2016-06-14,0.0
2016-06-15,0.0
2016-06-16,0.0
2016-06-17,0.0
2016-06-18,0.0
2016-06-19,0.0
2016-06-20,0.0
2016-06-21,0.0
2016-06-22,0.0
2016-06-23,0.0
2016-06-24,0.0
2016-06-25,0.0
2016-06-26,0.0
2016-06-27,0.0
2016-06-28,0.0
2016-06-29,0.0
2016-06-30,0.0
2016-07-01,0.0
2016-07-02,0.157941073179245
2016-07-03,0.2889370024204254
2016-07-04,0.10941632837057114
2016-07-05,0.0
2016-07-06,0.0
2016-07-07,0.0
2016-07-08,0.0
2016-07-09,0.0
2016-07-10,0.0
2016-07-11,0.0
2016-07-12,0.0
2016-07-13,0.0
2016-07-14,0.0
2016-07-15,0.0
2016-07-16,0.0
2016-07-17,0.0
2016-07-18,0.0
2016-07-19,0.0
2016-07-20,0.0
2016-07-21,0.0
2016-07-22,0.0
2016-07-23,0.0
2016-07-24,0.0
2016-07-25,0.0
2016-07-26,0.0
2016-07-27,0.0
2016-07-28,0.0
2016-07-29,0.0
2016-07-30,0.0
2016-07-31,0.0
2016-08-01,0.0
2016-08-02,0.0
2016-08-03,0.0
2016-08-04,0.0
2016-08-05,0.0
2016-08-06,0.0
2016-08-07,0.0
2016-08-08,0.0
2016-08-09,0.0
2016-08-10,0.0
2016-08-11,0.0
2016-08-12,0.0
2016-08-13,0.0
2016-08-14,0.0
2016-08-15,0.0
2016-08-16,0.0
2016-08-17,0.0
2016-08-18,0.0
2016-08-19,0.0
2016-08-20,0.0
2016-08-21,0.0
2016-08-22,0.0
2016-08-23,0.0
2016-08-24,0.0
2016-08-25,0.0
2016-08-26,0.0
2016-08-27,0.05002938210964203
2016-08-28,7.728939533233643
2016-08-29,0.2543202042579651
2016-08-30,0.0
2016-08-31,0.0
2016-09-01,0.0
2016-09-02,0.0
2016-09-03,0.0
2016-09-04,0.0
2016-09-05,0.0
2016-09-06,0.0
2016-09-07,0.0
2016-09-08,0.0
2016-09-09,0.0
2016-09-10,0.0
2016-09-11,0.0
2016-09-12,0.0
2016-09-13,0.0
2016-09-14,0.1796465963125229
2016-09-15,0.00945508386939764
2016-09-16,0.0
2016-09-17,0.0
2016-09-18,1.2014533281326294
2016-09-19,0.37713196873664856
2016-09-20,0.8030440211296082
2016-09-21,4.171697616577148
2016-09-22,0.25608670711517334
2016-09-23,0.012767079286277294
2016-09-24,0.0
2016-09-25,0.031573496758937836
2016-09-26,0.0
2016-09-27,0.0
2016-09-28,0.0
2016-09-29,0.0
2016-09-30,0.0
2016-10-01,0.0
2016-10-02,0.0
2016-10-03,0.0
2016-10-04,0.0
2016-10-05,0.0
2016-10-06,0.0
2016-10-07,0.0
2016-10-08,0.0
2016-10-09,0.0
2016-10-10,0.0
2016-10-11,0.0
2016-10-12,0.0
2016-10-13,0.0
2016-10-14,0.0
2016-10-15,0.0
2016-10-16,0.0727342963218689
2016-10-17,0.5664178729057312
2016-10-18,0.0
2016-10-19,0.0146487383171916
2016-10-20,12.110133171081543
2016-10-21,0.0
2016-10-22,0.0
2016-10-23,0.0
2016-10-24,0.0
2016-10-25,0.0
2016-10-26,0.0
2016-10-27,0.0
2016-10-28,0.0
2016-10-29,0.0
2016-10-30,0.0
2016-10-31,0.0
2016-11-01,0.0
2016-11-02,0.0
2016-11-03,0.0
2016-11-04,0.0
2016-11-05,0.0
2016-11-06,0.0
2016-11-07,0.0
2016-11-08,0.0
2016-11-09,0.0
2016-11-10,0.0
2016-11-11,0.0
2016-11-12,0.0
2016-11-13,0.0
2016-11-14,0.0
2016-11-15,0.0
2016-11-16,0.0
2016-11-17,0.0989333838224411
2016-11-18,0.0
2016-11-19,0.457040011882782
2016-11-20,0.05334251746535301
2016-11-21,0.0
2016-11-22,0.0
2016-11-23,0.0
2016-11-24,0.0
2016-11-25,0.0
2016-11-26,0.08531138300895691
2016-11-27,0.0
2016-11-28,5.447040557861328
2016-11-29,2.066443920135498
2016-11-30,0.40774720907211304
2016-12-01,2.4042069911956787
2016-12-02,0.4933457374572754
2016-12-03,0.3975979685783386
2016-12-04,0.0
2016-12-05,7.230884075164795
2016-12-06,0.14402176439762115
2016-12-07,3.9611024856567383
2016-12-08,16.882457733154297
2016-12-09,0.05419646576046944
2016-12-10,0.0
2016-12-11,0.0
2016-12-12,0.0
2016-12-13,0.0
2016-12-14,0.0
2016-12-15,0.0
2016-12-16,0.0
2016-12-17,0.0
2016-12-18,0.0
2016-12-19,0.0
2016-12-20,0.0
2016-12-21,0.0
2016-12-22,0.0
2016-12-23,0.0
2016-12-24,2.867581367492676
2016-12-25,6.361754894256592
2016-12-26,2.8239223957061768
2016-12-27,3.5343570709228516
2016-12-28,0.08656966686248779
2016-12-29,11.122100830078125
2016-12-30,5.9976091384887695
2016-12-31,3.558382034301758
2017-01-01,3.015455722808838
2017-01-02,1.314522624015808
2017-01-03,0.0
2017-01-04,1.7448196411132812
2017-01-05,9.232950210571289
2017-01-06,2.6863698959350586
2017-01-07,1.5820128917694092
2017-01-08,22.63407325744629
2017-01-09,2.697596788406372
2017-01-10,1.5934966802597046
2017-01-11,0.38245150446891785
2017-01-12,9.034296035766602
2017-01-13,1.1519804000854492
2017-01-14,0.08138495683670044
2017-01-15,3.3818280696868896
2017-01-16,6.02655029296875
2017-01-17,0.28212791681289673
2017-01-18,0.0
2017-01-19,0.0
2017-01-20,0.0
2017-01-21,0.0
2017-01-22,0.0
2017-01-23,0.0
2017-01-24,0.0
2017-01-25,0.0
2017-01-26,0.0
2017-01-27,0.08255375176668167
2017-01-28,0.0
2017-01-29,0.0
2017-01-30,0.24766124784946442
2017-01-31,1.6097981929779053
2017-02-01,1.1775990724563599
2017-02-02,0.0
2017-02-03,7.904522895812988
2017-02-04,0.43062326312065125
2017-02-05,1.9621132612228394
2017-02-06,0.2849423587322235
2017-02-07,0.2539081871509552
2017-02-08,1.1949975490570068
2017-02-09,2.294351577758789
2017-02-10,9.953413009643555
2017-02-11,0.2150430828332901
2017-02-12,6.362040996551514
2017-02-13,0.0
2017-02-14,0.0
2017-02-15,0.8537546992301941
2017-02-16,0.18640577793121338
2017-02-17,0.0
2017-02-18,8.321764945983887
2017-02-19,2.017810821533203
2017-02-20,0.11171036213636398
2017-02-21,0.0
2017-02-22,0.0
2017-02-23,0.0
2017-02-24,0.0
2017-02-25,0.0
2017-02-26,0.0
2017-02-27,0.7151634097099304
2017-02-28,0.9395754933357239
2017-03-01,1.457410216331482
2017-03-02,1.193947434425354
2017-03-03,10.15904712677002
2017-03-04,0.9249240756034851
2017-03-05,0.03316983953118324
2017-03-06,0.39026376605033875
2017-03-07,0.0
2017-03-08,0.5940159559249878
2017-03-09,10.191551208496094
2017-03-10,3.5029914379119873
2017-03-11,0.24442313611507416
2017-03-12,0.1461821049451828
2017-03-13,0.43211594223976135
2017-03-14,0.0
2017-03-15,2.1372601985931396
2017-03-16,3.0468626022338867
2017-03-17,3.5942275524139404
2017-03-18,0.38832443952560425
2017-03-19,0.0
2017-03-20,0.0
2017-03-21,0.16961590945720673
2017-03-22,6.4455885887146
2017-03-23,2.8370893001556396
2017-03-24,7.679503917694092
2017-03-25,11.6705961227417
2017-03-26,8.187643051147461
2017-03-27,0.11935190111398697
2017-03-28,0.3282177150249481
2017-03-29,2.6880924701690674
2017-03-30,0.35059618949890137
2017-03-31,4.020871162414551
2017-04-01,9.62126350402832
2017-04-02,11.282918930053711
2017-04-03,6.1300435066223145
2017-04-04,0.0
2017-04-05,0.0
2017-04-06,0.0
2017-04-07,0.04863002151250839
2017-04-08,0.37074923515319824
2017-04-09,0.4686483144760132
2017-04-10,0.0038277050480246544
2017-04-11,8.930922508239746
2017-04-12,3.473790168762207
2017-04-13,0.061456501483917236
2017-04-14,0.0
2017-04-15,0.1809312254190445
2017-04-16,0.0
2017-04-17,5.286452293395996
2017-04-18,0.0
2017-04-19,0.24086953699588776
2017-04-20,0.0
2017-04-21,0.0
2017-04-22,2.077894926071167
2017-04-23,4.040351390838623
2017-04-24,0.0
2017-04-25,14.814621925354004
2017-04-26,0.0
2017-04-27,0.0
2017-04-28,0.0
2017-04-29,0.0
2017-04-30,0.0
2017-05-01,0.0
2017-05-02,0.0
2017-05-03,0.0
2017-05-04,0.0
2017-05-05,0.0
2017-05-06,0.0
2017-05-07,0.0
2017-05-08,0.0
2017-05-09,0.0
2017-05-10,0.0
2017-05-11,9.859135752776638e-05
2017-05-12,0.0
2017-05-13,0.001166194793768227
2017-05-14,0.0
2017-05-15,8.450687346339691e-06
2017-05-16,2.5642337799072266
2017-05-17,3.6912155151367188
2017-05-18,0.0
2017-05-19,0.0
2017-05-20,0.05004359036684036
2017-05-21,0.003256687428802252
2017-05-22,0.0
2017-05-23,2.1991803646087646
2017-05-24,3.5193099975585938
2017-05-25,0.4203650951385498
2017-05-26,0.17215578258037567
2017-05-27,0.9890929460525513
2017-05-28,0.18959270417690277
2017-05-29,0.04309482499957085
2017-05-30,0.4235149621963501
2017-05-31,0.0
2017-06-01,0.0
2017-06-02,0.0
2017-06-03,0.0
2017-06-04,0.0
2017-06-05,0.0
2017-06-06,0.0
2017-06-07,0.0
2017-06-08,0.0
2017-06-09,0.0
2017-06-10,0.0
2017-06-11,0.0
2017-06-12,0.0
2017-06-13,0.0
2017-06-14,0.0
2017-06-15,0.0
2017-06-16,0.0
2017-06-17,0.0
2017-06-18,0.0
2017-06-19,0.0
2017-06-20,0.0
2017-06-21,0.0
2017-06-22,0.0
2017-06-23,0.0
2017-06-24,0.0
2017-06-25,0.0
2017-06-26,0.0
2017-06-27,0.0
2017-06-28,0.0
2017-06-29,0.0
2017-06-30,0.0
2017-07-01,0.0
2017-07-02,0.0
2017-07-03,0.0
2017-07-04,0.0
2017-07-05,0.0
2017-07-06,0.0
2017-07-07,0.0
2017-07-08,0.0
2017-07-09,0.0
2017-07-10,0.0
2017-07-11,0.0
2017-07-12,0.0
2017-07-13,0.0
2017-07-14,0.0
2017-07-15,0.0
2017-07-16,0.0
2017-07-17,0.0
2017-07-18,0.0
2017-07-19,0.0
2017-07-20,0.0
2017-07-21,0.0
2017-07-22,0.0
2017-07-23,0.0
2017-07-24,0.0
2017-07-25,0.0
2017-07-26,0.0
2017-07-27,0.0
2017-07-28,0.0
2017-07-29,0.0
2017-07-30,0.0
2017-07-31,0.0
2017-08-01,0.0
2017-08-02,0.0
2017-08-03,0.0
2017-08-04,0.0
2017-08-05,0.0
2017-08-06,0.0
2017-08-07,0.0
2017-08-08,0.0
2017-08-09,0.0
2017-08-10,0.0
2017-08-11,0.0
2017-08-12,0.0
2017-08-13,0.0
2017-08-14,0.0
2017-08-15,0.0
2017-08-16,0.0
2017-08-17,0.0
2017-08-18,0.0
2017-08-19,0.0
2017-08-20,0.0
2017-08-21,0.0
2017-08-22,0.0
2017-08-23,0.0
2017-08-24,0.0
2017-08-25,0.0
2017-08-26,0.0
2017-08-27,0.0
2017-08-28,0.0
2017-08-29,0.0
2017-08-30,0.0
2017-08-31,0.0
2017-09-01,0.0
2017-09-02,0.0
2017-09-03,0.030401578173041344
2017-09-04,2.035228729248047
2017-09-05,0.18604803085327148
2017-09-06,3.5302112102508545
2017-09-07,0.08186572045087814
2017-09-08,4.1487932205200195
2017-09-09,0.0
2017-09-10,0.0
2017-09-11,0.0
2017-09-12,0.0
2017-09-13,0.0
2017-09-14,0.0
2017-09-15,0.0
2017-09-16,0.0
2017-09-17,0.0
2017-09-18,0.0
2017-09-19,0.0
2017-09-20,0.0
2017-09-21,0.0
2017-09-22,0.0
2017-09-23,0.0
2017-09-24,0.0
2017-09-25,0.0
2017-09-26,0.0
2017-09-27,0.0
2017-09-28,0.0
2017-09-29,0.0
2017-09-30,0.0
2017-10-01,0.0
2017-10-02,0.0
2017-10-03,0.0
2017-10-04,0.0
2017-10-05,0.0
2017-10-06,0.0
2017-10-07,0.22286361455917358
2017-10-08,0.0
2017-10-09,0.5095647573471069
2017-10-10,13.224405288696289
2017-10-11,0.006558740045875311
2017-10-12,1.1961610317230225
2017-10-13,0.130658820271492
2017-10-14,0.35937005281448364
2017-10-15,3.196108341217041
2017-10-16,10.872719764709473
2017-10-17,0.8496226668357849
2017-10-18,0.511313796043396
2017-10-19,0.0
2017-10-20,0.0
2017-10-21,0.0
2017-10-22,0.0
2017-10-23,0.0
2017-10-24,0.0
2017-10-25,0.0
2017-10-26,0.0
2017-10-27,0.0
2017-10-28,0.0
2017-10-29,0.0
2017-10-30,0.0
2017-10-31,0.0
2017-11-01,0.0
2017-11-02,0.0002563935413490981
2017-11-03,0.003984717186540365
2017-11-04,0.14805664122104645
2017-11-05,0.09435281157493591
2017-11-06,0.0
2017-11-07,0.0
2017-11-08,0.0
2017-11-09,0.0
2017-11-10,0.0
2017-11-11,0.1253242790699005
2017-11-12,0.9319087266921997
2017-11-13,0.20094792544841766
2017-11-14,1.0581578016281128
2017-11-15,0.0
2017-11-16,0.0
2017-11-17,0.0
2017-11-18,0.0
2017-11-19,0.0
2017-11-20,0.0
2017-11-21,0.0
2017-11-22,0.0
2017-11-23,0.0
2017-11-24,0.0
2017-11-25,0.0
2017-11-26,0.3006613552570343
2017-11-27,0.0
2017-11-28,3.394462823867798
2017-11-29,2.07850980758667
2017-11-30,0.0
2017-12-01,0.0
2017-12-02,0.3441305458545685
2017-12-03,2.7058603763580322
2017-12-04,0.4347989559173584
2017-12-05,0.6655269265174866
2017-12-06,0.09018871188163757
2017-12-07,1.5646995306015015
2017-12-08,6.714912414550781
2017-12-09,2.4702303409576416
2017-12-10,0.25848665833473206
2017-12-11,0.0
2017-12-12,0.0
2017-12-13,0.0
2017-12-14,0.0
2017-12-15,0.0
2017-12-16,1.1063674688339233
2017-12-17,0.0
2017-12-18,0.9064932465553284
2017-12-19,0.10402380675077438
2017-12-20,4.332592010498047
2017-12-21,1.4892253875732422
2017-12-22,15.031906127929688
2017-12-23,15.137442588806152
2017-12-24,2.028266191482544
2017-12-25,2.398806095123291
2017-12-26,2.1790616512298584
2017-12-27,0.1592995971441269
2017-12-28,0.27815693616867065
2017-12-29,0.23481130599975586
2017-12-30,0.0
2017-12-31,6.600073337554932
2018-01-01,11.478218078613281
2018-01-02,0.3032422363758087
2018-01-03,0.9767898321151733
2018-01-04,0.0
2018-01-05,1.9956504106521606
2018-01-06,0.0
2018-01-07,0.0
2018-01-08,0.0
2018-01-09,0.0
2018-01-10,0.0
2018-01-11,1.0232192277908325
2018-01-12,0.0
2018-01-13,17.120370864868164
2018-01-14,2.6819279193878174
2018-01-15,0.0
2018-01-16,0.0
2018-01-17,0.0
2018-01-18,3.9499306678771973
2018-01-19,22.946487426757812
2018-01-20,5.303464412689209
2018-01-21,2.2192776203155518
2018-01-22,0.44623178243637085
2018-01-23,3.7914505004882812
2018-01-24,14.75450611114502
2018-01-25,9.167291641235352
2018-01-26,0.4330183267593384
2018-01-27,1.0366963148117065
2018-01-28,1.3690887689590454
2018-01-29,6.244348526000977
2018-01-30,5.931323051452637
2018-01-31,14.325347900390625
2018-02-01,3.585458993911743
2018-02-02,1.9678504467010498
2018-02-03,0.1157485768198967
2018-02-04,0.12586252391338348
2018-02-05,0.0
2018-02-06,0.0
2018-02-07,3.8576457500457764
2018-02-08,7.861632347106934
2018-02-09,0.34258902072906494
2018-02-10,8.801802635192871
2018-02-11,6.767155170440674
2018-02-12,0.3448112905025482
2018-02-13,0.5612190365791321
2018-02-14,0.0
2018-02-15,1.1112449169158936
2018-02-16,0.0
2018-02-17,0.0
2018-02-18,0.0
2018-02-19,0.0
2018-02-20,0.0
2018-02-21,0.6491174697875977
2018-02-22,0.847175121307373
2018-02-23,0.6454980373382568
2018-02-24,1.7379688024520874
2018-02-25,0.8945847749710083
2018-02-26,0.6280176639556885
2018-02-27,7.973020076751709
2018-02-28,3.903571605682373
2018-03-01,4.825958251953125
2018-03-02,4.716399669647217
2018-03-03,7.42056941986084
2018-03-04,3.89211106300354
2018-03-05,4.054718494415283
2018-03-06,9.210394859313965
2018-03-07,8.788309097290039
2018-03-08,1.6537611484527588
2018-03-09,0.0
2018-03-10,0.0
2018-03-11,0.0
2018-03-12,0.0
2018-03-13,0.0
2018-03-14,6.846663475036621
2018-03-15,11.881834983825684
2018-03-16,5.4099507331848145
2018-03-17,0.0
2018-03-18,0.0
2018-03-19,2.72995662689209
2018-03-20,0.0
2018-03-21,0.0
2018-03-22,0.0
2018-03-23,0.00299791619181633
2018-03-24,0.7912066578865051
2018-03-25,6.1010026931762695
2018-03-26,0.0
2018-03-27,0.0
2018-03-28,0.0
2018-03-29,0.0
2018-03-30,0.0
2018-03-31,0.0
2018-04-01,0.0
2018-04-02,0.0
2018-04-03,0.0
2018-04-04,0.0
2018-04-05,0.0
2018-04-06,0.0
2018-04-07,0.0
2018-04-08,0.0
2018-04-09,0.0
2018-04-10,0.0
2018-04-11,0.0
2018-04-12,0.0
2018-04-13,0.0
2018-04-14,0.0
2018-04-15,0.0
2018-04-16,0.0
2018-04-17,0.0
2018-04-18,0.0
2018-04-19,0.0
2018-04-20,0.0
2018-04-21,0.0
2018-04-22,0.0
2018-04-23,0.0
2018-04-24,0.0
2018-04-25,0.0
2018-04-26,0.0
2018-04-27,16.924884796142578
2018-04-28,2.3515546321868896
2018-04-29,1.0639064311981201
2018-04-30,0.0
2018-05-01,0.0
2018-05-02,1.5295692682266235
2018-05-03,0.04701915755867958
2018-05-04,0.0
2018-05-05,1.3856183290481567
2018-05-06,6.22778844833374
2018-05-07,0.0
2018-05-08,0.7205154299736023
2018-05-09,0.0
2018-05-10,1.1641660928726196
2018-05-11,0.0
2018-05-12,0.0
2018-05-13,0.0
2018-05-14,0.0
2018-05-15,0.0
2018-05-16,0.0
2018-05-17,0.0
2018-05-18,0.0
2018-05-19,0.0
2018-05-20,0.0
2018-05-21,0.0
2018-05-22,0.0
2018-05-23,0.0
2018-05-24,0.0
2018-05-25,0.0
2018-05-26,0.0
2018-05-27,0.0
2018-05-28,0.0
2018-05-29,0.0
2018-05-30,0.0
2018-05-31,0.0
2018-06-01,0.0
2018-06-02,0.0
2018-06-03,1.930632472038269
2018-06-04,3.8942160606384277
2018-06-05,1.5352197885513306
2018-06-06,0.0
2018-06-07,0.0
2018-06-08,0.0
2018-06-09,0.0
2018-06-10,0.0
2018-06-11,0.0
2018-06-12,0.0
2018-06-13,0.0
2018-06-14,0.0
2018-06-15,0.0
2018-06-16,0.0
2018-06-17,0.0
2018-06-18,0.0
2018-06-19,0.0
2018-06-20,0.0
2018-06-21,0.0
2018-06-22,0.0
2018-06-23,0.0
2018-06-24,0.0
2018-06-25,0.0
2018-06-26,0.0
2018-06-27,0.0
2018-06-28,0.0
2018-06-29,0.0
2018-06-30,0.0
2018-07-01,0.0
2018-07-02,0.0
2018-07-03,0.0
2018-07-04,0.0
2018-07-05,0.0
2018-07-06,0.0
2018-07-07,0.0
2018-07-08,0.0
2018-07-09,0.0
2018-07-10,0.0
2018-07-11,0.0
2018-07-12,0.0005835053161717951
2018-07-13,0.5502455234527588
2018-07-14,0.0
2018-07-15,0.0
2018-07-16,0.0
2018-07-17,0.0
2018-07-18,0.4186861515045166
2018-07-19,0.3741981089115143
2018-07-20,0.0
2018-07-21,0.4338867664337158
2018-07-22,4.208072662353516
2018-07-23,0.0
2018-07-24,0.6703235507011414
2018-07-25,0.0
2018-07-26,0.6491988897323608
2018-07-27,0.0
2018-07-28,0.0
2018-07-29,0.0
2018-07-30,0.1862257719039917
2018-07-31,0.008983061648905277
2018-08-01,0.06778430193662643
2018-08-02,0.0
2018-08-03,1.8312031030654907
2018-08-04,8.462766647338867
2018-08-05,3.872948169708252
2018-08-06,0.0
2018-08-07,0.0
2018-08-08,0.0
2018-08-09,0.0
2018-08-10,0.0
2018-08-11,0.0
2018-08-12,0.0
2018-08-13,0.0
2018-08-14,0.0
2018-08-15,0.0
2018-08-16,0.0
2018-08-17,0.0
2018-08-18,0.0
2018-08-19,0.0
2018-08-20,0.0
2018-08-21,0.0
2018-08-22,0.0
2018-08-23,0.0
2018-08-24,0.0
2018-08-25,0.0
2018-08-26,0.0
2018-08-27,0.0
2018-08-28,0.0
2018-08-29,0.0
2018-08-30,0.0
2018-08-31,0.0
2018-09-01,0.0
2018-09-02,0.0
2018-09-03,0.0
2018-09-04,0.0
2018-09-05,0.0
2018-09-06,0.0
2018-09-07,0.0
2018-09-08,0.0
2018-09-09,0.0
2018-09-10,0.0
2018-09-11,0.0
2018-09-12,0.0
2018-09-13,0.0
2018-09-14,0.0
2018-09-15,0.0
2018-09-16,0.0
2018-09-17,0.0
2018-09-18,0.0
2018-09-19,0.0
2018-09-20,0.0
2018-09-21,0.0
2018-09-22,3.255873203277588
2018-09-23,0.6312407851219177
2018-09-24,4.507279872894287
2018-09-25,0.48727360367774963
2018-09-26,0.0
2018-09-27,0.0
2018-09-28,0.0
2018-09-29,0.0
2018-09-30,0.0
2018-10-01,0.0
2018-10-02,0.0
2018-10-03,0.07123139500617981
2018-10-04,0.25797638297080994
2018-10-05,8.048700332641602
2018-10-06,1.7870657444000244
2018-10-07,2.6217384338378906
2018-10-08,0.0
2018-10-09,0.0
2018-10-10,1.4250483512878418
2018-10-11,2.019421339035034
2018-10-12,5.157166004180908
2018-10-13,6.994279861450195
2018-10-14,7.229128837585449
2018-10-15,0.0
2018-10-16,0.0
2018-10-17,0.0
2018-10-18,0.01965438388288021
2018-10-19,6.13731575012207
2018-10-20,0.6119880080223083
2018-10-21,0.0
2018-10-22,0.0
2018-10-23,23.370376586914062
2018-10-24,1.1546348333358765
2018-10-25,1.290166974067688
2018-10-26,0.7287139892578125
2018-10-27,0.34275493025779724
2018-10-28,0.009869715198874474
2018-10-29,0.0
2018-10-30,0.2937156558036804
2018-10-31,6.175278186798096
2018-11-01,0.4133370518684387
2018-11-02,0.660865843296051
2018-11-03,5.0141777992248535
2018-11-04,1.5321471691131592
2018-11-05,0.02481657825410366
2018-11-06,0.0
2018-11-07,0.0
2018-11-08,0.0
2018-11-09,0.0
2018-11-10,0.0
2018-11-11,0.0
2018-11-12,4.073404312133789
2018-11-13,0.0
2018-11-14,0.0
2018-11-15,0.0
2018-11-16,0.21554553508758545
2018-11-17,0.18109756708145142
2018-11-18,14.334129333496094
2018-11-19,0.7319298982620239
2018-11-20,0.21344558894634247
2018-11-21,0.17776404321193695
2018-11-22,0.0
2018-11-23,0.0
2018-11-24,0.021878652274608612
2018-11-25,1.9225866794586182
2018-11-26,6.5621137619018555
2018-11-27,1.9547247886657715
2018-11-28,0.0
2018-11-29,7.043100833892822
2018-11-30,0.0
2018-12-01,0.0
2018-12-02,0.0
2018-12-03,0.0
2018-12-04,0.0
2018-12-05,0.0
2018-12-06,1.7436884641647339
2018-12-07,3.8413848876953125
2018-12-08,0.0
2018-12-09,3.1705687046051025
2018-12-10,7.552024841308594
2018-12-11,0.14971444010734558
2018-12-12,0.7936794757843018
2018-12-13,2.0388259887695312
2018-12-14,0.022598616778850555
2018-12-15,0.46639737486839294
2018-12-16,0.5432283282279968
2018-12-17,6.311325550079346
2018-12-18,12.276959419250488
2018-12-19,6.657015800476074
2018-12-20,4.908808708190918
2018-12-21,8.347661972045898
2018-12-22,1.2017295360565186
2018-12-23,0.06995582580566406
2018-12-24,1.4757895469665527
2018-12-25,2.2132487297058105
2018-12-26,2.728624105453491
2018-12-27,1.9728306531906128
2018-12-28,3.8267087936401367
2018-12-29,7.1136088371276855
2018-12-30,5.213689804077148
2018-12-31,1.7330313920974731
2019-01-01,1.5988123416900635
2019-01-02,0.06123574078083038
2019-01-03,2.764956474304199
2019-01-04,10.521997451782227
2019-01-05,3.35410737991333
2019-01-06,7.548372745513916
2019-01-07,0.0
2019-01-08,0.21734844148159027
2019-01-09,11.89355754852295
2019-01-10,2.689253091812134
2019-01-11,2.300797700881958
2019-01-12,3.4250617027282715
2019-01-13,0.17998632788658142
2019-01-14,1.9976370334625244
2019-01-15,0.485164076089859
2019-01-16,0.0
2019-01-17,0.047315604984760284
2019-01-18,5.386507987976074
2019-01-19,0.7172049283981323
2019-01-20,0.12202446907758713
2019-01-21,0.0
2019-01-22,0.0
2019-01-23,0.0
2019-01-24,0.0
2019-01-25,0.0
2019-01-26,0.355913907289505
2019-01-27,1.9668989181518555
2019-01-28,0.7445170283317566
2019-01-29,0.1596008837223053
2019-01-30,0.07934477180242538
2019-01-31,2.8493428230285645
2019-02-01,2.328922748565674
2019-02-02,8.860904693603516
2019-02-03,1.1330997943878174
2019-02-04,1.1609278917312622
2019-02-05,1.046798825263977
2019-02-06,0.0
2019-02-07,0.0
2019-02-08,0.0
2019-02-09,0.026037530973553658
2019-02-10,4.184030532836914
2019-02-11,12.877108573913574
2019-02-12,1.6189535856246948
2019-02-13,0.6048943996429443
2019-02-14,0.0
2019-02-15,0.5001979470252991
2019-02-16,0.00934857502579689
2019-02-17,3.9800782203674316
2019-02-18,4.581473350524902
2019-02-19,1.9154632091522217
2019-02-20,0.053879398852586746
2019-02-21,0.12739144265651703
2019-02-22,0.0
2019-02-23,0.0
2019-02-24,0.0
2019-02-25,1.075320839881897
2019-02-26,5.095991134643555
2019-02-27,1.1742689609527588
2019-02-28,0.17935527861118317
2019-03-01,0.38957664370536804
2019-03-02,0.8870733976364136
2019-03-03,3.642326831817627
2019-03-04,0.12678156793117523
2019-03-05,0.6041673421859741
2019-03-06,0.7503506541252136
2019-03-07,1.6598345041275024
2019-03-08,3.950313091278076
2019-03-09,0.6167290806770325
2019-03-10,0.24797610938549042
2019-03-11,0.0
2019-03-12,0.028836024925112724
2019-03-13,4.104767322540283
2019-03-14,0.7493805289268494
2019-03-15,0.1698731929063797
2019-03-16,0.717708170413971
2019-03-17,0.0
2019-03-18,0.09492455422878265
2019-03-19,0.0
2019-03-20,0.23787015676498413
2019-03-21,0.0
2019-03-22,0.0
2019-03-23,0.0
2019-03-24,0.0
2019-03-25,0.0
2019-03-26,5.939431667327881
2019-03-27,1.2469422817230225
2019-03-28,0.7383849620819092
2019-03-29,0.0
2019-03-30,0.27129802107810974
2019-03-31,7.114881992340088
2019-04-01,9.067930221557617
2019-04-02,13.574742317199707
2019-04-03,7.018941402435303
2019-04-04,0.7527952790260315
2019-04-05,0.0
2019-04-06,0.0
2019-04-07,0.0
2019-04-08,0.0
2019-04-09,0.0
2019-04-10,0.0
2019-04-11,0.0
2019-04-12,0.0
2019-04-13,0.0
2019-04-14,0.0
2019-04-15,0.0
2019-04-16,0.16427494585514069
2019-04-17,0.10761368274688721
2019-04-18,4.485683917999268
2019-04-19,0.0
2019-04-20,0.1152057871222496
2019-04-21,0.0
2019-04-22,0.0
2019-04-23,0.0
2019-04-24,0.0
2019-04-25,0.0
2019-04-26,4.081243515014648
2019-04-27,0.007048779632896185
2019-04-28,0.0
2019-04-29,0.0
2019-04-30,0.0
2019-05-01,0.0
2019-05-02,0.0
2019-05-03,0.0
2019-05-04,0.0
2019-05-05,0.0
2019-05-06,0.0
2019-05-07,1.3116865158081055
2019-05-08,0.5433530807495117
2019-05-09,0.0
2019-05-10,0.0
2019-05-11,0.0
2019-05-12,0.0
2019-05-13,0.0
2019-05-14,0.0
2019-05-15,0.0
2019-05-16,0.0
2019-05-17,0.0
2019-05-18,0.0
2019-05-19,0.0
2019-05-20,0.0
2019-05-21,0.0
2019-05-22,0.0
2019-05-23,0.0
2019-05-24,0.0
2019-05-25,0.0
2019-05-26,0.0
2019-05-27,0.0
2019-05-28,0.0
2019-05-29,0.0
2019-05-30,0.0
2019-05-31,0.0
2019-06-01,0.0
2019-06-02,0.0
2019-06-03,0.0
2019-06-04,0.0
2019-06-05,0.0
2019-06-06,0.0
2019-06-07,0.0
2019-06-08,0.0
2019-06-09,0.0
2019-06-10,0.0
2019-06-11,0.0
2019-06-12,0.0
2019-06-13,0.0
2019-06-14,0.0
2019-06-15,0.8534529805183411
2019-06-16,2.106527090072632
2019-06-17,1.9208447933197021
2019-06-18,0.0
2019-06-19,0.0
2019-06-20,0.0
2019-06-21,0.0
2019-06-22,0.0
2019-06-23,0.0
2019-06-24,0.0
2019-06-25,0.0
2019-06-26,0.0
2019-06-27,0.0
2019-06-28,0.0
2019-06-29,0.0
2019-06-30,0.0
2019-07-01,0.0
2019-07-02,0.0
2019-07-03,0.0
2019-07-04,0.0
2019-07-05,0.0
2019-07-06,0.0
2019-07-07,0.0
2019-07-08,0.0
2019-07-09,0.0
2019-07-10,0.0
2019-07-11,0.0
2019-07-12,0.0
2019-07-13,0.0
2019-07-14,0.0
2019-07-15,0.0
2019-07-16,0.28427398204803467
2019-07-17,0.25205299258232117
2019-07-18,0.049912407994270325
2019-07-19,0.0
2019-07-20,0.22111786901950836
2019-07-21,0.0
2019-07-22,0.0
2019-07-23,1.2277475595474243
2019-07-24,1.7652592658996582
2019-07-25,0.5898547172546387
2019-07-26,0.0
2019-07-27,0.0
2019-07-28,0.0
2019-07-29,0.0
2019-07-30,0.0
2019-07-31,0.0
2019-08-01,0.0
2019-08-02,0.0
2019-08-03,0.0
2019-08-04,0.0
2019-08-05,0.0
2019-08-06,0.0
2019-08-07,0.0
2019-08-08,0.0
2019-08-09,0.0
2019-08-10,0.0
2019-08-11,0.0
2019-08-12,0.0
2019-08-13,0.0
2019-08-14,0.0
2019-08-15,0.0
2019-08-16,0.0
2019-08-17,0.0
2019-08-18,0.0
2019-08-19,0.0
2019-08-20,0.0
2019-08-21,0.0
2019-08-22,0.0
2019-08-23,0.0
2019-08-24,0.0
2019-08-25,0.0
2019-08-26,0.0
2019-08-27,0.0
2019-08-28,0.0
2019-08-29,0.0
2019-08-30,0.0
2019-08-31,0.0
2019-09-01,0.0
2019-09-02,0.0
2019-09-03,0.0
2019-09-04,3.893413543701172
2019-09-05,8.108809471130371
2019-09-06,8.272188186645508
2019-09-07,3.8444597721099854
2019-09-08,3.1854476928710938
2019-09-09,0.0
2019-09-10,0.009356219321489334
2019-09-11,0.0
2019-09-12,0.0
2019-09-13,0.0
2019-09-14,0.0
2019-09-15,0.0
2019-09-16,0.0
2019-09-17,0.0
2019-09-18,0.0
2019-09-19,0.0
2019-09-20,0.0
2019-09-21,0.29576143622398376
2019-09-22,0.0
2019-09-23,0.0
2019-09-24,2.656386375427246
2019-09-25,0.05386195331811905
2019-09-26,0.03212207928299904
2019-09-27,0.03212207928299904
2019-09-28,0.03212207928299904
2019-09-29,0.03212207928299904
2019-09-30,0.19273248314857483
2019-10-01,0.0
2019-10-02,0.0
2019-10-03,0.0
2019-10-04,0.0
2019-10-05,0.0
2019-10-06,0.0
2019-10-07,0.0
2019-10-08,0.0
2019-10-09,0.0
2019-10-10,0.0
2019-10-11,0.0
2019-10-12,0.0
2019-10-13,0.32952767610549927
2019-10-14,0.8957720398902893
2019-10-15,1.2025010585784912
2019-10-16,0.28731614351272583
2019-10-17,0.603473961353302
2019-10-18,1.6740586757659912
2019-10-19,7.3369269371032715
2019-10-20,0.06623339653015137
2019-10-21,0.0
2019-10-22,0.0
2019-10-23,0.0
2019-10-24,0.0
2019-10-25,0.0
2019-10-26,0.0
2019-10-27,0.0
2019-10-28,0.0
2019-10-29,0.0
2019-10-30,0.0
2019-10-31,0.0
2019-11-01,0.0023887220304459333
2019-11-02,0.0
2019-11-03,0.0
2019-11-04,0.0
2019-11-05,2.5298945903778076
2019-11-06,0.21179917454719543
2019-11-07,3.0789260864257812
2019-11-08,0.5868291854858398
2019-11-09,1.7226606607437134
2019-11-10,4.346586227416992
2019-11-11,0.059387512505054474
2019-11-12,0.04737536609172821
2019-11-13,4.727509021759033
2019-11-14,0.0
2019-11-15,0.0
2019-11-16,0.0
2019-11-17,0.0
2019-11-18,0.0
2019-11-19,0.0
2019-11-20,0.0
2019-11-21,1.3534514904022217
2019-11-22,2.2279391288757324
2019-11-23,0.3618409335613251
2019-11-24,0.3289606273174286
2019-11-25,0.7147365808486938
2019-11-26,0.037609223276376724
2019-11-27,0.0
2019-11-28,0.042600370943546295
2019-11-29,0.1974368691444397
2019-11-30,4.293542385101318
2019-12-01,0.7428271174430847
2019-12-02,9.933443069458008
2019-12-03,4.931707859039307
2019-12-04,0.0
2019-12-05,0.0
2019-12-06,0.0
2019-12-07,22.51801109313965
2019-12-08,1.1391644477844238
2019-12-09,2.052605152130127
2019-12-10,3.1138832569122314
2019-12-11,0.5658288598060608
2019-12-12,0.0
2019-12-13,0.0
2019-12-14,0.0
2019-12-15,5.396668434143066
2019-12-16,0.0
2019-12-17,0.0
2019-12-18,0.0
2019-12-19,0.0
2019-12-20,0.0
2019-12-21,1.9813321828842163
2019-12-22,0.0
2019-12-23,1.5501515865325928
2019-12-24,0.6768485307693481
2019-12-25,0.1320260912179947
2019-12-26,4.016891002655029
2019-12-27,5.217004776000977
2019-12-28,0.018869034945964813
2019-12-29,1.581905484199524
2019-12-30,0.3343846797943115
2019-12-31,2.0284876823425293
2020-01-01,0.30471673607826233
2020-01-02,0.008925500325858593
2020-01-03,9.810559272766113
2020-01-04,8.785128593444824
2020-01-05,6.155311107635498
2020-01-06,0.0
2020-01-07,0.17686639726161957
2020-01-08,0.03547074645757675
2020-01-09,0.7275575995445251
2020-01-10,3.349245309829712
2020-01-11,8.339999198913574
2020-01-12,11.727078437805176
2020-01-13,4.808935642242432
2020-01-14,2.8380277156829834
2020-01-15,0.48039430379867554
2020-01-16,4.8304762840271
2020-01-17,0.6443748474121094
2020-01-18,1.1112240552902222
2020-01-19,4.847937107086182
2020-01-20,2.8285763263702393
2020-01-21,18.043685913085938
2020-01-22,1.16640043258667
2020-01-23,0.03682258352637291
2020-01-24,0.0
2020-01-25,0.0
2020-01-26,0.4821821451187134
2020-01-27,0.7800119519233704
2020-01-28,0.2860402762889862
2020-01-29,2.099925994873047
2020-01-30,8.565245628356934
2020-01-31,3.935608148574829
2020-02-01,0.0
2020-02-02,1.0949569940567017
2020-02-03,0.6351972222328186
2020-02-04,0.12867669761180878
2020-02-05,0.17887066304683685
2020-02-06,6.726141929626465
2020-02-07,1.119847059249878
2020-02-08,0.09403831511735916
2020-02-09,0.784043550491333
2020-02-10,0.07833385467529297
2020-02-11,15.929070472717285
2020-02-12,0.448086678981781
2020-02-13,0.0
2020-02-14,0.0
2020-02-15,17.075313568115234
2020-02-16,1.583692193031311
2020-02-17,1.776869297027588
2020-02-18,1.8576241731643677
2020-02-19,5.859653949737549
2020-02-20,22.46208953857422
2020-02-21,0.7002807259559631
2020-02-22,0.0
2020-02-23,2.61012864112854
2020-02-24,1.7880570888519287
2020-02-25,13.564735412597656
2020-02-26,0.4967234134674072
2020-02-27,0.5581705570220947
2020-02-28,0.023083580657839775
2020-02-29,4.808335781097412
2020-03-01,0.0
2020-03-02,0.0
2020-03-03,0.0
2020-03-04,0.0
2020-03-05,0.0
2020-03-06,0.0
2020-03-07,0.0
2020-03-08,0.0
2020-03-09,0.0
2020-03-10,0.0
2020-03-11,0.0
2020-03-12,4.4816741943359375
2020-03-13,0.0
2020-03-14,2.869638442993164
2020-03-15,7.28882360458374
2020-03-16,5.722458362579346
2020-03-17,2.877441644668579
2020-03-18,19.134572982788086
2020-03-19,12.288269996643066
2020-03-20,4.046915531158447
2020-03-21,2.371877431869507
2020-03-22,0.0
2020-03-23,0.0
2020-03-24,0.0
2020-03-25,0.2090456187725067
2020-03-26,2.146712064743042
2020-03-27,0.0
2020-03-28,0.03472322225570679
2020-03-29,0.0
2020-03-30,0.2328498363494873
2020-03-31,0.0
2020-04-01,0.0
2020-04-02,0.0
2020-04-03,0.0
2020-04-04,0.0
2020-04-05,0.0
2020-04-06,0.0
2020-04-07,0.0
2020-04-08,0.0
2020-04-09,0.0
2020-04-10,0.0
2020-04-11,0.0
2020-04-12,0.0
2020-04-13,0.0
2020-04-14,0.0
2020-04-15,0.0
2020-04-16,0.0
2020-04-17,0.0
2020-04-18,0.0
2020-04-19,0.0
2020-04-20,0.0
2020-04-21,0.0
2020-04-22,0.0
2020-04-23,0.0
2020-04-24,0.0
2020-04-25,0.0
2020-04-26,0.0
2020-04-27,0.0
2020-04-28,0.0
2020-04-29,0.0
2020-04-30,0.0
2020-05-01,5.663882732391357
2020-05-02,0.7329983115196228
2020-05-03,0.3000577390193939
2020-05-04,0.11106034368276596
2020-05-05,0.03331810608506203
2020-05-06,0.0
2020-05-07,0.0
2020-05-08,0.0
2020-05-09,0.0
2020-05-10,0.0
2020-05-11,0.0
2020-05-12,0.0
2020-05-13,0.0
2020-05-14,0.0
2020-05-15,0.0
2020-05-16,0.0
2020-05-17,0.0
2020-05-18,0.0
2020-05-19,0.0
2020-05-20,0.0
2020-05-21,0.0
2020-05-22,0.0
2020-05-23,0.0
2020-05-24,0.0
2020-05-25,0.0
2020-05-26,0.0
2020-05-27,0.0
2020-05-28,0.0
2020-05-29,0.0
2020-05-30,0.0
2020-05-31,0.0
2020-06-01,0.0
2020-06-02,0.0
2020-06-03,0.0
2020-06-04,0.0
2020-06-05,0.0
2020-06-06,0.0
2020-06-07,0.0
2020-06-08,0.0
2020-06-09,0.0
2020-06-10,0.0
2020-06-11,0.0
2020-06-12,0.0
2020-06-13,0.0
2020-06-14,0.0
2020-06-15,0.0
2020-06-16,0.0
2020-06-17,0.0
2020-06-18,0.0
2020-06-19,0.0
2020-06-20,0.0
2020-06-21,0.0
2020-06-22,0.0
2020-06-23,0.0
2020-06-24,0.0
2020-06-25,0.0
2020-06-26,0.0
2020-06-27,0.0
2020-06-28,0.0
2020-06-29,0.0
2020-06-30,0.0
2020-07-01,0.0
2020-07-02,0.0
2020-07-03,0.0
2020-07-04,0.0
2020-07-05,0.0
2020-07-06,0.0
2020-07-07,0.0
2020-07-08,0.0
2020-07-09,0.0
2020-07-10,0.0
2020-07-11,0.0
2020-07-12,0.0
2020-07-13,0.0
2020-07-14,0.0
2020-07-15,0.0
2020-07-16,0.0
2020-07-17,0.0
2020-07-18,0.0
2020-07-19,0.0
2020-07-20,0.0
2020-07-21,0.0
2020-07-22,0.0
2020-07-23,0.0
2020-07-24,0.0
2020-07-25,0.0
2020-07-26,0.0
2020-07-27,0.0
2020-07-28,0.0
2020-07-29,0.0
2020-07-30,0.0
2020-07-31,0.0
2020-08-01,0.0
2020-08-02,0.0
2020-08-03,0.0
2020-08-04,0.0
2020-08-05,0.0
2020-08-06,0.0
2020-08-07,0.0
2020-08-08,0.0
2020-08-09,0.0
2020-08-10,0.0
2020-08-11,0.0
2020-08-12,0.0
2020-08-13,0.0
2020-08-14,0.0
2020-08-15,0.0
2020-08-16,0.0
2020-08-17,0.0
2020-08-18,0.0
2020-08-19,0.0
2020-08-20,0.0
2020-08-21,0.0
2020-08-22,0.0
2020-08-23,0.0
2020-08-24,0.0
2020-08-25,0.0
2020-08-26,0.0
2020-08-27,0.0
2020-08-28,0.0
2020-08-29,0.0
2020-08-30,0.6503393054008484
2020-08-31,0.8199930191040039
2020-09-01,0.0
2020-09-02,0.0
2020-09-03,0.0
2020-09-04,0.0
2020-09-05,0.0
2020-09-06,4.601402282714844
2020-09-07,0.15070948004722595
2020-09-08,0.015921317040920258
2020-09-09,0.12344992160797119
2020-09-10,3.9183120727539062
2020-09-11,0.009485291317105293
2020-09-12,2.0970652103424072
2020-09-13,2.416297197341919
2020-09-14,3.062073230743408
2020-09-15,4.556251049041748
2020-09-16,0.9866007566452026
2020-09-17,0.0
2020-09-18,7.486654281616211
2020-09-19,0.0
2020-09-20,0.0
2020-09-21,0.0
2020-09-22,0.0
2020-09-23,0.0
2020-09-24,0.0
2020-09-25,0.0
2020-09-26,0.0
2020-09-27,0.07256057858467102
2020-09-28,1.289594054222107
2020-09-29,2.4640004634857178
2020-09-30,3.3479788303375244
2020-10-01,0.03429301455616951
2020-10-02,0.02266826294362545
2020-10-03,0.008137325756251812
2020-10-04,0.008137325756251812
2020-10-05,0.008137325756251812
2020-10-06,0.0
2020-10-07,0.0
2020-10-08,0.9064560532569885
2020-10-09,2.911034345626831
2020-10-10,6.766526699066162
2020-10-11,1.3122159242630005
2020-10-12,0.11551664024591446
2020-10-13,15.738557815551758
2020-10-14,0.7484925389289856
2020-10-15,11.855348587036133
2020-10-16,15.01889419555664
2020-10-17,1.0895198583602905
2020-10-18,0.18185542523860931
2020-10-19,0.02557341754436493
2020-10-20,0.0
2020-10-21,0.0
2020-10-22,0.0
2020-10-23,0.0
2020-10-24,0.0
2020-10-25,0.0
2020-10-26,0.0
2020-10-27,0.0
2020-10-28,0.0
2020-10-29,0.0
2020-10-30,0.0
2020-10-31,0.0
2020-11-01,0.0
2020-11-02,0.0
2020-11-03,0.0
2020-11-04,0.0
2020-11-05,0.0
2020-11-06,1.272408127784729
2020-11-07,1.5030161142349243
2020-11-08,0.17519189417362213
2020-11-09,0.004850327502936125
2020-11-10,0.0
2020-11-11,0.0
2020-11-12,0.0
2020-11-13,0.0
2020-11-14,0.0
2020-11-15,0.0
2020-11-16,0.0
2020-11-17,0.0
2020-11-18,0.0
2020-11-19,0.0
2020-11-20,0.0
2020-11-21,0.0
2020-11-22,0.5872966647148132
2020-11-23,0.5967214703559875
2020-11-24,1.6041322946548462
2020-11-25,0.9568711519241333
2020-11-26,5.0692338943481445
2020-11-27,0.0
2020-11-28,0.0
2020-11-29,2.217761278152466
2020-11-30,7.923307418823242
2020-12-01,0.04326392337679863
2020-12-02,1.4647095203399658
2020-12-03,1.3335155248641968
2020-12-04,10.18786907196045
2020-12-05,4.536566257476807
2020-12-06,0.05758117884397507
2020-12-07,0.10380198806524277
2020-12-08,1.183958649635315
2020-12-09,1.4724159240722656
2020-12-10,0.0
2020-12-11,0.049460675567388535
2020-12-12,0.008786498568952084
2020-12-13,0.0
2020-12-14,0.0015558992745354772
2020-12-15,0.01488009188324213
2020-12-16,4.7186102867126465
2020-12-17,0.1742306649684906
2020-12-18,5.260680675506592
2020-12-19,0.0
2020-12-20,0.009723265655338764
2020-12-21,0.26382526755332947
2020-12-22,0.0
2020-12-23,0.02561410330235958
2020-12-24,1.6324987411499023
2020-12-25,7.048121452331543
2020-12-26,12.952404975891113
2020-12-27,0.046290382742881775
2020-12-28,0.061720505356788635
2020-12-29,0.8064578771591187
2020-12-30,0.24860721826553345
2020-12-31,0.09258076548576355
2021-01-01,0.0
2021-01-02,0.0
2021-01-03,0.7229964733123779
2021-01-04,0.8966205716133118
2021-01-05,0.3435910642147064
2021-01-06,4.327770233154297
2021-01-07,7.309223175048828
2021-01-08,8.193855285644531
2021-01-09,1.355930209159851
2021-01-10,8.918892860412598
2021-01-11,0.23578986525535583
2021-01-12,4.167919158935547
2021-01-13,10.162359237670898
2021-01-14,1.3280560970306396
2021-01-15,0.0
2021-01-16,0.018051445484161377
2021-01-17,11.350854873657227
2021-01-18,0.03094533458352089
2021-01-19,0.02732318453490734
2021-01-20,0.6879230737686157
2021-01-21,0.02078144997358322
2021-01-22,0.09774769842624664
2021-01-23,0.6453996896743774
2021-01-24,4.724612712860107
2021-01-25,6.35688591003418
2021-01-26,4.994383335113525
2021-01-27,0.0
2021-01-28,0.38421931862831116
2021-01-29,0.04208417981863022
2021-01-30,0.0
2021-01-31,1.0097756385803223
2021-02-01,7.487436771392822
2021-02-02,0.5576038956642151
2021-02-03,1.4846843481063843
2021-02-04,12.35479736328125
2021-02-05,0.6726794242858887
2021-02-06,0.4431116282939911
2021-02-07,6.804821491241455
2021-02-08,12.338412284851074
2021-02-09,0.5608108639717102
2021-02-10,0.26018136739730835
2021-02-11,0.0
2021-02-12,0.0
2021-02-13,0.0
2021-02-14,0.0
2021-02-15,0.0
2021-02-16,0.03979998454451561
2021-02-17,3.161381244659424
2021-02-18,3.5534443855285645
2021-02-19,0.7306140065193176
2021-02-20,0.04832855239510536
2021-02-21,7.9851837158203125
2021-02-22,0.0
2021-02-23,0.0
2021-02-24,2.3089687824249268
2021-02-25,0.09620703011751175
2021-02-26,0.13314038515090942
2021-02-27,1.9125276803970337
2021-02-28,3.280609369277954
2021-03-01,1.3252028226852417
2021-03-02,0.0
2021-03-03,0.0
2021-03-04,0.24667927622795105
2021-03-05,0.40241965651512146
2021-03-06,0.0
2021-03-07,0.0
2021-03-08,0.04387851804494858
2021-03-09,0.0
2021-03-10,0.9734531044960022
2021-03-11,3.8853919506073
2021-03-12,0.0
2021-03-13,0.0
2021-03-14,0.0
2021-03-15,0.6488083004951477
2021-03-16,0.17859065532684326
2021-03-17,1.6754209995269775
2021-03-18,1.3355252742767334
2021-03-19,4.089295864105225
2021-03-20,8.64147663116455
2021-03-21,6.345100402832031
2021-03-22,1.511345386505127
2021-03-23,0.0
2021-03-24,4.798681259155273
2021-03-25,0.08608929067850113
2021-03-26,3.201827049255371
2021-03-27,2.064924478530884
2021-03-28,3.9476869106292725
2021-03-29,9.88287353515625
2021-03-30,0.0
2021-03-31,8.285017013549805
2021-04-01,0.8889413475990295
2021-04-02,0.07563615590333939
2021-04-03,0.0
2021-04-04,7.507177352905273
2021-04-05,2.5238516330718994
2021-04-06,0.0
2021-04-07,0.0
2021-04-08,0.0
2021-04-09,0.0
2021-04-10,0.0
2021-04-11,0.35095253586769104
2021-04-12,0.13217607140541077
2021-04-13,2.97499418258667
2021-04-14,1.1977897882461548
2021-04-15,0.0
2021-04-16,0.0
2021-04-17,0.0
2021-04-18,0.0
2021-04-19,0.0
2021-04-20,0.0
2021-04-21,0.0
2021-04-22,0.0
2021-04-23,0.0
2021-04-24,0.0
2021-04-25,0.0
2021-04-26,0.0
2021-04-27,0.0
2021-04-28,0.0
2021-04-29,0.0
2021-04-30,0.0
2021-05-01,0.0
2021-05-02,0.0
2021-05-03,0.0
2021-05-04,0.0
2021-05-05,0.0
2021-05-06,0.0
2021-05-07,0.0
2021-05-08,0.0
2021-05-09,0.0
2021-05-10,0.0
2021-05-11,0.0
2021-05-12,0.0
2021-05-13,0.0
2021-05-14,0.0
2021-05-15,0.0
2021-05-16,0.0
2021-05-17,0.0
2021-05-18,0.0
2021-05-19,0.0
2021-05-20,0.0
2021-05-21,0.0
2021-05-22,0.0
2021-05-23,0.0
2021-05-24,0.0
2021-05-25,0.0
2021-05-26,0.35505783557891846
2021-05-27,0.40733659267425537
2021-05-28,0.0
2021-05-29,0.002385841915383935
2021-05-30,0.01777583174407482
2021-05-31,0.0
2021-06-01,0.0
2021-06-02,0.0
2021-06-03,0.0
2021-06-04,0.007511815056204796
2021-06-05,2.7117652893066406
2021-06-06,0.0
2021-06-07,0.0
2021-06-08,0.0
2021-06-09,0.0
2021-06-10,0.0
2021-06-11,0.0
2021-06-12,0.0
2021-06-13,0.0
2021-06-14,0.0
2021-06-15,0.0
2021-06-16,0.0
2021-06-17,0.0
2021-06-18,0.0
2021-06-19,0.0
2021-06-20,0.0
2021-06-21,0.21782620251178741
2021-06-22,0.0
2021-06-23,0.1409463733434677
2021-06-24,0.0
2021-06-25,0.0
2021-06-26,0.0
2021-06-27,0.0
2021-06-28,0.0
2021-06-29,0.0
2021-06-30,0.0
2021-07-01,0.0
2021-07-02,0.0
2021-07-03,0.0
2021-07-04,0.0
2021-07-05,0.0
2021-07-06,0.0
2021-07-07,0.0
2021-07-08,0.0
2021-07-09,0.0
2021-07-10,0.0
2021-07-11,0.0
2021-07-12,0.0
2021-07-13,0.0
2021-07-14,0.0
2021-07-15,0.0
2021-07-16,0.0
2021-07-17,0.0
2021-07-18,0.0
2021-07-19,0.0
2021-07-20,0.0
2021-07-21,0.0
2021-07-22,0.0
2021-07-23,0.0
2021-07-24,0.0
2021-07-25,0.0
2021-07-26,0.0
2021-07-27,0.0
2021-07-28,0.0
2021-07-29,0.0
2021-07-30,0.0
2021-07-31,0.0
2021-08-01,0.0
2021-08-02,0.0
2021-08-03,4.789638042449951
2021-08-04,1.3921843767166138
2021-08-05,0.004091213457286358
2021-08-06,0.0
2021-08-07,0.0
2021-08-08,0.0
2021-08-09,0.0
2021-08-10,0.0
2021-08-11,0.0
2021-08-12,0.0
2021-08-13,0.0
2021-08-14,0.0
2021-08-15,0.0
2021-08-16,0.0
2021-08-17,0.0
2021-08-18,0.0
2021-08-19,0.0
2021-08-20,0.0
2021-08-21,0.0
2021-08-22,0.0
2021-08-23,0.0
2021-08-24,0.0
2021-08-25,0.0
2021-08-26,0.0
2021-08-27,0.0
2021-08-28,0.0
2021-08-29,0.0
2021-08-30,0.0
2021-08-31,0.0
2021-09-01,0.0
2021-09-02,0.0
2021-09-03,0.0
2021-09-04,0.0
2021-09-05,0.0
2021-09-06,3.5886807441711426
2021-09-07,0.2947429120540619
2021-09-08,0.5433381795883179
2021-09-09,0.6065403819084167
2021-09-10,0.0
2021-09-11,0.0
2021-09-12,0.0
2021-09-13,0.0
2021-09-14,0.0
2021-09-15,0.0
2021-09-16,5.336711883544922
2021-09-17,0.0
2021-09-18,0.0
2021-09-19,0.0
2021-09-20,5.851432800292969
2021-09-21,17.268301010131836
2021-09-22,9.08864688873291
2021-09-23,1.1122145652770996
2021-09-24,0.0
2021-09-25,0.0
2021-09-26,0.0
2021-09-27,0.0
2021-09-28,0.0
2021-09-29,0.06284666806459427
2021-09-30,4.876900672912598
2021-10-01,0.0
2021-10-02,0.0
2021-10-03,0.0
2021-10-04,0.0
2021-10-05,0.0
2021-10-06,4.157685279846191
2021-10-07,6.070100784301758
2021-10-08,0.0
2021-10-09,0.0
2021-10-10,0.0
2021-10-11,0.0
2021-10-12,0.0
2021-10-13,0.0
2021-10-14,0.0
2021-10-15,0.0
2021-10-16,0.0
2021-10-17,0.0
2021-10-18,0.0
2021-10-19,0.0
2021-10-20,0.0
2021-10-21,0.0
2021-10-22,0.0
2021-10-23,0.0
2021-10-24,0.0
2021-10-25,0.0
2021-10-26,1.0679419040679932
2021-10-27,0.002142238197848201
2021-10-28,0.17257921397686005
2021-10-29,1.2344778776168823
2021-10-30,0.0
2021-10-31,0.052127789705991745
2021-11-01,0.5227683782577515
2021-11-02,0.882171630859375
2021-11-03,0.0
2021-11-04,0.35940325260162354
2021-11-05,0.0
2021-11-06,2.383885145187378
2021-11-07,0.0
2021-11-08,0.6168432831764221
2021-11-09,0.0
2021-11-10,0.2600904107093811
2021-11-11,5.284324645996094
2021-11-12,3.5467498302459717
2021-11-13,0.4837952256202698
2021-11-14,1.0380253791809082
2021-11-15,0.1884322315454483
2021-11-16,1.6191240549087524
2021-11-17,0.8478841185569763
2021-11-18,0.3965969383716583
2021-11-19,0.0
2021-11-20,0.0
2021-11-21,0.0703720822930336
2021-11-22,0.0
2021-11-23,1.9738887548446655
2021-11-24,10.360913276672363
2021-11-25,1.6087462902069092
2021-11-26,0.0
2021-11-27,0.030087145045399666
2021-11-28,7.8206400871276855
2021-11-29,4.398695468902588
2021-11-30,0.0
2021-12-01,0.007321157958358526
2021-12-02,0.6499224901199341
2021-12-03,2.8481850624084473
2021-12-04,7.065906047821045
2021-12-05,20.250741958618164
2021-12-06,4.723540782928467
2021-12-07,0.9249922037124634
2021-12-08,9.761197090148926
2021-12-09,21.082048416137695
2021-12-10,8.429466247558594
2021-12-11,0.24627640843391418
2021-12-12,0.0
2021-12-13,0.059953756630420685
2021-12-14,0.1322164088487625
2021-12-15,0.2143772542476654
2021-12-16,2.3989548683166504
2021-12-17,0.049629803746938705
2021-12-18,0.6542801260948181
2021-12-19,0.4622576832771301
2021-12-20,2.4331750869750977
2021-12-21,5.628905773162842
2021-12-22,5.991827964782715
2021-12-23,2.408210277557373
2021-12-24,0.0
2021-12-25,6.080700874328613
2021-12-26,0.0
2021-12-27,0.0
2021-12-28,0.0
2021-12-29,0.0
2021-12-30,0.0
2021-12-31,0.0
2022-01-01,0.0
2022-01-02,0.0
2022-01-03,0.0
2022-01-04,0.0
2022-01-05,0.0
2022-01-06,0.14558885991573334
2022-01-07,12.14273738861084
2022-01-08,5.508205890655518
2022-01-09,0.6094694137573242
2022-01-10,6.69351863861084
2022-01-11,0.0
2022-01-12,0.0
2022-01-13,0.0
2022-01-14,0.0
2022-01-15,0.0
2022-01-16,0.4191872775554657
2022-01-17,4.780410289764404
2022-01-18,7.155929088592529
2022-01-19,1.438277006149292
2022-01-20,4.82820987701416
2022-01-21,2.353006601333618
2022-01-22,3.7613942623138428
2022-01-23,3.346996784210205
2022-01-24,5.661974906921387
2022-01-25,0.158122718334198
2022-01-26,4.730348110198975
2022-01-27,8.858646392822266
2022-01-28,1.3964229822158813
2022-01-29,24.127328872680664
2022-01-30,6.4658989906311035
2022-01-31,1.3190739154815674
2022-02-01,0.048130422830581665
2022-02-02,0.7038798332214355
2022-02-03,0.7686955332756042
2022-02-04,1.5173240900039673
2022-02-05,1.0146052837371826
2022-02-06,1.4747449159622192
2022-02-07,0.14499764144420624
2022-02-08,0.42508596181869507
2022-02-09,0.8282807469367981
2022-02-10,0.16790124773979187
2022-02-11,3.2331461906433105
2022-02-12,0.9429811835289001
2022-02-13,1.9773173332214355
2022-02-14,2.636898994445801
2022-02-15,1.5753587484359741
2022-02-16,0.11710765212774277
2022-02-17,6.08064603805542
2022-02-18,1.8000917434692383
2022-02-19,5.882452011108398
2022-02-20,1.3018174171447754
2022-02-21,0.0
2022-02-22,0.0
2022-02-23,0.0
2022-02-24,0.0
2022-02-25,0.0
2022-02-26,0.0
2022-02-27,0.0
2022-02-28,0.0
2022-03-01,2.868199586868286
2022-03-02,4.008393287658691
2022-03-03,0.9533798098564148
2022-03-04,0.0
2022-03-05,0.0
2022-03-06,0.0
2022-03-07,0.2916959524154663
2022-03-08,0.2916959524154663
2022-03-09,0.0
2022-03-10,0.0
2022-03-11,1.3861697912216187
2022-03-12,2.2990903854370117
2022-03-13,2.446516990661621
2022-03-14,0.30602791905403137
2022-03-15,0.2275904268026352
2022-03-16,0.0
2022-03-17,0.6474743485450745
2022-03-18,1.5006393194198608
2022-03-19,1.3377033472061157
2022-03-20,0.31000176072120667
2022-03-21,0.8856468200683594
2022-03-22,4.061625957489014
2022-03-23,0.7181896567344666
2022-03-24,0.0
2022-03-25,5.161359786987305
2022-03-26,0.0
2022-03-27,0.0
2022-03-28,0.0
2022-03-29,0.0
2022-03-30,0.0
2022-03-31,0.0
2022-04-01,0.0
2022-04-02,1.5235456228256226
2022-04-03,0.0
2022-04-04,2.7817063331604004
2022-04-05,6.0019965171813965
2022-04-06,0.0
2022-04-07,0.0
2022-04-08,0.0
2022-04-09,0.0
2022-04-10,0.0
2022-04-11,0.0
2022-04-12,0.0
2022-04-13,0.0
2022-04-14,0.0
2022-04-15,0.0
2022-04-16,0.0
2022-04-17,0.0
2022-04-18,0.0
2022-04-19,0.0
2022-04-20,0.0
2022-04-21,0.0
2022-04-22,0.0
2022-04-23,0.0
2022-04-24,0.0
2022-04-25,0.0
2022-04-26,0.012956283055245876
2022-04-27,0.012956283055245876
2022-04-28,0.012956283055245876
2022-04-29,0.07773769646883011
2022-04-30,0.012956283055245876
2022-05-01,0.0
2022-05-02,0.0
2022-05-03,0.0
2022-05-04,0.0
2022-05-05,0.0
2022-05-06,0.0
2022-05-07,0.0
2022-05-08,0.0
2022-05-09,0.0
2022-05-10,0.0
2022-05-11,0.0
2022-05-12,0.0
2022-05-13,0.0
2022-05-14,0.0
2022-05-15,0.0
2022-05-16,0.0
2022-05-17,0.0
2022-05-18,0.0
2022-05-19,0.0
2022-05-20,0.0
2022-05-21,0.0
2022-05-22,0.0
2022-05-23,0.0
2022-05-24,0.0
2022-05-25,0.0
2022-05-26,0.0
2022-05-27,0.0
2022-05-28,0.0
2022-05-29,0.0
2022-05-30,0.0
2022-05-31,0.0
2022-06-01,0.0
2022-06-02,0.0
2022-06-03,0.0
2022-06-04,0.0
2022-06-05,0.0
2022-06-06,0.0
2022-06-07,0.0
2022-06-08,0.0
2022-06-09,0.0
2022-06-10,0.0
2022-06-11,0.0
2022-06-12,0.0
2022-06-13,0.0
2022-06-14,0.0
2022-06-15,0.0
2022-06-16,0.0
2022-06-17,0.0
2022-06-18,0.0
2022-06-19,0.0
2022-06-20,0.0
2022-06-21,0.0
2022-06-22,0.0
2022-06-23,0.0
2022-06-24,0.0
2022-06-25,0.0
2022-06-26,0.0
2022-06-27,0.0
2022-06-28,0.0
2022-06-29,0.0
2022-06-30,0.0
2022-07-01,0.0
2022-07-02,0.0
2022-07-03,0.0
2022-07-04,0.0
2022-07-05,0.0
2022-07-06,0.0
2022-07-07,0.0
2022-07-08,0.0
2022-07-09,0.0
2022-07-10,0.0
2022-07-11,0.33493199944496155
2022-07-12,0.0
2022-07-13,0.0
2022-07-14,0.1981286108493805
2022-07-15,0.0
2022-07-16,0.0
2022-07-17,0.0
2022-07-18,0.0
2022-07-19,0.0
2022-07-20,0.0
2022-07-21,0.0
2022-07-22,0.0
2022-07-23,0.0
2022-07-24,0.0
2022-07-25,0.0
2022-07-26,0.0
2022-07-27,0.0
2022-07-28,0.0
2022-07-29,0.0
2022-07-30,0.0
2022-07-31,0.0
2022-08-01,0.0
2022-08-02,0.0
2022-08-03,0.0
2022-08-04,0.0
2022-08-05,0.0
2022-08-06,0.0
2022-08-07,0.0
2022-08-08,0.0
2022-08-09,0.0
2022-08-10,0.0
2022-08-11,0.0
2022-08-12,0.0
2022-08-13,0.0
2022-08-14,0.0
2022-08-15,0.0
2022-08-16,0.0
2022-08-17,0.0
2022-08-18,0.0
2022-08-19,0.0
2022-08-20,0.0
2022-08-21,0.0
2022-08-22,0.0
2022-08-23,0.0
2022-08-24,0.0
2022-08-25,0.0
2022-08-26,0.0
2022-08-27,0.0008875050116330385
2022-08-28,0.003857233328744769
2022-08-29,0.026317935436964035
2022-08-30,0.0
2022-08-31,0.0
2022-09-01,0.0
2022-09-02,0.0
2022-09-03,0.0
2022-09-04,0.0
2022-09-05,0.0
2022-09-06,0.0
2022-09-07,0.0
2022-09-08,0.0
2022-09-09,0.0
2022-09-10,0.0
2022-09-11,0.0
2022-09-12,0.0
2022-09-13,0.0
2022-09-14,0.0
2022-09-15,0.0
2022-09-16,0.0
2022-09-17,0.0
2022-09-18,0.0
2022-09-19,0.0
2022-09-20,0.0
2022-09-21,0.0
2022-09-22,0.0
2022-09-23,0.0
2022-09-24,0.0
2022-09-25,0.0
2022-09-26,0.0
2022-09-27,0.0
2022-09-28,0.0
2022-09-29,0.0
2022-09-30,0.0
2022-10-01,0.0
2022-10-02,0.0
2022-10-03,0.0
2022-10-04,0.0
2022-10-05,0.0
2022-10-06,0.0
2022-10-07,0.0
2022-10-08,0.0
2022-10-09,0.0
2022-10-10,0.0
2022-10-11,0.0
2022-10-12,0.0
2022-10-13,0.0
2022-10-14,0.0
2022-10-15,0.0
2022-10-16,0.0
2022-10-17,0.0
2022-10-18,0.0
2022-10-19,0.0
2022-10-20,0.0
2022-10-21,0.0
2022-10-22,0.0
2022-10-23,0.0
2022-10-24,0.0
2022-10-25,0.0
2022-10-26,0.0
2022-10-27,0.0
2022-10-28,0.0
2022-10-29,0.0
2022-10-30,0.0
2022-10-31,0.0
2022-11-01,0.0
2022-11-02,0.0
2022-11-03,0.0
2022-11-04,0.0
2022-11-05,0.0
2022-11-06,0.4694474935531616
2022-11-07,0.03842190280556679
2022-11-08,0.6337214112281799
2022-11-09,0.06768811494112015
2022-11-10,0.0
2022-11-11,0.0
2022-11-12,0.0
2022-11-13,0.0
2022-11-14,0.0
2022-11-15,0.0
2022-11-16,0.0
2022-11-17,0.419931560754776
2022-11-18,0.4900174140930176
2022-11-19,0.0
2022-11-20,0.0003580220800358802
2022-11-21,0.032328251749277115
2022-11-22,4.419496059417725
2022-11-23,0.20081259310245514
2022-11-24,0.133321151137352
2022-11-25,0.0
2022-11-26,0.0
2022-11-27,0.0
2022-11-28,0.0
2022-11-29,0.0
2022-11-30,0.0
2022-12-01,0.0
2022-12-02,0.0
2022-12-03,0.0
2022-12-04,0.0
2022-12-05,0.0
2022-12-06,0.0
2022-12-07,0.15256358683109283
2022-12-08,6.2516374588012695
2022-12-09,28.079233169555664
2022-12-10,1.2227755784988403
2022-12-11,14.474122047424316
2022-12-12,0.001221441081725061
2022-12-13,0.0
2022-12-14,0.1160140112042427
2022-12-15,8.618465423583984
2022-12-16,0.03371678665280342
2022-12-17,0.011297502554953098
2022-12-18,0.0012324168346822262
2022-12-19,0.018172798678278923
2022-12-20,0.09508096426725388
2022-12-21,0.22677497565746307
2022-12-22,0.016982365399599075
2022-12-23,0.031169753521680832
2022-12-24,0.007308899890631437
2022-12-25,0.0
2022-12-26,0.10578206926584244
2022-12-27,0.0
2022-12-28,1.5117639303207397
2022-12-29,0.7964550852775574
2022-12-30,0.0
2022-12-31,0.0
2023-01-01,0.084750235080719
2023-01-02,0.3337685763835907
2023-01-03,0.39549505710601807
2023-01-04,0.04869075492024422
2023-01-05,1.5917949676513672
2023-01-06,0.0
2023-01-07,0.0
2023-01-08,0.0
2023-01-09,0.0
2023-01-10,0.0
2023-01-11,0.0
2023-01-12,0.0
2023-01-13,0.0
2023-01-14,0.0
2023-01-15,0.0
2023-01-16,0.0
2023-01-17,0.0
2023-01-18,0.0
2023-01-19,0.0
2023-01-20,0.0
2023-01-21,0.0
2023-01-22,0.8725184798240662
2023-01-23,1.8942234516143799
2023-01-24,8.324660301208496
2023-01-25,5.3294148445129395
2023-01-26,0.9674201607704163
2023-01-27,0.0
2023-01-28,1.1611391305923462
2023-01-29,0.13807083666324615
2023-01-30,0.0
2023-01-31,16.70564079284668
2023-02-01,0.0
2023-02-02,0.0
2023-02-03,0.0
2023-02-04,0.0
2023-02-05,0.0
2023-02-06,9.882370948791504
2023-02-07,1.563167929649353
2023-02-08,1.395236611366272
2023-02-09,3.064513921737671
2023-02-10,4.178565502166748
2023-02-11,0.45762091875076294
2023-02-12,10.988816261291504
2023-02-13,2.1026086807250977
2023-02-14,0.0920664593577385
2023-02-15,4.029510021209717
2023-02-16,0.0
2023-02-17,0.1944912225008011
2023-02-18,2.283081531524658
2023-02-19,0.3066302537918091
2023-02-20,0.05431735888123512
2023-02-21,4.467414855957031
2023-02-22,1.2487473487854004
2023-02-23,0.0
2023-02-24,0.0
2023-02-25,0.0
2023-02-26,0.0
2023-02-27,0.0
2023-02-28,0.0
2023-03-01,3.3743038177490234
2023-03-02,1.5915336608886719
2023-03-03,0.1960955709218979
2023-03-04,4.058679580688477
2023-03-05,2.950134038925171
2023-03-06,3.6513781547546387
2023-03-07,2.3534915447235107
2023-03-08,0.14565764367580414
2023-03-09,0.05983392521739006
2023-03-10,0.11566285043954849
2023-03-11,0.0
2023-03-12,0.0
2023-03-13,3.2421250343322754
2023-03-14,2.2903661727905273
2023-03-15,0.11143457144498825
2023-03-16,0.0
2023-03-17,0.0
2023-03-18,0.0
2023-03-19,0.0
2023-03-20,0.0
2023-03-21,0.0
2023-03-22,0.0
2023-03-23,6.893588066101074
2023-03-24,0.0
2023-03-25,3.316678047180176
2023-03-26,1.3075000047683716
2023-03-27,4.188391208648682
2023-03-28,1.696448802947998
2023-03-29,1.5485323667526245
2023-03-30,0.7253260016441345
2023-03-31,5.441103935241699
2023-04-01,0.18821093440055847
2023-04-02,0.0
2023-04-03,4.583882808685303
2023-04-04,0.0
2023-04-05,2.178579330444336
2023-04-06,0.0
2023-04-07,0.0
2023-04-08,0.0
2023-04-09,0.0
2023-04-10,0.0
2023-04-11,0.0
2023-04-12,0.0
2023-04-13,0.0
2023-04-14,0.0
2023-04-15,0.0
2023-04-16,0.0
2023-04-17,0.0
2023-04-18,0.0
2023-04-19,0.0
2023-04-20,0.0
2023-04-21,0.0
2023-04-22,0.0
2023-04-23,0.0
2023-04-24,0.0
2023-04-25,0.0
2023-04-26,0.0
2023-04-27,0.0
2023-04-28,0.0
2023-04-29,0.0
2023-04-30,0.0
2023-05-01,0.0
2023-05-02,0.0
2023-05-03,0.0
2023-05-04,0.0
2023-05-05,0.0
2023-05-06,0.0
2023-05-07,0.2623129189014435
2023-05-08,0.37515732645988464
2023-05-09,0.0
2023-05-10,13.30614948272705
2023-05-11,0.0
2023-05-12,0.0
2023-05-13,0.0
2023-05-14,0.0
2023-05-15,0.0
2023-05-16,0.0
2023-05-17,0.0
2023-05-18,0.0
2023-05-19,0.0
2023-05-20,0.0
2023-05-21,0.0
2023-05-22,0.0
2023-05-23,0.0
2023-05-24,0.0
2023-05-25,0.0
2023-05-26,0.0
2023-05-27,0.0
2023-05-28,0.0
2023-05-29,0.0
2023-05-30,0.0
2023-05-31,0.0
2023-06-01,0.0
2023-06-02,0.0
2023-06-03,0.0
2023-06-04,0.0
2023-06-05,0.0
2023-06-06,0.0
2023-06-07,0.0
2023-06-08,0.0
2023-06-09,0.0
2023-06-10,0.0
2023-06-11,0.0
2023-06-12,0.0
2023-06-13,0.0
2023-06-14,0.0
2023-06-15,0.0
2023-06-16,0.0
2023-06-17,0.0
2023-06-18,0.0
2023-06-19,0.0
2023-06-20,0.0
2023-06-21,0.0
2023-06-22,0.0
2023-06-23,0.0
2023-06-24,0.0
2023-06-25,0.0
2023-06-26,0.0
2023-06-27,0.0
2023-06-28,0.0
2023-06-29,0.0
2023-06-30,0.0
2023-07-01,0.0
2023-07-02,0.0
2023-07-03,0.0
2023-07-04,0.0
2023-07-05,0.0
2023-07-06,0.0
2023-07-07,0.0
2023-07-08,0.0
2023-07-09,0.0
2023-07-10,0.0
2023-07-11,0.0
2023-07-12,0.0
2023-07-13,0.0
2023-07-14,0.0
2023-07-15,0.0
2023-07-16,0.0
2023-07-17,0.0
2023-07-18,0.0
2023-07-19,0.0
2023-07-20,0.0
2023-07-21,0.0
2023-07-22,0.0
2023-07-23,0.0
2023-07-24,0.0
2023-07-25,0.0
2023-07-26,0.0
2023-07-27,0.0
2023-07-28,0.0
2023-07-29,0.0
2023-07-30,0.0
2023-07-31,0.0
2023-08-01,0.0
2023-08-02,0.0
2023-08-03,0.0
2023-08-04,0.0
2023-08-05,0.0
2023-08-06,0.0
2023-08-07,0.0
2023-08-08,0.0
2023-08-09,0.0
2023-08-10,0.0
2023-08-11,0.0
2023-08-12,9.150944709777832
2023-08-13,2.0771982669830322
2023-08-14,0.07868779450654984
2023-08-15,0.0
2023-08-16,0.0
2023-08-17,0.0
2023-08-18,0.0
2023-08-19,0.0
2023-08-20,0.0
2023-08-21,0.0
2023-08-22,0.0
2023-08-23,0.0
2023-08-24,0.0
2023-08-25,0.0
2023-08-26,0.0
2023-08-27,0.0
2023-08-28,0.0
2023-08-29,0.0
2023-08-30,0.0
2023-08-31,0.0
2023-09-01,0.0
2023-09-02,0.0
2023-09-03,0.0
2023-09-04,0.0
2023-09-05,0.0
2023-09-06,0.0
2023-09-07,0.0
2023-09-08,0.0
2023-09-09,0.0
2023-09-10,0.0
2023-09-11,0.0
2023-09-12,0.0
2023-09-13,0.0
2023-09-14,0.0
2023-09-15,0.0
2023-09-16,0.0
2023-09-17,0.0
2023-09-18,0.0
2023-09-19,0.0
2023-09-20,0.0
2023-09-21,0.0
2023-09-22,0.0
2023-09-23,0.0
2023-09-24,0.0
2023-09-25,0.0
2023-09-26,0.0010194481583312154
2023-09-27,0.0
2023-09-28,0.0
2023-09-29,0.013507109135389328
2023-09-30,0.15181340277194977
2023-10-01,0.0
2023-10-02,0.0
2023-10-03,0.0
2023-10-04,0.0
2023-10-05,0.0
2023-10-06,0.0
2023-10-07,0.0
2023-10-08,0.0
2023-10-09,0.0
2023-10-10,0.0
2023-10-11,1.381799340248108
2023-10-12,0.0
2023-10-13,0.0
2023-10-14,0.0
2023-10-15,0.00037930256803520024
2023-10-16,0.0
2023-10-17,0.5136062502861023
2023-10-18,1.130702018737793
2023-10-19,5.059762001037598
2023-10-20,0.3442784249782562
2023-10-21,12.409525871276855
2023-10-22,7.68953800201416
2023-10-23,1.4800982475280762
2023-10-24,0.1790611296892166
2023-10-25,0.0
2023-10-26,0.0
2023-10-27,0.0
2023-10-28,0.0
2023-10-29,0.0
2023-10-30,0.0
2023-10-31,0.0
2023-11-01,0.0
2023-11-02,0.0
2023-11-03,0.0
2023-11-04,1.0779900550842285
2023-11-05,0.015233439393341541
2023-11-06,0.008272428996860981
2023-11-07,1.9978258609771729
2023-11-08,0.6662178039550781
2023-11-09,0.8920797109603882
2023-11-10,1.156403660774231
2023-11-11,0.0
2023-11-12,0.0
2023-11-13,0.0
2023-11-14,0.0
2023-11-15,0.0
2023-11-16,0.0
2023-11-17,0.0
2023-11-18,0.17743271589279175
2023-11-19,0.004126342013478279
2023-11-20,0.0
2023-11-21,0.08263255655765533
2023-11-22,14.699790000915527
2023-11-23,0.7406325340270996
2023-11-24,0.030229901894927025
2023-11-25,0.0
2023-11-26,8.502860069274902
2023-11-27,0.0
2023-11-28,0.0
2023-11-29,0.0
2023-11-30,0.0
2023-12-01,20.955507278442383
2023-12-02,18.14027214050293
2023-12-03,0.3926737308502197
2023-12-04,1.529653549194336
2023-12-05,2.085956573486328
2023-12-06,0.206680566072464
2023-12-07,0.9050635695457458
2023-12-08,0.6313260793685913
2023-12-09,0.1889658123254776
2023-12-10,14.957752227783203
2023-12-11,0.19921241700649261
2023-12-12,0.0
2023-12-13,0.7190989255905151
2023-12-14,21.71048927307129
2023-12-15,10.136578559875488
2023-12-16,1.55232834815979
2023-12-17,0.28376051783561707
2023-12-18,7.7677178382873535
2023-12-19,4.522542953491211
2023-12-20,1.8686726093292236
2023-12-21,8.014897346496582
2023-12-22,1.1626765727996826
2023-12-23,5.146795272827148
2023-12-24,0.37178605794906616
2023-12-25,3.5686819553375244
2023-12-26,0.0036973278038203716
2023-12-27,0.023275334388017654
2023-12-28,6.558008670806885
2023-12-29,12.612689018249512
2023-12-30,4.845746994018555
2023-12-31,0.0853428840637207
