date,tp
1998-01-01,2.4318761825561523
1998-01-02,0.7464739680290222
1998-01-03,0.1344008594751358
1998-01-04,0.0
1998-01-05,0.0
1998-01-06,13.423347473144531
1998-01-07,2.468360662460327
1998-01-08,0.0
1998-01-09,0.0021601207554340363
1998-01-10,0.23791351914405823
1998-01-11,13.40331745147705
1998-01-12,2.6746740341186523
1998-01-13,0.5235849022865295
1998-01-14,0.0
1998-01-15,0.0
1998-01-16,2.5737223625183105
1998-01-17,0.0
1998-01-18,8.955965042114258
1998-01-19,0.0
1998-01-20,0.0
1998-01-21,0.0
1998-01-22,0.9331299066543579
1998-01-23,3.3614249229431152
1998-01-24,0.0
1998-01-25,0.8000162839889526
1998-01-26,1.982008695602417
1998-01-27,1.4608445167541504
1998-01-28,18.698200225830078
1998-01-29,0.17774070799350739
1998-01-30,0.0
1998-01-31,0.0
1998-02-01,0.19787843525409698
1998-02-02,0.003951970487833023
1998-02-03,6.874558925628662
1998-02-04,11.47421932220459
1998-02-05,0.06317323446273804
1998-02-06,0.0002974090166389942
1998-02-07,0.20696690678596497
1998-02-08,0.5511447191238403
1998-02-09,0.0
1998-02-10,21.217735290527344
1998-02-11,0.0
1998-02-12,0.0
1998-02-13,0.0
1998-02-14,0.0
1998-02-15,0.0
1998-02-16,0.0
1998-02-17,0.13464805483818054
1998-02-18,20.095027923583984
1998-02-19,10.116825103759766
1998-02-20,0.08692454546689987
1998-02-21,5.791012287139893
1998-02-22,52.215633392333984
1998-02-23,0.49209314584732056
1998-02-24,1.7480145692825317
1998-02-25,7.453460216522217
1998-02-26,10.684350967407227
1998-02-27,0.5240254402160645
1998-02-28,0.0
1998-03-01,2.1058802604675293
1998-03-02,0.0
1998-03-03,0.25736621022224426
1998-03-04,0.0
1998-03-05,1.3701653480529785
1998-03-06,0.0
1998-03-07,0.0
1998-03-08,19.703523635864258
1998-03-09,0.0
1998-03-10,0.0016195249045267701
1998-03-11,5.329251766204834
1998-03-12,0.0
1998-03-13,1.477908968925476
1998-03-14,7.192047119140625
1998-03-15,4.39267635345459
1998-03-16,1.1651948690414429
1998-03-17,14.23738956451416
1998-03-18,0.0
1998-03-19,0.0
1998-03-20,0.0
1998-03-21,0.0
1998-03-22,0.0
1998-03-23,0.0018856447422876954
1998-03-24,0.0
1998-03-25,19.805545806884766
1998-03-26,0.0
1998-03-27,0.0
1998-03-28,0.0
1998-03-29,0.0
1998-03-30,9.684532165527344
1998-03-31,18.212890625
1998-04-01,0.7708272933959961
1998-04-02,9.284760475158691
1998-04-03,1.8237282037734985
1998-04-04,0.248040109872818
1998-04-05,0.0
1998-04-06,0.0
1998-04-07,0.0
1998-04-08,0.0
1998-04-09,0.0
1998-04-10,0.0
1998-04-11,0.0
1998-04-12,0.0
1998-04-13,0.0
1998-04-14,0.0
1998-04-15,0.0
1998-04-16,0.0
1998-04-17,0.0
1998-04-18,0.0
1998-04-19,0.0
1998-04-20,0.0
1998-04-21,0.0
1998-04-22,0.0
1998-04-23,0.0
1998-04-24,0.0
1998-04-25,0.0
1998-04-26,0.5693137049674988
1998-04-27,9.178906475426629e-05
1998-04-28,0.0004210417391732335
1998-04-29,0.0
1998-04-30,0.0
1998-05-01,0.0
1998-05-02,0.0
1998-05-03,0.0
1998-05-04,0.0
1998-05-05,0.0
1998-05-06,0.0
1998-05-07,0.0
1998-05-08,0.0
1998-05-09,0.0
1998-05-10,0.0
1998-05-11,0.0
1998-05-12,0.044378798454999924
1998-05-13,2.5451722145080566
1998-05-14,0.24770136177539825
1998-05-15,10.685395240783691
1998-05-16,0.0
1998-05-17,0.0
1998-05-18,0.0
1998-05-19,0.0
1998-05-20,0.0
1998-05-21,0.0
1998-05-22,0.0
1998-05-23,0.0
1998-05-24,0.0
1998-05-25,0.0
1998-05-26,0.0
1998-05-27,0.0
1998-05-28,0.0
1998-05-29,0.0
1998-05-30,0.0
1998-05-31,0.0
1998-06-01,0.0
1998-06-02,0.0
1998-06-03,0.0
1998-06-04,0.0
1998-06-05,0.0
1998-06-06,0.0
1998-06-07,0.0
1998-06-08,0.0
1998-06-09,0.0
1998-06-10,0.0
1998-06-11,0.0
1998-06-12,0.0
1998-06-13,0.0
1998-06-14,0.0
1998-06-15,0.0
1998-06-16,0.0
1998-06-17,0.0
1998-06-18,0.0
1998-06-19,0.0
1998-06-20,0.0
1998-06-21,0.0
1998-06-22,0.0
1998-06-23,0.0
1998-06-24,0.0
1998-06-25,0.0
1998-06-26,0.0
1998-06-27,0.0
1998-06-28,0.0
1998-06-29,0.0
1998-06-30,0.0
1998-07-01,0.0
1998-07-02,0.0
1998-07-03,0.0
1998-07-04,0.0
1998-07-05,0.0
1998-07-06,0.0
1998-07-07,0.0
1998-07-08,0.0
1998-07-09,0.0
1998-07-10,0.0
1998-07-11,0.0
1998-07-12,0.0
1998-07-13,0.0
1998-07-14,0.0
1998-07-15,0.0
1998-07-16,0.0
1998-07-17,0.0
1998-07-18,0.0
1998-07-19,0.0
1998-07-20,0.0
1998-07-21,0.0
1998-07-22,0.0
1998-07-23,0.0
1998-07-24,0.0
1998-07-25,0.0
1998-07-26,0.0
1998-07-27,0.0
1998-07-28,0.0
1998-07-29,0.0
1998-07-30,0.0
1998-07-31,0.0
1998-08-01,0.0
1998-08-02,0.0
1998-08-03,0.0
1998-08-04,0.0
1998-08-05,0.0
1998-08-06,0.0
1998-08-07,0.0
1998-08-08,0.0
1998-08-09,0.0
1998-08-10,0.0
1998-08-11,0.0
1998-08-12,0.0
1998-08-13,0.0
1998-08-14,0.0
1998-08-15,0.0
1998-08-16,0.034765321761369705
1998-08-17,0.005794220138341188
1998-08-18,0.005794220138341188
1998-08-19,0.005794220138341188
1998-08-20,0.005794220138341188
1998-08-21,0.02459324523806572
1998-08-22,0.05021120607852936
1998-08-23,0.02459324523806572
1998-08-24,0.02459324523806572
1998-08-25,0.03996402025222778
1998-08-26,0.0
1998-08-27,0.0
1998-08-28,0.0
1998-08-29,0.0
1998-08-30,0.0
1998-08-31,0.0
1998-09-01,0.009681963361799717
1998-09-02,0.009681963361799717
1998-09-03,0.009681963361799717
1998-09-04,0.009681963361799717
1998-09-05,0.009681963361799717
1998-09-06,0.0
1998-09-07,0.0
1998-09-08,0.0
1998-09-09,0.0
1998-09-10,0.0
1998-09-11,0.0
1998-09-12,0.0
1998-09-13,0.0
1998-09-14,0.0
1998-09-15,0.0
1998-09-16,0.0
1998-09-17,0.0
1998-09-18,0.0
1998-09-19,17.78112030029297
1998-09-20,0.10936982184648514
1998-09-21,0.0
1998-09-22,0.0
1998-09-23,0.0
1998-09-24,0.0
1998-09-25,0.0
1998-09-26,0.0
1998-09-27,0.0
1998-09-28,0.0
1998-09-29,0.0
1998-09-30,0.0
1998-10-01,0.0
1998-10-02,0.0
1998-10-03,0.0
1998-10-04,0.0
1998-10-05,0.0
1998-10-06,15.499432563781738
1998-10-07,0.03583872318267822
1998-10-08,0.0
1998-10-09,2.6324868202209473
1998-10-10,2.0034172534942627
1998-10-11,0.9629461169242859
1998-10-12,0.0
1998-10-13,1.5753027200698853
1998-10-14,5.019670486450195
1998-10-15,0.0
1998-10-16,0.0
1998-10-17,0.0
1998-10-18,0.0
1998-10-19,0.0
1998-10-20,0.0
1998-10-21,0.0
1998-10-22,0.0029153460636734962
1998-10-23,4.634403228759766
1998-10-24,1.8032556772232056
1998-10-25,0.23202292621135712
1998-10-26,0.028640639036893845
1998-10-27,4.005548477172852
1998-10-28,8.254544258117676
1998-10-29,2.2954154014587402
1998-10-30,0.9254311919212341
1998-10-31,0.006654553581029177
1998-11-01,0.0
1998-11-02,0.0
1998-11-03,0.0
1998-11-04,0.0
1998-11-05,0.0
1998-11-06,0.21536476910114288
1998-11-07,2.7589404582977295
1998-11-08,4.142834663391113
1998-11-09,0.2762998640537262
1998-11-10,0.8948636651039124
1998-11-11,16.730493545532227
1998-11-12,0.0
1998-11-13,0.6979442238807678
1998-11-14,2.6036875247955322
1998-11-15,0.0
1998-11-16,0.6419015526771545
1998-11-17,5.403363227844238
1998-11-18,3.520298957824707
1998-11-19,0.44827207922935486
1998-11-20,0.013186992146074772
1998-11-21,0.6810659170150757
1998-11-22,22.76845359802246
1998-11-23,0.5569660663604736
1998-11-24,16.542442321777344
1998-11-25,9.935196876525879
1998-11-26,0.0
1998-11-27,0.0
1998-11-28,0.032466717064380646
1998-11-29,2.542511224746704
1998-11-30,0.062241293489933014
1998-12-01,0.0
1998-12-02,0.0
1998-12-03,0.0
1998-12-04,0.0
1998-12-05,0.0
1998-12-06,0.0
1998-12-07,0.0
1998-12-08,0.0
1998-12-09,0.0
1998-12-10,0.0
1998-12-11,0.0
1998-12-12,0.0
1998-12-13,0.0
1998-12-14,0.0
1998-12-15,0.0
1998-12-16,3.4637820720672607
1998-12-17,1.8208842277526855
1998-12-18,0.270180344581604
1998-12-19,0.0
1998-12-20,0.01540290005505085
1998-12-21,15.53502368927002
1998-12-22,0.07764994353055954
1998-12-23,0.0
1998-12-24,0.0
1998-12-25,0.0
1998-12-26,0.0
1998-12-27,0.0
1998-12-28,16.89958953857422
1998-12-29,7.2883453369140625
1998-12-30,0.0
1998-12-31,1.4714447259902954
1999-01-01,11.677329063415527
1999-01-02,7.5199666023254395
1999-01-03,3.488478183746338
1999-01-04,0.41964611411094666
1999-01-05,2.2444324493408203
1999-01-06,0.003344919066876173
1999-01-07,0.0
1999-01-08,0.0069773015566170216
1999-01-09,0.02357194758951664
1999-01-10,0.013509830459952354
1999-01-11,0.0
1999-01-12,0.0
1999-01-13,0.0
1999-01-14,0.0
1999-01-15,0.0
1999-01-16,0.0
1999-01-17,0.0
1999-01-18,0.0
1999-01-19,0.0
1999-01-20,0.0
1999-01-21,0.0
1999-01-22,0.018599845468997955
1999-01-23,0.0
1999-01-24,0.0
1999-01-25,0.16168731451034546
1999-01-26,0.20263639092445374
1999-01-27,0.0
1999-01-28,24.224220275878906
1999-01-29,0.0
1999-01-30,0.4585971534252167
1999-01-31,21.221508026123047
1999-02-01,0.009162068367004395
1999-02-02,7.826486587524414
1999-02-03,0.23768724501132965
1999-02-04,0.2480841726064682
1999-02-05,0.04614296555519104
1999-02-06,0.0
1999-02-07,0.0
1999-02-08,0.0
1999-02-09,0.0
1999-02-10,0.0
1999-02-11,2.594740390777588
1999-02-12,0.04868493974208832
1999-02-13,6.95319128036499
1999-02-14,23.44216537475586
1999-02-15,0.09026525169610977
1999-02-16,8.064116477966309
1999-02-17,16.782243728637695
1999-02-18,1.1575829982757568
1999-02-19,0.0
1999-02-20,0.17754170298576355
1999-02-21,0.0
1999-02-22,0.0
1999-02-23,0.11166536808013916
1999-02-24,3.622145652770996
1999-02-25,0.0
1999-02-26,0.0
1999-02-27,0.0
1999-02-28,0.13248293101787567
1999-03-01,0.0
1999-03-02,0.0
1999-03-03,2.204547882080078
1999-03-04,0.0
1999-03-05,8.878138542175293
1999-03-06,1.0563905239105225
1999-03-07,0.3773389458656311
1999-03-08,4.984573841094971
1999-03-09,31.444730758666992
1999-03-10,1.1680352687835693
1999-03-11,1.9077517986297607
1999-03-12,0.0
1999-03-13,0.0
1999-03-14,3.4223392009735107
1999-03-15,29.123071670532227
1999-03-16,5.025543689727783
1999-03-17,0.0
1999-03-18,2.470588207244873
1999-03-19,21.846027374267578
1999-03-20,4.277332305908203
1999-03-21,0.0
1999-03-22,0.0
1999-03-23,0.0
1999-03-24,0.0
1999-03-25,0.0
1999-03-26,0.0
1999-03-27,0.0
1999-03-28,0.13296595215797424
1999-03-29,7.6049723625183105
1999-03-30,0.2532678246498108
1999-03-31,0.000341169215971604
1999-04-01,0.0
1999-04-02,0.0
1999-04-03,0.0
1999-04-04,0.0
1999-04-05,0.0
1999-04-06,0.0
1999-04-07,0.0
1999-04-08,0.0
1999-04-09,0.0
1999-04-10,0.0
1999-04-11,0.8458542823791504
1999-04-12,0.6410334706306458
1999-04-13,7.757718086242676
1999-04-14,0.0
1999-04-15,0.0
1999-04-16,0.0
1999-04-17,0.0
1999-04-18,0.0
1999-04-19,0.0
1999-04-20,0.0
1999-04-21,1.64847993850708
1999-04-22,6.147218227386475
1999-04-23,1.6611251831054688
1999-04-24,0.0
1999-04-25,0.2906528413295746
1999-04-26,0.0
1999-04-27,0.0
1999-04-28,0.0
1999-04-29,0.0
1999-04-30,0.0
1999-05-01,0.0
1999-05-02,0.0
1999-05-03,0.0
1999-05-04,0.0
1999-05-05,0.0
1999-05-06,0.0
1999-05-07,0.0
1999-05-08,0.0
1999-05-09,0.0
1999-05-10,0.0
1999-05-11,0.0
1999-05-12,0.0
1999-05-13,0.0
1999-05-14,0.0
1999-05-15,0.0
1999-05-16,0.0
1999-05-17,0.0
1999-05-18,0.0
1999-05-19,0.0
1999-05-20,0.0
1999-05-21,0.0
1999-05-22,0.0
1999-05-23,0.0
1999-05-24,0.0
1999-05-25,0.0
1999-05-26,5.5565595626831055
1999-05-27,0.0
1999-05-28,0.0
1999-05-29,1.4675275087356567
1999-05-30,0.0
1999-05-31,0.0
1999-06-01,0.0
1999-06-02,0.0
1999-06-03,0.0
1999-06-04,0.0
1999-06-05,0.0
1999-06-06,0.0
1999-06-07,0.0
1999-06-08,0.0
1999-06-09,0.0
1999-06-10,0.0
1999-06-11,0.0
1999-06-12,0.0
1999-06-13,0.0
1999-06-14,0.0
1999-06-15,0.0
1999-06-16,0.0
1999-06-17,0.0
1999-06-18,0.0
1999-06-19,0.0
1999-06-20,0.0
1999-06-21,0.0
1999-06-22,0.0
1999-06-23,0.0
1999-06-24,0.0
1999-06-25,0.0
1999-06-26,0.0
1999-06-27,0.0
1999-06-28,0.0
1999-06-29,0.0
1999-06-30,0.0
1999-07-01,0.0
1999-07-02,0.0
1999-07-03,0.0
1999-07-04,0.0
1999-07-05,0.0
1999-07-06,0.0
1999-07-07,0.0
1999-07-08,0.0
1999-07-09,0.0
1999-07-10,0.0
1999-07-11,0.0
1999-07-12,0.0
1999-07-13,0.0
1999-07-14,0.0
1999-07-15,0.0
1999-07-16,0.0
1999-07-17,0.0
1999-07-18,0.0
1999-07-19,0.0
1999-07-20,0.0
1999-07-21,0.0
1999-07-22,0.0
1999-07-23,0.0
1999-07-24,0.0
1999-07-25,0.0
1999-07-26,0.0
1999-07-27,0.0
1999-07-28,0.0
1999-07-29,0.0
1999-07-30,0.0
1999-07-31,0.0
1999-08-01,0.0
1999-08-02,0.0
1999-08-03,0.0
1999-08-04,0.0
1999-08-05,0.0
1999-08-06,0.0
1999-08-07,0.0
1999-08-08,0.0
1999-08-09,0.0
1999-08-10,0.0
1999-08-11,0.0
1999-08-12,0.0
1999-08-13,0.0
1999-08-14,0.0
1999-08-15,0.0
1999-08-16,0.017835019156336784
1999-08-17,0.017835019156336784
1999-08-18,0.017835019156336784
1999-08-19,0.017835019156336784
1999-08-20,0.017835019156336784
1999-08-21,0.0309743732213974
1999-08-22,0.0309743732213974
1999-08-23,0.0309743732213974
1999-08-24,0.0309743732213974
1999-08-25,0.0309743732213974
1999-08-26,0.0
1999-08-27,0.0
1999-08-28,0.0
1999-08-29,0.0
1999-08-30,0.0
1999-08-31,0.0
1999-09-01,0.0
1999-09-02,10.863179206848145
1999-09-03,12.176337242126465
1999-09-04,6.127300262451172
1999-09-05,0.43569016456604004
1999-09-06,0.0
1999-09-07,0.0
1999-09-08,0.0
1999-09-09,0.0
1999-09-10,0.0
1999-09-11,0.0
1999-09-12,0.0
1999-09-13,0.0
1999-09-14,0.0
1999-09-15,0.0
1999-09-16,0.0
1999-09-17,0.0
1999-09-18,0.0
1999-09-19,0.0
1999-09-20,0.0
1999-09-21,0.0
1999-09-22,0.0
1999-09-23,0.0
1999-09-24,0.0
1999-09-25,0.0
1999-09-26,0.0
1999-09-27,0.0
1999-09-28,0.0
1999-09-29,0.0
1999-09-30,0.0
1999-10-01,0.0
1999-10-02,36.266239166259766
1999-10-03,1.490815281867981
1999-10-04,0.0
1999-10-05,0.6224614977836609
1999-10-06,0.0
1999-10-07,0.0
1999-10-08,0.0
1999-10-09,0.0
1999-10-10,0.0
1999-10-11,0.045123886317014694
1999-10-12,1.0758005380630493
1999-10-13,0.0
1999-10-14,1.0800505876541138
1999-10-15,0.062406983226537704
1999-10-16,1.8616838455200195
1999-10-17,1.8541616201400757
1999-10-18,0.0
1999-10-19,2.8026678562164307
1999-10-20,1.6174649000167847
1999-10-21,0.0
1999-10-22,0.0
1999-10-23,0.0
1999-10-24,0.0
1999-10-25,0.0
1999-10-26,0.0
1999-10-27,0.0
1999-10-28,0.0
1999-10-29,0.0
1999-10-30,0.0
1999-10-31,0.0
1999-11-01,6.861650466918945
1999-11-02,0.1615731418132782
1999-11-03,8.885114669799805
1999-11-04,0.0
1999-11-05,0.0
1999-11-06,0.0
1999-11-07,1.0523662567138672
1999-11-08,0.1304962933063507
1999-11-09,0.010913809761404991
1999-11-10,0.10504816472530365
1999-11-11,0.012053065933287144
1999-11-12,0.0
1999-11-13,0.0
1999-11-14,0.0
1999-11-15,3.3722798824310303
1999-11-16,0.0
1999-11-17,0.0
1999-11-18,0.0
1999-11-19,0.0
1999-11-20,0.0
1999-11-21,0.0
1999-11-22,0.0
1999-11-23,0.0
1999-11-24,0.0
1999-11-25,0.0
1999-11-26,0.0
1999-11-27,0.0
1999-11-28,0.0
1999-11-29,0.0
1999-11-30,0.0
1999-12-01,0.0
1999-12-02,0.5158500075340271
1999-12-03,0.0
1999-12-04,0.04719310626387596
1999-12-05,4.756063938140869
1999-12-06,11.293866157531738
1999-12-07,0.0
1999-12-08,0.0
1999-12-09,0.0
1999-12-10,4.28331995010376
1999-12-11,0.08352456986904144
1999-12-12,0.7685019969940186
1999-12-13,1.1781388521194458
1999-12-14,18.041034698486328
1999-12-15,0.3191932737827301
1999-12-16,0.0
1999-12-17,0.0
1999-12-18,0.0
1999-12-19,0.0
1999-12-20,0.0
1999-12-21,0.0
1999-12-22,0.10303662717342377
1999-12-23,6.582324028015137
1999-12-24,0.0
1999-12-25,2.341038465499878
1999-12-26,0.02694450318813324
1999-12-27,1.3247945308685303
1999-12-28,0.12768307328224182
1999-12-29,11.42916202545166
1999-12-30,2.47084379196167
1999-12-31,1.165237545967102
2000-01-01,0.13605670630931854
2000-01-02,0.0
2000-01-03,0.034713078290224075
2000-01-04,0.05613522231578827
2000-01-05,0.0
2000-01-06,0.06165652722120285
2000-01-07,0.0024379133246839046
2000-01-08,0.0
2000-01-09,0.009154842235147953
2000-01-10,0.009173193946480751
2000-01-11,0.4622853994369507
2000-01-12,0.00292201922275126
2000-01-13,1.2340116500854492
2000-01-14,0.0043830289505422115
2000-01-15,5.794299125671387
2000-01-16,0.13266073167324066
2000-01-17,0.11886991560459137
2000-01-18,0.36815813183784485
2000-01-19,0.6948588490486145
2000-01-20,18.370187759399414
2000-01-21,0.0
2000-01-22,30.137022018432617
2000-01-23,4.650384426116943
2000-01-24,2.347440719604492
2000-01-25,21.735570907592773
2000-01-26,4.7645697593688965
2000-01-27,0.3328883647918701
2000-01-28,0.48080840706825256
2000-01-29,0.06823963671922684
2000-01-30,23.603778839111328
2000-01-31,47.05250549316406
2000-02-01,0.0
2000-02-02,0.0
2000-02-03,18.192806243896484
2000-02-04,4.735736846923828
2000-02-05,0.2716459333896637
2000-02-06,22.59552764892578
2000-02-07,3.4864089488983154
2000-02-08,0.0
2000-02-09,4.118929386138916
2000-02-10,0.0
2000-02-11,0.0
2000-02-12,0.11715368926525116
2000-02-13,9.077727317810059
2000-02-14,0.6158053278923035
2000-02-15,0.08110741525888443
2000-02-16,0.0
2000-02-17,0.0
2000-02-18,0.0
2000-02-19,0.0
2000-02-20,0.0
2000-02-21,0.0
2000-02-22,0.0
2000-02-23,0.0
2000-02-24,0.0
2000-02-25,0.0
2000-02-26,0.0
2000-02-27,0.0
2000-02-28,16.750946044921875
2000-02-29,0.0
2000-03-01,0.0
2000-03-02,0.0
2000-03-03,0.00030078153940849006
2000-03-04,0.07668974250555038
2000-03-05,0.001096632331609726
2000-03-06,45.79910659790039
2000-03-07,3.8204901218414307
2000-03-08,1.891869306564331
2000-03-09,3.034849166870117
2000-03-10,1.1830886602401733
2000-03-11,21.14727210998535
2000-03-12,0.052061136811971664
2000-03-13,3.8488714694976807
2000-03-14,8.26087474822998
2000-03-15,0.022870149463415146
2000-03-16,0.0
2000-03-17,0.0
2000-03-18,23.372398376464844
2000-03-19,0.544629693031311
2000-03-20,0.0
2000-03-21,0.02342412807047367
2000-03-22,15.539237976074219
2000-03-23,0.0
2000-03-24,0.0
2000-03-25,2.708158016204834
2000-03-26,0.007434828672558069
2000-03-27,0.995093047618866
2000-03-28,4.558303356170654
2000-03-29,0.0
2000-03-30,3.1138999462127686
2000-03-31,0.0
2000-04-01,0.0
2000-04-02,0.0
2000-04-03,0.0
2000-04-04,0.0
2000-04-05,0.0
2000-04-06,0.0
2000-04-07,0.0
2000-04-08,0.0
2000-04-09,0.0
2000-04-10,0.0
2000-04-11,0.0
2000-04-12,0.0
2000-04-13,0.0
2000-04-14,0.0
2000-04-15,0.0
2000-04-16,0.0
2000-04-17,0.0
2000-04-18,0.0
2000-04-19,0.0
2000-04-20,0.0
2000-04-21,0.0
2000-04-22,0.0
2000-04-23,0.0
2000-04-24,0.0
2000-04-25,0.0
2000-04-26,0.2532311975955963
2000-04-27,0.0
2000-04-28,6.760707855224609
2000-04-29,0.30068570375442505
2000-04-30,0.0
2000-05-01,0.0
2000-05-02,0.0
2000-05-03,0.0
2000-05-04,0.0
2000-05-05,0.0
2000-05-06,0.0
2000-05-07,0.0
2000-05-08,0.0
2000-05-09,0.0
2000-05-10,0.0
2000-05-11,0.0
2000-05-12,0.0
2000-05-13,0.0
2000-05-14,0.0
2000-05-15,0.0
2000-05-16,0.0
2000-05-17,4.174162864685059
2000-05-18,0.9307745099067688
2000-05-19,2.996394395828247
2000-05-20,1.9015796184539795
2000-05-21,0.0
2000-05-22,0.0
2000-05-23,0.0
2000-05-24,0.0
2000-05-25,0.0
2000-05-26,0.0
2000-05-27,0.0
2000-05-28,0.0
2000-05-29,0.0
2000-05-30,0.0
2000-05-31,0.0
2000-06-01,0.0
2000-06-02,0.0
2000-06-03,0.0
2000-06-04,0.0
2000-06-05,0.0
2000-06-06,0.0
2000-06-07,3.7492125034332275
2000-06-08,1.0802311897277832
2000-06-09,0.9444680213928223
2000-06-10,0.0
2000-06-11,0.0
2000-06-12,0.06458840519189835
2000-06-13,1.9000403881072998
2000-06-14,1.1356145143508911
2000-06-15,0.0
2000-06-16,0.0
2000-06-17,0.0
2000-06-18,0.0
2000-06-19,0.0
2000-06-20,0.0
2000-06-21,0.0
2000-06-22,0.0
2000-06-23,0.0
2000-06-24,0.0
2000-06-25,0.0
2000-06-26,0.0
2000-06-27,0.0
2000-06-28,0.0
2000-06-29,0.0
2000-06-30,0.0
2000-07-01,0.0
2000-07-02,0.0
2000-07-03,0.0
2000-07-04,0.0
2000-07-05,0.0
2000-07-06,0.0
2000-07-07,0.0
2000-07-08,0.0
2000-07-09,0.0
2000-07-10,0.0
2000-07-11,0.0
2000-07-12,0.0
2000-07-13,0.0
2000-07-14,0.0
2000-07-15,0.0
2000-07-16,0.0
2000-07-17,0.0
2000-07-18,0.0
2000-07-19,0.0
2000-07-20,0.0
2000-07-21,0.0
2000-07-22,0.0
2000-07-23,0.0
2000-07-24,0.7045945525169373
2000-07-25,0.0
2000-07-26,0.0
2000-07-27,0.0
2000-07-28,0.0
2000-07-29,0.0
2000-07-30,0.0
2000-07-31,0.0
2000-08-01,0.0
2000-08-02,0.0
2000-08-03,0.0
2000-08-04,0.0
2000-08-05,0.0
2000-08-06,0.0
2000-08-07,0.0
2000-08-08,0.0
2000-08-09,0.0
2000-08-10,0.0
2000-08-11,0.0
2000-08-12,0.0
2000-08-13,1.171653151512146
2000-08-14,0.0
2000-08-15,2.2296438217163086
2000-08-16,4.785714149475098
2000-08-17,0.0
2000-08-18,0.0
2000-08-19,0.0
2000-08-20,0.0
2000-08-21,3.230116844177246
2000-08-22,0.7092883586883545
2000-08-23,2.9218902587890625
2000-08-24,0.016262097284197807
2000-08-25,0.6054155826568604
2000-08-26,0.1471199244260788
2000-08-27,0.0
2000-08-28,0.05229654535651207
2000-08-29,3.544661283493042
2000-08-30,0.0
2000-08-31,0.0810406431555748
2000-09-01,1.029075264930725
2000-09-02,0.33266374468803406
2000-09-03,1.8381919860839844
2000-09-04,0.0
2000-09-05,0.0
2000-09-06,0.0
2000-09-07,0.0
2000-09-08,0.0
2000-09-09,0.0
2000-09-10,0.0
2000-09-11,0.0
2000-09-12,0.0
2000-09-13,0.0
2000-09-14,0.0
2000-09-15,0.0
2000-09-16,0.0
2000-09-17,0.0
2000-09-18,0.0
2000-09-19,0.0
2000-09-20,0.0
2000-09-21,1.6819286346435547
2000-09-22,5.279237747192383
2000-09-23,0.0
2000-09-24,0.0
2000-09-25,0.0
2000-09-26,0.0
2000-09-27,0.0
2000-09-28,0.0
2000-09-29,0.0
2000-09-30,0.0
2000-10-01,0.0
2000-10-02,0.0
2000-10-03,1.2174584865570068
2000-10-04,5.61329460144043
2000-10-05,0.0
2000-10-06,0.0
2000-10-07,0.0
2000-10-08,0.0
2000-10-09,4.953834056854248
2000-10-10,0.5652356743812561
2000-10-11,0.8926267027854919
2000-10-12,0.29534104466438293
2000-10-13,1.1196694374084473
2000-10-14,1.0238057374954224
2000-10-15,2.330061435699463
2000-10-16,2.166965961456299
2000-10-17,0.0
2000-10-18,0.49528968334198
2000-10-19,0.5555505156517029
2000-10-20,0.0
2000-10-21,0.05843529477715492
2000-10-22,0.2272467166185379
2000-10-23,0.32796040177345276
2000-10-24,0.45804011821746826
2000-10-25,0.0
2000-10-26,3.8922183513641357
2000-10-27,2.9077165126800537
2000-10-28,0.06811905652284622
2000-10-29,0.24688568711280823
2000-10-30,0.0
2000-10-31,0.02978689782321453
2000-11-01,0.0
2000-11-02,4.887545108795166
2000-11-03,4.959648609161377
2000-11-04,0.15536589920520782
2000-11-05,0.5364645719528198
2000-11-06,0.0
2000-11-07,0.0
2000-11-08,0.0
2000-11-09,0.0
2000-11-10,0.0
2000-11-11,0.13929489254951477
2000-11-12,0.0
2000-11-13,12.230284690856934
2000-11-14,0.8803039789199829
2000-11-15,0.1351568102836609
2000-11-16,0.0
2000-11-17,0.0
2000-11-18,0.0
2000-11-19,0.0
2000-11-20,0.0
2000-11-21,4.16935396194458
2000-11-22,0.0
2000-11-23,0.0
2000-11-24,13.306061744689941
2000-11-25,0.27145278453826904
2000-11-26,0.4362635016441345
2000-11-27,0.22524206340312958
2000-11-28,0.8423008322715759
2000-11-29,5.131886959075928
2000-11-30,10.336599349975586
2000-12-01,4.117246150970459
2000-12-02,0.0
2000-12-03,0.0
2000-12-04,8.72595500946045
2000-12-05,9.227904319763184
2000-12-06,1.0290111303329468
2000-12-07,0.0
2000-12-08,10.385086059570312
2000-12-09,22.129894256591797
2000-12-10,3.1001856327056885
2000-12-11,1.6937713623046875
2000-12-12,7.262410640716553
2000-12-13,5.129778861999512
2000-12-14,0.22805507481098175
2000-12-15,0.17481917142868042
2000-12-16,7.5515947341918945
2000-12-17,0.0
2000-12-18,0.0
2000-12-19,0.0
2000-12-20,0.0
2000-12-21,0.0004905154346488416
2000-12-22,3.0171568393707275
2000-12-23,6.215728282928467
2000-12-24,7.431339740753174
2000-12-25,0.21097688376903534
2000-12-26,0.5413829684257507
2000-12-27,0.0
2000-12-28,11.417487144470215
2000-12-29,3.3705170154571533
2000-12-30,23.54700469970703
2000-12-31,0.12008510529994965
2001-01-01,1.0450361967086792
2001-01-02,2.1394550800323486
2001-01-03,0.11315023899078369
2001-01-04,0.004140845034271479
2001-01-05,5.203513145446777
2001-01-06,1.3830448389053345
2001-01-07,1.854049801826477
2001-01-08,32.336185455322266
2001-01-09,1.631065011024475
2001-01-10,2.6391968727111816
2001-01-11,15.507065773010254
2001-01-12,0.26697444915771484
2001-01-13,0.6190121173858643
2001-01-14,0.018044397234916687
2001-01-15,0.04872522130608559
2001-01-16,0.24583302438259125
2001-01-17,2.9958107471466064
2001-01-18,32.0745735168457
2001-01-19,3.1231021881103516
2001-01-20,11.107343673706055
2001-01-21,3.4973225593566895
2001-01-22,0.3443586528301239
2001-01-23,12.545833587646484
2001-01-24,9.391844749450684
2001-01-25,18.33871841430664
2001-01-26,0.9677598476409912
2001-01-27,0.0
2001-01-28,0.01968107558786869
2001-01-29,27.137943267822266
2001-01-30,0.5499504804611206
2001-01-31,1.5390510559082031
2001-02-01,12.16761589050293
2001-02-02,1.5538172721862793
2001-02-03,36.75594711303711
2001-02-04,2.97456693649292
2001-02-05,0.0
2001-02-06,0.0
2001-02-07,0.3660425543785095
2001-02-08,0.0
2001-02-09,4.01803731918335
2001-02-10,0.014468911103904247
2001-02-11,0.1221025288105011
2001-02-12,26.419891357421875
2001-02-13,1.0003149509429932
2001-02-14,0.05259549245238304
2001-02-15,1.115241527557373
2001-02-16,11.923858642578125
2001-02-17,0.2818393409252167
2001-02-18,0.37876904010772705
2001-02-19,5.350409507751465
2001-02-20,0.7927330732345581
2001-02-21,0.5090882778167725
2001-02-22,0.0
2001-02-23,0.0
2001-02-24,8.838662147521973
2001-02-25,36.9760627746582
2001-02-26,12.779757499694824
2001-02-27,2.0231692790985107
2001-02-28,6.6302642822265625
2001-03-01,0.0
2001-03-02,4.604393005371094
2001-03-03,4.801424503326416
2001-03-04,0.8665853142738342
2001-03-05,8.960406303405762
2001-03-06,16.794679641723633
2001-03-07,0.7823177576065063
2001-03-08,2.7011818885803223
2001-03-09,13.81180477142334
2001-03-10,0.8053784370422363
2001-03-11,25.699932098388672
2001-03-12,0.49691036343574524
2001-03-13,0.030455101281404495
2001-03-14,0.03827594965696335
2001-03-15,0.9069980978965759
2001-03-16,0.9819077253341675
2001-03-17,0.14923955500125885
2001-03-18,0.0
2001-03-19,0.08084690570831299
2001-03-20,0.0
2001-03-21,0.0
2001-03-22,4.155241966247559
2001-03-23,0.8511916995048523
2001-03-24,7.88587760925293
2001-03-25,0.6209891438484192
2001-03-26,7.170564651489258
2001-03-27,0.13506437838077545
2001-03-28,7.281324863433838
2001-03-29,0.0
2001-03-30,0.0
2001-03-31,0.0
2001-04-01,0.0
2001-04-02,0.0
2001-04-03,0.0
2001-04-04,0.0
2001-04-05,0.0
2001-04-06,8.337886810302734
2001-04-07,0.0
2001-04-08,0.0
2001-04-09,0.0
2001-04-10,0.0
2001-04-11,0.0
2001-04-12,0.0
2001-04-13,0.0
2001-04-14,0.0
2001-04-15,0.0
2001-04-16,0.0
2001-04-17,0.0
2001-04-18,0.0
2001-04-19,0.0
2001-04-20,0.0
2001-04-21,0.0028245265129953623
2001-04-22,0.8763362765312195
2001-04-23,8.934536933898926
2001-04-24,20.815465927124023
2001-04-25,0.0
2001-04-26,0.16757041215896606
2001-04-27,0.0
2001-04-28,0.0
2001-04-29,14.427199363708496
2001-04-30,3.132411003112793
2001-05-01,0.0
2001-05-02,1.4318294525146484
2001-05-03,0.8419618010520935
2001-05-04,0.0
2001-05-05,0.0
2001-05-06,0.09052801132202148
2001-05-07,11.714067459106445
2001-05-08,0.18007700145244598
2001-05-09,0.0
2001-05-10,0.0
2001-05-11,0.0
2001-05-12,0.0
2001-05-13,0.0
2001-05-14,0.0198329109698534
2001-05-15,6.40602970123291
2001-05-16,0.0
2001-05-17,0.0
2001-05-18,0.0
2001-05-19,0.0
2001-05-20,0.0
2001-05-21,0.12457770854234695
2001-05-22,0.33220723271369934
2001-05-23,0.12457770854234695
2001-05-24,0.12457770854234695
2001-05-25,0.12457770854234695
2001-05-26,0.0
2001-05-27,0.0
2001-05-28,0.0
2001-05-29,0.0
2001-05-30,0.0
2001-05-31,0.0
2001-06-01,0.0
2001-06-02,0.0
2001-06-03,0.0
2001-06-04,0.0
2001-06-05,0.0
2001-06-06,0.0
2001-06-07,0.0
2001-06-08,0.0
2001-06-09,0.0
2001-06-10,0.0
2001-06-11,0.0
2001-06-12,0.0
2001-06-13,0.0
2001-06-14,0.0
2001-06-15,0.0
2001-06-16,0.08551982045173645
2001-06-17,0.5357503890991211
2001-06-18,1.0312236547470093
2001-06-19,1.3355481624603271
2001-06-20,0.0
2001-06-21,0.0
2001-06-22,0.0
2001-06-23,0.0
2001-06-24,0.0
2001-06-25,0.0
2001-06-26,0.0
2001-06-27,0.0
2001-06-28,0.0
2001-06-29,0.0
2001-06-30,0.0
2001-07-01,0.0
2001-07-02,0.0
2001-07-03,0.0
2001-07-04,0.0
2001-07-05,0.0
2001-07-06,0.0
2001-07-07,0.0
2001-07-08,0.0
2001-07-09,0.0
2001-07-10,0.0
2001-07-11,0.0
2001-07-12,0.0
2001-07-13,0.0
2001-07-14,0.0
2001-07-15,0.0
2001-07-16,0.0
2001-07-17,0.0
2001-07-18,0.0
2001-07-19,0.0
2001-07-20,0.0
2001-07-21,0.0
2001-07-22,0.0
2001-07-23,0.0
2001-07-24,0.0
2001-07-25,0.0
2001-07-26,3.858457088470459
2001-07-27,0.24971139430999756
2001-07-28,0.0
2001-07-29,0.0
2001-07-30,0.0
2001-07-31,0.0
2001-08-01,0.0
2001-08-02,0.0
2001-08-03,0.0
2001-08-04,0.0
2001-08-05,0.0
2001-08-06,0.0
2001-08-07,0.0
2001-08-08,0.0
2001-08-09,0.0
2001-08-10,0.0
2001-08-11,0.0
2001-08-12,0.0
2001-08-13,0.0
2001-08-14,0.0
2001-08-15,0.0
2001-08-16,0.11887861788272858
2001-08-17,6.2811808586120605
2001-08-18,3.2405571937561035
2001-08-19,2.7559115886688232
2001-08-20,3.3661398887634277
2001-08-21,0.1033339574933052
2001-08-22,0.05289559066295624
2001-08-23,0.046520475298166275
2001-08-24,0.0
2001-08-25,0.0
2001-08-26,0.0
2001-08-27,0.0
2001-08-28,0.0
2001-08-29,0.0
2001-08-30,0.0
2001-08-31,0.0
2001-09-01,0.13611893355846405
2001-09-02,4.000367641448975
2001-09-03,0.0
2001-09-04,0.014648320153355598
2001-09-05,0.12617431581020355
2001-09-06,0.0
2001-09-07,0.0
2001-09-08,0.0
2001-09-09,0.0
2001-09-10,0.0
2001-09-11,0.0008855470805428922
2001-09-12,1.8506163358688354
2001-09-13,1.9994027614593506
2001-09-14,0.22615446150302887
2001-09-15,0.0
2001-09-16,0.0
2001-09-17,0.0
2001-09-18,0.0
2001-09-19,0.0
2001-09-20,1.862200140953064
2001-09-21,2.2478182315826416
2001-09-22,0.0
2001-09-23,0.10271898657083511
2001-09-24,0.0
2001-09-25,0.0
2001-09-26,0.0
2001-09-27,0.0
2001-09-28,0.0
2001-09-29,0.0
2001-09-30,0.0
2001-10-01,0.0
2001-10-02,0.013552915304899216
2001-10-03,0.0
2001-10-04,6.380160808563232
2001-10-05,0.0517677403986454
2001-10-06,1.2570860385894775
2001-10-07,0.07707126438617706
2001-10-08,0.0
2001-10-09,1.2492637634277344
2001-10-10,0.0
2001-10-11,0.49405643343925476
2001-10-12,1.0627976655960083
2001-10-13,0.006480889394879341
2001-10-14,0.01616625115275383
2001-10-15,6.668763637542725
2001-10-16,0.0
2001-10-17,0.0
2001-10-18,0.0
2001-10-19,0.0
2001-10-20,0.0
2001-10-21,0.04196111857891083
2001-10-22,0.0
2001-10-23,1.175310492515564
2001-10-24,0.009436214342713356
2001-10-25,0.0
2001-10-26,0.0
2001-10-27,0.0
2001-10-28,0.344204306602478
2001-10-29,0.0009368210448883474
2001-10-30,1.2324656248092651
2001-10-31,0.0
2001-11-01,2.4714818000793457
2001-11-02,2.192594289779663
2001-11-03,0.23844972252845764
2001-11-04,0.0
2001-11-05,0.0
2001-11-06,0.0
2001-11-07,0.0
2001-11-08,0.0
2001-11-09,0.0
2001-11-10,0.0
2001-11-11,1.7093641757965088
2001-11-12,0.0
2001-11-13,5.665935516357422
2001-11-14,4.348453044891357
2001-11-15,0.18307489156723022
2001-11-16,0.0
2001-11-17,0.0
2001-11-18,0.0
2001-11-19,0.0
2001-11-20,0.0
2001-11-21,0.0
2001-11-22,0.0
2001-11-23,0.0
2001-11-24,0.0
2001-11-25,0.0
2001-11-26,0.0
2001-11-27,0.0
2001-11-28,0.09117250144481659
2001-11-29,1.6841825246810913
2001-11-30,0.49206578731536865
2001-12-01,0.0
2001-12-02,0.6461441516876221
2001-12-03,5.887134075164795
2001-12-04,0.9454963803291321
2001-12-05,0.0
2001-12-06,0.0
2001-12-07,0.0
2001-12-08,0.05440327525138855
2001-12-09,9.97653579711914
2001-12-10,0.0
2001-12-11,0.023968521505594254
2001-12-12,7.737112998962402
2001-12-13,0.0
2001-12-14,0.15004891157150269
2001-12-15,1.1083968877792358
2001-12-16,0.0
2001-12-17,0.0
2001-12-18,0.0
2001-12-19,0.0
2001-12-20,0.0
2001-12-21,1.0608227252960205
2001-12-22,0.7414595484733582
2001-12-23,1.644524335861206
2001-12-24,0.013038499280810356
2001-12-25,4.728332996368408
2001-12-26,2.3313796520233154
2001-12-27,0.1608152836561203
2001-12-28,0.14492183923721313
2001-12-29,6.827734470367432
2001-12-30,13.895426750183105
2001-12-31,1.2647777795791626
2002-01-01,0.008600568398833275
2002-01-02,2.401073932647705
2002-01-03,0.021488230675458908
2002-01-04,0.05691881850361824
2002-01-05,0.02199474349617958
2002-01-06,6.192867279052734
2002-01-07,0.0
2002-01-08,1.1687538623809814
2002-01-09,0.7264078855514526
2002-01-10,6.318995475769043
2002-01-11,0.0
2002-01-12,0.0
2002-01-13,0.0
2002-01-14,3.718027353286743
2002-01-15,0.0
2002-01-16,0.0
2002-01-17,0.0
2002-01-18,0.0
2002-01-19,0.0
2002-01-20,0.0
2002-01-21,0.0
2002-01-22,1.283706545829773
2002-01-23,0.16852955520153046
2002-01-24,2.2654380798339844
2002-01-25,0.7781177759170532
2002-01-26,0.0
2002-01-27,1.2501661777496338
2002-01-28,3.7020769119262695
2002-01-29,6.669021129608154
2002-01-30,0.0
2002-01-31,0.0
2002-02-01,3.539658546447754
2002-02-02,52.40449905395508
2002-02-03,24.396751403808594
2002-02-04,0.0
2002-02-05,4.994229316711426
2002-02-06,37.541229248046875
2002-02-07,5.377487659454346
2002-02-08,0.0
2002-02-09,1.7129707336425781
2002-02-10,0.5159995555877686
2002-02-11,0.0
2002-02-12,38.66539001464844
2002-02-13,0.0
2002-02-14,0.02309945970773697
2002-02-15,1.2188655138015747
2002-02-16,39.99856948852539
2002-02-17,0.09590420126914978
2002-02-18,0.40174105763435364
2002-02-19,7.0286431312561035
2002-02-20,13.653820037841797
2002-02-21,0.013868127949535847
2002-02-22,1.445888876914978
2002-02-23,0.0
2002-02-24,14.605813980102539
2002-02-25,1.8696550130844116
2002-02-26,1.2603868246078491
2002-02-27,19.717329025268555
2002-02-28,0.027955634519457817
2002-03-01,18.892993927001953
2002-03-02,0.01658979244530201
2002-03-03,0.0
2002-03-04,0.0
2002-03-05,0.0
2002-03-06,5.110715866088867
2002-03-07,0.0
2002-03-08,0.2662961781024933
2002-03-09,0.07637455314397812
2002-03-10,2.1529324054718018
2002-03-11,2.4988749027252197
2002-03-12,0.7220737934112549
2002-03-13,1.8119964599609375
2002-03-14,0.7220737934112549
2002-03-15,8.686456680297852
2002-03-16,0.0
2002-03-17,1.0371700525283813
2002-03-18,5.638430595397949
2002-03-19,11.184982299804688
2002-03-20,32.02236557006836
2002-03-21,0.0
2002-03-22,0.0
2002-03-23,0.0
2002-03-24,0.0
2002-03-25,0.0
2002-03-26,0.0
2002-03-27,0.01032284926623106
2002-03-28,0.0
2002-03-29,0.0
2002-03-30,0.0
2002-03-31,40.8681640625
2002-04-01,0.4649713635444641
2002-04-02,0.029060710221529007
2002-04-03,0.029060710221529007
2002-04-04,0.029060710221529007
2002-04-05,0.029060710221529007
2002-04-06,0.0
2002-04-07,0.0
2002-04-08,0.7577701210975647
2002-04-09,2.0312306880950928
2002-04-10,5.010071754455566
2002-04-11,1.7416592836380005
2002-04-12,6.57150411605835
2002-04-13,0.00758339511230588
2002-04-14,0.002787519944831729
2002-04-15,0.0
2002-04-16,0.010636829771101475
2002-04-17,0.0
2002-04-18,7.819706916809082
2002-04-19,0.679120659828186
2002-04-20,0.0
2002-04-21,3.592878818511963
2002-04-22,0.0
2002-04-23,2.816455364227295
2002-04-24,1.6453956365585327
2002-04-25,0.7632170915603638
2002-04-26,14.380589485168457
2002-04-27,9.962793350219727
2002-04-28,0.0
2002-04-29,0.0
2002-04-30,3.1297292709350586
2002-05-01,0.20943383872509003
2002-05-02,0.20943383872509003
2002-05-03,0.20943383872509003
2002-05-04,0.20943383872509003
2002-05-05,3.3509414196014404
2002-05-06,0.0
2002-05-07,0.0
2002-05-08,0.0
2002-05-09,0.0
2002-05-10,0.0
2002-05-11,0.0
2002-05-12,0.0
2002-05-13,0.0
2002-05-14,0.0
2002-05-15,0.0
2002-05-16,0.0
2002-05-17,0.0
2002-05-18,0.0
2002-05-19,0.0
2002-05-20,0.0
2002-05-21,0.0
2002-05-22,0.0
2002-05-23,0.0
2002-05-24,0.0
2002-05-25,0.0
2002-05-26,0.0
2002-05-27,0.0
2002-05-28,0.0
2002-05-29,0.015991544350981712
2002-05-30,7.787881374359131
2002-05-31,0.0
2002-06-01,0.0
2002-06-02,0.0
2002-06-03,0.0
2002-06-04,0.0
2002-06-05,0.0
2002-06-06,0.0
2002-06-07,0.0
2002-06-08,0.0
2002-06-09,0.0
2002-06-10,0.0
2002-06-11,0.0
2002-06-12,0.0
2002-06-13,0.0
2002-06-14,0.0
2002-06-15,0.0
2002-06-16,0.0
2002-06-17,0.0
2002-06-18,0.0
2002-06-19,0.0
2002-06-20,0.0
2002-06-21,0.0
2002-06-22,0.0
2002-06-23,0.0
2002-06-24,0.0
2002-06-25,0.0
2002-06-26,0.0
2002-06-27,0.0
2002-06-28,0.0
2002-06-29,0.0
2002-06-30,0.0
2002-07-01,0.0
2002-07-02,0.0
2002-07-03,1.2773369550704956
2002-07-04,13.241271018981934
2002-07-05,0.32972902059555054
2002-07-06,0.0
2002-07-07,0.0
2002-07-08,0.0
2002-07-09,0.0
2002-07-10,0.0
2002-07-11,0.0
2002-07-12,0.0
2002-07-13,0.0
2002-07-14,0.0
2002-07-15,0.0
2002-07-16,0.0
2002-07-17,0.0
2002-07-18,0.0
2002-07-19,0.0
2002-07-20,0.0
2002-07-21,0.0
2002-07-22,0.0
2002-07-23,0.0
2002-07-24,0.0
2002-07-25,0.0
2002-07-26,0.0
2002-07-27,0.16057945787906647
2002-07-28,1.015053153038025
2002-07-29,3.246478796005249
2002-07-30,0.0
2002-07-31,0.0
2002-08-01,0.0
2002-08-02,0.0
2002-08-03,0.0
2002-08-04,0.0
2002-08-05,0.0
2002-08-06,0.0
2002-08-07,0.0
2002-08-08,0.0
2002-08-09,0.0
2002-08-10,0.0
2002-08-11,0.0
2002-08-12,0.0
2002-08-13,0.0
2002-08-14,0.0
2002-08-15,0.0
2002-08-16,0.0
2002-08-17,0.0
2002-08-18,0.009997967630624771
2002-08-19,0.0
2002-08-20,0.0699857771396637
2002-08-21,0.1662261039018631
2002-08-22,0.0022163481917232275
2002-08-23,0.0
2002-08-24,0.0
2002-08-25,0.0
2002-08-26,2.5915868282318115
2002-08-27,1.796675443649292
2002-08-28,0.0
2002-08-29,0.0
2002-08-30,0.0
2002-08-31,1.1718196868896484
2002-09-01,0.657970130443573
2002-09-02,0.11735110729932785
2002-09-03,0.12883241474628448
2002-09-04,0.1382206529378891
2002-09-05,0.1311367005109787
2002-09-06,0.0
2002-09-07,0.0
2002-09-08,0.0
2002-09-09,0.0
2002-09-10,0.0
2002-09-11,1.3082008361816406
2002-09-12,5.333747863769531
2002-09-13,0.5213688015937805
2002-09-14,0.0
2002-09-15,0.0
2002-09-16,0.0
2002-09-17,0.0
2002-09-18,0.0
2002-09-19,0.0
2002-09-20,0.0
2002-09-21,0.0
2002-09-22,0.0
2002-09-23,0.0
2002-09-24,0.0
2002-09-25,0.0
2002-09-26,0.0
2002-09-27,0.0
2002-09-28,0.0
2002-09-29,0.0
2002-09-30,0.0
2002-10-01,0.0
2002-10-02,0.0014838152565062046
2002-10-03,3.339354991912842
2002-10-04,14.006081581115723
2002-10-05,6.735401153564453
2002-10-06,1.4430456161499023
2002-10-07,10.65524959564209
2002-10-08,0.11121216416358948
2002-10-09,0.0
2002-10-10,0.4468243718147278
2002-10-11,0.0
2002-10-12,0.8676203489303589
2002-10-13,1.660108208656311
2002-10-14,10.027741432189941
2002-10-15,4.355863571166992
2002-10-16,4.416436672210693
2002-10-17,0.32723310589790344
2002-10-18,0.0
2002-10-19,2.2334985733032227
2002-10-20,7.040709018707275
2002-10-21,0.00038855045568197966
2002-10-22,0.0
2002-10-23,0.0
2002-10-24,0.0
2002-10-25,0.20684778690338135
2002-10-26,4.938361167907715
2002-10-27,25.392047882080078
2002-10-28,1.5679038763046265
2002-10-29,1.2669179439544678
2002-10-30,0.09765743464231491
2002-10-31,0.035656075924634933
2002-11-01,0.0
2002-11-02,0.0
2002-11-03,4.720122337341309
2002-11-04,6.691343784332275
2002-11-05,0.003071727231144905
2002-11-06,0.2774568200111389
2002-11-07,0.24794010818004608
2002-11-08,0.24794010818004608
2002-11-09,0.24794010818004608
2002-11-10,1.458124041557312
2002-11-11,0.45232880115509033
2002-11-12,3.4868412017822266
2002-11-13,0.96077960729599
2002-11-14,4.141599178314209
2002-11-15,0.5942210555076599
2002-11-16,1.1776905059814453
2002-11-17,4.51438570022583
2002-11-18,17.51871681213379
2002-11-19,0.0
2002-11-20,0.0
2002-11-21,0.0019861110486090183
2002-11-22,3.237715244293213
2002-11-23,0.0
2002-11-24,0.3009311258792877
2002-11-25,9.845758438110352
2002-11-26,9.73921012878418
2002-11-27,6.046875953674316
2002-11-28,8.11131477355957
2002-11-29,0.3333880603313446
2002-11-30,0.0
2002-12-01,0.0
2002-12-02,5.6888275146484375
2002-12-03,17.79784393310547
2002-12-04,0.8530105948448181
2002-12-05,3.5164694786071777
2002-12-06,12.796356201171875
2002-12-07,2.051090717315674
2002-12-08,0.0037163090892136097
2002-12-09,0.9042094349861145
2002-12-10,0.07610314339399338
2002-12-11,0.0
2002-12-12,0.0
2002-12-13,0.22170384228229523
2002-12-14,0.0
2002-12-15,0.0011711125262081623
2002-12-16,0.0
2002-12-17,0.8388580679893494
2002-12-18,0.0
2002-12-19,0.0
2002-12-20,5.859940052032471
2002-12-21,0.0
2002-12-22,0.22163040935993195
2002-12-23,11.221135139465332
2002-12-24,11.964292526245117
2002-12-25,0.29497674107551575
2002-12-26,0.019626088440418243
2002-12-27,0.019626088440418243
2002-12-28,0.019626088440418243
2002-12-29,0.019626088440418243
2002-12-30,0.019626088440418243
2002-12-31,0.37289565801620483
2003-01-01,0.0
2003-01-02,2.1385655403137207
2003-01-03,0.01414649561047554
2003-01-04,39.187435150146484
2003-01-05,0.28450268507003784
2003-01-06,11.29615592956543
2003-01-07,0.0
2003-01-08,0.0
2003-01-09,0.02400355227291584
2003-01-10,2.027038812637329
2003-01-11,1.9671436548233032
2003-01-12,20.623340606689453
2003-01-13,4.725983142852783
2003-01-14,0.770612359046936
2003-01-15,11.054248809814453
2003-01-16,6.993077278137207
2003-01-17,3.7684497833251953
2003-01-18,30.54247283935547
2003-01-19,0.07002773880958557
2003-01-20,0.0
2003-01-21,21.427961349487305
2003-01-22,0.15113216638565063
2003-01-23,0.32997894287109375
2003-01-24,0.3206188678741455
2003-01-25,0.0
2003-01-26,3.5458104610443115
2003-01-27,0.1337280124425888
2003-01-28,0.3416602313518524
2003-01-29,0.0
2003-01-30,6.282911777496338
2003-01-31,0.2976706624031067
2003-02-01,0.0
2003-02-02,1.869145154953003
2003-02-03,0.0
2003-02-04,0.0
2003-02-05,11.29799747467041
2003-02-06,21.68231964111328
2003-02-07,0.9392217397689819
2003-02-08,11.779253959655762
2003-02-09,0.9346703886985779
2003-02-10,0.06481713056564331
2003-02-11,3.7321386337280273
2003-02-12,0.6327541470527649
2003-02-13,38.64067840576172
2003-02-14,1.04385244846344
2003-02-15,0.0876121073961258
2003-02-16,0.0
2003-02-17,0.0
2003-02-18,0.0
2003-02-19,0.0
2003-02-20,33.64466094970703
2003-02-21,2.7291483879089355
2003-02-22,0.0
2003-02-23,3.877239227294922
2003-02-24,0.013621419668197632
2003-02-25,0.0817285105586052
2003-02-26,0.0
2003-02-27,0.0
2003-02-28,9.784162521362305
2003-03-01,0.0
2003-03-02,4.482662677764893
2003-03-03,33.04130554199219
2003-03-04,5.061336040496826
2003-03-05,0.03668486326932907
2003-03-06,0.989308774471283
2003-03-07,15.853021621704102
2003-03-08,0.4313221871852875
2003-03-09,0.0
2003-03-10,0.0
2003-03-11,1.9289484024047852
2003-03-12,1.966804027557373
2003-03-13,0.0
2003-03-14,19.36384391784668
2003-03-15,0.0
2003-03-16,10.336528778076172
2003-03-17,7.5149126052856445
2003-03-18,0.0
2003-03-19,0.0
2003-03-20,0.3257562816143036
2003-03-21,0.0
2003-03-22,0.0
2003-03-23,0.0
2003-03-24,0.0
2003-03-25,0.0
2003-03-26,0.0
2003-03-27,0.0
2003-03-28,0.0
2003-03-29,0.0
2003-03-30,0.0
2003-03-31,19.88011360168457
2003-04-01,0.001115070772357285
2003-04-02,0.0
2003-04-03,0.0
2003-04-04,0.0
2003-04-05,6.930163860321045
2003-04-06,0.2471362054347992
2003-04-07,0.28894832730293274
2003-04-08,0.005623021628707647
2003-04-09,0.0
2003-04-10,0.8677965402603149
2003-04-11,0.0
2003-04-12,0.0
2003-04-13,0.0
2003-04-14,0.0
2003-04-15,0.0
2003-04-16,0.0
2003-04-17,0.5325194001197815
2003-04-18,0.12141547352075577
2003-04-19,0.0
2003-04-20,1.7883729934692383
2003-04-21,0.0
2003-04-22,0.0
2003-04-23,0.0
2003-04-24,0.0
2003-04-25,0.0
2003-04-26,0.0
2003-04-27,0.0
2003-04-28,0.0
2003-04-29,0.0
2003-04-30,0.0
2003-05-01,0.0
2003-05-02,0.0
2003-05-03,0.0
2003-05-04,0.0
2003-05-05,0.0
2003-05-06,0.0
2003-05-07,0.0
2003-05-08,0.0
2003-05-09,0.0
2003-05-10,0.0
2003-05-11,0.0
2003-05-12,0.0
2003-05-13,0.039679206907749176
2003-05-14,0.5589556097984314
2003-05-15,0.0
2003-05-16,0.0
2003-05-17,0.12679384648799896
2003-05-18,1.3720030784606934
2003-05-19,3.342548370361328
2003-05-20,0.07634439319372177
2003-05-21,0.0
2003-05-22,0.0
2003-05-23,0.0
2003-05-24,0.0
2003-05-25,0.0
2003-05-26,0.0
2003-05-27,0.0
2003-05-28,0.0
2003-05-29,0.0
2003-05-30,0.0
2003-05-31,0.0
2003-06-01,0.0
2003-06-02,0.0
2003-06-03,4.4365692138671875
2003-06-04,0.19167226552963257
2003-06-05,0.0
2003-06-06,0.0
2003-06-07,0.0
2003-06-08,0.0
2003-06-09,0.0
2003-06-10,0.0
2003-06-11,0.0
2003-06-12,0.0
2003-06-13,0.0
2003-06-14,0.0
2003-06-15,0.0
2003-06-16,0.0
2003-06-17,0.0
2003-06-18,0.0
2003-06-19,0.0
2003-06-20,0.0
2003-06-21,0.0
2003-06-22,0.0
2003-06-23,0.0
2003-06-24,0.0
2003-06-25,0.0
2003-06-26,0.0
2003-06-27,0.0
2003-06-28,0.0
2003-06-29,0.0
2003-06-30,0.0
2003-07-01,0.0
2003-07-02,0.0
2003-07-03,0.0
2003-07-04,0.0
2003-07-05,0.0
2003-07-06,0.0
2003-07-07,0.0
2003-07-08,0.0
2003-07-09,0.0
2003-07-10,0.0
2003-07-11,0.0
2003-07-12,0.0
2003-07-13,0.0
2003-07-14,0.0
2003-07-15,0.0
2003-07-16,0.0
2003-07-17,0.0
2003-07-18,0.0
2003-07-19,0.0
2003-07-20,0.0
2003-07-21,0.0
2003-07-22,0.0
2003-07-23,0.0
2003-07-24,0.0
2003-07-25,0.0
2003-07-26,0.06825340539216995
2003-07-27,0.0003246674023102969
2003-07-28,0.005493911448866129
2003-07-29,1.734187364578247
2003-07-30,0.07740896195173264
2003-07-31,0.0
2003-08-01,0.0
2003-08-02,0.0
2003-08-03,0.0
2003-08-04,0.0
2003-08-05,0.0
2003-08-06,0.0
2003-08-07,0.043594419956207275
2003-08-08,0.6192031502723694
2003-08-09,10.247514724731445
2003-08-10,0.006886374671012163
2003-08-11,0.0
2003-08-12,0.0
2003-08-13,0.0
2003-08-14,0.0
2003-08-15,0.0
2003-08-16,0.02053600363433361
2003-08-17,0.02053600363433361
2003-08-18,0.02053600363433361
2003-08-19,0.02053600363433361
2003-08-20,0.02053600363433361
2003-08-21,0.0
2003-08-22,0.0
2003-08-23,0.0
2003-08-24,0.0
2003-08-25,0.1782485991716385
2003-08-26,0.0
2003-08-27,0.5276020169258118
2003-08-28,0.07411996275186539
2003-08-29,0.0
2003-08-30,0.0
2003-08-31,0.0
2003-09-01,1.7874908447265625
2003-09-02,0.11171817779541016
2003-09-03,0.11171817779541016
2003-09-04,0.11171817779541016
2003-09-05,0.11171817779541016
2003-09-06,0.0
2003-09-07,0.0
2003-09-08,0.0
2003-09-09,0.0
2003-09-10,0.0
2003-09-11,0.0
2003-09-12,0.0
2003-09-13,0.0
2003-09-14,0.0
2003-09-15,0.0
2003-09-16,0.0
2003-09-17,0.0
2003-09-18,0.0
2003-09-19,0.0
2003-09-20,0.0
2003-09-21,0.0
2003-09-22,0.0
2003-09-23,2.154860734939575
2003-09-24,19.088621139526367
2003-09-25,4.312563419342041
2003-09-26,0.024598605930805206
2003-09-27,0.024598605930805206
2003-09-28,0.390063613653183
2003-09-29,0.02811269275844097
2003-09-30,0.024598605930805206
2003-10-01,0.0
2003-10-02,0.20479169487953186
2003-10-03,0.0
2003-10-04,1.3119499683380127
2003-10-05,5.394623756408691
2003-10-06,0.0
2003-10-07,0.0
2003-10-08,0.0
2003-10-09,0.0
2003-10-10,0.0
2003-10-11,0.0
2003-10-12,0.0
2003-10-13,0.0
2003-10-14,0.0
2003-10-15,0.0
2003-10-16,0.0
2003-10-17,0.0
2003-10-18,0.0
2003-10-19,0.0
2003-10-20,0.0
2003-10-21,0.0
2003-10-22,1.3337907791137695
2003-10-23,0.0
2003-10-24,0.0
2003-10-25,3.3420329093933105
2003-10-26,0.0
2003-10-27,0.0
2003-10-28,0.0
2003-10-29,0.0
2003-10-30,0.0
2003-10-31,0.0
2003-11-01,5.282794952392578
2003-11-02,0.009996391832828522
2003-11-03,0.0921337902545929
2003-11-04,0.20262368023395538
2003-11-05,0.0
2003-11-06,0.0
2003-11-07,0.0
2003-11-08,0.0
2003-11-09,0.0
2003-11-10,2.34967303276062
2003-11-11,0.0
2003-11-12,8.726211547851562
2003-11-13,2.7181549072265625
2003-11-14,1.466909408569336
2003-11-15,0.9906377196311951
2003-11-16,0.0
2003-11-17,0.0
2003-11-18,0.0
2003-11-19,0.0
2003-11-20,0.0
2003-11-21,0.0
2003-11-22,0.0
2003-11-23,0.00491679459810257
2003-11-24,0.1777091920375824
2003-11-25,1.8784070014953613
2003-11-26,0.0
2003-11-27,18.04683494567871
2003-11-28,1.772149682044983
2003-11-29,0.8477032780647278
2003-11-30,13.871726036071777
2003-12-01,1.2870864868164062
2003-12-02,2.301703691482544
2003-12-03,2.8806793689727783
2003-12-04,7.850260257720947
2003-12-05,0.03567446395754814
2003-12-06,1.2438445091247559
2003-12-07,0.0
2003-12-08,0.4833662211894989
2003-12-09,12.39006233215332
2003-12-10,0.0
2003-12-11,0.015396444126963615
2003-12-12,12.447870254516602
2003-12-13,1.5155481100082397
2003-12-14,0.6058169603347778
2003-12-15,0.0
2003-12-16,24.56072235107422
2003-12-17,0.0
2003-12-18,0.0
2003-12-19,0.0
2003-12-20,0.0
2003-12-21,0.01833263598382473
2003-12-22,23.034452438354492
2003-12-23,4.041263103485107
2003-12-24,0.00252179941162467
2003-12-25,1.1158852577209473
2003-12-26,1.3772070407867432
2003-12-27,4.13627815246582
2003-12-28,19.003971099853516
2003-12-29,0.4038558900356293
2003-12-30,0.07669936865568161
2003-12-31,21.947744369506836
2004-01-01,10.862190246582031
2004-01-02,0.5059536099433899
2004-01-03,0.0
2004-01-04,0.13025683164596558
2004-01-05,3.5220742225646973
2004-01-06,1.5237823724746704
2004-01-07,15.426590919494629
2004-01-08,14.243741989135742
2004-01-09,0.2281130701303482
2004-01-10,0.0
2004-01-11,0.0037336060777306557
2004-01-12,0.3814557194709778
2004-01-13,5.200672149658203
2004-01-14,21.436010360717773
2004-01-15,0.26829683780670166
2004-01-16,0.0
2004-01-17,0.0
2004-01-18,0.0
2004-01-19,0.0
2004-01-20,0.0
2004-01-21,17.896188735961914
2004-01-22,0.6373744010925293
2004-01-23,0.12494534999132156
2004-01-24,0.0
2004-01-25,0.0
2004-01-26,0.0
2004-01-27,0.0
2004-01-28,0.0
2004-01-29,0.0
2004-01-30,0.0
2004-01-31,0.0
2004-02-01,0.0
2004-02-02,1.0764729976654053
2004-02-03,0.022749973461031914
2004-02-04,0.0008276243461295962
2004-02-05,3.177112102508545
2004-02-06,0.0
2004-02-07,0.0
2004-02-08,0.0
2004-02-09,0.0
2004-02-10,0.0
2004-02-11,0.688598096370697
2004-02-12,1.8096566200256348
2004-02-13,26.2799129486084
2004-02-14,8.182794570922852
2004-02-15,0.1753225177526474
2004-02-16,6.881048202514648
2004-02-17,0.3588537573814392
2004-02-18,28.188919067382812
2004-02-19,8.241880416870117
2004-02-20,0.8857765793800354
2004-02-21,3.4591784477233887
2004-02-22,0.0
2004-02-23,0.0
2004-02-24,0.0
2004-02-25,1.0397555828094482
2004-02-26,0.0
2004-02-27,0.0
2004-02-28,0.9433956742286682
2004-02-29,11.972372055053711
2004-03-01,0.26041385531425476
2004-03-02,0.31047096848487854
2004-03-03,32.507904052734375
2004-03-04,0.01955524832010269
2004-03-05,0.00651841564103961
2004-03-06,0.0
2004-03-07,0.0
2004-03-08,0.0
2004-03-09,0.0
2004-03-10,0.0
2004-03-11,0.2697685658931732
2004-03-12,0.04926015064120293
2004-03-13,0.0011292867129668593
2004-03-14,23.342832565307617
2004-03-15,0.0023381635546684265
2004-03-16,0.0
2004-03-17,0.0
2004-03-18,38.71807861328125
2004-03-19,0.0
2004-03-20,0.0
2004-03-21,0.0015704021789133549
2004-03-22,0.0
2004-03-23,0.0
2004-03-24,0.0
2004-03-25,0.83388352394104
2004-03-26,1.7126963138580322
2004-03-27,0.045234862715005875
2004-03-28,0.7775722146034241
2004-03-29,0.0
2004-03-30,1.5505625009536743
2004-03-31,0.0
2004-04-01,0.0
2004-04-02,0.0
2004-04-03,0.029876453801989555
2004-04-04,14.187811851501465
2004-04-05,0.1486394703388214
2004-04-06,0.0
2004-04-07,0.0
2004-04-08,13.015168190002441
2004-04-09,0.2607540488243103
2004-04-10,0.0
2004-04-11,0.0
2004-04-12,0.0
2004-04-13,0.0
2004-04-14,0.0
2004-04-15,6.374631404876709
2004-04-16,0.0
2004-04-17,0.0
2004-04-18,0.0
2004-04-19,0.0
2004-04-20,0.0
2004-04-21,0.3685826361179352
2004-04-22,1.0794206857681274
2004-04-23,0.3685826361179352
2004-04-24,5.186484336853027
2004-04-25,0.3685826361179352
2004-04-26,0.0
2004-04-27,0.0
2004-04-28,0.0
2004-04-29,0.0
2004-04-30,0.0
2004-05-01,0.0
2004-05-02,0.0
2004-05-03,1.8733494281768799
2004-05-04,3.185925245285034
2004-05-05,0.013255740515887737
2004-05-06,0.0
2004-05-07,0.0
2004-05-08,0.0
2004-05-09,0.0
2004-05-10,0.0
2004-05-11,0.0
2004-05-12,0.0
2004-05-13,0.0
2004-05-14,0.0
2004-05-15,0.0
2004-05-16,0.0
2004-05-17,0.0
2004-05-18,0.0
2004-05-19,0.0
2004-05-20,0.0
2004-05-21,0.0
2004-05-22,0.0
2004-05-23,0.0
2004-05-24,0.0
2004-05-25,0.0
2004-05-26,0.8343905806541443
2004-05-27,0.2594323456287384
2004-05-28,0.0
2004-05-29,0.0
2004-05-30,0.0
2004-05-31,0.0
2004-06-01,0.0
2004-06-02,0.0
2004-06-03,0.0
2004-06-04,0.0
2004-06-05,0.0
2004-06-06,0.0
2004-06-07,0.0
2004-06-08,7.386096000671387
2004-06-09,3.9254517555236816
2004-06-10,2.6327035427093506
2004-06-11,0.0
2004-06-12,0.0
2004-06-13,0.0
2004-06-14,0.0
2004-06-15,0.0
2004-06-16,0.0
2004-06-17,0.0
2004-06-18,0.0
2004-06-19,0.0
2004-06-20,0.0
2004-06-21,0.1586785912513733
2004-06-22,0.1586785912513733
2004-06-23,0.1586785912513733
2004-06-24,0.1586785912513733
2004-06-25,0.1586785912513733
2004-06-26,0.0
2004-06-27,0.0
2004-06-28,0.0
2004-06-29,0.0
2004-06-30,0.0
2004-07-01,0.0
2004-07-02,8.895722389221191
2004-07-03,2.965240716934204
2004-07-04,0.0
2004-07-05,0.0
2004-07-06,0.0
2004-07-07,0.0
2004-07-08,0.0
2004-07-09,0.0
2004-07-10,0.0
2004-07-11,0.0
2004-07-12,0.0
2004-07-13,0.0
2004-07-14,0.0
2004-07-15,0.0
2004-07-16,0.0
2004-07-17,0.0
2004-07-18,0.0
2004-07-19,0.0
2004-07-20,0.0
2004-07-21,0.0
2004-07-22,0.0
2004-07-23,0.0
2004-07-24,0.0
2004-07-25,0.0
2004-07-26,0.0
2004-07-27,0.0
2004-07-28,0.0
2004-07-29,0.0
2004-07-30,0.0
2004-07-31,0.0
2004-08-01,0.0
2004-08-02,0.0
2004-08-03,0.0
2004-08-04,0.0
2004-08-05,0.0
2004-08-06,0.23481819033622742
2004-08-07,0.03902323171496391
2004-08-08,0.23728643357753754
2004-08-09,0.22266200184822083
2004-08-10,0.04667485132813454
2004-08-11,0.0
2004-08-12,0.0
2004-08-13,0.0
2004-08-14,0.0
2004-08-15,0.0
2004-08-16,0.04494067654013634
2004-08-17,0.0
2004-08-18,0.0023292466066777706
2004-08-19,0.004639001097530127
2004-08-20,0.0
2004-08-21,1.0578761100769043
2004-08-22,0.002299207728356123
2004-08-23,0.6051179766654968
2004-08-24,0.0
2004-08-25,3.9033877849578857
2004-08-26,2.7639217376708984
2004-08-27,0.0
2004-08-28,0.0
2004-08-29,0.0
2004-08-30,0.0
2004-08-31,0.0
2004-09-01,0.0057715377770364285
2004-09-02,0.015390768647193909
2004-09-03,0.0057715377770364285
2004-09-04,0.0057715377770364285
2004-09-05,0.0057715377770364285
2004-09-06,0.0
2004-09-07,0.0
2004-09-08,0.0
2004-09-09,0.0
2004-09-10,0.0
2004-09-11,0.0
2004-09-12,0.0
2004-09-13,0.0
2004-09-14,0.0
2004-09-15,0.0
2004-09-16,1.5110315084457397
2004-09-17,0.0
2004-09-18,0.0
2004-09-19,0.03362393379211426
2004-09-20,0.0
2004-09-21,0.0
2004-09-22,0.0
2004-09-23,0.0
2004-09-24,0.0
2004-09-25,0.0
2004-09-26,0.0
2004-09-27,0.0
2004-09-28,0.0
2004-09-29,0.0
2004-09-30,0.0
2004-10-01,0.0
2004-10-02,0.0
2004-10-03,0.0
2004-10-04,0.0
2004-10-05,0.0
2004-10-06,0.0
2004-10-07,0.00020748822134919465
2004-10-08,0.3223905861377716
2004-10-09,2.012139320373535
2004-10-10,0.01651940867304802
2004-10-11,0.0
2004-10-12,0.0
2004-10-13,0.0
2004-10-14,0.0
2004-10-15,0.0
2004-10-16,0.0
2004-10-17,0.0
2004-10-18,0.0
2004-10-19,0.0
2004-10-20,0.0
2004-10-21,0.0
2004-10-22,0.0
2004-10-23,0.5702712535858154
2004-10-24,5.133245944976807
2004-10-25,0.3407701849937439
2004-10-26,0.0
2004-10-27,1.0136339664459229
2004-10-28,0.0
2004-10-29,0.09378693252801895
2004-10-30,0.0
2004-10-31,0.8442321419715881
2004-11-01,0.33842843770980835
2004-11-02,1.101845622062683
2004-11-03,4.181308746337891
2004-11-04,8.148991584777832
2004-11-05,0.06542516499757767
2004-11-06,2.1642353534698486
2004-11-07,6.594343185424805
2004-11-08,4.310455799102783
2004-11-09,8.482507705688477
2004-11-10,4.752844333648682
2004-11-11,4.269604682922363
2004-11-12,0.0
2004-11-13,0.0
2004-11-14,4.320659637451172
2004-11-15,1.3514115810394287
2004-11-16,0.005696908570826054
2004-11-17,20.120330810546875
2004-11-18,0.0
2004-11-19,0.0
2004-11-20,0.0
2004-11-21,0.0
2004-11-22,0.6508995294570923
2004-11-23,0.03028065338730812
2004-11-24,0.4822884500026703
2004-11-25,1.364965558052063
2004-11-26,6.4169511795043945
2004-11-27,0.0025643676053732634
2004-11-28,0.2811775505542755
2004-11-29,0.0
2004-11-30,0.0
2004-12-01,0.8219218850135803
2004-12-02,0.3616485297679901
2004-12-03,0.0
2004-12-04,6.663340091705322
2004-12-05,0.0
2004-12-06,0.0
2004-12-07,6.359402179718018
2004-12-08,0.15821747481822968
2004-12-09,10.892799377441406
2004-12-10,0.0
2004-12-11,0.0
2004-12-12,0.4245225191116333
2004-12-13,14.401885032653809
2004-12-14,0.1866421103477478
2004-12-15,5.198843479156494
2004-12-16,4.2143754959106445
2004-12-17,1.9462213516235352
2004-12-18,0.0
2004-12-19,9.349868774414062
2004-12-20,0.0020760896150022745
2004-12-21,0.06066754087805748
2004-12-22,0.0
2004-12-23,0.0
2004-12-24,10.973912239074707
2004-12-25,0.0
2004-12-26,0.0
2004-12-27,0.0
2004-12-28,0.010531830601394176
2004-12-29,0.01953054592013359
2004-12-30,6.1009674072265625
2004-12-31,0.0406227707862854
2005-01-01,0.05726800858974457
2005-01-02,10.92104721069336
2005-01-03,1.000625491142273
2005-01-04,0.0
2005-01-05,0.0
2005-01-06,0.0
2005-01-07,1.537511944770813
2005-01-08,2.147146701812744
2005-01-09,0.24923035502433777
2005-01-10,0.7308187484741211
2005-01-11,2.5837419033050537
2005-01-12,0.0
2005-01-13,0.02140156738460064
2005-01-14,0.15430182218551636
2005-01-15,18.897357940673828
2005-01-16,5.636905670166016
2005-01-17,0.018242107704281807
2005-01-18,0.0
2005-01-19,0.0
2005-01-20,0.0
2005-01-21,0.0
2005-01-22,2.1515393257141113
2005-01-23,6.9191694259643555
2005-01-24,20.144298553466797
2005-01-25,0.9312619566917419
2005-01-26,0.017007438465952873
2005-01-27,0.0
2005-01-28,0.0
2005-01-29,0.0
2005-01-30,0.23369377851486206
2005-01-31,20.681020736694336
2005-02-01,0.0
2005-02-02,0.0
2005-02-03,0.0
2005-02-04,0.0
2005-02-05,0.0
2005-02-06,0.1525224894285202
2005-02-07,1.5500706434249878
2005-02-08,28.853649139404297
2005-02-09,0.09885717928409576
2005-02-10,0.15444813668727875
2005-02-11,0.011707505211234093
2005-02-12,16.1649112701416
2005-02-13,0.7592602968215942
2005-02-14,5.764489650726318
2005-02-15,14.768543243408203
2005-02-16,4.422357559204102
2005-02-17,0.5962689518928528
2005-02-18,2.2884316444396973
2005-02-19,2.925402879714966
2005-02-20,0.033969804644584656
2005-02-21,6.070025444030762
2005-02-22,0.034662876278162
2005-02-23,14.315277099609375
2005-02-24,8.249797821044922
2005-02-25,0.00589064322412014
2005-02-26,0.12150567770004272
2005-02-27,0.0020163257140666246
2005-02-28,0.03758733347058296
2005-03-01,0.01670835353434086
2005-03-02,0.01670835353434086
2005-03-03,0.04455560818314552
2005-03-04,0.01670835353434086
2005-03-05,0.01670835353434086
2005-03-06,0.0
2005-03-07,0.0
2005-03-08,2.079824447631836
2005-03-09,5.3340301513671875
2005-03-10,0.0
2005-03-11,0.0
2005-03-12,0.0
2005-03-13,20.825284957885742
2005-03-14,0.0
2005-03-15,0.0
2005-03-16,0.0
2005-03-17,0.0
2005-03-18,0.0
2005-03-19,0.0
2005-03-20,0.0
2005-03-21,3.1103243827819824
2005-03-22,24.747114181518555
2005-03-23,0.0
2005-03-24,0.0
2005-03-25,0.0
2005-03-26,0.0
2005-03-27,0.041674673557281494
2005-03-28,0.0
2005-03-29,0.0
2005-03-30,24.721776962280273
2005-03-31,0.6051017642021179
2005-04-01,0.0
2005-04-02,1.9352984428405762
2005-04-03,12.268919944763184
2005-04-04,1.8396754264831543
2005-04-05,0.0
2005-04-06,0.0
2005-04-07,0.0
2005-04-08,0.0
2005-04-09,0.36067909002304077
2005-04-10,0.0011306555243209004
2005-04-11,0.0
2005-04-12,0.0
2005-04-13,0.0
2005-04-14,0.0
2005-04-15,0.0
2005-04-16,0.0
2005-04-17,2.090533971786499
2005-04-18,0.5375658869743347
2005-04-19,0.0
2005-04-20,0.0
2005-04-21,0.026230407878756523
2005-04-22,0.0
2005-04-23,0.0
2005-04-24,2.191270589828491
2005-04-25,14.195894241333008
2005-04-26,0.0
2005-04-27,0.0
2005-04-28,0.0
2005-04-29,0.0
2005-04-30,0.0
2005-05-01,0.0
2005-05-02,0.0
2005-05-03,0.0
2005-05-04,0.0
2005-05-05,0.0
2005-05-06,0.8121975064277649
2005-05-07,0.8121975064277649
2005-05-08,0.8121975064277649
2005-05-09,0.8121975064277649
2005-05-10,0.8121975064277649
2005-05-11,0.0
2005-05-12,0.0
2005-05-13,0.0
2005-05-14,0.0
2005-05-15,0.0
2005-05-16,0.0
2005-05-17,0.0
2005-05-18,0.0
2005-05-19,0.0
2005-05-20,0.0
2005-05-21,0.10449595749378204
2005-05-22,13.08890438079834
2005-05-23,0.00369066558778286
2005-05-24,0.0
2005-05-25,0.30188676714897156
2005-05-26,0.0
2005-05-27,0.0
2005-05-28,0.0
2005-05-29,0.0
2005-05-30,0.0
2005-05-31,0.0
2005-06-01,0.0
2005-06-02,0.0
2005-06-03,0.0
2005-06-04,0.0
2005-06-05,0.0
2005-06-06,0.0
2005-06-07,0.0
2005-06-08,0.0
2005-06-09,0.0
2005-06-10,0.0
2005-06-11,0.0
2005-06-12,0.0
2005-06-13,0.0
2005-06-14,0.0
2005-06-15,0.0
2005-06-16,0.0
2005-06-17,0.0
2005-06-18,0.0
2005-06-19,0.0
2005-06-20,0.0
2005-06-21,0.0
2005-06-22,0.0
2005-06-23,0.0
2005-06-24,0.0
2005-06-25,0.0
2005-06-26,0.0
2005-06-27,0.0
2005-06-28,0.0
2005-06-29,0.0
2005-06-30,0.0
2005-07-01,0.0
2005-07-02,0.0
2005-07-03,0.0
2005-07-04,0.0
2005-07-05,0.0
2005-07-06,0.0
2005-07-07,0.0
2005-07-08,0.0
2005-07-09,0.0
2005-07-10,0.0
2005-07-11,0.0
2005-07-12,0.0
2005-07-13,0.0
2005-07-14,0.0
2005-07-15,0.0
2005-07-16,0.0
2005-07-17,0.0
2005-07-18,0.0
2005-07-19,0.0
2005-07-20,0.0
2005-07-21,0.0
2005-07-22,0.0
2005-07-23,0.0
2005-07-24,0.0
2005-07-25,0.0
2005-07-26,0.0
2005-07-27,0.0
2005-07-28,0.0
2005-07-29,0.0
2005-07-30,0.0
2005-07-31,0.0
2005-08-01,0.0
2005-08-02,0.0
2005-08-03,0.0
2005-08-04,0.0
2005-08-05,0.0
2005-08-06,0.5493432283401489
2005-08-07,0.981393039226532
2005-08-08,1.380035161972046
2005-08-09,0.0
2005-08-10,0.0
2005-08-11,0.0
2005-08-12,0.0
2005-08-13,0.0
2005-08-14,0.0
2005-08-15,0.0
2005-08-16,0.0
2005-08-17,0.0
2005-08-18,0.06817029416561127
2005-08-19,0.0
2005-08-20,0.0
2005-08-21,0.01750457100570202
2005-08-22,0.01750457100570202
2005-08-23,0.01750457100570202
2005-08-24,0.04667885601520538
2005-08-25,0.01750457100570202
2005-08-26,0.0
2005-08-27,0.0
2005-08-28,0.0
2005-08-29,0.0
2005-08-30,0.0
2005-08-31,0.0
2005-09-01,0.02064625546336174
2005-09-02,0.0
2005-09-03,0.0
2005-09-04,0.0
2005-09-05,0.0
2005-09-06,0.0
2005-09-07,0.0
2005-09-08,0.0
2005-09-09,0.0
2005-09-10,0.0
2005-09-11,1.337856411933899
2005-09-12,1.9804725646972656
2005-09-13,0.5451086759567261
2005-09-14,0.33380070328712463
2005-09-15,0.08258454501628876
2005-09-16,0.0
2005-09-17,0.0
2005-09-18,0.0
2005-09-19,0.0
2005-09-20,0.0
2005-09-21,0.0
2005-09-22,0.0
2005-09-23,0.0
2005-09-24,0.0
2005-09-25,0.0
2005-09-26,0.017480434849858284
2005-09-27,0.4766359329223633
2005-09-28,0.0
2005-09-29,0.0
2005-09-30,8.625598907470703
2005-10-01,1.0337560176849365
2005-10-02,0.0
2005-10-03,0.05716772750020027
2005-10-04,0.026574669405817986
2005-10-05,31.877609252929688
2005-10-06,0.6049584746360779
2005-10-07,0.0
2005-10-08,7.3683085441589355
2005-10-09,4.652704238891602
2005-10-10,7.878553867340088
2005-10-11,0.0
2005-10-12,0.0
2005-10-13,0.0
2005-10-14,0.0
2005-10-15,0.0
2005-10-16,2.351628065109253
2005-10-17,3.946915864944458
2005-10-18,0.0
2005-10-19,0.015385395847260952
2005-10-20,0.005917459726333618
2005-10-21,0.0
2005-10-22,0.0
2005-10-23,0.0
2005-10-24,2.1717355251312256
2005-10-25,0.060081597417593
2005-10-26,15.519150733947754
2005-10-27,2.5296006202697754
2005-10-28,0.0
2005-10-29,0.0
2005-10-30,0.0
2005-10-31,4.717653274536133
2005-11-01,0.05120980367064476
2005-11-02,0.0
2005-11-03,0.0
2005-11-04,0.0
2005-11-05,3.383796453475952
2005-11-06,9.183120727539062
2005-11-07,0.0
2005-11-08,0.043843090534210205
2005-11-09,0.018184322863817215
2005-11-10,16.212902069091797
2005-11-11,0.0700153335928917
2005-11-12,0.0
2005-11-13,6.189355850219727
2005-11-14,0.0
2005-11-15,0.0
2005-11-16,0.09407343715429306
2005-11-17,0.004537632223218679
2005-11-18,3.302551507949829
2005-11-19,31.64750862121582
2005-11-20,0.0
2005-11-21,0.0
2005-11-22,0.6243663430213928
2005-11-23,0.06511368602514267
2005-11-24,24.768774032592773
2005-11-25,2.9964258670806885
2005-11-26,0.0
2005-11-27,0.0
2005-11-28,0.0
2005-11-29,0.0
2005-11-30,0.0
2005-12-01,0.013542224653065205
2005-12-02,0.11801305413246155
2005-12-03,0.0
2005-12-04,2.111581563949585
2005-12-05,5.970716953277588
2005-12-06,14.665042877197266
2005-12-07,0.0020402686204761267
2005-12-08,0.0
2005-12-09,0.0
2005-12-10,0.0
2005-12-11,0.0
2005-12-12,0.0
2005-12-13,0.3456573486328125
2005-12-14,4.39371919631958
2005-12-15,4.050978660583496
2005-12-16,0.04525337740778923
2005-12-17,0.5489101409912109
2005-12-18,0.0
2005-12-19,0.0
2005-12-20,14.482068061828613
2005-12-21,0.06029545143246651
2005-12-22,0.0
2005-12-23,0.0
2005-12-24,2.7174713611602783
2005-12-25,13.485708236694336
2005-12-26,0.8887582421302795
2005-12-27,0.0
2005-12-28,3.21859073638916
2005-12-29,0.028889188542962074
2005-12-30,0.06713894754648209
2005-12-31,0.0
2006-01-01,13.507813453674316
2006-01-02,0.8565735220909119
2006-01-03,9.053248405456543
2006-01-04,2.2876179218292236
2006-01-05,0.0
2006-01-06,0.0
2006-01-07,0.0
2006-01-08,0.0
2006-01-09,0.4113621115684509
2006-01-10,2.9326136112213135
2006-01-11,24.460683822631836
2006-01-12,0.5256337523460388
2006-01-13,3.3250327110290527
2006-01-14,0.0
2006-01-15,0.02913644351065159
2006-01-16,27.116247177124023
2006-01-17,24.027254104614258
2006-01-18,0.0
2006-01-19,0.0
2006-01-20,19.08281707763672
2006-01-21,2.3083677291870117
2006-01-22,0.11818137764930725
2006-01-23,0.0
2006-01-24,0.1861317902803421
2006-01-25,46.79216384887695
2006-01-26,8.441377639770508
2006-01-27,0.05762065574526787
2006-01-28,0.005549324210733175
2006-01-29,0.24632221460342407
2006-01-30,0.1079321801662445
2006-01-31,0.0006936655263416469
2006-02-01,0.29079821705818176
2006-02-02,0.0
2006-02-03,0.0
2006-02-04,0.03566601499915123
2006-02-05,1.4996358156204224
2006-02-06,1.4227421283721924
2006-02-07,3.191495418548584
2006-02-08,0.036623764783144
2006-02-09,4.452180862426758
2006-02-10,4.015600204467773
2006-02-11,0.0
2006-02-12,1.1265815496444702
2006-02-13,7.735260963439941
2006-02-14,2.5398874282836914
2006-02-15,0.28425389528274536
2006-02-16,0.0
2006-02-17,0.0
2006-02-18,0.0
2006-02-19,0.0
2006-02-20,0.0
2006-02-21,0.0
2006-02-22,0.04487378150224686
2006-02-23,21.84381103515625
2006-02-24,9.243885040283203
2006-02-25,0.0
2006-02-26,0.03435228765010834
2006-02-27,0.03435228765010834
2006-02-28,0.03435228765010834
2006-03-01,0.0
2006-03-02,0.0
2006-03-03,12.881711959838867
2006-03-04,1.4077798128128052
2006-03-05,0.0
2006-03-06,0.0
2006-03-07,0.0
2006-03-08,0.0
2006-03-09,0.9772617816925049
2006-03-10,9.183026313781738
2006-03-11,0.011421521194279194
2006-03-12,3.782409429550171
2006-03-13,0.7519344687461853
2006-03-14,0.0
2006-03-15,0.0
2006-03-16,0.0
2006-03-17,0.0
2006-03-18,13.97055435180664
2006-03-19,0.0
2006-03-20,0.0
2006-03-21,0.01835358701646328
2006-03-22,0.0
2006-03-23,0.34390878677368164
2006-03-24,2.025486707687378
2006-03-25,21.116558074951172
2006-03-26,43.19550323486328
2006-03-27,0.0
2006-03-28,3.5835347175598145
2006-03-29,4.242571830749512
2006-03-30,7.088765621185303
2006-03-31,0.0
2006-04-01,0.0
2006-04-02,0.0
2006-04-03,0.0
2006-04-04,0.0
2006-04-05,0.0
2006-04-06,0.0
2006-04-07,0.0
2006-04-08,0.0
2006-04-09,0.0
2006-04-10,0.0
2006-04-11,0.0017510326579213142
2006-04-12,0.0
2006-04-13,0.0
2006-04-14,6.007673263549805
2006-04-15,7.494539737701416
2006-04-16,0.0
2006-04-17,0.0
2006-04-18,0.0
2006-04-19,0.0
2006-04-20,0.0
2006-04-21,0.0
2006-04-22,0.0
2006-04-23,0.0
2006-04-24,0.0
2006-04-25,0.0
2006-04-26,0.0
2006-04-27,0.0
2006-04-28,0.0
2006-04-29,0.0
2006-04-30,0.0
2006-05-01,0.0
2006-05-02,0.0
2006-05-03,0.0
2006-05-04,0.0
2006-05-05,0.0
2006-05-06,0.0
2006-05-07,0.0
2006-05-08,0.0
2006-05-09,0.0
2006-05-10,0.0
2006-05-11,0.0
2006-05-12,0.0
2006-05-13,0.0
2006-05-14,0.0
2006-05-15,0.0
2006-05-16,0.0
2006-05-17,0.0
2006-05-18,0.0
2006-05-19,0.0
2006-05-20,0.0
2006-05-21,0.0
2006-05-22,0.0
2006-05-23,0.0
2006-05-24,0.0
2006-05-25,0.0
2006-05-26,0.0
2006-05-27,0.0
2006-05-28,0.0
2006-05-29,0.0
2006-05-30,0.0
2006-05-31,0.0
2006-06-01,0.0
2006-06-02,0.0
2006-06-03,0.0
2006-06-04,0.0
2006-06-05,0.0
2006-06-06,0.8353973031044006
2006-06-07,0.31327396631240845
2006-06-08,0.31327396631240845
2006-06-09,0.31327396631240845
2006-06-10,0.31327396631240845
2006-06-11,0.0
2006-06-12,8.240034103393555
2006-06-13,0.0
2006-06-14,0.0
2006-06-15,0.0
2006-06-16,0.0
2006-06-17,0.0
2006-06-18,0.0
2006-06-19,0.0
2006-06-20,0.0
2006-06-21,0.0
2006-06-22,0.0
2006-06-23,0.0
2006-06-24,0.0
2006-06-25,0.0
2006-06-26,0.0
2006-06-27,0.0
2006-06-28,0.0
2006-06-29,0.0
2006-06-30,0.0
2006-07-01,0.0
2006-07-02,0.0
2006-07-03,0.0
2006-07-04,0.0
2006-07-05,0.0
2006-07-06,0.0
2006-07-07,0.0
2006-07-08,0.0
2006-07-09,0.0
2006-07-10,0.0
2006-07-11,0.0
2006-07-12,0.0
2006-07-13,0.0
2006-07-14,0.0
2006-07-15,0.0
2006-07-16,0.0
2006-07-17,0.0
2006-07-18,0.0
2006-07-19,0.0
2006-07-20,0.0
2006-07-21,0.0
2006-07-22,0.0
2006-07-23,0.0
2006-07-24,0.0
2006-07-25,0.0
2006-07-26,0.0
2006-07-27,0.1655019223690033
2006-07-28,0.0
2006-07-29,7.0178446769714355
2006-07-30,1.3389173746109009
2006-07-31,0.10172855108976364
2006-08-01,0.0
2006-08-02,0.0
2006-08-03,0.0
2006-08-04,0.0
2006-08-05,0.0
2006-08-06,0.0
2006-08-07,0.0
2006-08-08,0.0
2006-08-09,0.0
2006-08-10,0.0
2006-08-11,0.0
2006-08-12,0.0
2006-08-13,0.0
2006-08-14,0.0
2006-08-15,14.529918670654297
2006-08-16,13.003164291381836
2006-08-17,3.009385824203491
2006-08-18,0.5432627201080322
2006-08-19,0.0
2006-08-20,0.0
2006-08-21,0.20811524987220764
2006-08-22,0.20811524987220764
2006-08-23,0.20811524987220764
2006-08-24,0.20811524987220764
2006-08-25,0.20811524987220764
2006-08-26,0.2501171827316284
2006-08-27,0.2501171827316284
2006-08-28,0.2501171827316284
2006-08-29,1.750820279121399
2006-08-30,0.2501171827316284
2006-08-31,0.2501171827316284
2006-09-01,0.002699085744097829
2006-09-02,0.01619451493024826
2006-09-03,0.002699085744097829
2006-09-04,0.002699085744097829
2006-09-05,0.002699085744097829
2006-09-06,0.0
2006-09-07,0.0
2006-09-08,12.386964797973633
2006-09-09,4.124446868896484
2006-09-10,0.0
2006-09-11,0.0
2006-09-12,1.8738386631011963
2006-09-13,0.0
2006-09-14,0.0
2006-09-15,2.1236839294433594
2006-09-16,3.9944798946380615
2006-09-17,0.022015385329723358
2006-09-18,0.0
2006-09-19,0.008600632660090923
2006-09-20,0.0
2006-09-21,0.25445935130119324
2006-09-22,0.25445935130119324
2006-09-23,0.25445935130119324
2006-09-24,1.5267561674118042
2006-09-25,0.25445935130119324
2006-09-26,1.460771083831787
2006-09-27,8.13222885131836
2006-09-28,0.9662511944770813
2006-09-29,1.0163060426712036
2006-09-30,0.08118633925914764
2006-10-01,0.31926777958869934
2006-10-02,0.30243366956710815
2006-10-03,0.17294155061244965
2006-10-04,0.0
2006-10-05,0.0
2006-10-06,0.6202601790428162
2006-10-07,0.9953011870384216
2006-10-08,0.0
2006-10-09,0.0
2006-10-10,0.0
2006-10-11,1.4166622161865234
2006-10-12,1.5708318948745728
2006-10-13,0.0
2006-10-14,0.0
2006-10-15,0.5750303268432617
2006-10-16,0.43953290581703186
2006-10-17,0.02747080661356449
2006-10-18,0.02747080661356449
2006-10-19,0.02747080661356449
2006-10-20,0.02747080661356449
2006-10-21,0.01980055496096611
2006-10-22,0.01980055496096611
2006-10-23,0.0
2006-10-24,0.1505957692861557
2006-10-25,8.44284439086914
2006-10-26,0.0
2006-10-27,0.0
2006-10-28,0.0
2006-10-29,0.24137769639492035
2006-10-30,13.001630783081055
2006-10-31,0.0
2006-11-01,0.045424334704875946
2006-11-02,3.040356159210205
2006-11-03,0.011707848869264126
2006-11-04,0.8544282913208008
2006-11-05,0.0
2006-11-06,14.240805625915527
2006-11-07,0.2793673276901245
2006-11-08,0.0
2006-11-09,2.023172378540039
2006-11-10,0.5862851142883301
2006-11-11,0.0
2006-11-12,0.0
2006-11-13,0.0
2006-11-14,0.0
2006-11-15,0.0
2006-11-16,0.33871710300445557
2006-11-17,2.6781718730926514
2006-11-18,0.22945351898670197
2006-11-19,1.1132744550704956
2006-11-20,0.22945351898670197
2006-11-21,0.0
2006-11-22,0.0
2006-11-23,0.0
2006-11-24,0.0
2006-11-25,0.0
2006-11-26,1.3326590061187744
2006-11-27,3.8785343170166016
2006-11-28,7.550299167633057
2006-11-29,0.6299266815185547
2006-11-30,0.0
2006-12-01,0.0
2006-12-02,12.612776756286621
2006-12-03,0.0
2006-12-04,0.0
2006-12-05,0.0
2006-12-06,0.1997237205505371
2006-12-07,0.0
2006-12-08,15.759981155395508
2006-12-09,0.4749874472618103
2006-12-10,0.007656668778508902
2006-12-11,0.006459427066147327
2006-12-12,0.006459427066147327
2006-12-13,0.006459427066147327
2006-12-14,0.006459427066147327
2006-12-15,0.10335083305835724
2006-12-16,0.0
2006-12-17,0.0
2006-12-18,4.8142991065979
2006-12-19,0.4279766380786896
2006-12-20,20.56839370727539
2006-12-21,8.947600364685059
2006-12-22,0.0
2006-12-23,0.451195627450943
2006-12-24,0.2537081241607666
2006-12-25,6.140768051147461
2006-12-26,8.371009826660156
2006-12-27,0.01394084095954895
2006-12-28,0.0
2006-12-29,0.6334823369979858
2006-12-30,1.88979971408844
2006-12-31,0.04106605798006058
2007-01-01,0.0
2007-01-02,8.770466804504395
2007-01-03,8.656831741333008
2007-01-04,0.3425283432006836
2007-01-05,0.0
2007-01-06,0.05518132820725441
2007-01-07,16.85575294494629
2007-01-08,2.9332826137542725
2007-01-09,0.0
2007-01-10,0.17600871622562408
2007-01-11,2.604059934616089
2007-01-12,15.110594749450684
2007-01-13,1.085892677307129
2007-01-14,11.01634693145752
2007-01-15,2.4240825176239014
2007-01-16,11.958614349365234
2007-01-17,5.313354969024658
2007-01-18,0.0
2007-01-19,0.045545704662799835
2007-01-20,9.510594367980957
2007-01-21,0.4980712831020355
2007-01-22,0.0
2007-01-23,4.909542083740234
2007-01-24,6.368119716644287
2007-01-25,0.019542787224054337
2007-01-26,0.1538221836090088
2007-01-27,0.22357532382011414
2007-01-28,7.584273338317871
2007-01-29,0.0
2007-01-30,0.0
2007-01-31,20.34710693359375
2007-02-01,0.0
2007-02-02,0.0
2007-02-03,0.0
2007-02-04,6.2313313484191895
2007-02-05,0.0
2007-02-06,0.0
2007-02-07,21.40648078918457
2007-02-08,3.171785831451416
2007-02-09,0.4775613248348236
2007-02-10,0.6570108532905579
2007-02-11,4.310786247253418
2007-02-12,0.0
2007-02-13,11.991154670715332
2007-02-14,4.247652053833008
2007-02-15,1.7048871517181396
2007-02-16,2.847799301147461
2007-02-17,5.206237316131592
2007-02-18,2.7086615562438965
2007-02-19,0.0
2007-02-20,0.0
2007-02-21,0.0
2007-02-22,0.0
2007-02-23,0.38404178619384766
2007-02-24,0.9551349878311157
2007-02-25,0.0
2007-02-26,0.9984143972396851
2007-02-27,0.9984143972396851
2007-02-28,0.9984143972396851
2007-03-01,0.0
2007-03-02,1.1788642406463623
2007-03-03,22.941537857055664
2007-03-04,0.45759573578834534
2007-03-05,0.0
2007-03-06,0.0
2007-03-07,0.0
2007-03-08,0.0
2007-03-09,0.6459803581237793
2007-03-10,25.60980224609375
2007-03-11,1.3575918674468994
2007-03-12,0.926112711429596
2007-03-13,0.0
2007-03-14,3.7341063022613525
2007-03-15,8.64311408996582
2007-03-16,0.1006685197353363
2007-03-17,1.1527773141860962
2007-03-18,2.1970748901367188
2007-03-19,0.0
2007-03-20,0.0
2007-03-21,0.0
2007-03-22,0.0
2007-03-23,0.0
2007-03-24,0.0
2007-03-25,0.0
2007-03-26,0.0
2007-03-27,0.3155529797077179
2007-03-28,0.0
2007-03-29,0.01907368004322052
2007-03-30,0.040126118808984756
2007-03-31,21.21963119506836
2007-04-01,0.0
2007-04-02,0.0
2007-04-03,0.29379865527153015
2007-04-04,16.5506591796875
2007-04-05,0.0
2007-04-06,0.0
2007-04-07,0.0
2007-04-08,0.0
2007-04-09,0.0
2007-04-10,0.0
2007-04-11,0.0
2007-04-12,0.7935460805892944
2007-04-13,16.296812057495117
2007-04-14,0.0
2007-04-15,0.0
2007-04-16,0.0
2007-04-17,0.0
2007-04-18,0.0
2007-04-19,0.0
2007-04-20,0.0
2007-04-21,0.0
2007-04-22,0.0
2007-04-23,0.0
2007-04-24,0.0
2007-04-25,0.0
2007-04-26,0.0799344852566719
2007-04-27,10.02023983001709
2007-04-28,0.0
2007-04-29,0.0
2007-04-30,0.0
2007-05-01,0.04740569368004799
2007-05-02,0.04740569368004799
2007-05-03,0.04740569368004799
2007-05-04,0.04740569368004799
2007-05-05,0.04740569368004799
2007-05-06,6.295716762542725
2007-05-07,0.41367754340171814
2007-05-08,8.721611976623535
2007-05-09,0.0
2007-05-10,0.06578881293535233
2007-05-11,0.0
2007-05-12,0.0
2007-05-13,0.0
2007-05-14,0.0
2007-05-15,0.0
2007-05-16,0.056191593408584595
2007-05-17,0.056191593408584595
2007-05-18,0.056191593408584595
2007-05-19,0.056191593408584595
2007-05-20,0.056191593408584595
2007-05-21,0.46975278854370117
2007-05-22,1.6965447664260864
2007-05-23,1.5917247533798218
2007-05-24,0.46975278854370117
2007-05-25,0.46975278854370117
2007-05-26,0.0
2007-05-27,0.0
2007-05-28,0.0
2007-05-29,0.0
2007-05-30,0.0
2007-05-31,0.0
2007-06-01,0.0
2007-06-02,0.0
2007-06-03,0.0
2007-06-04,0.0
2007-06-05,0.0
2007-06-06,0.0
2007-06-07,0.0
2007-06-08,0.0
2007-06-09,0.0
2007-06-10,0.0
2007-06-11,0.0
2007-06-12,0.0
2007-06-13,0.0
2007-06-14,0.0
2007-06-15,0.0
2007-06-16,0.0
2007-06-17,0.0
2007-06-18,0.0
2007-06-19,0.0
2007-06-20,0.0
2007-06-21,0.0
2007-06-22,0.0
2007-06-23,0.0
2007-06-24,0.0
2007-06-25,6.124304294586182
2007-06-26,5.176841735839844
2007-06-27,0.1715526133775711
2007-06-28,1.8234785795211792
2007-06-29,0.0
2007-06-30,0.0
2007-07-01,0.0
2007-07-02,0.0
2007-07-03,0.0
2007-07-04,0.0
2007-07-05,0.0
2007-07-06,0.0
2007-07-07,0.0
2007-07-08,1.8122769594192505
2007-07-09,1.927176594734192
2007-07-10,2.852854013442993
2007-07-11,0.0
2007-07-12,0.0
2007-07-13,0.0
2007-07-14,0.0
2007-07-15,0.0
2007-07-16,0.0
2007-07-17,0.0
2007-07-18,0.0
2007-07-19,0.0
2007-07-20,0.0
2007-07-21,0.0
2007-07-22,0.0
2007-07-23,0.0
2007-07-24,0.0
2007-07-25,0.0
2007-07-26,0.0
2007-07-27,0.0
2007-07-28,0.0
2007-07-29,0.0
2007-07-30,0.0
2007-07-31,0.0
2007-08-01,0.0
2007-08-02,0.0
2007-08-03,0.0
2007-08-04,0.0
2007-08-05,0.0
2007-08-06,0.0
2007-08-07,0.0
2007-08-08,0.0
2007-08-09,7.84145450592041
2007-08-10,0.0
2007-08-11,0.0
2007-08-12,0.0
2007-08-13,0.0
2007-08-14,0.0
2007-08-15,0.0
2007-08-16,0.015744002535939217
2007-08-17,0.015744002535939217
2007-08-18,0.018368002027273178
2007-08-19,0.03936000168323517
2007-08-20,0.015744002535939217
2007-08-21,0.03634059801697731
2007-08-22,0.03634059801697731
2007-08-23,0.03634059801697731
2007-08-24,0.03634059801697731
2007-08-25,0.03634059801697731
2007-08-26,0.654861569404602
2007-08-27,0.31966549158096313
2007-08-28,0.0
2007-08-29,0.0
2007-08-30,0.0
2007-08-31,0.0
2007-09-01,0.0
2007-09-02,0.04106084257364273
2007-09-03,0.0
2007-09-04,0.0
2007-09-05,3.3141963481903076
2007-09-06,1.4651429653167725
2007-09-07,3.561185121536255
2007-09-08,0.30237364768981934
2007-09-09,2.048353433609009
2007-09-10,0.3494652509689331
2007-09-11,0.0403926707804203
2007-09-12,6.660595893859863
2007-09-13,7.60902738571167
2007-09-14,0.0016108271665871143
2007-09-15,3.1391069889068604
2007-09-16,0.0
2007-09-17,0.03959017992019653
2007-09-18,0.022872772067785263
2007-09-19,2.00715708732605
2007-09-20,5.005690097808838
2007-09-21,0.0
2007-09-22,2.2356314659118652
2007-09-23,1.0225251913070679
2007-09-24,5.000164031982422
2007-09-25,0.0
2007-09-26,0.0
2007-09-27,0.36619043350219727
2007-09-28,3.3091228008270264
2007-09-29,0.04950909689068794
2007-09-30,1.671668529510498
2007-10-01,0.0
2007-10-02,0.0
2007-10-03,0.0
2007-10-04,0.0
2007-10-05,0.0
2007-10-06,0.28884321451187134
2007-10-07,0.006110319402068853
2007-10-08,0.0
2007-10-09,0.0
2007-10-10,2.5611844062805176
2007-10-11,3.2549662590026855
2007-10-12,0.011221583932638168
2007-10-13,0.2574366331100464
2007-10-14,0.022395983338356018
2007-10-15,0.0
2007-10-16,0.0
2007-10-17,6.130049228668213
2007-10-18,2.5966126918792725
2007-10-19,1.6696897745132446
2007-10-20,0.0
2007-10-21,0.6253141760826111
2007-10-22,0.2557274401187897
2007-10-23,3.5415282249450684
2007-10-24,0.0
2007-10-25,0.0
2007-10-26,0.0
2007-10-27,0.0
2007-10-28,0.0
2007-10-29,0.0037616470362991095
2007-10-30,8.224944114685059
2007-10-31,0.2812139391899109
2007-11-01,0.6621509194374084
2007-11-02,0.6621509194374084
2007-11-03,0.6621509194374084
2007-11-04,0.6621509194374084
2007-11-05,0.6621509194374084
2007-11-06,0.24477620422840118
2007-11-07,0.07400210201740265
2007-11-08,0.04553975909948349
2007-11-09,0.04553975909948349
2007-11-10,0.04553975909948349
2007-11-11,0.21041899919509888
2007-11-12,0.21041899919509888
2007-11-13,0.21041899919509888
2007-11-14,0.4909776449203491
2007-11-15,0.28055867552757263
2007-11-16,0.022256983444094658
2007-11-17,0.032624173909425735
2007-11-18,0.8779309988021851
2007-11-19,26.25864028930664
2007-11-20,1.119431972503662
2007-11-21,1.1106069087982178
2007-11-22,0.8851803541183472
2007-11-23,2.562129497528076
2007-11-24,16.24924087524414
2007-11-25,0.0
2007-11-26,0.0
2007-11-27,0.0
2007-11-28,0.12876005470752716
2007-11-29,0.034952159970998764
2007-11-30,0.026115398854017258
2007-12-01,0.0
2007-12-02,1.4295762777328491
2007-12-03,3.3049869537353516
2007-12-04,2.2790465354919434
2007-12-05,15.381551742553711
2007-12-06,0.018673965707421303
2007-12-07,0.0
2007-12-08,0.0
2007-12-09,8.911112785339355
2007-12-10,0.0
2007-12-11,0.0
2007-12-12,0.7274541854858398
2007-12-13,0.0
2007-12-14,0.0139075368642807
2007-12-15,12.554242134094238
2007-12-16,11.472526550292969
2007-12-17,0.0448877327144146
2007-12-18,0.9185366630554199
2007-12-19,0.2120109498500824
2007-12-20,0.0
2007-12-21,0.30126750469207764
2007-12-22,15.459168434143066
2007-12-23,0.22517269849777222
2007-12-24,13.065751075744629
2007-12-25,2.5919039249420166
2007-12-26,0.554895281791687
2007-12-27,0.0
2007-12-28,0.27991199493408203
2007-12-29,0.005121114198118448
2007-12-30,5.085244178771973
2007-12-31,9.713298797607422
2008-01-01,14.014732360839844
2008-01-02,1.571375846862793
2008-01-03,4.6819586753845215
2008-01-04,2.5407025814056396
2008-01-05,4.054394245147705
2008-01-06,0.14813347160816193
2008-01-07,0.18137401342391968
2008-01-08,22.07491111755371
2008-01-09,2.8466057777404785
2008-01-10,0.4055261015892029
2008-01-11,15.314016342163086
2008-01-12,0.6149582266807556
2008-01-13,0.0703536719083786
2008-01-14,0.39762312173843384
2008-01-15,6.8690080642700195
2008-01-16,0.0
2008-01-17,1.0612764358520508
2008-01-18,0.0
2008-01-19,31.41876220703125
2008-01-20,14.628134727478027
2008-01-21,0.7261640429496765
2008-01-22,18.986291885375977
2008-01-23,14.076221466064453
2008-01-24,12.001054763793945
2008-01-25,4.933287620544434
2008-01-26,18.72797203063965
2008-01-27,15.445695877075195
2008-01-28,0.24384108185768127
2008-01-29,5.074122428894043
2008-01-30,0.4147114157676697
2008-01-31,2.545233964920044
2008-02-01,3.513833999633789
2008-02-02,0.0
2008-02-03,0.28490546345710754
2008-02-04,0.0
2008-02-05,0.0
2008-02-06,0.0
2008-02-07,16.52007484436035
2008-02-08,0.3619576394557953
2008-02-09,0.0
2008-02-10,0.08522967994213104
2008-02-11,5.595123291015625
2008-02-12,0.0
2008-02-13,0.025782082229852676
2008-02-14,0.0
2008-02-15,0.0
2008-02-16,0.8804331421852112
2008-02-17,0.0
2008-02-18,3.683448314666748
2008-02-19,0.5455516576766968
2008-02-20,11.544190406799316
2008-02-21,0.40405046939849854
2008-02-22,0.0
2008-02-23,27.978763580322266
2008-02-24,0.08711326122283936
2008-02-25,2.6120810508728027
2008-02-26,0.5869499444961548
2008-02-27,21.739912033081055
2008-02-28,7.640741348266602
2008-02-29,7.911013126373291
2008-03-01,0.0025958213955163956
2008-03-02,0.0
2008-03-03,0.0003800767590291798
2008-03-04,0.04190221056342125
2008-03-05,0.29307469725608826
2008-03-06,3.5904593467712402
2008-03-07,17.615192413330078
2008-03-08,0.0
2008-03-09,0.5591192245483398
2008-03-10,21.63124656677246
2008-03-11,4.496969699859619
2008-03-12,0.0
2008-03-13,0.0
2008-03-14,0.16527198255062103
2008-03-15,0.5980648994445801
2008-03-16,0.0
2008-03-17,0.0
2008-03-18,0.0
2008-03-19,0.0
2008-03-20,0.0
2008-03-21,0.0
2008-03-22,0.0
2008-03-23,0.0
2008-03-24,0.0
2008-03-25,0.0
2008-03-26,0.0
2008-03-27,0.00025155063485726714
2008-03-28,0.0
2008-03-29,0.002251419937238097
2008-03-30,0.0
2008-03-31,0.0012694780016317964
2008-04-01,3.0115087032318115
2008-04-02,2.5661840438842773
2008-04-03,0.0557759664952755
2008-04-04,0.0
2008-04-05,0.0
2008-04-06,0.0
2008-04-07,0.0
2008-04-08,0.0
2008-04-09,0.0
2008-04-10,0.0
2008-04-11,0.0
2008-04-12,0.0
2008-04-13,0.0
2008-04-14,10.787470817565918
2008-04-15,0.0
2008-04-16,0.0
2008-04-17,0.0
2008-04-18,0.0
2008-04-19,0.0
2008-04-20,0.0
2008-04-21,0.0
2008-04-22,0.0
2008-04-23,0.0
2008-04-24,0.0
2008-04-25,0.0
2008-04-26,0.0
2008-04-27,0.0
2008-04-28,0.0
2008-04-29,0.29106515645980835
2008-04-30,7.558081150054932
2008-05-01,0.0
2008-05-02,0.0
2008-05-03,0.0
2008-05-04,0.0
2008-05-05,0.0
2008-05-06,0.0
2008-05-07,0.0
2008-05-08,0.0
2008-05-09,0.0
2008-05-10,0.0
2008-05-11,13.198163032531738
2008-05-12,1.0378639698028564
2008-05-13,0.0
2008-05-14,0.0
2008-05-15,0.0
2008-05-16,0.0
2008-05-17,0.0
2008-05-18,0.0
2008-05-19,0.0
2008-05-20,0.0
2008-05-21,0.0
2008-05-22,0.0
2008-05-23,0.0
2008-05-24,0.0
2008-05-25,0.0
2008-05-26,0.0
2008-05-27,0.0
2008-05-28,0.0
2008-05-29,0.0
2008-05-30,0.0
2008-05-31,0.0
2008-06-01,0.0
2008-06-02,0.0
2008-06-03,0.0
2008-06-04,0.0
2008-06-05,0.0
2008-06-06,0.0
2008-06-07,0.0
2008-06-08,0.0
2008-06-09,0.0
2008-06-10,0.0
2008-06-11,0.0
2008-06-12,0.0
2008-06-13,0.0
2008-06-14,0.0
2008-06-15,0.0
2008-06-16,0.0
2008-06-17,0.0
2008-06-18,0.0
2008-06-19,0.0
2008-06-20,0.0
2008-06-21,0.0
2008-06-22,0.0
2008-06-23,0.0
2008-06-24,0.0
2008-06-25,0.0
2008-06-26,0.0
2008-06-27,0.0
2008-06-28,0.0
2008-06-29,0.0
2008-06-30,0.0
2008-07-01,0.0
2008-07-02,0.0
2008-07-03,0.0
2008-07-04,0.0
2008-07-05,0.0
2008-07-06,0.0
2008-07-07,0.0
2008-07-08,0.0
2008-07-09,0.0
2008-07-10,0.0
2008-07-11,0.0
2008-07-12,0.0
2008-07-13,0.0
2008-07-14,0.0
2008-07-15,0.0
2008-07-16,0.0
2008-07-17,0.0
2008-07-18,0.0
2008-07-19,0.0
2008-07-20,0.0
2008-07-21,0.0
2008-07-22,0.0
2008-07-23,0.0
2008-07-24,0.0
2008-07-25,0.0
2008-07-26,0.0
2008-07-27,0.0
2008-07-28,0.0
2008-07-29,0.0
2008-07-30,0.0
2008-07-31,0.0
2008-08-01,0.0
2008-08-02,0.0
2008-08-03,0.0
2008-08-04,0.0
2008-08-05,0.0
2008-08-06,0.0
2008-08-07,0.0
2008-08-08,0.03924063965678215
2008-08-09,0.0
2008-08-10,0.0
2008-08-11,0.0
2008-08-12,0.0
2008-08-13,0.0
2008-08-14,0.0
2008-08-15,0.0
2008-08-16,0.0
2008-08-17,0.0
2008-08-18,12.298906326293945
2008-08-19,0.0
2008-08-20,0.0
2008-08-21,0.0411103181540966
2008-08-22,0.0411103181540966
2008-08-23,0.0411103181540966
2008-08-24,0.0411103181540966
2008-08-25,0.0411103181540966
2008-08-26,0.0
2008-08-27,0.0
2008-08-28,0.0
2008-08-29,0.0
2008-08-30,0.0
2008-08-31,0.0
2008-09-01,0.0
2008-09-02,0.0
2008-09-03,0.0
2008-09-04,0.013940689153969288
2008-09-05,0.07084925472736359
2008-09-06,0.0
2008-09-07,0.0
2008-09-08,0.0
2008-09-09,0.0
2008-09-10,0.0
2008-09-11,2.9345180988311768
2008-09-12,0.04224127531051636
2008-09-13,0.0
2008-09-14,0.0
2008-09-15,0.0
2008-09-16,0.0
2008-09-17,0.0
2008-09-18,0.0
2008-09-19,0.0
2008-09-20,0.0
2008-09-21,0.0
2008-09-22,0.0
2008-09-23,0.0
2008-09-24,0.0
2008-09-25,0.0
2008-09-26,4.156854629516602
2008-09-27,0.0
2008-09-28,0.0
2008-09-29,0.2766859829425812
2008-09-30,6.410300254821777
2008-10-01,0.030136357992887497
2008-10-02,0.0
2008-10-03,6.263224124908447
2008-10-04,1.5365056991577148
2008-10-05,5.333998203277588
2008-10-06,0.0
2008-10-07,0.0
2008-10-08,0.0
2008-10-09,0.0
2008-10-10,0.0
2008-10-11,0.0
2008-10-12,0.0
2008-10-13,0.0
2008-10-14,0.0
2008-10-15,0.0
2008-10-16,0.0
2008-10-17,0.0
2008-10-18,0.0
2008-10-19,0.0
2008-10-20,0.0
2008-10-21,0.0
2008-10-22,1.1736739873886108
2008-10-23,4.29457950592041
2008-10-24,3.3876497745513916
2008-10-25,0.9602786898612976
2008-10-26,0.0
2008-10-27,5.87710428237915
2008-10-28,0.0117772426456213
2008-10-29,7.470917701721191
2008-10-30,19.898822784423828
2008-10-31,0.135103240609169
2008-11-01,0.0
2008-11-02,0.0
2008-11-03,17.591066360473633
2008-11-04,0.3601546585559845
2008-11-05,0.0
2008-11-06,0.08070050925016403
2008-11-07,0.4499048888683319
2008-11-08,0.0
2008-11-09,12.778424263000488
2008-11-10,9.492430686950684
2008-11-11,0.0
2008-11-12,0.13723896443843842
2008-11-13,0.0
2008-11-14,0.0
2008-11-15,8.019680976867676
2008-11-16,8.47657585144043
2008-11-17,0.0
2008-11-18,0.0
2008-11-19,0.14210247993469238
2008-11-20,0.43798619508743286
2008-11-21,0.0
2008-11-22,0.0002270859113195911
2008-11-23,0.0
2008-11-24,2.6643784046173096
2008-11-25,0.03362976759672165
2008-11-26,0.5456696152687073
2008-11-27,0.1972382664680481
2008-11-28,0.0
2008-11-29,5.124546051025391
2008-11-30,1.5767005681991577
2008-12-01,0.0
2008-12-02,0.0
2008-12-03,0.0
2008-12-04,0.0
2008-12-05,0.0
2008-12-06,0.0
2008-12-07,0.0
2008-12-08,0.0
2008-12-09,7.030986785888672
2008-12-10,20.072723388671875
2008-12-11,24.756267547607422
2008-12-12,0.009227272123098373
2008-12-13,0.005936571396887302
2008-12-14,0.011639587581157684
2008-12-15,0.03971286863088608
2008-12-16,0.16422006487846375
2008-12-17,0.009943075478076935
2008-12-18,0.5474220514297485
2008-12-19,0.0040947794914245605
2008-12-20,0.6106622815132141
2008-12-21,11.327300071716309
2008-12-22,5.060489177703857
2008-12-23,2.2713780403137207
2008-12-24,1.6535682678222656
2008-12-25,27.922672271728516
2008-12-26,1.0358575582504272
2008-12-27,0.0
2008-12-28,0.2579757571220398
2008-12-29,0.28188836574554443
2008-12-30,1.372401475906372
2008-12-31,0.572964608669281
2009-01-01,0.13818708062171936
2009-01-02,7.089334011077881
2009-01-03,8.518073081970215
2009-01-04,0.10142822563648224
2009-01-05,0.0
2009-01-06,0.0
2009-01-07,7.3643622398376465
2009-01-08,4.5028486251831055
2009-01-09,0.5168061256408691
2009-01-10,0.01947025954723358
2009-01-11,0.0
2009-01-12,0.035975053906440735
2009-01-13,0.10421750694513321
2009-01-14,0.24925442039966583
2009-01-15,16.506614685058594
2009-01-16,29.31474494934082
2009-01-17,0.848181426525116
2009-01-18,15.732975959777832
2009-01-19,12.978132247924805
2009-01-20,1.5574772357940674
2009-01-21,3.5297367572784424
2009-01-22,1.3236511945724487
2009-01-23,1.3236511945724487
2009-01-24,1.3236511945724487
2009-01-25,1.3236511945724487
2009-01-26,0.4895753264427185
2009-01-27,0.004077074117958546
2009-01-28,0.0065440828911960125
2009-01-29,0.11774145066738129
2009-01-30,0.0
2009-01-31,0.0
2009-02-01,0.0
2009-02-02,0.0
2009-02-03,1.0323004722595215
2009-02-04,11.926239967346191
2009-02-05,0.0
2009-02-06,12.669053077697754
2009-02-07,1.0284682512283325
2009-02-08,0.3581005930900574
2009-02-09,20.95849609375
2009-02-10,14.216174125671387
2009-02-11,43.6688117980957
2009-02-12,2.2485411167144775
2009-02-13,0.19322910904884338
2009-02-14,2.7063093185424805
2009-02-15,1.9098058938980103
2009-02-16,0.0
2009-02-17,0.0
2009-02-18,0.0
2009-02-19,0.0
2009-02-20,0.0
2009-02-21,0.5359545350074768
2009-02-22,0.014272775501012802
2009-02-23,0.6387476325035095
2009-02-24,5.690502643585205
2009-02-25,0.0
2009-02-26,0.04551154375076294
2009-02-27,0.04551154375076294
2009-02-28,0.09102308750152588
2009-03-01,0.0
2009-03-02,10.849747657775879
2009-03-03,0.0
2009-03-04,0.7758674621582031
2009-03-05,0.006635711528360844
2009-03-06,0.0
2009-03-07,0.0
2009-03-08,0.0
2009-03-09,0.0
2009-03-10,0.0
2009-03-11,0.0
2009-03-12,0.0
2009-03-13,0.0
2009-03-14,0.0
2009-03-15,0.0
2009-03-16,0.0
2009-03-17,0.0
2009-03-18,0.0
2009-03-19,0.0
2009-03-20,0.0
2009-03-21,5.811779499053955
2009-03-22,4.010828018188477
2009-03-23,2.559776544570923
2009-03-24,2.0223331451416016
2009-03-25,0.520057737827301
2009-03-26,1.3805826902389526
2009-03-27,2.5397603511810303
2009-03-28,0.3421962559223175
2009-03-29,0.39835917949676514
2009-03-30,1.5316405296325684
2009-03-31,0.0
2009-04-01,0.2691282629966736
2009-04-02,0.2691282629966736
2009-04-03,0.2691282629966736
2009-04-04,0.2691282629966736
2009-04-05,1.6147695779800415
2009-04-06,0.0
2009-04-07,0.0
2009-04-08,15.328850746154785
2009-04-09,0.0
2009-04-10,0.0
2009-04-11,0.0
2009-04-12,0.0
2009-04-13,0.0
2009-04-14,0.0
2009-04-15,0.0
2009-04-16,0.0
2009-04-17,0.0
2009-04-18,0.0
2009-04-19,0.0
2009-04-20,0.0
2009-04-21,0.0
2009-04-22,0.0
2009-04-23,0.0
2009-04-24,0.0
2009-04-25,0.0
2009-04-26,0.0
2009-04-27,0.0
2009-04-28,0.0
2009-04-29,0.0
2009-04-30,0.0
2009-05-01,0.0
2009-05-02,0.0
2009-05-03,0.0
2009-05-04,0.0
2009-05-05,0.0
2009-05-06,0.0
2009-05-07,0.0
2009-05-08,0.0
2009-05-09,0.0
2009-05-10,0.0
2009-05-11,0.0
2009-05-12,0.0
2009-05-13,0.0
2009-05-14,0.0
2009-05-15,0.0
2009-05-16,0.0
2009-05-17,0.0
2009-05-18,0.0
2009-05-19,0.0
2009-05-20,0.0
2009-05-21,0.0
2009-05-22,0.0
2009-05-23,0.0
2009-05-24,0.0
2009-05-25,0.0
2009-05-26,0.0
2009-05-27,0.0
2009-05-28,11.368481636047363
2009-05-29,2.7969584465026855
2009-05-30,0.004165080841630697
2009-05-31,0.0
2009-06-01,0.0
2009-06-02,0.0
2009-06-03,0.0
2009-06-04,0.0
2009-06-05,0.0
2009-06-06,0.0
2009-06-07,0.0
2009-06-08,0.0
2009-06-09,0.0
2009-06-10,0.0
2009-06-11,0.09338786453008652
2009-06-12,0.09338786453008652
2009-06-13,0.09338786453008652
2009-06-14,0.09338786453008652
2009-06-15,0.5603271722793579
2009-06-16,0.0
2009-06-17,0.0
2009-06-18,0.0
2009-06-19,0.0
2009-06-20,0.0
2009-06-21,0.0
2009-06-22,0.0
2009-06-23,0.0
2009-06-24,0.0
2009-06-25,0.0
2009-06-26,0.0
2009-06-27,0.0
2009-06-28,0.0
2009-06-29,0.0
2009-06-30,0.0
2009-07-01,0.0
2009-07-02,0.0
2009-07-03,0.0
2009-07-04,0.0
2009-07-05,0.0
2009-07-06,0.0
2009-07-07,0.0
2009-07-08,0.0
2009-07-09,0.0
2009-07-10,0.0
2009-07-11,0.0
2009-07-12,0.0
2009-07-13,0.0
2009-07-14,0.0
2009-07-15,0.0
2009-07-16,0.0
2009-07-17,0.0
2009-07-18,0.0
2009-07-19,0.0
2009-07-20,0.0
2009-07-21,0.0
2009-07-22,0.0
2009-07-23,0.0
2009-07-24,0.0
2009-07-25,0.0
2009-07-26,0.0
2009-07-27,0.0
2009-07-28,0.0
2009-07-29,0.0
2009-07-30,0.0
2009-07-31,0.0
2009-08-01,0.0
2009-08-02,0.0
2009-08-03,0.0
2009-08-04,0.0
2009-08-05,0.0
2009-08-06,0.0
2009-08-07,0.0
2009-08-08,0.0
2009-08-09,0.0
2009-08-10,0.0
2009-08-11,0.0
2009-08-12,0.0
2009-08-13,0.0
2009-08-14,0.0
2009-08-15,0.0
2009-08-16,0.0
2009-08-17,0.0
2009-08-18,0.0
2009-08-19,0.0
2009-08-20,0.11256628483533859
2009-08-21,0.038974180817604065
2009-08-22,0.038974180817604065
2009-08-23,0.038974180817604065
2009-08-24,0.038974180817604065
2009-08-25,0.038974180817604065
2009-08-26,0.0
2009-08-27,0.0
2009-08-28,0.0
2009-08-29,0.0
2009-08-30,0.0
2009-08-31,0.0
2009-09-01,0.0
2009-09-02,0.021295232698321342
2009-09-03,0.014696631580591202
2009-09-04,0.0002554521488491446
2009-09-05,0.0
2009-09-06,0.0
2009-09-07,0.0
2009-09-08,0.0
2009-09-09,0.0
2009-09-10,0.0
2009-09-11,0.0
2009-09-12,0.0
2009-09-13,0.0
2009-09-14,0.0
2009-09-15,0.0
2009-09-16,0.0
2009-09-17,0.0
2009-09-18,0.0
2009-09-19,2.6908345222473145
2009-09-20,1.6594538688659668
2009-09-21,0.0
2009-09-22,0.0
2009-09-23,0.0
2009-09-24,0.0
2009-09-25,0.0
2009-09-26,0.17178361117839813
2009-09-27,1.1967734098434448
2009-09-28,0.09139227122068405
2009-09-29,0.27650392055511475
2009-09-30,0.09139227122068405
2009-10-01,6.075854778289795
2009-10-02,2.138535737991333
2009-10-03,0.0
2009-10-04,0.0
2009-10-05,0.0
2009-10-06,6.860193252563477
2009-10-07,0.23688539862632751
2009-10-08,0.8295881152153015
2009-10-09,0.0037162054795771837
2009-10-10,0.0
2009-10-11,0.0
2009-10-12,0.0
2009-10-13,0.0
2009-10-14,0.0
2009-10-15,0.0
2009-10-16,0.0
2009-10-17,0.0
2009-10-18,0.11111427843570709
2009-10-19,3.702042579650879
2009-10-20,0.18422523140907288
2009-10-21,0.839910089969635
2009-10-22,15.002756118774414
2009-10-23,0.4013054072856903
2009-10-24,5.078253746032715
2009-10-25,6.115476131439209
2009-10-26,0.0
2009-10-27,0.0
2009-10-28,0.0
2009-10-29,0.0
2009-10-30,0.0
2009-10-31,0.0
2009-11-01,0.0
2009-11-02,0.0
2009-11-03,0.0
2009-11-04,0.0
2009-11-05,0.0
2009-11-06,7.147092819213867
2009-11-07,0.5786813497543335
2009-11-08,2.1458089351654053
2009-11-09,0.0
2009-11-10,11.117165565490723
2009-11-11,13.919732093811035
2009-11-12,0.8171396255493164
2009-11-13,23.061513900756836
2009-11-14,0.0
2009-11-15,6.782612323760986
2009-11-16,1.0728332996368408
2009-11-17,0.0
2009-11-18,4.346591949462891
2009-11-19,3.2278568744659424
2009-11-20,19.781158447265625
2009-11-21,0.8874313831329346
2009-11-22,3.334873914718628
2009-11-23,0.0
2009-11-24,12.29326057434082
2009-11-25,0.0
2009-11-26,1.1461122035980225
2009-11-27,3.8722610473632812
2009-11-28,3.6080260276794434
2009-11-29,4.420709133148193
2009-11-30,22.325162887573242
2009-12-01,0.3438926041126251
2009-12-02,1.6940635442733765
2009-12-03,16.27353286743164
2009-12-04,0.9372459650039673
2009-12-05,0.36385688185691833
2009-12-06,0.0
2009-12-07,1.9090306758880615
2009-12-08,0.3308166563510895
2009-12-09,0.0
2009-12-10,1.1493438482284546
2009-12-11,1.517105221748352
2009-12-12,1.5796704292297363
2009-12-13,0.0
2009-12-14,0.5943873524665833
2009-12-15,0.0
2009-12-16,0.0
2009-12-17,0.0
2009-12-18,3.8824779987335205
2009-12-19,0.44866636395454407
2009-12-20,22.180957794189453
2009-12-21,14.218088150024414
2009-12-22,0.13282184302806854
2009-12-23,0.0
2009-12-24,0.0
2009-12-25,0.969787061214447
2009-12-26,0.8480589389801025
2009-12-27,1.8627510070800781
2009-12-28,0.007417457643896341
2009-12-29,13.993406295776367
2009-12-30,7.034940242767334
2009-12-31,0.03750583156943321
2010-01-01,0.0
2010-01-02,5.805268287658691
2010-01-03,5.082808494567871
2010-01-04,0.02211173251271248
2010-01-05,0.0
2010-01-06,4.31306791305542
2010-01-07,8.757822036743164
2010-01-08,0.03588123247027397
2010-01-09,0.001146197784692049
2010-01-10,0.0
2010-01-11,0.5202170610427856
2010-01-12,17.065095901489258
2010-01-13,13.557304382324219
2010-01-14,0.0
2010-01-15,0.0
2010-01-16,0.0
2010-01-17,0.0
2010-01-18,0.06269137561321259
2010-01-19,9.385788917541504
2010-01-20,13.378741264343262
2010-01-21,0.0
2010-01-22,0.0
2010-01-23,2.702622890472412
2010-01-24,0.2778119444847107
2010-01-25,0.0972486212849617
2010-01-26,1.1364705562591553
2010-01-27,1.624552845954895
2010-01-28,1.3704406023025513
2010-01-29,11.319204330444336
2010-01-30,1.4648438692092896
2010-01-31,0.409258097410202
2010-02-01,0.08704587817192078
2010-02-02,0.013501319102942944
2010-02-03,0.0
2010-02-04,11.436029434204102
2010-02-05,20.639097213745117
2010-02-06,5.683024883270264
2010-02-07,0.5085764527320862
2010-02-08,2.668802261352539
2010-02-09,5.415923118591309
2010-02-10,9.474754333496094
2010-02-11,17.562252044677734
2010-02-12,0.0
2010-02-13,0.0
2010-02-14,0.0
2010-02-15,0.0
2010-02-16,0.32880809903144836
2010-02-17,28.31887435913086
2010-02-18,0.13712984323501587
2010-02-19,0.06288505345582962
2010-02-20,0.0
2010-02-21,0.0
2010-02-22,0.9896627068519592
2010-02-23,3.531839609146118
2010-02-24,12.333672523498535
2010-02-25,12.927470207214355
2010-02-26,0.01450019609183073
2010-02-27,0.01450019609183073
2010-02-28,0.14500196278095245
2010-03-01,0.0
2010-03-02,1.0867550373077393
2010-03-03,0.21105268597602844
2010-03-04,1.589377999305725
2010-03-05,28.07725715637207
2010-03-06,0.11957275867462158
2010-03-07,0.11957275867462158
2010-03-08,0.11957275867462158
2010-03-09,0.11957275867462158
2010-03-10,1.9131641387939453
2010-03-11,2.1203627586364746
2010-03-12,0.24554778635501862
2010-03-13,0.002152314642444253
2010-03-14,0.0
2010-03-15,1.7729904651641846
2010-03-16,5.280632019042969
2010-03-17,0.11776149272918701
2010-03-18,0.0
2010-03-19,0.7216717600822449
2010-03-20,0.0035328450612723827
2010-03-21,0.0
2010-03-22,0.6390849947929382
2010-03-23,0.0
2010-03-24,14.967582702636719
2010-03-25,0.0
2010-03-26,0.0
2010-03-27,0.0
2010-03-28,0.0
2010-03-29,0.0
2010-03-30,0.0
2010-03-31,0.0
2010-04-01,0.0
2010-04-02,0.0
2010-04-03,0.0
2010-04-04,0.0
2010-04-05,0.0
2010-04-06,0.0
2010-04-07,0.0
2010-04-08,0.0
2010-04-09,0.0
2010-04-10,0.0
2010-04-11,0.0
2010-04-12,0.0
2010-04-13,0.0
2010-04-14,0.0
2010-04-15,0.0
2010-04-16,0.0
2010-04-17,0.0
2010-04-18,0.0
2010-04-19,0.0
2010-04-20,0.0
2010-04-21,0.0
2010-04-22,0.0007894167210906744
2010-04-23,0.8663414120674133
2010-04-24,8.151165008544922
2010-04-25,0.0
2010-04-26,0.0
2010-04-27,0.0
2010-04-28,0.0
2010-04-29,0.0
2010-04-30,0.0
2010-05-01,0.0
2010-05-02,0.0
2010-05-03,0.0
2010-05-04,0.0
2010-05-05,0.0
2010-05-06,0.0
2010-05-07,0.0
2010-05-08,0.0
2010-05-09,0.0
2010-05-10,0.0
2010-05-11,0.0
2010-05-12,0.0
2010-05-13,0.0
2010-05-14,0.0
2010-05-15,0.0
2010-05-16,0.0
2010-05-17,0.0
2010-05-18,0.0
2010-05-19,0.0
2010-05-20,0.0
2010-05-21,0.0
2010-05-22,0.0
2010-05-23,0.0
2010-05-24,8.972527503967285
2010-05-25,0.0
2010-05-26,0.0
2010-05-27,0.0
2010-05-28,0.0
2010-05-29,0.0
2010-05-30,0.0
2010-05-31,0.0
2010-06-01,0.0
2010-06-02,0.0
2010-06-03,0.0
2010-06-04,0.0
2010-06-05,0.0
2010-06-06,0.0
2010-06-07,0.0
2010-06-08,0.0
2010-06-09,0.0
2010-06-10,0.0
2010-06-11,0.0
2010-06-12,0.0
2010-06-13,0.0
2010-06-14,0.0
2010-06-15,0.0
2010-06-16,0.0
2010-06-17,0.0
2010-06-18,0.0
2010-06-19,0.0
2010-06-20,0.0
2010-06-21,0.0
2010-06-22,0.0
2010-06-23,0.0
2010-06-24,0.0
2010-06-25,0.0
2010-06-26,0.0
2010-06-27,0.0
2010-06-28,0.0
2010-06-29,0.0
2010-06-30,0.0
2010-07-01,0.0
2010-07-02,0.0
2010-07-03,0.0
2010-07-04,0.0
2010-07-05,0.0
2010-07-06,0.0
2010-07-07,0.0
2010-07-08,0.0
2010-07-09,0.0
2010-07-10,0.0
2010-07-11,0.0
2010-07-12,0.0
2010-07-13,0.0
2010-07-14,0.0
2010-07-15,0.0
2010-07-16,0.0
2010-07-17,0.0
2010-07-18,0.0
2010-07-19,0.0
2010-07-20,0.0
2010-07-21,0.0
2010-07-22,0.0
2010-07-23,0.0
2010-07-24,0.0
2010-07-25,0.0
2010-07-26,0.0
2010-07-27,0.0
2010-07-28,0.0
2010-07-29,0.0
2010-07-30,0.0
2010-07-31,0.0
2010-08-01,0.0
2010-08-02,0.0
2010-08-03,0.3285055160522461
2010-08-04,7.955444812774658
2010-08-05,0.2801283597946167
2010-08-06,0.0
2010-08-07,0.0
2010-08-08,0.0
2010-08-09,0.0
2010-08-10,0.0
2010-08-11,0.0
2010-08-12,5.352907180786133
2010-08-13,0.5375158786773682
2010-08-14,0.0
2010-08-15,0.0
2010-08-16,0.0
2010-08-17,0.0010339482687413692
2010-08-18,0.0
2010-08-19,0.0
2010-08-20,0.1036016121506691
2010-08-21,0.03622828423976898
2010-08-22,0.03622828423976898
2010-08-23,0.03622828423976898
2010-08-24,0.03622828423976898
2010-08-25,0.03622828423976898
2010-08-26,0.19427040219306946
2010-08-27,0.19427040219306946
2010-08-28,0.19427040219306946
2010-08-29,0.19427040219306946
2010-08-30,0.19427040219306946
2010-08-31,0.19427040219306946
2010-09-01,0.0392674021422863
2010-09-02,0.0147252744063735
2010-09-03,0.0147252744063735
2010-09-04,0.0147252744063735
2010-09-05,0.0147252744063735
2010-09-06,0.0
2010-09-07,0.0
2010-09-08,0.0
2010-09-09,0.0
2010-09-10,0.0
2010-09-11,0.0
2010-09-12,0.03169427439570427
2010-09-13,0.14011578261852264
2010-09-14,1.3338621854782104
2010-09-15,0.0
2010-09-16,0.0
2010-09-17,0.0
2010-09-18,0.0
2010-09-19,0.0
2010-09-20,0.0
2010-09-21,0.0
2010-09-22,0.0
2010-09-23,0.0
2010-09-24,0.0
2010-09-25,0.0
2010-09-26,0.0
2010-09-27,0.0
2010-09-28,0.0
2010-09-29,0.0
2010-09-30,0.0
2010-10-01,0.017788434401154518
2010-10-02,0.8062419891357422
2010-10-03,0.22854430973529816
2010-10-04,0.0
2010-10-05,0.0
2010-10-06,0.0
2010-10-07,0.0
2010-10-08,0.0
2010-10-09,0.0
2010-10-10,0.0
2010-10-11,0.0
2010-10-12,0.0
2010-10-13,0.0
2010-10-14,0.0
2010-10-15,0.0
2010-10-16,0.0
2010-10-17,0.0
2010-10-18,0.0
2010-10-19,0.0
2010-10-20,0.0
2010-10-21,3.482682704925537
2010-10-22,0.0
2010-10-23,11.41424560546875
2010-10-24,0.0
2010-10-25,0.0
2010-10-26,0.0
2010-10-27,0.0
2010-10-28,0.0
2010-10-29,0.0
2010-10-30,0.0
2010-10-31,0.0
2010-11-01,0.0
2010-11-02,0.0
2010-11-03,0.0
2010-11-04,0.0
2010-11-05,0.0
2010-11-06,0.0
2010-11-07,0.0
2010-11-08,0.0
2010-11-09,0.0
2010-11-10,0.0
2010-11-11,0.0631965845823288
2010-11-12,0.0
2010-11-13,0.523417592048645
2010-11-14,0.0
2010-11-15,0.0
2010-11-16,0.0
2010-11-17,0.0
2010-11-18,0.0
2010-11-19,0.0
2010-11-20,0.0
2010-11-21,9.081068992614746
2010-11-22,11.318936347961426
2010-11-23,0.0
2010-11-24,0.7884336113929749
2010-11-25,0.0
2010-11-26,0.0
2010-11-27,1.8472355604171753
2010-11-28,0.289772093296051
2010-11-29,15.207791328430176
2010-11-30,0.30535319447517395
2010-12-01,0.0
2010-12-02,0.07831218093633652
2010-12-03,0.0
2010-12-04,0.0023758781608194113
2010-12-05,2.5157392024993896
2010-12-06,11.810744285583496
2010-12-07,0.09685008227825165
2010-12-08,0.496328204870224
2010-12-09,0.03772788867354393
2010-12-10,1.2587792873382568
2010-12-11,0.0
2010-12-12,5.2196431159973145
2010-12-13,6.832679271697998
2010-12-14,0.0
2010-12-15,0.0
2010-12-16,0.0
2010-12-17,0.0
2010-12-18,0.0
2010-12-19,0.0
2010-12-20,0.0
2010-12-21,8.44794750213623
2010-12-22,0.030413346365094185
2010-12-23,0.6202861070632935
2010-12-24,9.220488548278809
2010-12-25,0.44847676157951355
2010-12-26,0.0
2010-12-27,4.399809837341309
2010-12-28,0.10838909447193146
2010-12-29,41.65201950073242
2010-12-30,0.4462950825691223
2010-12-31,1.0366878509521484
2011-01-01,0.0
2011-01-02,0.0
2011-01-03,0.0
2011-01-04,0.0
2011-01-05,0.0
2011-01-06,7.131194591522217
2011-01-07,0.0
2011-01-08,0.0
2011-01-09,0.2799548804759979
2011-01-10,5.205010414123535
2011-01-11,0.039630189538002014
2011-01-12,3.4068636894226074
2011-01-13,4.498533248901367
2011-01-14,2.5173418521881104
2011-01-15,0.0
2011-01-16,0.0
2011-01-17,11.17654800415039
2011-01-18,1.5357747077941895
2011-01-19,0.07858335971832275
2011-01-20,3.868767261505127
2011-01-21,0.020121455192565918
2011-01-22,0.0
2011-01-23,11.22800350189209
2011-01-24,4.617781162261963
2011-01-25,0.02638552151620388
2011-01-26,0.018383171409368515
2011-01-27,0.0
2011-01-28,0.0
2011-01-29,3.8247504234313965
2011-01-30,0.014367123134434223
2011-01-31,0.03656398877501488
2011-02-01,9.923048973083496
2011-02-02,0.12040398269891739
2011-02-03,0.09061962366104126
2011-02-04,10.147603034973145
2011-02-05,2.5169413089752197
2011-02-06,21.480703353881836
2011-02-07,12.63132381439209
2011-02-08,41.51157760620117
2011-02-09,5.575794696807861
2011-02-10,0.5070264935493469
2011-02-11,15.291790008544922
2011-02-12,0.0
2011-02-13,6.640236854553223
2011-02-14,2.108229160308838
2011-02-15,0.3884980380535126
2011-02-16,0.0
2011-02-17,0.0
2011-02-18,2.2319045066833496
2011-02-19,15.818489074707031
2011-02-20,0.23371879756450653
2011-02-21,0.10698359459638596
2011-02-22,0.01994078978896141
2011-02-23,6.718674182891846
2011-02-24,16.663705825805664
2011-02-25,8.209842681884766
2011-02-26,8.45946979522705
2011-02-27,1.100981593132019
2011-02-28,0.0
2011-03-01,0.037567999213933945
2011-03-02,0.037567999213933945
2011-03-03,0.22540798783302307
2011-03-04,0.037567999213933945
2011-03-05,0.037567999213933945
2011-03-06,0.0
2011-03-07,0.0
2011-03-08,0.0
2011-03-09,0.0
2011-03-10,0.0
2011-03-11,0.0
2011-03-12,0.0
2011-03-13,3.9036834239959717
2011-03-14,0.3768231272697449
2011-03-15,0.0
2011-03-16,0.0
2011-03-17,0.0
2011-03-18,20.60633659362793
2011-03-19,18.328277587890625
2011-03-20,0.0
2011-03-21,0.0
2011-03-22,0.0
2011-03-23,0.0
2011-03-24,0.0
2011-03-25,0.0
2011-03-26,0.0
2011-03-27,17.34171485900879
2011-03-28,0.011943435296416283
2011-03-29,0.3823443055152893
2011-03-30,0.0
2011-03-31,0.0
2011-04-01,1.652984619140625
2011-04-02,0.2757658064365387
2011-04-03,0.0
2011-04-04,0.0
2011-04-05,0.4745716154575348
2011-04-06,0.0
2011-04-07,0.0
2011-04-08,0.0
2011-04-09,0.0
2011-04-10,0.0
2011-04-11,0.0
2011-04-12,0.0
2011-04-13,0.0
2011-04-14,0.0
2011-04-15,0.0
2011-04-16,0.0
2011-04-17,0.0
2011-04-18,0.0
2011-04-19,0.0
2011-04-20,0.0
2011-04-21,0.0
2011-04-22,0.0
2011-04-23,0.0
2011-04-24,0.0
2011-04-25,0.0
2011-04-26,0.0
2011-04-27,0.0
2011-04-28,0.0
2011-04-29,0.0
2011-04-30,0.0
2011-05-01,0.0
2011-05-02,0.0
2011-05-03,0.0
2011-05-04,0.0
2011-05-05,0.0
2011-05-06,0.0
2011-05-07,0.0
2011-05-08,0.0
2011-05-09,0.0
2011-05-10,0.0
2011-05-11,7.6946210861206055
2011-05-12,3.4096977710723877
2011-05-13,0.0
2011-05-14,0.0
2011-05-15,0.0
2011-05-16,0.0
2011-05-17,0.0
2011-05-18,0.0
2011-05-19,0.0
2011-05-20,0.0
2011-05-21,0.0
2011-05-22,0.0
2011-05-23,0.0
2011-05-24,0.0
2011-05-25,0.0
2011-05-26,0.0
2011-05-27,0.0
2011-05-28,0.0
2011-05-29,0.0
2011-05-30,0.0
2011-05-31,0.0
2011-06-01,0.0
2011-06-02,0.0
2011-06-03,0.0
2011-06-04,0.0
2011-06-05,0.0
2011-06-06,0.0
2011-06-07,0.0
2011-06-08,0.0
2011-06-09,0.0
2011-06-10,0.0
2011-06-11,0.0
2011-06-12,0.0
2011-06-13,0.0
2011-06-14,0.0
2011-06-15,0.0
2011-06-16,0.0
2011-06-17,0.0
2011-06-18,0.0
2011-06-19,0.0
2011-06-20,0.0
2011-06-21,0.0
2011-06-22,0.0
2011-06-23,0.0
2011-06-24,0.0
2011-06-25,0.0
2011-06-26,0.0
2011-06-27,0.0
2011-06-28,0.0
2011-06-29,0.0
2011-06-30,0.0
2011-07-01,0.0
2011-07-02,0.0
2011-07-03,0.0
2011-07-04,0.0
2011-07-05,0.0
2011-07-06,0.0
2011-07-07,0.0
2011-07-08,0.0
2011-07-09,0.0
2011-07-10,0.0
2011-07-11,0.0
2011-07-12,0.0
2011-07-13,0.0
2011-07-14,0.0
2011-07-15,0.0
2011-07-16,0.0
2011-07-17,0.0
2011-07-18,0.0
2011-07-19,0.0
2011-07-20,0.0
2011-07-21,0.7545735239982605
2011-07-22,2.7195851802825928
2011-07-23,0.0
2011-07-24,0.0
2011-07-25,0.0
2011-07-26,0.32029199600219727
2011-07-27,0.32029199600219727
2011-07-28,0.32029199600219727
2011-07-29,0.32029199600219727
2011-07-30,0.32029199600219727
2011-07-31,0.32029199600219727
2011-08-01,5.479464054107666
2011-08-02,0.0
2011-08-03,0.0
2011-08-04,0.0
2011-08-05,0.007772290147840977
2011-08-06,0.5982344150543213
2011-08-07,0.14955860376358032
2011-08-08,0.8308811187744141
2011-08-09,2.010732412338257
2011-08-10,0.0
2011-08-11,0.0
2011-08-12,0.0
2011-08-13,0.0
2011-08-14,0.0
2011-08-15,0.0
2011-08-16,0.02213839814066887
2011-08-17,0.02213839814066887
2011-08-18,0.02213839814066887
2011-08-19,0.02213839814066887
2011-08-20,0.05903572589159012
2011-08-21,0.09135901182889938
2011-08-22,0.008305365219712257
2011-08-23,0.008305365219712257
2011-08-24,0.049832191318273544
2011-08-25,0.008305365219712257
2011-08-26,0.08323729783296585
2011-08-27,0.08323729783296585
2011-08-28,0.24971190094947815
2011-08-29,0.08323729783296585
2011-08-30,0.08323729783296585
2011-08-31,0.08323729783296585
2011-09-01,0.005800582002848387
2011-09-02,0.005800582002848387
2011-09-03,0.005800582002848387
2011-09-04,0.005800582002848387
2011-09-05,0.005800582002848387
2011-09-06,0.0
2011-09-07,0.0
2011-09-08,0.0005541450227610767
2011-09-09,1.0523215532302856
2011-09-10,0.0
2011-09-11,0.0
2011-09-12,0.0
2011-09-13,0.0
2011-09-14,0.0
2011-09-15,0.0
2011-09-16,0.0
2011-09-17,0.6761491298675537
2011-09-18,3.7244935035705566
2011-09-19,11.713170051574707
2011-09-20,0.0
2011-09-21,0.0
2011-09-22,0.0
2011-09-23,0.0
2011-09-24,0.0
2011-09-25,0.0
2011-09-26,0.0
2011-09-27,0.0
2011-09-28,0.0
2011-09-29,0.0
2011-09-30,0.0
2011-10-01,0.0
2011-10-02,1.013606309890747
2011-10-03,0.4999675452709198
2011-10-04,0.04031657055020332
2011-10-05,0.009508705697953701
2011-10-06,0.0
2011-10-07,0.0
2011-10-08,0.0
2011-10-09,0.0
2011-10-10,0.0
2011-10-11,0.0061060599982738495
2011-10-12,2.1855058670043945
2011-10-13,2.2213573455810547
2011-10-14,8.335140228271484
2011-10-15,0.000966718012932688
2011-10-16,0.0
2011-10-17,0.0
2011-10-18,0.0
2011-10-19,0.0
2011-10-20,0.0
2011-10-21,0.0
2011-10-22,0.0
2011-10-23,0.0
2011-10-24,0.0
2011-10-25,0.0
2011-10-26,1.907596230506897
2011-10-27,0.0
2011-10-28,0.0
2011-10-29,2.9036402702331543
2011-10-30,1.3271410465240479
2011-10-31,0.0
2011-11-01,0.0
2011-11-02,0.0
2011-11-03,0.0
2011-11-04,0.0
2011-11-05,0.0
2011-11-06,3.070516347885132
2011-11-07,0.0
2011-11-08,0.0
2011-11-09,1.7837183475494385
2011-11-10,14.822811126708984
2011-11-11,10.857937812805176
2011-11-12,0.021846646443009377
2011-11-13,0.3713929355144501
2011-11-14,1.037559986114502
2011-11-15,0.0
2011-11-16,0.0
2011-11-17,2.250767946243286
2011-11-18,0.7668008804321289
2011-11-19,1.094560980796814
2011-11-20,9.440240859985352
2011-11-21,6.381747722625732
2011-11-22,0.25796157121658325
2011-11-23,0.0
2011-11-24,0.04872526600956917
2011-11-25,0.0
2011-11-26,0.0
2011-11-27,0.0
2011-11-28,2.6023123264312744
2011-11-29,9.014345169067383
2011-11-30,0.0
2011-12-01,0.0030947804916650057
2011-12-02,0.0
2011-12-03,1.1128575801849365
2011-12-04,0.4092933237552643
2011-12-05,0.006051909644156694
2011-12-06,0.005524441134184599
2011-12-07,0.0
2011-12-08,0.0
2011-12-09,0.5690174102783203
2011-12-10,0.0
2011-12-11,0.2084154635667801
2011-12-12,0.02151373215019703
2011-12-13,31.537931442260742
2011-12-14,0.0
2011-12-15,0.0
2011-12-16,0.0
2011-12-17,0.0
2011-12-18,0.0
2011-12-19,0.0
2011-12-20,0.0
2011-12-21,0.04060948267579079
2011-12-22,0.0
2011-12-23,0.11767157167196274
2011-12-24,0.0
2011-12-25,0.6948378682136536
2011-12-26,0.0
2011-12-27,1.6647555828094482
2011-12-28,1.3739542961120605
2011-12-29,14.537810325622559
2011-12-30,11.127535820007324
2011-12-31,5.140563488006592
2012-01-01,0.0
2012-01-02,0.0
2012-01-03,0.0
2012-01-04,0.0
2012-01-05,0.0
2012-01-06,1.6612428426742554
2012-01-07,0.8532678484916687
2012-01-08,0.0
2012-01-09,0.0
2012-01-10,6.148873805999756
2012-01-11,0.7076499462127686
2012-01-12,14.838149070739746
2012-01-13,1.5133229494094849
2012-01-14,0.04068472981452942
2012-01-15,1.7137700319290161
2012-01-16,2.6433138847351074
2012-01-17,0.3337404429912567
2012-01-18,0.1882081925868988
2012-01-19,0.006747559644281864
2012-01-20,0.003562408499419689
2012-01-21,0.24963515996932983
2012-01-22,2.350121259689331
2012-01-23,0.5826824307441711
2012-01-24,11.066128730773926
2012-01-25,9.328889846801758
2012-01-26,1.3294621706008911
2012-01-27,0.0
2012-01-28,0.0
2012-01-29,0.0
2012-01-30,2.2419323921203613
2012-01-31,1.827877402305603
2012-02-01,16.20669174194336
2012-02-02,4.783389091491699
2012-02-03,9.228734016418457
2012-02-04,3.219731569290161
2012-02-05,0.0
2012-02-06,0.0
2012-02-07,0.0
2012-02-08,0.0
2012-02-09,0.08933950215578079
2012-02-10,10.39316177368164
2012-02-11,0.44375523924827576
2012-02-12,1.426498293876648
2012-02-13,13.159553527832031
2012-02-14,3.4410908222198486
2012-02-15,6.256464958190918
2012-02-16,8.440217018127441
2012-02-17,0.0
2012-02-18,0.0
2012-02-19,1.6373968124389648
2012-02-20,15.940177917480469
2012-02-21,11.039624214172363
2012-02-22,26.649673461914062
2012-02-23,1.5734150409698486
2012-02-24,5.1193718910217285
2012-02-25,13.906194686889648
2012-02-26,0.04703085869550705
2012-02-27,0.003617758397012949
2012-02-28,0.003617758397012949
2012-02-29,0.003617758397012949
2012-03-01,24.315353393554688
2012-03-02,0.13697420060634613
2012-03-03,0.0
2012-03-04,0.0
2012-03-05,8.23884391784668
2012-03-06,0.05854564905166626
2012-03-07,23.569095611572266
2012-03-08,0.0
2012-03-09,0.5794651508331299
2012-03-10,0.0
2012-03-11,0.6617929339408875
2012-03-12,2.350461006164551
2012-03-13,22.041622161865234
2012-03-14,2.099571943283081
2012-03-15,1.9066314697265625
2012-03-16,0.21958686411380768
2012-03-17,0.21958686411380768
2012-03-18,0.21958686411380768
2012-03-19,0.21958686411380768
2012-03-20,0.5855649709701538
2012-03-21,0.0
2012-03-22,0.0
2012-03-23,7.667835712432861
2012-03-24,4.2137298583984375
2012-03-25,0.0
2012-03-26,0.24937380850315094
2012-03-27,19.61008071899414
2012-03-28,0.0
2012-03-29,3.328671455383301
2012-03-30,0.10751307010650635
2012-03-31,0.6159412860870361
2012-04-01,0.05350777134299278
2012-04-02,1.0876431465148926
2012-04-03,1.4303431510925293
2012-04-04,0.3763137459754944
2012-04-05,4.25538969039917
2012-04-06,0.43367674946784973
2012-04-07,0.00031888103694655
2012-04-08,0.07607164978981018
2012-04-09,0.0017346092499792576
2012-04-10,9.87542724609375
2012-04-11,0.7345119714736938
2012-04-12,9.705723762512207
2012-04-13,0.0
2012-04-14,0.0
2012-04-15,5.0718889236450195
2012-04-16,0.0
2012-04-17,0.0
2012-04-18,0.0
2012-04-19,0.10354527831077576
2012-04-20,0.23476870357990265
2012-04-21,13.10162353515625
2012-04-22,0.0
2012-04-23,0.0
2012-04-24,0.0
2012-04-25,0.0611063577234745
2012-04-26,0.0
2012-04-27,3.3089077472686768
2012-04-28,0.5637679100036621
2012-04-29,4.046167373657227
2012-04-30,0.0
2012-05-01,0.0
2012-05-02,0.0
2012-05-03,0.0
2012-05-04,0.0
2012-05-05,0.0
2012-05-06,0.0
2012-05-07,0.0
2012-05-08,0.0
2012-05-09,0.0
2012-05-10,0.0
2012-05-11,0.243844673037529
2012-05-12,0.6502524614334106
2012-05-13,0.243844673037529
2012-05-14,0.243844673037529
2012-05-15,0.243844673037529
2012-05-16,0.0
2012-05-17,0.0
2012-05-18,0.0
2012-05-19,0.0
2012-05-20,0.0
2012-05-21,0.0
2012-05-22,0.0
2012-05-23,0.0
2012-05-24,0.0
2012-05-25,0.0
2012-05-26,0.0
2012-05-27,0.0
2012-05-28,0.0
2012-05-29,0.0
2012-05-30,0.0
2012-05-31,0.0
2012-06-01,0.0
2012-06-02,0.0
2012-06-03,0.0
2012-06-04,0.0
2012-06-05,0.0
2012-06-06,0.0
2012-06-07,0.0
2012-06-08,0.0
2012-06-09,0.0
2012-06-10,0.0
2012-06-11,0.0
2012-06-12,0.0
2012-06-13,0.0
2012-06-14,0.0
2012-06-15,0.0
2012-06-16,0.0
2012-06-17,0.0
2012-06-18,0.0
2012-06-19,0.0
2012-06-20,0.0
2012-06-21,0.0
2012-06-22,0.0
2012-06-23,0.0
2012-06-24,0.0
2012-06-25,0.0
2012-06-26,0.0
2012-06-27,0.0
2012-06-28,0.0
2012-06-29,0.0
2012-06-30,0.0
2012-07-01,0.0
2012-07-02,0.0
2012-07-03,0.0
2012-07-04,0.0
2012-07-05,0.0
2012-07-06,0.0
2012-07-07,0.0
2012-07-08,0.0
2012-07-09,0.0
2012-07-10,0.0
2012-07-11,0.0366508886218071
2012-07-12,0.0366508886218071
2012-07-13,0.097735695540905
2012-07-14,0.0366508886218071
2012-07-15,0.0366508886218071
2012-07-16,0.0
2012-07-17,0.0
2012-07-18,0.0
2012-07-19,0.0
2012-07-20,0.0
2012-07-21,0.0
2012-07-22,0.0
2012-07-23,0.0
2012-07-24,0.0
2012-07-25,0.0
2012-07-26,0.0
2012-07-27,0.2027847170829773
2012-07-28,0.07582000643014908
2012-07-29,0.2164147049188614
2012-07-30,4.124208927154541
2012-07-31,0.09066952764987946
2012-08-01,0.0
2012-08-02,0.0
2012-08-03,0.0
2012-08-04,0.0
2012-08-05,0.0
2012-08-06,0.0
2012-08-07,0.0
2012-08-08,0.0
2012-08-09,0.0
2012-08-10,0.0
2012-08-11,0.0
2012-08-12,0.0
2012-08-13,0.0
2012-08-14,0.0
2012-08-15,0.0
2012-08-16,0.0
2012-08-17,0.0
2012-08-18,0.0
2012-08-19,1.052353858947754
2012-08-20,0.0
2012-08-21,0.12485780566930771
2012-08-22,0.020809633657336235
2012-08-23,0.020809633657336235
2012-08-24,0.020809633657336235
2012-08-25,0.020809633657336235
2012-08-26,0.0
2012-08-27,0.0
2012-08-28,0.0
2012-08-29,0.0
2012-08-30,0.0
2012-08-31,0.0
2012-09-01,0.016453048214316368
2012-09-02,0.006169893313199282
2012-09-03,0.006169893313199282
2012-09-04,0.006169893313199282
2012-09-05,0.006169893313199282
2012-09-06,0.0
2012-09-07,0.0
2012-09-08,0.0
2012-09-09,10.886687278747559
2012-09-10,2.8890492916107178
2012-09-11,0.48335984349250793
2012-09-12,0.18125993013381958
2012-09-13,0.18125993013381958
2012-09-14,0.18125993013381958
2012-09-15,0.18125993013381958
2012-09-16,0.0
2012-09-17,0.0
2012-09-18,0.0
2012-09-19,0.0
2012-09-20,0.0
2012-09-21,0.0
2012-09-22,0.0
2012-09-23,0.0
2012-09-24,0.0
2012-09-25,0.0
2012-09-26,0.3586432933807373
2012-09-27,0.02390955202281475
2012-09-28,1.0520203113555908
2012-09-29,0.0
2012-09-30,0.0
2012-10-01,0.2597522437572479
2012-10-02,0.2597522437572479
2012-10-03,0.2597522437572479
2012-10-04,0.2597522437572479
2012-10-05,0.2597522437572479
2012-10-06,0.0
2012-10-07,0.0
2012-10-08,8.628081321716309
2012-10-09,2.027752637863159
2012-10-10,1.7139301300048828
2012-10-11,1.1064035892486572
2012-10-12,0.0
2012-10-13,0.03654719144105911
2012-10-14,0.04121711105108261
2012-10-15,0.7942531704902649
2012-10-16,0.0
2012-10-17,0.0
2012-10-18,0.0
2012-10-19,0.0
2012-10-20,0.0
2012-10-21,0.0
2012-10-22,0.0
2012-10-23,0.0
2012-10-24,0.0
2012-10-25,0.0
2012-10-26,0.0
2012-10-27,0.0
2012-10-28,0.0
2012-10-29,0.0433315709233284
2012-10-30,3.874750852584839
2012-10-31,6.56815767288208
2012-11-01,21.093774795532227
2012-11-02,1.4852427244186401
2012-11-03,0.0065257493406534195
2012-11-04,0.0
2012-11-05,2.822683572769165
2012-11-06,6.779031753540039
2012-11-07,5.026407718658447
2012-11-08,0.39339298009872437
2012-11-09,0.0
2012-11-10,0.34870976209640503
2012-11-11,0.002531686332076788
2012-11-12,1.8742506504058838
2012-11-13,0.0
2012-11-14,0.9232629537582397
2012-11-15,0.0
2012-11-16,0.0
2012-11-17,0.0
2012-11-18,0.021987684071063995
2012-11-19,4.7566022872924805
2012-11-20,1.6711313724517822
2012-11-21,0.0
2012-11-22,0.0028710602782666683
2012-11-23,16.765615463256836
2012-11-24,0.0028710602782666683
2012-11-25,0.6961749792098999
2012-11-26,0.02417420968413353
2012-11-27,0.18734924495220184
2012-11-28,5.8732476234436035
2012-11-29,7.0242180824279785
2012-11-30,7.081310272216797
2012-12-01,0.0
2012-12-02,0.0
2012-12-03,0.0
2012-12-04,0.0
2012-12-05,0.0
2012-12-06,0.0003383869188837707
2012-12-07,7.776054382324219
2012-12-08,18.957529067993164
2012-12-09,0.009474833495914936
2012-12-10,0.0
2012-12-11,0.8490192890167236
2012-12-12,0.0
2012-12-13,18.78623390197754
2012-12-14,5.17182731628418
2012-12-15,0.0
2012-12-16,0.0677691102027893
2012-12-17,0.0
2012-12-18,0.0
2012-12-19,4.528173923492432
2012-12-20,1.0608596801757812
2012-12-21,6.970323085784912
2012-12-22,1.6806648969650269
2012-12-23,0.0
2012-12-24,0.0
2012-12-25,0.0
2012-12-26,11.711241722106934
2012-12-27,0.0
2012-12-28,0.22263190150260925
2012-12-29,1.5520861148834229
2012-12-30,0.7117528915405273
2012-12-31,7.496449947357178
2013-01-01,7.053082466125488
2013-01-02,4.535109043121338
2013-01-03,0.0
2013-01-04,0.0
2013-01-05,0.15518859028816223
2013-01-06,0.0
2013-01-07,11.955612182617188
2013-01-08,23.38092041015625
2013-01-09,1.8540281057357788
2013-01-10,0.38473477959632874
2013-01-11,0.0
2013-01-12,0.0
2013-01-13,0.0
2013-01-14,0.0
2013-01-15,0.0
2013-01-16,1.2266864776611328
2013-01-17,4.303728103637695
2013-01-18,4.095210552215576
2013-01-19,14.375140190124512
2013-01-20,13.119428634643555
2013-01-21,1.2333375215530396
2013-01-22,0.42538413405418396
2013-01-23,0.21865516901016235
2013-01-24,4.411059856414795
2013-01-25,5.801265239715576
2013-01-26,3.448141574859619
2013-01-27,0.26508915424346924
2013-01-28,0.0
2013-01-29,0.0
2013-01-30,0.0
2013-01-31,1.6126518249511719
2013-02-01,0.0
2013-02-02,4.8116679191589355
2013-02-03,9.454526901245117
2013-02-04,0.5081890821456909
2013-02-05,0.0
2013-02-06,3.695948600769043
2013-02-07,5.620814800262451
2013-02-08,1.0022797584533691
2013-02-09,0.21412238478660583
2013-02-10,4.307154178619385
2013-02-11,1.0729775428771973
2013-02-12,5.653876304626465
2013-02-13,2.7460639476776123
2013-02-14,3.9525246620178223
2013-02-15,10.203288078308105
2013-02-16,0.07116056233644485
2013-02-17,9.050121307373047
2013-02-18,9.034002304077148
2013-02-19,5.504178047180176
2013-02-20,0.0
2013-02-21,0.0
2013-02-22,0.0
2013-02-23,0.0
2013-02-24,0.0
2013-02-25,0.0
2013-02-26,2.21990704536438
2013-02-27,0.011091523803770542
2013-02-28,1.3804010152816772
2013-03-01,1.8056793212890625
2013-03-02,1.8056793212890625
2013-03-03,1.8056793212890625
2013-03-04,1.8056793212890625
2013-03-05,1.8056793212890625
2013-03-06,0.0
2013-03-07,9.154038429260254
2013-03-08,0.838716983795166
2013-03-09,0.03801579028367996
2013-03-10,3.407813549041748
2013-03-11,3.0049848556518555
2013-03-12,0.0
2013-03-13,19.024309158325195
2013-03-14,7.558195114135742
2013-03-15,4.605075359344482
2013-03-16,0.0
2013-03-17,0.0
2013-03-18,0.0
2013-03-19,0.0
2013-03-20,0.0
2013-03-21,0.0
2013-03-22,0.0
2013-03-23,0.0
2013-03-24,0.0
2013-03-25,0.0
2013-03-26,0.0
2013-03-27,0.0
2013-03-28,0.0
2013-03-29,0.0
2013-03-30,0.0
2013-03-31,0.0
2013-04-01,0.0
2013-04-02,0.0
2013-04-03,15.498398780822754
2013-04-04,1.369553804397583
2013-04-05,0.0
2013-04-06,0.0
2013-04-07,9.881608963012695
2013-04-08,0.0
2013-04-09,0.0
2013-04-10,0.0
2013-04-11,0.0
2013-04-12,0.0
2013-04-13,5.377021789550781
2013-04-14,1.486210823059082
2013-04-15,0.049375779926776886
2013-04-16,0.0
2013-04-17,0.0
2013-04-18,0.0
2013-04-19,0.0
2013-04-20,0.0
2013-04-21,0.0
2013-04-22,0.0
2013-04-23,0.0
2013-04-24,0.0
2013-04-25,0.0
2013-04-26,0.0
2013-04-27,0.0
2013-04-28,0.0
2013-04-29,0.0
2013-04-30,0.0
2013-05-01,0.0
2013-05-02,0.0
2013-05-03,0.0
2013-05-04,0.0
2013-05-05,0.0
2013-05-06,0.0
2013-05-07,0.0
2013-05-08,0.0
2013-05-09,0.0
2013-05-10,0.0
2013-05-11,0.0
2013-05-12,0.0
2013-05-13,0.016097746789455414
2013-05-14,2.9695918560028076
2013-05-15,0.02458886429667473
2013-05-16,1.9218766689300537
2013-05-17,0.30425047874450684
2013-05-18,0.00489687267690897
2013-05-19,0.0
2013-05-20,0.0
2013-05-21,0.0
2013-05-22,0.0
2013-05-23,0.0
2013-05-24,0.7456926703453064
2013-05-25,1.699692964553833
2013-05-26,0.0
2013-05-27,0.0
2013-05-28,0.0
2013-05-29,0.0
2013-05-30,0.0
2013-05-31,0.0
2013-06-01,0.0
2013-06-02,0.0
2013-06-03,0.0
2013-06-04,0.0
2013-06-05,0.0
2013-06-06,0.0
2013-06-07,0.0
2013-06-08,0.0
2013-06-09,0.0
2013-06-10,0.0
2013-06-11,0.0
2013-06-12,0.0
2013-06-13,0.0
2013-06-14,0.0
2013-06-15,0.0
2013-06-16,0.0
2013-06-17,0.0
2013-06-18,0.0
2013-06-19,0.0
2013-06-20,0.0
2013-06-21,0.005074257962405682
2013-06-22,0.034760452806949615
2013-06-23,0.02935209311544895
2013-06-24,0.8396124243736267
2013-06-25,4.596771240234375
2013-06-26,2.520000696182251
2013-06-27,0.0
2013-06-28,0.0
2013-06-29,0.0
2013-06-30,0.0
2013-07-01,0.0
2013-07-02,0.0
2013-07-03,0.0
2013-07-04,0.0
2013-07-05,0.0
2013-07-06,0.0
2013-07-07,0.0
2013-07-08,1.06374192237854
2013-07-09,0.0
2013-07-10,0.0
2013-07-11,0.0
2013-07-12,0.0
2013-07-13,0.0
2013-07-14,0.0
2013-07-15,0.0
2013-07-16,0.0
2013-07-17,0.0
2013-07-18,0.0
2013-07-19,0.0
2013-07-20,0.0
2013-07-21,0.0
2013-07-22,0.0
2013-07-23,0.0
2013-07-24,0.0
2013-07-25,0.0
2013-07-26,0.0
2013-07-27,0.0
2013-07-28,0.0
2013-07-29,0.0
2013-07-30,0.0
2013-07-31,0.0
2013-08-01,0.0
2013-08-02,0.0
2013-08-03,0.0
2013-08-04,0.0
2013-08-05,0.0
2013-08-06,0.0
2013-08-07,0.0
2013-08-08,0.0
2013-08-09,0.0
2013-08-10,0.0
2013-08-11,0.0
2013-08-12,0.0
2013-08-13,0.0
2013-08-14,0.0
2013-08-15,0.0
2013-08-16,0.010264897719025612
2013-08-17,0.010264897719025612
2013-08-18,0.010264897719025612
2013-08-19,0.0273730605840683
2013-08-20,0.010264897719025612
2013-08-21,0.0
2013-08-22,0.04495447874069214
2013-08-23,0.0
2013-08-24,8.342982292175293
2013-08-25,7.930537223815918
2013-08-26,0.0
2013-08-27,0.0
2013-08-28,0.0
2013-08-29,0.0
2013-08-30,0.0
2013-08-31,0.0
2013-09-01,0.007592473179101944
2013-09-02,0.007592473179101944
2013-09-03,0.007592473179101944
2013-09-04,0.007592473179101944
2013-09-05,0.007592473179101944
2013-09-06,0.0
2013-09-07,1.2464834451675415
2013-09-08,5.9365081787109375
2013-09-09,9.070367813110352
2013-09-10,0.0
2013-09-11,0.0
2013-09-12,0.0
2013-09-13,0.0
2013-09-14,0.0
2013-09-15,0.0
2013-09-16,0.0
2013-09-17,0.0
2013-09-18,0.0
2013-09-19,0.0
2013-09-20,0.0
2013-09-21,0.0
2013-09-22,0.0
2013-09-23,0.0
2013-09-24,0.0
2013-09-25,0.0
2013-09-26,1.5119383335113525
2013-09-27,0.0
2013-09-28,0.0
2013-09-29,0.0
2013-09-30,0.5039794445037842
2013-10-01,0.5248929262161255
2013-10-02,0.038482118397951126
2013-10-03,0.07214203476905823
2013-10-04,10.154867172241211
2013-10-05,0.0
2013-10-06,0.10221351683139801
2013-10-07,0.0
2013-10-08,0.0
2013-10-09,0.0
2013-10-10,3.489924669265747
2013-10-11,0.4601995050907135
2013-10-12,0.0
2013-10-13,0.038755495101213455
2013-10-14,6.985968112945557
2013-10-15,4.741673469543457
2013-10-16,0.0
2013-10-17,0.0
2013-10-18,0.0
2013-10-19,0.0
2013-10-20,0.0
2013-10-21,0.0
2013-10-22,0.0
2013-10-23,0.0
2013-10-24,0.0
2013-10-25,0.0
2013-10-26,0.0
2013-10-27,4.167067050933838
2013-10-28,0.0
2013-10-29,3.8078207969665527
2013-10-30,5.594341278076172
2013-10-31,8.669061660766602
2013-11-01,0.14688614010810852
2013-11-02,6.040626525878906
2013-11-03,0.03918236866593361
2013-11-04,0.0
2013-11-05,0.03193177655339241
2013-11-06,0.0
2013-11-07,0.0
2013-11-08,0.0
2013-11-09,0.0
2013-11-10,0.0
2013-11-11,0.2501543462276459
2013-11-12,0.012507716193795204
2013-11-13,0.0
2013-11-14,0.0
2013-11-15,0.7379553318023682
2013-11-16,0.0
2013-11-17,0.0
2013-11-18,0.09238898754119873
2013-11-19,11.19007396697998
2013-11-20,5.016849517822266
2013-11-21,0.0019610701128840446
2013-11-22,0.15186505019664764
2013-11-23,1.058768630027771
2013-11-24,0.008497970178723335
2013-11-25,0.0
2013-11-26,0.07400001585483551
2013-11-27,0.07400001585483551
2013-11-28,0.07400001585483551
2013-11-29,0.07400001585483551
2013-11-30,0.44400009512901306
2013-12-01,0.0
2013-12-02,0.0
2013-12-03,0.0
2013-12-04,0.0
2013-12-05,0.0
2013-12-06,10.095537185668945
2013-12-07,0.6818293333053589
2013-12-08,0.0
2013-12-09,9.283674240112305
2013-12-10,22.198532104492188
2013-12-11,0.0
2013-12-12,0.0
2013-12-13,0.07001356035470963
2013-12-14,1.0649789571762085
2013-12-15,16.928508758544922
2013-12-16,1.0422405004501343
2013-12-17,0.04477213695645332
2013-12-18,0.2946224510669708
2013-12-19,0.0
2013-12-20,0.0
2013-12-21,0.0
2013-12-22,0.7834175825119019
2013-12-23,0.29939526319503784
2013-12-24,0.0
2013-12-25,0.17065531015396118
2013-12-26,9.18720817565918
2013-12-27,0.35030117630958557
2013-12-28,0.0
2013-12-29,1.1301217079162598
2013-12-30,3.8835060596466064
2013-12-31,9.181172370910645
2014-01-01,0.021033156663179398
2014-01-02,0.0
2014-01-03,0.9960772395133972
2014-01-04,0.2695589065551758
2014-01-05,0.002817935310304165
2014-01-06,4.079987049102783
2014-01-07,3.8649964332580566
2014-01-08,1.6948634386062622
2014-01-09,2.576606273651123
2014-01-10,0.0
2014-01-11,0.42996838688850403
2014-01-12,9.32717227935791
2014-01-13,0.0
2014-01-14,5.31792688369751
2014-01-15,12.792218208312988
2014-01-16,1.736610770225525
2014-01-17,0.04199763014912605
2014-01-18,14.40683650970459
2014-01-19,2.3616673946380615
2014-01-20,0.703072190284729
2014-01-21,0.025815729051828384
2014-01-22,0.0741092711687088
2014-01-23,0.0
2014-01-24,9.218108177185059
2014-01-25,10.851093292236328
2014-01-26,0.06005803123116493
2014-01-27,0.10711159557104111
2014-01-28,0.0
2014-01-29,0.6141100525856018
2014-01-30,4.099811553955078
2014-01-31,0.5653142333030701
2014-02-01,13.868368148803711
2014-02-02,10.82703971862793
2014-02-03,0.04769790172576904
2014-02-04,18.335426330566406
2014-02-05,1.361059546470642
2014-02-06,29.551929473876953
2014-02-07,7.339934349060059
2014-02-08,10.129446029663086
2014-02-09,12.096776008605957
2014-02-10,4.2351789474487305
2014-02-11,2.841904640197754
2014-02-12,27.343765258789062
2014-02-13,2.471212863922119
2014-02-14,0.31602177023887634
2014-02-15,0.0
2014-02-16,0.04312938079237938
2014-02-17,0.0
2014-02-18,0.0
2014-02-19,0.0
2014-02-20,0.4769933521747589
2014-02-21,0.0
2014-02-22,0.0
2014-02-23,0.0
2014-02-24,0.0
2014-02-25,0.0
2014-02-26,2.4482645988464355
2014-02-27,2.4482645988464355
2014-02-28,2.4482645988464355
2014-03-01,0.0
2014-03-02,0.0
2014-03-03,19.249923706054688
2014-03-04,0.04382336884737015
2014-03-05,0.19733965396881104
2014-03-06,0.18684335052967072
2014-03-07,5.816845893859863
2014-03-08,1.2849972248077393
2014-03-09,0.0
2014-03-10,0.19813324511051178
2014-03-11,0.2559345066547394
2014-03-12,0.2559345066547394
2014-03-13,0.2559345066547394
2014-03-14,0.2559345066547394
2014-03-15,1.535607099533081
2014-03-16,0.2628418505191803
2014-03-17,5.7748589515686035
2014-03-18,24.52576446533203
2014-03-19,0.019537536427378654
2014-03-20,0.0
2014-03-21,1.122774600982666
2014-03-22,1.122774600982666
2014-03-23,1.122774600982666
2014-03-24,2.994065523147583
2014-03-25,1.122774600982666
2014-03-26,0.0
2014-03-27,0.5152766108512878
2014-03-28,19.227937698364258
2014-03-29,0.12999001145362854
2014-03-30,0.0
2014-03-31,0.0
2014-04-01,0.15728306770324707
2014-04-02,0.15728306770324707
2014-04-03,0.15728306770324707
2014-04-04,0.15728306770324707
2014-04-05,0.15728306770324707
2014-04-06,0.0
2014-04-07,0.0
2014-04-08,4.617387294769287
2014-04-09,6.313779354095459
2014-04-10,2.88181209564209
2014-04-11,0.0
2014-04-12,0.0
2014-04-13,0.0
2014-04-14,0.0
2014-04-15,0.0
2014-04-16,0.1347663700580597
2014-04-17,0.1347663700580597
2014-04-18,0.1347663700580597
2014-04-19,0.1347663700580597
2014-04-20,2.156261920928955
2014-04-21,0.0
2014-04-22,1.2611004114151
2014-04-23,0.0
2014-04-24,0.0
2014-04-25,0.0
2014-04-26,0.3120095431804657
2014-04-27,0.3120095431804657
2014-04-28,0.3120095431804657
2014-04-29,0.3120095431804657
2014-04-30,0.8320255279541016
2014-05-01,2.6768107414245605
2014-05-02,1.0038039684295654
2014-05-03,1.0038039684295654
2014-05-04,1.0038039684295654
2014-05-05,1.0038039684295654
2014-05-06,0.0
2014-05-07,0.0
2014-05-08,0.0
2014-05-09,0.0
2014-05-10,0.0
2014-05-11,0.0
2014-05-12,0.0
2014-05-13,4.754461765289307
2014-05-14,0.0
2014-05-15,0.0
2014-05-16,0.0
2014-05-17,0.0
2014-05-18,0.0
2014-05-19,0.0
2014-05-20,0.0
2014-05-21,0.0
2014-05-22,0.0
2014-05-23,3.138580083847046
2014-05-24,17.79022979736328
2014-05-25,0.0
2014-05-26,0.0
2014-05-27,0.0
2014-05-28,0.0
2014-05-29,0.0
2014-05-30,0.0
2014-05-31,0.0
2014-06-01,0.0
2014-06-02,0.0
2014-06-03,0.0
2014-06-04,0.0
2014-06-05,0.0
2014-06-06,0.0
2014-06-07,0.0
2014-06-08,0.0
2014-06-09,0.0
2014-06-10,0.0
2014-06-11,0.0
2014-06-12,0.0
2014-06-13,0.0
2014-06-14,0.0
2014-06-15,0.0
2014-06-16,0.0
2014-06-17,0.0
2014-06-18,0.0
2014-06-19,0.0
2014-06-20,0.0
2014-06-21,0.0
2014-06-22,0.0
2014-06-23,0.0
2014-06-24,0.0
2014-06-25,0.0
2014-06-26,0.0
2014-06-27,0.0
2014-06-28,0.0
2014-06-29,0.0
2014-06-30,0.0
2014-07-01,0.0
2014-07-02,0.0
2014-07-03,0.0
2014-07-04,0.0
2014-07-05,0.0
2014-07-06,0.0
2014-07-07,0.008052564226090908
2014-07-08,1.5505661964416504
2014-07-09,0.0
2014-07-10,0.0
2014-07-11,0.0
2014-07-12,0.0
2014-07-13,0.0
2014-07-14,0.0
2014-07-15,0.0
2014-07-16,0.0
2014-07-17,0.0
2014-07-18,0.0
2014-07-19,0.0
2014-07-20,0.0
2014-07-21,0.0
2014-07-22,0.0
2014-07-23,0.0
2014-07-24,0.0
2014-07-25,0.0
2014-07-26,0.0
2014-07-27,0.0
2014-07-28,0.0
2014-07-29,0.0
2014-07-30,0.0
2014-07-31,0.0
2014-08-01,0.0
2014-08-02,0.0
2014-08-03,0.0
2014-08-04,0.0
2014-08-05,0.0
2014-08-06,0.0
2014-08-07,0.0
2014-08-08,0.0
2014-08-09,0.0
2014-08-10,0.0
2014-08-11,0.0
2014-08-12,0.0
2014-08-13,0.0
2014-08-14,0.0
2014-08-15,0.0
2014-08-16,0.02700934372842312
2014-08-17,0.4824145436286926
2014-08-18,0.15361925959587097
2014-08-19,0.002238498069345951
2014-08-20,0.0
2014-08-21,0.011837632395327091
2014-08-22,0.011837632395327091
2014-08-23,0.011837632395327091
2014-08-24,0.011837632395327091
2014-08-25,0.03156701847910881
2014-08-26,0.8386329412460327
2014-08-27,0.0
2014-08-28,0.0
2014-08-29,0.05332854762673378
2014-08-30,0.40157467126846313
2014-08-31,0.6232869625091553
2014-09-01,1.538474678993225
2014-09-02,2.0132102966308594
2014-09-03,0.631572425365448
2014-09-04,1.4621996879577637
2014-09-05,0.44197940826416016
2014-09-06,0.0873853862285614
2014-09-07,9.090230941772461
2014-09-08,0.37521103024482727
2014-09-09,0.0
2014-09-10,0.0
2014-09-11,3.089520215988159
2014-09-12,0.20754598081111908
2014-09-13,5.790781021118164
2014-09-14,0.0
2014-09-15,0.0
2014-09-16,0.06376124918460846
2014-09-17,0.0
2014-09-18,6.987874984741211
2014-09-19,0.046447791159152985
2014-09-20,0.0
2014-09-21,0.0
2014-09-22,0.0
2014-09-23,0.0
2014-09-24,0.0
2014-09-25,0.0
2014-09-26,0.0
2014-09-27,2.756869316101074
2014-09-28,8.690654754638672
2014-09-29,5.743914604187012
2014-09-30,0.0018839932745322585
2014-10-01,14.206345558166504
2014-10-02,2.0209245681762695
2014-10-03,0.04014039412140846
2014-10-04,2.552513837814331
2014-10-05,0.0385369174182415
2014-10-06,4.859429836273193
2014-10-07,0.010349844582378864
2014-10-08,0.0015481597511097789
2014-10-09,0.0
2014-10-10,0.0
2014-10-11,0.0
2014-10-12,0.0
2014-10-13,2.447625160217285
2014-10-14,0.0
2014-10-15,0.0
2014-10-16,0.0
2014-10-17,0.0
2014-10-18,0.0
2014-10-19,0.0009958535665646195
2014-10-20,2.9774601459503174
2014-10-21,0.03310822322964668
2014-10-22,0.03751043602824211
2014-10-23,1.4652222394943237
2014-10-24,6.2602739334106445
2014-10-25,0.0
2014-10-26,0.0
2014-10-27,0.0
2014-10-28,0.13329803943634033
2014-10-29,19.843631744384766
2014-10-30,2.2304344177246094
2014-10-31,0.9262927770614624
2014-11-01,1.124915361404419
2014-11-02,1.9872093200683594
2014-11-03,0.0
2014-11-04,0.0
2014-11-05,0.8017820715904236
2014-11-06,0.0
2014-11-07,0.9497209191322327
2014-11-08,0.9298299551010132
2014-11-09,1.191643476486206
2014-11-10,0.7263534665107727
2014-11-11,4.532202243804932
2014-11-12,2.4789631366729736
2014-11-13,0.26120027899742126
2014-11-14,0.0
2014-11-15,0.0
2014-11-16,0.0
2014-11-17,0.0
2014-11-18,0.0
2014-11-19,0.0
2014-11-20,0.0
2014-11-21,0.42878544330596924
2014-11-22,19.494342803955078
2014-11-23,0.28600063920021057
2014-11-24,0.054972127079963684
2014-11-25,0.0
2014-11-26,9.002071380615234
2014-11-27,0.0
2014-11-28,8.24703598022461
2014-11-29,0.0
2014-11-30,6.1047163009643555
2014-12-01,8.976537704467773
2014-12-02,0.0
2014-12-03,0.0
2014-12-04,0.0
2014-12-05,0.0
2014-12-06,0.0
2014-12-07,0.0
2014-12-08,0.5919999480247498
2014-12-09,7.42866325378418
2014-12-10,7.980765342712402
2014-12-11,10.684076309204102
2014-12-12,0.43378740549087524
2014-12-13,1.6675916910171509
2014-12-14,1.021795630455017
2014-12-15,0.1635376662015915
2014-12-16,0.32266074419021606
2014-12-17,0.5994977355003357
2014-12-18,20.391990661621094
2014-12-19,0.0
2014-12-20,5.799281597137451
2014-12-21,0.0
2014-12-22,19.768526077270508
2014-12-23,1.7082089185714722
2014-12-24,0.0
2014-12-25,0.07448578625917435
2014-12-26,0.0
2014-12-27,0.0
2014-12-28,2.5324788093566895
2014-12-29,7.780059814453125
2014-12-30,3.7195069789886475
2014-12-31,0.35624152421951294
2015-01-01,0.05495605990290642
2015-01-02,6.534817695617676
2015-01-03,27.569599151611328
2015-01-04,0.6305624842643738
2015-01-05,0.33797982335090637
2015-01-06,0.042201001197099686
2015-01-07,4.737929344177246
2015-01-08,13.016691207885742
2015-01-09,0.10592078417539597
2015-01-10,3.969430446624756
2015-01-11,1.1261285543441772
2015-01-12,4.721566677093506
2015-01-13,0.20191660523414612
2015-01-14,0.0
2015-01-15,28.52311897277832
2015-01-16,5.4564337730407715
2015-01-17,0.5170066356658936
2015-01-18,0.6455010175704956
2015-01-19,2.8760476112365723
2015-01-20,3.1871395111083984
2015-01-21,0.0
2015-01-22,0.5906890034675598
2015-01-23,0.01515018381178379
2015-01-24,0.0
2015-01-25,13.514134407043457
2015-01-26,0.0
2015-01-27,0.021481044590473175
2015-01-28,9.144937515258789
2015-01-29,19.40357208251953
2015-01-30,2.514662027359009
2015-01-31,16.332609176635742
2015-02-01,0.0
2015-02-02,0.0
2015-02-03,0.0
2015-02-04,0.0
2015-02-05,0.0
2015-02-06,32.010440826416016
2015-02-07,0.0
2015-02-08,0.06490916013717651
2015-02-09,0.7922421097755432
2015-02-10,0.23260939121246338
2015-02-11,18.517160415649414
2015-02-12,0.11233548074960709
2015-02-13,7.338971138000488
2015-02-14,8.035802841186523
2015-02-15,7.9765849113464355
2015-02-16,16.26572608947754
2015-02-17,11.643218994140625
2015-02-18,0.0
2015-02-19,0.0
2015-02-20,12.717096328735352
2015-02-21,0.0
2015-02-22,0.0
2015-02-23,0.0
2015-02-24,0.0
2015-02-25,0.0
2015-02-26,0.0
2015-02-27,1.7021969556808472
2015-02-28,14.393730163574219
2015-03-01,0.0
2015-03-02,0.2819402515888214
2015-03-03,2.3912885189056396
2015-03-04,1.1562007665634155
2015-03-05,19.10922622680664
2015-03-06,0.0017654611729085445
2015-03-07,0.5763333439826965
2015-03-08,2.4403975009918213
2015-03-09,0.0
2015-03-10,4.700099468231201
2015-03-11,1.1326992511749268
2015-03-12,3.7654597759246826
2015-03-13,0.0
2015-03-14,0.0
2015-03-15,0.0
2015-03-16,2.76774263381958
2015-03-17,3.5669286251068115
2015-03-18,0.11494933068752289
2015-03-19,0.06245733052492142
2015-03-20,0.1136007234454155
2015-03-21,1.8453402519226074
2015-03-22,0.30755671858787537
2015-03-23,0.30755671858787537
2015-03-24,0.30755671858787537
2015-03-25,0.30755671858787537
2015-03-26,3.07468843460083
2015-03-27,10.08215618133545
2015-03-28,0.0
2015-03-29,0.0
2015-03-30,0.0
2015-03-31,6.196457386016846
2015-04-01,2.164017677307129
2015-04-02,0.0
2015-04-03,0.0
2015-04-04,0.0
2015-04-05,3.4784018993377686
2015-04-06,0.2937386929988861
2015-04-07,0.6763221621513367
2015-04-08,1.4403399229049683
2015-04-09,3.0006401538848877
2015-04-10,11.22307300567627
2015-04-11,0.0
2015-04-12,5.854694366455078
2015-04-13,0.08301437646150589
2015-04-14,0.0
2015-04-15,0.0
2015-04-16,0.0
2015-04-17,0.0
2015-04-18,0.0
2015-04-19,0.0
2015-04-20,0.0
2015-04-21,9.598366737365723
2015-04-22,0.39794278144836426
2015-04-23,0.0
2015-04-24,0.22530291974544525
2015-04-25,0.6625174880027771
2015-04-26,0.0
2015-04-27,0.0
2015-04-28,6.333433151245117
2015-04-29,0.0
2015-04-30,0.0
2015-05-01,0.0
2015-05-02,0.0
2015-05-03,0.0
2015-05-04,0.0
2015-05-05,0.0
2015-05-06,0.0
2015-05-07,0.0
2015-05-08,0.0
2015-05-09,0.0
2015-05-10,0.0
2015-05-11,0.0
2015-05-12,0.0
2015-05-13,0.0
2015-05-14,0.0
2015-05-15,0.0
2015-05-16,7.659440040588379
2015-05-17,10.14709186553955
2015-05-18,0.0
2015-05-19,0.0
2015-05-20,0.0
2015-05-21,0.0
2015-05-22,0.0
2015-05-23,0.0
2015-05-24,0.0
2015-05-25,0.0
2015-05-26,0.0
2015-05-27,0.0
2015-05-28,0.0
2015-05-29,0.0
2015-05-30,0.0
2015-05-31,0.0
2015-06-01,3.45363187789917
2015-06-02,0.0
2015-06-03,0.0
2015-06-04,0.0
2015-06-05,0.0
2015-06-06,0.0
2015-06-07,0.0
2015-06-08,0.0
2015-06-09,0.0
2015-06-10,0.0
2015-06-11,1.0055254697799683
2015-06-12,1.0055254697799683
2015-06-13,1.0055254697799683
2015-06-14,1.0055254697799683
2015-06-15,2.681401491165161
2015-06-16,0.41550713777542114
2015-06-17,0.41550713777542114
2015-06-18,0.41550713777542114
2015-06-19,0.41550713777542114
2015-06-20,0.41550713777542114
2015-06-21,0.0
2015-06-22,0.0
2015-06-23,0.0
2015-06-24,0.0
2015-06-25,0.0
2015-06-26,0.0
2015-06-27,0.0
2015-06-28,0.0
2015-06-29,0.0
2015-06-30,0.0
2015-07-01,0.0
2015-07-02,0.0
2015-07-03,0.0
2015-07-04,8.960474014282227
2015-07-05,0.03707532584667206
2015-07-06,0.666451632976532
2015-07-07,1.7772043943405151
2015-07-08,0.666451632976532
2015-07-09,0.666451632976532
2015-07-10,0.666451632976532
2015-07-11,0.0
2015-07-12,0.0014183991588652134
2015-07-13,0.00355868530459702
2015-07-14,0.1754290610551834
2015-07-15,0.0
2015-07-16,0.0
2015-07-17,0.0
2015-07-18,0.0
2015-07-19,0.0
2015-07-20,0.0
2015-07-21,0.0
2015-07-22,0.0
2015-07-23,0.0
2015-07-24,0.0
2015-07-25,0.0
2015-07-26,0.0
2015-07-27,0.0
2015-07-28,0.0
2015-07-29,0.0
2015-07-30,0.0
2015-07-31,0.0
2015-08-01,0.0
2015-08-02,0.0
2015-08-03,0.0
2015-08-04,0.0
2015-08-05,0.0
2015-08-06,0.0
2015-08-07,0.0
2015-08-08,0.0
2015-08-09,0.0
2015-08-10,0.0
2015-08-11,0.0
2015-08-12,1.0545966625213623
2015-08-13,0.8326318264007568
2015-08-14,2.125138759613037
2015-08-15,0.0
2015-08-16,0.18797217309474945
2015-08-17,0.18797217309474945
2015-08-18,0.18797217309474945
2015-08-19,0.18797217309474945
2015-08-20,0.5012590885162354
2015-08-21,0.0
2015-08-22,0.195730522274971
2015-08-23,0.981347918510437
2015-08-24,0.0017700428143143654
2015-08-25,0.0
2015-08-26,0.0
2015-08-27,0.0
2015-08-28,0.0
2015-08-29,0.0
2015-08-30,0.0
2015-08-31,0.0
2015-09-01,0.0
2015-09-02,0.0
2015-09-03,0.0
2015-09-04,6.771563529968262
2015-09-05,2.3510653972625732
2015-09-06,0.0
2015-09-07,0.0
2015-09-08,0.0
2015-09-09,0.0
2015-09-10,0.0
2015-09-11,0.0
2015-09-12,0.0
2015-09-13,0.0
2015-09-14,0.0
2015-09-15,0.0
2015-09-16,0.0
2015-09-17,0.0
2015-09-18,0.0
2015-09-19,2.3543479442596436
2015-09-20,0.08045663684606552
2015-09-21,0.0
2015-09-22,0.0
2015-09-23,0.722732663154602
2015-09-24,0.393881618976593
2015-09-25,2.507014036178589
2015-09-26,0.13086210191249847
2015-09-27,0.0
2015-09-28,0.0
2015-09-29,1.2404286861419678
2015-09-30,0.15388691425323486
2015-10-01,1.0196592807769775
2015-10-02,0.0008959979168139398
2015-10-03,0.325507789850235
2015-10-04,0.31240132451057434
2015-10-05,0.0
2015-10-06,0.0
2015-10-07,0.0
2015-10-08,2.3700039386749268
2015-10-09,0.0
2015-10-10,0.0
2015-10-11,0.0
2015-10-12,0.0
2015-10-13,0.0
2015-10-14,0.0
2015-10-15,0.0
2015-10-16,0.0
2015-10-17,0.0
2015-10-18,0.0
2015-10-19,0.0
2015-10-20,0.0
2015-10-21,0.0
2015-10-22,1.2027143239974976
2015-10-23,0.5092774033546448
2015-10-24,0.009997857734560966
2015-10-25,0.6879287958145142
2015-10-26,3.2341361045837402
2015-10-27,5.2490034103393555
2015-10-28,0.010929394513368607
2015-10-29,0.0
2015-10-30,1.8579920530319214
2015-10-31,1.6755291223526
2015-11-01,0.0
2015-11-02,0.0
2015-11-03,0.0
2015-11-04,0.0
2015-11-05,0.0
2015-11-06,0.011928226798772812
2015-11-07,0.190851628780365
2015-11-08,0.011928226798772812
2015-11-09,0.011928226798772812
2015-11-10,0.011928226798772812
2015-11-11,7.305322647094727
2015-11-12,0.500815212726593
2015-11-13,0.37002599239349365
2015-11-14,0.0
2015-11-15,35.959510803222656
2015-11-16,0.0
2015-11-17,0.0
2015-11-18,0.0
2015-11-19,0.0
2015-11-20,0.0
2015-11-21,0.0
2015-11-22,0.0
2015-11-23,0.09750276058912277
2015-11-24,1.9304145574569702
2015-11-25,8.790670394897461
2015-11-26,3.135915756225586
2015-11-27,0.05997471138834953
2015-11-28,0.37619665265083313
2015-11-29,11.774497985839844
2015-11-30,0.17315912246704102
2015-12-01,0.002577461302280426
2015-12-02,17.003864288330078
2015-12-03,2.907667875289917
2015-12-04,0.012967132031917572
2015-12-05,0.9528882503509521
2015-12-06,2.3066277503967285
2015-12-07,0.1259874403476715
2015-12-08,0.04064501076936722
2015-12-09,7.203933238983154
2015-12-10,0.19327911734580994
2015-12-11,4.322145938873291
2015-12-12,2.3512651920318604
2015-12-13,0.0
2015-12-14,0.010267378762364388
2015-12-15,0.4008138179779053
2015-12-16,13.791285514831543
2015-12-17,0.0
2015-12-18,1.5527278184890747
2015-12-19,26.26531982421875
2015-12-20,0.06856666505336761
2015-12-21,0.0
2015-12-22,0.6086314916610718
2015-12-23,2.2735302448272705
2015-12-24,29.709089279174805
2015-12-25,1.5676056146621704
2015-12-26,0.8200399279594421
2015-12-27,1.720685601234436
2015-12-28,3.7196571826934814
2015-12-29,11.892454147338867
2015-12-30,0.6990776062011719
2015-12-31,10.29283332824707
2016-01-01,9.204955101013184
2016-01-02,10.171658515930176
2016-01-03,1.5470467805862427
2016-01-04,3.868364095687866
2016-01-05,2.7424027919769287
2016-01-06,11.180610656738281
2016-01-07,0.1467696577310562
2016-01-08,1.250420331954956
2016-01-09,0.5694623589515686
2016-01-10,0.0442337803542614
2016-01-11,0.0868731364607811
2016-01-12,0.0
2016-01-13,10.935409545898438
2016-01-14,0.6711879372596741
2016-01-15,0.02254943735897541
2016-01-16,0.0
2016-01-17,0.0
2016-01-18,0.0
2016-01-19,0.0
2016-01-20,0.0
2016-01-21,0.19772426784038544
2016-01-22,0.19772426784038544
2016-01-23,0.19772426784038544
2016-01-24,0.19772426784038544
2016-01-25,1.1863456964492798
2016-01-26,5.6101861000061035
2016-01-27,37.00390625
2016-01-28,0.0
2016-01-29,3.1457769870758057
2016-01-30,4.461196422576904
2016-01-31,4.913534641265869
2016-02-01,0.11364007741212845
2016-02-02,0.30621492862701416
2016-02-03,4.147162437438965
2016-02-04,21.37950897216797
2016-02-05,0.17872703075408936
2016-02-06,5.133254528045654
2016-02-07,0.0
2016-02-08,0.0
2016-02-09,16.16653823852539
2016-02-10,7.71559476852417
2016-02-11,0.41612276434898376
2016-02-12,1.2050766944885254
2016-02-13,3.3954267501831055
2016-02-14,2.7599704265594482
2016-02-15,17.19076919555664
2016-02-16,0.050926048308610916
2016-02-17,0.0
2016-02-18,26.915071487426758
2016-02-19,0.017279377207159996
2016-02-20,1.6728451251983643
2016-02-21,0.0
2016-02-22,0.29903069138526917
2016-02-23,0.0
2016-02-24,15.731148719787598
2016-02-25,10.045296669006348
2016-02-26,1.6006138324737549
2016-02-27,12.901434898376465
2016-02-28,1.2098278999328613
2016-02-29,0.0
2016-03-01,0.0
2016-03-02,16.214887619018555
2016-03-03,0.0
2016-03-04,0.0
2016-03-05,0.0
2016-03-06,0.6739107966423035
2016-03-07,0.16443116962909698
2016-03-08,0.0
2016-03-09,3.753831624984741
2016-03-10,7.115324974060059
2016-03-11,0.0
2016-03-12,0.0
2016-03-13,0.0
2016-03-14,0.0
2016-03-15,0.0
2016-03-16,0.0
2016-03-17,0.0
2016-03-18,0.0
2016-03-19,0.0
2016-03-20,0.0
2016-03-21,0.0
2016-03-22,0.0
2016-03-23,4.2266926765441895
2016-03-24,0.0
2016-03-25,0.0
2016-03-26,0.0
2016-03-27,0.0
2016-03-28,0.0
2016-03-29,0.0
2016-03-30,0.0
2016-03-31,0.0
2016-04-01,0.0
2016-04-02,2.4602606296539307
2016-04-03,1.0362833738327026
2016-04-04,0.0
2016-04-05,0.0
2016-04-06,0.0
2016-04-07,0.2856907248497009
2016-04-08,1.0884678363800049
2016-04-09,31.05908966064453
2016-04-10,10.452959060668945
2016-04-11,0.0
2016-04-12,0.0
2016-04-13,0.0
2016-04-14,0.0
2016-04-15,0.0
2016-04-16,0.0
2016-04-17,0.0
2016-04-18,0.0
2016-04-19,0.0
2016-04-20,2.326866865158081
2016-04-21,0.0
2016-04-22,0.0
2016-04-23,0.0
2016-04-24,0.0
2016-04-25,0.0
2016-04-26,0.0
2016-04-27,0.0
2016-04-28,0.0
2016-04-29,0.0
2016-04-30,0.0
2016-05-01,0.0
2016-05-02,0.0
2016-05-03,0.0
2016-05-04,0.0
2016-05-05,0.0
2016-05-06,0.0
2016-05-07,0.0
2016-05-08,0.0
2016-05-09,0.0
2016-05-10,0.0
2016-05-11,0.0
2016-05-12,0.0
2016-05-13,0.0
2016-05-14,0.0
2016-05-15,0.0
2016-05-16,0.0
2016-05-17,0.0
2016-05-18,0.0
2016-05-19,0.0
2016-05-20,0.0
2016-05-21,0.0
2016-05-22,0.0
2016-05-23,0.0
2016-05-24,0.0
2016-05-25,0.0
2016-05-26,0.0
2016-05-27,0.0
2016-05-28,0.0
2016-05-29,0.0
2016-05-30,0.0
2016-05-31,0.0
2016-06-01,0.0
2016-06-02,0.0
2016-06-03,0.0
2016-06-04,0.0
2016-06-05,0.0
2016-06-06,0.0
2016-06-07,0.0
2016-06-08,0.0
2016-06-09,0.0
2016-06-10,0.0
2016-06-11,0.0
2016-06-12,0.0
2016-06-13,0.0
2016-06-14,0.0
2016-06-15,0.0
2016-06-16,0.0
2016-06-17,0.0
2016-06-18,0.0
2016-06-19,0.0
2016-06-20,0.0
2016-06-21,0.5318512320518494
2016-06-22,0.5318512320518494
2016-06-23,0.5318512320518494
2016-06-24,0.5318512320518494
2016-06-25,1.4182698726654053
2016-06-26,0.0
2016-06-27,0.0
2016-06-28,0.0
2016-06-29,0.0
2016-06-30,0.0
2016-07-01,0.0
2016-07-02,0.0
2016-07-03,0.0
2016-07-04,0.0
2016-07-05,0.0
2016-07-06,0.0
2016-07-07,0.0
2016-07-08,0.0
2016-07-09,0.0
2016-07-10,0.0
2016-07-11,0.0
2016-07-12,0.0
2016-07-13,0.0
2016-07-14,0.0
2016-07-15,0.0
2016-07-16,0.0
2016-07-17,0.0
2016-07-18,0.0
2016-07-19,0.0
2016-07-20,0.0
2016-07-21,0.0
2016-07-22,0.0
2016-07-23,0.0
2016-07-24,0.0
2016-07-25,0.0
2016-07-26,0.0
2016-07-27,0.0
2016-07-28,0.0
2016-07-29,0.0
2016-07-30,0.0
2016-07-31,0.0
2016-08-01,0.0
2016-08-02,0.0
2016-08-03,0.0
2016-08-04,0.0
2016-08-05,0.0
2016-08-06,0.0
2016-08-07,0.0
2016-08-08,0.0
2016-08-09,0.0
2016-08-10,0.0
2016-08-11,0.0
2016-08-12,0.0
2016-08-13,0.0
2016-08-14,0.0
2016-08-15,0.0
2016-08-16,0.014590754173696041
2016-08-17,0.014590754173696041
2016-08-18,0.014590754173696041
2016-08-19,0.014590754173696041
2016-08-20,0.014590754173696041
2016-08-21,0.05706104263663292
2016-08-22,0.05706104263663292
2016-08-23,0.13435737788677216
2016-08-24,0.6406589150428772
2016-08-25,0.2520824372768402
2016-08-26,0.0
2016-08-27,0.0
2016-08-28,4.844764232635498
2016-08-29,0.0
2016-08-30,0.0
2016-08-31,0.0
2016-09-01,0.0
2016-09-02,4.28849458694458
2016-09-03,2.489086866378784
2016-09-04,0.0
2016-09-05,0.04562738165259361
2016-09-06,0.0
2016-09-07,0.0
2016-09-08,0.0
2016-09-09,0.0
2016-09-10,0.0
2016-09-11,0.0
2016-09-12,0.0
2016-09-13,0.0
2016-09-14,0.0
2016-09-15,0.0
2016-09-16,0.0
2016-09-17,0.057562969624996185
2016-09-18,3.0357255935668945
2016-09-19,11.927905082702637
2016-09-20,0.0
2016-09-21,7.418822288513184
2016-09-22,8.693038940429688
2016-09-23,3.9388413429260254
2016-09-24,0.0
2016-09-25,7.916326999664307
2016-09-26,0.0
2016-09-27,0.0
2016-09-28,0.0
2016-09-29,0.0
2016-09-30,0.0
2016-10-01,10.500373840332031
2016-10-02,0.0
2016-10-03,0.8050150871276855
2016-10-04,2.246746063232422
2016-10-05,0.03570736572146416
2016-10-06,0.0
2016-10-07,0.0
2016-10-08,0.0
2016-10-09,0.0
2016-10-10,0.0
2016-10-11,0.0
2016-10-12,0.0
2016-10-13,0.0
2016-10-14,0.0
2016-10-15,0.0
2016-10-16,1.8585505485534668
2016-10-17,3.6220245361328125
2016-10-18,0.0
2016-10-19,1.0347577333450317
2016-10-20,0.04524536803364754
2016-10-21,0.0
2016-10-22,0.0
2016-10-23,0.0
2016-10-24,0.0
2016-10-25,0.0
2016-10-26,0.07661613821983337
2016-10-27,0.07661613821983337
2016-10-28,0.07661613821983337
2016-10-29,0.07661613821983337
2016-10-30,0.07661613821983337
2016-10-31,0.07661613821983337
2016-11-01,0.0
2016-11-02,0.0
2016-11-03,0.0
2016-11-04,0.0
2016-11-05,0.0
2016-11-06,0.0
2016-11-07,4.326984405517578
2016-11-08,17.41466522216797
2016-11-09,0.37775659561157227
2016-11-10,0.0
2016-11-11,20.555267333984375
2016-11-12,0.5144408941268921
2016-11-13,0.0
2016-11-14,0.0
2016-11-15,0.0
2016-11-16,0.00569990836083889
2016-11-17,0.08903948217630386
2016-11-18,0.00785896461457014
2016-11-19,0.00569990836083889
2016-11-20,0.00569990836083889
2016-11-21,0.0
2016-11-22,0.0
2016-11-23,0.0
2016-11-24,0.0
2016-11-25,0.0
2016-11-26,0.0
2016-11-27,1.108144760131836
2016-11-28,10.28588581085205
2016-11-29,4.0319695472717285
2016-11-30,0.0
2016-12-01,0.0
2016-12-02,0.2047109305858612
2016-12-03,3.173462390899658
2016-12-04,2.8092427253723145
2016-12-05,3.5798747539520264
2016-12-06,9.653825759887695
2016-12-07,3.2984812259674072
2016-12-08,9.780546188354492
2016-12-09,4.944799423217773
2016-12-10,1.2535334825515747
2016-12-11,3.0365986824035645
2016-12-12,1.5969101190567017
2016-12-13,3.423444986343384
2016-12-14,0.38433727622032166
2016-12-15,0.11075281351804733
2016-12-16,0.0
2016-12-17,0.0
2016-12-18,0.0
2016-12-19,0.0
2016-12-20,0.0
2016-12-21,0.0990585908293724
2016-12-22,0.0990585908293724
2016-12-23,0.0990585908293724
2016-12-24,0.0990585908293724
2016-12-25,0.0990585908293724
2016-12-26,0.059041284024715424
2016-12-27,7.379415035247803
2016-12-28,1.9986145496368408
2016-12-29,0.0
2016-12-30,0.029885631054639816
2016-12-31,18.474411010742188
2017-01-01,1.261134386062622
2017-01-02,1.0664805173873901
2017-01-03,0.2034747153520584
2017-01-04,0.0
2017-01-05,11.29995059967041
2017-01-06,2.6223304271698
2017-01-07,1.7760614156723022
2017-01-08,0.2118919938802719
2017-01-09,0.02091928757727146
2017-01-10,8.450940132141113
2017-01-11,15.281804084777832
2017-01-12,0.0
2017-01-13,6.964599132537842
2017-01-14,0.0
2017-01-15,0.0
2017-01-16,0.0
2017-01-17,0.5392230153083801
2017-01-18,18.83646011352539
2017-01-19,0.15896186232566833
2017-01-20,0.0
2017-01-21,0.0
2017-01-22,0.0
2017-01-23,3.106356382369995
2017-01-24,20.74081039428711
2017-01-25,4.510110855102539
2017-01-26,0.0
2017-01-27,0.0
2017-01-28,0.07123664021492004
2017-01-29,0.0
2017-01-30,0.0
2017-01-31,8.246545791625977
2017-02-01,5.41537618637085
2017-02-02,1.1819431781768799
2017-02-03,0.0
2017-02-04,0.0
2017-02-05,4.579007625579834
2017-02-06,5.647340774536133
2017-02-07,0.5590433478355408
2017-02-08,0.0
2017-02-09,0.4718697965145111
2017-02-10,19.483783721923828
2017-02-11,19.189695358276367
2017-02-12,0.0
2017-02-13,0.03042048215866089
2017-02-14,0.0722544863820076
2017-02-15,0.0037457516882568598
2017-02-16,7.478781223297119
2017-02-17,0.0
2017-02-18,0.0
2017-02-19,65.14061737060547
2017-02-20,3.5452420711517334
2017-02-21,0.0
2017-02-22,0.0
2017-02-23,0.13100911676883698
2017-02-24,0.329120397567749
2017-02-25,19.811132431030273
2017-02-26,0.0
2017-02-27,1.8814542293548584
2017-02-28,2.365351915359497
2017-03-01,1.2924765348434448
2017-03-02,0.0
2017-03-03,9.971866607666016
2017-03-04,43.5609245300293
2017-03-05,0.15858547389507294
2017-03-06,1.7603189945220947
2017-03-07,0.5974801182746887
2017-03-08,0.0
2017-03-09,0.0
2017-03-10,20.355989456176758
2017-03-11,4.385315895080566
2017-03-12,3.5929527282714844
2017-03-13,4.01193380355835
2017-03-14,0.0
2017-03-15,30.746410369873047
2017-03-16,11.83931827545166
2017-03-17,6.698141098022461
2017-03-18,0.0
2017-03-19,0.0
2017-03-20,0.0
2017-03-21,0.0
2017-03-22,0.010637772269546986
2017-03-23,0.018765712156891823
2017-03-24,18.278215408325195
2017-03-25,0.005614120978862047
2017-03-26,2.9562606811523438
2017-03-27,18.604211807250977
2017-03-28,0.010630901902914047
2017-03-29,0.1700560450553894
2017-03-30,0.39424291253089905
2017-03-31,2.039266586303711
2017-04-01,24.454042434692383
2017-04-02,0.0
2017-04-03,0.04516135901212692
2017-04-04,2.458956718444824
2017-04-05,0.0
2017-04-06,8.032942771911621
2017-04-07,0.17010466754436493
2017-04-08,0.0
2017-04-09,0.0
2017-04-10,0.12207511812448502
2017-04-11,0.0
2017-04-12,0.0
2017-04-13,0.0
2017-04-14,0.0
2017-04-15,0.0
2017-04-16,1.1970875263214111
2017-04-17,7.182525157928467
2017-04-18,13.167962074279785
2017-04-19,1.1970875263214111
2017-04-20,1.1970875263214111
2017-04-21,0.0
2017-04-22,0.0
2017-04-23,0.0
2017-04-24,0.0
2017-04-25,0.0
2017-04-26,0.0
2017-04-27,0.0
2017-04-28,0.0
2017-04-29,0.0
2017-04-30,0.0
2017-05-01,0.0
2017-05-02,0.0
2017-05-03,0.0
2017-05-04,0.0
2017-05-05,0.0
2017-05-06,0.0
2017-05-07,0.0
2017-05-08,0.0
2017-05-09,0.0
2017-05-10,0.0
2017-05-11,0.0
2017-05-12,0.0
2017-05-13,0.0
2017-05-14,0.0
2017-05-15,0.0
2017-05-16,14.00794506072998
2017-05-17,0.0
2017-05-18,0.6090410351753235
2017-05-19,4.872328758239746
2017-05-20,0.0
2017-05-21,0.0
2017-05-22,0.21898873150348663
2017-05-23,6.500671863555908
2017-05-24,0.17428916692733765
2017-05-25,0.0
2017-05-26,0.3805461823940277
2017-05-27,0.1268487125635147
2017-05-28,0.1268487125635147
2017-05-29,0.1268487125635147
2017-05-30,0.1268487125635147
2017-05-31,0.1268487125635147
2017-06-01,0.0
2017-06-02,0.0
2017-06-03,0.0
2017-06-04,0.0
2017-06-05,0.0
2017-06-06,0.0
2017-06-07,0.5751680135726929
2017-06-08,0.0
2017-06-09,0.0
2017-06-10,0.6014142036437988
2017-06-11,0.0
2017-06-12,0.0
2017-06-13,0.0
2017-06-14,0.0
2017-06-15,0.0
2017-06-16,0.0
2017-06-17,0.0
2017-06-18,0.0
2017-06-19,0.0
2017-06-20,0.0
2017-06-21,0.0
2017-06-22,0.0
2017-06-23,0.0
2017-06-24,0.0
2017-06-25,0.0
2017-06-26,0.0
2017-06-27,0.0
2017-06-28,0.0
2017-06-29,0.0
2017-06-30,0.0
2017-07-01,0.0
2017-07-02,0.0
2017-07-03,0.0
2017-07-04,0.0
2017-07-05,0.0
2017-07-06,0.0
2017-07-07,0.0
2017-07-08,0.0
2017-07-09,0.0
2017-07-10,0.0
2017-07-11,0.0
2017-07-12,0.0
2017-07-13,0.0
2017-07-14,0.0
2017-07-15,0.0
2017-07-16,0.0
2017-07-17,0.0
2017-07-18,0.0
2017-07-19,0.0
2017-07-20,0.0
2017-07-21,0.0
2017-07-22,0.0
2017-07-23,0.0
2017-07-24,0.0
2017-07-25,0.0
2017-07-26,0.0
2017-07-27,0.0
2017-07-28,0.0
2017-07-29,0.0
2017-07-30,0.0
2017-07-31,0.0
2017-08-01,0.0
2017-08-02,0.0
2017-08-03,0.0
2017-08-04,0.0
2017-08-05,0.0
2017-08-06,0.0
2017-08-07,0.0
2017-08-08,0.0
2017-08-09,0.0
2017-08-10,0.0
2017-08-11,0.0
2017-08-12,0.0
2017-08-13,0.0
2017-08-14,0.0
2017-08-15,0.0
2017-08-16,0.0057523357681930065
2017-08-17,0.0920373722910881
2017-08-18,0.0057523357681930065
2017-08-19,0.0057523357681930065
2017-08-20,0.0057523357681930065
2017-08-21,0.015898996964097023
2017-08-22,0.09539398550987244
2017-08-23,0.015898996964097023
2017-08-24,0.015898996964097023
2017-08-25,0.015898996964097023
2017-08-26,0.0
2017-08-27,0.0
2017-08-28,0.0
2017-08-29,0.0
2017-08-30,0.0
2017-08-31,0.0
2017-09-01,0.0
2017-09-02,1.8358997106552124
2017-09-03,0.0
2017-09-04,0.011332714930176735
2017-09-05,22.631431579589844
2017-09-06,0.11776605248451233
2017-09-07,32.85324478149414
2017-09-08,5.756997585296631
2017-09-09,0.0
2017-09-10,0.0
2017-09-11,0.0
2017-09-12,0.0
2017-09-13,0.0
2017-09-14,0.0
2017-09-15,0.0
2017-09-16,0.0
2017-09-17,0.0
2017-09-18,0.0
2017-09-19,0.0
2017-09-20,0.0
2017-09-21,0.0
2017-09-22,0.0
2017-09-23,0.0
2017-09-24,0.0
2017-09-25,0.0
2017-09-26,0.0
2017-09-27,0.0
2017-09-28,0.0
2017-09-29,0.0
2017-09-30,0.0
2017-10-01,0.0
2017-10-02,0.0
2017-10-03,0.0
2017-10-04,0.0
2017-10-05,0.0
2017-10-06,2.098308801651001
2017-10-07,0.6347384452819824
2017-10-08,0.0
2017-10-09,0.0
2017-10-10,4.317270278930664
2017-10-11,0.0
2017-10-12,0.10619775205850601
2017-10-13,8.419401168823242
2017-10-14,0.003107826691120863
2017-10-15,0.0
2017-10-16,10.605380058288574
2017-10-17,5.411994934082031
2017-10-18,0.20063777267932892
2017-10-19,1.668212890625
2017-10-20,0.05617828294634819
2017-10-21,0.2872329354286194
2017-10-22,0.25906917452812195
2017-10-23,0.012915297411382198
2017-10-24,0.0
2017-10-25,0.0
2017-10-26,0.5780347585678101
2017-10-27,3.8845458030700684
2017-10-28,0.0
2017-10-29,0.10655184090137482
2017-10-30,0.0
2017-10-31,3.1150360107421875
2017-11-01,0.0
2017-11-02,0.025985490530729294
2017-11-03,2.3647823333740234
2017-11-04,1.7322994470596313
2017-11-05,5.426599979400635
2017-11-06,0.0
2017-11-07,0.4595698118209839
2017-11-08,0.0
2017-11-09,16.188444137573242
2017-11-10,0.0
2017-11-11,1.627549409866333
2017-11-12,0.0
2017-11-13,0.0
2017-11-14,0.21447528898715973
2017-11-15,0.1487986445426941
2017-11-16,0.9948545694351196
2017-11-17,3.7775635719299316
2017-11-18,0.0
2017-11-19,0.7064909338951111
2017-11-20,0.0
2017-11-21,0.0
2017-11-22,0.0
2017-11-23,0.0
2017-11-24,0.0
2017-11-25,0.0
2017-11-26,7.277289867401123
2017-11-27,0.0684497132897377
2017-11-28,25.72297477722168
2017-11-29,0.0014375555329024792
2017-11-30,22.505746841430664
2017-12-01,0.0
2017-12-02,0.0
2017-12-03,11.746979713439941
2017-12-04,9.788983345031738
2017-12-05,14.677244186401367
2017-12-06,0.0
2017-12-07,0.271605908870697
2017-12-08,1.5607997179031372
2017-12-09,15.237663269042969
2017-12-10,9.44671630859375
2017-12-11,0.0
2017-12-12,0.0
2017-12-13,0.0
2017-12-14,0.0
2017-12-15,0.0
2017-12-16,0.34018170833587646
2017-12-17,2.419696807861328
2017-12-18,3.760941982269287
2017-12-19,0.4353007972240448
2017-12-20,5.189484596252441
2017-12-21,17.227123260498047
2017-12-22,3.0226004123687744
2017-12-23,2.336500406265259
2017-12-24,48.65122604370117
2017-12-25,0.0
2017-12-26,0.0
2017-12-27,0.0
2017-12-28,0.0
2017-12-29,11.452610969543457
2017-12-30,0.0
2017-12-31,1.5491993427276611
2018-01-01,0.0
2018-01-02,32.41851043701172
2018-01-03,0.06237506866455078
2018-01-04,0.0
2018-01-05,0.04223811626434326
2018-01-06,0.0
2018-01-07,0.0
2018-01-08,0.0
2018-01-09,0.0
2018-01-10,0.0
2018-01-11,0.0
2018-01-12,0.0
2018-01-13,11.9639892578125
2018-01-14,39.637290954589844
2018-01-15,0.1298830807209015
2018-01-16,0.21383841335773468
2018-01-17,0.21383841335773468
2018-01-18,1.2830305099487305
2018-01-19,2.3522226810455322
2018-01-20,0.21383841335773468
2018-01-21,0.0
2018-01-22,0.0
2018-01-23,10.471355438232422
2018-01-24,0.6150206327438354
2018-01-25,0.8625966310501099
2018-01-26,0.0566391684114933
2018-01-27,24.70836639404297
2018-01-28,0.8958574533462524
2018-01-29,1.388102412223816
2018-01-30,1.6430869102478027
2018-01-31,7.936358451843262
2018-02-01,35.61725997924805
2018-02-02,1.3526934385299683
2018-02-03,0.0
2018-02-04,0.017324252054095268
2018-02-05,0.0
2018-02-06,0.004763662349432707
2018-02-07,0.04343671351671219
2018-02-08,4.423069477081299
2018-02-09,5.704411506652832
2018-02-10,3.536942481994629
2018-02-11,24.961414337158203
2018-02-12,0.4233803451061249
2018-02-13,0.13073945045471191
2018-02-14,0.0
2018-02-15,1.8842412233352661
2018-02-16,10.159667015075684
2018-02-17,3.9645566940307617
2018-02-18,0.015634646639227867
2018-02-19,0.0
2018-02-20,0.0012082250323146582
2018-02-21,0.2652026414871216
2018-02-22,0.16320163011550903
2018-02-23,0.06120060756802559
2018-02-24,0.06120060756802559
2018-02-25,0.06120060756802559
2018-02-26,0.0
2018-02-27,0.0
2018-02-28,5.0211052894592285
2018-03-01,21.34184455871582
2018-03-02,0.09388652443885803
2018-03-03,0.0
2018-03-04,0.010833059437572956
2018-03-05,8.553789138793945
2018-03-06,42.587642669677734
2018-03-07,3.640777587890625
2018-03-08,0.0
2018-03-09,0.14006288349628448
2018-03-10,4.2562737464904785
2018-03-11,0.0
2018-03-12,0.3860735297203064
2018-03-13,0.0
2018-03-14,6.8596649169921875
2018-03-15,14.970330238342285
2018-03-16,13.102792739868164
2018-03-17,0.15087589621543884
2018-03-18,0.0
2018-03-19,35.07188034057617
2018-03-20,0.0
2018-03-21,0.0
2018-03-22,0.0
2018-03-23,0.0
2018-03-24,0.0
2018-03-25,13.24791431427002
2018-03-26,0.0
2018-03-27,0.0
2018-03-28,0.0
2018-03-29,0.0
2018-03-30,0.0
2018-03-31,0.0
2018-04-01,0.0
2018-04-02,0.0
2018-04-03,0.0
2018-04-04,0.0
2018-04-05,0.0
2018-04-06,0.0
2018-04-07,0.0
2018-04-08,0.0
2018-04-09,0.0
2018-04-10,0.0
2018-04-11,0.0
2018-04-12,0.0
2018-04-13,0.0
2018-04-14,0.0
2018-04-15,0.0
2018-04-16,0.0
2018-04-17,0.0
2018-04-18,0.0
2018-04-19,0.0
2018-04-20,0.0
2018-04-21,0.0
2018-04-22,0.0
2018-04-23,0.0
2018-04-24,0.0
2018-04-25,0.0
2018-04-26,0.0049500116147100925
2018-04-27,1.3479747772216797
2018-04-28,0.5058200359344482
2018-04-29,1.0518620014190674
2018-04-30,0.0
2018-05-01,0.0
2018-05-02,0.0
2018-05-03,0.0
2018-05-04,0.0
2018-05-05,0.0
2018-05-06,0.0
2018-05-07,0.0
2018-05-08,0.0
2018-05-09,0.0
2018-05-10,0.0
2018-05-11,0.0
2018-05-12,0.0
2018-05-13,0.0
2018-05-14,0.0
2018-05-15,0.0
2018-05-16,0.0
2018-05-17,0.0
2018-05-18,0.0
2018-05-19,0.0
2018-05-20,0.0
2018-05-21,0.0
2018-05-22,0.0
2018-05-23,0.0
2018-05-24,0.0
2018-05-25,0.0
2018-05-26,0.0
2018-05-27,0.0
2018-05-28,0.0
2018-05-29,0.0
2018-05-30,0.0
2018-05-31,0.0
2018-06-01,0.0
2018-06-02,0.0
2018-06-03,8.744390487670898
2018-06-04,1.1900464296340942
2018-06-05,0.0
2018-06-06,0.0
2018-06-07,0.0
2018-06-08,0.0
2018-06-09,0.0
2018-06-10,0.0
2018-06-11,0.0
2018-06-12,0.0
2018-06-13,0.0
2018-06-14,0.0
2018-06-15,0.0
2018-06-16,0.0
2018-06-17,0.0
2018-06-18,0.0
2018-06-19,0.0
2018-06-20,0.0
2018-06-21,0.0
2018-06-22,0.0
2018-06-23,2.15321946144104
2018-06-24,0.0
2018-06-25,0.0
2018-06-26,0.0
2018-06-27,0.0
2018-06-28,0.0
2018-06-29,0.0
2018-06-30,0.0
2018-07-01,0.0
2018-07-02,0.0
2018-07-03,0.0
2018-07-04,0.0
2018-07-05,0.0
2018-07-06,0.0
2018-07-07,0.0
2018-07-08,0.0
2018-07-09,0.0
2018-07-10,0.0
2018-07-11,0.0
2018-07-12,0.05527716502547264
2018-07-13,0.09377435594797134
2018-07-14,0.0856255441904068
2018-07-15,0.0
2018-07-16,0.0
2018-07-17,0.0
2018-07-18,0.0
2018-07-19,0.0
2018-07-20,0.0
2018-07-21,13.692304611206055
2018-07-22,0.0
2018-07-23,0.21647915244102478
2018-07-24,0.0
2018-07-25,0.0
2018-07-26,0.0
2018-07-27,0.0
2018-07-28,0.0
2018-07-29,0.0
2018-07-30,0.0
2018-07-31,0.0
2018-08-01,0.0
2018-08-02,0.23972491919994354
2018-08-03,0.9389285445213318
2018-08-04,17.047204971313477
2018-08-05,22.738649368286133
2018-08-06,0.0
2018-08-07,0.0
2018-08-08,0.0
2018-08-09,0.0
2018-08-10,0.0
2018-08-11,0.0
2018-08-12,0.0
2018-08-13,0.0
2018-08-14,0.0
2018-08-15,0.0
2018-08-16,0.0
2018-08-17,0.0
2018-08-18,0.0
2018-08-19,0.0
2018-08-20,0.13372665643692017
2018-08-21,0.04791313782334328
2018-08-22,0.04791313782334328
2018-08-23,0.04791313782334328
2018-08-24,0.04791313782334328
2018-08-25,0.04791313782334328
2018-08-26,0.0
2018-08-27,0.0
2018-08-28,0.0
2018-08-29,0.0
2018-08-30,0.0
2018-08-31,0.0
2018-09-01,0.005417390260845423
2018-09-02,0.005417390260845423
2018-09-03,0.005417390260845423
2018-09-04,0.014446373097598553
2018-09-05,0.005417390260845423
2018-09-06,0.0
2018-09-07,0.0
2018-09-08,0.0
2018-09-09,0.0
2018-09-10,0.0
2018-09-11,0.0
2018-09-12,0.0
2018-09-13,0.0
2018-09-14,0.0
2018-09-15,0.0
2018-09-16,0.20893971621990204
2018-09-17,0.26117464900016785
2018-09-18,0.20893971621990204
2018-09-19,1.2014034986495972
2018-09-20,0.20893971621990204
2018-09-21,0.0
2018-09-22,0.0
2018-09-23,0.0
2018-09-24,9.62320327758789
2018-09-25,0.0
2018-09-26,0.0
2018-09-27,0.0
2018-09-28,4.319980144500732
2018-09-29,0.3491572439670563
2018-09-30,0.0
2018-10-01,0.0
2018-10-02,0.0
2018-10-03,0.0
2018-10-04,0.0
2018-10-05,0.0
2018-10-06,0.0
2018-10-07,1.8805608749389648
2018-10-08,0.004958920180797577
2018-10-09,0.012607162818312645
2018-10-10,0.0
2018-10-11,4.96065616607666
2018-10-12,0.0
2018-10-13,0.24229253828525543
2018-10-14,0.0
2018-10-15,0.0
2018-10-16,0.0
2018-10-17,0.3467733860015869
2018-10-18,4.170347690582275
2018-10-19,10.184155464172363
2018-10-20,0.1446414291858673
2018-10-21,0.0
2018-10-22,0.0
2018-10-23,8.574504852294922
2018-10-24,13.842805862426758
2018-10-25,0.009447353892028332
2018-10-26,5.065007209777832
2018-10-27,28.17575454711914
2018-10-28,0.0
2018-10-29,0.0
2018-10-30,0.0
2018-10-31,0.0
2018-11-01,8.083451271057129
2018-11-02,0.005758939776569605
2018-11-03,0.0024218016769737005
2018-11-04,3.2300620079040527
2018-11-05,1.1844912767410278
2018-11-06,0.0
2018-11-07,0.0
2018-11-08,0.0
2018-11-09,0.0
2018-11-10,0.0
2018-11-11,0.4504546821117401
2018-11-12,0.4608337879180908
2018-11-13,0.4504546821117401
2018-11-14,7.196895599365234
2018-11-15,0.4504546821117401
2018-11-16,0.0
2018-11-17,0.0
2018-11-18,9.604025840759277
2018-11-19,13.82669734954834
2018-11-20,0.0
2018-11-21,0.0
2018-11-22,3.1887733936309814
2018-11-23,1.1316537857055664
2018-11-24,0.0
2018-11-25,0.0026545238215476274
2018-11-26,0.026054881513118744
2018-11-27,1.779189944267273
2018-11-28,20.168277740478516
2018-11-29,0.0
2018-11-30,0.0
2018-12-01,0.0
2018-12-02,0.0
2018-12-03,0.0
2018-12-04,0.0
2018-12-05,0.0
2018-12-06,0.0
2018-12-07,10.734498977661133
2018-12-08,0.0
2018-12-09,7.1737542152404785
2018-12-10,1.128037691116333
2018-12-11,0.005158345680683851
2018-12-12,0.6177181601524353
2018-12-13,14.054651260375977
2018-12-14,0.0
2018-12-15,9.594207763671875
2018-12-16,1.0030124187469482
2018-12-17,1.4801995754241943
2018-12-18,0.14533454179763794
2018-12-19,23.5466365814209
2018-12-20,0.3854987919330597
2018-12-21,3.0670721530914307
2018-12-22,11.063211441040039
2018-12-23,0.07770217210054398
2018-12-24,4.852330207824707
2018-12-25,0.0
2018-12-26,5.974591255187988
2018-12-27,0.24290840327739716
2018-12-28,1.941470742225647
2018-12-29,24.407276153564453
2018-12-30,3.5438098907470703
2018-12-31,13.542916297912598
2019-01-01,0.0
2019-01-02,0.0
2019-01-03,2.0720834732055664
2019-01-04,0.025541262701153755
2019-01-05,0.05839850753545761
2019-01-06,0.04688115417957306
2019-01-07,1.1174330711364746
2019-01-08,0.13601839542388916
2019-01-09,0.013237168081104755
2019-01-10,9.28792953491211
2019-01-11,8.353569030761719
2019-01-12,0.0
2019-01-13,0.0
2019-01-14,3.3184661865234375
2019-01-15,0.020066535100340843
2019-01-16,0.0
2019-01-17,0.0
2019-01-18,3.57389760017395
2019-01-19,1.811025857925415
2019-01-20,0.0
2019-01-21,0.0
2019-01-22,0.08958417177200317
2019-01-23,0.0
2019-01-24,0.0
2019-01-25,0.14483867585659027
2019-01-26,0.0
2019-01-27,7.438084602355957
2019-01-28,1.194787859916687
2019-01-29,1.069304347038269
2019-01-30,2.660191297531128
2019-01-31,4.545801162719727
2019-02-01,7.18360710144043
2019-02-02,3.2386529445648193
2019-02-03,0.800089955329895
2019-02-04,0.0
2019-02-05,0.0
2019-02-06,0.0
2019-02-07,0.0
2019-02-08,0.0
2019-02-09,0.0
2019-02-10,11.263457298278809
2019-02-11,6.19645357131958
2019-02-12,0.28150251507759094
2019-02-13,0.0645982027053833
2019-02-14,0.0
2019-02-15,0.0
2019-02-16,0.0
2019-02-17,0.020216742530465126
2019-02-18,0.252709299325943
2019-02-19,11.41744327545166
2019-02-20,5.291694641113281
2019-02-21,0.026318704709410667
2019-02-22,0.0
2019-02-23,0.0
2019-02-24,0.0
2019-02-25,3.1787145137786865
2019-02-26,18.220932006835938
2019-02-27,0.1963411122560501
2019-02-28,0.6620795130729675
2019-03-01,0.22256523370742798
2019-03-02,3.786513090133667
2019-03-03,0.0
2019-03-04,0.0
2019-03-05,5.302295684814453
2019-03-06,0.7275086045265198
2019-03-07,0.0
2019-03-08,0.23049670457839966
2019-03-09,23.892763137817383
2019-03-10,0.0
2019-03-11,0.8812831044197083
2019-03-12,0.8812831044197083
2019-03-13,3.154433488845825
2019-03-14,8.072216033935547
2019-03-15,4.636445045471191
2019-03-16,0.04996578022837639
2019-03-17,1.1007009744644165
2019-03-18,0.6778993606567383
2019-03-19,0.01909918524324894
2019-03-20,10.834193229675293
2019-03-21,0.0
2019-03-22,0.0
2019-03-23,0.0
2019-03-24,0.0
2019-03-25,0.0
2019-03-26,0.001313121640123427
2019-03-27,0.0005955721717327833
2019-03-28,0.0
2019-03-29,0.0
2019-03-30,0.0
2019-03-31,0.0
2019-04-01,12.29195785522461
2019-04-02,2.4235644340515137
2019-04-03,7.30769157409668
2019-04-04,0.0
2019-04-05,4.654237747192383
2019-04-06,0.0
2019-04-07,0.0
2019-04-08,0.0
2019-04-09,0.0
2019-04-10,0.0
2019-04-11,0.0
2019-04-12,0.0
2019-04-13,0.0
2019-04-14,0.0
2019-04-15,0.0
2019-04-16,0.050897788256406784
2019-04-17,0.03639904037117958
2019-04-18,1.480453372001648
2019-04-19,0.07110966742038727
2019-04-20,0.17190396785736084
2019-04-21,0.0
2019-04-22,0.0
2019-04-23,0.0
2019-04-24,0.0
2019-04-25,0.0
2019-04-26,0.3012605309486389
2019-04-27,6.31965970993042
2019-04-28,0.0
2019-04-29,0.0
2019-04-30,0.0
2019-05-01,7.944210052490234
2019-05-02,1.6283742189407349
2019-05-03,0.0
2019-05-04,0.0
2019-05-05,0.01235172152519226
2019-05-06,0.0
2019-05-07,0.6972285509109497
2019-05-08,6.382322311401367
2019-05-09,0.0
2019-05-10,0.0
2019-05-11,0.0
2019-05-12,3.1246073246002197
2019-05-13,0.06823940575122833
2019-05-14,0.0
2019-05-15,0.0
2019-05-16,0.0
2019-05-17,0.0
2019-05-18,0.0
2019-05-19,0.0
2019-05-20,0.0
2019-05-21,0.0
2019-05-22,0.0
2019-05-23,0.0
2019-05-24,0.0
2019-05-25,0.0
2019-05-26,0.0
2019-05-27,0.0
2019-05-28,0.0
2019-05-29,0.0
2019-05-30,0.0
2019-05-31,0.0
2019-06-01,0.0
2019-06-02,0.0
2019-06-03,0.0
2019-06-04,0.0
2019-06-05,0.0
2019-06-06,0.0
2019-06-07,0.0
2019-06-08,0.0
2019-06-09,0.0
2019-06-10,0.0
2019-06-11,0.0
2019-06-12,0.0
2019-06-13,0.0
2019-06-14,0.0
2019-06-15,2.0240983963012695
2019-06-16,3.36051344871521
2019-06-17,0.7282745838165283
2019-06-18,0.24493539333343506
2019-06-19,0.24493539333343506
2019-06-20,0.3200489282608032
2019-06-21,0.0
2019-06-22,0.0
2019-06-23,0.0
2019-06-24,0.0
2019-06-25,0.0
2019-06-26,0.0
2019-06-27,0.0
2019-06-28,0.0
2019-06-29,0.0
2019-06-30,0.0
2019-07-01,0.0
2019-07-02,0.0
2019-07-03,0.0
2019-07-04,0.0
2019-07-05,0.0
2019-07-06,0.0
2019-07-07,0.0
2019-07-08,0.0
2019-07-09,0.0
2019-07-10,0.0
2019-07-11,0.0
2019-07-12,0.0
2019-07-13,0.0
2019-07-14,0.0
2019-07-15,0.0
2019-07-16,0.2653702199459076
2019-07-17,0.2653702199459076
2019-07-18,1.5922213792800903
2019-07-19,0.2653702199459076
2019-07-20,0.2653702199459076
2019-07-21,0.0
2019-07-22,2.9630298614501953
2019-07-23,0.0
2019-07-24,13.519487380981445
2019-07-25,0.0
2019-07-26,0.0
2019-07-27,0.0
2019-07-28,0.0
2019-07-29,0.0
2019-07-30,0.0
2019-07-31,0.0
2019-08-01,0.0
2019-08-02,0.0
2019-08-03,0.0
2019-08-04,0.0
2019-08-05,0.0
2019-08-06,0.0
2019-08-07,0.0
2019-08-08,0.0
2019-08-09,0.0
2019-08-10,0.0
2019-08-11,0.0
2019-08-12,0.0
2019-08-13,0.0
2019-08-14,0.0
2019-08-15,0.0
2019-08-16,0.01729930192232132
2019-08-17,0.01729930192232132
2019-08-18,0.01729930192232132
2019-08-19,0.01729930192232132
2019-08-20,0.01729930192232132
2019-08-21,0.020752636715769768
2019-08-22,0.020752636715769768
2019-08-23,0.020752636715769768
2019-08-24,0.020752636715769768
2019-08-25,0.05534036085009575
2019-08-26,0.0
2019-08-27,0.0
2019-08-28,0.0
2019-08-29,0.0
2019-08-30,0.0
2019-08-31,0.0
2019-09-01,0.10349150747060776
2019-09-02,0.10349150747060776
2019-09-03,0.10349150747060776
2019-09-04,0.10349150747060776
2019-09-05,1.6558641195297241
2019-09-06,1.4929414987564087
2019-09-07,0.0020642399322241545
2019-09-08,0.4767562448978424
2019-09-09,0.0
2019-09-10,0.0
2019-09-11,0.0535350926220417
2019-09-12,1.4835484027862549
2019-09-13,0.0016538447234779596
2019-09-14,0.0
2019-09-15,0.0
2019-09-16,0.0
2019-09-17,0.0
2019-09-18,0.0
2019-09-19,0.0
2019-09-20,0.0
2019-09-21,0.0
2019-09-22,0.0
2019-09-23,0.0
2019-09-24,0.0
2019-09-25,0.0
2019-09-26,0.0
2019-09-27,0.0
2019-09-28,0.0
2019-09-29,0.0
2019-09-30,0.0
2019-10-01,0.0
2019-10-02,0.0
2019-10-03,0.0
2019-10-04,0.0
2019-10-05,0.0
2019-10-06,0.0
2019-10-07,0.0
2019-10-08,0.0
2019-10-09,0.0
2019-10-10,0.0
2019-10-11,0.0
2019-10-12,0.0
2019-10-13,0.028810366988182068
2019-10-14,2.9258904457092285
2019-10-15,0.016185251995921135
2019-10-16,0.0
2019-10-17,0.0
2019-10-18,0.0
2019-10-19,0.0
2019-10-20,0.0
2019-10-21,0.0
2019-10-22,0.0
2019-10-23,0.0
2019-10-24,0.0
2019-10-25,0.0
2019-10-26,0.0
2019-10-27,0.0
2019-10-28,0.0
2019-10-29,0.0
2019-10-30,0.0
2019-10-31,0.0
2019-11-01,0.19153782725334167
2019-11-02,0.02855774760246277
2019-11-03,0.0
2019-11-04,0.0
2019-11-05,11.203003883361816
2019-11-06,0.028201747685670853
2019-11-07,0.8211244940757751
2019-11-08,0.0035252184607088566
2019-11-09,1.0535694360733032
2019-11-10,13.942961692810059
2019-11-11,0.0
2019-11-12,0.014764822088181973
2019-11-13,4.30508279800415
2019-11-14,11.15445327758789
2019-11-15,0.0
2019-11-16,0.0
2019-11-17,0.0
2019-11-18,0.0
2019-11-19,0.0
2019-11-20,0.0
2019-11-21,0.021487129852175713
2019-11-22,0.0
2019-11-23,3.968628168106079
2019-11-24,0.0
2019-11-25,3.233457565307617
2019-11-26,8.33647346496582
2019-11-27,5.040510654449463
2019-11-28,0.0
2019-11-29,0.0
2019-11-30,0.0031932827550917864
2019-12-01,13.914287567138672
2019-12-02,0.0
2019-12-03,0.0
2019-12-04,0.0
2019-12-05,18.37122344970703
2019-12-06,0.0
2019-12-07,0.0
2019-12-08,14.946009635925293
2019-12-09,1.5612915754318237
2019-12-10,0.0
2019-12-11,0.1635885089635849
2019-12-12,0.004164245445281267
2019-12-13,8.981829643249512
2019-12-14,0.0
2019-12-15,4.758998394012451
2019-12-16,6.090247631072998
2019-12-17,0.3355121314525604
2019-12-18,0.20911578834056854
2019-12-19,0.0
2019-12-20,0.0
2019-12-21,0.9735821485519409
2019-12-22,0.009086627513170242
2019-12-23,0.10527630895376205
2019-12-24,0.0
2019-12-25,6.297665119171143
2019-12-26,3.3572230339050293
2019-12-27,0.09542132914066315
2019-12-28,0.17557571828365326
2019-12-29,1.9082940816879272
2019-12-30,13.52629280090332
2019-12-31,3.3220341205596924
2020-01-01,8.805984497070312
2020-01-02,0.7441300749778748
2020-01-03,14.185731887817383
2020-01-04,3.8617076873779297
2020-01-05,0.43206116557121277
2020-01-06,5.810773849487305
2020-01-07,6.402418613433838
2020-01-08,0.1403544694185257
2020-01-09,0.3462994396686554
2020-01-10,7.241396427154541
2020-01-11,7.080751419067383
2020-01-12,17.645009994506836
2020-01-13,6.843085289001465
2020-01-14,5.044826507568359
2020-01-15,0.0
2020-01-16,14.586424827575684
2020-01-17,0.01046044286340475
2020-01-18,0.0
2020-01-19,0.0
2020-01-20,2.063114643096924
2020-01-21,5.92436408996582
2020-01-22,6.870525360107422
2020-01-23,0.40031713247299194
2020-01-24,0.0
2020-01-25,0.0
2020-01-26,0.0
2020-01-27,0.11627282202243805
2020-01-28,5.26430082321167
2020-01-29,0.395757794380188
2020-01-30,5.404080390930176
2020-01-31,0.022818394005298615
2020-02-01,0.0
2020-02-02,1.2591416835784912
2020-02-03,9.266656875610352
2020-02-04,0.0
2020-02-05,0.0
2020-02-06,21.086833953857422
2020-02-07,4.907767295837402
2020-02-08,7.288618564605713
2020-02-09,8.101521492004395
2020-02-10,0.13914377987384796
2020-02-11,28.84761619567871
2020-02-12,1.5485190153121948
2020-02-13,0.0
2020-02-14,0.0
2020-02-15,5.0725998878479
2020-02-16,10.085287094116211
2020-02-17,0.06558084487915039
2020-02-18,16.1799259185791
2020-02-19,24.444778442382812
2020-02-20,2.2827799320220947
2020-02-21,27.748979568481445
2020-02-22,2.072988748550415
2020-02-23,0.0
2020-02-24,0.7015818953514099
2020-02-25,3.8851447105407715
2020-02-26,0.48133334517478943
2020-02-27,1.7543481588363647
2020-02-28,0.15969154238700867
2020-02-29,0.15969154238700867
2020-03-01,9.151296399068087e-05
2020-03-02,0.011564824730157852
2020-03-03,0.058442603796720505
2020-03-04,0.0
2020-03-05,0.0
2020-03-06,0.0
2020-03-07,0.0
2020-03-08,0.0
2020-03-09,0.0
2020-03-10,0.0
2020-03-11,0.0
2020-03-12,0.0
2020-03-13,0.0
2020-03-14,0.0
2020-03-15,0.0
2020-03-16,0.0007546414854004979
2020-03-17,0.0
2020-03-18,0.6720340847969055
2020-03-19,11.550009727478027
2020-03-20,13.667441368103027
2020-03-21,0.0
2020-03-22,0.0
2020-03-23,0.0
2020-03-24,0.0
2020-03-25,0.0
2020-03-26,0.4744090139865875
2020-03-27,0.19692286849021912
2020-03-28,0.08109235018491745
2020-03-29,0.08109235018491745
2020-03-30,0.10317903757095337
2020-03-31,1.0095208883285522
2020-04-01,0.0
2020-04-02,0.05395125597715378
2020-04-03,0.19260704517364502
2020-04-04,0.0
2020-04-05,0.4548080265522003
2020-04-06,0.0
2020-04-07,0.0
2020-04-08,0.0
2020-04-09,0.0
2020-04-10,0.0
2020-04-11,0.0
2020-04-12,0.0
2020-04-13,0.0
2020-04-14,0.0
2020-04-15,0.0
2020-04-16,0.0
2020-04-17,0.0
2020-04-18,0.0
2020-04-19,0.0
2020-04-20,0.0
2020-04-21,0.0
2020-04-22,0.0
2020-04-23,0.0
2020-04-24,0.0
2020-04-25,0.0
2020-04-26,1.0620558261871338
2020-04-27,0.3982709050178528
2020-04-28,0.3982709050178528
2020-04-29,0.3982709050178528
2020-04-30,0.3982709050178528
2020-05-01,0.0
2020-05-02,0.0
2020-05-03,9.970447540283203
2020-05-04,3.0493507385253906
2020-05-05,1.8148809671401978
2020-05-06,0.0
2020-05-07,0.0
2020-05-08,0.0
2020-05-09,0.0
2020-05-10,0.0
2020-05-11,0.0
2020-05-12,0.0
2020-05-13,0.0
2020-05-14,0.0
2020-05-15,0.0
2020-05-16,0.0
2020-05-17,0.0
2020-05-18,0.0
2020-05-19,0.0
2020-05-20,0.0
2020-05-21,0.0
2020-05-22,0.0
2020-05-23,0.0
2020-05-24,0.0
2020-05-25,0.0
2020-05-26,0.0
2020-05-27,0.0
2020-05-28,0.0
2020-05-29,0.0
2020-05-30,0.0
2020-05-31,0.0
2020-06-01,0.0
2020-06-02,0.0
2020-06-03,0.0
2020-06-04,0.0
2020-06-05,0.0
2020-06-06,0.0
2020-06-07,0.0
2020-06-08,0.0
2020-06-09,0.0
2020-06-10,0.0
2020-06-11,0.0
2020-06-12,0.0
2020-06-13,0.0
2020-06-14,0.0
2020-06-15,0.0
2020-06-16,0.0
2020-06-17,0.0
2020-06-18,0.0
2020-06-19,0.0
2020-06-20,0.0
2020-06-21,0.0
2020-06-22,0.0
2020-06-23,0.0
2020-06-24,0.0
2020-06-25,0.0
2020-06-26,0.0
2020-06-27,0.0
2020-06-28,0.0
2020-06-29,0.0
2020-06-30,0.0
2020-07-01,0.0
2020-07-02,0.0
2020-07-03,0.0
2020-07-04,0.0
2020-07-05,0.0
2020-07-06,0.0
2020-07-07,0.0
2020-07-08,0.0
2020-07-09,0.0
2020-07-10,0.0
2020-07-11,0.0
2020-07-12,0.0
2020-07-13,0.0
2020-07-14,0.0
2020-07-15,0.0
2020-07-16,0.0
2020-07-17,0.0
2020-07-18,0.0
2020-07-19,0.0
2020-07-20,0.0
2020-07-21,0.0
2020-07-22,0.0
2020-07-23,0.0
2020-07-24,0.0
2020-07-25,0.0
2020-07-26,0.0
2020-07-27,0.0
2020-07-28,0.0
2020-07-29,0.0
2020-07-30,0.0
2020-07-31,0.0
2020-08-01,0.0
2020-08-02,0.0
2020-08-03,0.0
2020-08-04,0.0
2020-08-05,0.0
2020-08-06,0.0
2020-08-07,0.0
2020-08-08,0.0
2020-08-09,0.0
2020-08-10,0.0
2020-08-11,0.34080004692077637
2020-08-12,0.1083039864897728
2020-08-13,0.0
2020-08-14,0.0
2020-08-15,0.0
2020-08-16,0.006232691463083029
2020-08-17,0.0012289840960875154
2020-08-18,0.003687190357595682
2020-08-19,0.047532036900520325
2020-08-20,0.05030215159058571
2020-08-21,0.26092836260795593
2020-08-22,13.472451210021973
2020-08-23,0.029688619077205658
2020-08-24,0.0
2020-08-25,0.10821978747844696
2020-08-26,0.039921652525663376
2020-08-27,0.039921652525663376
2020-08-28,0.039921652525663376
2020-08-29,0.039921652525663376
2020-08-30,0.039921652525663376
2020-08-31,0.11976495385169983
2020-09-01,1.9146645069122314
2020-09-02,0.11966653168201447
2020-09-03,0.11966653168201447
2020-09-04,0.11966653168201447
2020-09-05,0.11966653168201447
2020-09-06,3.3071892261505127
2020-09-07,8.67074966430664
2020-09-08,0.0
2020-09-09,3.037785530090332
2020-09-10,0.0
2020-09-11,0.0
2020-09-12,0.0
2020-09-13,0.0
2020-09-14,0.0
2020-09-15,0.0
2020-09-16,0.0
2020-09-17,0.0
2020-09-18,0.0
2020-09-19,0.0
2020-09-20,0.0
2020-09-21,0.0
2020-09-22,0.0
2020-09-23,0.0
2020-09-24,0.0
2020-09-25,0.0
2020-09-26,0.0
2020-09-27,0.0
2020-09-28,0.0
2020-09-29,0.0
2020-09-30,0.0
2020-10-01,0.0
2020-10-02,0.0
2020-10-03,0.0
2020-10-04,0.0
2020-10-05,0.0
2020-10-06,0.0
2020-10-07,0.2477797120809555
2020-10-08,0.13732369244098663
2020-10-09,0.7352126836776733
2020-10-10,2.0918643474578857
2020-10-11,0.014748784713447094
2020-10-12,3.373020887374878
2020-10-13,0.022123174741864204
2020-10-14,2.4418251514434814
2020-10-15,7.422187805175781
2020-10-16,0.6159012913703918
2020-10-17,4.747792720794678
2020-10-18,3.267199993133545
2020-10-19,0.5412158966064453
2020-10-20,2.172579050064087
2020-10-21,0.01457911916077137
2020-10-22,4.455790996551514
2020-10-23,0.44403040409088135
2020-10-24,0.38381025195121765
2020-10-25,0.0034998536575585604
2020-10-26,0.0
2020-10-27,0.0
2020-10-28,0.0
2020-10-29,0.0
2020-10-30,0.0
2020-10-31,0.0
2020-11-01,0.0
2020-11-02,0.0
2020-11-03,0.0
2020-11-04,0.0
2020-11-05,0.0
2020-11-06,0.0
2020-11-07,0.0
2020-11-08,0.0
2020-11-09,0.0
2020-11-10,0.0
2020-11-11,2.5605907440185547
2020-11-12,0.06018062308430672
2020-11-13,6.8004608154296875
2020-11-14,0.7292336821556091
2020-11-15,0.12036124616861343
2020-11-16,0.0
2020-11-17,0.0
2020-11-18,0.0
2020-11-19,0.0
2020-11-20,0.0
2020-11-21,0.0
2020-11-22,0.0
2020-11-23,0.0
2020-11-24,0.0
2020-11-25,2.169830322265625
2020-11-26,2.8264060020446777
2020-11-27,11.367355346679688
2020-11-28,0.0
2020-11-29,0.0
2020-11-30,5.578067302703857
2020-12-01,0.9952980875968933
2020-12-02,0.0
2020-12-03,0.0
2020-12-04,0.0
2020-12-05,20.901260375976562
2020-12-06,0.0
2020-12-07,0.0
2020-12-08,0.0
2020-12-09,0.0
2020-12-10,0.0
2020-12-11,0.44945618510246277
2020-12-12,0.44945618510246277
2020-12-13,3.270376443862915
2020-12-14,4.370378017425537
2020-12-15,0.44945618510246277
2020-12-16,0.09963344782590866
2020-12-17,0.0
2020-12-18,0.0
2020-12-19,4.818370819091797
2020-12-20,15.168608665466309
2020-12-21,0.748512327671051
2020-12-22,0.0
2020-12-23,0.0
2020-12-24,0.8483139872550964
2020-12-25,18.76270866394043
2020-12-26,22.375442504882812
2020-12-27,0.383934885263443
2020-12-28,0.0
2020-12-29,0.0
2020-12-30,3.440526008605957
2020-12-31,0.8451882600784302
2021-01-01,0.0
2021-01-02,0.0
2021-01-03,0.03934469446539879
2021-01-04,15.938010215759277
2021-01-05,4.356296062469482
2021-01-06,2.010272979736328
2021-01-07,0.2825400233268738
2021-01-08,9.372790336608887
2021-01-09,5.178110599517822
2021-01-10,10.291420936584473
2021-01-11,0.42228126525878906
2021-01-12,16.83565902709961
2021-01-13,9.227350234985352
2021-01-14,8.062868118286133
2021-01-15,8.018064498901367
2021-01-16,0.0
2021-01-17,41.52048873901367
2021-01-18,0.15387575328350067
2021-01-19,0.0
2021-01-20,0.0
2021-01-21,0.0
2021-01-22,0.0
2021-01-23,0.1802375167608261
2021-01-24,0.2253599613904953
2021-01-25,15.218202590942383
2021-01-26,0.37286126613616943
2021-01-27,14.184832572937012
2021-01-28,0.18540388345718384
2021-01-29,0.0
2021-01-30,0.005935647524893284
2021-01-31,1.2534712553024292
2021-02-01,0.0
2021-02-02,0.4014941453933716
2021-02-03,32.1639518737793
2021-02-04,0.0
2021-02-05,0.0
2021-02-06,0.0
2021-02-07,0.3854452073574066
2021-02-08,10.051360130310059
2021-02-09,12.420096397399902
2021-02-10,0.5781678557395935
2021-02-11,0.0
2021-02-12,0.0
2021-02-13,0.0
2021-02-14,0.0
2021-02-15,27.066640853881836
2021-02-16,0.08947616815567017
2021-02-17,11.650328636169434
2021-02-18,1.0624867677688599
2021-02-19,0.08107706159353256
2021-02-20,1.975846529006958
2021-02-21,0.0
2021-02-22,3.6727962493896484
2021-02-23,0.7273969650268555
2021-02-24,0.0
2021-02-25,6.555661201477051
2021-02-26,29.91105079650879
2021-02-27,0.05085555836558342
2021-02-28,3.2892308235168457
2021-03-01,0.060436755418777466
2021-03-02,0.0748092457652092
2021-03-03,0.0
2021-03-04,0.011978622525930405
2021-03-05,0.9981268048286438
2021-03-06,0.0
2021-03-07,0.0
2021-03-08,0.0
2021-03-09,0.0
2021-03-10,0.0
2021-03-11,14.695677757263184
2021-03-12,0.04288105294108391
2021-03-13,0.0
2021-03-14,0.280437707901001
2021-03-15,0.0
2021-03-16,6.807404518127441
2021-03-17,41.704254150390625
2021-03-18,11.23116397857666
2021-03-19,0.12755149602890015
2021-03-20,0.0
2021-03-21,0.0
2021-03-22,0.0
2021-03-23,0.0
2021-03-24,0.0
2021-03-25,0.0
2021-03-26,5.20411491394043
2021-03-27,8.68942928314209
2021-03-28,10.11215591430664
2021-03-29,0.3927634358406067
2021-03-30,0.11390138417482376
2021-03-31,9.658052444458008
2021-04-01,2.2903621196746826
2021-04-02,0.0
2021-04-03,0.0
2021-04-04,3.887869119644165
2021-04-05,7.276544094085693
2021-04-06,0.06902088969945908
2021-04-07,0.06902088969945908
2021-04-08,0.06902088969945908
2021-04-09,0.06902088969945908
2021-04-10,1.1043342351913452
2021-04-11,0.4603075385093689
2021-04-12,0.9547160267829895
2021-04-13,0.1879362314939499
2021-04-14,1.9678285121917725
2021-04-15,0.1879362314939499
2021-04-16,0.0
2021-04-17,0.0
2021-04-18,0.0
2021-04-19,0.0
2021-04-20,0.0
2021-04-21,0.0
2021-04-22,0.0
2021-04-23,0.0
2021-04-24,0.0
2021-04-25,0.0
2021-04-26,0.0
2021-04-27,0.0
2021-04-28,0.0
2021-04-29,0.0
2021-04-30,0.0
2021-05-01,0.0
2021-05-02,0.0
2021-05-03,0.0
2021-05-04,0.0
2021-05-05,0.0
2021-05-06,0.0
2021-05-07,0.0
2021-05-08,0.0
2021-05-09,0.0
2021-05-10,0.0
2021-05-11,0.0
2021-05-12,0.0
2021-05-13,0.0
2021-05-14,0.0
2021-05-15,0.0
2021-05-16,0.0
2021-05-17,0.0
2021-05-18,0.0
2021-05-19,0.0
2021-05-20,0.0
2021-05-21,0.0
2021-05-22,0.0
2021-05-23,0.0
2021-05-24,0.0
2021-05-25,0.0
2021-05-26,0.0
2021-05-27,0.0
2021-05-28,0.0
2021-05-29,0.0
2021-05-30,0.0
2021-05-31,0.0
2021-06-01,2.8205645084381104
2021-06-02,0.0
2021-06-03,0.0
2021-06-04,0.0
2021-06-05,3.130516529083252
2021-06-06,0.0
2021-06-07,0.0
2021-06-08,0.0
2021-06-09,0.0
2021-06-10,0.0
2021-06-11,0.0
2021-06-12,0.0
2021-06-13,0.0
2021-06-14,0.0
2021-06-15,0.0
2021-06-16,0.3778763711452484
2021-06-17,0.3778763711452484
2021-06-18,0.3778763711452484
2021-06-19,1.007670283317566
2021-06-20,0.3778763711452484
2021-06-21,0.0
2021-06-22,0.0
2021-06-23,0.0
2021-06-24,0.0
2021-06-25,0.0
2021-06-26,0.0
2021-06-27,0.0
2021-06-28,0.0
2021-06-29,0.0
2021-06-30,0.0
2021-07-01,0.0
2021-07-02,0.0
2021-07-03,0.0
2021-07-04,0.0
2021-07-05,0.0
2021-07-06,0.0
2021-07-07,0.0
2021-07-08,0.0
2021-07-09,0.0
2021-07-10,0.0
2021-07-11,0.0
2021-07-12,0.0
2021-07-13,0.0
2021-07-14,0.0
2021-07-15,0.0
2021-07-16,0.0
2021-07-17,0.0
2021-07-18,0.0
2021-07-19,0.0
2021-07-20,0.0
2021-07-21,0.0
2021-07-22,0.0
2021-07-23,0.0
2021-07-24,0.0
2021-07-25,0.0
2021-07-26,0.0
2021-07-27,0.0
2021-07-28,0.0
2021-07-29,0.0
2021-07-30,0.0
2021-07-31,0.0
2021-08-01,0.0
2021-08-02,0.0
2021-08-03,0.0
2021-08-04,0.0
2021-08-05,0.0
2021-08-06,0.0
2021-08-07,0.0
2021-08-08,0.0
2021-08-09,0.0
2021-08-10,0.0
2021-08-11,0.0
2021-08-12,0.0
2021-08-13,0.0
2021-08-14,0.0
2021-08-15,0.0
2021-08-16,0.019429748877882957
2021-08-17,0.019429748877882957
2021-08-18,0.019429748877882957
2021-08-19,0.019429748877882957
2021-08-20,0.019429748877882957
2021-08-21,0.025477314367890358
2021-08-22,0.025477314367890358
2021-08-23,0.025477314367890358
2021-08-24,0.025477314367890358
2021-08-25,0.025477314367890358
2021-08-26,0.0
2021-08-27,0.0
2021-08-28,0.0
2021-08-29,0.0
2021-08-30,0.0
2021-08-31,0.0
2021-09-01,1.0242164134979248
2021-09-02,2.731243848800659
2021-09-03,1.0242164134979248
2021-09-04,1.0242164134979248
2021-09-05,1.0242164134979248
2021-09-06,0.27789124846458435
2021-09-07,0.27789124846458435
2021-09-08,0.7410433292388916
2021-09-09,0.27789124846458435
2021-09-10,0.27789124846458435
2021-09-11,0.06197298318147659
2021-09-12,0.0
2021-09-13,0.0
2021-09-14,0.0
2021-09-15,2.6370134353637695
2021-09-16,0.0
2021-09-17,0.033018067479133606
2021-09-18,0.0
2021-09-19,0.20124302804470062
2021-09-20,5.973134994506836
2021-09-21,9.631400108337402
2021-09-22,1.3857899904251099
2021-09-23,0.525588870048523
2021-09-24,0.24534307420253754
2021-09-25,0.0456196665763855
2021-09-26,0.0
2021-09-27,0.0
2021-09-28,0.0
2021-09-29,0.0
2021-09-30,0.0
2021-10-01,0.0
2021-10-02,0.0
2021-10-03,0.0
2021-10-04,0.0
2021-10-05,0.0
2021-10-06,6.983698844909668
2021-10-07,13.729646682739258
2021-10-08,0.0
2021-10-09,0.05885770916938782
2021-10-10,0.16981598734855652
2021-10-11,0.0
2021-10-12,0.0
2021-10-13,0.0
2021-10-14,0.0
2021-10-15,0.0
2021-10-16,0.0
2021-10-17,0.0
2021-10-18,0.0
2021-10-19,0.0
2021-10-20,0.0
2021-10-21,0.0
2021-10-22,0.0
2021-10-23,0.0
2021-10-24,0.0
2021-10-25,0.0
2021-10-26,0.017322106286883354
2021-10-27,0.009188247844576836
2021-10-28,0.0
2021-10-29,0.0
2021-10-30,2.051085948944092
2021-10-31,0.8017897009849548
2021-11-01,2.0243637561798096
2021-11-02,6.653788089752197
2021-11-03,0.0
2021-11-04,0.270638108253479
2021-11-05,26.57123374938965
2021-11-06,8.730184555053711
2021-11-07,0.4846346378326416
2021-11-08,0.0
2021-11-09,0.0
2021-11-10,7.550038814544678
2021-11-11,0.132751002907753
2021-11-12,0.003998908214271069
2021-11-13,0.0
2021-11-14,6.512894630432129
2021-11-15,13.38818073272705
2021-11-16,0.0
2021-11-17,0.0
2021-11-18,0.0
2021-11-19,0.0
2021-11-20,0.0
2021-11-21,0.0
2021-11-22,0.0
2021-11-23,0.0
2021-11-24,3.0370564460754395
2021-11-25,0.0
2021-11-26,1.0461091995239258
2021-11-27,0.01039072684943676
2021-11-28,9.221593856811523
2021-11-29,1.5545458793640137
2021-11-30,0.0
2021-12-01,0.0
2021-12-02,0.2604551911354065
2021-12-03,2.604139566421509
2021-12-04,5.351522922515869
2021-12-05,14.572487831115723
2021-12-06,1.5755589008331299
2021-12-07,0.0
2021-12-08,1.2727736234664917
2021-12-09,20.827482223510742
2021-12-10,1.1192559003829956
2021-12-11,21.712018966674805
2021-12-12,0.25611767172813416
2021-12-13,0.3265678584575653
2021-12-14,3.222909927368164
2021-12-15,0.014494901522994041
2021-12-16,3.2539734840393066
2021-12-17,0.2482149600982666
2021-12-18,0.755128026008606
2021-12-19,8.566805839538574
2021-12-20,22.018505096435547
2021-12-21,0.2331632822751999
2021-12-22,2.278269052505493
2021-12-23,3.363262176513672
2021-12-24,0.0
2021-12-25,0.5339990854263306
2021-12-26,1.552086353302002
2021-12-27,0.0
2021-12-28,0.2128581702709198
2021-12-29,1.1307554244995117
2021-12-30,0.25566366314888
2021-12-31,0.9853819012641907
2022-01-01,1.0215426683425903
2022-01-02,4.343455791473389
2022-01-03,3.503917932510376
2022-01-04,3.7624099254608154
2022-01-05,13.84734058380127
2022-01-06,0.0
2022-01-07,0.0
2022-01-08,0.05253727734088898
2022-01-09,0.0
2022-01-10,2.5537896156311035
2022-01-11,1.9861853122711182
2022-01-12,0.9559519290924072
2022-01-13,0.08067333698272705
2022-01-14,0.8885724544525146
2022-01-15,0.0
2022-01-16,0.24111491441726685
2022-01-17,14.894672393798828
2022-01-18,3.319247245788574
2022-01-19,0.7438313961029053
2022-01-20,0.009691502898931503
2022-01-21,0.9809393882751465
2022-01-22,5.932348251342773
2022-01-23,9.457923889160156
2022-01-24,2.266636610031128
2022-01-25,0.9809393882751465
2022-01-26,2.4025681018829346
2022-01-27,1.5401268005371094
2022-01-28,0.5117015838623047
2022-01-29,0.0
2022-01-30,0.0
2022-01-31,0.5698076486587524
2022-02-01,8.38280963897705
2022-02-02,0.3984132409095764
2022-02-03,0.0
2022-02-04,21.457748413085938
2022-02-05,0.021383021026849747
2022-02-06,0.17895159125328064
2022-02-07,0.02982526458799839
2022-02-08,0.02982526458799839
2022-02-09,0.02982526458799839
2022-02-10,0.02982526458799839
2022-02-11,1.7052476406097412
2022-02-12,21.74863624572754
2022-02-13,0.1199566051363945
2022-02-14,0.0
2022-02-15,0.20056849718093872
2022-02-16,0.3599485754966736
2022-02-17,10.454204559326172
2022-02-18,1.5100985765457153
2022-02-19,0.0
2022-02-20,15.576284408569336
2022-02-21,18.862924575805664
2022-02-22,14.615555763244629
2022-02-23,0.0
2022-02-24,0.0
2022-02-25,0.356345534324646
2022-02-26,0.2701335847377777
2022-02-27,0.2701335847377777
2022-02-28,1.0805343389511108
2022-03-01,0.5711933970451355
2022-03-02,0.0
2022-03-03,0.0
2022-03-04,0.0
2022-03-05,0.0
2022-03-06,0.0
2022-03-07,0.0
2022-03-08,16.932493209838867
2022-03-09,0.342585951089859
2022-03-10,0.3364223837852478
2022-03-11,0.0
2022-03-12,0.0
2022-03-13,0.0
2022-03-14,0.0
2022-03-15,0.0
2022-03-16,0.0
2022-03-17,0.0
2022-03-18,6.051449298858643
2022-03-19,3.6763646602630615
2022-03-20,0.0
2022-03-21,0.0
2022-03-22,0.0
2022-03-23,0.0
2022-03-24,1.2306405305862427
2022-03-25,15.07986831665039
2022-03-26,2.239637851715088
2022-03-27,0.0
2022-03-28,0.0
2022-03-29,0.0
2022-03-30,0.0
2022-03-31,0.7745065689086914
2022-04-01,0.0
2022-04-02,2.8071341514587402
2022-04-03,1.678478479385376
2022-04-04,7.323007106781006
2022-04-05,0.0
2022-04-06,0.0
2022-04-07,0.0
2022-04-08,9.816193580627441
2022-04-09,0.0
2022-04-10,0.0
2022-04-11,0.0
2022-04-12,0.0
2022-04-13,0.0
2022-04-14,0.0
2022-04-15,0.0
2022-04-16,0.0
2022-04-17,0.0
2022-04-18,0.0
2022-04-19,0.0
2022-04-20,0.0
2022-04-21,0.0
2022-04-22,0.0
2022-04-23,0.0
2022-04-24,0.0
2022-04-25,0.0
2022-04-26,0.0
2022-04-27,0.0
2022-04-28,0.0
2022-04-29,0.0
2022-04-30,0.0
2022-05-01,0.0
2022-05-02,0.0
2022-05-03,0.0
2022-05-04,0.0
2022-05-05,0.0
2022-05-06,0.0
2022-05-07,0.0
2022-05-08,0.0
2022-05-09,0.0
2022-05-10,0.0
2022-05-11,0.0
2022-05-12,0.0
2022-05-13,0.0
2022-05-14,0.0
2022-05-15,0.0
2022-05-16,0.0
2022-05-17,0.0
2022-05-18,0.0
2022-05-19,0.0
2022-05-20,0.0
2022-05-21,0.0
2022-05-22,0.0
2022-05-23,0.0
2022-05-24,0.0
2022-05-25,0.0
2022-05-26,0.0
2022-05-27,0.0
2022-05-28,0.0
2022-05-29,0.0
2022-05-30,0.0
2022-05-31,0.0
2022-06-01,0.0
2022-06-02,0.0
2022-06-03,0.0
2022-06-04,0.0
2022-06-05,0.0
2022-06-06,0.0
2022-06-07,0.0
2022-06-08,0.0
2022-06-09,0.0
2022-06-10,0.0
2022-06-11,0.0
2022-06-12,0.0
2022-06-13,0.0
2022-06-14,0.0
2022-06-15,0.0
2022-06-16,0.0
2022-06-17,0.0
2022-06-18,0.0
2022-06-19,0.0
2022-06-20,0.0
2022-06-21,0.0
2022-06-22,0.0
2022-06-23,0.0
2022-06-24,0.0
2022-06-25,0.0
2022-06-26,0.0
2022-06-27,0.0
2022-06-28,0.0
2022-06-29,0.0
2022-06-30,0.0
2022-07-01,0.0
2022-07-02,0.0
2022-07-03,0.0
2022-07-04,0.0
2022-07-05,0.0
2022-07-06,0.0
2022-07-07,0.0
2022-07-08,0.0
2022-07-09,0.0
2022-07-10,0.0
2022-07-11,0.0
2022-07-12,0.0
2022-07-13,0.0
2022-07-14,0.0
2022-07-15,2.5955564975738525
2022-07-16,0.0
2022-07-17,0.0
2022-07-18,0.0
2022-07-19,0.0
2022-07-20,0.0
2022-07-21,0.0
2022-07-22,0.0
2022-07-23,0.0
2022-07-24,0.0
2022-07-25,0.0
2022-07-26,0.0
2022-07-27,0.0
2022-07-28,0.0
2022-07-29,0.0
2022-07-30,0.0
2022-07-31,0.0
2022-08-01,0.0
2022-08-02,0.0
2022-08-03,0.0
2022-08-04,0.0
2022-08-05,0.0
2022-08-06,0.0
2022-08-07,0.0
2022-08-08,0.0
2022-08-09,0.0
2022-08-10,0.0
2022-08-11,0.0
2022-08-12,0.0
2022-08-13,0.0
2022-08-14,0.0
2022-08-15,0.0
2022-08-16,0.0449247881770134
2022-08-17,0.0449247881770134
2022-08-18,0.0449247881770134
2022-08-19,0.0449247881770134
2022-08-20,0.11979943513870239
2022-08-21,0.020286930724978447
2022-08-22,0.05409848317503929
2022-08-23,0.020286930724978447
2022-08-24,0.020286930724978447
2022-08-25,0.020286930724978447
2022-08-26,0.0
2022-08-27,0.0
2022-08-28,0.0
2022-08-29,0.0
2022-08-30,0.0
2022-08-31,0.0
2022-09-01,0.005938434973359108
2022-09-02,0.005938434973359108
2022-09-03,0.005938434973359108
2022-09-04,0.005938434973359108
2022-09-05,0.005938434973359108
2022-09-06,0.0
2022-09-07,0.0
2022-09-08,0.0
2022-09-09,0.0
2022-09-10,0.0
2022-09-11,0.0
2022-09-12,0.0
2022-09-13,1.4130299091339111
2022-09-14,4.692330360412598
2022-09-15,0.0
2022-09-16,0.0
2022-09-17,0.0
2022-09-18,0.0
2022-09-19,0.0
2022-09-20,0.0
2022-09-21,0.0
2022-09-22,0.7707728147506714
2022-09-23,0.0
2022-09-24,0.42961108684539795
2022-09-25,0.23165303468704224
2022-09-26,0.0
2022-09-27,0.0
2022-09-28,0.0
2022-09-29,0.0
2022-09-30,0.0
2022-10-01,0.0
2022-10-02,0.0
2022-10-03,0.0
2022-10-04,0.0
2022-10-05,0.0
2022-10-06,0.0
2022-10-07,0.0
2022-10-08,0.0
2022-10-09,0.0
2022-10-10,0.0
2022-10-11,0.0
2022-10-12,0.0
2022-10-13,0.0
2022-10-14,0.0
2022-10-15,0.0
2022-10-16,0.0
2022-10-17,0.0
2022-10-18,0.0
2022-10-19,0.0
2022-10-20,0.0
2022-10-21,0.0
2022-10-22,0.0
2022-10-23,0.0
2022-10-24,0.0
2022-10-25,0.0
2022-10-26,0.0
2022-10-27,0.0
2022-10-28,0.038565631955862045
2022-10-29,0.0
2022-10-30,0.06926008313894272
2022-10-31,2.90333890914917
2022-11-01,0.0
2022-11-02,0.0
2022-11-03,0.0
2022-11-04,0.0
2022-11-05,0.0
2022-11-06,0.0
2022-11-07,0.0
2022-11-08,0.0
2022-11-09,0.0
2022-11-10,0.0
2022-11-11,0.0
2022-11-12,0.0
2022-11-13,0.0
2022-11-14,0.0
2022-11-15,0.0
2022-11-16,0.0
2022-11-17,0.0
2022-11-18,0.2372279167175293
2022-11-19,1.1093595027923584
2022-11-20,2.7372934818267822
2022-11-21,4.50735330581665
2022-11-22,0.5104409456253052
2022-11-23,0.005676237400621176
2022-11-24,0.0
2022-11-25,0.0
2022-11-26,0.0314972959458828
2022-11-27,0.0
2022-11-28,0.0
2022-11-29,0.09877984970808029
2022-11-30,6.457907676696777
2022-12-01,0.0
2022-12-02,0.0
2022-12-03,0.0
2022-12-04,0.0
2022-12-05,0.0
2022-12-06,1.143144130706787
2022-12-07,0.2864215075969696
2022-12-08,0.0
2022-12-09,1.3031021356582642
2022-12-10,10.568241119384766
2022-12-11,14.30762004852295
2022-12-12,0.6953669190406799
2022-12-13,10.848702430725098
2022-12-14,0.2084844708442688
2022-12-15,0.0
2022-12-16,0.0
2022-12-17,0.21941886842250824
2022-12-18,1.7126445770263672
2022-12-19,0.3101919889450073
2022-12-20,0.2310422658920288
2022-12-21,0.8023710250854492
2022-12-22,0.1776672750711441
2022-12-23,0.45744088292121887
2022-12-24,0.0
2022-12-25,0.0
2022-12-26,0.0
2022-12-27,0.0
2022-12-28,0.2349250763654709
2022-12-29,0.0
2022-12-30,0.005400436464697123
2022-12-31,0.0003796611854340881
2023-01-01,0.19327956438064575
2023-01-02,15.065688133239746
2023-01-03,0.09686613082885742
2023-01-04,8.36785888671875
2023-01-05,0.0
2023-01-06,0.0
2023-01-07,0.0
2023-01-08,0.0
2023-01-09,0.0
2023-01-10,0.0
2023-01-11,2.8676352500915527
2023-01-12,18.98382568359375
2023-01-13,1.3408228158950806
2023-01-14,15.836681365966797
2023-01-15,0.0
2023-01-16,0.0
2023-01-17,0.03399723395705223
2023-01-18,1.0186476707458496
2023-01-19,10.532973289489746
2023-01-20,0.09431982785463333
2023-01-21,0.0
2023-01-22,1.1901487112045288
2023-01-23,19.793947219848633
2023-01-24,1.979892373085022
2023-01-25,0.9815958142280579
2023-01-26,0.5790203809738159
2023-01-27,0.0
2023-01-28,0.04580064117908478
2023-01-29,37.88396072387695
2023-01-30,0.0
2023-01-31,2.0297560691833496
2023-02-01,0.0006439993157982826
2023-02-02,0.0
2023-02-03,0.47650471329689026
2023-02-04,0.3689434230327606
2023-02-05,0.05482903867959976
2023-02-06,1.7458540201187134
2023-02-07,24.4044246673584
2023-02-08,1.979021430015564
2023-02-09,6.108874320983887
2023-02-10,1.9597959518432617
2023-02-11,0.09803055226802826
2023-02-12,17.141220092773438
2023-02-13,0.4235469400882721
2023-02-14,0.2191271185874939
2023-02-15,2.0471084117889404
2023-02-16,15.161940574645996
2023-02-17,11.009567260742188
2023-02-18,0.0
2023-02-19,0.0
2023-02-20,0.0
2023-02-21,0.0
2023-02-22,0.0
2023-02-23,2.6696553230285645
2023-02-24,20.30921173095703
2023-02-25,2.5212597846984863
2023-02-26,20.166887283325195
2023-02-27,0.0
2023-02-28,0.0
2023-03-01,0.0
2023-03-02,7.180918216705322
2023-03-03,0.01078385952860117
2023-03-04,0.0
2023-03-05,0.0
2023-03-06,1.4986095428466797
2023-03-07,26.220518112182617
2023-03-08,0.0
2023-03-09,12.360851287841797
2023-03-10,0.0
2023-03-11,0.28328242897987366
2023-03-12,0.0
2023-03-13,2.9009904861450195
2023-03-14,2.5250403881073
2023-03-15,0.7428804636001587
2023-03-16,0.0
2023-03-17,0.0
2023-03-18,0.0
2023-03-19,0.0
2023-03-20,2.3166558742523193
2023-03-21,0.0
2023-03-22,0.0
2023-03-23,0.0
2023-03-24,0.0
2023-03-25,0.0
2023-03-26,8.089764595031738
2023-03-27,0.0
2023-03-28,0.0
2023-03-29,0.6048235893249512
2023-03-30,39.76666259765625
2023-03-31,0.3924008905887604
2023-04-01,0.18841522932052612
2023-04-02,0.0
2023-04-03,0.013172491453588009
2023-04-04,0.0
2023-04-05,10.25875473022461
2023-04-06,0.0
2023-04-07,0.0
2023-04-08,0.0
2023-04-09,0.0
2023-04-10,0.0
2023-04-11,0.0
2023-04-12,0.0
2023-04-13,0.0
2023-04-14,0.0
2023-04-15,0.0
2023-04-16,0.0
2023-04-17,0.0
2023-04-18,0.0
2023-04-19,0.0
2023-04-20,0.0
2023-04-21,0.0
2023-04-22,0.0
2023-04-23,0.0
2023-04-24,0.0
2023-04-25,0.0
2023-04-26,0.0
2023-04-27,0.0
2023-04-28,0.0
2023-04-29,0.0
2023-04-30,0.0
2023-05-01,0.0
2023-05-02,0.0
2023-05-03,0.0
2023-05-04,0.04697730392217636
2023-05-05,20.816444396972656
2023-05-06,14.376770973205566
2023-05-07,0.6181839108467102
2023-05-08,0.35634031891822815
2023-05-09,4.909952640533447
2023-05-10,0.0
2023-05-11,0.0
2023-05-12,0.0
2023-05-13,0.0
2023-05-14,0.0
2023-05-15,0.0
2023-05-16,0.0
2023-05-17,0.0
2023-05-18,0.0
2023-05-19,0.0
2023-05-20,0.0
2023-05-21,0.0
2023-05-22,0.0
2023-05-23,0.0
2023-05-24,0.0
2023-05-25,0.0
2023-05-26,0.0
2023-05-27,0.42003333568573
2023-05-28,4.869373321533203
2023-05-29,0.0
2023-05-30,0.0
2023-05-31,0.0
2023-06-01,0.0
2023-06-02,0.0
2023-06-03,0.0
2023-06-04,0.0
2023-06-05,0.0
2023-06-06,0.0
2023-06-07,0.0
2023-06-08,0.0
2023-06-09,0.0
2023-06-10,0.0
2023-06-11,0.0
2023-06-12,0.0
2023-06-13,0.0
2023-06-14,0.0
2023-06-15,0.0
2023-06-16,0.0
2023-06-17,0.0
2023-06-18,0.0
2023-06-19,0.0
2023-06-20,0.0
2023-06-21,0.0
2023-06-22,0.0
2023-06-23,0.0
2023-06-24,0.0
2023-06-25,0.0
2023-06-26,0.0
2023-06-27,0.0
2023-06-28,0.0
2023-06-29,0.0
2023-06-30,0.0
2023-07-01,0.0
2023-07-02,0.0
2023-07-03,0.0
2023-07-04,0.0
2023-07-05,0.0
2023-07-06,0.0
2023-07-07,0.0
2023-07-08,0.0
2023-07-09,0.0
2023-07-10,0.0
2023-07-11,0.0
2023-07-12,0.0
2023-07-13,0.0
2023-07-14,0.0
2023-07-15,0.0
2023-07-16,0.0
2023-07-17,0.0
2023-07-18,0.0
2023-07-19,0.0
2023-07-20,0.0
2023-07-21,0.0
2023-07-22,0.0
2023-07-23,0.0
2023-07-24,0.0
2023-07-25,0.0
2023-07-26,0.0
2023-07-27,0.0
2023-07-28,0.0
2023-07-29,0.0
2023-07-30,0.0
2023-07-31,0.0
2023-08-01,0.0
2023-08-02,0.0
2023-08-03,0.0
2023-08-04,0.0
2023-08-05,0.0
2023-08-06,0.0
2023-08-07,0.0
2023-08-08,0.0
2023-08-09,0.0
2023-08-10,0.0
2023-08-11,0.0
2023-08-12,13.45385456085205
2023-08-13,8.374524116516113
2023-08-14,0.0
2023-08-15,0.0
2023-08-16,0.0321277491748333
2023-08-17,0.0321277491748333
2023-08-18,0.0321277491748333
2023-08-19,0.0321277491748333
2023-08-20,0.0321277491748333
2023-08-21,0.022648023441433907
2023-08-22,0.022648023441433907
2023-08-23,0.06039473041892052
2023-08-24,0.022648023441433907
2023-08-25,0.022648023441433907
2023-08-26,0.0
2023-08-27,0.0
2023-08-28,0.0
2023-08-29,0.0
2023-08-30,0.0
2023-08-31,0.0
2023-09-01,10.543042182922363
2023-09-02,0.07139439135789871
2023-09-03,0.05049685016274452
2023-09-04,0.0
2023-09-05,0.0
2023-09-06,0.33510932326316833
2023-09-07,2.0106558799743652
2023-09-08,0.33510932326316833
2023-09-09,0.33510932326316833
2023-09-10,0.33510932326316833
2023-09-11,0.0
2023-09-12,0.9012644290924072
2023-09-13,0.0
2023-09-14,0.0
2023-09-15,0.0
2023-09-16,0.0
2023-09-17,0.0
2023-09-18,0.0
2023-09-19,0.0
2023-09-20,0.0
2023-09-21,0.0
2023-09-22,0.0
2023-09-23,0.0
2023-09-24,0.0
2023-09-25,0.0
2023-09-26,0.0
2023-09-27,0.0
2023-09-28,0.0
2023-09-29,0.0
2023-09-30,0.0
2023-10-01,0.0
2023-10-02,0.0
2023-10-03,0.0
2023-10-04,0.0
2023-10-05,0.0
2023-10-06,0.0
2023-10-07,0.0
2023-10-08,0.0
2023-10-09,0.0
2023-10-10,0.0
2023-10-11,0.0
2023-10-12,0.0
2023-10-13,0.0
2023-10-14,0.0
2023-10-15,0.0
2023-10-16,0.04479410871863365
2023-10-17,4.1384782791137695
2023-10-18,0.0
2023-10-19,0.07986970245838165
2023-10-20,0.16317962110042572
2023-10-21,0.16715885698795319
2023-10-22,0.0
2023-10-23,0.0002604014298412949
2023-10-24,5.4176530838012695
2023-10-25,0.35207974910736084
2023-10-26,0.0
2023-10-27,0.0
2023-10-28,0.0
2023-10-29,0.0
2023-10-30,0.0
2023-10-31,0.0
2023-11-01,0.0
2023-11-02,0.0
2023-11-03,0.0
2023-11-04,0.0
2023-11-05,0.0
2023-11-06,0.08754568547010422
2023-11-07,0.08754568547010422
2023-11-08,0.08754568547010422
2023-11-09,0.08754568547010422
2023-11-10,0.08754568547010422
2023-11-11,0.0
2023-11-12,2.8829240798950195
2023-11-13,7.392199516296387
2023-11-14,0.0
2023-11-15,0.0
2023-11-16,0.0
2023-11-17,0.0
2023-11-18,0.0
2023-11-19,3.1767072677612305
2023-11-20,0.0
2023-11-21,3.0192432403564453
2023-11-22,0.733720064163208
2023-11-23,0.654106616973877
2023-11-24,5.550516128540039
2023-11-25,0.1758967489004135
2023-11-26,0.0
2023-11-27,4.81345272064209
2023-11-28,3.228583335876465
2023-11-29,0.11088496446609497
2023-11-30,4.0649847984313965
2023-12-01,10.470929145812988
2023-12-02,9.279797554016113
2023-12-03,2.212989568710327
2023-12-04,1.0675703287124634
2023-12-05,0.0
2023-12-06,0.0
2023-12-07,0.0
2023-12-08,2.3932814598083496
2023-12-09,0.0
2023-12-10,0.16553586721420288
2023-12-11,1.0794930458068848
2023-12-12,0.0
2023-12-13,2.4092965126037598
2023-12-14,0.21566084027290344
2023-12-15,27.984542846679688
2023-12-16,0.0
2023-12-17,0.0
2023-12-18,5.045467853546143
2023-12-19,14.968866348266602
2023-12-20,0.0
2023-12-21,0.0
2023-12-22,0.0
2023-12-23,0.815669059753418
2023-12-24,0.41157615184783936
2023-12-25,10.73590087890625
2023-12-26,9.769732475280762
2023-12-27,0.0
2023-12-28,0.0
2023-12-29,2.6279990673065186
2023-12-30,9.21506118774414
2023-12-31,1.8182631731033325
