fecha,Precipitacion
1998-01-01,0.024223288521170616
1998-01-02,8.182514190673828
1998-01-03,5.832320213317871
1998-01-04,0.39802244305610657
1998-01-05,0.0
1998-01-06,7.448389053344727
1998-01-07,11.733357429504395
1998-01-08,6.336669445037842
1998-01-09,0.4158633053302765
1998-01-10,0.001552671892568469
1998-01-11,0.03615814074873924
1998-01-12,0.6465279459953308
1998-01-13,37.213443756103516
1998-01-14,0.18723434209823608
1998-01-15,0.0
1998-01-16,0.8165060877799988
1998-01-17,0.0
1998-01-18,4.750044822692871
1998-01-19,13.283027648925781
1998-01-20,13.217123985290527
1998-01-21,0.025211943313479424
1998-01-22,0.022644318640232086
1998-01-23,13.29376220703125
1998-01-24,2.789656639099121
1998-01-25,24.583208084106445
1998-01-26,1.4814317226409912
1998-01-27,10.391407012939453
1998-01-28,2.2789270877838135
1998-01-29,9.427083969116211
1998-01-30,0.5832003355026245
1998-01-31,4.776482582092285
1998-02-01,8.494128227233887
1998-02-02,0.5184985399246216
1998-02-03,0.409138023853302
1998-02-04,0.975801944732666
1998-02-05,0.21796731650829315
1998-02-06,4.981348037719727
1998-02-07,1.5208607912063599
1998-02-08,0.8899064660072327
1998-02-09,35.44198226928711
1998-02-10,1.76687753200531
1998-02-11,21.392505645751953
1998-02-12,0.09693431854248047
1998-02-13,0.26768967509269714
1998-02-14,0.1734747290611267
1998-02-15,0.24546268582344055
1998-02-16,0.14171701669692993
1998-02-17,0.0
1998-02-18,0.8599209189414978
1998-02-19,39.8793830871582
1998-02-20,3.8333966732025146
1998-02-21,2.241276502609253
1998-02-22,20.600629806518555
1998-02-23,18.99750518798828
1998-02-24,0.30356961488723755
1998-02-25,9.212347984313965
1998-02-26,30.202116012573242
1998-02-27,3.6076505184173584
1998-02-28,37.26246643066406
1998-03-01,0.10976260900497437
1998-03-02,0.20879076421260834
1998-03-03,0.0
1998-03-04,1.3288042545318604
1998-03-05,0.027893714606761932
1998-03-06,0.6898027062416077
1998-03-07,0.7048501968383789
1998-03-08,62.984771728515625
1998-03-09,0.0
1998-03-10,0.23384779691696167
1998-03-11,36.04631423950195
1998-03-12,4.417118072509766
1998-03-13,1.2524139881134033
1998-03-14,0.4883200526237488
1998-03-15,10.04626750946045
1998-03-16,5.9723801612854
1998-03-17,0.5894061326980591
1998-03-18,0.49946919083595276
1998-03-19,35.84233093261719
1998-03-20,2.12480092048645
1998-03-21,0.034188803285360336
1998-03-22,0.0
1998-03-23,0.0
1998-03-24,1.1775236129760742
1998-03-25,14.231403350830078
1998-03-26,30.341697692871094
1998-03-27,0.0
1998-03-28,0.4306538701057434
1998-03-29,2.102313280105591
1998-03-30,2.962897300720215
1998-03-31,4.3720703125
1998-04-01,9.540980339050293
1998-04-02,11.96863079071045
1998-04-03,0.07441484928131104
1998-04-04,0.0
1998-04-05,0.0
1998-04-06,4.999679088592529
1998-04-07,17.951702117919922
1998-04-08,0.0
1998-04-09,0.0
1998-04-10,0.0
1998-04-11,0.0
1998-04-12,0.0
1998-04-13,0.0
1998-04-14,0.0
1998-04-15,0.0
1998-04-16,8.641633033752441
1998-04-17,25.88263511657715
1998-04-18,0.4890576899051666
1998-04-19,0.0
1998-04-20,0.0
1998-04-21,0.0
1998-04-22,0.0
1998-04-23,0.0
1998-04-24,0.0
1998-04-25,0.0
1998-04-26,1.204878807067871
1998-04-27,0.10123460739850998
1998-04-28,4.270634651184082
1998-04-29,2.1245622634887695
1998-04-30,0.0
1998-05-01,0.0
1998-05-02,0.0
1998-05-03,8.520068168640137
1998-05-04,0.0
1998-05-05,0.0
1998-05-06,0.30327436327934265
1998-05-07,2.766580581665039
1998-05-08,0.30327436327934265
1998-05-09,0.30327436327934265
1998-05-10,2.3890838623046875
1998-05-11,4.54607629776001
1998-05-12,19.015071868896484
1998-05-13,5.186082363128662
1998-05-14,42.34416961669922
1998-05-15,33.38676452636719
1998-05-16,3.5409247875213623
1998-05-17,0.10934917628765106
1998-05-18,0.0
1998-05-19,0.0
1998-05-20,0.0
1998-05-21,0.8085571527481079
1998-05-22,0.8085571527481079
1998-05-23,0.8085571527481079
1998-05-24,0.8085571527481079
1998-05-25,2.1561524868011475
1998-05-26,0.5101098418235779
1998-05-27,4.0455780029296875
1998-05-28,0.4676485061645508
1998-05-29,5.294753551483154
1998-05-30,4.6225152015686035
1998-05-31,0.6229710578918457
1998-06-01,0.1525615155696869
1998-06-02,0.40683069825172424
1998-06-03,0.1525615155696869
1998-06-04,0.1525615155696869
1998-06-05,0.1525615155696869
1998-06-06,0.0
1998-06-07,0.0
1998-06-08,0.0
1998-06-09,0.0
1998-06-10,10.249433517456055
1998-06-11,9.173969268798828
1998-06-12,2.2397217750549316
1998-06-13,0.0
1998-06-14,0.0
1998-06-15,1.9602590799331665
1998-06-16,7.999024868011475
1998-06-17,0.0
1998-06-18,0.0
1998-06-19,2.5843005180358887
1998-06-20,0.0
1998-06-21,0.0
1998-06-22,0.0
1998-06-23,1.4838775396347046
1998-06-24,0.5559636950492859
1998-06-25,9.670145034790039
1998-06-26,3.346954107284546
1998-06-27,2.0937130451202393
1998-06-28,0.2653299868106842
1998-06-29,0.0
1998-06-30,0.0
1998-07-01,0.6469766497612
1998-07-02,0.6469766497612
1998-07-03,0.6469766497612
1998-07-04,0.6469766497612
1998-07-05,0.6469766497612
1998-07-06,0.0
1998-07-07,0.0
1998-07-08,0.0
1998-07-09,13.926718711853027
1998-07-10,0.2127087563276291
1998-07-11,0.08627524971961975
1998-07-12,0.5793741345405579
1998-07-13,0.6806538105010986
1998-07-14,0.0
1998-07-15,0.0
1998-07-16,0.0
1998-07-17,0.0
1998-07-18,0.0
1998-07-19,3.8752927780151367
1998-07-20,0.0
1998-07-21,1.389727234840393
1998-07-22,1.389727234840393
1998-07-23,1.389727234840393
1998-07-24,1.389727234840393
1998-07-25,3.7059390544891357
1998-07-26,0.037537842988967896
1998-07-27,0.037537842988967896
1998-07-28,0.037537842988967896
1998-07-29,0.037537842988967896
1998-07-30,0.037537842988967896
1998-07-31,0.26276490092277527
1998-08-01,0.129942387342453
1998-08-02,0.0
1998-08-03,0.0
1998-08-04,0.03270955756306648
1998-08-05,0.020468905568122864
1998-08-06,0.6305860280990601
1998-08-07,0.0
1998-08-08,0.9061279892921448
1998-08-09,6.671698093414307
1998-08-10,0.0
1998-08-11,0.029706332832574844
1998-08-12,0.0
1998-08-13,0.0
1998-08-14,2.7200732231140137
1998-08-15,26.49398422241211
1998-08-16,0.0
1998-08-17,0.0
1998-08-18,0.0
1998-08-19,0.0
1998-08-20,0.0
1998-08-21,1.4852420091629028
1998-08-22,0.24754033982753754
1998-08-23,0.24754033982753754
1998-08-24,0.24754033982753754
1998-08-25,0.24754033982753754
1998-08-26,2.3407909870147705
1998-08-27,0.0
1998-08-28,0.0
1998-08-29,0.0
1998-08-30,0.0
1998-08-31,0.0
1998-09-01,0.0
1998-09-02,0.0
1998-09-03,0.0
1998-09-04,0.2222299575805664
1998-09-05,3.4712860584259033
1998-09-06,10.05428695678711
1998-09-07,16.723094940185547
1998-09-08,14.847518920898438
1998-09-09,19.663766860961914
1998-09-10,0.08663934469223022
1998-09-11,0.0
1998-09-12,0.0
1998-09-13,0.0
1998-09-14,2.71905255317688
1998-09-15,0.0
1998-09-16,0.0
1998-09-17,0.17272762954235077
1998-09-18,0.09218456596136093
1998-09-19,49.484249114990234
1998-09-20,0.29867491126060486
1998-09-21,0.0
1998-09-22,0.0
1998-09-23,0.0
1998-09-24,0.0
1998-09-25,0.0
1998-09-26,0.0
1998-09-27,2.769329071044922
1998-09-28,28.232912063598633
1998-09-29,23.429414749145508
1998-09-30,16.272811889648438
1998-10-01,0.0
1998-10-02,0.0
1998-10-03,0.0
1998-10-04,0.0
1998-10-05,0.0
1998-10-06,1.7327903509140015
1998-10-07,0.07303524762392044
1998-10-08,0.1367374062538147
1998-10-09,0.006213607266545296
1998-10-10,0.0
1998-10-11,0.0
1998-10-12,0.001423790236003697
1998-10-13,0.03608665242791176
1998-10-14,34.46440505981445
1998-10-15,0.005060415714979172
1998-10-16,0.0
1998-10-17,26.75164794921875
1998-10-18,0.3110678493976593
1998-10-19,1.1358025074005127
1998-10-20,0.0
1998-10-21,1.3287826776504517
1998-10-22,0.0
1998-10-23,0.09805195033550262
1998-10-24,8.574206352233887
1998-10-25,0.0013809575466439128
1998-10-26,0.0
1998-10-27,45.2851448059082
1998-10-28,4.567425727844238
1998-10-29,10.771432876586914
1998-10-30,3.3461930751800537
1998-10-31,7.793492794036865
1998-11-01,10.838976860046387
1998-11-02,2.0100502967834473
1998-11-03,0.21562738716602325
1998-11-04,5.9091477394104
1998-11-05,0.0014093294739723206
1998-11-06,0.0
1998-11-07,5.0745134353637695
1998-11-08,1.5041087865829468
1998-11-09,5.436464309692383
1998-11-10,30.256221771240234
1998-11-11,15.591588973999023
1998-11-12,11.553484916687012
1998-11-13,4.506351470947266
1998-11-14,1.4616913795471191
1998-11-15,4.777939319610596
1998-11-16,1.2958946228027344
1998-11-17,2.537839889526367
1998-11-18,57.9412841796875
1998-11-19,2.0628905296325684
1998-11-20,0.37276315689086914
1998-11-21,0.061459749937057495
1998-11-22,8.129472732543945
1998-11-23,28.582963943481445
1998-11-24,0.0
1998-11-25,19.902772903442383
1998-11-26,24.491334915161133
1998-11-27,0.38890397548675537
1998-11-28,3.4302244186401367
1998-11-29,3.942683458328247
1998-11-30,68.92123413085938
1998-12-01,0.196424663066864
1998-12-02,0.5293765664100647
1998-12-03,34.427268981933594
1998-12-04,0.002301536500453949
1998-12-05,1.3930301666259766
1998-12-06,0.2508891820907593
1998-12-07,1.7108579874038696
1998-12-08,23.614147186279297
1998-12-09,18.32161521911621
1998-12-10,27.721172332763672
1998-12-11,0.0
1998-12-12,0.0
1998-12-13,0.0
1998-12-14,0.0
1998-12-15,0.0
1998-12-16,0.0
1998-12-17,0.0
1998-12-18,0.0
1998-12-19,0.0
1998-12-20,0.0
1998-12-21,0.0
1998-12-22,13.289379119873047
1998-12-23,1.901168704032898
1998-12-24,10.496997833251953
1998-12-25,0.36268702149391174
1998-12-26,0.006859287619590759
1998-12-27,20.220197677612305
1998-12-28,0.15131674706935883
1998-12-29,13.322382926940918
1998-12-30,43.57912826538086
1998-12-31,3.8770933151245117
1999-01-01,8.787327766418457
1999-01-02,2.125737190246582
1999-01-03,2.3694303035736084
1999-01-04,13.678701400756836
1999-01-05,7.474868297576904
1999-01-06,6.642433166503906
1999-01-07,1.4374192953109741
1999-01-08,0.15091753005981445
1999-01-09,22.32716941833496
1999-01-10,2.1565611362457275
1999-01-11,0.0
1999-01-12,0.3612801432609558
1999-01-13,8.91033935546875
1999-01-14,23.01587677001953
1999-01-15,0.0
1999-01-16,0.021236127242445946
1999-01-17,0.0
1999-01-18,0.022307857871055603
1999-01-19,0.08098745346069336
1999-01-20,0.010184862650930882
1999-01-21,23.765243530273438
1999-01-22,0.6481986045837402
1999-01-23,9.168675422668457
1999-01-24,0.0
1999-01-25,7.234189033508301
1999-01-26,1.2813382148742676
1999-01-27,0.20027802884578705
1999-01-28,0.08117816597223282
1999-01-29,1.3335429430007935
1999-01-30,13.532174110412598
1999-01-31,0.41393575072288513
1999-02-01,0.1208597794175148
1999-02-02,5.751020431518555
1999-02-03,6.101639747619629
1999-02-04,5.984031677246094
1999-02-05,0.0
1999-02-06,0.6117002367973328
1999-02-07,0.10920435190200806
1999-02-08,22.737337112426758
1999-02-09,0.5071398019790649
1999-02-10,14.733359336853027
1999-02-11,0.0
1999-02-12,2.134634017944336
1999-02-13,0.0
1999-02-14,0.9131531119346619
1999-02-15,37.51887512207031
1999-02-16,1.9896149635314941
1999-02-17,0.5707277655601501
1999-02-18,36.67146301269531
1999-02-19,0.08480297029018402
1999-02-20,0.16122174263000488
1999-02-21,0.03465372323989868
1999-02-22,26.502925872802734
1999-02-23,0.0
1999-02-24,0.021428735926747322
1999-02-25,32.385589599609375
1999-02-26,1.1791667938232422
1999-02-27,24.111953735351562
1999-02-28,7.894208908081055
1999-03-01,0.07074808329343796
1999-03-02,5.584183692932129
1999-03-03,2.874619483947754
1999-03-04,0.0
1999-03-05,11.380979537963867
1999-03-06,4.794985771179199
1999-03-07,0.5235596299171448
1999-03-08,6.022585868835449
1999-03-09,33.775577545166016
1999-03-10,31.947792053222656
1999-03-11,6.270905494689941
1999-03-12,3.090524673461914
1999-03-13,0.0
1999-03-14,0.2807382643222809
1999-03-15,1.1922576427459717
1999-03-16,16.147151947021484
1999-03-17,0.1351548731327057
1999-03-18,0.07610087841749191
1999-03-19,123.23213958740234
1999-03-20,1.200661540031433
1999-03-21,0.0
1999-03-22,56.941734313964844
1999-03-23,1.7211534976959229
1999-03-24,0.09482588618993759
1999-03-25,0.2041059285402298
1999-03-26,8.324191093444824
1999-03-27,1.0868619680404663
1999-03-28,0.0
1999-03-29,2.8380534648895264
1999-03-30,29.34501838684082
1999-03-31,1.7561476230621338
1999-04-01,15.383138656616211
1999-04-02,0.0
1999-04-03,16.62206268310547
1999-04-04,0.7164101600646973
1999-04-05,0.0
1999-04-06,0.0
1999-04-07,0.0
1999-04-08,0.0
1999-04-09,0.0
1999-04-10,0.0
1999-04-11,0.0
1999-04-12,3.6919362545013428
1999-04-13,7.907997131347656
1999-04-14,35.816802978515625
1999-04-15,3.320669174194336
1999-04-16,1.3847416639328003
1999-04-17,1.159171223640442
1999-04-18,0.40139859914779663
1999-04-19,0.29831454157829285
1999-04-20,0.13077756762504578
1999-04-21,0.0
1999-04-22,0.0
1999-04-23,0.0
1999-04-24,0.0
1999-04-25,0.0
1999-04-26,0.1537431925535202
1999-04-27,1.1243085861206055
1999-04-28,69.39067077636719
1999-04-29,0.02744465135037899
1999-04-30,0.12163159996271133
1999-05-01,2.597433567047119
1999-05-02,3.9186275005340576
1999-05-03,0.06604602187871933
1999-05-04,0.28860926628112793
1999-05-05,0.45425352454185486
1999-05-06,0.35309985280036926
1999-05-07,15.259815216064453
1999-05-08,0.06762102246284485
1999-05-09,0.1655007153749466
1999-05-10,0.0
1999-05-11,2.716670513153076
1999-05-12,0.6407718062400818
1999-05-13,0.4796346127986908
1999-05-14,0.4796346127986908
1999-05-15,0.4796346127986908
1999-05-16,0.0
1999-05-17,0.0
1999-05-18,63.80411911010742
1999-05-19,0.21548303961753845
1999-05-20,0.0
1999-05-21,0.49849432706832886
1999-05-22,0.24924716353416443
1999-05-23,10.323445320129395
1999-05-24,0.0
1999-05-25,35.724971771240234
1999-05-26,10.33635425567627
1999-05-27,6.350890636444092
1999-05-28,3.00380539894104
1999-05-29,0.28764599561691284
1999-05-30,7.137768745422363
1999-05-31,0.0
1999-06-01,0.06470946222543716
1999-06-02,0.46687746047973633
1999-06-03,0.13597995042800903
1999-06-04,0.0
1999-06-05,0.2515234351158142
1999-06-06,1.0143417119979858
1999-06-07,1.368849277496338
1999-06-08,0.498648077249527
1999-06-09,0.0
1999-06-10,1.6080597639083862
1999-06-11,0.91701740026474
1999-06-12,2.657895565032959
1999-06-13,1.771347999572754
1999-06-14,0.5572797656059265
1999-06-15,0.0
1999-06-16,1.200463056564331
1999-06-17,5.195417404174805
1999-06-18,0.0
1999-06-19,0.4841359257698059
1999-06-20,0.30074504017829895
1999-06-21,0.44671809673309326
1999-06-22,0.0
1999-06-23,0.0
1999-06-24,0.0
1999-06-25,2.2259223461151123
1999-06-26,0.7989125847816467
1999-06-27,0.3991188704967499
1999-06-28,0.0
1999-06-29,0.0
1999-06-30,19.596660614013672
1999-07-01,0.0
1999-07-02,0.019974051043391228
1999-07-03,0.06018358841538429
1999-07-04,64.09086608886719
1999-07-05,1.0309414863586426
1999-07-06,0.7996496558189392
1999-07-07,3.7731051445007324
1999-07-08,0.04700333997607231
1999-07-09,0.0
1999-07-10,0.0
1999-07-11,0.3545035719871521
1999-07-12,0.3545035719871521
1999-07-13,0.3545035719871521
1999-07-14,0.9453428387641907
1999-07-15,0.3545035719871521
1999-07-16,5.543526649475098
1999-07-17,0.37356510758399963
1999-07-18,0.37356510758399963
1999-07-19,0.37649428844451904
1999-07-20,0.804151177406311
1999-07-21,0.0
1999-07-22,0.9632574915885925
1999-07-23,0.0
1999-07-24,2.9660046100616455
1999-07-25,0.0
1999-07-26,0.0
1999-07-27,0.0
1999-07-28,0.0
1999-07-29,0.0
1999-07-30,0.0
1999-07-31,0.8699927926063538
1999-08-01,0.019386647269129753
1999-08-02,0.019386647269129753
1999-08-03,0.019386647269129753
1999-08-04,0.019386647269129753
1999-08-05,0.019386647269129753
1999-08-06,0.08115151524543762
1999-08-07,0.5821979641914368
1999-08-08,0.6227517127990723
1999-08-09,0.2557776868343353
1999-08-10,0.08115151524543762
1999-08-11,0.0
1999-08-12,0.0
1999-08-13,0.11928468942642212
1999-08-14,8.15328598022461
1999-08-15,0.08607984334230423
1999-08-16,0.0
1999-08-17,0.0
1999-08-18,0.0
1999-08-19,0.0
1999-08-20,0.0
1999-08-21,0.24056600034236908
1999-08-22,0.24056600034236908
1999-08-23,0.24056600034236908
1999-08-24,0.24056600034236908
1999-08-25,0.24056600034236908
1999-08-26,0.0
1999-08-27,0.0
1999-08-28,0.9237667918205261
1999-08-29,0.02837054245173931
1999-08-30,0.0246515441685915
1999-08-31,0.018128179013729095
1999-09-01,0.0
1999-09-02,6.789749622344971
1999-09-03,0.0
1999-09-04,0.0
1999-09-05,0.0
1999-09-06,0.0
1999-09-07,0.0
1999-09-08,0.0
1999-09-09,1.1839215755462646
1999-09-10,14.712335586547852
1999-09-11,0.05809400603175163
1999-09-12,0.0
1999-09-13,0.0
1999-09-14,4.673239707946777
1999-09-15,35.5665283203125
1999-09-16,7.066527843475342
1999-09-17,4.937775135040283
1999-09-18,0.0
1999-09-19,9.38290023803711
1999-09-20,11.77539348602295
1999-09-21,0.15425148606300354
1999-09-22,5.6188225746154785
1999-09-23,3.122922897338867
1999-09-24,0.0
1999-09-25,10.776144981384277
1999-09-26,0.0
1999-09-27,2.0438766479492188
1999-09-28,0.6681821346282959
1999-09-29,0.0
1999-09-30,0.13730889558792114
1999-10-01,0.027546266093850136
1999-10-02,2.0369441509246826
1999-10-03,25.08863067626953
1999-10-04,0.0977020114660263
1999-10-05,0.19567622244358063
1999-10-06,0.0
1999-10-07,0.0
1999-10-08,0.0
1999-10-09,0.0
1999-10-10,0.0
1999-10-11,0.0
1999-10-12,0.0
1999-10-13,0.0
1999-10-14,0.0
1999-10-15,0.0
1999-10-16,0.0
1999-10-17,0.0
1999-10-18,4.058676719665527
1999-10-19,1.3567675352096558
1999-10-20,0.0
1999-10-21,0.0
1999-10-22,31.30906867980957
1999-10-23,0.0
1999-10-24,0.8773015141487122
1999-10-25,0.46214091777801514
1999-10-26,0.22352851927280426
1999-10-27,0.0543319433927536
1999-10-28,3.0420515537261963
1999-10-29,0.5821149945259094
1999-10-30,0.4425791800022125
1999-10-31,2.5554556846618652
1999-11-01,1.378525972366333
1999-11-02,0.5403940081596375
1999-11-03,33.921051025390625
1999-11-04,0.8252604007720947
1999-11-05,0.0031612596940249205
1999-11-06,0.0
1999-11-07,0.0
1999-11-08,35.285377502441406
1999-11-09,20.664932250976562
1999-11-10,32.24658203125
1999-11-11,0.0
1999-11-12,0.0
1999-11-13,9.276601791381836
1999-11-14,2.240879535675049
1999-11-15,6.235154628753662
1999-11-16,0.007386408280581236
1999-11-17,1.7716670036315918
1999-11-18,0.008026720955967903
1999-11-19,1.3040673732757568
1999-11-20,62.24622344970703
1999-11-21,0.0
1999-11-22,0.0007042077486403286
1999-11-23,24.707340240478516
1999-11-24,0.01668928936123848
1999-11-25,0.0
1999-11-26,0.0
1999-11-27,7.3394880294799805
1999-11-28,0.01395935658365488
1999-11-29,0.0
1999-11-30,0.004529057536274195
1999-12-01,0.0
1999-12-02,0.0
1999-12-03,11.136392593383789
1999-12-04,1.6532615423202515
1999-12-05,0.16408365964889526
1999-12-06,8.835460662841797
1999-12-07,49.75651550292969
1999-12-08,0.2734602093696594
1999-12-09,4.125733852386475
1999-12-10,5.227462291717529
1999-12-11,14.137434959411621
1999-12-12,6.366913318634033
1999-12-13,0.0
1999-12-14,0.0
1999-12-15,32.73312759399414
1999-12-16,10.764386177062988
1999-12-17,0.32682767510414124
1999-12-18,0.0
1999-12-19,0.06161032244563103
1999-12-20,35.476322174072266
1999-12-21,5.518484115600586
1999-12-22,1.4393187761306763
1999-12-23,2.661147356033325
1999-12-24,2.6908202171325684
1999-12-25,3.1158523559570312
1999-12-26,2.270552396774292
1999-12-27,13.629599571228027
1999-12-28,0.025822939351201057
1999-12-29,0.0
1999-12-30,0.022210169583559036
1999-12-31,64.1024169921875
2000-01-01,1.0409928560256958
2000-01-02,0.12447337061166763
2000-01-03,0.045239053666591644
2000-01-04,5.164187908172607
2000-01-05,4.722658634185791
2000-01-06,17.012569427490234
2000-01-07,0.1714596003293991
2000-01-08,0.011256183497607708
2000-01-09,22.522266387939453
2000-01-10,4.102987289428711
2000-01-11,17.951492309570312
2000-01-12,9.293453216552734
2000-01-13,0.0
2000-01-14,0.0
2000-01-15,0.0476328544318676
2000-01-16,15.336247444152832
2000-01-17,0.13005191087722778
2000-01-18,1.1938424110412598
2000-01-19,33.15515899658203
2000-01-20,0.8294227123260498
2000-01-21,0.0
2000-01-22,0.0
2000-01-23,10.348630905151367
2000-01-24,0.0
2000-01-25,13.901837348937988
2000-01-26,20.88241195678711
2000-01-27,1.7798144817352295
2000-01-28,41.76205825805664
2000-01-29,6.288432598114014
2000-01-30,2.5762407779693604
2000-01-31,3.3844830989837646
2000-02-01,3.096815824508667
2000-02-02,0.05566423013806343
2000-02-03,0.0
2000-02-04,16.691423416137695
2000-02-05,51.957279205322266
2000-02-06,46.27789306640625
2000-02-07,1.6244062185287476
2000-02-08,0.40721777081489563
2000-02-09,3.3979976177215576
2000-02-10,0.0036560501903295517
2000-02-11,1.452669620513916
2000-02-12,0.5843062400817871
2000-02-13,0.0
2000-02-14,17.88283348083496
2000-02-15,12.969386100769043
2000-02-16,8.79154109954834
2000-02-17,0.4077528417110443
2000-02-18,0.3915952444076538
2000-02-19,2.2415881156921387
2000-02-20,18.65052604675293
2000-02-21,26.838977813720703
2000-02-22,14.266573905944824
2000-02-23,9.893669128417969
2000-02-24,0.24214163422584534
2000-02-25,3.8149077892303467
2000-02-26,0.037058524787425995
2000-02-27,2.429396152496338
2000-02-28,0.0
2000-02-29,20.180219650268555
2000-03-01,2.9842562675476074
2000-03-02,8.259419441223145
2000-03-03,3.3011062145233154
2000-03-04,0.0
2000-03-05,11.75535774230957
2000-03-06,17.361845016479492
2000-03-07,36.453407287597656
2000-03-08,2.491942882537842
2000-03-09,27.599790573120117
2000-03-10,0.26972609758377075
2000-03-11,1.4397456645965576
2000-03-12,1.0559604167938232
2000-03-13,0.11574295163154602
2000-03-14,23.205636978149414
2000-03-15,43.15705108642578
2000-03-16,0.27908995747566223
2000-03-17,0.11613935232162476
2000-03-18,1.623172640800476
2000-03-19,55.85593032836914
2000-03-20,0.14099819958209991
2000-03-21,0.3236757218837738
2000-03-22,6.67454195022583
2000-03-23,9.19575309753418
2000-03-24,0.565608561038971
2000-03-25,0.31088346242904663
2000-03-26,0.0
2000-03-27,0.0
2000-03-28,7.226889133453369
2000-03-29,0.0
2000-03-30,1.4806205034255981
2000-03-31,0.09455341845750809
2000-04-01,0.0
2000-04-02,9.98855972290039
2000-04-03,0.4834618866443634
2000-04-04,0.0
2000-04-05,6.966289520263672
2000-04-06,0.0
2000-04-07,0.0
2000-04-08,0.0
2000-04-09,9.45865249633789
2000-04-10,0.0
2000-04-11,0.0
2000-04-12,0.09658082574605942
2000-04-13,0.028924519196152687
2000-04-14,0.3955375850200653
2000-04-15,8.893887519836426
2000-04-16,0.8317154049873352
2000-04-17,1.4377130270004272
2000-04-18,5.242626667022705
2000-04-19,19.46686363220215
2000-04-20,0.34993693232536316
2000-04-21,0.0
2000-04-22,0.10895651578903198
2000-04-23,4.758160591125488
2000-04-24,3.8825483322143555
2000-04-25,0.30426985025405884
2000-04-26,0.5841943621635437
2000-04-27,0.6028123497962952
2000-04-28,1.3500304222106934
2000-04-29,17.627410888671875
2000-04-30,0.0
2000-05-01,0.0
2000-05-02,14.210994720458984
2000-05-03,1.223347544670105
2000-05-04,1.3251030445098877
2000-05-05,0.039041873067617416
2000-05-06,0.4595792889595032
2000-05-07,2.7574758529663086
2000-05-08,0.4595792889595032
2000-05-09,0.4595792889595032
2000-05-10,0.4595792889595032
2000-05-11,0.0
2000-05-12,0.0
2000-05-13,0.27416524291038513
2000-05-14,14.055757522583008
2000-05-15,0.456101655960083
2000-05-16,3.370953321456909
2000-05-17,20.640466690063477
2000-05-18,1.0080732107162476
2000-05-19,0.07641652971506119
2000-05-20,1.6059577465057373
2000-05-21,0.5487406849861145
2000-05-22,0.5487406849861145
2000-05-23,0.5487406849861145
2000-05-24,0.5487406849861145
2000-05-25,0.5487406849861145
2000-05-26,0.0
2000-05-27,0.0
2000-05-28,0.0
2000-05-29,0.0
2000-05-30,0.23396295309066772
2000-05-31,9.28298568725586
2000-06-01,0.0
2000-06-02,6.173393726348877
2000-06-03,0.0
2000-06-04,0.0
2000-06-05,3.551616907119751
2000-06-06,14.951301574707031
2000-06-07,74.54232788085938
2000-06-08,7.742146968841553
2000-06-09,23.02535057067871
2000-06-10,0.8009170293807983
2000-06-11,0.0
2000-06-12,0.0
2000-06-13,3.7093679904937744
2000-06-14,1.2390570640563965
2000-06-15,22.741153717041016
2000-06-16,2.0777676105499268
2000-06-17,13.271153450012207
2000-06-18,0.0
2000-06-19,3.7609288692474365
2000-06-20,0.0
2000-06-21,2.6888606548309326
2000-06-22,0.7205084562301636
2000-06-23,0.4870527684688568
2000-06-24,0.4870527684688568
2000-06-25,0.4870527684688568
2000-06-26,0.0
2000-06-27,0.0
2000-06-28,10.760729789733887
2000-06-29,0.0
2000-06-30,0.0
2000-07-01,0.0
2000-07-02,0.016565658152103424
2000-07-03,5.241480827331543
2000-07-04,3.307119131088257
2000-07-05,0.0
2000-07-06,0.0
2000-07-07,0.0
2000-07-08,0.0
2000-07-09,6.26082706451416
2000-07-10,32.69185256958008
2000-07-11,17.74007797241211
2000-07-12,2.7037343978881836
2000-07-13,3.5525119304656982
2000-07-14,0.0
2000-07-15,0.9143486618995667
2000-07-16,0.23666174709796906
2000-07-17,0.23666174709796906
2000-07-18,0.23666174709796906
2000-07-19,0.8283161520957947
2000-07-20,0.8283160924911499
2000-07-21,0.6268393397331238
2000-07-22,0.07507114857435226
2000-07-23,30.06783103942871
2000-07-24,5.926967620849609
2000-07-25,1.2637591361999512
2000-07-26,0.20152048766613007
2000-07-27,0.12273703515529633
2000-07-28,0.04693828895688057
2000-07-29,0.001114198355935514
2000-07-30,0.0025670200120657682
2000-07-31,0.0
2000-08-01,0.0
2000-08-02,0.0
2000-08-03,5.441969394683838
2000-08-04,0.0
2000-08-05,0.19248124957084656
2000-08-06,0.0
2000-08-07,0.6060003638267517
2000-08-08,0.0
2000-08-09,0.0
2000-08-10,6.803946495056152
2000-08-11,0.0
2000-08-12,0.0
2000-08-13,0.0
2000-08-14,0.0
2000-08-15,0.0
2000-08-16,0.24849265813827515
2000-08-17,0.0
2000-08-18,0.0
2000-08-19,0.6334594488143921
2000-08-20,2.186471939086914
2000-08-21,0.1372079849243164
2000-08-22,0.8232479691505432
2000-08-23,0.1372079849243164
2000-08-24,0.1372079849243164
2000-08-25,0.1372079849243164
2000-08-26,0.0
2000-08-27,1.5389227867126465
2000-08-28,0.0
2000-08-29,0.0
2000-08-30,4.178406715393066
2000-08-31,6.78828239440918
2000-09-01,4.6731061935424805
2000-09-02,0.0
2000-09-03,5.2668023109436035
2000-09-04,0.0
2000-09-05,0.5812469124794006
2000-09-06,0.9550473690032959
2000-09-07,0.0
2000-09-08,3.184242010116577
2000-09-09,1.3370968103408813
2000-09-10,0.0
2000-09-11,2.5048770904541016
2000-09-12,0.011665953323245049
2000-09-13,0.010046246461570263
2000-09-14,2.155003547668457
2000-09-15,0.8054935336112976
2000-09-16,0.5549253821372986
2000-09-17,0.20809702575206757
2000-09-18,0.20809702575206757
2000-09-19,0.20809702575206757
2000-09-20,0.20809702575206757
2000-09-21,0.039826102554798126
2000-09-22,19.800424575805664
2000-09-23,0.05735544115304947
2000-09-24,2.319603443145752
2000-09-25,8.277787208557129
2000-09-26,0.0
2000-09-27,0.0
2000-09-28,0.0
2000-09-29,0.0
2000-09-30,0.0
2000-10-01,0.0
2000-10-02,0.0
2000-10-03,0.0
2000-10-04,0.17627941071987152
2000-10-05,3.032435655593872
2000-10-06,0.0
2000-10-07,0.0
2000-10-08,0.0
2000-10-09,0.0
2000-10-10,0.0
2000-10-11,2.0913615226745605
2000-10-12,0.004290412180125713
2000-10-13,0.05138115584850311
2000-10-14,7.8564372062683105
2000-10-15,3.6179280281066895
2000-10-16,0.3433605134487152
2000-10-17,0.8601077198982239
2000-10-18,2.739659070968628
2000-10-19,0.6855015754699707
2000-10-20,0.003254271112382412
2000-10-21,1.1978161334991455
2000-10-22,0.0
2000-10-23,4.219667911529541
2000-10-24,4.969832897186279
2000-10-25,7.851909160614014
2000-10-26,2.5390663146972656
2000-10-27,0.38852453231811523
2000-10-28,14.786482810974121
2000-10-29,0.0
2000-10-30,0.8964568972587585
2000-10-31,0.08935356140136719
2000-11-01,0.45137855410575867
2000-11-02,0.0
2000-11-03,23.740171432495117
2000-11-04,0.0
2000-11-05,0.0
2000-11-06,30.38334083557129
2000-11-07,7.180126190185547
2000-11-08,0.0
2000-11-09,5.229547500610352
2000-11-10,2.33124041557312
2000-11-11,0.0925983116030693
2000-11-12,0.1313498616218567
2000-11-13,44.1373405456543
2000-11-14,2.2088890075683594
2000-11-15,0.8676609992980957
2000-11-16,0.2896077632904053
2000-11-17,0.2896077632904053
2000-11-18,0.2896077632904053
2000-11-19,0.2896077632904053
2000-11-20,0.2896077632904053
2000-11-21,55.13241958618164
2000-11-22,0.0
2000-11-23,0.691797137260437
2000-11-24,0.0
2000-11-25,8.145088195800781
2000-11-26,1.5252774953842163
2000-11-27,0.7662982940673828
2000-11-28,0.0926080122590065
2000-11-29,0.06144978106021881
2000-11-30,52.86272048950195
2000-12-01,5.874904155731201
2000-12-02,1.959055781364441
2000-12-03,0.0
2000-12-04,0.0
2000-12-05,7.372045040130615
2000-12-06,9.518645286560059
2000-12-07,0.8076469898223877
2000-12-08,5.26810884475708
2000-12-09,16.22418212890625
2000-12-10,1.7445030212402344
2000-12-11,0.09436814486980438
2000-12-12,30.385236740112305
2000-12-13,5.894114017486572
2000-12-14,3.1732406616210938
2000-12-15,0.0
2000-12-16,2.863914728164673
2000-12-17,0.07834696769714355
2000-12-18,0.0
2000-12-19,0.0
2000-12-20,0.13547082245349884
2000-12-21,0.0
2000-12-22,7.302120208740234
2000-12-23,1.9452506303787231
2000-12-24,16.090744018554688
2000-12-25,2.337237596511841
2000-12-26,21.64536476135254
2000-12-27,2.312192678451538
2000-12-28,2.77829647064209
2000-12-29,1.442354679107666
2000-12-30,0.015699945390224457
2000-12-31,1.902674913406372
2001-01-01,0.567834198474884
2001-01-02,0.07994811981916428
2001-01-03,0.0
2001-01-04,21.68016815185547
2001-01-05,0.04509111866354942
2001-01-06,4.9610395431518555
2001-01-07,1.7010324001312256
2001-01-08,25.81448745727539
2001-01-09,2.190838098526001
2001-01-10,29.934959411621094
2001-01-11,20.53050994873047
2001-01-12,66.94851684570312
2001-01-13,0.0
2001-01-14,24.497901916503906
2001-01-15,0.8093212246894836
2001-01-16,0.7208123803138733
2001-01-17,62.4017333984375
2001-01-18,2.09023118019104
2001-01-19,0.5047206878662109
2001-01-20,3.690485715866089
2001-01-21,1.6890097856521606
2001-01-22,23.29006576538086
2001-01-23,0.7969651222229004
2001-01-24,5.263086318969727
2001-01-25,12.54996395111084
2001-01-26,5.372945308685303
2001-01-27,25.183223724365234
2001-01-28,4.4531636238098145
2001-01-29,1.4836589097976685
2001-01-30,0.030524639412760735
2001-01-31,0.27027663588523865
2001-02-01,4.898381233215332
2001-02-02,0.0
2001-02-03,2.0698370933532715
2001-02-04,0.7402843236923218
2001-02-05,1.6159298419952393
2001-02-06,0.008627418428659439
2001-02-07,0.0038889849092811346
2001-02-08,0.0
2001-02-09,0.0
2001-02-10,0.40890809893608093
2001-02-11,1.2458765506744385
2001-02-12,1.625625729560852
2001-02-13,14.615358352661133
2001-02-14,0.35586410760879517
2001-02-15,0.824858546257019
2001-02-16,7.632228851318359
2001-02-17,18.644771575927734
2001-02-18,18.293560028076172
2001-02-19,36.91557312011719
2001-02-20,15.486260414123535
2001-02-21,0.0019202933181077242
2001-02-22,0.0
2001-02-23,0.6701275110244751
2001-02-24,0.0
2001-02-25,5.749413967132568
2001-02-26,6.124399662017822
2001-02-27,61.85743713378906
2001-02-28,2.726977825164795
2001-03-01,9.789283752441406
2001-03-02,15.455390930175781
2001-03-03,3.364821672439575
2001-03-04,6.268193244934082
2001-03-05,0.0
2001-03-06,27.7882080078125
2001-03-07,7.366470813751221
2001-03-08,0.0
2001-03-09,0.3575042486190796
2001-03-10,0.22166363894939423
2001-03-11,0.15626490116119385
2001-03-12,16.134004592895508
2001-03-13,1.533277988433838
2001-03-14,25.041589736938477
2001-03-15,9.883459091186523
2001-03-16,4.204479217529297
2001-03-17,22.423303604125977
2001-03-18,2.0020132064819336
2001-03-19,0.0
2001-03-20,5.523955821990967
2001-03-21,2.4532835483551025
2001-03-22,1.8015156984329224
2001-03-23,0.41346874833106995
2001-03-24,5.825506687164307
2001-03-25,46.67027282714844
2001-03-26,0.2221391797065735
2001-03-27,122.82536315917969
2001-03-28,9.54111099243164
2001-03-29,2.7667758464813232
2001-03-30,0.0
2001-03-31,0.0
2001-04-01,0.0
2001-04-02,4.583193302154541
2001-04-03,21.068342208862305
2001-04-04,0.31945523619651794
2001-04-05,6.160638809204102
2001-04-06,4.607669353485107
2001-04-07,8.376441955566406
2001-04-08,0.698405385017395
2001-04-09,0.0
2001-04-10,0.0
2001-04-11,0.5203149914741516
2001-04-12,0.0
2001-04-13,0.0
2001-04-14,0.0
2001-04-15,0.003706906223669648
2001-04-16,4.222065448760986
2001-04-17,0.0
2001-04-18,0.0
2001-04-19,0.0
2001-04-20,0.0
2001-04-21,4.317347526550293
2001-04-22,3.451019525527954
2001-04-23,15.547009468078613
2001-04-24,24.147079467773438
2001-04-25,6.868694305419922
2001-04-26,1.4666130542755127
2001-04-27,0.2838484048843384
2001-04-28,0.07383843511343002
2001-04-29,1.4956622123718262
2001-04-30,13.508769035339355
2001-05-01,0.0
2001-05-02,3.9880809783935547
2001-05-03,14.274954795837402
2001-05-04,0.0
2001-05-05,0.43434175848960876
2001-05-06,8.911506652832031
2001-05-07,6.106364727020264
2001-05-08,1.9520883560180664
2001-05-09,0.0
2001-05-10,3.166299819946289
2001-05-11,0.0
2001-05-12,5.257112979888916
2001-05-13,1.0687931776046753
2001-05-14,6.880997180938721
2001-05-15,8.42268180847168
2001-05-16,0.0
2001-05-17,0.0
2001-05-18,0.386400431394577
2001-05-19,4.082303047180176
2001-05-20,0.0
2001-05-21,0.7117578983306885
2001-05-22,0.8122038245201111
2001-05-23,1.495365858078003
2001-05-24,33.19878387451172
2001-05-25,5.119199752807617
2001-05-26,1.633232831954956
2001-05-27,1.633232831954956
2001-05-28,11.432629585266113
2001-05-29,1.633232831954956
2001-05-30,1.633232831954956
2001-05-31,1.633232831954956
2001-06-01,0.5707491636276245
2001-06-02,0.09512485563755035
2001-06-03,0.09512485563755035
2001-06-04,0.09512485563755035
2001-06-05,0.09512485563755035
2001-06-06,0.24550750851631165
2001-06-07,13.966263771057129
2001-06-08,0.0
2001-06-09,0.0
2001-06-10,0.37087908387184143
2001-06-11,18.047100067138672
2001-06-12,0.0
2001-06-13,0.0
2001-06-14,0.0
2001-06-15,0.0
2001-06-16,7.146564960479736
2001-06-17,58.395816802978516
2001-06-18,2.9286365509033203
2001-06-19,1.0084155797958374
2001-06-20,0.20844988524913788
2001-06-21,0.7816227078437805
2001-06-22,2.6034719944000244
2001-06-23,0.0
2001-06-24,0.011645968072116375
2001-06-25,0.0
2001-06-26,0.8006872534751892
2001-06-27,2.1351659297943115
2001-06-28,0.8006872534751892
2001-06-29,0.8006872534751892
2001-06-30,0.8006872534751892
2001-07-01,0.10516295582056046
2001-07-02,0.0
2001-07-03,0.06379386782646179
2001-07-04,0.0
2001-07-05,8.9586820602417
2001-07-06,0.43527981638908386
2001-07-07,13.192718505859375
2001-07-08,6.255702495574951
2001-07-09,0.0
2001-07-10,9.152235984802246
2001-07-11,8.675108909606934
2001-07-12,31.654285430908203
2001-07-13,0.11997614800930023
2001-07-14,0.0
2001-07-15,0.0
2001-07-16,1.360313057899475
2001-07-17,1.360313057899475
2001-07-18,21.7650089263916
2001-07-19,1.360313057899475
2001-07-20,1.360313057899475
2001-07-21,0.0
2001-07-22,0.6224778890609741
2001-07-23,6.082641124725342
2001-07-24,0.0
2001-07-25,4.203511714935303
2001-07-26,11.305085182189941
2001-07-27,7.876877307891846
2001-07-28,0.23822911083698273
2001-07-29,1.354412317276001
2001-07-30,0.0
2001-07-31,0.0
2001-08-01,0.014336255379021168
2001-08-02,0.014336255379021168
2001-08-03,0.014336255379021168
2001-08-04,0.014336255379021168
2001-08-05,0.014336255379021168
2001-08-06,0.0
2001-08-07,1.906865119934082
2001-08-08,0.0
2001-08-09,0.0
2001-08-10,0.0
2001-08-11,0.0
2001-08-12,0.0
2001-08-13,0.0
2001-08-14,0.0
2001-08-15,0.0
2001-08-16,0.7219499945640564
2001-08-17,0.22939644753932953
2001-08-18,3.3950562477111816
2001-08-19,16.316198348999023
2001-08-20,1.7626792192459106
2001-08-21,0.6591545343399048
2001-08-22,0.03611728921532631
2001-08-23,0.020941922441124916
2001-08-24,0.012565153650939465
2001-08-25,0.0
2001-08-26,0.12234622240066528
2001-08-27,0.12234622240066528
2001-08-28,0.12234622240066528
2001-08-29,0.12234622240066528
2001-08-30,0.12234622240066528
2001-08-31,0.12234622240066528
2001-09-01,0.030916469171643257
2001-09-02,0.0
2001-09-03,6.226423263549805
2001-09-04,0.0
2001-09-05,1.3852125406265259
2001-09-06,0.0
2001-09-07,0.0
2001-09-08,0.0
2001-09-09,0.0
2001-09-10,5.544683933258057
2001-09-11,12.477806091308594
2001-09-12,0.0
2001-09-13,0.7812612652778625
2001-09-14,2.049098491668701
2001-09-15,12.573521614074707
2001-09-16,21.532747268676758
2001-09-17,0.19803979992866516
2001-09-18,0.29414117336273193
2001-09-19,0.09363465756177902
2001-09-20,0.0
2001-09-21,6.057032585144043
2001-09-22,0.29980650544166565
2001-09-23,0.0
2001-09-24,0.03796108067035675
2001-09-25,0.0
2001-09-26,0.06907687336206436
2001-09-27,5.034692764282227
2001-09-28,0.021649731323122978
2001-09-29,0.6697669625282288
2001-09-30,0.0
2001-10-01,0.6172193288803101
2001-10-02,13.91845417022705
2001-10-03,0.0
2001-10-04,0.0
2001-10-05,10.760607719421387
2001-10-06,18.577083587646484
2001-10-07,7.065292835235596
2001-10-08,1.4678202867507935
2001-10-09,2.6716349124908447
2001-10-10,0.0
2001-10-11,2.2089223861694336
2001-10-12,6.610824108123779
2001-10-13,13.82714557647705
2001-10-14,0.1862463504076004
2001-10-15,0.48072075843811035
2001-10-16,2.310114860534668
2001-10-17,15.075292587280273
2001-10-18,0.0
2001-10-19,0.0020891353487968445
2001-10-20,0.6542752981185913
2001-10-21,0.44966864585876465
2001-10-22,19.948453903198242
2001-10-23,0.06319007277488708
2001-10-24,0.0
2001-10-25,0.0
2001-10-26,0.0
2001-10-27,0.0
2001-10-28,23.937545776367188
2001-10-29,0.0
2001-10-30,12.053888320922852
2001-10-31,6.7734575271606445
2001-11-01,0.6129826307296753
2001-11-02,26.17100715637207
2001-11-03,47.731475830078125
2001-11-04,0.0
2001-11-05,0.0
2001-11-06,0.0
2001-11-07,10.068489074707031
2001-11-08,0.25945666432380676
2001-11-09,12.622769355773926
2001-11-10,0.07833009958267212
2001-11-11,0.0
2001-11-12,0.0
2001-11-13,0.03851393982768059
2001-11-14,0.007937521673738956
2001-11-15,0.6396379470825195
2001-11-16,8.392775535583496
2001-11-17,6.261690616607666
2001-11-18,0.04767147824168205
2001-11-19,0.0015975310234352946
2001-11-20,2.434577703475952
2001-11-21,0.0
2001-11-22,14.498490333557129
2001-11-23,0.0
2001-11-24,0.0
2001-11-25,5.83050012588501
2001-11-26,0.020850660279393196
2001-11-27,0.0
2001-11-28,12.154454231262207
2001-11-29,2.4991862773895264
2001-11-30,1.5334229469299316
2001-12-01,0.0
2001-12-02,0.0
2001-12-03,4.871847152709961
2001-12-04,48.4536247253418
2001-12-05,3.361110210418701
2001-12-06,0.1183057576417923
2001-12-07,0.0
2001-12-08,0.2729214131832123
2001-12-09,45.7584342956543
2001-12-10,0.0
2001-12-11,3.6361300945281982
2001-12-12,24.62201499938965
2001-12-13,0.1946212649345398
2001-12-14,0.0
2001-12-15,6.042261123657227
2001-12-16,1.2115633487701416
2001-12-17,3.3749380111694336
2001-12-18,0.3937913775444031
2001-12-19,0.3716127872467041
2001-12-20,10.292362213134766
2001-12-21,15.452168464660645
2001-12-22,1.1918792724609375
2001-12-23,37.62556838989258
2001-12-24,1.520810842514038
2001-12-25,0.024252189323306084
2001-12-26,0.06607262790203094
2001-12-27,2.1061625480651855
2001-12-28,1.1049034595489502
2001-12-29,4.4695820808410645
2001-12-30,0.4810594320297241
2001-12-31,0.2603345811367035
2002-01-01,45.66130828857422
2002-01-02,6.041698932647705
2002-01-03,5.769657135009766
2002-01-04,2.8782224655151367
2002-01-05,0.2477433681488037
2002-01-06,64.90638732910156
2002-01-07,5.260324001312256
2002-01-08,0.12628595530986786
2002-01-09,8.47730541229248
2002-01-10,3.6439106464385986
2002-01-11,0.0
2002-01-12,0.0
2002-01-13,0.0
2002-01-14,0.0
2002-01-15,58.99747085571289
2002-01-16,0.9213540554046631
2002-01-17,2.129730224609375
2002-01-18,0.0
2002-01-19,1.0094265937805176
2002-01-20,0.12293457984924316
2002-01-21,0.06398118287324905
2002-01-22,3.067821741104126
2002-01-23,3.631178617477417
2002-01-24,1.3617702722549438
2002-01-25,0.10088618844747543
2002-01-26,0.0
2002-01-27,0.0
2002-01-28,0.004310984630137682
2002-01-29,0.17975179851055145
2002-01-30,2.583923578262329
2002-01-31,1.5731756687164307
2002-02-01,0.0
2002-02-02,0.69157874584198
2002-02-03,0.1488209217786789
2002-02-04,58.08506393432617
2002-02-05,4.806395530700684
2002-02-06,16.161237716674805
2002-02-07,5.600289344787598
2002-02-08,1.5254782438278198
2002-02-09,0.5645062923431396
2002-02-10,0.0
2002-02-11,0.05696183070540428
2002-02-12,0.09276015311479568
2002-02-13,34.98406982421875
2002-02-14,1.0928962230682373
2002-02-15,1.1736533641815186
2002-02-16,1.7906310558319092
2002-02-17,29.4569034576416
2002-02-18,1.1214053630828857
2002-02-19,4.690065860748291
2002-02-20,17.79999351501465
2002-02-21,43.83123016357422
2002-02-22,28.92664909362793
2002-02-23,32.22104263305664
2002-02-24,14.20817756652832
2002-02-25,1.1364597082138062
2002-02-26,6.42899751663208
2002-02-27,2.5895543098449707
2002-02-28,16.666053771972656
2002-03-01,21.56310272216797
2002-03-02,6.402132987976074
2002-03-03,0.02124292589724064
2002-03-04,0.05438131466507912
2002-03-05,0.6393266916275024
2002-03-06,2.369616746902466
2002-03-07,2.251437187194824
2002-03-08,5.9205241203308105
2002-03-09,4.407968997955322
2002-03-10,28.387571334838867
2002-03-11,57.050594329833984
2002-03-12,13.030549049377441
2002-03-13,0.16070985794067383
2002-03-14,0.0
2002-03-15,0.0
2002-03-16,0.08296084403991699
2002-03-17,0.3560880720615387
2002-03-18,15.100625991821289
2002-03-19,0.31583383679389954
2002-03-20,18.151268005371094
2002-03-21,14.680107116699219
2002-03-22,0.0
2002-03-23,1.7921863794326782
2002-03-24,0.0
2002-03-25,0.0
2002-03-26,0.21370944380760193
2002-03-27,0.35129112005233765
2002-03-28,0.10963016003370285
2002-03-29,0.4764118492603302
2002-03-30,1.3704510927200317
2002-03-31,0.10963016003370285
2002-04-01,0.0
2002-04-02,0.9342426061630249
2002-04-03,0.36254867911338806
2002-04-04,0.0
2002-04-05,29.328134536743164
2002-04-06,7.205199241638184
2002-04-07,0.05970930680632591
2002-04-08,0.0
2002-04-09,0.3592504858970642
2002-04-10,1.7762300968170166
2002-04-11,0.0
2002-04-12,3.6294140815734863
2002-04-13,0.007035045884549618
2002-04-14,8.429414749145508
2002-04-15,1.6665449142456055
2002-04-16,0.0
2002-04-17,0.0
2002-04-18,13.758720397949219
2002-04-19,0.3597927987575531
2002-04-20,0.0
2002-04-21,8.036391258239746
2002-04-22,0.060393691062927246
2002-04-23,1.3880966901779175
2002-04-24,0.6380388140678406
2002-04-25,1.9180173873901367
2002-04-26,9.425408363342285
2002-04-27,50.911441802978516
2002-04-28,0.0
2002-04-29,0.0
2002-04-30,0.0
2002-05-01,0.4541283845901489
2002-05-02,0.0
2002-05-03,16.90569496154785
2002-05-04,0.12944357097148895
2002-05-05,0.0
2002-05-06,1.0869895219802856
2002-05-07,1.0869895219802856
2002-05-08,2.898638963699341
2002-05-09,1.0869895219802856
2002-05-10,1.0869895219802856
2002-05-11,0.01676398143172264
2002-05-12,0.049968697130680084
2002-05-13,1.703159213066101
2002-05-14,0.21539950370788574
2002-05-15,0.5544520020484924
2002-05-16,0.0
2002-05-17,0.22399915754795074
2002-05-18,9.83967113494873
2002-05-19,4.429581642150879
2002-05-20,3.5969817638397217
2002-05-21,11.011551856994629
2002-05-22,0.8156704902648926
2002-05-23,0.8156704902648926
2002-05-24,0.8156704902648926
2002-05-25,2.854846954345703
2002-05-26,0.11461947113275528
2002-05-27,0.0
2002-05-28,5.7081804275512695
2002-05-29,129.35940551757812
2002-05-30,0.4094398617744446
2002-05-31,0.22129890322685242
2002-06-01,0.027283594012260437
2002-06-02,0.2604295313358307
2002-06-03,0.16370156407356262
2002-06-04,0.027283594012260437
2002-06-05,0.06697360426187515
2002-06-06,0.0
2002-06-07,0.0
2002-06-08,4.0471673011779785
2002-06-09,4.645611763000488
2002-06-10,4.268087387084961
2002-06-11,10.288549423217773
2002-06-12,4.385684967041016
2002-06-13,0.0
2002-06-14,13.118409156799316
2002-06-15,5.839447975158691
2002-06-16,1.6930794715881348
2002-06-17,0.3072849214076996
2002-06-18,0.457914799451828
2002-06-19,0.3072849214076996
2002-06-20,0.3072849214076996
2002-06-21,0.8953819870948792
2002-06-22,0.29679158329963684
2002-06-23,0.29679158329963684
2002-06-24,0.29679158329963684
2002-06-25,1.182159185409546
2002-06-26,0.0
2002-06-27,5.932647228240967
2002-06-28,0.1405756026506424
2002-06-29,7.558764457702637
2002-06-30,0.0
2002-07-01,0.19130045175552368
2002-07-02,0.0
2002-07-03,0.009029228240251541
2002-07-04,12.057683944702148
2002-07-05,16.94591522216797
2002-07-06,0.8301196098327637
2002-07-07,0.7923266291618347
2002-07-08,0.41187480092048645
2002-07-09,8.890948295593262
2002-07-10,0.6322835087776184
2002-07-11,0.20561257004737854
2002-07-12,0.6921766996383667
2002-07-13,0.5116771459579468
2002-07-14,0.370416522026062
2002-07-15,0.19776476919651031
2002-07-16,0.4495764374732971
2002-07-17,0.25172874331474304
2002-07-18,4.592227935791016
2002-07-19,6.054222583770752
2002-07-20,0.0
2002-07-21,0.0
2002-07-22,0.0
2002-07-23,0.0
2002-07-24,0.0
2002-07-25,5.390369892120361
2002-07-26,0.16199654340744019
2002-07-27,0.0
2002-07-28,0.6257339715957642
2002-07-29,0.03325691819190979
2002-07-30,0.0
2002-07-31,0.0
2002-08-01,0.04191217198967934
2002-08-02,0.01571706309914589
2002-08-03,0.01571706309914589
2002-08-04,0.01571706309914589
2002-08-05,0.01571706309914589
2002-08-06,0.1309099644422531
2002-08-07,0.1309099644422531
2002-08-08,0.1309099644422531
2002-08-09,0.7854598164558411
2002-08-10,0.1309099644422531
2002-08-11,0.0
2002-08-12,0.0
2002-08-13,0.0
2002-08-14,0.0
2002-08-15,3.686973810195923
2002-08-16,0.0
2002-08-17,0.0576922670006752
2002-08-18,0.2976224720478058
2002-08-19,0.0
2002-08-20,0.26395875215530396
2002-08-21,4.22737455368042
2002-08-22,6.11195182800293
2002-08-23,0.0
2002-08-24,0.0
2002-08-25,0.0
2002-08-26,0.0
2002-08-27,3.0814530849456787
2002-08-28,2.033143997192383
2002-08-29,1.9742238521575928
2002-08-30,18.500568389892578
2002-08-31,2.0604183673858643
2002-09-01,1.4186437129974365
2002-09-02,0.01313013769686222
2002-09-03,0.14790078997612
2002-09-04,0.01348988525569439
2002-09-05,0.0
2002-09-06,2.810520648956299
2002-09-07,3.731513738632202
2002-09-08,0.0
2002-09-09,0.0
2002-09-10,0.3975224494934082
2002-09-11,7.011186599731445
2002-09-12,0.7603815197944641
2002-09-13,5.134607315063477
2002-09-14,1.2071322202682495
2002-09-15,0.02164609357714653
2002-09-16,0.054321810603141785
2002-09-17,3.932899236679077
2002-09-18,16.718095779418945
2002-09-19,0.0
2002-09-20,1.240695595741272
2002-09-21,0.0
2002-09-22,0.003234914969652891
2002-09-23,0.8710710406303406
2002-09-24,8.652519226074219
2002-09-25,0.0
2002-09-26,0.0
2002-09-27,0.0
2002-09-28,0.0
2002-09-29,0.0
2002-09-30,0.0
2002-10-01,0.6555858254432678
2002-10-02,0.1092643067240715
2002-10-03,0.1092643067240715
2002-10-04,0.1092643067240715
2002-10-05,0.1092643067240715
2002-10-06,0.0
2002-10-07,0.13484933972358704
2002-10-08,34.7394905090332
2002-10-09,3.6765406131744385
2002-10-10,0.04442369192838669
2002-10-11,2.7477450370788574
2002-10-12,0.5562048554420471
2002-10-13,0.08509980142116547
2002-10-14,13.88040828704834
2002-10-15,2.6467690467834473
2002-10-16,0.14879128336906433
2002-10-17,31.244020462036133
2002-10-18,0.0
2002-10-19,0.0
2002-10-20,0.06176247075200081
2002-10-21,0.4801764488220215
2002-10-22,5.223559856414795
2002-10-23,0.30933085083961487
2002-10-24,0.0
2002-10-25,0.4001019597053528
2002-10-26,0.0
2002-10-27,7.582737445831299
2002-10-28,0.017578592523932457
2002-10-29,19.965227127075195
2002-10-30,0.9635701775550842
2002-10-31,42.78730010986328
2002-11-01,6.309914588928223
2002-11-02,0.0
2002-11-03,0.0
2002-11-04,11.20840835571289
2002-11-05,6.326277732849121
2002-11-06,0.0
2002-11-07,0.0
2002-11-08,0.0
2002-11-09,0.0
2002-11-10,6.0955376625061035
2002-11-11,0.28542715311050415
2002-11-12,0.1224105954170227
2002-11-13,0.2217024713754654
2002-11-14,0.03497445583343506
2002-11-15,0.03497445583343506
2002-11-16,2.258596181869507
2002-11-17,0.0
2002-11-18,0.0010847212979570031
2002-11-19,0.0
2002-11-20,0.7515055537223816
2002-11-21,14.255348205566406
2002-11-22,0.5925928950309753
2002-11-23,1.887044072151184
2002-11-24,2.792508840560913
2002-11-25,0.12709474563598633
2002-11-26,0.0557037778198719
2002-11-27,0.07058223336935043
2002-11-28,6.8905487060546875
2002-11-29,0.15741367638111115
2002-11-30,0.0
2002-12-01,8.778335571289062
2002-12-02,0.0
2002-12-03,0.05797310918569565
2002-12-04,45.4618034362793
2002-12-05,2.0112111568450928
2002-12-06,28.832908630371094
2002-12-07,0.5926150679588318
2002-12-08,5.850012302398682
2002-12-09,0.9228285551071167
2002-12-10,10.489886283874512
2002-12-11,15.226978302001953
2002-12-12,1.9428635835647583
2002-12-13,5.1675262451171875
2002-12-14,10.847102165222168
2002-12-15,6.203207015991211
2002-12-16,0.430612176656723
2002-12-17,0.11945025622844696
2002-12-18,0.0
2002-12-19,0.004714838694781065
2002-12-20,1.0892540216445923
2002-12-21,1.1566314697265625
2002-12-22,0.0
2002-12-23,0.28849780559539795
2002-12-24,0.9964444041252136
2002-12-25,21.097583770751953
2002-12-26,1.9635543823242188
2002-12-27,0.183929443359375
2002-12-28,0.3459911644458771
2002-12-29,0.0
2002-12-30,0.29733386635780334
2002-12-31,9.970088958740234
2003-01-01,0.007165858987718821
2003-01-02,0.5720138549804688
2003-01-03,5.959070682525635
2003-01-04,14.403192520141602
2003-01-05,0.9908771514892578
2003-01-06,3.650827646255493
2003-01-07,5.618967056274414
2003-01-08,3.6765356063842773
2003-01-09,3.2235004901885986
2003-01-10,0.6451067328453064
2003-01-11,0.0
2003-01-12,2.347097396850586
2003-01-13,4.889134883880615
2003-01-14,15.138705253601074
2003-01-15,1.380556583404541
2003-01-16,2.115453004837036
2003-01-17,0.02353634685277939
2003-01-18,0.9378966093063354
2003-01-19,83.98756408691406
2003-01-20,1.072837233543396
2003-01-21,1.7506687641143799
2003-01-22,1.048722267150879
2003-01-23,0.9423067569732666
2003-01-24,28.60642433166504
2003-01-25,1.0162875652313232
2003-01-26,0.5710468292236328
2003-01-27,0.10716865211725235
2003-01-28,0.006123922765254974
2003-01-29,6.156861782073975
2003-01-30,0.2746308445930481
2003-01-31,0.09814941883087158
2003-02-01,0.04916667565703392
2003-02-02,11.533474922180176
2003-02-03,0.6367017030715942
2003-02-04,0.16164351999759674
2003-02-05,13.72651481628418
2003-02-06,17.857847213745117
2003-02-07,0.9173694252967834
2003-02-08,13.305028915405273
2003-02-09,11.41882610321045
2003-02-10,19.037321090698242
2003-02-11,0.0
2003-02-12,2.032104730606079
2003-02-13,1.6947596073150635
2003-02-14,87.1353759765625
2003-02-15,0.0038938061334192753
2003-02-16,15.274126052856445
2003-02-17,1.8878319263458252
2003-02-18,7.7386674880981445
2003-02-19,3.296199321746826
2003-02-20,2.298196792602539
2003-02-21,5.948713779449463
2003-02-22,0.04315345734357834
2003-02-23,0.0
2003-02-24,0.8392951488494873
2003-02-25,0.3668350875377655
2003-02-26,69.07070922851562
2003-02-27,2.1763381958007812
2003-02-28,4.967377185821533
2003-03-01,2.8053138256073
2003-03-02,3.6263437271118164
2003-03-03,34.59983825683594
2003-03-04,24.12005615234375
2003-03-05,17.654970169067383
2003-03-06,28.25531005859375
2003-03-07,4.463352203369141
2003-03-08,0.2611185312271118
2003-03-09,0.0
2003-03-10,18.978376388549805
2003-03-11,0.24130213260650635
2003-03-12,2.0347843170166016
2003-03-13,0.17115207016468048
2003-03-14,43.141536712646484
2003-03-15,0.9665352702140808
2003-03-16,1.4547462463378906
2003-03-17,46.021766662597656
2003-03-18,1.6054909229278564
2003-03-19,7.620601654052734
2003-03-20,0.5497123003005981
2003-03-21,52.05894470214844
2003-03-22,0.0029287005309015512
2003-03-23,0.0274969395250082
2003-03-24,0.0
2003-03-25,0.010260806418955326
2003-03-26,0.015031689777970314
2003-03-27,2.149568796157837
2003-03-28,1.5555166006088257
2003-03-29,13.551241874694824
2003-03-30,1.3505607843399048
2003-03-31,7.443030834197998
2003-04-01,23.868667602539062
2003-04-02,0.4139811396598816
2003-04-03,0.02048625983297825
2003-04-04,16.876361846923828
2003-04-05,9.601852416992188
2003-04-06,0.0061084250919520855
2003-04-07,3.702670097351074
2003-04-08,11.815478324890137
2003-04-09,0.16559231281280518
2003-04-10,11.52929401397705
2003-04-11,0.0
2003-04-12,0.0
2003-04-13,0.0
2003-04-14,0.0
2003-04-15,0.0
2003-04-16,0.0
2003-04-17,0.2010173499584198
2003-04-18,5.35118293762207
2003-04-19,33.9830322265625
2003-04-20,5.609504222869873
2003-04-21,4.260462284088135
2003-04-22,1.5807554721832275
2003-04-23,0.0
2003-04-24,0.0
2003-04-25,0.0
2003-04-26,0.5353057384490967
2003-04-27,0.15335093438625336
2003-04-28,0.15477348864078522
2003-04-29,0.15335093438625336
2003-04-30,0.5367282629013062
2003-05-01,1.276047706604004
2003-05-02,0.0
2003-05-03,35.0284309387207
2003-05-04,0.0
2003-05-05,0.0
2003-05-06,0.11286161094903946
2003-05-07,0.09832800179719925
2003-05-08,2.2709710597991943
2003-05-09,0.6638520359992981
2003-05-10,0.2808762192726135
2003-05-11,0.0
2003-05-12,7.559574127197266
2003-05-13,0.0
2003-05-14,0.0
2003-05-15,0.12392743676900864
2003-05-16,1.3133395910263062
2003-05-17,3.0573859214782715
2003-05-18,5.688048362731934
2003-05-19,37.207763671875
2003-05-20,0.5627532005310059
2003-05-21,0.031404491513967514
2003-05-22,0.0
2003-05-23,1.2209351062774658
2003-05-24,59.5965690612793
2003-05-25,0.7469284534454346
2003-05-26,0.0
2003-05-27,0.0
2003-05-28,8.245413780212402
2003-05-29,0.0
2003-05-30,0.0
2003-05-31,0.0
2003-06-01,0.3252946436405182
2003-06-02,0.566735565662384
2003-06-03,0.4814360439777374
2003-06-04,0.46987003087997437
2003-06-05,0.3252946436405182
2003-06-06,0.8837205767631531
2003-06-07,0.8837205767631531
2003-06-08,0.8837205767631531
2003-06-09,0.8837205767631531
2003-06-10,0.8837205767631531
2003-06-11,5.317019462585449
2003-06-12,5.207766056060791
2003-06-13,0.6191050410270691
2003-06-14,0.6191050410270691
2003-06-15,0.6191050410270691
2003-06-16,0.0
2003-06-17,0.19104672968387604
2003-06-18,0.000791871570982039
2003-06-19,2.043339490890503
2003-06-20,5.757974147796631
2003-06-21,3.3444230556488037
2003-06-22,0.0
2003-06-23,0.0
2003-06-24,0.0
2003-06-25,0.0
2003-06-26,0.0
2003-06-27,0.0
2003-06-28,0.0
2003-06-29,42.788822174072266
2003-06-30,0.0
2003-07-01,0.24812662601470947
2003-07-02,0.24812662601470947
2003-07-03,0.307132363319397
2003-07-04,1.4297541379928589
2003-07-05,0.24812662601470947
2003-07-06,0.5531023144721985
2003-07-07,0.5531023144721985
2003-07-08,0.5531023144721985
2003-07-09,3.3186140060424805
2003-07-10,0.5531023144721985
2003-07-11,0.05878586322069168
2003-07-12,0.3527151942253113
2003-07-13,0.2984309196472168
2003-07-14,0.4069994390010834
2003-07-15,0.05878586322069168
2003-07-16,0.0
2003-07-17,0.13924668729305267
2003-07-18,4.238241195678711
2003-07-19,0.31386077404022217
2003-07-20,0.26912206411361694
2003-07-21,0.0
2003-07-22,0.3942784070968628
2003-07-23,1.917280673980713
2003-07-24,0.0
2003-07-25,9.104252815246582
2003-07-26,0.22354073822498322
2003-07-27,0.0
2003-07-28,0.0
2003-07-29,0.14529360830783844
2003-07-30,0.07139917463064194
2003-07-31,0.0
2003-08-01,0.012315146625041962
2003-08-02,0.022931652143597603
2003-08-03,0.012315146625041962
2003-08-04,0.043103013187646866
2003-08-05,0.032486509531736374
2003-08-06,29.01502799987793
2003-08-07,13.234587669372559
2003-08-08,13.329540252685547
2003-08-09,27.478912353515625
2003-08-10,1.285927414894104
2003-08-11,0.0
2003-08-12,0.0
2003-08-13,0.0
2003-08-14,0.0
2003-08-15,0.0
2003-08-16,0.0
2003-08-17,0.0
2003-08-18,0.0
2003-08-19,0.0
2003-08-20,0.0
2003-08-21,0.0
2003-08-22,0.018622515723109245
2003-08-23,54.23220443725586
2003-08-24,0.12320685386657715
2003-08-25,0.2919863760471344
2003-08-26,0.0
2003-08-27,0.3149327337741852
2003-08-28,0.38184282183647156
2003-08-29,0.05605032294988632
2003-08-30,0.19736719131469727
2003-08-31,0.156800776720047
2003-09-01,0.08471886813640594
2003-09-02,0.08471886813640594
2003-09-03,0.08471886813640594
2003-09-04,1.101345181465149
2003-09-05,0.3388754725456238
2003-09-06,0.006361150648444891
2003-09-07,27.111421585083008
2003-09-08,0.08454056829214096
2003-09-09,16.69072723388672
2003-09-10,3.6629161834716797
2003-09-11,0.6647826433181763
2003-09-12,0.9251334071159363
2003-09-13,0.5270749926567078
2003-09-14,0.299750953912735
2003-09-15,0.5807674527168274
2003-09-16,10.190110206604004
2003-09-17,0.0
2003-09-18,0.0
2003-09-19,0.0
2003-09-20,0.0
2003-09-21,0.0
2003-09-22,0.0
2003-09-23,0.0
2003-09-24,0.12949024140834808
2003-09-25,27.88348388671875
2003-09-26,2.4007480144500732
2003-09-27,0.0
2003-09-28,0.26796019077301025
2003-09-29,19.831201553344727
2003-09-30,0.0
2003-10-01,0.013902978971600533
2003-10-02,7.953027725219727
2003-10-03,14.891584396362305
2003-10-04,3.550027847290039
2003-10-05,0.0071193561889231205
2003-10-06,0.013320494443178177
2003-10-07,40.812461853027344
2003-10-08,0.0
2003-10-09,0.0
2003-10-10,0.8455657958984375
2003-10-11,7.910543918609619
2003-10-12,0.0
2003-10-13,0.0
2003-10-14,0.0
2003-10-15,0.0
2003-10-16,0.039275169372558594
2003-10-17,0.039275169372558594
2003-10-18,0.039275169372558594
2003-10-19,0.39617007970809937
2003-10-20,0.27150779962539673
2003-10-21,0.0
2003-10-22,0.0
2003-10-23,19.36403465270996
2003-10-24,0.0
2003-10-25,0.021872276440262794
2003-10-26,22.175832748413086
2003-10-27,0.0
2003-10-28,2.174623966217041
2003-10-29,0.0
2003-10-30,0.0
2003-10-31,4.453463554382324
2003-11-01,2.286982774734497
2003-11-02,9.632089614868164
2003-11-03,1.306527853012085
2003-11-04,0.0
2003-11-05,0.0
2003-11-06,0.0
2003-11-07,0.0
2003-11-08,0.0037412974052131176
2003-11-09,0.0
2003-11-10,15.26374626159668
2003-11-11,1.3633469343185425
2003-11-12,0.0
2003-11-13,19.39409828186035
2003-11-14,5.372321128845215
2003-11-15,3.7471578121185303
2003-11-16,0.0
2003-11-17,12.325839042663574
2003-11-18,0.0
2003-11-19,0.0
2003-11-20,0.13498598337173462
2003-11-21,0.0
2003-11-22,0.0
2003-11-23,0.7910058498382568
2003-11-24,0.0
2003-11-25,5.851362228393555
2003-11-26,0.8117505311965942
2003-11-27,0.0
2003-11-28,0.3530239164829254
2003-11-29,6.196783065795898
2003-11-30,0.18818843364715576
2003-12-01,0.23381514847278595
2003-12-02,2.3754079341888428
2003-12-03,0.0
2003-12-04,5.77824592590332
2003-12-05,1.394662857055664
2003-12-06,0.2831810414791107
2003-12-07,16.42292594909668
2003-12-08,0.0
2003-12-09,2.9659245014190674
2003-12-10,61.31415939331055
2003-12-11,1.7955009937286377
2003-12-12,0.007582740858197212
2003-12-13,1.6242398023605347
2003-12-14,0.1163439080119133
2003-12-15,0.0
2003-12-16,0.0
2003-12-17,16.523895263671875
2003-12-18,0.023641198873519897
2003-12-19,0.09267009049654007
2003-12-20,16.381824493408203
2003-12-21,0.9148942232131958
2003-12-22,0.0
2003-12-23,16.27798080444336
2003-12-24,0.3939772844314575
2003-12-25,17.008743286132812
2003-12-26,13.365754127502441
2003-12-27,1.2598823308944702
2003-12-28,58.407203674316406
2003-12-29,14.154031753540039
2003-12-30,0.9385592937469482
2003-12-31,22.565446853637695
2004-01-01,32.39643859863281
2004-01-02,10.861634254455566
2004-01-03,3.179213523864746
2004-01-04,15.659160614013672
2004-01-05,16.83692741394043
2004-01-06,2.1982882022857666
2004-01-07,2.7084851264953613
2004-01-08,4.14644193649292
2004-01-09,64.407470703125
2004-01-10,1.8824855089187622
2004-01-11,10.625188827514648
2004-01-12,71.57550048828125
2004-01-13,9.93908977508545
2004-01-14,43.729957580566406
2004-01-15,55.3790168762207
2004-01-16,5.883943557739258
2004-01-17,0.3146415948867798
2004-01-18,0.11342558264732361
2004-01-19,0.3568800687789917
2004-01-20,2.4284660816192627
2004-01-21,32.32962417602539
2004-01-22,9.683873176574707
2004-01-23,4.647989273071289
2004-01-24,1.1109248399734497
2004-01-25,1.2131974697113037
2004-01-26,0.19462187588214874
2004-01-27,0.0
2004-01-28,0.007618436589837074
2004-01-29,9.849382400512695
2004-01-30,1.2321174144744873
2004-01-31,0.32066187262535095
2004-02-01,4.136286735534668
2004-02-02,0.27986064553260803
2004-02-03,19.998579025268555
2004-02-04,9.957719802856445
2004-02-05,11.221768379211426
2004-02-06,24.866838455200195
2004-02-07,8.858810424804688
2004-02-08,4.022597312927246
2004-02-09,0.8215475678443909
2004-02-10,1.2098381519317627
2004-02-11,4.396345138549805
2004-02-12,0.7252926230430603
2004-02-13,9.043477058410645
2004-02-14,37.10746383666992
2004-02-15,11.189655303955078
2004-02-16,0.0
2004-02-17,0.04971421882510185
2004-02-18,1.7106965780258179
2004-02-19,38.13141632080078
2004-02-20,3.7540135383605957
2004-02-21,0.0
2004-02-22,0.0
2004-02-23,0.0
2004-02-24,0.0
2004-02-25,0.0
2004-02-26,0.0
2004-02-27,0.0
2004-02-28,4.882124423980713
2004-02-29,0.08876588940620422
2004-03-01,0.001968282973393798
2004-03-02,0.0
2004-03-03,22.951692581176758
2004-03-04,3.9982075691223145
2004-03-05,0.09233880788087845
2004-03-06,0.0013740668073296547
2004-03-07,1.0518732070922852
2004-03-08,10.883089065551758
2004-03-09,47.36863708496094
2004-03-10,1.513965129852295
2004-03-11,0.16865041851997375
2004-03-12,0.43473464250564575
2004-03-13,0.03952133283019066
2004-03-14,0.03952133283019066
2004-03-15,0.10799888521432877
2004-03-16,3.2740542888641357
2004-03-17,1.7519466876983643
2004-03-18,13.939009666442871
2004-03-19,56.775882720947266
2004-03-20,4.465344429016113
2004-03-21,0.10611777752637863
2004-03-22,0.23669074475765228
2004-03-23,1.0035916566848755
2004-03-24,1.2258132696151733
2004-03-25,0.03092639148235321
2004-03-26,0.2487158328294754
2004-03-27,36.9498176574707
2004-03-28,0.22490182518959045
2004-03-29,4.4105424880981445
2004-03-30,0.43086138367652893
2004-03-31,0.0673293024301529
2004-04-01,0.4735851287841797
2004-04-02,1.1385784149169922
2004-04-03,0.0
2004-04-04,0.24167495965957642
2004-04-05,0.4565555453300476
2004-04-06,0.4685947299003601
2004-04-07,0.11447833478450775
2004-04-08,0.3904821574687958
2004-04-09,14.280047416687012
2004-04-10,0.4273858070373535
2004-04-11,1.160029411315918
2004-04-12,0.0
2004-04-13,0.0
2004-04-14,0.03709099441766739
2004-04-15,4.646397590637207
2004-04-16,31.571685791015625
2004-04-17,1.7475887537002563
2004-04-18,57.690650939941406
2004-04-19,3.7044262886047363
2004-04-20,32.56124496459961
2004-04-21,0.0
2004-04-22,12.846211433410645
2004-04-23,2.287374496459961
2004-04-24,21.97992515563965
2004-04-25,3.8130736351013184
2004-04-26,0.20070135593414307
2004-04-27,0.20070135593414307
2004-04-28,0.20070135593414307
2004-04-29,0.5352036356925964
2004-04-30,0.20070135593414307
2004-05-01,23.45023536682129
2004-05-02,0.586411714553833
2004-05-03,0.8019459247589111
2004-05-04,93.45092010498047
2004-05-05,9.148193359375
2004-05-06,0.46547555923461914
2004-05-07,0.3429819941520691
2004-05-08,2.7794716358184814
2004-05-09,2.9287288188934326
2004-05-10,0.3429819941520691
2004-05-11,0.0
2004-05-12,0.41487032175064087
2004-05-13,18.199888229370117
2004-05-14,0.5614684224128723
2004-05-15,0.0
2004-05-16,0.5329083800315857
2004-05-17,0.5329083800315857
2004-05-18,0.5329083800315857
2004-05-19,0.5329083800315857
2004-05-20,0.5329083800315857
2004-05-21,0.0
2004-05-22,0.011814028024673462
2004-05-23,9.453180313110352
2004-05-24,25.903104782104492
2004-05-25,8.627347946166992
2004-05-26,0.4770313799381256
2004-05-27,1.410110354423523
2004-05-28,0.0
2004-05-29,9.041213035583496
2004-05-30,0.0
2004-05-31,0.0
2004-06-01,0.317678302526474
2004-06-02,0.11912936717271805
2004-06-03,0.11912936717271805
2004-06-04,0.11912936717271805
2004-06-05,0.11912936717271805
2004-06-06,0.4949176609516144
2004-06-07,6.570240020751953
2004-06-08,10.194623947143555
2004-06-09,1.2605589628219604
2004-06-10,4.213943958282471
2004-06-11,16.796117782592773
2004-06-12,0.055274996906518936
2004-06-13,0.8171464800834656
2004-06-14,0.816296398639679
2004-06-15,0.31915390491485596
2004-06-16,0.1573820859193802
2004-06-17,0.1573820859193802
2004-06-18,0.1573820859193802
2004-06-19,0.1573820859193802
2004-06-20,2.518113374710083
2004-06-21,0.005689704790711403
2004-06-22,6.276772499084473
2004-06-23,0.03869854286313057
2004-06-24,4.773764133453369
2004-06-25,0.0
2004-06-26,16.015193939208984
2004-06-27,10.008556365966797
2004-06-28,0.0
2004-06-29,0.1237475648522377
2004-06-30,0.43254658579826355
2004-07-01,0.0
2004-07-02,2.2156789302825928
2004-07-03,0.5439093112945557
2004-07-04,0.0
2004-07-05,0.30913785099983215
2004-07-06,0.2783251106739044
2004-07-07,0.0
2004-07-08,2.896228075027466
2004-07-09,0.0
2004-07-10,6.546249866485596
2004-07-11,6.866848468780518
2004-07-12,0.0
2004-07-13,0.0
2004-07-14,0.0
2004-07-15,4.030669689178467
2004-07-16,18.455217361450195
2004-07-17,10.007673263549805
2004-07-18,0.5175546407699585
2004-07-19,0.0
2004-07-20,0.0
2004-07-21,0.0
2004-07-22,0.0
2004-07-23,0.0
2004-07-24,1.6287117004394531
2004-07-25,0.06786298751831055
2004-07-26,0.11937575787305832
2004-07-27,0.017257286235690117
2004-07-28,0.034485407173633575
2004-07-29,1.0473897457122803
2004-07-30,0.1275598704814911
2004-07-31,0.0
2004-08-01,0.027112742885947227
2004-08-02,0.010167279280722141
2004-08-03,0.010167279280722141
2004-08-04,0.010167279280722141
2004-08-05,0.010167279280722141
2004-08-06,0.0
2004-08-07,8.411635398864746
2004-08-08,1.3756771087646484
2004-08-09,0.0
2004-08-10,0.7170912623405457
2004-08-11,0.0
2004-08-12,0.0
2004-08-13,0.0
2004-08-14,0.0
2004-08-15,0.0
2004-08-16,5.618487358093262
2004-08-17,0.2162807434797287
2004-08-18,5.741012096405029
2004-08-19,0.0
2004-08-20,0.0
2004-08-21,4.71235466003418
2004-08-22,0.4316652715206146
2004-08-23,0.03512320667505264
2004-08-24,0.0
2004-08-25,4.729504108428955
2004-08-26,2.692319393157959
2004-08-27,1.030611276626587
2004-08-28,0.0
2004-08-29,0.0
2004-08-30,0.0023630070500075817
2004-08-31,0.12573295831680298
2004-09-01,0.0
2004-09-02,0.0
2004-09-03,17.1274471282959
2004-09-04,0.0
2004-09-05,0.02777513861656189
2004-09-06,13.952970504760742
2004-09-07,0.2127295732498169
2004-09-08,0.6803696751594543
2004-09-09,5.303164005279541
2004-09-10,0.0
2004-09-11,0.05407135188579559
2004-09-12,0.33496591448783875
2004-09-13,0.4812808632850647
2004-09-14,0.054711222648620605
2004-09-15,0.04868575558066368
2004-09-16,0.21348698437213898
2004-09-17,0.21348698437213898
2004-09-18,0.21348698437213898
2004-09-19,0.21348698437213898
2004-09-20,0.21348698437213898
2004-09-21,0.0
2004-09-22,0.0
2004-09-23,5.583320140838623
2004-09-24,0.10591662675142288
2004-09-25,0.0
2004-09-26,0.0
2004-09-27,0.05876439809799194
2004-09-28,0.2201089709997177
2004-09-29,16.704530715942383
2004-09-30,29.385459899902344
2004-10-01,9.874229431152344
2004-10-02,0.004081646911799908
2004-10-03,4.944056510925293
2004-10-04,19.14005470275879
2004-10-05,0.006164449267089367
2004-10-06,0.0
2004-10-07,0.0
2004-10-08,0.0
2004-10-09,0.0
2004-10-10,0.0
2004-10-11,0.0038902706000953913
2004-10-12,11.27475643157959
2004-10-13,0.39544597268104553
2004-10-14,0.3450216054916382
2004-10-15,3.1754186153411865
2004-10-16,0.0
2004-10-17,1.770730972290039
2004-10-18,13.478979110717773
2004-10-19,22.48378562927246
2004-10-20,0.1179160475730896
2004-10-21,0.0
2004-10-22,0.0
2004-10-23,0.0
2004-10-24,0.0
2004-10-25,0.0
2004-10-26,0.23760725557804108
2004-10-27,14.167390823364258
2004-10-28,0.8342081904411316
2004-10-29,0.0
2004-10-30,0.011648804880678654
2004-10-31,3.8245115280151367
2004-11-01,3.3207178115844727
2004-11-02,14.58431339263916
2004-11-03,0.06224242225289345
2004-11-04,0.03672679513692856
2004-11-05,0.05871257558465004
2004-11-06,0.0
2004-11-07,0.0
2004-11-08,0.0
2004-11-09,0.0
2004-11-10,0.0
2004-11-11,20.875133514404297
2004-11-12,0.23496229946613312
2004-11-13,0.05023345351219177
2004-11-14,0.0
2004-11-15,13.034822463989258
2004-11-16,1.6030213832855225
2004-11-17,0.9769644737243652
2004-11-18,44.95722579956055
2004-11-19,2.37119722366333
2004-11-20,5.876451015472412
2004-11-21,0.06299964338541031
2004-11-22,6.673462867736816
2004-11-23,1.9214890003204346
2004-11-24,0.0
2004-11-25,1.1699934005737305
2004-11-26,0.10438437759876251
2004-11-27,1.3397674560546875
2004-11-28,40.56794357299805
2004-11-29,3.4646968841552734
2004-11-30,0.0
2004-12-01,0.014955624006688595
2004-12-02,0.3993775248527527
2004-12-03,6.2391438484191895
2004-12-04,0.0
2004-12-05,0.0
2004-12-06,0.02143062837421894
2004-12-07,0.026977866888046265
2004-12-08,0.61634761095047
2004-12-09,0.9865123629570007
2004-12-10,56.71443557739258
2004-12-11,2.9095242023468018
2004-12-12,0.046862389892339706
2004-12-13,2.82015061378479
2004-12-14,0.7375999093055725
2004-12-15,36.14543533325195
2004-12-16,4.788689136505127
2004-12-17,22.963891983032227
2004-12-18,6.145778179168701
2004-12-19,0.22154590487480164
2004-12-20,0.5206024050712585
2004-12-21,16.946290969848633
2004-12-22,0.21457375586032867
2004-12-23,2.0716991424560547
2004-12-24,0.02885662019252777
2004-12-25,42.504024505615234
2004-12-26,37.9682731628418
2004-12-27,0.14613571763038635
2004-12-28,0.11300211399793625
2004-12-29,0.17017634212970734
2004-12-30,4.0481743812561035
2004-12-31,0.2628779411315918
2005-01-01,0.021890664473176003
2005-01-02,0.9262509346008301
2005-01-03,44.715492248535156
2005-01-04,0.05578147619962692
2005-01-05,0.021184701472520828
2005-01-06,0.10034995526075363
2005-01-07,0.00032464045216329396
2005-01-08,0.0
2005-01-09,0.0006608361727558076
2005-01-10,0.20397090911865234
2005-01-11,1.477027177810669
2005-01-12,4.410351753234863
2005-01-13,1.2635027170181274
2005-01-14,6.570457458496094
2005-01-15,1.8472405672073364
2005-01-16,77.90985870361328
2005-01-17,0.36725568771362305
2005-01-18,0.07391735911369324
2005-01-19,0.0
2005-01-20,4.285252571105957
2005-01-21,1.6117552518844604
2005-01-22,1.1139945983886719
2005-01-23,13.392666816711426
2005-01-24,7.591669082641602
2005-01-25,1.10699462890625
2005-01-26,75.63337707519531
2005-01-27,0.36003273725509644
2005-01-28,0.6132423281669617
2005-01-29,0.2944999933242798
2005-01-30,0.17794837057590485
2005-01-31,6.938882350921631
2005-02-01,41.17339324951172
2005-02-02,0.4410044848918915
2005-02-03,0.1169169619679451
2005-02-04,0.4124698340892792
2005-02-05,1.579331398010254
2005-02-06,0.16224735975265503
2005-02-07,3.1373541355133057
2005-02-08,9.735865592956543
2005-02-09,27.93209457397461
2005-02-10,25.5423641204834
2005-02-11,4.537095069885254
2005-02-12,6.536573886871338
2005-02-13,7.5521674156188965
2005-02-14,0.6712343692779541
2005-02-15,32.15394973754883
2005-02-16,3.1406335830688477
2005-02-17,1.93617582321167
2005-02-18,1.8034292459487915
2005-02-19,9.982264518737793
2005-02-20,9.245796203613281
2005-02-21,2.7009787559509277
2005-02-22,8.188652992248535
2005-02-23,11.147102355957031
2005-02-24,76.35257720947266
2005-02-25,3.693424701690674
2005-02-26,1.0750762224197388
2005-02-27,87.25000762939453
2005-02-28,2.2192842960357666
2005-03-01,29.812917709350586
2005-03-02,0.7976691126823425
2005-03-03,1.7545270919799805
2005-03-04,0.013833215460181236
2005-03-05,0.0
2005-03-06,0.0
2005-03-07,0.12563759088516235
2005-03-08,0.041440993547439575
2005-03-09,2.522402048110962
2005-03-10,32.96581268310547
2005-03-11,0.43427616357803345
2005-03-12,0.24382998049259186
2005-03-13,0.10147807747125626
2005-03-14,76.8543472290039
2005-03-15,0.0
2005-03-16,0.0
2005-03-17,0.0
2005-03-18,0.0
2005-03-19,15.853885650634766
2005-03-20,0.0
2005-03-21,0.0
2005-03-22,1.411319375038147
2005-03-23,15.176203727722168
2005-03-24,0.11676675081253052
2005-03-25,0.0
2005-03-26,0.0
2005-03-27,0.1443260759115219
2005-03-28,17.330995559692383
2005-03-29,0.13833004236221313
2005-03-30,8.961865425109863
2005-03-31,9.751729965209961
2005-04-01,4.706111431121826
2005-04-02,0.6288559436798096
2005-04-03,48.3260498046875
2005-04-04,6.257127285003662
2005-04-05,1.5569759607315063
2005-04-06,1.2290666103363037
2005-04-07,0.05618996173143387
2005-04-08,2.7370798587799072
2005-04-09,2.3357036113739014
2005-04-10,0.6486042737960815
2005-04-11,0.0
2005-04-12,0.0
2005-04-13,9.848353385925293
2005-04-14,0.0
2005-04-15,1.2006916999816895
2005-04-16,11.161064147949219
2005-04-17,0.06667368859052658
2005-04-18,28.56258773803711
2005-04-19,0.0
2005-04-20,0.3205702006816864
2005-04-21,25.917343139648438
2005-04-22,0.06392063200473785
2005-04-23,3.434913396835327
2005-04-24,0.8310116529464722
2005-04-25,45.69913101196289
2005-04-26,14.421576499938965
2005-04-27,0.0
2005-04-28,0.0
2005-04-29,4.768886566162109
2005-04-30,0.0
2005-05-01,0.10453487932682037
2005-05-02,0.10453487932682037
2005-05-03,0.10453487932682037
2005-05-04,0.6272093057632446
2005-05-05,1.1498836278915405
2005-05-06,5.23804235458374
2005-05-07,36.14130783081055
2005-05-08,1.4376691579818726
2005-05-09,0.21173404157161713
2005-05-10,0.0
2005-05-11,0.0
2005-05-12,0.0
2005-05-13,0.7809334397315979
2005-05-14,0.1466243416070938
2005-05-15,37.248085021972656
2005-05-16,0.39708104729652405
2005-05-17,0.0
2005-05-18,0.6533701419830322
2005-05-19,12.29948902130127
2005-05-20,0.0
2005-05-21,62.429744720458984
2005-05-22,14.127800941467285
2005-05-23,0.0
2005-05-24,0.0
2005-05-25,3.9469990730285645
2005-05-26,0.0
2005-05-27,0.0
2005-05-28,0.0
2005-05-29,0.0
2005-05-30,0.0
2005-05-31,11.088740348815918
2005-06-01,0.06505507975816727
2005-06-02,0.32573676109313965
2005-06-03,0.06505507975816727
2005-06-04,0.7801995277404785
2005-06-05,0.06505507975816727
2005-06-06,0.3902488648891449
2005-06-07,1.3658709526062012
2005-06-08,0.3902488648891449
2005-06-09,1.3658709526062012
2005-06-10,0.3902488648891449
2005-06-11,0.09608294814825058
2005-06-12,93.6384048461914
2005-06-13,1.5381215810775757
2005-06-14,41.21662521362305
2005-06-15,1.814329981803894
2005-06-16,0.0
2005-06-17,0.0
2005-06-18,0.0
2005-06-19,0.0
2005-06-20,9.192400932312012
2005-06-21,0.9171853065490723
2005-06-22,5.503111839294434
2005-06-23,0.9171853065490723
2005-06-24,0.9171853065490723
2005-06-25,0.9171853065490723
2005-06-26,1.9713621139526367
2005-06-27,0.6584811806678772
2005-06-28,0.5088264346122742
2005-06-29,1.440767765045166
2005-06-30,0.5088264346122742
2005-07-01,0.38136035203933716
2005-07-02,0.8323336243629456
2005-07-03,0.0
2005-07-04,0.0
2005-07-05,13.919591903686523
2005-07-06,0.5776450037956238
2005-07-07,4.705078601837158
2005-07-08,2.4665474891662598
2005-07-09,0.4305150508880615
2005-07-10,0.4305150508880615
2005-07-11,0.22020378708839417
2005-07-12,0.22020378708839417
2005-07-13,0.22020378708839417
2005-07-14,0.22020378708839417
2005-07-15,0.22020378708839417
2005-07-16,0.0
2005-07-17,0.0
2005-07-18,4.573749542236328
2005-07-19,0.1320149153470993
2005-07-20,0.3708215653896332
2005-07-21,1.4743762016296387
2005-07-22,0.4264427125453949
2005-07-23,0.28523263335227966
2005-07-24,0.28523263335227966
2005-07-25,0.38104233145713806
2005-07-26,0.0590289868414402
2005-07-27,2.5529816150665283
2005-07-28,1.7279267311096191
2005-07-29,0.0
2005-07-30,0.0
2005-07-31,0.0
2005-08-01,0.019686397165060043
2005-08-02,0.019686397165060043
2005-08-03,0.019686397165060043
2005-08-04,0.019686397165060043
2005-08-05,0.019686397165060043
2005-08-06,1.154602289199829
2005-08-07,1.3217905759811401
2005-08-08,0.00295636965893209
2005-08-09,0.025628354400396347
2005-08-10,0.0017642178572714329
2005-08-11,0.0
2005-08-12,0.0
2005-08-13,0.0
2005-08-14,0.0
2005-08-15,0.0
2005-08-16,0.0
2005-08-17,0.0
2005-08-18,0.0
2005-08-19,0.0
2005-08-20,0.0
2005-08-21,0.0
2005-08-22,0.0
2005-08-23,0.0
2005-08-24,13.520608901977539
2005-08-25,14.490888595581055
2005-08-26,2.5913050174713135
2005-08-27,0.027525240555405617
2005-08-28,0.0
2005-08-29,0.0
2005-08-30,0.0
2005-08-31,0.0
2005-09-01,21.937297821044922
2005-09-02,0.024345356971025467
2005-09-03,0.04250572994351387
2005-09-04,0.0
2005-09-05,0.0
2005-09-06,2.8939192295074463
2005-09-07,0.0
2005-09-08,0.0
2005-09-09,0.0
2005-09-10,0.0020351046696305275
2005-09-11,0.23563392460346222
2005-09-12,0.16118229925632477
2005-09-13,2.343463182449341
2005-09-14,0.21471838653087616
2005-09-15,0.12625138461589813
2005-09-16,0.9704796075820923
2005-09-17,0.16351205110549927
2005-09-18,0.16351205110549927
2005-09-19,0.1654379963874817
2005-09-20,0.16254907846450806
2005-09-21,0.0
2005-09-22,0.0
2005-09-23,0.18682244420051575
2005-09-24,0.0
2005-09-25,0.5584192276000977
2005-09-26,7.213974475860596
2005-09-27,0.0
2005-09-28,0.017775900661945343
2005-09-29,0.025394145399332047
2005-09-30,0.1376291811466217
2005-10-01,14.812710762023926
2005-10-02,0.01730014942586422
2005-10-03,2.1065502166748047
2005-10-04,0.0
2005-10-05,2.3150475025177
2005-10-06,12.853522300720215
2005-10-07,0.8516490459442139
2005-10-08,0.03726964071393013
2005-10-09,0.0
2005-10-10,0.022524284198880196
2005-10-11,0.0
2005-10-12,0.0
2005-10-13,0.0
2005-10-14,6.1480584144592285
2005-10-15,0.00904970895498991
2005-10-16,0.12878552079200745
2005-10-17,30.07671546936035
2005-10-18,7.761138916015625
2005-10-19,1.8279550075531006
2005-10-20,0.0499604158103466
2005-10-21,0.5146389603614807
2005-10-22,0.10830806940793991
2005-10-23,6.071784019470215
2005-10-24,2.7908647060394287
2005-10-25,3.6513843536376953
2005-10-26,11.640753746032715
2005-10-27,7.404111862182617
2005-10-28,18.259925842285156
2005-10-29,0.08898210525512695
2005-10-30,15.15937614440918
2005-10-31,0.023642009124159813
2005-11-01,0.17856775224208832
2005-11-02,0.17856775224208832
2005-11-03,0.17856775224208832
2005-11-04,0.17856775224208832
2005-11-05,0.17856775224208832
2005-11-06,11.021783828735352
2005-11-07,0.8331092596054077
2005-11-08,9.81593132019043
2005-11-09,0.9659048318862915
2005-11-10,0.0052441200241446495
2005-11-11,12.943438529968262
2005-11-12,4.921461582183838
2005-11-13,0.0059723746962845325
2005-11-14,0.0
2005-11-15,0.5300149917602539
2005-11-16,0.42319709062576294
2005-11-17,3.558466672897339
2005-11-18,0.43817463517189026
2005-11-19,1.2649705410003662
2005-11-20,42.02194595336914
2005-11-21,0.20654910802841187
2005-11-22,0.0
2005-11-23,0.6652622222900391
2005-11-24,1.120672583580017
2005-11-25,20.218915939331055
2005-11-26,0.7589534521102905
2005-11-27,0.2078341841697693
2005-11-28,1.7789523601531982
2005-11-29,0.1511584222316742
2005-11-30,4.393984794616699
2005-12-01,3.8129818439483643
2005-12-02,21.202646255493164
2005-12-03,21.810365676879883
2005-12-04,1.587719202041626
2005-12-05,1.1507056951522827
2005-12-06,0.12143487483263016
2005-12-07,50.899112701416016
2005-12-08,1.6999168395996094
2005-12-09,2.2396109104156494
2005-12-10,0.12832506000995636
2005-12-11,35.721656799316406
2005-12-12,0.0
2005-12-13,0.01998062990605831
2005-12-14,0.06260597705841064
2005-12-15,1.3757158517837524
2005-12-16,0.27121010422706604
2005-12-17,2.5439016819000244
2005-12-18,0.25389716029167175
2005-12-19,0.011780490167438984
2005-12-20,4.991973876953125
2005-12-21,19.00919532775879
2005-12-22,0.03842412307858467
2005-12-23,0.05371217057108879
2005-12-24,5.825767517089844
2005-12-25,0.9597173929214478
2005-12-26,19.81752586364746
2005-12-27,17.874820709228516
2005-12-28,3.5914318561553955
2005-12-29,13.206888198852539
2005-12-30,1.5174146890640259
2005-12-31,17.407724380493164
2006-01-01,6.8915324211120605
2006-01-02,81.7029800415039
2006-01-03,0.6026419997215271
2006-01-04,11.646800994873047
2006-01-05,0.31085413694381714
2006-01-06,0.06674057245254517
2006-01-07,0.013816527090966702
2006-01-08,0.010697041638195515
2006-01-09,0.09183144569396973
2006-01-10,0.07172161340713501
2006-01-11,80.57318878173828
2006-01-12,4.298284530639648
2006-01-13,11.046581268310547
2006-01-14,24.24513053894043
2006-01-15,16.383617401123047
2006-01-16,2.1980948448181152
2006-01-17,60.480342864990234
2006-01-18,20.72962760925293
2006-01-19,1.0904291868209839
2006-01-20,3.418708086013794
2006-01-21,6.202564716339111
2006-01-22,8.66757869720459
2006-01-23,0.44876185059547424
2006-01-24,5.221549034118652
2006-01-25,12.078863143920898
2006-01-26,3.3600683212280273
2006-01-27,32.62930679321289
2006-01-28,0.2006780058145523
2006-01-29,21.729501724243164
2006-01-30,0.19209958612918854
2006-01-31,0.0614190474152565
2006-02-01,18.57207679748535
2006-02-02,0.870082676410675
2006-02-03,0.424195259809494
2006-02-04,0.804401695728302
2006-02-05,0.38251620531082153
2006-02-06,22.198078155517578
2006-02-07,0.47528523206710815
2006-02-08,1.1360749006271362
2006-02-09,3.284910202026367
2006-02-10,6.934750080108643
2006-02-11,1.4681631326675415
2006-02-12,1.5557444095611572
2006-02-13,7.327966690063477
2006-02-14,37.04820251464844
2006-02-15,0.013721463270485401
2006-02-16,0.09566161781549454
2006-02-17,1.1120290756225586
2006-02-18,1.99575936794281
2006-02-19,3.2358663082122803
2006-02-20,8.540152549743652
2006-02-21,4.94911527633667
2006-02-22,0.37079474329948425
2006-02-23,0.15520897507667542
2006-02-24,0.32175806164741516
2006-02-25,36.550785064697266
2006-02-26,0.0
2006-02-27,0.020254530012607574
2006-02-28,31.603816986083984
2006-03-01,0.10050079971551895
2006-03-02,0.7636498212814331
2006-03-03,0.6230849027633667
2006-03-04,4.7612433433532715
2006-03-05,7.267520904541016
2006-03-06,1.0786374807357788
2006-03-07,0.23432014882564545
2006-03-08,0.37901854515075684
2006-03-09,0.023981226608157158
2006-03-10,5.542359828948975
2006-03-11,10.721181869506836
2006-03-12,10.770618438720703
2006-03-13,46.241050720214844
2006-03-14,0.1324978619813919
2006-03-15,3.0066537857055664
2006-03-16,25.786104202270508
2006-03-17,1.8910272121429443
2006-03-18,7.177245616912842
2006-03-19,0.2192099392414093
2006-03-20,0.0
2006-03-21,1.7744357585906982
2006-03-22,0.22351568937301636
2006-03-23,0.2158532291650772
2006-03-24,18.56194496154785
2006-03-25,0.4012029767036438
2006-03-26,18.343189239501953
2006-03-27,1.1821857690811157
2006-03-28,0.7204761505126953
2006-03-29,0.6708614826202393
2006-03-30,12.484498977661133
2006-03-31,10.344347953796387
2006-04-01,0.0008781598880887032
2006-04-02,32.62236022949219
2006-04-03,4.554995536804199
2006-04-04,0.2693951427936554
2006-04-05,4.949929237365723
2006-04-06,34.69072341918945
2006-04-07,76.75033569335938
2006-04-08,0.0
2006-04-09,0.5902683138847351
2006-04-10,0.5461211204528809
2006-04-11,0.6572046875953674
2006-04-12,0.19903239607810974
2006-04-13,0.6827389597892761
2006-04-14,0.44910967350006104
2006-04-15,1.9925622940063477
2006-04-16,7.37623929977417
2006-04-17,0.0
2006-04-18,0.0
2006-04-19,0.0
2006-04-20,0.0
2006-04-21,0.5412988066673279
2006-04-22,6.589872360229492
2006-04-23,0.6354376673698425
2006-04-24,0.5412988066673279
2006-04-25,2.5180678367614746
2006-04-26,6.440764427185059
2006-04-27,0.0
2006-04-28,0.0
2006-04-29,0.0
2006-04-30,0.062384992837905884
2006-05-01,0.014896794222295284
2006-05-02,0.05407562106847763
2006-05-03,1.192270040512085
2006-05-04,0.11409878730773926
2006-05-05,0.07175277173519135
2006-05-06,0.679917573928833
2006-05-07,0.06442528963088989
2006-05-08,1.845518708229065
2006-05-09,1.0805363655090332
2006-05-10,1.1699023246765137
2006-05-11,0.5556540489196777
2006-05-12,0.7022646069526672
2006-05-13,0.3430687487125397
2006-05-14,0.3430687487125397
2006-05-15,0.3430687487125397
2006-05-16,0.0
2006-05-17,0.0
2006-05-18,0.0
2006-05-19,6.5320024490356445
2006-05-20,3.2667670249938965
2006-05-21,1.895371675491333
2006-05-22,11.372230529785156
2006-05-23,1.895371675491333
2006-05-24,1.895371675491333
2006-05-25,1.895371675491333
2006-05-26,0.2428906261920929
2006-05-27,0.2428906261920929
2006-05-28,0.2428906261920929
2006-05-29,0.2428906261920929
2006-05-30,0.2428906261920929
2006-05-31,4.614922046661377
2006-06-01,2.1754276752471924
2006-06-02,0.37962788343429565
2006-06-03,1.160124659538269
2006-06-04,27.540847778320312
2006-06-05,0.0
2006-06-06,0.0
2006-06-07,3.1196680068969727
2006-06-08,1.325188159942627
2006-06-09,0.36965832114219666
2006-06-10,46.68457794189453
2006-06-11,32.751163482666016
2006-06-12,0.3227844834327698
2006-06-13,0.0
2006-06-14,0.0
2006-06-15,1.1998921632766724
2006-06-16,0.0
2006-06-17,0.0
2006-06-18,0.0675743818283081
2006-06-19,0.5730307102203369
2006-06-20,1.921815276145935
2006-06-21,0.5261248350143433
2006-06-22,1.0145469903945923
2006-06-23,0.9796271324157715
2006-06-24,3.5121421813964844
2006-06-25,0.0
2006-06-26,9.219016075134277
2006-06-27,0.4566144645214081
2006-06-28,0.17718712985515594
2006-06-29,0.1744069755077362
2006-06-30,0.0
2006-07-01,0.6016325354576111
2006-07-02,0.6016325354576111
2006-07-03,0.6016325354576111
2006-07-04,0.6016325354576111
2006-07-05,0.6016325354576111
2006-07-06,0.2797568738460541
2006-07-07,0.2797568738460541
2006-07-08,0.2797568738460541
2006-07-09,0.2797568738460541
2006-07-10,1.6785411834716797
2006-07-11,0.0
2006-07-12,0.0
2006-07-13,0.0
2006-07-14,0.12395979464054108
2006-07-15,5.295353412628174
2006-07-16,0.8401252031326294
2006-07-17,0.8401252031326294
2006-07-18,0.8401252031326294
2006-07-19,0.8401252031326294
2006-07-20,0.8401252031326294
2006-07-21,0.0
2006-07-22,0.0
2006-07-23,0.0
2006-07-24,18.898027420043945
2006-07-25,11.943467140197754
2006-07-26,0.0
2006-07-27,1.0319390296936035
2006-07-28,1.6301038265228271
2006-07-29,43.4058952331543
2006-07-30,0.25485363602638245
2006-07-31,0.2389228641986847
2006-08-01,0.011414011009037495
2006-08-02,0.03043736331164837
2006-08-03,0.011414011009037495
2006-08-04,0.011414011009037495
2006-08-05,0.011414011009037495
2006-08-06,0.0
2006-08-07,0.0
2006-08-08,0.04732288792729378
2006-08-09,0.00956077128648758
2006-08-10,2.0487842559814453
2006-08-11,0.2739752233028412
2006-08-12,0.06926339864730835
2006-08-13,0.12467411160469055
2006-08-14,0.0277053602039814
2006-08-15,0.05848908796906471
2006-08-16,0.0016892054118216038
2006-08-17,4.678749084472656
2006-08-18,0.012950575910508633
2006-08-19,0.02285955101251602
2006-08-20,0.034923821687698364
2006-08-21,0.367838591337204
2006-08-22,0.061763253062963486
2006-08-23,0.16768081486225128
2006-08-24,0.03259093686938286
2006-08-25,0.12222503125667572
2006-08-26,0.007951668463647366
2006-08-27,0.0
2006-08-28,0.9355490207672119
2006-08-29,5.419559955596924
2006-08-30,0.7898995280265808
2006-08-31,0.1095639243721962
2006-09-01,0.29062873125076294
2006-09-02,1.7437723875045776
2006-09-03,0.29062873125076294
2006-09-04,0.29062873125076294
2006-09-05,0.29062873125076294
2006-09-06,0.0
2006-09-07,0.017306847497820854
2006-09-08,0.0
2006-09-09,24.068857192993164
2006-09-10,0.8726171851158142
2006-09-11,0.7336673736572266
2006-09-12,4.402004241943359
2006-09-13,0.7336673736572266
2006-09-14,0.7336673736572266
2006-09-15,8.070341110229492
2006-09-16,20.04755210876465
2006-09-17,0.0
2006-09-18,0.014141329564154148
2006-09-19,0.0
2006-09-20,1.9796010255813599
2006-09-21,2.506260871887207
2006-09-22,0.0
2006-09-23,0.3163994550704956
2006-09-24,23.61850929260254
2006-09-25,8.942837715148926
2006-09-26,0.01987093687057495
2006-09-27,0.0
2006-09-28,8.274898529052734
2006-09-29,13.599169731140137
2006-09-30,0.14751571416854858
2006-10-01,0.0
2006-10-02,0.0
2006-10-03,0.08344119787216187
2006-10-04,6.759317398071289
2006-10-05,1.334479808807373
2006-10-06,4.729957103729248
2006-10-07,1.4731214046478271
2006-10-08,5.92307710647583
2006-10-09,0.03991876542568207
2006-10-10,0.0
2006-10-11,0.0
2006-10-12,0.0
2006-10-13,0.0
2006-10-14,0.0
2006-10-15,0.0
2006-10-16,40.18241500854492
2006-10-17,0.7400084137916565
2006-10-18,0.05519875884056091
2006-10-19,8.633411407470703
2006-10-20,7.178321361541748
2006-10-21,6.4441094398498535
2006-10-22,5.566155910491943
2006-10-23,2.3992977142333984
2006-10-24,0.011052279733121395
2006-10-25,0.0033790944144129753
2006-10-26,11.68696403503418
2006-10-27,5.002464294433594
2006-10-28,0.3517037630081177
2006-10-29,0.023276861757040024
2006-10-30,0.0
2006-10-31,0.5861043930053711
2006-11-01,8.467978477478027
2006-11-02,51.075538635253906
2006-11-03,0.8525582551956177
2006-11-04,0.22275564074516296
2006-11-05,0.0
2006-11-06,0.6754072308540344
2006-11-07,32.557518005371094
2006-11-08,1.1630263328552246
2006-11-09,1.684450626373291
2006-11-10,30.105960845947266
2006-11-11,0.27588921785354614
2006-11-12,0.30433139204978943
2006-11-13,0.03413062542676926
2006-11-14,0.03413062542676926
2006-11-15,0.03413062542676926
2006-11-16,1.1938319206237793
2006-11-17,1.3826907873153687
2006-11-18,0.10173868387937546
2006-11-19,0.042806655168533325
2006-11-20,2.7724528312683105
2006-11-21,0.07847815006971359
2006-11-22,8.959280014038086
2006-11-23,0.0
2006-11-24,1.7777369022369385
2006-11-25,0.007244136184453964
2006-11-26,2.1378793716430664
2006-11-27,0.21580351889133453
2006-11-28,1.2209714651107788
2006-11-29,13.350495338439941
2006-11-30,37.73468017578125
2006-12-01,0.6092278361320496
2006-12-02,6.561130046844482
2006-12-03,47.60505676269531
2006-12-04,11.797513008117676
2006-12-05,1.1700879335403442
2006-12-06,0.8359172344207764
2006-12-07,6.693392276763916
2006-12-08,16.139144897460938
2006-12-09,0.0
2006-12-10,43.35782241821289
2006-12-11,0.19639790058135986
2006-12-12,0.2363450825214386
2006-12-13,0.03925393521785736
2006-12-14,0.0016124797984957695
2006-12-15,24.513378143310547
2006-12-16,3.059584379196167
2006-12-17,0.025213686749339104
2006-12-18,0.28898078203201294
2006-12-19,1.8032230138778687
2006-12-20,0.05063578486442566
2006-12-21,1.0805927515029907
2006-12-22,0.8874603509902954
2006-12-23,5.409148216247559
2006-12-24,1.6778414249420166
2006-12-25,0.8702155947685242
2006-12-26,0.4487682282924652
2006-12-27,5.102380275726318
2006-12-28,5.5557122230529785
2006-12-29,3.739424705505371
2006-12-30,15.161524772644043
2006-12-31,6.1986846923828125
2007-01-01,0.0
2007-01-02,0.0
2007-01-03,0.0
2007-01-04,0.0
2007-01-05,0.0
2007-01-06,0.5792940258979797
2007-01-07,5.977419853210449
2007-01-08,31.04248809814453
2007-01-09,44.90892028808594
2007-01-10,4.135728359222412
2007-01-11,5.068177223205566
2007-01-12,0.0
2007-01-13,26.20008659362793
2007-01-14,31.61139678955078
2007-01-15,19.723020553588867
2007-01-16,18.503507614135742
2007-01-17,0.4028467833995819
2007-01-18,0.0
2007-01-19,0.0
2007-01-20,0.0
2007-01-21,27.133394241333008
2007-01-22,0.5025436282157898
2007-01-23,0.2786693274974823
2007-01-24,2.4060256481170654
2007-01-25,4.542396545410156
2007-01-26,4.567774295806885
2007-01-27,0.17993319034576416
2007-01-28,3.2199225425720215
2007-01-29,2.3967318534851074
2007-01-30,77.79623413085938
2007-01-31,0.9663066267967224
2007-02-01,35.11463165283203
2007-02-02,0.27324312925338745
2007-02-03,0.01383233442902565
2007-02-04,0.2555042505264282
2007-02-05,0.2264910638332367
2007-02-06,0.026370983570814133
2007-02-07,0.39172831177711487
2007-02-08,17.20714569091797
2007-02-09,10.495626449584961
2007-02-10,12.827410697937012
2007-02-11,3.215254783630371
2007-02-12,1.886454701423645
2007-02-13,3.1459603309631348
2007-02-14,5.991868019104004
2007-02-15,62.529544830322266
2007-02-16,30.227493286132812
2007-02-17,1.562122106552124
2007-02-18,1.3023786544799805
2007-02-19,1.936039686203003
2007-02-20,0.07736214250326157
2007-02-21,0.4918070435523987
2007-02-22,0.9169410467147827
2007-02-23,0.2775615155696869
2007-02-24,18.961515426635742
2007-02-25,3.6770427227020264
2007-02-26,0.30480992794036865
2007-02-27,0.21068714559078217
2007-02-28,0.16311447322368622
2007-03-01,0.1731574684381485
2007-03-02,0.7065469622612
2007-03-03,33.035179138183594
2007-03-04,6.561992168426514
2007-03-05,7.386319637298584
2007-03-06,1.6107678413391113
2007-03-07,6.753777027130127
2007-03-08,12.518315315246582
2007-03-09,0.044740479439496994
2007-03-10,4.259670734405518
2007-03-11,21.45542335510254
2007-03-12,34.11124801635742
2007-03-13,15.413219451904297
2007-03-14,0.8016188740730286
2007-03-15,16.468116760253906
2007-03-16,18.695388793945312
2007-03-17,1.491762638092041
2007-03-18,6.1616058349609375
2007-03-19,0.7873125076293945
2007-03-20,0.042694419622421265
2007-03-21,0.0
2007-03-22,0.0
2007-03-23,13.425585746765137
2007-03-24,13.991340637207031
2007-03-25,1.0538780689239502
2007-03-26,0.05898919701576233
2007-03-27,0.4205001890659332
2007-03-28,1.0440576076507568
2007-03-29,10.241573333740234
2007-03-30,0.023635193705558777
2007-03-31,12.082297325134277
2007-04-01,1.5383003950119019
2007-04-02,0.47071123123168945
2007-04-03,7.4236063957214355
2007-04-04,13.503045082092285
2007-04-05,11.511885643005371
2007-04-06,0.9422825574874878
2007-04-07,1.4258034229278564
2007-04-08,16.974349975585938
2007-04-09,0.0
2007-04-10,0.12056726962327957
2007-04-11,0.07207515090703964
2007-04-12,0.7603886127471924
2007-04-13,36.62235641479492
2007-04-14,1.1828433275222778
2007-04-15,0.12040745466947556
2007-04-16,2.32239031791687
2007-04-17,2.7451188564300537
2007-04-18,0.0
2007-04-19,0.7494944334030151
2007-04-20,2.385361433029175
2007-04-21,2.910090208053589
2007-04-22,2.9293606281280518
2007-04-23,8.43165111541748
2007-04-24,1.014492392539978
2007-04-25,0.8730548024177551
2007-04-26,0.1577412635087967
2007-04-27,59.905330657958984
2007-04-28,3.090989112854004
2007-04-29,0.4338786005973816
2007-04-30,0.026598263531923294
2007-05-01,0.0
2007-05-02,0.0
2007-05-03,1.9964390993118286
2007-05-04,0.0
2007-05-05,0.0920761376619339
2007-05-06,4.018167495727539
2007-05-07,0.0
2007-05-08,55.63266372680664
2007-05-09,14.244783401489258
2007-05-10,1.0623962879180908
2007-05-11,3.7200565338134766
2007-05-12,0.8022198677062988
2007-05-13,0.9566353559494019
2007-05-14,0.3043839931488037
2007-05-15,0.3043839931488037
2007-05-16,0.1549011766910553
2007-05-17,13.85278034210205
2007-05-18,2.904221296310425
2007-05-19,3.8534531593322754
2007-05-20,1.3785004615783691
2007-05-21,0.0
2007-05-22,13.278743743896484
2007-05-23,19.170089721679688
2007-05-24,10.722731590270996
2007-05-25,0.1979922652244568
2007-05-26,0.3215325176715851
2007-05-27,0.3215325176715851
2007-05-28,0.16076625883579254
2007-05-29,1.7705581188201904
2007-05-30,0.6547765135765076
2007-05-31,0.6292242407798767
2007-06-01,0.1475859135389328
2007-06-02,0.05534471571445465
2007-06-03,0.05534471571445465
2007-06-04,0.05534471571445465
2007-06-05,0.05534471571445465
2007-06-06,1.1246954202651978
2007-06-07,0.42176079750061035
2007-06-08,0.42176079750061035
2007-06-09,0.42176079750061035
2007-06-10,0.42176079750061035
2007-06-11,2.6404037475585938
2007-06-12,0.17270797491073608
2007-06-13,0.2956317961215973
2007-06-14,0.17270797491073608
2007-06-15,0.17270797491073608
2007-06-16,1.18989896774292
2007-06-17,0.10817263275384903
2007-06-18,0.6490358114242554
2007-06-19,0.10817263275384903
2007-06-20,0.10817263275384903
2007-06-21,0.0
2007-06-22,0.1725882738828659
2007-06-23,0.0
2007-06-24,5.0666375160217285
2007-06-25,21.635231018066406
2007-06-26,0.15747572481632233
2007-06-27,3.5330970287323
2007-06-28,3.783139944076538
2007-06-29,0.0
2007-06-30,0.0
2007-07-01,0.6384232044219971
2007-07-02,0.6384232044219971
2007-07-03,0.6384232044219971
2007-07-04,0.6384232044219971
2007-07-05,0.6384232044219971
2007-07-06,0.0
2007-07-07,6.810029983520508
2007-07-08,0.4172084927558899
2007-07-09,3.362380266189575
2007-07-10,22.036178588867188
2007-07-11,4.95430326461792
2007-07-12,0.7021786570549011
2007-07-13,0.32884499430656433
2007-07-14,0.6670307517051697
2007-07-15,0.0
2007-07-16,0.15499837696552277
2007-07-17,27.70089340209961
2007-07-18,3.024933338165283
2007-07-19,0.4548364281654358
2007-07-20,0.07965963333845139
2007-07-21,0.0
2007-07-22,0.0
2007-07-23,20.953128814697266
2007-07-24,0.06445953249931335
2007-07-25,60.31861114501953
2007-07-26,0.6875371932983398
2007-07-27,0.02576531656086445
2007-07-28,0.0031447194050997496
2007-07-29,0.0
2007-07-30,0.011866134591400623
2007-07-31,0.0
2007-08-01,0.012838431634008884
2007-08-02,0.034235816448926926
2007-08-03,0.012838431634008884
2007-08-04,0.012838431634008884
2007-08-05,0.012838431634008884
2007-08-06,0.5270621180534363
2007-08-07,0.5270621180534363
2007-08-08,0.5270621180534363
2007-08-09,0.5270621180534363
2007-08-10,0.5270621180534363
2007-08-11,0.0
2007-08-12,0.0
2007-08-13,0.0
2007-08-14,0.0
2007-08-15,0.0
2007-08-16,0.0
2007-08-17,0.0
2007-08-18,0.0
2007-08-19,0.0
2007-08-20,0.0
2007-08-21,0.5062182545661926
2007-08-22,0.0843697041273117
2007-08-23,0.0843697041273117
2007-08-24,0.0843697041273117
2007-08-25,0.0843697041273117
2007-08-26,4.423086166381836
2007-08-27,9.629264831542969
2007-08-28,0.27504587173461914
2007-08-29,0.539951741695404
2007-08-30,0.0
2007-08-31,0.0
2007-09-01,0.0
2007-09-02,0.0
2007-09-03,0.0
2007-09-04,0.0
2007-09-05,6.654265403747559
2007-09-06,2.2869176864624023
2007-09-07,5.676172256469727
2007-09-08,1.0167193412780762
2007-09-09,1.2999436855316162
2007-09-10,0.9520999789237976
2007-09-11,0.8329166769981384
2007-09-12,6.056534767150879
2007-09-13,0.0
2007-09-14,0.0
2007-09-15,0.0026548942551016808
2007-09-16,3.4142372608184814
2007-09-17,0.025642482563853264
2007-09-18,0.0
2007-09-19,0.018317190930247307
2007-09-20,5.79343318939209
2007-09-21,3.6948790550231934
2007-09-22,0.0
2007-09-23,0.0
2007-09-24,5.889182090759277
2007-09-25,5.792566776275635
2007-09-26,0.0
2007-09-27,0.0
2007-09-28,0.0
2007-09-29,0.0
2007-09-30,0.0
2007-10-01,0.0
2007-10-02,0.0
2007-10-03,0.0
2007-10-04,0.0
2007-10-05,0.0
2007-10-06,0.0313798226416111
2007-10-07,20.56267547607422
2007-10-08,3.5679264068603516
2007-10-09,0.0
2007-10-10,0.0
2007-10-11,0.001547094783745706
2007-10-12,0.16524451971054077
2007-10-13,0.24309664964675903
2007-10-14,38.956729888916016
2007-10-15,0.5360479354858398
2007-10-16,0.0
2007-10-17,17.13979721069336
2007-10-18,0.05820395424962044
2007-10-19,0.0
2007-10-20,0.0
2007-10-21,0.0
2007-10-22,0.02539682574570179
2007-10-23,0.3266338109970093
2007-10-24,24.051288604736328
2007-10-25,0.0
2007-10-26,0.0
2007-10-27,4.893726825714111
2007-10-28,0.549580454826355
2007-10-29,1.8482153415679932
2007-10-30,0.21094965934753418
2007-10-31,0.27262046933174133
2007-11-01,0.00221182475797832
2007-11-02,0.027585774660110474
2007-11-03,0.24231386184692383
2007-11-04,28.534555435180664
2007-11-05,3.550860643386841
2007-11-06,0.6158907413482666
2007-11-07,3.1998002529144287
2007-11-08,0.26193055510520935
2007-11-09,0.22653453052043915
2007-11-10,0.22653453052043915
2007-11-11,3.7204225063323975
2007-11-12,6.083957195281982
2007-11-13,0.0
2007-11-14,0.0
2007-11-15,38.459617614746094
2007-11-16,0.8473560810089111
2007-11-17,0.06731658428907394
2007-11-18,0.0
2007-11-19,0.0
2007-11-20,23.754011154174805
2007-11-21,33.722869873046875
2007-11-22,0.548808753490448
2007-11-23,0.029728813096880913
2007-11-24,0.060192786157131195
2007-11-25,2.9971914291381836
2007-11-26,0.844345211982727
2007-11-27,30.07171058654785
2007-11-28,0.5088431239128113
2007-11-29,0.3973707854747772
2007-11-30,0.12895698845386505
2007-12-01,22.659164428710938
2007-12-02,1.498287558555603
2007-12-03,3.1751351356506348
2007-12-04,2.1240134239196777
2007-12-05,15.680610656738281
2007-12-06,47.198448181152344
2007-12-07,0.04154589772224426
2007-12-08,0.14540964365005493
2007-12-09,0.005911886692047119
2007-12-10,19.26519775390625
2007-12-11,23.970245361328125
2007-12-12,3.061434507369995
2007-12-13,0.021086018532514572
2007-12-14,0.046988677233457565
2007-12-15,0.07449878007173538
2007-12-16,11.289300918579102
2007-12-17,3.680917978286743
2007-12-18,9.722394943237305
2007-12-19,3.8454208374023438
2007-12-20,0.6549012064933777
2007-12-21,0.59710294008255
2007-12-22,18.317262649536133
2007-12-23,0.5151076912879944
2007-12-24,0.9530335068702698
2007-12-25,6.9481916427612305
2007-12-26,1.718749761581421
2007-12-27,5.016240119934082
2007-12-28,33.201805114746094
2007-12-29,0.39581483602523804
2007-12-30,0.3741091191768646
2007-12-31,1.309828519821167
2008-01-01,2.279435396194458
2008-01-02,67.77835845947266
2008-01-03,4.184509754180908
2008-01-04,0.32450419664382935
2008-01-05,21.50676727294922
2008-01-06,6.218406677246094
2008-01-07,0.07004345953464508
2008-01-08,0.21855689585208893
2008-01-09,1.9541908502578735
2008-01-10,43.22873306274414
2008-01-11,0.2916974425315857
2008-01-12,4.052950382232666
2008-01-13,1.6623353958129883
2008-01-14,18.90053939819336
2008-01-15,1.0991730690002441
2008-01-16,4.172005653381348
2008-01-17,1.3071156740188599
2008-01-18,0.0
2008-01-19,1.7703526020050049
2008-01-20,24.803207397460938
2008-01-21,1.5010082721710205
2008-01-22,1.0632811784744263
2008-01-23,41.71617889404297
2008-01-24,14.430337905883789
2008-01-25,1.007785439491272
2008-01-26,0.3286741375923157
2008-01-27,10.401477813720703
2008-01-28,4.296064376831055
2008-01-29,56.8514518737793
2008-01-30,8.965584754943848
2008-01-31,2.9808566570281982
2008-02-01,12.24325942993164
2008-02-02,17.366472244262695
2008-02-03,9.170516014099121
2008-02-04,5.665524959564209
2008-02-05,0.09196197986602783
2008-02-06,0.05446312204003334
2008-02-07,0.024847853928804398
2008-02-08,0.39669597148895264
2008-02-09,0.04219074919819832
2008-02-10,14.85616683959961
2008-02-11,18.445096969604492
2008-02-12,0.2460632026195526
2008-02-13,0.3675663471221924
2008-02-14,0.0745236799120903
2008-02-15,0.5972505807876587
2008-02-16,1.3299487829208374
2008-02-17,1.4713311195373535
2008-02-18,3.159518241882324
2008-02-19,37.58470153808594
2008-02-20,1.0845295190811157
2008-02-21,13.97555923461914
2008-02-22,0.054385632276535034
2008-02-23,4.572808742523193
2008-02-24,19.898601531982422
2008-02-25,6.377667427062988
2008-02-26,1.0742512941360474
2008-02-27,4.412637233734131
2008-02-28,0.7752943634986877
2008-02-29,4.070366382598877
2008-03-01,18.643016815185547
2008-03-02,55.40315628051758
2008-03-03,2.4839956760406494
2008-03-04,44.10573196411133
2008-03-05,13.294805526733398
2008-03-06,5.967957019805908
2008-03-07,7.351665019989014
2008-03-08,3.106644630432129
2008-03-09,0.6593151092529297
2008-03-10,9.174756050109863
2008-03-11,15.785415649414062
2008-03-12,23.224695205688477
2008-03-13,8.506598472595215
2008-03-14,1.482679009437561
2008-03-15,0.9630738496780396
2008-03-16,0.5742971301078796
2008-03-17,0.11731933802366257
2008-03-18,0.8698484897613525
2008-03-19,0.29963594675064087
2008-03-20,0.48528584837913513
2008-03-21,1.2409436702728271
2008-03-22,0.23600472509860992
2008-03-23,11.255083084106445
2008-03-24,1.0254178047180176
2008-03-25,0.2319183051586151
2008-03-26,1.5365022420883179
2008-03-27,1.7416069507598877
2008-03-28,1.2780864238739014
2008-03-29,11.63148021697998
2008-03-30,24.847352981567383
2008-03-31,14.5407075881958
2008-04-01,6.988437175750732
2008-04-02,8.026594161987305
2008-04-03,18.87964630126953
2008-04-04,0.2812424302101135
2008-04-05,0.4462757408618927
2008-04-06,0.0
2008-04-07,0.0
2008-04-08,0.0
2008-04-09,0.0
2008-04-10,0.0
2008-04-11,0.014167212881147861
2008-04-12,0.0
2008-04-13,0.0
2008-04-14,27.399932861328125
2008-04-15,0.46030426025390625
2008-04-16,0.0
2008-04-17,0.0
2008-04-18,0.0
2008-04-19,0.0
2008-04-20,0.0
2008-04-21,3.5009539127349854
2008-04-22,0.2819289565086365
2008-04-23,0.2225225269794464
2008-04-24,0.2225225269794464
2008-04-25,0.2225225269794464
2008-04-26,0.14191706478595734
2008-04-27,2.30039381980896
2008-04-28,0.7279595136642456
2008-04-29,0.9933058619499207
2008-04-30,67.84600067138672
2008-05-01,0.27692484855651855
2008-05-02,0.17678992450237274
2008-05-03,0.17678992450237274
2008-05-04,2.728503704071045
2008-05-05,0.17678992450237274
2008-05-06,0.0
2008-05-07,0.0
2008-05-08,0.0
2008-05-09,6.936625957489014
2008-05-10,9.580127716064453
2008-05-11,2.2873599529266357
2008-05-12,3.1024622917175293
2008-05-13,0.4081569015979767
2008-05-14,0.0
2008-05-15,0.0
2008-05-16,0.3216609060764313
2008-05-17,0.3216609060764313
2008-05-18,0.3216609060764313
2008-05-19,0.3216609060764313
2008-05-20,0.3216609060764313
2008-05-21,0.0
2008-05-22,0.0
2008-05-23,1.2613255977630615
2008-05-24,2.1014022827148438
2008-05-25,1.6825745105743408
2008-05-26,7.572029113769531
2008-05-27,0.6863301396369934
2008-05-28,0.0
2008-05-29,4.671803951263428
2008-05-30,5.301909923553467
2008-05-31,7.565908908843994
2008-06-01,0.4583496153354645
2008-06-02,0.010311051271855831
2008-06-03,0.0168960802257061
2008-06-04,0.0
2008-06-05,0.0
2008-06-06,0.0
2008-06-07,0.0
2008-06-08,0.06306815147399902
2008-06-09,0.0
2008-06-10,25.62782859802246
2008-06-11,0.40486711263656616
2008-06-12,47.044742584228516
2008-06-13,5.634027481079102
2008-06-14,0.11175969243049622
2008-06-15,12.565678596496582
2008-06-16,7.824885845184326
2008-06-17,0.012200964614748955
2008-06-18,0.00406698789447546
2008-06-19,0.0
2008-06-20,0.0
2008-06-21,0.45363014936447144
2008-06-22,0.6960462927818298
2008-06-23,0.45363014936447144
2008-06-24,0.45363014936447144
2008-06-25,0.9672642350196838
2008-06-26,1.1126035451889038
2008-06-27,0.4876442551612854
2008-06-28,0.35561060905456543
2008-06-29,1.1406021118164062
2008-06-30,0.45964565873146057
2008-07-01,1.6285440921783447
2008-07-02,0.2714240252971649
2008-07-03,0.2714240252971649
2008-07-04,0.2714240252971649
2008-07-05,0.2714240252971649
2008-07-06,0.0
2008-07-07,12.48613166809082
2008-07-08,8.434133529663086
2008-07-09,0.0
2008-07-10,0.0
2008-07-11,0.4695367217063904
2008-07-12,0.4695367217063904
2008-07-13,0.4695367217063904
2008-07-14,1.2520979642868042
2008-07-15,0.4695367217063904
2008-07-16,0.2957077920436859
2008-07-17,0.2957077920436859
2008-07-18,0.7885541319847107
2008-07-19,0.2957077920436859
2008-07-20,0.2957077920436859
2008-07-21,2.0957396030426025
2008-07-22,0.1864188015460968
2008-07-23,0.1864188015460968
2008-07-24,0.1864188015460968
2008-07-25,1.0733797550201416
2008-07-26,0.011146754026412964
2008-07-27,0.06773044914007187
2008-07-28,0.41026002168655396
2008-07-29,0.0
2008-07-30,3.869079113006592
2008-07-31,3.447134017944336
2008-08-01,16.333091735839844
2008-08-02,1.2573829889297485
2008-08-03,5.171653747558594
2008-08-04,0.6417956352233887
2008-08-05,0.0
2008-08-06,0.18384893238544464
2008-08-07,0.020865345373749733
2008-08-08,2.0329720973968506
2008-08-09,7.653716564178467
2008-08-10,0.0
2008-08-11,0.0
2008-08-12,0.0
2008-08-13,0.0
2008-08-14,0.0
2008-08-15,0.0
2008-08-16,0.0
2008-08-17,0.0
2008-08-18,0.0
2008-08-19,0.0
2008-08-20,0.0
2008-08-21,0.13995055854320526
2008-08-22,0.29355481266975403
2008-08-23,0.2195972204208374
2008-08-24,0.13995055854320526
2008-08-25,0.13995055854320526
2008-08-26,0.0
2008-08-27,0.0
2008-08-28,0.0
2008-08-29,12.045971870422363
2008-08-30,0.03233516961336136
2008-08-31,0.0
2008-09-01,0.01111894566565752
2008-09-02,0.0
2008-09-03,0.0
2008-09-04,1.693732500076294
2008-09-05,1.4010403156280518
2008-09-06,0.25323447585105896
2008-09-07,0.6752919554710388
2008-09-08,0.25323447585105896
2008-09-09,0.25323447585105896
2008-09-10,0.25323447585105896
2008-09-11,0.028521673753857613
2008-09-12,1.2583280801773071
2008-09-13,0.10512133687734604
2008-09-14,0.0
2008-09-15,0.04678894206881523
2008-09-16,0.0
2008-09-17,0.0
2008-09-18,0.011609305627644062
2008-09-19,0.020725365728139877
2008-09-20,5.162816047668457
2008-09-21,0.0
2008-09-22,0.0
2008-09-23,0.0
2008-09-24,0.0
2008-09-25,0.0
2008-09-26,0.0
2008-09-27,0.0
2008-09-28,0.0
2008-09-29,0.0
2008-09-30,0.0
2008-10-01,0.16682390868663788
2008-10-02,1.6021606922149658
2008-10-03,0.8076335787773132
2008-10-04,39.84563446044922
2008-10-05,0.3137913644313812
2008-10-06,0.0
2008-10-07,0.0
2008-10-08,0.0
2008-10-09,0.0
2008-10-10,0.0
2008-10-11,0.0
2008-10-12,0.0
2008-10-13,3.8021843433380127
2008-10-14,0.0
2008-10-15,2.8680012226104736
2008-10-16,0.0
2008-10-17,0.0
2008-10-18,0.0
2008-10-19,0.0
2008-10-20,0.0
2008-10-21,0.05850112438201904
2008-10-22,0.05850112438201904
2008-10-23,0.3301134705543518
2008-10-24,0.05850112438201904
2008-10-25,0.6644056439399719
2008-10-26,0.11118365824222565
2008-10-27,0.7962565422058105
2008-10-28,1.993704080581665
2008-10-29,1.005630612373352
2008-10-30,4.9542155265808105
2008-10-31,5.370124340057373
2008-11-01,0.017342306673526764
2008-11-02,0.4248555898666382
2008-11-03,0.8883956074714661
2008-11-04,0.0
2008-11-05,0.0
2008-11-06,0.06302505731582642
2008-11-07,0.0
2008-11-08,0.0
2008-11-09,0.0
2008-11-10,31.99248695373535
2008-11-11,2.120211124420166
2008-11-12,8.750760078430176
2008-11-13,0.47137489914894104
2008-11-14,0.0
2008-11-15,0.0
2008-11-16,25.55510139465332
2008-11-17,0.18438081443309784
2008-11-18,2.162053108215332
2008-11-19,0.0
2008-11-20,0.04671016335487366
2008-11-21,0.26434800028800964
2008-11-22,0.0
2008-11-23,1.4403413534164429
2008-11-24,0.0
2008-11-25,3.7497782707214355
2008-11-26,3.430814743041992
2008-11-27,0.0
2008-11-28,0.6959332823753357
2008-11-29,0.0
2008-11-30,21.99751853942871
2008-12-01,1.245111346244812
2008-12-02,17.928869247436523
2008-12-03,8.400636672973633
2008-12-04,0.0
2008-12-05,0.049419403076171875
2008-12-06,0.03880074620246887
2008-12-07,0.19712357223033905
2008-12-08,4.641127109527588
2008-12-09,0.01343102753162384
2008-12-10,2.0041120052337646
2008-12-11,3.362844467163086
2008-12-12,0.33400991559028625
2008-12-13,0.5231658220291138
2008-12-14,26.353099822998047
2008-12-15,14.640021324157715
2008-12-16,4.456124305725098
2008-12-17,1.6040951013565063
2008-12-18,27.729772567749023
2008-12-19,2.9188945293426514
2008-12-20,1.4477585554122925
2008-12-21,1.4879051446914673
2008-12-22,0.06813577562570572
2008-12-23,75.93818664550781
2008-12-24,1.7901835441589355
2008-12-25,0.15115633606910706
2008-12-26,22.60967254638672
2008-12-27,5.461711406707764
2008-12-28,0.24945886433124542
2008-12-29,30.063932418823242
2008-12-30,6.165794372558594
2008-12-31,19.448091506958008
2009-01-01,15.611265182495117
2009-01-02,0.14493413269519806
2009-01-03,39.30247116088867
2009-01-04,9.214240074157715
2009-01-05,0.0
2009-01-06,0.14153605699539185
2009-01-07,0.04717868193984032
2009-01-08,5.862889766693115
2009-01-09,8.009916305541992
2009-01-10,2.0631051063537598
2009-01-11,8.729177474975586
2009-01-12,0.0
2009-01-13,0.0036045361775904894
2009-01-14,1.9450546503067017
2009-01-15,0.0
2009-01-16,12.0825777053833
2009-01-17,113.39079284667969
2009-01-18,18.133472442626953
2009-01-19,7.2004241943359375
2009-01-20,12.022882461547852
2009-01-21,0.3572349548339844
2009-01-22,0.04955533519387245
2009-01-23,0.06707879900932312
2009-01-24,0.046621255576610565
2009-01-25,0.15543189644813538
2009-01-26,0.9022338390350342
2009-01-27,0.07804828137159348
2009-01-28,0.0
2009-01-29,32.503055572509766
2009-01-30,2.808999538421631
2009-01-31,0.015857085585594177
2009-02-01,10.977377891540527
2009-02-02,0.0
2009-02-03,0.03135276958346367
2009-02-04,2.6522653102874756
2009-02-05,0.048777565360069275
2009-02-06,0.14854301512241364
2009-02-07,1.5501450300216675
2009-02-08,0.8583586812019348
2009-02-09,44.42509460449219
2009-02-10,5.086300373077393
2009-02-11,0.6085243821144104
2009-02-12,0.8279736042022705
2009-02-13,4.823215007781982
2009-02-14,9.256078720092773
2009-02-15,28.319927215576172
2009-02-16,0.5249455571174622
2009-02-17,1.0686911344528198
2009-02-18,4.713387489318848
2009-02-19,1.7064759731292725
2009-02-20,81.19959259033203
2009-02-21,1.4564931392669678
2009-02-22,13.65125560760498
2009-02-23,11.617039680480957
2009-02-24,24.457286834716797
2009-02-25,72.5468978881836
2009-02-26,3.4130752086639404
2009-02-27,11.90918254852295
2009-02-28,2.8101236820220947
2009-03-01,2.225341796875
2009-03-02,0.09009457379579544
2009-03-03,1.2980902194976807
2009-03-04,0.7311960458755493
2009-03-05,14.858145713806152
2009-03-06,5.358312129974365
2009-03-07,1.163832187652588
2009-03-08,1.3215341567993164
2009-03-09,19.379487991333008
2009-03-10,23.276304244995117
2009-03-11,3.354950428009033
2009-03-12,41.130611419677734
2009-03-13,53.926963806152344
2009-03-14,3.492630958557129
2009-03-15,0.26502367854118347
2009-03-16,0.0
2009-03-17,0.03207281231880188
2009-03-18,7.033422470092773
2009-03-19,5.4730730056762695
2009-03-20,36.217037200927734
2009-03-21,18.394550323486328
2009-03-22,4.258035659790039
2009-03-23,0.1299932301044464
2009-03-24,15.589465141296387
2009-03-25,1.2453866004943848
2009-03-26,4.640219688415527
2009-03-27,43.86843490600586
2009-03-28,4.510245323181152
2009-03-29,25.435726165771484
2009-03-30,0.3113395869731903
2009-03-31,0.01802266575396061
2009-04-01,37.663204193115234
2009-04-02,0.17802384495735168
2009-04-03,0.17026923596858978
2009-04-04,0.0
2009-04-05,2.597717046737671
2009-04-06,0.871356725692749
2009-04-07,57.76552963256836
2009-04-08,1.0579968690872192
2009-04-09,12.595252990722656
2009-04-10,16.41053009033203
2009-04-11,6.05905294418335
2009-04-12,0.45650824904441833
2009-04-13,0.17257638275623322
2009-04-14,7.304958820343018
2009-04-15,0.0
2009-04-16,0.0
2009-04-17,0.0
2009-04-18,0.0
2009-04-19,0.0
2009-04-20,0.0
2009-04-21,0.0
2009-04-22,2.6046602725982666
2009-04-23,4.485423564910889
2009-04-24,96.26972961425781
2009-04-25,2.453136682510376
2009-04-26,0.5268999934196472
2009-04-27,0.0
2009-04-28,0.08459660410881042
2009-04-29,0.06628298759460449
2009-04-30,0.43798398971557617
2009-05-01,0.5826456546783447
2009-05-02,0.1944531947374344
2009-05-03,0.11444652080535889
2009-05-04,0.0
2009-05-05,15.250757217407227
2009-05-06,0.29565954208374023
2009-05-07,1.077019214630127
2009-05-08,0.09881540387868881
2009-05-09,1.6581116914749146
2009-05-10,0.0
2009-05-11,4.973825931549072
2009-05-12,0.0
2009-05-13,0.15031324326992035
2009-05-14,0.7011201977729797
2009-05-15,4.583014011383057
2009-05-16,0.0
2009-05-17,0.0
2009-05-18,0.0
2009-05-19,1.1496731042861938
2009-05-20,0.3900071680545807
2009-05-21,0.0
2009-05-22,0.0
2009-05-23,0.0
2009-05-24,3.608842372894287
2009-05-25,0.0
2009-05-26,15.219125747680664
2009-05-27,0.8993828892707825
2009-05-28,32.311851501464844
2009-05-29,3.004512071609497
2009-05-30,0.920684278011322
2009-05-31,0.0
2009-06-01,0.11512674391269684
2009-06-02,0.11512674391269684
2009-06-03,0.11512674391269684
2009-06-04,0.11512674391269684
2009-06-05,0.11512674391269684
2009-06-06,0.6727823615074158
2009-06-07,2.7517218589782715
2009-06-08,0.6727823615074158
2009-06-09,1.9577548503875732
2009-06-10,0.6727823615074158
2009-06-11,7.032700061798096
2009-06-12,0.0
2009-06-13,0.0
2009-06-14,0.0
2009-06-15,0.0
2009-06-16,1.0933536291122437
2009-06-17,1.0933536291122437
2009-06-18,1.0933536291122437
2009-06-19,1.0933536291122437
2009-06-20,1.0933536291122437
2009-06-21,0.0
2009-06-22,3.590226173400879
2009-06-23,5.12044620513916
2009-06-24,25.952472686767578
2009-06-25,0.5401493310928345
2009-06-26,0.6035578846931458
2009-06-27,0.6035578846931458
2009-06-28,0.6035578846931458
2009-06-29,0.6035578846931458
2009-06-30,0.6035578846931458
2009-07-01,0.6266252398490906
2009-07-02,0.0
2009-07-03,21.62937355041504
2009-07-04,0.0
2009-07-05,0.0
2009-07-06,9.086501121520996
2009-07-07,4.381137847900391
2009-07-08,6.93328857421875
2009-07-09,17.90245246887207
2009-07-10,0.0
2009-07-11,19.98243522644043
2009-07-12,0.440589040517807
2009-07-13,0.0
2009-07-14,1.500220775604248
2009-07-15,0.057163823395967484
2009-07-16,0.0
2009-07-17,0.6447869539260864
2009-07-18,0.0
2009-07-19,0.9192079901695251
2009-07-20,2.3534796237945557
2009-07-21,0.5213752388954163
2009-07-22,0.0
2009-07-23,28.557785034179688
2009-07-24,36.4874153137207
2009-07-25,5.315372943878174
2009-07-26,0.5174234509468079
2009-07-27,0.05675403028726578
2009-07-28,0.0
2009-07-29,0.0
2009-07-30,0.0
2009-07-31,0.0
2009-08-01,0.015313261188566685
2009-08-02,0.3715779185295105
2009-08-03,0.0
2009-08-04,0.0
2009-08-05,0.0
2009-08-06,0.0
2009-08-07,0.0
2009-08-08,0.10606800019741058
2009-08-09,12.398090362548828
2009-08-10,1.574588418006897
2009-08-11,0.0
2009-08-12,0.0
2009-08-13,0.0
2009-08-14,0.0
2009-08-15,0.0
2009-08-16,0.0
2009-08-17,0.0
2009-08-18,0.9501962065696716
2009-08-19,0.0
2009-08-20,3.4516940116882324
2009-08-21,0.0438338965177536
2009-08-22,0.023602867498993874
2009-08-23,0.0
2009-08-24,12.583700180053711
2009-08-25,0.0
2009-08-26,0.13057510554790497
2009-08-27,0.13057510554790497
2009-08-28,0.13057510554790497
2009-08-29,0.13057510554790497
2009-08-30,0.13057510554790497
2009-08-31,0.3917253613471985
2009-09-01,0.0
2009-09-02,2.2238783836364746
2009-09-03,28.459701538085938
2009-09-04,17.18779754638672
2009-09-05,0.0
2009-09-06,0.0
2009-09-07,0.0
2009-09-08,0.0
2009-09-09,0.5340119004249573
2009-09-10,6.625436305999756
2009-09-11,2.2549338340759277
2009-09-12,0.0
2009-09-13,0.0
2009-09-14,0.0
2009-09-15,0.0
2009-09-16,0.0
2009-09-17,0.3124140799045563
2009-09-18,0.08665457367897034
2009-09-19,13.484350204467773
2009-09-20,1.964386224746704
2009-09-21,0.0
2009-09-22,0.0
2009-09-23,0.0
2009-09-24,0.0
2009-09-25,0.0
2009-09-26,0.0
2009-09-27,0.0
2009-09-28,0.0
2009-09-29,0.0
2009-09-30,0.0
2009-10-01,0.0
2009-10-02,0.0
2009-10-03,0.0
2009-10-04,0.0
2009-10-05,0.0
2009-10-06,0.0
2009-10-07,15.4336519241333
2009-10-08,0.0168471522629261
2009-10-09,0.0
2009-10-10,0.0
2009-10-11,0.0
2009-10-12,0.007634303532540798
2009-10-13,9.515477180480957
2009-10-14,0.0
2009-10-15,0.05412323400378227
2009-10-16,5.297343730926514
2009-10-17,12.603096008300781
2009-10-18,1.7618677616119385
2009-10-19,0.11152266710996628
2009-10-20,0.0
2009-10-21,14.303457260131836
2009-10-22,0.0
2009-10-23,0.0
2009-10-24,0.0
2009-10-25,1.6630386114120483
2009-10-26,0.23664720356464386
2009-10-27,7.022319316864014
2009-10-28,0.0
2009-10-29,0.0
2009-10-30,0.0
2009-10-31,0.4666249752044678
2009-11-01,0.0
2009-11-02,0.0
2009-11-03,27.39325523376465
2009-11-04,0.0016387448413297534
2009-11-05,0.0
2009-11-06,0.5202533006668091
2009-11-07,18.922100067138672
2009-11-08,0.17955060303211212
2009-11-09,0.3267408013343811
2009-11-10,0.8655766248703003
2009-11-11,0.0
2009-11-12,0.7391607761383057
2009-11-13,1.0724036693572998
2009-11-14,0.28672370314598083
2009-11-15,24.714723587036133
2009-11-16,22.75444221496582
2009-11-17,2.143564224243164
2009-11-18,0.0
2009-11-19,0.0
2009-11-20,0.0
2009-11-21,2.2524590492248535
2009-11-22,0.13844582438468933
2009-11-23,0.0
2009-11-24,0.0
2009-11-25,1.4131202697753906
2009-11-26,0.33614739775657654
2009-11-27,1.2796257734298706
2009-11-28,0.0
2009-11-29,2.0884716510772705
2009-11-30,0.07299575209617615
2009-12-01,5.909688949584961
2009-12-02,0.045254770666360855
2009-12-03,0.008700496517121792
2009-12-04,14.270345687866211
2009-12-05,0.4383869469165802
2009-12-06,0.0
2009-12-07,0.8733330368995667
2009-12-08,24.379247665405273
2009-12-09,1.103956937789917
2009-12-10,38.316162109375
2009-12-11,9.478196144104004
2009-12-12,3.646475315093994
2009-12-13,16.49825096130371
2009-12-14,0.0
2009-12-15,0.0
2009-12-16,4.889586925506592
2009-12-17,0.08875078707933426
2009-12-18,1.880834698677063
2009-12-19,49.83366012573242
2009-12-20,34.49962615966797
2009-12-21,23.815160751342773
2009-12-22,0.8175868391990662
2009-12-23,0.0
2009-12-24,0.01287736464291811
2009-12-25,1.7245066165924072
2009-12-26,3.725220203399658
2009-12-27,3.172224760055542
2009-12-28,0.0
2009-12-29,0.360643208026886
2009-12-30,0.9348533153533936
2009-12-31,1.0810617208480835
2010-01-01,0.483993262052536
2010-01-02,0.1986464112997055
2010-01-03,35.535125732421875
2010-01-04,16.6800479888916
2010-01-05,0.0
2010-01-06,0.015497095882892609
2010-01-07,0.7383224964141846
2010-01-08,9.366974830627441
2010-01-09,25.57647132873535
2010-01-10,3.773022174835205
2010-01-11,3.9589593410491943
2010-01-12,0.7695040106773376
2010-01-13,2.222745895385742
2010-01-14,34.12141036987305
2010-01-15,0.09316184371709824
2010-01-16,4.116348743438721
2010-01-17,0.48607975244522095
2010-01-18,0.6843234300613403
2010-01-19,3.7344765663146973
2010-01-20,26.706295013427734
2010-01-21,52.96635055541992
2010-01-22,2.1967413425445557
2010-01-23,0.536881685256958
2010-01-24,5.497679710388184
2010-01-25,1.9377357959747314
2010-01-26,1.6748509407043457
2010-01-27,21.867008209228516
2010-01-28,1.9196102619171143
2010-01-29,10.384256362915039
2010-01-30,0.43094533681869507
2010-01-31,1.0630115270614624
2010-02-01,15.887982368469238
2010-02-02,8.166937828063965
2010-02-03,0.09254222363233566
2010-02-04,0.16784776747226715
2010-02-05,9.559093475341797
2010-02-06,0.5540888905525208
2010-02-07,0.002814718522131443
2010-02-08,0.009249761700630188
2010-02-09,0.01892934925854206
2010-02-10,0.032481610774993896
2010-02-11,60.03993225097656
2010-02-12,3.7325398921966553
2010-02-13,0.7271953821182251
2010-02-14,55.89732360839844
2010-02-15,0.30566641688346863
2010-02-16,1.9137353897094727
2010-02-17,1.534793734550476
2010-02-18,2.775569200515747
2010-02-19,2.820892333984375
2010-02-20,17.902509689331055
2010-02-21,8.438688278198242
2010-02-22,8.20789623260498
2010-02-23,0.4286978840827942
2010-02-24,0.731221616268158
2010-02-25,23.60322380065918
2010-02-26,1.6622220277786255
2010-02-27,2.060689687728882
2010-02-28,28.31041717529297
2010-03-01,2.620126485824585
2010-03-02,0.8458538055419922
2010-03-03,0.3690930902957916
2010-03-04,8.680959701538086
2010-03-05,48.32316207885742
2010-03-06,9.027789115905762
2010-03-07,0.9318992495536804
2010-03-08,4.1704535484313965
2010-03-09,0.951967179775238
2010-03-10,0.018923601135611534
2010-03-11,0.8454342484474182
2010-03-12,0.2784114480018616
2010-03-13,41.47273254394531
2010-03-14,2.1628262996673584
2010-03-15,64.22610473632812
2010-03-16,32.12248229980469
2010-03-17,0.44954913854599
2010-03-18,0.0978093221783638
2010-03-19,0.006224165670573711
2010-03-20,0.336906760931015
2010-03-21,0.848588228225708
2010-03-22,0.0
2010-03-23,0.2364652156829834
2010-03-24,31.8710880279541
2010-03-25,3.125537395477295
2010-03-26,0.011042616330087185
2010-03-27,0.004356696270406246
2010-03-28,0.003068971913307905
2010-03-29,0.04024868831038475
2010-03-30,0.12398746609687805
2010-03-31,0.008209265768527985
2010-04-01,0.3356812298297882
2010-04-02,0.0
2010-04-03,3.4342734813690186
2010-04-04,30.06930923461914
2010-04-05,0.1685338020324707
2010-04-06,0.0
2010-04-07,0.0
2010-04-08,0.0
2010-04-09,0.0
2010-04-10,0.0
2010-04-11,0.0
2010-04-12,0.0
2010-04-13,0.0
2010-04-14,0.0
2010-04-15,0.0
2010-04-16,0.0
2010-04-17,0.0
2010-04-18,0.0
2010-04-19,0.0
2010-04-20,0.0
2010-04-21,0.05534864962100983
2010-04-22,0.21300987899303436
2010-04-23,21.28108787536621
2010-04-24,11.04746150970459
2010-04-25,0.011353850364685059
2010-04-26,0.8365150690078735
2010-04-27,0.28066232800483704
2010-04-28,0.0
2010-04-29,1.3800499439239502
2010-04-30,0.7726185321807861
2010-05-01,0.008691198192536831
2010-05-02,0.0
2010-05-03,0.0
2010-05-04,20.912559509277344
2010-05-05,0.0
2010-05-06,1.170127272605896
2010-05-07,1.170127272605896
2010-05-08,3.1203393936157227
2010-05-09,1.170127272605896
2010-05-10,1.170127272605896
2010-05-11,0.9851633906364441
2010-05-12,0.3694362938404083
2010-05-13,0.3694362938404083
2010-05-14,0.3694362938404083
2010-05-15,0.3694362938404083
2010-05-16,0.7869651317596436
2010-05-17,2.062814712524414
2010-05-18,0.2501313388347626
2010-05-19,0.6538923978805542
2010-05-20,0.04522654786705971
2010-05-21,0.0
2010-05-22,0.0
2010-05-23,0.04966386407613754
2010-05-24,61.26533889770508
2010-05-25,40.41788101196289
2010-05-26,0.17675921320915222
2010-05-27,0.6959353685379028
2010-05-28,0.0
2010-05-29,0.0
2010-05-30,6.031691551208496
2010-05-31,24.68813705444336
2010-06-01,0.31054237484931946
2010-06-02,0.0
2010-06-03,0.07993210107088089
2010-06-04,0.0
2010-06-05,0.0
2010-06-06,1.5958925485610962
2010-06-07,0.5351784825325012
2010-06-08,0.38249993324279785
2010-06-09,0.7360712885856628
2010-06-10,0.5753570795059204
2010-06-11,1.005511999130249
2010-06-12,1.005511999130249
2010-06-13,1.005511999130249
2010-06-14,1.005511999130249
2010-06-15,1.005511999130249
2010-06-16,0.04484578222036362
2010-06-17,29.82946014404297
2010-06-18,6.882933139801025
2010-06-19,0.0
2010-06-20,0.0
2010-06-21,1.5524420738220215
2010-06-22,1.260117530822754
2010-06-23,3.067988872528076
2010-06-24,1.260117530822754
2010-06-25,1.260117530822754
2010-06-26,0.3649303913116455
2010-06-27,0.3649303913116455
2010-06-28,0.3649303913116455
2010-06-29,1.685119867324829
2010-06-30,0.869392991065979
2010-07-01,0.5737087726593018
2010-07-02,0.5737087726593018
2010-07-03,0.5737087726593018
2010-07-04,0.5737087726593018
2010-07-05,0.5737087726593018
2010-07-06,0.07121645659208298
2010-07-07,0.0
2010-07-08,0.0
2010-07-09,4.9443769454956055
2010-07-10,18.493330001831055
2010-07-11,0.0
2010-07-12,0.0
2010-07-13,37.36711502075195
2010-07-14,0.0
2010-07-15,0.4150178134441376
2010-07-16,10.173123359680176
2010-07-17,1.7871652841567993
2010-07-18,1.0976735353469849
2010-07-19,0.03258916363120079
2010-07-20,0.0
2010-07-21,1.456544280052185
2010-07-22,0.24275736510753632
2010-07-23,0.24275736510753632
2010-07-24,0.24275736510753632
2010-07-25,0.24275736510753632
2010-07-26,0.0
2010-07-27,0.5030385851860046
2010-07-28,0.0
2010-07-29,0.0
2010-07-30,0.1676795333623886
2010-07-31,0.0
2010-08-01,0.11268513649702072
2010-08-02,0.0005857634241692722
2010-08-03,0.0
2010-08-04,0.0020155429374426603
2010-08-05,0.00722916703671217
2010-08-06,0.24135151505470276
2010-08-07,0.24135151505470276
2010-08-08,0.24135151505470276
2010-08-09,0.24135151505470276
2010-08-10,0.24135151505470276
2010-08-11,0.0
2010-08-12,0.0
2010-08-13,0.0
2010-08-14,0.0
2010-08-15,0.0
2010-08-16,0.0
2010-08-17,0.0
2010-08-18,0.0
2010-08-19,0.0
2010-08-20,0.0
2010-08-21,0.07571407407522202
2010-08-22,0.4542844593524933
2010-08-23,0.07571407407522202
2010-08-24,0.07571407407522202
2010-08-25,0.07571407407522202
2010-08-26,0.0
2010-08-27,0.0
2010-08-28,0.0
2010-08-29,0.0
2010-08-30,15.407463073730469
2010-08-31,0.017658982425928116
2010-09-01,0.0
2010-09-02,3.707817792892456
2010-09-03,0.027363969013094902
2010-09-04,0.0
2010-09-05,1.2450605630874634
2010-09-06,2.0424752235412598
2010-09-07,0.0
2010-09-08,0.0
2010-09-09,0.0
2010-09-10,0.0
2010-09-11,0.0
2010-09-12,0.0
2010-09-13,5.147988796234131
2010-09-14,5.62149715423584
2010-09-15,0.36833202838897705
2010-09-16,0.22043748199939728
2010-09-17,0.22043748199939728
2010-09-18,0.5878332853317261
2010-09-19,0.22043748199939728
2010-09-20,0.22043748199939728
2010-09-21,0.0
2010-09-22,0.0
2010-09-23,0.0
2010-09-24,6.836987018585205
2010-09-25,0.0
2010-09-26,0.0
2010-09-27,0.0
2010-09-28,0.0
2010-09-29,0.0
2010-09-30,4.2867231369018555
2010-10-01,0.0
2010-10-02,42.79549026489258
2010-10-03,1.2623811960220337
2010-10-04,0.0
2010-10-05,0.0
2010-10-06,0.0
2010-10-07,0.0
2010-10-08,36.73799133300781
2010-10-09,0.2964760363101959
2010-10-10,0.18655960261821747
2010-10-11,0.10270096361637115
2010-10-12,0.0
2010-10-13,0.009045412763953209
2010-10-14,0.0
2010-10-15,13.730096817016602
2010-10-16,0.27625566720962524
2010-10-17,0.13470283150672913
2010-10-18,40.76829528808594
2010-10-19,0.0
2010-10-20,0.004843479488044977
2010-10-21,0.80979984998703
2010-10-22,8.358718872070312
2010-10-23,2.090054512023926
2010-10-24,0.24407944083213806
2010-10-25,0.0036691075656563044
2010-10-26,5.13429594039917
2010-10-27,0.0
2010-10-28,0.0
2010-10-29,0.0
2010-10-30,0.7732580304145813
2010-10-31,64.99662017822266
2010-11-01,0.6053964495658875
2010-11-02,0.9120202660560608
2010-11-03,0.6351039409637451
2010-11-04,0.26906511187553406
2010-11-05,0.26906511187553406
2010-11-06,56.066158294677734
2010-11-07,0.0
2010-11-08,0.0
2010-11-09,0.0
2010-11-10,4.430046081542969
2010-11-11,1.8765779733657837
2010-11-12,0.3077895939350128
2010-11-13,0.13677440583705902
2010-11-14,0.27757158875465393
2010-11-15,0.13677440583705902
2010-11-16,27.845184326171875
2010-11-17,0.1356915533542633
2010-11-18,0.0
2010-11-19,0.0
2010-11-20,0.1009102463722229
2010-11-21,0.0
2010-11-22,4.02301025390625
2010-11-23,4.5527472496032715
2010-11-24,59.261329650878906
2010-11-25,0.3821471929550171
2010-11-26,0.3920368254184723
2010-11-27,0.03047667257487774
2010-11-28,0.0
2010-11-29,16.26043701171875
2010-11-30,8.3601655960083
2010-12-01,0.0
2010-12-02,0.5288081765174866
2010-12-03,0.08811219036579132
2010-12-04,3.516434907913208
2010-12-05,0.035855263471603394
2010-12-06,0.02788725309073925
2010-12-07,0.06454864889383316
2010-12-08,0.0
2010-12-09,4.208176612854004
2010-12-10,0.19720272719860077
2010-12-11,0.11271573603153229
2010-12-12,0.0
2010-12-13,38.70201873779297
2010-12-14,3.7046940326690674
2010-12-15,0.22973406314849854
2010-12-16,0.029544772580266
2010-12-17,0.0
2010-12-18,0.0
2010-12-19,0.5653799772262573
2010-12-20,10.742880821228027
2010-12-21,29.610286712646484
2010-12-22,6.849824905395508
2010-12-23,6.640301704406738
2010-12-24,1.8969697952270508
2010-12-25,0.02000325173139572
2010-12-26,20.387603759765625
2010-12-27,0.10076157003641129
2010-12-28,20.905332565307617
2010-12-29,3.4113285541534424
2010-12-30,8.871133804321289
2010-12-31,25.752248764038086
2011-01-01,6.706950664520264
2011-01-02,3.5516130924224854
2011-01-03,1.4929815530776978
2011-01-04,3.0417048931121826
2011-01-05,0.8044607043266296
2011-01-06,17.819766998291016
2011-01-07,3.408182144165039
2011-01-08,0.09765832871198654
2011-01-09,3.453033924102783
2011-01-10,6.014254570007324
2011-01-11,2.372377872467041
2011-01-12,6.636616230010986
2011-01-13,68.9607925415039
2011-01-14,0.5827741026878357
2011-01-15,1.265559434890747
2011-01-16,0.0
2011-01-17,0.27455461025238037
2011-01-18,17.35369110107422
2011-01-19,6.607475757598877
2011-01-20,0.0
2011-01-21,21.936603546142578
2011-01-22,23.70569610595703
2011-01-23,10.4952392578125
2011-01-24,26.696643829345703
2011-01-25,4.075021266937256
2011-01-26,0.0
2011-01-27,62.88943862915039
2011-01-28,10.696356773376465
2011-01-29,14.957906723022461
2011-01-30,0.2077314853668213
2011-01-31,5.3244147300720215
2011-02-01,0.0
2011-02-02,5.121494770050049
2011-02-03,0.27690479159355164
2011-02-04,1.8085088729858398
2011-02-05,14.604142189025879
2011-02-06,51.396785736083984
2011-02-07,1.2360388040542603
2011-02-08,1.6201906204223633
2011-02-09,0.1255863606929779
2011-02-10,32.54857635498047
2011-02-11,23.47641372680664
2011-02-12,10.316343307495117
2011-02-13,0.0
2011-02-14,54.74085998535156
2011-02-15,5.6950201988220215
2011-02-16,0.4026985764503479
2011-02-17,0.22822599112987518
2011-02-18,35.02830505371094
2011-02-19,16.019025802612305
2011-02-20,9.032350540161133
2011-02-21,48.163299560546875
2011-02-22,17.87934112548828
2011-02-23,2.6709165573120117
2011-02-24,0.17512184381484985
2011-02-25,0.35257163643836975
2011-02-26,6.101044654846191
2011-02-27,20.39965057373047
2011-02-28,0.49764201045036316
2011-03-01,1.6863313913345337
2011-03-02,1.2597825527191162
2011-03-03,0.5245431661605835
2011-03-04,1.581938624382019
2011-03-05,29.15616226196289
2011-03-06,0.42796072363853455
2011-03-07,1.2562428712844849
2011-03-08,60.019474029541016
2011-03-09,7.332500457763672
2011-03-10,10.447670936584473
2011-03-11,9.856343269348145
2011-03-12,0.34850558638572693
2011-03-13,1.470139503479004
2011-03-14,56.328285217285156
2011-03-15,0.7968405485153198
2011-03-16,0.03385138139128685
2011-03-17,0.3533247113227844
2011-03-18,0.075166255235672
2011-03-19,49.107635498046875
2011-03-20,2.160187005996704
2011-03-21,0.46003007888793945
2011-03-22,33.36119842529297
2011-03-23,5.66783332824707
2011-03-24,1.0113379955291748
2011-03-25,0.6837621927261353
2011-03-26,0.32697558403015137
2011-03-27,4.9673004150390625
2011-03-28,0.0
2011-03-29,30.894573211669922
2011-03-30,7.1251091957092285
2011-03-31,0.0
2011-04-01,0.19491159915924072
2011-04-02,0.0741889551281929
2011-04-03,5.91497278213501
2011-04-04,128.64390563964844
2011-04-05,4.227301120758057
2011-04-06,40.56925964355469
2011-04-07,3.49322247505188
2011-04-08,28.405237197875977
2011-04-09,1.1148933172225952
2011-04-10,0.0
2011-04-11,0.0
2011-04-12,0.0
2011-04-13,0.0
2011-04-14,0.0
2011-04-15,0.0
2011-04-16,33.7166748046875
2011-04-17,0.2083459049463272
2011-04-18,0.21733257174491882
2011-04-19,0.11780821532011032
2011-04-20,0.0
2011-04-21,0.3019922375679016
2011-04-22,0.0
2011-04-23,0.03401904180645943
2011-04-24,56.71877670288086
2011-04-25,0.0
2011-04-26,0.0
2011-04-27,0.22434259951114655
2011-04-28,0.0
2011-04-29,7.666006565093994
2011-04-30,10.628111839294434
2011-05-01,9.186054229736328
2011-05-02,12.299152374267578
2011-05-03,2.799560308456421
2011-05-04,0.06694629788398743
2011-05-05,0.0
2011-05-06,0.0
2011-05-07,1.1297870874404907
2011-05-08,0.0
2011-05-09,0.47356000542640686
2011-05-10,1.8782066106796265
2011-05-11,0.0
2011-05-12,22.436195373535156
2011-05-13,0.0
2011-05-14,0.0
2011-05-15,0.2596428394317627
2011-05-16,0.20170000195503235
2011-05-17,0.20170000195503235
2011-05-18,1.2102000713348389
2011-05-19,0.20170000195503235
2011-05-20,0.20170000195503235
2011-05-21,1.2717567682266235
2011-05-22,1.2717567682266235
2011-05-23,7.63054084777832
2011-05-24,1.2717567682266235
2011-05-25,1.2717567682266235
2011-05-26,69.26668548583984
2011-05-27,0.0
2011-05-28,0.0
2011-05-29,0.0
2011-05-30,0.0
2011-05-31,0.0
2011-06-01,0.0
2011-06-02,0.0
2011-06-03,0.3659173250198364
2011-06-04,0.19115084409713745
2011-06-05,0.0
2011-06-06,0.0
2011-06-07,0.0
2011-06-08,0.0
2011-06-09,0.0
2011-06-10,52.29734420776367
2011-06-11,0.0
2011-06-12,0.0
2011-06-13,0.0
2011-06-14,12.254310607910156
2011-06-15,0.0
2011-06-16,0.0
2011-06-17,1.1733999252319336
2011-06-18,8.719593048095703
2011-06-19,0.7294570803642273
2011-06-20,0.5600520372390747
2011-06-21,4.926372528076172
2011-06-22,1.0892481803894043
2011-06-23,2.698364734649658
2011-06-24,1.0892481803894043
2011-06-25,1.0892481803894043
2011-06-26,0.0
2011-06-27,0.0
2011-06-28,0.0
2011-06-29,4.813302516937256
2011-06-30,2.6445767879486084
2011-07-01,0.02891354076564312
2011-07-02,5.57873010635376
2011-07-03,0.41449496150016785
2011-07-04,0.20014885067939758
2011-07-05,0.4893840253353119
2011-07-06,0.39441990852355957
2011-07-07,0.39441990852355957
2011-07-08,0.39441990852355957
2011-07-09,0.39441990852355957
2011-07-10,0.39441990852355957
2011-07-11,0.1282707303762436
2011-07-12,0.1282707303762436
2011-07-13,0.1282707303762436
2011-07-14,0.1282707303762436
2011-07-15,0.7696244120597839
2011-07-16,48.00807571411133
2011-07-17,7.2432403564453125
2011-07-18,1.2834820747375488
2011-07-19,0.08723156154155731
2011-07-20,0.030501538887619972
2011-07-21,9.000986099243164
2011-07-22,0.0
2011-07-23,0.0
2011-07-24,0.0
2011-07-25,0.0
2011-07-26,0.14535900950431824
2011-07-27,0.0
2011-07-28,0.0
2011-07-29,0.0
2011-07-30,8.274568557739258
2011-07-31,19.133365631103516
2011-08-01,0.06974834948778152
2011-08-02,0.4271928668022156
2011-08-03,8.424052238464355
2011-08-04,8.857696533203125
2011-08-05,1.0034769773483276
2011-08-06,0.2308538556098938
2011-08-07,0.2308538556098938
2011-08-08,0.2308538556098938
2011-08-09,0.2308538556098938
2011-08-10,0.6156103014945984
2011-08-11,0.0
2011-08-12,0.0
2011-08-13,0.0
2011-08-14,0.0
2011-08-15,0.0
2011-08-16,0.0
2011-08-17,0.009312335401773453
2011-08-18,0.029267340898513794
2011-08-19,0.0
2011-08-20,20.033493041992188
2011-08-21,0.2371063530445099
2011-08-22,0.7787739038467407
2011-08-23,0.8802359700202942
2011-08-24,0.02179444022476673
2011-08-25,0.0
2011-08-26,0.0
2011-08-27,0.029384281486272812
2011-08-28,0.08456753194332123
2011-08-29,0.0
2011-08-30,0.12611466646194458
2011-08-31,19.7156925201416
2011-09-01,0.4398542046546936
2011-09-02,0.4398542046546936
2011-09-03,0.4398542046546936
2011-09-04,0.4398542046546936
2011-09-05,0.4398542046546936
2011-09-06,6.033246994018555
2011-09-07,0.0
2011-09-08,0.18345077335834503
2011-09-09,18.20362663269043
2011-09-10,0.04609774798154831
2011-09-11,18.99370765686035
2011-09-12,0.24656695127487183
2011-09-13,0.0
2011-09-14,0.001420873566530645
2011-09-15,7.561666488647461
2011-09-16,0.0
2011-09-17,3.50566029548645
2011-09-18,1.120740532875061
2011-09-19,0.8229340314865112
2011-09-20,0.08474139124155045
2011-09-21,0.0
2011-09-22,0.013109803199768066
2011-09-23,15.935052871704102
2011-09-24,6.391085624694824
2011-09-25,0.01733991876244545
2011-09-26,0.0
2011-09-27,0.0
2011-09-28,0.0
2011-09-29,0.0
2011-09-30,0.0
2011-10-01,0.009478023275732994
2011-10-02,11.015610694885254
2011-10-03,0.3371148109436035
2011-10-04,4.483604431152344
2011-10-05,6.269577980041504
2011-10-06,0.30753734707832336
2011-10-07,0.45928865671157837
2011-10-08,0.0582406185567379
2011-10-09,0.02994673326611519
2011-10-10,0.30007946491241455
2011-10-11,8.16152286529541
2011-10-12,24.15923500061035
2011-10-13,2.817267894744873
2011-10-14,19.604921340942383
2011-10-15,18.648197174072266
2011-10-16,0.0
2011-10-17,0.0
2011-10-18,0.0
2011-10-19,0.0
2011-10-20,0.0
2011-10-21,0.0
2011-10-22,0.0
2011-10-23,0.0
2011-10-24,0.0
2011-10-25,0.0
2011-10-26,34.63343048095703
2011-10-27,0.014231227338314056
2011-10-28,0.008441784419119358
2011-10-29,0.0
2011-10-30,13.365232467651367
2011-10-31,12.531591415405273
2011-11-01,2.490917444229126
2011-11-02,1.8076144456863403
2011-11-03,1.4446558952331543
2011-11-04,0.0
2011-11-05,9.745316505432129
2011-11-06,24.424406051635742
2011-11-07,0.0
2011-11-08,0.0
2011-11-09,0.0
2011-11-10,0.0
2011-11-11,24.68178367614746
2011-11-12,0.013482368551194668
2011-11-13,0.0
2011-11-14,0.0
2011-11-15,4.950533866882324
2011-11-16,0.0
2011-11-17,0.17488917708396912
2011-11-18,29.42626953125
2011-11-19,6.961096286773682
2011-11-20,0.6265637874603271
2011-11-21,0.5686964392662048
2011-11-22,34.1727180480957
2011-11-23,0.4955725371837616
2011-11-24,0.0
2011-11-25,2.784764051437378
2011-11-26,1.0483646392822266
2011-11-27,20.73664093017578
2011-11-28,0.0
2011-11-29,13.15641975402832
2011-11-30,0.0
2011-12-01,6.557185649871826
2011-12-02,0.06780222058296204
2011-12-03,0.0
2011-12-04,2.489114761352539
2011-12-05,49.90330505371094
2011-12-06,28.531320571899414
2011-12-07,0.2151774764060974
2011-12-08,0.6856834292411804
2011-12-09,57.3348503112793
2011-12-10,1.1401381492614746
2011-12-11,0.2017696350812912
2011-12-12,10.00674057006836
2011-12-13,6.139691352844238
2011-12-14,14.580257415771484
2011-12-15,1.659905195236206
2011-12-16,0.513771653175354
2011-12-17,16.809518814086914
2011-12-18,0.5116310119628906
2011-12-19,0.4938722848892212
2011-12-20,0.38228118419647217
2011-12-21,3.34161114692688
2011-12-22,0.0515722781419754
2011-12-23,0.1724187135696411
2011-12-24,3.266329050064087
2011-12-25,52.14523696899414
2011-12-26,19.84048843383789
2011-12-27,3.0041868686676025
2011-12-28,14.541170120239258
2011-12-29,1.4055331945419312
2011-12-30,1.9123778343200684
2011-12-31,11.146793365478516
2012-01-01,38.69155502319336
2012-01-02,4.249693870544434
2012-01-03,0.4286552369594574
2012-01-04,0.06345849484205246
2012-01-05,0.0
2012-01-06,0.01366735715419054
2012-01-07,16.289283752441406
2012-01-08,0.4455627501010895
2012-01-09,0.41935306787490845
2012-01-10,0.0390862375497818
2012-01-11,0.0
2012-01-12,0.5672439932823181
2012-01-13,27.232248306274414
2012-01-14,0.22783926129341125
2012-01-15,0.0
2012-01-16,0.08125242590904236
2012-01-17,0.033876948058605194
2012-01-18,0.0
2012-01-19,27.476552963256836
2012-01-20,2.4309592247009277
2012-01-21,3.0909125804901123
2012-01-22,0.10743215680122375
2012-01-23,0.16441033780574799
2012-01-24,8.8595609664917
2012-01-25,18.88817024230957
2012-01-26,9.427141189575195
2012-01-27,0.8180586695671082
2012-01-28,0.2545152008533478
2012-01-29,14.290823936462402
2012-01-30,0.12738153338432312
2012-01-31,0.0
2012-02-01,0.12769408524036407
2012-02-02,36.46822738647461
2012-02-03,19.177181243896484
2012-02-04,9.072319984436035
2012-02-05,42.33659362792969
2012-02-06,0.10244680196046829
2012-02-07,0.02872963435947895
2012-02-08,1.7260534763336182
2012-02-09,0.3520938456058502
2012-02-10,26.641677856445312
2012-02-11,26.570110321044922
2012-02-12,0.4394931495189667
2012-02-13,11.239974021911621
2012-02-14,29.181900024414062
2012-02-15,23.53215980529785
2012-02-16,54.713531494140625
2012-02-17,7.052258014678955
2012-02-18,9.467464447021484
2012-02-19,5.541575908660889
2012-02-20,2.142977476119995
2012-02-21,1.4931681156158447
2012-02-22,10.040271759033203
2012-02-23,0.13518136739730835
2012-02-24,0.9563420414924622
2012-02-25,0.8611665368080139
2012-02-26,3.309933662414551
2012-02-27,20.359943389892578
2012-02-28,0.6151613593101501
2012-02-29,7.995362281799316
2012-03-01,0.07409193366765976
2012-03-02,33.8326416015625
2012-03-03,0.9395602345466614
2012-03-04,8.883344650268555
2012-03-05,4.467165946960449
2012-03-06,3.1135754585266113
2012-03-07,12.661428451538086
2012-03-08,39.74386978149414
2012-03-09,0.42207521200180054
2012-03-10,0.013855344615876675
2012-03-11,1.1928050518035889
2012-03-12,1.6752545833587646
2012-03-13,6.63522481918335
2012-03-14,9.386730194091797
2012-03-15,75.59217834472656
2012-03-16,0.31850484013557434
2012-03-17,0.0
2012-03-18,0.7013183832168579
2012-03-19,0.14265744388103485
2012-03-20,5.563714504241943
2012-03-21,0.04486669600009918
2012-03-22,0.0
2012-03-23,33.86294937133789
2012-03-24,0.295930415391922
2012-03-25,0.1440369337797165
2012-03-26,0.3870697617530823
2012-03-27,19.378389358520508
2012-03-28,4.465906143188477
2012-03-29,1.0802311897277832
2012-03-30,0.14300896227359772
2012-03-31,0.10792479664087296
2012-04-01,1.3180668354034424
2012-04-02,1.2142504453659058
2012-04-03,0.7932708859443665
2012-04-04,10.680439949035645
2012-04-05,1.6338506937026978
2012-04-06,0.020741859450936317
2012-04-07,7.432176113128662
2012-04-08,10.47263240814209
2012-04-09,0.22119519114494324
2012-04-10,0.41583529114723206
2012-04-11,20.010997772216797
2012-04-12,10.794156074523926
2012-04-13,0.05313670262694359
2012-04-14,0.06184569373726845
2012-04-15,15.249460220336914
2012-04-16,7.397689342498779
2012-04-17,0.024003490805625916
2012-04-18,14.003130912780762
2012-04-19,0.006864729803055525
2012-04-20,0.0
2012-04-21,4.144012928009033
2012-04-22,35.6768798828125
2012-04-23,0.0
2012-04-24,0.0
2012-04-25,1.2277342081069946
2012-04-26,9.486041069030762
2012-04-27,77.57623291015625
2012-04-28,0.4155272841453552
2012-04-29,12.700984001159668
2012-04-30,1.7894235849380493
2012-05-01,0.28080281615257263
2012-05-02,0.3588036000728607
2012-05-03,1.606816053390503
2012-05-04,0.28080281615257263
2012-05-05,0.28080281615257263
2012-05-06,0.9181638956069946
2012-05-07,0.9181638956069946
2012-05-08,0.9181638956069946
2012-05-09,0.9181638956069946
2012-05-10,0.9181638956069946
2012-05-11,0.0077848308719694614
2012-05-12,0.0
2012-05-13,10.739285469055176
2012-05-14,0.6041196584701538
2012-05-15,9.512158393859863
2012-05-16,0.0
2012-05-17,0.0
2012-05-18,29.368776321411133
2012-05-19,0.0
2012-05-20,4.539494514465332
2012-05-21,10.546277046203613
2012-05-22,0.11710861325263977
2012-05-23,3.2084848880767822
2012-05-24,0.8654349446296692
2012-05-25,10.462372779846191
2012-05-26,0.3874396085739136
2012-05-27,1.0645185708999634
2012-05-28,0.3874396085739136
2012-05-29,1.7698092460632324
2012-05-30,0.3874396085739136
2012-05-31,0.6526288986206055
2012-06-01,0.051072172820568085
2012-06-02,0.0
2012-06-03,0.0
2012-06-04,1.0349689722061157
2012-06-05,1.9246262311935425
2012-06-06,0.19748860597610474
2012-06-07,11.416450500488281
2012-06-08,1.5573906898498535
2012-06-09,0.026601580902934074
2012-06-10,0.48946911096572876
2012-06-11,1.2623929977416992
2012-06-12,1.2623929977416992
2012-06-13,1.2623929977416992
2012-06-14,1.2623929977416992
2012-06-15,1.2623929977416992
2012-06-16,4.083164215087891
2012-06-17,9.853347778320312
2012-06-18,12.36704158782959
2012-06-19,8.518095970153809
2012-06-20,0.0
2012-06-21,36.17677307128906
2012-06-22,54.66408157348633
2012-06-23,26.258893966674805
2012-06-24,0.0
2012-06-25,0.3210063874721527
2012-06-26,15.225415229797363
2012-06-27,0.2534686326980591
2012-06-28,0.0
2012-06-29,0.0
2012-06-30,0.5746777057647705
2012-07-01,3.0342652797698975
2012-07-02,0.9546003341674805
2012-07-03,0.9546003341674805
2012-07-04,3.3411011695861816
2012-07-05,1.261436104774475
2012-07-06,1.1927173137664795
2012-07-07,3.875147819519043
2012-07-08,0.7753256559371948
2012-07-09,0.012972130440175533
2012-07-10,0.0
2012-07-11,0.6892249584197998
2012-07-12,0.6892249584197998
2012-07-13,0.6892249584197998
2012-07-14,0.6892249584197998
2012-07-15,0.6892249584197998
2012-07-16,0.30049893260002136
2012-07-17,0.8013305068016052
2012-07-18,0.30049893260002136
2012-07-19,0.30049893260002136
2012-07-20,0.30049893260002136
2012-07-21,0.0
2012-07-22,0.0
2012-07-23,0.0
2012-07-24,0.0
2012-07-25,2.373849868774414
2012-07-26,0.0
2012-07-27,8.615400314331055
2012-07-28,0.0
2012-07-29,0.0
2012-07-30,24.2954158782959
2012-07-31,0.0
2012-08-01,0.04020443186163902
2012-08-02,0.015076662413775921
2012-08-03,0.015076662413775921
2012-08-04,0.015076662413775921
2012-08-05,0.015076662413775921
2012-08-06,0.3115555942058563
2012-08-07,0.3115555942058563
2012-08-08,0.3115555942058563
2012-08-09,0.3115555942058563
2012-08-10,0.3115555942058563
2012-08-11,0.0
2012-08-12,0.0
2012-08-13,0.0
2012-08-14,0.0
2012-08-15,0.0
2012-08-16,0.0
2012-08-17,1.958632469177246
2012-08-18,0.6510835886001587
2012-08-19,0.3856203854084015
2012-08-20,0.49923035502433777
2012-08-21,1.4249147176742554
2012-08-22,0.3049013614654541
2012-08-23,3.9043030738830566
2012-08-24,1.6564521789550781
2012-08-25,5.250904083251953
2012-08-26,0.17813611030578613
2012-08-27,0.9163908958435059
2012-08-28,0.5086979269981384
2012-08-29,0.17813611030578613
2012-08-30,0.17813611030578613
2012-08-31,0.17813611030578613
2012-09-01,0.44343072175979614
2012-09-02,0.44343072175979614
2012-09-03,0.44343072175979614
2012-09-04,0.44343072175979614
2012-09-05,0.44343072175979614
2012-09-06,0.4197150766849518
2012-09-07,0.4197150766849518
2012-09-08,0.4197150766849518
2012-09-09,0.4197150766849518
2012-09-10,0.4197150766849518
2012-09-11,0.0
2012-09-12,0.0
2012-09-13,8.942033767700195
2012-09-14,0.0
2012-09-15,0.021722134202718735
2012-09-16,0.6173986792564392
2012-09-17,0.6580337285995483
2012-09-18,0.0
2012-09-19,0.09447646886110306
2012-09-20,1.3699088096618652
2012-09-21,13.88392448425293
2012-09-22,1.7790392637252808
2012-09-23,0.0
2012-09-24,0.0
2012-09-25,0.0126253142952919
2012-09-26,33.211891174316406
2012-09-27,0.15380766987800598
2012-09-28,0.06601540744304657
2012-09-29,0.0
2012-09-30,0.04398530349135399
2012-10-01,0.20501118898391724
2012-10-02,7.430869102478027
2012-10-03,0.2761482894420624
2012-10-04,3.879352569580078
2012-10-05,31.310283660888672
2012-10-06,0.616494357585907
2012-10-07,0.1852080076932907
2012-10-08,0.22121144831180573
2012-10-09,0.0
2012-10-10,7.475762367248535
2012-10-11,14.914546966552734
2012-10-12,0.7295387983322144
2012-10-13,0.0
2012-10-14,0.0
2012-10-15,0.01970287784934044
2012-10-16,0.9442384839057922
2012-10-17,30.966466903686523
2012-10-18,0.0
2012-10-19,0.0
2012-10-20,0.0
2012-10-21,0.0
2012-10-22,7.301372051239014
2012-10-23,0.0
2012-10-24,0.15736299753189087
2012-10-25,0.7309538125991821
2012-10-26,0.0
2012-10-27,0.0
2012-10-28,0.0
2012-10-29,0.0
2012-10-30,0.0
2012-10-31,0.0
2012-11-01,0.09823370724916458
2012-11-02,0.0
2012-11-03,51.34418869018555
2012-11-04,0.05866539105772972
2012-11-05,0.7429056167602539
2012-11-06,3.072693109512329
2012-11-07,2.2278168201446533
2012-11-08,3.5363121032714844
2012-11-09,0.0
2012-11-10,0.0
2012-11-11,4.48814582824707
2012-11-12,0.6267766952514648
2012-11-13,0.0
2012-11-14,0.0
2012-11-15,0.0
2012-11-16,0.9809699058532715
2012-11-17,33.55152130126953
2012-11-18,31.70424461364746
2012-11-19,2.361523151397705
2012-11-20,1.986520767211914
2012-11-21,20.329374313354492
2012-11-22,19.165958404541016
2012-11-23,2.5082309246063232
2012-11-24,1.2266910076141357
2012-11-25,23.307558059692383
2012-11-26,0.0005333595909178257
2012-11-27,0.0
2012-11-28,0.0
2012-11-29,0.0
2012-11-30,0.767859935760498
2012-12-01,0.052935145795345306
2012-12-02,8.596247673034668
2012-12-03,2.498744010925293
2012-12-04,0.16586653888225555
2012-12-05,29.723825454711914
2012-12-06,0.11192740499973297
2012-12-07,0.031917717307806015
2012-12-08,1.116369605064392
2012-12-09,46.304962158203125
2012-12-10,0.158255472779274
2012-12-11,0.0
2012-12-12,0.9932379126548767
2012-12-13,0.12604068219661713
2012-12-14,2.2741289138793945
2012-12-15,0.013291444629430771
2012-12-16,18.223346710205078
2012-12-17,0.14104272425174713
2012-12-18,0.0
2012-12-19,0.7103546857833862
2012-12-20,5.2574968338012695
2012-12-21,9.598814010620117
2012-12-22,9.717982292175293
2012-12-23,0.019968146458268166
2012-12-24,0.05005774274468422
2012-12-25,0.01664743945002556
2012-12-26,3.25631046295166
2012-12-27,33.18274688720703
2012-12-28,16.615808486938477
2012-12-29,8.59756088256836
2012-12-30,1.3354564905166626
2012-12-31,0.016597596928477287
2013-01-01,2.4480631351470947
2013-01-02,35.70976257324219
2013-01-03,0.45395126938819885
2013-01-04,0.02950824238359928
2013-01-05,7.810955047607422
2013-01-06,0.16618406772613525
2013-01-07,0.07289620488882065
2013-01-08,0.024402985349297523
2013-01-09,0.14021794497966766
2013-01-10,23.662078857421875
2013-01-11,6.924997806549072
2013-01-12,2.665006637573242
2013-01-13,0.4395933747291565
2013-01-14,3.5218896865844727
2013-01-15,42.109046936035156
2013-01-16,0.04584115743637085
2013-01-17,0.2738437056541443
2013-01-18,6.8888115882873535
2013-01-19,14.309843063354492
2013-01-20,17.108049392700195
2013-01-21,13.74527645111084
2013-01-22,0.8942903876304626
2013-01-23,1.1192156076431274
2013-01-24,0.0
2013-01-25,0.0
2013-01-26,43.5230598449707
2013-01-27,1.4627506732940674
2013-01-28,0.1211978942155838
2013-01-29,0.033652253448963165
2013-01-30,0.2153419852256775
2013-01-31,0.46771571040153503
2013-02-01,0.24089185893535614
2013-02-02,0.2114391028881073
2013-02-03,65.28724670410156
2013-02-04,12.329391479492188
2013-02-05,2.7840380668640137
2013-02-06,0.01081650611013174
2013-02-07,23.065853118896484
2013-02-08,1.9736148118972778
2013-02-09,0.4614357054233551
2013-02-10,0.03840899094939232
2013-02-11,12.217960357666016
2013-02-12,13.533526420593262
2013-02-13,4.426837921142578
2013-02-14,1.8825511932373047
2013-02-15,12.683192253112793
2013-02-16,3.808603525161743
2013-02-17,0.5791411995887756
2013-02-18,1.6655133962631226
2013-02-19,0.4429323971271515
2013-02-20,1.9163380861282349
2013-02-21,7.048173427581787
2013-02-22,39.5306510925293
2013-02-23,2.9078917503356934
2013-02-24,0.0
2013-02-25,0.896155595779419
2013-02-26,20.728435516357422
2013-02-27,6.563229560852051
2013-02-28,1.640273928642273
2013-03-01,0.14393500983715057
2013-03-02,1.0676662921905518
2013-03-03,0.0
2013-03-04,2.9484314918518066
2013-03-05,1.0765708684921265
2013-03-06,0.0
2013-03-07,0.0
2013-03-08,0.0
2013-03-09,0.0
2013-03-10,0.0
2013-03-11,0.0
2013-03-12,0.07704750448465347
2013-03-13,0.02023470215499401
2013-03-14,12.000367164611816
2013-03-15,107.70787048339844
2013-03-16,1.9773333072662354
2013-03-17,0.04440159350633621
2013-03-18,0.7336958646774292
2013-03-19,1.7501626014709473
2013-03-20,0.0
2013-03-21,1.4666221141815186
2013-03-22,3.198634624481201
2013-03-23,1.4720507860183716
2013-03-24,34.97754669189453
2013-03-25,15.604920387268066
2013-03-26,25.901784896850586
2013-03-27,2.0349037647247314
2013-03-28,0.0
2013-03-29,0.07758220285177231
2013-03-30,0.03210804611444473
2013-03-31,0.0
2013-04-01,1.8232570886611938
2013-04-02,1.8916503190994263
2013-04-03,0.1583789885044098
2013-04-04,2.827359437942505
2013-04-05,0.11895368993282318
2013-04-06,0.706484317779541
2013-04-07,53.94770812988281
2013-04-08,11.508292198181152
2013-04-09,38.088775634765625
2013-04-10,0.0
2013-04-11,12.238067626953125
2013-04-12,0.5066297054290771
2013-04-13,57.18537521362305
2013-04-14,5.088153839111328
2013-04-15,0.16138294339179993
2013-04-16,0.0
2013-04-17,0.0
2013-04-18,0.0
2013-04-19,0.0
2013-04-20,0.0
2013-04-21,0.0
2013-04-22,0.0
2013-04-23,0.0
2013-04-24,0.0
2013-04-25,0.0
2013-04-26,0.2751469910144806
2013-04-27,0.2751469910144806
2013-04-28,0.2751469910144806
2013-04-29,0.7337252497673035
2013-04-30,0.2751469910144806
2013-05-01,4.536567211151123
2013-05-02,12.23676872253418
2013-05-03,1.4003044366836548
2013-05-04,13.054553985595703
2013-05-05,0.09911556541919708
2013-05-06,10.731696128845215
2013-05-07,0.0
2013-05-08,0.0
2013-05-09,0.0
2013-05-10,0.0
2013-05-11,0.0
2013-05-12,14.55112075805664
2013-05-13,0.03056023083627224
2013-05-14,0.0
2013-05-15,19.94487762451172
2013-05-16,8.953727722167969
2013-05-17,7.68312406539917
2013-05-18,0.0
2013-05-19,0.0
2013-05-20,0.0
2013-05-21,0.29318544268608093
2013-05-22,0.29318544268608093
2013-05-23,0.29318544268608093
2013-05-24,0.29318544268608093
2013-05-25,4.690967082977295
2013-05-26,0.06307059526443481
2013-05-27,0.0
2013-05-28,0.020633051171898842
2013-05-29,0.17628945410251617
2013-05-30,36.54936981201172
2013-05-31,0.0
2013-06-01,6.039409637451172
2013-06-02,3.2688779830932617
2013-06-03,25.054771423339844
2013-06-04,0.0
2013-06-05,0.0
2013-06-06,1.1647422313690186
2013-06-07,0.0
2013-06-08,1.2514638900756836
2013-06-09,7.966377258300781
2013-06-10,5.571135997772217
2013-06-11,0.7723540663719177
2013-06-12,35.88744354248047
2013-06-13,1.1668753623962402
2013-06-14,0.12651169300079346
2013-06-15,2.424891710281372
2013-06-16,0.0
2013-06-17,15.933511734008789
2013-06-18,4.038629531860352
2013-06-19,13.671043395996094
2013-06-20,0.0
2013-06-21,0.0
2013-06-22,26.93592071533203
2013-06-23,0.0
2013-06-24,36.061527252197266
2013-06-25,29.209110260009766
2013-06-26,58.695648193359375
2013-06-27,0.0
2013-06-28,0.0
2013-06-29,0.0
2013-06-30,5.078242778778076
2013-07-01,1.3151118755340576
2013-07-02,4.799437999725342
2013-07-03,0.11856646090745926
2013-07-04,0.0
2013-07-05,1.402563214302063
2013-07-06,0.7501398921012878
2013-07-07,0.7501398921012878
2013-07-08,0.7501398921012878
2013-07-09,0.7501398921012878
2013-07-10,0.7501398921012878
2013-07-11,0.1525903344154358
2013-07-12,0.1525903344154358
2013-07-13,1.790274739265442
2013-07-14,0.16240322589874268
2013-07-15,0.7939481139183044
2013-07-16,0.09100863337516785
2013-07-17,0.07025228440761566
2013-07-18,0.08159411698579788
2013-07-19,0.741640567779541
2013-07-20,0.42055001854896545
2013-07-21,0.0
2013-07-22,3.933232069015503
2013-07-23,0.0
2013-07-24,2.633111000061035
2013-07-25,0.658772885799408
2013-07-26,0.05468017980456352
2013-07-27,0.05468017980456352
2013-07-28,0.05468017980456352
2013-07-29,0.05468017980456352
2013-07-30,0.05468017980456352
2013-07-31,0.05468017980456352
2013-08-01,0.0
2013-08-02,0.0
2013-08-03,8.03197956085205
2013-08-04,1.9246577024459839
2013-08-05,0.0
2013-08-06,0.0
2013-08-07,2.03383207321167
2013-08-08,0.5406027436256409
2013-08-09,7.792010307312012
2013-08-10,11.415666580200195
2013-08-11,0.7037879824638367
2013-08-12,0.07595723122358322
2013-08-13,0.07595723122358322
2013-08-14,0.07595723122358322
2013-08-15,0.5874849557876587
2013-08-16,0.0
2013-08-17,0.0
2013-08-18,0.0
2013-08-19,0.0
2013-08-20,0.0
2013-08-21,0.0
2013-08-22,0.0
2013-08-23,36.42168426513672
2013-08-24,8.908093452453613
2013-08-25,11.985568046569824
2013-08-26,1.4105535745620728
2013-08-27,0.15277929604053497
2013-08-28,0.011100232601165771
2013-08-29,0.0
2013-08-30,0.0
2013-08-31,0.0
2013-09-01,0.0
2013-09-02,0.0
2013-09-03,0.02544587105512619
2013-09-04,1.908440351486206
2013-09-05,0.0
2013-09-06,0.0
2013-09-07,0.0
2013-09-08,0.0
2013-09-09,37.761314392089844
2013-09-10,0.04410509392619133
2013-09-11,0.0
2013-09-12,0.3811646103858948
2013-09-13,0.14785507321357727
2013-09-14,41.903770446777344
2013-09-15,0.10745416581630707
2013-09-16,0.0
2013-09-17,17.837265014648438
2013-09-18,0.0
2013-09-19,0.0012857383117079735
2013-09-20,0.0
2013-09-21,0.0
2013-09-22,0.0
2013-09-23,10.273845672607422
2013-09-24,0.0
2013-09-25,0.0
2013-09-26,0.0
2013-09-27,0.0
2013-09-28,0.0
2013-09-29,0.0
2013-09-30,2.5109355449676514
2013-10-01,18.256027221679688
2013-10-02,7.259492874145508
2013-10-03,1.2280848026275635
2013-10-04,4.476064682006836
2013-10-05,18.040225982666016
2013-10-06,0.0
2013-10-07,0.0
2013-10-08,0.0
2013-10-09,0.0
2013-10-10,0.0
2013-10-11,34.17414855957031
2013-10-12,0.925334632396698
2013-10-13,6.395211219787598
2013-10-14,1.647354006767273
2013-10-15,9.247746467590332
2013-10-16,0.11209557205438614
2013-10-17,0.0639202892780304
2013-10-18,18.35590171813965
2013-10-19,5.575161933898926
2013-10-20,0.0
2013-10-21,0.0
2013-10-22,2.210575819015503
2013-10-23,1.7669143676757812
2013-10-24,7.580019474029541
2013-10-25,4.980101585388184
2013-10-26,0.1839635968208313
2013-10-27,15.413655281066895
2013-10-28,44.54322052001953
2013-10-29,0.290689080953598
2013-10-30,2.094327926635742
2013-10-31,9.991536140441895
2013-11-01,36.54465866088867
2013-11-02,7.241173267364502
2013-11-03,2.9560749530792236
2013-11-04,0.27748867869377136
2013-11-05,1.1111353635787964
2013-11-06,0.0029641538858413696
2013-11-07,0.0010235789231956005
2013-11-08,0.0010235789231956005
2013-11-09,0.0012981976615265012
2013-11-10,0.003926279488950968
2013-11-11,0.6495177745819092
2013-11-12,72.00991821289062
2013-11-13,1.1495881080627441
2013-11-14,1.0086023807525635
2013-11-15,0.25305628776550293
2013-11-16,6.633827209472656
2013-11-17,0.78231281042099
2013-11-18,0.23270785808563232
2013-11-19,0.003215473610907793
2013-11-20,8.888334274291992
2013-11-21,75.93437957763672
2013-11-22,8.330686569213867
2013-11-23,0.09634527564048767
2013-11-24,0.03627222031354904
2013-11-25,0.07381787896156311
2013-11-26,15.232989311218262
2013-11-27,0.0
2013-11-28,0.10696554183959961
2013-11-29,0.003642252180725336
2013-11-30,22.237159729003906
2013-12-01,2.355195999145508
2013-12-02,0.88910311460495
2013-12-03,8.271574974060059
2013-12-04,9.241007804870605
2013-12-05,0.0
2013-12-06,0.0
2013-12-07,2.400695323944092
2013-12-08,1.8466311693191528
2013-12-09,3.125852108001709
2013-12-10,0.08136455714702606
2013-12-11,11.64930248260498
2013-12-12,16.12140464782715
2013-12-13,9.474481582641602
2013-12-14,32.88780975341797
2013-12-15,2.7993381023406982
2013-12-16,4.29741907119751
2013-12-17,16.5045166015625
2013-12-18,3.861755609512329
2013-12-19,13.772320747375488
2013-12-20,22.03550910949707
2013-12-21,0.9148834943771362
2013-12-22,12.838735580444336
2013-12-23,2.0317866802215576
2013-12-24,11.973281860351562
2013-12-25,0.7408857345581055
2013-12-26,1.662529706954956
2013-12-27,1.517803430557251
2013-12-28,0.5390895009040833
2013-12-29,1.1047775745391846
2013-12-30,0.0
2013-12-31,28.344486236572266
2014-01-01,90.42529296875
2014-01-02,0.011308939196169376
2014-01-03,0.10128216445446014
2014-01-04,29.848356246948242
2014-01-05,1.3431904315948486
2014-01-06,0.15968482196331024
2014-01-07,2.919569492340088
2014-01-08,0.04865383729338646
2014-01-09,55.205230712890625
2014-01-10,0.6492154598236084
2014-01-11,0.06193135306239128
2014-01-12,44.727081298828125
2014-01-13,0.42416560649871826
2014-01-14,0.4126513600349426
2014-01-15,8.297645568847656
2014-01-16,40.43650436401367
2014-01-17,5.667963027954102
2014-01-18,0.09128507226705551
2014-01-19,0.617431640625
2014-01-20,0.06478678435087204
2014-01-21,0.03816351667046547
2014-01-22,11.880281448364258
2014-01-23,3.5463719367980957
2014-01-24,0.7897540926933289
2014-01-25,127.44239807128906
2014-01-26,100.79052734375
2014-01-27,3.806689739227295
2014-01-28,0.5497512817382812
2014-01-29,144.04620361328125
2014-01-30,62.500770568847656
2014-01-31,3.657553195953369
2014-02-01,48.824092864990234
2014-02-02,5.179952144622803
2014-02-03,29.783592224121094
2014-02-04,35.315826416015625
2014-02-05,19.821565628051758
2014-02-06,9.364012718200684
2014-02-07,31.12335205078125
2014-02-08,87.68940734863281
2014-02-09,6.115626335144043
2014-02-10,13.033893585205078
2014-02-11,68.56924438476562
2014-02-12,1.573878526687622
2014-02-13,6.722009181976318
2014-02-14,55.14316940307617
2014-02-15,6.470520496368408
2014-02-16,0.07701393961906433
2014-02-17,0.241868793964386
2014-02-18,0.17985014617443085
2014-02-19,0.09401362389326096
2014-02-20,34.97783660888672
2014-02-21,11.664470672607422
2014-02-22,0.0
2014-02-23,0.051478851586580276
2014-02-24,0.27015143632888794
2014-02-25,2.9084465503692627
2014-02-26,0.25067687034606934
2014-02-27,10.636609077453613
2014-02-28,0.2833874821662903
2014-03-01,0.0
2014-03-02,0.02159710042178631
2014-03-03,24.546085357666016
2014-03-04,0.27248379588127136
2014-03-05,1.6155318021774292
2014-03-06,0.22802826762199402
2014-03-07,10.179506301879883
2014-03-08,21.762939453125
2014-03-09,0.0009957741713151336
2014-03-10,0.0
2014-03-11,19.925596237182617
2014-03-12,34.096839904785156
2014-03-13,1.2481396198272705
2014-03-14,3.3447165489196777
2014-03-15,4.029464244842529
2014-03-16,0.41872015595436096
2014-03-17,2.281367063522339
2014-03-18,49.210880279541016
2014-03-19,0.8292521238327026
2014-03-20,3.9919350147247314
2014-03-21,0.16761602461338043
2014-03-22,8.61920166015625
2014-03-23,6.245434284210205
2014-03-24,0.0
2014-03-25,0.11234866082668304
2014-03-26,27.28940773010254
2014-03-27,5.223236560821533
2014-03-28,56.158660888671875
2014-03-29,7.39307975769043
2014-03-30,4.463581562042236
2014-03-31,0.20231975615024567
2014-04-01,14.108112335205078
2014-04-02,1.4628196954727173
2014-04-03,1.8420695066452026
2014-04-04,5.9786529541015625
2014-04-05,0.11300315707921982
2014-04-06,0.0
2014-04-07,0.0
2014-04-08,0.0
2014-04-09,0.0
2014-04-10,0.0
2014-04-11,0.5675063729286194
2014-04-12,0.8179208040237427
2014-04-13,24.360164642333984
2014-04-14,3.9691922664642334
2014-04-15,0.6599187850952148
2014-04-16,0.35988369584083557
2014-04-17,0.0
2014-04-18,0.0
2014-04-19,7.911959648132324
2014-04-20,14.350556373596191
2014-04-21,7.616243839263916
2014-04-22,14.285791397094727
2014-04-23,5.613232135772705
2014-04-24,0.09894391894340515
2014-04-25,0.6905727386474609
2014-04-26,0.22919099032878876
2014-04-27,0.6091899871826172
2014-04-28,7.038657188415527
2014-04-29,2.537947654724121
2014-04-30,8.535209655761719
2014-05-01,0.11471635848283768
2014-05-02,37.870296478271484
2014-05-03,1.7547059059143066
2014-05-04,0.0
2014-05-05,0.16459578275680542
2014-05-06,2.293229341506958
2014-05-07,0.0
2014-05-08,0.0
2014-05-09,5.548979759216309
2014-05-10,0.046752411872148514
2014-05-11,0.3533985912799835
2014-05-12,0.0
2014-05-13,1.065493106842041
2014-05-14,13.024759292602539
2014-05-15,18.270959854125977
2014-05-16,0.0
2014-05-17,0.02907598577439785
2014-05-18,35.78359603881836
2014-05-19,0.0
2014-05-20,0.05367874354124069
2014-05-21,0.1081070750951767
2014-05-22,17.0472354888916
2014-05-23,44.65113067626953
2014-05-24,2.3739259243011475
2014-05-25,0.0
2014-05-26,0.4099826514720917
2014-05-27,0.4099826514720917
2014-05-28,0.4099826514720917
2014-05-29,0.4099826514720917
2014-05-30,0.4099826514720917
2014-05-31,0.4099826514720917
2014-06-01,2.0844666957855225
2014-06-02,0.0
2014-06-03,0.0
2014-06-04,0.0
2014-06-05,0.0
2014-06-06,0.0
2014-06-07,1.1754690408706665
2014-06-08,0.0
2014-06-09,46.124671936035156
2014-06-10,14.280998229980469
2014-06-11,0.6787925958633423
2014-06-12,0.0
2014-06-13,0.4684172570705414
2014-06-14,14.78965950012207
2014-06-15,0.0
2014-06-16,1.0477674007415771
2014-06-17,2.541520357131958
2014-06-18,1.0477674007415771
2014-06-19,1.0477674007415771
2014-06-20,1.3002928495407104
2014-06-21,0.0
2014-06-22,0.0
2014-06-23,0.0
2014-06-24,0.0
2014-06-25,6.575359344482422
2014-06-26,1.6889694929122925
2014-06-27,28.008644104003906
2014-06-28,1.1872313022613525
2014-06-29,0.0
2014-06-30,0.0
2014-07-01,0.48497873544692993
2014-07-02,0.48497873544692993
2014-07-03,0.48497873544692993
2014-07-04,1.4240994453430176
2014-07-05,1.9707517623901367
2014-07-06,3.0266668796539307
2014-07-07,8.430214881896973
2014-07-08,0.0
2014-07-09,0.0
2014-07-10,0.0
2014-07-11,0.1782771199941635
2014-07-12,0.1782771199941635
2014-07-13,0.1782771199941635
2014-07-14,0.1782771199941635
2014-07-15,0.1782771199941635
2014-07-16,0.0
2014-07-17,0.0
2014-07-18,25.73797035217285
2014-07-19,11.889752388000488
2014-07-20,0.39834654331207275
2014-07-21,0.0911254957318306
2014-07-22,0.0
2014-07-23,0.07009653747081757
2014-07-24,3.011930227279663
2014-07-25,6.532881259918213
2014-07-26,0.7016507983207703
2014-07-27,0.6730616688728333
2014-07-28,0.0
2014-07-29,0.0
2014-07-30,0.0
2014-07-31,0.0
2014-08-01,0.7942288517951965
2014-08-02,0.7942288517951965
2014-08-03,0.7942288517951965
2014-08-04,0.7942288517951965
2014-08-05,0.7942288517951965
2014-08-06,0.0
2014-08-07,0.9906822443008423
2014-08-08,2.8968584537506104
2014-08-09,0.05982833355665207
2014-08-10,0.025578778237104416
2014-08-11,0.0
2014-08-12,1.7457292079925537
2014-08-13,15.24807071685791
2014-08-14,0.23563508689403534
2014-08-15,0.0
2014-08-16,0.0
2014-08-17,0.0
2014-08-18,0.0
2014-08-19,0.0
2014-08-20,0.0
2014-08-21,0.22142910957336426
2014-08-22,0.22142910957336426
2014-08-23,0.22142910957336426
2014-08-24,0.22142910957336426
2014-08-25,0.22142910957336426
2014-08-26,2.308061361312866
2014-08-27,0.45469292998313904
2014-08-28,0.0
2014-08-29,0.0
2014-08-30,0.0
2014-08-31,0.0
2014-09-01,0.0
2014-09-02,0.0
2014-09-03,0.0
2014-09-04,2.9256277084350586
2014-09-05,3.792252779006958
2014-09-06,0.20229706168174744
2014-09-07,0.20229706168174744
2014-09-08,0.20229706168174744
2014-09-09,0.20229706168174744
2014-09-10,0.5394588112831116
2014-09-11,0.9226363897323608
2014-09-12,0.7662572860717773
2014-09-13,0.0
2014-09-14,0.0
2014-09-15,0.0
2014-09-16,0.0
2014-09-17,0.0
2014-09-18,0.0
2014-09-19,10.901307106018066
2014-09-20,6.448868751525879
2014-09-21,14.846817970275879
2014-09-22,0.3650953471660614
2014-09-23,0.0
2014-09-24,0.0
2014-09-25,12.872347831726074
2014-09-26,5.151800632476807
2014-09-27,22.925067901611328
2014-09-28,0.0
2014-09-29,0.0
2014-09-30,0.0
2014-10-01,0.0
2014-10-02,0.0994531512260437
2014-10-03,0.0
2014-10-04,2.877929210662842
2014-10-05,0.024075867608189583
2014-10-06,1.2575966119766235
2014-10-07,29.152324676513672
2014-10-08,0.008525349199771881
2014-10-09,0.0
2014-10-10,0.0
2014-10-11,0.4594442844390869
2014-10-12,3.017805814743042
2014-10-13,0.0
2014-10-14,0.0
2014-10-15,0.0
2014-10-16,0.0
2014-10-17,0.0
2014-10-18,0.0
2014-10-19,0.0
2014-10-20,7.993076324462891
2014-10-21,8.297080993652344
2014-10-22,1.9544498920440674
2014-10-23,0.14057281613349915
2014-10-24,12.898571014404297
2014-10-25,0.037873830646276474
2014-10-26,1.3834725618362427
2014-10-27,0.0
2014-10-28,12.03052806854248
2014-10-29,15.803566932678223
2014-10-30,0.0
2014-10-31,0.0
2014-11-01,0.0029905694536864758
2014-11-02,2.680297374725342
2014-11-03,0.08712030202150345
2014-11-04,0.0
2014-11-05,9.748115539550781
2014-11-06,0.0013317139819264412
2014-11-07,0.0
2014-11-08,0.0
2014-11-09,0.288636714220047
2014-11-10,22.05145835876465
2014-11-11,0.01946277916431427
2014-11-12,0.5211638808250427
2014-11-13,32.30781555175781
2014-11-14,0.6404077410697937
2014-11-15,0.1260378509759903
2014-11-16,0.9876379370689392
2014-11-17,0.04909690469503403
2014-11-18,0.5231360197067261
2014-11-19,0.06382749229669571
2014-11-20,26.744155883789062
2014-11-21,0.0
2014-11-22,0.0
2014-11-23,22.0676212310791
2014-11-24,2.182523250579834
2014-11-25,4.0268168449401855
2014-11-26,19.020278930664062
2014-11-27,1.5309562683105469
2014-11-28,0.985073983669281
2014-11-29,0.29442939162254333
2014-11-30,0.0
2014-12-01,1.6378486156463623
2014-12-02,4.227096080780029
2014-12-03,5.9118242263793945
2014-12-04,0.0
2014-12-05,0.0
2014-12-06,0.0
2014-12-07,0.13726991415023804
2014-12-08,15.989404678344727
2014-12-09,0.0
2014-12-10,0.0
2014-12-11,0.05556083098053932
2014-12-12,10.534360885620117
2014-12-13,0.6216608881950378
2014-12-14,32.171722412109375
2014-12-15,4.606437683105469
2014-12-16,3.3096439838409424
2014-12-17,15.7933349609375
2014-12-18,11.793543815612793
2014-12-19,10.620879173278809
2014-12-20,0.5159703493118286
2014-12-21,2.682015895843506
2014-12-22,7.217923641204834
2014-12-23,9.537191390991211
2014-12-24,0.0
2014-12-25,0.2080465704202652
2014-12-26,11.358899116516113
2014-12-27,19.45433807373047
2014-12-28,9.646209716796875
2014-12-29,0.0
2014-12-30,0.1734088510274887
2014-12-31,1.059907078742981
2015-01-01,0.1230032667517662
2015-01-02,1.359859585762024
2015-01-03,41.61442184448242
2015-01-04,10.248215675354004
2015-01-05,0.3031354248523712
2015-01-06,0.1479659527540207
2015-01-07,0.5895171761512756
2015-01-08,14.93685531616211
2015-01-09,0.3475607633590698
2015-01-10,15.652422904968262
2015-01-11,4.197404861450195
2015-01-12,44.85588073730469
2015-01-13,62.90916442871094
2015-01-14,1.0946441888809204
2015-01-15,0.16582149267196655
2015-01-16,45.1650505065918
2015-01-17,1.1085432767868042
2015-01-18,1.79682195186615
2015-01-19,12.750238418579102
2015-01-20,101.9224624633789
2015-01-21,10.491284370422363
2015-01-22,14.404877662658691
2015-01-23,0.7964242100715637
2015-01-24,2.0303308963775635
2015-01-25,26.645734786987305
2015-01-26,46.85221481323242
2015-01-27,0.0
2015-01-28,0.2554645240306854
2015-01-29,0.0863792672753334
2015-01-30,75.41944885253906
2015-01-31,3.604896068572998
2015-02-01,4.147565841674805
2015-02-02,0.49600204825401306
2015-02-03,1.955431580543518
2015-02-04,0.6158692836761475
2015-02-05,0.4896969795227051
2015-02-06,2.773092269897461
2015-02-07,96.19498443603516
2015-02-08,2.671910285949707
2015-02-09,6.337771415710449
2015-02-10,0.23044568300247192
2015-02-11,1.0555707216262817
2015-02-12,4.956955432891846
2015-02-13,38.625179290771484
2015-02-14,0.8213502168655396
2015-02-15,20.28036117553711
2015-02-16,0.03337410092353821
2015-02-17,18.81977653503418
2015-02-18,1.2290295362472534
2015-02-19,0.0
2015-02-20,54.555328369140625
2015-02-21,5.494331359863281
2015-02-22,3.4536993503570557
2015-02-23,33.37662124633789
2015-02-24,18.674652099609375
2015-02-25,0.30663061141967773
2015-02-26,0.0
2015-02-27,2.867870330810547
2015-02-28,34.44784927368164
2015-03-01,0.7717575430870056
2015-03-02,0.2907364070415497
2015-03-03,0.17567239701747894
2015-03-04,1.008759617805481
2015-03-05,34.9028205871582
2015-03-06,30.32671356201172
2015-03-07,1.785524606704712
2015-03-08,15.569509506225586
2015-03-09,2.1477243900299072
2015-03-10,0.7087820172309875
2015-03-11,0.24881060421466827
2015-03-12,0.0
2015-03-13,2.9892306327819824
2015-03-14,21.292766571044922
2015-03-15,3.0460317134857178
2015-03-16,5.673590660095215
2015-03-17,4.387383937835693
2015-03-18,0.8089466094970703
2015-03-19,10.87424373626709
2015-03-20,0.6800617575645447
2015-03-21,19.090208053588867
2015-03-22,2.240614652633667
2015-03-23,0.13989725708961487
2015-03-24,0.08721484243869781
2015-03-25,0.4175836145877838
2015-03-26,0.9715796113014221
2015-03-27,46.73722457885742
2015-03-28,0.2360801249742508
2015-03-29,0.0
2015-03-30,0.6043052673339844
2015-03-31,0.0
2015-04-01,17.297895431518555
2015-04-02,3.393918514251709
2015-04-03,0.6363624930381775
2015-04-04,0.0
2015-04-05,0.37226173281669617
2015-04-06,23.543237686157227
2015-04-07,0.6768159866333008
2015-04-08,0.040016721934080124
2015-04-09,0.07445203512907028
2015-04-10,23.132165908813477
2015-04-11,1.2469948530197144
2015-04-12,0.1236734464764595
2015-04-13,7.188251972198486
2015-04-14,2.823697328567505
2015-04-15,6.173259735107422
2015-04-16,2.538041353225708
2015-04-17,50.341609954833984
2015-04-18,0.17257849872112274
2015-04-19,4.616594314575195
2015-04-20,0.16122156381607056
2015-04-21,3.9911704063415527
2015-04-22,11.284113883972168
2015-04-23,28.406326293945312
2015-04-24,0.0
2015-04-25,2.843822479248047
2015-04-26,0.4362107515335083
2015-04-27,0.8200761079788208
2015-04-28,13.356772422790527
2015-04-29,0.008724214509129524
2015-04-30,0.0
2015-05-01,20.583253860473633
2015-05-02,5.108953952789307
2015-05-03,28.209705352783203
2015-05-04,10.866667747497559
2015-05-05,5.353740692138672
2015-05-06,0.0
2015-05-07,18.34670066833496
2015-05-08,0.06720403581857681
2015-05-09,2.6881611347198486
2015-05-10,0.26881614327430725
2015-05-11,66.55572509765625
2015-05-12,0.0
2015-05-13,0.05774524062871933
2015-05-14,6.638225078582764
2015-05-15,2.2982752323150635
2015-05-16,29.86836814880371
2015-05-17,3.7891740798950195
2015-05-18,0.01726115494966507
2015-05-19,0.0
2015-05-20,0.0
2015-05-21,0.019131869077682495
2015-05-22,0.0
2015-05-23,0.0
2015-05-24,1.1928269863128662
2015-05-25,71.89608764648438
2015-05-26,1.54243803024292
2015-05-27,1.693526268005371
2015-05-28,118.32133483886719
2015-05-29,0.0
2015-05-30,0.0
2015-05-31,11.124845504760742
2015-06-01,46.82546615600586
2015-06-02,0.0
2015-06-03,0.003943579271435738
2015-06-04,0.41381391882896423
2015-06-05,0.008753607980906963
2015-06-06,1.2141659259796143
2015-06-07,1.2141659259796143
2015-06-08,1.2141659259796143
2015-06-09,3.2377758026123047
2015-06-10,1.2141659259796143
2015-06-11,0.0
2015-06-12,0.001032668398693204
2015-06-13,0.0
2015-06-14,2.185187339782715
2015-06-15,31.235055923461914
2015-06-16,0.0
2015-06-17,0.0
2015-06-18,25.12487030029297
2015-06-19,0.0
2015-06-20,0.0
2015-06-21,0.7352587580680847
2015-06-22,0.7352587580680847
2015-06-23,0.7352587580680847
2015-06-24,0.7352587580680847
2015-06-25,0.7352587580680847
2015-06-26,2.082007646560669
2015-06-27,2.082007646560669
2015-06-28,2.082007646560669
2015-06-29,2.082007646560669
2015-06-30,2.082007646560669
2015-07-01,55.82853317260742
2015-07-02,0.3620093762874603
2015-07-03,0.02373933419585228
2015-07-04,91.76770782470703
2015-07-05,21.119991302490234
2015-07-06,18.77906036376953
2015-07-07,0.30291953682899475
2015-07-08,7.585757732391357
2015-07-09,0.0
2015-07-10,0.0
2015-07-11,0.4001525342464447
2015-07-12,0.4001525342464447
2015-07-13,0.4001525342464447
2015-07-14,0.4001525342464447
2015-07-15,1.0670733451843262
2015-07-16,1.8769707679748535
2015-07-17,0.0
2015-07-18,0.0
2015-07-19,0.0
2015-07-20,0.0
2015-07-21,0.45619580149650574
2015-07-22,0.45619580149650574
2015-07-23,0.45619580149650574
2015-07-24,0.45619580149650574
2015-07-25,0.45619580149650574
2015-07-26,0.05513991788029671
2015-07-27,0.05513991788029671
2015-07-28,0.1654197722673416
2015-07-29,0.05513991788029671
2015-07-30,0.05513991788029671
2015-07-31,0.05513991788029671
2015-08-01,0.017025023698806763
2015-08-02,0.017025023698806763
2015-08-03,0.017025023698806763
2015-08-04,0.04540006071329117
2015-08-05,0.017025023698806763
2015-08-06,0.0
2015-08-07,0.0
2015-08-08,0.0
2015-08-09,33.47547912597656
2015-08-10,10.485313415527344
2015-08-11,3.1851603984832764
2015-08-12,0.108366459608078
2015-08-13,5.3491010665893555
2015-08-14,0.026633987203240395
2015-08-15,0.0
2015-08-16,3.980114459991455
2015-08-17,10.495200157165527
2015-08-18,0.060640256851911545
2015-08-19,0.0
2015-08-20,0.18749907612800598
2015-08-21,0.19942976534366608
2015-08-22,0.19942976534366608
2015-08-23,0.19942976534366608
2015-08-24,0.19942976534366608
2015-08-25,0.19942976534366608
2015-08-26,0.0
2015-08-27,8.678609848022461
2015-08-28,0.0
2015-08-29,0.0
2015-08-30,0.0
2015-08-31,0.0
2015-09-01,3.913681745529175
2015-09-02,0.15192759037017822
2015-09-03,0.10265497863292694
2015-09-04,6.786671161651611
2015-09-05,0.20648738741874695
2015-09-06,0.0
2015-09-07,0.0
2015-09-08,0.0
2015-09-09,0.3421878516674042
2015-09-10,1.6051613092422485
2015-09-11,0.0
2015-09-12,4.606151580810547
2015-09-13,0.0
2015-09-14,0.0
2015-09-15,0.0
2015-09-16,0.0
2015-09-17,0.0
2015-09-18,0.0
2015-09-19,10.236330032348633
2015-09-20,1.262290358543396
2015-09-21,0.06381893157958984
2015-09-22,0.06381893157958984
2015-09-23,0.06381893157958984
2015-09-24,0.11320262402296066
2015-09-25,0.9717192053794861
2015-09-26,0.0
2015-09-27,0.0
2015-09-28,0.0
2015-09-29,0.0
2015-09-30,0.0
2015-10-01,11.166560173034668
2015-10-02,0.8057038187980652
2015-10-03,3.1342811584472656
2015-10-04,0.2597900331020355
2015-10-05,0.0
2015-10-06,0.0
2015-10-07,0.2332334965467453
2015-10-08,11.08849811553955
2015-10-09,0.0
2015-10-10,0.1417693793773651
2015-10-11,0.0
2015-10-12,0.0
2015-10-13,0.0
2015-10-14,0.0
2015-10-15,0.0
2015-10-16,0.0
2015-10-17,0.0
2015-10-18,0.0
2015-10-19,0.0
2015-10-20,0.0
2015-10-21,0.03472546115517616
2015-10-22,0.0
2015-10-23,4.3749237060546875
2015-10-24,11.332070350646973
2015-10-25,0.037405841052532196
2015-10-26,0.0
2015-10-27,0.0
2015-10-28,3.1372132301330566
2015-10-29,12.887669563293457
2015-10-30,0.29728081822395325
2015-10-31,12.060179710388184
2015-11-01,4.943386554718018
2015-11-02,35.10448455810547
2015-11-03,45.1821174621582
2015-11-04,5.7443084716796875
2015-11-05,47.47676467895508
2015-11-06,9.197309494018555
2015-11-07,0.1105889156460762
2015-11-08,0.127791628241539
2015-11-09,0.025804081931710243
2015-11-10,0.0
2015-11-11,3.765181303024292
2015-11-12,1.5596648454666138
2015-11-13,0.0
2015-11-14,0.0
2015-11-15,2.651373863220215
2015-11-16,0.1878875344991684
2015-11-17,1.1714134216308594
2015-11-18,0.0
2015-11-19,0.0
2015-11-20,3.656019926071167
2015-11-21,7.836795806884766
2015-11-22,0.2921617329120636
2015-11-23,0.0
2015-11-24,0.0
2015-11-25,1.4177353382110596
2015-11-26,0.0
2015-11-27,26.05527114868164
2015-11-28,0.0
2015-11-29,9.644023895263672
2015-11-30,20.328018188476562
2015-12-01,0.0
2015-12-02,0.0
2015-12-03,0.0
2015-12-04,0.0
2015-12-05,0.0
2015-12-06,24.625408172607422
2015-12-07,3.0227062702178955
2015-12-08,0.22681346535682678
2015-12-09,0.34910061955451965
2015-12-10,0.0778808742761612
2015-12-11,0.0
2015-12-12,0.0
2015-12-13,0.0
2015-12-14,0.0
2015-12-15,0.0
2015-12-16,29.849212646484375
2015-12-17,1.5926352739334106
2015-12-18,2.968843698501587
2015-12-19,2.161379337310791
2015-12-20,11.382543563842773
2015-12-21,0.28451117873191833
2015-12-22,1.3599334955215454
2015-12-23,1.7166780233383179
2015-12-24,0.24288204312324524
2015-12-25,3.8720035552978516
2015-12-26,3.7772557735443115
2015-12-27,12.665160179138184
2015-12-28,1.518186330795288
2015-12-29,0.4277041256427765
2015-12-30,0.057301755994558334
2015-12-31,0.27517566084861755
2016-01-01,1.7037273645401
2016-01-02,8.327987670898438
2016-01-03,5.55923318862915
2016-01-04,0.9301765561103821
2016-01-05,0.061899926513433456
2016-01-06,0.28678637742996216
2016-01-07,24.44807243347168
2016-01-08,0.7112032771110535
2016-01-09,0.39623764157295227
2016-01-10,23.303560256958008
2016-01-11,10.276664733886719
2016-01-12,0.09216884523630142
2016-01-13,6.009571075439453
2016-01-14,54.442840576171875
2016-01-15,6.163801193237305
2016-01-16,0.18323397636413574
2016-01-17,24.58536148071289
2016-01-18,1.6064636707305908
2016-01-19,3.21798038482666
2016-01-20,0.1636292189359665
2016-01-21,0.033438704907894135
2016-01-22,0.025429433211684227
2016-01-23,0.025429433211684227
2016-01-24,0.025429433211684227
2016-01-25,0.3988616466522217
2016-01-26,0.021841339766979218
2016-01-27,0.0
2016-01-28,0.0
2016-01-29,0.0741000697016716
2016-01-30,4.351737976074219
2016-01-31,17.911130905151367
2016-02-01,33.83958053588867
2016-02-02,5.597726345062256
2016-02-03,20.43177032470703
2016-02-04,35.48625564575195
2016-02-05,8.813761711120605
2016-02-06,5.088904857635498
2016-02-07,25.19269371032715
2016-02-08,0.003518633311614394
2016-02-09,0.42223596572875977
2016-02-10,13.768171310424805
2016-02-11,0.0
2016-02-12,0.0
2016-02-13,0.0
2016-02-14,0.0
2016-02-15,0.0
2016-02-16,0.42472055554389954
2016-02-17,0.5934202075004578
2016-02-18,1.6426500082015991
2016-02-19,0.031146300956606865
2016-02-20,7.020822525024414
2016-02-21,10.84823226928711
2016-02-22,10.34561824798584
2016-02-23,14.349077224731445
2016-02-24,0.246461421251297
2016-02-25,1.496425986289978
2016-02-26,12.938360214233398
2016-02-27,59.08305358886719
2016-02-28,15.873627662658691
2016-02-29,12.284608840942383
2016-03-01,1.5513559579849243
2016-03-02,10.417974472045898
2016-03-03,0.4042932391166687
2016-03-04,15.17752456665039
2016-03-05,25.098459243774414
2016-03-06,0.4318977892398834
2016-03-07,0.27276289463043213
2016-03-08,1.5905723571777344
2016-03-09,0.0
2016-03-10,89.78755187988281
2016-03-11,1.32511305809021
2016-03-12,2.649768114089966
2016-03-13,0.2989242672920227
2016-03-14,0.0
2016-03-15,0.0
2016-03-16,0.0
2016-03-17,0.5443874001502991
2016-03-18,0.339358389377594
2016-03-19,2.779921293258667
2016-03-20,2.2751049995422363
2016-03-21,3.7233455181121826
2016-03-22,0.646443784236908
2016-03-23,43.33855438232422
2016-03-24,0.39327341318130493
2016-03-25,45.09852981567383
2016-03-26,0.0
2016-03-27,9.706530570983887
2016-03-28,21.416074752807617
2016-03-29,1.4321993589401245
2016-03-30,3.0910427570343018
2016-03-31,0.0
2016-04-01,0.0
2016-04-02,10.302302360534668
2016-04-03,4.966752052307129
2016-04-04,0.6176053881645203
2016-04-05,3.6743857860565186
2016-04-06,0.9865176677703857
2016-04-07,0.0
2016-04-08,2.8522214889526367
2016-04-09,6.693358421325684
2016-04-10,7.76106595993042
2016-04-11,27.12739372253418
2016-04-12,1.9029526710510254
2016-04-13,0.37146270275115967
2016-04-14,0.4202842116355896
2016-04-15,6.43266487121582
2016-04-16,0.0
2016-04-17,2.5465362071990967
2016-04-18,0.2919900715351105
2016-04-19,0.0
2016-04-20,5.0992326736450195
2016-04-21,5.752507209777832
2016-04-22,25.530128479003906
2016-04-23,1.9220914840698242
2016-04-24,0.13480599224567413
2016-04-25,13.12725830078125
2016-04-26,84.58345794677734
2016-04-27,0.005777665879577398
2016-04-28,0.3609338104724884
2016-04-29,0.0
2016-04-30,0.0
2016-05-01,0.3231240510940552
2016-05-02,0.3231240510940552
2016-05-03,0.3231240510940552
2016-05-04,0.3231240510940552
2016-05-05,0.3231240510940552
2016-05-06,0.0
2016-05-07,16.056737899780273
2016-05-08,19.317596435546875
2016-05-09,0.0
2016-05-10,0.0
2016-05-11,38.43946838378906
2016-05-12,0.0
2016-05-13,0.0
2016-05-14,0.31002506613731384
2016-05-15,0.6526386141777039
2016-05-16,3.7068676948547363
2016-05-17,2.1643879413604736
2016-05-18,0.345367968082428
2016-05-19,0.345367968082428
2016-05-20,0.345367968082428
2016-05-21,0.21115267276763916
2016-05-22,0.21115267276763916
2016-05-23,0.21115267276763916
2016-05-24,0.21115267276763916
2016-05-25,1.266916036605835
2016-05-26,0.0
2016-05-27,13.625139236450195
2016-05-28,0.0
2016-05-29,0.0
2016-05-30,0.0
2016-05-31,0.018305156379938126
2016-06-01,0.5345032811164856
2016-06-02,0.12684421241283417
2016-06-03,16.1510009765625
2016-06-04,0.06467774510383606
2016-06-05,0.15262141823768616
2016-06-06,0.39480242133140564
2016-06-07,49.66959762573242
2016-06-08,0.03603387624025345
2016-06-09,0.0
2016-06-10,0.0
2016-06-11,0.5712473392486572
2016-06-12,3.4274842739105225
2016-06-13,0.5712473392486572
2016-06-14,0.5712473392486572
2016-06-15,0.5712473392486572
2016-06-16,0.7856493592262268
2016-06-17,0.7856493592262268
2016-06-18,0.7856493592262268
2016-06-19,0.7856493592262268
2016-06-20,0.7856493592262268
2016-06-21,2.517596483230591
2016-06-22,0.41959938406944275
2016-06-23,0.41959938406944275
2016-06-24,0.41959938406944275
2016-06-25,0.41959938406944275
2016-06-26,6.280838966369629
2016-06-27,0.017196323722600937
2016-06-28,6.276587009429932
2016-06-29,0.39140644669532776
2016-06-30,0.0
2016-07-01,0.0
2016-07-02,0.0
2016-07-03,0.0
2016-07-04,0.6229983568191528
2016-07-05,6.428948402404785
2016-07-06,26.83758544921875
2016-07-07,5.367447853088379
2016-07-08,0.11001881957054138
2016-07-09,0.0
2016-07-10,0.0
2016-07-11,0.0
2016-07-12,0.0
2016-07-13,3.184143304824829
2016-07-14,0.0
2016-07-15,0.0
2016-07-16,42.601131439208984
2016-07-17,0.11118435114622116
2016-07-18,0.23587939143180847
2016-07-19,0.0
2016-07-20,0.0
2016-07-21,0.5867738127708435
2016-07-22,0.5867738127708435
2016-07-23,0.5867738127708435
2016-07-24,0.5867738127708435
2016-07-25,0.5867738127708435
2016-07-26,0.08830209076404572
2016-07-27,0.08830209076404572
2016-07-28,0.08830209076404572
2016-07-29,0.08830209076404572
2016-07-30,0.08830209076404572
2016-07-31,0.08830209076404572
2016-08-01,0.015534639358520508
2016-08-02,0.015534639358520508
2016-08-03,0.015534639358520508
2016-08-04,0.015534639358520508
2016-08-05,0.015534639358520508
2016-08-06,0.0
2016-08-07,2.3360984325408936
2016-08-08,0.0
2016-08-09,36.551151275634766
2016-08-10,2.4147825241088867
2016-08-11,0.0
2016-08-12,0.0
2016-08-13,0.0
2016-08-14,0.0
2016-08-15,0.0
2016-08-16,0.0
2016-08-17,0.0
2016-08-18,2.813681125640869
2016-08-19,3.34875226020813
2016-08-20,2.771740436553955
2016-08-21,18.57583236694336
2016-08-22,0.19030681252479553
2016-08-23,0.09125706553459167
2016-08-24,1.0050996541976929
2016-08-25,3.658017635345459
2016-08-26,0.0
2016-08-27,0.0
2016-08-28,4.025574684143066
2016-08-29,0.1654345542192459
2016-08-30,0.0
2016-08-31,0.0
2016-09-01,0.0
2016-09-02,2.6548445224761963
2016-09-03,4.4940104484558105
2016-09-04,0.883877158164978
2016-09-05,0.43906599283218384
2016-09-06,0.592412531375885
2016-09-07,0.592412531375885
2016-09-08,0.592412531375885
2016-09-09,0.592412531375885
2016-09-10,0.592412531375885
2016-09-11,0.06833440065383911
2016-09-12,0.06833440065383911
2016-09-13,0.06833440065383911
2016-09-14,1.0933504104614258
2016-09-15,0.06833440065383911
2016-09-16,0.0
2016-09-17,0.0
2016-09-18,0.0
2016-09-19,48.86521911621094
2016-09-20,0.0
2016-09-21,0.0
2016-09-22,0.39861801266670227
2016-09-23,0.1432255059480667
2016-09-24,41.14101791381836
2016-09-25,0.0
2016-09-26,0.0
2016-09-27,0.0
2016-09-28,0.0
2016-09-29,0.0
2016-09-30,0.0
2016-10-01,17.167625427246094
2016-10-02,0.020415110513567924
2016-10-03,0.2392721027135849
2016-10-04,0.3575315773487091
2016-10-05,0.06188149005174637
2016-10-06,17.85384178161621
2016-10-07,0.0
2016-10-08,0.38398924469947815
2016-10-09,1.8684734106063843
2016-10-10,0.23848915100097656
2016-10-11,1.0421013832092285
2016-10-12,5.571412563323975
2016-10-13,0.04898900166153908
2016-10-14,0.0
2016-10-15,0.0
2016-10-16,12.849495887756348
2016-10-17,1.5881589651107788
2016-10-18,0.0
2016-10-19,1.7771682739257812
2016-10-20,0.0
2016-10-21,4.183836936950684
2016-10-22,0.0
2016-10-23,0.0
2016-10-24,0.0
2016-10-25,7.241766452789307
2016-10-26,63.311073303222656
2016-10-27,10.313918113708496
2016-10-28,0.3753044009208679
2016-10-29,0.2372974455356598
2016-10-30,0.0983855277299881
2016-10-31,0.15656521916389465
2016-11-01,0.031960729509592056
2016-11-02,9.893732070922852
2016-11-03,0.45027977228164673
2016-11-04,0.4654056131839752
2016-11-05,0.7443869709968567
2016-11-06,0.02755945734679699
2016-11-07,0.0
2016-11-08,10.127366065979004
2016-11-09,6.101329326629639
2016-11-10,2.5944151878356934
2016-11-11,0.1465218961238861
2016-11-12,5.521541595458984
2016-11-13,0.0
2016-11-14,0.0
2016-11-15,33.984107971191406
2016-11-16,0.3198849558830261
2016-11-17,26.814102172851562
2016-11-18,14.004671096801758
2016-11-19,0.8673810362815857
2016-11-20,0.18006263673305511
2016-11-21,0.0
2016-11-22,38.343326568603516
2016-11-23,0.0
2016-11-24,0.0
2016-11-25,0.0012910644290968776
2016-11-26,0.0
2016-11-27,0.0
2016-11-28,0.0813315287232399
2016-11-29,1.0972397327423096
2016-11-30,6.227579116821289
2016-12-01,2.5452797412872314
2016-12-02,17.07462501525879
2016-12-03,0.10458409041166306
2016-12-04,4.661234378814697
2016-12-05,1.4436079263687134
2016-12-06,0.08194582164287567
2016-12-07,0.09600308537483215
2016-12-08,0.14431244134902954
2016-12-09,0.0
2016-12-10,9.948320388793945
2016-12-11,0.7468962669372559
2016-12-12,3.7710835933685303
2016-12-13,0.0
2016-12-14,22.122697830200195
2016-12-15,4.251000881195068
2016-12-16,0.14432615041732788
2016-12-17,0.02558974362909794
2016-12-18,0.030707692727446556
2016-12-19,0.018527070060372353
2016-12-20,13.45600700378418
2016-12-21,0.1440717875957489
2016-12-22,0.0
2016-12-23,22.304777145385742
2016-12-24,2.5936501026153564
2016-12-25,0.0
2016-12-26,30.821102142333984
2016-12-27,1.9993352890014648
2016-12-28,27.135873794555664
2016-12-29,1.9733178615570068
2016-12-30,1.6822810173034668
2016-12-31,25.166488647460938
2017-01-01,0.3029480278491974
2017-01-02,0.3240779638290405
2017-01-03,2.0320494174957275
2017-01-04,13.060077667236328
2017-01-05,0.7994864583015442
2017-01-06,1.9563822746276855
2017-01-07,1.879668116569519
2017-01-08,5.004649639129639
2017-01-09,0.0
2017-01-10,0.0
2017-01-11,0.0
2017-01-12,18.075984954833984
2017-01-13,0.5235981345176697
2017-01-14,5.194241523742676
2017-01-15,0.07218027114868164
2017-01-16,0.06178600341081619
2017-01-17,0.09034751355648041
2017-01-18,0.7032806277275085
2017-01-19,15.780543327331543
2017-01-20,3.4781062602996826
2017-01-21,20.098264694213867
2017-01-22,0.9667484760284424
2017-01-23,0.0
2017-01-24,3.5012102127075195
2017-01-25,9.99374008178711
2017-01-26,0.21776898205280304
2017-01-27,16.302291870117188
2017-01-28,0.3215211033821106
2017-01-29,0.0
2017-01-30,0.0
2017-01-31,0.0
2017-02-01,2.6498684883117676
2017-02-02,20.641679763793945
2017-02-03,3.4372382164001465
2017-02-04,0.0
2017-02-05,0.9077451229095459
2017-02-06,7.924647808074951
2017-02-07,6.415493011474609
2017-02-08,0.2915974259376526
2017-02-09,0.2442164272069931
2017-02-10,0.03718987852334976
2017-02-11,4.686362266540527
2017-02-12,23.47637939453125
2017-02-13,4.6560187339782715
2017-02-14,0.0
2017-02-15,0.11451733857393265
2017-02-16,50.59156799316406
2017-02-17,1.1232651472091675
2017-02-18,0.0
2017-02-19,4.385288238525391
2017-02-20,53.91161346435547
2017-02-21,12.946335792541504
2017-02-22,6.392597198486328
2017-02-23,17.163179397583008
2017-02-24,8.650324821472168
2017-02-25,6.061818599700928
2017-02-26,7.265496253967285
2017-02-27,1.843291163444519
2017-02-28,5.924464225769043
2017-03-01,36.70079803466797
2017-03-02,4.183743953704834
2017-03-03,0.09505820274353027
2017-03-04,0.4640156924724579
2017-03-05,0.029973745346069336
2017-03-06,1.6558103561401367
2017-03-07,85.06462860107422
2017-03-08,3.459240674972534
2017-03-09,0.09688954800367355
2017-03-10,0.0
2017-03-11,0.05774721875786781
2017-03-12,0.0
2017-03-13,30.907377243041992
2017-03-14,0.11495324969291687
2017-03-15,0.5918988585472107
2017-03-16,20.54901695251465
2017-03-17,36.68465042114258
2017-03-18,0.0
2017-03-19,0.0
2017-03-20,0.0
2017-03-21,26.866893768310547
2017-03-22,5.337911605834961
2017-03-23,4.147678852081299
2017-03-24,4.6429548263549805
2017-03-25,7.843032360076904
2017-03-26,0.16956596076488495
2017-03-27,0.5921719074249268
2017-03-28,0.0370430089533329
2017-03-29,75.22965240478516
2017-03-30,0.32677319645881653
2017-03-31,0.6416926383972168
2017-04-01,2.157113552093506
2017-04-02,8.997103691101074
2017-04-03,0.48213058710098267
2017-04-04,14.068479537963867
2017-04-05,1.3381624221801758
2017-04-06,1.3823370933532715
2017-04-07,3.291820526123047
2017-04-08,0.9520411491394043
2017-04-09,5.064586162567139
2017-04-10,9.433036804199219
2017-04-11,66.51861572265625
2017-04-12,0.0
2017-04-13,0.025714756920933723
2017-04-14,0.4710942804813385
2017-04-15,0.05278661474585533
2017-04-16,0.09621410816907883
2017-04-17,59.46099090576172
2017-04-18,0.4918002486228943
2017-04-19,0.13583970069885254
2017-04-20,1.6262506246566772
2017-04-21,0.21322037279605865
2017-04-22,65.46248626708984
2017-04-23,0.0
2017-04-24,0.0
2017-04-25,5.4323248863220215
2017-04-26,17.23594856262207
2017-04-27,9.593855857849121
2017-04-28,0.9568166136741638
2017-04-29,0.22965465486049652
2017-04-30,0.0
2017-05-01,0.0
2017-05-02,0.0
2017-05-03,0.0
2017-05-04,19.139699935913086
2017-05-05,0.0
2017-05-06,0.0
2017-05-07,0.04940418899059296
2017-05-08,0.0
2017-05-09,19.081693649291992
2017-05-10,17.65855598449707
2017-05-11,17.474666595458984
2017-05-12,2.144526243209839
2017-05-13,0.0
2017-05-14,1.347327470779419
2017-05-15,0.4768855571746826
2017-05-16,5.645249366760254
2017-05-17,14.631362915039062
2017-05-18,4.191328525543213
2017-05-19,12.65845012664795
2017-05-20,25.20997428894043
2017-05-21,45.53617477416992
2017-05-22,1.4983224868774414
2017-05-23,1.7037334442138672
2017-05-24,0.18307289481163025
2017-05-25,0.0
2017-05-26,0.0
2017-05-27,0.2686197757720947
2017-05-28,15.318127632141113
2017-05-29,0.0
2017-05-30,0.0
2017-05-31,0.0
2017-06-01,0.07292644679546356
2017-06-02,0.07292644679546356
2017-06-03,0.07292644679546356
2017-06-04,0.19447052478790283
2017-06-05,0.07292644679546356
2017-06-06,0.665543258190155
2017-06-07,1.0352026224136353
2017-06-08,8.956876754760742
2017-06-09,47.377864837646484
2017-06-10,0.0
2017-06-11,1.6301826238632202
2017-06-12,1.6301826238632202
2017-06-13,1.6301826238632202
2017-06-14,1.6301826238632202
2017-06-15,1.6301826238632202
2017-06-16,0.0
2017-06-17,0.0
2017-06-18,0.0
2017-06-19,11.23343276977539
2017-06-20,0.0
2017-06-21,0.5504152178764343
2017-06-22,0.5504152178764343
2017-06-23,0.5504152178764343
2017-06-24,0.5504152178764343
2017-06-25,0.5504152178764343
2017-06-26,1.80687415599823
2017-06-27,1.80687415599823
2017-06-28,8.05833625793457
2017-06-29,4.58978271484375
2017-06-30,1.80687415599823
2017-07-01,0.4758896827697754
2017-07-02,0.4758896827697754
2017-07-03,0.4758896827697754
2017-07-04,0.4758896827697754
2017-07-05,0.4758896827697754
2017-07-06,0.31261008977890015
2017-07-07,0.8336268663406372
2017-07-08,0.31261008977890015
2017-07-09,0.31261008977890015
2017-07-10,0.31261008977890015
2017-07-11,0.2212042361497879
2017-07-12,0.2212042361497879
2017-07-13,0.2212042361497879
2017-07-14,0.2212042361497879
2017-07-15,0.2212042361497879
2017-07-16,0.2834804952144623
2017-07-17,0.2834804952144623
2017-07-18,0.755948007106781
2017-07-19,0.2834804952144623
2017-07-20,0.2834804952144623
2017-07-21,0.0
2017-07-22,0.0
2017-07-23,0.0
2017-07-24,0.0
2017-07-25,1.8881028890609741
2017-07-26,0.05040812864899635
2017-07-27,0.05040812864899635
2017-07-28,0.05040812864899635
2017-07-29,0.05040812864899635
2017-07-30,0.05040812864899635
2017-07-31,0.15122440457344055
2017-08-01,0.024452215060591698
2017-08-02,0.024452215060591698
2017-08-03,0.0652059018611908
2017-08-04,0.024452215060591698
2017-08-05,0.024452215060591698
2017-08-06,0.13846486806869507
2017-08-07,0.13846486806869507
2017-08-08,0.13846486806869507
2017-08-09,0.6720048189163208
2017-08-10,0.29724928736686707
2017-08-11,0.0
2017-08-12,0.09752359241247177
2017-08-13,6.867724418640137
2017-08-14,1.7921591997146606
2017-08-15,30.142658233642578
2017-08-16,53.19230270385742
2017-08-17,29.036231994628906
2017-08-18,15.809016227722168
2017-08-19,0.0
2017-08-20,0.0
2017-08-21,0.8310272097587585
2017-08-22,0.31163522601127625
2017-08-23,0.31163522601127625
2017-08-24,0.31163522601127625
2017-08-25,0.31163522601127625
2017-08-26,3.1376376152038574
2017-08-27,1.7598565816879272
2017-08-28,0.0
2017-08-29,0.0
2017-08-30,0.0
2017-08-31,0.0
2017-09-01,0.0
2017-09-02,0.0
2017-09-03,0.0
2017-09-04,0.0
2017-09-05,6.956043243408203
2017-09-06,0.07014249265193939
2017-09-07,0.0
2017-09-08,0.18680725991725922
2017-09-09,0.0
2017-09-10,1.1896090507507324
2017-09-11,0.7005601525306702
2017-09-12,10.701889991760254
2017-09-13,0.0
2017-09-14,0.33025825023651123
2017-09-15,6.320242404937744
2017-09-16,12.387779235839844
2017-09-17,0.0
2017-09-18,0.0
2017-09-19,0.0
2017-09-20,0.0
2017-09-21,0.0
2017-09-22,0.20369969308376312
2017-09-23,1.0181314945220947
2017-09-24,0.0
2017-09-25,0.0
2017-09-26,0.4102875888347626
2017-09-27,0.014775448478758335
2017-09-28,4.129281044006348
2017-09-29,0.0
2017-09-30,0.0
2017-10-01,0.08913691341876984
2017-10-02,1.4261906147003174
2017-10-03,0.08913691341876984
2017-10-04,0.08913691341876984
2017-10-05,0.08913691341876984
2017-10-06,0.0
2017-10-07,0.0
2017-10-08,0.0
2017-10-09,0.0
2017-10-10,0.0
2017-10-11,0.0
2017-10-12,0.22485551238059998
2017-10-13,7.620674133300781
2017-10-14,21.308658599853516
2017-10-15,3.6130311489105225
2017-10-16,0.0
2017-10-17,0.0
2017-10-18,0.0
2017-10-19,4.429705619812012
2017-10-20,9.900832176208496
2017-10-21,0.2676190137863159
2017-10-22,1.7217824459075928
2017-10-23,8.081927299499512
2017-10-24,0.14127078652381897
2017-10-25,0.0
2017-10-26,0.0
2017-10-27,0.0
2017-10-28,0.01813940517604351
2017-10-29,0.859386146068573
2017-10-30,0.0
2017-10-31,7.7984514236450195
2017-11-01,14.020696640014648
2017-11-02,0.12355542182922363
2017-11-03,0.0
2017-11-04,1.9275801181793213
2017-11-05,8.49771499633789
2017-11-06,32.56844711303711
2017-11-07,5.473982810974121
2017-11-08,0.017871642485260963
2017-11-09,40.91683578491211
2017-11-10,0.47780734300613403
2017-11-11,0.36170947551727295
2017-11-12,0.3929731845855713
2017-11-13,0.0
2017-11-14,0.0
2017-11-15,0.0
2017-11-16,0.0
2017-11-17,0.4900122880935669
2017-11-18,0.0
2017-11-19,52.52294158935547
2017-11-20,0.0
2017-11-21,0.0
2017-11-22,6.226022243499756
2017-11-23,0.0970611572265625
2017-11-24,0.0
2017-11-25,0.0
2017-11-26,0.005267702974379063
2017-11-27,6.328017711639404
2017-11-28,11.343594551086426
2017-11-29,10.00665283203125
2017-11-30,0.0
2017-12-01,12.350459098815918
2017-12-02,4.871687412261963
2017-12-03,2.609064817428589
2017-12-04,0.20675352215766907
2017-12-05,41.48465347290039
2017-12-06,3.16058349609375
2017-12-07,0.568287193775177
2017-12-08,0.056109797209501266
2017-12-09,0.029022112488746643
2017-12-10,14.863334655761719
2017-12-11,0.46716976165771484
2017-12-12,4.664398670196533
2017-12-13,0.0
2017-12-14,25.2101993560791
2017-12-15,0.0
2017-12-16,4.1000518798828125
2017-12-17,0.30998775362968445
2017-12-18,31.82444190979004
2017-12-19,2.009120464324951
2017-12-20,2.647596597671509
2017-12-21,0.15398848056793213
2017-12-22,4.871373176574707
2017-12-23,38.062835693359375
2017-12-24,36.122276306152344
2017-12-25,109.39550018310547
2017-12-26,2.3262805938720703
2017-12-27,0.22019273042678833
2017-12-28,0.17005227506160736
2017-12-29,50.5877571105957
2017-12-30,0.7279207706451416
2017-12-31,0.02417721226811409
2018-01-01,1.0510377883911133
2018-01-02,18.01499366760254
2018-01-03,14.152400016784668
2018-01-04,3.1771063804626465
2018-01-05,0.15063324570655823
2018-01-06,57.58927917480469
2018-01-07,16.145483016967773
2018-01-08,0.46199899911880493
2018-01-09,2.2707669734954834
2018-01-10,11.441886901855469
2018-01-11,36.454811096191406
2018-01-12,4.336460113525391
2018-01-13,0.2431940734386444
2018-01-14,14.78567886352539
2018-01-15,2.46182918548584
2018-01-16,0.9085991978645325
2018-01-17,0.4436171054840088
2018-01-18,13.16441535949707
2018-01-19,3.022832155227661
2018-01-20,37.94886779785156
2018-01-21,0.6091594696044922
2018-01-22,0.6497379541397095
2018-01-23,0.026881029829382896
2018-01-24,0.023966414853930473
2018-01-25,0.3522041440010071
2018-01-26,0.0
2018-01-27,0.009374476969242096
2018-01-28,19.099544525146484
2018-01-29,73.82756805419922
2018-01-30,20.261690139770508
2018-01-31,1.924567461013794
2018-02-01,16.9644718170166
2018-02-02,42.11254119873047
2018-02-03,5.1307902336120605
2018-02-04,6.305341720581055
2018-02-05,5.61843204498291
2018-02-06,0.6226704120635986
2018-02-07,1.4940365552902222
2018-02-08,3.6100897789001465
2018-02-09,1.2178149223327637
2018-02-10,0.805367648601532
2018-02-11,0.2541823387145996
2018-02-12,36.815364837646484
2018-02-13,1.2257018089294434
2018-02-14,0.6813614368438721
2018-02-15,0.46122655272483826
2018-02-16,2.7820944786071777
2018-02-17,0.1927831619977951
2018-02-18,7.0140509605407715
2018-02-19,29.31987953186035
2018-02-20,0.09529639780521393
2018-02-21,0.9663066267967224
2018-02-22,26.303579330444336
2018-02-23,0.0910983607172966
2018-02-24,0.12290987372398376
2018-02-25,0.18972639739513397
2018-02-26,3.1279656887054443
2018-02-27,16.01638412475586
2018-02-28,2.7756433486938477
2018-03-01,2.7631757259368896
2018-03-02,22.278810501098633
2018-03-03,0.0
2018-03-04,0.0
2018-03-05,7.390777111053467
2018-03-06,16.07535171508789
2018-03-07,132.66262817382812
2018-03-08,0.3579045534133911
2018-03-09,0.46518221497535706
2018-03-10,0.12873069941997528
2018-03-11,0.0
2018-03-12,0.0
2018-03-13,0.8300106525421143
2018-03-14,8.28278923034668
2018-03-15,0.26490694284439087
2018-03-16,69.35812377929688
2018-03-17,10.615438461303711
2018-03-18,8.700817108154297
2018-03-19,0.005524716340005398
2018-03-20,12.254456520080566
2018-03-21,2.2116713523864746
2018-03-22,0.0
2018-03-23,0.12777699530124664
2018-03-24,0.5075887441635132
2018-03-25,47.04278564453125
2018-03-26,0.19620028138160706
2018-03-27,0.11896166950464249
2018-03-28,0.0
2018-03-29,0.0
2018-03-30,0.8325046896934509
2018-03-31,29.473478317260742
2018-04-01,0.0
2018-04-02,32.87739562988281
2018-04-03,0.2658974528312683
2018-04-04,0.11665332317352295
2018-04-05,6.11604118347168
2018-04-06,42.50326919555664
2018-04-07,1.758277177810669
2018-04-08,24.15837860107422
2018-04-09,0.09359349310398102
2018-04-10,4.012011528015137
2018-04-11,0.10750623047351837
2018-04-12,0.0
2018-04-13,28.490089416503906
2018-04-14,0.0
2018-04-15,0.0
2018-04-16,0.0
2018-04-17,0.0
2018-04-18,0.0
2018-04-19,0.0
2018-04-20,0.0
2018-04-21,3.3609516620635986
2018-04-22,2.839700937271118
2018-04-23,0.0
2018-04-24,4.81579065322876
2018-04-25,0.34236037731170654
2018-04-26,13.109612464904785
2018-04-27,2.8196470737457275
2018-04-28,0.0
2018-04-29,0.0
2018-04-30,0.0
2018-05-01,0.9677093029022217
2018-05-02,0.0
2018-05-03,1.3570915460586548
2018-05-04,22.51763153076172
2018-05-05,2.105073928833008
2018-05-06,17.985599517822266
2018-05-07,0.0
2018-05-08,6.614236354827881
2018-05-09,0.0
2018-05-10,0.03009164147078991
2018-05-11,3.554638385772705
2018-05-12,28.305583953857422
2018-05-13,1.008563756942749
2018-05-14,0.0
2018-05-15,0.0056778001599013805
2018-05-16,0.0
2018-05-17,25.51836585998535
2018-05-18,0.0
2018-05-19,25.27082633972168
2018-05-20,0.0
2018-05-21,0.542580246925354
2018-05-22,0.542580246925354
2018-05-23,0.542580246925354
2018-05-24,0.542580246925354
2018-05-25,0.542580246925354
2018-05-26,0.0
2018-05-27,0.0
2018-05-28,0.0
2018-05-29,0.0
2018-05-30,0.18343520164489746
2018-05-31,4.302525043487549
2018-06-01,13.379982948303223
2018-06-02,19.40387725830078
2018-06-03,16.42703628540039
2018-06-04,0.09106039255857468
2018-06-05,0.0
2018-06-06,0.0
2018-06-07,0.0
2018-06-08,0.0
2018-06-09,3.919896364212036
2018-06-10,8.574986457824707
2018-06-11,0.02752293273806572
2018-06-12,4.299094200134277
2018-06-13,0.00017811606812756509
2018-06-14,0.0
2018-06-15,0.0
2018-06-16,0.558029294013977
2018-06-17,0.558029294013977
2018-06-18,0.558029294013977
2018-06-19,0.558029294013977
2018-06-20,0.558029294013977
2018-06-21,0.0
2018-06-22,5.540136814117432
2018-06-23,0.15654274821281433
2018-06-24,1.207605242729187
2018-06-25,2.627429246902466
2018-06-26,3.0258255004882812
2018-06-27,1.1346845626831055
2018-06-28,1.1346845626831055
2018-06-29,1.1346845626831055
2018-06-30,1.1346845626831055
2018-07-01,1.022857904434204
2018-07-02,1.022857904434204
2018-07-03,1.022857904434204
2018-07-04,1.022857904434204
2018-07-05,1.022857904434204
2018-07-06,0.45325785875320435
2018-07-07,0.45325785875320435
2018-07-08,0.45325785875320435
2018-07-09,0.45325785875320435
2018-07-10,1.208687663078308
2018-07-11,0.09448056668043137
2018-07-12,0.38744357228279114
2018-07-13,0.2739204168319702
2018-07-14,0.09448056668043137
2018-07-15,0.09448056668043137
2018-07-16,0.0
2018-07-17,0.0
2018-07-18,0.0
2018-07-19,0.9419941306114197
2018-07-20,4.475083827972412
2018-07-21,43.72984313964844
2018-07-22,5.509805202484131
2018-07-23,0.0
2018-07-24,0.0
2018-07-25,0.0
2018-07-26,0.045697640627622604
2018-07-27,0.0
2018-07-28,0.0
2018-07-29,0.0
2018-07-30,0.0
2018-07-31,0.7571210861206055
2018-08-01,0.0
2018-08-02,0.0
2018-08-03,0.0
2018-08-04,21.61505699157715
2018-08-05,20.08797264099121
2018-08-06,1.660804271697998
2018-08-07,9.024309158325195
2018-08-08,0.0
2018-08-09,3.8335373401641846
2018-08-10,0.0
2018-08-11,0.0
2018-08-12,0.0
2018-08-13,0.0
2018-08-14,0.29766765236854553
2018-08-15,12.244062423706055
2018-08-16,0.0
2018-08-17,0.0
2018-08-18,0.0
2018-08-19,0.0
2018-08-20,0.0
2018-08-21,11.404196739196777
2018-08-22,0.9854607582092285
2018-08-23,0.0
2018-08-24,0.0
2018-08-25,8.652995109558105
2018-08-26,0.336719274520874
2018-08-27,0.336719274520874
2018-08-28,0.0841798186302185
2018-08-29,0.0841798186302185
2018-08-30,0.0841798186302185
2018-08-31,0.0841798186302185
2018-09-01,6.068399906158447
2018-09-02,0.0
2018-09-03,0.0
2018-09-04,0.0
2018-09-05,0.0
2018-09-06,0.21748320758342743
2018-09-07,0.21748320758342743
2018-09-08,0.21748320758342743
2018-09-09,0.21748320758342743
2018-09-10,0.21748320758342743
2018-09-11,0.0
2018-09-12,0.0
2018-09-13,0.0
2018-09-14,6.365116596221924
2018-09-15,0.0
2018-09-16,19.192123413085938
2018-09-17,13.272035598754883
2018-09-18,44.12060546875
2018-09-19,0.0
2018-09-20,13.344086647033691
2018-09-21,0.0
2018-09-22,0.0
2018-09-23,0.0
2018-09-24,0.0
2018-09-25,0.0
2018-09-26,0.0
2018-09-27,1.590132713317871
2018-09-28,0.0
2018-09-29,0.7344139814376831
2018-09-30,0.68196040391922
2018-10-01,0.0
2018-10-02,0.0
2018-10-03,0.0
2018-10-04,15.934674263000488
2018-10-05,1.63430655002594
2018-10-06,0.0
2018-10-07,0.0
2018-10-08,0.0
2018-10-09,0.0
2018-10-10,0.0
2018-10-11,6.230778217315674
2018-10-12,0.1967732161283493
2018-10-13,0.0005732100107707083
2018-10-14,1.1786266565322876
2018-10-15,0.6268368363380432
2018-10-16,0.0
2018-10-17,1.0745033025741577
2018-10-18,0.0
2018-10-19,0.00621873140335083
2018-10-20,14.19248104095459
2018-10-21,0.0
2018-10-22,0.5583202242851257
2018-10-23,38.71619415283203
2018-10-24,14.74592399597168
2018-10-25,10.810210227966309
2018-10-26,0.2640378177165985
2018-10-27,0.19890975952148438
2018-10-28,0.08556445688009262
2018-10-29,0.0
2018-10-30,0.0
2018-10-31,0.01146624330431223
2018-11-01,0.0
2018-11-02,0.0
2018-11-03,0.0
2018-11-04,0.0
2018-11-05,6.0394511222839355
2018-11-06,6.212569236755371
2018-11-07,16.717639923095703
2018-11-08,0.02961474098265171
2018-11-09,0.0
2018-11-10,0.5542814135551453
2018-11-11,0.0
2018-11-12,4.747849464416504
2018-11-13,0.11079572886228561
2018-11-14,0.2014285773038864
2018-11-15,6.7766032218933105
2018-11-16,0.22753413021564484
2018-11-17,30.277082443237305
2018-11-18,0.0
2018-11-19,43.16455078125
2018-11-20,1.2104054689407349
2018-11-21,0.045237477868795395
2018-11-22,2.5039222240448
2018-11-23,0.0
2018-11-24,76.38371276855469
2018-11-25,0.16501568257808685
2018-11-26,4.754456043243408
2018-11-27,3.728511095046997
2018-11-28,56.75727081298828
2018-11-29,1.7339067459106445
2018-11-30,35.4317512512207
2018-12-01,10.112187385559082
2018-12-02,68.15032958984375
2018-12-03,0.4529638886451721
2018-12-04,0.0
2018-12-05,0.3131628632545471
2018-12-06,21.655107498168945
2018-12-07,4.241580486297607
2018-12-08,0.07548432797193527
2018-12-09,0.0
2018-12-10,0.0
2018-12-11,0.0
2018-12-12,0.14522308111190796
2018-12-13,3.1808557510375977
2018-12-14,1.9190598726272583
2018-12-15,25.4492130279541
2018-12-16,13.307639122009277
2018-12-17,5.415501594543457
2018-12-18,10.138833045959473
2018-12-19,11.871124267578125
2018-12-20,5.659485816955566
2018-12-21,1.3056037425994873
2018-12-22,10.642845153808594
2018-12-23,5.56815767288208
2018-12-24,60.14985275268555
2018-12-25,4.181801795959473
2018-12-26,0.1580006182193756
2018-12-27,0.8125214576721191
2018-12-28,0.9664057493209839
2018-12-29,0.7813942432403564
2018-12-30,20.758804321289062
2018-12-31,4.511051177978516
2019-01-01,0.33173662424087524
2019-01-02,0.4172179698944092
2019-01-03,6.0656256675720215
2019-01-04,4.462396621704102
2019-01-05,4.91342306137085
2019-01-06,4.285146236419678
2019-01-07,0.4679992198944092
2019-01-08,12.716529846191406
2019-01-09,0.548252522945404
2019-01-10,6.888140678405762
2019-01-11,23.142553329467773
2019-01-12,9.375795364379883
2019-01-13,0.572531521320343
2019-01-14,0.9564168453216553
2019-01-15,0.34414777159690857
2019-01-16,8.11832332611084
2019-01-17,0.04476158693432808
2019-01-18,0.2614867091178894
2019-01-19,15.763301849365234
2019-01-20,1.601431131362915
2019-01-21,3.8379127979278564
2019-01-22,41.19188690185547
2019-01-23,1.4160282611846924
2019-01-24,0.23841840028762817
2019-01-25,29.15054702758789
2019-01-26,1.27890944480896
2019-01-27,0.2980472147464752
2019-01-28,24.34445571899414
2019-01-29,12.579068183898926
2019-01-30,40.48444366455078
2019-01-31,32.72760009765625
2019-02-01,12.171395301818848
2019-02-02,65.80799102783203
2019-02-03,2.2759628295898438
2019-02-04,3.3663880825042725
2019-02-05,0.23736083507537842
2019-02-06,2.8135461807250977
2019-02-07,2.594265937805176
2019-02-08,0.0
2019-02-09,7.306413650512695
2019-02-10,0.9051468968391418
2019-02-11,3.951775312423706
2019-02-12,0.24254082143306732
2019-02-13,40.74113082885742
2019-02-14,1.419414758682251
2019-02-15,7.090404510498047
2019-02-16,57.55952072143555
2019-02-17,3.7807650566101074
2019-02-18,0.6996230483055115
2019-02-19,0.22150200605392456
2019-02-20,3.7581448554992676
2019-02-21,0.5409932136535645
2019-02-22,0.16108933091163635
2019-02-23,0.2882154583930969
2019-02-24,25.695541381835938
2019-02-25,0.13198961317539215
2019-02-26,27.827838897705078
2019-02-27,2.2545416355133057
2019-02-28,9.266378402709961
2019-03-01,1.0082247257232666
2019-03-02,1.0197867155075073
2019-03-03,3.0656044483184814
2019-03-04,13.042601585388184
2019-03-05,8.091277122497559
2019-03-06,1.1715916395187378
2019-03-07,2.825934886932373
2019-03-08,1.0228646993637085
2019-03-09,5.345463275909424
2019-03-10,15.226651191711426
2019-03-11,0.5322824716567993
2019-03-12,21.017786026000977
2019-03-13,20.178890228271484
2019-03-14,0.5521975159645081
2019-03-15,1.9333456754684448
2019-03-16,0.5720914006233215
2019-03-17,1.547863245010376
2019-03-18,2.6944429874420166
2019-03-19,0.7378982305526733
2019-03-20,9.97730827331543
2019-03-21,70.81038665771484
2019-03-22,0.0
2019-03-23,0.40439411997795105
2019-03-24,0.1579776406288147
2019-03-25,2.2775425910949707
2019-03-26,1.8871418237686157
2019-03-27,33.717185974121094
2019-03-28,0.3226536214351654
2019-03-29,1.4823321104049683
2019-03-30,1.0703812837600708
2019-03-31,0.06208868324756622
2019-04-01,6.290270805358887
2019-04-02,19.103635787963867
2019-04-03,5.312853813171387
2019-04-04,13.945154190063477
2019-04-05,16.109651565551758
2019-04-06,10.815793991088867
2019-04-07,0.14578168094158173
2019-04-08,0.0
2019-04-09,0.0
2019-04-10,0.0
2019-04-11,0.0
2019-04-12,0.0
2019-04-13,0.0
2019-04-14,0.0
2019-04-15,0.0
2019-04-16,3.662977933883667
2019-04-17,29.67085838317871
2019-04-18,0.7905727624893188
2019-04-19,9.412410736083984
2019-04-20,0.33959969878196716
2019-04-21,5.360966682434082
2019-04-22,0.0
2019-04-23,27.00266456604004
2019-04-24,7.465519428253174
2019-04-25,0.195757657289505
2019-04-26,0.6260824799537659
2019-04-27,8.608174324035645
2019-04-28,44.02864456176758
2019-04-29,0.12948518991470337
2019-04-30,2.2377877235412598
2019-05-01,1.0632193088531494
2019-05-02,2.4678173065185547
2019-05-03,0.6022742986679077
2019-05-04,6.808605670928955
2019-05-05,5.800441741943359
2019-05-06,0.0
2019-05-07,0.0
2019-05-08,3.400493860244751
2019-05-09,14.17615032196045
2019-05-10,1.3962103128433228
2019-05-11,2.3099582195281982
2019-05-12,21.16806411743164
2019-05-13,10.100534439086914
2019-05-14,2.142493963241577
2019-05-15,0.0
2019-05-16,0.26346734166145325
2019-05-17,0.26346734166145325
2019-05-18,0.26346734166145325
2019-05-19,0.26346734166145325
2019-05-20,0.26346734166145325
2019-05-21,0.0
2019-05-22,4.971471309661865
2019-05-23,21.909631729125977
2019-05-24,10.305482864379883
2019-05-25,0.0
2019-05-26,0.18585321307182312
2019-05-27,0.18585321307182312
2019-05-28,0.18585321307182312
2019-05-29,0.18585321307182312
2019-05-30,0.18585321307182312
2019-05-31,0.557559609413147
2019-06-01,0.5296119451522827
2019-06-02,0.3163677155971527
2019-06-03,0.0
2019-06-04,0.0
2019-06-05,0.0
2019-06-06,0.8305866122245789
2019-06-07,0.8305866122245789
2019-06-08,0.8305866122245789
2019-06-09,0.8305866122245789
2019-06-10,0.8305866122245789
2019-06-11,0.0
2019-06-12,0.0
2019-06-13,0.0
2019-06-14,0.4717510938644409
2019-06-15,38.12847900390625
2019-06-16,12.484277725219727
2019-06-17,0.03203297778964043
2019-06-18,0.0
2019-06-19,0.9450193047523499
2019-06-20,0.140365868806839
2019-06-21,0.54322350025177
2019-06-22,0.54322350025177
2019-06-23,0.54322350025177
2019-06-24,0.54322350025177
2019-06-25,0.54322350025177
2019-06-26,0.6652294993400574
2019-06-27,0.0
2019-06-28,17.019371032714844
2019-06-29,0.0
2019-06-30,0.0
2019-07-01,3.4044339656829834
2019-07-02,3.4044339656829834
2019-07-03,3.4044339656829834
2019-07-04,3.4044339656829834
2019-07-05,3.4044339656829834
2019-07-06,1.5869593620300293
2019-07-07,1.5869593620300293
2019-07-08,1.5869593620300293
2019-07-09,1.5869593620300293
2019-07-10,1.5869593620300293
2019-07-11,0.18670304119586945
2019-07-12,0.18670304119586945
2019-07-13,0.18670304119586945
2019-07-14,0.18670304119586945
2019-07-15,0.18670304119586945
2019-07-16,3.893648862838745
2019-07-17,0.0
2019-07-18,0.0
2019-07-19,0.35278502106666565
2019-07-20,0.0
2019-07-21,0.0
2019-07-22,0.0
2019-07-23,4.230374336242676
2019-07-24,38.089073181152344
2019-07-25,0.0
2019-07-26,0.07298806309700012
2019-07-27,0.07298806309700012
2019-07-28,0.07298806309700012
2019-07-29,0.07298806309700012
2019-07-30,0.07298806309700012
2019-07-31,0.07298806309700012
2019-08-01,0.0
2019-08-02,1.1321076154708862
2019-08-03,0.0
2019-08-04,0.0
2019-08-05,0.0
2019-08-06,0.17915979027748108
2019-08-07,0.17915979027748108
2019-08-08,0.17915979027748108
2019-08-09,0.17915979027748108
2019-08-10,0.17915979027748108
2019-08-11,0.0
2019-08-12,0.0
2019-08-13,0.0
2019-08-14,0.0
2019-08-15,0.0
2019-08-16,0.13453291356563568
2019-08-17,0.13453291356563568
2019-08-18,0.13453291356563568
2019-08-19,0.8071974515914917
2019-08-20,0.13453291356563568
2019-08-21,0.10754624754190445
2019-08-22,0.10754624754190445
2019-08-23,0.10754624754190445
2019-08-24,0.10754624754190445
2019-08-25,0.10754624754190445
2019-08-26,0.29819101095199585
2019-08-27,2.0873372554779053
2019-08-28,0.29819101095199585
2019-08-29,0.29819101095199585
2019-08-30,0.29819101095199585
2019-08-31,0.29819101095199585
2019-09-01,5.441440582275391
2019-09-02,0.0
2019-09-03,3.6095504760742188
2019-09-04,1.115217924118042
2019-09-05,0.12076520174741745
2019-09-06,0.0
2019-09-07,0.0
2019-09-08,1.052001953125
2019-09-09,0.0
2019-09-10,0.9672392010688782
2019-09-11,0.6156836748123169
2019-09-12,1.3882718086242676
2019-09-13,0.3879094123840332
2019-09-14,0.0
2019-09-15,0.0
2019-09-16,0.153301402926445
2019-09-17,0.153301402926445
2019-09-18,0.153301402926445
2019-09-19,0.153301402926445
2019-09-20,0.153301402926445
2019-09-21,2.4271414279937744
2019-09-22,0.015847111120820045
2019-09-23,0.0
2019-09-24,0.0
2019-09-25,0.0
2019-09-26,8.536323547363281
2019-09-27,0.012508234940469265
2019-09-28,0.0
2019-09-29,0.0
2019-09-30,0.0
2019-10-01,0.09916297346353531
2019-10-02,3.652684211730957
2019-10-03,5.47294807434082
2019-10-04,0.2978239059448242
2019-10-05,14.124746322631836
2019-10-06,0.0
2019-10-07,0.0
2019-10-08,0.0
2019-10-09,0.0
2019-10-10,0.0
2019-10-11,0.0
2019-10-12,0.0
2019-10-13,0.0
2019-10-14,0.0
2019-10-15,9.764508247375488
2019-10-16,0.16679541766643524
2019-10-17,0.0
2019-10-18,0.41722410917282104
2019-10-19,14.023734092712402
2019-10-20,3.1935672760009766
2019-10-21,0.0
2019-10-22,5.8797287940979
2019-10-23,0.0
2019-10-24,0.0
2019-10-25,0.0
2019-10-26,0.0
2019-10-27,2.3443973064422607
2019-10-28,1.4946187734603882
2019-10-29,0.0
2019-10-30,0.0
2019-10-31,23.541425704956055
2019-11-01,12.072327613830566
2019-11-02,0.0
2019-11-03,0.0
2019-11-04,13.385041236877441
2019-11-05,0.0
2019-11-06,0.0031633644830435514
2019-11-07,2.7361960411071777
2019-11-08,0.005954568739980459
2019-11-09,0.0
2019-11-10,7.853819370269775
2019-11-11,37.537391662597656
2019-11-12,1.1644290685653687
2019-11-13,0.0
2019-11-14,10.926508903503418
2019-11-15,19.588851928710938
2019-11-16,0.0805475264787674
2019-11-17,0.7423038482666016
2019-11-18,0.0
2019-11-19,3.1446287631988525
2019-11-20,6.903822422027588
2019-11-21,1.5021675825119019
2019-11-22,1.3299626111984253
2019-11-23,35.87452697753906
2019-11-24,0.13937358558177948
2019-11-25,0.0
2019-11-26,0.0
2019-11-27,0.04925481230020523
2019-11-28,26.216108322143555
2019-11-29,0.0
2019-11-30,0.0
2019-12-01,0.0
2019-12-02,28.564395904541016
2019-12-03,0.4907887578010559
2019-12-04,0.10002013295888901
2019-12-05,0.016641922295093536
2019-12-06,6.823796272277832
2019-12-07,0.5048492550849915
2019-12-08,46.15620040893555
2019-12-09,4.9767560958862305
2019-12-10,5.084733963012695
2019-12-11,2.2980446815490723
2019-12-12,0.02606147527694702
2019-12-13,60.3772087097168
2019-12-14,5.927239418029785
2019-12-15,0.0
2019-12-16,2.3044838905334473
2019-12-17,15.230587005615234
2019-12-18,31.922998428344727
2019-12-19,2.8327579498291016
2019-12-20,0.019414657726883888
2019-12-21,0.8387250304222107
2019-12-22,6.0925445556640625
2019-12-23,2.6364011764526367
2019-12-24,0.0
2019-12-25,0.0
2019-12-26,1.185328722000122
2019-12-27,10.58462905883789
2019-12-28,42.08350372314453
2019-12-29,0.21934382617473602
2019-12-30,6.472443580627441
2019-12-31,13.326964378356934
2020-01-01,29.798044204711914
2020-01-02,30.828311920166016
2020-01-03,23.46002197265625
2020-01-04,1.8690831661224365
2020-01-05,6.416000843048096
2020-01-06,2.46659255027771
2020-01-07,5.198338985443115
2020-01-08,6.812765598297119
2020-01-09,1.7938587665557861
2020-01-10,0.0
2020-01-11,0.10827682912349701
2020-01-12,0.03114156611263752
2020-01-13,11.833287239074707
2020-01-14,0.45850321650505066
2020-01-15,0.7747339010238647
2020-01-16,0.0
2020-01-17,20.796253204345703
2020-01-18,0.0653284415602684
2020-01-19,0.01164900604635477
2020-01-20,0.3941784203052521
2020-01-21,0.0
2020-01-22,6.330195426940918
2020-01-23,10.030030250549316
2020-01-24,1.0063194036483765
2020-01-25,0.0
2020-01-26,0.0
2020-01-27,5.148146629333496
2020-01-28,28.316818237304688
2020-01-29,3.5549237728118896
2020-01-30,1.5404479503631592
2020-01-31,22.320751190185547
2020-02-01,2.3714118003845215
2020-02-02,1.5863524675369263
2020-02-03,15.184466361999512
2020-02-04,0.9172754883766174
2020-02-05,0.504813015460968
2020-02-06,5.298251628875732
2020-02-07,1.103516936302185
2020-02-08,0.20216050744056702
2020-02-09,14.275439262390137
2020-02-10,6.334653854370117
2020-02-11,4.1371893882751465
2020-02-12,13.351168632507324
2020-02-13,6.7759599685668945
2020-02-14,13.672099113464355
2020-02-15,0.0
2020-02-16,0.3428451120853424
2020-02-17,1.0549523830413818
2020-02-18,7.854942798614502
2020-02-19,3.874096632003784
2020-02-20,5.247232437133789
2020-02-21,80.8906478881836
2020-02-22,9.812519073486328
2020-02-23,0.3117465674877167
2020-02-24,0.06575608253479004
2020-02-25,0.3498242497444153
2020-02-26,27.70177459716797
2020-02-27,15.820551872253418
2020-02-28,0.28020986914634705
2020-02-29,0.0412679947912693
2020-03-01,0.01409708708524704
2020-03-02,0.03207806497812271
2020-03-03,0.09824806451797485
2020-03-04,0.12342143803834915
2020-03-05,0.01409708708524704
2020-03-06,0.07267538458108902
2020-03-07,0.0681331679224968
2020-03-08,0.0
2020-03-09,12.332103729248047
2020-03-10,0.0
2020-03-11,0.0
2020-03-12,0.9396499395370483
2020-03-13,15.75695514678955
2020-03-14,2.1278116703033447
2020-03-15,0.4826698899269104
2020-03-16,2.917663097381592
2020-03-17,28.244853973388672
2020-03-18,0.10564534366130829
2020-03-19,0.545250415802002
2020-03-20,9.438246726989746
2020-03-21,58.85071563720703
2020-03-22,0.4066523611545563
2020-03-23,0.044661834836006165
2020-03-24,0.206746906042099
2020-03-25,0.3622261881828308
2020-03-26,0.13355104625225067
2020-03-27,49.96592712402344
2020-03-28,9.326565742492676
2020-03-29,0.0
2020-03-30,0.4320661723613739
2020-03-31,2.5086188316345215
2020-04-01,0.5811566710472107
2020-04-02,0.06728526949882507
2020-04-03,38.59779739379883
2020-04-04,0.31010785698890686
2020-04-05,8.130030632019043
2020-04-06,0.04187311977148056
2020-04-07,43.49547576904297
2020-04-08,0.05102252960205078
2020-04-09,0.0
2020-04-10,0.04777291789650917
2020-04-11,0.0
2020-04-12,0.0
2020-04-13,0.0
2020-04-14,0.0
2020-04-15,0.0
2020-04-16,0.0
2020-04-17,0.0
2020-04-18,0.0
2020-04-19,0.0
2020-04-20,0.0
2020-04-21,0.0
2020-04-22,0.0
2020-04-23,2.9727869033813477
2020-04-24,3.3372721672058105
2020-04-25,0.0
2020-04-26,22.04023551940918
2020-04-27,4.231385231018066
2020-04-28,0.24788275361061096
2020-04-29,0.0
2020-04-30,0.7744516134262085
2020-05-01,3.8508334159851074
2020-05-02,4.939971923828125
2020-05-03,2.187697649002075
2020-05-04,20.18860626220703
2020-05-05,0.1149880588054657
2020-05-06,15.639765739440918
2020-05-07,4.102230548858643
2020-05-08,0.0
2020-05-09,0.0
2020-05-10,0.0
2020-05-11,0.0
2020-05-12,2.128493070602417
2020-05-13,2.2294397354125977
2020-05-14,0.0
2020-05-15,0.0984843522310257
2020-05-16,0.38813164830207825
2020-05-17,0.38813164830207825
2020-05-18,0.38813164830207825
2020-05-19,0.38813164830207825
2020-05-20,0.38813164830207825
2020-05-21,0.1917617917060852
2020-05-22,1.8435463905334473
2020-05-23,24.153602600097656
2020-05-24,0.2685025632381439
2020-05-25,0.0
2020-05-26,0.34364113211631775
2020-05-27,0.34364113211631775
2020-05-28,0.34364113211631775
2020-05-29,0.34364113211631775
2020-05-30,0.34364113211631775
2020-05-31,0.34364113211631775
2020-06-01,0.0
2020-06-02,0.31078633666038513
2020-06-03,0.208047553896904
2020-06-04,0.028707856312394142
2020-06-05,0.0
2020-06-06,0.963612973690033
2020-06-07,0.963612973690033
2020-06-08,0.963612973690033
2020-06-09,0.963612973690033
2020-06-10,0.963612973690033
2020-06-11,1.024721384048462
2020-06-12,1.024721384048462
2020-06-13,1.024721384048462
2020-06-14,1.024721384048462
2020-06-15,1.024721384048462
2020-06-16,1.1872049570083618
2020-06-17,0.0
2020-06-18,0.0
2020-06-19,0.0
2020-06-20,1.1872049570083618
2020-06-21,0.0
2020-06-22,11.556845664978027
2020-06-23,0.0
2020-06-24,0.0
2020-06-25,0.0
2020-06-26,32.04262924194336
2020-06-27,0.0
2020-06-28,22.80406951904297
2020-06-29,0.0
2020-06-30,0.0
2020-07-01,6.465254306793213
2020-07-02,0.0
2020-07-03,0.0
2020-07-04,0.0
2020-07-05,0.0
2020-07-06,11.560588836669922
2020-07-07,26.522533416748047
2020-07-08,16.29150390625
2020-07-09,13.676717758178711
2020-07-10,0.0
2020-07-11,0.0
2020-07-12,0.0
2020-07-13,0.0
2020-07-14,4.669501304626465
2020-07-15,0.0
2020-07-16,0.5627307891845703
2020-07-17,0.5627307891845703
2020-07-18,0.5627307891845703
2020-07-19,0.5627307891845703
2020-07-20,0.5627307891845703
2020-07-21,0.0
2020-07-22,0.30395975708961487
2020-07-23,5.533978462219238
2020-07-24,64.968505859375
2020-07-25,19.91516876220703
2020-07-26,1.3541789054870605
2020-07-27,0.0
2020-07-28,0.0
2020-07-29,0.8671960234642029
2020-07-30,0.08050315082073212
2020-07-31,0.0
2020-08-01,0.019790686666965485
2020-08-02,0.019790686666965485
2020-08-03,0.019790686666965485
2020-08-04,0.019790686666965485
2020-08-05,0.019790686666965485
2020-08-06,0.34773144125938416
2020-08-07,0.34773144125938416
2020-08-08,0.34773144125938416
2020-08-09,0.34773144125938416
2020-08-10,0.34773144125938416
2020-08-11,1.8206846714019775
2020-08-12,8.372233390808105
2020-08-13,0.09703820943832397
2020-08-14,2.243224859237671
2020-08-15,0.0
2020-08-16,0.13934949040412903
2020-08-17,17.099397659301758
2020-08-18,0.0
2020-08-19,1.8501628637313843
2020-08-20,38.67464828491211
2020-08-21,0.7303420305252075
2020-08-22,1.9475786685943604
2020-08-23,0.7303420305252075
2020-08-24,0.7303420305252075
2020-08-25,0.7303420305252075
2020-08-26,0.0
2020-08-27,0.0
2020-08-28,0.0
2020-08-29,0.0
2020-08-30,0.0
2020-08-31,4.540988445281982
2020-09-01,1.6732416152954102
2020-09-02,0.0
2020-09-03,0.0
2020-09-04,0.0
2020-09-05,0.0
2020-09-06,7.971480846405029
2020-09-07,5.887515544891357
2020-09-08,0.03787178173661232
2020-09-09,0.0
2020-09-10,0.0
2020-09-11,0.0
2020-09-12,0.0
2020-09-13,0.0
2020-09-14,7.077611923217773
2020-09-15,2.657297372817993
2020-09-16,0.09044971317052841
2020-09-17,4.75729513168335
2020-09-18,0.4013485014438629
2020-09-19,7.81836462020874
2020-09-20,2.0396385192871094
2020-09-21,0.0
2020-09-22,0.0
2020-09-23,0.0
2020-09-24,0.0
2020-09-25,0.0
2020-09-26,0.0
2020-09-27,0.0
2020-09-28,52.50165557861328
2020-09-29,0.6198725700378418
2020-09-30,0.0
2020-10-01,0.0
2020-10-02,0.02671380527317524
2020-10-03,0.10290983319282532
2020-10-04,0.0983341708779335
2020-10-05,0.0
2020-10-06,0.09810901433229446
2020-10-07,9.409884452819824
2020-10-08,0.0
2020-10-09,0.0
2020-10-10,0.0
2020-10-11,0.0
2020-10-12,0.02865714021027088
2020-10-13,7.137155055999756
2020-10-14,2.424149513244629
2020-10-15,3.1409714221954346
2020-10-16,0.0
2020-10-17,0.0
2020-10-18,0.0
2020-10-19,0.0
2020-10-20,0.0
2020-10-21,1.6025187969207764
2020-10-22,0.004560383036732674
2020-10-23,0.0
2020-10-24,0.0
2020-10-25,0.0
2020-10-26,0.05653715133666992
2020-10-27,14.59901237487793
2020-10-28,0.0
2020-10-29,0.8140234351158142
2020-10-30,10.230623245239258
2020-10-31,1.2835307121276855
2020-11-01,0.0727161169052124
2020-11-02,0.542262852191925
2020-11-03,0.0
2020-11-04,0.0
2020-11-05,0.0
2020-11-06,0.0
2020-11-07,0.0
2020-11-08,0.0
2020-11-09,0.08370556682348251
2020-11-10,11.422006607055664
2020-11-11,0.0
2020-11-12,9.737597465515137
2020-11-13,0.44147592782974243
2020-11-14,0.059307701885700226
2020-11-15,0.0
2020-11-16,1.4744503498077393
2020-11-17,16.694917678833008
2020-11-18,0.0
2020-11-19,16.52983283996582
2020-11-20,0.0
2020-11-21,0.0
2020-11-22,0.0
2020-11-23,0.0
2020-11-24,0.0
2020-11-25,0.0
2020-11-26,17.5788516998291
2020-11-27,0.3086921274662018
2020-11-28,12.39845085144043
2020-11-29,0.21515874564647675
2020-11-30,0.30605071783065796
2020-12-01,30.710315704345703
2020-12-02,0.23124951124191284
2020-12-03,0.12276025861501694
2020-12-04,0.0036720007192343473
2020-12-05,5.35824728012085
2020-12-06,6.4444661140441895
2020-12-07,0.548031747341156
2020-12-08,0.0
2020-12-09,4.257026195526123
2020-12-10,12.91081428527832
2020-12-11,0.5831642746925354
2020-12-12,0.5831642746925354
2020-12-13,0.5831642746925354
2020-12-14,1.2506413459777832
2020-12-15,2.8315083980560303
2020-12-16,17.974300384521484
2020-12-17,0.0
2020-12-18,0.0
2020-12-19,0.0
2020-12-20,0.32338231801986694
2020-12-21,2.6551055908203125
2020-12-22,6.984289646148682
2020-12-23,0.7078272104263306
2020-12-24,1.3915987014770508
2020-12-25,14.979040145874023
2020-12-26,33.96421813964844
2020-12-27,5.851845741271973
2020-12-28,41.22893524169922
2020-12-29,0.03590451180934906
2020-12-30,3.710132122039795
2020-12-31,12.986136436462402
2021-01-01,3.4221489429473877
2021-01-02,31.986106872558594
2021-01-03,0.02733280509710312
2021-01-04,0.7719287872314453
2021-01-05,54.61001205444336
2021-01-06,69.70510864257812
2021-01-07,3.9374122619628906
2021-01-08,0.03421638533473015
2021-01-09,3.683884859085083
2021-01-10,0.0
2021-01-11,0.08420289307832718
2021-01-12,0.012630433775484562
2021-01-13,0.9014153480529785
2021-01-14,7.864198684692383
2021-01-15,2.951218843460083
2021-01-16,4.4311628341674805
2021-01-17,1.2087374925613403
2021-01-18,74.58343505859375
2021-01-19,0.8859716653823853
2021-01-20,0.26055607199668884
2021-01-21,0.25301048159599304
2021-01-22,4.653522491455078
2021-01-23,31.61553192138672
2021-01-24,5.886795997619629
2021-01-25,5.951730728149414
2021-01-26,15.436678886413574
2021-01-27,7.345599174499512
2021-01-28,0.8739367723464966
2021-01-29,15.914568901062012
2021-01-30,0.39423954486846924
2021-01-31,0.04426322504878044
2021-02-01,0.585332989692688
2021-02-02,1.345314383506775
2021-02-03,1.3131217956542969
2021-02-04,10.107297897338867
2021-02-05,0.8836407661437988
2021-02-06,0.05776558816432953
2021-02-07,0.042602404952049255
2021-02-08,0.14146195352077484
2021-02-09,0.5263453125953674
2021-02-10,46.27847671508789
2021-02-11,5.264871120452881
2021-02-12,0.20334544777870178
2021-02-13,11.138623237609863
2021-02-14,18.538551330566406
2021-02-15,35.99538803100586
2021-02-16,1.4385935068130493
2021-02-17,16.164331436157227
2021-02-18,59.3441276550293
2021-02-19,2.1908535957336426
2021-02-20,26.97163963317871
2021-02-21,11.704536437988281
2021-02-22,2.1055169105529785
2021-02-23,0.021045584231615067
2021-02-24,0.04077582433819771
2021-02-25,0.08134768158197403
2021-02-26,13.608101844787598
2021-02-27,0.8724482655525208
2021-02-28,0.26458024978637695
2021-03-01,0.07316894084215164
2021-03-02,0.02724592201411724
2021-03-03,5.190014839172363
2021-03-04,15.181029319763184
2021-03-05,8.958494186401367
2021-03-06,2.397569179534912
2021-03-07,0.0
2021-03-08,0.15551401674747467
2021-03-09,25.6690731048584
2021-03-10,0.013674034737050533
2021-03-11,0.0
2021-03-12,0.381368488073349
2021-03-13,0.3061537742614746
2021-03-14,17.097618103027344
2021-03-15,3.5908026695251465
2021-03-16,0.24829646944999695
2021-03-17,0.0310975294560194
2021-03-18,42.142818450927734
2021-03-19,0.2433767169713974
2021-03-20,0.301067590713501
2021-03-21,16.69939422607422
2021-03-22,85.45797729492188
2021-03-23,5.565098285675049
2021-03-24,5.2365546226501465
2021-03-25,0.36719533801078796
2021-03-26,1.120496392250061
2021-03-27,41.352073669433594
2021-03-28,83.01285552978516
2021-03-29,1.348192572593689
2021-03-30,0.0
2021-03-31,2.2269816398620605
2021-04-01,63.16178894042969
2021-04-02,51.82837677001953
2021-04-03,1.0155456066131592
2021-04-04,4.254861354827881
2021-04-05,3.226094961166382
2021-04-06,1.4609875679016113
2021-04-07,18.60120391845703
2021-04-08,0.7676853537559509
2021-04-09,5.376654148101807
2021-04-10,0.7816269397735596
2021-04-11,0.19672447443008423
2021-04-12,20.9504451751709
2021-04-13,0.1243838369846344
2021-04-14,0.0
2021-04-15,0.12451273202896118
2021-04-16,0.2920200228691101
2021-04-17,0.1465466171503067
2021-04-18,0.0
2021-04-19,23.039316177368164
2021-04-20,17.156082153320312
2021-04-21,0.0
2021-04-22,0.0
2021-04-23,1.4863861799240112
2021-04-24,28.884483337402344
2021-04-25,47.71480941772461
2021-04-26,0.0
2021-04-27,1.015544056892395
2021-04-28,13.502006530761719
2021-04-29,0.8217676281929016
2021-04-30,0.0
2021-05-01,0.0
2021-05-02,0.0
2021-05-03,0.0
2021-05-04,0.0
2021-05-05,5.761892795562744
2021-05-06,38.9886474609375
2021-05-07,1.5640449523925781
2021-05-08,0.0
2021-05-09,0.0
2021-05-10,0.0
2021-05-11,0.8494250178337097
2021-05-12,0.8494250178337097
2021-05-13,0.8494250178337097
2021-05-14,0.8494250178337097
2021-05-15,0.8494250178337097
2021-05-16,1.3166399002075195
2021-05-17,4.608240127563477
2021-05-18,4.608239650726318
2021-05-19,1.3166399002075195
2021-05-20,1.3166399002075195
2021-05-21,0.0348222590982914
2021-05-22,0.48445039987564087
2021-05-23,56.158931732177734
2021-05-24,19.767845153808594
2021-05-25,0.34051960706710815
2021-05-26,0.044297367334365845
2021-05-27,0.0
2021-05-28,0.0
2021-05-29,0.3870842754840851
2021-05-30,25.85795783996582
2021-05-31,3.344114303588867
2021-06-01,0.0
2021-06-02,0.0
2021-06-03,3.1374306678771973
2021-06-04,2.6951510906219482
2021-06-05,6.277919769287109
2021-06-06,4.678506374359131
2021-06-07,7.584088325500488
2021-06-08,5.805354118347168
2021-06-09,14.22380256652832
2021-06-10,31.014015197753906
2021-06-11,69.86444854736328
2021-06-12,0.13549479842185974
2021-06-13,0.0
2021-06-14,0.0
2021-06-15,0.0
2021-06-16,0.7411829829216003
2021-06-17,0.7411829829216003
2021-06-18,0.7411829829216003
2021-06-19,0.7411829829216003
2021-06-20,0.7411829829216003
2021-06-21,0.0
2021-06-22,0.0
2021-06-23,0.0
2021-06-24,0.0
2021-06-25,17.507726669311523
2021-06-26,18.740169525146484
2021-06-27,24.439128875732422
2021-06-28,11.516644477844238
2021-06-29,0.5050413012504578
2021-06-30,0.0
2021-07-01,0.5251679420471191
2021-07-02,0.5251679420471191
2021-07-03,0.5251679420471191
2021-07-04,0.5251679420471191
2021-07-05,0.5251679420471191
2021-07-06,0.5032973885536194
2021-07-07,0.5032973885536194
2021-07-08,0.5032973885536194
2021-07-09,0.5032973885536194
2021-07-10,0.5032973885536194
2021-07-11,0.3711812496185303
2021-07-12,0.3711812496185303
2021-07-13,0.3711812496185303
2021-07-14,0.3711812496185303
2021-07-15,0.9898167252540588
2021-07-16,8.918611526489258
2021-07-17,16.706565856933594
2021-07-18,1.5073633193969727
2021-07-19,1.5073633193969727
2021-07-20,1.5073633193969727
2021-07-21,0.46990805864334106
2021-07-22,0.46990805864334106
2021-07-23,0.46990805864334106
2021-07-24,0.46990805864334106
2021-07-25,0.46990805864334106
2021-07-26,0.03905879333615303
2021-07-27,0.1807568520307541
2021-07-28,0.06746048480272293
2021-07-29,0.10331179946660995
2021-07-30,0.03905879333615303
2021-07-31,0.03905879333615303
2021-08-01,0.017961014062166214
2021-08-02,0.0
2021-08-03,0.0
2021-08-04,0.06518327444791794
2021-08-05,0.0
2021-08-06,0.2524142563343048
2021-08-07,0.2524142563343048
2021-08-08,0.2524142563343048
2021-08-09,0.2524142563343048
2021-08-10,0.2524142563343048
2021-08-11,0.0
2021-08-12,0.0
2021-08-13,0.0
2021-08-14,0.0
2021-08-15,0.0
2021-08-16,0.0
2021-08-17,0.0
2021-08-18,0.0
2021-08-19,0.0
2021-08-20,0.0
2021-08-21,0.11810573935508728
2021-08-22,0.0
2021-08-23,0.0
2021-08-24,0.0
2021-08-25,17.7474308013916
2021-08-26,32.6552619934082
2021-08-27,0.0
2021-08-28,0.0
2021-08-29,0.0
2021-08-30,0.0
2021-08-31,0.0
2021-09-01,0.0
2021-09-02,0.0
2021-09-03,2.1438419818878174
2021-09-04,0.009729992598295212
2021-09-05,0.0
2021-09-06,0.28107336163520813
2021-09-07,0.0
2021-09-08,0.0
2021-09-09,4.98724889755249
2021-09-10,2.9448375701904297
2021-09-11,0.0
2021-09-12,0.0
2021-09-13,0.0
2021-09-14,0.029784657061100006
2021-09-15,17.185747146606445
2021-09-16,0.0
2021-09-17,0.0
2021-09-18,0.0
2021-09-19,0.0
2021-09-20,3.240007162094116
2021-09-21,13.638524055480957
2021-09-22,1.127018928527832
2021-09-23,0.0021439730189740658
2021-09-24,0.0
2021-09-25,0.0
2021-09-26,0.0
2021-09-27,0.0
2021-09-28,0.0
2021-09-29,0.0
2021-09-30,0.0
2021-10-01,0.0
2021-10-02,0.0
2021-10-03,0.0
2021-10-04,22.076675415039062
2021-10-05,5.496153831481934
2021-10-06,0.0
2021-10-07,0.0
2021-10-08,0.0
2021-10-09,0.0
2021-10-10,0.0
2021-10-11,11.075387954711914
2021-10-12,3.588975667953491
2021-10-13,0.0
2021-10-14,0.10321733355522156
2021-10-15,0.0
2021-10-16,0.0
2021-10-17,0.0
2021-10-18,0.0
2021-10-19,0.0
2021-10-20,0.0
2021-10-21,0.0
2021-10-22,0.0
2021-10-23,0.0
2021-10-24,9.937355995178223
2021-10-25,7.919477939605713
2021-10-26,0.0
2021-10-27,0.0
2021-10-28,0.0
2021-10-29,0.0
2021-10-30,0.0
2021-10-31,0.0
2021-11-01,5.61506986618042
2021-11-02,9.783202171325684
2021-11-03,2.330589532852173
2021-11-04,0.0
2021-11-05,0.32217440009117126
2021-11-06,7.233658313751221
2021-11-07,0.10524047166109085
2021-11-08,0.0019969791173934937
2021-11-09,0.0
2021-11-10,0.0
2021-11-11,11.455493927001953
2021-11-12,4.634145736694336
2021-11-13,32.229705810546875
2021-11-14,0.006600102409720421
2021-11-15,0.0
2021-11-16,38.24132537841797
2021-11-17,11.960151672363281
2021-11-18,0.7048483490943909
2021-11-19,0.2590920925140381
2021-11-20,0.5800980925559998
2021-11-21,0.0
2021-11-22,0.0
2021-11-23,11.022436141967773
2021-11-24,1.4414482116699219
2021-11-25,0.0
2021-11-26,1.5253485441207886
2021-11-27,0.10886172205209732
2021-11-28,0.023447969928383827
2021-11-29,13.659158706665039
2021-11-30,22.14717674255371
2021-12-01,0.05506569519639015
2021-12-02,9.063161849975586
2021-12-03,0.8419535160064697
2021-12-04,3.958786964416504
2021-12-05,23.58292007446289
2021-12-06,26.424137115478516
2021-12-07,28.714136123657227
2021-12-08,3.975924491882324
2021-12-09,2.614719867706299
2021-12-10,0.6284862756729126
2021-12-11,2.5857081413269043
2021-12-12,4.50356388092041
2021-12-13,0.2854280173778534
2021-12-14,13.580854415893555
2021-12-15,36.3248176574707
2021-12-16,2.560832977294922
2021-12-17,3.3355395793914795
2021-12-18,2.688537359237671
2021-12-19,0.6972965002059937
2021-12-20,5.865591049194336
2021-12-21,17.51945686340332
2021-12-22,22.149818420410156
2021-12-23,3.175967216491699
2021-12-24,24.20804786682129
2021-12-25,1.396628975868225
2021-12-26,52.37478256225586
2021-12-27,0.1499696671962738
2021-12-28,0.047707878053188324
2021-12-29,3.2819859981536865
2021-12-30,0.14357949793338776
2021-12-31,0.0
2022-01-01,0.0
2022-01-02,0.0
2022-01-03,0.19061942398548126
2022-01-04,0.20833051204681396
2022-01-05,16.068836212158203
2022-01-06,14.562923431396484
2022-01-07,0.9073683023452759
2022-01-08,0.0
2022-01-09,5.240312576293945
2022-01-10,1.1670528650283813
2022-01-11,9.207932472229004
2022-01-12,1.4541454315185547
2022-01-13,0.3410014510154724
2022-01-14,14.350637435913086
2022-01-15,0.06687141209840775
2022-01-16,0.0
2022-01-17,0.043022703379392624
2022-01-18,3.3911263942718506
2022-01-19,2.5241036415100098
2022-01-20,14.460695266723633
2022-01-21,14.726683616638184
2022-01-22,7.356948375701904
2022-01-23,0.0
2022-01-24,2.394174575805664
2022-01-25,0.6724194288253784
2022-01-26,0.08638498932123184
2022-01-27,0.0
2022-01-28,19.642715454101562
2022-01-29,7.631727695465088
2022-01-30,5.132494926452637
2022-01-31,0.054780859500169754
2022-02-01,7.232841968536377
2022-02-02,2.7611818313598633
2022-02-03,0.19004248082637787
2022-02-04,0.016741164028644562
2022-02-05,0.42509403824806213
2022-02-06,57.59792709350586
2022-02-07,1.3450764417648315
2022-02-08,0.07415401190519333
2022-02-09,0.27921226620674133
2022-02-10,0.14055746793746948
2022-02-11,0.0557938814163208
2022-02-12,21.87969970703125
2022-02-13,30.232040405273438
2022-02-14,0.6351915597915649
2022-02-15,12.090539932250977
2022-02-16,38.124149322509766
2022-02-17,4.800878047943115
2022-02-18,16.45696258544922
2022-02-19,0.0
2022-02-20,0.0
2022-02-21,0.0
2022-02-22,0.032011862844228745
2022-02-23,43.9494743347168
2022-02-24,0.20907475054264069
2022-02-25,0.06142773851752281
2022-02-26,17.469945907592773
2022-02-27,0.0
2022-02-28,0.0
2022-03-01,0.9912669658660889
2022-03-02,0.07759077847003937
2022-03-03,1.7537974119186401
2022-03-04,0.0
2022-03-05,10.598394393920898
2022-03-06,3.1664514541625977
2022-03-07,17.254106521606445
2022-03-08,1.0237078666687012
2022-03-09,0.35548731684684753
2022-03-10,0.24857313930988312
2022-03-11,5.274022102355957
2022-03-12,20.83939552307129
2022-03-13,0.1467777043581009
2022-03-14,0.20435716211795807
2022-03-15,0.9542382955551147
2022-03-16,1.6578912734985352
2022-03-17,0.06199590861797333
2022-03-18,0.0
2022-03-19,23.16294288635254
2022-03-20,7.24929141998291
2022-03-21,0.28654834628105164
2022-03-22,0.0
2022-03-23,3.258655548095703
2022-03-24,0.0
2022-03-25,0.7440247535705566
2022-03-26,32.07764434814453
2022-03-27,1.6868640184402466
2022-03-28,0.0
2022-03-29,0.0
2022-03-30,0.3253546953201294
2022-03-31,60.12105178833008
2022-04-01,0.0836222693324089
2022-04-02,0.006489560008049011
2022-04-03,0.0015740058152005076
2022-04-04,0.0
2022-04-05,0.0
2022-04-06,6.795895576477051
2022-04-07,7.239967346191406
2022-04-08,0.5343002080917358
2022-04-09,0.9416059255599976
2022-04-10,0.6625015735626221
2022-04-11,0.103919617831707
2022-04-12,0.0
2022-04-13,22.623287200927734
2022-04-14,2.8336076736450195
2022-04-15,0.0
2022-04-16,0.0
2022-04-17,0.0
2022-04-18,0.0
2022-04-19,0.0
2022-04-20,0.0
2022-04-21,0.12247826904058456
2022-04-22,0.12247826904058456
2022-04-23,1.5619450807571411
2022-04-24,0.5201854705810547
2022-04-25,0.12247826904058456
2022-04-26,0.0
2022-04-27,0.0
2022-04-28,0.0
2022-04-29,11.175889015197754
2022-04-30,0.4919469654560089
2022-05-01,0.0
2022-05-02,0.0
2022-05-03,13.42027473449707
2022-05-04,0.8292145133018494
2022-05-05,0.0
2022-05-06,0.7279348969459534
2022-05-07,0.7279348969459534
2022-05-08,0.7279348969459534
2022-05-09,0.7279348969459534
2022-05-10,0.7279348969459534
2022-05-11,15.74550724029541
2022-05-12,0.06357157230377197
2022-05-13,0.0
2022-05-14,2.628549575805664
2022-05-15,0.0
2022-05-16,0.6682257056236267
2022-05-17,0.24553661048412323
2022-05-18,0.24553661048412323
2022-05-19,0.4366890490055084
2022-05-20,0.8593781590461731
2022-05-21,0.0
2022-05-22,0.0
2022-05-23,0.0
2022-05-24,5.403665065765381
2022-05-25,17.371654510498047
2022-05-26,6.026828289031982
2022-05-27,0.0
2022-05-28,0.0
2022-05-29,0.0
2022-05-30,52.45127868652344
2022-05-31,40.425758361816406
2022-06-01,25.87993812561035
2022-06-02,0.029860490933060646
2022-06-03,0.0
2022-06-04,0.0
2022-06-05,2.7090067863464355
2022-06-06,0.0
2022-06-07,16.71820068359375
2022-06-08,0.0
2022-06-09,2.116238832473755
2022-06-10,10.22757625579834
2022-06-11,2.388094425201416
2022-06-12,2.388094425201416
2022-06-13,2.388094425201416
2022-06-14,2.388094425201416
2022-06-15,2.388094425201416
2022-06-16,0.37675389647483826
2022-06-17,0.37675389647483826
2022-06-18,0.37675389647483826
2022-06-19,0.37675389647483826
2022-06-20,0.37675389647483826
2022-06-21,0.33673831820487976
2022-06-22,0.33673831820487976
2022-06-23,0.33673831820487976
2022-06-24,0.33673831820487976
2022-06-25,0.33673831820487976
2022-06-26,0.956861138343811
2022-06-27,0.956861138343811
2022-06-28,0.956861138343811
2022-06-29,0.956861138343811
2022-06-30,0.956861138343811
2022-07-01,0.0
2022-07-02,0.0
2022-07-03,0.08437775820493698
2022-07-04,5.027678489685059
2022-07-05,0.0
2022-07-06,2.3172991275787354
2022-07-07,2.3172991275787354
2022-07-08,2.3172991275787354
2022-07-09,2.3172991275787354
2022-07-10,2.3172991275787354
2022-07-11,0.3436606824398041
2022-07-12,0.9164285659790039
2022-07-13,0.3436606824398041
2022-07-14,0.3436606824398041
2022-07-15,0.3436606824398041
2022-07-16,1.7429749965667725
2022-07-17,0.2904958426952362
2022-07-18,0.2904958426952362
2022-07-19,0.2904958426952362
2022-07-20,0.2904958426952362
2022-07-21,0.08547283709049225
2022-07-22,0.08547283709049225
2022-07-23,0.08547283709049225
2022-07-24,0.9055500030517578
2022-07-25,0.5474880933761597
2022-07-26,0.0
2022-07-27,0.0
2022-07-28,0.0
2022-07-29,4.650237560272217
2022-07-30,0.0
2022-07-31,0.0
2022-08-01,0.0
2022-08-02,5.85343599319458
2022-08-03,7.5586442947387695
2022-08-04,1.696794867515564
2022-08-05,25.048778533935547
2022-08-06,35.08074951171875
2022-08-07,0.014689347706735134
2022-08-08,10.519441604614258
2022-08-09,19.16228485107422
2022-08-10,0.0714072585105896
2022-08-11,0.0
2022-08-12,0.0
2022-08-13,0.0
2022-08-14,0.0
2022-08-15,0.0
2022-08-16,0.9744422435760498
2022-08-17,1.1330095529556274
2022-08-18,15.876028060913086
2022-08-19,9.12368106842041
2022-08-20,0.0
2022-08-21,0.14728860557079315
2022-08-22,0.39276960492134094
2022-08-23,0.14728860557079315
2022-08-24,0.14728860557079315
2022-08-25,0.14728860557079315
2022-08-26,0.0
2022-08-27,4.623785018920898
2022-08-28,0.9773616194725037
2022-08-29,3.2301971912384033
2022-08-30,0.0
2022-08-31,0.0
2022-09-01,0.052297819405794144
2022-09-02,0.052297819405794144
2022-09-03,0.7836657762527466
2022-09-04,0.10539714246988297
2022-09-05,0.052297819405794144
2022-09-06,0.04896979406476021
2022-09-07,0.04896979406476021
2022-09-08,0.04896979406476021
2022-09-09,0.04896979406476021
2022-09-10,0.7835167050361633
2022-09-11,0.0
2022-09-12,0.0
2022-09-13,7.114189147949219
2022-09-14,69.25102996826172
2022-09-15,7.821849822998047
2022-09-16,2.0053184032440186
2022-09-17,0.0
2022-09-18,0.0
2022-09-19,0.0
2022-09-20,0.0
2022-09-21,0.0
2022-09-22,10.949310302734375
2022-09-23,0.21366721391677856
2022-09-24,0.0
2022-09-25,0.0
2022-09-26,0.6636309623718262
2022-09-27,0.08222953975200653
2022-09-28,0.4270407259464264
2022-09-29,30.241626739501953
2022-09-30,0.0
2022-10-01,0.0
2022-10-02,0.0
2022-10-03,0.4044334292411804
2022-10-04,18.90249252319336
2022-10-05,0.389087975025177
2022-10-06,0.06952278316020966
2022-10-07,3.0111827850341797
2022-10-08,0.0
2022-10-09,2.0047378540039062
2022-10-10,0.5412024259567261
2022-10-11,0.0
2022-10-12,0.0
2022-10-13,12.533949851989746
2022-10-14,4.937527656555176
2022-10-15,0.0
2022-10-16,0.0
2022-10-17,1.7163063287734985
2022-10-18,0.0
2022-10-19,1.2379283905029297
2022-10-20,0.9515978097915649
2022-10-21,7.241251468658447
2022-10-22,5.309173583984375
2022-10-23,0.0
2022-10-24,0.0
2022-10-25,0.0
2022-10-26,0.0
2022-10-27,13.403149604797363
2022-10-28,12.12236499786377
2022-10-29,0.0
2022-10-30,0.18990524113178253
2022-10-31,3.0177886486053467
2022-11-01,25.932039260864258
2022-11-02,0.19063153862953186
2022-11-03,0.0
2022-11-04,0.0
2022-11-05,0.0
2022-11-06,0.26386091113090515
2022-11-07,0.26386091113090515
2022-11-08,0.26386091113090515
2022-11-09,0.26386091113090515
2022-11-10,4.221774578094482
2022-11-11,0.012835775502026081
2022-11-12,4.88511323928833
2022-11-13,0.4700678586959839
2022-11-14,0.277514785528183
2022-11-15,11.173038482666016
2022-11-16,0.09196984022855759
2022-11-17,0.09196984022855759
2022-11-18,0.09196984022855759
2022-11-19,0.09196984022855759
2022-11-20,0.09196984022855759
2022-11-21,34.98564147949219
2022-11-22,2.4498095512390137
2022-11-23,0.036162808537483215
2022-11-24,0.5716612339019775
2022-11-25,0.0
2022-11-26,0.0
2022-11-27,0.0
2022-11-28,0.0
2022-11-29,0.0
2022-11-30,0.0
2022-12-01,0.1342935413122177
2022-12-02,21.711166381835938
2022-12-03,0.0
2022-12-04,0.0
2022-12-05,15.792861938476562
2022-12-06,25.997146606445312
2022-12-07,2.5762887001037598
2022-12-08,0.32162177562713623
2022-12-09,0.01287926360964775
2022-12-10,0.0
2022-12-11,7.913639068603516
2022-12-12,13.57091236114502
2022-12-13,1.7268803119659424
2022-12-14,0.026795199140906334
2022-12-15,21.31745719909668
2022-12-16,1.0884100198745728
2022-12-17,0.0
2022-12-18,0.2779083549976349
2022-12-19,15.776199340820312
2022-12-20,0.17217367887496948
2022-12-21,0.0
2022-12-22,0.0
2022-12-23,0.0
2022-12-24,0.0
2022-12-25,11.940868377685547
2022-12-26,1.3149362802505493
2022-12-27,0.984519362449646
2022-12-28,0.08622919768095016
2022-12-29,22.26038932800293
2022-12-30,4.072131633758545
2022-12-31,0.049676746129989624
2023-01-01,0.0
2023-01-02,0.0
2023-01-03,0.09262939542531967
2023-01-04,21.844844818115234
2023-01-05,0.7722765207290649
2023-01-06,0.06263361871242523
2023-01-07,0.1687871366739273
2023-01-08,0.0
2023-01-09,7.812199115753174
2023-01-10,5.121776580810547
2023-01-11,0.002583845751360059
2023-01-12,0.4413507580757141
2023-01-13,0.0
2023-01-14,18.900747299194336
2023-01-15,1.7498358488082886
2023-01-16,1.3080997467041016
2023-01-17,0.0
2023-01-18,15.527746200561523
2023-01-19,38.920867919921875
2023-01-20,0.0
2023-01-21,0.0
2023-01-22,0.0
2023-01-23,0.0
2023-01-24,0.5816622376441956
2023-01-25,1.7449867725372314
2023-01-26,0.0
2023-01-27,0.27373164892196655
2023-01-28,1.8568884134292603
2023-01-29,41.39668655395508
2023-01-30,2.0442044734954834
2023-01-31,0.0047906977124512196
2023-02-01,1.831050157546997
2023-02-02,9.093514442443848
2023-02-03,12.426505088806152
2023-02-04,23.864744186401367
2023-02-05,2.8995940685272217
2023-02-06,0.4808858633041382
2023-02-07,3.434558153152466
2023-02-08,38.68400573730469
2023-02-09,1.7204673290252686
2023-02-10,3.6693203449249268
2023-02-11,10.088314056396484
2023-02-12,0.3846777081489563
2023-02-13,0.17448563873767853
2023-02-14,12.61158275604248
2023-02-15,0.4490256607532501
2023-02-16,0.13786029815673828
2023-02-17,1.5172003507614136
2023-02-18,51.7509651184082
2023-02-19,0.0
2023-02-20,0.19764219224452972
2023-02-21,0.0
2023-02-22,0.09548681229352951
2023-02-23,0.009865133091807365
2023-02-24,0.5571853518486023
2023-02-25,24.296249389648438
2023-02-26,0.9633579850196838
2023-02-27,51.33812713623047
2023-02-28,1.1126155853271484
2023-03-01,0.0
2023-03-02,0.0
2023-03-03,6.657958984375
2023-03-04,2.3695011138916016
2023-03-05,0.10350573062896729
2023-03-06,0.0
2023-03-07,0.0
2023-03-08,0.481717586517334
2023-03-09,52.200809478759766
2023-03-10,0.17939916253089905
2023-03-11,0.06932501494884491
2023-03-12,2.4015603065490723
2023-03-13,0.0
2023-03-14,0.0
2023-03-15,24.100982666015625
2023-03-16,7.856468677520752
2023-03-17,11.538346290588379
2023-03-18,0.09366383403539658
2023-03-19,20.744787216186523
2023-03-20,2.268432140350342
2023-03-21,9.953805923461914
2023-03-22,2.13643741607666
2023-03-23,35.73284149169922
2023-03-24,26.878379821777344
2023-03-25,0.03464940935373306
2023-03-26,3.2281079292297363
2023-03-27,63.7056999206543
2023-03-28,0.44466230273246765
2023-03-29,0.18869955837726593
2023-03-30,0.15417946875095367
2023-03-31,51.05537414550781
2023-04-01,1.219653844833374
2023-04-02,0.7466121315956116
2023-04-03,0.0
2023-04-04,69.06067657470703
2023-04-05,2.2876505851745605
2023-04-06,22.848371505737305
2023-04-07,0.0
2023-04-08,1.800491213798523
2023-04-09,0.0
2023-04-10,0.0
2023-04-11,0.0
2023-04-12,0.0
2023-04-13,4.80242919921875
2023-04-14,1.8218889236450195
2023-04-15,9.64856243133545
2023-04-16,0.030907729640603065
2023-04-17,0.16576333343982697
2023-04-18,0.0
2023-04-19,4.306690216064453
2023-04-20,22.992156982421875
2023-04-21,0.0
2023-04-22,0.0
2023-04-23,0.0
2023-04-24,0.0
2023-04-25,0.0
2023-04-26,0.7362865805625916
2023-04-27,0.7362865805625916
2023-04-28,0.7362865805625916
2023-04-29,0.7362865805625916
2023-04-30,0.7362865805625916
2023-05-01,0.60487300157547
2023-05-02,0.0
2023-05-03,9.729022979736328
2023-05-04,0.0
2023-05-05,3.8482227325439453
2023-05-06,14.32553482055664
2023-05-07,28.49017333984375
2023-05-08,41.273624420166016
2023-05-09,8.13103199005127
2023-05-10,1.606345295906067
2023-05-11,2.4829013347625732
2023-05-12,0.07749631255865097
2023-05-13,0.0
2023-05-14,0.0
2023-05-15,0.0
2023-05-16,0.0
2023-05-17,0.0
2023-05-18,0.0
2023-05-19,8.083985328674316
2023-05-20,0.7175245881080627
2023-05-21,0.0608917698264122
2023-05-22,5.106640815734863
2023-05-23,50.25444030761719
2023-05-24,0.0
2023-05-25,0.0859467014670372
2023-05-26,0.02522393874824047
2023-05-27,2.715651273727417
2023-05-28,13.667152404785156
2023-05-29,25.110580444335938
2023-05-30,0.0
2023-05-31,0.0
2023-06-01,0.07535921782255173
2023-06-02,0.07535921782255173
2023-06-03,0.07535921782255173
2023-06-04,0.07535921782255173
2023-06-05,0.07535921782255173
2023-06-06,1.5796387195587158
2023-06-07,0.5923645496368408
2023-06-08,0.5923645496368408
2023-06-09,0.5923645496368408
2023-06-10,0.5923645496368408
2023-06-11,1.3581976890563965
2023-06-12,22.907194137573242
2023-06-13,7.201670169830322
2023-06-14,0.0
2023-06-15,0.0
2023-06-16,0.4786306917667389
2023-06-17,0.4786306917667389
2023-06-18,0.4786306917667389
2023-06-19,0.4786306917667389
2023-06-20,0.4786306917667389
2023-06-21,0.4854944348335266
2023-06-22,0.4854944348335266
2023-06-23,0.4854944348335266
2023-06-24,0.4854944348335266
2023-06-25,0.4854944348335266
2023-06-26,0.36355242133140564
2023-06-27,0.36355242133140564
2023-06-28,0.36355242133140564
2023-06-29,5.81683874130249
2023-06-30,0.36355242133140564
2023-07-01,0.563952624797821
2023-07-02,0.563952624797821
2023-07-03,0.563952624797821
2023-07-04,0.563952624797821
2023-07-05,0.563952624797821
2023-07-06,0.6086657047271729
2023-07-07,0.6086657047271729
2023-07-08,7.37403678894043
2023-07-09,0.6086657047271729
2023-07-10,2.973280668258667
2023-07-11,0.0
2023-07-12,0.0
2023-07-13,37.12055969238281
2023-07-14,0.07151689380407333
2023-07-15,0.0
2023-07-16,0.303994357585907
2023-07-17,0.303994357585907
2023-07-18,0.303994357585907
2023-07-19,0.303994357585907
2023-07-20,0.303994357585907
2023-07-21,0.2865111827850342
2023-07-22,0.2865111827850342
2023-07-23,0.7640298008918762
2023-07-24,0.2865111827850342
2023-07-25,0.2865111827850342
2023-07-26,0.0
2023-07-27,1.8244749307632446
2023-07-28,0.0
2023-07-29,0.0
2023-07-30,0.0
2023-07-31,0.0
2023-08-01,0.014150204136967659
2023-08-02,0.014150204136967659
2023-08-03,0.014150204136967659
2023-08-04,0.014150204136967659
2023-08-05,0.014150204136967659
2023-08-06,0.0
2023-08-07,1.1586699485778809
2023-08-08,17.19038200378418
2023-08-09,0.0
2023-08-10,0.0
2023-08-11,0.009487138129770756
2023-08-12,0.3040466010570526
2023-08-13,4.03859806060791
2023-08-14,0.6967906355857849
2023-08-15,0.0
2023-08-16,0.0
2023-08-17,0.0
2023-08-18,0.0
2023-08-19,0.0
2023-08-20,0.0
2023-08-21,0.13753148913383484
2023-08-22,0.13753148913383484
2023-08-23,0.13753148913383484
2023-08-24,0.13753148913383484
2023-08-25,0.13753148913383484
2023-08-26,0.16669151186943054
2023-08-27,0.16669151186943054
2023-08-28,0.16669151186943054
2023-08-29,0.16669151186943054
2023-08-30,0.16669151186943054
2023-08-31,0.16669151186943054
2023-09-01,0.0
2023-09-02,0.0
2023-09-03,9.69163990020752
2023-09-04,42.075992584228516
2023-09-05,21.72178077697754
2023-09-06,24.293947219848633
2023-09-07,0.5156140327453613
2023-09-08,0.0
2023-09-09,0.0
2023-09-10,0.0
2023-09-11,0.0
2023-09-12,0.0
2023-09-13,6.319655895233154
2023-09-14,0.0
2023-09-15,0.0
2023-09-16,0.0
2023-09-17,0.0
2023-09-18,0.0
2023-09-19,12.980575561523438
2023-09-20,2.297205686569214
2023-09-21,0.0
2023-09-22,0.0
2023-09-23,0.0
2023-09-24,0.0
2023-09-25,0.0
2023-09-26,0.0
2023-09-27,15.760774612426758
2023-09-28,0.47374802827835083
2023-09-29,0.0
2023-09-30,15.638578414916992
2023-10-01,0.0
2023-10-02,0.0
2023-10-03,0.0
2023-10-04,0.0
2023-10-05,0.0
2023-10-06,0.0
2023-10-07,0.0
2023-10-08,0.0
2023-10-09,0.0
2023-10-10,0.0
2023-10-11,0.0
2023-10-12,0.0
2023-10-13,9.208107948303223
2023-10-14,0.0
2023-10-15,0.0
2023-10-16,0.0
2023-10-17,0.0
2023-10-18,0.157631054520607
2023-10-19,12.730093955993652
2023-10-20,10.062872886657715
2023-10-21,1.8046586513519287
2023-10-22,0.0
2023-10-23,0.0
2023-10-24,0.0
2023-10-25,7.712284564971924
2023-10-26,9.23515796661377
2023-10-27,3.564154863357544
2023-10-28,21.943117141723633
2023-10-29,0.0
2023-10-30,2.204016923904419
2023-10-31,2.519963264465332
2023-11-01,0.0007073796587064862
2023-11-02,0.0
2023-11-03,0.0
2023-11-04,1.1112934350967407
2023-11-05,0.0
2023-11-06,0.06337286531925201
2023-11-07,0.06337286531925201
2023-11-08,1.0139658451080322
2023-11-09,0.06337286531925201
2023-11-10,0.06337286531925201
2023-11-11,0.36248138546943665
2023-11-12,0.36248138546943665
2023-11-13,0.9666170477867126
2023-11-14,0.36248138546943665
2023-11-15,0.36248138546943665
2023-11-16,0.0
2023-11-17,0.0
2023-11-18,0.0
2023-11-19,0.09845966100692749
2023-11-20,6.911910533905029
2023-11-21,0.8112874031066895
2023-11-22,0.0
2023-11-23,0.0
2023-11-24,80.69268035888672
2023-11-25,4.9977521896362305
2023-11-26,2.037032127380371
2023-11-27,0.46692734956741333
2023-11-28,50.91608810424805
2023-11-29,0.6292294859886169
2023-11-30,0.3904379904270172
2023-12-01,0.0
2023-12-02,0.7461454272270203
2023-12-03,4.5897393226623535
2023-12-04,2.643413782119751
2023-12-05,55.17041778564453
2023-12-06,0.0
2023-12-07,0.0
2023-12-08,14.493305206298828
2023-12-09,0.12805141508579254
2023-12-10,0.0
2023-12-11,19.248807907104492
2023-12-12,4.209753513336182
2023-12-13,0.018569927662611008
2023-12-14,1.9712780714035034
2023-12-15,20.258377075195312
2023-12-16,0.04390527680516243
2023-12-17,0.003950467333197594
2023-12-18,0.0
2023-12-19,0.0
2023-12-20,36.085758209228516
2023-12-21,31.79022789001465
2023-12-22,0.12864871323108673
2023-12-23,0.0
2023-12-24,0.19328302145004272
2023-12-25,0.09904305636882782
2023-12-26,1.5468899011611938
2023-12-27,1.1022483110427856
2023-12-28,0.0
2023-12-29,0.04311811551451683
2023-12-30,5.06995964050293
2023-12-31,47.814979553222656
