date,tp
1998-01-01,0.016676073893904686
1998-01-02,0.3153168857097626
1998-01-03,3.759506940841675
1998-01-04,0.32333946228027344
1998-01-05,10.27126693725586
1998-01-06,13.488300323486328
1998-01-07,0.23758991062641144
1998-01-08,0.002449292689561844
1998-01-09,2.478785276412964
1998-01-10,15.320171356201172
1998-01-11,3.0211501121520996
1998-01-12,0.25192496180534363
1998-01-13,0.25192496180534363
1998-01-14,0.25192496180534363
1998-01-15,1.2615745067596436
1998-01-16,0.07541117817163467
1998-01-17,16.113924026489258
1998-01-18,3.0479776859283447
1998-01-19,0.9730010628700256
1998-01-20,0.0
1998-01-21,1.1723905801773071
1998-01-22,0.0
1998-01-23,0.03454599902033806
1998-01-24,0.23482125997543335
1998-01-25,14.622129440307617
1998-01-26,13.354649543762207
1998-01-27,11.667309761047363
1998-01-28,17.085725784301758
1998-01-29,0.058922260999679565
1998-01-30,0.155497208237648
1998-01-31,3.7427752017974854
1998-02-01,0.0
1998-02-02,0.07623230665922165
1998-02-03,1.0478004217147827
1998-02-04,12.828739166259766
1998-02-05,3.3433115482330322
1998-02-06,5.715689182281494
1998-02-07,0.5366863012313843
1998-02-08,1.674660325050354
1998-02-09,22.39103126525879
1998-02-10,5.767648696899414
1998-02-11,0.0
1998-02-12,0.0
1998-02-13,1.4560887813568115
1998-02-14,1.2871254682540894
1998-02-15,6.343867301940918
1998-02-16,0.0
1998-02-17,5.1722564697265625
1998-02-18,0.25770366191864014
1998-02-19,0.047080524265766144
1998-02-20,0.030337514355778694
1998-02-21,5.400228023529053
1998-02-22,19.189579010009766
1998-02-23,0.07870547473430634
1998-02-24,0.0
1998-02-25,1.3583645820617676
1998-02-26,14.036035537719727
1998-02-27,0.3595258891582489
1998-02-28,0.0
1998-03-01,0.27641552686691284
1998-03-02,0.015440892428159714
1998-03-03,2.5807979106903076
1998-03-04,4.275523662567139
1998-03-05,0.9552035331726074
1998-03-06,0.1834143102169037
1998-03-07,5.406378269195557
1998-03-08,6.518625736236572
1998-03-09,0.017087263986468315
1998-03-10,0.018169047310948372
1998-03-11,0.868234395980835
1998-03-12,0.5529240965843201
1998-03-13,0.17996574938297272
1998-03-14,0.0
1998-03-15,3.780708074569702
1998-03-16,0.0
1998-03-17,0.0
1998-03-18,0.0
1998-03-19,0.0
1998-03-20,0.0
1998-03-21,0.0
1998-03-22,0.0
1998-03-23,0.0
1998-03-24,9.959081649780273
1998-03-25,10.4828519821167
1998-03-26,0.0
1998-03-27,0.0
1998-03-28,0.993274450302124
1998-03-29,0.3860722780227661
1998-03-30,22.259719848632812
1998-03-31,0.09748174995183945
1998-04-01,0.0
1998-04-02,0.0
1998-04-03,0.0
1998-04-04,0.0
1998-04-05,0.0
1998-04-06,0.0
1998-04-07,0.0
1998-04-08,0.0
1998-04-09,0.0
1998-04-10,0.0
1998-04-11,0.0
1998-04-12,0.20011183619499207
1998-04-13,0.044116802513599396
1998-04-14,4.6576619148254395
1998-04-15,8.371265411376953
1998-04-16,0.0
1998-04-17,0.0
1998-04-18,0.0
1998-04-19,0.0
1998-04-20,0.0
1998-04-21,0.0
1998-04-22,0.0
1998-04-23,0.0
1998-04-24,0.0
1998-04-25,0.0
1998-04-26,0.0
1998-04-27,0.0
1998-04-28,0.0
1998-04-29,0.0
1998-04-30,0.0
1998-05-01,0.0
1998-05-02,0.0
1998-05-03,0.0
1998-05-04,0.0
1998-05-05,0.0
1998-05-06,0.0
1998-05-07,0.0
1998-05-08,0.0
1998-05-09,0.0
1998-05-10,0.0
1998-05-11,0.0
1998-05-12,0.0
1998-05-13,0.0
1998-05-14,0.0
1998-05-15,0.0
1998-05-16,0.0
1998-05-17,0.0
1998-05-18,0.0
1998-05-19,0.0
1998-05-20,0.0
1998-05-21,0.0
1998-05-22,0.0
1998-05-23,0.0
1998-05-24,0.0
1998-05-25,0.0
1998-05-26,0.0
1998-05-27,0.0
1998-05-28,0.0
1998-05-29,0.0
1998-05-30,0.0
1998-05-31,0.0
1998-06-01,0.0
1998-06-02,0.0
1998-06-03,0.0
1998-06-04,0.0
1998-06-05,0.0
1998-06-06,0.0
1998-06-07,0.0
1998-06-08,0.0
1998-06-09,0.0
1998-06-10,5.660976409912109
1998-06-11,5.219630718231201
1998-06-12,0.0
1998-06-13,0.0
1998-06-14,0.0
1998-06-15,0.0
1998-06-16,0.0
1998-06-17,0.0
1998-06-18,0.0
1998-06-19,0.0
1998-06-20,0.0
1998-06-21,0.0
1998-06-22,0.0
1998-06-23,0.0
1998-06-24,0.0
1998-06-25,0.0
1998-06-26,0.0
1998-06-27,0.0
1998-06-28,0.0
1998-06-29,0.0
1998-06-30,0.0
1998-07-01,0.0
1998-07-02,0.0
1998-07-03,0.0
1998-07-04,0.0
1998-07-05,0.0
1998-07-06,0.0
1998-07-07,0.0
1998-07-08,0.0
1998-07-09,0.0
1998-07-10,0.0
1998-07-11,0.0
1998-07-12,0.0
1998-07-13,0.0
1998-07-14,0.0
1998-07-15,0.0
1998-07-16,0.0
1998-07-17,0.0
1998-07-18,0.0
1998-07-19,0.0
1998-07-20,0.0
1998-07-21,0.0
1998-07-22,0.0
1998-07-23,0.0
1998-07-24,0.0
1998-07-25,0.0
1998-07-26,0.0
1998-07-27,0.0
1998-07-28,0.0
1998-07-29,0.0
1998-07-30,0.0
1998-07-31,0.0
1998-08-01,0.0
1998-08-02,0.0
1998-08-03,0.0
1998-08-04,0.0
1998-08-05,0.0
1998-08-06,0.0
1998-08-07,0.0
1998-08-08,0.0
1998-08-09,0.0
1998-08-10,0.0
1998-08-11,0.0
1998-08-12,0.0
1998-08-13,0.0
1998-08-14,0.0
1998-08-15,0.0
1998-08-16,0.0
1998-08-17,0.0
1998-08-18,0.0
1998-08-19,0.0
1998-08-20,0.0
1998-08-21,0.05905330926179886
1998-08-22,0.0
1998-08-23,0.050440654158592224
1998-08-24,0.05729646235704422
1998-08-25,0.0
1998-08-26,0.0
1998-08-27,0.0
1998-08-28,0.0
1998-08-29,0.0
1998-08-30,0.0
1998-08-31,0.0
1998-09-01,0.0
1998-09-02,0.0
1998-09-03,0.0
1998-09-04,0.0
1998-09-05,0.0
1998-09-06,0.0
1998-09-07,0.0
1998-09-08,0.0
1998-09-09,0.0
1998-09-10,0.0
1998-09-11,0.0
1998-09-12,0.0
1998-09-13,0.0
1998-09-14,0.0
1998-09-15,0.0
1998-09-16,0.0
1998-09-17,0.0
1998-09-18,0.0
1998-09-19,0.0
1998-09-20,0.0
1998-09-21,0.0
1998-09-22,0.0
1998-09-23,0.0
1998-09-24,0.0
1998-09-25,0.0
1998-09-26,0.0
1998-09-27,0.0
1998-09-28,0.0
1998-09-29,0.0
1998-09-30,0.0
1998-10-01,0.0
1998-10-02,0.0
1998-10-03,0.0
1998-10-04,0.0
1998-10-05,0.0
1998-10-06,0.015657121315598488
1998-10-07,0.0446261502802372
1998-10-08,0.8303198218345642
1998-10-09,7.971327304840088
1998-10-10,0.0
1998-10-11,0.013632400892674923
1998-10-12,0.33154869079589844
1998-10-13,16.33970069885254
1998-10-14,6.684621810913086
1998-10-15,0.4781106412410736
1998-10-16,0.0
1998-10-17,0.0
1998-10-18,0.0
1998-10-19,0.0
1998-10-20,0.0
1998-10-21,0.043843358755111694
1998-10-22,0.8828125596046448
1998-10-23,0.16551722586154938
1998-10-24,2.73711895942688
1998-10-25,0.41788408160209656
1998-10-26,0.0
1998-10-27,0.0
1998-10-28,0.0
1998-10-29,0.0
1998-10-30,0.0
1998-10-31,0.0
1998-11-01,0.0
1998-11-02,0.0
1998-11-03,0.0
1998-11-04,0.0
1998-11-05,0.0
1998-11-06,0.0
1998-11-07,0.0
1998-11-08,0.0
1998-11-09,0.0
1998-11-10,0.0
1998-11-11,0.0676080584526062
1998-11-12,0.05357768014073372
1998-11-13,0.10585032403469086
1998-11-14,1.2116754055023193
1998-11-15,13.92322826385498
1998-11-16,1.7341002225875854
1998-11-17,28.48818016052246
1998-11-18,15.34652042388916
1998-11-19,0.5076759457588196
1998-11-20,1.1416367292404175
1998-11-21,4.273575305938721
1998-11-22,4.520907402038574
1998-11-23,0.15426525473594666
1998-11-24,0.0
1998-11-25,0.0
1998-11-26,0.0
1998-11-27,0.0
1998-11-28,2.0719642639160156
1998-11-29,2.992441177368164
1998-11-30,0.1389569193124771
1998-12-01,0.0
1998-12-02,0.0
1998-12-03,0.0
1998-12-04,0.0
1998-12-05,0.0
1998-12-06,0.0
1998-12-07,1.2338308095932007
1998-12-08,2.987236738204956
1998-12-09,7.88456916809082
1998-12-10,0.01638326793909073
1998-12-11,0.0
1998-12-12,0.0
1998-12-13,0.13379082083702087
1998-12-14,0.0035864219535142183
1998-12-15,3.6526834964752197
1998-12-16,15.188526153564453
1998-12-17,4.598536491394043
1998-12-18,0.41585713624954224
1998-12-19,5.3571577072143555
1998-12-20,0.44555535912513733
1998-12-21,21.616655349731445
1998-12-22,2.974440574645996
1998-12-23,0.3483257591724396
1998-12-24,0.43439826369285583
1998-12-25,0.0
1998-12-26,0.0
1998-12-27,0.5378798842430115
1998-12-28,8.571288108825684
1998-12-29,1.0242050886154175
1998-12-30,0.9123014807701111
1998-12-31,0.4646090567111969
1999-01-01,0.8078227043151855
1999-01-02,14.422374725341797
1999-01-03,0.8944770097732544
1999-01-04,0.03189358487725258
1999-01-05,0.041642095893621445
1999-01-06,0.0
1999-01-07,0.0
1999-01-08,0.0
1999-01-09,0.0
1999-01-10,0.0
1999-01-11,0.0
1999-01-12,0.0
1999-01-13,0.0
1999-01-14,0.0
1999-01-15,0.0
1999-01-16,2.033576250076294
1999-01-17,16.498493194580078
1999-01-18,4.8900675773620605
1999-01-19,3.8211796283721924
1999-01-20,0.2216283529996872
1999-01-21,1.8224321603775024
1999-01-22,1.1674875020980835
1999-01-23,0.0012934324331581593
1999-01-24,5.507923126220703
1999-01-25,2.334653615951538
1999-01-26,6.9031805992126465
1999-01-27,0.0
1999-01-28,3.0995800495147705
1999-01-29,0.14066748321056366
1999-01-30,15.716629028320312
1999-01-31,18.858964920043945
1999-02-01,6.345105171203613
1999-02-02,15.651410102844238
1999-02-03,9.658946990966797
1999-02-04,11.681990623474121
1999-02-05,0.1599273979663849
1999-02-06,0.2123255729675293
1999-02-07,4.45644474029541
1999-02-08,2.6253795623779297
1999-02-09,0.0
1999-02-10,0.04078270122408867
1999-02-11,0.7132711410522461
1999-02-12,2.651972532272339
1999-02-13,15.256640434265137
1999-02-14,14.168627738952637
1999-02-15,1.2662596702575684
1999-02-16,20.270387649536133
1999-02-17,5.372081279754639
1999-02-18,0.00896243005990982
1999-02-19,0.17049992084503174
1999-02-20,0.05081203207373619
1999-02-21,0.0
1999-02-22,0.010773232206702232
1999-02-23,6.571237087249756
1999-02-24,1.2932219505310059
1999-02-25,0.0
1999-02-26,0.0
1999-02-27,0.0
1999-02-28,0.0
1999-03-01,0.5704570412635803
1999-03-02,0.4578852951526642
1999-03-03,12.777244567871094
1999-03-04,0.16490034759044647
1999-03-05,0.4175342917442322
1999-03-06,7.356871604919434
1999-03-07,11.753225326538086
1999-03-08,4.448121547698975
1999-03-09,11.950580596923828
1999-03-10,3.315912961959839
1999-03-11,1.1561164855957031
1999-03-12,0.015255589038133621
1999-03-13,1.9614592790603638
1999-03-14,5.5318284034729
1999-03-15,1.369259238243103
1999-03-16,1.1277655363082886
1999-03-17,0.2683537006378174
1999-03-18,1.444354772567749
1999-03-19,3.745476484298706
1999-03-20,1.187738299369812
1999-03-21,5.851912498474121
1999-03-22,0.23427562415599823
1999-03-23,0.002119445474818349
1999-03-24,0.042090851813554764
1999-03-25,0.06322619318962097
1999-03-26,0.012501019053161144
1999-03-27,10.891007423400879
1999-03-28,10.377436637878418
1999-03-29,20.021799087524414
1999-03-30,1.571648359298706
1999-03-31,0.7333112955093384
1999-04-01,8.648295402526855
1999-04-02,1.5783464908599854
1999-04-03,4.670032978057861
1999-04-04,1.1780869960784912
1999-04-05,3.742818593978882
1999-04-06,0.0
1999-04-07,0.0
1999-04-08,0.0
1999-04-09,0.0
1999-04-10,0.0
1999-04-11,0.0
1999-04-12,0.0
1999-04-13,0.0
1999-04-14,0.0
1999-04-15,0.0
1999-04-16,0.0
1999-04-17,0.0
1999-04-18,0.0
1999-04-19,0.0
1999-04-20,0.0
1999-04-21,1.4806259870529175
1999-04-22,0.02844339795410633
1999-04-23,0.6692239046096802
1999-04-24,0.9738658666610718
1999-04-25,0.2510523796081543
1999-04-26,0.0
1999-04-27,0.0
1999-04-28,0.0
1999-04-29,0.0
1999-04-30,0.0
1999-05-01,0.0
1999-05-02,0.0
1999-05-03,0.0
1999-05-04,0.0
1999-05-05,0.0
1999-05-06,6.568882465362549
1999-05-07,1.2592310905456543
1999-05-08,0.0
1999-05-09,2.7711689472198486
1999-05-10,0.0
1999-05-11,0.0
1999-05-12,0.0
1999-05-13,0.0
1999-05-14,0.0
1999-05-15,0.0
1999-05-16,0.0
1999-05-17,0.0
1999-05-18,0.0
1999-05-19,0.0
1999-05-20,0.0
1999-05-21,0.0
1999-05-22,0.0
1999-05-23,0.0
1999-05-24,0.0
1999-05-25,0.0
1999-05-26,7.870744228363037
1999-05-27,0.0
1999-05-28,0.0
1999-05-29,0.0
1999-05-30,1.4541257619857788
1999-05-31,0.0
1999-06-01,0.0
1999-06-02,0.0
1999-06-03,0.0
1999-06-04,0.0
1999-06-05,0.0
1999-06-06,0.0
1999-06-07,0.0
1999-06-08,0.0
1999-06-09,0.0
1999-06-10,0.0
1999-06-11,0.0
1999-06-12,0.0
1999-06-13,0.0
1999-06-14,0.0
1999-06-15,0.0
1999-06-16,0.0
1999-06-17,0.0
1999-06-18,0.0
1999-06-19,0.0
1999-06-20,0.0
1999-06-21,0.0
1999-06-22,0.0
1999-06-23,0.0
1999-06-24,0.0
1999-06-25,0.0
1999-06-26,0.0
1999-06-27,0.0
1999-06-28,0.0
1999-06-29,0.0
1999-06-30,0.0
1999-07-01,0.0
1999-07-02,0.0
1999-07-03,0.0
1999-07-04,0.0
1999-07-05,0.0
1999-07-06,0.0
1999-07-07,0.0
1999-07-08,0.0
1999-07-09,0.0
1999-07-10,0.0
1999-07-11,0.0
1999-07-12,0.0
1999-07-13,0.0
1999-07-14,0.0
1999-07-15,0.0
1999-07-16,0.0
1999-07-17,0.0
1999-07-18,0.0
1999-07-19,0.0
1999-07-20,0.0
1999-07-21,0.0
1999-07-22,0.0
1999-07-23,0.0
1999-07-24,0.0
1999-07-25,0.0
1999-07-26,0.0
1999-07-27,0.0
1999-07-28,0.0
1999-07-29,0.0
1999-07-30,0.0
1999-07-31,0.0
1999-08-01,0.0
1999-08-02,0.0
1999-08-03,0.0
1999-08-04,0.0
1999-08-05,0.0
1999-08-06,0.0
1999-08-07,0.0
1999-08-08,0.0
1999-08-09,0.0
1999-08-10,0.0
1999-08-11,0.0
1999-08-12,0.0
1999-08-13,0.0
1999-08-14,0.0
1999-08-15,0.0
1999-08-16,0.0
1999-08-17,0.0
1999-08-18,0.0
1999-08-19,0.0
1999-08-20,0.0
1999-08-21,0.022890694439411163
1999-08-22,0.022890694439411163
1999-08-23,0.022890694439411163
1999-08-24,0.022890694439411163
1999-08-25,0.022890694439411163
1999-08-26,0.0
1999-08-27,0.0
1999-08-28,0.0
1999-08-29,0.0
1999-08-30,0.0
1999-08-31,0.0
1999-09-01,0.0
1999-09-02,0.0
1999-09-03,0.0
1999-09-04,0.0
1999-09-05,0.0
1999-09-06,0.0
1999-09-07,0.0
1999-09-08,0.0
1999-09-09,0.0
1999-09-10,0.0
1999-09-11,0.0
1999-09-12,0.0
1999-09-13,0.0
1999-09-14,0.0
1999-09-15,0.0
1999-09-16,0.0
1999-09-17,0.0
1999-09-18,0.0
1999-09-19,0.0
1999-09-20,0.0
1999-09-21,0.0
1999-09-22,0.0
1999-09-23,0.0
1999-09-24,0.0
1999-09-25,0.0
1999-09-26,0.8564388751983643
1999-09-27,1.453587532043457
1999-09-28,0.6195694208145142
1999-09-29,5.820057392120361
1999-09-30,9.35049819946289
1999-10-01,10.99010181427002
1999-10-02,15.059523582458496
1999-10-03,3.109071969985962
1999-10-04,5.566064357757568
1999-10-05,3.226616859436035
1999-10-06,0.0
1999-10-07,0.0
1999-10-08,0.0
1999-10-09,0.0
1999-10-10,0.0
1999-10-11,0.03531724587082863
1999-10-12,0.2241181582212448
1999-10-13,0.024595705792307854
1999-10-14,0.6373944878578186
1999-10-15,0.4592870771884918
1999-10-16,1.8690129518508911
1999-10-17,0.0
1999-10-18,0.14557668566703796
1999-10-19,4.842777729034424
1999-10-20,3.583995819091797
1999-10-21,1.250611662864685
1999-10-22,1.9958372116088867
1999-10-23,0.02207964099943638
1999-10-24,0.0
1999-10-25,0.0
1999-10-26,0.0
1999-10-27,0.0
1999-10-28,0.0
1999-10-29,0.0
1999-10-30,0.0
1999-10-31,0.0
1999-11-01,0.05480373278260231
1999-11-02,10.905619621276855
1999-11-03,0.14242902398109436
1999-11-04,9.351325988769531
1999-11-05,0.0
1999-11-06,0.0
1999-11-07,0.0
1999-11-08,0.0
1999-11-09,0.0
1999-11-10,0.0
1999-11-11,1.2670388221740723
1999-11-12,0.17473472654819489
1999-11-13,3.9129209518432617
1999-11-14,8.706059455871582
1999-11-15,2.1418256759643555
1999-11-16,0.0
1999-11-17,0.0
1999-11-18,0.0
1999-11-19,0.0
1999-11-20,0.0
1999-11-21,0.0
1999-11-22,0.0
1999-11-23,0.0
1999-11-24,0.0
1999-11-25,0.0
1999-11-26,0.0
1999-11-27,0.0
1999-11-28,0.0
1999-11-29,0.0
1999-11-30,0.0
1999-12-01,0.0
1999-12-02,0.27464553713798523
1999-12-03,0.5267974734306335
1999-12-04,0.4032335579395294
1999-12-05,0.061050139367580414
1999-12-06,0.02838372066617012
1999-12-07,1.0422735214233398
1999-12-08,8.84469985961914
1999-12-09,12.148862838745117
1999-12-10,1.557887077331543
1999-12-11,0.05937723070383072
1999-12-12,0.2320297509431839
1999-12-13,0.002483371878042817
1999-12-14,0.0020058017689734697
1999-12-15,0.13933534920215607
1999-12-16,0.0
1999-12-17,0.0
1999-12-18,0.0
1999-12-19,0.0
1999-12-20,0.0
1999-12-21,0.0
1999-12-22,0.2531734108924866
1999-12-23,0.05721410736441612
1999-12-24,3.4659314155578613
1999-12-25,0.3289508521556854
1999-12-26,0.0007906052633188665
1999-12-27,2.6243929862976074
1999-12-28,0.029029155150055885
1999-12-29,6.910791873931885
1999-12-30,1.6517889499664307
1999-12-31,0.17424656450748444
2000-01-01,0.0
2000-01-02,0.0
2000-01-03,0.0
2000-01-04,0.0
2000-01-05,0.0
2000-01-06,0.0
2000-01-07,0.0
2000-01-08,0.0
2000-01-09,0.0
2000-01-10,0.0
2000-01-11,0.0
2000-01-12,0.06203576177358627
2000-01-13,0.3316708207130432
2000-01-14,7.73764705657959
2000-01-15,3.1224887371063232
2000-01-16,1.3625446557998657
2000-01-17,12.898435592651367
2000-01-18,1.1728280782699585
2000-01-19,2.4996724128723145
2000-01-20,14.075061798095703
2000-01-21,2.699366807937622
2000-01-22,7.328967571258545
2000-01-23,1.1513543128967285
2000-01-24,3.857311487197876
2000-01-25,26.696077346801758
2000-01-26,1.1917146444320679
2000-01-27,0.3047514855861664
2000-01-28,13.670613288879395
2000-01-29,6.105024337768555
2000-01-30,15.748610496520996
2000-01-31,23.770503997802734
2000-02-01,0.22201696038246155
2000-02-02,20.8588924407959
2000-02-03,10.951286315917969
2000-02-04,0.15586528182029724
2000-02-05,0.3545452654361725
2000-02-06,0.0
2000-02-07,0.0
2000-02-08,0.0
2000-02-09,0.0
2000-02-10,0.0
2000-02-11,0.0
2000-02-12,5.892833232879639
2000-02-13,0.0
2000-02-14,1.2270570993423462
2000-02-15,0.19485591351985931
2000-02-16,0.0
2000-02-17,0.0
2000-02-18,0.0
2000-02-19,0.0
2000-02-20,0.0
2000-02-21,2.140294313430786
2000-02-22,6.85388708114624
2000-02-23,0.30047857761383057
2000-02-24,0.6862626075744629
2000-02-25,3.2464544773101807
2000-02-26,12.77076530456543
2000-02-27,29.707698822021484
2000-02-28,1.6869348287582397
2000-02-29,1.0926573276519775
2000-03-01,0.0
2000-03-02,0.0
2000-03-03,0.32503971457481384
2000-03-04,0.08092757314443588
2000-03-05,2.8404417037963867
2000-03-06,24.594348907470703
2000-03-07,2.694643974304199
2000-03-08,1.7076588869094849
2000-03-09,3.8641726970672607
2000-03-10,14.28339672088623
2000-03-11,0.0
2000-03-12,0.0
2000-03-13,0.0
2000-03-14,0.0
2000-03-15,0.0
2000-03-16,0.0
2000-03-17,0.0
2000-03-18,19.694547653198242
2000-03-19,0.4131758511066437
2000-03-20,0.0
2000-03-21,0.6221259236335754
2000-03-22,18.524396896362305
2000-03-23,0.0
2000-03-24,1.7546894550323486
2000-03-25,0.2030421942472458
2000-03-26,1.5880753993988037
2000-03-27,1.95343816280365
2000-03-28,0.43527400493621826
2000-03-29,1.0705236196517944
2000-03-30,0.6157759428024292
2000-03-31,1.854525089263916
2000-04-01,0.0
2000-04-02,0.0
2000-04-03,0.0
2000-04-04,0.0
2000-04-05,0.0
2000-04-06,0.0
2000-04-07,0.0
2000-04-08,0.0
2000-04-09,0.0
2000-04-10,0.0
2000-04-11,0.0
2000-04-12,0.0
2000-04-13,0.0
2000-04-14,0.0
2000-04-15,0.0
2000-04-16,0.666260838508606
2000-04-17,0.4034225046634674
2000-04-18,0.009542318060994148
2000-04-19,0.0866665467619896
2000-04-20,0.0
2000-04-21,0.0
2000-04-22,0.0
2000-04-23,0.0
2000-04-24,0.0
2000-04-25,0.0
2000-04-26,0.0
2000-04-27,0.0
2000-04-28,0.0
2000-04-29,0.0
2000-04-30,0.0
2000-05-01,0.0
2000-05-02,0.0
2000-05-03,0.0
2000-05-04,0.0
2000-05-05,0.0
2000-05-06,0.0
2000-05-07,0.0
2000-05-08,0.0
2000-05-09,0.0
2000-05-10,0.0
2000-05-11,0.0
2000-05-12,0.0
2000-05-13,0.0
2000-05-14,0.0
2000-05-15,0.0
2000-05-16,0.0
2000-05-17,16.797304153442383
2000-05-18,0.009070594795048237
2000-05-19,2.7946019172668457
2000-05-20,1.5153710842132568
2000-05-21,0.0
2000-05-22,0.0
2000-05-23,0.0
2000-05-24,0.0
2000-05-25,0.0
2000-05-26,0.0
2000-05-27,0.0
2000-05-28,0.0
2000-05-29,0.0
2000-05-30,0.0
2000-05-31,0.0
2000-06-01,0.0
2000-06-02,0.0
2000-06-03,0.0
2000-06-04,0.0
2000-06-05,0.0
2000-06-06,0.0
2000-06-07,0.0
2000-06-08,0.0
2000-06-09,0.0
2000-06-10,0.0
2000-06-11,0.0
2000-06-12,0.0
2000-06-13,0.0
2000-06-14,0.0
2000-06-15,0.0
2000-06-16,0.0
2000-06-17,0.0
2000-06-18,0.0
2000-06-19,0.0
2000-06-20,0.0
2000-06-21,0.0
2000-06-22,0.0
2000-06-23,0.0
2000-06-24,0.0
2000-06-25,0.0
2000-06-26,0.0
2000-06-27,0.0
2000-06-28,0.0
2000-06-29,0.0
2000-06-30,0.0
2000-07-01,0.0
2000-07-02,0.0
2000-07-03,0.0
2000-07-04,0.0
2000-07-05,0.0
2000-07-06,0.0
2000-07-07,0.0
2000-07-08,0.0
2000-07-09,0.0
2000-07-10,0.0
2000-07-11,0.0
2000-07-12,0.0
2000-07-13,0.0
2000-07-14,0.0
2000-07-15,0.0
2000-07-16,0.0
2000-07-17,0.0
2000-07-18,0.0
2000-07-19,0.0
2000-07-20,0.0
2000-07-21,0.0
2000-07-22,0.0
2000-07-23,0.0
2000-07-24,0.0
2000-07-25,0.0
2000-07-26,0.0
2000-07-27,0.0
2000-07-28,0.0
2000-07-29,0.0
2000-07-30,0.0
2000-07-31,0.0
2000-08-01,0.36708468198776245
2000-08-02,0.36708468198776245
2000-08-03,0.36708468198776245
2000-08-04,0.36708468198776245
2000-08-05,2.2025082111358643
2000-08-06,0.0
2000-08-07,0.0
2000-08-08,0.0
2000-08-09,0.0
2000-08-10,0.0
2000-08-11,0.0
2000-08-12,0.0
2000-08-13,0.0
2000-08-14,0.0
2000-08-15,0.0
2000-08-16,0.0
2000-08-17,0.0
2000-08-18,0.0
2000-08-19,0.0
2000-08-20,0.0
2000-08-21,0.14349022507667542
2000-08-22,0.0278939139097929
2000-08-23,0.023003950715065002
2000-08-24,0.0
2000-08-25,0.002105286344885826
2000-08-26,0.8538537621498108
2000-08-27,1.3194379806518555
2000-08-28,11.712098121643066
2000-08-29,8.125170707702637
2000-08-30,0.5300034880638123
2000-08-31,0.08094530552625656
2000-09-01,0.03943426162004471
2000-09-02,1.6476757526397705
2000-09-03,5.410364151000977
2000-09-04,0.0
2000-09-05,0.0
2000-09-06,0.0
2000-09-07,0.0
2000-09-08,0.0
2000-09-09,0.0
2000-09-10,0.0
2000-09-11,2.4920289516448975
2000-09-12,1.0670708417892456
2000-09-13,0.0
2000-09-14,0.0
2000-09-15,0.0
2000-09-16,0.0
2000-09-17,0.0
2000-09-18,0.003863980295136571
2000-09-19,3.19360613822937
2000-09-20,0.1328260451555252
2000-09-21,0.0
2000-09-22,0.0
2000-09-23,0.0
2000-09-24,0.0
2000-09-25,0.0
2000-09-26,0.0
2000-09-27,0.0
2000-09-28,0.0
2000-09-29,0.0
2000-09-30,0.0
2000-10-01,0.0
2000-10-02,0.0
2000-10-03,0.0
2000-10-04,0.0
2000-10-05,0.0
2000-10-06,0.0
2000-10-07,0.0
2000-10-08,0.0
2000-10-09,0.2335895448923111
2000-10-10,4.070145130157471
2000-10-11,6.203545570373535
2000-10-12,2.3075623512268066
2000-10-13,15.911554336547852
2000-10-14,5.336978435516357
2000-10-15,3.061973810195923
2000-10-16,0.008200207725167274
2000-10-17,0.0
2000-10-18,0.0
2000-10-19,3.6444404125213623
2000-10-20,0.7754707336425781
2000-10-21,5.882494926452637
2000-10-22,1.3317067623138428
2000-10-23,4.046816825866699
2000-10-24,0.6698492765426636
2000-10-25,4.82706880569458
2000-10-26,5.426075458526611
2000-10-27,3.609560251235962
2000-10-28,0.5107396245002747
2000-10-29,0.04175756499171257
2000-10-30,0.7001391053199768
2000-10-31,0.0
2000-11-01,0.0
2000-11-02,6.641888618469238
2000-11-03,2.8327155113220215
2000-11-04,9.13029956817627
2000-11-05,1.835500955581665
2000-11-06,0.0
2000-11-07,0.0
2000-11-08,0.0
2000-11-09,0.0
2000-11-10,0.0
2000-11-11,1.9404700994491577
2000-11-12,0.0
2000-11-13,0.0
2000-11-14,11.623876571655273
2000-11-15,0.03343717381358147
2000-11-16,0.0
2000-11-17,0.0
2000-11-18,0.0
2000-11-19,0.0
2000-11-20,0.0
2000-11-21,1.5636845827102661
2000-11-22,4.9904351234436035
2000-11-23,0.8953685164451599
2000-11-24,0.23605190217494965
2000-11-25,0.043052297085523605
2000-11-26,7.0446367263793945
2000-11-27,3.457580327987671
2000-11-28,10.755644798278809
2000-11-29,1.5656386613845825
2000-11-30,0.7456113696098328
2000-12-01,2.193234443664551
2000-12-02,5.384850025177002
2000-12-03,2.2102959156036377
2000-12-04,0.023407934233546257
2000-12-05,3.9520773887634277
2000-12-06,0.2001499980688095
2000-12-07,3.412508010864258
2000-12-08,16.88418960571289
2000-12-09,2.044922113418579
2000-12-10,2.1689987182617188
2000-12-11,11.056681632995605
2000-12-12,2.0248239040374756
2000-12-13,5.67471170425415
2000-12-14,1.671049952507019
2000-12-15,0.4758952260017395
2000-12-16,3.164777994155884
2000-12-17,0.24253438413143158
2000-12-18,0.0
2000-12-19,0.0
2000-12-20,0.0
2000-12-21,2.018915891647339
2000-12-22,5.4302873611450195
2000-12-23,5.351831436157227
2000-12-24,7.142767906188965
2000-12-25,3.584440231323242
2000-12-26,1.376887321472168
2000-12-27,1.2749696969985962
2000-12-28,3.5365262031555176
2000-12-29,9.179972648620605
2000-12-30,22.76154899597168
2000-12-31,7.8041205406188965
2001-01-01,3.8594722747802734
2001-01-02,0.4536578953266144
2001-01-03,0.4159531593322754
2001-01-04,0.0010375352576375008
2001-01-05,0.5322573781013489
2001-01-06,5.892647743225098
2001-01-07,20.140470504760742
2001-01-08,4.397256374359131
2001-01-09,0.6175682544708252
2001-01-10,5.824967384338379
2001-01-11,9.824868202209473
2001-01-12,0.3047376871109009
2001-01-13,0.7584925293922424
2001-01-14,0.29262861609458923
2001-01-15,0.18917085230350494
2001-01-16,13.544544219970703
2001-01-17,5.937496185302734
2001-01-18,4.988947868347168
2001-01-19,2.5682687759399414
2001-01-20,14.930563926696777
2001-01-21,5.36984395980835
2001-01-22,0.3277575373649597
2001-01-23,6.268391132354736
2001-01-24,6.347835063934326
2001-01-25,3.5919229984283447
2001-01-26,0.0
2001-01-27,0.04499635100364685
2001-01-28,4.442655563354492
2001-01-29,20.086097717285156
2001-01-30,0.5781521201133728
2001-01-31,0.3262280821800232
2001-02-01,3.288358449935913
2001-02-02,16.310537338256836
2001-02-03,27.656492233276367
2001-02-04,4.958428859710693
2001-02-05,0.05716320127248764
2001-02-06,2.4704716205596924
2001-02-07,0.3433459997177124
2001-02-08,0.0
2001-02-09,7.917877674102783
2001-02-10,4.083653926849365
2001-02-11,0.6864832639694214
2001-02-12,4.219882011413574
2001-02-13,7.543141841888428
2001-02-14,3.887836456298828
2001-02-15,2.275322198867798
2001-02-16,0.49024268984794617
2001-02-17,2.5231151580810547
2001-02-18,6.040935039520264
2001-02-19,3.5540261268615723
2001-02-20,0.844028651714325
2001-02-21,0.0
2001-02-22,0.4078139662742615
2001-02-23,0.0
2001-02-24,31.117542266845703
2001-02-25,3.33000111579895
2001-02-26,1.828566551208496
2001-02-27,0.11846082657575607
2001-02-28,0.3508113622665405
2001-03-01,5.988529682159424
2001-03-02,12.681436538696289
2001-03-03,2.615651845932007
2001-03-04,8.852062225341797
2001-03-05,0.0686507448554039
2001-03-06,5.714203834533691
2001-03-07,1.685417890548706
2001-03-08,2.494575023651123
2001-03-09,8.386723518371582
2001-03-10,0.15291035175323486
2001-03-11,1.1756449937820435
2001-03-12,4.451413631439209
2001-03-13,0.3839103579521179
2001-03-14,7.645310401916504
2001-03-15,3.758228302001953
2001-03-16,0.0
2001-03-17,0.0
2001-03-18,0.0
2001-03-19,0.0
2001-03-20,0.0
2001-03-21,17.7404727935791
2001-03-22,0.8730857372283936
2001-03-23,0.36461931467056274
2001-03-24,0.5646774172782898
2001-03-25,0.016478683799505234
2001-03-26,0.0
2001-03-27,0.0
2001-03-28,0.0
2001-03-29,0.0
2001-03-30,0.0
2001-03-31,0.0
2001-04-01,0.16659952700138092
2001-04-02,0.0
2001-04-03,0.0
2001-04-04,0.178636834025383
2001-04-05,14.957005500793457
2001-04-06,0.30776089429855347
2001-04-07,1.7506141662597656
2001-04-08,2.7582759857177734
2001-04-09,28.365903854370117
2001-04-10,0.3700474202632904
2001-04-11,0.22717276215553284
2001-04-12,3.6347641944885254
2001-04-13,0.22717276215553284
2001-04-14,0.22717276215553284
2001-04-15,0.22717276215553284
2001-04-16,0.0
2001-04-17,0.0
2001-04-18,0.0
2001-04-19,0.0
2001-04-20,0.0
2001-04-21,0.0
2001-04-22,0.0
2001-04-23,0.0
2001-04-24,0.0
2001-04-25,0.0
2001-04-26,0.0
2001-04-27,0.0
2001-04-28,0.0
2001-04-29,0.0
2001-04-30,0.0
2001-05-01,0.0
2001-05-02,0.0
2001-05-03,0.0
2001-05-04,0.0
2001-05-05,3.0315120220184326
2001-05-06,8.978381156921387
2001-05-07,0.04382367432117462
2001-05-08,0.0
2001-05-09,0.0
2001-05-10,0.0
2001-05-11,0.0
2001-05-12,0.0
2001-05-13,0.0
2001-05-14,5.8252854347229
2001-05-15,29.749889373779297
2001-05-16,0.0
2001-05-17,0.0
2001-05-18,0.32432159781455994
2001-05-19,2.55775785446167
2001-05-20,0.06311123073101044
2001-05-21,0.0
2001-05-22,0.0
2001-05-23,0.0
2001-05-24,0.0
2001-05-25,0.0
2001-05-26,0.0
2001-05-27,0.0
2001-05-28,0.0
2001-05-29,0.0
2001-05-30,0.0
2001-05-31,0.0
2001-06-01,0.0
2001-06-02,0.0
2001-06-03,0.0
2001-06-04,0.0
2001-06-05,0.0
2001-06-06,0.0
2001-06-07,0.0
2001-06-08,0.0
2001-06-09,0.0
2001-06-10,0.0
2001-06-11,0.0
2001-06-12,0.0
2001-06-13,0.0
2001-06-14,0.0
2001-06-15,0.0
2001-06-16,0.0
2001-06-17,0.0
2001-06-18,0.07234436273574829
2001-06-19,1.6168879270553589
2001-06-20,2.6251220703125
2001-06-21,0.0
2001-06-22,0.0
2001-06-23,0.0
2001-06-24,0.0
2001-06-25,0.0
2001-06-26,0.0
2001-06-27,0.0
2001-06-28,0.0
2001-06-29,0.0
2001-06-30,0.0
2001-07-01,0.0
2001-07-02,0.0
2001-07-03,0.0
2001-07-04,0.0
2001-07-05,0.0
2001-07-06,0.11867398023605347
2001-07-07,0.040659673511981964
2001-07-08,2.7331137657165527
2001-07-09,0.0
2001-07-10,0.0
2001-07-11,0.0
2001-07-12,0.0
2001-07-13,0.0
2001-07-14,0.0
2001-07-15,0.0
2001-07-16,0.0
2001-07-17,0.0
2001-07-18,0.0
2001-07-19,0.0
2001-07-20,0.0
2001-07-21,0.0
2001-07-22,0.0
2001-07-23,0.0
2001-07-24,0.0
2001-07-25,0.0
2001-07-26,0.0
2001-07-27,0.0
2001-07-28,0.0
2001-07-29,0.0
2001-07-30,0.0
2001-07-31,0.0
2001-08-01,0.0
2001-08-02,0.0
2001-08-03,0.0
2001-08-04,0.0
2001-08-05,0.0
2001-08-06,0.0
2001-08-07,0.0
2001-08-08,0.0
2001-08-09,0.0
2001-08-10,0.0
2001-08-11,0.0
2001-08-12,0.0
2001-08-13,0.0
2001-08-14,0.0
2001-08-15,0.0
2001-08-16,0.29007843136787415
2001-08-17,1.476731538772583
2001-08-18,0.0
2001-08-19,1.1597312688827515
2001-08-20,1.3630119562149048
2001-08-21,0.036642033606767654
2001-08-22,2.1877851486206055
2001-08-23,0.01831851899623871
2001-08-24,0.0
2001-08-25,0.0
2001-08-26,0.16813187301158905
2001-08-27,1.0657944679260254
2001-08-28,0.0
2001-08-29,0.0
2001-08-30,0.0
2001-08-31,4.245382308959961
2001-09-01,17.533405303955078
2001-09-02,1.165155291557312
2001-09-03,0.0
2001-09-04,0.0
2001-09-05,0.008441072888672352
2001-09-06,0.03316939249634743
2001-09-07,0.0
2001-09-08,0.0
2001-09-09,9.428009033203125
2001-09-10,0.6791784763336182
2001-09-11,0.7512246966362
2001-09-12,1.7385810613632202
2001-09-13,0.0
2001-09-14,0.0
2001-09-15,0.0
2001-09-16,0.0
2001-09-17,0.0
2001-09-18,0.0
2001-09-19,0.0
2001-09-20,0.0
2001-09-21,0.0
2001-09-22,0.0
2001-09-23,0.0
2001-09-24,0.0
2001-09-25,0.0
2001-09-26,0.0
2001-09-27,0.0
2001-09-28,0.0
2001-09-29,0.0
2001-09-30,0.0
2001-10-01,0.0
2001-10-02,0.0
2001-10-03,0.0
2001-10-04,0.2800707519054413
2001-10-05,20.819744110107422
2001-10-06,8.30756664276123
2001-10-07,1.3673235177993774
2001-10-08,0.0
2001-10-09,0.0
2001-10-10,0.0
2001-10-11,5.41490364074707
2001-10-12,5.159412384033203
2001-10-13,2.3068089485168457
2001-10-14,0.0
2001-10-15,0.0040621645748615265
2001-10-16,0.0
2001-10-17,0.0
2001-10-18,0.0
2001-10-19,0.0
2001-10-20,0.0
2001-10-21,0.0
2001-10-22,0.0
2001-10-23,0.0
2001-10-24,0.0
2001-10-25,0.0
2001-10-26,0.2734847068786621
2001-10-27,0.8798319697380066
2001-10-28,4.977105140686035
2001-10-29,4.474707126617432
2001-10-30,0.0
2001-10-31,0.0
2001-11-01,32.41779708862305
2001-11-02,31.20686149597168
2001-11-03,0.5754165649414062
2001-11-04,0.0
2001-11-05,0.0
2001-11-06,0.14341911673545837
2001-11-07,0.0
2001-11-08,0.02390318550169468
2001-11-09,4.374283313751221
2001-11-10,0.0
2001-11-11,0.0
2001-11-12,0.16082969307899475
2001-11-13,0.05950724333524704
2001-11-14,0.36615297198295593
2001-11-15,0.18427060544490814
2001-11-16,0.0
2001-11-17,0.0
2001-11-18,0.0
2001-11-19,0.0
2001-11-20,0.0
2001-11-21,0.0
2001-11-22,0.0
2001-11-23,0.0
2001-11-24,0.0
2001-11-25,0.0
2001-11-26,0.005052512511610985
2001-11-27,0.023402893915772438
2001-11-28,0.13310636579990387
2001-11-29,0.10902149975299835
2001-11-30,0.21970593929290771
2001-12-01,0.0
2001-12-02,0.0
2001-12-03,0.0
2001-12-04,0.0
2001-12-05,0.0
2001-12-06,0.0
2001-12-07,0.250872403383255
2001-12-08,0.3308809697628021
2001-12-09,22.035215377807617
2001-12-10,2.038994073867798
2001-12-11,0.29623231291770935
2001-12-12,0.9852041602134705
2001-12-13,14.904560089111328
2001-12-14,5.3268866539001465
2001-12-15,1.8955391645431519
2001-12-16,1.2525476217269897
2001-12-17,2.6012179851531982
2001-12-18,0.21512280404567719
2001-12-19,1.569789171218872
2001-12-20,1.1644952297210693
2001-12-21,0.0
2001-12-22,12.853297233581543
2001-12-23,3.3007771968841553
2001-12-24,0.4997159540653229
2001-12-25,0.5385244488716125
2001-12-26,0.021842218935489655
2001-12-27,0.25424301624298096
2001-12-28,0.0
2001-12-29,5.970770359039307
2001-12-30,1.532615303993225
2001-12-31,0.0
2002-01-01,0.0
2002-01-02,0.0
2002-01-03,0.0
2002-01-04,0.0
2002-01-05,0.0
2002-01-06,3.9770936965942383
2002-01-07,0.07506628334522247
2002-01-08,5.8661088943481445
2002-01-09,1.2256975173950195
2002-01-10,0.17496530711650848
2002-01-11,0.0
2002-01-12,0.0
2002-01-13,0.0
2002-01-14,0.0
2002-01-15,0.0
2002-01-16,1.0358363389968872
2002-01-17,0.014856470748782158
2002-01-18,1.4774565696716309
2002-01-19,2.0094833374023438
2002-01-20,3.24985408782959
2002-01-21,0.5311998724937439
2002-01-22,0.0
2002-01-23,2.821093797683716
2002-01-24,11.709190368652344
2002-01-25,4.703835487365723
2002-01-26,5.866998672485352
2002-01-27,12.669143676757812
2002-01-28,1.062719702720642
2002-01-29,1.6925143003463745
2002-01-30,6.90494966506958
2002-01-31,10.578144073486328
2002-02-01,29.644596099853516
2002-02-02,3.6300384998321533
2002-02-03,3.3309755325317383
2002-02-04,0.881364107131958
2002-02-05,4.5352582931518555
2002-02-06,9.559651374816895
2002-02-07,2.076401472091675
2002-02-08,0.0
2002-02-09,1.124827265739441
2002-02-10,6.947021007537842
2002-02-11,31.53069496154785
2002-02-12,5.902557849884033
2002-02-13,5.111235618591309
2002-02-14,13.299885749816895
2002-02-15,9.315199851989746
2002-02-16,32.90363693237305
2002-02-17,1.9179515838623047
2002-02-18,9.15251636505127
2002-02-19,2.188413619995117
2002-02-20,0.17520184814929962
2002-02-21,0.0016176470089703798
2002-02-22,0.059755515307188034
2002-02-23,0.3144854009151459
2002-02-24,0.11765824258327484
2002-02-25,2.6770713329315186
2002-02-26,7.871029376983643
2002-02-27,0.1012001633644104
2002-02-28,1.2953647375106812
2002-03-01,0.3200533390045166
2002-03-02,3.7219412326812744
2002-03-03,3.5672950744628906
2002-03-04,0.0
2002-03-05,0.21875032782554626
2002-03-06,14.506126403808594
2002-03-07,0.0
2002-03-08,1.405102014541626
2002-03-09,2.2421247959136963
2002-03-10,17.22739028930664
2002-03-11,3.680398464202881
2002-03-12,2.3523707389831543
2002-03-13,11.146595001220703
2002-03-14,3.278812885284424
2002-03-15,0.013475192710757256
2002-03-16,12.238947868347168
2002-03-17,2.531444787979126
2002-03-18,14.012874603271484
2002-03-19,4.390158653259277
2002-03-20,9.337520599365234
2002-03-21,0.0
2002-03-22,0.0
2002-03-23,0.0
2002-03-24,0.0
2002-03-25,0.0
2002-03-26,0.0
2002-03-27,0.0
2002-03-28,0.5037620663642883
2002-03-29,1.3905893564224243
2002-03-30,0.5349550843238831
2002-03-31,2.404513359069824
2002-04-01,1.2234454154968262
2002-04-02,0.0
2002-04-03,0.0
2002-04-04,2.832622766494751
2002-04-05,0.8793008327484131
2002-04-06,0.0
2002-04-07,0.0
2002-04-08,3.984776735305786
2002-04-09,14.990165710449219
2002-04-10,0.27249017357826233
2002-04-11,8.130130767822266
2002-04-12,0.8676537871360779
2002-04-13,0.011972913518548012
2002-04-14,0.0
2002-04-15,11.535765647888184
2002-04-16,0.0
2002-04-17,0.015586606226861477
2002-04-18,0.0
2002-04-19,0.0
2002-04-20,2.5977678298950195
2002-04-21,4.930612564086914
2002-04-22,9.667623519897461
2002-04-23,5.88976526260376
2002-04-24,0.43674150109291077
2002-04-25,0.0
2002-04-26,0.0
2002-04-27,0.0
2002-04-28,0.0
2002-04-29,0.0
2002-04-30,0.0
2002-05-01,0.0
2002-05-02,3.6085338592529297
2002-05-03,0.5233125686645508
2002-05-04,18.63704490661621
2002-05-05,0.007663711439818144
2002-05-06,0.0
2002-05-07,0.020571505650877953
2002-05-08,0.4572484791278839
2002-05-09,0.2777153551578522
2002-05-10,1.0959001779556274
2002-05-11,0.0
2002-05-12,0.0
2002-05-13,0.0
2002-05-14,0.0
2002-05-15,0.0
2002-05-16,0.0
2002-05-17,1.199157476425171
2002-05-18,0.89964759349823
2002-05-19,0.0
2002-05-20,0.0
2002-05-21,0.0
2002-05-22,0.0
2002-05-23,0.0
2002-05-24,0.0
2002-05-25,0.0
2002-05-26,0.0
2002-05-27,0.0
2002-05-28,0.0
2002-05-29,0.0
2002-05-30,0.0
2002-05-31,0.0
2002-06-01,0.0
2002-06-02,0.0
2002-06-03,0.0
2002-06-04,0.0
2002-06-05,0.0
2002-06-06,0.0
2002-06-07,0.0
2002-06-08,0.0
2002-06-09,0.0
2002-06-10,0.0
2002-06-11,0.0
2002-06-12,0.0
2002-06-13,0.0
2002-06-14,0.0
2002-06-15,0.0
2002-06-16,0.0
2002-06-17,0.0
2002-06-18,0.0
2002-06-19,0.0
2002-06-20,0.0
2002-06-21,0.0
2002-06-22,0.0
2002-06-23,0.0
2002-06-24,0.0
2002-06-25,0.0
2002-06-26,0.0
2002-06-27,0.0
2002-06-28,0.0
2002-06-29,0.3431437909603119
2002-06-30,4.46659517288208
2002-07-01,1.7400612831115723
2002-07-02,0.754149317741394
2002-07-03,4.058995246887207
2002-07-04,2.1077446937561035
2002-07-05,0.6176897287368774
2002-07-06,0.0
2002-07-07,0.0
2002-07-08,0.0
2002-07-09,0.0
2002-07-10,0.0
2002-07-11,0.0
2002-07-12,0.0
2002-07-13,0.0
2002-07-14,0.0
2002-07-15,0.0
2002-07-16,0.01803858019411564
2002-07-17,0.030475521460175514
2002-07-18,0.031114112585783005
2002-07-19,0.43502724170684814
2002-07-20,0.0
2002-07-21,0.0
2002-07-22,0.0
2002-07-23,0.0
2002-07-24,0.0
2002-07-25,0.0
2002-07-26,0.0
2002-07-27,0.0
2002-07-28,0.03241872042417526
2002-07-29,2.1720542907714844
2002-07-30,0.0
2002-07-31,0.0
2002-08-01,0.01715085469186306
2002-08-02,0.0
2002-08-03,0.0
2002-08-04,0.931341290473938
2002-08-05,9.046524047851562
2002-08-06,0.0
2002-08-07,0.0
2002-08-08,0.0
2002-08-09,0.0
2002-08-10,0.0
2002-08-11,0.0
2002-08-12,0.0
2002-08-13,0.0
2002-08-14,0.0
2002-08-15,0.0
2002-08-16,0.0
2002-08-17,0.0
2002-08-18,0.0
2002-08-19,0.0
2002-08-20,0.0
2002-08-21,0.08775254338979721
2002-08-22,0.026529835537075996
2002-08-23,0.0163260530680418
2002-08-24,0.0163260530680418
2002-08-25,0.0163260530680418
2002-08-26,0.0
2002-08-27,4.241378307342529
2002-08-28,0.0
2002-08-29,0.0
2002-08-30,0.2694193422794342
2002-08-31,0.0
2002-09-01,0.0
2002-09-02,0.0
2002-09-03,0.0
2002-09-04,0.0
2002-09-05,0.0
2002-09-06,0.0
2002-09-07,0.0
2002-09-08,0.0
2002-09-09,0.0
2002-09-10,0.0
2002-09-11,0.0
2002-09-12,0.0
2002-09-13,0.0
2002-09-14,0.0
2002-09-15,0.0
2002-09-16,0.028373099863529205
2002-09-17,0.0
2002-09-18,0.0
2002-09-19,5.2490234375
2002-09-20,0.39722341299057007
2002-09-21,0.0
2002-09-22,0.0
2002-09-23,0.0
2002-09-24,0.0
2002-09-25,0.0
2002-09-26,0.0
2002-09-27,0.0
2002-09-28,0.0
2002-09-29,0.0
2002-09-30,0.0
2002-10-01,0.04515724629163742
2002-10-02,0.13308995962142944
2002-10-03,0.5413117408752441
2002-10-04,0.5286460518836975
2002-10-05,10.272137641906738
2002-10-06,0.31725823879241943
2002-10-07,0.2768407464027405
2002-10-08,0.5950284600257874
2002-10-09,3.726750612258911
2002-10-10,0.3178866505622864
2002-10-11,0.0
2002-10-12,5.192957878112793
2002-10-13,3.4876561164855957
2002-10-14,9.819062232971191
2002-10-15,5.907466411590576
2002-10-16,0.8933513760566711
2002-10-17,3.2623653411865234
2002-10-18,0.0
2002-10-19,0.0
2002-10-20,0.0
2002-10-21,0.002715482609346509
2002-10-22,3.2933430671691895
2002-10-23,2.1628403663635254
2002-10-24,2.2344508171081543
2002-10-25,0.30103135108947754
2002-10-26,2.786425828933716
2002-10-27,3.7035670280456543
2002-10-28,2.825775146484375
2002-10-29,0.0
2002-10-30,0.28201204538345337
2002-10-31,0.8855938911437988
2002-11-01,0.0
2002-11-02,0.0065347906202077866
2002-11-03,0.008985336869955063
2002-11-04,1.036359190940857
2002-11-05,0.6275616884231567
2002-11-06,0.6484084725379944
2002-11-07,0.0
2002-11-08,0.0
2002-11-09,0.03726473078131676
2002-11-10,0.05034056678414345
2002-11-11,0.1993153840303421
2002-11-12,0.0
2002-11-13,0.0
2002-11-14,0.3221934735774994
2002-11-15,10.733705520629883
2002-11-16,16.223466873168945
2002-11-17,0.0
2002-11-18,4.426814556121826
2002-11-19,0.0
2002-11-20,2.473062038421631
2002-11-21,3.0199360847473145
2002-11-22,6.402054786682129
2002-11-23,3.6285674571990967
2002-11-24,5.526627063751221
2002-11-25,2.994309186935425
2002-11-26,8.313602447509766
2002-11-27,9.654618263244629
2002-11-28,0.2158106565475464
2002-11-29,9.634366035461426
2002-11-30,1.580155849456787
2002-12-01,3.2897391319274902
2002-12-02,33.517032623291016
2002-12-03,37.79325485229492
2002-12-04,1.0150865316390991
2002-12-05,10.320459365844727
2002-12-06,4.361147880554199
2002-12-07,0.03366884961724281
2002-12-08,2.9744715690612793
2002-12-09,0.44188493490219116
2002-12-10,0.0
2002-12-11,0.0
2002-12-12,0.0
2002-12-13,0.0
2002-12-14,0.0
2002-12-15,0.0
2002-12-16,1.551574945449829
2002-12-17,0.12920157611370087
2002-12-18,0.006198502611368895
2002-12-19,0.14598017930984497
2002-12-20,15.366974830627441
2002-12-21,0.0
2002-12-22,18.346559524536133
2002-12-23,0.465272456407547
2002-12-24,1.6685396432876587
2002-12-25,0.32419490814208984
2002-12-26,3.3199212551116943
2002-12-27,0.8381683230400085
2002-12-28,9.279576301574707
2002-12-29,0.0
2002-12-30,5.194108486175537
2002-12-31,2.1872081756591797
2003-01-01,14.462879180908203
2003-01-02,1.5439430475234985
2003-01-03,9.077248573303223
2003-01-04,1.4606220722198486
2003-01-05,0.26179614663124084
2003-01-06,4.787301063537598
2003-01-07,0.0
2003-01-08,0.0
2003-01-09,0.0
2003-01-10,6.673511505126953
2003-01-11,11.611006736755371
2003-01-12,5.760233402252197
2003-01-13,1.9740726947784424
2003-01-14,3.0352625846862793
2003-01-15,13.171871185302734
2003-01-16,2.6312856674194336
2003-01-17,6.076833724975586
2003-01-18,14.706903457641602
2003-01-19,1.0646169185638428
2003-01-20,0.1975356489419937
2003-01-21,3.929873466491699
2003-01-22,0.20189465582370758
2003-01-23,7.237247943878174
2003-01-24,0.6839846968650818
2003-01-25,7.952932834625244
2003-01-26,0.0
2003-01-27,0.0
2003-01-28,0.0
2003-01-29,0.0
2003-01-30,0.0
2003-01-31,0.0
2003-02-01,0.0
2003-02-02,0.0
2003-02-03,0.024172604084014893
2003-02-04,1.2540010213851929
2003-02-05,21.560258865356445
2003-02-06,9.236313819885254
2003-02-07,1.426639199256897
2003-02-08,1.6058987379074097
2003-02-09,2.1462812423706055
2003-02-10,2.9853079319000244
2003-02-11,6.732396602630615
2003-02-12,3.560695171356201
2003-02-13,16.95569610595703
2003-02-14,2.7969956398010254
2003-02-15,0.0
2003-02-16,0.2870335876941681
2003-02-17,17.91832733154297
2003-02-18,10.784850120544434
2003-02-19,1.85627019405365
2003-02-20,14.1943941116333
2003-02-21,2.508157968521118
2003-02-22,0.05344488099217415
2003-02-23,0.37571489810943604
2003-02-24,3.797274351119995
2003-02-25,0.8554802536964417
2003-02-26,0.09315057843923569
2003-02-27,1.669722318649292
2003-02-28,3.210960865020752
2003-03-01,8.204721450805664
2003-03-02,14.173786163330078
2003-03-03,0.0
2003-03-04,0.9842928051948547
2003-03-05,11.884793281555176
2003-03-06,15.46426773071289
2003-03-07,0.39656388759613037
2003-03-08,0.7737264633178711
2003-03-09,0.0
2003-03-10,4.089676856994629
2003-03-11,1.5958571434020996
2003-03-12,0.06393101066350937
2003-03-13,0.12282588332891464
2003-03-14,0.33479034900665283
2003-03-15,3.7018096446990967
2003-03-16,4.8531999588012695
2003-03-17,0.2590945065021515
2003-03-18,0.6511166095733643
2003-03-19,0.5426163673400879
2003-03-20,1.732688546180725
2003-03-21,2.97729754447937
2003-03-22,0.344381183385849
2003-03-23,0.0
2003-03-24,2.405923366546631
2003-03-25,0.0
2003-03-26,0.7906435132026672
2003-03-27,0.018461713567376137
2003-03-28,0.04615427926182747
2003-03-29,0.7319295406341553
2003-03-30,6.711084842681885
2003-03-31,1.5095101594924927
2003-04-01,0.0
2003-04-02,0.0
2003-04-03,0.0
2003-04-04,0.0
2003-04-05,0.0
2003-04-06,0.0
2003-04-07,2.5198512077331543
2003-04-08,0.0
2003-04-09,0.0
2003-04-10,1.7236618995666504
2003-04-11,0.0
2003-04-12,0.0
2003-04-13,0.0
2003-04-14,0.0
2003-04-15,0.0
2003-04-16,0.0
2003-04-17,0.0
2003-04-18,0.0
2003-04-19,0.0
2003-04-20,0.0
2003-04-21,0.07475420087575912
2003-04-22,0.0
2003-04-23,0.33830466866493225
2003-04-24,0.07179901003837585
2003-04-25,0.790191650390625
2003-04-26,8.827672958374023
2003-04-27,0.993607223033905
2003-04-28,0.22446905076503754
2003-04-29,0.0017343182116746902
2003-04-30,0.0
2003-05-01,0.0
2003-05-02,0.0
2003-05-03,0.0
2003-05-04,0.0
2003-05-05,0.0
2003-05-06,0.0
2003-05-07,0.0
2003-05-08,0.0
2003-05-09,0.0
2003-05-10,0.0
2003-05-11,0.0
2003-05-12,3.0895602703094482
2003-05-13,2.304875612258911
2003-05-14,0.0
2003-05-15,1.6276980638504028
2003-05-16,0.0
2003-05-17,0.0
2003-05-18,0.0
2003-05-19,0.0
2003-05-20,0.0
2003-05-21,0.0
2003-05-22,0.0
2003-05-23,0.0
2003-05-24,0.0
2003-05-25,0.0
2003-05-26,0.0
2003-05-27,0.0
2003-05-28,0.0
2003-05-29,0.0
2003-05-30,0.0
2003-05-31,0.0
2003-06-01,2.5549700260162354
2003-06-02,0.0
2003-06-03,9.124893188476562
2003-06-04,0.0
2003-06-05,0.0
2003-06-06,0.0
2003-06-07,0.0
2003-06-08,0.0
2003-06-09,0.0
2003-06-10,0.0
2003-06-11,0.0
2003-06-12,0.0
2003-06-13,0.0
2003-06-14,0.0
2003-06-15,0.0
2003-06-16,0.0
2003-06-17,0.0
2003-06-18,0.0
2003-06-19,0.0
2003-06-20,0.0
2003-06-21,0.0
2003-06-22,0.0
2003-06-23,0.0
2003-06-24,0.0
2003-06-25,0.0
2003-06-26,0.0
2003-06-27,0.0
2003-06-28,0.0
2003-06-29,0.0
2003-06-30,0.0
2003-07-01,0.0
2003-07-02,0.0
2003-07-03,0.0
2003-07-04,0.0
2003-07-05,0.0
2003-07-06,0.0
2003-07-07,0.0
2003-07-08,0.0
2003-07-09,0.0
2003-07-10,0.0
2003-07-11,0.0
2003-07-12,0.0
2003-07-13,0.0
2003-07-14,0.0
2003-07-15,0.0
2003-07-16,0.0
2003-07-17,0.0
2003-07-18,0.0
2003-07-19,0.0
2003-07-20,0.0
2003-07-21,0.0
2003-07-22,0.0
2003-07-23,0.0
2003-07-24,0.0
2003-07-25,0.0
2003-07-26,1.6961458921432495
2003-07-27,0.0
2003-07-28,0.5885444283485413
2003-07-29,1.2025549411773682
2003-07-30,0.0
2003-07-31,0.0
2003-08-01,0.0
2003-08-02,0.0
2003-08-03,0.0
2003-08-04,0.0
2003-08-05,0.0
2003-08-06,0.0
2003-08-07,0.0
2003-08-08,0.0
2003-08-09,0.0
2003-08-10,0.0
2003-08-11,0.0
2003-08-12,0.0
2003-08-13,0.0
2003-08-14,0.0
2003-08-15,0.0
2003-08-16,0.0
2003-08-17,0.0
2003-08-18,0.0
2003-08-19,0.0
2003-08-20,0.0
2003-08-21,0.0
2003-08-22,0.0
2003-08-23,0.019697925075888634
2003-08-24,0.09848962724208832
2003-08-25,0.0
2003-08-26,0.0
2003-08-27,0.0
2003-08-28,0.0
2003-08-29,0.0
2003-08-30,0.0
2003-08-31,0.0
2003-09-01,0.7441681027412415
2003-09-02,0.017319390550255775
2003-09-03,0.016307897865772247
2003-09-04,0.0
2003-09-05,1.6267131567001343
2003-09-06,0.0
2003-09-07,0.0
2003-09-08,0.0
2003-09-09,0.0
2003-09-10,0.0
2003-09-11,0.0
2003-09-12,0.07687725126743317
2003-09-13,10.211862564086914
2003-09-14,0.0
2003-09-15,3.2416577339172363
2003-09-16,0.0
2003-09-17,0.0
2003-09-18,0.0
2003-09-19,0.0
2003-09-20,0.0
2003-09-21,5.876843260921305e-06
2003-09-22,0.0
2003-09-23,5.782175867352635e-05
2003-09-24,0.08207552880048752
2003-09-25,0.00213470752350986
2003-09-26,0.0
2003-09-27,0.0
2003-09-28,0.0
2003-09-29,0.0
2003-09-30,0.0
2003-10-01,0.043459415435791016
2003-10-02,1.821212649345398
2003-10-03,0.015704477205872536
2003-10-04,0.07309981435537338
2003-10-05,0.3643592894077301
2003-10-06,0.0
2003-10-07,0.0
2003-10-08,0.0
2003-10-09,0.0
2003-10-10,0.0
2003-10-11,0.0
2003-10-12,0.9772048592567444
2003-10-13,0.0
2003-10-14,0.0
2003-10-15,0.0
2003-10-16,0.0
2003-10-17,0.0
2003-10-18,0.0
2003-10-19,0.0
2003-10-20,0.0
2003-10-21,0.0
2003-10-22,0.0
2003-10-23,0.0
2003-10-24,0.0
2003-10-25,0.0
2003-10-26,0.0
2003-10-27,1.3075263500213623
2003-10-28,9.654054641723633
2003-10-29,1.551791787147522
2003-10-30,0.1905066817998886
2003-10-31,0.05165413022041321
2003-11-01,0.0
2003-11-02,0.0
2003-11-03,0.0
2003-11-04,0.0
2003-11-05,0.0
2003-11-06,0.0
2003-11-07,0.0
2003-11-08,0.0
2003-11-09,0.0
2003-11-10,0.0
2003-11-11,1.8707643747329712
2003-11-12,0.13044008612632751
2003-11-13,3.0310750007629395
2003-11-14,2.00490665435791
2003-11-15,0.05626892298460007
2003-11-16,1.0676401853561401
2003-11-17,0.20323872566223145
2003-11-18,0.9298437833786011
2003-11-19,0.6840126514434814
2003-11-20,0.04600853472948074
2003-11-21,0.0
2003-11-22,0.0
2003-11-23,0.0
2003-11-24,0.0
2003-11-25,0.0
2003-11-26,0.16191285848617554
2003-11-27,14.593128204345703
2003-11-28,0.38374659419059753
2003-11-29,3.4102046489715576
2003-11-30,0.107783742249012
2003-12-01,0.31979110836982727
2003-12-02,0.18581999838352203
2003-12-03,2.8166496753692627
2003-12-04,0.7677947282791138
2003-12-05,5.111269950866699
2003-12-06,3.155508041381836
2003-12-07,2.9227230548858643
2003-12-08,0.35960203409194946
2003-12-09,10.062273025512695
2003-12-10,0.3292703926563263
2003-12-11,0.0
2003-12-12,0.0
2003-12-13,0.0
2003-12-14,0.0
2003-12-15,0.0
2003-12-16,4.799642562866211
2003-12-17,0.0
2003-12-18,0.0067280977964401245
2003-12-19,0.02816666290163994
2003-12-20,20.18052864074707
2003-12-21,8.94437313079834
2003-12-22,19.356813430786133
2003-12-23,4.31102991104126
2003-12-24,0.4168717563152313
2003-12-25,0.6803256869316101
2003-12-26,8.236539840698242
2003-12-27,12.538723945617676
2003-12-28,7.115037441253662
2003-12-29,0.15021465718746185
2003-12-30,3.0957672595977783
2003-12-31,23.841096878051758
2004-01-01,3.230358362197876
2004-01-02,11.167015075683594
2004-01-03,3.095024824142456
2004-01-04,0.6266501545906067
2004-01-05,1.9778252840042114
2004-01-06,3.1458070278167725
2004-01-07,8.17782211303711
2004-01-08,2.688373327255249
2004-01-09,0.3224966526031494
2004-01-10,0.103249691426754
2004-01-11,0.04194950312376022
2004-01-12,1.6240507364273071
2004-01-13,2.636169672012329
2004-01-14,5.404961109161377
2004-01-15,0.9752275347709656
2004-01-16,0.0
2004-01-17,0.0
2004-01-18,0.0
2004-01-19,0.0
2004-01-20,0.0
2004-01-21,0.0
2004-01-22,0.0
2004-01-23,0.0
2004-01-24,0.0
2004-01-25,0.0
2004-01-26,0.0
2004-01-27,0.08904241025447845
2004-01-28,5.364830493927002
2004-01-29,1.042620062828064
2004-01-30,0.6661584377288818
2004-01-31,0.0
2004-02-01,0.03660201653838158
2004-02-02,0.0
2004-02-03,1.0277647972106934
2004-02-04,0.05500171706080437
2004-02-05,2.7529633045196533
2004-02-06,0.0
2004-02-07,0.0
2004-02-08,0.0
2004-02-09,0.0
2004-02-10,0.0
2004-02-11,1.5175608396530151
2004-02-12,4.293970584869385
2004-02-13,16.695838928222656
2004-02-14,2.9996273517608643
2004-02-15,4.566842079162598
2004-02-16,0.9215742349624634
2004-02-17,3.30010724067688
2004-02-18,1.780822515487671
2004-02-19,6.7099785804748535
2004-02-20,0.9920657277107239
2004-02-21,0.005377565044909716
2004-02-22,0.0
2004-02-23,0.0017183319432660937
2004-02-24,4.2591454985085875e-05
2004-02-25,1.687585790932644e-05
2004-02-26,0.021986519917845726
2004-02-27,0.18035590648651123
2004-02-28,1.7000410556793213
2004-02-29,4.5614166259765625
2004-03-01,3.4320859909057617
2004-03-02,0.004416957497596741
2004-03-03,1.908699870109558
2004-03-04,0.06456025689840317
2004-03-05,0.21824409067630768
2004-03-06,0.8896302580833435
2004-03-07,0.15774038434028625
2004-03-08,1.5756562948226929
2004-03-09,0.0
2004-03-10,3.1932897567749023
2004-03-11,10.699407577514648
2004-03-12,1.4298306703567505
2004-03-13,0.09442686289548874
2004-03-14,0.15069743990898132
2004-03-15,6.378281593322754
2004-03-16,7.524031639099121
2004-03-17,1.1833102703094482
2004-03-18,10.033045768737793
2004-03-19,0.0021454363595694304
2004-03-20,0.0
2004-03-21,2.041701555252075
2004-03-22,0.42879197001457214
2004-03-23,3.6197071075439453
2004-03-24,0.0067426664754748344
2004-03-25,1.128199577331543
2004-03-26,0.3804137408733368
2004-03-27,0.4127158522605896
2004-03-28,0.045856498181819916
2004-03-29,2.594865083694458
2004-03-30,2.2412590980529785
2004-03-31,1.037500262260437
2004-04-01,0.11904437094926834
2004-04-02,0.015347183682024479
2004-04-03,0.7454761266708374
2004-04-04,1.6201176643371582
2004-04-05,0.23264265060424805
2004-04-06,0.0
2004-04-07,0.0
2004-04-08,0.0
2004-04-09,0.0
2004-04-10,0.0
2004-04-11,0.0
2004-04-12,0.0
2004-04-13,0.0
2004-04-14,0.0
2004-04-15,0.0
2004-04-16,0.0
2004-04-17,0.0
2004-04-18,0.0
2004-04-19,0.0
2004-04-20,0.0
2004-04-21,0.0
2004-04-22,0.0
2004-04-23,0.0
2004-04-24,0.0
2004-04-25,0.0
2004-04-26,0.5184906125068665
2004-04-27,0.5184906125068665
2004-04-28,0.5184906125068665
2004-04-29,0.5184906125068665
2004-04-30,3.1109437942504883
2004-05-01,0.0
2004-05-02,0.0
2004-05-03,0.0
2004-05-04,0.0
2004-05-05,0.0
2004-05-06,0.0
2004-05-07,0.0
2004-05-08,0.0
2004-05-09,0.0
2004-05-10,0.0
2004-05-11,0.0
2004-05-12,0.0
2004-05-13,0.0
2004-05-14,0.0
2004-05-15,0.0
2004-05-16,0.0
2004-05-17,0.0
2004-05-18,0.0
2004-05-19,0.0
2004-05-20,0.0
2004-05-21,0.0
2004-05-22,0.0
2004-05-23,0.0
2004-05-24,0.0
2004-05-25,0.0
2004-05-26,0.0
2004-05-27,0.0
2004-05-28,0.0
2004-05-29,0.0
2004-05-30,0.0
2004-05-31,0.0
2004-06-01,0.0
2004-06-02,0.0
2004-06-03,0.0
2004-06-04,0.0
2004-06-05,0.0
2004-06-06,0.0
2004-06-07,0.0
2004-06-08,0.0
2004-06-09,0.0
2004-06-10,0.0
2004-06-11,0.0
2004-06-12,0.0
2004-06-13,0.0
2004-06-14,0.0
2004-06-15,0.0
2004-06-16,0.0
2004-06-17,0.0
2004-06-18,0.0
2004-06-19,0.0
2004-06-20,0.0
2004-06-21,0.08504629135131836
2004-06-22,0.08504629135131836
2004-06-23,0.8205314874649048
2004-06-24,0.6252554655075073
2004-06-25,0.08504629135131836
2004-06-26,0.0
2004-06-27,0.0
2004-06-28,0.0
2004-06-29,0.0
2004-06-30,0.0
2004-07-01,1.316321849822998
2004-07-02,0.4496452510356903
2004-07-03,1.1230320930480957
2004-07-04,0.5631800889968872
2004-07-05,3.3336355686187744
2004-07-06,0.0
2004-07-07,0.0
2004-07-08,0.0
2004-07-09,0.0
2004-07-10,0.0
2004-07-11,0.0
2004-07-12,0.0
2004-07-13,0.0
2004-07-14,0.0
2004-07-15,0.0
2004-07-16,0.0
2004-07-17,0.0
2004-07-18,0.0
2004-07-19,0.0
2004-07-20,0.0
2004-07-21,0.0
2004-07-22,0.0
2004-07-23,0.0
2004-07-24,0.0
2004-07-25,0.0
2004-07-26,0.0
2004-07-27,0.0
2004-07-28,0.0
2004-07-29,0.0
2004-07-30,0.0
2004-07-31,0.0
2004-08-01,0.0
2004-08-02,0.0
2004-08-03,0.0
2004-08-04,0.0
2004-08-05,0.0
2004-08-06,0.0
2004-08-07,0.0
2004-08-08,0.04068778455257416
2004-08-09,0.3493883013725281
2004-08-10,3.2652981281280518
2004-08-11,2.812720537185669
2004-08-12,1.214547872543335
2004-08-13,0.553085207939148
2004-08-14,0.0
2004-08-15,0.0
2004-08-16,0.8526216745376587
2004-08-17,0.0
2004-08-18,0.5626672506332397
2004-08-19,0.00964747928082943
2004-08-20,1.721247673034668
2004-08-21,0.37706437706947327
2004-08-22,0.0002677739248611033
2004-08-23,0.48669373989105225
2004-08-24,0.6450704336166382
2004-08-25,0.10290277749300003
2004-08-26,5.778244972229004
2004-08-27,0.0
2004-08-28,0.0
2004-08-29,0.0
2004-08-30,0.0
2004-08-31,0.0
2004-09-01,0.0
2004-09-02,0.0
2004-09-03,0.0
2004-09-04,0.0
2004-09-05,0.0
2004-09-06,0.0
2004-09-07,0.0
2004-09-08,1.0371445417404175
2004-09-09,0.02357146516442299
2004-09-10,3.087862253189087
2004-09-11,0.0
2004-09-12,0.0
2004-09-13,0.0
2004-09-14,0.0
2004-09-15,0.0
2004-09-16,0.0
2004-09-17,0.0
2004-09-18,0.0
2004-09-19,0.0
2004-09-20,0.0
2004-09-21,0.0
2004-09-22,0.0
2004-09-23,1.633545160293579
2004-09-24,0.40727782249450684
2004-09-25,3.661067247390747
2004-09-26,0.0
2004-09-27,0.0
2004-09-28,0.0
2004-09-29,0.0
2004-09-30,0.0
2004-10-01,0.07107480615377426
2004-10-02,0.0006694160401821136
2004-10-03,0.0
2004-10-04,0.0
2004-10-05,5.49779748916626
2004-10-06,0.0
2004-10-07,0.0
2004-10-08,0.0
2004-10-09,0.0
2004-10-10,0.0
2004-10-11,0.0
2004-10-12,0.0
2004-10-13,0.0
2004-10-14,0.0
2004-10-15,0.0
2004-10-16,3.6720967292785645
2004-10-17,0.6160250306129456
2004-10-18,1.110779881477356
2004-10-19,0.6100518107414246
2004-10-20,0.3162606954574585
2004-10-21,0.0
2004-10-22,0.0
2004-10-23,0.0
2004-10-24,0.0
2004-10-25,0.0
2004-10-26,0.0
2004-10-27,0.22034403681755066
2004-10-28,0.2061813771724701
2004-10-29,0.0
2004-10-30,3.2192490100860596
2004-10-31,2.4358179569244385
2004-11-01,0.6834019422531128
2004-11-02,0.17746664583683014
2004-11-03,0.0
2004-11-04,0.9057893753051758
2004-11-05,0.0
2004-11-06,0.17318469285964966
2004-11-07,0.21892049908638
2004-11-08,0.19038550555706024
2004-11-09,0.29899877309799194
2004-11-10,0.0
2004-11-11,0.0
2004-11-12,0.0
2004-11-13,0.5871486663818359
2004-11-14,1.7440831661224365
2004-11-15,0.0
2004-11-16,0.17212778329849243
2004-11-17,15.860701560974121
2004-11-18,0.060810528695583344
2004-11-19,0.0
2004-11-20,0.03358839452266693
2004-11-21,0.0009422721341252327
2004-11-22,0.0
2004-11-23,0.025295134633779526
2004-11-24,0.0
2004-11-25,0.30544236302375793
2004-11-26,0.02068830095231533
2004-11-27,0.0025940153282135725
2004-11-28,0.011332171969115734
2004-11-29,0.031842511147260666
2004-11-30,1.2612969875335693
2004-12-01,6.210704326629639
2004-12-02,3.29019832611084
2004-12-03,0.016784679144620895
2004-12-04,1.4535973072052002
2004-12-05,1.1325945854187012
2004-12-06,0.4690861403942108
2004-12-07,0.027645625174045563
2004-12-08,13.512104988098145
2004-12-09,0.14624683558940887
2004-12-10,0.0
2004-12-11,0.5435090661048889
2004-12-12,6.965103626251221
2004-12-13,4.705294609069824
2004-12-14,2.7353603839874268
2004-12-15,3.8497862815856934
2004-12-16,0.05306852608919144
2004-12-17,1.2263765335083008
2004-12-18,0.04853656515479088
2004-12-19,6.207622528076172
2004-12-20,0.653350830078125
2004-12-21,1.406141996383667
2004-12-22,4.014643669128418
2004-12-23,0.036935895681381226
2004-12-24,0.02092169038951397
2004-12-25,0.06596700847148895
2004-12-26,7.5744171142578125
2004-12-27,2.6824538707733154
2004-12-28,1.3740686178207397
2004-12-29,5.428107261657715
2004-12-30,0.8870946764945984
2004-12-31,1.5836251974105835
2005-01-01,0.13032014667987823
2005-01-02,2.6508710384368896
2005-01-03,0.13232764601707458
2005-01-04,0.0
2005-01-05,0.0
2005-01-06,0.0
2005-01-07,0.0
2005-01-08,0.0
2005-01-09,0.0
2005-01-10,0.0
2005-01-11,0.007321655284613371
2005-01-12,0.0
2005-01-13,0.3689724802970886
2005-01-14,4.543367385864258
2005-01-15,10.382598876953125
2005-01-16,0.003774187993258238
2005-01-17,0.0
2005-01-18,0.0
2005-01-19,3.8084201605670387e-06
2005-01-20,4.565741619444452e-05
2005-01-21,0.0
2005-01-22,5.653400897979736
2005-01-23,12.954946517944336
2005-01-24,3.1827194690704346
2005-01-25,0.11416243016719818
2005-01-26,0.850250244140625
2005-01-27,0.0
2005-01-28,0.18218563497066498
2005-01-29,0.2007979452610016
2005-01-30,0.006168931722640991
2005-01-31,7.298398017883301
2005-02-01,0.0
2005-02-02,0.0
2005-02-03,0.0
2005-02-04,0.0
2005-02-05,0.0
2005-02-06,0.27415749430656433
2005-02-07,8.028432846069336
2005-02-08,2.5320591926574707
2005-02-09,0.46832746267318726
2005-02-10,2.036940336227417
2005-02-11,0.3560490310192108
2005-02-12,0.829616904258728
2005-02-13,14.228615760803223
2005-02-14,5.225050926208496
2005-02-15,2.361835479736328
2005-02-16,0.0
2005-02-17,0.0
2005-02-18,0.0
2005-02-19,0.0
2005-02-20,0.0
2005-02-21,0.41929471492767334
2005-02-22,7.305002212524414
2005-02-23,14.83818244934082
2005-02-24,8.999765396118164
2005-02-25,0.5207210779190063
2005-02-26,0.0
2005-02-27,0.0
2005-02-28,0.0
2005-03-01,0.0
2005-03-02,0.0
2005-03-03,0.0
2005-03-04,0.0
2005-03-05,0.0
2005-03-06,0.0
2005-03-07,0.7997440099716187
2005-03-08,0.7938762903213501
2005-03-09,1.3083423376083374
2005-03-10,0.07811463624238968
2005-03-11,0.1565675139427185
2005-03-12,0.5890646576881409
2005-03-13,1.7564646005630493
2005-03-14,0.766114354133606
2005-03-15,0.3349550664424896
2005-03-16,0.0
2005-03-17,0.0
2005-03-18,0.0
2005-03-19,0.0
2005-03-20,0.0
2005-03-21,0.6839660406112671
2005-03-22,0.893284022808075
2005-03-23,0.04995788633823395
2005-03-24,0.365229994058609
2005-03-25,0.0
2005-03-26,0.06394869089126587
2005-03-27,3.4853832721710205
2005-03-28,0.4121071696281433
2005-03-29,27.10503387451172
2005-03-30,7.061906814575195
2005-03-31,0.18775947391986847
2005-04-01,5.2314653396606445
2005-04-02,9.602832794189453
2005-04-03,0.24733828008174896
2005-04-04,0.0
2005-04-05,0.0
2005-04-06,2.371473550796509
2005-04-07,2.2511143684387207
2005-04-08,3.1174912452697754
2005-04-09,0.7724847197532654
2005-04-10,1.5367226600646973
2005-04-11,0.3166155219078064
2005-04-12,12.780721664428711
2005-04-13,4.046153545379639
2005-04-14,0.0
2005-04-15,0.0
2005-04-16,0.0005400798982009292
2005-04-17,2.899949789047241
2005-04-18,2.5292725563049316
2005-04-19,0.0
2005-04-20,1.0555177927017212
2005-04-21,0.0
2005-04-22,0.3696240484714508
2005-04-23,0.19832365214824677
2005-04-24,5.612306594848633
2005-04-25,3.289083957672119
2005-04-26,0.0
2005-04-27,0.0
2005-04-28,0.0
2005-04-29,0.0
2005-04-30,0.0
2005-05-01,0.0
2005-05-02,0.0
2005-05-03,0.0
2005-05-04,0.0
2005-05-05,0.0
2005-05-06,0.0
2005-05-07,0.0
2005-05-08,0.0
2005-05-09,0.0
2005-05-10,0.0
2005-05-11,0.0
2005-05-12,0.0
2005-05-13,0.0
2005-05-14,0.0
2005-05-15,0.0
2005-05-16,0.0
2005-05-17,0.0
2005-05-18,0.0
2005-05-19,0.0
2005-05-20,0.0
2005-05-21,0.0
2005-05-22,10.79255485534668
2005-05-23,2.778465986251831
2005-05-24,0.0
2005-05-25,0.0
2005-05-26,0.0
2005-05-27,0.0
2005-05-28,0.0
2005-05-29,0.0
2005-05-30,0.0
2005-05-31,0.0
2005-06-01,0.0
2005-06-02,0.0
2005-06-03,0.0
2005-06-04,0.0
2005-06-05,0.0
2005-06-06,0.0
2005-06-07,0.0
2005-06-08,0.0
2005-06-09,0.0
2005-06-10,0.0
2005-06-11,0.0
2005-06-12,0.0
2005-06-13,0.0
2005-06-14,0.0
2005-06-15,0.0
2005-06-16,0.0
2005-06-17,0.0
2005-06-18,0.0
2005-06-19,0.0
2005-06-20,0.0
2005-06-21,0.0
2005-06-22,0.0
2005-06-23,0.0
2005-06-24,0.0
2005-06-25,0.0
2005-06-26,0.0
2005-06-27,0.0
2005-06-28,0.0
2005-06-29,0.0
2005-06-30,0.0
2005-07-01,0.0
2005-07-02,0.0
2005-07-03,0.0
2005-07-04,0.0
2005-07-05,0.0
2005-07-06,0.0
2005-07-07,0.0
2005-07-08,0.0
2005-07-09,0.0
2005-07-10,0.0
2005-07-11,0.0
2005-07-12,0.0
2005-07-13,0.0
2005-07-14,0.0
2005-07-15,0.0
2005-07-16,0.0
2005-07-17,0.0
2005-07-18,0.0
2005-07-19,0.0
2005-07-20,0.0
2005-07-21,0.0
2005-07-22,0.0
2005-07-23,0.0
2005-07-24,0.0
2005-07-25,0.0
2005-07-26,0.0
2005-07-27,0.0
2005-07-28,0.0
2005-07-29,0.0
2005-07-30,0.0
2005-07-31,0.0
2005-08-01,0.0
2005-08-02,0.0
2005-08-03,0.0
2005-08-04,0.0
2005-08-05,0.0
2005-08-06,0.0
2005-08-07,0.0
2005-08-08,0.0
2005-08-09,0.0
2005-08-10,0.0
2005-08-11,0.0
2005-08-12,0.0
2005-08-13,0.0
2005-08-14,0.0
2005-08-15,0.0
2005-08-16,0.0
2005-08-17,0.0
2005-08-18,0.0
2005-08-19,0.0
2005-08-20,0.0
2005-08-21,0.018861673772335052
2005-08-22,0.018861673772335052
2005-08-23,0.018861673772335052
2005-08-24,0.018861673772335052
2005-08-25,0.018861673772335052
2005-08-26,0.0
2005-08-27,0.0
2005-08-28,0.0
2005-08-29,0.0
2005-08-30,0.0
2005-08-31,0.0
2005-09-01,0.0
2005-09-02,0.0
2005-09-03,0.0
2005-09-04,0.0
2005-09-05,0.0
2005-09-06,0.0
2005-09-07,0.0
2005-09-08,0.0
2005-09-09,0.0
2005-09-10,0.0
2005-09-11,0.0
2005-09-12,8.403425216674805
2005-09-13,21.649187088012695
2005-09-14,6.743377685546875
2005-09-15,0.41810640692710876
2005-09-16,0.0
2005-09-17,0.0
2005-09-18,0.0
2005-09-19,0.0
2005-09-20,0.0
2005-09-21,1.7239348888397217
2005-09-22,1.6287599802017212
2005-09-23,0.053297948092222214
2005-09-24,0.11547888815402985
2005-09-25,0.1738528311252594
2005-09-26,0.0
2005-09-27,0.0
2005-09-28,0.0
2005-09-29,0.0
2005-09-30,0.0
2005-10-01,0.39606454968452454
2005-10-02,0.0
2005-10-03,0.0
2005-10-04,0.12701573967933655
2005-10-05,0.0
2005-10-06,0.0
2005-10-07,0.22964347898960114
2005-10-08,6.484712600708008
2005-10-09,2.1838033199310303
2005-10-10,3.326435089111328
2005-10-11,0.0
2005-10-12,0.0
2005-10-13,0.0
2005-10-14,0.0
2005-10-15,0.0
2005-10-16,0.01532567385584116
2005-10-17,2.3310954570770264
2005-10-18,0.4424174726009369
2005-10-19,0.07827859371900558
2005-10-20,0.03454358130693436
2005-10-21,0.0
2005-10-22,0.0
2005-10-23,0.0
2005-10-24,0.0
2005-10-25,0.0
2005-10-26,0.0
2005-10-27,0.0
2005-10-28,0.0
2005-10-29,0.0
2005-10-30,0.0
2005-10-31,0.0
2005-11-01,0.0
2005-11-02,0.0
2005-11-03,0.0
2005-11-04,0.0
2005-11-05,0.0
2005-11-06,0.22726969420909882
2005-11-07,0.0
2005-11-08,1.1368299722671509
2005-11-09,13.39830207824707
2005-11-10,5.375708103179932
2005-11-11,0.995258092880249
2005-11-12,0.0
2005-11-13,0.7713656425476074
2005-11-14,0.24635732173919678
2005-11-15,0.6969493627548218
2005-11-16,0.0
2005-11-17,0.0
2005-11-18,0.0
2005-11-19,0.0
2005-11-20,0.0
2005-11-21,2.690136432647705
2005-11-22,0.44723841547966003
2005-11-23,0.49890372157096863
2005-11-24,8.491796493530273
2005-11-25,0.7236044406890869
2005-11-26,0.0
2005-11-27,0.0
2005-11-28,0.0
2005-11-29,0.0
2005-11-30,0.0
2005-12-01,0.12928961217403412
2005-12-02,6.5308942794799805
2005-12-03,8.404695510864258
2005-12-04,7.504019737243652
2005-12-05,1.4175083637237549
2005-12-06,6.750570774078369
2005-12-07,0.7722724676132202
2005-12-08,0.15044620633125305
2005-12-09,0.08789681643247604
2005-12-10,0.21246179938316345
2005-12-11,0.0
2005-12-12,0.07429450005292892
2005-12-13,4.665194511413574
2005-12-14,6.566714763641357
2005-12-15,0.37660694122314453
2005-12-16,0.2895406484603882
2005-12-17,4.265737533569336
2005-12-18,3.5876874923706055
2005-12-19,16.830665588378906
2005-12-20,0.8426185846328735
2005-12-21,3.316432476043701
2005-12-22,2.6273677349090576
2005-12-23,4.887246131896973
2005-12-24,0.362475723028183
2005-12-25,8.073386192321777
2005-12-26,0.8947944045066833
2005-12-27,0.16975383460521698
2005-12-28,3.4306342601776123
2005-12-29,0.5358142852783203
2005-12-30,2.6052443981170654
2005-12-31,10.561376571655273
2006-01-01,6.506347179412842
2006-01-02,0.3951478898525238
2006-01-03,2.1037845611572266
2006-01-04,2.3509466648101807
2006-01-05,2.002222776412964
2006-01-06,0.0
2006-01-07,0.0
2006-01-08,0.0
2006-01-09,0.0
2006-01-10,0.0
2006-01-11,2.926973581314087
2006-01-12,1.7681602239608765
2006-01-13,8.715806007385254
2006-01-14,4.276998996734619
2006-01-15,6.822031497955322
2006-01-16,7.42844820022583
2006-01-17,3.148837089538574
2006-01-18,25.41297149658203
2006-01-19,2.3370678424835205
2006-01-20,1.9285671710968018
2006-01-21,10.093429565429688
2006-01-22,14.353081703186035
2006-01-23,11.574973106384277
2006-01-24,3.883695602416992
2006-01-25,5.927584648132324
2006-01-26,5.714608669281006
2006-01-27,0.7300888299942017
2006-01-28,0.7301841378211975
2006-01-29,0.478338360786438
2006-01-30,0.33756837248802185
2006-01-31,0.13582772016525269
2006-02-01,0.17414821684360504
2006-02-02,0.0
2006-02-03,0.8221402168273926
2006-02-04,0.8478412628173828
2006-02-05,15.510555267333984
2006-02-06,0.22598831355571747
2006-02-07,2.1897592544555664
2006-02-08,0.701404869556427
2006-02-09,13.524564743041992
2006-02-10,0.47993898391723633
2006-02-11,0.05506611615419388
2006-02-12,5.882201671600342
2006-02-13,1.4937924146652222
2006-02-14,0.005253334064036608
2006-02-15,0.41999658942222595
2006-02-16,0.0
2006-02-17,0.0
2006-02-18,0.0
2006-02-19,0.0
2006-02-20,0.0
2006-02-21,0.0012121372856199741
2006-02-22,4.096454620361328
2006-02-23,2.6899781227111816
2006-02-24,4.8787994384765625
2006-02-25,0.018556561321020126
2006-02-26,0.21844200789928436
2006-02-27,0.21844200789928436
2006-02-28,0.8737680315971375
2006-03-01,1.1168779134750366
2006-03-02,13.598358154296875
2006-03-03,1.9154905080795288
2006-03-04,0.010530943982303143
2006-03-05,0.06608360260725021
2006-03-06,0.0
2006-03-07,0.04194206744432449
2006-03-08,0.0
2006-03-09,1.0439893007278442
2006-03-10,7.225636959075928
2006-03-11,0.0008310612756758928
2006-03-12,5.454995155334473
2006-03-13,0.0
2006-03-14,0.03399126976728439
2006-03-15,0.09158948063850403
2006-03-16,0.0
2006-03-17,0.4401441514492035
2006-03-18,2.5077831745147705
2006-03-19,0.6066516041755676
2006-03-20,0.36945655941963196
2006-03-21,0.05815662443637848
2006-03-22,1.4357852935791016
2006-03-23,5.9391913414001465
2006-03-24,16.548213958740234
2006-03-25,1.871574878692627
2006-03-26,5.097681522369385
2006-03-27,1.500112533569336
2006-03-28,1.437111735343933
2006-03-29,1.1497821807861328
2006-03-30,0.05740027502179146
2006-03-31,1.6842219829559326
2006-04-01,0.4129950702190399
2006-04-02,1.1916738748550415
2006-04-03,2.094555616378784
2006-04-04,4.8087921142578125
2006-04-05,0.0
2006-04-06,0.0
2006-04-07,0.0
2006-04-08,0.0
2006-04-09,0.0
2006-04-10,0.0
2006-04-11,0.0
2006-04-12,0.0
2006-04-13,0.0
2006-04-14,0.0
2006-04-15,0.0
2006-04-16,0.0
2006-04-17,0.0
2006-04-18,0.0
2006-04-19,0.0
2006-04-20,0.0
2006-04-21,0.0
2006-04-22,0.0
2006-04-23,0.0
2006-04-24,0.0
2006-04-25,0.0
2006-04-26,0.0
2006-04-27,0.0
2006-04-28,0.0
2006-04-29,0.0
2006-04-30,0.0
2006-05-01,0.17249473929405212
2006-05-02,0.4279564917087555
2006-05-03,0.48431503772735596
2006-05-04,1.7597085237503052
2006-05-05,0.14970920979976654
2006-05-06,0.0
2006-05-07,0.0
2006-05-08,0.0
2006-05-09,0.0
2006-05-10,0.0
2006-05-11,0.0
2006-05-12,0.0
2006-05-13,0.0
2006-05-14,0.0
2006-05-15,0.0
2006-05-16,0.0
2006-05-17,0.0
2006-05-18,0.0
2006-05-19,0.0
2006-05-20,0.0
2006-05-21,0.0
2006-05-22,0.0
2006-05-23,0.0
2006-05-24,0.0
2006-05-25,0.0
2006-05-26,0.0
2006-05-27,0.0
2006-05-28,0.0
2006-05-29,0.0
2006-05-30,0.0
2006-05-31,0.0
2006-06-01,0.0
2006-06-02,0.0
2006-06-03,0.0
2006-06-04,0.0
2006-06-05,0.0
2006-06-06,0.0
2006-06-07,0.0
2006-06-08,0.0
2006-06-09,0.0
2006-06-10,0.0
2006-06-11,0.0
2006-06-12,0.0
2006-06-13,0.0
2006-06-14,0.0
2006-06-15,0.0
2006-06-16,0.0
2006-06-17,0.0
2006-06-18,0.0
2006-06-19,0.0
2006-06-20,0.0
2006-06-21,0.0
2006-06-22,0.0
2006-06-23,0.0
2006-06-24,0.0
2006-06-25,0.0
2006-06-26,0.0
2006-06-27,0.0
2006-06-28,0.0
2006-06-29,0.0
2006-06-30,0.0
2006-07-01,0.0
2006-07-02,0.0
2006-07-03,0.0
2006-07-04,0.0
2006-07-05,0.0
2006-07-06,0.0
2006-07-07,0.0
2006-07-08,0.0
2006-07-09,0.0
2006-07-10,0.0
2006-07-11,0.0
2006-07-12,0.0
2006-07-13,0.0
2006-07-14,0.0
2006-07-15,0.0
2006-07-16,0.0
2006-07-17,0.0
2006-07-18,0.0
2006-07-19,0.0
2006-07-20,0.0
2006-07-21,0.0
2006-07-22,0.0
2006-07-23,0.0
2006-07-24,0.0
2006-07-25,0.0
2006-07-26,0.0
2006-07-27,0.5132542252540588
2006-07-28,0.37334322929382324
2006-07-29,0.8439690470695496
2006-07-30,0.0
2006-07-31,0.0
2006-08-01,0.0
2006-08-02,0.0
2006-08-03,0.0
2006-08-04,0.0
2006-08-05,0.0
2006-08-06,0.0
2006-08-07,0.0
2006-08-08,0.0
2006-08-09,0.0
2006-08-10,0.0
2006-08-11,0.0
2006-08-12,0.2369493544101715
2006-08-13,1.7313793897628784
2006-08-14,1.7587100267410278
2006-08-15,2.320488691329956
2006-08-16,1.7718055248260498
2006-08-17,0.2953009307384491
2006-08-18,0.6314157843589783
2006-08-19,1.8487728834152222
2006-08-20,1.3587231636047363
2006-08-21,0.016017243266105652
2006-08-22,0.016017243266105652
2006-08-23,0.016017243266105652
2006-08-24,0.016017243266105652
2006-08-25,0.016017243266105652
2006-08-26,0.0
2006-08-27,0.0
2006-08-28,0.0
2006-08-29,0.0
2006-08-30,0.0
2006-08-31,0.0
2006-09-01,0.013068568892776966
2006-09-02,0.013068568892776966
2006-09-03,0.013068568892776966
2006-09-04,0.013068568892776966
2006-09-05,0.013068568892776966
2006-09-06,0.0
2006-09-07,0.15931348502635956
2006-09-08,6.4979472160339355
2006-09-09,4.511297702789307
2006-09-10,0.0
2006-09-11,0.0
2006-09-12,0.0
2006-09-13,0.0
2006-09-14,0.0
2006-09-15,0.0
2006-09-16,0.44460442662239075
2006-09-17,0.0
2006-09-18,0.7804440259933472
2006-09-19,0.3358709216117859
2006-09-20,0.39251381158828735
2006-09-21,0.0
2006-09-22,0.0
2006-09-23,0.0
2006-09-24,0.0
2006-09-25,0.0
2006-09-26,1.5141332149505615
2006-09-27,3.714667320251465
2006-09-28,0.9270224571228027
2006-09-29,10.512558937072754
2006-09-30,0.01909688115119934
2006-10-01,0.0
2006-10-02,1.2034385204315186
2006-10-03,0.02183397486805916
2006-10-04,0.0
2006-10-05,6.2665629386901855
2006-10-06,0.11697547137737274
2006-10-07,0.0
2006-10-08,0.03747443109750748
2006-10-09,0.19719819724559784
2006-10-10,0.00748187443241477
2006-10-11,0.0
2006-10-12,0.0
2006-10-13,0.0
2006-10-14,0.0
2006-10-15,0.0
2006-10-16,0.3831859529018402
2006-10-17,0.2509329319000244
2006-10-18,0.0
2006-10-19,0.0
2006-10-20,0.6770438551902771
2006-10-21,0.2480107694864273
2006-10-22,10.686532020568848
2006-10-23,0.5529837608337402
2006-10-24,0.04503311589360237
2006-10-25,1.7251909971237183
2006-10-26,0.17615960538387299
2006-10-27,0.8422571420669556
2006-10-28,8.379328727722168
2006-10-29,0.03594362363219261
2006-10-30,0.46527546644210815
2006-10-31,2.6693239212036133
2006-11-01,0.0
2006-11-02,0.006205686368048191
2006-11-03,0.5865644216537476
2006-11-04,14.420862197875977
2006-11-05,2.3176069259643555
2006-11-06,0.3492199778556824
2006-11-07,0.12129897624254227
2006-11-08,3.86427903175354
2006-11-09,10.527649879455566
2006-11-10,0.0
2006-11-11,0.0
2006-11-12,0.0
2006-11-13,0.0
2006-11-14,0.0
2006-11-15,0.0
2006-11-16,3.2715768814086914
2006-11-17,16.19784164428711
2006-11-18,3.9774675369262695
2006-11-19,2.422926425933838
2006-11-20,0.5128895044326782
2006-11-21,0.8166007399559021
2006-11-22,2.8072056770324707
2006-11-23,5.531163215637207
2006-11-24,0.3338034451007843
2006-11-25,0.09394301474094391
2006-11-26,1.7292309999465942
2006-11-27,1.7623896598815918
2006-11-28,3.349804401397705
2006-11-29,4.450949668884277
2006-11-30,0.22383441030979156
2006-12-01,0.21247199177742004
2006-12-02,1.8573068380355835
2006-12-03,1.1278058290481567
2006-12-04,5.274199962615967
2006-12-05,1.6445447206497192
2006-12-06,0.2707960903644562
2006-12-07,4.976900577545166
2006-12-08,0.3289521038532257
2006-12-09,1.1777098178863525
2006-12-10,0.08862833678722382
2006-12-11,1.0958688259124756
2006-12-12,0.06516876816749573
2006-12-13,0.09158292412757874
2006-12-14,2.368816614151001
2006-12-15,0.8966608047485352
2006-12-16,0.010916340164840221
2006-12-17,0.41031602025032043
2006-12-18,13.287710189819336
2006-12-19,1.9213114976882935
2006-12-20,6.622133731842041
2006-12-21,9.331676483154297
2006-12-22,0.2833489179611206
2006-12-23,0.16872629523277283
2006-12-24,1.2230277061462402
2006-12-25,0.48309388756752014
2006-12-26,0.3708092272281647
2006-12-27,0.0
2006-12-28,0.02796909585595131
2006-12-29,2.1899166107177734
2006-12-30,2.597066879272461
2006-12-31,0.010681280866265297
2007-01-01,0.7602531313896179
2007-01-02,6.163366317749023
2007-01-03,2.7514755725860596
2007-01-04,2.769740343093872
2007-01-05,4.5590434074401855
2007-01-06,3.844175100326538
2007-01-07,9.821443557739258
2007-01-08,0.9887501001358032
2007-01-09,0.25446516275405884
2007-01-10,1.1527765989303589
2007-01-11,8.718318939208984
2007-01-12,4.740828990936279
2007-01-13,0.035130515694618225
2007-01-14,5.067115783691406
2007-01-15,22.80478858947754
2007-01-16,12.368880271911621
2007-01-17,0.0766262337565422
2007-01-18,2.5585310459136963
2007-01-19,1.5933221578598022
2007-01-20,0.18005850911140442
2007-01-21,0.06275199353694916
2007-01-22,1.2687389850616455
2007-01-23,1.192085862159729
2007-01-24,0.34589672088623047
2007-01-25,0.0
2007-01-26,0.0
2007-01-27,0.6597145795822144
2007-01-28,0.04610932618379593
2007-01-29,0.0
2007-01-30,0.15413989126682281
2007-01-31,0.013870383612811565
2007-02-01,0.0
2007-02-02,1.6759045124053955
2007-02-03,0.04137866944074631
2007-02-04,0.0
2007-02-05,1.5684318542480469
2007-02-06,0.45237332582473755
2007-02-07,3.4481770992279053
2007-02-08,0.03015822358429432
2007-02-09,0.04052300751209259
2007-02-10,0.4060186445713043
2007-02-11,0.5656036734580994
2007-02-12,2.4669477939605713
2007-02-13,1.1911916732788086
2007-02-14,14.449369430541992
2007-02-15,0.4626518487930298
2007-02-16,5.919121742248535
2007-02-17,1.0008926391601562
2007-02-18,0.5637072920799255
2007-02-19,0.3060981333255768
2007-02-20,0.0
2007-02-21,0.0
2007-02-22,0.0
2007-02-23,0.0
2007-02-24,0.0
2007-02-25,0.0
2007-02-26,0.0
2007-02-27,1.1473944187164307
2007-02-28,5.397531986236572
2007-03-01,0.0
2007-03-02,2.801403045654297
2007-03-03,2.2236340045928955
2007-03-04,0.06733492761850357
2007-03-05,11.822583198547363
2007-03-06,0.5529230833053589
2007-03-07,0.005677932873368263
2007-03-08,2.647686243057251
2007-03-09,14.163370132446289
2007-03-10,14.271442413330078
2007-03-11,2.841148614883423
2007-03-12,3.1387529373168945
2007-03-13,2.3829355239868164
2007-03-14,7.6348042488098145
2007-03-15,2.944873332977295
2007-03-16,1.5920052528381348
2007-03-17,9.57140064239502
2007-03-18,1.4775081872940063
2007-03-19,0.0
2007-03-20,0.20020465552806854
2007-03-21,0.0
2007-03-22,0.0
2007-03-23,0.0
2007-03-24,0.0
2007-03-25,3.504747152328491
2007-03-26,6.338902950286865
2007-03-27,0.32160452008247375
2007-03-28,0.7404895424842834
2007-03-29,9.129945755004883
2007-03-30,3.9607973098754883
2007-03-31,0.41082999110221863
2007-04-01,0.07611683756113052
2007-04-02,3.976341962814331
2007-04-03,9.483471870422363
2007-04-04,0.09667616337537766
2007-04-05,0.8237026929855347
2007-04-06,0.0
2007-04-07,0.0
2007-04-08,0.0
2007-04-09,0.0
2007-04-10,0.0
2007-04-11,0.6038849949836731
2007-04-12,7.078945159912109
2007-04-13,9.581372261047363
2007-04-14,0.0
2007-04-15,1.758702278137207
2007-04-16,0.0
2007-04-17,0.0
2007-04-18,0.0
2007-04-19,0.0
2007-04-20,0.0
2007-04-21,0.0
2007-04-22,0.0
2007-04-23,0.0
2007-04-24,0.0
2007-04-25,0.0
2007-04-26,0.0
2007-04-27,0.0
2007-04-28,0.0
2007-04-29,0.0
2007-04-30,0.0
2007-05-01,0.0
2007-05-02,0.0
2007-05-03,0.0
2007-05-04,0.0
2007-05-05,0.0
2007-05-06,1.071771502494812
2007-05-07,24.58783531188965
2007-05-08,0.0
2007-05-09,0.0
2007-05-10,0.6043851971626282
2007-05-11,0.0
2007-05-12,0.0
2007-05-13,0.0
2007-05-14,0.0
2007-05-15,0.0
2007-05-16,0.0
2007-05-17,0.0
2007-05-18,0.0
2007-05-19,0.0
2007-05-20,0.0
2007-05-21,0.02511885203421116
2007-05-22,0.02511885203421116
2007-05-23,0.40190163254737854
2007-05-24,0.02511885203421116
2007-05-25,0.02511885203421116
2007-05-26,0.44245004653930664
2007-05-27,0.44245004653930664
2007-05-28,0.44245004653930664
2007-05-29,0.44245004653930664
2007-05-30,0.44245004653930664
2007-05-31,0.44245004653930664
2007-06-01,1.9237158298492432
2007-06-02,1.9237158298492432
2007-06-03,1.9237158298492432
2007-06-04,1.9237158298492432
2007-06-05,1.9237158298492432
2007-06-06,0.48888030648231506
2007-06-07,0.08148004859685898
2007-06-08,0.48888030648231506
2007-06-09,0.08148004859685898
2007-06-10,0.48888030648231506
2007-06-11,2.338447093963623
2007-06-12,0.3897411823272705
2007-06-13,0.3897411823272705
2007-06-14,0.3897411823272705
2007-06-15,0.3897411823272705
2007-06-16,0.0
2007-06-17,0.0
2007-06-18,0.0
2007-06-19,0.0
2007-06-20,0.5414566993713379
2007-06-21,0.20634080469608307
2007-06-22,0.08966154605150223
2007-06-23,0.0
2007-06-24,0.41435641050338745
2007-06-25,0.35229647159576416
2007-06-26,0.30839768052101135
2007-06-27,0.30839768052101135
2007-06-28,0.30839768052101135
2007-06-29,0.30839768052101135
2007-06-30,0.30839768052101135
2007-07-01,0.0
2007-07-02,0.0
2007-07-03,0.0
2007-07-04,0.0
2007-07-05,0.0
2007-07-06,0.30439630150794983
2007-07-07,2.4835972785949707
2007-07-08,0.48887887597084045
2007-07-09,0.30439630150794983
2007-07-10,2.506657600402832
2007-07-11,0.008502023294568062
2007-07-12,0.02267206273972988
2007-07-13,0.008502023294568062
2007-07-14,0.008502023294568062
2007-07-15,0.008502023294568062
2007-07-16,0.018102191388607025
2007-07-17,0.018102191388607025
2007-07-18,0.018102191388607025
2007-07-19,0.018102191388607025
2007-07-20,0.018102191388607025
2007-07-21,0.0
2007-07-22,0.0
2007-07-23,0.0
2007-07-24,0.0
2007-07-25,0.0
2007-07-26,0.0
2007-07-27,0.0
2007-07-28,0.0
2007-07-29,0.0
2007-07-30,0.0
2007-07-31,0.0
2007-08-01,2.480494499206543
2007-08-02,0.607764720916748
2007-08-03,0.19333195686340332
2007-08-04,0.19333195686340332
2007-08-05,0.3917161822319031
2007-08-06,0.5115669965744019
2007-08-07,0.31481048464775085
2007-08-08,0.673401415348053
2007-08-09,4.481619834899902
2007-08-10,0.31481048464775085
2007-08-11,0.0
2007-08-12,0.0
2007-08-13,1.5345839262008667
2007-08-14,1.208040714263916
2007-08-15,0.6016610860824585
2007-08-16,0.0
2007-08-17,0.0
2007-08-18,0.0
2007-08-19,0.0
2007-08-20,0.0
2007-08-21,0.008054153062403202
2007-08-22,0.008054153062403202
2007-08-23,0.008054153062403202
2007-08-24,0.04738526791334152
2007-08-25,0.008993803523480892
2007-08-26,0.0
2007-08-27,0.4292600750923157
2007-08-28,0.023840542882680893
2007-08-29,0.0
2007-08-30,0.0
2007-08-31,1.501823902130127
2007-09-01,0.0
2007-09-02,0.0
2007-09-03,0.0
2007-09-04,0.0
2007-09-05,0.0
2007-09-06,0.0
2007-09-07,0.0
2007-09-08,0.0
2007-09-09,0.0
2007-09-10,0.0
2007-09-11,0.9773091077804565
2007-09-12,4.072171211242676
2007-09-13,1.522497534751892
2007-09-14,0.10590928047895432
2007-09-15,0.1933612823486328
2007-09-16,0.4627220034599304
2007-09-17,1.686740756034851
2007-09-18,0.0
2007-09-19,0.11905233561992645
2007-09-20,0.0
2007-09-21,0.0
2007-09-22,1.370260238647461
2007-09-23,0.0
2007-09-24,6.277359962463379
2007-09-25,0.5759668350219727
2007-09-26,1.370436191558838
2007-09-27,0.15243905782699585
2007-09-28,0.22009272873401642
2007-09-29,1.6658425331115723
2007-09-30,3.3626925945281982
2007-10-01,0.20534902811050415
2007-10-02,4.25224494934082
2007-10-03,0.4045132100582123
2007-10-04,0.29626086354255676
2007-10-05,1.82752525806427
2007-10-06,0.26992055773735046
2007-10-07,4.540135860443115
2007-10-08,0.4882342219352722
2007-10-09,0.33740073442459106
2007-10-10,0.6399626731872559
2007-10-11,0.0
2007-10-12,0.0
2007-10-13,2.0468151569366455
2007-10-14,0.39812853932380676
2007-10-15,0.05729668587446213
2007-10-16,11.34682846069336
2007-10-17,8.8180513381958
2007-10-18,1.363674521446228
2007-10-19,0.3480195105075836
2007-10-20,0.12185706943273544
2007-10-21,2.6789305210113525
2007-10-22,0.7685220837593079
2007-10-23,0.6937636137008667
2007-10-24,0.0
2007-10-25,0.10481268912553787
2007-10-26,0.0
2007-10-27,0.0
2007-10-28,0.7840884923934937
2007-10-29,6.020530700683594
2007-10-30,11.797904014587402
2007-10-31,0.0031556442845612764
2007-11-01,0.0
2007-11-02,0.0
2007-11-03,0.0
2007-11-04,0.0
2007-11-05,0.0
2007-11-06,0.0
2007-11-07,0.0
2007-11-08,0.0
2007-11-09,0.0
2007-11-10,0.0
2007-11-11,0.9909343123435974
2007-11-12,0.1678822934627533
2007-11-13,0.6433058381080627
2007-11-14,8.457789421081543
2007-11-15,2.0042357444763184
2007-11-16,0.24133042991161346
2007-11-17,0.4307250678539276
2007-11-18,9.543571472167969
2007-11-19,1.6523089408874512
2007-11-20,3.894582509994507
2007-11-21,1.475325345993042
2007-11-22,3.641850233078003
2007-11-23,1.9430036544799805
2007-11-24,0.06539684534072876
2007-11-25,0.0028651286847889423
2007-11-26,0.01716039516031742
2007-11-27,0.9733956456184387
2007-11-28,6.1464972496032715
2007-11-29,2.093372344970703
2007-11-30,5.072763919830322
2007-12-01,6.517066955566406
2007-12-02,2.1561357975006104
2007-12-03,0.4393487870693207
2007-12-04,2.6544253826141357
2007-12-05,10.723592758178711
2007-12-06,0.059533245861530304
2007-12-07,0.8107860684394836
2007-12-08,1.1125341653823853
2007-12-09,5.97078800201416
2007-12-10,0.0
2007-12-11,0.08011838793754578
2007-12-12,0.1193544790148735
2007-12-13,0.03792472928762436
2007-12-14,0.11203715205192566
2007-12-15,3.780539035797119
2007-12-16,7.882788181304932
2007-12-17,8.895674705505371
2007-12-18,0.9894718527793884
2007-12-19,0.045959655195474625
2007-12-20,0.2880818545818329
2007-12-21,4.214150428771973
2007-12-22,0.9908441305160522
2007-12-23,2.630958080291748
2007-12-24,2.1030049324035645
2007-12-25,5.644646644592285
2007-12-26,0.8202851414680481
2007-12-27,0.0
2007-12-28,0.008670290932059288
2007-12-29,0.2526302635669708
2007-12-30,11.068830490112305
2007-12-31,0.7483100295066833
2008-01-01,0.4709482491016388
2008-01-02,6.169904708862305
2008-01-03,2.158095121383667
2008-01-04,2.9306604862213135
2008-01-05,4.123660564422607
2008-01-06,3.679562568664551
2008-01-07,0.0
2008-01-08,5.903934955596924
2008-01-09,0.8308249711990356
2008-01-10,0.4628751575946808
2008-01-11,0.9758878350257874
2008-01-12,1.273544192314148
2008-01-13,0.7027483582496643
2008-01-14,0.02271186001598835
2008-01-15,2.475954055786133
2008-01-16,0.0642305240035057
2008-01-17,0.928536593914032
2008-01-18,6.141833782196045
2008-01-19,4.42423677444458
2008-01-20,8.706470489501953
2008-01-21,3.17025089263916
2008-01-22,14.746309280395508
2008-01-23,3.484957695007324
2008-01-24,13.150407791137695
2008-01-25,14.950576782226562
2008-01-26,5.213130950927734
2008-01-27,5.8411478996276855
2008-01-28,0.11337467283010483
2008-01-29,4.530857086181641
2008-01-30,1.3353453874588013
2008-01-31,4.501560688018799
2008-02-01,0.0
2008-02-02,0.0
2008-02-03,0.0
2008-02-04,0.0
2008-02-05,0.0
2008-02-06,0.7205246686935425
2008-02-07,0.21968896687030792
2008-02-08,3.309598207473755
2008-02-09,0.2929186522960663
2008-02-10,5.025945663452148
2008-02-11,3.2094368934631348
2008-02-12,0.1297176033258438
2008-02-13,0.6618924140930176
2008-02-14,0.0
2008-02-15,3.116790533065796
2008-02-16,6.201227188110352
2008-02-17,0.6299518942832947
2008-02-18,0.4660099148750305
2008-02-19,1.1373859643936157
2008-02-20,3.503502607345581
2008-02-21,9.780684471130371
2008-02-22,0.06593094021081924
2008-02-23,10.825013160705566
2008-02-24,0.9806680083274841
2008-02-25,0.0031257825903594494
2008-02-26,10.71491813659668
2008-02-27,13.428953170776367
2008-02-28,0.22742047905921936
2008-02-29,0.007371093612164259
2008-03-01,0.0
2008-03-02,0.0
2008-03-03,0.0
2008-03-04,0.0
2008-03-05,0.0
2008-03-06,0.31455591320991516
2008-03-07,2.2525811195373535
2008-03-08,7.201838970184326
2008-03-09,12.915155410766602
2008-03-10,7.910316467285156
2008-03-11,0.0
2008-03-12,0.0
2008-03-13,0.0
2008-03-14,0.0
2008-03-15,0.0
2008-03-16,0.0
2008-03-17,0.0
2008-03-18,0.0
2008-03-19,0.10670296847820282
2008-03-20,3.2994225025177
2008-03-21,6.352108001708984
2008-03-22,3.08028244972229
2008-03-23,0.029103515669703484
2008-03-24,0.19957612454891205
2008-03-25,0.01735459268093109
2008-03-26,0.0
2008-03-27,0.5478783845901489
2008-03-28,5.390413284301758
2008-03-29,0.2434370368719101
2008-03-30,3.8878424167633057
2008-03-31,6.367329120635986
2008-04-01,0.0
2008-04-02,0.0
2008-04-03,0.0
2008-04-04,0.0
2008-04-05,0.0
2008-04-06,0.0
2008-04-07,0.0
2008-04-08,0.0
2008-04-09,0.0
2008-04-10,0.0
2008-04-11,0.0
2008-04-12,0.0
2008-04-13,0.0
2008-04-14,0.0
2008-04-15,0.0
2008-04-16,0.0
2008-04-17,0.0
2008-04-18,0.0
2008-04-19,0.0
2008-04-20,0.0
2008-04-21,0.0
2008-04-22,0.0
2008-04-23,0.0
2008-04-24,0.0
2008-04-25,0.0
2008-04-26,0.0
2008-04-27,0.0
2008-04-28,0.0
2008-04-29,0.0
2008-04-30,0.0
2008-05-01,0.0
2008-05-02,0.0
2008-05-03,0.0
2008-05-04,0.0
2008-05-05,0.0
2008-05-06,0.0
2008-05-07,0.0
2008-05-08,0.0
2008-05-09,0.0
2008-05-10,0.0
2008-05-11,3.5347554683685303
2008-05-12,2.412827491760254
2008-05-13,0.3257371187210083
2008-05-14,0.0
2008-05-15,1.3117011785507202
2008-05-16,0.0
2008-05-17,0.0
2008-05-18,0.0
2008-05-19,0.0
2008-05-20,0.0
2008-05-21,0.0
2008-05-22,0.0
2008-05-23,0.0
2008-05-24,0.0
2008-05-25,0.0
2008-05-26,0.0
2008-05-27,0.0
2008-05-28,0.0
2008-05-29,0.0
2008-05-30,0.0
2008-05-31,0.0
2008-06-01,0.0
2008-06-02,0.0
2008-06-03,0.0
2008-06-04,0.0
2008-06-05,0.0
2008-06-06,0.0
2008-06-07,0.0
2008-06-08,0.0
2008-06-09,0.0
2008-06-10,0.0
2008-06-11,0.0
2008-06-12,0.0
2008-06-13,0.0
2008-06-14,0.0
2008-06-15,0.0
2008-06-16,0.0
2008-06-17,0.0
2008-06-18,0.6733061671257019
2008-06-19,0.0
2008-06-20,0.0
2008-06-21,0.0
2008-06-22,0.0
2008-06-23,0.0
2008-06-24,0.0
2008-06-25,0.0
2008-06-26,0.0
2008-06-27,0.0
2008-06-28,0.0
2008-06-29,0.0
2008-06-30,0.0
2008-07-01,0.0
2008-07-02,0.0
2008-07-03,0.0
2008-07-04,0.0
2008-07-05,0.0
2008-07-06,0.0
2008-07-07,0.0
2008-07-08,0.0
2008-07-09,0.0
2008-07-10,0.0
2008-07-11,0.0
2008-07-12,0.0
2008-07-13,0.0
2008-07-14,0.0
2008-07-15,0.0
2008-07-16,0.0
2008-07-17,0.0
2008-07-18,0.0
2008-07-19,0.0
2008-07-20,0.0
2008-07-21,0.0
2008-07-22,0.0
2008-07-23,0.0
2008-07-24,0.0
2008-07-25,0.0
2008-07-26,0.0
2008-07-27,0.0
2008-07-28,0.0
2008-07-29,0.0
2008-07-30,0.0
2008-07-31,0.0
2008-08-01,0.0
2008-08-02,0.0
2008-08-03,0.0
2008-08-04,0.0
2008-08-05,0.0
2008-08-06,0.0
2008-08-07,0.0
2008-08-08,0.0
2008-08-09,0.0
2008-08-10,0.0
2008-08-11,0.0
2008-08-12,0.0
2008-08-13,0.0
2008-08-14,0.0
2008-08-15,0.0
2008-08-16,0.0
2008-08-17,0.0
2008-08-18,0.0
2008-08-19,0.0
2008-08-20,0.0
2008-08-21,0.0
2008-08-22,0.0
2008-08-23,0.0
2008-08-24,0.03474680706858635
2008-08-25,0.05090419203042984
2008-08-26,0.0
2008-08-27,0.0
2008-08-28,0.0
2008-08-29,0.0
2008-08-30,0.0
2008-08-31,0.0
2008-09-01,0.0
2008-09-02,0.0
2008-09-03,0.0
2008-09-04,0.0
2008-09-05,0.0
2008-09-06,0.0382167212665081
2008-09-07,0.0382167212665081
2008-09-08,0.0382167212665081
2008-09-09,0.0382167212665081
2008-09-10,0.6114675402641296
2008-09-11,0.0
2008-09-12,0.0
2008-09-13,0.0
2008-09-14,0.0
2008-09-15,0.0
2008-09-16,0.0
2008-09-17,0.0
2008-09-18,0.0
2008-09-19,0.0
2008-09-20,0.0
2008-09-21,0.0
2008-09-22,0.0
2008-09-23,0.0
2008-09-24,0.0
2008-09-25,0.0
2008-09-26,0.3482866585254669
2008-09-27,0.22574394941329956
2008-09-28,0.0
2008-09-29,0.05396939441561699
2008-09-30,5.470540523529053
2008-10-01,0.0020329055842012167
2008-10-02,0.002865682588890195
2008-10-03,0.0
2008-10-04,0.11529229581356049
2008-10-05,3.797895908355713
2008-10-06,0.0
2008-10-07,0.0
2008-10-08,0.0
2008-10-09,0.0
2008-10-10,0.0
2008-10-11,0.0
2008-10-12,0.0
2008-10-13,0.0
2008-10-14,0.0
2008-10-15,0.0
2008-10-16,0.0
2008-10-17,0.0
2008-10-18,0.0
2008-10-19,0.0
2008-10-20,0.0
2008-10-21,0.0
2008-10-22,0.4242919385433197
2008-10-23,2.0423409938812256
2008-10-24,1.7411043643951416
2008-10-25,10.1629638671875
2008-10-26,0.0
2008-10-27,0.032833635807037354
2008-10-28,0.0
2008-10-29,11.80199146270752
2008-10-30,4.595118522644043
2008-10-31,0.30919787287712097
2008-11-01,0.10419148206710815
2008-11-02,0.17508316040039062
2008-11-03,0.7382364869117737
2008-11-04,0.9775330424308777
2008-11-05,0.5298915505409241
2008-11-06,0.02226826176047325
2008-11-07,0.0
2008-11-08,1.7944029569625854
2008-11-09,10.401702880859375
2008-11-10,0.6378363966941833
2008-11-11,0.0
2008-11-12,0.0
2008-11-13,0.0
2008-11-14,0.0
2008-11-15,0.0
2008-11-16,0.0
2008-11-17,0.0
2008-11-18,0.0
2008-11-19,0.0
2008-11-20,0.0
2008-11-21,0.043910905718803406
2008-11-22,0.5724929571151733
2008-11-23,0.29073819518089294
2008-11-24,1.3060613870620728
2008-11-25,0.5296758413314819
2008-11-26,7.512097358703613
2008-11-27,0.6026132106781006
2008-11-28,4.125538349151611
2008-11-29,0.5131186842918396
2008-11-30,0.09793513268232346
2008-12-01,0.0
2008-12-02,0.0
2008-12-03,0.0
2008-12-04,0.0
2008-12-05,0.0
2008-12-06,0.18316888809204102
2008-12-07,0.4463278353214264
2008-12-08,2.4075257778167725
2008-12-09,0.0
2008-12-10,10.970020294189453
2008-12-11,5.40130615234375
2008-12-12,0.9901326894760132
2008-12-13,0.8250729441642761
2008-12-14,0.018703298643231392
2008-12-15,1.1664904356002808
2008-12-16,1.4872738122940063
2008-12-17,0.10818354040384293
2008-12-18,1.131042242050171
2008-12-19,1.844395399093628
2008-12-20,2.717695713043213
2008-12-21,8.946557998657227
2008-12-22,0.4631809592247009
2008-12-23,3.335129976272583
2008-12-24,14.447928428649902
2008-12-25,12.038208961486816
2008-12-26,0.8630808591842651
2008-12-27,0.059707146137952805
2008-12-28,8.039484977722168
2008-12-29,2.9592909812927246
2008-12-30,1.3579537868499756
2008-12-31,0.15377092361450195
2009-01-01,1.9327927827835083
2009-01-02,8.904472351074219
2009-01-03,0.5512545704841614
2009-01-04,0.15372805297374725
2009-01-05,0.01950802281498909
2009-01-06,0.11266552656888962
2009-01-07,0.7143043875694275
2009-01-08,0.017005860805511475
2009-01-09,0.14924907684326172
2009-01-10,0.07728784531354904
2009-01-11,0.24789303541183472
2009-01-12,6.744334697723389
2009-01-13,7.59366512298584
2009-01-14,8.481954574584961
2009-01-15,6.482807636260986
2009-01-16,5.267331123352051
2009-01-17,6.81061315536499
2009-01-18,7.867074966430664
2009-01-19,4.350952625274658
2009-01-20,0.0
2009-01-21,0.0
2009-01-22,0.0
2009-01-23,0.0
2009-01-24,0.0
2009-01-25,0.0
2009-01-26,0.0
2009-01-27,0.0
2009-01-28,0.0
2009-01-29,0.0
2009-01-30,0.0
2009-01-31,0.0
2009-02-01,1.1199287176132202
2009-02-02,0.7292518019676208
2009-02-03,1.8812003135681152
2009-02-04,0.0
2009-02-05,0.2938391864299774
2009-02-06,9.691803932189941
2009-02-07,2.6482460498809814
2009-02-08,3.7140092849731445
2009-02-09,5.8511152267456055
2009-02-10,0.7369177341461182
2009-02-11,0.317422479391098
2009-02-12,0.09848219901323318
2009-02-13,0.8357207775115967
2009-02-14,5.027153491973877
2009-02-15,0.01446723286062479
2009-02-16,0.21927528083324432
2009-02-17,0.0854850709438324
2009-02-18,0.06283831596374512
2009-02-19,5.18244743347168
2009-02-20,8.200672149658203
2009-02-21,1.3313602209091187
2009-02-22,6.245997428894043
2009-02-23,10.217290878295898
2009-02-24,6.172336101531982
2009-02-25,0.1779918074607849
2009-02-26,5.902254104614258
2009-02-27,6.914986610412598
2009-02-28,0.5252304673194885
2009-03-01,0.885781466960907
2009-03-02,4.773506164550781
2009-03-03,9.903274536132812
2009-03-04,19.702739715576172
2009-03-05,24.24698257446289
2009-03-06,0.5389346480369568
2009-03-07,7.033151149749756
2009-03-08,0.23645253479480743
2009-03-09,0.06643446534872055
2009-03-10,4.12185525894165
2009-03-11,0.0
2009-03-12,0.0
2009-03-13,0.0
2009-03-14,0.0
2009-03-15,0.0
2009-03-16,0.0
2009-03-17,0.0
2009-03-18,0.0
2009-03-19,0.0
2009-03-20,0.0
2009-03-21,0.0
2009-03-22,0.0
2009-03-23,0.0
2009-03-24,0.0
2009-03-25,0.0
2009-03-26,5.176869869232178
2009-03-27,0.0
2009-03-28,0.0017267053481191397
2009-03-29,0.0
2009-03-30,0.006435846444219351
2009-03-31,0.026165014132857323
2009-04-01,0.0
2009-04-02,0.0
2009-04-03,0.0
2009-04-04,0.0
2009-04-05,0.0
2009-04-06,0.12025865912437439
2009-04-07,0.3754170835018158
2009-04-08,7.243429660797119
2009-04-09,4.1229248046875
2009-04-10,1.626747488975525
2009-04-11,0.0
2009-04-12,0.0
2009-04-13,0.0
2009-04-14,0.0
2009-04-15,0.0
2009-04-16,0.0
2009-04-17,0.0
2009-04-18,0.0
2009-04-19,0.0
2009-04-20,0.0
2009-04-21,0.0
2009-04-22,0.0
2009-04-23,0.0
2009-04-24,0.0
2009-04-25,0.0
2009-04-26,0.0
2009-04-27,0.0
2009-04-28,0.0
2009-04-29,0.0
2009-04-30,0.0
2009-05-01,0.0
2009-05-02,0.0
2009-05-03,0.0
2009-05-04,0.0
2009-05-05,0.0
2009-05-06,0.0
2009-05-07,0.0
2009-05-08,0.0
2009-05-09,0.0
2009-05-10,0.0
2009-05-11,0.0
2009-05-12,0.0
2009-05-13,0.0
2009-05-14,0.0
2009-05-15,0.0
2009-05-16,0.0
2009-05-17,0.0
2009-05-18,0.0
2009-05-19,0.0
2009-05-20,0.0
2009-05-21,0.0
2009-05-22,0.0
2009-05-23,0.0
2009-05-24,0.0
2009-05-25,0.0
2009-05-26,0.0
2009-05-27,1.8206137418746948
2009-05-28,1.2112642526626587
2009-05-29,4.8417134284973145
2009-05-30,0.0
2009-05-31,0.0
2009-06-01,0.0
2009-06-02,0.0
2009-06-03,0.0
2009-06-04,0.0
2009-06-05,0.0
2009-06-06,0.0
2009-06-07,0.0
2009-06-08,0.0
2009-06-09,0.0
2009-06-10,0.0
2009-06-11,0.0
2009-06-12,0.0
2009-06-13,0.0
2009-06-14,0.0
2009-06-15,0.0
2009-06-16,0.0
2009-06-17,0.0
2009-06-18,0.0
2009-06-19,0.0
2009-06-20,0.0
2009-06-21,0.0
2009-06-22,0.0
2009-06-23,0.0
2009-06-24,0.0
2009-06-25,0.0
2009-06-26,0.0
2009-06-27,0.0
2009-06-28,0.0
2009-06-29,0.0
2009-06-30,0.0
2009-07-01,0.0
2009-07-02,0.0
2009-07-03,0.0
2009-07-04,0.0
2009-07-05,0.0
2009-07-06,0.0
2009-07-07,0.0
2009-07-08,0.0
2009-07-09,0.0
2009-07-10,0.0
2009-07-11,0.0
2009-07-12,0.0
2009-07-13,0.0
2009-07-14,0.0
2009-07-15,0.0
2009-07-16,0.0
2009-07-17,0.011891697533428669
2009-07-18,0.0
2009-07-19,0.0
2009-07-20,2.685145378112793
2009-07-21,0.9932165741920471
2009-07-22,0.0
2009-07-23,0.8310588002204895
2009-07-24,0.0
2009-07-25,0.0
2009-07-26,0.7504881024360657
2009-07-27,1.6712563037872314
2009-07-28,0.0
2009-07-29,0.0
2009-07-30,0.0
2009-07-31,0.0
2009-08-01,0.0
2009-08-02,0.0
2009-08-03,0.0
2009-08-04,0.0
2009-08-05,0.0
2009-08-06,0.0
2009-08-07,0.0
2009-08-08,0.0
2009-08-09,0.0
2009-08-10,0.0
2009-08-11,0.0
2009-08-12,0.0
2009-08-13,0.0
2009-08-14,0.0
2009-08-15,0.0
2009-08-16,0.0
2009-08-17,0.0
2009-08-18,0.0
2009-08-19,0.0
2009-08-20,0.0
2009-08-21,0.0
2009-08-22,0.0
2009-08-23,0.05740264430642128
2009-08-24,0.03444158658385277
2009-08-25,0.0
2009-08-26,0.0
2009-08-27,0.0
2009-08-28,0.0
2009-08-29,0.0
2009-08-30,0.0
2009-08-31,0.0
2009-09-01,0.0
2009-09-02,0.0
2009-09-03,0.0
2009-09-04,0.0
2009-09-05,0.0
2009-09-06,0.0
2009-09-07,0.0
2009-09-08,0.0
2009-09-09,0.0
2009-09-10,0.0
2009-09-11,0.0
2009-09-12,0.0
2009-09-13,0.0
2009-09-14,0.0
2009-09-15,0.4407377243041992
2009-09-16,0.0
2009-09-17,0.0
2009-09-18,0.0
2009-09-19,0.0
2009-09-20,0.0
2009-09-21,0.0
2009-09-22,0.0
2009-09-23,0.0
2009-09-24,0.0
2009-09-25,0.0
2009-09-26,0.0
2009-09-27,0.0
2009-09-28,0.0
2009-09-29,0.0
2009-09-30,0.0
2009-10-01,0.0
2009-10-02,0.0
2009-10-03,0.0
2009-10-04,0.0
2009-10-05,0.0
2009-10-06,0.9958307147026062
2009-10-07,1.90762460231781
2009-10-08,0.8934859037399292
2009-10-09,0.0
2009-10-10,0.0
2009-10-11,0.0
2009-10-12,0.0
2009-10-13,0.0
2009-10-14,0.0
2009-10-15,0.0
2009-10-16,0.0
2009-10-17,4.423892974853516
2009-10-18,6.045738220214844
2009-10-19,4.580682277679443
2009-10-20,0.3070674538612366
2009-10-21,0.00026511645410209894
2009-10-22,0.13712291419506073
2009-10-23,0.00023344045621342957
2009-10-24,8.287921809824184e-05
2009-10-25,0.001449881587177515
2009-10-26,0.0
2009-10-27,0.0
2009-10-28,0.0
2009-10-29,0.0
2009-10-30,0.0
2009-10-31,0.0
2009-11-01,1.1713064908981323
2009-11-02,0.5856533050537109
2009-11-03,0.5856533050537109
2009-11-04,1.8406246900558472
2009-11-05,1.673295259475708
2009-11-06,1.3223161697387695
2009-11-07,0.18435320258140564
2009-11-08,1.134664535522461
2009-11-09,0.06078106164932251
2009-11-10,0.06950145959854126
2009-11-11,9.253228187561035
2009-11-12,4.165983200073242
2009-11-13,3.7550768852233887
2009-11-14,0.37076711654663086
2009-11-15,10.33663558959961
2009-11-16,0.6874403953552246
2009-11-17,3.792531967163086
2009-11-18,21.597633361816406
2009-11-19,7.886742115020752
2009-11-20,1.7388540506362915
2009-11-21,5.87695837020874
2009-11-22,2.51987886428833
2009-11-23,5.699012756347656
2009-11-24,4.002000331878662
2009-11-25,0.0
2009-11-26,0.9084151387214661
2009-11-27,2.789560556411743
2009-11-28,8.462553977966309
2009-11-29,7.246060371398926
2009-11-30,7.204036235809326
2009-12-01,4.48297643661499
2009-12-02,2.024221420288086
2009-12-03,3.864889621734619
2009-12-04,8.854114532470703
2009-12-05,1.6274806261062622
2009-12-06,5.980151176452637
2009-12-07,0.18476559221744537
2009-12-08,3.8815929889678955
2009-12-09,0.030239855870604515
2009-12-10,4.658306121826172
2009-12-11,1.1894426345825195
2009-12-12,0.0
2009-12-13,0.04080929979681969
2009-12-14,0.018319550901651382
2009-12-15,0.1874276101589203
2009-12-16,0.5741226673126221
2009-12-17,10.488897323608398
2009-12-18,5.602291107177734
2009-12-19,3.6368772983551025
2009-12-20,13.150903701782227
2009-12-21,10.295780181884766
2009-12-22,7.002105236053467
2009-12-23,3.5364065170288086
2009-12-24,3.102398633956909
2009-12-25,2.354626417160034
2009-12-26,4.472672462463379
2009-12-27,9.720141410827637
2009-12-28,0.517035722732544
2009-12-29,3.2227814197540283
2009-12-30,1.995312213897705
2009-12-31,0.22280676662921906
2010-01-01,0.5004668235778809
2010-01-02,0.48113518953323364
2010-01-03,1.207446575164795
2010-01-04,1.6590200662612915
2010-01-05,1.479744553565979
2010-01-06,10.947880744934082
2010-01-07,3.445565700531006
2010-01-08,0.9110406637191772
2010-01-09,0.05758313089609146
2010-01-10,1.9667781591415405
2010-01-11,0.041117846965789795
2010-01-12,4.015531539916992
2010-01-13,1.4479286670684814
2010-01-14,2.9802117347717285
2010-01-15,0.3375261425971985
2010-01-16,3.455530881881714
2010-01-17,3.1747071743011475
2010-01-18,4.656827926635742
2010-01-19,0.37503618001937866
2010-01-20,0.724441647529602
2010-01-21,0.0
2010-01-22,0.0
2010-01-23,1.15581214427948
2010-01-24,1.7666822671890259
2010-01-25,6.565617561340332
2010-01-26,1.5176056623458862
2010-01-27,1.7040786743164062
2010-01-28,0.9027213454246521
2010-01-29,3.2644574642181396
2010-01-30,2.2125329971313477
2010-01-31,0.33567506074905396
2010-02-01,2.0541460514068604
2010-02-02,1.8304457664489746
2010-02-03,0.027545513585209846
2010-02-04,0.47343572974205017
2010-02-05,8.918200492858887
2010-02-06,5.385669708251953
2010-02-07,3.5980160236358643
2010-02-08,0.30552273988723755
2010-02-09,0.09081339091062546
2010-02-10,3.937551736831665
2010-02-11,4.107933044433594
2010-02-12,0.42594093084335327
2010-02-13,0.0
2010-02-14,0.0
2010-02-15,0.7824150919914246
2010-02-16,10.099654197692871
2010-02-17,7.039458274841309
2010-02-18,0.14377903938293457
2010-02-19,3.9825007915496826
2010-02-20,7.608860969543457
2010-02-21,4.674407005310059
2010-02-22,0.4976896047592163
2010-02-23,0.2617652118206024
2010-02-24,11.79881763458252
2010-02-25,12.458819389343262
2010-02-26,2.0046794414520264
2010-02-27,10.426032066345215
2010-02-28,3.140850782394409
2010-03-01,0.3031177520751953
2010-03-02,9.747452735900879
2010-03-03,6.45716667175293
2010-03-04,3.698845148086548
2010-03-05,2.435319662094116
2010-03-06,0.0072835409082472324
2010-03-07,0.0
2010-03-08,0.0
2010-03-09,1.6523032188415527
2010-03-10,9.623661041259766
2010-03-11,0.0
2010-03-12,0.0
2010-03-13,0.0
2010-03-14,0.0
2010-03-15,0.0
2010-03-16,0.014406702481210232
2010-03-17,0.8906303644180298
2010-03-18,0.14716024696826935
2010-03-19,10.142534255981445
2010-03-20,0.4724801778793335
2010-03-21,0.0
2010-03-22,0.0
2010-03-23,0.0
2010-03-24,0.0
2010-03-25,0.0
2010-03-26,0.0
2010-03-27,0.0
2010-03-28,0.0
2010-03-29,0.0
2010-03-30,0.0
2010-03-31,0.0
2010-04-01,0.0
2010-04-02,0.0
2010-04-03,0.0
2010-04-04,0.0
2010-04-05,0.0
2010-04-06,0.0
2010-04-07,0.0
2010-04-08,0.0
2010-04-09,0.0
2010-04-10,0.0
2010-04-11,0.0
2010-04-12,0.0
2010-04-13,0.0
2010-04-14,0.0
2010-04-15,0.0
2010-04-16,0.0
2010-04-17,0.0
2010-04-18,0.0
2010-04-19,0.0
2010-04-20,0.0
2010-04-21,2.170062303543091
2010-04-22,4.714531421661377
2010-04-23,4.562452793121338
2010-04-24,0.0
2010-04-25,0.0
2010-04-26,0.0
2010-04-27,0.0
2010-04-28,0.0
2010-04-29,0.0
2010-04-30,0.0
2010-05-01,0.0
2010-05-02,0.0
2010-05-03,0.0
2010-05-04,0.0
2010-05-05,0.0
2010-05-06,0.0
2010-05-07,0.0
2010-05-08,0.0
2010-05-09,0.0
2010-05-10,0.0
2010-05-11,0.0
2010-05-12,0.0
2010-05-13,0.0
2010-05-14,0.8266931176185608
2010-05-15,2.6925501823425293
2010-05-16,5.790502071380615
2010-05-17,0.3525010049343109
2010-05-18,0.0
2010-05-19,0.0
2010-05-20,0.011028730310499668
2010-05-21,0.0
2010-05-22,0.0
2010-05-23,0.0
2010-05-24,0.0
2010-05-25,0.0
2010-05-26,0.0
2010-05-27,2.2551825046539307
2010-05-28,0.04987888038158417
2010-05-29,0.07690130919218063
2010-05-30,0.10630672425031662
2010-05-31,0.0
2010-06-01,0.0
2010-06-02,0.0
2010-06-03,0.0
2010-06-04,0.0
2010-06-05,0.0
2010-06-06,0.24296438694000244
2010-06-07,0.015185274183750153
2010-06-08,0.015185274183750153
2010-06-09,0.015185274183750153
2010-06-10,0.015185274183750153
2010-06-11,0.0
2010-06-12,0.0
2010-06-13,0.0
2010-06-14,0.0
2010-06-15,0.0
2010-06-16,0.0
2010-06-17,0.0
2010-06-18,0.0
2010-06-19,0.0
2010-06-20,0.0
2010-06-21,0.0
2010-06-22,0.0
2010-06-23,0.0
2010-06-24,0.0
2010-06-25,0.0
2010-06-26,0.0
2010-06-27,0.0
2010-06-28,0.0
2010-06-29,0.0
2010-06-30,0.0
2010-07-01,0.0
2010-07-02,0.0
2010-07-03,0.0
2010-07-04,0.0
2010-07-05,0.0
2010-07-06,0.0
2010-07-07,0.0
2010-07-08,0.0
2010-07-09,0.0
2010-07-10,0.0
2010-07-11,0.0
2010-07-12,0.0
2010-07-13,0.0
2010-07-14,0.0
2010-07-15,0.0
2010-07-16,0.0
2010-07-17,0.0
2010-07-18,0.0
2010-07-19,0.0
2010-07-20,0.0
2010-07-21,0.0
2010-07-22,0.0
2010-07-23,0.0
2010-07-24,0.0
2010-07-25,0.0
2010-07-26,0.0
2010-07-27,0.0
2010-07-28,0.0
2010-07-29,0.0
2010-07-30,0.0
2010-07-31,0.0
2010-08-01,0.0
2010-08-02,0.0
2010-08-03,2.6883678436279297
2010-08-04,0.0
2010-08-05,0.0
2010-08-06,0.0
2010-08-07,0.0
2010-08-08,0.0
2010-08-09,0.0
2010-08-10,0.0
2010-08-11,0.0
2010-08-12,0.0
2010-08-13,0.0
2010-08-14,0.0
2010-08-15,0.0
2010-08-16,0.0
2010-08-17,0.0
2010-08-18,0.0
2010-08-19,0.0
2010-08-20,0.0
2010-08-21,0.043980248272418976
2010-08-22,0.01649259217083454
2010-08-23,0.01649259217083454
2010-08-24,0.01649259217083454
2010-08-25,0.01649259217083454
2010-08-26,0.0
2010-08-27,0.0
2010-08-28,0.0
2010-08-29,0.0
2010-08-30,0.0
2010-08-31,0.0
2010-09-01,0.0
2010-09-02,0.0
2010-09-03,0.0
2010-09-04,0.0
2010-09-05,0.0
2010-09-06,0.0
2010-09-07,0.0
2010-09-08,0.0
2010-09-09,0.0
2010-09-10,0.0
2010-09-11,0.0
2010-09-12,0.0
2010-09-13,0.0
2010-09-14,0.0
2010-09-15,0.0
2010-09-16,0.0
2010-09-17,0.0
2010-09-18,0.0
2010-09-19,0.0
2010-09-20,0.0
2010-09-21,0.0
2010-09-22,0.0
2010-09-23,0.0
2010-09-24,0.0
2010-09-25,0.0
2010-09-26,0.0
2010-09-27,0.0
2010-09-28,0.0
2010-09-29,0.0
2010-09-30,0.0
2010-10-01,0.0
2010-10-02,0.0
2010-10-03,0.0
2010-10-04,0.0
2010-10-05,0.0
2010-10-06,0.0
2010-10-07,0.0
2010-10-08,0.0
2010-10-09,0.0
2010-10-10,0.0
2010-10-11,7.300606727600098
2010-10-12,8.241334915161133
2010-10-13,0.10629386454820633
2010-10-14,0.032963827252388
2010-10-15,0.012910589575767517
2010-10-16,0.0
2010-10-17,0.0
2010-10-18,0.0
2010-10-19,0.0
2010-10-20,0.0
2010-10-21,0.0
2010-10-22,0.0
2010-10-23,0.0
2010-10-24,0.0
2010-10-25,0.0
2010-10-26,0.0
2010-10-27,0.0
2010-10-28,0.0
2010-10-29,0.0
2010-10-30,0.0
2010-10-31,0.0
2010-11-01,0.0
2010-11-02,0.0
2010-11-03,0.0
2010-11-04,0.0
2010-11-05,0.0
2010-11-06,0.0
2010-11-07,0.0
2010-11-08,0.0
2010-11-09,0.0
2010-11-10,0.0
2010-11-11,0.0
2010-11-12,0.0
2010-11-13,0.0
2010-11-14,0.0
2010-11-15,0.0
2010-11-16,0.0
2010-11-17,0.0
2010-11-18,0.0
2010-11-19,0.0
2010-11-20,0.0
2010-11-21,0.0
2010-11-22,0.0
2010-11-23,0.0
2010-11-24,0.0
2010-11-25,0.0
2010-11-26,0.01615736074745655
2010-11-27,1.6171321868896484
2010-11-28,0.1687062382698059
2010-11-29,6.794528484344482
2010-11-30,1.7765015363693237
2010-12-01,0.0034688827581703663
2010-12-02,5.559340476989746
2010-12-03,0.43405869603157043
2010-12-04,11.732869148254395
2010-12-05,4.706997871398926
2010-12-06,4.187143802642822
2010-12-07,0.007927804253995419
2010-12-08,2.526013135910034
2010-12-09,0.3581736087799072
2010-12-10,0.5261480212211609
2010-12-11,0.08069084584712982
2010-12-12,12.604475021362305
2010-12-13,0.19118520617485046
2010-12-14,0.0
2010-12-15,0.0
2010-12-16,0.0
2010-12-17,0.0
2010-12-18,0.0
2010-12-19,0.0
2010-12-20,0.0
2010-12-21,1.0095678567886353
2010-12-22,8.778142929077148
2010-12-23,0.0
2010-12-24,4.549431800842285
2010-12-25,0.4328213930130005
2010-12-26,1.2428488731384277
2010-12-27,11.01201057434082
2010-12-28,7.497138977050781
2010-12-29,9.114827156066895
2010-12-30,0.4772113561630249
2010-12-31,0.28836143016815186
2011-01-01,0.0
2011-01-02,0.0
2011-01-03,0.0
2011-01-04,0.0
2011-01-05,0.0
2011-01-06,1.1152472496032715
2011-01-07,0.15155331790447235
2011-01-08,0.05472758412361145
2011-01-09,0.1464347541332245
2011-01-10,3.280707359313965
2011-01-11,0.1391092985868454
2011-01-12,2.058380365371704
2011-01-13,1.0360358953475952
2011-01-14,4.661590099334717
2011-01-15,0.16028718650341034
2011-01-16,0.20374490320682526
2011-01-17,4.016055583953857
2011-01-18,2.040621042251587
2011-01-19,0.9008276462554932
2011-01-20,8.097274780273438
2011-01-21,0.0
2011-01-22,0.0
2011-01-23,0.0
2011-01-24,0.0
2011-01-25,0.0
2011-01-26,1.080575704574585
2011-01-27,0.04962443932890892
2011-01-28,0.0
2011-01-29,0.13056999444961548
2011-01-30,0.9065738916397095
2011-01-31,12.865432739257812
2011-02-01,13.683000564575195
2011-02-02,2.4525794982910156
2011-02-03,12.23072624206543
2011-02-04,11.070955276489258
2011-02-05,2.664111852645874
2011-02-06,12.75211238861084
2011-02-07,8.029945373535156
2011-02-08,27.439661026000977
2011-02-09,2.645625114440918
2011-02-10,0.1451067328453064
2011-02-11,2.3095383644104004
2011-02-12,0.0
2011-02-13,0.5813294649124146
2011-02-14,0.04484182968735695
2011-02-15,0.0
2011-02-16,0.03429871052503586
2011-02-17,0.0
2011-02-18,1.1256383657455444
2011-02-19,10.249615669250488
2011-02-20,0.5182437896728516
2011-02-21,2.7753701210021973
2011-02-22,0.5301210284233093
2011-02-23,8.848538398742676
2011-02-24,4.078420162200928
2011-02-25,5.291423797607422
2011-02-26,0.0
2011-02-27,0.0
2011-02-28,0.0
2011-03-01,0.0
2011-03-02,0.0
2011-03-03,0.0
2011-03-04,0.0
2011-03-05,0.0
2011-03-06,0.0
2011-03-07,0.0
2011-03-08,0.0
2011-03-09,0.0
2011-03-10,0.0
2011-03-11,0.0
2011-03-12,0.0
2011-03-13,0.18224883079528809
2011-03-14,2.970005512237549
2011-03-15,0.0
2011-03-16,0.42944082617759705
2011-03-17,9.755093574523926
2011-03-18,29.733980178833008
2011-03-19,0.516830325126648
2011-03-20,5.414371967315674
2011-03-21,0.0
2011-03-22,0.0
2011-03-23,0.0
2011-03-24,0.0
2011-03-25,0.0
2011-03-26,0.0
2011-03-27,9.190397262573242
2011-03-28,0.07180439680814743
2011-03-29,0.3501589000225067
2011-03-30,0.0
2011-03-31,0.0
2011-04-01,0.0
2011-04-02,0.0
2011-04-03,0.0
2011-04-04,0.0
2011-04-05,0.0
2011-04-06,0.050284259021282196
2011-04-07,0.45611685514450073
2011-04-08,0.15545058250427246
2011-04-09,0.06062577664852142
2011-04-10,1.702553629875183
2011-04-11,0.0
2011-04-12,0.0
2011-04-13,0.0
2011-04-14,0.0
2011-04-15,0.0
2011-04-16,0.050290096551179886
2011-04-17,0.050290096551179886
2011-04-18,0.18028010427951813
2011-04-19,0.050290096551179886
2011-04-20,0.17175059020519257
2011-04-21,0.0
2011-04-22,0.0
2011-04-23,0.0
2011-04-24,0.0
2011-04-25,0.0
2011-04-26,0.0
2011-04-27,0.0
2011-04-28,0.0
2011-04-29,0.0
2011-04-30,0.0
2011-05-01,0.0
2011-05-02,0.0
2011-05-03,0.0
2011-05-04,0.0
2011-05-05,0.0
2011-05-06,0.0
2011-05-07,0.0
2011-05-08,0.0
2011-05-09,0.0
2011-05-10,0.0
2011-05-11,12.84032154083252
2011-05-12,0.0
2011-05-13,0.0
2011-05-14,0.0
2011-05-15,0.25238004326820374
2011-05-16,0.0
2011-05-17,0.0
2011-05-18,0.0
2011-05-19,0.0
2011-05-20,0.0
2011-05-21,0.0
2011-05-22,0.0
2011-05-23,0.0
2011-05-24,0.0
2011-05-25,0.0
2011-05-26,0.0
2011-05-27,0.0
2011-05-28,0.0
2011-05-29,0.0
2011-05-30,0.0
2011-05-31,0.0
2011-06-01,0.0
2011-06-02,0.0
2011-06-03,0.0
2011-06-04,0.0
2011-06-05,0.0
2011-06-06,0.0
2011-06-07,0.0
2011-06-08,0.0
2011-06-09,0.0
2011-06-10,0.0
2011-06-11,0.0
2011-06-12,0.0
2011-06-13,0.0
2011-06-14,0.0
2011-06-15,0.0
2011-06-16,0.0
2011-06-17,0.0
2011-06-18,0.0
2011-06-19,0.0
2011-06-20,0.0
2011-06-21,0.0
2011-06-22,0.0
2011-06-23,0.0
2011-06-24,0.0
2011-06-25,0.0
2011-06-26,0.0
2011-06-27,0.0
2011-06-28,0.0
2011-06-29,0.0
2011-06-30,0.0
2011-07-01,0.0
2011-07-02,0.0
2011-07-03,0.0
2011-07-04,0.0
2011-07-05,0.0
2011-07-06,0.0
2011-07-07,0.0
2011-07-08,0.0
2011-07-09,0.0
2011-07-10,0.0
2011-07-11,0.0
2011-07-12,0.0
2011-07-13,0.0
2011-07-14,0.0
2011-07-15,0.0
2011-07-16,0.0
2011-07-17,0.0
2011-07-18,0.0
2011-07-19,0.0
2011-07-20,0.0
2011-07-21,0.0
2011-07-22,0.0
2011-07-23,0.0
2011-07-24,0.0
2011-07-25,0.0
2011-07-26,1.54651939868927
2011-07-27,0.14807699620723724
2011-07-28,0.14807699620723724
2011-07-29,0.14807699620723724
2011-07-30,0.14807699620723724
2011-07-31,1.4150203466415405
2011-08-01,0.34436044096946716
2011-08-02,0.34436044096946716
2011-08-03,0.34436044096946716
2011-08-04,0.34436044096946716
2011-08-05,0.34436044096946716
2011-08-06,0.0
2011-08-07,0.0
2011-08-08,0.0
2011-08-09,0.0
2011-08-10,0.0
2011-08-11,0.09432981163263321
2011-08-12,0.09432981163263321
2011-08-13,0.514488160610199
2011-08-14,0.1458204686641693
2011-08-15,0.09432981163263321
2011-08-16,0.0
2011-08-17,0.6338011622428894
2011-08-18,0.2397068589925766
2011-08-19,0.0
2011-08-20,1.3701481819152832
2011-08-21,0.4833194315433502
2011-08-22,0.4833194315433502
2011-08-23,0.4833194315433502
2011-08-24,0.4833194315433502
2011-08-25,0.4833194315433502
2011-08-26,0.053164370357990265
2011-08-27,0.053164370357990265
2011-08-28,0.053164370357990265
2011-08-29,0.053164370357990265
2011-08-30,0.053164370357990265
2011-08-31,0.1594931185245514
2011-09-01,0.0
2011-09-02,0.0
2011-09-03,0.0
2011-09-04,0.0
2011-09-05,0.0
2011-09-06,0.0
2011-09-07,0.0
2011-09-08,0.0
2011-09-09,0.0
2011-09-10,0.0
2011-09-11,0.0
2011-09-12,0.0
2011-09-13,0.0
2011-09-14,0.0
2011-09-15,0.0
2011-09-16,0.0
2011-09-17,0.0
2011-09-18,0.0
2011-09-19,0.0
2011-09-20,0.0
2011-09-21,0.0
2011-09-22,0.0
2011-09-23,0.0
2011-09-24,0.0
2011-09-25,0.0
2011-09-26,0.0
2011-09-27,0.0
2011-09-28,0.0
2011-09-29,0.0
2011-09-30,0.0
2011-10-01,0.0
2011-10-02,0.0
2011-10-03,0.0
2011-10-04,0.0
2011-10-05,0.0
2011-10-06,0.0
2011-10-07,0.0
2011-10-08,0.0
2011-10-09,0.0
2011-10-10,0.0
2011-10-11,0.36352136731147766
2011-10-12,0.19851812720298767
2011-10-13,1.058652639389038
2011-10-14,2.7320773601531982
2011-10-15,0.393408864736557
2011-10-16,2.859071731567383
2011-10-17,0.19298091530799866
2011-10-18,0.7338476181030273
2011-10-19,1.9942456483840942
2011-10-20,0.6408547759056091
2011-10-21,0.0
2011-10-22,0.0
2011-10-23,0.0
2011-10-24,0.0
2011-10-25,0.0
2011-10-26,0.04104725271463394
2011-10-27,0.0
2011-10-28,0.621118426322937
2011-10-29,2.9423320293426514
2011-10-30,5.03763484954834
2011-10-31,0.0
2011-11-01,0.024544667452573776
2011-11-02,0.00614666473120451
2011-11-03,0.6078731417655945
2011-11-04,1.1436363458633423
2011-11-05,0.17802630364894867
2011-11-06,0.06898385286331177
2011-11-07,0.0
2011-11-08,0.0
2011-11-09,0.035303372889757156
2011-11-10,5.16226053237915
2011-11-11,2.962373971939087
2011-11-12,0.24149450659751892
2011-11-13,0.0
2011-11-14,0.0
2011-11-15,0.6150440573692322
2011-11-16,0.20954789221286774
2011-11-17,0.03747640550136566
2011-11-18,1.0695972442626953
2011-11-19,3.36442232131958
2011-11-20,11.299941062927246
2011-11-21,0.0
2011-11-22,0.0
2011-11-23,0.0
2011-11-24,0.0
2011-11-25,0.0
2011-11-26,0.0
2011-11-27,1.3804584741592407
2011-11-28,6.655084133148193
2011-11-29,4.125287055969238
2011-11-30,0.17466527223587036
2011-12-01,1.1759778261184692
2011-12-02,3.621379852294922
2011-12-03,0.02221142314374447
2011-12-04,0.0
2011-12-05,0.0
2011-12-06,0.0
2011-12-07,0.45656999945640564
2011-12-08,0.0
2011-12-09,0.5357088446617126
2011-12-10,9.721898078918457
2011-12-11,5.01253080368042
2011-12-12,1.2908074855804443
2011-12-13,10.816271781921387
2011-12-14,5.065992832183838
2011-12-15,0.02431572414934635
2011-12-16,0.0
2011-12-17,0.0
2011-12-18,0.0
2011-12-19,0.0
2011-12-20,0.0
2011-12-21,0.0
2011-12-22,0.04055677726864815
2011-12-23,0.0
2011-12-24,0.0
2011-12-25,0.12167033553123474
2011-12-26,0.0
2011-12-27,5.487902641296387
2011-12-28,0.5234355926513672
2011-12-29,19.633983612060547
2011-12-30,5.964926719665527
2011-12-31,1.0647884607315063
2012-01-01,0.0
2012-01-02,0.0
2012-01-03,0.0
2012-01-04,0.0
2012-01-05,0.0
2012-01-06,1.8376498222351074
2012-01-07,1.9661059379577637
2012-01-08,0.6204485893249512
2012-01-09,14.057085037231445
2012-01-10,11.645740509033203
2012-01-11,1.612865686416626
2012-01-12,0.0
2012-01-13,0.29823657870292664
2012-01-14,0.2098790556192398
2012-01-15,0.012508735992014408
2012-01-16,0.0
2012-01-17,0.0
2012-01-18,0.0
2012-01-19,0.0
2012-01-20,0.0
2012-01-21,8.303174018859863
2012-01-22,1.2935253381729126
2012-01-23,1.7885973453521729
2012-01-24,3.2101001739501953
2012-01-25,16.055986404418945
2012-01-26,0.0929950550198555
2012-01-27,0.025276217609643936
2012-01-28,0.013662820681929588
2012-01-29,0.034297771751880646
2012-01-30,0.8222871422767639
2012-01-31,19.74344825744629
2012-02-01,12.020029067993164
2012-02-02,4.017675399780273
2012-02-03,7.930569171905518
2012-02-04,2.3517894744873047
2012-02-05,2.172722101211548
2012-02-06,9.323968887329102
2012-02-07,0.0
2012-02-08,0.12283525615930557
2012-02-09,0.2617826461791992
2012-02-10,10.234353065490723
2012-02-11,0.0
2012-02-12,0.0
2012-02-13,0.0
2012-02-14,0.0
2012-02-15,0.0
2012-02-16,0.3566650152206421
2012-02-17,1.1006097793579102
2012-02-18,0.0
2012-02-19,0.6688709855079651
2012-02-20,5.51627254486084
2012-02-21,4.545515060424805
2012-02-22,8.504813194274902
2012-02-23,1.535657286643982
2012-02-24,13.54348373413086
2012-02-25,4.419587135314941
2012-02-26,0.0
2012-02-27,0.0
2012-02-28,0.02065824717283249
2012-02-29,2.640657424926758
2012-03-01,6.702587604522705
2012-03-02,0.0
2012-03-03,1.8509631156921387
2012-03-04,0.32879307866096497
2012-03-05,4.213622093200684
2012-03-06,15.095324516296387
2012-03-07,12.326976776123047
2012-03-08,1.6003834009170532
2012-03-09,0.0
2012-03-10,0.0
2012-03-11,0.0
2012-03-12,2.2252190113067627
2012-03-13,3.9824771881103516
2012-03-14,1.4089182615280151
2012-03-15,0.8600931167602539
2012-03-16,0.0
2012-03-17,0.0
2012-03-18,0.0
2012-03-19,2.315316915512085
2012-03-20,0.0
2012-03-21,0.0
2012-03-22,6.43806791305542
2012-03-23,2.121687889099121
2012-03-24,0.0
2012-03-25,0.3910517394542694
2012-03-26,1.6926116943359375
2012-03-27,1.3251301050186157
2012-03-28,0.3087226450443268
2012-03-29,0.555305540561676
2012-03-30,0.03057795576751232
2012-03-31,0.38871335983276367
2012-04-01,0.06001091003417969
2012-04-02,0.0
2012-04-03,0.0
2012-04-04,0.12503370642662048
2012-04-05,1.4472520351409912
2012-04-06,0.0
2012-04-07,0.09920235723257065
2012-04-08,1.279252052307129
2012-04-09,1.253945231437683
2012-04-10,0.017433110624551773
2012-04-11,0.3165038228034973
2012-04-12,0.23999090492725372
2012-04-13,1.6705490350723267
2012-04-14,0.0
2012-04-15,0.12021708488464355
2012-04-16,0.0
2012-04-17,0.0
2012-04-18,0.0
2012-04-19,6.499969959259033
2012-04-20,3.92281436920166
2012-04-21,0.0
2012-04-22,0.0
2012-04-23,0.4544873833656311
2012-04-24,0.3638535141944885
2012-04-25,0.0
2012-04-26,0.35217490792274475
2012-04-27,6.341984748840332
2012-04-28,0.16367460787296295
2012-04-29,0.0
2012-04-30,0.0
2012-05-01,0.0
2012-05-02,0.0
2012-05-03,0.0
2012-05-04,0.0
2012-05-05,0.0
2012-05-06,0.0
2012-05-07,0.0
2012-05-08,0.0
2012-05-09,0.0
2012-05-10,0.0
2012-05-11,0.0
2012-05-12,0.0
2012-05-13,0.0
2012-05-14,0.0
2012-05-15,0.0
2012-05-16,0.0
2012-05-17,0.0
2012-05-18,0.0
2012-05-19,0.0
2012-05-20,0.0
2012-05-21,0.0
2012-05-22,0.0
2012-05-23,0.0
2012-05-24,0.0
2012-05-25,0.0
2012-05-26,0.0
2012-05-27,0.0
2012-05-28,0.0
2012-05-29,0.0
2012-05-30,0.0
2012-05-31,0.0
2012-06-01,0.0
2012-06-02,0.0
2012-06-03,0.0
2012-06-04,0.0
2012-06-05,0.0
2012-06-06,0.0
2012-06-07,0.0
2012-06-08,0.0
2012-06-09,0.0
2012-06-10,0.0
2012-06-11,0.0
2012-06-12,0.0
2012-06-13,0.0
2012-06-14,0.0
2012-06-15,0.0
2012-06-16,0.0
2012-06-17,0.0
2012-06-18,0.0
2012-06-19,0.0
2012-06-20,0.0
2012-06-21,0.0
2012-06-22,0.0
2012-06-23,0.0
2012-06-24,0.0
2012-06-25,0.0
2012-06-26,0.0
2012-06-27,0.0
2012-06-28,0.0
2012-06-29,0.0
2012-06-30,0.0
2012-07-01,0.0
2012-07-02,0.0
2012-07-03,0.0
2012-07-04,0.0
2012-07-05,0.0
2012-07-06,0.0
2012-07-07,0.0
2012-07-08,0.0
2012-07-09,0.0
2012-07-10,0.0
2012-07-11,0.0
2012-07-12,0.0
2012-07-13,0.0
2012-07-14,0.0
2012-07-15,0.0
2012-07-16,0.0
2012-07-17,0.0
2012-07-18,0.0
2012-07-19,0.0
2012-07-20,0.0
2012-07-21,0.0
2012-07-22,0.0
2012-07-23,0.0
2012-07-24,0.0
2012-07-25,0.0
2012-07-26,0.0
2012-07-27,0.0
2012-07-28,0.0
2012-07-29,0.0
2012-07-30,0.0
2012-07-31,0.0
2012-08-01,0.0
2012-08-02,0.0
2012-08-03,0.0
2012-08-04,0.0
2012-08-05,0.0
2012-08-06,0.0
2012-08-07,0.0
2012-08-08,0.0
2012-08-09,0.0
2012-08-10,0.0
2012-08-11,0.0
2012-08-12,0.0
2012-08-13,0.0
2012-08-14,0.0
2012-08-15,0.0
2012-08-16,0.0
2012-08-17,0.0
2012-08-18,0.0
2012-08-19,0.0
2012-08-20,0.0
2012-08-21,0.01697315275669098
2012-08-22,0.01697315275669098
2012-08-23,0.01697315275669098
2012-08-24,0.01697315275669098
2012-08-25,0.01697315275669098
2012-08-26,0.0
2012-08-27,0.0
2012-08-28,0.0
2012-08-29,0.0
2012-08-30,0.0
2012-08-31,0.0
2012-09-01,0.0
2012-09-02,0.0
2012-09-03,0.0
2012-09-04,0.0
2012-09-05,0.0
2012-09-06,0.0
2012-09-07,8.012001991271973
2012-09-08,0.0
2012-09-09,0.0
2012-09-10,0.0
2012-09-11,1.772831916809082
2012-09-12,0.29547199606895447
2012-09-13,0.29547199606895447
2012-09-14,0.29547199606895447
2012-09-15,0.29547199606895447
2012-09-16,0.656887412071228
2012-09-17,0.048625532537698746
2012-09-18,0.0415007583796978
2012-09-19,0.0415007583796978
2012-09-20,0.0415007583796978
2012-09-21,0.0
2012-09-22,0.0
2012-09-23,0.0
2012-09-24,0.0
2012-09-25,0.0
2012-09-26,0.0
2012-09-27,3.670423746109009
2012-09-28,0.12911340594291687
2012-09-29,0.0
2012-09-30,0.0
2012-10-01,0.0
2012-10-02,0.0
2012-10-03,0.0
2012-10-04,0.0
2012-10-05,0.0
2012-10-06,0.0
2012-10-07,0.0
2012-10-08,0.0
2012-10-09,0.0
2012-10-10,0.0
2012-10-11,0.00040309879113920033
2012-10-12,0.0
2012-10-13,0.0
2012-10-14,0.4921535849571228
2012-10-15,0.03540896996855736
2012-10-16,0.0
2012-10-17,0.0
2012-10-18,0.0
2012-10-19,0.0
2012-10-20,0.0
2012-10-21,0.0
2012-10-22,0.0
2012-10-23,0.0
2012-10-24,0.0
2012-10-25,0.0
2012-10-26,0.08337734639644623
2012-10-27,0.008561208844184875
2012-10-28,0.07423583418130875
2012-10-29,6.178164482116699
2012-10-30,14.795930862426758
2012-10-31,4.865388870239258
2012-11-01,6.835600852966309
2012-11-02,0.0
2012-11-03,1.119537115097046
2012-11-04,0.5752459168434143
2012-11-05,4.392752170562744
2012-11-06,2.9687578678131104
2012-11-07,0.6964848637580872
2012-11-08,0.0
2012-11-09,0.0
2012-11-10,4.159094333648682
2012-11-11,0.03022528626024723
2012-11-12,0.10477422177791595
2012-11-13,1.4132754802703857
2012-11-14,2.2293617725372314
2012-11-15,1.316542148590088
2012-11-16,0.0
2012-11-17,5.586330890655518
2012-11-18,0.5614969730377197
2012-11-19,7.375247478485107
2012-11-20,0.6243231892585754
2012-11-21,0.013085720129311085
2012-11-22,0.8841383457183838
2012-11-23,0.8310295343399048
2012-11-24,0.02066859044134617
2012-11-25,0.000140464399009943
2012-11-26,0.0
2012-11-27,0.0
2012-11-28,0.0
2012-11-29,0.0
2012-11-30,0.0
2012-12-01,0.08568073809146881
2012-12-02,0.3011570870876312
2012-12-03,1.2650675773620605
2012-12-04,0.5822885036468506
2012-12-05,0.0041348435916006565
2012-12-06,0.6089109182357788
2012-12-07,15.178088188171387
2012-12-08,3.545778751373291
2012-12-09,0.1485043466091156
2012-12-10,0.8581481575965881
2012-12-11,4.2989349365234375
2012-12-12,1.6411290168762207
2012-12-13,10.727165222167969
2012-12-14,5.2202253341674805
2012-12-15,0.05683080479502678
2012-12-16,1.3536268472671509
2012-12-17,0.1735479235649109
2012-12-18,3.5976500511169434
2012-12-19,18.559406280517578
2012-12-20,4.598834037780762
2012-12-21,7.191262722015381
2012-12-22,0.18571054935455322
2012-12-23,0.0
2012-12-24,0.09815356880426407
2012-12-25,8.473773956298828
2012-12-26,6.660373687744141
2012-12-27,0.4053262770175934
2012-12-28,1.7103781700134277
2012-12-29,2.0485641956329346
2012-12-30,0.2500251531600952
2012-12-31,0.6493800282478333
2013-01-01,2.281963348388672
2013-01-02,0.4402843713760376
2013-01-03,0.12401527911424637
2013-01-04,2.037905693054199
2013-01-05,0.00396764324977994
2013-01-06,16.611675262451172
2013-01-07,1.806280255317688
2013-01-08,2.286587953567505
2013-01-09,1.1366938352584839
2013-01-10,0.1725185066461563
2013-01-11,0.0
2013-01-12,0.0
2013-01-13,0.14886000752449036
2013-01-14,0.02152402140200138
2013-01-15,0.035437606275081635
2013-01-16,4.577459812164307
2013-01-17,13.915436744689941
2013-01-18,3.0461013317108154
2013-01-19,12.956003189086914
2013-01-20,7.775706768035889
2013-01-21,1.9306354522705078
2013-01-22,0.6709925532341003
2013-01-23,1.7626343965530396
2013-01-24,0.00988507829606533
2013-01-25,0.0
2013-01-26,0.3030534088611603
2013-01-27,2.306081771850586
2013-01-28,2.8970139026641846
2013-01-29,0.4829476773738861
2013-01-30,1.45406174659729
2013-01-31,1.6122856140136719
2013-02-01,5.26237678527832
2013-02-02,3.0204248428344727
2013-02-03,1.2812567949295044
2013-02-04,1.1175155639648438
2013-02-05,0.0
2013-02-06,4.343798637390137
2013-02-07,1.8099552392959595
2013-02-08,1.931939959526062
2013-02-09,0.012684617191553116
2013-02-10,0.07368653267621994
2013-02-11,0.020404893904924393
2013-02-12,0.002857979852706194
2013-02-13,0.0011998149566352367
2013-02-14,7.485678361263126e-05
2013-02-15,0.04366767033934593
2013-02-16,2.487302303314209
2013-02-17,8.577899932861328
2013-02-18,9.021798133850098
2013-02-19,6.666272163391113
2013-02-20,0.911277174949646
2013-02-21,0.43965479731559753
2013-02-22,0.0404314361512661
2013-02-23,0.0
2013-02-24,1.2378629446029663
2013-02-25,10.348587989807129
2013-02-26,1.429431438446045
2013-02-27,1.1552891731262207
2013-02-28,2.7295055389404297
2013-03-01,1.3613258600234985
2013-03-02,0.0
2013-03-03,0.0
2013-03-04,2.866734504699707
2013-03-05,2.150540590286255
2013-03-06,0.0007751586381345987
2013-03-07,0.1142125055193901
2013-03-08,0.14574210345745087
2013-03-09,10.002289772033691
2013-03-10,2.8061561584472656
2013-03-11,0.0
2013-03-12,0.0
2013-03-13,0.0
2013-03-14,0.0
2013-03-15,0.0
2013-03-16,0.0
2013-03-17,0.0
2013-03-18,0.0
2013-03-19,0.0
2013-03-20,0.0
2013-03-21,0.0
2013-03-22,0.0
2013-03-23,0.0
2013-03-24,0.0
2013-03-25,0.0
2013-03-26,0.0
2013-03-27,0.0
2013-03-28,0.0
2013-03-29,0.0
2013-03-30,0.0
2013-03-31,0.0
2013-04-01,0.0
2013-04-02,0.0
2013-04-03,0.0
2013-04-04,0.0
2013-04-05,0.0
2013-04-06,0.0
2013-04-07,0.0
2013-04-08,0.0
2013-04-09,0.0
2013-04-10,0.0
2013-04-11,0.0
2013-04-12,0.0
2013-04-13,0.0
2013-04-14,0.0
2013-04-15,0.0
2013-04-16,0.0
2013-04-17,0.0
2013-04-18,0.0
2013-04-19,0.0
2013-04-20,0.0
2013-04-21,0.0
2013-04-22,0.0
2013-04-23,0.0
2013-04-24,0.0
2013-04-25,0.0
2013-04-26,0.0
2013-04-27,0.0
2013-04-28,0.0
2013-04-29,0.0
2013-04-30,0.0
2013-05-01,0.0
2013-05-02,0.0
2013-05-03,0.0
2013-05-04,0.0
2013-05-05,0.0
2013-05-06,0.0
2013-05-07,0.0
2013-05-08,0.0
2013-05-09,0.0
2013-05-10,0.0
2013-05-11,0.0
2013-05-12,0.0
2013-05-13,0.0
2013-05-14,0.0
2013-05-15,0.0
2013-05-16,0.8261373043060303
2013-05-17,3.4664664268493652
2013-05-18,0.6483618021011353
2013-05-19,0.0
2013-05-20,0.0
2013-05-21,0.22053705155849457
2013-05-22,1.6447911262512207
2013-05-23,0.043015964329242706
2013-05-24,2.1889259815216064
2013-05-25,0.27315133810043335
2013-05-26,0.0
2013-05-27,0.0
2013-05-28,0.0
2013-05-29,0.0
2013-05-30,0.0
2013-05-31,0.0
2013-06-01,0.0
2013-06-02,0.0
2013-06-03,0.0
2013-06-04,0.0
2013-06-05,0.0
2013-06-06,0.0
2013-06-07,0.0
2013-06-08,0.0
2013-06-09,0.0
2013-06-10,0.0
2013-06-11,0.0
2013-06-12,0.0
2013-06-13,0.0
2013-06-14,0.0
2013-06-15,0.0
2013-06-16,0.13512255251407623
2013-06-17,0.13512255251407623
2013-06-18,0.13512255251407623
2013-06-19,0.13512255251407623
2013-06-20,0.3603268265724182
2013-06-21,0.0
2013-06-22,1.6631091833114624
2013-06-23,2.0171523094177246
2013-06-24,1.3913049697875977
2013-06-25,0.2028481513261795
2013-06-26,0.0
2013-06-27,0.0
2013-06-28,0.0
2013-06-29,0.0
2013-06-30,0.0
2013-07-01,0.0
2013-07-02,0.0
2013-07-03,0.0
2013-07-04,0.0
2013-07-05,0.0
2013-07-06,0.015897737815976143
2013-07-07,0.07913284748792648
2013-07-08,0.004584480542689562
2013-07-09,0.0
2013-07-10,0.0
2013-07-11,0.0
2013-07-12,0.0
2013-07-13,0.0
2013-07-14,0.0
2013-07-15,0.0
2013-07-16,0.0
2013-07-17,0.0
2013-07-18,0.0
2013-07-19,0.0
2013-07-20,0.0
2013-07-21,0.0
2013-07-22,0.0
2013-07-23,0.0
2013-07-24,0.0
2013-07-25,0.0
2013-07-26,0.0
2013-07-27,0.0
2013-07-28,0.0
2013-07-29,0.0
2013-07-30,0.0
2013-07-31,0.0
2013-08-01,0.0
2013-08-02,0.0
2013-08-03,0.0
2013-08-04,0.0
2013-08-05,0.0
2013-08-06,0.7715082168579102
2013-08-07,2.0772552490234375
2013-08-08,0.10103084146976471
2013-08-09,1.330239176750183
2013-08-10,0.0551077276468277
2013-08-11,0.0
2013-08-12,0.0
2013-08-13,0.0
2013-08-14,0.0
2013-08-15,0.0
2013-08-16,0.0
2013-08-17,0.0
2013-08-18,0.0
2013-08-19,0.0
2013-08-20,0.0
2013-08-21,0.0
2013-08-22,0.1359616219997406
2013-08-23,5.021996021270752
2013-08-24,2.8087544441223145
2013-08-25,1.6753562688827515
2013-08-26,0.0
2013-08-27,0.0
2013-08-28,0.0
2013-08-29,0.0
2013-08-30,0.0
2013-08-31,0.0
2013-09-01,0.5741044878959656
2013-09-02,0.058055516332387924
2013-09-03,0.34295761585235596
2013-09-04,0.12793715298175812
2013-09-05,0.058055516332387924
2013-09-06,0.0
2013-09-07,0.0
2013-09-08,0.9756477475166321
2013-09-09,0.29231542348861694
2013-09-10,0.7712353467941284
2013-09-11,0.013093824498355389
2013-09-12,0.0
2013-09-13,1.953587293624878
2013-09-14,0.204452782869339
2013-09-15,0.0
2013-09-16,0.0
2013-09-17,0.0
2013-09-18,0.0
2013-09-19,0.0
2013-09-20,0.0
2013-09-21,0.11970280855894089
2013-09-22,0.11970280855894089
2013-09-23,0.3101390600204468
2013-09-24,0.11970280855894089
2013-09-25,0.12877120077610016
2013-09-26,1.2426631450653076
2013-09-27,0.9424676895141602
2013-09-28,0.18598805367946625
2013-09-29,0.6913122534751892
2013-09-30,0.05046175792813301
2013-10-01,0.028104988858103752
2013-10-02,0.002388967666774988
2013-10-03,0.07699853181838989
2013-10-04,4.2284836769104
2013-10-05,0.0
2013-10-06,0.04187633842229843
2013-10-07,0.10437347739934921
2013-10-08,0.0
2013-10-09,0.0
2013-10-10,0.22801998257637024
2013-10-11,0.059392739087343216
2013-10-12,0.3171072006225586
2013-10-13,0.10770969837903976
2013-10-14,0.3348747491836548
2013-10-15,0.20824944972991943
2013-10-16,0.0
2013-10-17,0.0
2013-10-18,0.0
2013-10-19,0.0
2013-10-20,0.0
2013-10-21,0.0
2013-10-22,0.8610758185386658
2013-10-23,2.693824529647827
2013-10-24,0.24511587619781494
2013-10-25,6.5040998458862305
2013-10-26,0.04490910470485687
2013-10-27,0.24952629208564758
2013-10-28,5.609579563140869
2013-10-29,0.8797948360443115
2013-10-30,4.276752948760986
2013-10-31,1.6868845224380493
2013-11-01,2.9270882606506348
2013-11-02,1.8444260358810425
2013-11-03,0.0
2013-11-04,0.3077074885368347
2013-11-05,0.03588130697607994
2013-11-06,0.0439547561109066
2013-11-07,0.0
2013-11-08,0.0
2013-11-09,1.8114811182022095
2013-11-10,0.13483549654483795
2013-11-11,0.0
2013-11-12,0.0
2013-11-13,0.0
2013-11-14,0.0
2013-11-15,0.0
2013-11-16,0.9049923419952393
2013-11-17,0.47748875617980957
2013-11-18,2.0421533584594727
2013-11-19,5.092894554138184
2013-11-20,0.011643541976809502
2013-11-21,0.40505146980285645
2013-11-22,6.417658805847168
2013-11-23,1.778856873512268
2013-11-24,0.01694309152662754
2013-11-25,0.12096507102251053
2013-11-26,0.39825156331062317
2013-11-27,2.5360429286956787
2013-11-28,0.06429381668567657
2013-11-29,0.0
2013-11-30,0.2895399034023285
2013-12-01,0.21218860149383545
2013-12-02,0.2687721848487854
2013-12-03,0.48096081614494324
2013-12-04,0.0
2013-12-05,0.0
2013-12-06,1.0203391313552856
2013-12-07,0.42060762643814087
2013-12-08,7.761919975280762
2013-12-09,10.155736923217773
2013-12-10,16.60673713684082
2013-12-11,1.2221022844314575
2013-12-12,3.7919540405273438
2013-12-13,2.399343490600586
2013-12-14,6.6205034255981445
2013-12-15,15.189879417419434
2013-12-16,0.0
2013-12-17,0.0
2013-12-18,0.0
2013-12-19,0.0
2013-12-20,0.0
2013-12-21,0.18298113346099854
2013-12-22,0.18298113346099854
2013-12-23,0.18298113346099854
2013-12-24,0.18298113346099854
2013-12-25,0.18298113346099854
2013-12-26,1.5646864175796509
2013-12-27,0.4800143539905548
2013-12-28,0.8890292048454285
2013-12-29,1.3309657573699951
2013-12-30,4.207754135131836
2013-12-31,10.385392189025879
2014-01-01,3.424896478652954
2014-01-02,5.514951229095459
2014-01-03,9.866329193115234
2014-01-04,2.483309030532837
2014-01-05,0.22706159949302673
2014-01-06,1.9665933847427368
2014-01-07,0.190124973654747
2014-01-08,0.0
2014-01-09,0.0
2014-01-10,0.001190373208373785
2014-01-11,2.0972325801849365
2014-01-12,0.9135745167732239
2014-01-13,3.6448965072631836
2014-01-14,11.441916465759277
2014-01-15,6.745072364807129
2014-01-16,0.1527314931154251
2014-01-17,0.9146401286125183
2014-01-18,7.500054836273193
2014-01-19,1.3379638195037842
2014-01-20,0.0
2014-01-21,0.18648096919059753
2014-01-22,0.2271825075149536
2014-01-23,1.5916465520858765
2014-01-24,11.33646297454834
2014-01-25,6.463585376739502
2014-01-26,2.5334625244140625
2014-01-27,3.0258066654205322
2014-01-28,1.4466561079025269
2014-01-29,3.5095880031585693
2014-01-30,4.004240989685059
2014-01-31,12.563459396362305
2014-02-01,10.150460243225098
2014-02-02,8.550369262695312
2014-02-03,5.779212951660156
2014-02-04,2.835833787918091
2014-02-05,1.689036250114441
2014-02-06,0.20046602189540863
2014-02-07,6.432941436767578
2014-02-08,6.426028251647949
2014-02-09,8.699289321899414
2014-02-10,5.448272705078125
2014-02-11,3.5043392181396484
2014-02-12,2.255250930786133
2014-02-13,1.9759607315063477
2014-02-14,0.0
2014-02-15,0.015020488761365414
2014-02-16,0.02649625390768051
2014-02-17,0.02526349388062954
2014-02-18,0.025484027341008186
2014-02-19,0.07072818279266357
2014-02-20,0.045706652104854584
2014-02-21,0.27969709038734436
2014-02-22,0.2598755657672882
2014-02-23,0.0
2014-02-24,0.01431315578520298
2014-02-25,0.0
2014-02-26,0.0
2014-02-27,0.0
2014-02-28,0.0
2014-03-01,0.07895494997501373
2014-03-02,0.22896933555603027
2014-03-03,0.8685044646263123
2014-03-04,0.07895494997501373
2014-03-05,0.32371529936790466
2014-03-06,0.653099775314331
2014-03-07,1.8827905654907227
2014-03-08,6.838571071624756
2014-03-09,0.0
2014-03-10,0.7497556805610657
2014-03-11,0.33304890990257263
2014-03-12,0.1963108777999878
2014-03-13,0.0
2014-03-14,0.0
2014-03-15,1.3389780521392822
2014-03-16,0.06254325062036514
2014-03-17,6.15643310546875
2014-03-18,0.9550557136535645
2014-03-19,0.36451491713523865
2014-03-20,0.0
2014-03-21,0.0
2014-03-22,0.0
2014-03-23,0.0
2014-03-24,0.0
2014-03-25,0.0
2014-03-26,0.0
2014-03-27,0.0
2014-03-28,0.0
2014-03-29,0.0
2014-03-30,0.0
2014-03-31,0.0
2014-04-01,0.39693111181259155
2014-04-02,0.8297934532165527
2014-04-03,3.138270854949951
2014-04-04,6.037057876586914
2014-04-05,0.0
2014-04-06,0.008941425010561943
2014-04-07,4.067808628082275
2014-04-08,0.45710596442222595
2014-04-09,3.5391626358032227
2014-04-10,4.848334789276123
2014-04-11,0.0
2014-04-12,0.0
2014-04-13,0.0
2014-04-14,0.0
2014-04-15,0.0
2014-04-16,0.4021715819835663
2014-04-17,0.0
2014-04-18,0.0
2014-04-19,0.014755895361304283
2014-04-20,5.83907413482666
2014-04-21,0.0
2014-04-22,1.6365749835968018
2014-04-23,2.6097075939178467
2014-04-24,1.5713506937026978
2014-04-25,0.7070096731185913
2014-04-26,0.0
2014-04-27,0.7332964539527893
2014-04-28,0.0
2014-04-29,0.0
2014-04-30,2.1998894214630127
2014-05-01,0.0
2014-05-02,0.0
2014-05-03,0.0
2014-05-04,0.0
2014-05-05,0.0
2014-05-06,0.0
2014-05-07,0.0
2014-05-08,0.0
2014-05-09,0.0
2014-05-10,0.0
2014-05-11,0.0
2014-05-12,0.0
2014-05-13,0.0
2014-05-14,0.0
2014-05-15,0.0
2014-05-16,0.0
2014-05-17,0.0
2014-05-18,0.0
2014-05-19,0.0
2014-05-20,0.0
2014-05-21,0.0
2014-05-22,3.976374387741089
2014-05-23,7.724192142486572
2014-05-24,0.08495988696813583
2014-05-25,0.0
2014-05-26,0.0
2014-05-27,0.0
2014-05-28,0.0
2014-05-29,0.0
2014-05-30,0.0
2014-05-31,0.0
2014-06-01,0.0
2014-06-02,0.0
2014-06-03,0.0
2014-06-04,0.0
2014-06-05,0.0
2014-06-06,0.0
2014-06-07,0.0
2014-06-08,0.0
2014-06-09,0.0
2014-06-10,0.0
2014-06-11,0.0
2014-06-12,0.0
2014-06-13,0.0
2014-06-14,0.0
2014-06-15,0.0
2014-06-16,0.0
2014-06-17,0.0
2014-06-18,0.0
2014-06-19,0.0
2014-06-20,0.0
2014-06-21,0.14144758880138397
2014-06-22,0.8486855626106262
2014-06-23,0.14144758880138397
2014-06-24,1.211371660232544
2014-06-25,0.48599937558174133
2014-06-26,0.0
2014-06-27,0.0
2014-06-28,0.0
2014-06-29,0.0
2014-06-30,0.0
2014-07-01,0.0
2014-07-02,0.0
2014-07-03,0.0
2014-07-04,0.0
2014-07-05,0.0
2014-07-06,0.0
2014-07-07,0.0
2014-07-08,0.0
2014-07-09,0.0
2014-07-10,0.0
2014-07-11,0.0
2014-07-12,0.0
2014-07-13,0.0
2014-07-14,0.0
2014-07-15,0.0
2014-07-16,0.0
2014-07-17,0.0
2014-07-18,0.0
2014-07-19,0.0
2014-07-20,0.0
2014-07-21,0.0
2014-07-22,0.0
2014-07-23,0.0
2014-07-24,0.0
2014-07-25,0.0
2014-07-26,0.0
2014-07-27,0.0
2014-07-28,0.0
2014-07-29,0.0
2014-07-30,0.0
2014-07-31,0.0
2014-08-01,0.0
2014-08-02,0.0
2014-08-03,0.0
2014-08-04,0.0
2014-08-05,0.0
2014-08-06,0.0
2014-08-07,0.0
2014-08-08,0.0
2014-08-09,0.0
2014-08-10,0.0
2014-08-11,0.0
2014-08-12,0.0
2014-08-13,0.0
2014-08-14,0.0
2014-08-15,0.0
2014-08-16,0.0
2014-08-17,0.0
2014-08-18,0.0
2014-08-19,0.0
2014-08-20,0.0
2014-08-21,0.011257973499596119
2014-08-22,0.011257973499596119
2014-08-23,0.011257973499596119
2014-08-24,0.011257973499596119
2014-08-25,0.030021265149116516
2014-08-26,0.0
2014-08-27,0.0
2014-08-28,0.0
2014-08-29,0.0
2014-08-30,0.0
2014-08-31,0.0
2014-09-01,0.054520174860954285
2014-09-02,0.0
2014-09-03,0.6604303121566772
2014-09-04,0.147375226020813
2014-09-05,0.14000099897384644
2014-09-06,0.0
2014-09-07,0.0
2014-09-08,0.0
2014-09-09,0.0
2014-09-10,0.0
2014-09-11,0.0
2014-09-12,5.053840637207031
2014-09-13,6.6490092277526855
2014-09-14,0.0
2014-09-15,0.0
2014-09-16,0.0
2014-09-17,0.0
2014-09-18,0.0
2014-09-19,0.0
2014-09-20,0.0
2014-09-21,0.0
2014-09-22,0.0
2014-09-23,0.0
2014-09-24,0.0
2014-09-25,0.0
2014-09-26,2.414254665374756
2014-09-27,1.0581871271133423
2014-09-28,2.992189645767212
2014-09-29,4.4424285888671875
2014-09-30,1.059917688369751
2014-10-01,11.680868148803711
2014-10-02,3.891619920730591
2014-10-03,0.007788720075041056
2014-10-04,0.0854639858007431
2014-10-05,1.1125781536102295
2014-10-06,1.6113221645355225
2014-10-07,14.356844902038574
2014-10-08,0.07270492613315582
2014-10-09,0.0
2014-10-10,0.050050586462020874
2014-10-11,0.1220032200217247
2014-10-12,5.801628589630127
2014-10-13,2.6764214038848877
2014-10-14,0.0
2014-10-15,0.0
2014-10-16,0.0
2014-10-17,0.0
2014-10-18,1.1531649827957153
2014-10-19,7.166229248046875
2014-10-20,7.783419609069824
2014-10-21,5.989797115325928
2014-10-22,7.90529203414917
2014-10-23,2.7868921756744385
2014-10-24,0.13688388466835022
2014-10-25,0.0
2014-10-26,0.0
2014-10-27,0.0
2014-10-28,3.9904799461364746
2014-10-29,4.4379777908325195
2014-10-30,1.0388315916061401
2014-10-31,9.451950073242188
2014-11-01,4.916072845458984
2014-11-02,4.824399471282959
2014-11-03,0.0
2014-11-04,2.967353582382202
2014-11-05,0.0
2014-11-06,0.25658610463142395
2014-11-07,0.0
2014-11-08,4.680257320404053
2014-11-09,0.4570498764514923
2014-11-10,1.9991395473480225
2014-11-11,2.602342367172241
2014-11-12,0.0715893805027008
2014-11-13,0.2810545861721039
2014-11-14,12.168933868408203
2014-11-15,0.0
2014-11-16,0.0
2014-11-17,0.0
2014-11-18,0.8888515830039978
2014-11-19,0.0
2014-11-20,0.42301061749458313
2014-11-21,0.0
2014-11-22,0.0
2014-11-23,0.0
2014-11-24,0.0
2014-11-25,0.0
2014-11-26,0.15648551285266876
2014-11-27,0.7455578446388245
2014-11-28,0.16954444348812103
2014-11-29,0.0023675228003412485
2014-11-30,0.10146705061197281
2014-12-01,9.616950035095215
2014-12-02,0.0
2014-12-03,0.07174279540777206
2014-12-04,0.0
2014-12-05,0.0
2014-12-06,0.0
2014-12-07,0.0
2014-12-08,0.46238330006599426
2014-12-09,2.918576955795288
2014-12-10,9.486818313598633
2014-12-11,0.0877184346318245
2014-12-12,0.8246802091598511
2014-12-13,6.136577129364014
2014-12-14,1.1255499124526978
2014-12-15,1.5346524715423584
2014-12-16,2.3714916706085205
2014-12-17,9.007553100585938
2014-12-18,6.315761089324951
2014-12-19,0.9221726059913635
2014-12-20,0.4352911114692688
2014-12-21,0.0
2014-12-22,0.1516944020986557
2014-12-23,0.8913918137550354
2014-12-24,0.0
2014-12-25,0.752975583076477
2014-12-26,2.077410936355591
2014-12-27,0.4010077714920044
2014-12-28,11.278005599975586
2014-12-29,4.677657127380371
2014-12-30,0.3937169909477234
2014-12-31,0.1935550421476364
2015-01-01,11.211461067199707
2015-01-02,21.842378616333008
2015-01-03,0.33581778407096863
2015-01-04,0.09359011054039001
2015-01-05,0.23221449553966522
2015-01-06,6.918538570404053
2015-01-07,11.955161094665527
2015-01-08,9.31091594696045
2015-01-09,1.0662165880203247
2015-01-10,8.27741813659668
2015-01-11,6.231917381286621
2015-01-12,2.6144046783447266
2015-01-13,9.903116226196289
2015-01-14,2.5152320861816406
2015-01-15,1.204192876815796
2015-01-16,3.3502116203308105
2015-01-17,3.489809274673462
2015-01-18,1.3437302112579346
2015-01-19,3.470640182495117
2015-01-20,0.3730945885181427
2015-01-21,3.361067295074463
2015-01-22,0.5513699650764465
2015-01-23,0.11232159286737442
2015-01-24,0.8694784641265869
2015-01-25,7.993185997009277
2015-01-26,0.0
2015-01-27,7.313318252563477
2015-01-28,5.005018711090088
2015-01-29,0.1735483855009079
2015-01-30,0.8030323386192322
2015-01-31,1.507220983505249
2015-02-01,5.805968284606934
2015-02-02,2.3530497550964355
2015-02-03,4.94787073135376
2015-02-04,3.8742458820343018
2015-02-05,5.828310966491699
2015-02-06,7.38064432144165
2015-02-07,0.0
2015-02-08,1.6447464227676392
2015-02-09,22.95829200744629
2015-02-10,2.223029613494873
2015-02-11,5.511662006378174
2015-02-12,11.276073455810547
2015-02-13,1.671447515487671
2015-02-14,11.01487922668457
2015-02-15,0.7422406077384949
2015-02-16,2.8884458541870117
2015-02-17,12.795217514038086
2015-02-18,2.7342565059661865
2015-02-19,0.0
2015-02-20,1.142121434211731
2015-02-21,0.0
2015-02-22,0.0
2015-02-23,0.0
2015-02-24,0.0
2015-02-25,0.0
2015-02-26,0.0
2015-02-27,7.925756931304932
2015-02-28,3.6222527027130127
2015-03-01,0.49088361859321594
2015-03-02,0.06396624445915222
2015-03-03,15.083535194396973
2015-03-04,0.10232266038656235
2015-03-05,3.4377942085266113
2015-03-06,0.003008907660841942
2015-03-07,0.26532235741615295
2015-03-08,3.5709609985351562
2015-03-09,0.228751078248024
2015-03-10,0.0
2015-03-11,0.9741206765174866
2015-03-12,0.0
2015-03-13,0.0
2015-03-14,0.687130331993103
2015-03-15,4.010271072387695
2015-03-16,0.0
2015-03-17,0.0
2015-03-18,0.0
2015-03-19,0.0
2015-03-20,0.0
2015-03-21,0.9164658784866333
2015-03-22,0.0
2015-03-23,0.2623622715473175
2015-03-24,0.011481759138405323
2015-03-25,14.443252563476562
2015-03-26,5.95918083190918
2015-03-27,6.027193069458008
2015-03-28,0.00597228342667222
2015-03-29,0.0
2015-03-30,0.0
2015-03-31,0.0
2015-04-01,0.0
2015-04-02,0.0
2015-04-03,0.4225473701953888
2015-04-04,0.0
2015-04-05,2.263619899749756
2015-04-06,0.0
2015-04-07,2.339151620864868
2015-04-08,9.204142570495605
2015-04-09,2.731926679611206
2015-04-10,0.08418664336204529
2015-04-11,0.5646654963493347
2015-04-12,4.008168697357178
2015-04-13,0.02195529267191887
2015-04-14,0.0
2015-04-15,0.18720926344394684
2015-04-16,2.055279493331909
2015-04-17,0.2471207082271576
2015-04-18,1.6835894584655762
2015-04-19,0.34328845143318176
2015-04-20,8.378355979919434
2015-04-21,3.6951637268066406
2015-04-22,2.0201220512390137
2015-04-23,1.6374585628509521
2015-04-24,7.804749011993408
2015-04-25,0.5238069295883179
2015-04-26,0.0008813785971142352
2015-04-27,1.5485082864761353
2015-04-28,0.0
2015-04-29,10.179210662841797
2015-04-30,0.07400976866483688
2015-05-01,0.0
2015-05-02,0.0
2015-05-03,0.0
2015-05-04,0.0
2015-05-05,0.0
2015-05-06,0.0
2015-05-07,0.0
2015-05-08,0.0
2015-05-09,0.0
2015-05-10,0.0
2015-05-11,0.0
2015-05-12,0.0
2015-05-13,0.0
2015-05-14,0.0
2015-05-15,0.0
2015-05-16,7.64995002746582
2015-05-17,0.0598100945353508
2015-05-18,0.0
2015-05-19,0.0
2015-05-20,0.0
2015-05-21,0.0
2015-05-22,0.0
2015-05-23,0.0
2015-05-24,0.0
2015-05-25,0.0
2015-05-26,0.0
2015-05-27,0.0
2015-05-28,0.0
2015-05-29,0.0
2015-05-30,0.0
2015-05-31,0.0
2015-06-01,0.0
2015-06-02,0.0
2015-06-03,0.0
2015-06-04,0.0
2015-06-05,0.0
2015-06-06,0.0
2015-06-07,0.0
2015-06-08,0.0
2015-06-09,0.0
2015-06-10,0.0
2015-06-11,0.0
2015-06-12,0.0
2015-06-13,0.0
2015-06-14,0.0
2015-06-15,0.0
2015-06-16,0.0
2015-06-17,0.0
2015-06-18,0.0
2015-06-19,0.0
2015-06-20,0.0
2015-06-21,0.0
2015-06-22,0.0
2015-06-23,0.0
2015-06-24,0.0
2015-06-25,0.0
2015-06-26,0.09323813766241074
2015-06-27,0.1514667123556137
2015-06-28,1.10166597366333
2015-06-29,0.0
2015-06-30,0.0
2015-07-01,0.4216238856315613
2015-07-02,0.4216238856315613
2015-07-03,0.4216238856315613
2015-07-04,0.4216238856315613
2015-07-05,1.1243304014205933
2015-07-06,0.5426710844039917
2015-07-07,0.21216925978660583
2015-07-08,0.1078343391418457
2015-07-09,0.1078343391418457
2015-07-10,0.1078343391418457
2015-07-11,0.0
2015-07-12,0.0
2015-07-13,0.0
2015-07-14,0.0
2015-07-15,0.0
2015-07-16,0.0
2015-07-17,0.0
2015-07-18,0.0
2015-07-19,0.0
2015-07-20,0.0
2015-07-21,0.0
2015-07-22,0.0
2015-07-23,0.0
2015-07-24,0.0
2015-07-25,0.0
2015-07-26,0.0
2015-07-27,0.0
2015-07-28,0.0
2015-07-29,0.0
2015-07-30,0.0
2015-07-31,0.0
2015-08-01,0.0
2015-08-02,0.0
2015-08-03,0.0
2015-08-04,0.0
2015-08-05,0.0
2015-08-06,0.0
2015-08-07,0.0
2015-08-08,0.0
2015-08-09,0.0
2015-08-10,0.0
2015-08-11,0.48766472935676575
2015-08-12,7.767187118530273
2015-08-13,0.10840073972940445
2015-08-14,0.2668725252151489
2015-08-15,0.0
2015-08-16,0.0
2015-08-17,0.0
2015-08-18,0.0
2015-08-19,0.3950973153114319
2015-08-20,0.04304727911949158
2015-08-21,0.0006393871735781431
2015-08-22,0.6250595450401306
2015-08-23,0.3134329915046692
2015-08-24,0.0
2015-08-25,0.0
2015-08-26,0.0
2015-08-27,0.0
2015-08-28,0.0
2015-08-29,0.0
2015-08-30,0.0
2015-08-31,0.0
2015-09-01,0.0
2015-09-02,0.0
2015-09-03,0.020303482189774513
2015-09-04,0.01653502695262432
2015-09-05,0.009468676522374153
2015-09-06,0.0
2015-09-07,0.0
2015-09-08,0.0
2015-09-09,0.0
2015-09-10,0.0
2015-09-11,0.0
2015-09-12,0.0
2015-09-13,0.0
2015-09-14,0.0
2015-09-15,0.0
2015-09-16,0.0
2015-09-17,0.0
2015-09-18,0.0
2015-09-19,0.0
2015-09-20,0.0
2015-09-21,0.22738976776599884
2015-09-22,0.22738976776599884
2015-09-23,1.3672243356704712
2015-09-24,0.22738976776599884
2015-09-25,2.498401641845703
2015-09-26,0.0
2015-09-27,0.0
2015-09-28,0.0
2015-09-29,0.0
2015-09-30,0.0
2015-10-01,0.0
2015-10-02,0.0019847548101097345
2015-10-03,1.1068873405456543
2015-10-04,0.00025537025067023933
2015-10-05,0.010415603406727314
2015-10-06,0.007179300766438246
2015-10-07,0.026252849027514458
2015-10-08,0.2052343338727951
2015-10-09,0.0
2015-10-10,0.0
2015-10-11,0.0
2015-10-12,0.0
2015-10-13,0.0
2015-10-14,0.0
2015-10-15,0.0
2015-10-16,0.0
2015-10-17,0.0
2015-10-18,0.0
2015-10-19,0.0
2015-10-20,0.0
2015-10-21,0.4262145459651947
2015-10-22,0.6395569443702698
2015-10-23,1.1821236610412598
2015-10-24,10.562774658203125
2015-10-25,0.4730525314807892
2015-10-26,0.04101577773690224
2015-10-27,0.09498445689678192
2015-10-28,0.06801393628120422
2015-10-29,0.823905885219574
2015-10-30,0.6273738145828247
2015-10-31,0.08817258477210999
2015-11-01,0.0
2015-11-02,0.0
2015-11-03,0.0
2015-11-04,0.0
2015-11-05,0.0
2015-11-06,0.047590333968400955
2015-11-07,0.0
2015-11-08,0.0
2015-11-09,0.016907501965761185
2015-11-10,3.760355234146118
2015-11-11,15.974761962890625
2015-11-12,3.9678938388824463
2015-11-13,13.611692428588867
2015-11-14,23.24889373779297
2015-11-15,1.3353348970413208
2015-11-16,0.0
2015-11-17,0.0
2015-11-18,0.0
2015-11-19,0.0
2015-11-20,0.0
2015-11-21,0.0
2015-11-22,0.0
2015-11-23,0.0
2015-11-24,0.0
2015-11-25,0.0
2015-11-26,5.419815540313721
2015-11-27,1.1959956884384155
2015-11-28,0.19117674231529236
2015-11-29,0.0
2015-11-30,0.0
2015-12-01,9.013731956481934
2015-12-02,0.4748285412788391
2015-12-03,0.0
2015-12-04,4.893920421600342
2015-12-05,0.15804904699325562
2015-12-06,3.51300311088562
2015-12-07,0.0
2015-12-08,0.0
2015-12-09,0.0
2015-12-10,0.0
2015-12-11,0.0
2015-12-12,0.0
2015-12-13,0.0
2015-12-14,0.0
2015-12-15,0.0
2015-12-16,0.006768642924726009
2015-12-17,7.131446361541748
2015-12-18,2.6984357833862305
2015-12-19,2.7669379711151123
2015-12-20,0.0011281071929261088
2015-12-21,0.1325078308582306
2015-12-22,2.0622973442077637
2015-12-23,0.04608968272805214
2015-12-24,7.118903160095215
2015-12-25,0.004089033231139183
2015-12-26,2.9222002029418945
2015-12-27,7.3695759773254395
2015-12-28,8.286957740783691
2015-12-29,0.45011138916015625
2015-12-30,17.152103424072266
2015-12-31,1.2069673538208008
2016-01-01,2.974372148513794
2016-01-02,7.018901348114014
2016-01-03,1.2106579542160034
2016-01-04,9.750565528869629
2016-01-05,14.490272521972656
2016-01-06,0.17756371200084686
2016-01-07,0.06373726576566696
2016-01-08,7.967527389526367
2016-01-09,3.51324462890625
2016-01-10,1.4176429510116577
2016-01-11,0.05857037380337715
2016-01-12,3.489450216293335
2016-01-13,2.6246795654296875
2016-01-14,0.8375667929649353
2016-01-15,1.943304181098938
2016-01-16,0.008346344344317913
2016-01-17,4.886812210083008
2016-01-18,0.15341077744960785
2016-01-19,0.01216522790491581
2016-01-20,0.0
2016-01-21,0.0
2016-01-22,0.0
2016-01-23,0.0
2016-01-24,0.0
2016-01-25,1.7708419561386108
2016-01-26,0.7964410185813904
2016-01-27,0.008133269846439362
2016-01-28,4.397926330566406
2016-01-29,6.601810932159424
2016-01-30,2.5904695987701416
2016-01-31,6.579761505126953
2016-02-01,0.0
2016-02-02,0.0
2016-02-03,0.0
2016-02-04,0.0
2016-02-05,0.0
2016-02-06,3.750084400177002
2016-02-07,0.23144099116325378
2016-02-08,4.949682712554932
2016-02-09,19.4228458404541
2016-02-10,1.5677108764648438
2016-02-11,0.09202888607978821
2016-02-12,0.026807522401213646
2016-02-13,9.199556350708008
2016-02-14,10.937223434448242
2016-02-15,0.4023844003677368
2016-02-16,0.0
2016-02-17,0.0
2016-02-18,10.232986450195312
2016-02-19,0.9484695792198181
2016-02-20,0.23399850726127625
2016-02-21,3.0757386684417725
2016-02-22,3.0300214290618896
2016-02-23,0.0
2016-02-24,0.4896625578403473
2016-02-25,0.3108617961406708
2016-02-26,12.067440032958984
2016-02-27,12.401703834533691
2016-02-28,0.503136396408081
2016-02-29,0.09665130078792572
2016-03-01,6.533073902130127
2016-03-02,1.4036918878555298
2016-03-03,0.2445201277732849
2016-03-04,3.2581050395965576
2016-03-05,0.0
2016-03-06,0.0
2016-03-07,0.0
2016-03-08,0.0
2016-03-09,0.0
2016-03-10,0.0
2016-03-11,0.0
2016-03-12,0.0
2016-03-13,0.0
2016-03-14,0.0
2016-03-15,0.0
2016-03-16,0.0
2016-03-17,0.0
2016-03-18,0.0
2016-03-19,0.0
2016-03-20,0.0
2016-03-21,0.0
2016-03-22,0.0
2016-03-23,0.0
2016-03-24,0.0
2016-03-25,0.0
2016-03-26,0.0
2016-03-27,0.0
2016-03-28,0.0
2016-03-29,0.0
2016-03-30,0.0
2016-03-31,0.0
2016-04-01,0.0
2016-04-02,0.0
2016-04-03,0.0
2016-04-04,0.0
2016-04-05,0.0
2016-04-06,6.053921222686768
2016-04-07,1.7015602588653564
2016-04-08,3.075073719024658
2016-04-09,10.542046546936035
2016-04-10,0.06523577868938446
2016-04-11,0.0
2016-04-12,0.0
2016-04-13,0.0
2016-04-14,0.0
2016-04-15,0.0
2016-04-16,0.20512238144874573
2016-04-17,13.745868682861328
2016-04-18,4.9894585609436035
2016-04-19,3.396984577178955
2016-04-20,2.8855907917022705
2016-04-21,7.165449142456055
2016-04-22,1.3458300828933716
2016-04-23,0.0
2016-04-24,0.0
2016-04-25,0.0
2016-04-26,0.0
2016-04-27,0.0
2016-04-28,0.0
2016-04-29,0.0
2016-04-30,0.0
2016-05-01,0.0
2016-05-02,0.0
2016-05-03,0.0
2016-05-04,0.0
2016-05-05,0.0
2016-05-06,0.0
2016-05-07,0.0
2016-05-08,0.0
2016-05-09,0.0
2016-05-10,0.0
2016-05-11,0.0
2016-05-12,0.0
2016-05-13,0.0
2016-05-14,0.0
2016-05-15,0.0
2016-05-16,0.0
2016-05-17,0.0
2016-05-18,0.0
2016-05-19,0.0
2016-05-20,0.0
2016-05-21,0.0
2016-05-22,0.0
2016-05-23,0.0
2016-05-24,0.0
2016-05-25,0.0
2016-05-26,0.0
2016-05-27,0.0
2016-05-28,0.0
2016-05-29,0.0
2016-05-30,0.0
2016-05-31,0.0
2016-06-01,0.0
2016-06-02,0.0
2016-06-03,0.0
2016-06-04,0.0
2016-06-05,0.0
2016-06-06,0.30961358547210693
2016-06-07,0.30961358547210693
2016-06-08,0.30961358547210693
2016-06-09,0.30961358547210693
2016-06-10,1.8576816320419312
2016-06-11,1.67546546459198
2016-06-12,0.10471659153699875
2016-06-13,0.10471659153699875
2016-06-14,0.10471659153699875
2016-06-15,0.10471659153699875
2016-06-16,0.0
2016-06-17,0.0
2016-06-18,0.0
2016-06-19,0.0
2016-06-20,0.0
2016-06-21,0.3514038026332855
2016-06-22,0.3514038026332855
2016-06-23,0.3514038026332855
2016-06-24,0.3514038026332855
2016-06-25,0.3514038026332855
2016-06-26,0.0
2016-06-27,0.0
2016-06-28,0.0
2016-06-29,0.0
2016-06-30,0.0
2016-07-01,0.0
2016-07-02,0.10155843943357468
2016-07-03,0.5090638399124146
2016-07-04,0.9596367478370667
2016-07-05,0.0063522448763251305
2016-07-06,0.0
2016-07-07,0.0
2016-07-08,0.0
2016-07-09,0.0
2016-07-10,0.0
2016-07-11,0.0
2016-07-12,0.0
2016-07-13,0.0
2016-07-14,0.0
2016-07-15,0.0
2016-07-16,0.0
2016-07-17,0.0
2016-07-18,0.0
2016-07-19,0.0
2016-07-20,0.0
2016-07-21,0.0
2016-07-22,0.0
2016-07-23,0.0
2016-07-24,0.0
2016-07-25,0.0
2016-07-26,0.0
2016-07-27,0.0
2016-07-28,0.0
2016-07-29,0.0
2016-07-30,0.0
2016-07-31,0.0
2016-08-01,0.0
2016-08-02,0.0
2016-08-03,0.0
2016-08-04,0.0
2016-08-05,0.0
2016-08-06,0.0
2016-08-07,0.0
2016-08-08,0.0
2016-08-09,0.0
2016-08-10,0.0
2016-08-11,0.0
2016-08-12,0.0
2016-08-13,0.0
2016-08-14,0.0
2016-08-15,0.0
2016-08-16,0.0
2016-08-17,0.0
2016-08-18,0.0
2016-08-19,0.0
2016-08-20,0.0
2016-08-21,0.016030922532081604
2016-08-22,0.016030922532081604
2016-08-23,0.016030922532081604
2016-08-24,0.016030922532081604
2016-08-25,0.016030922532081604
2016-08-26,0.0
2016-08-27,9.754656791687012
2016-08-28,1.4491792917251587
2016-08-29,0.0
2016-08-30,0.0
2016-08-31,0.0
2016-09-01,0.002153129782527685
2016-09-02,0.061148472130298615
2016-09-03,0.0
2016-09-04,0.0
2016-09-05,0.0
2016-09-06,0.0
2016-09-07,0.0
2016-09-08,0.0
2016-09-09,0.0
2016-09-10,0.0
2016-09-11,0.0
2016-09-12,0.0
2016-09-13,0.0
2016-09-14,0.0
2016-09-15,0.0
2016-09-16,0.0
2016-09-17,0.0
2016-09-18,1.3728748559951782
2016-09-19,0.33896294236183167
2016-09-20,7.131924152374268
2016-09-21,0.0
2016-09-22,0.0
2016-09-23,0.0
2016-09-24,0.0
2016-09-25,0.0
2016-09-26,0.0
2016-09-27,0.0
2016-09-28,0.0
2016-09-29,0.0
2016-09-30,0.0
2016-10-01,0.38851505517959595
2016-10-02,0.3458945155143738
2016-10-03,2.5838708877563477
2016-10-04,0.0065653217025101185
2016-10-05,0.0
2016-10-06,0.0
2016-10-07,0.0
2016-10-08,0.0
2016-10-09,0.0
2016-10-10,0.0
2016-10-11,0.0
2016-10-12,0.0
2016-10-13,0.0
2016-10-14,0.0
2016-10-15,0.0
2016-10-16,2.666260242462158
2016-10-17,5.152112007141113
2016-10-18,0.033260688185691833
2016-10-19,1.2959582805633545
2016-10-20,2.1166951656341553
2016-10-21,0.0
2016-10-22,0.0
2016-10-23,0.0
2016-10-24,0.0
2016-10-25,0.0
2016-10-26,0.0
2016-10-27,0.0
2016-10-28,0.0
2016-10-29,0.0
2016-10-30,0.0
2016-10-31,0.0
2016-11-01,0.0
2016-11-02,0.0
2016-11-03,0.0
2016-11-04,0.0
2016-11-05,0.0
2016-11-06,0.0
2016-11-07,0.0
2016-11-08,0.0
2016-11-09,0.0
2016-11-10,0.0
2016-11-11,0.0
2016-11-12,0.0
2016-11-13,0.0
2016-11-14,0.0
2016-11-15,0.0
2016-11-16,0.0
2016-11-17,0.0
2016-11-18,0.0
2016-11-19,0.0
2016-11-20,0.0
2016-11-21,0.026614928618073463
2016-11-22,0.0627751275897026
2016-11-23,0.00021887148614041507
2016-11-24,0.22619152069091797
2016-11-25,4.852192401885986
2016-11-26,7.135169506072998
2016-11-27,2.60762357711792
2016-11-28,1.0636669397354126
2016-11-29,2.576137065887451
2016-11-30,0.7529603838920593
2016-12-01,2.968930721282959
2016-12-02,1.090811014175415
2016-12-03,0.20677711069583893
2016-12-04,4.698380470275879
2016-12-05,6.675806999206543
2016-12-06,13.7449951171875
2016-12-07,0.19313043355941772
2016-12-08,5.389963626861572
2016-12-09,0.5339730978012085
2016-12-10,0.0
2016-12-11,0.0
2016-12-12,0.0
2016-12-13,0.0
2016-12-14,0.0
2016-12-15,0.0
2016-12-16,0.0
2016-12-17,0.0
2016-12-18,0.027813173830509186
2016-12-19,0.7025117874145508
2016-12-20,0.290502667427063
2016-12-21,0.0
2016-12-22,0.0
2016-12-23,0.0
2016-12-24,0.6665698885917664
2016-12-25,7.661736488342285
2016-12-26,6.972043991088867
2016-12-27,4.261889934539795
2016-12-28,0.734668493270874
2016-12-29,4.486556529998779
2016-12-30,1.43538498878479
2016-12-31,1.5964349508285522
2017-01-01,7.210561275482178
2017-01-02,2.3866772651672363
2017-01-03,0.08464013040065765
2017-01-04,0.4047396779060364
2017-01-05,5.178746223449707
2017-01-06,4.467846393585205
2017-01-07,4.251763820648193
2017-01-08,3.257723569869995
2017-01-09,2.1301138401031494
2017-01-10,15.802802085876465
2017-01-11,2.215388536453247
2017-01-12,2.8181087970733643
2017-01-13,0.08978312462568283
2017-01-14,0.6199010014533997
2017-01-15,3.1565630435943604
2017-01-16,5.02913236618042
2017-01-17,0.0
2017-01-18,0.015757672488689423
2017-01-19,0.04412148520350456
2017-01-20,0.0
2017-01-21,0.0
2017-01-22,0.0
2017-01-23,0.0
2017-01-24,0.0
2017-01-25,0.0
2017-01-26,0.07527832686901093
2017-01-27,0.0702047273516655
2017-01-28,0.0
2017-01-29,0.0
2017-01-30,1.936343789100647
2017-01-31,1.8769278526306152
2017-02-01,15.468611717224121
2017-02-02,0.3667111396789551
2017-02-03,0.0
2017-02-04,2.740494966506958
2017-02-05,0.18967817723751068
2017-02-06,0.04039296135306358
2017-02-07,0.01016300544142723
2017-02-08,2.192471981048584
2017-02-09,0.9560027718544006
2017-02-10,7.228903293609619
2017-02-11,0.05105730891227722
2017-02-12,1.1523633003234863
2017-02-13,0.9885804057121277
2017-02-14,0.0
2017-02-15,5.762499809265137
2017-02-16,0.49202534556388855
2017-02-17,2.0265395641326904
2017-02-18,6.917027473449707
2017-02-19,3.9485902786254883
2017-02-20,1.0024646520614624
2017-02-21,0.0
2017-02-22,0.0
2017-02-23,0.0
2017-02-24,0.0
2017-02-25,0.0
2017-02-26,1.0876526832580566
2017-02-27,0.5050835609436035
2017-02-28,1.6619352102279663
2017-03-01,5.163487434387207
2017-03-02,0.4416774809360504
2017-03-03,7.566995143890381
2017-03-04,0.0
2017-03-05,0.0
2017-03-06,0.039343055337667465
2017-03-07,0.0
2017-03-08,0.0
2017-03-09,10.414137840270996
2017-03-10,8.019598960876465
2017-03-11,0.5732657313346863
2017-03-12,0.1122959777712822
2017-03-13,0.055066756904125214
2017-03-14,0.0036342130042612553
2017-03-15,3.0609827041625977
2017-03-16,4.135125160217285
2017-03-17,0.2082350254058838
2017-03-18,0.0
2017-03-19,0.0
2017-03-20,0.0
2017-03-21,0.0
2017-03-22,11.144916534423828
2017-03-23,8.261628150939941
2017-03-24,14.282876968383789
2017-03-25,0.018193017691373825
2017-03-26,1.475101351737976
2017-03-27,1.5191524028778076
2017-03-28,0.5553799867630005
2017-03-29,0.03171377256512642
2017-03-30,4.793612480163574
2017-03-31,6.423425674438477
2017-04-01,6.502145290374756
2017-04-02,4.549172878265381
2017-04-03,0.168890580534935
2017-04-04,0.0
2017-04-05,0.0
2017-04-06,0.0
2017-04-07,0.0
2017-04-08,4.92753267288208
2017-04-09,0.0
2017-04-10,0.4673401415348053
2017-04-11,0.0
2017-04-12,0.0
2017-04-13,0.0
2017-04-14,0.0
2017-04-15,0.0
2017-04-16,0.0
2017-04-17,5.976563453674316
2017-04-18,0.09886326640844345
2017-04-19,1.1402370929718018
2017-04-20,0.0
2017-04-21,0.4269990026950836
2017-04-22,0.4269990026950836
2017-04-23,0.4269990026950836
2017-04-24,1.9365915060043335
2017-04-25,5.322391986846924
2017-04-26,0.0
2017-04-27,0.0
2017-04-28,0.0
2017-04-29,0.0
2017-04-30,0.0
2017-05-01,0.0
2017-05-02,0.0
2017-05-03,0.0
2017-05-04,0.0
2017-05-05,0.0
2017-05-06,0.0
2017-05-07,0.0
2017-05-08,0.0
2017-05-09,0.0
2017-05-10,0.0
2017-05-11,0.0
2017-05-12,0.0
2017-05-13,0.0
2017-05-14,0.0
2017-05-15,0.0
2017-05-16,0.0
2017-05-17,1.5445680618286133
2017-05-18,0.00882408581674099
2017-05-19,0.0
2017-05-20,8.472190856933594
2017-05-21,0.008005252107977867
2017-05-22,0.5378623604774475
2017-05-23,4.413691520690918
2017-05-24,5.938273906707764
2017-05-25,0.501646101474762
2017-05-26,0.6850364804267883
2017-05-27,2.509983777999878
2017-05-28,0.572225034236908
2017-05-29,1.5491033792495728
2017-05-30,4.5375237464904785
2017-05-31,0.0
2017-06-01,0.0
2017-06-02,0.0
2017-06-03,0.0
2017-06-04,0.0
2017-06-05,0.0
2017-06-06,0.0
2017-06-07,0.0
2017-06-08,0.0
2017-06-09,0.0
2017-06-10,0.0
2017-06-11,0.0
2017-06-12,0.0
2017-06-13,0.0
2017-06-14,0.0
2017-06-15,0.0
2017-06-16,0.0
2017-06-17,0.0
2017-06-18,0.0
2017-06-19,0.0
2017-06-20,0.0
2017-06-21,0.0
2017-06-22,0.0
2017-06-23,0.0
2017-06-24,0.0
2017-06-25,0.0
2017-06-26,0.0
2017-06-27,0.0
2017-06-28,0.0
2017-06-29,0.0
2017-06-30,0.0
2017-07-01,0.0
2017-07-02,0.0
2017-07-03,0.0
2017-07-04,0.0
2017-07-05,0.0
2017-07-06,0.0
2017-07-07,0.0
2017-07-08,0.0
2017-07-09,0.0
2017-07-10,0.0
2017-07-11,0.0
2017-07-12,0.0
2017-07-13,0.0
2017-07-14,0.0
2017-07-15,0.0
2017-07-16,0.0
2017-07-17,0.0
2017-07-18,0.0
2017-07-19,0.0
2017-07-20,0.0
2017-07-21,0.0
2017-07-22,0.0
2017-07-23,0.0
2017-07-24,0.0
2017-07-25,0.0
2017-07-26,0.0
2017-07-27,0.0
2017-07-28,0.0
2017-07-29,0.0
2017-07-30,0.0
2017-07-31,0.0
2017-08-01,0.0
2017-08-02,0.0
2017-08-03,0.0
2017-08-04,0.0
2017-08-05,0.0
2017-08-06,0.0
2017-08-07,0.0
2017-08-08,0.0
2017-08-09,0.0
2017-08-10,0.0
2017-08-11,0.0
2017-08-12,0.0
2017-08-13,0.0
2017-08-14,0.0
2017-08-15,0.0
2017-08-16,0.0
2017-08-17,0.0
2017-08-18,0.0
2017-08-19,0.0
2017-08-20,0.0
2017-08-21,0.021191542968153954
2017-08-22,0.021191542968153954
2017-08-23,0.021191542968153954
2017-08-24,0.021191542968153954
2017-08-25,0.021191542968153954
2017-08-26,0.0
2017-08-27,0.0
2017-08-28,0.0
2017-08-29,0.0
2017-08-30,0.0
2017-08-31,0.0
2017-09-01,0.0
2017-09-02,0.0
2017-09-03,0.0034250409808009863
2017-09-04,1.7044248580932617
2017-09-05,0.03954365476965904
2017-09-06,5.2694549560546875
2017-09-07,0.0
2017-09-08,0.5235179662704468
2017-09-09,0.12421577423810959
2017-09-10,0.0
2017-09-11,0.0
2017-09-12,0.0
2017-09-13,0.0
2017-09-14,0.0
2017-09-15,0.0
2017-09-16,0.0
2017-09-17,0.0
2017-09-18,0.0
2017-09-19,0.0
2017-09-20,0.0
2017-09-21,0.0
2017-09-22,0.0
2017-09-23,0.0
2017-09-24,0.0
2017-09-25,0.0
2017-09-26,0.0
2017-09-27,0.0
2017-09-28,0.0
2017-09-29,0.0
2017-09-30,0.0
2017-10-01,0.0
2017-10-02,0.0
2017-10-03,0.0
2017-10-04,0.0
2017-10-05,0.0
2017-10-06,1.2870757579803467
2017-10-07,0.11045918613672256
2017-10-08,0.9617292284965515
2017-10-09,2.8490774631500244
2017-10-10,9.676713943481445
2017-10-11,0.8173674941062927
2017-10-12,0.13439832627773285
2017-10-13,0.6799502968788147
2017-10-14,0.7895726561546326
2017-10-15,9.805176734924316
2017-10-16,4.462993621826172
2017-10-17,0.11952013522386551
2017-10-18,0.0
2017-10-19,0.150576651096344
2017-10-20,0.0
2017-10-21,0.08532804995775223
2017-10-22,0.0358625166118145
2017-10-23,0.0358625166118145
2017-10-24,0.16570957005023956
2017-10-25,0.3944877088069916
2017-10-26,0.0
2017-10-27,0.919959545135498
2017-10-28,0.38989049196243286
2017-10-29,0.0
2017-10-30,0.0
2017-10-31,0.9663411974906921
2017-11-01,0.0
2017-11-02,3.756254196166992
2017-11-03,0.07365204393863678
2017-11-04,0.0
2017-11-05,0.0
2017-11-06,0.0013762854505330324
2017-11-07,0.0
2017-11-08,1.7605478763580322
2017-11-09,0.49569204449653625
2017-11-10,0.9628911018371582
2017-11-11,0.9581331610679626
2017-11-12,0.7041226625442505
2017-11-13,1.8416690826416016
2017-11-14,2.6646878719329834
2017-11-15,0.0
2017-11-16,2.603898048400879
2017-11-17,0.0
2017-11-18,0.0
2017-11-19,0.0015203921357169747
2017-11-20,0.0
2017-11-21,0.0
2017-11-22,0.0
2017-11-23,0.0
2017-11-24,0.0
2017-11-25,0.0
2017-11-26,0.5172537565231323
2017-11-27,1.3026831150054932
2017-11-28,0.0006554378196597099
2017-11-29,3.886500120162964
2017-11-30,0.107951819896698
2017-12-01,0.0
2017-12-02,2.1441280841827393
2017-12-03,3.7823269367218018
2017-12-04,6.304498672485352
2017-12-05,1.8851227760314941
2017-12-06,0.13653115928173065
2017-12-07,0.21412549912929535
2017-12-08,5.858698844909668
2017-12-09,6.917423248291016
2017-12-10,0.03911677375435829
2017-12-11,0.0
2017-12-12,0.0
2017-12-13,0.0
2017-12-14,0.0
2017-12-15,0.0
2017-12-16,0.01489400863647461
2017-12-17,6.653496265411377
2017-12-18,5.7974395751953125
2017-12-19,1.3726308345794678
2017-12-20,4.064139366149902
2017-12-21,13.791072845458984
2017-12-22,0.47600528597831726
2017-12-23,7.760082244873047
2017-12-24,6.866744518280029
2017-12-25,0.24150310456752777
2017-12-26,1.3632123470306396
2017-12-27,0.05435891076922417
2017-12-28,0.17941322922706604
2017-12-29,0.01538794580847025
2017-12-30,5.504116535186768
2017-12-31,8.444005012512207
2018-01-01,13.785649299621582
2018-01-02,1.6581165790557861
2018-01-03,0.0
2018-01-04,0.0682939812541008
2018-01-05,0.034064486622810364
2018-01-06,0.0
2018-01-07,0.0
2018-01-08,0.0
2018-01-09,0.0
2018-01-10,0.0
2018-01-11,4.050447940826416
2018-01-12,0.5749173164367676
2018-01-13,7.513453483581543
2018-01-14,11.631816864013672
2018-01-15,0.04725772514939308
2018-01-16,0.0
2018-01-17,0.0
2018-01-18,0.8190340399742126
2018-01-19,17.77254295349121
2018-01-20,8.03445053100586
2018-01-21,4.374546527862549
2018-01-22,1.044719934463501
2018-01-23,8.289637565612793
2018-01-24,8.65145492553711
2018-01-25,7.124981880187988
2018-01-26,5.067346096038818
2018-01-27,0.1545817106962204
2018-01-28,2.6729273796081543
2018-01-29,7.584946155548096
2018-01-30,2.1359806060791016
2018-01-31,19.889921188354492
2018-02-01,0.44814133644104004
2018-02-02,0.10529424995183945
2018-02-03,0.013888155110180378
2018-02-04,0.003733375109732151
2018-02-05,0.0
2018-02-06,0.2200424075126648
2018-02-07,5.984503269195557
2018-02-08,7.585995197296143
2018-02-09,2.6986522674560547
2018-02-10,2.4207143783569336
2018-02-11,6.427550315856934
2018-02-12,0.3005794882774353
2018-02-13,0.14208275079727173
2018-02-14,0.5652924180030823
2018-02-15,2.511012315750122
2018-02-16,1.3135249614715576
2018-02-17,1.0559571981430054
2018-02-18,2.860072135925293
2018-02-19,0.0
2018-02-20,0.0
2018-02-21,8.969931602478027
2018-02-22,0.0
2018-02-23,1.9955720901489258
2018-02-24,0.8826680779457092
2018-02-25,0.6212971210479736
2018-02-26,0.957427442073822
2018-02-27,0.747235119342804
2018-02-28,12.041754722595215
2018-03-01,0.0
2018-03-02,2.3978800773620605
2018-03-03,8.87539291381836
2018-03-04,4.890146732330322
2018-03-05,1.6966142654418945
2018-03-06,7.314117908477783
2018-03-07,9.904622077941895
2018-03-08,10.937786102294922
2018-03-09,0.0
2018-03-10,0.0
2018-03-11,0.0
2018-03-12,0.0
2018-03-13,3.0827271938323975
2018-03-14,6.873085975646973
2018-03-15,6.725754737854004
2018-03-16,3.864316940307617
2018-03-17,0.0
2018-03-18,2.5408501625061035
2018-03-19,0.3496365249156952
2018-03-20,0.002958739874884486
2018-03-21,0.0
2018-03-22,0.0
2018-03-23,0.0013233432546257973
2018-03-24,1.9379920959472656
2018-03-25,3.5366790294647217
2018-03-26,0.019801229238510132
2018-03-27,0.0
2018-03-28,0.4041113257408142
2018-03-29,0.31332170963287354
2018-03-30,0.08752396702766418
2018-03-31,0.0033659539185464382
2018-04-01,0.0
2018-04-02,0.0
2018-04-03,0.0
2018-04-04,0.0
2018-04-05,0.0
2018-04-06,0.0
2018-04-07,0.0
2018-04-08,0.0
2018-04-09,0.0
2018-04-10,0.0
2018-04-11,0.0
2018-04-12,0.0
2018-04-13,0.0
2018-04-14,0.0
2018-04-15,0.0
2018-04-16,0.0
2018-04-17,0.0
2018-04-18,0.0
2018-04-19,0.0
2018-04-20,0.0
2018-04-21,0.0
2018-04-22,0.0
2018-04-23,0.0
2018-04-24,0.0
2018-04-25,0.0
2018-04-26,0.015895303338766098
2018-04-27,9.79430103302002
2018-04-28,10.432610511779785
2018-04-29,0.08292330056428909
2018-04-30,1.0905425548553467
2018-05-01,0.020711040124297142
2018-05-02,0.829136848449707
2018-05-03,0.0
2018-05-04,0.01642068289220333
2018-05-05,0.0
2018-05-06,12.09604263305664
2018-05-07,0.0
2018-05-08,0.0
2018-05-09,0.0
2018-05-10,2.6356775760650635
2018-05-11,0.0
2018-05-12,0.0
2018-05-13,0.0
2018-05-14,0.0
2018-05-15,0.0
2018-05-16,0.0
2018-05-17,0.0
2018-05-18,0.0
2018-05-19,0.0
2018-05-20,0.0
2018-05-21,0.0
2018-05-22,0.0
2018-05-23,0.0
2018-05-24,0.0
2018-05-25,0.0
2018-05-26,0.0
2018-05-27,0.0
2018-05-28,0.0
2018-05-29,0.0
2018-05-30,0.0
2018-05-31,0.0
2018-06-01,0.4715898931026459
2018-06-02,0.4715898931026459
2018-06-03,0.4715898931026459
2018-06-04,7.545438289642334
2018-06-05,0.4715898931026459
2018-06-06,0.0
2018-06-07,0.0
2018-06-08,0.0
2018-06-09,0.0
2018-06-10,0.0
2018-06-11,0.0
2018-06-12,0.0
2018-06-13,0.0
2018-06-14,0.0
2018-06-15,0.0
2018-06-16,0.0
2018-06-17,0.0
2018-06-18,0.0
2018-06-19,0.0
2018-06-20,0.0
2018-06-21,0.0
2018-06-22,0.0
2018-06-23,0.0
2018-06-24,0.052114591002464294
2018-06-25,0.052114591002464294
2018-06-26,0.0
2018-06-27,0.0
2018-06-28,0.0
2018-06-29,0.0
2018-06-30,0.0
2018-07-01,0.0
2018-07-02,0.0
2018-07-03,0.0
2018-07-04,0.0
2018-07-05,0.0
2018-07-06,0.0
2018-07-07,0.0
2018-07-08,0.0
2018-07-09,0.0
2018-07-10,0.0
2018-07-11,0.0
2018-07-12,0.0
2018-07-13,0.35090914368629456
2018-07-14,0.12247463315725327
2018-07-15,0.0
2018-07-16,0.0
2018-07-17,0.0
2018-07-18,0.024127550423145294
2018-07-19,0.45242905616760254
2018-07-20,0.03689121454954147
2018-07-21,1.3307054042816162
2018-07-22,1.4990057945251465
2018-07-23,0.23403073847293854
2018-07-24,0.09567293524742126
2018-07-25,0.16902220249176025
2018-07-26,0.37356898188591003
2018-07-27,0.0024739669170230627
2018-07-28,0.0
2018-07-29,0.0
2018-07-30,0.0
2018-07-31,0.0
2018-08-01,0.0
2018-08-02,0.28507426381111145
2018-08-03,4.074599742889404
2018-08-04,3.627565860748291
2018-08-05,2.4110703468322754
2018-08-06,0.0
2018-08-07,0.0
2018-08-08,0.0
2018-08-09,0.0
2018-08-10,0.0
2018-08-11,0.0
2018-08-12,0.0
2018-08-13,0.0
2018-08-14,1.177686333656311
2018-08-15,0.0
2018-08-16,0.0
2018-08-17,0.0
2018-08-18,0.0
2018-08-19,0.0
2018-08-20,0.0
2018-08-21,1.637084722518921
2018-08-22,0.272847443819046
2018-08-23,0.272847443819046
2018-08-24,0.272847443819046
2018-08-25,3.001321792602539
2018-08-26,0.0
2018-08-27,0.0
2018-08-28,0.0
2018-08-29,0.0
2018-08-30,0.0
2018-08-31,0.0
2018-09-01,0.0
2018-09-02,0.0
2018-09-03,0.0
2018-09-04,0.0
2018-09-05,0.0
2018-09-06,0.0
2018-09-07,0.0
2018-09-08,0.0
2018-09-09,0.0
2018-09-10,0.0
2018-09-11,0.0
2018-09-12,0.0
2018-09-13,0.0
2018-09-14,0.0
2018-09-15,0.0
2018-09-16,0.0
2018-09-17,0.0
2018-09-18,0.0
2018-09-19,0.0
2018-09-20,0.0
2018-09-21,0.7111132144927979
2018-09-22,0.11524669826030731
2018-09-23,0.48626452684402466
2018-09-24,1.553958535194397
2018-09-25,0.09239289164543152
2018-09-26,0.0
2018-09-27,0.0
2018-09-28,0.0
2018-09-29,0.0
2018-09-30,0.0
2018-10-01,0.0
2018-10-02,0.35358357429504395
2018-10-03,0.27364131808280945
2018-10-04,0.103542760014534
2018-10-05,7.341216087341309
2018-10-06,0.9355615377426147
2018-10-07,0.7913365364074707
2018-10-08,0.7789816856384277
2018-10-09,0.008096792735159397
2018-10-10,4.3466877937316895
2018-10-11,0.07118156552314758
2018-10-12,0.0
2018-10-13,11.104997634887695
2018-10-14,6.614588260650635
2018-10-15,0.0
2018-10-16,0.0
2018-10-17,0.2435978353023529
2018-10-18,7.244920253753662
2018-10-19,0.2511531412601471
2018-10-20,0.09367106854915619
2018-10-21,0.013023641891777515
2018-10-22,0.04939532279968262
2018-10-23,19.95692253112793
2018-10-24,0.5506124496459961
2018-10-25,8.394625663757324
2018-10-26,0.03366902098059654
2018-10-27,0.0
2018-10-28,0.054573334753513336
2018-10-29,0.0
2018-10-30,0.4422588050365448
2018-10-31,1.8621649742126465
2018-11-01,0.07867787778377533
2018-11-02,0.0
2018-11-03,4.19802188873291
2018-11-04,3.941770553588867
2018-11-05,1.3513550758361816
2018-11-06,3.876593589782715
2018-11-07,3.5544543266296387
2018-11-08,7.215228080749512
2018-11-09,0.0
2018-11-10,0.0
2018-11-11,0.0
2018-11-12,7.075274467468262
2018-11-13,0.16080841422080994
2018-11-14,0.0
2018-11-15,0.2976900339126587
2018-11-16,0.0
2018-11-17,0.08189352601766586
2018-11-18,11.535635948181152
2018-11-19,1.765099287033081
2018-11-20,1.4050230979919434
2018-11-21,0.0
2018-11-22,0.0
2018-11-23,0.0
2018-11-24,0.0
2018-11-25,0.0
2018-11-26,0.6882697343826294
2018-11-27,0.11610835790634155
2018-11-28,1.370371699333191
2018-11-29,1.1807957887649536
2018-11-30,0.6629255414009094
2018-12-01,0.0
2018-12-02,0.0
2018-12-03,0.0
2018-12-04,0.0
2018-12-05,0.0
2018-12-06,1.6148264408111572
2018-12-07,0.3433816730976105
2018-12-08,3.724400520324707
2018-12-09,8.813248634338379
2018-12-10,5.870760917663574
2018-12-11,1.135121464729309
2018-12-12,3.598654270172119
2018-12-13,7.123896598815918
2018-12-14,0.0
2018-12-15,0.7028576731681824
2018-12-16,1.342531681060791
2018-12-17,14.434378623962402
2018-12-18,3.2869699001312256
2018-12-19,4.604801654815674
2018-12-20,1.3375121355056763
2018-12-21,9.876723289489746
2018-12-22,0.9787020087242126
2018-12-23,0.27808883786201477
2018-12-24,0.08557482063770294
2018-12-25,5.08234977722168
2018-12-26,6.221576690673828
2018-12-27,1.5363273620605469
2018-12-28,1.737326979637146
2018-12-29,13.999696731567383
2018-12-30,0.581633448600769
2018-12-31,0.7654476165771484
2019-01-01,0.7949904203414917
2019-01-02,0.23861245810985565
2019-01-03,7.420590400695801
2019-01-04,3.6031506061553955
2019-01-05,2.466826915740967
2019-01-06,0.31483688950538635
2019-01-07,0.0
2019-01-08,0.9976728558540344
2019-01-09,5.292797088623047
2019-01-10,3.9232797622680664
2019-01-11,0.10042721778154373
2019-01-12,0.2501254677772522
2019-01-13,3.005140781402588
2019-01-14,0.24173198640346527
2019-01-15,8.980313301086426
2019-01-16,0.0321664921939373
2019-01-17,0.10579429566860199
2019-01-18,6.142085075378418
2019-01-19,0.0
2019-01-20,0.0
2019-01-21,0.0
2019-01-22,0.0
2019-01-23,0.0
2019-01-24,0.0
2019-01-25,0.0
2019-01-26,0.013611964881420135
2019-01-27,4.323360443115234
2019-01-28,0.14024820923805237
2019-01-29,1.1124176979064941
2019-01-30,1.1815091371536255
2019-01-31,2.2635529041290283
2019-02-01,7.485204219818115
2019-02-02,12.24570083618164
2019-02-03,1.5734163522720337
2019-02-04,0.2895800471305847
2019-02-05,0.4802614748477936
2019-02-06,0.0
2019-02-07,0.0
2019-02-08,0.0
2019-02-09,0.34629207849502563
2019-02-10,7.214089870452881
2019-02-11,8.968599319458008
2019-02-12,7.61027193069458
2019-02-13,0.4372643828392029
2019-02-14,0.044062599539756775
2019-02-15,0.05667101964354515
2019-02-16,0.04966094717383385
2019-02-17,0.4553520381450653
2019-02-18,3.257978916168213
2019-02-19,4.591333866119385
2019-02-20,0.022799331694841385
2019-02-21,0.6924026608467102
2019-02-22,0.0
2019-02-23,0.0
2019-02-24,0.0
2019-02-25,1.381575584411621
2019-02-26,4.662937641143799
2019-02-27,0.0
2019-02-28,0.5485068559646606
2019-03-01,0.007540760096162558
2019-03-02,0.06954775005578995
2019-03-03,0.6268252730369568
2019-03-04,2.300543785095215
2019-03-05,0.2925948202610016
2019-03-06,0.022746548056602478
2019-03-07,2.5187485218048096
2019-03-08,2.6279985904693604
2019-03-09,0.20826880633831024
2019-03-10,0.0
2019-03-11,0.0
2019-03-12,4.016463756561279
2019-03-13,2.553558349609375
2019-03-14,0.11367728561162949
2019-03-15,0.14834845066070557
2019-03-16,3.7178938388824463
2019-03-17,0.49436578154563904
2019-03-18,0.7511791586875916
2019-03-19,1.3523632287979126
2019-03-20,3.5715136528015137
2019-03-21,0.0
2019-03-22,0.0
2019-03-23,0.0
2019-03-24,0.0
2019-03-25,0.0
2019-03-26,2.8136825561523438
2019-03-27,0.9484647512435913
2019-03-28,0.0472983792424202
2019-03-29,0.0
2019-03-30,0.49526670575141907
2019-03-31,8.641607284545898
2019-04-01,14.12162971496582
2019-04-02,3.8841552734375
2019-04-03,6.057458400726318
2019-04-04,0.0
2019-04-05,0.0
2019-04-06,0.0
2019-04-07,0.0
2019-04-08,0.0
2019-04-09,0.0
2019-04-10,0.0
2019-04-11,0.0
2019-04-12,0.0
2019-04-13,0.0
2019-04-14,0.0
2019-04-15,0.0
2019-04-16,0.19626900553703308
2019-04-17,0.016672499477863312
2019-04-18,0.4647197723388672
2019-04-19,0.0
2019-04-20,0.0
2019-04-21,0.0
2019-04-22,0.0
2019-04-23,0.02425271086394787
2019-04-24,0.4196666479110718
2019-04-25,0.766352653503418
2019-04-26,7.261600017547607
2019-04-27,0.032181110233068466
2019-04-28,0.025021929293870926
2019-04-29,0.15055838227272034
2019-04-30,0.0964566245675087
2019-05-01,0.0
2019-05-02,0.0
2019-05-03,0.0
2019-05-04,0.0
2019-05-05,0.0
2019-05-06,0.14632610976696014
2019-05-07,2.65242600440979
2019-05-08,0.19140639901161194
2019-05-09,0.0
2019-05-10,0.9473443031311035
2019-05-11,0.0
2019-05-12,0.0
2019-05-13,0.0
2019-05-14,0.0
2019-05-15,0.0
2019-05-16,0.0
2019-05-17,0.0
2019-05-18,0.0
2019-05-19,0.0
2019-05-20,0.0
2019-05-21,0.0
2019-05-22,0.022342480719089508
2019-05-23,11.327637672424316
2019-05-24,0.0
2019-05-25,0.0
2019-05-26,0.0
2019-05-27,0.0
2019-05-28,0.0
2019-05-29,0.0
2019-05-30,0.0
2019-05-31,0.0
2019-06-01,0.0
2019-06-02,0.0
2019-06-03,0.0
2019-06-04,0.0
2019-06-05,0.0
2019-06-06,0.0
2019-06-07,0.0
2019-06-08,0.0
2019-06-09,0.0
2019-06-10,0.0
2019-06-11,0.0
2019-06-12,0.0
2019-06-13,0.0
2019-06-14,0.4333062171936035
2019-06-15,1.6101746559143066
2019-06-16,2.069772481918335
2019-06-17,4.697974681854248
2019-06-18,0.0
2019-06-19,0.0
2019-06-20,0.0
2019-06-21,0.0
2019-06-22,0.0
2019-06-23,0.0
2019-06-24,0.0
2019-06-25,0.0
2019-06-26,0.0
2019-06-27,0.0
2019-06-28,0.0
2019-06-29,0.0
2019-06-30,0.0
2019-07-01,0.0
2019-07-02,0.0
2019-07-03,0.0
2019-07-04,0.0
2019-07-05,0.0
2019-07-06,0.0
2019-07-07,0.0
2019-07-08,0.0
2019-07-09,0.0
2019-07-10,0.0
2019-07-11,0.0
2019-07-12,0.0
2019-07-13,0.0
2019-07-14,0.0
2019-07-15,0.0
2019-07-16,0.017573682591319084
2019-07-17,0.0
2019-07-18,0.3664267957210541
2019-07-19,0.0
2019-07-20,0.04503980278968811
2019-07-21,0.0
2019-07-22,0.133180633187294
2019-07-23,0.24342259764671326
2019-07-24,2.943331241607666
2019-07-25,0.20229919254779816
2019-07-26,0.0
2019-07-27,0.0
2019-07-28,0.0
2019-07-29,0.0
2019-07-30,0.0
2019-07-31,0.0
2019-08-01,0.0
2019-08-02,0.0
2019-08-03,0.0
2019-08-04,0.0
2019-08-05,0.0
2019-08-06,0.0
2019-08-07,0.0
2019-08-08,0.0
2019-08-09,0.0
2019-08-10,0.0
2019-08-11,0.0
2019-08-12,0.0
2019-08-13,0.0
2019-08-14,0.0
2019-08-15,0.0
2019-08-16,0.0
2019-08-17,0.0
2019-08-18,0.0
2019-08-19,0.0
2019-08-20,0.0
2019-08-21,0.0
2019-08-22,0.0
2019-08-23,0.020888973027467728
2019-08-24,0.7474076747894287
2019-08-25,0.004595337901264429
2019-08-26,0.0
2019-08-27,0.0
2019-08-28,0.0
2019-08-29,0.0
2019-08-30,0.0
2019-08-31,0.0
2019-09-01,0.0
2019-09-02,0.0
2019-09-03,0.0
2019-09-04,1.9626654386520386
2019-09-05,4.674861431121826
2019-09-06,2.207559108734131
2019-09-07,5.660279273986816
2019-09-08,1.2655376195907593
2019-09-09,0.007127097807824612
2019-09-10,0.0
2019-09-11,0.0
2019-09-12,0.0
2019-09-13,0.0
2019-09-14,0.0
2019-09-15,0.0
2019-09-16,1.137553334236145
2019-09-17,1.6801940202713013
2019-09-18,0.02102796547114849
2019-09-19,0.0
2019-09-20,0.0
2019-09-21,0.07985570281744003
2019-09-22,0.07985570281744003
2019-09-23,0.07985570281744003
2019-09-24,0.479134202003479
2019-09-25,0.07985570281744003
2019-09-26,0.0
2019-09-27,0.0
2019-09-28,0.0
2019-09-29,0.0
2019-09-30,0.0
2019-10-01,0.0
2019-10-02,0.0
2019-10-03,0.0
2019-10-04,0.0
2019-10-05,0.0
2019-10-06,0.0
2019-10-07,0.0
2019-10-08,0.0
2019-10-09,0.0
2019-10-10,0.0
2019-10-11,0.0
2019-10-12,0.0
2019-10-13,3.5299720764160156
2019-10-14,0.005202773958444595
2019-10-15,0.18342676758766174
2019-10-16,0.036162156611680984
2019-10-17,0.591801106929779
2019-10-18,2.829068660736084
2019-10-19,8.77551555633545
2019-10-20,0.2979237139225006
2019-10-21,0.0
2019-10-22,0.0
2019-10-23,0.0
2019-10-24,0.0
2019-10-25,0.0
2019-10-26,0.0
2019-10-27,0.0
2019-10-28,0.0
2019-10-29,0.0
2019-10-30,0.0
2019-10-31,0.0
2019-11-01,0.0
2019-11-02,0.9563382267951965
2019-11-03,0.0
2019-11-04,0.8563852906227112
2019-11-05,2.574540615081787
2019-11-06,7.2403388023376465
2019-11-07,0.5275862216949463
2019-11-08,2.183896780014038
2019-11-09,1.760833501815796
2019-11-10,0.5614349842071533
2019-11-11,3.5745975971221924
2019-11-12,1.4082118272781372
2019-11-13,1.0125812292099
2019-11-14,4.465611457824707
2019-11-15,0.0
2019-11-16,0.0
2019-11-17,0.0
2019-11-18,0.0
2019-11-19,0.0
2019-11-20,0.0
2019-11-21,0.0
2019-11-22,0.0
2019-11-23,0.0
2019-11-24,0.0
2019-11-25,0.0
2019-11-26,7.951422214508057
2019-11-27,0.09251078963279724
2019-11-28,0.07555804401636124
2019-11-29,0.0
2019-11-30,0.8189657330513
2019-12-01,0.4047410190105438
2019-12-02,0.028462300077080727
2019-12-03,18.05231285095215
2019-12-04,0.5508297085762024
2019-12-05,0.17789795994758606
2019-12-06,0.0
2019-12-07,3.992093801498413
2019-12-08,19.176244735717773
2019-12-09,1.2977778911590576
2019-12-10,0.0
2019-12-11,0.5246884226799011
2019-12-12,0.05702245607972145
2019-12-13,0.05232315883040428
2019-12-14,0.030161472037434578
2019-12-15,0.12892773747444153
2019-12-16,0.13397261500358582
2019-12-17,0.0
2019-12-18,0.0
2019-12-19,0.9997165203094482
2019-12-20,1.1478824615478516
2019-12-21,1.3823240995407104
2019-12-22,0.1165352612733841
2019-12-23,1.373756766319275
2019-12-24,2.3122682571411133
2019-12-25,4.026551723480225
2019-12-26,5.146811008453369
2019-12-27,1.325295090675354
2019-12-28,0.21203799545764923
2019-12-29,2.029073476791382
2019-12-30,7.573777198791504
2019-12-31,1.017013669013977
2020-01-01,0.05858366936445236
2020-01-02,0.0
2020-01-03,5.309295654296875
2020-01-04,2.0748467445373535
2020-01-05,21.331106185913086
2020-01-06,0.0
2020-01-07,1.1664423942565918
2020-01-08,0.015679210424423218
2020-01-09,0.34869202971458435
2020-01-10,2.2886412143707275
2020-01-11,2.6707115173339844
2020-01-12,10.362504959106445
2020-01-13,4.374797821044922
2020-01-14,1.1151115894317627
2020-01-15,1.1571894884109497
2020-01-16,7.863575458526611
2020-01-17,0.09994285553693771
2020-01-18,0.3383409380912781
2020-01-19,9.871685981750488
2020-01-20,2.966355800628662
2020-01-21,10.250288009643555
2020-01-22,0.45874857902526855
2020-01-23,0.09741757810115814
2020-01-24,0.0
2020-01-25,0.0
2020-01-26,0.0
2020-01-27,0.002873763907700777
2020-01-28,1.8464137315750122
2020-01-29,1.6507391929626465
2020-01-30,6.948977470397949
2020-01-31,0.0
2020-02-01,0.0
2020-02-02,2.529507637023926
2020-02-03,0.754506528377533
2020-02-04,0.9606117606163025
2020-02-05,1.1367758512496948
2020-02-06,5.600052833557129
2020-02-07,2.3710358142852783
2020-02-08,5.156543254852295
2020-02-09,1.7960453033447266
2020-02-10,0.02992898039519787
2020-02-11,24.420841217041016
2020-02-12,0.0
2020-02-13,0.0
2020-02-14,0.0
2020-02-15,9.317211151123047
2020-02-16,0.6925674080848694
2020-02-17,5.040872097015381
2020-02-18,3.3184874057769775
2020-02-19,4.8266730308532715
2020-02-20,18.026521682739258
2020-02-21,5.431516170501709
2020-02-22,0.0
2020-02-23,0.03219981491565704
2020-02-24,4.189952850341797
2020-02-25,2.847435474395752
2020-02-26,3.9432168006896973
2020-02-27,0.0
2020-02-28,4.17264986038208
2020-02-29,1.231020212173462
2020-03-01,0.0
2020-03-02,0.0
2020-03-03,0.0
2020-03-04,0.0
2020-03-05,0.0
2020-03-06,0.0
2020-03-07,0.0
2020-03-08,0.0
2020-03-09,0.0
2020-03-10,0.0
2020-03-11,0.0
2020-03-12,0.3138343393802643
2020-03-13,1.1028432846069336
2020-03-14,2.7772634029388428
2020-03-15,4.945196628570557
2020-03-16,10.128586769104004
2020-03-17,1.8232747316360474
2020-03-18,5.924283981323242
2020-03-19,12.146533966064453
2020-03-20,13.307233810424805
2020-03-21,0.0
2020-03-22,0.0
2020-03-23,0.0
2020-03-24,0.0
2020-03-25,0.0
2020-03-26,2.291835069656372
2020-03-27,0.0
2020-03-28,0.0
2020-03-29,0.0
2020-03-30,0.0
2020-03-31,0.27381542325019836
2020-04-01,0.0
2020-04-02,0.0
2020-04-03,0.0
2020-04-04,0.0
2020-04-05,0.0
2020-04-06,0.0
2020-04-07,0.0
2020-04-08,0.0
2020-04-09,0.0
2020-04-10,0.0
2020-04-11,0.0
2020-04-12,0.0
2020-04-13,0.0
2020-04-14,0.0
2020-04-15,0.0
2020-04-16,0.0
2020-04-17,0.0
2020-04-18,0.0
2020-04-19,0.0
2020-04-20,0.0
2020-04-21,0.0
2020-04-22,0.0
2020-04-23,0.0
2020-04-24,0.0
2020-04-25,0.0
2020-04-26,0.0
2020-04-27,0.0
2020-04-28,0.0
2020-04-29,0.0
2020-04-30,0.0
2020-05-01,0.0
2020-05-02,0.0
2020-05-03,0.0
2020-05-04,0.0
2020-05-05,0.0
2020-05-06,0.0
2020-05-07,0.0
2020-05-08,0.0
2020-05-09,0.0
2020-05-10,0.0
2020-05-11,0.0
2020-05-12,0.0
2020-05-13,0.0
2020-05-14,0.0
2020-05-15,0.0
2020-05-16,0.0
2020-05-17,0.0
2020-05-18,0.0
2020-05-19,0.0
2020-05-20,0.0
2020-05-21,0.0
2020-05-22,0.0
2020-05-23,0.0
2020-05-24,0.0
2020-05-25,0.0
2020-05-26,0.0
2020-05-27,0.0
2020-05-28,0.0
2020-05-29,0.0
2020-05-30,0.0
2020-05-31,0.0
2020-06-01,0.0
2020-06-02,0.0
2020-06-03,0.0
2020-06-04,0.0
2020-06-05,0.0
2020-06-06,0.0
2020-06-07,0.0
2020-06-08,0.0
2020-06-09,0.0
2020-06-10,0.0
2020-06-11,0.0
2020-06-12,0.0
2020-06-13,0.0
2020-06-14,0.0
2020-06-15,0.0
2020-06-16,0.0
2020-06-17,0.0
2020-06-18,0.0
2020-06-19,0.0
2020-06-20,0.0
2020-06-21,0.0
2020-06-22,0.0
2020-06-23,0.0
2020-06-24,0.0
2020-06-25,0.0
2020-06-26,0.0
2020-06-27,0.0
2020-06-28,0.0
2020-06-29,0.0
2020-06-30,0.0
2020-07-01,0.0
2020-07-02,0.0
2020-07-03,0.0
2020-07-04,0.0
2020-07-05,0.0
2020-07-06,0.0
2020-07-07,0.0
2020-07-08,0.0
2020-07-09,0.0
2020-07-10,0.0
2020-07-11,0.0
2020-07-12,0.0
2020-07-13,0.0
2020-07-14,0.0
2020-07-15,0.0
2020-07-16,0.0
2020-07-17,0.0
2020-07-18,0.0
2020-07-19,0.0
2020-07-20,0.0
2020-07-21,0.0
2020-07-22,0.0
2020-07-23,0.0
2020-07-24,0.0
2020-07-25,0.0
2020-07-26,0.0
2020-07-27,0.0
2020-07-28,0.0
2020-07-29,0.0
2020-07-30,0.0
2020-07-31,0.0
2020-08-01,0.0
2020-08-02,0.0
2020-08-03,0.0
2020-08-04,0.0
2020-08-05,0.0
2020-08-06,0.0
2020-08-07,0.0
2020-08-08,0.0
2020-08-09,0.0
2020-08-10,0.0
2020-08-11,0.0
2020-08-12,0.0
2020-08-13,0.0
2020-08-14,0.0
2020-08-15,0.0
2020-08-16,0.0
2020-08-17,0.0
2020-08-18,0.0
2020-08-19,0.0
2020-08-20,0.0
2020-08-21,0.017266711220145226
2020-08-22,0.10360026359558105
2020-08-23,0.017266711220145226
2020-08-24,0.017266711220145226
2020-08-25,0.017266711220145226
2020-08-26,0.0
2020-08-27,0.33281001448631287
2020-08-28,0.0
2020-08-29,0.0
2020-08-30,0.0
2020-08-31,2.9213321208953857
2020-09-01,0.0
2020-09-02,0.0
2020-09-03,0.0
2020-09-04,0.0
2020-09-05,0.0
2020-09-06,5.937694549560547
2020-09-07,0.039968736469745636
2020-09-08,0.46895575523376465
2020-09-09,0.0
2020-09-10,6.84256649017334
2020-09-11,0.05642441660165787
2020-09-12,0.0
2020-09-13,0.4997144639492035
2020-09-14,8.964908599853516
2020-09-15,7.493802070617676
2020-09-16,0.0
2020-09-17,1.5048205852508545
2020-09-18,11.180719375610352
2020-09-19,0.2528761625289917
2020-09-20,0.0
2020-09-21,0.0
2020-09-22,0.0
2020-09-23,0.0
2020-09-24,0.0
2020-09-25,0.0
2020-09-26,0.0
2020-09-27,2.3522157669067383
2020-09-28,2.2074553966522217
2020-09-29,3.861084461212158
2020-09-30,2.0753121376037598
2020-10-01,0.13000914454460144
2020-10-02,0.09185048192739487
2020-10-03,0.019257090985774994
2020-10-04,0.025799069553613663
2020-10-05,0.0
2020-10-06,0.24594293534755707
2020-10-07,0.8201791644096375
2020-10-08,3.218168020248413
2020-10-09,4.100443363189697
2020-10-10,4.896186828613281
2020-10-11,23.908056259155273
2020-10-12,0.9370614290237427
2020-10-13,3.2745187282562256
2020-10-14,0.7051882743835449
2020-10-15,0.8331896066665649
2020-10-16,13.145210266113281
2020-10-17,7.8644304275512695
2020-10-18,0.00443896884098649
2020-10-19,0.0
2020-10-20,0.0
2020-10-21,0.018123626708984375
2020-10-22,2.1287240982055664
2020-10-23,0.025161541998386383
2020-10-24,0.0
2020-10-25,0.13865895569324493
2020-10-26,0.0
2020-10-27,0.0
2020-10-28,0.0
2020-10-29,0.0
2020-10-30,0.0
2020-10-31,0.0
2020-11-01,0.0
2020-11-02,0.0
2020-11-03,0.0
2020-11-04,0.0
2020-11-05,0.0
2020-11-06,2.1112704277038574
2020-11-07,0.933266282081604
2020-11-08,1.399966835975647
2020-11-09,1.1064997911453247
2020-11-10,1.2188405990600586
2020-11-11,0.0
2020-11-12,0.0
2020-11-13,0.0
2020-11-14,0.0
2020-11-15,0.0
2020-11-16,0.0
2020-11-17,0.0
2020-11-18,0.0
2020-11-19,0.0
2020-11-20,0.0
2020-11-21,0.0
2020-11-22,0.014453365467488766
2020-11-23,1.017551302909851
2020-11-24,3.959820032119751
2020-11-25,2.5317676067352295
2020-11-26,9.058414459228516
2020-11-27,0.0
2020-11-28,2.489690065383911
2020-11-29,1.207055687904358
2020-11-30,8.350269317626953
2020-12-01,2.5659842491149902
2020-12-02,12.436731338500977
2020-12-03,0.8877322673797607
2020-12-04,6.901925563812256
2020-12-05,0.760702908039093
2020-12-06,0.0
2020-12-07,0.0
2020-12-08,0.0
2020-12-09,0.0
2020-12-10,0.0
2020-12-11,0.0
2020-12-12,1.4314213991165161
2020-12-13,0.37231743335723877
2020-12-14,0.0
2020-12-15,0.0
2020-12-16,1.928465723991394
2020-12-17,0.0
2020-12-18,5.110713958740234
2020-12-19,5.00600004196167
2020-12-20,0.9402257800102234
2020-12-21,0.0
2020-12-22,0.0
2020-12-23,0.9384586811065674
2020-12-24,2.285416603088379
2020-12-25,5.743231773376465
2020-12-26,14.299339294433594
2020-12-27,0.0487268790602684
2020-12-28,0.29538777470588684
2020-12-29,1.646902084350586
2020-12-30,0.12049747258424759
2020-12-31,0.1520610898733139
2021-01-01,0.0
2021-01-02,0.21824686229228973
2021-01-03,7.770363807678223
2021-01-04,1.3121964931488037
2021-01-05,0.3701918125152588
2021-01-06,7.878152370452881
2021-01-07,0.538058340549469
2021-01-08,1.1296275854110718
2021-01-09,0.2950586676597595
2021-01-10,19.581125259399414
2021-01-11,3.3379130363464355
2021-01-12,15.503573417663574
2021-01-13,1.4018553495407104
2021-01-14,0.07852590829133987
2021-01-15,0.007917671464383602
2021-01-16,15.949715614318848
2021-01-17,8.52916431427002
2021-01-18,0.32242050766944885
2021-01-19,0.0
2021-01-20,0.0
2021-01-21,0.0007931138388812542
2021-01-22,0.09103769063949585
2021-01-23,0.1394284963607788
2021-01-24,1.793251872062683
2021-01-25,5.1959967613220215
2021-01-26,1.2198742628097534
2021-01-27,0.2775968313217163
2021-01-28,0.13607585430145264
2021-01-29,0.0
2021-01-30,0.25905346870422363
2021-01-31,2.1443164348602295
2021-02-01,4.691176891326904
2021-02-02,0.3255511522293091
2021-02-03,5.220879554748535
2021-02-04,0.42191818356513977
2021-02-05,1.3388676643371582
2021-02-06,0.2784341275691986
2021-02-07,4.652551651000977
2021-02-08,16.738481521606445
2021-02-09,2.7860491275787354
2021-02-10,4.619389533996582
2021-02-11,0.0
2021-02-12,0.0
2021-02-13,0.0
2021-02-14,0.0
2021-02-15,0.0
2021-02-16,0.0
2021-02-17,7.144374847412109
2021-02-18,0.1618839055299759
2021-02-19,7.720297336578369
2021-02-20,1.6357513666152954
2021-02-21,4.449568748474121
2021-02-22,0.0
2021-02-23,0.0
2021-02-24,0.0
2021-02-25,10.991698265075684
2021-02-26,1.2473440170288086
2021-02-27,4.989375591278076
2021-02-28,1.2473440170288086
2021-03-01,0.0
2021-03-02,0.0
2021-03-03,2.03167986869812
2021-03-04,3.784376382827759
2021-03-05,1.5191913843154907
2021-03-06,0.0
2021-03-07,0.0
2021-03-08,0.536443829536438
2021-03-09,0.0
2021-03-10,4.2160749435424805
2021-03-11,0.006486566737294197
2021-03-12,0.0433005765080452
2021-03-13,0.0
2021-03-14,0.7518367171287537
2021-03-15,0.6865475177764893
2021-03-16,2.9622802734375
2021-03-17,3.157562732696533
2021-03-18,0.9380388259887695
2021-03-19,0.0
2021-03-20,11.624467849731445
2021-03-21,3.8560385704040527
2021-03-22,1.053715705871582
2021-03-23,0.22545179724693298
2021-03-24,3.0696802139282227
2021-03-25,2.2699503898620605
2021-03-26,5.819783687591553
2021-03-27,3.6006155014038086
2021-03-28,2.382970094680786
2021-03-29,5.84254789352417
2021-03-30,0.005571213085204363
2021-03-31,2.9747352600097656
2021-04-01,0.21296396851539612
2021-04-02,0.0
2021-04-03,0.055546507239341736
2021-04-04,12.737879753112793
2021-04-05,0.13629449903964996
2021-04-06,0.0
2021-04-07,0.0
2021-04-08,0.0
2021-04-09,0.0
2021-04-10,0.0
2021-04-11,0.23610585927963257
2021-04-12,0.029563475400209427
2021-04-13,4.4501495361328125
2021-04-14,5.244879722595215
2021-04-15,0.0
2021-04-16,0.0
2021-04-17,0.0
2021-04-18,0.0
2021-04-19,0.0
2021-04-20,0.0
2021-04-21,0.0
2021-04-22,0.0
2021-04-23,0.0
2021-04-24,0.0
2021-04-25,0.0
2021-04-26,0.0
2021-04-27,0.0
2021-04-28,0.0
2021-04-29,0.0
2021-04-30,0.0
2021-05-01,0.0
2021-05-02,0.0
2021-05-03,0.0
2021-05-04,0.0
2021-05-05,0.0
2021-05-06,0.0
2021-05-07,0.0
2021-05-08,0.0
2021-05-09,0.0
2021-05-10,0.0
2021-05-11,0.0
2021-05-12,0.0
2021-05-13,0.0
2021-05-14,0.0
2021-05-15,0.0
2021-05-16,0.0
2021-05-17,0.0
2021-05-18,0.0
2021-05-19,0.0
2021-05-20,0.0
2021-05-21,0.0
2021-05-22,0.0
2021-05-23,0.0
2021-05-24,0.0
2021-05-25,0.0
2021-05-26,0.5740974545478821
2021-05-27,4.671382427215576
2021-05-28,0.6384321451187134
2021-05-29,0.06597768515348434
2021-05-30,0.016920369118452072
2021-05-31,0.0
2021-06-01,0.0
2021-06-02,0.0
2021-06-03,0.33178597688674927
2021-06-04,0.0
2021-06-05,5.244653224945068
2021-06-06,0.0
2021-06-07,0.0
2021-06-08,0.0
2021-06-09,0.0
2021-06-10,0.0
2021-06-11,0.0
2021-06-12,0.0
2021-06-13,0.0
2021-06-14,0.0
2021-06-15,0.0
2021-06-16,0.0
2021-06-17,0.0
2021-06-18,0.0
2021-06-19,0.0
2021-06-20,0.0
2021-06-21,1.1655564308166504
2021-06-22,0.1942593902349472
2021-06-23,0.1942593902349472
2021-06-24,0.1942593902349472
2021-06-25,0.1942593902349472
2021-06-26,0.0
2021-06-27,0.0
2021-06-28,0.0
2021-06-29,0.0
2021-06-30,0.0
2021-07-01,0.0
2021-07-02,0.0
2021-07-03,0.0
2021-07-04,0.0
2021-07-05,0.0
2021-07-06,0.0
2021-07-07,0.0
2021-07-08,0.0
2021-07-09,0.0
2021-07-10,0.0
2021-07-11,0.0
2021-07-12,0.0
2021-07-13,0.0
2021-07-14,0.0
2021-07-15,0.0
2021-07-16,0.0
2021-07-17,0.0
2021-07-18,0.0
2021-07-19,0.0
2021-07-20,0.0
2021-07-21,0.0
2021-07-22,0.0
2021-07-23,0.0
2021-07-24,0.0
2021-07-25,0.0
2021-07-26,0.0
2021-07-27,0.0
2021-07-28,0.0
2021-07-29,0.0
2021-07-30,0.0
2021-07-31,0.0
2021-08-01,0.03452019393444061
2021-08-02,0.0
2021-08-03,11.147236824035645
2021-08-04,2.261909008026123
2021-08-05,0.005402678623795509
2021-08-06,0.0
2021-08-07,0.0
2021-08-08,0.0
2021-08-09,0.0
2021-08-10,0.0
2021-08-11,0.0
2021-08-12,0.0
2021-08-13,0.0
2021-08-14,0.0
2021-08-15,0.0
2021-08-16,0.0
2021-08-17,0.0
2021-08-18,0.0
2021-08-19,0.0
2021-08-20,0.0
2021-08-21,0.01106034591794014
2021-08-22,0.01106034591794014
2021-08-23,0.01106034591794014
2021-08-24,0.029494257643818855
2021-08-25,0.01106034591794014
2021-08-26,0.0
2021-08-27,0.0
2021-08-28,0.0
2021-08-29,0.0
2021-08-30,0.0
2021-08-31,0.0
2021-09-01,0.12642450630664825
2021-09-02,0.04959152638912201
2021-09-03,0.7166314721107483
2021-09-04,0.04959152638912201
2021-09-05,0.04959152638912201
2021-09-06,1.3429365158081055
2021-09-07,0.030940255150198936
2021-09-08,0.8893347382545471
2021-09-09,0.0
2021-09-10,0.0
2021-09-11,0.0
2021-09-12,0.0
2021-09-13,0.0
2021-09-14,0.0
2021-09-15,0.0
2021-09-16,5.358410358428955
2021-09-17,0.5397946238517761
2021-09-18,0.21119926869869232
2021-09-19,0.00635506259277463
2021-09-20,7.82301139831543
2021-09-21,19.86819076538086
2021-09-22,5.473811149597168
2021-09-23,2.581343650817871
2021-09-24,0.16778349876403809
2021-09-25,0.0
2021-09-26,0.0
2021-09-27,0.0
2021-09-28,0.0
2021-09-29,0.02552928403019905
2021-09-30,0.5152052640914917
2021-10-01,0.3725217282772064
2021-10-02,0.0
2021-10-03,0.0
2021-10-04,0.942993700504303
2021-10-05,0.44683414697647095
2021-10-06,5.132879734039307
2021-10-07,2.6012227535247803
2021-10-08,0.0
2021-10-09,0.8493297696113586
2021-10-10,0.0
2021-10-11,0.0
2021-10-12,0.0
2021-10-13,0.0
2021-10-14,0.0
2021-10-15,0.0
2021-10-16,0.0
2021-10-17,0.0
2021-10-18,0.0
2021-10-19,0.0
2021-10-20,0.0
2021-10-21,0.0
2021-10-22,0.0
2021-10-23,0.0
2021-10-24,0.0
2021-10-25,0.0
2021-10-26,0.09224369376897812
2021-10-27,0.14392612874507904
2021-10-28,0.017388565465807915
2021-10-29,0.0017521231202408671
2021-10-30,0.0
2021-10-31,2.5515904426574707
2021-11-01,4.741163730621338
2021-11-02,1.6286964416503906
2021-11-03,0.27324044704437256
2021-11-04,1.091940999031067
2021-11-05,1.859737515449524
2021-11-06,4.816202163696289
2021-11-07,0.3549043536186218
2021-11-08,0.11109161376953125
2021-11-09,1.6391444206237793
2021-11-10,2.207883358001709
2021-11-11,4.351934909820557
2021-11-12,3.8636527061462402
2021-11-13,1.26108980178833
2021-11-14,2.0078725814819336
2021-11-15,0.41294795274734497
2021-11-16,7.2620744705200195
2021-11-17,0.2629288136959076
2021-11-18,0.9440032839775085
2021-11-19,0.2388809770345688
2021-11-20,0.0
2021-11-21,0.0
2021-11-22,0.0
2021-11-23,11.914583206176758
2021-11-24,12.61846923828125
2021-11-25,0.05219247564673424
2021-11-26,0.023697547614574432
2021-11-27,1.1814453601837158
2021-11-28,8.780953407287598
2021-11-29,0.06444358080625534
2021-11-30,0.0032710882369428873
2021-12-01,0.052646614611148834
2021-12-02,0.02429843507707119
2021-12-03,5.57626485824585
2021-12-04,3.1430554389953613
2021-12-05,15.184673309326172
2021-12-06,0.568576455116272
2021-12-07,7.927107810974121
2021-12-08,9.878120422363281
2021-12-09,1.005180835723877
2021-12-10,8.750303268432617
2021-12-11,0.0
2021-12-12,0.0
2021-12-13,0.0
2021-12-14,0.0
2021-12-15,0.0
2021-12-16,0.7110471725463867
2021-12-17,0.12162280082702637
2021-12-18,0.0
2021-12-19,0.2224651426076889
2021-12-20,1.5979973077774048
2021-12-21,2.605226755142212
2021-12-22,0.9009206891059875
2021-12-23,0.9553394317626953
2021-12-24,1.3429368734359741
2021-12-25,15.567049980163574
2021-12-26,0.0
2021-12-27,0.0
2021-12-28,0.0
2021-12-29,0.0
2021-12-30,0.0
2021-12-31,0.0
2022-01-01,0.0
2022-01-02,0.0
2022-01-03,0.0
2022-01-04,0.0
2022-01-05,0.0
2022-01-06,0.7031838893890381
2022-01-07,4.51737117767334
2022-01-08,1.5883402824401855
2022-01-09,3.2843105792999268
2022-01-10,13.330717086791992
2022-01-11,0.0
2022-01-12,0.0
2022-01-13,0.0
2022-01-14,0.0
2022-01-15,0.0
2022-01-16,10.77976131439209
2022-01-17,5.754078388214111
2022-01-18,5.95297908782959
2022-01-19,1.6049020290374756
2022-01-20,1.4963054656982422
2022-01-21,1.6653023958206177
2022-01-22,13.578115463256836
2022-01-23,0.6090136766433716
2022-01-24,5.907306671142578
2022-01-25,0.0
2022-01-26,0.8674670457839966
2022-01-27,20.230060577392578
2022-01-28,0.34072980284690857
2022-01-29,0.6565545797348022
2022-01-30,12.892645835876465
2022-01-31,17.552555084228516
2022-02-01,0.4237205982208252
2022-02-02,0.03510710969567299
2022-02-03,0.07405059784650803
2022-02-04,1.5926989316940308
2022-02-05,0.03909207507967949
2022-02-06,0.0
2022-02-07,0.0
2022-02-08,0.0
2022-02-09,0.0
2022-02-10,0.0
2022-02-11,4.491650104522705
2022-02-12,0.4228437542915344
2022-02-13,0.0
2022-02-14,0.08493238687515259
2022-02-15,0.7391969561576843
2022-02-16,5.018330097198486
2022-02-17,3.810434103012085
2022-02-18,0.08245338499546051
2022-02-19,7.880370616912842
2022-02-20,8.309428215026855
2022-02-21,2.812004327774048
2022-02-22,1.2716701030731201
2022-02-23,0.0005937204114161432
2022-02-24,1.6843198537826538
2022-02-25,0.0
2022-02-26,0.0
2022-02-27,0.0
2022-02-28,3.2134687900543213
2022-03-01,9.186134338378906
2022-03-02,4.124022006988525
2022-03-03,1.0234397649765015
2022-03-04,0.0
2022-03-05,0.0
2022-03-06,0.0
2022-03-07,0.34667932987213135
2022-03-08,4.212409019470215
2022-03-09,0.04183218628168106
2022-03-10,0.5897210240364075
2022-03-11,2.9586620330810547
2022-03-12,3.136263608932495
2022-03-13,0.24342820048332214
2022-03-14,0.0
2022-03-15,0.1604413241147995
2022-03-16,0.0
2022-03-17,0.08793623000383377
2022-03-18,0.4848243296146393
2022-03-19,0.26364651322364807
2022-03-20,0.07407499104738235
2022-03-21,5.664183616638184
2022-03-22,1.218544602394104
2022-03-23,0.0
2022-03-24,0.0
2022-03-25,10.073506355285645
2022-03-26,0.0
2022-03-27,0.0
2022-03-28,0.0
2022-03-29,0.0
2022-03-30,0.0
2022-03-31,0.0
2022-04-01,0.0
2022-04-02,0.0
2022-04-03,0.0
2022-04-04,4.510797500610352
2022-04-05,3.3106887340545654
2022-04-06,6.518404006958008
2022-04-07,0.4405617415904999
2022-04-08,0.0
2022-04-09,0.1718599945306778
2022-04-10,0.0
2022-04-11,0.0
2022-04-12,0.0
2022-04-13,0.0
2022-04-14,0.0
2022-04-15,0.0
2022-04-16,0.0
2022-04-17,0.0
2022-04-18,0.0
2022-04-19,0.0
2022-04-20,0.0
2022-04-21,0.0
2022-04-22,0.0
2022-04-23,0.0
2022-04-24,0.0
2022-04-25,0.0
2022-04-26,0.0
2022-04-27,0.0
2022-04-28,0.0
2022-04-29,0.0
2022-04-30,0.0
2022-05-01,0.0
2022-05-02,0.0
2022-05-03,0.0
2022-05-04,0.0
2022-05-05,0.0
2022-05-06,0.0
2022-05-07,0.0
2022-05-08,0.0
2022-05-09,0.0
2022-05-10,0.0
2022-05-11,0.0
2022-05-12,0.0
2022-05-13,0.0
2022-05-14,0.0
2022-05-15,0.0
2022-05-16,0.0
2022-05-17,0.0
2022-05-18,0.0
2022-05-19,0.0
2022-05-20,0.0
2022-05-21,0.0
2022-05-22,0.0
2022-05-23,0.0
2022-05-24,0.0
2022-05-25,0.0
2022-05-26,0.0
2022-05-27,0.0
2022-05-28,0.0
2022-05-29,0.0
2022-05-30,0.0
2022-05-31,0.0
2022-06-01,1.1727458238601685
2022-06-02,1.6125997304916382
2022-06-03,0.0
2022-06-04,0.0
2022-06-05,3.3091976642608643
2022-06-06,0.0
2022-06-07,0.0
2022-06-08,0.0
2022-06-09,0.0
2022-06-10,0.0
2022-06-11,0.0
2022-06-12,0.0
2022-06-13,0.0
2022-06-14,0.0
2022-06-15,0.0
2022-06-16,0.0
2022-06-17,0.0
2022-06-18,0.0
2022-06-19,0.0
2022-06-20,0.0
2022-06-21,0.0
2022-06-22,0.0
2022-06-23,0.0
2022-06-24,0.0
2022-06-25,0.0
2022-06-26,0.0
2022-06-27,0.0
2022-06-28,0.0
2022-06-29,0.0
2022-06-30,0.0
2022-07-01,0.0
2022-07-02,0.0
2022-07-03,0.0
2022-07-04,0.0
2022-07-05,0.0
2022-07-06,0.0
2022-07-07,0.0
2022-07-08,0.0
2022-07-09,0.0
2022-07-10,0.0
2022-07-11,1.4571607112884521
2022-07-12,0.0
2022-07-13,0.0
2022-07-14,0.0
2022-07-15,0.0
2022-07-16,0.0
2022-07-17,0.0
2022-07-18,0.0
2022-07-19,0.0
2022-07-20,0.0
2022-07-21,0.0
2022-07-22,0.0
2022-07-23,0.0
2022-07-24,0.0
2022-07-25,0.0
2022-07-26,0.0
2022-07-27,0.0
2022-07-28,0.0
2022-07-29,0.0
2022-07-30,0.0
2022-07-31,0.0
2022-08-01,0.0
2022-08-02,0.0
2022-08-03,0.0
2022-08-04,0.0
2022-08-05,0.0
2022-08-06,0.0
2022-08-07,0.0
2022-08-08,0.0
2022-08-09,0.0
2022-08-10,0.0
2022-08-11,0.0
2022-08-12,0.0
2022-08-13,0.0
2022-08-14,0.0
2022-08-15,0.0
2022-08-16,0.0
2022-08-17,0.0
2022-08-18,0.0
2022-08-19,0.0
2022-08-20,0.0
2022-08-21,0.01866496354341507
2022-08-22,0.01866496354341507
2022-08-23,0.01866496354341507
2022-08-24,0.01866496354341507
2022-08-25,0.01866496354341507
2022-08-26,0.018619123846292496
2022-08-27,0.018619123846292496
2022-08-28,0.018619123846292496
2022-08-29,0.3537633419036865
2022-08-30,0.018619123846292496
2022-08-31,0.018619123846292496
2022-09-01,0.0
2022-09-02,0.0
2022-09-03,0.0
2022-09-04,0.0
2022-09-05,0.0
2022-09-06,0.0
2022-09-07,0.0
2022-09-08,0.0
2022-09-09,0.0
2022-09-10,0.0
2022-09-11,0.0
2022-09-12,0.0
2022-09-13,0.0
2022-09-14,0.0
2022-09-15,0.0
2022-09-16,0.0
2022-09-17,0.0
2022-09-18,0.0
2022-09-19,0.0
2022-09-20,0.0
2022-09-21,0.0
2022-09-22,0.0
2022-09-23,0.0
2022-09-24,0.0
2022-09-25,0.0
2022-09-26,0.0
2022-09-27,0.0
2022-09-28,0.0
2022-09-29,0.0
2022-09-30,0.0
2022-10-01,0.0
2022-10-02,0.0
2022-10-03,0.0
2022-10-04,0.0
2022-10-05,0.0
2022-10-06,0.0
2022-10-07,0.0
2022-10-08,0.0
2022-10-09,0.0
2022-10-10,0.0
2022-10-11,0.0
2022-10-12,0.0
2022-10-13,0.0
2022-10-14,0.0
2022-10-15,0.0
2022-10-16,0.0
2022-10-17,0.0
2022-10-18,0.0
2022-10-19,0.0
2022-10-20,0.0
2022-10-21,0.0
2022-10-22,0.0
2022-10-23,0.0
2022-10-24,0.0
2022-10-25,0.0
2022-10-26,0.0
2022-10-27,0.0
2022-10-28,0.0
2022-10-29,0.0
2022-10-30,0.0
2022-10-31,0.0
2022-11-01,0.0
2022-11-02,0.0
2022-11-03,0.0
2022-11-04,0.0
2022-11-05,0.0
2022-11-06,0.0
2022-11-07,2.630051612854004
2022-11-08,2.9387967586517334
2022-11-09,0.05980687588453293
2022-11-10,0.0
2022-11-11,0.0
2022-11-12,0.0
2022-11-13,0.0
2022-11-14,0.0
2022-11-15,0.0
2022-11-16,0.0
2022-11-17,1.4226624965667725
2022-11-18,0.10355015099048615
2022-11-19,4.278950214385986
2022-11-20,0.0
2022-11-21,2.4470531940460205
2022-11-22,0.31983646750450134
2022-11-23,0.004981182515621185
2022-11-24,0.35364848375320435
2022-11-25,0.0
2022-11-26,0.0
2022-11-27,0.0
2022-11-28,0.0
2022-11-29,0.0
2022-11-30,0.0
2022-12-01,0.0
2022-12-02,0.0
2022-12-03,0.0
2022-12-04,0.0
2022-12-05,0.0
2022-12-06,0.0
2022-12-07,0.5375131964683533
2022-12-08,3.9320085048675537
2022-12-09,31.940109252929688
2022-12-10,2.671487331390381
2022-12-11,16.407730102539062
2022-12-12,1.8289510011672974
2022-12-13,0.3828605115413666
2022-12-14,3.1321096420288086
2022-12-15,2.983701467514038
2022-12-16,0.28988420963287354
2022-12-17,1.87906813621521
2022-12-18,0.0
2022-12-19,0.7667804956436157
2022-12-20,0.4574674963951111
2022-12-21,0.1973644495010376
2022-12-22,0.10523369908332825
2022-12-23,0.013421851210296154
2022-12-24,0.0
2022-12-25,0.0025252504274249077
2022-12-26,0.0
2022-12-27,0.0
2022-12-28,0.0
2022-12-29,0.0
2022-12-30,0.0
2022-12-31,0.0
2023-01-01,0.14482490718364716
2023-01-02,0.9020358920097351
2023-01-03,1.9275572299957275
2023-01-04,1.3013737201690674
2023-01-05,0.0
2023-01-06,0.0
2023-01-07,0.04062000289559364
2023-01-08,0.01981547847390175
2023-01-09,0.008146331645548344
2023-01-10,0.0
2023-01-11,0.13140027225017548
2023-01-12,0.0663180723786354
2023-01-13,0.039257392287254333
2023-01-14,0.00021484654280357063
2023-01-15,0.0
2023-01-16,0.0
2023-01-17,0.0
2023-01-18,0.0
2023-01-19,0.0
2023-01-20,0.0
2023-01-21,0.0
2023-01-22,7.192255973815918
2023-01-23,1.3440842628479004
2023-01-24,4.067440986633301
2023-01-25,7.686405181884766
2023-01-26,4.73270320892334
2023-01-27,0.0913555696606636
2023-01-28,1.5468816757202148
2023-01-29,0.2765500247478485
2023-01-30,0.0
2023-01-31,24.53512954711914
2023-02-01,0.0
2023-02-02,0.0
2023-02-03,0.0
2023-02-04,0.0
2023-02-05,0.0
2023-02-06,1.6294348239898682
2023-02-07,6.291885852813721
2023-02-08,1.9262847900390625
2023-02-09,2.0089409351348877
2023-02-10,1.5078033208847046
2023-02-11,0.37253057956695557
2023-02-12,8.579249382019043
2023-02-13,5.9156270027160645
2023-02-14,0.9326475262641907
2023-02-15,16.030263900756836
2023-02-16,0.0
2023-02-17,0.0
2023-02-18,0.0
2023-02-19,0.0
2023-02-20,0.0
2023-02-21,0.01963510923087597
2023-02-22,1.5992306470870972
2023-02-23,0.6648117899894714
2023-02-24,0.013512883335351944
2023-02-25,0.0
2023-02-26,1.4752693176269531
2023-02-27,0.5521537661552429
2023-02-28,1.657396912574768
2023-03-01,8.27375316619873
2023-03-02,1.0949170589447021
2023-03-03,0.0
2023-03-04,0.0
2023-03-05,1.8613817691802979
2023-03-06,3.6655924320220947
2023-03-07,4.261879920959473
2023-03-08,0.8512359261512756
2023-03-09,0.0
2023-03-10,0.004329678602516651
2023-03-11,0.0
2023-03-12,0.0
2023-03-13,0.894559383392334
2023-03-14,4.223548889160156
2023-03-15,6.198775291442871
2023-03-16,0.0
2023-03-17,0.0
2023-03-18,0.0
2023-03-19,0.0
2023-03-20,0.0
2023-03-21,0.0
2023-03-22,0.038857147097587585
2023-03-23,1.9421721696853638
2023-03-24,0.30150356888771057
2023-03-25,5.699274063110352
2023-03-26,18.74884605407715
2023-03-27,0.9268485903739929
2023-03-28,5.507145404815674
2023-03-29,0.9860742092132568
2023-03-30,1.0116358995437622
2023-03-31,0.9457027316093445
2023-04-01,0.0
2023-04-02,0.0
2023-04-03,8.238155364990234
2023-04-04,6.928126811981201
2023-04-05,0.06432148814201355
2023-04-06,0.0
2023-04-07,0.6597744226455688
2023-04-08,0.13444884121418
2023-04-09,0.0
2023-04-10,0.04383131116628647
2023-04-11,0.0
2023-04-12,0.0
2023-04-13,0.0
2023-04-14,0.0
2023-04-15,0.0
2023-04-16,0.0
2023-04-17,0.0
2023-04-18,1.144115686416626
2023-04-19,0.0
2023-04-20,0.0
2023-04-21,0.0
2023-04-22,0.0
2023-04-23,0.0
2023-04-24,0.0
2023-04-25,0.0
2023-04-26,0.0
2023-04-27,0.0
2023-04-28,0.0
2023-04-29,0.0
2023-04-30,0.0
2023-05-01,0.0
2023-05-02,0.0
2023-05-03,0.0
2023-05-04,0.0
2023-05-05,0.0
2023-05-06,0.0
2023-05-07,2.0910491943359375
2023-05-08,5.451294422149658
2023-05-09,1.4108706712722778
2023-05-10,4.804239749908447
2023-05-11,0.0
2023-05-12,0.0
2023-05-13,0.0
2023-05-14,0.0
2023-05-15,0.0
2023-05-16,0.0
2023-05-17,0.0
2023-05-18,0.0
2023-05-19,0.0
2023-05-20,0.0
2023-05-21,0.0
2023-05-22,0.0
2023-05-23,0.0
2023-05-24,0.0
2023-05-25,0.0
2023-05-26,0.0
2023-05-27,0.0
2023-05-28,0.0
2023-05-29,0.0
2023-05-30,0.0
2023-05-31,0.0
2023-06-01,0.0
2023-06-02,0.0
2023-06-03,0.0
2023-06-04,0.0
2023-06-05,0.0
2023-06-06,0.0
2023-06-07,0.0
2023-06-08,0.0
2023-06-09,0.0
2023-06-10,0.0
2023-06-11,0.0
2023-06-12,0.0
2023-06-13,0.0
2023-06-14,0.0
2023-06-15,0.0
2023-06-16,0.0
2023-06-17,0.0
2023-06-18,0.0
2023-06-19,0.0
2023-06-20,0.0
2023-06-21,0.0
2023-06-22,0.0
2023-06-23,0.0
2023-06-24,0.0
2023-06-25,0.0
2023-06-26,0.0
2023-06-27,0.0
2023-06-28,0.0
2023-06-29,0.0
2023-06-30,0.0
2023-07-01,0.0
2023-07-02,0.0
2023-07-03,0.0
2023-07-04,0.0
2023-07-05,0.0
2023-07-06,0.0
2023-07-07,0.0
2023-07-08,0.0
2023-07-09,0.0
2023-07-10,0.0
2023-07-11,0.0
2023-07-12,0.0
2023-07-13,0.0
2023-07-14,0.0
2023-07-15,0.0
2023-07-16,0.0
2023-07-17,0.0
2023-07-18,0.0
2023-07-19,0.0
2023-07-20,0.0
2023-07-21,0.0
2023-07-22,0.0
2023-07-23,0.0
2023-07-24,0.0
2023-07-25,0.0
2023-07-26,0.0
2023-07-27,0.0
2023-07-28,0.0
2023-07-29,0.0
2023-07-30,0.0
2023-07-31,0.0
2023-08-01,0.0
2023-08-02,0.0
2023-08-03,0.0
2023-08-04,0.0
2023-08-05,0.0
2023-08-06,0.0
2023-08-07,0.0
2023-08-08,0.0
2023-08-09,0.0
2023-08-10,0.0
2023-08-11,0.155085027217865
2023-08-12,5.881622314453125
2023-08-13,0.7951962351799011
2023-08-14,0.0
2023-08-15,0.0
2023-08-16,0.0
2023-08-17,0.0
2023-08-18,0.0
2023-08-19,0.0
2023-08-20,0.0
2023-08-21,0.01985619217157364
2023-08-22,0.01985619217157364
2023-08-23,0.01985619217157364
2023-08-24,0.01985619217157364
2023-08-25,0.01985619217157364
2023-08-26,0.0
2023-08-27,0.0
2023-08-28,0.0
2023-08-29,0.0
2023-08-30,0.0
2023-08-31,0.0
2023-09-01,0.0
2023-09-02,0.0
2023-09-03,0.0
2023-09-04,0.0
2023-09-05,0.0
2023-09-06,0.0
2023-09-07,0.0
2023-09-08,0.0
2023-09-09,0.0
2023-09-10,0.0
2023-09-11,0.0
2023-09-12,0.0
2023-09-13,0.0
2023-09-14,0.0
2023-09-15,0.0
2023-09-16,0.0
2023-09-17,0.0
2023-09-18,0.0
2023-09-19,0.0
2023-09-20,0.0
2023-09-21,0.0
2023-09-22,0.0
2023-09-23,0.0
2023-09-24,0.0
2023-09-25,0.0
2023-09-26,0.6424441933631897
2023-09-27,0.24091656506061554
2023-09-28,0.24091656506061554
2023-09-29,0.24091656506061554
2023-09-30,0.24091656506061554
2023-10-01,0.0
2023-10-02,0.0
2023-10-03,0.0
2023-10-04,0.0
2023-10-05,0.0
2023-10-06,0.0
2023-10-07,0.0
2023-10-08,0.0
2023-10-09,0.0
2023-10-10,0.0
2023-10-11,0.07533038407564163
2023-10-12,3.0119125843048096
2023-10-13,0.0
2023-10-14,0.9916220307350159
2023-10-15,0.0
2023-10-16,0.0
2023-10-17,1.2690812349319458
2023-10-18,2.9351589679718018
2023-10-19,4.791332244873047
2023-10-20,1.1723873615264893
2023-10-21,4.664407730102539
2023-10-22,12.288321495056152
2023-10-23,1.2208757400512695
2023-10-24,0.23064517974853516
2023-10-25,0.0
2023-10-26,0.0
2023-10-27,0.0
2023-10-28,0.0
2023-10-29,0.0
2023-10-30,0.0
2023-10-31,0.0
2023-11-01,0.0
2023-11-02,0.0
2023-11-03,0.0
2023-11-04,0.49530404806137085
2023-11-05,0.8067408204078674
2023-11-06,0.0
2023-11-07,4.252451419830322
2023-11-08,5.053499698638916
2023-11-09,1.5330750942230225
2023-11-10,2.2264082431793213
2023-11-11,0.3955722451210022
2023-11-12,9.516170501708984
2023-11-13,5.010397911071777
2023-11-14,0.0
2023-11-15,0.0
2023-11-16,0.02143271081149578
2023-11-17,0.017636308446526527
2023-11-18,0.09614574164152145
2023-11-19,0.17409756779670715
2023-11-20,0.0030504176393151283
2023-11-21,0.01914132758975029
2023-11-22,3.8703954219818115
2023-11-23,1.6939318180084229
2023-11-24,0.497548371553421
2023-11-25,0.0
2023-11-26,4.427474021911621
2023-11-27,6.499474048614502
2023-11-28,0.3527490198612213
2023-11-29,0.0
2023-11-30,0.017297737300395966
2023-12-01,18.520980834960938
2023-12-02,3.4883463382720947
2023-12-03,2.9868788719177246
2023-12-04,1.899920105934143
2023-12-05,0.5883362889289856
2023-12-06,2.775219202041626
2023-12-07,1.4106677770614624
2023-12-08,0.5950753688812256
2023-12-09,0.0
2023-12-10,8.278406143188477
2023-12-11,0.3423806428909302
2023-12-12,0.11541812866926193
2023-12-13,3.1274755001068115
2023-12-14,22.75078010559082
2023-12-15,7.379227161407471
2023-12-16,0.0
2023-12-17,6.872086048126221
2023-12-18,7.388810634613037
2023-12-19,0.0
2023-12-20,0.0
2023-12-21,0.5742774605751038
2023-12-22,0.0
2023-12-23,1.7485288381576538
2023-12-24,0.7228466868400574
2023-12-25,22.222553253173828
2023-12-26,2.4871437549591064
2023-12-27,0.0
2023-12-28,8.905251502990723
2023-12-29,14.776833534240723
2023-12-30,3.5116162300109863
2023-12-31,0.04027188941836357
