fecha,Precipitacion
1998-01-01,8.870713233947754
1998-01-02,15.339288711547852
1998-01-03,0.0
1998-01-04,13.019837379455566
1998-01-05,0.0
1998-01-06,0.22983480989933014
1998-01-07,16.896141052246094
1998-01-08,26.322359085083008
1998-01-09,9.467009544372559
1998-01-10,1.0499401092529297
1998-01-11,0.16798852384090424
1998-01-12,0.4363718330860138
1998-01-13,29.087472915649414
1998-01-14,0.04352729395031929
1998-01-15,0.0
1998-01-16,2.437065601348877
1998-01-17,0.0
1998-01-18,11.018224716186523
1998-01-19,3.1402664184570312
1998-01-20,22.258108139038086
1998-01-21,3.3780338764190674
1998-01-22,0.01561587955802679
1998-01-23,5.860101699829102
1998-01-24,0.3277074694633484
1998-01-25,7.80682373046875
1998-01-26,0.6036909818649292
1998-01-27,5.400198459625244
1998-01-28,2.9124248027801514
1998-01-29,4.840603351593018
1998-01-30,20.7362003326416
1998-01-31,7.542071342468262
1998-02-01,7.887956619262695
1998-02-02,0.43443360924720764
1998-02-03,4.005663871765137
1998-02-04,0.14288201928138733
1998-02-05,0.2972472906112671
1998-02-06,0.4705418050289154
1998-02-07,0.6826114654541016
1998-02-08,2.0545146465301514
1998-02-09,27.462181091308594
1998-02-10,1.5435422658920288
1998-02-11,4.49530553817749
1998-02-12,0.0
1998-02-13,0.0
1998-02-14,0.0
1998-02-15,0.07665802538394928
1998-02-16,0.00748980138450861
1998-02-17,0.07175176590681076
1998-02-18,2.0026659965515137
1998-02-19,55.438758850097656
1998-02-20,8.955806732177734
1998-02-21,0.4578275680541992
1998-02-22,91.49533081054688
1998-02-23,15.170042991638184
1998-02-24,0.0
1998-02-25,1.176694631576538
1998-02-26,55.71461868286133
1998-02-27,31.81529426574707
1998-02-28,52.996788024902344
1998-03-01,8.908050537109375
1998-03-02,15.363953590393066
1998-03-03,0.0
1998-03-04,1.5633888244628906
1998-03-05,0.0
1998-03-06,0.0
1998-03-07,0.43838050961494446
1998-03-08,22.641681671142578
1998-03-09,38.416175842285156
1998-03-10,10.06938648223877
1998-03-11,17.97950553894043
1998-03-12,4.538872718811035
1998-03-13,0.20823270082473755
1998-03-14,0.8773515224456787
1998-03-15,15.325141906738281
1998-03-16,4.181098461151123
1998-03-17,0.03489118441939354
1998-03-18,0.026839371770620346
1998-03-19,5.628692150115967
1998-03-20,0.0
1998-03-21,0.0
1998-03-22,0.0
1998-03-23,0.0
1998-03-24,0.0
1998-03-25,5.777062892913818
1998-03-26,1.6703630685806274
1998-03-27,0.0
1998-03-28,0.07438399642705917
1998-03-29,2.8362574577331543
1998-03-30,0.5844319462776184
1998-03-31,0.6031527519226074
1998-04-01,0.0
1998-04-02,0.0
1998-04-03,0.0
1998-04-04,0.0
1998-04-05,0.0
1998-04-06,0.6852233409881592
1998-04-07,7.927212238311768
1998-04-08,0.09629648923873901
1998-04-09,0.0
1998-04-10,0.0
1998-04-11,0.0
1998-04-12,0.0
1998-04-13,0.0
1998-04-14,0.0
1998-04-15,0.0
1998-04-16,0.0
1998-04-17,19.96321678161621
1998-04-18,0.6662518382072449
1998-04-19,0.0
1998-04-20,0.0
1998-04-21,0.0
1998-04-22,0.0
1998-04-23,0.0
1998-04-24,0.0
1998-04-25,0.0
1998-04-26,0.1887604296207428
1998-04-27,1.243691325187683
1998-04-28,0.44183674454689026
1998-04-29,0.0
1998-04-30,0.0
1998-05-01,0.4278945028781891
1998-05-02,0.4278945028781891
1998-05-03,0.4278945028781891
1998-05-04,0.4278945028781891
1998-05-05,0.4278945028781891
1998-05-06,0.531425416469574
1998-05-07,0.531425416469574
1998-05-08,0.531425416469574
1998-05-09,0.531425416469574
1998-05-10,0.531425416469574
1998-05-11,9.136658668518066
1998-05-12,9.235554695129395
1998-05-13,5.143019199371338
1998-05-14,27.656341552734375
1998-05-15,9.132976531982422
1998-05-16,2.37361741065979
1998-05-17,0.0
1998-05-18,0.0
1998-05-19,0.0
1998-05-20,0.0
1998-05-21,0.5525400042533875
1998-05-22,0.5525400042533875
1998-05-23,0.5525400042533875
1998-05-24,0.5525400042533875
1998-05-25,0.5525400042533875
1998-05-26,0.0
1998-05-27,2.010995626449585
1998-05-28,0.36883556842803955
1998-05-29,3.827956438064575
1998-05-30,0.0
1998-05-31,0.023163385689258575
1998-06-01,0.0
1998-06-02,0.0
1998-06-03,0.0
1998-06-04,0.0
1998-06-05,0.0
1998-06-06,0.0
1998-06-07,0.0
1998-06-08,0.0
1998-06-09,0.0
1998-06-10,4.240113735198975
1998-06-11,5.353729724884033
1998-06-12,0.0
1998-06-13,0.0
1998-06-14,0.0
1998-06-15,0.0
1998-06-16,0.632492184638977
1998-06-17,0.632492184638977
1998-06-18,0.632492184638977
1998-06-19,0.632492184638977
1998-06-20,0.632492184638977
1998-06-21,0.0
1998-06-22,0.0
1998-06-23,0.46236860752105713
1998-06-24,0.0
1998-06-25,1.2315106391906738
1998-06-26,1.1205763816833496
1998-06-27,0.0
1998-06-28,0.0
1998-06-29,0.0
1998-06-30,0.0
1998-07-01,0.3090849816799164
1998-07-02,0.3090849816799164
1998-07-03,0.3090849816799164
1998-07-04,0.3090849816799164
1998-07-05,0.3090849816799164
1998-07-06,0.0
1998-07-07,0.0
1998-07-08,0.0
1998-07-09,5.883460998535156
1998-07-10,0.03587476164102554
1998-07-11,0.0
1998-07-12,0.0
1998-07-13,0.0
1998-07-14,0.0
1998-07-15,0.0
1998-07-16,0.6344980597496033
1998-07-17,0.6344980597496033
1998-07-18,0.6344980597496033
1998-07-19,0.6344980597496033
1998-07-20,0.6344980597496033
1998-07-21,0.5927853584289551
1998-07-22,0.5927853584289551
1998-07-23,0.5927853584289551
1998-07-24,0.5927853584289551
1998-07-25,0.5927853584289551
1998-07-26,0.04172977805137634
1998-07-27,0.04172977805137634
1998-07-28,0.04172977805137634
1998-07-29,0.04172977805137634
1998-07-30,0.04172977805137634
1998-07-31,0.04172977805137634
1998-08-01,0.0
1998-08-02,0.0
1998-08-03,0.0
1998-08-04,0.0
1998-08-05,0.0
1998-08-06,4.171131134033203
1998-08-07,0.0
1998-08-08,2.041191816329956
1998-08-09,0.0
1998-08-10,0.0
1998-08-11,0.0
1998-08-12,0.0
1998-08-13,12.055647850036621
1998-08-14,0.11664927005767822
1998-08-15,9.407815933227539
1998-08-16,0.0
1998-08-17,0.0
1998-08-18,0.0
1998-08-19,0.0
1998-08-20,0.0
1998-08-21,1.1311453580856323
1998-08-22,1.1311453580856323
1998-08-23,1.1311453580856323
1998-08-24,1.1311453580856323
1998-08-25,1.1311453580856323
1998-08-26,3.1914408206939697
1998-08-27,0.0
1998-08-28,0.0
1998-08-29,0.0
1998-08-30,0.0
1998-08-31,0.0
1998-09-01,1.2491154670715332
1998-09-02,1.2491154670715332
1998-09-03,1.2491154670715332
1998-09-04,1.2491154670715332
1998-09-05,1.2491154670715332
1998-09-06,22.470308303833008
1998-09-07,3.7972941398620605
1998-09-08,65.10356903076172
1998-09-09,33.55581283569336
1998-09-10,0.840495765209198
1998-09-11,0.0
1998-09-12,0.0
1998-09-13,0.0
1998-09-14,2.2336623668670654
1998-09-15,0.0
1998-09-16,0.0
1998-09-17,0.0
1998-09-18,1.1894135475158691
1998-09-19,45.88038635253906
1998-09-20,0.3112791180610657
1998-09-21,0.0
1998-09-22,0.0
1998-09-23,0.0
1998-09-24,0.0
1998-09-25,0.0
1998-09-26,0.0
1998-09-27,0.0
1998-09-28,43.84977722167969
1998-09-29,38.24346160888672
1998-09-30,1.4787650108337402
1998-10-01,0.0
1998-10-02,0.0
1998-10-03,0.0
1998-10-04,0.0
1998-10-05,0.0
1998-10-06,2.337340831756592
1998-10-07,1.8558849096298218
1998-10-08,0.0
1998-10-09,0.0
1998-10-10,0.0
1998-10-11,0.0
1998-10-12,0.0
1998-10-13,19.5312557220459
1998-10-14,31.604068756103516
1998-10-15,0.0582706481218338
1998-10-16,0.0
1998-10-17,34.63932800292969
1998-10-18,17.332679748535156
1998-10-19,0.0
1998-10-20,0.0
1998-10-21,0.0
1998-10-22,0.0
1998-10-23,0.0
1998-10-24,0.0
1998-10-25,0.0
1998-10-26,0.0
1998-10-27,83.77595520019531
1998-10-28,0.8424591422080994
1998-10-29,2.9802420139312744
1998-10-30,3.762050151824951
1998-10-31,8.824423789978027
1998-11-01,3.37964129447937
1998-11-02,2.2069082260131836
1998-11-03,0.0
1998-11-04,5.446871757507324
1998-11-05,0.0
1998-11-06,0.0
1998-11-07,0.0
1998-11-08,0.0
1998-11-09,0.0
1998-11-10,0.0
1998-11-11,48.89666748046875
1998-11-12,2.673780679702759
1998-11-13,11.817387580871582
1998-11-14,4.988803386688232
1998-11-15,3.7471024990081787
1998-11-16,0.0
1998-11-17,6.184765815734863
1998-11-18,36.48914337158203
1998-11-19,0.0
1998-11-20,0.0
1998-11-21,0.0
1998-11-22,18.859731674194336
1998-11-23,22.042903900146484
1998-11-24,0.0
1998-11-25,14.90269947052002
1998-11-26,15.932026863098145
1998-11-27,1.8833116292953491
1998-11-28,0.011665343306958675
1998-11-29,24.545936584472656
1998-11-30,36.683082580566406
1998-12-01,0.29362234473228455
1998-12-02,19.110919952392578
1998-12-03,6.105773448944092
1998-12-04,0.26536938548088074
1998-12-05,3.8434672355651855
1998-12-06,0.0
1998-12-07,7.709083080291748
1998-12-08,36.56156921386719
1998-12-09,0.2246001958847046
1998-12-10,36.61695098876953
1998-12-11,0.011606274172663689
1998-12-12,0.0
1998-12-13,3.525728225708008
1998-12-14,0.40106120705604553
1998-12-15,0.0
1998-12-16,0.0
1998-12-17,12.184146881103516
1998-12-18,0.0
1998-12-19,0.0
1998-12-20,0.0
1998-12-21,0.0
1998-12-22,29.008087158203125
1998-12-23,1.0704095363616943
1998-12-24,4.31338357925415
1998-12-25,0.0
1998-12-26,0.04106162488460541
1998-12-27,0.7677227854728699
1998-12-28,0.2985350787639618
1998-12-29,17.756866455078125
1998-12-30,23.794384002685547
1998-12-31,9.72453498840332
1999-01-01,1.3618117570877075
1999-01-02,36.18952941894531
1999-01-03,0.0
1999-01-04,1.6054447889328003
1999-01-05,27.640830993652344
1999-01-06,0.6786306500434875
1999-01-07,0.0
1999-01-08,0.0
1999-01-09,13.458534240722656
1999-01-10,2.0373668670654297
1999-01-11,0.0
1999-01-12,0.09056133776903152
1999-01-13,6.858992576599121
1999-01-14,16.803861618041992
1999-01-15,0.0
1999-01-16,0.0
1999-01-17,0.0
1999-01-18,0.5150917172431946
1999-01-19,7.377823829650879
1999-01-20,1.701521873474121
1999-01-21,0.7186387777328491
1999-01-22,1.6215260028839111
1999-01-23,0.0
1999-01-24,0.0
1999-01-25,15.69076156616211
1999-01-26,0.6394360661506653
1999-01-27,0.050002750009298325
1999-01-28,0.09730572998523712
1999-01-29,1.3578078746795654
1999-01-30,23.847267150878906
1999-01-31,0.009615913033485413
1999-02-01,11.952533721923828
1999-02-02,4.528485298156738
1999-02-03,0.0
1999-02-04,0.4500226676464081
1999-02-05,0.0
1999-02-06,2.5122933387756348
1999-02-07,3.2171859741210938
1999-02-08,22.818681716918945
1999-02-09,1.6585547924041748
1999-02-10,2.090130090713501
1999-02-11,0.0
1999-02-12,6.917840003967285
1999-02-13,0.0
1999-02-14,6.479813575744629
1999-02-15,1.669814944267273
1999-02-16,9.621854782104492
1999-02-17,6.5669403076171875
1999-02-18,28.190340042114258
1999-02-19,0.07971780747175217
1999-02-20,0.0
1999-02-21,0.0
1999-02-22,23.44000816345215
1999-02-23,0.0
1999-02-24,0.0
1999-02-25,21.71637535095215
1999-02-26,5.820827007293701
1999-02-27,0.0
1999-02-28,1.996573805809021
1999-03-01,0.0
1999-03-02,0.14058427512645721
1999-03-03,0.0024320806842297316
1999-03-04,0.0
1999-03-05,0.0382857583463192
1999-03-06,0.2034635841846466
1999-03-07,0.07472550868988037
1999-03-08,1.6515898704528809
1999-03-09,22.129474639892578
1999-03-10,42.77800750732422
1999-03-11,0.8181760907173157
1999-03-12,0.0
1999-03-13,0.0
1999-03-14,0.0
1999-03-15,0.0
1999-03-16,0.15678086876869202
1999-03-17,0.0
1999-03-18,0.0
1999-03-19,87.00926208496094
1999-03-20,0.0
1999-03-21,1.1070857048034668
1999-03-22,45.71409225463867
1999-03-23,0.1425766497850418
1999-03-24,0.00902801938354969
1999-03-25,0.09028018265962601
1999-03-26,1.0127066373825073
1999-03-27,0.113715261220932
1999-03-28,1.8230338096618652
1999-03-29,0.0
1999-03-30,21.818208694458008
1999-03-31,0.01192855928093195
1999-04-01,0.0
1999-04-02,0.0
1999-04-03,24.431392669677734
1999-04-04,0.0
1999-04-05,0.0
1999-04-06,0.0
1999-04-07,0.0
1999-04-08,0.0
1999-04-09,0.0
1999-04-10,0.0
1999-04-11,0.0
1999-04-12,0.0055885957553982735
1999-04-13,2.5595767498016357
1999-04-14,28.74214744567871
1999-04-15,0.0
1999-04-16,14.053557395935059
1999-04-17,13.196561813354492
1999-04-18,0.44875380396842957
1999-04-19,0.2185903936624527
1999-04-20,0.10849745571613312
1999-04-21,0.0
1999-04-22,0.0
1999-04-23,0.0
1999-04-24,0.0
1999-04-25,0.0
1999-04-26,0.0
1999-04-27,0.013076946139335632
1999-04-28,28.280757904052734
1999-04-29,0.0
1999-04-30,0.18775174021720886
1999-05-01,17.340621948242188
1999-05-02,6.8681511878967285
1999-05-03,0.0
1999-05-04,0.0
1999-05-05,0.0
1999-05-06,0.0
1999-05-07,12.725691795349121
1999-05-08,0.8991354703903198
1999-05-09,0.0
1999-05-10,0.0
1999-05-11,0.0
1999-05-12,1.1802871227264404
1999-05-13,0.0
1999-05-14,0.0
1999-05-15,0.0
1999-05-16,0.0
1999-05-17,0.0
1999-05-18,63.66126251220703
1999-05-19,0.06268546730279922
1999-05-20,0.0
1999-05-21,0.1720697581768036
1999-05-22,0.0
1999-05-23,0.0
1999-05-24,0.0
1999-05-25,25.81688690185547
1999-05-26,14.81171989440918
1999-05-27,0.25767943263053894
1999-05-28,0.8627933859825134
1999-05-29,0.0
1999-05-30,17.205778121948242
1999-05-31,0.0
1999-06-01,0.0
1999-06-02,0.0
1999-06-03,0.0
1999-06-04,0.0
1999-06-05,0.0
1999-06-06,0.0
1999-06-07,0.37934091687202454
1999-06-08,0.1270786076784134
1999-06-09,0.0
1999-06-10,0.5805692076683044
1999-06-11,0.006724509410560131
1999-06-12,0.5399155616760254
1999-06-13,0.8789559006690979
1999-06-14,0.0
1999-06-15,0.0
1999-06-16,5.34684419631958
1999-06-17,1.884874939918518
1999-06-18,0.24180485308170319
1999-06-19,49.44523620605469
1999-06-20,0.0
1999-06-21,0.0
1999-06-22,0.0
1999-06-23,0.0
1999-06-24,0.0
1999-06-25,0.556704580783844
1999-06-26,0.3334224820137024
1999-06-27,0.0
1999-06-28,0.0
1999-06-29,0.0
1999-06-30,2.122854232788086
1999-07-01,0.0
1999-07-02,0.0
1999-07-03,0.0
1999-07-04,21.919994354248047
1999-07-05,0.0
1999-07-06,0.0
1999-07-07,1.3741785287857056
1999-07-08,0.0
1999-07-09,0.0
1999-07-10,0.0
1999-07-11,0.0
1999-07-12,0.0
1999-07-13,0.0
1999-07-14,0.0
1999-07-15,0.0
1999-07-16,0.3932674527168274
1999-07-17,0.3932674527168274
1999-07-18,0.3932674527168274
1999-07-19,0.3932674527168274
1999-07-20,0.3932674527168274
1999-07-21,0.1866718977689743
1999-07-22,0.1866718977689743
1999-07-23,1.120031476020813
1999-07-24,0.1866718977689743
1999-07-25,0.1866718977689743
1999-07-26,0.039505865424871445
1999-07-27,0.039505865424871445
1999-07-28,0.039505865424871445
1999-07-29,0.039505865424871445
1999-07-30,0.039505865424871445
1999-07-31,0.039505865424871445
1999-08-01,0.0
1999-08-02,0.0
1999-08-03,0.0
1999-08-04,0.0
1999-08-05,0.0
1999-08-06,0.0
1999-08-07,0.0
1999-08-08,0.6734246611595154
1999-08-09,0.16951991617679596
1999-08-10,0.0
1999-08-11,0.0
1999-08-12,0.0
1999-08-13,0.0
1999-08-14,0.0
1999-08-15,0.0
1999-08-16,0.0
1999-08-17,0.0
1999-08-18,0.0
1999-08-19,0.0
1999-08-20,0.0
1999-08-21,0.3187863230705261
1999-08-22,0.3187863230705261
1999-08-23,0.3187863230705261
1999-08-24,0.3187863230705261
1999-08-25,0.3187863230705261
1999-08-26,0.0
1999-08-27,0.0
1999-08-28,0.0
1999-08-29,1.1990996599197388
1999-08-30,0.014588646590709686
1999-08-31,0.0
1999-09-01,0.0
1999-09-02,0.0
1999-09-03,7.309425354003906
1999-09-04,0.0
1999-09-05,0.0
1999-09-06,0.0
1999-09-07,0.0
1999-09-08,0.0
1999-09-09,11.107527732849121
1999-09-10,5.2581892013549805
1999-09-11,0.0
1999-09-12,0.0
1999-09-13,0.0
1999-09-14,0.0
1999-09-15,29.676300048828125
1999-09-16,0.2922917902469635
1999-09-17,0.04662661254405975
1999-09-18,0.0
1999-09-19,18.954957962036133
1999-09-20,9.009368896484375
1999-09-21,0.0
1999-09-22,0.007763832341879606
1999-09-23,0.0
1999-09-24,0.0
1999-09-25,33.34565353393555
1999-09-26,0.0
1999-09-27,4.1628499031066895
1999-09-28,0.0
1999-09-29,0.0
1999-09-30,0.14867322146892548
1999-10-01,0.0
1999-10-02,9.202333450317383
1999-10-03,3.777348279953003
1999-10-04,0.0
1999-10-05,0.0
1999-10-06,0.0
1999-10-07,0.0
1999-10-08,0.0
1999-10-09,0.0
1999-10-10,0.0
1999-10-11,0.0
1999-10-12,0.0
1999-10-13,0.0
1999-10-14,0.0
1999-10-15,0.0
1999-10-16,0.0
1999-10-17,0.0
1999-10-18,5.116569519042969
1999-10-19,0.6412069201469421
1999-10-20,0.0
1999-10-21,0.0
1999-10-22,20.10947036743164
1999-10-23,0.0
1999-10-24,0.36532706022262573
1999-10-25,0.020770428702235222
1999-10-26,0.7840592265129089
1999-10-27,0.0
1999-10-28,3.922978162765503
1999-10-29,0.0
1999-10-30,0.0
1999-10-31,1.406497836112976
1999-11-01,2.89247727394104
1999-11-02,1.1220701932907104
1999-11-03,94.37330627441406
1999-11-04,1.3174128532409668
1999-11-05,0.0
1999-11-06,0.0
1999-11-07,0.0
1999-11-08,0.5899022817611694
1999-11-09,15.940634727478027
1999-11-10,17.875656127929688
1999-11-11,0.0
1999-11-12,0.0
1999-11-13,0.0
1999-11-14,7.249327182769775
1999-11-15,0.0
1999-11-16,0.1680639684200287
1999-11-17,2.1077680587768555
1999-11-18,0.016543976962566376
1999-11-19,0.04565512016415596
1999-11-20,74.71884155273438
1999-11-21,0.0
1999-11-22,0.0
1999-11-23,50.518009185791016
1999-11-24,0.0
1999-11-25,0.0
1999-11-26,0.0
1999-11-27,22.865760803222656
1999-11-28,0.0
1999-11-29,0.0
1999-11-30,0.0
1999-12-01,0.0
1999-12-02,0.0
1999-12-03,13.488012313842773
1999-12-04,0.6158314943313599
1999-12-05,0.7877200841903687
1999-12-06,4.0090227127075195
1999-12-07,4.2485151290893555
1999-12-08,0.03054417297244072
1999-12-09,0.0
1999-12-10,63.332096099853516
1999-12-11,33.78318786621094
1999-12-12,3.5851569175720215
1999-12-13,0.0
1999-12-14,0.7927719950675964
1999-12-15,28.195186614990234
1999-12-16,0.23041433095932007
1999-12-17,0.0
1999-12-18,0.159748837351799
1999-12-19,0.06204903498291969
1999-12-20,32.06751251220703
1999-12-21,5.5973639488220215
1999-12-22,3.327256679534912
1999-12-23,12.237258911132812
1999-12-24,0.13192805647850037
1999-12-25,3.0485708713531494
1999-12-26,1.0678716897964478
1999-12-27,12.686509132385254
1999-12-28,0.4532471299171448
1999-12-29,0.0
1999-12-30,0.24037759006023407
1999-12-31,59.025787353515625
2000-01-01,0.03721606358885765
2000-01-02,0.10621970891952515
2000-01-03,0.0
2000-01-04,1.0523152351379395
2000-01-05,7.81953239440918
2000-01-06,6.813420295715332
2000-01-07,0.0
2000-01-08,0.01639709435403347
2000-01-09,21.50516700744629
2000-01-10,2.7524404525756836
2000-01-11,11.514992713928223
2000-01-12,5.440735816955566
2000-01-13,0.0
2000-01-14,0.0
2000-01-15,9.26209545135498
2000-01-16,20.0792293548584
2000-01-17,0.0
2000-01-18,0.0
2000-01-19,24.462080001831055
2000-01-20,0.0
2000-01-21,0.0
2000-01-22,0.0
2000-01-23,12.102401733398438
2000-01-24,0.0
2000-01-25,1.1597156524658203
2000-01-26,23.10300636291504
2000-01-27,15.652515411376953
2000-01-28,3.765110731124878
2000-01-29,15.53538990020752
2000-01-30,4.8003692626953125
2000-01-31,0.1238158643245697
2000-02-01,12.162768363952637
2000-02-02,0.0
2000-02-03,0.0
2000-02-04,18.155187606811523
2000-02-05,32.78242492675781
2000-02-06,53.394954681396484
2000-02-07,1.6778583526611328
2000-02-08,0.004113492090255022
2000-02-09,0.0
2000-02-10,0.0
2000-02-11,0.0
2000-02-12,0.0
2000-02-13,0.0
2000-02-14,30.659099578857422
2000-02-15,0.378892183303833
2000-02-16,0.0
2000-02-17,0.0
2000-02-18,0.061785608530044556
2000-02-19,16.533248901367188
2000-02-20,2.517315149307251
2000-02-21,10.183603286743164
2000-02-22,8.538174629211426
2000-02-23,3.145261526107788
2000-02-24,16.923858642578125
2000-02-25,2.168257236480713
2000-02-26,0.0
2000-02-27,0.558236837387085
2000-02-28,0.0
2000-02-29,40.62184524536133
2000-03-01,1.5090285539627075
2000-03-02,10.722814559936523
2000-03-03,1.643393874168396
2000-03-04,0.021486539393663406
2000-03-05,3.0746800899505615
2000-03-06,2.680246353149414
2000-03-07,20.789857864379883
2000-03-08,1.5540152788162231
2000-03-09,13.039371490478516
2000-03-10,4.518581390380859
2000-03-11,0.7685800790786743
2000-03-12,0.7765378952026367
2000-03-13,0.0
2000-03-14,40.23701858520508
2000-03-15,6.88808536529541
2000-03-16,0.0
2000-03-17,2.2588346004486084
2000-03-18,0.04699845612049103
2000-03-19,67.58511352539062
2000-03-20,0.3560730814933777
2000-03-21,0.0
2000-03-22,3.5380942821502686
2000-03-23,5.790243625640869
2000-03-24,0.35887283086776733
2000-03-25,0.0
2000-03-26,0.0
2000-03-27,0.0
2000-03-28,6.417191982269287
2000-03-29,0.0
2000-03-30,0.0
2000-03-31,0.0
2000-04-01,0.0
2000-04-02,0.1259482353925705
2000-04-03,0.0
2000-04-04,0.0
2000-04-05,8.743257522583008
2000-04-06,0.0
2000-04-07,0.0
2000-04-08,0.0
2000-04-09,8.15366268157959
2000-04-10,0.06750480830669403
2000-04-11,0.0
2000-04-12,0.0
2000-04-13,2.133009672164917
2000-04-14,0.0
2000-04-15,3.6967661380767822
2000-04-16,1.7602487802505493
2000-04-17,0.4531192481517792
2000-04-18,11.648735046386719
2000-04-19,7.552241802215576
2000-04-20,0.0
2000-04-21,0.0
2000-04-22,0.0
2000-04-23,0.7136995792388916
2000-04-24,4.9589457511901855
2000-04-25,0.0
2000-04-26,1.4065214395523071
2000-04-27,0.5200130343437195
2000-04-28,0.04783455282449722
2000-04-29,7.326319217681885
2000-04-30,0.0
2000-05-01,0.0
2000-05-02,8.724410057067871
2000-05-03,0.8423593044281006
2000-05-04,9.642956733703613
2000-05-05,0.0
2000-05-06,0.48139992356300354
2000-05-07,0.48139992356300354
2000-05-08,0.48139992356300354
2000-05-09,0.48139992356300354
2000-05-10,0.48139992356300354
2000-05-11,0.0
2000-05-12,0.0
2000-05-13,0.0
2000-05-14,5.570337295532227
2000-05-15,1.1123884916305542
2000-05-16,1.2203583717346191
2000-05-17,1.201717495918274
2000-05-18,0.09439923614263535
2000-05-19,0.0
2000-05-20,3.7250547409057617
2000-05-21,0.3664383590221405
2000-05-22,0.3664383590221405
2000-05-23,0.3664383590221405
2000-05-24,0.3664383590221405
2000-05-25,0.3664383590221405
2000-05-26,0.0
2000-05-27,0.0
2000-05-28,0.0
2000-05-29,2.110656976699829
2000-05-30,0.0
2000-05-31,0.0
2000-06-01,0.0
2000-06-02,0.0
2000-06-03,0.0
2000-06-04,0.0
2000-06-05,0.0
2000-06-06,2.3139970302581787
2000-06-07,29.40797996520996
2000-06-08,22.439111709594727
2000-06-09,15.165852546691895
2000-06-10,0.0
2000-06-11,0.0
2000-06-12,0.15113383531570435
2000-06-13,2.040364980697632
2000-06-14,1.0495789051055908
2000-06-15,18.42157554626465
2000-06-16,0.5162132978439331
2000-06-17,3.847118377685547
2000-06-18,0.2967221736907959
2000-06-19,0.09293767064809799
2000-06-20,0.10447552055120468
2000-06-21,0.2756771743297577
2000-06-22,0.2756771743297577
2000-06-23,0.2756771743297577
2000-06-24,0.2756771743297577
2000-06-25,0.2756771743297577
2000-06-26,0.14595632255077362
2000-06-27,0.14595632255077362
2000-06-28,0.14595632255077362
2000-06-29,0.14595632255077362
2000-06-30,0.8757379651069641
2000-07-01,0.00749867083504796
2000-07-02,0.02223227731883526
2000-07-03,5.917728424072266
2000-07-04,0.46390464901924133
2000-07-05,0.0
2000-07-06,0.0
2000-07-07,0.0
2000-07-08,0.0
2000-07-09,2.9261391162872314
2000-07-10,10.34569263458252
2000-07-11,5.869967937469482
2000-07-12,0.1249295249581337
2000-07-13,0.27513587474823
2000-07-14,0.0
2000-07-15,0.0
2000-07-16,0.0
2000-07-17,0.0
2000-07-18,0.0
2000-07-19,0.004610220901668072
2000-07-20,1.0188589096069336
2000-07-21,0.02338596247136593
2000-07-22,0.0
2000-07-23,21.114477157592773
2000-07-24,1.9325854778289795
2000-07-25,0.0
2000-07-26,0.09588732570409775
2000-07-27,0.053672682493925095
2000-07-28,0.0017190806102007627
2000-07-29,0.0
2000-07-30,0.0
2000-07-31,0.0
2000-08-01,0.0
2000-08-02,0.0
2000-08-03,6.286137580871582
2000-08-04,0.0
2000-08-05,0.0
2000-08-06,0.0
2000-08-07,0.20047245919704437
2000-08-08,0.42601287364959717
2000-08-09,0.0
2000-08-10,2.560042381286621
2000-08-11,0.0
2000-08-12,0.0
2000-08-13,0.0
2000-08-14,0.0
2000-08-15,0.0
2000-08-16,0.0
2000-08-17,0.0
2000-08-18,0.1485973745584488
2000-08-19,0.0033272062428295612
2000-08-20,3.4126224517822266
2000-08-21,4.0004401206970215
2000-08-22,3.77833890914917
2000-08-23,0.0
2000-08-24,0.0
2000-08-25,0.0
2000-08-26,0.0
2000-08-27,0.07231377065181732
2000-08-28,0.0
2000-08-29,0.0
2000-08-30,3.666069269180298
2000-08-31,6.140824317932129
2000-09-01,7.119884490966797
2000-09-02,5.0539398193359375
2000-09-03,1.0654267072677612
2000-09-04,1.9797192811965942
2000-09-05,0.0
2000-09-06,0.0
2000-09-07,0.0
2000-09-08,0.0
2000-09-09,0.9916380643844604
2000-09-10,0.17753519117832184
2000-09-11,1.6056476831436157
2000-09-12,0.0
2000-09-13,0.03903745114803314
2000-09-14,2.518186330795288
2000-09-15,3.07175350189209
2000-09-16,0.10745684057474136
2000-09-17,0.10745684057474136
2000-09-18,0.10745684057474136
2000-09-19,0.10745684057474136
2000-09-20,0.10745684057474136
2000-09-21,1.8180824518203735
2000-09-22,13.08553695678711
2000-09-23,0.0
2000-09-24,2.849365711212158
2000-09-25,0.6581978797912598
2000-09-26,0.024023937061429024
2000-09-27,0.004003989510238171
2000-09-28,0.004003989510238171
2000-09-29,0.004003989510238171
2000-09-30,0.004003989510238171
2000-10-01,0.0
2000-10-02,0.0
2000-10-03,0.0
2000-10-04,0.04990614205598831
2000-10-05,4.384256839752197
2000-10-06,0.0
2000-10-07,0.0
2000-10-08,0.0
2000-10-09,0.0
2000-10-10,0.0
2000-10-11,2.3245508670806885
2000-10-12,0.003474893281236291
2000-10-13,8.134283065795898
2000-10-14,0.8436992168426514
2000-10-15,6.12575101852417
2000-10-16,0.0
2000-10-17,0.030906397849321365
2000-10-18,4.057161331176758
2000-10-19,2.0868752002716064
2000-10-20,0.6739151477813721
2000-10-21,0.6973021626472473
2000-10-22,0.0026087856385856867
2000-10-23,0.5234752297401428
2000-10-24,5.2638068199157715
2000-10-25,7.0837082862854
2000-10-26,4.666046142578125
2000-10-27,1.4401308298110962
2000-10-28,29.84464454650879
2000-10-29,12.034358978271484
2000-10-30,0.0038870007265359163
2000-10-31,0.45073357224464417
2000-11-01,0.6022117733955383
2000-11-02,1.2751307487487793
2000-11-03,16.415515899658203
2000-11-04,0.7536450028419495
2000-11-05,0.6086949706077576
2000-11-06,15.071168899536133
2000-11-07,0.0
2000-11-08,0.4078351855278015
2000-11-09,0.017028607428073883
2000-11-10,0.0
2000-11-11,0.0
2000-11-12,0.0
2000-11-13,29.17853546142578
2000-11-14,12.676006317138672
2000-11-15,0.18519707024097443
2000-11-16,0.0
2000-11-17,0.0
2000-11-18,0.0
2000-11-19,0.0
2000-11-20,0.0
2000-11-21,63.133888244628906
2000-11-22,0.0
2000-11-23,0.2661202847957611
2000-11-24,0.0
2000-11-25,2.887600898742676
2000-11-26,0.026961684226989746
2000-11-27,0.0
2000-11-28,0.0
2000-11-29,0.0
2000-11-30,44.47083282470703
2000-12-01,0.0
2000-12-02,0.0
2000-12-03,1.6331390142440796
2000-12-04,0.0
2000-12-05,5.366782188415527
2000-12-06,9.044419288635254
2000-12-07,0.9335678219795227
2000-12-08,0.7185456156730652
2000-12-09,1.971801996231079
2000-12-10,6.075634479522705
2000-12-11,0.19402995705604553
2000-12-12,54.178497314453125
2000-12-13,20.890363693237305
2000-12-14,1.1000235080718994
2000-12-15,0.0
2000-12-16,12.380855560302734
2000-12-17,0.0
2000-12-18,0.0
2000-12-19,0.0
2000-12-20,0.0
2000-12-21,0.0
2000-12-22,0.0
2000-12-23,0.002164857927709818
2000-12-24,1.7738292217254639
2000-12-25,5.150468826293945
2000-12-26,7.616015911102295
2000-12-27,14.072300910949707
2000-12-28,4.016867637634277
2000-12-29,1.8747718334197998
2000-12-30,0.0
2000-12-31,20.878028869628906
2001-01-01,0.0
2001-01-02,0.2385481595993042
2001-01-03,0.0
2001-01-04,27.455690383911133
2001-01-05,0.1161138117313385
2001-01-06,8.466487884521484
2001-01-07,1.378349781036377
2001-01-08,16.46640968322754
2001-01-09,1.0215981006622314
2001-01-10,20.297821044921875
2001-01-11,10.13127326965332
2001-01-12,21.50443458557129
2001-01-13,0.0
2001-01-14,19.48252296447754
2001-01-15,11.829019546508789
2001-01-16,25.88103675842285
2001-01-17,37.741947174072266
2001-01-18,0.3970213234424591
2001-01-19,7.900280475616455
2001-01-20,0.36410197615623474
2001-01-21,1.105690360069275
2001-01-22,7.473576068878174
2001-01-23,3.435483694076538
2001-01-24,39.931941986083984
2001-01-25,1.6394461393356323
2001-01-26,18.759048461914062
2001-01-27,9.813294410705566
2001-01-28,2.3219730854034424
2001-01-29,0.7672057747840881
2001-01-30,0.0
2001-01-31,0.0
2001-02-01,0.0
2001-02-02,0.0
2001-02-03,0.0
2001-02-04,0.0
2001-02-05,11.371685028076172
2001-02-06,0.03147180378437042
2001-02-07,0.03147180378437042
2001-02-08,0.03147180378437042
2001-02-09,0.03147180378437042
2001-02-10,0.18883083760738373
2001-02-11,11.913999557495117
2001-02-12,0.18128429353237152
2001-02-13,7.062448978424072
2001-02-14,13.631627082824707
2001-02-15,2.531916379928589
2001-02-16,9.510557174682617
2001-02-17,57.949031829833984
2001-02-18,23.97013282775879
2001-02-19,15.19518756866455
2001-02-20,0.3140852749347687
2001-02-21,0.3505253791809082
2001-02-22,0.0
2001-02-23,6.658689022064209
2001-02-24,0.1434178501367569
2001-02-25,3.6033101081848145
2001-02-26,33.21870803833008
2001-02-27,16.422758102416992
2001-02-28,5.138304233551025
2001-03-01,11.167850494384766
2001-03-02,21.504695892333984
2001-03-03,1.3576427698135376
2001-03-04,0.20656736195087433
2001-03-05,0.0
2001-03-06,0.771173357963562
2001-03-07,0.8057475090026855
2001-03-08,1.8765838146209717
2001-03-09,2.374542236328125
2001-03-10,0.0
2001-03-11,0.0
2001-03-12,0.0
2001-03-13,29.750112533569336
2001-03-14,1.5594834089279175
2001-03-15,9.2757568359375
2001-03-16,0.4772047698497772
2001-03-17,14.449435234069824
2001-03-18,0.169880673289299
2001-03-19,0.0
2001-03-20,10.017894744873047
2001-03-21,3.2689309120178223
2001-03-22,0.9851576089859009
2001-03-23,0.1901637464761734
2001-03-24,21.962976455688477
2001-03-25,40.991783142089844
2001-03-26,0.0
2001-03-27,48.77399444580078
2001-03-28,0.0
2001-03-29,0.3311883509159088
2001-03-30,0.0
2001-03-31,0.0
2001-04-01,0.0
2001-04-02,4.466240406036377
2001-04-03,14.231285095214844
2001-04-04,0.0
2001-04-05,1.501282811164856
2001-04-06,15.503992080688477
2001-04-07,10.99124813079834
2001-04-08,0.0
2001-04-09,0.0
2001-04-10,0.0
2001-04-11,0.0
2001-04-12,0.0
2001-04-13,0.0
2001-04-14,0.0
2001-04-15,0.0
2001-04-16,6.977170944213867
2001-04-17,0.0
2001-04-18,1.1140556335449219
2001-04-19,0.0
2001-04-20,0.0
2001-04-21,0.20381803810596466
2001-04-22,2.9866976737976074
2001-04-23,9.861930847167969
2001-04-24,12.430148124694824
2001-04-25,0.43243682384490967
2001-04-26,0.0
2001-04-27,0.0
2001-04-28,0.0
2001-04-29,16.481618881225586
2001-04-30,0.425581693649292
2001-05-01,0.1918986439704895
2001-05-02,0.1918986439704895
2001-05-03,1.151391863822937
2001-05-04,0.1918986439704895
2001-05-05,0.1918986439704895
2001-05-06,3.251596689224243
2001-05-07,2.2779109477996826
2001-05-08,0.06589402258396149
2001-05-09,0.0
2001-05-10,0.026556862518191338
2001-05-11,1.9849088191986084
2001-05-12,0.8046244382858276
2001-05-13,0.0
2001-05-14,0.8101770877838135
2001-05-15,9.261390686035156
2001-05-16,0.8022292256355286
2001-05-17,0.0
2001-05-18,0.9403178691864014
2001-05-19,0.46687111258506775
2001-05-20,0.0
2001-05-21,0.0
2001-05-22,0.08282236009836197
2001-05-23,0.5037888884544373
2001-05-24,61.12977600097656
2001-05-25,5.195448398590088
2001-05-26,13.815613746643066
2001-05-27,0.016046009957790375
2001-05-28,1.0429905652999878
2001-05-29,0.0
2001-05-30,0.0
2001-05-31,0.0
2001-06-01,0.0
2001-06-02,0.0
2001-06-03,0.0
2001-06-04,0.0
2001-06-05,0.0
2001-06-06,0.0
2001-06-07,2.3995447158813477
2001-06-08,0.7912124395370483
2001-06-09,0.027391521260142326
2001-06-10,18.460285186767578
2001-06-11,1.1281875371932983
2001-06-12,0.18803125619888306
2001-06-13,0.18803125619888306
2001-06-14,0.18803125619888306
2001-06-15,0.18803125619888306
2001-06-16,4.304751396179199
2001-06-17,43.05324172973633
2001-06-18,4.943912506103516
2001-06-19,1.494149088859558
2001-06-20,0.04542818292975426
2001-06-21,0.867000162601471
2001-06-22,0.21790309250354767
2001-06-23,0.0
2001-06-24,0.0
2001-06-25,0.0
2001-06-26,0.2241726964712143
2001-06-27,0.2241726964712143
2001-06-28,0.2241726964712143
2001-06-29,0.2241726964712143
2001-06-30,0.2241726964712143
2001-07-01,0.0
2001-07-02,0.0
2001-07-03,0.0
2001-07-04,0.0
2001-07-05,16.726110458374023
2001-07-06,0.0
2001-07-07,4.320866107940674
2001-07-08,0.6393772959709167
2001-07-09,0.0
2001-07-10,5.874365329742432
2001-07-11,6.263359069824219
2001-07-12,26.00798988342285
2001-07-13,0.0
2001-07-14,0.0
2001-07-15,0.0
2001-07-16,0.0
2001-07-17,0.4133676588535309
2001-07-18,14.467866897583008
2001-07-19,0.0
2001-07-20,0.0
2001-07-21,0.0
2001-07-22,0.0
2001-07-23,5.071177005767822
2001-07-24,0.5157129168510437
2001-07-25,0.0
2001-07-26,0.0
2001-07-27,8.291844367980957
2001-07-28,0.0
2001-07-29,0.0
2001-07-30,0.0
2001-07-31,0.0
2001-08-01,0.0
2001-08-02,0.0
2001-08-03,0.0
2001-08-04,0.0
2001-08-05,0.0
2001-08-06,0.11540915817022324
2001-08-07,0.11540915817022324
2001-08-08,0.11540915817022324
2001-08-09,0.11540915817022324
2001-08-10,0.11540915817022324
2001-08-11,0.0
2001-08-12,0.0
2001-08-13,0.0
2001-08-14,0.0
2001-08-15,0.0
2001-08-16,0.0911874771118164
2001-08-17,0.004042557440698147
2001-08-18,0.01820276491343975
2001-08-19,18.913494110107422
2001-08-20,0.2823972702026367
2001-08-21,0.15160386264324188
2001-08-22,0.9096231460571289
2001-08-23,0.0
2001-08-24,0.0
2001-08-25,0.0
2001-08-26,0.22439341247081757
2001-08-27,1.5707539319992065
2001-08-28,0.22439341247081757
2001-08-29,0.22439341247081757
2001-08-30,0.22439341247081757
2001-08-31,0.22439341247081757
2001-09-01,0.0
2001-09-02,0.09041394293308258
2001-09-03,8.408496856689453
2001-09-04,0.0
2001-09-05,0.0
2001-09-06,0.0
2001-09-07,0.0
2001-09-08,0.0
2001-09-09,0.0
2001-09-10,10.256036758422852
2001-09-11,0.0
2001-09-12,0.0
2001-09-13,0.0
2001-09-14,14.74433708190918
2001-09-15,6.099160194396973
2001-09-16,11.54326057434082
2001-09-17,0.0
2001-09-18,0.0
2001-09-19,0.0
2001-09-20,0.0
2001-09-21,7.162008762359619
2001-09-22,0.12605251371860504
2001-09-23,0.2742310166358948
2001-09-24,0.20781658589839935
2001-09-25,0.0
2001-09-26,0.21694763004779816
2001-09-27,5.601985454559326
2001-09-28,0.0
2001-09-29,0.0
2001-09-30,0.0
2001-10-01,0.013079424388706684
2001-10-02,10.469024658203125
2001-10-03,0.0
2001-10-04,0.0
2001-10-05,10.529989242553711
2001-10-06,10.090067863464355
2001-10-07,5.986946105957031
2001-10-08,0.018235353752970695
2001-10-09,0.7640566229820251
2001-10-10,0.1946820616722107
2001-10-11,5.9557294845581055
2001-10-12,1.1343486309051514
2001-10-13,0.7153136134147644
2001-10-14,2.1075472831726074
2001-10-15,1.3852397203445435
2001-10-16,6.678682327270508
2001-10-17,0.4702931046485901
2001-10-18,0.0
2001-10-19,0.0
2001-10-20,0.0
2001-10-21,1.5145853757858276
2001-10-22,14.80954360961914
2001-10-23,0.0
2001-10-24,0.0
2001-10-25,0.0
2001-10-26,0.0
2001-10-27,0.0
2001-10-28,3.6973180770874023
2001-10-29,0.0
2001-10-30,7.756160736083984
2001-10-31,3.2490012645721436
2001-11-01,0.03722058981657028
2001-11-02,14.454228401184082
2001-11-03,28.866483688354492
2001-11-04,0.048042766749858856
2001-11-05,0.0
2001-11-06,0.06518455594778061
2001-11-07,2.0912418365478516
2001-11-08,0.6583442091941833
2001-11-09,21.38479995727539
2001-11-10,0.029717033728957176
2001-11-11,0.0
2001-11-12,0.0
2001-11-13,0.0
2001-11-14,0.0
2001-11-15,0.0
2001-11-16,26.583263397216797
2001-11-17,2.8771727085113525
2001-11-18,0.11072275042533875
2001-11-19,0.0
2001-11-20,0.25478556752204895
2001-11-21,0.0
2001-11-22,0.9850027561187744
2001-11-23,0.0
2001-11-24,0.19736109673976898
2001-11-25,33.173274993896484
2001-11-26,0.0
2001-11-27,0.557483971118927
2001-11-28,7.095039367675781
2001-11-29,0.6868413686752319
2001-11-30,6.2884650230407715
2001-12-01,0.0
2001-12-02,0.0
2001-12-03,1.095517873764038
2001-12-04,40.86894226074219
2001-12-05,0.22086560726165771
2001-12-06,0.0
2001-12-07,0.0
2001-12-08,0.0
2001-12-09,38.18880844116211
2001-12-10,0.0
2001-12-11,1.1668174266815186
2001-12-12,48.001922607421875
2001-12-13,0.0
2001-12-14,0.0
2001-12-15,8.947457313537598
2001-12-16,4.515968322753906
2001-12-17,0.24565424025058746
2001-12-18,7.831277847290039
2001-12-19,0.0
2001-12-20,0.36788782477378845
2001-12-21,1.7850711345672607
2001-12-22,3.361051082611084
2001-12-23,70.46067810058594
2001-12-24,0.8970435261726379
2001-12-25,0.30846330523490906
2001-12-26,0.0
2001-12-27,0.6276603937149048
2001-12-28,3.3389267921447754
2001-12-29,1.584983229637146
2001-12-30,3.2182860374450684
2001-12-31,2.907672166824341
2002-01-01,29.158878326416016
2002-01-02,7.532800197601318
2002-01-03,0.0
2002-01-04,17.906238555908203
2002-01-05,0.07017979770898819
2002-01-06,65.05164337158203
2002-01-07,0.8347674012184143
2002-01-08,0.0
2002-01-09,0.22241929173469543
2002-01-10,0.03139595314860344
2002-01-11,0.0
2002-01-12,0.0
2002-01-13,0.0
2002-01-14,0.0
2002-01-15,57.336212158203125
2002-01-16,0.0
2002-01-17,0.0
2002-01-18,0.0
2002-01-19,0.0
2002-01-20,0.0
2002-01-21,4.6103410720825195
2002-01-22,2.225839614868164
2002-01-23,6.914815902709961
2002-01-24,0.001332829357124865
2002-01-25,1.2739886045455933
2002-01-26,1.2360390424728394
2002-01-27,0.7381415963172913
2002-01-28,0.0
2002-01-29,0.07311780750751495
2002-01-30,0.0
2002-01-31,0.0
2002-02-01,0.0
2002-02-02,2.632730484008789
2002-02-03,2.0731043815612793
2002-02-04,50.2319221496582
2002-02-05,3.7803401947021484
2002-02-06,13.622666358947754
2002-02-07,2.5945069789886475
2002-02-08,0.5847118496894836
2002-02-09,0.1569747030735016
2002-02-10,1.6669092178344727
2002-02-11,0.08643843233585358
2002-02-12,0.09204838424921036
2002-02-13,35.30305480957031
2002-02-14,0.04876839369535446
2002-02-15,0.6649817228317261
2002-02-16,3.2318837642669678
2002-02-17,0.9052486419677734
2002-02-18,3.0353052616119385
2002-02-19,5.1352858543396
2002-02-20,1.5649174451828003
2002-02-21,2.0759589672088623
2002-02-22,21.74447250366211
2002-02-23,62.615966796875
2002-02-24,24.602256774902344
2002-02-25,0.0
2002-02-26,2.9480457305908203
2002-02-27,22.246673583984375
2002-02-28,1.0055574178695679
2002-03-01,1.8199942111968994
2002-03-02,3.748277425765991
2002-03-03,0.0
2002-03-04,5.957561492919922
2002-03-05,0.3580588102340698
2002-03-06,1.3220422267913818
2002-03-07,0.5820085406303406
2002-03-08,2.317509174346924
2002-03-09,6.829896450042725
2002-03-10,4.145461559295654
2002-03-11,41.87862014770508
2002-03-12,7.273608684539795
2002-03-13,0.0
2002-03-14,0.0
2002-03-15,0.0
2002-03-16,0.0
2002-03-17,0.0
2002-03-18,1.8396326303482056
2002-03-19,3.0009372234344482
2002-03-20,21.366077423095703
2002-03-21,1.6983712911605835
2002-03-22,0.0
2002-03-23,1.9983950853347778
2002-03-24,0.0
2002-03-25,0.0
2002-03-26,1.1748141050338745
2002-03-27,5.488266468048096
2002-03-28,3.946380138397217
2002-03-29,2.1836538314819336
2002-03-30,1.8715851306915283
2002-03-31,0.0
2002-04-01,0.0
2002-04-02,0.3749769330024719
2002-04-03,0.0
2002-04-04,0.0
2002-04-05,33.66878890991211
2002-04-06,0.0
2002-04-07,0.0
2002-04-08,2.189495325088501
2002-04-09,0.29162031412124634
2002-04-10,2.427057981491089
2002-04-11,0.08218878507614136
2002-04-12,15.803013801574707
2002-04-13,0.004188367631286383
2002-04-14,1.0818730592727661
2002-04-15,0.0
2002-04-16,0.0
2002-04-17,0.0
2002-04-18,13.762276649475098
2002-04-19,0.0
2002-04-20,0.0
2002-04-21,17.69762420654297
2002-04-22,0.003211437724530697
2002-04-23,1.8917310237884521
2002-04-24,0.0
2002-04-25,0.04537062346935272
2002-04-26,19.25023078918457
2002-04-27,25.846132278442383
2002-04-28,2.5835139751434326
2002-04-29,0.0
2002-04-30,0.0
2002-05-01,7.352203845977783
2002-05-02,0.0
2002-05-03,0.0
2002-05-04,0.0
2002-05-05,1.1698569059371948
2002-05-06,6.611570835113525
2002-05-07,0.0
2002-05-08,0.0
2002-05-09,0.0
2002-05-10,0.0
2002-05-11,0.0
2002-05-12,0.0
2002-05-13,0.14988499879837036
2002-05-14,0.40411537885665894
2002-05-15,0.34677785634994507
2002-05-16,0.0
2002-05-17,0.020292988047003746
2002-05-18,0.8405659794807434
2002-05-19,0.6911187767982483
2002-05-20,0.48609620332717896
2002-05-21,5.204045295715332
2002-05-22,0.8673408627510071
2002-05-23,0.8673408627510071
2002-05-24,0.8673408627510071
2002-05-25,0.8673408627510071
2002-05-26,0.0
2002-05-27,0.0
2002-05-28,2.5160412788391113
2002-05-29,107.09300231933594
2002-05-30,0.027458449825644493
2002-05-31,0.014225572347640991
2002-06-01,0.0
2002-06-02,0.0
2002-06-03,0.0
2002-06-04,0.0
2002-06-05,0.0
2002-06-06,0.0
2002-06-07,0.0
2002-06-08,0.0
2002-06-09,0.0
2002-06-10,8.99544906616211
2002-06-11,0.17970740795135498
2002-06-12,25.943052291870117
2002-06-13,0.0
2002-06-14,0.0
2002-06-15,2.561062812805176
2002-06-16,0.17574132978916168
2002-06-17,0.17574132978916168
2002-06-18,0.17574132978916168
2002-06-19,0.17574132978916168
2002-06-20,0.17574132978916168
2002-06-21,0.15747277438640594
2002-06-22,0.15747277438640594
2002-06-23,0.15747277438640594
2002-06-24,0.15747277438640594
2002-06-25,0.15747277438640594
2002-06-26,0.0
2002-06-27,2.1321442127227783
2002-06-28,0.026256367564201355
2002-06-29,4.9119672775268555
2002-06-30,0.0
2002-07-01,3.793576240539551
2002-07-02,0.0
2002-07-03,0.0
2002-07-04,11.291205406188965
2002-07-05,7.935119152069092
2002-07-06,0.8020355701446533
2002-07-07,0.0
2002-07-08,0.0
2002-07-09,0.6385496258735657
2002-07-10,2.528625249862671
2002-07-11,0.0
2002-07-12,0.0
2002-07-13,0.0
2002-07-14,0.0
2002-07-15,0.0
2002-07-16,0.0
2002-07-17,0.0
2002-07-18,0.4548901617527008
2002-07-19,0.5294480323791504
2002-07-20,0.0
2002-07-21,0.0
2002-07-22,0.013010771945118904
2002-07-23,0.0
2002-07-24,0.0
2002-07-25,10.241955757141113
2002-07-26,5.655666828155518
2002-07-27,0.0
2002-07-28,0.89523845911026
2002-07-29,0.0
2002-07-30,0.0
2002-07-31,0.0
2002-08-01,2.9905898571014404
2002-08-02,0.0
2002-08-03,0.0
2002-08-04,0.0
2002-08-05,0.0
2002-08-06,0.0
2002-08-07,0.0
2002-08-08,0.0
2002-08-09,7.206993579864502
2002-08-10,0.0
2002-08-11,0.0
2002-08-12,0.0
2002-08-13,0.0
2002-08-14,0.0
2002-08-15,0.0
2002-08-16,0.0
2002-08-17,0.3103412091732025
2002-08-18,0.839328944683075
2002-08-19,0.0
2002-08-20,0.4294460415840149
2002-08-21,6.237735748291016
2002-08-22,33.962100982666016
2002-08-23,0.0
2002-08-24,0.0
2002-08-25,0.03228902816772461
2002-08-26,0.0
2002-08-27,0.20512059330940247
2002-08-28,6.051175594329834
2002-08-29,0.24664491415023804
2002-08-30,1.2669891119003296
2002-08-31,0.596990168094635
2002-09-01,1.7811346054077148
2002-09-02,0.06201520934700966
2002-09-03,0.4307413697242737
2002-09-04,0.0
2002-09-05,0.0
2002-09-06,0.39108261466026306
2002-09-07,0.394812673330307
2002-09-08,0.0
2002-09-09,0.0
2002-09-10,12.884493827819824
2002-09-11,4.791042804718018
2002-09-12,3.8660330772399902
2002-09-13,0.6874178647994995
2002-09-14,0.12452604621648788
2002-09-15,4.285943508148193
2002-09-16,0.027534950524568558
2002-09-17,29.08180809020996
2002-09-18,0.6011533737182617
2002-09-19,0.0
2002-09-20,0.0
2002-09-21,0.4331403374671936
2002-09-22,0.0
2002-09-23,0.0
2002-09-24,9.604125022888184
2002-09-25,0.0
2002-09-26,0.009462423622608185
2002-09-27,0.009462423622608185
2002-09-28,0.009462423622608185
2002-09-29,0.009462423622608185
2002-09-30,0.009462423622608185
2002-10-01,0.0
2002-10-02,0.0
2002-10-03,0.0
2002-10-04,0.0
2002-10-05,0.0
2002-10-06,0.0
2002-10-07,0.0
2002-10-08,29.953731536865234
2002-10-09,0.36545825004577637
2002-10-10,0.0
2002-10-11,0.0
2002-10-12,7.204159259796143
2002-10-13,0.22100374102592468
2002-10-14,0.2579053044319153
2002-10-15,0.08930660784244537
2002-10-16,8.322100639343262
2002-10-17,8.380622863769531
2002-10-18,0.0
2002-10-19,0.0
2002-10-20,0.0
2002-10-21,1.0483406782150269
2002-10-22,19.513141632080078
2002-10-23,0.0
2002-10-24,0.0
2002-10-25,0.0
2002-10-26,1.543342113494873
2002-10-27,6.697999954223633
2002-10-28,0.004946199245750904
2002-10-29,10.542215347290039
2002-10-30,4.947808265686035
2002-10-31,36.86179733276367
2002-11-01,2.451840400695801
2002-11-02,0.6991668343544006
2002-11-03,0.0
2002-11-04,17.453943252563477
2002-11-05,1.9983270168304443
2002-11-06,0.0
2002-11-07,0.0
2002-11-08,0.0
2002-11-09,5.733301162719727
2002-11-10,2.113839864730835
2002-11-11,0.08002455532550812
2002-11-12,1.0403192043304443
2002-11-13,0.0
2002-11-14,0.0
2002-11-15,0.0
2002-11-16,0.0
2002-11-17,0.0
2002-11-18,0.0
2002-11-19,0.0
2002-11-20,0.0
2002-11-21,0.7139584422111511
2002-11-22,2.0434343814849854
2002-11-23,14.083678245544434
2002-11-24,1.5337550640106201
2002-11-25,0.0
2002-11-26,0.1513800024986267
2002-11-27,0.0
2002-11-28,7.816278457641602
2002-11-29,0.29521527886390686
2002-11-30,0.9305188655853271
2002-12-01,0.18569141626358032
2002-12-02,0.0
2002-12-03,0.4206916391849518
2002-12-04,70.7259292602539
2002-12-05,2.154202461242676
2002-12-06,11.050553321838379
2002-12-07,0.028192656114697456
2002-12-08,3.2340023517608643
2002-12-09,1.0675513744354248
2002-12-10,6.58581018447876
2002-12-11,0.07689770311117172
2002-12-12,1.057573914527893
2002-12-13,0.0
2002-12-14,9.892959594726562
2002-12-15,22.78667449951172
2002-12-16,0.3252994418144226
2002-12-17,0.0
2002-12-18,0.0
2002-12-19,0.5957441926002502
2002-12-20,3.381462335586548
2002-12-21,0.6188544034957886
2002-12-22,0.0
2002-12-23,0.006289649289101362
2002-12-24,1.2598803043365479
2002-12-25,22.905630111694336
2002-12-26,2.757964849472046
2002-12-27,0.0
2002-12-28,6.065713405609131
2002-12-29,0.045606862753629684
2002-12-30,2.5289571285247803
2002-12-31,24.283750534057617
2003-01-01,0.1010439544916153
2003-01-02,0.48692551255226135
2003-01-03,7.945915699005127
2003-01-04,0.6455625295639038
2003-01-05,7.958930492401123
2003-01-06,1.1904220581054688
2003-01-07,0.8561733365058899
2003-01-08,0.6517683863639832
2003-01-09,6.139628887176514
2003-01-10,1.1231937408447266
2003-01-11,0.003064224263653159
2003-01-12,0.6302231550216675
2003-01-13,12.679107666015625
2003-01-14,0.6659834384918213
2003-01-15,6.257759094238281
2003-01-16,0.016070155426859856
2003-01-17,0.0
2003-01-18,3.5375654697418213
2003-01-19,56.446659088134766
2003-01-20,0.06995759159326553
2003-01-21,2.4042141437530518
2003-01-22,2.3334803581237793
2003-01-23,1.1506563425064087
2003-01-24,26.5723934173584
2003-01-25,0.6390143036842346
2003-01-26,0.1277693808078766
2003-01-27,1.9393144845962524
2003-01-28,0.449068546295166
2003-01-29,11.252959251403809
2003-01-30,0.21197082102298737
2003-01-31,0.0
2003-02-01,0.0
2003-02-02,18.742671966552734
2003-02-03,0.0
2003-02-04,0.0
2003-02-05,8.453137397766113
2003-02-06,0.49225354194641113
2003-02-07,1.3967660665512085
2003-02-08,21.918222427368164
2003-02-09,7.832950592041016
2003-02-10,1.2394310235977173
2003-02-11,0.08488711714744568
2003-02-12,0.8097894787788391
2003-02-13,6.412589073181152
2003-02-14,114.11161804199219
2003-02-15,0.0
2003-02-16,0.0
2003-02-17,0.0
2003-02-18,1.3178746700286865
2003-02-19,1.6631499528884888
2003-02-20,1.987898826599121
2003-02-21,0.0
2003-02-22,0.0
2003-02-23,0.0
2003-02-24,0.0
2003-02-25,0.0
2003-02-26,66.4283218383789
2003-02-27,0.9811885952949524
2003-02-28,36.29425811767578
2003-03-01,4.691462516784668
2003-03-02,1.57400643825531
2003-03-03,13.361297607421875
2003-03-04,7.178190231323242
2003-03-05,1.5426825284957886
2003-03-06,11.078742980957031
2003-03-07,11.921887397766113
2003-03-08,0.1033991202712059
2003-03-09,0.02641969732940197
2003-03-10,0.0
2003-03-11,0.0
2003-03-12,33.20159149169922
2003-03-13,2.297147750854492
2003-03-14,20.328794479370117
2003-03-15,11.096284866333008
2003-03-16,4.633026123046875
2003-03-17,50.579036712646484
2003-03-18,2.7479898929595947
2003-03-19,0.03939133137464523
2003-03-20,0.0830707997083664
2003-03-21,27.57899284362793
2003-03-22,0.0
2003-03-23,0.0
2003-03-24,0.0
2003-03-25,0.0
2003-03-26,8.70276165008545
2003-03-27,0.4966728091239929
2003-03-28,12.093210220336914
2003-03-29,16.5742244720459
2003-03-30,1.9639724493026733
2003-03-31,22.75929069519043
2003-04-01,25.939231872558594
2003-04-02,0.0
2003-04-03,0.5151711702346802
2003-04-04,5.140915393829346
2003-04-05,30.846879959106445
2003-04-06,0.024224605411291122
2003-04-07,0.083685003221035
2003-04-08,0.07041895389556885
2003-04-09,0.5264446139335632
2003-04-10,17.25667381286621
2003-04-11,0.0
2003-04-12,0.0
2003-04-13,0.0
2003-04-14,0.0
2003-04-15,0.0
2003-04-16,0.0
2003-04-17,0.1548413783311844
2003-04-18,0.8119676113128662
2003-04-19,34.43117141723633
2003-04-20,0.09388074278831482
2003-04-21,0.0
2003-04-22,0.0
2003-04-23,0.0
2003-04-24,2.94844913482666
2003-04-25,13.41656494140625
2003-04-26,0.0
2003-04-27,0.5469662547111511
2003-04-28,0.0
2003-04-29,0.0
2003-04-30,0.0
2003-05-01,7.935440540313721
2003-05-02,0.0
2003-05-03,9.300257682800293
2003-05-04,0.0
2003-05-05,0.0
2003-05-06,0.5665217638015747
2003-05-07,1.0367193222045898
2003-05-08,0.3867558538913727
2003-05-09,0.0
2003-05-10,0.0
2003-05-11,0.0
2003-05-12,0.0
2003-05-13,0.10810110718011856
2003-05-14,1.3468341827392578
2003-05-15,0.0
2003-05-16,0.0
2003-05-17,1.3463594913482666
2003-05-18,0.38637468218803406
2003-05-19,21.535768508911133
2003-05-20,0.0
2003-05-21,0.0
2003-05-22,0.03037959523499012
2003-05-23,0.570808470249176
2003-05-24,41.509944915771484
2003-05-25,0.012708304449915886
2003-05-26,0.0
2003-05-27,0.0
2003-05-28,0.0
2003-05-29,0.0
2003-05-30,2.9586002826690674
2003-05-31,0.0
2003-06-01,0.0
2003-06-02,0.0
2003-06-03,0.0
2003-06-04,0.0
2003-06-05,0.0
2003-06-06,0.0
2003-06-07,0.0
2003-06-08,0.0
2003-06-09,1.7135494947433472
2003-06-10,0.0
2003-06-11,0.3970770537853241
2003-06-12,0.3970770537853241
2003-06-13,0.3970770537853241
2003-06-14,2.382462501525879
2003-06-15,0.3970770537853241
2003-06-16,0.0
2003-06-17,0.0
2003-06-18,0.32503995299339294
2003-06-19,1.6957651376724243
2003-06-20,1.6186809539794922
2003-06-21,0.2065092772245407
2003-06-22,0.2065092772245407
2003-06-23,0.2065092772245407
2003-06-24,0.2065092772245407
2003-06-25,0.2065092772245407
2003-06-26,0.0
2003-06-27,0.0
2003-06-28,0.0
2003-06-29,2.3620197772979736
2003-06-30,0.0
2003-07-01,0.16589389741420746
2003-07-02,0.16589389741420746
2003-07-03,0.16589389741420746
2003-07-04,0.16589389741420746
2003-07-05,0.16589389741420746
2003-07-06,0.0
2003-07-07,0.2008758932352066
2003-07-08,0.0
2003-07-09,3.023756504058838
2003-07-10,0.3015127182006836
2003-07-11,0.0
2003-07-12,0.0
2003-07-13,0.0
2003-07-14,0.0
2003-07-15,0.0
2003-07-16,0.0
2003-07-17,0.0
2003-07-18,2.0766918659210205
2003-07-19,0.01232284028083086
2003-07-20,0.0
2003-07-21,0.15052442252635956
2003-07-22,0.15052442252635956
2003-07-23,0.15052442252635956
2003-07-24,0.15052442252635956
2003-07-25,0.9031465649604797
2003-07-26,0.024779241532087326
2003-07-27,0.024779241532087326
2003-07-28,0.024779241532087326
2003-07-29,0.024779241532087326
2003-07-30,0.024779241532087326
2003-07-31,0.024779241532087326
2003-08-01,0.0
2003-08-02,0.0
2003-08-03,0.0
2003-08-04,0.0
2003-08-05,0.0
2003-08-06,25.026424407958984
2003-08-07,30.515026092529297
2003-08-08,11.68701171875
2003-08-09,26.633440017700195
2003-08-10,0.3791956901550293
2003-08-11,0.0
2003-08-12,0.0
2003-08-13,0.0
2003-08-14,0.0
2003-08-15,0.0
2003-08-16,0.0
2003-08-17,0.0
2003-08-18,0.0
2003-08-19,0.0
2003-08-20,0.0
2003-08-21,0.0
2003-08-22,0.0
2003-08-23,27.938329696655273
2003-08-24,1.350462794303894
2003-08-25,0.0
2003-08-26,0.0
2003-08-27,1.3341221809387207
2003-08-28,0.0
2003-08-29,0.0
2003-08-30,0.0
2003-08-31,0.0
2003-09-01,0.38329294323921204
2003-09-02,0.38329294323921204
2003-09-03,0.38329294323921204
2003-09-04,0.38329294323921204
2003-09-05,0.38329294323921204
2003-09-06,0.3626183271408081
2003-09-07,7.677557945251465
2003-09-08,0.0
2003-09-09,41.71223449707031
2003-09-10,3.023582696914673
2003-09-11,1.0832749605178833
2003-09-12,1.0832749605178833
2003-09-13,0.0
2003-09-14,0.0
2003-09-15,0.0
2003-09-16,0.5567981600761414
2003-09-17,0.20068953931331635
2003-09-18,0.0
2003-09-19,0.0
2003-09-20,0.0
2003-09-21,0.0
2003-09-22,0.0
2003-09-23,0.0
2003-09-24,9.920717239379883
2003-09-25,29.09467887878418
2003-09-26,0.13006021082401276
2003-09-27,0.0
2003-09-28,0.0
2003-09-29,28.034706115722656
2003-09-30,0.0
2003-10-01,0.0
2003-10-02,0.0
2003-10-03,15.735786437988281
2003-10-04,0.674842894077301
2003-10-05,0.0
2003-10-06,0.8607781529426575
2003-10-07,18.746747970581055
2003-10-08,0.0
2003-10-09,0.0
2003-10-10,0.28776171803474426
2003-10-11,14.257285118103027
2003-10-12,0.0
2003-10-13,0.0
2003-10-14,0.0
2003-10-15,0.0
2003-10-16,0.0
2003-10-17,0.0
2003-10-18,0.0
2003-10-19,0.0
2003-10-20,0.0
2003-10-21,0.04772287234663963
2003-10-22,0.031853023916482925
2003-10-23,38.22172546386719
2003-10-24,0.0
2003-10-25,0.7106876969337463
2003-10-26,0.338088721036911
2003-10-27,0.05995099991559982
2003-10-28,0.0
2003-10-29,0.0
2003-10-30,2.463831663131714
2003-10-31,4.9955363273620605
2003-11-01,16.48227310180664
2003-11-02,4.206438064575195
2003-11-03,2.6824283599853516
2003-11-04,0.0
2003-11-05,0.0
2003-11-06,0.0
2003-11-07,0.0
2003-11-08,0.0
2003-11-09,0.0
2003-11-10,13.928851127624512
2003-11-11,0.0
2003-11-12,0.0
2003-11-13,0.0
2003-11-14,0.0
2003-11-15,0.0
2003-11-16,0.0
2003-11-17,8.913970947265625
2003-11-18,0.1566099375486374
2003-11-19,0.0
2003-11-20,0.34093034267425537
2003-11-21,0.0
2003-11-22,0.0
2003-11-23,0.0
2003-11-24,0.0
2003-11-25,0.6859027743339539
2003-11-26,0.0
2003-11-27,0.0
2003-11-28,7.186675071716309
2003-11-29,0.23843896389007568
2003-11-30,0.17329712212085724
2003-12-01,0.8710696697235107
2003-12-02,1.183893084526062
2003-12-03,2.7946689128875732
2003-12-04,2.235715866088867
2003-12-05,4.244739055633545
2003-12-06,0.0
2003-12-07,0.9562103152275085
2003-12-08,0.7120149731636047
2003-12-09,2.0134871006011963
2003-12-10,55.60402297973633
2003-12-11,0.0
2003-12-12,0.0
2003-12-13,0.0
2003-12-14,0.0
2003-12-15,0.0
2003-12-16,3.91610050201416
2003-12-17,13.518499374389648
2003-12-18,0.0
2003-12-19,0.0
2003-12-20,0.6101767420768738
2003-12-21,5.667805194854736
2003-12-22,0.0
2003-12-23,14.915898323059082
2003-12-24,5.5740838050842285
2003-12-25,4.347937107086182
2003-12-26,5.069605350494385
2003-12-27,0.5744916200637817
2003-12-28,54.256927490234375
2003-12-29,9.259161949157715
2003-12-30,1.2793951034545898
2003-12-31,4.730278968811035
2004-01-01,43.97760772705078
2004-01-02,9.485811233520508
2004-01-03,0.09878305345773697
2004-01-04,4.493741512298584
2004-01-05,9.092937469482422
2004-01-06,8.122671127319336
2004-01-07,5.338328838348389
2004-01-08,11.608564376831055
2004-01-09,38.47200012207031
2004-01-10,2.141312837600708
2004-01-11,3.691380262374878
2004-01-12,49.48070526123047
2004-01-13,19.693078994750977
2004-01-14,45.64573669433594
2004-01-15,58.15080261230469
2004-01-16,16.471078872680664
2004-01-17,0.4579519033432007
2004-01-18,1.4142907857894897
2004-01-19,0.03897013142704964
2004-01-20,3.5244126319885254
2004-01-21,4.458756446838379
2004-01-22,17.96548080444336
2004-01-23,0.4011063575744629
2004-01-24,2.434744119644165
2004-01-25,4.539732933044434
2004-01-26,0.0
2004-01-27,0.0
2004-01-28,0.0
2004-01-29,5.298447608947754
2004-01-30,0.10206207633018494
2004-01-31,0.021402280777692795
2004-02-01,0.28683575987815857
2004-02-02,0.17449887096881866
2004-02-03,38.76298522949219
2004-02-04,1.9281915426254272
2004-02-05,15.674535751342773
2004-02-06,3.8216612339019775
2004-02-07,4.635794162750244
2004-02-08,2.4285786151885986
2004-02-09,0.10460980236530304
2004-02-10,0.5032879710197449
2004-02-11,0.16054238379001617
2004-02-12,2.826584815979004
2004-02-13,0.19516365230083466
2004-02-14,71.08006286621094
2004-02-15,0.381329208612442
2004-02-16,0.0
2004-02-17,0.6398723125457764
2004-02-18,16.480445861816406
2004-02-19,43.783992767333984
2004-02-20,9.322867393493652
2004-02-21,0.0
2004-02-22,0.0
2004-02-23,0.0
2004-02-24,0.0
2004-02-25,0.0
2004-02-26,0.0
2004-02-27,2.811570644378662
2004-02-28,2.0781173706054688
2004-02-29,0.0
2004-03-01,0.0
2004-03-02,0.0
2004-03-03,17.55600929260254
2004-03-04,0.04088136553764343
2004-03-05,0.0
2004-03-06,0.0
2004-03-07,14.786108016967773
2004-03-08,4.3422441482543945
2004-03-09,25.789077758789062
2004-03-10,0.15300805866718292
2004-03-11,0.009168331511318684
2004-03-12,0.0
2004-03-13,0.06095009297132492
2004-03-14,0.3618740737438202
2004-03-15,0.03691690042614937
2004-03-16,9.752885818481445
2004-03-17,0.046470966190099716
2004-03-18,48.13910675048828
2004-03-19,10.462368965148926
2004-03-20,0.40409055352211
2004-03-21,0.0
2004-03-22,0.0
2004-03-23,0.0
2004-03-24,0.0
2004-03-25,0.0
2004-03-26,0.7622206211090088
2004-03-27,20.220964431762695
2004-03-28,0.0
2004-03-29,11.51149845123291
2004-03-30,2.449911117553711
2004-03-31,0.0
2004-04-01,4.015876293182373
2004-04-02,0.04857680946588516
2004-04-03,2.2037532329559326
2004-04-04,3.402773380279541
2004-04-05,0.991629958152771
2004-04-06,0.0007939220522530377
2004-04-07,0.0
2004-04-08,5.5785651206970215
2004-04-09,2.8886141777038574
2004-04-10,0.0
2004-04-11,6.923051357269287
2004-04-12,0.0
2004-04-13,0.0
2004-04-14,0.0
2004-04-15,10.636899948120117
2004-04-16,35.65849685668945
2004-04-17,0.0
2004-04-18,66.33567810058594
2004-04-19,0.39577189087867737
2004-04-20,12.82324504852295
2004-04-21,0.0
2004-04-22,1.0436996221542358
2004-04-23,0.4313889145851135
2004-04-24,19.375926971435547
2004-04-25,1.7732176780700684
2004-04-26,0.04347454756498337
2004-04-27,0.04347454756498337
2004-04-28,0.04347454756498337
2004-04-29,0.2608473002910614
2004-04-30,0.04347454756498337
2004-05-01,0.26365819573402405
2004-05-02,0.0
2004-05-03,1.9345282316207886
2004-05-04,150.68092346191406
2004-05-05,2.7160229682922363
2004-05-06,0.0
2004-05-07,0.0
2004-05-08,1.175865650177002
2004-05-09,1.4507536888122559
2004-05-10,0.0
2004-05-11,0.0
2004-05-12,0.0
2004-05-13,58.943199157714844
2004-05-14,0.1657171994447708
2004-05-15,0.0
2004-05-16,0.2808930575847626
2004-05-17,0.2808930575847626
2004-05-18,0.2808930575847626
2004-05-19,0.2808930575847626
2004-05-20,0.2808930575847626
2004-05-21,0.0
2004-05-22,0.0
2004-05-23,0.0
2004-05-24,11.405664443969727
2004-05-25,2.659808874130249
2004-05-26,2.2717444896698
2004-05-27,0.0
2004-05-28,0.0
2004-05-29,0.0
2004-05-30,0.0
2004-05-31,0.0
2004-06-01,0.0
2004-06-02,0.0
2004-06-03,0.0
2004-06-04,0.0
2004-06-05,0.0
2004-06-06,0.0
2004-06-07,0.029868245124816895
2004-06-08,2.3459644317626953
2004-06-09,7.229794979095459
2004-06-10,0.011947298422455788
2004-06-11,8.599180221557617
2004-06-12,0.0
2004-06-13,0.20011836290359497
2004-06-14,0.15536616742610931
2004-06-15,0.3841935396194458
2004-06-16,0.1961965262889862
2004-06-17,0.1961965262889862
2004-06-18,0.1961965262889862
2004-06-19,0.1961965262889862
2004-06-20,0.1961965262889862
2004-06-21,4.2466607093811035
2004-06-22,0.004860478453338146
2004-06-23,0.0
2004-06-24,6.878973960876465
2004-06-25,0.0
2004-06-26,1.45790433883667
2004-06-27,6.571900367736816
2004-06-28,0.29229140281677246
2004-06-29,0.0
2004-06-30,0.0
2004-07-01,0.0
2004-07-02,0.0
2004-07-03,2.675686836242676
2004-07-04,0.0
2004-07-05,0.0
2004-07-06,0.0
2004-07-07,0.0
2004-07-08,19.435665130615234
2004-07-09,0.0
2004-07-10,13.653509140014648
2004-07-11,4.306156158447266
2004-07-12,0.0
2004-07-13,0.0
2004-07-14,0.0
2004-07-15,0.0
2004-07-16,0.0
2004-07-17,5.677014350891113
2004-07-18,0.0
2004-07-19,0.0
2004-07-20,0.0
2004-07-21,0.0
2004-07-22,0.0
2004-07-23,0.0
2004-07-24,2.132490634918213
2004-07-25,0.10004277527332306
2004-07-26,0.03921537101268768
2004-07-27,0.0
2004-07-28,0.0
2004-07-29,10.625853538513184
2004-07-30,0.5651546120643616
2004-07-31,0.01337462104856968
2004-08-01,0.0
2004-08-02,0.0
2004-08-03,0.0
2004-08-04,0.0
2004-08-05,0.0
2004-08-06,0.0
2004-08-07,0.0
2004-08-08,0.0988883376121521
2004-08-09,0.38740307092666626
2004-08-10,0.0
2004-08-11,0.0
2004-08-12,0.0
2004-08-13,0.0
2004-08-14,0.0
2004-08-15,0.0
2004-08-16,12.270401000976562
2004-08-17,1.2155989408493042
2004-08-18,6.5976948738098145
2004-08-19,0.0
2004-08-20,0.0
2004-08-21,0.4978770613670349
2004-08-22,1.6722816228866577
2004-08-23,0.0
2004-08-24,0.0
2004-08-25,5.674698352813721
2004-08-26,3.150495767593384
2004-08-27,1.030205488204956
2004-08-28,0.15716847777366638
2004-08-29,0.0
2004-08-30,0.040751900523900986
2004-08-31,0.3623584508895874
2004-09-01,0.0
2004-09-02,0.0
2004-09-03,3.0267040729522705
2004-09-04,0.0
2004-09-05,0.0
2004-09-06,0.0
2004-09-07,0.0
2004-09-08,1.2889868021011353
2004-09-09,12.724408149719238
2004-09-10,0.0
2004-09-11,0.0
2004-09-12,0.827298641204834
2004-09-13,0.0
2004-09-14,0.0
2004-09-15,0.0
2004-09-16,0.09438376873731613
2004-09-17,0.09438376873731613
2004-09-18,0.09438376873731613
2004-09-19,0.09438376873731613
2004-09-20,0.09438376873731613
2004-09-21,0.0
2004-09-22,0.0
2004-09-23,7.981011867523193
2004-09-24,0.0
2004-09-25,0.0
2004-09-26,0.0
2004-09-27,0.033726468682289124
2004-09-28,0.0
2004-09-29,12.385246276855469
2004-09-30,21.89771270751953
2004-10-01,9.758842468261719
2004-10-02,1.243672490119934
2004-10-03,0.0
2004-10-04,0.6244214773178101
2004-10-05,3.526294469833374
2004-10-06,0.0
2004-10-07,0.0
2004-10-08,0.0
2004-10-09,0.0
2004-10-10,0.0
2004-10-11,0.5982878804206848
2004-10-12,1.541369080543518
2004-10-13,0.2512547969818115
2004-10-14,0.9151030778884888
2004-10-15,10.24666690826416
2004-10-16,0.27454063296318054
2004-10-17,0.08703695982694626
2004-10-18,1.1871600151062012
2004-10-19,36.28724670410156
2004-10-20,0.21649639308452606
2004-10-21,0.0
2004-10-22,0.0
2004-10-23,0.0
2004-10-24,0.0
2004-10-25,0.0
2004-10-26,0.08901849389076233
2004-10-27,0.27708902955055237
2004-10-28,3.0867230892181396
2004-10-29,0.0
2004-10-30,0.0
2004-10-31,24.158401489257812
2004-11-01,8.37904167175293
2004-11-02,0.5608501434326172
2004-11-03,0.6193634271621704
2004-11-04,0.0
2004-11-05,0.0
2004-11-06,27.292192459106445
2004-11-07,0.0
2004-11-08,0.0
2004-11-09,0.0
2004-11-10,0.0
2004-11-11,29.786279678344727
2004-11-12,0.3200204074382782
2004-11-13,0.0
2004-11-14,0.0
2004-11-15,7.741959571838379
2004-11-16,15.499667167663574
2004-11-17,6.340332508087158
2004-11-18,56.85471725463867
2004-11-19,0.0
2004-11-20,0.0
2004-11-21,1.2534369230270386
2004-11-22,0.0
2004-11-23,2.0163986682891846
2004-11-24,0.0
2004-11-25,0.0
2004-11-26,0.0
2004-11-27,0.06154261529445648
2004-11-28,45.101112365722656
2004-11-29,0.8720147013664246
2004-11-30,0.0
2004-12-01,0.0
2004-12-02,0.12756356596946716
2004-12-03,0.0
2004-12-04,0.26459839940071106
2004-12-05,0.0
2004-12-06,0.15935975313186646
2004-12-07,0.21768328547477722
2004-12-08,13.581278800964355
2004-12-09,0.11546996235847473
2004-12-10,80.47687530517578
2004-12-11,3.7517833709716797
2004-12-12,1.5080456733703613
2004-12-13,15.2978515625
2004-12-14,9.461640357971191
2004-12-15,7.425090789794922
2004-12-16,15.298660278320312
2004-12-17,22.93975067138672
2004-12-18,16.62596321105957
2004-12-19,0.0
2004-12-20,15.534432411193848
2004-12-21,42.68653106689453
2004-12-22,0.10785304754972458
2004-12-23,1.136738896369934
2004-12-24,0.05319679528474808
2004-12-25,0.22133906185626984
2004-12-26,28.58799171447754
2004-12-27,0.0
2004-12-28,0.0
2004-12-29,0.10766051709651947
2004-12-30,39.635833740234375
2004-12-31,0.35782063007354736
2005-01-01,0.04650173708796501
2005-01-02,0.6262398958206177
2005-01-03,41.7717170715332
2005-01-04,0.0
2005-01-05,0.0
2005-01-06,0.0
2005-01-07,0.0
2005-01-08,0.21933144330978394
2005-01-09,0.0
2005-01-10,3.2562286853790283
2005-01-11,30.093042373657227
2005-01-12,4.462333679199219
2005-01-13,15.312926292419434
2005-01-14,6.277833461761475
2005-01-15,14.286354064941406
2005-01-16,56.562896728515625
2005-01-17,0.3994213342666626
2005-01-18,0.7848889231681824
2005-01-19,0.20589469373226166
2005-01-20,0.5204495787620544
2005-01-21,0.0
2005-01-22,7.936246395111084
2005-01-23,1.169235348701477
2005-01-24,16.409648895263672
2005-01-25,0.0
2005-01-26,69.74885559082031
2005-01-27,0.3182568848133087
2005-01-28,0.29974082112312317
2005-01-29,0.6910647749900818
2005-01-30,0.07329220324754715
2005-01-31,5.558773517608643
2005-02-01,30.520923614501953
2005-02-02,0.0
2005-02-03,0.04971062391996384
2005-02-04,0.12455396354198456
2005-02-05,0.02469560131430626
2005-02-06,0.0
2005-02-07,0.730521559715271
2005-02-08,1.9465234279632568
2005-02-09,24.510103225708008
2005-02-10,14.361634254455566
2005-02-11,2.7900593280792236
2005-02-12,7.945540904998779
2005-02-13,1.3675901889801025
2005-02-14,0.24425430595874786
2005-02-15,19.020044326782227
2005-02-16,0.258715957403183
2005-02-17,0.15292739868164062
2005-02-18,4.158358097076416
2005-02-19,25.24449920654297
2005-02-20,2.942887783050537
2005-02-21,4.707484245300293
2005-02-22,0.991788923740387
2005-02-23,7.364981174468994
2005-02-24,80.05562591552734
2005-02-25,2.4340178966522217
2005-02-26,0.2578251361846924
2005-02-27,102.7448501586914
2005-02-28,0.4681583344936371
2005-03-01,36.05047607421875
2005-03-02,0.10808707773685455
2005-03-03,0.024751611053943634
2005-03-04,0.0
2005-03-05,0.0
2005-03-06,0.0
2005-03-07,0.0
2005-03-08,0.0
2005-03-09,6.440855979919434
2005-03-10,33.833641052246094
2005-03-11,0.3728867769241333
2005-03-12,0.9297338128089905
2005-03-13,0.5296240448951721
2005-03-14,90.10730743408203
2005-03-15,0.09617296606302261
2005-03-16,0.0
2005-03-17,0.0
2005-03-18,0.0
2005-03-19,10.44191837310791
2005-03-20,6.0098748207092285
2005-03-21,0.3435431718826294
2005-03-22,0.020699191838502884
2005-03-23,64.06397247314453
2005-03-24,0.3004639446735382
2005-03-25,0.0
2005-03-26,0.0
2005-03-27,0.1569957286119461
2005-03-28,4.524874210357666
2005-03-29,4.126339912414551
2005-03-30,0.06736449897289276
2005-03-31,18.503881454467773
2005-04-01,2.9322845935821533
2005-04-02,1.869547963142395
2005-04-03,62.35582733154297
2005-04-04,0.0
2005-04-05,0.0
2005-04-06,0.0
2005-04-07,0.0
2005-04-08,0.0
2005-04-09,0.0
2005-04-10,0.0
2005-04-11,0.0
2005-04-12,7.629703044891357
2005-04-13,1.0172760486602783
2005-04-14,5.23506498336792
2005-04-15,1.5174102783203125
2005-04-16,0.0
2005-04-17,0.0
2005-04-18,34.5916748046875
2005-04-19,0.0
2005-04-20,0.0
2005-04-21,24.3623104095459
2005-04-22,0.16957664489746094
2005-04-23,3.506221294403076
2005-04-24,0.0
2005-04-25,21.133325576782227
2005-04-26,10.231271743774414
2005-04-27,0.0
2005-04-28,0.0
2005-04-29,0.0
2005-04-30,0.11079669743776321
2005-05-01,0.14020885527133942
2005-05-02,0.14020885527133942
2005-05-03,0.14020885527133942
2005-05-04,0.14020885527133942
2005-05-05,0.14020885527133942
2005-05-06,12.365288734436035
2005-05-07,23.879858016967773
2005-05-08,0.5297356843948364
2005-05-09,1.238258957862854
2005-05-10,0.0
2005-05-11,0.0
2005-05-12,0.0
2005-05-13,0.3549734950065613
2005-05-14,2.562180519104004
2005-05-15,19.980892181396484
2005-05-16,3.1363556385040283
2005-05-17,2.988166093826294
2005-05-18,2.25673246383667
2005-05-19,0.0
2005-05-20,0.0
2005-05-21,54.94501876831055
2005-05-22,0.0
2005-05-23,0.0
2005-05-24,1.1171132326126099
2005-05-25,3.3981122970581055
2005-05-26,0.0
2005-05-27,0.0
2005-05-28,0.0
2005-05-29,0.0
2005-05-30,0.21140162646770477
2005-05-31,3.4812119007110596
2005-06-01,0.0
2005-06-02,0.0
2005-06-03,0.0
2005-06-04,0.0
2005-06-05,0.0
2005-06-06,0.8460225462913513
2005-06-07,0.14100375771522522
2005-06-08,0.14100375771522522
2005-06-09,0.14100375771522522
2005-06-10,0.14100375771522522
2005-06-11,0.0
2005-06-12,37.54596710205078
2005-06-13,0.7381263375282288
2005-06-14,3.405869483947754
2005-06-15,0.03310040757060051
2005-06-16,0.0
2005-06-17,0.0
2005-06-18,0.0
2005-06-19,0.0
2005-06-20,42.562286376953125
2005-06-21,1.0611990690231323
2005-06-22,1.0611990690231323
2005-06-23,1.0611990690231323
2005-06-24,1.0611990690231323
2005-06-25,1.0611990690231323
2005-06-26,0.0
2005-06-27,0.8792943954467773
2005-06-28,0.0
2005-06-29,0.0
2005-06-30,0.0
2005-07-01,0.05166075378656387
2005-07-02,0.0
2005-07-03,0.0
2005-07-04,0.0
2005-07-05,14.897073745727539
2005-07-06,0.6603233218193054
2005-07-07,0.6603233218193054
2005-07-08,0.6603233218193054
2005-07-09,0.6603233218193054
2005-07-10,0.6603233218193054
2005-07-11,0.0
2005-07-12,0.0
2005-07-13,0.0
2005-07-14,0.0
2005-07-15,0.0
2005-07-16,0.0
2005-07-17,1.0595489740371704
2005-07-18,2.3550119400024414
2005-07-19,0.0
2005-07-20,0.03350400924682617
2005-07-21,0.3878062665462494
2005-07-22,0.3878062665462494
2005-07-23,0.3878062665462494
2005-07-24,0.3878062665462494
2005-07-25,0.3878062665462494
2005-07-26,0.0
2005-07-27,0.15464754402637482
2005-07-28,4.197151184082031
2005-07-29,0.0
2005-07-30,0.0
2005-07-31,0.0
2005-08-01,0.0
2005-08-02,0.0
2005-08-03,0.0
2005-08-04,0.0
2005-08-05,0.0
2005-08-06,0.6624577045440674
2005-08-07,0.2626972794532776
2005-08-08,0.04073005169630051
2005-08-09,0.005111917853355408
2005-08-10,0.02328161709010601
2005-08-11,0.0
2005-08-12,0.0
2005-08-13,0.0
2005-08-14,0.0
2005-08-15,0.0
2005-08-16,0.0
2005-08-17,0.0
2005-08-18,3.0234644412994385
2005-08-19,0.0
2005-08-20,0.0
2005-08-21,0.0
2005-08-22,0.0
2005-08-23,0.0
2005-08-24,27.0469970703125
2005-08-25,0.7927466630935669
2005-08-26,0.0
2005-08-27,0.0
2005-08-28,0.0
2005-08-29,0.0
2005-08-30,0.0
2005-08-31,28.40130043029785
2005-09-01,8.61841869354248
2005-09-02,0.0
2005-09-03,0.0
2005-09-04,0.0
2005-09-05,0.0
2005-09-06,0.4276943802833557
2005-09-07,0.4276943802833557
2005-09-08,0.4276943802833557
2005-09-09,0.4276943802833557
2005-09-10,0.4276943802833557
2005-09-11,0.0
2005-09-12,0.09823250770568848
2005-09-13,1.7826707363128662
2005-09-14,0.2341027557849884
2005-09-15,0.0
2005-09-16,0.11484463512897491
2005-09-17,0.11484463512897491
2005-09-18,0.11484463512897491
2005-09-19,0.11484463512897491
2005-09-20,0.11484463512897491
2005-09-21,0.0
2005-09-22,0.0
2005-09-23,2.3134796619415283
2005-09-24,0.011088439263403416
2005-09-25,0.7801949381828308
2005-09-26,3.618056297302246
2005-09-27,0.0
2005-09-28,0.0
2005-09-29,0.0
2005-09-30,0.19349560141563416
2005-10-01,3.1255252361297607
2005-10-02,0.0
2005-10-03,0.16459530591964722
2005-10-04,0.0
2005-10-05,14.622918128967285
2005-10-06,3.8607630729675293
2005-10-07,3.1228878498077393
2005-10-08,1.2693642377853394
2005-10-09,0.9355911016464233
2005-10-10,0.0
2005-10-11,0.0
2005-10-12,0.0
2005-10-13,0.8413142561912537
2005-10-14,33.7613525390625
2005-10-15,0.07845944911241531
2005-10-16,5.571267127990723
2005-10-17,10.128660202026367
2005-10-18,9.161420822143555
2005-10-19,2.381671905517578
2005-10-20,0.0
2005-10-21,0.0
2005-10-22,0.0
2005-10-23,0.0
2005-10-24,0.0
2005-10-25,0.0
2005-10-26,0.7677977681159973
2005-10-27,4.195530414581299
2005-10-28,0.0
2005-10-29,0.06104688718914986
2005-10-30,68.83245849609375
2005-10-31,0.0
2005-11-01,0.0
2005-11-02,0.0
2005-11-03,0.0
2005-11-04,0.0
2005-11-05,0.0
2005-11-06,13.982237815856934
2005-11-07,7.063106060028076
2005-11-08,0.8241161704063416
2005-11-09,4.351903915405273
2005-11-10,0.10687746107578278
2005-11-11,22.073728561401367
2005-11-12,8.400627136230469
2005-11-13,1.4315009117126465
2005-11-14,0.033220045268535614
2005-11-15,2.827543258666992
2005-11-16,3.8069324493408203
2005-11-17,5.827277183532715
2005-11-18,0.502896785736084
2005-11-19,14.873368263244629
2005-11-20,18.927942276000977
2005-11-21,0.0
2005-11-22,0.4201808571815491
2005-11-23,0.5104676485061646
2005-11-24,6.004937648773193
2005-11-25,15.913914680480957
2005-11-26,1.0202878713607788
2005-11-27,0.0
2005-11-28,0.06404369324445724
2005-11-29,1.0614142417907715
2005-11-30,0.0032759476453065872
2005-12-01,0.0
2005-12-02,25.688684463500977
2005-12-03,18.124265670776367
2005-12-04,0.27147603034973145
2005-12-05,0.0
2005-12-06,1.1228034496307373
2005-12-07,82.38392639160156
2005-12-08,1.111356258392334
2005-12-09,0.0706346184015274
2005-12-10,0.5063055157661438
2005-12-11,5.876946926116943
2005-12-12,0.0
2005-12-13,0.0
2005-12-14,5.427270412445068
2005-12-15,6.614826202392578
2005-12-16,0.6783345937728882
2005-12-17,0.0
2005-12-18,0.16974599659442902
2005-12-19,0.0
2005-12-20,8.713879585266113
2005-12-21,9.287288665771484
2005-12-22,0.005557939875870943
2005-12-23,0.13380961120128632
2005-12-24,0.8963063955307007
2005-12-25,1.534505844116211
2005-12-26,0.8352653980255127
2005-12-27,3.926311492919922
2005-12-28,7.519809246063232
2005-12-29,22.288005828857422
2005-12-30,12.812442779541016
2005-12-31,5.29181432723999
2006-01-01,19.199132919311523
2006-01-02,49.154563903808594
2006-01-03,0.0
2006-01-04,6.713916301727295
2006-01-05,0.06908075511455536
2006-01-06,0.0
2006-01-07,0.0
2006-01-08,0.0
2006-01-09,4.568373680114746
2006-01-10,44.41423034667969
2006-01-11,108.3302001953125
2006-01-12,2.8951263427734375
2006-01-13,0.3213355243206024
2006-01-14,31.137222290039062
2006-01-15,6.643189430236816
2006-01-16,9.429991722106934
2006-01-17,31.363191604614258
2006-01-18,1.448025107383728
2006-01-19,23.597301483154297
2006-01-20,7.760350704193115
2006-01-21,15.38725471496582
2006-01-22,15.112371444702148
2006-01-23,0.5873731374740601
2006-01-24,11.059443473815918
2006-01-25,7.461101531982422
2006-01-26,3.407071590423584
2006-01-27,49.070167541503906
2006-01-28,0.42167824506759644
2006-01-29,1.2059471607208252
2006-01-30,1.7404006719589233
2006-01-31,0.05081461742520332
2006-02-01,2.4879310131073
2006-02-02,0.0
2006-02-03,9.394027709960938
2006-02-04,4.122467041015625
2006-02-05,3.208428144454956
2006-02-06,8.06894588470459
2006-02-07,0.019027436152100563
2006-02-08,2.1654586791992188
2006-02-09,1.2719550132751465
2006-02-10,34.58865737915039
2006-02-11,1.591889500617981
2006-02-12,0.157673180103302
2006-02-13,17.974340438842773
2006-02-14,28.488935470581055
2006-02-15,0.17936566472053528
2006-02-16,0.0
2006-02-17,0.0
2006-02-18,0.0
2006-02-19,15.676316261291504
2006-02-20,16.099950790405273
2006-02-21,7.191720008850098
2006-02-22,5.900890350341797
2006-02-23,0.2977418899536133
2006-02-24,0.4123510420322418
2006-02-25,7.897270202636719
2006-02-26,0.5667043924331665
2006-02-27,0.04124150052666664
2006-02-28,26.157785415649414
2006-03-01,0.5309025049209595
2006-03-02,0.0
2006-03-03,0.4991578757762909
2006-03-04,10.85887336730957
2006-03-05,0.45865604281425476
2006-03-06,0.30085989832878113
2006-03-07,7.145836353302002
2006-03-08,0.0
2006-03-09,0.0
2006-03-10,3.205868721008301
2006-03-11,0.5267258882522583
2006-03-12,0.00798825640231371
2006-03-13,64.41282653808594
2006-03-14,9.391643524169922
2006-03-15,5.562557220458984
2006-03-16,0.43259111046791077
2006-03-17,0.0
2006-03-18,30.720659255981445
2006-03-19,0.0
2006-03-20,4.873693466186523
2006-03-21,1.299656629562378
2006-03-22,0.941734790802002
2006-03-23,11.893794059753418
2006-03-24,7.8321990966796875
2006-03-25,0.28513285517692566
2006-03-26,0.0
2006-03-27,0.0
2006-03-28,0.0
2006-03-29,16.322622299194336
2006-03-30,30.35576057434082
2006-03-31,1.1663414239883423
2006-04-01,0.5354792475700378
2006-04-02,47.688133239746094
2006-04-03,0.07933026552200317
2006-04-04,0.3165624737739563
2006-04-05,15.697503089904785
2006-04-06,3.504178285598755
2006-04-07,33.40092086791992
2006-04-08,0.0
2006-04-09,0.26413944363594055
2006-04-10,7.03009557723999
2006-04-11,0.0
2006-04-12,0.0
2006-04-13,0.0
2006-04-14,0.0
2006-04-15,0.0
2006-04-16,0.38319364190101624
2006-04-17,0.06386560201644897
2006-04-18,0.06386560201644897
2006-04-19,0.06386560201644897
2006-04-20,0.06386560201644897
2006-04-21,0.0
2006-04-22,0.0
2006-04-23,0.0
2006-04-24,0.0
2006-04-25,11.297921180725098
2006-04-26,0.04541616886854172
2006-04-27,0.04541616886854172
2006-04-28,0.04541616886854172
2006-04-29,0.04541616886854172
2006-04-30,0.2724970281124115
2006-05-01,0.0
2006-05-02,0.06664368510246277
2006-05-03,0.385989785194397
2006-05-04,0.03857224062085152
2006-05-05,0.0
2006-05-06,0.0
2006-05-07,0.0
2006-05-08,0.0
2006-05-09,2.1024622917175293
2006-05-10,0.0
2006-05-11,0.1975686401128769
2006-05-12,0.1975686401128769
2006-05-13,0.1975686401128769
2006-05-14,0.1975686401128769
2006-05-15,0.1975686401128769
2006-05-16,0.0
2006-05-17,0.0
2006-05-18,0.0
2006-05-19,0.0
2006-05-20,5.052736282348633
2006-05-21,9.1082124710083
2006-05-22,9.1082124710083
2006-05-23,0.0
2006-05-24,0.0
2006-05-25,0.0
2006-05-26,0.0
2006-05-27,0.0
2006-05-28,0.0
2006-05-29,0.0
2006-05-30,0.0
2006-05-31,2.807446002960205
2006-06-01,0.10551715642213821
2006-06-02,0.8875899314880371
2006-06-03,0.11510961502790451
2006-06-04,8.670605659484863
2006-06-05,0.0
2006-06-06,0.0
2006-06-07,0.16432373225688934
2006-06-08,0.0
2006-06-09,0.15168344974517822
2006-06-10,26.481401443481445
2006-06-11,11.531962394714355
2006-06-12,0.0
2006-06-13,0.0
2006-06-14,0.0
2006-06-15,0.0
2006-06-16,0.5332887768745422
2006-06-17,0.5332887768745422
2006-06-18,0.5332887768745422
2006-06-19,0.5332887768745422
2006-06-20,0.5332887768745422
2006-06-21,0.0
2006-06-22,8.694685935974121
2006-06-23,0.0
2006-06-24,1.16879403591156
2006-06-25,0.0
2006-06-26,21.56489372253418
2006-06-27,1.678193211555481
2006-06-28,0.0
2006-06-29,0.0
2006-06-30,0.0
2006-07-01,0.17365150153636932
2006-07-02,0.17365150153636932
2006-07-03,0.17365150153636932
2006-07-04,0.17365150153636932
2006-07-05,0.17365150153636932
2006-07-06,0.17687560617923737
2006-07-07,0.17687560617923737
2006-07-08,0.17687560617923737
2006-07-09,0.17687560617923737
2006-07-10,0.17687560617923737
2006-07-11,0.0
2006-07-12,0.0
2006-07-13,0.0
2006-07-14,17.36078643798828
2006-07-15,0.16075372695922852
2006-07-16,0.22940854728221893
2006-07-17,0.22940854728221893
2006-07-18,0.22940854728221893
2006-07-19,0.22940854728221893
2006-07-20,0.22940854728221893
2006-07-21,0.0
2006-07-22,0.0
2006-07-23,0.0
2006-07-24,10.914013862609863
2006-07-25,2.6956796646118164
2006-07-26,0.2940465807914734
2006-07-27,0.0
2006-07-28,0.19843700528144836
2006-07-29,15.178109169006348
2006-07-30,0.0
2006-07-31,0.0
2006-08-01,0.0
2006-08-02,0.0
2006-08-03,0.0
2006-08-04,0.0
2006-08-05,0.0
2006-08-06,0.0
2006-08-07,0.0
2006-08-08,0.0
2006-08-09,0.38000237941741943
2006-08-10,0.6923969984054565
2006-08-11,3.5646681785583496
2006-08-12,0.0
2006-08-13,0.0
2006-08-14,0.0
2006-08-15,1.0587562322616577
2006-08-16,0.0
2006-08-17,9.633057594299316
2006-08-18,0.0
2006-08-19,0.0
2006-08-20,0.0
2006-08-21,0.9779917001724243
2006-08-22,0.0
2006-08-23,0.0
2006-08-24,0.0
2006-08-25,0.0
2006-08-26,0.0
2006-08-27,0.0
2006-08-28,0.8438662886619568
2006-08-29,1.548719882965088
2006-08-30,0.0
2006-08-31,0.0
2006-09-01,0.867236316204071
2006-09-02,2.571873903274536
2006-09-03,0.0
2006-09-04,0.0
2006-09-05,0.0
2006-09-06,0.0
2006-09-07,0.0
2006-09-08,0.0
2006-09-09,18.081998825073242
2006-09-10,0.0
2006-09-11,3.4943008422851562
2006-09-12,0.0
2006-09-13,0.0
2006-09-14,0.30422115325927734
2006-09-15,20.18146324157715
2006-09-16,12.244986534118652
2006-09-17,0.0
2006-09-18,0.0
2006-09-19,0.0
2006-09-20,3.1194469928741455
2006-09-21,2.299964666366577
2006-09-22,0.0
2006-09-23,2.174865484237671
2006-09-24,35.458003997802734
2006-09-25,0.35334596037864685
2006-09-26,0.008669302798807621
2006-09-27,0.0
2006-09-28,15.128142356872559
2006-09-29,4.1899542808532715
2006-09-30,0.0
2006-10-01,0.0
2006-10-02,2.7538108825683594
2006-10-03,0.0
2006-10-04,0.0
2006-10-05,29.712169647216797
2006-10-06,16.484827041625977
2006-10-07,0.0
2006-10-08,0.6607012748718262
2006-10-09,0.36557629704475403
2006-10-10,0.012356826104223728
2006-10-11,0.0
2006-10-12,53.695247650146484
2006-10-13,0.048817794770002365
2006-10-14,4.292333602905273
2006-10-15,0.22020559012889862
2006-10-16,37.703330993652344
2006-10-17,0.0
2006-10-18,0.026230650022625923
2006-10-19,0.8868923783302307
2006-10-20,10.428646087646484
2006-10-21,10.20201301574707
2006-10-22,3.1682212352752686
2006-10-23,8.572399139404297
2006-10-24,0.3174411356449127
2006-10-25,0.0
2006-10-26,12.703164100646973
2006-10-27,0.39711761474609375
2006-10-28,0.056161411106586456
2006-10-29,0.0
2006-10-30,0.0
2006-10-31,0.4484935402870178
2006-11-01,6.418402194976807
2006-11-02,56.77008056640625
2006-11-03,0.7768473625183105
2006-11-04,0.17358191311359406
2006-11-05,0.12697608768939972
2006-11-06,10.057305335998535
2006-11-07,42.82793045043945
2006-11-08,2.340517282485962
2006-11-09,3.0436792373657227
2006-11-10,6.251053333282471
2006-11-11,0.0
2006-11-12,0.0
2006-11-13,0.0
2006-11-14,0.0
2006-11-15,0.0
2006-11-16,0.0
2006-11-17,0.0
2006-11-18,0.0
2006-11-19,2.414947271347046
2006-11-20,0.8186222314834595
2006-11-21,0.0
2006-11-22,9.419413566589355
2006-11-23,0.0
2006-11-24,0.0
2006-11-25,0.0
2006-11-26,0.0
2006-11-27,0.0
2006-11-28,0.8543534278869629
2006-11-29,0.17594994604587555
2006-11-30,58.86907958984375
2006-12-01,0.007538576610386372
2006-12-02,0.14525823295116425
2006-12-03,80.83930206298828
2006-12-04,2.428476333618164
2006-12-05,4.778470039367676
2006-12-06,3.8498294353485107
2006-12-07,0.3002312183380127
2006-12-08,7.529361248016357
2006-12-09,0.0
2006-12-10,47.866188049316406
2006-12-11,0.19678179919719696
2006-12-12,0.02154519036412239
2006-12-13,0.0
2006-12-14,0.0
2006-12-15,1.1547242403030396
2006-12-16,4.045823574066162
2006-12-17,5.047861576080322
2006-12-18,0.929916501045227
2006-12-19,0.05908963084220886
2006-12-20,0.2168627679347992
2006-12-21,7.807835578918457
2006-12-22,0.0
2006-12-23,2.5476105213165283
2006-12-24,0.10166168957948685
2006-12-25,0.5126721858978271
2006-12-26,0.7238378524780273
2006-12-27,1.2175976037979126
2006-12-28,0.0
2006-12-29,0.0
2006-12-30,24.611467361450195
2006-12-31,1.180894136428833
2007-01-01,0.0
2007-01-02,3.730051040649414
2007-01-03,0.0
2007-01-04,0.0
2007-01-05,0.5257118940353394
2007-01-06,47.63679885864258
2007-01-07,1.3583904504776
2007-01-08,9.986907958984375
2007-01-09,33.93850326538086
2007-01-10,0.41434764862060547
2007-01-11,1.6515649557113647
2007-01-12,0.04323209077119827
2007-01-13,41.398258209228516
2007-01-14,34.2879524230957
2007-01-15,2.5733513832092285
2007-01-16,50.49510192871094
2007-01-17,10.296388626098633
2007-01-18,0.07655270397663116
2007-01-19,0.07655270397663116
2007-01-20,9.84113883972168
2007-01-21,27.092561721801758
2007-01-22,0.3875446617603302
2007-01-23,0.15660467743873596
2007-01-24,2.1733391284942627
2007-01-25,0.7699337601661682
2007-01-26,0.2387322187423706
2007-01-27,1.1588494777679443
2007-01-28,1.7641644477844238
2007-01-29,0.0
2007-01-30,0.5784196257591248
2007-01-31,35.38804626464844
2007-02-01,47.96794891357422
2007-02-02,0.0
2007-02-03,0.0
2007-02-04,0.0
2007-02-05,0.0
2007-02-06,4.717936038970947
2007-02-07,2.4128665924072266
2007-02-08,17.917686462402344
2007-02-09,11.060978889465332
2007-02-10,10.467727661132812
2007-02-11,3.2521040439605713
2007-02-12,3.8581318855285645
2007-02-13,3.143557548522949
2007-02-14,10.48845386505127
2007-02-15,74.45450592041016
2007-02-16,29.496849060058594
2007-02-17,2.0132415294647217
2007-02-18,1.9328004121780396
2007-02-19,1.6468385457992554
2007-02-20,1.2740050554275513
2007-02-21,1.1386995315551758
2007-02-22,0.0
2007-02-23,0.0331735759973526
2007-02-24,43.713661193847656
2007-02-25,0.6888153553009033
2007-02-26,0.2704508602619171
2007-02-27,0.06538372486829758
2007-02-28,5.863731384277344
2007-03-01,0.06306175887584686
2007-03-02,0.2291526198387146
2007-03-03,26.245668411254883
2007-03-04,3.152862071990967
2007-03-05,10.353469848632812
2007-03-06,1.1765828132629395
2007-03-07,6.284673690795898
2007-03-08,9.766496658325195
2007-03-09,0.12753821909427643
2007-03-10,18.423297882080078
2007-03-11,47.521793365478516
2007-03-12,8.337138175964355
2007-03-13,0.9047995209693909
2007-03-14,0.0
2007-03-15,0.886372983455658
2007-03-16,12.815563201904297
2007-03-17,1.8482071161270142
2007-03-18,4.060705184936523
2007-03-19,0.11281546950340271
2007-03-20,0.0
2007-03-21,0.0
2007-03-22,0.0
2007-03-23,0.0
2007-03-24,0.0
2007-03-25,0.0
2007-03-26,0.0
2007-03-27,0.0
2007-03-28,1.7383859157562256
2007-03-29,11.600374221801758
2007-03-30,2.1968178749084473
2007-03-31,11.679676055908203
2007-04-01,15.710877418518066
2007-04-02,0.15748989582061768
2007-04-03,0.046173352748155594
2007-04-04,27.869159698486328
2007-04-05,0.20526842772960663
2007-04-06,0.0
2007-04-07,6.879756927490234
2007-04-08,2.3823721408843994
2007-04-09,2.0902814865112305
2007-04-10,0.0
2007-04-11,0.0
2007-04-12,0.0
2007-04-13,43.06747055053711
2007-04-14,0.0
2007-04-15,0.0
2007-04-16,0.0
2007-04-17,0.0
2007-04-18,0.0
2007-04-19,0.0
2007-04-20,2.5451951026916504
2007-04-21,7.471824645996094
2007-04-22,0.0
2007-04-23,2.185634136199951
2007-04-24,0.054968081414699554
2007-04-25,0.0
2007-04-26,0.031930312514305115
2007-04-27,40.451171875
2007-04-28,2.935732841491699
2007-04-29,0.07663274556398392
2007-04-30,0.0
2007-05-01,0.03859614208340645
2007-05-02,0.03859614208340645
2007-05-03,0.03859614208340645
2007-05-04,0.03859614208340645
2007-05-05,0.2315768599510193
2007-05-06,0.09049949049949646
2007-05-07,0.99567711353302
2007-05-08,42.158145904541016
2007-05-09,20.217754364013672
2007-05-10,0.6940830945968628
2007-05-11,0.15919052064418793
2007-05-12,0.27044159173965454
2007-05-13,0.0
2007-05-14,4.522961616516113
2007-05-15,0.0
2007-05-16,0.011381097137928009
2007-05-17,19.880836486816406
2007-05-18,0.4615504741668701
2007-05-19,1.302183747291565
2007-05-20,0.0
2007-05-21,0.0
2007-05-22,4.965498924255371
2007-05-23,28.388072967529297
2007-05-24,2.893170118331909
2007-05-25,0.0
2007-05-26,0.0
2007-05-27,0.0
2007-05-28,0.35311830043792725
2007-05-29,0.11770609766244888
2007-05-30,0.4883551001548767
2007-05-31,0.21788151562213898
2007-06-01,0.0
2007-06-02,0.0
2007-06-03,0.0
2007-06-04,0.0
2007-06-05,0.0
2007-06-06,0.25435930490493774
2007-06-07,0.25435930490493774
2007-06-08,0.25435930490493774
2007-06-09,0.25435930490493774
2007-06-10,0.25435930490493774
2007-06-11,0.29815611243247986
2007-06-12,0.29815611243247986
2007-06-13,0.29815611243247986
2007-06-14,0.29815611243247986
2007-06-15,0.29815611243247986
2007-06-16,0.18976041674613953
2007-06-17,0.18976041674613953
2007-06-18,0.18976041674613953
2007-06-19,0.18976041674613953
2007-06-20,0.18976041674613953
2007-06-21,0.0
2007-06-22,0.0
2007-06-23,0.0
2007-06-24,2.205711841583252
2007-06-25,4.631994724273682
2007-06-26,0.07328502088785172
2007-06-27,4.2593255043029785
2007-06-28,0.0
2007-06-29,0.0
2007-06-30,0.0
2007-07-01,0.25367939472198486
2007-07-02,0.25367939472198486
2007-07-03,0.25367939472198486
2007-07-04,0.25367939472198486
2007-07-05,0.25367939472198486
2007-07-06,0.0
2007-07-07,1.2426505088806152
2007-07-08,0.3937051296234131
2007-07-09,4.508341312408447
2007-07-10,24.174776077270508
2007-07-11,1.8832151889801025
2007-07-12,0.0
2007-07-13,0.0
2007-07-14,0.0
2007-07-15,0.0
2007-07-16,0.9936094284057617
2007-07-17,5.097855091094971
2007-07-18,22.386442184448242
2007-07-19,0.12479931116104126
2007-07-20,0.0
2007-07-21,0.0
2007-07-22,0.0
2007-07-23,50.15849685668945
2007-07-24,4.8419599533081055
2007-07-25,10.513487815856934
2007-07-26,0.2558325529098511
2007-07-27,0.0
2007-07-28,0.0008798701455816627
2007-07-29,0.0
2007-07-30,0.0
2007-07-31,0.0
2007-08-01,0.0
2007-08-02,0.0
2007-08-03,0.0
2007-08-04,0.0
2007-08-05,0.0
2007-08-06,0.0
2007-08-07,0.0
2007-08-08,0.0
2007-08-09,1.3272866010665894
2007-08-10,0.0
2007-08-11,0.0
2007-08-12,0.0
2007-08-13,0.0
2007-08-14,0.0
2007-08-15,0.0
2007-08-16,3.6442151069641113
2007-08-17,0.5045225024223328
2007-08-18,0.0
2007-08-19,0.0
2007-08-20,0.0
2007-08-21,0.24462786316871643
2007-08-22,0.24462786316871643
2007-08-23,0.24462786316871643
2007-08-24,0.24462786316871643
2007-08-25,0.24462786316871643
2007-08-26,2.4850122928619385
2007-08-27,5.254907608032227
2007-08-28,0.055354319512844086
2007-08-29,0.6405112743377686
2007-08-30,0.0
2007-08-31,0.0
2007-09-01,0.2943994402885437
2007-09-02,0.2943994402885437
2007-09-03,0.2943994402885437
2007-09-04,0.2943994402885437
2007-09-05,1.7663966417312622
2007-09-06,0.6053371429443359
2007-09-07,15.777405738830566
2007-09-08,3.5821616649627686
2007-09-09,0.010306158103048801
2007-09-10,0.3141789734363556
2007-09-11,5.51264762878418
2007-09-12,0.0
2007-09-13,0.0
2007-09-14,0.0
2007-09-15,0.0
2007-09-16,7.1930742263793945
2007-09-17,0.0
2007-09-18,0.0
2007-09-19,0.0
2007-09-20,1.9701281785964966
2007-09-21,0.0
2007-09-22,0.08895939588546753
2007-09-23,0.0
2007-09-24,49.810935974121094
2007-09-25,0.05311112850904465
2007-09-26,0.006680469959974289
2007-09-27,0.006680469959974289
2007-09-28,0.006680469959974289
2007-09-29,0.006680469959974289
2007-09-30,0.006680469959974289
2007-10-01,0.10252849012613297
2007-10-02,0.10252849012613297
2007-10-03,0.10252849012613297
2007-10-04,0.10252849012613297
2007-10-05,0.615170955657959
2007-10-06,0.14748980104923248
2007-10-07,23.151580810546875
2007-10-08,1.0174801349639893
2007-10-09,0.03388279303908348
2007-10-10,0.0
2007-10-11,0.902313232421875
2007-10-12,2.6662755012512207
2007-10-13,10.654597282409668
2007-10-14,70.24089813232422
2007-10-15,0.5514371395111084
2007-10-16,0.0
2007-10-17,24.636693954467773
2007-10-18,11.15380573272705
2007-10-19,0.0
2007-10-20,0.0
2007-10-21,0.20179684460163116
2007-10-22,1.4608443975448608
2007-10-23,0.0
2007-10-24,28.64322280883789
2007-10-25,0.0
2007-10-26,2.385579824447632
2007-10-27,2.212212562561035
2007-10-28,1.6339263916015625
2007-10-29,0.0
2007-10-30,0.0
2007-10-31,0.0
2007-11-01,4.723808288574219
2007-11-02,0.4481883943080902
2007-11-03,0.11951690912246704
2007-11-04,20.249853134155273
2007-11-05,1.8877617120742798
2007-11-06,0.0
2007-11-07,0.0
2007-11-08,0.0
2007-11-09,0.0
2007-11-10,0.0
2007-11-11,11.76639461517334
2007-11-12,5.840686321258545
2007-11-13,0.001967279240489006
2007-11-14,0.0
2007-11-15,48.936134338378906
2007-11-16,1.144765853881836
2007-11-17,0.1975185126066208
2007-11-18,0.0657503604888916
2007-11-19,0.0
2007-11-20,15.770973205566406
2007-11-21,16.541561126708984
2007-11-22,0.10903161764144897
2007-11-23,0.16185760498046875
2007-11-24,2.8396148681640625
2007-11-25,43.448974609375
2007-11-26,1.5815035104751587
2007-11-27,11.0806884765625
2007-11-28,6.650424480438232
2007-11-29,21.861730575561523
2007-11-30,0.6978402137756348
2007-12-01,33.97032165527344
2007-12-02,0.6211732029914856
2007-12-03,10.525287628173828
2007-12-04,5.704583168029785
2007-12-05,30.49671745300293
2007-12-06,12.288872718811035
2007-12-07,0.21483205258846283
2007-12-08,0.49846482276916504
2007-12-09,7.381328105926514
2007-12-10,21.79996681213379
2007-12-11,21.55711555480957
2007-12-12,10.955039978027344
2007-12-13,1.2173962593078613
2007-12-14,0.45727741718292236
2007-12-15,0.30934497714042664
2007-12-16,8.599279403686523
2007-12-17,4.2232465744018555
2007-12-18,15.853948593139648
2007-12-19,0.20258139073848724
2007-12-20,0.0
2007-12-21,0.4504765272140503
2007-12-22,0.7504066824913025
2007-12-23,10.487744331359863
2007-12-24,0.9407348036766052
2007-12-25,9.864652633666992
2007-12-26,0.19387409090995789
2007-12-27,0.041915297508239746
2007-12-28,33.34965515136719
2007-12-29,0.04652978479862213
2007-12-30,1.5023609399795532
2007-12-31,0.2505623400211334
2008-01-01,5.897038459777832
2008-01-02,39.4615478515625
2008-01-03,0.0
2008-01-04,1.2434312105178833
2008-01-05,32.1854362487793
2008-01-06,4.287773609161377
2008-01-07,0.0
2008-01-08,0.3700653314590454
2008-01-09,0.37607935070991516
2008-01-10,50.66041946411133
2008-01-11,0.17744363844394684
2008-01-12,6.424902439117432
2008-01-13,0.47892653942108154
2008-01-14,16.70292854309082
2008-01-15,0.2767264246940613
2008-01-16,0.8320192098617554
2008-01-17,0.18174663186073303
2008-01-18,3.657965660095215
2008-01-19,2.0478463172912598
2008-01-20,12.984036445617676
2008-01-21,3.2494120597839355
2008-01-22,0.9956896901130676
2008-01-23,28.44918441772461
2008-01-24,18.404590606689453
2008-01-25,0.32773083448410034
2008-01-26,0.0
2008-01-27,24.650815963745117
2008-01-28,22.18773651123047
2008-01-29,29.097436904907227
2008-01-30,13.586344718933105
2008-01-31,7.228410720825195
2008-02-01,14.694534301757812
2008-02-02,5.193253040313721
2008-02-03,6.578368663787842
2008-02-04,4.776980876922607
2008-02-05,0.0
2008-02-06,5.601512908935547
2008-02-07,0.0
2008-02-08,0.0
2008-02-09,0.0
2008-02-10,0.3192572295665741
2008-02-11,41.29404830932617
2008-02-12,0.06655383855104446
2008-02-13,0.0
2008-02-14,0.24852682650089264
2008-02-15,0.0
2008-02-16,4.0189127922058105
2008-02-17,21.729589462280273
2008-02-18,1.0891443490982056
2008-02-19,35.93645095825195
2008-02-20,1.2539284229278564
2008-02-21,3.572355031967163
2008-02-22,3.8409674167633057
2008-02-23,8.225173950195312
2008-02-24,13.939544677734375
2008-02-25,0.5139943957328796
2008-02-26,0.4358218312263489
2008-02-27,8.761393547058105
2008-02-28,0.0
2008-02-29,9.305697441101074
2008-03-01,0.3024997413158417
2008-03-02,168.2025909423828
2008-03-03,2.644134283065796
2008-03-04,2.703171968460083
2008-03-05,9.357636451721191
2008-03-06,2.2057158946990967
2008-03-07,23.818239212036133
2008-03-08,1.3160512447357178
2008-03-09,0.008657609112560749
2008-03-10,0.8982284665107727
2008-03-11,27.1046142578125
2008-03-12,16.696178436279297
2008-03-13,0.8627806305885315
2008-03-14,0.46446141600608826
2008-03-15,0.29104849696159363
2008-03-16,0.0
2008-03-17,0.0
2008-03-18,0.0
2008-03-19,0.0
2008-03-20,0.0
2008-03-21,0.0
2008-03-22,0.0
2008-03-23,8.704854011535645
2008-03-24,0.10709710419178009
2008-03-25,0.0
2008-03-26,0.3102046847343445
2008-03-27,0.0
2008-03-28,2.5556681156158447
2008-03-29,0.0
2008-03-30,10.851994514465332
2008-03-31,27.300485610961914
2008-04-01,0.08035508543252945
2008-04-02,26.8326358795166
2008-04-03,3.673945426940918
2008-04-04,0.3386918604373932
2008-04-05,0.0
2008-04-06,0.0
2008-04-07,0.0
2008-04-08,0.0
2008-04-09,0.0
2008-04-10,0.0
2008-04-11,0.0
2008-04-12,0.0
2008-04-13,0.0
2008-04-14,40.760841369628906
2008-04-15,0.1584012508392334
2008-04-16,0.0
2008-04-17,0.0
2008-04-18,0.0
2008-04-19,0.0
2008-04-20,0.0
2008-04-21,1.8226783275604248
2008-04-22,0.0
2008-04-23,0.4926157593727112
2008-04-24,0.0
2008-04-25,0.0
2008-04-26,0.0
2008-04-27,0.0
2008-04-28,0.13319741189479828
2008-04-29,2.5641860961914062
2008-04-30,44.51311111450195
2008-05-01,0.1747085005044937
2008-05-02,0.1747085005044937
2008-05-03,0.1747085005044937
2008-05-04,0.1747085005044937
2008-05-05,0.1747085005044937
2008-05-06,0.0
2008-05-07,0.0
2008-05-08,0.0
2008-05-09,33.15281295776367
2008-05-10,0.4170610308647156
2008-05-11,3.34053373336792
2008-05-12,4.864105701446533
2008-05-13,0.49192726612091064
2008-05-14,0.0
2008-05-15,0.0
2008-05-16,0.2141137570142746
2008-05-17,0.2141137570142746
2008-05-18,0.2141137570142746
2008-05-19,0.2141137570142746
2008-05-20,0.2141137570142746
2008-05-21,0.0
2008-05-22,1.7473465204238892
2008-05-23,0.0
2008-05-24,0.0
2008-05-25,4.652078151702881
2008-05-26,0.0
2008-05-27,0.0
2008-05-28,0.0
2008-05-29,0.0
2008-05-30,3.3782949447631836
2008-05-31,0.04885188117623329
2008-06-01,0.0
2008-06-02,0.0
2008-06-03,0.0
2008-06-04,0.0
2008-06-05,0.0
2008-06-06,0.0
2008-06-07,0.0
2008-06-08,0.0
2008-06-09,1.1678533554077148
2008-06-10,18.914155960083008
2008-06-11,0.004125083331018686
2008-06-12,10.378552436828613
2008-06-13,0.43524035811424255
2008-06-14,0.0
2008-06-15,0.37425926327705383
2008-06-16,0.10861188173294067
2008-06-17,0.10861188173294067
2008-06-18,0.10861188173294067
2008-06-19,0.10861188173294067
2008-06-20,0.651671290397644
2008-06-21,0.17113323509693146
2008-06-22,0.17113323509693146
2008-06-23,0.17113323509693146
2008-06-24,0.17113323509693146
2008-06-25,0.17113323509693146
2008-06-26,0.15742501616477966
2008-06-27,0.15742501616477966
2008-06-28,0.15742501616477966
2008-06-29,0.15742501616477966
2008-06-30,0.15742501616477966
2008-07-01,0.3177036941051483
2008-07-02,0.3177036941051483
2008-07-03,0.3177036941051483
2008-07-04,0.3177036941051483
2008-07-05,0.3177036941051483
2008-07-06,0.0
2008-07-07,0.0
2008-07-08,9.856562614440918
2008-07-09,2.8592844009399414
2008-07-10,0.0
2008-07-11,0.0
2008-07-12,0.0
2008-07-13,0.0
2008-07-14,0.0
2008-07-15,0.0
2008-07-16,0.28724947571754456
2008-07-17,0.28724947571754456
2008-07-18,0.28724947571754456
2008-07-19,0.28724947571754456
2008-07-20,0.28724947571754456
2008-07-21,0.21148093044757843
2008-07-22,0.0
2008-07-23,0.0
2008-07-24,4.658286094665527
2008-07-25,0.15876196324825287
2008-07-26,0.0
2008-07-27,0.0
2008-07-28,0.0
2008-07-29,0.0
2008-07-30,0.0
2008-07-31,0.9239539504051208
2008-08-01,13.17077922821045
2008-08-02,0.5235936641693115
2008-08-03,0.048543430864810944
2008-08-04,0.0
2008-08-05,0.07887634634971619
2008-08-06,0.0
2008-08-07,0.0
2008-08-08,4.5367889404296875
2008-08-09,2.899366617202759
2008-08-10,0.0
2008-08-11,0.3494206666946411
2008-08-12,0.3494206666946411
2008-08-13,0.3494206666946411
2008-08-14,0.3494206666946411
2008-08-15,0.3494206666946411
2008-08-16,0.0
2008-08-17,0.0
2008-08-18,0.0
2008-08-19,0.0
2008-08-20,0.0
2008-08-21,2.0985729694366455
2008-08-22,0.0
2008-08-23,0.0
2008-08-24,0.0
2008-08-25,0.0
2008-08-26,0.0
2008-08-27,0.0
2008-08-28,0.0
2008-08-29,17.83269691467285
2008-08-30,0.0
2008-08-31,0.0
2008-09-01,0.0
2008-09-02,0.0
2008-09-03,0.0
2008-09-04,2.3586716651916504
2008-09-05,0.7162365317344666
2008-09-06,0.33946993947029114
2008-09-07,0.33946993947029114
2008-09-08,0.33946993947029114
2008-09-09,0.33946993947029114
2008-09-10,0.33946993947029114
2008-09-11,0.0
2008-09-12,0.0
2008-09-13,1.0251743793487549
2008-09-14,0.0
2008-09-15,0.0
2008-09-16,0.0
2008-09-17,0.0
2008-09-18,0.0
2008-09-19,0.0
2008-09-20,2.982048273086548
2008-09-21,0.6150102019309998
2008-09-22,0.0
2008-09-23,0.0
2008-09-24,0.0
2008-09-25,1.9835264682769775
2008-09-26,0.0
2008-09-27,0.0
2008-09-28,0.9147158861160278
2008-09-29,0.03197910264134407
2008-09-30,4.839062690734863
2008-10-01,4.150864601135254
2008-10-02,0.959924042224884
2008-10-03,15.871294021606445
2008-10-04,18.97562599182129
2008-10-05,10.752921104431152
2008-10-06,0.0
2008-10-07,0.0
2008-10-08,0.0
2008-10-09,0.0
2008-10-10,0.0
2008-10-11,0.0
2008-10-12,0.0
2008-10-13,0.0
2008-10-14,0.0
2008-10-15,0.0
2008-10-16,1.2592684030532837
2008-10-17,5.348591327667236
2008-10-18,0.5261342525482178
2008-10-19,9.473686218261719
2008-10-20,0.0
2008-10-21,0.0
2008-10-22,0.0
2008-10-23,0.0
2008-10-24,0.0
2008-10-25,0.0
2008-10-26,4.861600399017334
2008-10-27,0.9100300669670105
2008-10-28,7.174834728240967
2008-10-29,0.8814846277236938
2008-10-30,5.051998138427734
2008-10-31,8.348655700683594
2008-11-01,0.0
2008-11-02,0.652489960193634
2008-11-03,12.111844062805176
2008-11-04,0.0
2008-11-05,0.0
2008-11-06,0.0
2008-11-07,0.002925147768110037
2008-11-08,0.0
2008-11-09,0.0
2008-11-10,54.82897186279297
2008-11-11,1.7746639251708984
2008-11-12,19.30384063720703
2008-11-13,5.61807918548584
2008-11-14,0.0
2008-11-15,0.0
2008-11-16,24.312341690063477
2008-11-17,0.24911406636238098
2008-11-18,0.4947397708892822
2008-11-19,0.0
2008-11-20,0.0
2008-11-21,0.0
2008-11-22,0.0
2008-11-23,0.0241069532930851
2008-11-24,0.0
2008-11-25,5.470043182373047
2008-11-26,4.453595161437988
2008-11-27,0.0
2008-11-28,0.3350091278553009
2008-11-29,0.0
2008-11-30,27.261213302612305
2008-12-01,1.2825913429260254
2008-12-02,23.27411651611328
2008-12-03,1.0367646217346191
2008-12-04,0.0
2008-12-05,0.0
2008-12-06,0.0
2008-12-07,3.4246530532836914
2008-12-08,3.6606390476226807
2008-12-09,0.0
2008-12-10,0.0
2008-12-11,0.7140597105026245
2008-12-12,0.0
2008-12-13,0.5495237708091736
2008-12-14,18.5395565032959
2008-12-15,2.307886838912964
2008-12-16,8.693466186523438
2008-12-17,2.557349443435669
2008-12-18,3.9210081100463867
2008-12-19,17.018970489501953
2008-12-20,1.8078138828277588
2008-12-21,1.9270670413970947
2008-12-22,10.1051664352417
2008-12-23,61.74361038208008
2008-12-24,1.141224980354309
2008-12-25,0.28648343682289124
2008-12-26,19.37078285217285
2008-12-27,1.1381443738937378
2008-12-28,0.09230677783489227
2008-12-29,5.770604133605957
2008-12-30,13.389874458312988
2008-12-31,15.872868537902832
2009-01-01,16.84446144104004
2009-01-02,0.10726062208414078
2009-01-03,23.606019973754883
2009-01-04,9.948606491088867
2009-01-05,0.0
2009-01-06,0.0
2009-01-07,0.0
2009-01-08,2.6394741535186768
2009-01-09,25.0648250579834
2009-01-10,0.16689330339431763
2009-01-11,0.0
2009-01-12,4.856213092803955
2009-01-13,0.28559407591819763
2009-01-14,0.32594606280326843
2009-01-15,0.0
2009-01-16,23.04331398010254
2009-01-17,68.99397277832031
2009-01-18,6.739684104919434
2009-01-19,18.300683975219727
2009-01-20,23.466596603393555
2009-01-21,0.0
2009-01-22,0.0
2009-01-23,0.0
2009-01-24,0.0
2009-01-25,0.0
2009-01-26,5.464487075805664
2009-01-27,5.427090167999268
2009-01-28,0.0
2009-01-29,18.787084579467773
2009-01-30,0.0
2009-01-31,0.0
2009-02-01,11.906949996948242
2009-02-02,0.05455563962459564
2009-02-03,0.0
2009-02-04,0.0
2009-02-05,0.059647101908922195
2009-02-06,0.0
2009-02-07,1.0368587970733643
2009-02-08,0.20108084380626678
2009-02-09,29.693090438842773
2009-02-10,25.17051887512207
2009-02-11,0.0
2009-02-12,0.12332800775766373
2009-02-13,13.364944458007812
2009-02-14,10.496241569519043
2009-02-15,14.078018188476562
2009-02-16,10.449636459350586
2009-02-17,21.78018569946289
2009-02-18,0.5142508745193481
2009-02-19,0.0
2009-02-20,24.89381217956543
2009-02-21,0.21927163004875183
2009-02-22,24.974977493286133
2009-02-23,8.455580711364746
2009-02-24,3.342646360397339
2009-02-25,60.9818000793457
2009-02-26,1.1764887571334839
2009-02-27,14.854415893554688
2009-02-28,9.162643432617188
2009-03-01,5.574133396148682
2009-03-02,6.998907566070557
2009-03-03,0.07567759603261948
2009-03-04,0.7986064553260803
2009-03-05,8.236489295959473
2009-03-06,0.25929000973701477
2009-03-07,0.1898707002401352
2009-03-08,11.702129364013672
2009-03-09,52.67980194091797
2009-03-10,17.378292083740234
2009-03-11,0.6501187086105347
2009-03-12,22.305784225463867
2009-03-13,32.22810745239258
2009-03-14,3.3663694858551025
2009-03-15,0.0
2009-03-16,0.0
2009-03-17,0.0
2009-03-18,1.343384027481079
2009-03-19,13.17298698425293
2009-03-20,55.23544692993164
2009-03-21,0.7265335321426392
2009-03-22,0.033999841660261154
2009-03-23,0.15954430401325226
2009-03-24,41.235347747802734
2009-03-25,0.5449767708778381
2009-03-26,5.354172706604004
2009-03-27,12.7592191696167
2009-03-28,0.36975666880607605
2009-03-29,47.84157180786133
2009-03-30,0.0
2009-03-31,0.0
2009-04-01,4.873064041137695
2009-04-02,0.42865148186683655
2009-04-03,0.0
2009-04-04,0.0
2009-04-05,18.75370216369629
2009-04-06,0.10021883994340897
2009-04-07,18.50693702697754
2009-04-08,4.964602470397949
2009-04-09,12.062623977661133
2009-04-10,12.173117637634277
2009-04-11,0.0
2009-04-12,0.0
2009-04-13,0.0
2009-04-14,0.0
2009-04-15,0.0
2009-04-16,0.0
2009-04-17,0.0
2009-04-18,0.0
2009-04-19,3.3926548957824707
2009-04-20,5.116271018981934
2009-04-21,0.0
2009-04-22,10.286552429199219
2009-04-23,2.6027891635894775
2009-04-24,117.76598358154297
2009-04-25,0.0
2009-04-26,0.03437837213277817
2009-04-27,0.03437837213277817
2009-04-28,0.03437837213277817
2009-04-29,0.03437837213277817
2009-04-30,0.206270232796669
2009-05-01,0.24781014025211334
2009-05-02,0.0
2009-05-03,0.11414158344268799
2009-05-04,0.0
2009-05-05,8.586748123168945
2009-05-06,8.780930519104004
2009-05-07,0.04783386364579201
2009-05-08,0.0
2009-05-09,0.0
2009-05-10,0.0
2009-05-11,0.27998942136764526
2009-05-12,1.6500312089920044
2009-05-13,0.00875808671116829
2009-05-14,0.1065567135810852
2009-05-15,22.202884674072266
2009-05-16,0.0
2009-05-17,0.0
2009-05-18,0.0
2009-05-19,2.1983399391174316
2009-05-20,0.0
2009-05-21,0.0
2009-05-22,0.0
2009-05-23,0.0
2009-05-24,1.7377889156341553
2009-05-25,0.0
2009-05-26,0.0
2009-05-27,0.0
2009-05-28,17.181373596191406
2009-05-29,5.261880874633789
2009-05-30,0.3779653012752533
2009-05-31,0.0
2009-06-01,0.0
2009-06-02,0.0
2009-06-03,0.0
2009-06-04,0.0
2009-06-05,0.0
2009-06-06,0.5442104339599609
2009-06-07,0.5442104339599609
2009-06-08,0.5442104339599609
2009-06-09,0.5442104339599609
2009-06-10,0.5442104339599609
2009-06-11,0.025892682373523712
2009-06-12,1.0898200273513794
2009-06-13,0.0
2009-06-14,0.0
2009-06-15,1.1110578775405884
2009-06-16,0.358685702085495
2009-06-17,0.358685702085495
2009-06-18,0.358685702085495
2009-06-19,0.358685702085495
2009-06-20,0.358685702085495
2009-06-21,0.4182526171207428
2009-06-22,0.0
2009-06-23,0.021899210289120674
2009-06-24,16.01510238647461
2009-06-25,0.001214858377352357
2009-06-26,0.15658582746982574
2009-06-27,0.15658582746982574
2009-06-28,0.15658582746982574
2009-06-29,0.15658582746982574
2009-06-30,0.15658582746982574
2009-07-01,0.9386491775512695
2009-07-02,0.9386491775512695
2009-07-03,5.631895065307617
2009-07-04,0.9386491775512695
2009-07-05,0.9386491775512695
2009-07-06,0.2556341588497162
2009-07-07,0.014020632952451706
2009-07-08,0.2614440321922302
2009-07-09,10.054478645324707
2009-07-10,0.0
2009-07-11,26.12303924560547
2009-07-12,2.07535457611084
2009-07-13,0.0
2009-07-14,0.7441164255142212
2009-07-15,0.0
2009-07-16,0.0
2009-07-17,0.0
2009-07-18,0.0
2009-07-19,0.0
2009-07-20,3.0690834522247314
2009-07-21,0.591269314289093
2009-07-22,0.0
2009-07-23,8.991581916809082
2009-07-24,6.993076324462891
2009-07-25,3.2605178356170654
2009-07-26,0.13818572461605072
2009-07-27,0.019740819931030273
2009-07-28,0.019740819931030273
2009-07-29,0.019740819931030273
2009-07-30,0.019740819931030273
2009-07-31,0.019740819931030273
2009-08-01,0.0
2009-08-02,6.156938552856445
2009-08-03,0.0
2009-08-04,0.0
2009-08-05,0.0
2009-08-06,0.0
2009-08-07,0.0
2009-08-08,0.0
2009-08-09,15.347941398620605
2009-08-10,3.7881550788879395
2009-08-11,0.0
2009-08-12,0.0
2009-08-13,0.0
2009-08-14,0.0
2009-08-15,0.0
2009-08-16,0.0
2009-08-17,0.0
2009-08-18,0.0
2009-08-19,0.06325863301753998
2009-08-20,23.999120712280273
2009-08-21,1.6653298139572144
2009-08-22,0.0
2009-08-23,0.0
2009-08-24,24.273555755615234
2009-08-25,0.0
2009-08-26,0.25055861473083496
2009-08-27,0.25055861473083496
2009-08-28,0.25055861473083496
2009-08-29,0.25055861473083496
2009-08-30,0.25055861473083496
2009-08-31,0.25055861473083496
2009-09-01,0.0
2009-09-02,0.2805839478969574
2009-09-03,20.11983299255371
2009-09-04,14.808749198913574
2009-09-05,0.0
2009-09-06,0.0
2009-09-07,0.0
2009-09-08,0.0
2009-09-09,0.0
2009-09-10,9.040459632873535
2009-09-11,1.147814393043518
2009-09-12,0.9550058245658875
2009-09-13,0.0
2009-09-14,0.0
2009-09-15,0.0
2009-09-16,0.0
2009-09-17,0.0011910379398614168
2009-09-18,0.0
2009-09-19,5.054664611816406
2009-09-20,1.6544520854949951
2009-09-21,0.0
2009-09-22,0.0
2009-09-23,0.0
2009-09-24,0.0
2009-09-25,0.0
2009-09-26,0.0
2009-09-27,0.0
2009-09-28,9.555033683776855
2009-09-29,3.8555402755737305
2009-09-30,0.0
2009-10-01,0.0
2009-10-02,0.0
2009-10-03,0.0
2009-10-04,0.0
2009-10-05,0.0
2009-10-06,0.0
2009-10-07,19.0161075592041
2009-10-08,0.14308282732963562
2009-10-09,0.0
2009-10-10,0.0
2009-10-11,0.0
2009-10-12,17.51740074157715
2009-10-13,2.3503847122192383
2009-10-14,0.0
2009-10-15,0.0
2009-10-16,2.241697311401367
2009-10-17,10.464279174804688
2009-10-18,0.0
2009-10-19,0.03630279004573822
2009-10-20,0.0
2009-10-21,22.329177856445312
2009-10-22,0.0
2009-10-23,0.059833310544490814
2009-10-24,0.0
2009-10-25,2.7926552295684814
2009-10-26,0.2901672124862671
2009-10-27,8.209394454956055
2009-10-28,0.0
2009-10-29,0.0
2009-10-30,0.0
2009-10-31,5.807293891906738
2009-11-01,1.1475269794464111
2009-11-02,1.1475269794464111
2009-11-03,1.1475269794464111
2009-11-04,6.885161876678467
2009-11-05,1.1475269794464111
2009-11-06,14.141511917114258
2009-11-07,2.8239030838012695
2009-11-08,5.11823034286499
2009-11-09,0.1731831580400467
2009-11-10,0.0
2009-11-11,0.5075623989105225
2009-11-12,0.0
2009-11-13,1.924277424812317
2009-11-14,1.1994589567184448
2009-11-15,42.74408721923828
2009-11-16,15.063815116882324
2009-11-17,1.1531840562820435
2009-11-18,0.5209465026855469
2009-11-19,0.0
2009-11-20,1.7987483739852905
2009-11-21,1.1912058591842651
2009-11-22,0.0
2009-11-23,0.0
2009-11-24,3.3608062267303467
2009-11-25,1.3240386247634888
2009-11-26,8.539739608764648
2009-11-27,1.1332496404647827
2009-11-28,0.0
2009-11-29,0.0
2009-11-30,6.238160133361816
2009-12-01,6.3544111251831055
2009-12-02,3.6245510578155518
2009-12-03,0.36377739906311035
2009-12-04,21.38101577758789
2009-12-05,0.0
2009-12-06,0.3380473554134369
2009-12-07,20.963544845581055
2009-12-08,30.7139835357666
2009-12-09,0.901505172252655
2009-12-10,6.241511821746826
2009-12-11,21.94536018371582
2009-12-12,9.052783966064453
2009-12-13,5.61959171295166
2009-12-14,0.0
2009-12-15,0.0
2009-12-16,1.879192590713501
2009-12-17,0.0
2009-12-18,2.401552200317383
2009-12-19,60.35094451904297
2009-12-20,5.846978187561035
2009-12-21,26.735214233398438
2009-12-22,0.2531264126300812
2009-12-23,0.0
2009-12-24,0.06285243481397629
2009-12-25,1.1156070232391357
2009-12-26,1.343019723892212
2009-12-27,0.0
2009-12-28,0.0
2009-12-29,0.0
2009-12-30,0.6624051928520203
2009-12-31,4.721796989440918
2010-01-01,0.11094177514314651
2010-01-02,0.0
2010-01-03,42.64540481567383
2010-01-04,2.4948604106903076
2010-01-05,0.0
2010-01-06,0.0
2010-01-07,0.0
2010-01-08,2.32608962059021
2010-01-09,39.27178955078125
2010-01-10,3.2163217067718506
2010-01-11,0.11469332128763199
2010-01-12,0.0
2010-01-13,0.8236700892448425
2010-01-14,31.134458541870117
2010-01-15,1.2106784582138062
2010-01-16,2.437612771987915
2010-01-17,3.329204797744751
2010-01-18,2.503335952758789
2010-01-19,8.716267585754395
2010-01-20,38.22860336303711
2010-01-21,40.04395294189453
2010-01-22,7.901848316192627
2010-01-23,0.0791253075003624
2010-01-24,6.669062614440918
2010-01-25,2.474048376083374
2010-01-26,0.8368131518363953
2010-01-27,31.204357147216797
2010-01-28,0.059419166296720505
2010-01-29,3.2411234378814697
2010-01-30,0.0
2010-01-31,3.4201085567474365
2010-02-01,12.53115463256836
2010-02-02,24.80974578857422
2010-02-03,0.0
2010-02-04,11.629402160644531
2010-02-05,3.0548107624053955
2010-02-06,22.362579345703125
2010-02-07,2.7570013999938965
2010-02-08,0.3625086843967438
2010-02-09,1.7475279569625854
2010-02-10,0.15575291216373444
2010-02-11,62.27568054199219
2010-02-12,0.05966437608003616
2010-02-13,3.4269208908081055
2010-02-14,46.46919250488281
2010-02-15,1.0361907482147217
2010-02-16,9.331377029418945
2010-02-17,0.8780160546302795
2010-02-18,6.845231056213379
2010-02-19,0.0
2010-02-20,2.2848727703094482
2010-02-21,0.9829433560371399
2010-02-22,7.633199214935303
2010-02-23,2.0651910305023193
2010-02-24,0.0
2010-02-25,19.737733840942383
2010-02-26,0.0
2010-02-27,1.037314772605896
2010-02-28,3.2169981002807617
2010-03-01,0.0
2010-03-02,0.0
2010-03-03,7.634009838104248
2010-03-04,3.3035061359405518
2010-03-05,31.375694274902344
2010-03-06,0.24702492356300354
2010-03-07,0.24702492356300354
2010-03-08,1.482149600982666
2010-03-09,0.24702492356300354
2010-03-10,0.24702492356300354
2010-03-11,0.003320193151012063
2010-03-12,1.2683050632476807
2010-03-13,3.7431507110595703
2010-03-14,0.0
2010-03-15,73.89957427978516
2010-03-16,29.06005096435547
2010-03-17,0.5344462990760803
2010-03-18,0.0
2010-03-19,0.0030718301422894
2010-03-20,1.231323003768921
2010-03-21,0.0696370005607605
2010-03-22,0.0
2010-03-23,0.0
2010-03-24,32.803314208984375
2010-03-25,0.5627613067626953
2010-03-26,0.45849278569221497
2010-03-27,0.047603901475667953
2010-03-28,0.8273624777793884
2010-03-29,1.5154212713241577
2010-03-30,11.538697242736816
2010-03-31,0.0
2010-04-01,0.0
2010-04-02,0.0
2010-04-03,10.759905815124512
2010-04-04,15.811823844909668
2010-04-05,0.0
2010-04-06,0.0
2010-04-07,0.0
2010-04-08,0.0
2010-04-09,0.0
2010-04-10,0.0
2010-04-11,0.0
2010-04-12,0.0
2010-04-13,0.0
2010-04-14,0.0
2010-04-15,0.0
2010-04-16,0.0
2010-04-17,0.0
2010-04-18,0.0
2010-04-19,0.0
2010-04-20,0.0
2010-04-21,0.0
2010-04-22,2.548658847808838
2010-04-23,15.025748252868652
2010-04-24,0.11359410732984543
2010-04-25,2.5833821296691895
2010-04-26,0.04826321452856064
2010-04-27,0.0
2010-04-28,0.0
2010-04-29,0.42445772886276245
2010-04-30,0.2898378074169159
2010-05-01,0.0
2010-05-02,0.0
2010-05-03,0.0
2010-05-04,9.382126808166504
2010-05-05,0.0
2010-05-06,0.0
2010-05-07,0.0
2010-05-08,22.29710578918457
2010-05-09,0.0
2010-05-10,0.0
2010-05-11,0.16780254244804382
2010-05-12,0.16780254244804382
2010-05-13,0.16780254244804382
2010-05-14,0.16780254244804382
2010-05-15,0.16780254244804382
2010-05-16,0.0
2010-05-17,0.0
2010-05-18,0.0
2010-05-19,1.5052216053009033
2010-05-20,0.11056268960237503
2010-05-21,0.0
2010-05-22,0.05454963073134422
2010-05-23,0.0
2010-05-24,9.192654609680176
2010-05-25,16.4751033782959
2010-05-26,0.3420460820198059
2010-05-27,0.5523399710655212
2010-05-28,0.0
2010-05-29,0.0
2010-05-30,1.4805821180343628
2010-05-31,10.336365699768066
2010-06-01,0.0
2010-06-02,0.0
2010-06-03,0.0
2010-06-04,0.0
2010-06-05,0.0
2010-06-06,0.20384688675403595
2010-06-07,0.20384688675403595
2010-06-08,0.20384688675403595
2010-06-09,0.20384688675403595
2010-06-10,0.20384688675403595
2010-06-11,0.3397030234336853
2010-06-12,0.3397030234336853
2010-06-13,0.3397030234336853
2010-06-14,0.3397030234336853
2010-06-15,0.3397030234336853
2010-06-16,0.0
2010-06-17,7.412175178527832
2010-06-18,6.803755760192871
2010-06-19,0.0
2010-06-20,0.0
2010-06-21,0.21213868260383606
2010-06-22,0.21213868260383606
2010-06-23,0.21213868260383606
2010-06-24,0.21213868260383606
2010-06-25,1.2728321552276611
2010-06-26,0.09991808980703354
2010-06-27,0.5995085835456848
2010-06-28,0.09991808980703354
2010-06-29,0.09991808980703354
2010-06-30,0.09991808980703354
2010-07-01,0.28490427136421204
2010-07-02,0.28490427136421204
2010-07-03,0.28490427136421204
2010-07-04,0.28490427136421204
2010-07-05,0.28490427136421204
2010-07-06,0.0
2010-07-07,0.0
2010-07-08,8.311746597290039
2010-07-09,0.037248119711875916
2010-07-10,0.0015138703165575862
2010-07-11,0.0
2010-07-12,0.0
2010-07-13,0.0
2010-07-14,0.0
2010-07-15,0.0
2010-07-16,4.90081787109375
2010-07-17,3.447990655899048
2010-07-18,0.0
2010-07-19,0.0
2010-07-20,0.0
2010-07-21,0.40403443574905396
2010-07-22,0.40403443574905396
2010-07-23,0.40403443574905396
2010-07-24,0.40403443574905396
2010-07-25,0.40403443574905396
2010-07-26,0.05357196927070618
2010-07-27,0.05357196927070618
2010-07-28,0.05357196927070618
2010-07-29,0.05357196927070618
2010-07-30,0.05357196927070618
2010-07-31,0.05357196927070618
2010-08-01,0.0
2010-08-02,0.0
2010-08-03,0.0
2010-08-04,0.0
2010-08-05,0.0
2010-08-06,0.1243797093629837
2010-08-07,0.1243797093629837
2010-08-08,0.1243797093629837
2010-08-09,0.1243797093629837
2010-08-10,0.1243797093629837
2010-08-11,0.0
2010-08-12,0.0
2010-08-13,0.0
2010-08-14,0.0
2010-08-15,0.0
2010-08-16,0.0
2010-08-17,0.0
2010-08-18,0.0
2010-08-19,0.0
2010-08-20,0.0
2010-08-21,0.2660985291004181
2010-08-22,0.2660985291004181
2010-08-23,0.2660985291004181
2010-08-24,0.2660985291004181
2010-08-25,0.2660985291004181
2010-08-26,0.0
2010-08-27,0.0
2010-08-28,0.0
2010-08-29,0.0
2010-08-30,2.506726026535034
2010-08-31,2.0566184520721436
2010-09-01,0.7679823040962219
2010-09-02,3.017073392868042
2010-09-03,0.6034147143363953
2010-09-04,0.5485588312149048
2010-09-05,0.5485588312149048
2010-09-06,1.2934759855270386
2010-09-07,0.2155793160200119
2010-09-08,0.2155793160200119
2010-09-09,0.2155793160200119
2010-09-10,0.2155793160200119
2010-09-11,0.0
2010-09-12,5.078048229217529
2010-09-13,0.5933036804199219
2010-09-14,0.42084237933158875
2010-09-15,0.32064175605773926
2010-09-16,0.13205036520957947
2010-09-17,0.13205036520957947
2010-09-18,0.13205036520957947
2010-09-19,0.13205036520957947
2010-09-20,0.13205036520957947
2010-09-21,0.0
2010-09-22,0.0
2010-09-23,0.0
2010-09-24,7.27925443649292
2010-09-25,0.0
2010-09-26,0.0
2010-09-27,0.0
2010-09-28,0.0
2010-09-29,0.0
2010-09-30,3.537102699279785
2010-10-01,0.0
2010-10-02,34.059715270996094
2010-10-03,1.7459458112716675
2010-10-04,0.0
2010-10-05,0.0
2010-10-06,0.0
2010-10-07,0.0
2010-10-08,28.310823440551758
2010-10-09,0.0
2010-10-10,0.5766828060150146
2010-10-11,0.02952050231397152
2010-10-12,0.0
2010-10-13,0.07540003955364227
2010-10-14,0.0
2010-10-15,27.01458168029785
2010-10-16,0.0
2010-10-17,2.8351635932922363
2010-10-18,28.62490463256836
2010-10-19,0.0
2010-10-20,0.0
2010-10-21,0.0
2010-10-22,0.0
2010-10-23,7.486077785491943
2010-10-24,0.1412467509508133
2010-10-25,0.0
2010-10-26,0.6166984438896179
2010-10-27,0.0
2010-10-28,0.0
2010-10-29,0.0
2010-10-30,0.0
2010-10-31,59.197784423828125
2010-11-01,0.0
2010-11-02,0.0
2010-11-03,0.0
2010-11-04,0.0
2010-11-05,0.0
2010-11-06,35.92515563964844
2010-11-07,0.0
2010-11-08,0.0
2010-11-09,0.0
2010-11-10,28.943096160888672
2010-11-11,1.0036540031433105
2010-11-12,5.517696380615234
2010-11-13,0.9316214919090271
2010-11-14,0.9316214919090271
2010-11-15,0.9316214919090271
2010-11-16,13.307352066040039
2010-11-17,0.00838513020426035
2010-11-18,0.0
2010-11-19,0.0
2010-11-20,0.019415415823459625
2010-11-21,0.0
2010-11-22,0.0
2010-11-23,0.45985302329063416
2010-11-24,47.15654754638672
2010-11-25,0.41191112995147705
2010-11-26,0.3159715533256531
2010-11-27,0.0
2010-11-28,0.0
2010-11-29,2.207840919494629
2010-11-30,13.294400215148926
2010-12-01,0.0
2010-12-02,0.0
2010-12-03,0.0
2010-12-04,0.0
2010-12-05,0.0
2010-12-06,0.0
2010-12-07,0.0
2010-12-08,0.0
2010-12-09,1.2923003435134888
2010-12-10,0.44089552760124207
2010-12-11,0.25040847063064575
2010-12-12,0.0
2010-12-13,53.73246383666992
2010-12-14,4.192554473876953
2010-12-15,0.5133302807807922
2010-12-16,0.0
2010-12-17,0.0
2010-12-18,0.0
2010-12-19,3.455374240875244
2010-12-20,7.218653202056885
2010-12-21,26.513341903686523
2010-12-22,2.1116819381713867
2010-12-23,2.3220767974853516
2010-12-24,0.042320366948843
2010-12-25,3.35105562210083
2010-12-26,4.566885471343994
2010-12-27,0.0
2010-12-28,1.3251599073410034
2010-12-29,12.057694435119629
2010-12-30,44.27162170410156
2010-12-31,16.3757266998291
2011-01-01,1.7443630695343018
2011-01-02,1.4485656023025513
2011-01-03,0.043465450406074524
2011-01-04,22.480663299560547
2011-01-05,0.0
2011-01-06,18.402666091918945
2011-01-07,3.6538710594177246
2011-01-08,5.012284755706787
2011-01-09,5.875476837158203
2011-01-10,8.023711204528809
2011-01-11,0.13070940971374512
2011-01-12,0.7837070822715759
2011-01-13,74.237548828125
2011-01-14,0.0
2011-01-15,3.1885831356048584
2011-01-16,0.0
2011-01-17,0.0
2011-01-18,19.75170135498047
2011-01-19,23.411664962768555
2011-01-20,0.0
2011-01-21,52.76847839355469
2011-01-22,9.090197563171387
2011-01-23,14.119121551513672
2011-01-24,12.053038597106934
2011-01-25,3.953270673751831
2011-01-26,0.0
2011-01-27,33.64682388305664
2011-01-28,4.167062282562256
2011-01-29,19.18550682067871
2011-01-30,0.0
2011-01-31,14.98751449584961
2011-02-01,0.0
2011-02-02,1.0031682252883911
2011-02-03,3.6976969242095947
2011-02-04,12.675930976867676
2011-02-05,17.100757598876953
2011-02-06,7.378362655639648
2011-02-07,3.193390369415283
2011-02-08,4.74691915512085
2011-02-09,3.6006877422332764
2011-02-10,6.155689239501953
2011-02-11,5.653934478759766
2011-02-12,16.14324188232422
2011-02-13,5.433029651641846
2011-02-14,67.78060913085938
2011-02-15,4.747812747955322
2011-02-16,1.4207402467727661
2011-02-17,0.46014222502708435
2011-02-18,57.0732307434082
2011-02-19,18.45585823059082
2011-02-20,6.804372310638428
2011-02-21,37.49223709106445
2011-02-22,12.233777046203613
2011-02-23,7.946260452270508
2011-02-24,7.692394256591797
2011-02-25,0.5151202082633972
2011-02-26,13.706534385681152
2011-02-27,4.693676471710205
2011-02-28,0.0
2011-03-01,10.524920463562012
2011-03-02,0.10699933767318726
2011-03-03,0.051657985895872116
2011-03-04,1.37107253074646
2011-03-05,21.718034744262695
2011-03-06,1.0798698663711548
2011-03-07,3.5399351119995117
2011-03-08,17.78461456298828
2011-03-09,8.23432731628418
2011-03-10,7.143065929412842
2011-03-11,0.2519068717956543
2011-03-12,0.0
2011-03-13,0.195093035697937
2011-03-14,46.894309997558594
2011-03-15,0.09955200552940369
2011-03-16,0.04427812248468399
2011-03-17,0.024838948622345924
2011-03-18,0.0
2011-03-19,36.629180908203125
2011-03-20,0.33117374777793884
2011-03-21,0.0
2011-03-22,1.4389921426773071
2011-03-23,4.265931606292725
2011-03-24,0.024210060015320778
2011-03-25,0.030384328216314316
2011-03-26,0.0
2011-03-27,2.614898204803467
2011-03-28,0.35622674226760864
2011-03-29,62.58816909790039
2011-03-30,0.17744895815849304
2011-03-31,0.0006768401945009828
2011-04-01,3.1148219108581543
2011-04-02,0.1688416749238968
2011-04-03,45.534420013427734
2011-04-04,91.2298812866211
2011-04-05,0.5129833221435547
2011-04-06,46.92496871948242
2011-04-07,9.060050010681152
2011-04-08,3.282902956008911
2011-04-09,3.475656270980835
2011-04-10,0.0
2011-04-11,0.0
2011-04-12,0.0
2011-04-13,0.0
2011-04-14,0.0
2011-04-15,0.0
2011-04-16,16.977527618408203
2011-04-17,0.09787118434906006
2011-04-18,0.0
2011-04-19,0.0
2011-04-20,0.0
2011-04-21,0.0
2011-04-22,0.0
2011-04-23,0.0
2011-04-24,58.85533142089844
2011-04-25,0.0
2011-04-26,0.0
2011-04-27,0.0
2011-04-28,0.0
2011-04-29,10.511019706726074
2011-04-30,0.8997974991798401
2011-05-01,4.508954048156738
2011-05-02,0.2644181549549103
2011-05-03,0.0
2011-05-04,0.09152483195066452
2011-05-05,0.0
2011-05-06,0.0
2011-05-07,0.1132405698299408
2011-05-08,0.0
2011-05-09,0.0
2011-05-10,1.5853679180145264
2011-05-11,0.0
2011-05-12,21.128768920898438
2011-05-13,0.0
2011-05-14,0.0
2011-05-15,0.0
2011-05-16,0.28261202573776245
2011-05-17,0.28261202573776245
2011-05-18,0.28261202573776245
2011-05-19,0.28261202573776245
2011-05-20,0.28261202573776245
2011-05-21,0.0
2011-05-22,0.0
2011-05-23,0.0
2011-05-24,1.2144415378570557
2011-05-25,6.072207450866699
2011-05-26,40.69676208496094
2011-05-27,0.0
2011-05-28,0.0
2011-05-29,0.0
2011-05-30,0.0
2011-05-31,0.0
2011-06-01,0.0
2011-06-02,0.0
2011-06-03,0.0
2011-06-04,0.0
2011-06-05,0.0
2011-06-06,0.0
2011-06-07,0.0
2011-06-08,0.0
2011-06-09,2.952216148376465
2011-06-10,25.90732192993164
2011-06-11,0.7080655097961426
2011-06-12,0.7080655097961426
2011-06-13,0.7080655097961426
2011-06-14,0.7080655097961426
2011-06-15,0.7080655097961426
2011-06-16,2.489638328552246
2011-06-17,0.0
2011-06-18,8.167986869812012
2011-06-19,0.07110350579023361
2011-06-20,0.0
2011-06-21,0.303464412689209
2011-06-22,0.303464412689209
2011-06-23,1.8207865953445435
2011-06-24,0.303464412689209
2011-06-25,0.303464412689209
2011-06-26,0.0
2011-06-27,0.0
2011-06-28,0.0
2011-06-29,0.8205122947692871
2011-06-30,1.1419154405593872
2011-07-01,0.0
2011-07-02,0.8104932308197021
2011-07-03,0.11935092508792877
2011-07-04,0.0034695679787546396
2011-07-05,0.07633049786090851
2011-07-06,0.1820508986711502
2011-07-07,0.1820508986711502
2011-07-08,0.1820508986711502
2011-07-09,0.1820508986711502
2011-07-10,0.1820508986711502
2011-07-11,0.0
2011-07-12,0.0
2011-07-13,0.0
2011-07-14,0.0
2011-07-15,0.0
2011-07-16,1.5829622745513916
2011-07-17,21.004140853881836
2011-07-18,0.0
2011-07-19,2.0706286430358887
2011-07-20,0.0
2011-07-21,8.134130477905273
2011-07-22,1.3249168395996094
2011-07-23,0.0
2011-07-24,0.0
2011-07-25,0.0
2011-07-26,0.0
2011-07-27,0.0
2011-07-28,0.0
2011-07-29,0.0
2011-07-30,5.774444103240967
2011-07-31,14.925130844116211
2011-08-01,0.17973209917545319
2011-08-02,2.4295618534088135
2011-08-03,2.963554859161377
2011-08-04,0.24697794020175934
2011-08-05,0.0
2011-08-06,0.12769006192684174
2011-08-07,0.12769006192684174
2011-08-08,0.12769006192684174
2011-08-09,0.12769006192684174
2011-08-10,0.12769006192684174
2011-08-11,0.0
2011-08-12,0.0
2011-08-13,0.0
2011-08-14,0.0
2011-08-15,0.0
2011-08-16,0.0
2011-08-17,0.0
2011-08-18,0.0
2011-08-19,0.0
2011-08-20,14.362958908081055
2011-08-21,1.591773271560669
2011-08-22,0.26529553532600403
2011-08-23,0.26529553532600403
2011-08-24,0.26529553532600403
2011-08-25,0.26529553532600403
2011-08-26,0.0
2011-08-27,0.0
2011-08-28,0.0
2011-08-29,0.0
2011-08-30,0.0
2011-08-31,24.39678382873535
2011-09-01,0.4823344349861145
2011-09-02,0.4823344349861145
2011-09-03,0.4823344349861145
2011-09-04,0.4823344349861145
2011-09-05,0.4823344349861145
2011-09-06,1.0039188861846924
2011-09-07,0.0
2011-09-08,2.566404104232788
2011-09-09,47.50559616088867
2011-09-10,0.0
2011-09-11,4.287508010864258
2011-09-12,0.0
2011-09-13,0.0
2011-09-14,0.0
2011-09-15,0.0
2011-09-16,0.0
2011-09-17,0.6777591705322266
2011-09-18,4.918729305267334
2011-09-19,0.18748702108860016
2011-09-20,0.04559636861085892
2011-09-21,0.0
2011-09-22,0.0
2011-09-23,10.802870750427246
2011-09-24,5.130929470062256
2011-09-25,0.0011612711241468787
2011-09-26,0.0
2011-09-27,0.0
2011-09-28,0.0
2011-09-29,0.0
2011-09-30,1.1454799175262451
2011-10-01,0.0
2011-10-02,11.970742225646973
2011-10-03,0.0
2011-10-04,0.0
2011-10-05,3.344038248062134
2011-10-06,1.7463792562484741
2011-10-07,12.596172332763672
2011-10-08,7.250665664672852
2011-10-09,0.0
2011-10-10,0.0
2011-10-11,1.671494960784912
2011-10-12,44.93312072753906
2011-10-13,13.04250717163086
2011-10-14,1.1193406581878662
2011-10-15,0.0
2011-10-16,0.006367999128997326
2011-10-17,0.0159887857735157
2011-10-18,0.0
2011-10-19,0.000418055453337729
2011-10-20,0.037529658526182175
2011-10-21,0.0
2011-10-22,0.0
2011-10-23,0.0
2011-10-24,0.0
2011-10-25,0.0
2011-10-26,30.307249069213867
2011-10-27,0.6844423413276672
2011-10-28,0.11649364233016968
2011-10-29,0.0
2011-10-30,16.86382293701172
2011-10-31,5.085946083068848
2011-11-01,0.08695292472839355
2011-11-02,0.2173823118209839
2011-11-03,0.04347646236419678
2011-11-04,0.04347646236419678
2011-11-05,0.04347646236419678
2011-11-06,32.88151550292969
2011-11-07,0.0
2011-11-08,0.0
2011-11-09,0.0
2011-11-10,0.0036628625821322203
2011-11-11,31.99521827697754
2011-11-12,0.013807415962219238
2011-11-13,0.0
2011-11-14,0.0
2011-11-15,9.392510414123535
2011-11-16,0.0
2011-11-17,0.0
2011-11-18,19.56943130493164
2011-11-19,0.30835023522377014
2011-11-20,0.0
2011-11-21,0.0
2011-11-22,52.767032623291016
2011-11-23,0.37946560978889465
2011-11-24,0.0
2011-11-25,10.932235717773438
2011-11-26,2.4819836616516113
2011-11-27,9.893062591552734
2011-11-28,0.0
2011-11-29,29.29100799560547
2011-11-30,0.0
2011-12-01,7.010210037231445
2011-12-02,0.0
2011-12-03,0.0
2011-12-04,0.0
2011-12-05,31.190969467163086
2011-12-06,6.310396671295166
2011-12-07,0.0
2011-12-08,8.460524559020996
2011-12-09,58.564510345458984
2011-12-10,0.6484140157699585
2011-12-11,0.6378235816955566
2011-12-12,1.3451671600341797
2011-12-13,11.540908813476562
2011-12-14,0.7023441195487976
2011-12-15,0.0
2011-12-16,0.0
2011-12-17,0.0
2011-12-18,0.0
2011-12-19,0.0
2011-12-20,0.0
2011-12-21,23.272686004638672
2011-12-22,0.15237575769424438
2011-12-23,0.1703527867794037
2011-12-24,0.0
2011-12-25,48.797420501708984
2011-12-26,21.503366470336914
2011-12-27,5.778867244720459
2011-12-28,2.7247509956359863
2011-12-29,4.954075813293457
2011-12-30,3.1789324283599854
2011-12-31,18.949493408203125
2012-01-01,44.62871170043945
2012-01-02,2.374018669128418
2012-01-03,0.36755359172821045
2012-01-04,0.670045793056488
2012-01-05,0.06507490575313568
2012-01-06,0.0
2012-01-07,9.565306663513184
2012-01-08,1.1918643712997437
2012-01-09,0.9139265418052673
2012-01-10,1.0732587575912476
2012-01-11,1.0548405647277832
2012-01-12,14.003079414367676
2012-01-13,8.532398223876953
2012-01-14,1.2032971382141113
2012-01-15,0.2073248326778412
2012-01-16,0.0
2012-01-17,0.092001773416996
2012-01-18,0.0
2012-01-19,10.648226737976074
2012-01-20,6.786798000335693
2012-01-21,0.5792273879051208
2012-01-22,0.13346552848815918
2012-01-23,0.13346552848815918
2012-01-24,2.348618268966675
2012-01-25,24.527145385742188
2012-01-26,2.840689182281494
2012-01-27,5.890017509460449
2012-01-28,1.7282730340957642
2012-01-29,3.954240322113037
2012-01-30,0.0
2012-01-31,0.0
2012-02-01,0.7964717745780945
2012-02-02,104.3133316040039
2012-02-03,0.9531123638153076
2012-02-04,9.3250093460083
2012-02-05,2.934926748275757
2012-02-06,0.0
2012-02-07,0.012962364591658115
2012-02-08,0.11064586043357849
2012-02-09,0.0
2012-02-10,41.71025848388672
2012-02-11,24.43375587463379
2012-02-12,0.0
2012-02-13,33.9048957824707
2012-02-14,23.758747100830078
2012-02-15,21.798099517822266
2012-02-16,34.41633224487305
2012-02-17,37.768131256103516
2012-02-18,0.9709555506706238
2012-02-19,5.770588397979736
2012-02-20,4.118992805480957
2012-02-21,0.027788279578089714
2012-02-22,0.41817086935043335
2012-02-23,0.2920292317867279
2012-02-24,3.3663344383239746
2012-02-25,3.6930763721466064
2012-02-26,8.194083213806152
2012-02-27,38.98221969604492
2012-02-28,0.47203850746154785
2012-02-29,2.3097972869873047
2012-03-01,0.0
2012-03-02,47.74403381347656
2012-03-03,0.9052370190620422
2012-03-04,11.609809875488281
2012-03-05,0.023106280714273453
2012-03-06,1.935874342918396
2012-03-07,34.1044921875
2012-03-08,10.234663009643555
2012-03-09,0.0
2012-03-10,0.0
2012-03-11,1.7621015310287476
2012-03-12,0.6861481070518494
2012-03-13,0.366843581199646
2012-03-14,2.414436101913452
2012-03-15,73.32173919677734
2012-03-16,0.0
2012-03-17,0.4413372576236725
2012-03-18,0.405673623085022
2012-03-19,0.5171224474906921
2012-03-20,23.805461883544922
2012-03-21,0.0
2012-03-22,0.0
2012-03-23,15.028264999389648
2012-03-24,0.002655170625075698
2012-03-25,0.0
2012-03-26,0.0
2012-03-27,22.93951416015625
2012-03-28,1.1055693626403809
2012-03-29,0.46366941928863525
2012-03-30,0.0824713483452797
2012-03-31,0.0
2012-04-01,0.0
2012-04-02,0.0
2012-04-03,10.84968376159668
2012-04-04,1.672714352607727
2012-04-05,0.0962214320898056
2012-04-06,0.02962702140212059
2012-04-07,4.913201332092285
2012-04-08,1.4904686212539673
2012-04-09,0.0
2012-04-10,0.008464863523840904
2012-04-11,22.623872756958008
2012-04-12,2.393331289291382
2012-04-13,0.0
2012-04-14,0.0
2012-04-15,7.824103832244873
2012-04-16,1.4616619348526
2012-04-17,0.0
2012-04-18,24.80476951599121
2012-04-19,0.3370261788368225
2012-04-20,0.0
2012-04-21,1.0900450944900513
2012-04-22,36.642051696777344
2012-04-23,0.0
2012-04-24,0.0
2012-04-25,2.5460023880004883
2012-04-26,0.5241745710372925
2012-04-27,76.8204345703125
2012-04-28,1.7936352491378784
2012-04-29,24.27401351928711
2012-04-30,0.12302461266517639
2012-05-01,0.18550705909729004
2012-05-02,0.18550705909729004
2012-05-03,0.18550705909729004
2012-05-04,0.18550705909729004
2012-05-05,0.18550705909729004
2012-05-06,0.46658483147621155
2012-05-07,0.46658483147621155
2012-05-08,0.46658483147621155
2012-05-09,0.46658483147621155
2012-05-10,0.46658483147621155
2012-05-11,0.0
2012-05-12,0.035908620804548264
2012-05-13,0.10309919714927673
2012-05-14,0.0
2012-05-15,9.480925559997559
2012-05-16,0.0
2012-05-17,0.0
2012-05-18,4.440838813781738
2012-05-19,0.1590297371149063
2012-05-20,43.88147735595703
2012-05-21,24.60467529296875
2012-05-22,0.0
2012-05-23,0.0
2012-05-24,7.824764728546143
2012-05-25,2.178635597229004
2012-05-26,1.4352436065673828
2012-05-27,0.0
2012-05-28,0.0
2012-05-29,0.0
2012-05-30,0.0
2012-05-31,0.0
2012-06-01,0.015300072729587555
2012-06-02,0.0
2012-06-03,0.0
2012-06-04,0.0
2012-06-05,47.53731918334961
2012-06-06,0.0
2012-06-07,3.214688777923584
2012-06-08,0.8601455092430115
2012-06-09,0.12536439299583435
2012-06-10,0.0
2012-06-11,0.3070557713508606
2012-06-12,0.3070557713508606
2012-06-13,0.3070557713508606
2012-06-14,0.3070557713508606
2012-06-15,0.3070557713508606
2012-06-16,5.033902645111084
2012-06-17,0.0
2012-06-18,3.282238245010376
2012-06-19,0.0
2012-06-20,0.09748406708240509
2012-06-21,7.434689044952393
2012-06-22,26.842056274414062
2012-06-23,0.38085106015205383
2012-06-24,0.0
2012-06-25,0.0
2012-06-26,0.5414223074913025
2012-06-27,0.09023704379796982
2012-06-28,0.09023704379796982
2012-06-29,0.09023704379796982
2012-06-30,0.09023704379796982
2012-07-01,0.0
2012-07-02,0.0
2012-07-03,0.0
2012-07-04,1.3803232908248901
2012-07-05,11.803174018859863
2012-07-06,4.088334083557129
2012-07-07,0.3225241005420685
2012-07-08,0.4748113453388214
2012-07-09,0.0
2012-07-10,0.0
2012-07-11,0.0
2012-07-12,0.0
2012-07-13,0.0
2012-07-14,0.0
2012-07-15,0.0
2012-07-16,0.19507920742034912
2012-07-17,0.19507920742034912
2012-07-18,0.19507920742034912
2012-07-19,0.19507920742034912
2012-07-20,0.19507920742034912
2012-07-21,0.0
2012-07-22,0.0
2012-07-23,0.0
2012-07-24,0.0
2012-07-25,1.5299028158187866
2012-07-26,0.0
2012-07-27,9.476712226867676
2012-07-28,0.0
2012-07-29,0.0
2012-07-30,13.695552825927734
2012-07-31,0.0
2012-08-01,0.0
2012-08-02,0.0
2012-08-03,0.0
2012-08-04,0.0
2012-08-05,0.0
2012-08-06,0.1553099900484085
2012-08-07,0.1553099900484085
2012-08-08,0.1553099900484085
2012-08-09,0.1553099900484085
2012-08-10,0.1553099900484085
2012-08-11,0.0
2012-08-12,0.0
2012-08-13,0.0
2012-08-14,0.0
2012-08-15,0.0
2012-08-16,0.0
2012-08-17,0.21408680081367493
2012-08-18,6.257313251495361
2012-08-19,1.5084856748580933
2012-08-20,0.06444710493087769
2012-08-21,0.15535368025302887
2012-08-22,0.015707777813076973
2012-08-23,0.08344798535108566
2012-08-24,0.28814926743507385
2012-08-25,18.629804611206055
2012-08-26,0.3868783116340637
2012-08-27,0.3868783116340637
2012-08-28,0.3868783116340637
2012-08-29,0.3868783116340637
2012-08-30,0.3868783116340637
2012-08-31,0.3868783116340637
2012-09-01,0.5802425742149353
2012-09-02,0.5802425742149353
2012-09-03,0.5802425742149353
2012-09-04,0.5802425742149353
2012-09-05,0.5802425742149353
2012-09-06,0.5479433536529541
2012-09-07,0.5479433536529541
2012-09-08,0.5479433536529541
2012-09-09,0.5479433536529541
2012-09-10,0.5479433536529541
2012-09-11,0.09159182012081146
2012-09-12,0.0
2012-09-13,0.009287088178098202
2012-09-14,0.0
2012-09-15,1.236461877822876
2012-09-16,0.6301119327545166
2012-09-17,0.6301119327545166
2012-09-18,0.6301119327545166
2012-09-19,0.6301119327545166
2012-09-20,3.7806718349456787
2012-09-21,0.0
2012-09-22,5.5396246910095215
2012-09-23,0.0
2012-09-24,0.0
2012-09-25,2.460350513458252
2012-09-26,33.00056838989258
2012-09-27,0.23625442385673523
2012-09-28,0.0
2012-09-29,0.0
2012-09-30,0.0
2012-10-01,2.1061360836029053
2012-10-02,0.034567005932331085
2012-10-03,7.701733112335205
2012-10-04,7.648468971252441
2012-10-05,0.3283865451812744
2012-10-06,0.0
2012-10-07,0.04856734350323677
2012-10-08,0.11593817919492722
2012-10-09,0.0
2012-10-10,12.868683815002441
2012-10-11,10.923274040222168
2012-10-12,0.7881025671958923
2012-10-13,0.0
2012-10-14,0.0
2012-10-15,0.0
2012-10-16,0.0
2012-10-17,52.83315658569336
2012-10-18,0.0
2012-10-19,0.0
2012-10-20,0.0
2012-10-21,0.0
2012-10-22,0.0
2012-10-23,0.0
2012-10-24,0.0
2012-10-25,3.8374128341674805
2012-10-26,0.0
2012-10-27,0.0
2012-10-28,0.0
2012-10-29,0.0
2012-10-30,0.0
2012-10-31,0.0
2012-11-01,12.922138214111328
2012-11-02,3.8741705417633057
2012-11-03,52.00912857055664
2012-11-04,0.0
2012-11-05,0.0
2012-11-06,15.559843063354492
2012-11-07,10.065075874328613
2012-11-08,0.0
2012-11-09,0.0
2012-11-10,0.0
2012-11-11,1.0574004650115967
2012-11-12,1.0574004650115967
2012-11-13,1.0574004650115967
2012-11-14,1.0574004650115967
2012-11-15,1.0574004650115967
2012-11-16,0.34038814902305603
2012-11-17,0.3244249224662781
2012-11-18,21.39389419555664
2012-11-19,2.87371563911438
2012-11-20,17.877002716064453
2012-11-21,4.719006538391113
2012-11-22,3.5633418560028076
2012-11-23,12.596253395080566
2012-11-24,17.340776443481445
2012-11-25,25.390987396240234
2012-11-26,0.12417107820510864
2012-11-27,0.12417107820510864
2012-11-28,0.12417107820510864
2012-11-29,0.12417107820510864
2012-11-30,0.7450264692306519
2012-12-01,0.43870627880096436
2012-12-02,0.47607192397117615
2012-12-03,26.517602920532227
2012-12-04,7.751180648803711
2012-12-05,25.34260368347168
2012-12-06,0.017035648226737976
2012-12-07,0.0
2012-12-08,10.327587127685547
2012-12-09,46.20782470703125
2012-12-10,1.8593798875808716
2012-12-11,0.0
2012-12-12,0.7953383922576904
2012-12-13,0.055128831416368484
2012-12-14,0.034633103758096695
2012-12-15,4.138622283935547
2012-12-16,9.159296989440918
2012-12-17,0.0
2012-12-18,1.0961672067642212
2012-12-19,0.3242875337600708
2012-12-20,5.150269508361816
2012-12-21,9.996048927307129
2012-12-22,13.83890151977539
2012-12-23,0.4430455267429352
2012-12-24,0.028016647323966026
2012-12-25,0.09688018262386322
2012-12-26,3.613294839859009
2012-12-27,62.707427978515625
2012-12-28,7.415083885192871
2012-12-29,9.854382514953613
2012-12-30,2.6972789764404297
2012-12-31,0.0
2013-01-01,0.20677922666072845
2013-01-02,14.628717422485352
2013-01-03,0.42921775579452515
2013-01-04,0.029311388731002808
2013-01-05,0.09590430557727814
2013-01-06,0.3809111714363098
2013-01-07,1.1797218322753906
2013-01-08,0.0
2013-01-09,0.12204183638095856
2013-01-10,19.210887908935547
2013-01-11,0.9446823596954346
2013-01-12,1.1873981952667236
2013-01-13,0.1904890388250351
2013-01-14,9.392027854919434
2013-01-15,13.572369575500488
2013-01-16,0.0
2013-01-17,0.3670239746570587
2013-01-18,1.4961885213851929
2013-01-19,21.104856491088867
2013-01-20,25.829391479492188
2013-01-21,18.97951889038086
2013-01-22,0.8613734245300293
2013-01-23,1.3641233444213867
2013-01-24,0.0
2013-01-25,0.0
2013-01-26,22.28249740600586
2013-01-27,7.350676536560059
2013-01-28,0.3111020624637604
2013-01-29,0.05238942801952362
2013-01-30,0.2568683624267578
2013-01-31,0.7959326505661011
2013-02-01,0.0
2013-02-02,0.0
2013-02-03,87.98402404785156
2013-02-04,3.189593553543091
2013-02-05,0.31526923179626465
2013-02-06,6.326869964599609
2013-02-07,31.488988876342773
2013-02-08,1.129439353942871
2013-02-09,0.049506060779094696
2013-02-10,0.46303215622901917
2013-02-11,56.783363342285156
2013-02-12,11.535931587219238
2013-02-13,0.7029321193695068
2013-02-14,1.7634178400039673
2013-02-15,5.720151901245117
2013-02-16,0.0
2013-02-17,0.058149415999650955
2013-02-18,0.9806717038154602
2013-02-19,0.7290246486663818
2013-02-20,28.347091674804688
2013-02-21,7.272385597229004
2013-02-22,17.158580780029297
2013-02-23,39.49775314331055
2013-02-24,0.0
2013-02-25,1.2834792137145996
2013-02-26,45.10062026977539
2013-02-27,6.854457855224609
2013-02-28,0.19628837704658508
2013-03-01,0.0
2013-03-02,7.490814685821533
2013-03-03,3.1463375091552734
2013-03-04,0.0
2013-03-05,2.2793898582458496
2013-03-06,0.0
2013-03-07,7.885713577270508
2013-03-08,0.0
2013-03-09,0.9647194743156433
2013-03-10,0.0
2013-03-11,0.0
2013-03-12,0.0
2013-03-13,0.0
2013-03-14,6.060388565063477
2013-03-15,72.79822540283203
2013-03-16,0.0
2013-03-17,0.0
2013-03-18,0.0
2013-03-19,0.0
2013-03-20,0.0
2013-03-21,0.0
2013-03-22,0.30884337425231934
2013-03-23,0.0
2013-03-24,4.203493118286133
2013-03-25,11.0715970993042
2013-03-26,23.828527450561523
2013-03-27,2.2180142402648926
2013-03-28,0.0
2013-03-29,0.0
2013-03-30,0.0
2013-03-31,0.0
2013-04-01,0.0
2013-04-02,0.0
2013-04-03,0.0
2013-04-04,4.978290557861328
2013-04-05,0.0
2013-04-06,0.0
2013-04-07,3.610635995864868
2013-04-08,0.0
2013-04-09,40.51544189453125
2013-04-10,0.28576892614364624
2013-04-11,11.292818069458008
2013-04-12,1.9645075798034668
2013-04-13,66.40248107910156
2013-04-14,4.627934455871582
2013-04-15,0.0
2013-04-16,0.0
2013-04-17,0.0
2013-04-18,0.0
2013-04-19,0.0
2013-04-20,0.0
2013-04-21,0.0
2013-04-22,0.0
2013-04-23,0.0
2013-04-24,0.0
2013-04-25,0.0
2013-04-26,0.11476736515760422
2013-04-27,0.11476736515760422
2013-04-28,0.11476736515760422
2013-04-29,0.11476736515760422
2013-04-30,0.11476736515760422
2013-05-01,3.6447043418884277
2013-05-02,1.6896029710769653
2013-05-03,0.0
2013-05-04,4.7494730949401855
2013-05-05,6.3132100105285645
2013-05-06,11.986089706420898
2013-05-07,0.0
2013-05-08,0.0
2013-05-09,0.0
2013-05-10,0.0
2013-05-11,0.0
2013-05-12,6.407575607299805
2013-05-13,0.0
2013-05-14,0.15417368710041046
2013-05-15,0.534045398235321
2013-05-16,9.83980941772461
2013-05-17,0.021212445572018623
2013-05-18,0.0
2013-05-19,0.0
2013-05-20,0.0
2013-05-21,0.0
2013-05-22,0.0
2013-05-23,0.0
2013-05-24,2.1767690181732178
2013-05-25,0.8763615489006042
2013-05-26,0.0
2013-05-27,0.0
2013-05-28,0.0
2013-05-29,0.0
2013-05-30,5.149899959564209
2013-05-31,15.353520393371582
2013-06-01,2.456770420074463
2013-06-02,8.13133716583252
2013-06-03,50.06077575683594
2013-06-04,0.0
2013-06-05,0.0
2013-06-06,0.8346074223518372
2013-06-07,0.46406254172325134
2013-06-08,0.34643101692199707
2013-06-09,1.3480051755905151
2013-06-10,0.0
2013-06-11,0.0
2013-06-12,35.57700729370117
2013-06-13,0.0019122282974421978
2013-06-14,0.0
2013-06-15,0.0
2013-06-16,0.0
2013-06-17,1.3573637008666992
2013-06-18,2.888192653656006
2013-06-19,7.326931953430176
2013-06-20,1.2647819519042969
2013-06-21,0.0
2013-06-22,6.434750080108643
2013-06-23,0.0
2013-06-24,42.171546936035156
2013-06-25,20.089773178100586
2013-06-26,37.96126937866211
2013-06-27,0.0
2013-06-28,0.0
2013-06-29,0.0
2013-06-30,1.234021544456482
2013-07-01,0.0
2013-07-02,0.020552970468997955
2013-07-03,0.0
2013-07-04,0.060153525322675705
2013-07-05,5.597785949707031
2013-07-06,1.9530521631240845
2013-07-07,0.0
2013-07-08,0.0
2013-07-09,0.0
2013-07-10,0.0
2013-07-11,0.0
2013-07-12,0.0
2013-07-13,0.0
2013-07-14,0.0
2013-07-15,0.0
2013-07-16,0.1353963166475296
2013-07-17,0.1353963166475296
2013-07-18,0.1353963166475296
2013-07-19,0.1353963166475296
2013-07-20,0.1353963166475296
2013-07-21,2.7446088790893555
2013-07-22,0.0
2013-07-23,3.7468881607055664
2013-07-24,0.0
2013-07-25,0.0
2013-07-26,0.02277301624417305
2013-07-27,0.02277301624417305
2013-07-28,0.02277301624417305
2013-07-29,0.02277301624417305
2013-07-30,0.02277301624417305
2013-07-31,0.02277301624417305
2013-08-01,0.0
2013-08-02,0.0
2013-08-03,0.0
2013-08-04,3.6918184757232666
2013-08-05,0.06460682302713394
2013-08-06,0.10984540730714798
2013-08-07,0.08715835958719254
2013-08-08,0.40128371119499207
2013-08-09,31.653268814086914
2013-08-10,6.421001434326172
2013-08-11,0.0
2013-08-12,0.0
2013-08-13,0.0
2013-08-14,0.0
2013-08-15,0.0
2013-08-16,0.0
2013-08-17,0.0
2013-08-18,0.0
2013-08-19,0.0
2013-08-20,0.0
2013-08-21,0.0
2013-08-22,0.0
2013-08-23,33.70477294921875
2013-08-24,10.549570083618164
2013-08-25,0.8987131118774414
2013-08-26,1.4068775177001953
2013-08-27,0.16444021463394165
2013-08-28,0.0
2013-08-29,0.0
2013-08-30,0.0
2013-08-31,0.0
2013-09-01,0.19485586881637573
2013-09-02,0.19485586881637573
2013-09-03,0.19485586881637573
2013-09-04,1.1691352128982544
2013-09-05,0.19485586881637573
2013-09-06,0.0
2013-09-07,0.0
2013-09-08,0.0
2013-09-09,19.699975967407227
2013-09-10,0.0
2013-09-11,0.0
2013-09-12,0.0
2013-09-13,0.0
2013-09-14,39.577392578125
2013-09-15,0.0
2013-09-16,0.20247438549995422
2013-09-17,0.20247438549995422
2013-09-18,0.20247438549995422
2013-09-19,1.2148463726043701
2013-09-20,0.20247438549995422
2013-09-21,0.0
2013-09-22,0.0
2013-09-23,0.0
2013-09-24,0.0
2013-09-25,0.0
2013-09-26,0.0
2013-09-27,0.0
2013-09-28,0.0
2013-09-29,0.0
2013-09-30,17.594480514526367
2013-10-01,19.060039520263672
2013-10-02,10.893505096435547
2013-10-03,0.0
2013-10-04,0.31855618953704834
2013-10-05,5.706009387969971
2013-10-06,0.0
2013-10-07,0.0
2013-10-08,0.0
2013-10-09,0.0
2013-10-10,19.248586654663086
2013-10-11,26.32506561279297
2013-10-12,0.0
2013-10-13,5.542530536651611
2013-10-14,9.070637702941895
2013-10-15,16.559349060058594
2013-10-16,1.7241847515106201
2013-10-17,0.1569099873304367
2013-10-18,19.28295135498047
2013-10-19,0.4131242334842682
2013-10-20,0.0
2013-10-21,0.2957060635089874
2013-10-22,15.9458646774292
2013-10-23,0.7063263654708862
2013-10-24,4.001565933227539
2013-10-25,0.01122966781258583
2013-10-26,0.007705169729888439
2013-10-27,38.78603744506836
2013-10-28,6.45308780670166
2013-10-29,1.19511079788208
2013-10-30,0.5258380770683289
2013-10-31,4.0250396728515625
2013-11-01,19.722448348999023
2013-11-02,7.022977828979492
2013-11-03,21.332109451293945
2013-11-04,0.059739451855421066
2013-11-05,0.0
2013-11-06,0.0
2013-11-07,0.0
2013-11-08,0.0
2013-11-09,0.0
2013-11-10,0.0
2013-11-11,0.3976663649082184
2013-11-12,79.91961669921875
2013-11-13,1.0796775817871094
2013-11-14,0.4037850499153137
2013-11-15,0.01332259550690651
2013-11-16,6.671337127685547
2013-11-17,1.4403793811798096
2013-11-18,0.0
2013-11-19,0.0
2013-11-20,19.02430534362793
2013-11-21,44.88734817504883
2013-11-22,16.72700309753418
2013-11-23,1.3538920879364014
2013-11-24,0.13416199386119843
2013-11-25,0.11531725525856018
2013-11-26,35.553321838378906
2013-11-27,0.0
2013-11-28,0.0
2013-11-29,0.0
2013-11-30,6.300067901611328
2013-12-01,4.568243026733398
2013-12-02,1.4221999645233154
2013-12-03,0.18872952461242676
2013-12-04,0.23323950171470642
2013-12-05,0.0
2013-12-06,0.0
2013-12-07,0.0
2013-12-08,5.342503547668457
2013-12-09,0.36516115069389343
2013-12-10,6.954544544219971
2013-12-11,43.717933654785156
2013-12-12,3.984194278717041
2013-12-13,5.483401775360107
2013-12-14,5.443257808685303
2013-12-15,1.447790503501892
2013-12-16,0.1473032683134079
2013-12-17,43.90974044799805
2013-12-18,2.653496503829956
2013-12-19,37.39822769165039
2013-12-20,5.276031017303467
2013-12-21,3.675544261932373
2013-12-22,1.2464247941970825
2013-12-23,5.929920673370361
2013-12-24,27.219587326049805
2013-12-25,8.66855525970459
2013-12-26,2.5700578689575195
2013-12-27,2.3301122188568115
2013-12-28,0.01441941224038601
2013-12-29,0.9661005139350891
2013-12-30,3.4122164249420166
2013-12-31,18.161653518676758
2014-01-01,80.95238494873047
2014-01-02,0.4592730402946472
2014-01-03,0.6821747422218323
2014-01-04,11.555851936340332
2014-01-05,3.455209255218506
2014-01-06,0.3026725649833679
2014-01-07,3.689765214920044
2014-01-08,0.1607634723186493
2014-01-09,49.32400131225586
2014-01-10,2.402526617050171
2014-01-11,0.5122359991073608
2014-01-12,38.88478469848633
2014-01-13,4.216388702392578
2014-01-14,6.475617408752441
2014-01-15,6.278735160827637
2014-01-16,16.101125717163086
2014-01-17,8.951147079467773
2014-01-18,0.13079074025154114
2014-01-19,1.5835565328598022
2014-01-20,3.0147104263305664
2014-01-21,0.028736408799886703
2014-01-22,5.32413911819458
2014-01-23,16.02479362487793
2014-01-24,1.194766640663147
2014-01-25,145.85012817382812
2014-01-26,40.79039764404297
2014-01-27,2.528289318084717
2014-01-28,5.359911918640137
2014-01-29,95.1537094116211
2014-01-30,61.54303741455078
2014-01-31,5.138203144073486
2014-02-01,9.504555702209473
2014-02-02,7.3263654708862305
2014-02-03,40.82521057128906
2014-02-04,51.48588562011719
2014-02-05,17.503684997558594
2014-02-06,12.412203788757324
2014-02-07,70.78852844238281
2014-02-08,39.85157775878906
2014-02-09,10.385566711425781
2014-02-10,19.948108673095703
2014-02-11,63.08332824707031
2014-02-12,17.278907775878906
2014-02-13,8.044236183166504
2014-02-14,46.39324951171875
2014-02-15,12.039911270141602
2014-02-16,2.75276517868042
2014-02-17,1.0520750284194946
2014-02-18,1.7004170417785645
2014-02-19,0.4359075129032135
2014-02-20,49.2136344909668
2014-02-21,21.316076278686523
2014-02-22,0.0
2014-02-23,3.8006961345672607
2014-02-24,0.7772627472877502
2014-02-25,2.8581390380859375
2014-02-26,0.012808728963136673
2014-02-27,19.421525955200195
2014-02-28,0.0
2014-03-01,0.7489098906517029
2014-03-02,0.06853897869586945
2014-03-03,36.16212844848633
2014-03-04,0.0
2014-03-05,0.6601453423500061
2014-03-06,0.3606160879135132
2014-03-07,0.19519905745983124
2014-03-08,19.223573684692383
2014-03-09,0.0
2014-03-10,0.0
2014-03-11,0.14552845060825348
2014-03-12,9.227042198181152
2014-03-13,0.4293668568134308
2014-03-14,2.3801138401031494
2014-03-15,13.092045783996582
2014-03-16,9.787055969238281
2014-03-17,2.8862547874450684
2014-03-18,26.003507614135742
2014-03-19,2.4210104942321777
2014-03-20,2.4841105937957764
2014-03-21,0.0
2014-03-22,8.8217191696167
2014-03-23,2.1166582107543945
2014-03-24,0.030436411499977112
2014-03-25,0.0
2014-03-26,17.59722900390625
2014-03-27,0.8409494757652283
2014-03-28,60.801719665527344
2014-03-29,21.19193458557129
2014-03-30,4.266735553741455
2014-03-31,1.4299532175064087
2014-04-01,13.294180870056152
2014-04-02,1.9169633388519287
2014-04-03,0.6953794956207275
2014-04-04,8.605860710144043
2014-04-05,0.30492889881134033
2014-04-06,0.0
2014-04-07,0.0
2014-04-08,0.0
2014-04-09,0.0
2014-04-10,0.0
2014-04-11,0.12787707149982452
2014-04-12,0.3151063621044159
2014-04-13,42.80277633666992
2014-04-14,1.219607949256897
2014-04-15,0.7738863825798035
2014-04-16,0.0
2014-04-17,0.0
2014-04-18,0.0
2014-04-19,2.1869161128997803
2014-04-20,16.51502799987793
2014-04-21,6.430870532989502
2014-04-22,2.4574055671691895
2014-04-23,0.12537015974521637
2014-04-24,0.3734227418899536
2014-04-25,2.648466110229492
2014-04-26,0.0
2014-04-27,0.011789840646088123
2014-04-28,0.7197298407554626
2014-04-29,0.5855621099472046
2014-04-30,1.4679404497146606
2014-05-01,0.16506054997444153
2014-05-02,48.046329498291016
2014-05-03,22.461566925048828
2014-05-04,0.0
2014-05-05,1.0354493856430054
2014-05-06,3.6226437091827393
2014-05-07,0.0
2014-05-08,0.0
2014-05-09,0.0
2014-05-10,0.0
2014-05-11,0.0
2014-05-12,1.0187550783157349
2014-05-13,1.2251530885696411
2014-05-14,0.6269340515136719
2014-05-15,0.0
2014-05-16,0.0
2014-05-17,0.0
2014-05-18,27.804950714111328
2014-05-19,0.6802434921264648
2014-05-20,0.0
2014-05-21,0.0
2014-05-22,0.2998987138271332
2014-05-23,64.66193389892578
2014-05-24,4.678506374359131
2014-05-25,0.0
2014-05-26,0.13684779405593872
2014-05-27,0.13684779405593872
2014-05-28,0.13684779405593872
2014-05-29,0.13684779405593872
2014-05-30,0.13684779405593872
2014-05-31,0.13684779405593872
2014-06-01,0.0
2014-06-02,0.0
2014-06-03,0.0
2014-06-04,0.0
2014-06-05,0.0
2014-06-06,0.0
2014-06-07,0.0
2014-06-08,0.0
2014-06-09,58.032928466796875
2014-06-10,1.8041850328445435
2014-06-11,0.0
2014-06-12,0.0
2014-06-13,0.0
2014-06-14,5.906817436218262
2014-06-15,0.0
2014-06-16,0.23245060443878174
2014-06-17,0.23245060443878174
2014-06-18,0.23245060443878174
2014-06-19,0.23245060443878174
2014-06-20,0.23245060443878174
2014-06-21,0.004799413960427046
2014-06-22,0.09992074221372604
2014-06-23,0.0
2014-06-24,0.0
2014-06-25,1.619869351387024
2014-06-26,4.554439067840576
2014-06-27,27.018396377563477
2014-06-28,0.19130118191242218
2014-06-29,0.0
2014-06-30,0.0
2014-07-01,0.22074389457702637
2014-07-02,0.22074389457702637
2014-07-03,0.22074389457702637
2014-07-04,0.22074389457702637
2014-07-05,1.3244633674621582
2014-07-06,10.458439826965332
2014-07-07,0.0
2014-07-08,0.3631756603717804
2014-07-09,0.0
2014-07-10,0.0
2014-07-11,0.0
2014-07-12,0.0
2014-07-13,0.0
2014-07-14,0.0
2014-07-15,0.0
2014-07-16,0.0
2014-07-17,0.05858422443270683
2014-07-18,7.389509677886963
2014-07-19,4.595656394958496
2014-07-20,0.6449033617973328
2014-07-21,0.13068616390228271
2014-07-22,0.0
2014-07-23,0.0
2014-07-24,1.7347846031188965
2014-07-25,5.382073879241943
2014-07-26,0.040223103016614914
2014-07-27,0.7008039355278015
2014-07-28,0.0
2014-07-29,0.0
2014-07-30,0.0
2014-07-31,0.0
2014-08-01,0.0
2014-08-02,0.0
2014-08-03,0.0
2014-08-04,0.0
2014-08-05,0.0
2014-08-06,0.0
2014-08-07,2.727670192718506
2014-08-08,26.44879722595215
2014-08-09,0.0
2014-08-10,0.0
2014-08-11,2.0142853260040283
2014-08-12,2.747637987136841
2014-08-13,10.029121398925781
2014-08-14,0.07353265583515167
2014-08-15,3.3715198040008545
2014-08-16,0.0
2014-08-17,0.0
2014-08-18,0.0
2014-08-19,0.0
2014-08-20,0.0
2014-08-21,0.24541185796260834
2014-08-22,0.24541185796260834
2014-08-23,0.24541185796260834
2014-08-24,0.24541185796260834
2014-08-25,0.24541185796260834
2014-08-26,0.46477413177490234
2014-08-27,3.742337226867676
2014-08-28,0.0
2014-08-29,0.0
2014-08-30,0.0
2014-08-31,0.0
2014-09-01,0.0
2014-09-02,0.0
2014-09-03,0.0
2014-09-04,11.021845817565918
2014-09-05,0.0775175392627716
2014-09-06,0.3259095847606659
2014-09-07,0.3259095847606659
2014-09-08,0.3259095847606659
2014-09-09,0.3259095847606659
2014-09-10,0.3259095847606659
2014-09-11,2.72133469581604
2014-09-12,1.2881700992584229
2014-09-13,0.0
2014-09-14,0.01771504059433937
2014-09-15,0.0
2014-09-16,0.0
2014-09-17,0.0
2014-09-18,1.4138847589492798
2014-09-19,5.6182379722595215
2014-09-20,21.797224044799805
2014-09-21,34.60192108154297
2014-09-22,0.0
2014-09-23,0.0
2014-09-24,0.0
2014-09-25,0.7249984741210938
2014-09-26,0.4269421696662903
2014-09-27,17.406381607055664
2014-09-28,2.7503130435943604
2014-09-29,0.0
2014-09-30,0.0
2014-10-01,0.0
2014-10-02,8.882601737976074
2014-10-03,0.0
2014-10-04,1.1943167448043823
2014-10-05,0.0
2014-10-06,0.09028737992048264
2014-10-07,39.004150390625
2014-10-08,0.0
2014-10-09,0.0
2014-10-10,0.0
2014-10-11,0.0
2014-10-12,3.899001359939575
2014-10-13,0.0
2014-10-14,0.0
2014-10-15,0.0
2014-10-16,0.0
2014-10-17,0.0
2014-10-18,0.0
2014-10-19,0.0
2014-10-20,16.516149520874023
2014-10-21,0.16136860847473145
2014-10-22,0.0
2014-10-23,0.08099640160799026
2014-10-24,13.777467727661133
2014-10-25,0.0
2014-10-26,0.0
2014-10-27,0.0
2014-10-28,1.8684626817703247
2014-10-29,38.35258102416992
2014-10-30,0.0
2014-10-31,0.0944266989827156
2014-11-01,0.918794572353363
2014-11-02,5.593136787414551
2014-11-03,0.07172277569770813
2014-11-04,3.2120678424835205
2014-11-05,29.768522262573242
2014-11-06,0.0
2014-11-07,0.0
2014-11-08,0.0
2014-11-09,3.4767396450042725
2014-11-10,31.6816463470459
2014-11-11,0.0
2014-11-12,0.4206349551677704
2014-11-13,45.49344253540039
2014-11-14,0.033604592084884644
2014-11-15,0.6347834467887878
2014-11-16,1.6843844652175903
2014-11-17,0.0
2014-11-18,0.0
2014-11-19,0.0
2014-11-20,8.939163208007812
2014-11-21,0.0
2014-11-22,0.31072020530700684
2014-11-23,30.116069793701172
2014-11-24,0.9009472131729126
2014-11-25,4.510670185089111
2014-11-26,23.362756729125977
2014-11-27,2.4818758964538574
2014-11-28,4.894144058227539
2014-11-29,0.0
2014-11-30,0.0
2014-12-01,3.0864570140838623
2014-12-02,4.938331127166748
2014-12-03,0.0
2014-12-04,0.0
2014-12-05,0.0
2014-12-06,0.0
2014-12-07,0.0
2014-12-08,15.55924129486084
2014-12-09,0.0
2014-12-10,0.0
2014-12-11,0.14354579150676727
2014-12-12,0.7442383170127869
2014-12-13,0.0
2014-12-14,57.50400924682617
2014-12-15,0.7134506106376648
2014-12-16,0.28060856461524963
2014-12-17,1.3456982374191284
2014-12-18,24.234960556030273
2014-12-19,5.782219886779785
2014-12-20,3.3787059783935547
2014-12-21,1.0974727869033813
2014-12-22,0.0
2014-12-23,34.24663543701172
2014-12-24,0.0
2014-12-25,0.0
2014-12-26,8.215193748474121
2014-12-27,1.6731865406036377
2014-12-28,0.6159231066703796
2014-12-29,0.0
2014-12-30,0.0
2014-12-31,4.594488620758057
2015-01-01,2.311474323272705
2015-01-02,4.951387882232666
2015-01-03,39.116085052490234
2015-01-04,13.507173538208008
2015-01-05,0.11426779627799988
2015-01-06,2.3357737064361572
2015-01-07,0.18694207072257996
2015-01-08,17.528640747070312
2015-01-09,4.882927417755127
2015-01-10,3.9794225692749023
2015-01-11,6.867610931396484
2015-01-12,51.62165832519531
2015-01-13,45.38832092285156
2015-01-14,0.5857150554656982
2015-01-15,1.454149842262268
2015-01-16,81.3082046508789
2015-01-17,1.5052642822265625
2015-01-18,7.487802982330322
2015-01-19,1.6896833181381226
2015-01-20,34.35720443725586
2015-01-21,43.58888626098633
2015-01-22,2.8187289237976074
2015-01-23,1.0321216583251953
2015-01-24,2.8356220722198486
2015-01-25,11.340943336486816
2015-01-26,68.2586898803711
2015-01-27,2.1187214851379395
2015-01-28,0.5666443109512329
2015-01-29,3.6354944705963135
2015-01-30,19.788257598876953
2015-01-31,24.411392211914062
2015-02-01,0.0
2015-02-02,0.0
2015-02-03,0.0
2015-02-04,0.0
2015-02-05,0.0
2015-02-06,16.13697052001953
2015-02-07,63.88917922973633
2015-02-08,0.0
2015-02-09,12.658041000366211
2015-02-10,12.50557804107666
2015-02-11,17.85651969909668
2015-02-12,35.55152130126953
2015-02-13,0.0
2015-02-14,1.397630214691162
2015-02-15,5.5398335456848145
2015-02-16,0.0
2015-02-17,69.5555191040039
2015-02-18,0.0
2015-02-19,0.0022050950210541487
2015-02-20,31.629648208618164
2015-02-21,2.5649654865264893
2015-02-22,1.1093273162841797
2015-02-23,27.464799880981445
2015-02-24,17.395544052124023
2015-02-25,0.8946248888969421
2015-02-26,0.0
2015-02-27,1.174972653388977
2015-02-28,31.104352951049805
2015-03-01,0.8363562226295471
2015-03-02,0.36770278215408325
2015-03-03,0.0
2015-03-04,0.6457473635673523
2015-03-05,67.73592376708984
2015-03-06,11.224037170410156
2015-03-07,0.1549064666032791
2015-03-08,5.679528713226318
2015-03-09,0.15462131798267365
2015-03-10,0.22790394723415375
2015-03-11,0.20476709306240082
2015-03-12,4.5337419509887695
2015-03-13,0.0
2015-03-14,0.3476454019546509
2015-03-15,54.88109588623047
2015-03-16,6.338478088378906
2015-03-17,0.367404967546463
2015-03-18,16.645837783813477
2015-03-19,0.4589788317680359
2015-03-20,0.0
2015-03-21,14.610904693603516
2015-03-22,0.0
2015-03-23,0.0
2015-03-24,0.0
2015-03-25,0.0
2015-03-26,0.817158043384552
2015-03-27,74.5699691772461
2015-03-28,0.0
2015-03-29,0.0
2015-03-30,0.13327589631080627
2015-03-31,0.0
2015-04-01,13.634199142456055
2015-04-02,0.0
2015-04-03,0.0
2015-04-04,1.6080061197280884
2015-04-05,0.0
2015-04-06,21.88442611694336
2015-04-07,0.10771944373846054
2015-04-08,0.0
2015-04-09,0.17444172501564026
2015-04-10,7.03973388671875
2015-04-11,0.3865373730659485
2015-04-12,0.2820203900337219
2015-04-13,3.3655645847320557
2015-04-14,1.273917555809021
2015-04-15,19.589113235473633
2015-04-16,6.746609687805176
2015-04-17,29.409923553466797
2015-04-18,0.0
2015-04-19,4.886500358581543
2015-04-20,0.0
2015-04-21,0.0
2015-04-22,23.084354400634766
2015-04-23,14.383005142211914
2015-04-24,0.0
2015-04-25,0.0
2015-04-26,0.0
2015-04-27,1.5480995178222656
2015-04-28,7.431057929992676
2015-04-29,2.806068181991577
2015-04-30,0.0
2015-05-01,0.0
2015-05-02,13.460522651672363
2015-05-03,0.2708333432674408
2015-05-04,42.760562896728516
2015-05-05,0.03642132505774498
2015-05-06,0.0
2015-05-07,13.998819351196289
2015-05-08,0.08919874578714371
2015-05-09,0.0
2015-05-10,0.0
2015-05-11,59.804195404052734
2015-05-12,0.0
2015-05-13,0.0
2015-05-14,6.138935089111328
2015-05-15,2.326434373855591
2015-05-16,34.77926254272461
2015-05-17,7.222901821136475
2015-05-18,0.25391215085983276
2015-05-19,0.0
2015-05-20,0.0
2015-05-21,0.0
2015-05-22,4.558520793914795
2015-05-23,0.0
2015-05-24,0.0
2015-05-25,4.8916802406311035
2015-05-26,0.0
2015-05-27,0.7220200896263123
2015-05-28,56.6131706237793
2015-05-29,0.0
2015-05-30,0.0
2015-05-31,16.883501052856445
2015-06-01,37.44183349609375
2015-06-02,0.10982805490493774
2015-06-03,0.0
2015-06-04,0.0
2015-06-05,0.0
2015-06-06,0.0
2015-06-07,0.0
2015-06-08,0.0
2015-06-09,0.0
2015-06-10,3.571687698364258
2015-06-11,0.0
2015-06-12,2.2222421169281006
2015-06-13,0.0
2015-06-14,0.13598807156085968
2015-06-15,74.11652374267578
2015-06-16,3.6979925632476807
2015-06-17,1.8426203727722168
2015-06-18,1.5429553985595703
2015-06-19,3.5896031856536865
2015-06-20,1.1859079599380493
2015-06-21,0.27105167508125305
2015-06-22,0.27105167508125305
2015-06-23,0.27105167508125305
2015-06-24,0.27105167508125305
2015-06-25,0.27105167508125305
2015-06-26,0.6282574534416199
2015-06-27,0.6282574534416199
2015-06-28,0.6282574534416199
2015-06-29,0.6282574534416199
2015-06-30,0.6282574534416199
2015-07-01,26.968595504760742
2015-07-02,0.0
2015-07-03,0.10469409823417664
2015-07-04,65.43738555908203
2015-07-05,11.009754180908203
2015-07-06,33.584693908691406
2015-07-07,0.0
2015-07-08,0.0
2015-07-09,0.0
2015-07-10,0.0
2015-07-11,0.0
2015-07-12,0.7265435457229614
2015-07-13,0.0
2015-07-14,1.0292701721191406
2015-07-15,1.755813717842102
2015-07-16,0.3883238136768341
2015-07-17,0.3883238136768341
2015-07-18,0.3883238136768341
2015-07-19,0.3883238136768341
2015-07-20,0.3883238136768341
2015-07-21,0.33036521077156067
2015-07-22,0.33036521077156067
2015-07-23,0.33036521077156067
2015-07-24,0.33036521077156067
2015-07-25,0.33036521077156067
2015-07-26,0.0348239466547966
2015-07-27,0.0348239466547966
2015-07-28,0.0348239466547966
2015-07-29,0.0348239466547966
2015-07-30,0.0348239466547966
2015-07-31,0.0348239466547966
2015-08-01,0.0
2015-08-02,0.0
2015-08-03,0.0
2015-08-04,0.0
2015-08-05,0.0
2015-08-06,0.0
2015-08-07,0.0
2015-08-08,0.0
2015-08-09,13.737565040588379
2015-08-10,5.246368885040283
2015-08-11,1.721221923828125
2015-08-12,0.0
2015-08-13,2.7106058597564697
2015-08-14,0.6959264874458313
2015-08-15,0.0
2015-08-16,1.6254563331604004
2015-08-17,15.4878511428833
2015-08-18,2.517202854156494
2015-08-19,0.0
2015-08-20,0.0
2015-08-21,0.0
2015-08-22,0.0
2015-08-23,0.0
2015-08-24,1.2587202787399292
2015-08-25,0.0
2015-08-26,0.0
2015-08-27,5.152433395385742
2015-08-28,0.0
2015-08-29,0.0
2015-08-30,0.0
2015-08-31,0.0
2015-09-01,0.0
2015-09-02,0.0
2015-09-03,1.8867712020874023
2015-09-04,0.0
2015-09-05,1.333752155303955
2015-09-06,0.0
2015-09-07,0.0
2015-09-08,0.45168158411979675
2015-09-09,0.19013074040412903
2015-09-10,1.4160733222961426
2015-09-11,4.610159397125244
2015-09-12,16.906997680664062
2015-09-13,0.0
2015-09-14,0.0
2015-09-15,0.0
2015-09-16,0.0
2015-09-17,0.0
2015-09-18,0.0
2015-09-19,14.39146614074707
2015-09-20,0.0
2015-09-21,0.0
2015-09-22,0.0
2015-09-23,0.0
2015-09-24,0.0
2015-09-25,0.0
2015-09-26,27.47858238220215
2015-09-27,1.254369854927063
2015-09-28,0.0
2015-09-29,0.0
2015-09-30,0.0
2015-10-01,13.979589462280273
2015-10-02,0.33125653862953186
2015-10-03,4.536550998687744
2015-10-04,0.04078537970781326
2015-10-05,0.0
2015-10-06,0.0
2015-10-07,1.180834412574768
2015-10-08,9.168986320495605
2015-10-09,0.0
2015-10-10,5.132230758666992
2015-10-11,0.0
2015-10-12,0.0
2015-10-13,0.0
2015-10-14,0.0
2015-10-15,0.0
2015-10-16,3.004310131072998
2015-10-17,6.000779151916504
2015-10-18,3.769618511199951
2015-10-19,0.0
2015-10-20,0.0
2015-10-21,0.0
2015-10-22,0.14100061357021332
2015-10-23,0.0
2015-10-24,14.657790184020996
2015-10-25,0.0
2015-10-26,0.03648058697581291
2015-10-27,0.0
2015-10-28,36.24274826049805
2015-10-29,8.673677444458008
2015-10-30,0.02284407801926136
2015-10-31,2.0465009212493896
2015-11-01,14.887866973876953
2015-11-02,35.113494873046875
2015-11-03,31.63213539123535
2015-11-04,0.8972460031509399
2015-11-05,50.6187629699707
2015-11-06,0.0
2015-11-07,0.0
2015-11-08,0.0
2015-11-09,0.0
2015-11-10,0.0
2015-11-11,13.114763259887695
2015-11-12,0.49454161524772644
2015-11-13,0.0
2015-11-14,0.0
2015-11-15,12.446239471435547
2015-11-16,0.0
2015-11-17,0.1510847806930542
2015-11-18,0.0
2015-11-19,0.0
2015-11-20,7.747591495513916
2015-11-21,4.303088665008545
2015-11-22,0.717181384563446
2015-11-23,0.717181384563446
2015-11-24,0.717181384563446
2015-11-25,0.717181384563446
2015-11-26,0.0
2015-11-27,6.735535621643066
2015-11-28,0.0
2015-11-29,38.249290466308594
2015-11-30,21.429527282714844
2015-12-01,0.0
2015-12-02,0.0
2015-12-03,0.0
2015-12-04,0.0
2015-12-05,0.0
2015-12-06,39.0953483581543
2015-12-07,3.259810209274292
2015-12-08,1.243430256843567
2015-12-09,0.0
2015-12-10,2.264861822128296
2015-12-11,0.0
2015-12-12,9.193411827087402
2015-12-13,2.429048538208008
2015-12-14,0.5442789196968079
2015-12-15,0.0
2015-12-16,33.022342681884766
2015-12-17,0.009711073711514473
2015-12-18,0.0
2015-12-19,0.02087775617837906
2015-12-20,11.259298324584961
2015-12-21,0.6278563141822815
2015-12-22,0.0
2015-12-23,6.445035934448242
2015-12-24,4.6274213790893555
2015-12-25,26.272964477539062
2015-12-26,21.0012149810791
2015-12-27,8.483816146850586
2015-12-28,0.45486611127853394
2015-12-29,0.0
2015-12-30,0.0
2015-12-31,0.006025835406035185
2016-01-01,5.373733997344971
2016-01-02,1.6327545642852783
2016-01-03,2.522294759750366
2016-01-04,0.15778480470180511
2016-01-05,0.016955731436610222
2016-01-06,0.0
2016-01-07,34.707237243652344
2016-01-08,0.2669912874698639
2016-01-09,0.0
2016-01-10,8.87757682800293
2016-01-11,2.1256370544433594
2016-01-12,0.08715218305587769
2016-01-13,2.678802251815796
2016-01-14,55.389366149902344
2016-01-15,0.1864333599805832
2016-01-16,0.07549002766609192
2016-01-17,0.0
2016-01-18,14.057159423828125
2016-01-19,0.0
2016-01-20,0.0
2016-01-21,0.0
2016-01-22,0.0
2016-01-23,0.0
2016-01-24,0.0
2016-01-25,0.3476254642009735
2016-01-26,0.09686501324176788
2016-01-27,0.3274959623813629
2016-01-28,0.0
2016-01-29,0.0
2016-01-30,2.539790391921997
2016-01-31,43.29119110107422
2016-02-01,0.7908623814582825
2016-02-02,19.466087341308594
2016-02-03,0.0
2016-02-04,9.6880521774292
2016-02-05,16.012908935546875
2016-02-06,5.356748104095459
2016-02-07,7.9798479080200195
2016-02-08,0.20596657693386078
2016-02-09,0.10517442226409912
2016-02-10,50.59629821777344
2016-02-11,3.395212173461914
2016-02-12,0.0
2016-02-13,0.0
2016-02-14,0.0
2016-02-15,0.0
2016-02-16,5.945201396942139
2016-02-17,1.371589183807373
2016-02-18,3.987253427505493
2016-02-19,0.04056888073682785
2016-02-20,23.79962921142578
2016-02-21,18.86687660217285
2016-02-22,22.11386489868164
2016-02-23,6.191125869750977
2016-02-24,0.9744406938552856
2016-02-25,0.11170836538076401
2016-02-26,5.602906227111816
2016-02-27,146.14895629882812
2016-02-28,19.59937858581543
2016-02-29,23.91872787475586
2016-03-01,3.1331191062927246
2016-03-02,21.439775466918945
2016-03-03,0.7368689775466919
2016-03-04,0.432211309671402
2016-03-05,6.878603458404541
2016-03-06,0.09373575448989868
2016-03-07,0.07004429399967194
2016-03-08,0.37845996022224426
2016-03-09,0.0
2016-03-10,67.6335220336914
2016-03-11,1.645322322845459
2016-03-12,0.748953640460968
2016-03-13,0.44174864888191223
2016-03-14,0.0
2016-03-15,0.0
2016-03-16,0.0
2016-03-17,0.0
2016-03-18,0.0
2016-03-19,21.608301162719727
2016-03-20,2.534698009490967
2016-03-21,0.0
2016-03-22,9.654642105102539
2016-03-23,10.614585876464844
2016-03-24,0.6833440661430359
2016-03-25,86.62351989746094
2016-03-26,0.0
2016-03-27,1.3873281478881836
2016-03-28,8.093606948852539
2016-03-29,3.767148017883301
2016-03-30,0.5775731205940247
2016-03-31,0.0
2016-04-01,0.0
2016-04-02,1.0172877311706543
2016-04-03,0.0
2016-04-04,0.2466505467891693
2016-04-05,10.427298545837402
2016-04-06,0.0
2016-04-07,0.0
2016-04-08,2.667921304702759
2016-04-09,0.0
2016-04-10,25.911405563354492
2016-04-11,25.759252548217773
2016-04-12,0.85345458984375
2016-04-13,0.0
2016-04-14,0.17398063838481903
2016-04-15,6.015618801116943
2016-04-16,0.0
2016-04-17,0.0
2016-04-18,0.008289511315524578
2016-04-19,0.0
2016-04-20,9.665570259094238
2016-04-21,9.45188045501709
2016-04-22,21.44615936279297
2016-04-23,0.06344231218099594
2016-04-24,0.0
2016-04-25,3.0295023918151855
2016-04-26,99.58683013916016
2016-04-27,0.0
2016-04-28,0.5775126814842224
2016-04-29,0.0
2016-04-30,0.0
2016-05-01,0.12657351791858673
2016-05-02,0.12657351791858673
2016-05-03,0.12657351791858673
2016-05-04,0.12657351791858673
2016-05-05,0.12657351791858673
2016-05-06,0.0
2016-05-07,0.0
2016-05-08,1.3063663244247437
2016-05-09,0.0
2016-05-10,11.086136817932129
2016-05-11,28.539960861206055
2016-05-12,0.0
2016-05-13,0.0
2016-05-14,0.0
2016-05-15,0.015820998698472977
2016-05-16,4.355084419250488
2016-05-17,0.7365976572036743
2016-05-18,0.7155991792678833
2016-05-19,0.0
2016-05-20,0.0
2016-05-21,0.29181694984436035
2016-05-22,0.29181694984436035
2016-05-23,0.29181694984436035
2016-05-24,0.29181694984436035
2016-05-25,0.29181694984436035
2016-05-26,0.0
2016-05-27,13.470380783081055
2016-05-28,0.0
2016-05-29,0.0
2016-05-30,0.0
2016-05-31,0.0
2016-06-01,1.469044804573059
2016-06-02,0.0
2016-06-03,25.785213470458984
2016-06-04,0.0
2016-06-05,0.011758387088775635
2016-06-06,0.0
2016-06-07,31.8842830657959
2016-06-08,0.0
2016-06-09,0.0
2016-06-10,0.0
2016-06-11,0.2898058295249939
2016-06-12,0.2898058295249939
2016-06-13,0.2898058295249939
2016-06-14,0.2898058295249939
2016-06-15,0.2898058295249939
2016-06-16,0.1752118617296219
2016-06-17,0.1752118617296219
2016-06-18,0.1752118617296219
2016-06-19,0.1752118617296219
2016-06-20,0.1752118617296219
2016-06-21,0.15528635680675507
2016-06-22,0.15528635680675507
2016-06-23,0.15528635680675507
2016-06-24,0.15528635680675507
2016-06-25,0.15528635680675507
2016-06-26,0.0
2016-06-27,0.0
2016-06-28,11.005228996276855
2016-06-29,0.0
2016-06-30,0.0
2016-07-01,0.0
2016-07-02,0.0
2016-07-03,0.0
2016-07-04,2.1941516399383545
2016-07-05,0.0
2016-07-06,3.8119614124298096
2016-07-07,1.7131725549697876
2016-07-08,0.0
2016-07-09,0.0
2016-07-10,0.0
2016-07-11,0.0
2016-07-12,0.0
2016-07-13,0.0
2016-07-14,0.0
2016-07-15,0.0
2016-07-16,12.293079376220703
2016-07-17,6.496963024139404
2016-07-18,0.0
2016-07-19,0.0
2016-07-20,0.0
2016-07-21,0.3556372821331024
2016-07-22,0.3556372821331024
2016-07-23,0.3556372821331024
2016-07-24,0.3556372821331024
2016-07-25,0.3556372821331024
2016-07-26,0.03383641317486763
2016-07-27,0.03383641317486763
2016-07-28,0.03383641317486763
2016-07-29,0.03383641317486763
2016-07-30,0.03383641317486763
2016-07-31,0.03383641317486763
2016-08-01,0.0
2016-08-02,0.0
2016-08-03,0.0
2016-08-04,0.0
2016-08-05,0.0
2016-08-06,0.0
2016-08-07,0.0
2016-08-08,6.98845911026001
2016-08-09,22.932092666625977
2016-08-10,0.15892207622528076
2016-08-11,0.0
2016-08-12,0.0
2016-08-13,0.0
2016-08-14,0.0
2016-08-15,0.0
2016-08-16,0.0
2016-08-17,0.0
2016-08-18,0.0
2016-08-19,0.0
2016-08-20,4.588656425476074
2016-08-21,4.296319007873535
2016-08-22,0.0
2016-08-23,0.0
2016-08-24,0.0
2016-08-25,2.435730218887329
2016-08-26,0.7594468593597412
2016-08-27,0.7594468593597412
2016-08-28,0.7594468593597412
2016-08-29,0.7594468593597412
2016-08-30,0.7594468593597412
2016-08-31,0.7594468593597412
2016-09-01,0.0
2016-09-02,0.4647507965564728
2016-09-03,30.5930233001709
2016-09-04,3.3843066692352295
2016-09-05,0.0
2016-09-06,0.3019978106021881
2016-09-07,0.3019978106021881
2016-09-08,0.3019978106021881
2016-09-09,0.3019978106021881
2016-09-10,0.3019978106021881
2016-09-11,0.19005154073238373
2016-09-12,0.19005154073238373
2016-09-13,0.19005154073238373
2016-09-14,0.19005154073238373
2016-09-15,0.19005154073238373
2016-09-16,2.6110568046569824
2016-09-17,0.0
2016-09-18,0.0486876405775547
2016-09-19,44.662227630615234
2016-09-20,0.7585014700889587
2016-09-21,0.0
2016-09-22,0.0
2016-09-23,9.913961410522461
2016-09-24,19.242416381835938
2016-09-25,0.0
2016-09-26,0.009119945578277111
2016-09-27,0.009119945578277111
2016-09-28,0.009119945578277111
2016-09-29,0.009119945578277111
2016-09-30,0.009119945578277111
2016-10-01,20.1164493560791
2016-10-02,0.05813610553741455
2016-10-03,0.0
2016-10-04,2.069183349609375
2016-10-05,0.0
2016-10-06,67.11175537109375
2016-10-07,0.0
2016-10-08,0.26797932386398315
2016-10-09,19.27322769165039
2016-10-10,0.7951960563659668
2016-10-11,3.8813252449035645
2016-10-12,1.754992961883545
2016-10-13,0.0
2016-10-14,0.25023847818374634
2016-10-15,0.0
2016-10-16,3.2147741317749023
2016-10-17,6.077433109283447
2016-10-18,3.104494094848633
2016-10-19,1.0496063232421875
2016-10-20,0.0
2016-10-21,8.352784156799316
2016-10-22,0.0
2016-10-23,0.0
2016-10-24,0.07884188741445541
2016-10-25,0.10104499012231827
2016-10-26,37.85100555419922
2016-10-27,0.0
2016-10-28,0.0
2016-10-29,0.0
2016-10-30,0.0
2016-10-31,0.0
2016-11-01,0.0
2016-11-02,5.530725479125977
2016-11-03,0.0
2016-11-04,0.0
2016-11-05,0.0
2016-11-06,0.0
2016-11-07,0.0
2016-11-08,0.004158147145062685
2016-11-09,22.27657699584961
2016-11-10,0.0
2016-11-11,0.007422454189509153
2016-11-12,44.885555267333984
2016-11-13,0.0
2016-11-14,0.0
2016-11-15,8.463324546813965
2016-11-16,0.0
2016-11-17,20.83173179626465
2016-11-18,1.0655615329742432
2016-11-19,0.0
2016-11-20,0.0
2016-11-21,0.0
2016-11-22,10.188417434692383
2016-11-23,0.0
2016-11-24,0.0
2016-11-25,20.073209762573242
2016-11-26,0.19199582934379578
2016-11-27,0.0
2016-11-28,1.186566710472107
2016-11-29,0.05139702558517456
2016-11-30,3.797478675842285
2016-12-01,7.467574596405029
2016-12-02,3.0831539630889893
2016-12-03,0.07280837744474411
2016-12-04,0.38569527864456177
2016-12-05,0.0
2016-12-06,0.5430383086204529
2016-12-07,0.0
2016-12-08,0.0
2016-12-09,0.0
2016-12-10,10.280373573303223
2016-12-11,0.2069651186466217
2016-12-12,14.094830513000488
2016-12-13,0.0
2016-12-14,8.054462432861328
2016-12-15,0.056051529943943024
2016-12-16,0.0
2016-12-17,0.0
2016-12-18,0.0
2016-12-19,0.0
2016-12-20,28.893266677856445
2016-12-21,0.0
2016-12-22,0.0
2016-12-23,42.056400299072266
2016-12-24,0.10333102941513062
2016-12-25,0.0
2016-12-26,5.753686904907227
2016-12-27,1.8240526914596558
2016-12-28,67.0533676147461
2016-12-29,5.627844333648682
2016-12-30,0.1631157249212265
2016-12-31,1.410391092300415
2017-01-01,1.3952902555465698
2017-01-02,0.0
2017-01-03,4.053456783294678
2017-01-04,7.522312164306641
2017-01-05,23.55567741394043
2017-01-06,0.0
2017-01-07,17.88838768005371
2017-01-08,2.7361650466918945
2017-01-09,0.0
2017-01-10,0.0
2017-01-11,1.1851561069488525
2017-01-12,11.719525337219238
2017-01-13,1.3360716104507446
2017-01-14,1.2262017726898193
2017-01-15,0.0
2017-01-16,0.0615515410900116
2017-01-17,0.0
2017-01-18,0.03144475817680359
2017-01-19,15.287304878234863
2017-01-20,2.520098924636841
2017-01-21,18.38634490966797
2017-01-22,1.4084985256195068
2017-01-23,0.0
2017-01-24,2.9286158084869385
2017-01-25,18.370311737060547
2017-01-26,0.44300511479377747
2017-01-27,15.188979148864746
2017-01-28,0.0
2017-01-29,0.0
2017-01-30,0.0
2017-01-31,0.0
2017-02-01,0.0
2017-02-02,18.997562408447266
2017-02-03,0.0
2017-02-04,0.0
2017-02-05,0.0
2017-02-06,17.92206573486328
2017-02-07,1.9605964422225952
2017-02-08,0.15921728312969208
2017-02-09,0.0
2017-02-10,0.0
2017-02-11,0.0
2017-02-12,62.3552131652832
2017-02-13,3.2420551776885986
2017-02-14,0.010941165499389172
2017-02-15,2.161370038986206
2017-02-16,50.04707717895508
2017-02-17,2.157977342605591
2017-02-18,0.0
2017-02-19,1.1191221475601196
2017-02-20,32.29536056518555
2017-02-21,11.469099044799805
2017-02-22,0.22684071958065033
2017-02-23,33.07999038696289
2017-02-24,7.659457683563232
2017-02-25,1.6303434371948242
2017-02-26,8.68054485321045
2017-02-27,5.066257953643799
2017-02-28,3.2433226108551025
2017-03-01,31.25497055053711
2017-03-02,1.851980447769165
2017-03-03,1.3074462413787842
2017-03-04,0.5584113597869873
2017-03-05,0.0
2017-03-06,0.6953856348991394
2017-03-07,65.09965515136719
2017-03-08,2.5506298542022705
2017-03-09,0.18727028369903564
2017-03-10,0.0
2017-03-11,0.09989796578884125
2017-03-12,0.0
2017-03-13,23.917221069335938
2017-03-14,0.037225037813186646
2017-03-15,0.1759178340435028
2017-03-16,23.899948120117188
2017-03-17,29.469831466674805
2017-03-18,0.11770383268594742
2017-03-19,0.0
2017-03-20,0.0
2017-03-21,8.340786933898926
2017-03-22,1.3860911130905151
2017-03-23,5.006300449371338
2017-03-24,12.333349227905273
2017-03-25,12.069629669189453
2017-03-26,0.0
2017-03-27,0.0
2017-03-28,1.4470523595809937
2017-03-29,54.64814758300781
2017-03-30,1.260750412940979
2017-03-31,0.6124649047851562
2017-04-01,0.6232773661613464
2017-04-02,2.3994810581207275
2017-04-03,0.0
2017-04-04,22.5794734954834
2017-04-05,0.011162142269313335
2017-04-06,18.62065315246582
2017-04-07,0.06764356791973114
2017-04-08,0.010212087072432041
2017-04-09,1.2718896865844727
2017-04-10,4.9797749519348145
2017-04-11,66.54557800292969
2017-04-12,0.0
2017-04-13,0.0
2017-04-14,0.611627995967865
2017-04-15,0.0
2017-04-16,1.0602370500564575
2017-04-17,59.61922073364258
2017-04-18,1.1092901229858398
2017-04-19,0.37624117732048035
2017-04-20,1.3602509498596191
2017-04-21,1.0011374950408936
2017-04-22,58.561607360839844
2017-04-23,0.26656803488731384
2017-04-24,0.7653977274894714
2017-04-25,0.5120527148246765
2017-04-26,11.115015029907227
2017-04-27,13.875267028808594
2017-04-28,0.558279275894165
2017-04-29,0.0
2017-04-30,1.428930640220642
2017-05-01,0.0
2017-05-02,0.36077454686164856
2017-05-03,0.0
2017-05-04,8.648313522338867
2017-05-05,0.4581725597381592
2017-05-06,0.0
2017-05-07,0.0
2017-05-08,0.0
2017-05-09,41.78328323364258
2017-05-10,14.628756523132324
2017-05-11,0.0
2017-05-12,0.1847410500049591
2017-05-13,0.0
2017-05-14,3.865877628326416
2017-05-15,0.0
2017-05-16,24.57390022277832
2017-05-17,0.0
2017-05-18,0.0
2017-05-19,4.722883701324463
2017-05-20,23.676782608032227
2017-05-21,24.346614837646484
2017-05-22,2.856024742126465
2017-05-23,4.875354766845703
2017-05-24,1.835843563079834
2017-05-25,0.8548760414123535
2017-05-26,0.0
2017-05-27,2.7065136432647705
2017-05-28,12.644454956054688
2017-05-29,0.0
2017-05-30,0.0
2017-05-31,0.0
2017-06-01,0.0
2017-06-02,0.0
2017-06-03,0.0
2017-06-04,0.0
2017-06-05,0.0
2017-06-06,0.7891680598258972
2017-06-07,0.05205487832427025
2017-06-08,1.5116536617279053
2017-06-09,11.762044906616211
2017-06-10,0.0
2017-06-11,0.7105321288108826
2017-06-12,0.7105321288108826
2017-06-13,0.7105321288108826
2017-06-14,0.7105321288108826
2017-06-15,0.7105321288108826
2017-06-16,0.0
2017-06-17,0.0
2017-06-18,0.0
2017-06-19,32.072410583496094
2017-06-20,0.0
2017-06-21,0.1697131246328354
2017-06-22,0.1697131246328354
2017-06-23,0.1697131246328354
2017-06-24,0.1697131246328354
2017-06-25,0.1697131246328354
2017-06-26,0.0
2017-06-27,0.0
2017-06-28,18.108598709106445
2017-06-29,3.717318534851074
2017-06-30,0.0
2017-07-01,0.0
2017-07-02,0.0
2017-07-03,1.1122233867645264
2017-07-04,0.0
2017-07-05,0.0
2017-07-06,0.20425434410572052
2017-07-07,0.20425434410572052
2017-07-08,0.20425434410572052
2017-07-09,0.20425434410572052
2017-07-10,0.20425434410572052
2017-07-11,0.0
2017-07-12,0.0
2017-07-13,0.0
2017-07-14,0.0
2017-07-15,0.0
2017-07-16,0.18698813021183014
2017-07-17,0.18698813021183014
2017-07-18,0.18698813021183014
2017-07-19,0.18698813021183014
2017-07-20,0.18698813021183014
2017-07-21,0.2829682230949402
2017-07-22,0.2829682230949402
2017-07-23,0.2829682230949402
2017-07-24,0.2829682230949402
2017-07-25,0.2829682230949402
2017-07-26,0.02982780709862709
2017-07-27,0.02982780709862709
2017-07-28,0.02982780709862709
2017-07-29,0.02982780709862709
2017-07-30,0.02982780709862709
2017-07-31,0.02982780709862709
2017-08-01,0.0
2017-08-02,0.0
2017-08-03,0.0
2017-08-04,0.0
2017-08-05,0.0
2017-08-06,0.10962313413619995
2017-08-07,0.10962313413619995
2017-08-08,0.10962313413619995
2017-08-09,0.10962313413619995
2017-08-10,0.10962313413619995
2017-08-11,0.29854616522789
2017-08-12,0.0
2017-08-13,0.0
2017-08-14,1.9123735427856445
2017-08-15,15.987663269042969
2017-08-16,56.242271423339844
2017-08-17,13.527881622314453
2017-08-18,7.430560111999512
2017-08-19,0.0013779982691630721
2017-08-20,0.7292214632034302
2017-08-21,0.21566931903362274
2017-08-22,0.21566931903362274
2017-08-23,0.21566931903362274
2017-08-24,0.21566931903362274
2017-08-25,0.21566931903362274
2017-08-26,0.0
2017-08-27,1.8070191144943237
2017-08-28,0.0
2017-08-29,0.0
2017-08-30,0.0
2017-08-31,0.0
2017-09-01,0.0
2017-09-02,0.0
2017-09-03,0.0
2017-09-04,0.0
2017-09-05,10.206191062927246
2017-09-06,2.1065826416015625
2017-09-07,0.0
2017-09-08,2.1065826416015625
2017-09-09,0.0
2017-09-10,0.0
2017-09-11,0.00580057967454195
2017-09-12,2.3557324409484863
2017-09-13,0.0
2017-09-14,0.0
2017-09-15,23.48584747314453
2017-09-16,4.6070075035095215
2017-09-17,0.0
2017-09-18,0.0
2017-09-19,0.0
2017-09-20,0.0
2017-09-21,0.0
2017-09-22,0.0
2017-09-23,0.0
2017-09-24,0.0
2017-09-25,0.0
2017-09-26,21.353271484375
2017-09-27,0.12847739458084106
2017-09-28,8.537520408630371
2017-09-29,1.4374961853027344
2017-09-30,0.0
2017-10-01,0.0
2017-10-02,2.4406521320343018
2017-10-03,0.0
2017-10-04,0.0
2017-10-05,0.0
2017-10-06,0.0
2017-10-07,0.0
2017-10-08,0.0
2017-10-09,0.0
2017-10-10,0.0
2017-10-11,2.8217718601226807
2017-10-12,9.543399810791016
2017-10-13,16.622379302978516
2017-10-14,10.980345726013184
2017-10-15,1.9577581882476807
2017-10-16,0.0
2017-10-17,0.0
2017-10-18,0.0
2017-10-19,0.1789965182542801
2017-10-20,26.26714324951172
2017-10-21,3.8273262977600098
2017-10-22,18.72832679748535
2017-10-23,0.14053264260292053
2017-10-24,0.0
2017-10-25,0.0
2017-10-26,0.0
2017-10-27,0.0
2017-10-28,0.4291388690471649
2017-10-29,0.22509907186031342
2017-10-30,0.0
2017-10-31,12.147005081176758
2017-11-01,11.52785873413086
2017-11-02,2.6236867904663086
2017-11-03,0.0
2017-11-04,0.0
2017-11-05,4.700861930847168
2017-11-06,28.297677993774414
2017-11-07,0.01932198740541935
2017-11-08,0.0
2017-11-09,50.54356002807617
2017-11-10,1.4416180849075317
2017-11-11,31.703990936279297
2017-11-12,0.46859514713287354
2017-11-13,0.0
2017-11-14,0.0
2017-11-15,0.0
2017-11-16,0.0
2017-11-17,0.5258828997612
2017-11-18,0.0
2017-11-19,27.702301025390625
2017-11-20,0.0
2017-11-21,0.0
2017-11-22,13.279760360717773
2017-11-23,0.021754149347543716
2017-11-24,0.0
2017-11-25,0.0
2017-11-26,0.14715111255645752
2017-11-27,21.83226776123047
2017-11-28,23.49211311340332
2017-11-29,4.984409809112549
2017-11-30,0.0
2017-12-01,7.884846210479736
2017-12-02,37.52587127685547
2017-12-03,7.873267650604248
2017-12-04,0.0
2017-12-05,24.651546478271484
2017-12-06,1.5005218982696533
2017-12-07,0.10341279953718185
2017-12-08,0.03457476198673248
2017-12-09,0.0
2017-12-10,24.465435028076172
2017-12-11,1.7281471490859985
2017-12-12,0.8871355652809143
2017-12-13,0.0
2017-12-14,9.744097709655762
2017-12-15,0.1396540105342865
2017-12-16,0.0
2017-12-17,0.15376858413219452
2017-12-18,15.09035873413086
2017-12-19,3.093235492706299
2017-12-20,2.920551300048828
2017-12-21,0.5044394135475159
2017-12-22,10.12090015411377
2017-12-23,36.353973388671875
2017-12-24,33.64896774291992
2017-12-25,71.51289367675781
2017-12-26,1.8782570362091064
2017-12-27,0.023124508559703827
2017-12-28,0.2808697521686554
2017-12-29,43.74470520019531
2017-12-30,0.25818637013435364
2017-12-31,0.0
2018-01-01,0.5115455389022827
2018-01-02,9.339442253112793
2018-01-03,10.75806999206543
2018-01-04,0.25651323795318604
2018-01-05,0.0
2018-01-06,5.269436359405518
2018-01-07,38.29461669921875
2018-01-08,2.388368844985962
2018-01-09,0.0
2018-01-10,16.407150268554688
2018-01-11,25.938390731811523
2018-01-12,31.202529907226562
2018-01-13,0.4296552240848541
2018-01-14,2.502697467803955
2018-01-15,6.417096138000488
2018-01-16,0.7553958296775818
2018-01-17,1.205715537071228
2018-01-18,30.743207931518555
2018-01-19,3.947498083114624
2018-01-20,11.89549732208252
2018-01-21,0.11209229379892349
2018-01-22,0.12924093008041382
2018-01-23,0.5675456523895264
2018-01-24,0.1714305579662323
2018-01-25,2.710472583770752
2018-01-26,0.3303910493850708
2018-01-27,44.38081741333008
2018-01-28,25.762880325317383
2018-01-29,75.23187255859375
2018-01-30,2.6619210243225098
2018-01-31,0.3711930811405182
2018-02-01,4.405307292938232
2018-02-02,78.14387512207031
2018-02-03,7.67028284072876
2018-02-04,4.667140483856201
2018-02-05,0.08352126181125641
2018-02-06,2.2636871337890625
2018-02-07,0.49564963579177856
2018-02-08,8.08029556274414
2018-02-09,1.264215111732483
2018-02-10,0.5853526592254639
2018-02-11,0.46271729469299316
2018-02-12,34.654945373535156
2018-02-13,4.186917304992676
2018-02-14,8.645625114440918
2018-02-15,4.325109958648682
2018-02-16,23.724637985229492
2018-02-17,0.0
2018-02-18,0.044170938432216644
2018-02-19,4.58159875869751
2018-02-20,7.499521255493164
2018-02-21,2.1264383792877197
2018-02-22,21.896299362182617
2018-02-23,0.3355245590209961
2018-02-24,0.012382946908473969
2018-02-25,0.5339436531066895
2018-02-26,6.814672470092773
2018-02-27,19.098297119140625
2018-02-28,0.0
2018-03-01,24.021451950073242
2018-03-02,0.27664026618003845
2018-03-03,0.002162501448765397
2018-03-04,0.0
2018-03-05,9.555868148803711
2018-03-06,14.628972053527832
2018-03-07,33.471378326416016
2018-03-08,0.011524518951773643
2018-03-09,3.68579363822937
2018-03-10,0.17790786921977997
2018-03-11,0.0
2018-03-12,3.6700708866119385
2018-03-13,0.006849694065749645
2018-03-14,17.790485382080078
2018-03-15,0.1776255965232849
2018-03-16,31.15770721435547
2018-03-17,0.0
2018-03-18,0.0
2018-03-19,0.35446611046791077
2018-03-20,11.291365623474121
2018-03-21,0.0
2018-03-22,0.0
2018-03-23,0.0
2018-03-24,0.0
2018-03-25,61.86187744140625
2018-03-26,0.5362464785575867
2018-03-27,0.0
2018-03-28,0.0
2018-03-29,0.0
2018-03-30,0.04175949469208717
2018-03-31,33.63137435913086
2018-04-01,0.0
2018-04-02,1.9320327043533325
2018-04-03,0.718392014503479
2018-04-04,8.549600601196289
2018-04-05,12.856898307800293
2018-04-06,15.35656452178955
2018-04-07,6.078935146331787
2018-04-08,11.33499526977539
2018-04-09,5.823646545410156
2018-04-10,10.238790512084961
2018-04-11,0.0
2018-04-12,0.0
2018-04-13,40.28001022338867
2018-04-14,0.14068929851055145
2018-04-15,0.0
2018-04-16,0.0
2018-04-17,0.0
2018-04-18,0.0
2018-04-19,0.0
2018-04-20,0.0
2018-04-21,0.0
2018-04-22,0.0
2018-04-23,0.0
2018-04-24,13.308637619018555
2018-04-25,0.0
2018-04-26,25.493547439575195
2018-04-27,0.0
2018-04-28,0.2927800416946411
2018-04-29,1.255474328994751
2018-04-30,0.0
2018-05-01,5.347176551818848
2018-05-02,0.19731785356998444
2018-05-03,0.0
2018-05-04,67.82759857177734
2018-05-05,1.9489151239395142
2018-05-06,3.0291175842285156
2018-05-07,0.4412741959095001
2018-05-08,0.1157756820321083
2018-05-09,0.0
2018-05-10,0.962835431098938
2018-05-11,9.976253509521484
2018-05-12,15.408185958862305
2018-05-13,1.2013113498687744
2018-05-14,0.0
2018-05-15,0.0
2018-05-16,0.0
2018-05-17,81.11585998535156
2018-05-18,0.0
2018-05-19,45.35743713378906
2018-05-20,2.274918794631958
2018-05-21,0.35071861743927
2018-05-22,0.35071861743927
2018-05-23,0.35071861743927
2018-05-24,0.35071861743927
2018-05-25,0.35071861743927
2018-05-26,0.8816213607788086
2018-05-27,0.8816213607788086
2018-05-28,0.8816213607788086
2018-05-29,0.8816213607788086
2018-05-30,0.8816213607788086
2018-05-31,0.8816213607788086
2018-06-01,1.2357126474380493
2018-06-02,7.608545303344727
2018-06-03,17.542606353759766
2018-06-04,1.242171287536621
2018-06-05,0.5128084421157837
2018-06-06,0.0
2018-06-07,0.0
2018-06-08,0.0
2018-06-09,1.8260184526443481
2018-06-10,5.645965099334717
2018-06-11,0.0
2018-06-12,1.6653882265090942
2018-06-13,0.0
2018-06-14,0.0
2018-06-15,0.0
2018-06-16,0.20254932343959808
2018-06-17,0.20254932343959808
2018-06-18,0.20254932343959808
2018-06-19,0.20254932343959808
2018-06-20,0.20254932343959808
2018-06-21,0.08229681849479675
2018-06-22,0.15087750554084778
2018-06-23,0.4252002239227295
2018-06-24,0.08229681849479675
2018-06-25,0.08229681849479675
2018-06-26,0.29884231090545654
2018-06-27,0.29884231090545654
2018-06-28,0.29884231090545654
2018-06-29,0.29884231090545654
2018-06-30,0.29884231090545654
2018-07-01,0.23174181580543518
2018-07-02,0.23174181580543518
2018-07-03,1.3904509544372559
2018-07-04,0.23174181580543518
2018-07-05,0.23174181580543518
2018-07-06,0.2445269376039505
2018-07-07,0.2445269376039505
2018-07-08,0.2445269376039505
2018-07-09,0.2445269376039505
2018-07-10,0.2445269376039505
2018-07-11,0.0
2018-07-12,0.0
2018-07-13,0.0
2018-07-14,0.0
2018-07-15,0.0
2018-07-16,0.0
2018-07-17,0.0
2018-07-18,0.0
2018-07-19,0.0
2018-07-20,1.7507511377334595
2018-07-21,36.71573257446289
2018-07-22,13.302651405334473
2018-07-23,0.0
2018-07-24,0.0
2018-07-25,0.0
2018-07-26,0.17343531548976898
2018-07-27,0.02477647364139557
2018-07-28,0.02477647364139557
2018-07-29,0.02477647364139557
2018-07-30,0.02477647364139557
2018-07-31,0.02477647364139557
2018-08-01,0.0
2018-08-02,0.0
2018-08-03,0.0
2018-08-04,33.08538818359375
2018-08-05,0.46491509675979614
2018-08-06,0.4174100160598755
2018-08-07,11.273221969604492
2018-08-08,0.0
2018-08-09,2.719999313354492
2018-08-10,0.0
2018-08-11,0.0
2018-08-12,0.0
2018-08-13,0.0
2018-08-14,10.7799711227417
2018-08-15,16.6202335357666
2018-08-16,0.0
2018-08-17,0.0
2018-08-18,0.0
2018-08-19,1.1416571140289307
2018-08-20,1.8206684589385986
2018-08-21,13.330953598022461
2018-08-22,1.9317004680633545
2018-08-23,0.0
2018-08-24,0.0
2018-08-25,1.564083456993103
2018-08-26,0.6036325693130493
2018-08-27,0.0862332284450531
2018-08-28,0.0862332284450531
2018-08-29,0.0862332284450531
2018-08-30,0.0862332284450531
2018-08-31,0.0862332284450531
2018-09-01,4.749662399291992
2018-09-02,0.0
2018-09-03,0.0
2018-09-04,0.0
2018-09-05,0.0
2018-09-06,0.26722970604896545
2018-09-07,0.26722970604896545
2018-09-08,0.26722970604896545
2018-09-09,0.26722970604896545
2018-09-10,0.26722970604896545
2018-09-11,0.4177008271217346
2018-09-12,0.4177008271217346
2018-09-13,0.4177008271217346
2018-09-14,0.4177008271217346
2018-09-15,0.4177008271217346
2018-09-16,24.063928604125977
2018-09-17,14.0806245803833
2018-09-18,10.387285232543945
2018-09-19,0.0
2018-09-20,0.27513161301612854
2018-09-21,0.6150182485580444
2018-09-22,0.6150182485580444
2018-09-23,0.6150182485580444
2018-09-24,0.6150182485580444
2018-09-25,0.6150182485580444
2018-09-26,0.0
2018-09-27,0.08873458951711655
2018-09-28,0.9082375168800354
2018-09-29,1.8298580646514893
2018-09-30,0.0
2018-10-01,0.0
2018-10-02,0.0
2018-10-03,0.0
2018-10-04,19.094736099243164
2018-10-05,0.8507781028747559
2018-10-06,0.0
2018-10-07,0.032967545092105865
2018-10-08,1.056829571723938
2018-10-09,0.0
2018-10-10,4.119074821472168
2018-10-11,3.5985617637634277
2018-10-12,2.5208704471588135
2018-10-13,0.0
2018-10-14,0.05953257903456688
2018-10-15,23.587324142456055
2018-10-16,0.0
2018-10-17,0.0
2018-10-18,0.0
2018-10-19,0.04259315878152847
2018-10-20,17.378007888793945
2018-10-21,0.0
2018-10-22,46.3873176574707
2018-10-23,14.564676284790039
2018-10-24,10.139719009399414
2018-10-25,3.425525665283203
2018-10-26,1.4237875938415527
2018-10-27,0.5774856805801392
2018-10-28,0.7300165295600891
2018-10-29,0.0
2018-10-30,0.0
2018-10-31,0.0602569580078125
2018-11-01,0.0
2018-11-02,0.0
2018-11-03,0.0
2018-11-04,0.23418033123016357
2018-11-05,7.921115875244141
2018-11-06,0.0
2018-11-07,36.762516021728516
2018-11-08,0.0
2018-11-09,0.0
2018-11-10,0.0
2018-11-11,0.0
2018-11-12,1.3251897096633911
2018-11-13,0.0
2018-11-14,5.085716724395752
2018-11-15,13.428512573242188
2018-11-16,0.0
2018-11-17,6.146821022033691
2018-11-18,1.144438624382019
2018-11-19,65.13584899902344
2018-11-20,1.6588369607925415
2018-11-21,0.13029392063617706
2018-11-22,4.898653507232666
2018-11-23,1.5646429061889648
2018-11-24,101.44961547851562
2018-11-25,0.41826510429382324
2018-11-26,1.0768202543258667
2018-11-27,2.8143019676208496
2018-11-28,57.26049041748047
2018-11-29,1.512012243270874
2018-11-30,31.12917709350586
2018-12-01,19.037675857543945
2018-12-02,45.40378952026367
2018-12-03,1.2250308990478516
2018-12-04,0.30431365966796875
2018-12-05,0.16343234479427338
2018-12-06,5.391313552856445
2018-12-07,1.5249463319778442
2018-12-08,7.557999134063721
2018-12-09,0.0
2018-12-10,0.0
2018-12-11,0.0
2018-12-12,0.0
2018-12-13,24.423343658447266
2018-12-14,1.7481436729431152
2018-12-15,10.04979419708252
2018-12-16,25.183063507080078
2018-12-17,4.542583465576172
2018-12-18,19.437274932861328
2018-12-19,16.93482780456543
2018-12-20,0.34276488423347473
2018-12-21,1.4599272012710571
2018-12-22,2.3810906410217285
2018-12-23,2.3911445140838623
2018-12-24,75.31471252441406
2018-12-25,1.2196780443191528
2018-12-26,0.568844199180603
2018-12-27,0.08577682077884674
2018-12-28,0.833044707775116
2018-12-29,0.23956246674060822
2018-12-30,1.522451639175415
2018-12-31,0.4538939595222473
2019-01-01,0.025539148598909378
2019-01-02,0.39841070771217346
2019-01-03,9.753507614135742
2019-01-04,6.71188497543335
2019-01-05,3.654350757598877
2019-01-06,0.7132501602172852
2019-01-07,0.8400599956512451
2019-01-08,15.594954490661621
2019-01-09,2.385734796524048
2019-01-10,1.7579976320266724
2019-01-11,23.237329483032227
2019-01-12,0.3594730794429779
2019-01-13,1.1311535835266113
2019-01-14,1.6919878721237183
2019-01-15,0.17666183412075043
2019-01-16,13.07065486907959
2019-01-17,0.44798848032951355
2019-01-18,0.0
2019-01-19,3.3043277263641357
2019-01-20,0.0
2019-01-21,4.0797438621521
2019-01-22,35.560367584228516
2019-01-23,6.060351848602295
2019-01-24,0.11249566823244095
2019-01-25,24.813398361206055
2019-01-26,0.0
2019-01-27,0.09716162830591202
2019-01-28,20.331069946289062
2019-01-29,5.9886908531188965
2019-01-30,42.47551727294922
2019-01-31,45.41482925415039
2019-02-01,43.772003173828125
2019-02-02,82.5139389038086
2019-02-03,11.378962516784668
2019-02-04,3.9453094005584717
2019-02-05,2.956742763519287
2019-02-06,2.416567087173462
2019-02-07,1.4064006805419922
2019-02-08,0.24900014698505402
2019-02-09,0.6767702102661133
2019-02-10,0.0
2019-02-11,18.268720626831055
2019-02-12,0.1008307933807373
2019-02-13,52.36785125732422
2019-02-14,2.4783594608306885
2019-02-15,9.645156860351562
2019-02-16,61.85582733154297
2019-02-17,4.900091171264648
2019-02-18,1.7396904230117798
2019-02-19,0.7946243286132812
2019-02-20,0.7238660454750061
2019-02-21,0.2443690448999405
2019-02-22,0.0
2019-02-23,0.0
2019-02-24,40.74659729003906
2019-02-25,0.03842603415250778
2019-02-26,14.521682739257812
2019-02-27,19.59078598022461
2019-02-28,7.210817337036133
2019-03-01,2.55761981010437
2019-03-02,5.328721523284912
2019-03-03,16.54971694946289
2019-03-04,0.0
2019-03-05,0.402326762676239
2019-03-06,4.784383773803711
2019-03-07,0.5591424703598022
2019-03-08,0.0
2019-03-09,30.038043975830078
2019-03-10,0.09238007664680481
2019-03-11,0.0
2019-03-12,5.226497650146484
2019-03-13,30.27278709411621
2019-03-14,0.0
2019-03-15,0.14399383962154388
2019-03-16,0.39380720257759094
2019-03-17,0.9237687587738037
2019-03-18,0.0
2019-03-19,12.655817031860352
2019-03-20,14.198211669921875
2019-03-21,28.991958618164062
2019-03-22,0.0
2019-03-23,0.0
2019-03-24,0.0
2019-03-25,11.530637741088867
2019-03-26,2.113152265548706
2019-03-27,0.9261866807937622
2019-03-28,0.10207756608724594
2019-03-29,0.05140499770641327
2019-03-30,0.0
2019-03-31,0.0
2019-04-01,32.935604095458984
2019-04-02,6.587920665740967
2019-04-03,0.02029169537127018
2019-04-04,32.440303802490234
2019-04-05,7.778481483459473
2019-04-06,7.123802661895752
2019-04-07,0.0
2019-04-08,0.0
2019-04-09,0.0
2019-04-10,0.1625889241695404
2019-04-11,0.0
2019-04-12,0.0
2019-04-13,0.0
2019-04-14,0.0
2019-04-15,0.0
2019-04-16,0.33678364753723145
2019-04-17,16.42316246032715
2019-04-18,0.07028579711914062
2019-04-19,0.0
2019-04-20,0.0
2019-04-21,0.0
2019-04-22,0.0
2019-04-23,30.93931007385254
2019-04-24,0.0
2019-04-25,0.0
2019-04-26,11.239250183105469
2019-04-27,25.833253860473633
2019-04-28,15.310616493225098
2019-04-29,1.035640001296997
2019-04-30,0.3114050328731537
2019-05-01,0.23583561182022095
2019-05-02,1.444970965385437
2019-05-03,0.0
2019-05-04,9.45644474029541
2019-05-05,2.763176441192627
2019-05-06,0.0
2019-05-07,0.0
2019-05-08,0.0
2019-05-09,12.25809097290039
2019-05-10,0.0
2019-05-11,8.251763343811035
2019-05-12,9.19788932800293
2019-05-13,14.921464920043945
2019-05-14,1.8549774885177612
2019-05-15,0.0
2019-05-16,0.21785683929920197
2019-05-17,0.21785683929920197
2019-05-18,0.21785683929920197
2019-05-19,0.21785683929920197
2019-05-20,0.21785683929920197
2019-05-21,0.0028562131337821484
2019-05-22,1.0302355289459229
2019-05-23,22.919189453125
2019-05-24,4.324226379394531
2019-05-25,0.0
2019-05-26,0.09418076276779175
2019-05-27,0.09418076276779175
2019-05-28,0.09418076276779175
2019-05-29,0.09418076276779175
2019-05-30,0.09418076276779175
2019-05-31,0.09418076276779175
2019-06-01,1.9589115381240845
2019-06-02,0.0
2019-06-03,0.0
2019-06-04,0.0
2019-06-05,0.0
2019-06-06,0.3016658425331116
2019-06-07,0.3016658425331116
2019-06-08,0.3016658425331116
2019-06-09,0.3016658425331116
2019-06-10,0.3016658425331116
2019-06-11,0.0
2019-06-12,0.0
2019-06-13,0.0
2019-06-14,0.0
2019-06-15,7.415276527404785
2019-06-16,2.8928706645965576
2019-06-17,2.103341579437256
2019-06-18,0.0
2019-06-19,0.02012977935373783
2019-06-20,0.0
2019-06-21,0.13741753995418549
2019-06-22,0.13741753995418549
2019-06-23,0.13741753995418549
2019-06-24,0.13741753995418549
2019-06-25,0.13741753995418549
2019-06-26,0.34513503313064575
2019-06-27,0.0
2019-06-28,18.817363739013672
2019-06-29,0.0
2019-06-30,0.0
2019-07-01,1.4153871536254883
2019-07-02,1.4153871536254883
2019-07-03,1.4153871536254883
2019-07-04,1.4153871536254883
2019-07-05,1.4153871536254883
2019-07-06,0.633355975151062
2019-07-07,0.633355975151062
2019-07-08,0.633355975151062
2019-07-09,0.633355975151062
2019-07-10,0.633355975151062
2019-07-11,0.0
2019-07-12,0.0
2019-07-13,0.0
2019-07-14,0.0
2019-07-15,0.0
2019-07-16,2.318838357925415
2019-07-17,0.0
2019-07-18,0.0
2019-07-19,0.0
2019-07-20,0.0
2019-07-21,0.0
2019-07-22,0.0
2019-07-23,0.411248117685318
2019-07-24,60.909461975097656
2019-07-25,0.2761940062046051
2019-07-26,0.03342394158244133
2019-07-27,0.03342394158244133
2019-07-28,0.03342394158244133
2019-07-29,0.03342394158244133
2019-07-30,0.03342394158244133
2019-07-31,0.03342394158244133
2019-08-01,0.0
2019-08-02,0.0
2019-08-03,0.0
2019-08-04,0.0
2019-08-05,0.0
2019-08-06,0.0902954712510109
2019-08-07,0.0902954712510109
2019-08-08,0.0902954712510109
2019-08-09,0.0902954712510109
2019-08-10,0.0902954712510109
2019-08-11,0.0
2019-08-12,0.0
2019-08-13,0.0
2019-08-14,0.0
2019-08-15,0.0
2019-08-16,0.0
2019-08-17,0.0
2019-08-18,0.0
2019-08-19,0.0
2019-08-20,0.0
2019-08-21,0.18529659509658813
2019-08-22,0.18529659509658813
2019-08-23,0.18529659509658813
2019-08-24,0.18529659509658813
2019-08-25,0.18529659509658813
2019-08-26,0.2821705937385559
2019-08-27,0.2821705937385559
2019-08-28,0.2821705937385559
2019-08-29,0.2821705937385559
2019-08-30,0.2821705937385559
2019-08-31,0.2821705937385559
2019-09-01,6.848076343536377
2019-09-02,0.0
2019-09-03,0.0
2019-09-04,3.7970097064971924
2019-09-05,0.2418196052312851
2019-09-06,0.0
2019-09-07,0.0
2019-09-08,6.525619983673096
2019-09-09,0.11130061000585556
2019-09-10,0.03301950544118881
2019-09-11,0.8653160929679871
2019-09-12,0.09994588047266006
2019-09-13,0.150800421833992
2019-09-14,0.0
2019-09-15,0.0
2019-09-16,0.0
2019-09-17,0.0
2019-09-18,0.0
2019-09-19,0.0
2019-09-20,0.3774605691432953
2019-09-21,4.064498424530029
2019-09-22,0.0
2019-09-23,0.0
2019-09-24,0.0
2019-09-25,3.826752185821533
2019-09-26,0.5161863565444946
2019-09-27,0.5161863565444946
2019-09-28,0.5161863565444946
2019-09-29,0.5161863565444946
2019-09-30,0.5161863565444946
2019-10-01,3.1323134899139404
2019-10-02,0.18490055203437805
2019-10-03,0.006375880911946297
2019-10-04,0.03737962990999222
2019-10-05,14.057937622070312
2019-10-06,0.0
2019-10-07,0.0
2019-10-08,0.0
2019-10-09,0.0
2019-10-10,0.0
2019-10-11,1.7600122690200806
2019-10-12,1.7600122690200806
2019-10-13,1.7600122690200806
2019-10-14,1.7600122690200806
2019-10-15,1.7600122690200806
2019-10-16,2.332385778427124
2019-10-17,0.0
2019-10-18,12.69748306274414
2019-10-19,18.072738647460938
2019-10-20,0.37392759323120117
2019-10-21,0.0
2019-10-22,9.368709564208984
2019-10-23,0.0
2019-10-24,0.0
2019-10-25,0.5777559876441956
2019-10-26,1.79665207862854
2019-10-27,4.040578842163086
2019-10-28,0.0
2019-10-29,0.0
2019-10-30,0.0
2019-10-31,1.193292498588562
2019-11-01,14.182740211486816
2019-11-02,0.0
2019-11-03,0.0
2019-11-04,0.5233483910560608
2019-11-05,0.0
2019-11-06,1.7358988523483276
2019-11-07,1.058080792427063
2019-11-08,0.0
2019-11-09,0.0
2019-11-10,13.13145923614502
2019-11-11,42.2918586730957
2019-11-12,0.21234238147735596
2019-11-13,0.0
2019-11-14,35.08473205566406
2019-11-15,8.661458969116211
2019-11-16,0.0
2019-11-17,0.9869728684425354
2019-11-18,0.0
2019-11-19,0.0
2019-11-20,9.851223945617676
2019-11-21,0.0
2019-11-22,0.0
2019-11-23,44.98561096191406
2019-11-24,1.758546233177185
2019-11-25,0.03293537721037865
2019-11-26,0.0
2019-11-27,2.0438389778137207
2019-11-28,31.93843650817871
2019-11-29,0.0
2019-11-30,0.0
2019-12-01,0.0
2019-12-02,37.041385650634766
2019-12-03,0.23731733858585358
2019-12-04,0.22588208317756653
2019-12-05,0.06224357336759567
2019-12-06,3.956423759460449
2019-12-07,0.3500620722770691
2019-12-08,26.227624893188477
2019-12-09,20.036890029907227
2019-12-10,0.8050894141197205
2019-12-11,0.4702129364013672
2019-12-12,0.0
2019-12-13,53.70467758178711
2019-12-14,0.6736040115356445
2019-12-15,0.0
2019-12-16,1.8550777435302734
2019-12-17,17.009998321533203
2019-12-18,22.42395782470703
2019-12-19,3.1279995441436768
2019-12-20,0.2913663685321808
2019-12-21,0.26947644352912903
2019-12-22,32.442012786865234
2019-12-23,0.0
2019-12-24,0.0
2019-12-25,0.12196674942970276
2019-12-26,0.30365461111068726
2019-12-27,4.476337909698486
2019-12-28,4.709480285644531
2019-12-29,0.0
2019-12-30,24.753129959106445
2019-12-31,20.775850296020508
2020-01-01,14.81447696685791
2020-01-02,72.3674087524414
2020-01-03,0.7387264966964722
2020-01-04,0.7872703671455383
2020-01-05,0.6982426643371582
2020-01-06,0.48481297492980957
2020-01-07,0.0
2020-01-08,16.605941772460938
2020-01-09,0.6496871709823608
2020-01-10,0.07001654803752899
2020-01-11,0.03154449909925461
2020-01-12,0.10695801675319672
2020-01-13,8.84187126159668
2020-01-14,0.1892123818397522
2020-01-15,0.2855359613895416
2020-01-16,0.0
2020-01-17,10.441122055053711
2020-01-18,0.8585584759712219
2020-01-19,0.0
2020-01-20,0.03705554082989693
2020-01-21,0.9642987847328186
2020-01-22,0.41768187284469604
2020-01-23,15.850873947143555
2020-01-24,1.047930121421814
2020-01-25,0.0
2020-01-26,0.0
2020-01-27,0.9779000282287598
2020-01-28,0.9379999041557312
2020-01-29,18.67531967163086
2020-01-30,1.3264098167419434
2020-01-31,50.30064392089844
2020-02-01,4.054688453674316
2020-02-02,0.550446093082428
2020-02-03,38.423316955566406
2020-02-04,6.044437885284424
2020-02-05,0.42066627740859985
2020-02-06,0.989780604839325
2020-02-07,0.2971676290035248
2020-02-08,0.010196107439696789
2020-02-09,5.047035217285156
2020-02-10,19.757856369018555
2020-02-11,22.54107093811035
2020-02-12,18.62714958190918
2020-02-13,0.30120736360549927
2020-02-14,18.871055603027344
2020-02-15,15.273256301879883
2020-02-16,0.5304654240608215
2020-02-17,9.165445327758789
2020-02-18,0.0
2020-02-19,0.0
2020-02-20,6.4201340675354
2020-02-21,31.486276626586914
2020-02-22,18.037961959838867
2020-02-23,0.672276496887207
2020-02-24,0.07676984369754791
2020-02-25,0.07676984369754791
2020-02-26,30.190277099609375
2020-02-27,3.520822525024414
2020-02-28,0.4158689081668854
2020-02-29,0.0
2020-03-01,0.0
2020-03-02,0.0
2020-03-03,0.06976115703582764
2020-03-04,0.0
2020-03-05,0.0
2020-03-06,0.0
2020-03-07,0.0
2020-03-08,0.0
2020-03-09,0.0
2020-03-10,0.0
2020-03-11,0.0
2020-03-12,0.0465208999812603
2020-03-13,5.622706413269043
2020-03-14,0.2912854552268982
2020-03-15,2.4309701919555664
2020-03-16,8.973259925842285
2020-03-17,28.192455291748047
2020-03-18,0.2881111204624176
2020-03-19,0.2400672286748886
2020-03-20,5.083555698394775
2020-03-21,13.980754852294922
2020-03-22,0.0
2020-03-23,2.3701534271240234
2020-03-24,2.144710063934326
2020-03-25,0.0
2020-03-26,1.4154736995697021
2020-03-27,37.252479553222656
2020-03-28,2.881364107131958
2020-03-29,0.0
2020-03-30,1.4600675106048584
2020-03-31,3.7295024394989014
2020-04-01,0.0
2020-04-02,0.0
2020-04-03,16.144615173339844
2020-04-04,0.3079378604888916
2020-04-05,0.0
2020-04-06,0.0
2020-04-07,41.81184005737305
2020-04-08,0.0
2020-04-09,0.0
2020-04-10,0.0
2020-04-11,0.0
2020-04-12,0.0
2020-04-13,0.0
2020-04-14,0.0
2020-04-15,0.0
2020-04-16,0.0
2020-04-17,0.0
2020-04-18,0.0
2020-04-19,0.0
2020-04-20,0.0
2020-04-21,0.0
2020-04-22,0.0
2020-04-23,0.0
2020-04-24,0.0
2020-04-25,0.0
2020-04-26,19.023969650268555
2020-04-27,1.187292218208313
2020-04-28,0.0
2020-04-29,0.4460661709308624
2020-04-30,0.0
2020-05-01,0.0
2020-05-02,0.0
2020-05-03,0.0
2020-05-04,24.66509246826172
2020-05-05,0.0
2020-05-06,11.372455596923828
2020-05-07,6.7168192863464355
2020-05-08,0.0
2020-05-09,0.0
2020-05-10,0.0
2020-05-11,0.0
2020-05-12,6.281728267669678
2020-05-13,0.3633156716823578
2020-05-14,2.8156967163085938
2020-05-15,0.0
2020-05-16,0.2571223974227905
2020-05-17,0.2571223974227905
2020-05-18,0.2571223974227905
2020-05-19,0.2571223974227905
2020-05-20,0.2571223974227905
2020-05-21,0.0
2020-05-22,5.3984293937683105
2020-05-23,26.668813705444336
2020-05-24,0.0
2020-05-25,0.0
2020-05-26,0.11735164374113083
2020-05-27,0.11735164374113083
2020-05-28,0.11735164374113083
2020-05-29,0.11735164374113083
2020-05-30,0.11735164374113083
2020-05-31,0.11735164374113083
2020-06-01,0.0
2020-06-02,0.0
2020-06-03,0.0
2020-06-04,0.0
2020-06-05,0.0
2020-06-06,1.0231940746307373
2020-06-07,1.0231940746307373
2020-06-08,1.0231940746307373
2020-06-09,1.0231940746307373
2020-06-10,1.0231940746307373
2020-06-11,1.2417939901351929
2020-06-12,1.2417939901351929
2020-06-13,1.2417939901351929
2020-06-14,1.2417939901351929
2020-06-15,1.2417939901351929
2020-06-16,6.573034763336182
2020-06-17,0.0
2020-06-18,0.0
2020-06-19,0.0
2020-06-20,0.0
2020-06-21,0.0
2020-06-22,34.25587844848633
2020-06-23,0.0
2020-06-24,0.0
2020-06-25,1.5311118364334106
2020-06-26,26.194854736328125
2020-06-27,0.0
2020-06-28,0.00769305694848299
2020-06-29,0.0
2020-06-30,0.0
2020-07-01,0.46304479241371155
2020-07-02,0.46304479241371155
2020-07-03,0.46304479241371155
2020-07-04,0.46304479241371155
2020-07-05,0.46304479241371155
2020-07-06,18.407909393310547
2020-07-07,16.4666748046875
2020-07-08,2.7007570266723633
2020-07-09,7.394175052642822
2020-07-10,0.0
2020-07-11,0.0
2020-07-12,0.0
2020-07-13,0.0
2020-07-14,1.8577684164047241
2020-07-15,0.0
2020-07-16,0.2897005081176758
2020-07-17,0.2897005081176758
2020-07-18,0.2897005081176758
2020-07-19,0.2897005081176758
2020-07-20,0.2897005081176758
2020-07-21,0.0
2020-07-22,2.015345335006714
2020-07-23,0.14683228731155396
2020-07-24,22.820472717285156
2020-07-25,12.777239799499512
2020-07-26,1.0044512748718262
2020-07-27,0.0
2020-07-28,0.0
2020-07-29,0.0407714806497097
2020-07-30,0.0
2020-07-31,0.0
2020-08-01,0.0
2020-08-02,0.0
2020-08-03,0.0
2020-08-04,0.0
2020-08-05,0.0
2020-08-06,0.13794247806072235
2020-08-07,0.13794247806072235
2020-08-08,0.13794247806072235
2020-08-09,0.13794247806072235
2020-08-10,0.13794247806072235
2020-08-11,2.80203914642334
2020-08-12,39.2834358215332
2020-08-13,0.0
2020-08-14,22.41439437866211
2020-08-15,0.0
2020-08-16,0.0
2020-08-17,12.608580589294434
2020-08-18,0.0
2020-08-19,0.6341473460197449
2020-08-20,53.99872589111328
2020-08-21,1.455248475074768
2020-08-22,1.455248475074768
2020-08-23,1.455248475074768
2020-08-24,1.455248475074768
2020-08-25,1.455248475074768
2020-08-26,0.0
2020-08-27,0.0
2020-08-28,0.0
2020-08-29,0.0
2020-08-30,0.0
2020-08-31,4.776693820953369
2020-09-01,0.4306507110595703
2020-09-02,0.4306507110595703
2020-09-03,0.4306507110595703
2020-09-04,0.4306507110595703
2020-09-05,0.4306507110595703
2020-09-06,1.192887783050537
2020-09-07,14.414257049560547
2020-09-08,0.4158470630645752
2020-09-09,0.0
2020-09-10,0.0
2020-09-11,0.0
2020-09-12,0.0
2020-09-13,0.0
2020-09-14,15.398000717163086
2020-09-15,4.128584861755371
2020-09-16,0.025206908583641052
2020-09-17,4.862971305847168
2020-09-18,0.6849855184555054
2020-09-19,2.3010575771331787
2020-09-20,1.060887336730957
2020-09-21,0.0
2020-09-22,0.0
2020-09-23,0.0
2020-09-24,0.0
2020-09-25,0.0
2020-09-26,0.0
2020-09-27,0.0
2020-09-28,83.60188293457031
2020-09-29,7.321866035461426
2020-09-30,0.22134645283222198
2020-10-01,0.0
2020-10-02,0.0
2020-10-03,9.379324913024902
2020-10-04,1.2441816329956055
2020-10-05,0.0
2020-10-06,0.0
2020-10-07,14.326176643371582
2020-10-08,0.0
2020-10-09,0.0
2020-10-10,0.0
2020-10-11,0.0
2020-10-12,0.0554262213408947
2020-10-13,2.3902947902679443
2020-10-14,0.9230677485466003
2020-10-15,12.066304206848145
2020-10-16,0.0
2020-10-17,0.0
2020-10-18,0.0
2020-10-19,0.0
2020-10-20,0.0
2020-10-21,0.0
2020-10-22,0.0
2020-10-23,0.0
2020-10-24,0.0
2020-10-25,0.0
2020-10-26,27.81256675720215
2020-10-27,13.009408950805664
2020-10-28,0.0
2020-10-29,8.193644523620605
2020-10-30,7.112149238586426
2020-10-31,0.7570235729217529
2020-11-01,0.0
2020-11-02,0.0
2020-11-03,0.0
2020-11-04,0.0
2020-11-05,0.0
2020-11-06,0.0
2020-11-07,0.0
2020-11-08,0.0
2020-11-09,8.027454376220703
2020-11-10,0.03160415217280388
2020-11-11,0.0
2020-11-12,4.577071666717529
2020-11-13,4.089414119720459
2020-11-14,0.0
2020-11-15,0.0
2020-11-16,0.050989460200071335
2020-11-17,11.725200653076172
2020-11-18,0.0
2020-11-19,30.420425415039062
2020-11-20,0.0
2020-11-21,0.0
2020-11-22,0.0
2020-11-23,0.0
2020-11-24,0.0
2020-11-25,0.0
2020-11-26,19.714420318603516
2020-11-27,2.030778169631958
2020-11-28,0.0
2020-11-29,0.0
2020-11-30,3.0618808269500732
2020-12-01,41.33842849731445
2020-12-02,0.0
2020-12-03,0.0
2020-12-04,9.289401054382324
2020-12-05,12.562077522277832
2020-12-06,25.949214935302734
2020-12-07,0.0
2020-12-08,0.0
2020-12-09,0.0
2020-12-10,9.778254508972168
2020-12-11,2.0007195472717285
2020-12-12,0.0
2020-12-13,0.0
2020-12-14,7.521689414978027
2020-12-15,0.14377591013908386
2020-12-16,10.353143692016602
2020-12-17,0.9299471974372864
2020-12-18,0.0
2020-12-19,0.0
2020-12-20,4.541255474090576
2020-12-21,11.322224617004395
2020-12-22,0.0
2020-12-23,0.21174287796020508
2020-12-24,3.4126639366149902
2020-12-25,3.110776901245117
2020-12-26,16.836824417114258
2020-12-27,1.234552264213562
2020-12-28,40.08135223388672
2020-12-29,5.489677906036377
2020-12-30,15.89071273803711
2020-12-31,10.114151000976562
2021-01-01,1.6135342121124268
2021-01-02,26.725812911987305
2021-01-03,0.26066824793815613
2021-01-04,2.1006577014923096
2021-01-05,74.72599029541016
2021-01-06,71.46002197265625
2021-01-07,3.384782552719116
2021-01-08,0.8288070559501648
2021-01-09,0.7074267864227295
2021-01-10,0.1881931573152542
2021-01-11,0.19478878378868103
2021-01-12,0.3190818428993225
2021-01-13,10.83005428314209
2021-01-14,0.1580936759710312
2021-01-15,1.2572492361068726
2021-01-16,12.960033416748047
2021-01-17,2.121485710144043
2021-01-18,72.91707611083984
2021-01-19,5.266149520874023
2021-01-20,2.677839517593384
2021-01-21,1.0603463649749756
2021-01-22,3.098978042602539
2021-01-23,28.20539665222168
2021-01-24,1.0136511325836182
2021-01-25,0.5692921876907349
2021-01-26,6.118003845214844
2021-01-27,1.616560697555542
2021-01-28,1.1546627283096313
2021-01-29,3.536325454711914
2021-01-30,0.0
2021-01-31,0.17284467816352844
2021-02-01,0.8228898048400879
2021-02-02,3.345552444458008
2021-02-03,4.214822292327881
2021-02-04,1.7336496114730835
2021-02-05,0.0
2021-02-06,0.23470944166183472
2021-02-07,0.8402266502380371
2021-02-08,4.046255588531494
2021-02-09,2.5002083778381348
2021-02-10,39.372440338134766
2021-02-11,2.5988476276397705
2021-02-12,0.8604835271835327
2021-02-13,1.0553929805755615
2021-02-14,8.099517822265625
2021-02-15,18.943172454833984
2021-02-16,1.0478795766830444
2021-02-17,3.26499080657959
2021-02-18,43.07973098754883
2021-02-19,1.3601579666137695
2021-02-20,11.496124267578125
2021-02-21,3.2216415405273438
2021-02-22,9.639337539672852
2021-02-23,0.00323546607978642
2021-02-24,0.0
2021-02-25,0.0
2021-02-26,14.938177108764648
2021-02-27,0.40885886549949646
2021-02-28,3.1874029636383057
2021-03-01,0.016242824494838715
2021-03-02,0.04498013108968735
2021-03-03,0.11023692786693573
2021-03-04,42.79938888549805
2021-03-05,6.77715539932251
2021-03-06,3.2570950984954834
2021-03-07,0.0
2021-03-08,0.24034588038921356
2021-03-09,28.02020835876465
2021-03-10,0.0
2021-03-11,0.0
2021-03-12,0.7885797023773193
2021-03-13,0.0
2021-03-14,19.52365493774414
2021-03-15,4.9223198890686035
2021-03-16,0.2778691053390503
2021-03-17,0.0
2021-03-18,37.421241760253906
2021-03-19,0.0
2021-03-20,0.4641171991825104
2021-03-21,10.90617847442627
2021-03-22,4.7976460456848145
2021-03-23,2.5304718017578125
2021-03-24,6.58771276473999
2021-03-25,1.6633001565933228
2021-03-26,0.4196847677230835
2021-03-27,19.837661743164062
2021-03-28,92.58307647705078
2021-03-29,3.205974817276001
2021-03-30,0.4032057523727417
2021-03-31,2.338909387588501
2021-04-01,42.10448455810547
2021-04-02,7.554851531982422
2021-04-03,4.727248191833496
2021-04-04,31.10403823852539
2021-04-05,1.9625746011734009
2021-04-06,0.341442734003067
2021-04-07,20.360809326171875
2021-04-08,0.004747855011373758
2021-04-09,0.38255536556243896
2021-04-10,0.10073162615299225
2021-04-11,0.22964908182621002
2021-04-12,10.99502944946289
2021-04-13,0.330018550157547
2021-04-14,0.0
2021-04-15,0.05458911880850792
2021-04-16,8.241761207580566
2021-04-17,17.89211082458496
2021-04-18,0.0
2021-04-19,14.890735626220703
2021-04-20,6.286328315734863
2021-04-21,0.0
2021-04-22,0.533902108669281
2021-04-23,0.052147362381219864
2021-04-24,10.513472557067871
2021-04-25,70.22552490234375
2021-04-26,0.0
2021-04-27,3.230252742767334
2021-04-28,3.4896774291992188
2021-04-29,4.9451704025268555
2021-04-30,0.0
2021-05-01,0.0
2021-05-02,0.0
2021-05-03,0.0
2021-05-04,0.0
2021-05-05,5.961799621582031
2021-05-06,1.633409857749939
2021-05-07,10.932779312133789
2021-05-08,0.0
2021-05-09,0.0
2021-05-10,0.0
2021-05-11,0.0
2021-05-12,0.0
2021-05-13,0.0
2021-05-14,1.5157783031463623
2021-05-15,0.010599848814308643
2021-05-16,0.22047868371009827
2021-05-17,0.22047868371009827
2021-05-18,0.22047868371009827
2021-05-19,0.22047868371009827
2021-05-20,0.22047868371009827
2021-05-21,2.204939603805542
2021-05-22,0.06428120285272598
2021-05-23,37.42030334472656
2021-05-24,6.8894548416137695
2021-05-25,0.08501707762479782
2021-05-26,0.0
2021-05-27,0.0
2021-05-28,0.0
2021-05-29,0.0
2021-05-30,4.880805969238281
2021-05-31,3.5037269592285156
2021-06-01,0.751075029373169
2021-06-02,0.0
2021-06-03,0.0
2021-06-04,10.842984199523926
2021-06-05,0.0
2021-06-06,15.288572311401367
2021-06-07,1.5738993883132935
2021-06-08,9.808536529541016
2021-06-09,0.6479573249816895
2021-06-10,1.302024483680725
2021-06-11,47.19426345825195
2021-06-12,0.14430083334445953
2021-06-13,0.0
2021-06-14,0.0
2021-06-15,0.0
2021-06-16,0.2080194056034088
2021-06-17,0.2080194056034088
2021-06-18,0.2080194056034088
2021-06-19,0.2080194056034088
2021-06-20,0.2080194056034088
2021-06-21,0.0
2021-06-22,0.0
2021-06-23,0.0
2021-06-24,0.0
2021-06-25,0.8850135207176208
2021-06-26,0.0
2021-06-27,4.668325424194336
2021-06-28,8.698792457580566
2021-06-29,5.615171432495117
2021-06-30,0.0
2021-07-01,0.38094064593315125
2021-07-02,0.38094064593315125
2021-07-03,0.38094064593315125
2021-07-04,0.38094064593315125
2021-07-05,0.38094064593315125
2021-07-06,0.3880137801170349
2021-07-07,0.3880137801170349
2021-07-08,0.3880137801170349
2021-07-09,0.3880137801170349
2021-07-10,0.3880137801170349
2021-07-11,0.0
2021-07-12,0.0
2021-07-13,0.0
2021-07-14,14.42321491241455
2021-07-15,0.0
2021-07-16,10.034992218017578
2021-07-17,0.0
2021-07-18,0.06480351090431213
2021-07-19,0.0
2021-07-20,0.4017387628555298
2021-07-21,2.832789182662964
2021-07-22,0.0
2021-07-23,0.0
2021-07-24,0.0
2021-07-25,0.0
2021-07-26,0.028115741908550262
2021-07-27,0.028115741908550262
2021-07-28,0.028115741908550262
2021-07-29,0.19681020081043243
2021-07-30,0.028115741908550262
2021-07-31,0.028115741908550262
2021-08-01,0.0
2021-08-02,0.0
2021-08-03,0.0
2021-08-04,0.0
2021-08-05,0.0
2021-08-06,0.07775001972913742
2021-08-07,0.07775001972913742
2021-08-08,0.07775001972913742
2021-08-09,0.07775001972913742
2021-08-10,0.07775001972913742
2021-08-11,0.0
2021-08-12,0.0
2021-08-13,0.0
2021-08-14,0.0
2021-08-15,0.0
2021-08-16,0.0
2021-08-17,0.0
2021-08-18,0.0
2021-08-19,0.0
2021-08-20,0.0
2021-08-21,0.0
2021-08-22,0.0
2021-08-23,0.0
2021-08-24,0.0
2021-08-25,16.18866729736328
2021-08-26,33.63346862792969
2021-08-27,0.0
2021-08-28,0.0
2021-08-29,0.0
2021-08-30,0.0
2021-08-31,0.0
2021-09-01,0.23298843204975128
2021-09-02,0.23298843204975128
2021-09-03,0.23298843204975128
2021-09-04,0.23298843204975128
2021-09-05,0.23298843204975128
2021-09-06,0.0
2021-09-07,0.0
2021-09-08,0.0
2021-09-09,11.4747314453125
2021-09-10,7.5983781814575195
2021-09-11,0.0
2021-09-12,0.0
2021-09-13,0.0
2021-09-14,0.8233217000961304
2021-09-15,13.999117851257324
2021-09-16,0.7884835600852966
2021-09-17,0.7884835600852966
2021-09-18,0.7884835600852966
2021-09-19,0.7884835600852966
2021-09-20,0.7884835600852966
2021-09-21,18.21043586730957
2021-09-22,2.7927680015563965
2021-09-23,0.0
2021-09-24,0.0
2021-09-25,0.0
2021-09-26,0.0034903287887573242
2021-09-27,0.0034903287887573242
2021-09-28,0.0034903287887573242
2021-09-29,0.020941972732543945
2021-09-30,0.0034903287887573242
2021-10-01,0.0
2021-10-02,0.0
2021-10-03,0.0
2021-10-04,18.530742645263672
2021-10-05,0.7667809128761292
2021-10-06,0.0
2021-10-07,0.0
2021-10-08,0.0
2021-10-09,0.0
2021-10-10,0.0
2021-10-11,15.6063232421875
2021-10-12,2.1343986988067627
2021-10-13,0.0
2021-10-14,0.0
2021-10-15,0.013709170743823051
2021-10-16,13.617364883422852
2021-10-17,0.0
2021-10-18,0.14535166323184967
2021-10-19,0.0
2021-10-20,0.0
2021-10-21,0.0
2021-10-22,0.0
2021-10-23,0.0
2021-10-24,13.908464431762695
2021-10-25,14.402050018310547
2021-10-26,0.0
2021-10-27,0.0
2021-10-28,0.0
2021-10-29,0.785850465297699
2021-10-30,0.0
2021-10-31,0.1395326852798462
2021-11-01,1.1130670309066772
2021-11-02,5.6255011558532715
2021-11-03,0.0
2021-11-04,0.0
2021-11-05,0.0
2021-11-06,2.405107259750366
2021-11-07,0.001373562030494213
2021-11-08,0.0
2021-11-09,0.0
2021-11-10,0.0
2021-11-11,5.68616247177124
2021-11-12,1.098017930984497
2021-11-13,1.0332213640213013
2021-11-14,0.13593575358390808
2021-11-15,17.874452590942383
2021-11-16,20.137075424194336
2021-11-17,25.559207916259766
2021-11-18,0.10275638848543167
2021-11-19,0.14240866899490356
2021-11-20,0.0
2021-11-21,0.0
2021-11-22,0.15624456107616425
2021-11-23,6.427199363708496
2021-11-24,9.523073196411133
2021-11-25,1.0514271259307861
2021-11-26,18.131826400756836
2021-11-27,0.6337445974349976
2021-11-28,0.0
2021-11-29,6.937556266784668
2021-11-30,19.613048553466797
2021-12-01,0.0899747982621193
2021-12-02,13.429656982421875
2021-12-03,5.761345386505127
2021-12-04,0.0
2021-12-05,20.812484741210938
2021-12-06,15.122820854187012
2021-12-07,4.131281852722168
2021-12-08,0.15544137358665466
2021-12-09,8.753475189208984
2021-12-10,0.20815806090831757
2021-12-11,0.05388481169939041
2021-12-12,2.602189779281616
2021-12-13,0.0033678007312119007
2021-12-14,19.106264114379883
2021-12-15,27.82853126525879
2021-12-16,7.9904465675354
2021-12-17,0.5839015245437622
2021-12-18,3.815239906311035
2021-12-19,8.788994789123535
2021-12-20,1.804338812828064
2021-12-21,15.795040130615234
2021-12-22,48.789085388183594
2021-12-23,9.219278335571289
2021-12-24,3.447185516357422
2021-12-25,0.5010958313941956
2021-12-26,25.375566482543945
2021-12-27,0.6484602689743042
2021-12-28,0.12470389157533646
2021-12-29,19.57707405090332
2021-12-30,0.10911590605974197
2021-12-31,0.0
2022-01-01,0.0
2022-01-02,0.0
2022-01-03,8.694531440734863
2022-01-04,0.3947065472602844
2022-01-05,12.292579650878906
2022-01-06,0.8746755719184875
2022-01-07,0.03930983692407608
2022-01-08,0.0
2022-01-09,0.6281697154045105
2022-01-10,0.006047667004168034
2022-01-11,0.9094331860542297
2022-01-12,13.464544296264648
2022-01-13,0.0
2022-01-14,11.262839317321777
2022-01-15,0.0
2022-01-16,0.0
2022-01-17,0.0
2022-01-18,8.738597869873047
2022-01-19,2.9069275856018066
2022-01-20,2.7284553050994873
2022-01-21,19.80425262451172
2022-01-22,16.490249633789062
2022-01-23,0.1910415142774582
2022-01-24,3.594623565673828
2022-01-25,0.18994058668613434
2022-01-26,0.0
2022-01-27,0.0
2022-01-28,17.965709686279297
2022-01-29,10.99545955657959
2022-01-30,0.4268694818019867
2022-01-31,0.0
2022-02-01,0.37912121415138245
2022-02-02,0.9095080494880676
2022-02-03,0.0
2022-02-04,0.0
2022-02-05,2.1375036239624023
2022-02-06,67.73171997070312
2022-02-07,2.2618749141693115
2022-02-08,0.0
2022-02-09,0.0
2022-02-10,0.0
2022-02-11,0.0
2022-02-12,65.10836029052734
2022-02-13,7.134743690490723
2022-02-14,0.12088505923748016
2022-02-15,3.4732401371002197
2022-02-16,28.625898361206055
2022-02-17,4.6332855224609375
2022-02-18,17.39386749267578
2022-02-19,0.0
2022-02-20,0.0
2022-02-21,0.0
2022-02-22,0.5280250906944275
2022-02-23,52.06892776489258
2022-02-24,1.2900809049606323
2022-02-25,0.0
2022-02-26,6.932492256164551
2022-02-27,0.0
2022-02-28,0.09311039000749588
2022-03-01,0.2119216024875641
2022-03-02,0.05916457623243332
2022-03-03,1.2559893131256104
2022-03-04,0.0
2022-03-05,25.48423957824707
2022-03-06,0.10506580770015717
2022-03-07,3.4303534030914307
2022-03-08,14.614357948303223
2022-03-09,0.7815607786178589
2022-03-10,0.49046608805656433
2022-03-11,7.251521110534668
2022-03-12,22.577268600463867
2022-03-13,0.13192738592624664
2022-03-14,0.0
2022-03-15,1.0051590204238892
2022-03-16,0.0
2022-03-17,0.0
2022-03-18,0.06806036829948425
2022-03-19,25.927282333374023
2022-03-20,2.6252336502075195
2022-03-21,0.0
2022-03-22,0.0
2022-03-23,0.0
2022-03-24,0.0
2022-03-25,0.0
2022-03-26,33.80896759033203
2022-03-27,0.17116160690784454
2022-03-28,0.0754556655883789
2022-03-29,0.0
2022-03-30,0.17777742445468903
2022-03-31,21.44084358215332
2022-04-01,0.0
2022-04-02,0.0
2022-04-03,0.0
2022-04-04,0.0
2022-04-05,0.0
2022-04-06,0.20300431549549103
2022-04-07,0.0
2022-04-08,0.5473573803901672
2022-04-09,0.0
2022-04-10,0.0
2022-04-11,2.838789463043213
2022-04-12,0.0
2022-04-13,16.777292251586914
2022-04-14,3.5341556072235107
2022-04-15,0.0
2022-04-16,0.0
2022-04-17,0.0
2022-04-18,0.0
2022-04-19,0.0
2022-04-20,0.0
2022-04-21,0.0
2022-04-22,0.0
2022-04-23,0.0
2022-04-24,0.0
2022-04-25,0.0
2022-04-26,0.0
2022-04-27,0.0
2022-04-28,0.0
2022-04-29,12.781155586242676
2022-04-30,0.0
2022-05-01,0.0
2022-05-02,0.27795103192329407
2022-05-03,8.998332977294922
2022-05-04,0.13093486428260803
2022-05-05,0.0
2022-05-06,0.0
2022-05-07,0.0
2022-05-08,0.0
2022-05-09,0.0
2022-05-10,4.907684326171875
2022-05-11,16.6505126953125
2022-05-12,0.0
2022-05-13,0.0
2022-05-14,0.0
2022-05-15,0.0
2022-05-16,0.5939304232597351
2022-05-17,0.5939304232597351
2022-05-18,0.5939304232597351
2022-05-19,0.5939304232597351
2022-05-20,0.5939304232597351
2022-05-21,0.0
2022-05-22,0.0
2022-05-23,0.0
2022-05-24,0.0
2022-05-25,15.402026176452637
2022-05-26,1.3903110027313232
2022-05-27,0.0
2022-05-28,0.0
2022-05-29,0.0
2022-05-30,0.542464554309845
2022-05-31,60.36735916137695
2022-06-01,4.797942161560059
2022-06-02,2.5048904418945312
2022-06-03,0.0
2022-06-04,0.0
2022-06-05,3.007368564605713
2022-06-06,0.0
2022-06-07,3.897566795349121
2022-06-08,0.0
2022-06-09,6.520688533782959
2022-06-10,1.2589582204818726
2022-06-11,0.7168723344802856
2022-06-12,0.7168723344802856
2022-06-13,0.7168723344802856
2022-06-14,0.7168723344802856
2022-06-15,0.7168723344802856
2022-06-16,0.17177198827266693
2022-06-17,0.17177198827266693
2022-06-18,0.17177198827266693
2022-06-19,0.17177198827266693
2022-06-20,0.17177198827266693
2022-06-21,0.054463207721710205
2022-06-22,0.054463207721710205
2022-06-23,0.32677924633026123
2022-06-24,0.054463207721710205
2022-06-25,0.054463207721710205
2022-06-26,0.10590960085391998
2022-06-27,0.10590960085391998
2022-06-28,0.10590960085391998
2022-06-29,0.10590960085391998
2022-06-30,0.10590960085391998
2022-07-01,0.4410746693611145
2022-07-02,0.4410746693611145
2022-07-03,0.4410746693611145
2022-07-04,0.4410746693611145
2022-07-05,0.4410746693611145
2022-07-06,0.0
2022-07-07,0.0
2022-07-08,1.8855305910110474
2022-07-09,0.0
2022-07-10,0.0
2022-07-11,0.5783705115318298
2022-07-12,0.5783705115318298
2022-07-13,0.5783705115318298
2022-07-14,0.5783705115318298
2022-07-15,3.4702231884002686
2022-07-16,1.2454802989959717
2022-07-17,0.9391784071922302
2022-07-18,0.0049370815977454185
2022-07-19,0.0
2022-07-20,0.0
2022-07-21,0.22480762004852295
2022-07-22,0.22480762004852295
2022-07-23,0.22480762004852295
2022-07-24,0.22480762004852295
2022-07-25,0.22480762004852295
2022-07-26,0.0230242982506752
2022-07-27,0.0230242982506752
2022-07-28,0.0230242982506752
2022-07-29,0.0230242982506752
2022-07-30,0.0230242982506752
2022-07-31,0.0230242982506752
2022-08-01,0.0
2022-08-02,3.449784517288208
2022-08-03,0.7991145253181458
2022-08-04,0.11724958568811417
2022-08-05,22.19451332092285
2022-08-06,20.076929092407227
2022-08-07,0.5925266146659851
2022-08-08,3.0215494632720947
2022-08-09,9.184406280517578
2022-08-10,0.0
2022-08-11,0.0
2022-08-12,0.0
2022-08-13,0.0
2022-08-14,0.0
2022-08-15,0.0
2022-08-16,0.0
2022-08-17,2.95444917678833
2022-08-18,12.26098918914795
2022-08-19,14.344804763793945
2022-08-20,0.0
2022-08-21,0.3199537694454193
2022-08-22,0.3199537694454193
2022-08-23,0.3199537694454193
2022-08-24,0.3199537694454193
2022-08-25,0.3199537694454193
2022-08-26,0.0
2022-08-27,6.216637134552002
2022-08-28,0.4814944565296173
2022-08-29,0.0
2022-08-30,0.0
2022-08-31,0.0
2022-09-01,0.14030848443508148
2022-09-02,0.14030848443508148
2022-09-03,0.8418508768081665
2022-09-04,0.14030848443508148
2022-09-05,0.14030848443508148
2022-09-06,0.2785835564136505
2022-09-07,0.2785835564136505
2022-09-08,0.2785835564136505
2022-09-09,0.2785835564136505
2022-09-10,0.2785835564136505
2022-09-11,0.0
2022-09-12,0.0
2022-09-13,18.144807815551758
2022-09-14,68.26502227783203
2022-09-15,8.352006912231445
2022-09-16,1.1204299926757812
2022-09-17,0.0
2022-09-18,0.0
2022-09-19,0.0
2022-09-20,0.0
2022-09-21,0.0
2022-09-22,11.164831161499023
2022-09-23,0.16180913150310516
2022-09-24,0.0
2022-09-25,0.0
2022-09-26,0.9652453064918518
2022-09-27,1.6637609004974365
2022-09-28,5.408707141876221
2022-09-29,57.46514129638672
2022-09-30,0.0
2022-10-01,0.0
2022-10-02,0.0
2022-10-03,0.0
2022-10-04,0.0
2022-10-05,0.0
2022-10-06,1.131273627281189
2022-10-07,23.17124366760254
2022-10-08,0.0
2022-10-09,0.0068999165669083595
2022-10-10,1.33066725730896
2022-10-11,0.0
2022-10-12,1.2659087181091309
2022-10-13,3.3092458248138428
2022-10-14,4.233890056610107
2022-10-15,0.0
2022-10-16,0.0
2022-10-17,3.836123466491699
2022-10-18,0.5269224047660828
2022-10-19,0.1789642721414566
2022-10-20,0.0
2022-10-21,1.8308025598526
2022-10-22,24.221662521362305
2022-10-23,0.0
2022-10-24,0.0
2022-10-25,0.0
2022-10-26,0.0
2022-10-27,8.604645729064941
2022-10-28,0.27856552600860596
2022-10-29,0.0
2022-10-30,0.0
2022-10-31,33.88072204589844
2022-11-01,19.99555015563965
2022-11-02,0.0
2022-11-03,0.0
2022-11-04,0.0
2022-11-05,0.0
2022-11-06,0.0
2022-11-07,0.0
2022-11-08,0.0
2022-11-09,0.0
2022-11-10,3.1780195236206055
2022-11-11,0.0
2022-11-12,0.0824480801820755
2022-11-13,0.002975118113681674
2022-11-14,12.818215370178223
2022-11-15,2.2397119998931885
2022-11-16,0.04721013456583023
2022-11-17,0.0
2022-11-18,0.0
2022-11-19,0.0
2022-11-20,1.688099980354309
2022-11-21,49.80046081542969
2022-11-22,0.0
2022-11-23,0.0
2022-11-24,0.0
2022-11-25,0.0
2022-11-26,0.0
2022-11-27,0.0
2022-11-28,0.0
2022-11-29,0.0
2022-11-30,0.0
2022-12-01,17.181642532348633
2022-12-02,13.470235824584961
2022-12-03,0.0
2022-12-04,0.0
2022-12-05,0.8517193794250488
2022-12-06,46.552947998046875
2022-12-07,7.626511573791504
2022-12-08,0.1125551238656044
2022-12-09,0.01934541016817093
2022-12-10,0.0
2022-12-11,46.539512634277344
2022-12-12,3.8930587768554688
2022-12-13,1.9946038722991943
2022-12-14,3.7900657653808594
2022-12-15,8.540912628173828
2022-12-16,1.3220949172973633
2022-12-17,0.0
2022-12-18,0.014683710411190987
2022-12-19,31.746103286743164
2022-12-20,0.0
2022-12-21,0.0
2022-12-22,0.0
2022-12-23,0.0
2022-12-24,2.318049669265747
2022-12-25,15.516563415527344
2022-12-26,0.0
2022-12-27,0.0
2022-12-28,1.2435969114303589
2022-12-29,27.073455810546875
2022-12-30,1.8549078702926636
2022-12-31,0.5894204378128052
2023-01-01,0.0
2023-01-02,0.0
2023-01-03,0.1656540185213089
2023-01-04,16.388986587524414
2023-01-05,0.5970298647880554
2023-01-06,0.0
2023-01-07,0.0
2023-01-08,0.0
2023-01-09,10.982494354248047
2023-01-10,0.0
2023-01-11,0.0
2023-01-12,0.0
2023-01-13,0.0
2023-01-14,17.51254653930664
2023-01-15,0.05808771401643753
2023-01-16,0.8961548209190369
2023-01-17,0.0
2023-01-18,28.119977951049805
2023-01-19,0.9432604908943176
2023-01-20,0.0
2023-01-21,1.9413083791732788
2023-01-22,1.9413083791732788
2023-01-23,1.9413083791732788
2023-01-24,1.9413083791732788
2023-01-25,1.9413083791732788
2023-01-26,0.0
2023-01-27,0.0
2023-01-28,5.7993879318237305
2023-01-29,50.542415618896484
2023-01-30,1.4373739957809448
2023-01-31,0.0
2023-02-01,0.22509144246578217
2023-02-02,0.12020478397607803
2023-02-03,41.45686721801758
2023-02-04,6.603987693786621
2023-02-05,1.7527438402175903
2023-02-06,0.485009104013443
2023-02-07,9.740452766418457
2023-02-08,39.36674118041992
2023-02-09,0.27247869968414307
2023-02-10,3.467129707336426
2023-02-11,10.043076515197754
2023-02-12,0.03348030894994736
2023-02-13,0.5542488694190979
2023-02-14,13.939453125
2023-02-15,0.3683836758136749
2023-02-16,0.682449996471405
2023-02-17,8.294291496276855
2023-02-18,60.531307220458984
2023-02-19,0.0
2023-02-20,0.09394903481006622
2023-02-21,0.0
2023-02-22,0.14493170380592346
2023-02-23,0.0
2023-02-24,3.021606922149658
2023-02-25,7.655030727386475
2023-02-26,1.0965670347213745
2023-02-27,44.0975227355957
2023-02-28,0.22688737511634827
2023-03-01,0.0
2023-03-02,0.0
2023-03-03,2.876558542251587
2023-03-04,10.107159614562988
2023-03-05,0.0
2023-03-06,0.0
2023-03-07,0.0
2023-03-08,0.01399967260658741
2023-03-09,58.540794372558594
2023-03-10,0.18432903289794922
2023-03-11,0.2907848358154297
2023-03-12,20.20497703552246
2023-03-13,0.0
2023-03-14,1.718502402305603
2023-03-15,10.807988166809082
2023-03-16,20.202953338623047
2023-03-17,5.439732074737549
2023-03-18,0.05506486818194389
2023-03-19,19.95119285583496
2023-03-20,2.2622785568237305
2023-03-21,6.554606914520264
2023-03-22,6.307480335235596
2023-03-23,18.43043327331543
2023-03-24,7.192752361297607
2023-03-25,0.0
2023-03-26,2.9853973388671875
2023-03-27,32.91716384887695
2023-03-28,0.4011722207069397
2023-03-29,0.08996373414993286
2023-03-30,0.06542816758155823
2023-03-31,3.479318857192993
2023-04-01,1.2060014009475708
2023-04-02,0.015066778287291527
2023-04-03,4.631845951080322
2023-04-04,34.0550422668457
2023-04-05,0.5571010708808899
2023-04-06,34.320613861083984
2023-04-07,0.0
2023-04-08,0.0
2023-04-09,0.0
2023-04-10,0.0
2023-04-11,0.2236209213733673
2023-04-12,2.4317626953125
2023-04-13,0.3975483179092407
2023-04-14,0.0
2023-04-15,2.9268572330474854
2023-04-16,0.012563727796077728
2023-04-17,0.34732770919799805
2023-04-18,0.0
2023-04-19,0.0
2023-04-20,10.269021987915039
2023-04-21,0.0
2023-04-22,0.0
2023-04-23,0.0
2023-04-24,0.0
2023-04-25,0.0
2023-04-26,0.13134804368019104
2023-04-27,0.13134804368019104
2023-04-28,0.13134804368019104
2023-04-29,0.13134804368019104
2023-04-30,0.13134804368019104
2023-05-01,1.9308161735534668
2023-05-02,4.04581880569458
2023-05-03,5.9893670082092285
2023-05-04,0.0
2023-05-05,0.05649993568658829
2023-05-06,8.950542449951172
2023-05-07,23.948318481445312
2023-05-08,35.80601119995117
2023-05-09,5.2920403480529785
2023-05-10,1.271074891090393
2023-05-11,0.26637038588523865
2023-05-12,0.26637038588523865
2023-05-13,0.26637038588523865
2023-05-14,0.26637038588523865
2023-05-15,0.26637038588523865
2023-05-16,0.0
2023-05-17,0.0
2023-05-18,2.79435658454895
2023-05-19,2.5307867527008057
2023-05-20,2.194347620010376
2023-05-21,0.0
2023-05-22,0.0
2023-05-23,35.55786895751953
2023-05-24,0.0
2023-05-25,0.0
2023-05-26,0.0
2023-05-27,0.03436034545302391
2023-05-28,17.05710220336914
2023-05-29,27.721309661865234
2023-05-30,0.0
2023-05-31,0.0
2023-06-01,0.0
2023-06-02,0.0
2023-06-03,0.0
2023-06-04,0.0
2023-06-05,0.0
2023-06-06,0.17623896896839142
2023-06-07,0.17623896896839142
2023-06-08,0.17623896896839142
2023-06-09,0.17623896896839142
2023-06-10,1.057433843612671
2023-06-11,0.2442270815372467
2023-06-12,7.92106294631958
2023-06-13,7.318488121032715
2023-06-14,0.0
2023-06-15,0.0
2023-06-16,0.18937285244464874
2023-06-17,0.18937285244464874
2023-06-18,0.18937285244464874
2023-06-19,0.18937285244464874
2023-06-20,0.18937285244464874
2023-06-21,0.17265339195728302
2023-06-22,0.17265339195728302
2023-06-23,0.17265339195728302
2023-06-24,0.17265339195728302
2023-06-25,0.17265339195728302
2023-06-26,0.0
2023-06-27,0.0
2023-06-28,0.0
2023-06-29,2.305795669555664
2023-06-30,0.0
2023-07-01,0.17902740836143494
2023-07-02,0.17902740836143494
2023-07-03,0.17902740836143494
2023-07-04,0.17902740836143494
2023-07-05,0.17902740836143494
2023-07-06,0.37684759497642517
2023-07-07,2.2610855102539062
2023-07-08,0.37684759497642517
2023-07-09,0.37684759497642517
2023-07-10,0.37684759497642517
2023-07-11,0.0
2023-07-12,0.0
2023-07-13,14.296188354492188
2023-07-14,0.0
2023-07-15,0.0
2023-07-16,0.12828755378723145
2023-07-17,0.12828755378723145
2023-07-18,0.12828755378723145
2023-07-19,0.12828755378723145
2023-07-20,0.12828755378723145
2023-07-21,0.20811903476715088
2023-07-22,0.20811903476715088
2023-07-23,0.20811903476715088
2023-07-24,0.20811903476715088
2023-07-25,0.20811903476715088
2023-07-26,0.0
2023-07-27,0.5074279308319092
2023-07-28,0.0
2023-07-29,0.08087139576673508
2023-07-30,0.0
2023-07-31,0.0
2023-08-01,0.0
2023-08-02,0.0
2023-08-03,0.0
2023-08-04,0.0
2023-08-05,0.0
2023-08-06,0.0
2023-08-07,2.365128517150879
2023-08-08,9.37919807434082
2023-08-09,0.0
2023-08-10,0.0
2023-08-11,0.0
2023-08-12,0.9619868397712708
2023-08-13,6.707897663116455
2023-08-14,2.3397531509399414
2023-08-15,0.0
2023-08-16,0.0
2023-08-17,0.0
2023-08-18,0.0
2023-08-19,0.0
2023-08-20,0.0
2023-08-21,0.23433063924312592
2023-08-22,0.23433063924312592
2023-08-23,0.23433063924312592
2023-08-24,0.23433063924312592
2023-08-25,0.23433063924312592
2023-08-26,0.27857351303100586
2023-08-27,0.27857351303100586
2023-08-28,0.27857351303100586
2023-08-29,0.27857351303100586
2023-08-30,0.27857351303100586
2023-08-31,0.27857351303100586
2023-09-01,0.0
2023-09-02,0.11206570267677307
2023-09-03,10.993638038635254
2023-09-04,23.802762985229492
2023-09-05,0.0
2023-09-06,18.36370277404785
2023-09-07,0.0
2023-09-08,0.0
2023-09-09,0.0
2023-09-10,0.0
2023-09-11,0.0
2023-09-12,0.0
2023-09-13,2.450054883956909
2023-09-14,0.0
2023-09-15,0.0
2023-09-16,0.0
2023-09-17,0.0
2023-09-18,0.0
2023-09-19,3.0275001525878906
2023-09-20,0.49096566438674927
2023-09-21,0.0
2023-09-22,0.0
2023-09-23,0.0
2023-09-24,0.0
2023-09-25,0.0
2023-09-26,0.014687471091747284
2023-09-27,20.576946258544922
2023-09-28,0.011820283718407154
2023-09-29,0.0
2023-09-30,0.5595654845237732
2023-10-01,0.0
2023-10-02,0.0
2023-10-03,0.0
2023-10-04,0.0
2023-10-05,0.0
2023-10-06,0.0
2023-10-07,0.0
2023-10-08,0.0
2023-10-09,0.0
2023-10-10,0.0
2023-10-11,0.0
2023-10-12,0.0
2023-10-13,18.332082748413086
2023-10-14,0.0
2023-10-15,0.0
2023-10-16,0.0
2023-10-17,0.0
2023-10-18,0.0
2023-10-19,0.0
2023-10-20,15.282425880432129
2023-10-21,0.0
2023-10-22,0.0
2023-10-23,0.0
2023-10-24,0.0
2023-10-25,2.2800772190093994
2023-10-26,17.969192504882812
2023-10-27,19.09361457824707
2023-10-28,17.81228256225586
2023-10-29,0.0
2023-10-30,0.3029361665248871
2023-10-31,0.09388715028762817
2023-11-01,8.206796646118164
2023-11-02,0.0
2023-11-03,0.0
2023-11-04,3.6141674518585205
2023-11-05,0.0
2023-11-06,0.0
2023-11-07,0.0
2023-11-08,5.2835283279418945
2023-11-09,0.2999805808067322
2023-11-10,0.0
2023-11-11,0.0
2023-11-12,0.0
2023-11-13,11.743874549865723
2023-11-14,2.298255681991577
2023-11-15,0.6996275782585144
2023-11-16,2.6504178047180176
2023-11-17,0.0
2023-11-18,0.0
2023-11-19,7.1164727210998535
2023-11-20,12.309503555297852
2023-11-21,1.2277480363845825
2023-11-22,0.0
2023-11-23,1.0117965936660767
2023-11-24,21.59388542175293
2023-11-25,0.0
2023-11-26,4.4118547439575195
2023-11-27,0.11822592467069626
2023-11-28,51.597286224365234
2023-11-29,1.284311294555664
2023-11-30,0.004516692832112312
2023-12-01,0.0
2023-12-02,0.20578375458717346
2023-12-03,6.017729759216309
2023-12-04,1.9225767850875854
2023-12-05,34.42430877685547
2023-12-06,0.0
2023-12-07,0.0
2023-12-08,13.65068244934082
2023-12-09,0.2969832420349121
2023-12-10,0.0
2023-12-11,0.44271424412727356
2023-12-12,7.782311916351318
2023-12-13,0.3780880570411682
2023-12-14,0.3352326452732086
2023-12-15,24.446197509765625
2023-12-16,8.387046813964844
2023-12-17,0.0
2023-12-18,0.0
2023-12-19,9.193929672241211
2023-12-20,23.563636779785156
2023-12-21,9.130749702453613
2023-12-22,0.0
2023-12-23,24.436077117919922
2023-12-24,4.006788730621338
2023-12-25,3.2527098655700684
2023-12-26,6.068137168884277
2023-12-27,8.034595489501953
2023-12-28,0.0
2023-12-29,0.0
2023-12-30,4.416018009185791
2023-12-31,13.530878067016602
