fecha,Precipitacion
1998-01-01,0.782516360282898
1998-01-02,28.815916061401367
1998-01-03,0.6589611768722534
1998-01-04,5.172946453094482
1998-01-05,4.189703941345215
1998-01-06,22.491722106933594
1998-01-07,2.9755585193634033
1998-01-08,3.5712053775787354
1998-01-09,0.5854325890541077
1998-01-10,0.0256670955568552
1998-01-11,0.0
1998-01-12,1.440845012664795
1998-01-13,20.392318725585938
1998-01-14,0.09250902384519577
1998-01-15,0.19064515829086304
1998-01-16,1.0145167112350464
1998-01-17,0.0
1998-01-18,18.396392822265625
1998-01-19,20.3990421295166
1998-01-20,9.730727195739746
1998-01-21,10.555160522460938
1998-01-22,0.0865572988986969
1998-01-23,14.29031753540039
1998-01-24,0.9462804794311523
1998-01-25,4.134285926818848
1998-01-26,6.367222309112549
1998-01-27,7.730169296264648
1998-01-28,4.3702545166015625
1998-01-29,2.1638314723968506
1998-01-30,6.22921085357666
1998-01-31,2.869084596633911
1998-02-01,22.342222213745117
1998-02-02,32.324981689453125
1998-02-03,0.0
1998-02-04,0.0
1998-02-05,0.05897217243909836
1998-02-06,4.815418243408203
1998-02-07,32.03529739379883
1998-02-08,1.351389765739441
1998-02-09,8.510489463806152
1998-02-10,3.874053716659546
1998-02-11,1.3674371242523193
1998-02-12,0.0
1998-02-13,0.0
1998-02-14,0.0
1998-02-15,7.297264099121094
1998-02-16,9.188087463378906
1998-02-17,0.5410735011100769
1998-02-18,15.823920249938965
1998-02-19,49.55253219604492
1998-02-20,25.786907196044922
1998-02-21,13.357325553894043
1998-02-22,48.08485412597656
1998-02-23,5.389087677001953
1998-02-24,2.532153367996216
1998-02-25,1.137589931488037
1998-02-26,9.723833084106445
1998-02-27,4.7752766609191895
1998-02-28,30.174663543701172
1998-03-01,3.853307008743286
1998-03-02,2.9134087562561035
1998-03-03,4.080540180206299
1998-03-04,0.0
1998-03-05,0.0
1998-03-06,0.0
1998-03-07,1.8791797161102295
1998-03-08,9.44248104095459
1998-03-09,2.1307899951934814
1998-03-10,0.0
1998-03-11,31.18836784362793
1998-03-12,11.779813766479492
1998-03-13,1.3348824977874756
1998-03-14,0.04005496948957443
1998-03-15,13.001452445983887
1998-03-16,1.700307011604309
1998-03-17,0.0
1998-03-18,0.0
1998-03-19,33.82735061645508
1998-03-20,0.2444145828485489
1998-03-21,0.0
1998-03-22,0.0
1998-03-23,0.0
1998-03-24,0.0
1998-03-25,4.2892608642578125
1998-03-26,0.5976915955543518
1998-03-27,0.0
1998-03-28,15.64794635772705
1998-03-29,0.48568394780158997
1998-03-30,5.629692554473877
1998-03-31,1.4604829549789429
1998-04-01,11.128470420837402
1998-04-02,0.0
1998-04-03,0.0
1998-04-04,0.0
1998-04-05,0.0
1998-04-06,0.18220490217208862
1998-04-07,1.0221058130264282
1998-04-08,7.697998046875
1998-04-09,11.778533935546875
1998-04-10,0.0
1998-04-11,0.0
1998-04-12,7.681004047393799
1998-04-13,0.0
1998-04-14,0.0
1998-04-15,0.2577412724494934
1998-04-16,0.6198362112045288
1998-04-17,52.52572250366211
1998-04-18,0.0
1998-04-19,0.0
1998-04-20,0.0
1998-04-21,0.0
1998-04-22,11.193780899047852
1998-04-23,0.0
1998-04-24,0.0
1998-04-25,18.216224670410156
1998-04-26,29.504878997802734
1998-04-27,1.5358855724334717
1998-04-28,0.0
1998-04-29,0.8306993842124939
1998-04-30,0.0
1998-05-01,0.0
1998-05-02,0.0
1998-05-03,0.0
1998-05-04,0.0
1998-05-05,0.0
1998-05-06,0.0
1998-05-07,0.0
1998-05-08,0.0
1998-05-09,0.0
1998-05-10,0.0
1998-05-11,1.368869423866272
1998-05-12,2.263843059539795
1998-05-13,2.076580047607422
1998-05-14,4.990081310272217
1998-05-15,13.514487266540527
1998-05-16,0.0
1998-05-17,0.0
1998-05-18,0.0
1998-05-19,0.0
1998-05-20,0.0
1998-05-21,0.0
1998-05-22,0.0
1998-05-23,0.0
1998-05-24,0.0
1998-05-25,0.0
1998-05-26,0.01167659554630518
1998-05-27,30.82306671142578
1998-05-28,0.0
1998-05-29,0.0
1998-05-30,0.5363739132881165
1998-05-31,0.02335319109261036
1998-06-01,0.0
1998-06-02,0.0
1998-06-03,0.0
1998-06-04,0.0
1998-06-05,0.0
1998-06-06,0.019623540341854095
1998-06-07,0.019623540341854095
1998-06-08,0.019623540341854095
1998-06-09,0.019623540341854095
1998-06-10,0.019623540341854095
1998-06-11,16.513172149658203
1998-06-12,1.0892183780670166
1998-06-13,0.0
1998-06-14,0.029175231233239174
1998-06-15,0.0
1998-06-16,0.0
1998-06-17,0.0
1998-06-18,0.0
1998-06-19,0.0
1998-06-20,0.0
1998-06-21,0.0
1998-06-22,0.0
1998-06-23,0.0
1998-06-24,0.0
1998-06-25,0.0
1998-06-26,0.0
1998-06-27,0.0
1998-06-28,0.0
1998-06-29,0.0
1998-06-30,0.0
1998-07-01,0.04251668229699135
1998-07-02,0.04251668229699135
1998-07-03,0.04251668229699135
1998-07-04,0.04251668229699135
1998-07-05,0.04251668229699135
1998-07-06,0.03769474849104881
1998-07-07,0.03769474849104881
1998-07-08,0.03769474849104881
1998-07-09,0.22616848349571228
1998-07-10,0.03769474849104881
1998-07-11,0.0
1998-07-12,0.0
1998-07-13,0.0
1998-07-14,0.0
1998-07-15,0.0
1998-07-16,0.08083012700080872
1998-07-17,0.08083012700080872
1998-07-18,0.08083012700080872
1998-07-19,0.4849807918071747
1998-07-20,0.08083012700080872
1998-07-21,0.08209331333637238
1998-07-22,0.08209331333637238
1998-07-23,0.08209331333637238
1998-07-24,0.08209331333637238
1998-07-25,0.08209331333637238
1998-07-26,0.0
1998-07-27,0.0
1998-07-28,0.0
1998-07-29,0.0
1998-07-30,0.0
1998-07-31,0.0
1998-08-01,0.0
1998-08-02,0.0
1998-08-03,0.0
1998-08-04,1.7307720184326172
1998-08-05,36.25636291503906
1998-08-06,0.0
1998-08-07,0.0
1998-08-08,0.0
1998-08-09,0.0
1998-08-10,0.0
1998-08-11,0.0
1998-08-12,0.0
1998-08-13,0.0
1998-08-14,0.0
1998-08-15,0.0
1998-08-16,0.0
1998-08-17,0.0
1998-08-18,0.0
1998-08-19,0.0
1998-08-20,0.0
1998-08-21,0.0
1998-08-22,0.0
1998-08-23,0.0
1998-08-24,0.0
1998-08-25,0.45116114616394043
1998-08-26,16.763891220092773
1998-08-27,0.0
1998-08-28,1.055069923400879
1998-08-29,0.0
1998-08-30,0.0
1998-08-31,10.550699234008789
1998-09-01,0.0
1998-09-02,0.0
1998-09-03,0.0
1998-09-04,0.0
1998-09-05,14.082901000976562
1998-09-06,11.837563514709473
1998-09-07,0.5818461775779724
1998-09-08,1.0841171741485596
1998-09-09,61.97843933105469
1998-09-10,0.7072195410728455
1998-09-11,0.08117126673460007
1998-09-12,0.08117126673460007
1998-09-13,0.08117126673460007
1998-09-14,0.08117126673460007
1998-09-15,0.08117126673460007
1998-09-16,0.5252737402915955
1998-09-17,1.115170955657959
1998-09-18,31.587926864624023
1998-09-19,4.744054794311523
1998-09-20,6.564162254333496
1998-09-21,0.0
1998-09-22,0.0
1998-09-23,0.0
1998-09-24,0.0
1998-09-25,0.0
1998-09-26,0.0
1998-09-27,0.0
1998-09-28,15.839242935180664
1998-09-29,45.017250061035156
1998-09-30,0.06649237871170044
1998-10-01,0.0
1998-10-02,0.0
1998-10-03,0.0
1998-10-04,0.0
1998-10-05,0.0
1998-10-06,1.0786728858947754
1998-10-07,1.203510046005249
1998-10-08,0.2673313617706299
1998-10-09,9.815866470336914
1998-10-10,0.05882466211915016
1998-10-11,0.0
1998-10-12,0.027883904054760933
1998-10-13,20.398582458496094
1998-10-14,13.681767463684082
1998-10-15,0.0
1998-10-16,0.0
1998-10-17,7.073121547698975
1998-10-18,0.27402231097221375
1998-10-19,0.240757554769516
1998-10-20,0.0
1998-10-21,0.0
1998-10-22,0.370255708694458
1998-10-23,0.45296818017959595
1998-10-24,9.530243873596191
1998-10-25,0.0029717194847762585
1998-10-26,0.0
1998-10-27,27.944637298583984
1998-10-28,0.39681246876716614
1998-10-29,0.586901843547821
1998-10-30,2.0730459690093994
1998-10-31,0.1863374263048172
1998-11-01,14.443855285644531
1998-11-02,0.2767072319984436
1998-11-03,2.142827272415161
1998-11-04,5.045871257781982
1998-11-05,1.0768580436706543
1998-11-06,0.0
1998-11-07,3.0041210651397705
1998-11-08,0.9334155917167664
1998-11-09,24.996747970581055
1998-11-10,9.75302791595459
1998-11-11,26.926054000854492
1998-11-12,29.30898666381836
1998-11-13,7.025937557220459
1998-11-14,3.0680930614471436
1998-11-15,0.05794619768857956
1998-11-16,0.0
1998-11-17,6.941004276275635
1998-11-18,36.86425018310547
1998-11-19,2.664856195449829
1998-11-20,0.0
1998-11-21,0.3865222632884979
1998-11-22,0.9925892949104309
1998-11-23,10.022652626037598
1998-11-24,0.0
1998-11-25,13.310310363769531
1998-11-26,27.587135314941406
1998-11-27,0.8486531972885132
1998-11-28,0.005322713404893875
1998-11-29,4.147181034088135
1998-11-30,14.228169441223145
1998-12-01,1.8643243312835693
1998-12-02,3.1130483150482178
1998-12-03,2.0414605140686035
1998-12-04,0.633217990398407
1998-12-05,18.209035873413086
1998-12-06,4.975573539733887
1998-12-07,21.849414825439453
1998-12-08,18.908369064331055
1998-12-09,4.2481584548950195
1998-12-10,44.35578536987305
1998-12-11,0.0
1998-12-12,0.0
1998-12-13,12.462533950805664
1998-12-14,0.0
1998-12-15,0.0
1998-12-16,0.0
1998-12-17,0.0
1998-12-18,0.0
1998-12-19,0.0
1998-12-20,0.0
1998-12-21,0.0
1998-12-22,34.277530670166016
1998-12-23,0.09339211881160736
1998-12-24,0.0
1998-12-25,4.070581912994385
1998-12-26,5.919453144073486
1998-12-27,8.227174758911133
1998-12-28,0.0
1998-12-29,0.9964075684547424
1998-12-30,20.245386123657227
1998-12-31,4.704289436340332
1999-01-01,0.3134270906448364
1999-01-02,47.57221984863281
1999-01-03,8.955787658691406
1999-01-04,1.1393163204193115
1999-01-05,3.192199230194092
1999-01-06,20.20451545715332
1999-01-07,0.8419337272644043
1999-01-08,0.2496005743741989
1999-01-09,10.36463737487793
1999-01-10,0.0
1999-01-11,0.2161732167005539
1999-01-12,8.587830543518066
1999-01-13,1.426169514656067
1999-01-14,23.884342193603516
1999-01-15,0.0
1999-01-16,8.287188529968262
1999-01-17,0.0
1999-01-18,2.11714506149292
1999-01-19,22.201095581054688
1999-01-20,34.46567153930664
1999-01-21,8.218270301818848
1999-01-22,4.100209712982178
1999-01-23,8.835092544555664
1999-01-24,3.6881699562072754
1999-01-25,12.029875755310059
1999-01-26,8.729126930236816
1999-01-27,0.026360785588622093
1999-01-28,0.0
1999-01-29,0.34719306230545044
1999-01-30,33.575439453125
1999-01-31,0.008786927908658981
1999-02-01,0.31272944808006287
1999-02-02,0.12736810743808746
1999-02-03,16.07269859313965
1999-02-04,0.4623047411441803
1999-02-05,6.176146507263184
1999-02-06,0.0
1999-02-07,7.211951732635498
1999-02-08,7.473481178283691
1999-02-09,5.86908483505249
1999-02-10,25.80234146118164
1999-02-11,10.249062538146973
1999-02-12,2.16047739982605
1999-02-13,0.0
1999-02-14,2.9678432941436768
1999-02-15,14.349608421325684
1999-02-16,0.8332418203353882
1999-02-17,2.2519028186798096
1999-02-18,35.959110260009766
1999-02-19,0.7243744730949402
1999-02-20,0.0
1999-02-21,10.367620468139648
1999-02-22,2.0048444271087646
1999-02-23,4.719234466552734
1999-02-24,22.601789474487305
1999-02-25,3.358738422393799
1999-02-26,3.0892460346221924
1999-02-27,3.7451717853546143
1999-02-28,6.467658042907715
1999-03-01,8.150199890136719
1999-03-02,2.334707021713257
1999-03-03,18.544689178466797
1999-03-04,7.115993022918701
1999-03-05,5.820300579071045
1999-03-06,0.005003379192203283
1999-03-07,0.2474832385778427
1999-03-08,7.376087665557861
1999-03-09,4.81464958190918
1999-03-10,37.35040283203125
1999-03-11,15.415557861328125
1999-03-12,9.344496726989746
1999-03-13,0.0
1999-03-14,0.14642618596553802
1999-03-15,3.899538993835449
1999-03-16,1.0972533226013184
1999-03-17,0.014015818014740944
1999-03-18,0.0
1999-03-19,44.76951217651367
1999-03-20,0.4835457503795624
1999-03-21,1.5111048221588135
1999-03-22,2.2802746295928955
1999-03-23,2.7552661895751953
1999-03-24,14.05329418182373
1999-03-25,33.373634338378906
1999-03-26,1.484941005706787
1999-03-27,0.0
1999-03-28,0.01853661984205246
1999-03-29,0.0
1999-03-30,21.970264434814453
1999-03-31,18.888612747192383
1999-04-01,0.0
1999-04-02,0.7219297289848328
1999-04-03,1.43359375
1999-04-04,0.0
1999-04-05,0.0
1999-04-06,4.072506904602051
1999-04-07,2.2293267250061035
1999-04-08,3.9203126430511475
1999-04-09,7.101994514465332
1999-04-10,0.0
1999-04-11,5.803961277008057
1999-04-12,6.9378886222839355
1999-04-13,2.4824202060699463
1999-04-14,12.356037139892578
1999-04-15,4.169339656829834
1999-04-16,11.653213500976562
1999-04-17,4.360660076141357
1999-04-18,1.6952377557754517
1999-04-19,2.6556971073150635
1999-04-20,0.1343928575515747
1999-04-21,0.0
1999-04-22,0.9159014225006104
1999-04-23,0.0
1999-04-24,0.0
1999-04-25,0.0011183167807757854
1999-04-26,0.0
1999-04-27,0.0
1999-04-28,27.772705078125
1999-04-29,0.0
1999-04-30,0.05388167127966881
1999-05-01,0.05960151553153992
1999-05-02,5.348758220672607
1999-05-03,7.713905334472656
1999-05-04,0.07804960012435913
1999-05-05,0.0
1999-05-06,0.0
1999-05-07,11.003604888916016
1999-05-08,0.0
1999-05-09,0.0
1999-05-10,0.0
1999-05-11,0.0
1999-05-12,0.0
1999-05-13,0.0
1999-05-14,0.0
1999-05-15,0.0
1999-05-16,0.0
1999-05-17,0.010830074548721313
1999-05-18,10.731241226196289
1999-05-19,0.23150257766246796
1999-05-20,0.03519774228334427
1999-05-21,0.0
1999-05-22,0.0
1999-05-23,0.0
1999-05-24,0.0
1999-05-25,19.112714767456055
1999-05-26,23.14687156677246
1999-05-27,0.0
1999-05-28,0.45521578192710876
1999-05-29,0.0
1999-05-30,0.563626766204834
1999-05-31,0.3929932117462158
1999-06-01,0.0
1999-06-02,0.0
1999-06-03,0.0
1999-06-04,0.0
1999-06-05,0.0
1999-06-06,0.051119159907102585
1999-06-07,0.0
1999-06-08,0.0
1999-06-09,0.0
1999-06-10,0.06466358155012131
1999-06-11,0.0
1999-06-12,0.0
1999-06-13,0.0
1999-06-14,0.0
1999-06-15,0.0
1999-06-16,0.0
1999-06-17,0.0
1999-06-18,11.254352569580078
1999-06-19,0.747080385684967
1999-06-20,0.2567457854747772
1999-06-21,0.0
1999-06-22,0.0
1999-06-23,0.0
1999-06-24,0.0
1999-06-25,0.0
1999-06-26,0.0
1999-06-27,0.0
1999-06-28,0.0
1999-06-29,0.0
1999-06-30,0.0
1999-07-01,0.0021568629890680313
1999-07-02,0.0
1999-07-03,0.0
1999-07-04,0.6147468090057373
1999-07-05,0.0
1999-07-06,0.28926002979278564
1999-07-07,0.04821000620722771
1999-07-08,0.04821000620722771
1999-07-09,0.04821000620722771
1999-07-10,0.04821000620722771
1999-07-11,0.0
1999-07-12,0.0
1999-07-13,0.0
1999-07-14,0.0
1999-07-15,0.0
1999-07-16,0.0
1999-07-17,1.0755391120910645
1999-07-18,0.0
1999-07-19,0.0
1999-07-20,0.0
1999-07-21,0.1061326414346695
1999-07-22,0.1061326414346695
1999-07-23,0.1061326414346695
1999-07-24,0.1061326414346695
1999-07-25,0.1061326414346695
1999-07-26,0.0
1999-07-27,0.0
1999-07-28,0.0
1999-07-29,0.0
1999-07-30,0.0
1999-07-31,0.0
1999-08-01,0.0
1999-08-02,0.0
1999-08-03,0.0
1999-08-04,0.0
1999-08-05,0.0
1999-08-06,0.0
1999-08-07,0.0
1999-08-08,0.0
1999-08-09,0.0
1999-08-10,0.0
1999-08-11,0.0
1999-08-12,0.0
1999-08-13,0.0
1999-08-14,0.0
1999-08-15,0.0
1999-08-16,0.0
1999-08-17,0.0
1999-08-18,0.0
1999-08-19,0.0
1999-08-20,0.0
1999-08-21,0.10218049585819244
1999-08-22,0.10218049585819244
1999-08-23,0.10218049585819244
1999-08-24,0.10218049585819244
1999-08-25,0.10218049585819244
1999-08-26,0.2462838739156723
1999-08-27,0.2462838739156723
1999-08-28,0.2462838739156723
1999-08-29,0.2462838739156723
1999-08-30,0.2462838739156723
1999-08-31,0.2462838739156723
1999-09-01,0.1852990686893463
1999-09-02,0.1852990686893463
1999-09-03,0.1852990686893463
1999-09-04,0.1852990686893463
1999-09-05,0.1852990686893463
1999-09-06,0.0
1999-09-07,0.0
1999-09-08,0.0
1999-09-09,51.46806716918945
1999-09-10,21.75107192993164
1999-09-11,0.0
1999-09-12,0.0
1999-09-13,0.0
1999-09-14,0.273461252450943
1999-09-15,28.382822036743164
1999-09-16,6.6857733726501465
1999-09-17,0.022176021710038185
1999-09-18,0.0
1999-09-19,11.064866065979004
1999-09-20,0.1640932559967041
1999-09-21,0.0
1999-09-22,0.0
1999-09-23,0.0
1999-09-24,0.0
1999-09-25,16.744314193725586
1999-09-26,0.0
1999-09-27,0.0
1999-09-28,0.0
1999-09-29,0.0
1999-09-30,0.0
1999-10-01,0.007246616296470165
1999-10-02,2.3748888969421387
1999-10-03,1.499152421951294
1999-10-04,0.0
1999-10-05,0.0
1999-10-06,0.0
1999-10-07,0.0
1999-10-08,0.0
1999-10-09,0.0
1999-10-10,0.0
1999-10-11,0.0
1999-10-12,0.0
1999-10-13,0.0
1999-10-14,0.0
1999-10-15,0.0
1999-10-16,0.0
1999-10-17,1.9004005193710327
1999-10-18,0.015218320302665234
1999-10-19,2.423567533493042
1999-10-20,0.0
1999-10-21,0.0
1999-10-22,8.692497253417969
1999-10-23,0.19868992269039154
1999-10-24,0.48515158891677856
1999-10-25,5.029772758483887
1999-10-26,14.428689956665039
1999-10-27,11.937984466552734
1999-10-28,2.370422601699829
1999-10-29,0.0
1999-10-30,0.0
1999-10-31,0.0
1999-11-01,0.25984326004981995
1999-11-02,0.5740709900856018
1999-11-03,54.90913391113281
1999-11-04,9.380380630493164
1999-11-05,1.0591531991958618
1999-11-06,0.0
1999-11-07,0.0
1999-11-08,6.907130241394043
1999-11-09,32.96603775024414
1999-11-10,3.9717891216278076
1999-11-11,0.6098320484161377
1999-11-12,0.0
1999-11-13,0.0
1999-11-14,0.2687452435493469
1999-11-15,0.004479272291064262
1999-11-16,0.15658174455165863
1999-11-17,5.988139629364014
1999-11-18,7.859386444091797
1999-11-19,0.0
1999-11-20,34.66288757324219
1999-11-21,0.01815243810415268
1999-11-22,0.0
1999-11-23,19.051559448242188
1999-11-24,0.2963453233242035
1999-11-25,0.0
1999-11-26,6.605129718780518
1999-11-27,36.572776794433594
1999-11-28,0.16207754611968994
1999-11-29,0.0
1999-11-30,0.45283135771751404
1999-12-01,0.0
1999-12-02,0.0
1999-12-03,20.97463035583496
1999-12-04,2.1823995113372803
1999-12-05,0.026474541053175926
1999-12-06,43.0760612487793
1999-12-07,23.559484481811523
1999-12-08,2.2654120922088623
1999-12-09,0.0
1999-12-10,5.208249568939209
1999-12-11,0.8207833170890808
1999-12-12,17.91338348388672
1999-12-13,14.708370208740234
1999-12-14,4.565173149108887
1999-12-15,4.773547172546387
1999-12-16,1.0581215620040894
1999-12-17,0.015626229345798492
1999-12-18,0.6287437677383423
1999-12-19,3.4659225940704346
1999-12-20,13.723225593566895
1999-12-21,2.3371715545654297
1999-12-22,2.358802556991577
1999-12-23,0.1160862073302269
1999-12-24,5.479927062988281
1999-12-25,9.819310188293457
1999-12-26,2.739574909210205
1999-12-27,1.0506980419158936
1999-12-28,0.044859860092401505
1999-12-29,0.08651807904243469
1999-12-30,7.0018839836120605
1999-12-31,32.71075439453125
2000-01-01,0.0
2000-01-02,1.2949252128601074
2000-01-03,0.004177814815193415
2000-01-04,0.0
2000-01-05,12.360262870788574
2000-01-06,0.47883710265159607
2000-01-07,15.685338020324707
2000-01-08,6.047170639038086
2000-01-09,1.9555236101150513
2000-01-10,53.96934127807617
2000-01-11,9.031416893005371
2000-01-12,7.47864294052124
2000-01-13,0.0
2000-01-14,1.3572102785110474
2000-01-15,8.33630657196045
2000-01-16,3.9444072246551514
2000-01-17,0.008434189483523369
2000-01-18,0.6847424507141113
2000-01-19,9.182331085205078
2000-01-20,0.04027067869901657
2000-01-21,0.0
2000-01-22,0.0
2000-01-23,1.5274587869644165
2000-01-24,8.06550407409668
2000-01-25,2.105921745300293
2000-01-26,2.867222547531128
2000-01-27,0.13324706256389618
2000-01-28,34.75559616088867
2000-01-29,1.845626711845398
2000-01-30,0.11424300819635391
2000-01-31,0.07298606634140015
2000-02-01,8.433586120605469
2000-02-02,0.11416458338499069
2000-02-03,0.0
2000-02-04,0.8676078915596008
2000-02-05,3.94189715385437
2000-02-06,0.18565617501735687
2000-02-07,0.5022163987159729
2000-02-08,13.559087753295898
2000-02-09,0.6522735953330994
2000-02-10,0.0
2000-02-11,0.0
2000-02-12,0.0994921326637268
2000-02-13,0.538234293460846
2000-02-14,23.9990177154541
2000-02-15,0.01243651658296585
2000-02-16,0.0
2000-02-17,4.744604110717773
2000-02-18,0.0
2000-02-19,2.6384546756744385
2000-02-20,0.7404030561447144
2000-02-21,8.599336624145508
2000-02-22,25.91779327392578
2000-02-23,0.6554653644561768
2000-02-24,0.0
2000-02-25,3.3099751472473145
2000-02-26,2.046778678894043
2000-02-27,11.521464347839355
2000-02-28,0.0
2000-02-29,9.610909461975098
2000-03-01,0.0
2000-03-02,0.2845936715602875
2000-03-03,0.0
2000-03-04,0.1915581226348877
2000-03-05,27.541051864624023
2000-03-06,20.077678680419922
2000-03-07,9.745574951171875
2000-03-08,0.008202900178730488
2000-03-09,2.9070043563842773
2000-03-10,0.7016407251358032
2000-03-11,3.885477066040039
2000-03-12,0.042066410183906555
2000-03-13,0.25975945591926575
2000-03-14,0.6941072940826416
2000-03-15,45.22555923461914
2000-03-16,0.0
2000-03-17,0.0
2000-03-18,4.840758323669434
2000-03-19,20.910255432128906
2000-03-20,0.0
2000-03-21,0.0
2000-03-22,13.28104019165039
2000-03-23,5.421875953674316
2000-03-24,0.0
2000-03-25,0.0
2000-03-26,0.0
2000-03-27,0.0
2000-03-28,5.6101460456848145
2000-03-29,0.0
2000-03-30,0.0
2000-03-31,0.0
2000-04-01,0.24142543971538544
2000-04-02,1.3420262336730957
2000-04-03,0.013365091755986214
2000-04-04,0.7606410980224609
2000-04-05,0.5026722550392151
2000-04-06,0.0
2000-04-07,0.0
2000-04-08,2.72918701171875
2000-04-09,18.982128143310547
2000-04-10,6.027493000030518
2000-04-11,2.298570394515991
2000-04-12,0.0
2000-04-13,7.841146945953369
2000-04-14,0.0
2000-04-15,7.117753505706787
2000-04-16,2.2400400638580322
2000-04-17,0.0
2000-04-18,3.527005195617676
2000-04-19,14.82341194152832
2000-04-20,0.0
2000-04-21,0.0
2000-04-22,0.07545384019613266
2000-04-23,0.0
2000-04-24,0.22253786027431488
2000-04-25,0.7690684199333191
2000-04-26,0.0
2000-04-27,1.2614760398864746
2000-04-28,7.373111248016357
2000-04-29,0.3404809832572937
2000-04-30,0.0
2000-05-01,0.0
2000-05-02,0.0
2000-05-03,0.0
2000-05-04,0.0
2000-05-05,15.110371589660645
2000-05-06,1.7802149057388306
2000-05-07,0.29670247435569763
2000-05-08,0.29670247435569763
2000-05-09,0.29670247435569763
2000-05-10,0.29670247435569763
2000-05-11,0.7585351467132568
2000-05-12,0.0
2000-05-13,0.0
2000-05-14,0.0
2000-05-15,3.2320194244384766
2000-05-16,0.0
2000-05-17,0.0
2000-05-18,0.0
2000-05-19,0.0
2000-05-20,0.0
2000-05-21,0.0
2000-05-22,0.0
2000-05-23,0.0
2000-05-24,0.0
2000-05-25,0.0
2000-05-26,0.0
2000-05-27,0.0
2000-05-28,0.0
2000-05-29,0.0
2000-05-30,0.0
2000-05-31,0.0
2000-06-01,0.0
2000-06-02,0.0
2000-06-03,0.0
2000-06-04,0.0
2000-06-05,0.0
2000-06-06,8.11080265045166
2000-06-07,2.662238359451294
2000-06-08,0.0
2000-06-09,0.04536578804254532
2000-06-10,0.35492056608200073
2000-06-11,0.0
2000-06-12,0.0
2000-06-13,0.5029115080833435
2000-06-14,1.8444445133209229
2000-06-15,16.124242782592773
2000-06-16,9.607062339782715
2000-06-17,6.064352512359619
2000-06-18,0.0022097472101449966
2000-06-19,0.7728686332702637
2000-06-20,0.6481120586395264
2000-06-21,0.0
2000-06-22,0.0
2000-06-23,0.0
2000-06-24,0.0
2000-06-25,0.0
2000-06-26,0.0
2000-06-27,0.0
2000-06-28,0.0
2000-06-29,0.0
2000-06-30,0.0
2000-07-01,0.0
2000-07-02,0.0
2000-07-03,0.1372779756784439
2000-07-04,0.10808758437633514
2000-07-05,0.07060598582029343
2000-07-06,0.0
2000-07-07,0.0
2000-07-08,0.0
2000-07-09,0.0
2000-07-10,1.084303617477417
2000-07-11,9.220589637756348
2000-07-12,0.769431471824646
2000-07-13,1.0187679529190063
2000-07-14,0.0
2000-07-15,0.0
2000-07-16,0.154572993516922
2000-07-17,0.154572993516922
2000-07-18,0.154572993516922
2000-07-19,0.154572993516922
2000-07-20,0.154572993516922
2000-07-21,0.0
2000-07-22,0.0
2000-07-23,10.937467575073242
2000-07-24,5.614469051361084
2000-07-25,0.21266132593154907
2000-07-26,0.0
2000-07-27,0.0
2000-07-28,0.0
2000-07-29,0.0
2000-07-30,0.0
2000-07-31,0.0
2000-08-01,0.0
2000-08-02,4.976905822753906
2000-08-03,3.313304901123047
2000-08-04,0.0
2000-08-05,0.0
2000-08-06,0.0
2000-08-07,0.8746256828308105
2000-08-08,0.0
2000-08-09,0.0
2000-08-10,15.908395767211914
2000-08-11,0.0
2000-08-12,0.0
2000-08-13,0.0
2000-08-14,0.0
2000-08-15,0.0
2000-08-16,0.0
2000-08-17,0.0
2000-08-18,1.6081609725952148
2000-08-19,0.5370472073554993
2000-08-20,0.0
2000-08-21,0.0
2000-08-22,0.0
2000-08-23,0.0
2000-08-24,0.0
2000-08-25,1.3368417024612427
2000-08-26,0.0
2000-08-27,0.0
2000-08-28,0.6852214336395264
2000-08-29,0.0
2000-08-30,0.0
2000-08-31,0.0
2000-09-01,0.2873695492744446
2000-09-02,0.0
2000-09-03,1.3218998908996582
2000-09-04,0.0
2000-09-05,0.0
2000-09-06,0.539654552936554
2000-09-07,0.0
2000-09-08,0.007238287478685379
2000-09-09,0.0
2000-09-10,0.0
2000-09-11,0.45381611585617065
2000-09-12,6.70209264755249
2000-09-13,1.5351061820983887
2000-09-14,1.5262091159820557
2000-09-15,4.191947937011719
2000-09-16,0.0
2000-09-17,0.0
2000-09-18,0.0
2000-09-19,0.0
2000-09-20,3.3506133556365967
2000-09-21,0.0
2000-09-22,5.6730570793151855
2000-09-23,0.24222762882709503
2000-09-24,5.983160495758057
2000-09-25,7.172049522399902
2000-09-26,0.0
2000-09-27,0.0
2000-09-28,0.0
2000-09-29,0.0
2000-09-30,0.0
2000-10-01,0.11035240441560745
2000-10-02,0.0
2000-10-03,0.6428747773170471
2000-10-04,0.0
2000-10-05,7.255738735198975
2000-10-06,0.4138927459716797
2000-10-07,0.252583771944046
2000-10-08,0.6364218592643738
2000-10-09,0.9281575679779053
2000-10-10,2.4759128093719482
2000-10-11,25.372682571411133
2000-10-12,0.0
2000-10-13,3.4230692386627197
2000-10-14,0.31924453377723694
2000-10-15,10.205692291259766
2000-10-16,14.86934757232666
2000-10-17,15.94090461730957
2000-10-18,2.9855823516845703
2000-10-19,1.782359004020691
2000-10-20,0.9154359102249146
2000-10-21,2.043593168258667
2000-10-22,0.9174492359161377
2000-10-23,21.513933181762695
2000-10-24,31.40744972229004
2000-10-25,0.9264379739761353
2000-10-26,0.23261737823486328
2000-10-27,0.539972186088562
2000-10-28,1.728116512298584
2000-10-29,4.321434497833252
2000-10-30,0.0
2000-10-31,0.1710725724697113
2000-11-01,0.0
2000-11-02,9.44178581237793
2000-11-03,15.567648887634277
2000-11-04,2.8080172538757324
2000-11-05,0.10630690306425095
2000-11-06,3.163358211517334
2000-11-07,26.159244537353516
2000-11-08,8.74423599243164
2000-11-09,12.638986587524414
2000-11-10,1.8570131063461304
2000-11-11,9.835370063781738
2000-11-12,0.21740174293518066
2000-11-13,2.427391290664673
2000-11-14,44.183738708496094
2000-11-15,19.75833511352539
2000-11-16,0.0
2000-11-17,0.0
2000-11-18,0.0
2000-11-19,0.0
2000-11-20,0.0
2000-11-21,6.310754776000977
2000-11-22,0.39329156279563904
2000-11-23,0.0
2000-11-24,0.0
2000-11-25,12.653572082519531
2000-11-26,1.1262787580490112
2000-11-27,0.11099749058485031
2000-11-28,0.03824438154697418
2000-11-29,4.939672470092773
2000-11-30,31.369478225708008
2000-12-01,7.726423740386963
2000-12-02,0.40614786744117737
2000-12-03,0.0
2000-12-04,0.21223923563957214
2000-12-05,3.573477029800415
2000-12-06,8.109952926635742
2000-12-07,0.2992785573005676
2000-12-08,5.734659194946289
2000-12-09,9.891443252563477
2000-12-10,8.44456672668457
2000-12-11,14.171070098876953
2000-12-12,47.42321014404297
2000-12-13,17.028148651123047
2000-12-14,1.4722028970718384
2000-12-15,0.0
2000-12-16,17.44261932373047
2000-12-17,0.33474960923194885
2000-12-18,0.0
2000-12-19,0.0
2000-12-20,0.0
2000-12-21,0.18591029942035675
2000-12-22,6.8619232177734375
2000-12-23,0.0
2000-12-24,0.0
2000-12-25,1.818657636642456
2000-12-26,0.9443176984786987
2000-12-27,21.761926651000977
2000-12-28,3.461784601211548
2000-12-29,0.0
2000-12-30,1.4528084993362427
2000-12-31,10.319384574890137
2001-01-01,0.0
2001-01-02,0.0
2001-01-03,0.6044049859046936
2001-01-04,21.389976501464844
2001-01-05,8.333243370056152
2001-01-06,6.955242156982422
2001-01-07,0.0
2001-01-08,0.13212157785892487
2001-01-09,26.987234115600586
2001-01-10,10.29359245300293
2001-01-11,9.01628589630127
2001-01-12,1.594431757926941
2001-01-13,0.0
2001-01-14,7.680891990661621
2001-01-15,28.771991729736328
2001-01-16,6.4573540687561035
2001-01-17,29.520307540893555
2001-01-18,3.0627551078796387
2001-01-19,21.21747589111328
2001-01-20,5.691822052001953
2001-01-21,7.18699312210083
2001-01-22,22.689300537109375
2001-01-23,6.871272563934326
2001-01-24,10.863858222961426
2001-01-25,5.255563735961914
2001-01-26,28.330936431884766
2001-01-27,0.6752275228500366
2001-01-28,9.036845207214355
2001-01-29,2.6601223945617676
2001-01-30,0.2204560786485672
2001-01-31,0.0
2001-02-01,0.0
2001-02-02,0.0
2001-02-03,0.0
2001-02-04,0.0
2001-02-05,0.0
2001-02-06,2.0519042015075684
2001-02-07,1.723643183708191
2001-02-08,0.0
2001-02-09,0.0
2001-02-10,0.5184982419013977
2001-02-11,17.62760353088379
2001-02-12,0.5201759338378906
2001-02-13,41.40184020996094
2001-02-14,5.8958420753479
2001-02-15,0.9201171398162842
2001-02-16,13.041337013244629
2001-02-17,16.97406578063965
2001-02-18,2.4995357990264893
2001-02-19,19.877208709716797
2001-02-20,0.013787408359348774
2001-02-21,0.0
2001-02-22,1.5543485879898071
2001-02-23,5.504961013793945
2001-02-24,9.172953605651855
2001-02-25,4.536470890045166
2001-02-26,5.055012226104736
2001-02-27,23.408451080322266
2001-02-28,6.54172420501709
2001-03-01,0.020431751385331154
2001-03-02,29.95210075378418
2001-03-03,14.600024223327637
2001-03-04,0.0
2001-03-05,0.0
2001-03-06,18.42084503173828
2001-03-07,1.951164960861206
2001-03-08,0.5191740989685059
2001-03-09,2.438084840774536
2001-03-10,0.7137903571128845
2001-03-11,0.0
2001-03-12,0.6674697995185852
2001-03-13,19.849590301513672
2001-03-14,0.20309001207351685
2001-03-15,8.349784851074219
2001-03-16,14.030349731445312
2001-03-17,15.380532264709473
2001-03-18,0.0
2001-03-19,2.489285469055176
2001-03-20,1.8681330680847168
2001-03-21,3.58868670463562
2001-03-22,3.2222046852111816
2001-03-23,2.083927869796753
2001-03-24,11.868849754333496
2001-03-25,31.434226989746094
2001-03-26,0.0
2001-03-27,14.45136833190918
2001-03-28,8.260326385498047
2001-03-29,0.0
2001-03-30,0.0
2001-03-31,0.0
2001-04-01,0.0
2001-04-02,0.0
2001-04-03,21.42519760131836
2001-04-04,0.4103712737560272
2001-04-05,0.0
2001-04-06,6.092035293579102
2001-04-07,1.0793696641921997
2001-04-08,1.7366665601730347
2001-04-09,0.3609054386615753
2001-04-10,0.06179860979318619
2001-04-11,0.0
2001-04-12,0.2880764603614807
2001-04-13,1.3638036251068115
2001-04-14,0.0015790247125551105
2001-04-15,8.265974998474121
2001-04-16,1.033568024635315
2001-04-17,1.7458246946334839
2001-04-18,8.568469047546387
2001-04-19,0.0
2001-04-20,0.555489718914032
2001-04-21,0.0
2001-04-22,6.976719379425049
2001-04-23,5.273654460906982
2001-04-24,12.110259056091309
2001-04-25,6.912197113037109
2001-04-26,0.0
2001-04-27,0.0
2001-04-28,2.21254563331604
2001-04-29,17.523841857910156
2001-04-30,5.021601676940918
2001-05-01,0.0
2001-05-02,0.0
2001-05-03,0.0
2001-05-04,0.0
2001-05-05,0.0
2001-05-06,0.032482605427503586
2001-05-07,0.80339115858078
2001-05-08,0.20736947655677795
2001-05-09,0.0
2001-05-10,0.12372680753469467
2001-05-11,2.4201340675354004
2001-05-12,11.359753608703613
2001-05-13,1.5975507497787476
2001-05-14,1.0024677515029907
2001-05-15,0.2536841034889221
2001-05-16,0.2630133628845215
2001-05-17,0.0
2001-05-18,0.0
2001-05-19,1.524847388267517
2001-05-20,0.12305685877799988
2001-05-21,0.013958013616502285
2001-05-22,0.0
2001-05-23,0.13965092599391937
2001-05-24,18.603469848632812
2001-05-25,0.45159170031547546
2001-05-26,1.9756059646606445
2001-05-27,6.741818904876709
2001-05-28,6.595658302307129
2001-05-29,0.0
2001-05-30,0.0
2001-05-31,0.0
2001-06-01,0.034448444843292236
2001-06-02,0.4678916931152344
2001-06-03,0.0
2001-06-04,0.17569269239902496
2001-06-05,0.009842411614954472
2001-06-06,0.03220009058713913
2001-06-07,0.03220009058713913
2001-06-08,0.03220009058713913
2001-06-09,0.03220009058713913
2001-06-10,0.03220009058713913
2001-06-11,0.0
2001-06-12,0.0
2001-06-13,0.0
2001-06-14,0.0
2001-06-15,0.0
2001-06-16,0.02479442022740841
2001-06-17,1.9226813316345215
2001-06-18,9.91110897064209
2001-06-19,0.6342605352401733
2001-06-20,0.6836175918579102
2001-06-21,0.0
2001-06-22,0.0
2001-06-23,0.0
2001-06-24,0.0
2001-06-25,0.0
2001-06-26,0.0
2001-06-27,0.0
2001-06-28,0.0
2001-06-29,0.0
2001-06-30,0.0
2001-07-01,0.012945379130542278
2001-07-02,0.0
2001-07-03,0.0
2001-07-04,0.0
2001-07-05,5.689494609832764
2001-07-06,3.4994571208953857
2001-07-07,1.3429635763168335
2001-07-08,3.97426700592041
2001-07-09,0.0
2001-07-10,1.2593635320663452
2001-07-11,0.0
2001-07-12,10.416502952575684
2001-07-13,0.01882912963628769
2001-07-14,0.3191106617450714
2001-07-15,0.0
2001-07-16,0.3011336624622345
2001-07-17,0.3011336624622345
2001-07-18,0.3011336624622345
2001-07-19,0.3011336624622345
2001-07-20,0.3011336624622345
2001-07-21,0.0
2001-07-22,9.366507530212402
2001-07-23,0.0573246031999588
2001-07-24,0.0
2001-07-25,0.0
2001-07-26,0.0
2001-07-27,6.9550957679748535
2001-07-28,0.0
2001-07-29,0.0
2001-07-30,0.0
2001-07-31,0.0
2001-08-01,0.0
2001-08-02,0.0
2001-08-03,0.0
2001-08-04,0.0
2001-08-05,0.0
2001-08-06,0.0
2001-08-07,0.0
2001-08-08,0.0
2001-08-09,0.0
2001-08-10,0.0
2001-08-11,0.0
2001-08-12,0.0
2001-08-13,0.0
2001-08-14,0.0
2001-08-15,0.0
2001-08-16,0.0
2001-08-17,3.9361183643341064
2001-08-18,4.607377529144287
2001-08-19,0.058535877615213394
2001-08-20,5.864690780639648
2001-08-21,0.04902435466647148
2001-08-22,0.13073161244392395
2001-08-23,0.02567942440509796
2001-08-24,0.02567942440509796
2001-08-25,0.02567942440509796
2001-08-26,0.0
2001-08-27,0.0
2001-08-28,0.0
2001-08-29,0.0
2001-08-30,0.24328772723674774
2001-08-31,0.4800000786781311
2001-09-01,0.09553641080856323
2001-09-02,0.0
2001-09-03,30.875293731689453
2001-09-04,2.3677334785461426
2001-09-05,0.02062392048537731
2001-09-06,0.0
2001-09-07,0.0
2001-09-08,0.0
2001-09-09,0.3359212875366211
2001-09-10,7.363597393035889
2001-09-11,0.0
2001-09-12,5.199848651885986
2001-09-13,0.07679632306098938
2001-09-14,0.0
2001-09-15,0.0031020839232951403
2001-09-16,23.950143814086914
2001-09-17,0.6517177224159241
2001-09-18,0.0
2001-09-19,0.0
2001-09-20,0.0
2001-09-21,12.466204643249512
2001-09-22,6.059213638305664
2001-09-23,0.0
2001-09-24,0.0
2001-09-25,0.022543862462043762
2001-09-26,0.8774735927581787
2001-09-27,3.2664763927459717
2001-09-28,6.687653541564941
2001-09-29,1.968523383140564
2001-09-30,0.5098824501037598
2001-10-01,0.0
2001-10-02,4.700078964233398
2001-10-03,0.2559205889701843
2001-10-04,0.0
2001-10-05,6.327256679534912
2001-10-06,6.963586807250977
2001-10-07,0.0
2001-10-08,0.0
2001-10-09,10.633415222167969
2001-10-10,7.005722999572754
2001-10-11,6.802068710327148
2001-10-12,19.669355392456055
2001-10-13,5.391122341156006
2001-10-14,2.053215742111206
2001-10-15,0.06275531649589539
2001-10-16,10.896430015563965
2001-10-17,1.468798041343689
2001-10-18,0.0
2001-10-19,0.0
2001-10-20,0.0
2001-10-21,0.3304769992828369
2001-10-22,25.05483627319336
2001-10-23,0.0
2001-10-24,0.0
2001-10-25,0.0
2001-10-26,0.0
2001-10-27,0.0
2001-10-28,0.388094037771225
2001-10-29,26.012046813964844
2001-10-30,4.511861324310303
2001-10-31,1.293107271194458
2001-11-01,0.8601638078689575
2001-11-02,22.862472534179688
2001-11-03,14.400827407836914
2001-11-04,0.24535314738750458
2001-11-05,0.21030688285827637
2001-11-06,0.0
2001-11-07,26.68616485595703
2001-11-08,0.026598529890179634
2001-11-09,1.804581880569458
2001-11-10,0.0
2001-11-11,1.1225999593734741
2001-11-12,0.0
2001-11-13,0.9874672293663025
2001-11-14,0.0
2001-11-15,5.015996932983398
2001-11-16,20.273061752319336
2001-11-17,13.58607292175293
2001-11-18,0.12795370817184448
2001-11-19,0.0
2001-11-20,21.503314971923828
2001-11-21,0.0
2001-11-22,0.9394655227661133
2001-11-23,0.0
2001-11-24,0.0
2001-11-25,40.11437225341797
2001-11-26,0.08619044721126556
2001-11-27,4.904123306274414
2001-11-28,23.374780654907227
2001-11-29,1.8954530954360962
2001-11-30,17.97295379638672
2001-12-01,1.5825750827789307
2001-12-02,1.5529441833496094
2001-12-03,0.0
2001-12-04,13.750885963439941
2001-12-05,5.121007919311523
2001-12-06,0.0
2001-12-07,0.06608325242996216
2001-12-08,0.16776010394096375
2001-12-09,10.085710525512695
2001-12-10,0.1057402566075325
2001-12-11,0.001061400631442666
2001-12-12,8.226402282714844
2001-12-13,0.030033115297555923
2001-12-14,0.0
2001-12-15,25.1447811126709
2001-12-16,2.166456460952759
2001-12-17,0.22554171085357666
2001-12-18,2.4967310428619385
2001-12-19,0.7268157601356506
2001-12-20,8.85693073272705
2001-12-21,3.7667202949523926
2001-12-22,20.07831573486328
2001-12-23,39.2711296081543
2001-12-24,4.3984880447387695
2001-12-25,0.24011217057704926
2001-12-26,0.326560378074646
2001-12-27,15.396400451660156
2001-12-28,10.671931266784668
2001-12-29,0.30369073152542114
2001-12-30,0.032538462430238724
2001-12-31,13.950631141662598
2002-01-01,41.56399917602539
2002-01-02,34.16349792480469
2002-01-03,2.7891881465911865
2002-01-04,8.700087547302246
2002-01-05,2.5046184062957764
2002-01-06,20.46285057067871
2002-01-07,2.4211206436157227
2002-01-08,0.0
2002-01-09,22.099807739257812
2002-01-10,0.0
2002-01-11,0.0
2002-01-12,0.33197930455207825
2002-01-13,3.425908327102661
2002-01-14,5.484072208404541
2002-01-15,38.89417266845703
2002-01-16,0.0
2002-01-17,0.0
2002-01-18,0.0
2002-01-19,1.3844523429870605
2002-01-20,0.217588871717453
2002-01-21,1.3815702199935913
2002-01-22,0.13141952455043793
2002-01-23,0.9954262375831604
2002-01-24,5.808562278747559
2002-01-25,6.364460468292236
2002-01-26,0.0
2002-01-27,0.20333902537822723
2002-01-28,21.474346160888672
2002-01-29,0.6172689199447632
2002-01-30,2.2592389583587646
2002-01-31,8.910601615905762
2002-02-01,0.6597517728805542
2002-02-02,9.061256408691406
2002-02-03,4.382798194885254
2002-02-04,2.2887237071990967
2002-02-05,1.1443618535995483
2002-02-06,42.21131134033203
2002-02-07,2.9111099243164062
2002-02-08,0.08428683131933212
2002-02-09,0.1468115895986557
2002-02-10,1.4189270734786987
2002-02-11,0.0050182221457362175
2002-02-12,0.4747183322906494
2002-02-13,37.096092224121094
2002-02-14,2.2387969493865967
2002-02-15,1.144100308418274
2002-02-16,2.9444594383239746
2002-02-17,0.18525178730487823
2002-02-18,19.2244873046875
2002-02-19,9.747930526733398
2002-02-20,11.107851028442383
2002-02-21,1.9336167573928833
2002-02-22,49.960811614990234
2002-02-23,14.54583740234375
2002-02-24,32.37321090698242
2002-02-25,0.0
2002-02-26,0.0
2002-02-27,3.2608261108398438
2002-02-28,11.578296661376953
2002-03-01,6.102620601654053
2002-03-02,30.328405380249023
2002-03-03,0.1636255979537964
2002-03-04,9.022184371948242
2002-03-05,0.6545023918151855
2002-03-06,1.1334222555160522
2002-03-07,0.13174259662628174
2002-03-08,10.32591724395752
2002-03-09,1.4304759502410889
2002-03-10,0.050900548696517944
2002-03-11,6.141084671020508
2002-03-12,63.68263626098633
2002-03-13,0.33852100372314453
2002-03-14,7.513272762298584
2002-03-15,1.529616117477417
2002-03-16,0.0
2002-03-17,2.0125038623809814
2002-03-18,6.962157249450684
2002-03-19,0.0330238938331604
2002-03-20,4.870606422424316
2002-03-21,10.330178260803223
2002-03-22,0.0
2002-03-23,0.10042764246463776
2002-03-24,7.080477714538574
2002-03-25,0.3985130488872528
2002-03-26,0.0
2002-03-27,0.0
2002-03-28,3.5164504051208496
2002-03-29,1.561282753944397
2002-03-30,0.7565542459487915
2002-03-31,0.038286589086055756
2002-04-01,0.004211076535284519
2002-04-02,0.0
2002-04-03,0.0
2002-04-04,0.0
2002-04-05,9.855321884155273
2002-04-06,0.0
2002-04-07,0.0
2002-04-08,0.0
2002-04-09,0.2383740395307541
2002-04-10,5.056934833526611
2002-04-11,0.0
2002-04-12,21.572925567626953
2002-04-13,2.7553141117095947
2002-04-14,3.7820558547973633
2002-04-15,0.0
2002-04-16,0.7655065655708313
2002-04-17,2.337007522583008
2002-04-18,7.8513641357421875
2002-04-19,2.6369853019714355
2002-04-20,2.233550548553467
2002-04-21,1.974509835243225
2002-04-22,11.358758926391602
2002-04-23,1.1643613576889038
2002-04-24,2.365446090698242
2002-04-25,0.0
2002-04-26,26.646095275878906
2002-04-27,0.6890450119972229
2002-04-28,0.0
2002-04-29,0.0
2002-04-30,0.0
2002-05-01,0.18315400183200836
2002-05-02,0.18315400183200836
2002-05-03,0.18315400183200836
2002-05-04,0.18315400183200836
2002-05-05,0.18315400183200836
2002-05-06,4.427779197692871
2002-05-07,0.0
2002-05-08,0.0
2002-05-09,0.0
2002-05-10,1.5227802991867065
2002-05-11,1.1788976192474365
2002-05-12,0.0
2002-05-13,20.694625854492188
2002-05-14,10.027386665344238
2002-05-15,1.1954662799835205
2002-05-16,0.326494038105011
2002-05-17,0.006711767520755529
2002-05-18,0.0
2002-05-19,0.8024255037307739
2002-05-20,0.0
2002-05-21,20.910337448120117
2002-05-22,0.6808463335037231
2002-05-23,1.3274492025375366
2002-05-24,0.0
2002-05-25,0.0
2002-05-26,0.0
2002-05-27,0.0
2002-05-28,0.0
2002-05-29,0.2248733639717102
2002-05-30,8.564863204956055
2002-05-31,3.038166046142578
2002-06-01,0.0
2002-06-02,0.0
2002-06-03,0.0
2002-06-04,0.0
2002-06-05,0.0
2002-06-06,0.0
2002-06-07,0.0
2002-06-08,0.0
2002-06-09,0.0
2002-06-10,0.314981609582901
2002-06-11,0.0
2002-06-12,0.0
2002-06-13,0.0
2002-06-14,0.0
2002-06-15,0.0
2002-06-16,0.0
2002-06-17,0.0
2002-06-18,0.0
2002-06-19,0.0
2002-06-20,0.0
2002-06-21,0.0
2002-06-22,0.0
2002-06-23,0.0
2002-06-24,0.0
2002-06-25,0.0
2002-06-26,0.0
2002-06-27,0.0
2002-06-28,0.0
2002-06-29,0.0
2002-06-30,0.0
2002-07-01,0.6950066089630127
2002-07-02,0.1193598210811615
2002-07-03,0.0
2002-07-04,12.01873779296875
2002-07-05,26.380374908447266
2002-07-06,0.40677666664123535
2002-07-07,1.7993375062942505
2002-07-08,1.8308178186416626
2002-07-09,0.10380778461694717
2002-07-10,0.009052775800228119
2002-07-11,0.0
2002-07-12,0.0
2002-07-13,0.0
2002-07-14,0.0
2002-07-15,0.0
2002-07-16,0.0
2002-07-17,0.0
2002-07-18,0.07035598903894424
2002-07-19,0.31832170486450195
2002-07-20,0.21414729952812195
2002-07-21,0.7426413893699646
2002-07-22,0.7426413893699646
2002-07-23,0.7426413893699646
2002-07-24,0.7426413893699646
2002-07-25,0.7426413893699646
2002-07-26,0.0
2002-07-27,0.0
2002-07-28,0.0
2002-07-29,0.0
2002-07-30,0.0
2002-07-31,0.0
2002-08-01,12.762751579284668
2002-08-02,0.6818822622299194
2002-08-03,0.0
2002-08-04,0.0
2002-08-05,0.0
2002-08-06,0.0
2002-08-07,0.0
2002-08-08,0.0
2002-08-09,0.0
2002-08-10,0.0
2002-08-11,0.0
2002-08-12,0.0
2002-08-13,0.0
2002-08-14,0.0
2002-08-15,0.0
2002-08-16,0.0
2002-08-17,0.0
2002-08-18,0.0
2002-08-19,0.0
2002-08-20,0.0
2002-08-21,9.228668212890625
2002-08-22,0.0
2002-08-23,0.0
2002-08-24,0.0
2002-08-25,0.0
2002-08-26,0.0
2002-08-27,0.0
2002-08-28,0.05649891123175621
2002-08-29,0.0
2002-08-30,41.43354415893555
2002-08-31,6.152573585510254
2002-09-01,1.9351766109466553
2002-09-02,0.028883231803774834
2002-09-03,0.0
2002-09-04,0.0
2002-09-05,0.0
2002-09-06,0.0
2002-09-07,24.712467193603516
2002-09-08,0.0
2002-09-09,0.0
2002-09-10,12.449803352355957
2002-09-11,10.2888765335083
2002-09-12,5.508729457855225
2002-09-13,11.2335205078125
2002-09-14,10.4544038772583
2002-09-15,23.331083297729492
2002-09-16,0.0
2002-09-17,0.0
2002-09-18,1.7698222398757935
2002-09-19,0.0
2002-09-20,2.576019525527954
2002-09-21,12.13932991027832
2002-09-22,0.0
2002-09-23,0.0
2002-09-24,28.800315856933594
2002-09-25,0.0
2002-09-26,0.0
2002-09-27,0.0
2002-09-28,0.0
2002-09-29,0.0
2002-09-30,0.0
2002-10-01,0.0
2002-10-02,0.0
2002-10-03,0.0
2002-10-04,0.0
2002-10-05,0.0
2002-10-06,0.0
2002-10-07,0.07009000331163406
2002-10-08,19.456899642944336
2002-10-09,0.2638802230358124
2002-10-10,0.0
2002-10-11,0.20165829360485077
2002-10-12,0.0
2002-10-13,0.06653396785259247
2002-10-14,1.6024740934371948
2002-10-15,20.89226531982422
2002-10-16,4.889458179473877
2002-10-17,6.04057502746582
2002-10-18,0.0
2002-10-19,0.0
2002-10-20,0.0
2002-10-21,1.4243206977844238
2002-10-22,19.905479431152344
2002-10-23,0.08726391196250916
2002-10-24,0.11108671128749847
2002-10-25,0.0
2002-10-26,3.8667328357696533
2002-10-27,0.0
2002-10-28,0.018570180982351303
2002-10-29,21.605993270874023
2002-10-30,12.077615737915039
2002-10-31,91.62999725341797
2002-11-01,1.6282330751419067
2002-11-02,0.0
2002-11-03,0.04616729915142059
2002-11-04,3.8586201667785645
2002-11-05,7.428449630737305
2002-11-06,0.0
2002-11-07,0.0
2002-11-08,0.0
2002-11-09,0.0
2002-11-10,2.601485252380371
2002-11-11,18.054704666137695
2002-11-12,0.6845362782478333
2002-11-13,1.2050601243972778
2002-11-14,0.03155944123864174
2002-11-15,0.06272364407777786
2002-11-16,0.3671855628490448
2002-11-17,0.48330405354499817
2002-11-18,0.08427209407091141
2002-11-19,3.3831794261932373
2002-11-20,0.008025913499295712
2002-11-21,0.0
2002-11-22,0.44969314336776733
2002-11-23,14.489543914794922
2002-11-24,0.1346713751554489
2002-11-25,0.0
2002-11-26,0.0
2002-11-27,0.0
2002-11-28,11.057710647583008
2002-11-29,1.4072563648223877
2002-11-30,5.929278373718262
2002-12-01,0.0
2002-12-02,0.0
2002-12-03,17.096376419067383
2002-12-04,15.680445671081543
2002-12-05,3.8715198040008545
2002-12-06,2.410752773284912
2002-12-07,0.08641462028026581
2002-12-08,14.34622859954834
2002-12-09,13.866798400878906
2002-12-10,10.06840991973877
2002-12-11,18.4366512298584
2002-12-12,0.18168644607067108
2002-12-13,0.22656413912773132
2002-12-14,3.3482284545898438
2002-12-15,21.531007766723633
2002-12-16,8.720744132995605
2002-12-17,5.604588985443115
2002-12-18,0.0
2002-12-19,0.0
2002-12-20,0.0
2002-12-21,4.860391616821289
2002-12-22,7.298603057861328
2002-12-23,0.0
2002-12-24,13.21213150024414
2002-12-25,15.230490684509277
2002-12-26,0.7899739146232605
2002-12-27,0.11727289855480194
2002-12-28,0.0
2002-12-29,0.0
2002-12-30,7.720286846160889
2002-12-31,1.1285722255706787
2003-01-01,0.2557890713214874
2003-01-02,0.0
2003-01-03,3.2605252265930176
2003-01-04,0.0
2003-01-05,0.0
2003-01-06,0.0
2003-01-07,7.4806013107299805
2003-01-08,0.7032172679901123
2003-01-09,14.640466690063477
2003-01-10,11.046345710754395
2003-01-11,0.17425045371055603
2003-01-12,11.55742359161377
2003-01-13,21.963336944580078
2003-01-14,18.123943328857422
2003-01-15,16.625492095947266
2003-01-16,2.757284641265869
2003-01-17,2.77468204498291
2003-01-18,8.217720031738281
2003-01-19,25.729536056518555
2003-01-20,0.24337999522686005
2003-01-21,0.49978315830230713
2003-01-22,9.568078994750977
2003-01-23,25.37738609313965
2003-01-24,35.34675216674805
2003-01-25,1.3116933107376099
2003-01-26,0.2201644480228424
2003-01-27,0.8857778906822205
2003-01-28,0.15372179448604584
2003-01-29,3.7073616981506348
2003-01-30,0.0
2003-01-31,0.6138868927955627
2003-02-01,0.0
2003-02-02,12.590173721313477
2003-02-03,6.7248430252075195
2003-02-04,0.8364027738571167
2003-02-05,1.1799641847610474
2003-02-06,32.09518814086914
2003-02-07,0.09958682954311371
2003-02-08,11.202437400817871
2003-02-09,3.8321263790130615
2003-02-10,2.0685830116271973
2003-02-11,0.0
2003-02-12,0.02839844673871994
2003-02-13,0.9428290724754333
2003-02-14,90.76885223388672
2003-02-15,0.0
2003-02-16,0.0
2003-02-17,4.378543853759766
2003-02-18,10.162880897521973
2003-02-19,0.8454073071479797
2003-02-20,4.005555629730225
2003-02-21,1.154268741607666
2003-02-22,0.03620459511876106
2003-02-23,0.0
2003-02-24,3.7103164196014404
2003-02-25,2.7673439979553223
2003-02-26,12.300969123840332
2003-02-27,3.2265286445617676
2003-02-28,2.213343858718872
2003-03-01,3.2930593490600586
2003-03-02,1.631137490272522
2003-03-03,0.004005963448435068
2003-03-04,33.009033203125
2003-03-05,5.575538635253906
2003-03-06,0.0
2003-03-07,10.305127143859863
2003-03-08,2.4409875869750977
2003-03-09,0.0
2003-03-10,0.0
2003-03-11,0.0
2003-03-12,4.654941082000732
2003-03-13,17.402956008911133
2003-03-14,2.963327169418335
2003-03-15,4.07918643951416
2003-03-16,7.078657150268555
2003-03-17,34.75917434692383
2003-03-18,0.3844277560710907
2003-03-19,16.421092987060547
2003-03-20,0.12637469172477722
2003-03-21,72.86951446533203
2003-03-22,0.9449163675308228
2003-03-23,0.0
2003-03-24,0.0
2003-03-25,0.5289990305900574
2003-03-26,0.0
2003-03-27,1.8170536756515503
2003-03-28,1.0382061004638672
2003-03-29,0.6958181262016296
2003-03-30,21.806640625
2003-03-31,24.96233558654785
2003-04-01,36.272674560546875
2003-04-02,1.9008358716964722
2003-04-03,1.7216272354125977
2003-04-04,1.2177246809005737
2003-04-05,18.126445770263672
2003-04-06,3.155705213546753
2003-04-07,0.5557003021240234
2003-04-08,6.464001178741455
2003-04-09,1.5749682188034058
2003-04-10,15.525345802307129
2003-04-11,0.0
2003-04-12,0.0
2003-04-13,0.0
2003-04-14,0.0
2003-04-15,0.0
2003-04-16,0.22359804809093475
2003-04-17,0.0
2003-04-18,2.579646587371826
2003-04-19,6.760860919952393
2003-04-20,6.219799518585205
2003-04-21,0.37193989753723145
2003-04-22,0.6151273846626282
2003-04-23,0.0
2003-04-24,0.42913737893104553
2003-04-25,0.564562976360321
2003-04-26,0.25089043378829956
2003-04-27,0.25089043378829956
2003-04-28,0.25089043378829956
2003-04-29,0.25089043378829956
2003-04-30,0.25089043378829956
2003-05-01,0.31519415974617004
2003-05-02,0.29047027230262756
2003-05-03,1.025601863861084
2003-05-04,0.6132984161376953
2003-05-05,0.0
2003-05-06,3.9039580821990967
2003-05-07,0.37965473532676697
2003-05-08,0.0801781415939331
2003-05-09,0.05639353021979332
2003-05-10,0.23878878355026245
2003-05-11,0.0
2003-05-12,0.0
2003-05-13,0.0
2003-05-14,0.0
2003-05-15,0.0
2003-05-16,0.0
2003-05-17,0.0
2003-05-18,0.0
2003-05-19,0.0
2003-05-20,0.0
2003-05-21,0.0
2003-05-22,0.0
2003-05-23,2.201878547668457
2003-05-24,46.09337615966797
2003-05-25,1.3205472230911255
2003-05-26,0.07349058985710144
2003-05-27,0.10146889090538025
2003-05-28,0.019647391512989998
2003-05-29,0.015162661671638489
2003-05-30,1.3650116920471191
2003-05-31,0.0
2003-06-01,0.0
2003-06-02,0.0
2003-06-03,3.8093996047973633
2003-06-04,25.66775131225586
2003-06-05,0.13316166400909424
2003-06-06,0.13128267228603363
2003-06-07,0.0
2003-06-08,0.005482255946844816
2003-06-09,0.0
2003-06-10,0.01100615132600069
2003-06-11,0.0
2003-06-12,0.0
2003-06-13,0.0
2003-06-14,0.0
2003-06-15,0.0
2003-06-16,0.0
2003-06-17,0.0
2003-06-18,0.0
2003-06-19,0.0
2003-06-20,0.0
2003-06-21,2.154620885848999
2003-06-22,0.0
2003-06-23,0.0
2003-06-24,0.0
2003-06-25,0.0
2003-06-26,0.0
2003-06-27,0.0
2003-06-28,0.0
2003-06-29,0.0
2003-06-30,0.0
2003-07-01,0.04738336056470871
2003-07-02,0.04738336056470871
2003-07-03,0.04738336056470871
2003-07-04,0.04738336056470871
2003-07-05,0.04738336056470871
2003-07-06,0.1383202224969864
2003-07-07,0.1383202224969864
2003-07-08,0.1383202224969864
2003-07-09,0.1383202224969864
2003-07-10,0.1383202224969864
2003-07-11,0.0
2003-07-12,0.0
2003-07-13,0.0
2003-07-14,0.0
2003-07-15,0.0
2003-07-16,0.09367327392101288
2003-07-17,0.09367327392101288
2003-07-18,0.5620396733283997
2003-07-19,0.09367327392101288
2003-07-20,0.09367327392101288
2003-07-21,0.0
2003-07-22,0.0
2003-07-23,0.47260746359825134
2003-07-24,0.0
2003-07-25,0.0
2003-07-26,0.0
2003-07-27,0.0
2003-07-28,0.0
2003-07-29,0.0
2003-07-30,0.0
2003-07-31,0.0
2003-08-01,0.0
2003-08-02,0.0
2003-08-03,0.0
2003-08-04,0.0
2003-08-05,0.0
2003-08-06,7.407836437225342
2003-08-07,44.28200149536133
2003-08-08,8.91981029510498
2003-08-09,4.428813934326172
2003-08-10,0.2504688501358032
2003-08-11,0.0
2003-08-12,0.0
2003-08-13,0.0
2003-08-14,0.0
2003-08-15,0.0
2003-08-16,0.0
2003-08-17,0.0
2003-08-18,0.0
2003-08-19,0.0
2003-08-20,0.0
2003-08-21,0.0029670263174921274
2003-08-22,0.0
2003-08-23,0.08859245479106903
2003-08-24,0.11138512194156647
2003-08-25,0.0
2003-08-26,0.0
2003-08-27,7.416889190673828
2003-08-28,0.19866667687892914
2003-08-29,0.0
2003-08-30,0.0
2003-08-31,2.1853339672088623
2003-09-01,0.19165629148483276
2003-09-02,0.19165629148483276
2003-09-03,0.19165629148483276
2003-09-04,0.19165629148483276
2003-09-05,0.19165629148483276
2003-09-06,0.0
2003-09-07,0.0
2003-09-08,1.2573777437210083
2003-09-09,29.288387298583984
2003-09-10,5.118481636047363
2003-09-11,0.29168397188186646
2003-09-12,0.1774173080921173
2003-09-13,0.05135690048336983
2003-09-14,0.015521646477282047
2003-09-15,0.0
2003-09-16,0.0
2003-09-17,0.0
2003-09-18,0.0
2003-09-19,0.0
2003-09-20,8.005267143249512
2003-09-21,5.348472595214844
2003-09-22,0.0
2003-09-23,0.0
2003-09-24,0.0
2003-09-25,90.54700469970703
2003-09-26,0.01666332222521305
2003-09-27,0.0
2003-09-28,0.0
2003-09-29,18.32965660095215
2003-09-30,0.2610587179660797
2003-10-01,0.0005578190321102738
2003-10-02,0.0
2003-10-03,18.703670501708984
2003-10-04,0.013945476152002811
2003-10-05,0.0
2003-10-06,0.0
2003-10-07,13.320920944213867
2003-10-08,2.481844902038574
2003-10-09,0.0
2003-10-10,0.0
2003-10-11,21.277109146118164
2003-10-12,0.038801051676273346
2003-10-13,0.0
2003-10-14,0.0
2003-10-15,0.0
2003-10-16,0.0
2003-10-17,0.0
2003-10-18,0.0
2003-10-19,0.0
2003-10-20,0.0
2003-10-21,3.579958438873291
2003-10-22,0.0
2003-10-23,4.5381574630737305
2003-10-24,0.0
2003-10-25,0.0
2003-10-26,0.0
2003-10-27,18.032819747924805
2003-10-28,2.325169801712036
2003-10-29,0.0
2003-10-30,4.098057270050049
2003-10-31,2.4927167892456055
2003-11-01,56.60441207885742
2003-11-02,27.70194435119629
2003-11-03,0.5182048082351685
2003-11-04,0.12430469691753387
2003-11-05,0.10200881958007812
2003-11-06,0.0
2003-11-07,0.0
2003-11-08,0.0
2003-11-09,0.0
2003-11-10,8.090710639953613
2003-11-11,0.44930267333984375
2003-11-12,0.0
2003-11-13,5.096351623535156
2003-11-14,7.371797561645508
2003-11-15,0.0
2003-11-16,0.169390469789505
2003-11-17,0.07799657434225082
2003-11-18,0.8696807026863098
2003-11-19,7.875656604766846
2003-11-20,0.0
2003-11-21,0.0
2003-11-22,0.0
2003-11-23,0.0
2003-11-24,0.0
2003-11-25,0.0
2003-11-26,6.515140056610107
2003-11-27,0.8897461295127869
2003-11-28,0.03194025531411171
2003-11-29,0.0
2003-11-30,0.0
2003-12-01,0.0
2003-12-02,0.0
2003-12-03,0.0
2003-12-04,0.0
2003-12-05,0.0
2003-12-06,0.26711368560791016
2003-12-07,0.6860837340354919
2003-12-08,0.0
2003-12-09,0.0
2003-12-10,25.791461944580078
2003-12-11,9.569144248962402
2003-12-12,11.270183563232422
2003-12-13,9.360221862792969
2003-12-14,1.3469185829162598
2003-12-15,0.0
2003-12-16,7.7195024490356445
2003-12-17,14.888752937316895
2003-12-18,0.0
2003-12-19,2.1307928562164307
2003-12-20,1.4562621116638184
2003-12-21,0.0
2003-12-22,0.0
2003-12-23,17.833826065063477
2003-12-24,7.141358375549316
2003-12-25,14.091161727905273
2003-12-26,18.654245376586914
2003-12-27,0.9598637223243713
2003-12-28,5.484375
2003-12-29,28.76787567138672
2003-12-30,6.4059157371521
2003-12-31,0.37635740637779236
2004-01-01,13.843817710876465
2004-01-02,3.7072854042053223
2004-01-03,1.8538233041763306
2004-01-04,0.30489382147789
2004-01-05,42.74313735961914
2004-01-06,45.819271087646484
2004-01-07,16.924726486206055
2004-01-08,1.3340859413146973
2004-01-09,30.230422973632812
2004-01-10,73.92353057861328
2004-01-11,28.59197425842285
2004-01-12,13.490100860595703
2004-01-13,4.319077968597412
2004-01-14,28.145755767822266
2004-01-15,94.84942626953125
2004-01-16,3.8772780895233154
2004-01-17,0.9466334581375122
2004-01-18,0.34581559896469116
2004-01-19,5.728241443634033
2004-01-20,11.027593612670898
2004-01-21,54.741859436035156
2004-01-22,5.412543773651123
2004-01-23,2.977182388305664
2004-01-24,4.031786918640137
2004-01-25,3.1562981605529785
2004-01-26,1.607539176940918
2004-01-27,0.0
2004-01-28,0.0
2004-01-29,14.137561798095703
2004-01-30,0.5545065402984619
2004-01-31,3.161679744720459
2004-02-01,0.05844367295503616
2004-02-02,0.0
2004-02-03,1.9467346668243408
2004-02-04,5.7630109786987305
2004-02-05,24.87091064453125
2004-02-06,14.989577293395996
2004-02-07,3.126229763031006
2004-02-08,10.4059476852417
2004-02-09,4.677182674407959
2004-02-10,23.44009017944336
2004-02-11,0.59571373462677
2004-02-12,0.0
2004-02-13,0.0
2004-02-14,22.29065704345703
2004-02-15,21.282915115356445
2004-02-16,0.0
2004-02-17,2.679858922958374
2004-02-18,6.23512077331543
2004-02-19,13.14640998840332
2004-02-20,20.58458709716797
2004-02-21,0.0
2004-02-22,0.0
2004-02-23,0.0
2004-02-24,0.0
2004-02-25,0.0
2004-02-26,0.0
2004-02-27,5.537283420562744
2004-02-28,8.734113693237305
2004-02-29,4.534822463989258
2004-03-01,0.0
2004-03-02,0.10908910632133484
2004-03-03,17.766782760620117
2004-03-04,0.44028735160827637
2004-03-05,0.14607970416545868
2004-03-06,0.0
2004-03-07,12.025334358215332
2004-03-08,0.0
2004-03-09,10.148282051086426
2004-03-10,9.359386444091797
2004-03-11,3.0707826614379883
2004-03-12,0.8734472393989563
2004-03-13,6.678776264190674
2004-03-14,0.0
2004-03-15,0.0
2004-03-16,0.0
2004-03-17,2.539166212081909
2004-03-18,62.23308181762695
2004-03-19,4.432971000671387
2004-03-20,0.0
2004-03-21,7.299149513244629
2004-03-22,0.0
2004-03-23,0.08587232232093811
2004-03-24,0.0
2004-03-25,0.0
2004-03-26,1.394470453262329
2004-03-27,0.29194021224975586
2004-03-28,4.518266677856445
2004-03-29,4.165846347808838
2004-03-30,12.950101852416992
2004-03-31,0.0
2004-04-01,0.0
2004-04-02,0.0
2004-04-03,0.0
2004-04-04,0.0
2004-04-05,0.0
2004-04-06,0.0
2004-04-07,0.0
2004-04-08,13.537930488586426
2004-04-09,27.460166931152344
2004-04-10,0.0
2004-04-11,2.1919305324554443
2004-04-12,4.492363452911377
2004-04-13,0.34108462929725647
2004-04-14,0.0
2004-04-15,4.549327850341797
2004-04-16,0.5386775732040405
2004-04-17,36.054481506347656
2004-04-18,2.072312355041504
2004-04-19,3.1846439838409424
2004-04-20,4.955905914306641
2004-04-21,0.0
2004-04-22,0.03478119149804115
2004-04-23,0.8645594716072083
2004-04-24,12.047067642211914
2004-04-25,1.8008170127868652
2004-04-26,0.0
2004-04-27,0.0
2004-04-28,0.0
2004-04-29,0.0
2004-04-30,0.6720677614212036
2004-05-01,0.06350336223840714
2004-05-02,0.0
2004-05-03,1.1103167533874512
2004-05-04,5.243469715118408
2004-05-05,9.706002235412598
2004-05-06,1.0108011960983276
2004-05-07,0.0
2004-05-08,1.2622913122177124
2004-05-09,2.210523843765259
2004-05-10,0.0
2004-05-11,0.0
2004-05-12,0.20429226756095886
2004-05-13,1.913105845451355
2004-05-14,4.103302001953125
2004-05-15,0.0
2004-05-16,0.0
2004-05-17,0.0
2004-05-18,0.0
2004-05-19,0.0
2004-05-20,0.0
2004-05-21,0.0
2004-05-22,0.0
2004-05-23,0.0
2004-05-24,0.0
2004-05-25,0.0
2004-05-26,0.0
2004-05-27,0.0
2004-05-28,0.0
2004-05-29,0.0
2004-05-30,0.0
2004-05-31,0.0
2004-06-01,0.0
2004-06-02,0.0
2004-06-03,0.0
2004-06-04,0.0
2004-06-05,0.0
2004-06-06,0.0
2004-06-07,1.7356685400009155
2004-06-08,0.7790126204490662
2004-06-09,2.3638665676116943
2004-06-10,0.14861005544662476
2004-06-11,0.8219154477119446
2004-06-12,1.5582326650619507
2004-06-13,0.22384727001190186
2004-06-14,0.11050687730312347
2004-06-15,0.43069350719451904
2004-06-16,0.0
2004-06-17,0.0
2004-06-18,0.0
2004-06-19,0.0
2004-06-20,0.0
2004-06-21,0.0
2004-06-22,11.984482765197754
2004-06-23,0.0
2004-06-24,2.4689853191375732
2004-06-25,0.024183157831430435
2004-06-26,5.322541236877441
2004-06-27,2.26869797706604
2004-06-28,0.4939488172531128
2004-06-29,0.0
2004-06-30,0.0
2004-07-01,0.008529139682650566
2004-07-02,0.18102280795574188
2004-07-03,1.7540148496627808
2004-07-04,0.0
2004-07-05,0.008830972015857697
2004-07-06,0.0
2004-07-07,0.0
2004-07-08,0.1211227998137474
2004-07-09,0.12278614938259125
2004-07-10,16.226181030273438
2004-07-11,13.086851119995117
2004-07-12,0.35421621799468994
2004-07-13,0.0
2004-07-14,0.0
2004-07-15,0.0
2004-07-16,1.200482726097107
2004-07-17,0.21339884400367737
2004-07-18,0.20198307931423187
2004-07-19,0.20198307931423187
2004-07-20,0.20198307931423187
2004-07-21,0.035270240157842636
2004-07-22,0.035270240157842636
2004-07-23,0.035270240157842636
2004-07-24,0.2116214483976364
2004-07-25,0.035270240157842636
2004-07-26,0.0
2004-07-27,0.0
2004-07-28,0.0
2004-07-29,0.0
2004-07-30,0.003605168079957366
2004-07-31,0.003605168079957366
2004-08-01,0.0
2004-08-02,0.0
2004-08-03,0.0
2004-08-04,0.0
2004-08-05,0.0
2004-08-06,0.0
2004-08-07,0.0
2004-08-08,0.0
2004-08-09,0.0
2004-08-10,0.0
2004-08-11,0.0
2004-08-12,0.0
2004-08-13,0.0
2004-08-14,0.0
2004-08-15,0.0
2004-08-16,0.04657139629125595
2004-08-17,0.49099433422088623
2004-08-18,0.16403824090957642
2004-08-19,0.32386675477027893
2004-08-20,0.0
2004-08-21,0.0
2004-08-22,0.0
2004-08-23,0.0
2004-08-24,0.0
2004-08-25,0.42742452025413513
2004-08-26,2.4551849365234375
2004-08-27,3.8948354721069336
2004-08-28,0.959819495677948
2004-08-29,0.03500266373157501
2004-08-30,0.2755676805973053
2004-08-31,0.3919380307197571
2004-09-01,1.5223814249038696
2004-09-02,3.1212832927703857
2004-09-03,7.635734558105469
2004-09-04,0.7548568844795227
2004-09-05,0.020623819902539253
2004-09-06,3.6184871196746826
2004-09-07,0.6030811667442322
2004-09-08,0.6030811667442322
2004-09-09,0.6030811667442322
2004-09-10,0.6030811667442322
2004-09-11,0.024201853200793266
2004-09-12,0.027983393520116806
2004-09-13,0.024201853200793266
2004-09-14,0.024201853200793266
2004-09-15,0.1414295881986618
2004-09-16,0.07191899418830872
2004-09-17,0.02140779234468937
2004-09-18,0.05233016237616539
2004-09-19,0.07317826896905899
2004-09-20,0.0
2004-09-21,0.0
2004-09-22,0.0
2004-09-23,5.087454319000244
2004-09-24,0.0
2004-09-25,0.0
2004-09-26,8.210838317871094
2004-09-27,0.14707252383232117
2004-09-28,0.5076624751091003
2004-09-29,22.636201858520508
2004-09-30,19.719575881958008
2004-10-01,10.889116287231445
2004-10-02,0.0
2004-10-03,12.096051216125488
2004-10-04,2.608400344848633
2004-10-05,0.0
2004-10-06,0.0
2004-10-07,0.0
2004-10-08,0.0
2004-10-09,4.439321041107178
2004-10-10,5.999752998352051
2004-10-11,0.046956706792116165
2004-10-12,3.7699830532073975
2004-10-13,1.001800537109375
2004-10-14,78.0576400756836
2004-10-15,0.7143881320953369
2004-10-16,0.11547570675611496
2004-10-17,1.9321790933609009
2004-10-18,0.16621790826320648
2004-10-19,16.493152618408203
2004-10-20,0.47593915462493896
2004-10-21,0.08616846799850464
2004-10-22,0.02757391147315502
2004-10-23,0.03936000168323517
2004-10-24,0.6340538859367371
2004-10-25,5.479015350341797
2004-10-26,0.0
2004-10-27,22.97947120666504
2004-10-28,1.3720167875289917
2004-10-29,0.0
2004-10-30,0.0
2004-10-31,8.22327995300293
2004-11-01,42.07919692993164
2004-11-02,4.798532009124756
2004-11-03,21.77349281311035
2004-11-04,0.3263992965221405
2004-11-05,3.111816883087158
2004-11-06,25.209741592407227
2004-11-07,2.0160489082336426
2004-11-08,0.17412850260734558
2004-11-09,0.005531984847038984
2004-11-10,0.0
2004-11-11,14.845511436462402
2004-11-12,0.6881295442581177
2004-11-13,0.05798356980085373
2004-11-14,5.19975471496582
2004-11-15,0.6857338547706604
2004-11-16,1.4518834352493286
2004-11-17,20.115924835205078
2004-11-18,13.315159797668457
2004-11-19,0.04005570337176323
2004-11-20,0.049228303134441376
2004-11-21,2.398632049560547
2004-11-22,0.9177036881446838
2004-11-23,14.400731086730957
2004-11-24,0.1638052612543106
2004-11-25,0.045421354472637177
2004-11-26,0.0
2004-11-27,24.670883178710938
2004-11-28,53.421974182128906
2004-11-29,8.835188865661621
2004-11-30,0.0
2004-12-01,0.0
2004-12-02,0.0
2004-12-03,0.0
2004-12-04,0.6559610962867737
2004-12-05,3.996511936187744
2004-12-06,1.0748480558395386
2004-12-07,0.0
2004-12-08,4.978752613067627
2004-12-09,15.568148612976074
2004-12-10,25.2292537689209
2004-12-11,0.0
2004-12-12,0.6015584468841553
2004-12-13,5.427117347717285
2004-12-14,6.240462779998779
2004-12-15,9.870643615722656
2004-12-16,2.14909029006958
2004-12-17,32.56717300415039
2004-12-18,10.948478698730469
2004-12-19,0.0
2004-12-20,1.1076911687850952
2004-12-21,3.7446815967559814
2004-12-22,0.6819165945053101
2004-12-23,95.79218292236328
2004-12-24,0.2454383224248886
2004-12-25,7.539341449737549
2004-12-26,29.633047103881836
2004-12-27,0.0
2004-12-28,0.0
2004-12-29,0.17299272119998932
2004-12-30,4.8025946617126465
2004-12-31,0.5346174836158752
2005-01-01,0.7049056887626648
2005-01-02,18.831832885742188
2005-01-03,55.885684967041016
2005-01-04,0.7411335706710815
2005-01-05,0.21727590262889862
2005-01-06,0.16891299188137054
2005-01-07,0.16891299188137054
2005-01-08,1.0134779214859009
2005-01-09,0.16891299188137054
2005-01-10,0.16891299188137054
2005-01-11,30.3487491607666
2005-01-12,2.969329833984375
2005-01-13,1.1619186401367188
2005-01-14,0.15253207087516785
2005-01-15,0.9818529486656189
2005-01-16,32.355743408203125
2005-01-17,0.8495579957962036
2005-01-18,0.0
2005-01-19,0.0
2005-01-20,7.449092864990234
2005-01-21,4.436161518096924
2005-01-22,0.0
2005-01-23,12.588316917419434
2005-01-24,0.8026303052902222
2005-01-25,1.6238940954208374
2005-01-26,24.999645233154297
2005-01-27,0.11645610630512238
2005-01-28,0.1597404032945633
2005-01-29,1.4163538217544556
2005-01-30,1.062135934829712
2005-01-31,0.1746051013469696
2005-02-01,11.245159149169922
2005-02-02,0.09944134205579758
2005-02-03,0.0
2005-02-04,0.0
2005-02-05,0.0
2005-02-06,0.2727452218532562
2005-02-07,0.05884521082043648
2005-02-08,5.890872955322266
2005-02-09,12.74331283569336
2005-02-10,1.4282934665679932
2005-02-11,7.68511962890625
2005-02-12,39.38052749633789
2005-02-13,16.968425750732422
2005-02-14,3.0310418605804443
2005-02-15,53.44243621826172
2005-02-16,7.278992176055908
2005-02-17,21.630823135375977
2005-02-18,9.032415390014648
2005-02-19,4.759941577911377
2005-02-20,14.612192153930664
2005-02-21,0.07929455488920212
2005-02-22,17.060876846313477
2005-02-23,13.9496431350708
2005-02-24,1.0209426879882812
2005-02-25,0.07562288641929626
2005-02-26,0.0
2005-02-27,11.026137351989746
2005-02-28,2.9459147453308105
2005-03-01,19.634702682495117
2005-03-02,4.6879143714904785
2005-03-03,6.596521854400635
2005-03-04,0.0
2005-03-05,8.287568092346191
2005-03-06,1.1986359357833862
2005-03-07,2.0549910068511963
2005-03-08,0.0
2005-03-09,9.480352401733398
2005-03-10,59.5931396484375
2005-03-11,0.13826647400856018
2005-03-12,0.28672245144844055
2005-03-13,2.2825469970703125
2005-03-14,28.84733772277832
2005-03-15,0.0
2005-03-16,0.0
2005-03-17,9.413623809814453
2005-03-18,0.0
2005-03-19,45.913612365722656
2005-03-20,0.8739417791366577
2005-03-21,0.0
2005-03-22,0.0
2005-03-23,0.0
2005-03-24,0.0
2005-03-25,0.0
2005-03-26,0.06691429018974304
2005-03-27,0.0
2005-03-28,16.432605743408203
2005-03-29,1.0301371812820435
2005-03-30,7.3135199546813965
2005-03-31,1.8617085218429565
2005-04-01,1.5663318634033203
2005-04-02,2.403687000274658
2005-04-03,26.64291763305664
2005-04-04,3.984731435775757
2005-04-05,0.0
2005-04-06,0.0
2005-04-07,0.0
2005-04-08,0.640710711479187
2005-04-09,1.187889814376831
2005-04-10,4.563343048095703
2005-04-11,0.0
2005-04-12,2.070006847381592
2005-04-13,4.745607852935791
2005-04-14,1.4304778575897217
2005-04-15,0.0
2005-04-16,0.038180314004421234
2005-04-17,0.25240734219551086
2005-04-18,36.91613006591797
2005-04-19,0.0
2005-04-20,0.0
2005-04-21,6.245207786560059
2005-04-22,0.14403878152370453
2005-04-23,2.148528575897217
2005-04-24,0.2819329798221588
2005-04-25,25.398897171020508
2005-04-26,11.825346946716309
2005-04-27,0.09791119396686554
2005-04-28,0.0
2005-04-29,1.620538592338562
2005-04-30,0.0
2005-05-01,0.0
2005-05-02,0.0
2005-05-03,0.0
2005-05-04,0.0
2005-05-05,0.0
2005-05-06,3.271599292755127
2005-05-07,3.398787021636963
2005-05-08,4.277993679046631
2005-05-09,2.9341421127319336
2005-05-10,0.0
2005-05-11,0.0
2005-05-12,0.0
2005-05-13,0.0
2005-05-14,0.0
2005-05-15,0.0
2005-05-16,0.0
2005-05-17,0.0
2005-05-18,17.378551483154297
2005-05-19,0.0
2005-05-20,0.18079116940498352
2005-05-21,23.867328643798828
2005-05-22,9.748144149780273
2005-05-23,0.7089281678199768
2005-05-24,0.0
2005-05-25,21.328086853027344
2005-05-26,23.16054344177246
2005-05-27,0.0
2005-05-28,0.0
2005-05-29,0.0
2005-05-30,0.0
2005-05-31,3.1465325355529785
2005-06-01,0.0
2005-06-02,0.0
2005-06-03,0.0
2005-06-04,0.0
2005-06-05,0.0
2005-06-06,0.051284339278936386
2005-06-07,0.051284339278936386
2005-06-08,0.051284339278936386
2005-06-09,0.051284339278936386
2005-06-10,0.051284339278936386
2005-06-11,2.54081654548645
2005-06-12,2.090210199356079
2005-06-13,0.0
2005-06-14,0.05125856027007103
2005-06-15,3.416567087173462
2005-06-16,7.793920993804932
2005-06-17,7.793920993804932
2005-06-18,7.793920993804932
2005-06-19,7.793920993804932
2005-06-20,7.793920993804932
2005-06-21,0.0
2005-06-22,1.3485368490219116
2005-06-23,0.16319870948791504
2005-06-24,0.0
2005-06-25,0.0
2005-06-26,0.0
2005-06-27,0.0
2005-06-28,0.0
2005-06-29,0.0
2005-06-30,0.0
2005-07-01,0.6213680505752563
2005-07-02,0.6213680505752563
2005-07-03,0.6213680505752563
2005-07-04,0.6213680505752563
2005-07-05,0.6213680505752563
2005-07-06,0.08354882150888443
2005-07-07,0.08354882150888443
2005-07-08,0.08354882150888443
2005-07-09,0.08354882150888443
2005-07-10,0.08354882150888443
2005-07-11,0.0
2005-07-12,0.0
2005-07-13,0.0
2005-07-14,0.0
2005-07-15,0.0
2005-07-16,0.0
2005-07-17,3.596418619155884
2005-07-18,0.01672198995947838
2005-07-19,0.0
2005-07-20,0.04584003612399101
2005-07-21,0.24634692072868347
2005-07-22,0.04105782136321068
2005-07-23,0.04105782136321068
2005-07-24,0.04105782136321068
2005-07-25,0.04105782136321068
2005-07-26,0.0
2005-07-27,0.0
2005-07-28,0.0
2005-07-29,0.0
2005-07-30,0.0
2005-07-31,0.0
2005-08-01,0.0
2005-08-02,0.0
2005-08-03,0.0
2005-08-04,0.0
2005-08-05,0.0
2005-08-06,0.0
2005-08-07,0.0
2005-08-08,0.0
2005-08-09,0.0
2005-08-10,0.0
2005-08-11,0.0
2005-08-12,0.0
2005-08-13,0.0
2005-08-14,0.0
2005-08-15,0.0
2005-08-16,0.0
2005-08-17,0.0
2005-08-18,0.0
2005-08-19,0.0
2005-08-20,0.0
2005-08-21,0.0
2005-08-22,0.3049944341182709
2005-08-23,0.0
2005-08-24,16.712129592895508
2005-08-25,13.01309585571289
2005-08-26,0.021372195333242416
2005-08-27,0.0
2005-08-28,0.0
2005-08-29,0.0
2005-08-30,0.0
2005-08-31,4.470859050750732
2005-09-01,12.744597434997559
2005-09-02,0.0
2005-09-03,0.0
2005-09-04,0.0
2005-09-05,0.0
2005-09-06,0.0
2005-09-07,0.0
2005-09-08,0.0
2005-09-09,0.0
2005-09-10,1.0201202630996704
2005-09-11,0.0797632560133934
2005-09-12,1.1623313426971436
2005-09-13,0.5978251695632935
2005-09-14,0.03615082800388336
2005-09-15,0.0
2005-09-16,0.08296188712120056
2005-09-17,0.08296188712120056
2005-09-18,0.08296188712120056
2005-09-19,0.08296188712120056
2005-09-20,0.08296188712120056
2005-09-21,0.0
2005-09-22,0.18342630565166473
2005-09-23,0.0
2005-09-24,0.0
2005-09-25,9.471744537353516
2005-09-26,48.3216438293457
2005-09-27,0.06323903799057007
2005-09-28,0.0
2005-09-29,0.0
2005-09-30,0.0
2005-10-01,17.41836929321289
2005-10-02,0.05869654566049576
2005-10-03,0.0
2005-10-04,0.0
2005-10-05,15.41256332397461
2005-10-06,4.114598274230957
2005-10-07,1.5931472778320312
2005-10-08,4.188029766082764
2005-10-09,1.0279732942581177
2005-10-10,0.004847458563745022
2005-10-11,0.0
2005-10-12,1.214092493057251
2005-10-13,0.0
2005-10-14,4.454009532928467
2005-10-15,1.0479620695114136
2005-10-16,0.10624922066926956
2005-10-17,13.941912651062012
2005-10-18,2.324838876724243
2005-10-19,0.8799815773963928
2005-10-20,0.0
2005-10-21,0.0
2005-10-22,0.0
2005-10-23,1.2876923084259033
2005-10-24,14.279239654541016
2005-10-25,0.0
2005-10-26,18.319643020629883
2005-10-27,13.073708534240723
2005-10-28,2.4633162021636963
2005-10-29,0.0
2005-10-30,39.56874084472656
2005-10-31,1.0297799110412598
2005-11-01,0.03831803426146507
2005-11-02,0.0
2005-11-03,0.0
2005-11-04,0.0
2005-11-05,1.178202748298645
2005-11-06,8.401627540588379
2005-11-07,0.15904653072357178
2005-11-08,0.6932806372642517
2005-11-09,1.8899937868118286
2005-11-10,0.4545356333255768
2005-11-11,10.229400634765625
2005-11-12,4.556177139282227
2005-11-13,1.2396551370620728
2005-11-14,0.0
2005-11-15,3.4786672592163086
2005-11-16,0.28278177976608276
2005-11-17,13.152352333068848
2005-11-18,27.046335220336914
2005-11-19,12.910626411437988
2005-11-20,17.928035736083984
2005-11-21,3.5245349407196045
2005-11-22,5.5044379234313965
2005-11-23,4.421072006225586
2005-11-24,2.460820198059082
2005-11-25,34.460140228271484
2005-11-26,3.4176464080810547
2005-11-27,0.0
2005-11-28,4.671978950500488
2005-11-29,45.61674118041992
2005-11-30,43.309593200683594
2005-12-01,11.579137802124023
2005-12-02,6.5045623779296875
2005-12-03,12.39452075958252
2005-12-04,0.4672449827194214
2005-12-05,0.0
2005-12-06,0.8054975867271423
2005-12-07,63.86673355102539
2005-12-08,0.521165132522583
2005-12-09,0.1623501032590866
2005-12-10,0.0
2005-12-11,19.652870178222656
2005-12-12,0.0
2005-12-13,0.0
2005-12-14,0.7477771043777466
2005-12-15,10.315594673156738
2005-12-16,1.4550708532333374
2005-12-17,0.5253746509552002
2005-12-18,6.0492753982543945
2005-12-19,0.0
2005-12-20,17.47654151916504
2005-12-21,3.2256205081939697
2005-12-22,0.16402825713157654
2005-12-23,0.0
2005-12-24,1.0291450023651123
2005-12-25,25.19672203063965
2005-12-26,1.122694730758667
2005-12-27,11.982470512390137
2005-12-28,3.8493425846099854
2005-12-29,46.3489990234375
2005-12-30,9.533105850219727
2005-12-31,1.4315975904464722
2006-01-01,5.803589820861816
2006-01-02,46.40657424926758
2006-01-03,2.3265721797943115
2006-01-04,3.415353298187256
2006-01-05,0.0
2006-01-06,0.23852618038654327
2006-01-07,17.591150283813477
2006-01-08,0.7813475728034973
2006-01-09,0.0
2006-01-10,22.503355026245117
2006-01-11,42.6812858581543
2006-01-12,1.1617975234985352
2006-01-13,22.899089813232422
2006-01-14,22.633384704589844
2006-01-15,1.9913115501403809
2006-01-16,13.48513126373291
2006-01-17,2.4077587127685547
2006-01-18,0.16137464344501495
2006-01-19,32.5363883972168
2006-01-20,10.591575622558594
2006-01-21,1.6237672567367554
2006-01-22,39.390174865722656
2006-01-23,1.2731977701187134
2006-01-24,7.514135360717773
2006-01-25,2.0376386642456055
2006-01-26,34.289154052734375
2006-01-27,0.17640995979309082
2006-01-28,2.657226085662842
2006-01-29,0.0
2006-01-30,30.061222076416016
2006-01-31,0.1917015165090561
2006-02-01,21.016490936279297
2006-02-02,2.667825222015381
2006-02-03,0.11266646534204483
2006-02-04,0.031066585332155228
2006-02-05,0.0
2006-02-06,3.4132461547851562
2006-02-07,0.8826359510421753
2006-02-08,0.7049838900566101
2006-02-09,10.586478233337402
2006-02-10,17.119773864746094
2006-02-11,3.2644832134246826
2006-02-12,0.41847240924835205
2006-02-13,35.50129699707031
2006-02-14,42.214996337890625
2006-02-15,0.7602224349975586
2006-02-16,0.0
2006-02-17,0.0
2006-02-18,7.954864978790283
2006-02-19,27.114408493041992
2006-02-20,2.0535972118377686
2006-02-21,0.16237865388393402
2006-02-22,0.0
2006-02-23,0.0
2006-02-24,0.003701266134157777
2006-02-25,0.15564554929733276
2006-02-26,1.2424447536468506
2006-02-27,0.14868660271167755
2006-02-28,1.2774617671966553
2006-03-01,0.35713523626327515
2006-03-02,0.02171645127236843
2006-03-03,0.6111629605293274
2006-03-04,3.6069834232330322
2006-03-05,1.7131813764572144
2006-03-06,0.1744309365749359
2006-03-07,0.0
2006-03-08,0.0
2006-03-09,0.036940962076187134
2006-03-10,0.5450382232666016
2006-03-11,31.93533706665039
2006-03-12,0.1093457043170929
2006-03-13,0.5752303600311279
2006-03-14,2.5027101039886475
2006-03-15,3.387535810470581
2006-03-16,0.0708489865064621
2006-03-17,0.0879380851984024
2006-03-18,27.756328582763672
2006-03-19,7.172922611236572
2006-03-20,1.9249632358551025
2006-03-21,1.946729063987732
2006-03-22,4.083212375640869
2006-03-23,26.141387939453125
2006-03-24,8.308362007141113
2006-03-25,21.35707664489746
2006-03-26,0.0
2006-03-27,0.4686395823955536
2006-03-28,0.0
2006-03-29,2.3928089141845703
2006-03-30,47.07019805908203
2006-03-31,2.551321506500244
2006-04-01,6.181785583496094
2006-04-02,46.84007263183594
2006-04-03,5.524286270141602
2006-04-04,23.072507858276367
2006-04-05,3.312389850616455
2006-04-06,39.084774017333984
2006-04-07,8.289606094360352
2006-04-08,1.9980801343917847
2006-04-09,73.38694763183594
2006-04-10,0.4018571078777313
2006-04-11,0.0
2006-04-12,1.0564954280853271
2006-04-13,0.5604366064071655
2006-04-14,2.4476823806762695
2006-04-15,4.762261390686035
2006-04-16,7.341219902038574
2006-04-17,0.09617319703102112
2006-04-18,0.2724907100200653
2006-04-19,0.0
2006-04-20,0.0
2006-04-21,0.0
2006-04-22,0.0
2006-04-23,0.8628332018852234
2006-04-24,0.0
2006-04-25,5.153031826019287
2006-04-26,0.41794684529304504
2006-04-27,0.06965780258178711
2006-04-28,0.06965780258178711
2006-04-29,0.06965780258178711
2006-04-30,0.06965780258178711
2006-05-01,0.0
2006-05-02,0.0
2006-05-03,0.0
2006-05-04,0.0
2006-05-05,0.0
2006-05-06,1.0637818574905396
2006-05-07,0.019129719585180283
2006-05-08,0.04321900010108948
2006-05-09,0.41770878434181213
2006-05-10,0.28127777576446533
2006-05-11,0.0
2006-05-12,0.0
2006-05-13,0.0
2006-05-14,0.0
2006-05-15,0.0
2006-05-16,0.1763901561498642
2006-05-17,0.1763901561498642
2006-05-18,1.0583410263061523
2006-05-19,0.1763901561498642
2006-05-20,0.1763901561498642
2006-05-21,10.192378997802734
2006-05-22,1.5510317087173462
2006-05-23,1.062840461730957
2006-05-24,0.0
2006-05-25,0.0
2006-05-26,0.0
2006-05-27,0.0
2006-05-28,0.0
2006-05-29,0.0
2006-05-30,0.0
2006-05-31,0.0
2006-06-01,0.0
2006-06-02,0.0
2006-06-03,0.0
2006-06-04,0.0
2006-06-05,0.0
2006-06-06,0.07542139291763306
2006-06-07,0.0
2006-06-08,0.0
2006-06-09,0.0
2006-06-10,2.4991326332092285
2006-06-11,14.788283348083496
2006-06-12,1.7296607494354248
2006-06-13,0.0
2006-06-14,0.0
2006-06-15,0.0
2006-06-16,0.0
2006-06-17,0.0
2006-06-18,0.0
2006-06-19,0.0
2006-06-20,0.0
2006-06-21,0.37167543172836304
2006-06-22,8.594905853271484
2006-06-23,0.3338370621204376
2006-06-24,0.0
2006-06-25,0.0
2006-06-26,0.0
2006-06-27,0.0
2006-06-28,0.0
2006-06-29,0.0
2006-06-30,0.0
2006-07-01,0.03505880758166313
2006-07-02,0.03505880758166313
2006-07-03,0.03505880758166313
2006-07-04,0.03505880758166313
2006-07-05,0.03505880758166313
2006-07-06,0.18576867878437042
2006-07-07,0.030961444601416588
2006-07-08,0.030961444601416588
2006-07-09,0.030961444601416588
2006-07-10,0.030961444601416588
2006-07-11,0.0
2006-07-12,0.0
2006-07-13,0.0
2006-07-14,5.763980865478516
2006-07-15,0.5329638123512268
2006-07-16,0.14174890518188477
2006-07-17,0.14174890518188477
2006-07-18,0.14174890518188477
2006-07-19,0.14174890518188477
2006-07-20,0.14174890518188477
2006-07-21,0.0
2006-07-22,0.0
2006-07-23,0.0
2006-07-24,0.0
2006-07-25,0.4020410478115082
2006-07-26,0.0
2006-07-27,0.0
2006-07-28,0.0
2006-07-29,4.455114364624023
2006-07-30,0.8414671421051025
2006-07-31,0.0
2006-08-01,0.0
2006-08-02,0.0
2006-08-03,0.0
2006-08-04,0.0
2006-08-05,0.0
2006-08-06,5.287104606628418
2006-08-07,0.0
2006-08-08,0.0
2006-08-09,0.0
2006-08-10,7.219235420227051
2006-08-11,0.036624424159526825
2006-08-12,4.9137773513793945
2006-08-13,0.0
2006-08-14,0.0
2006-08-15,5.292229652404785
2006-08-16,0.5570773482322693
2006-08-17,0.5570773482322693
2006-08-18,0.5570773482322693
2006-08-19,0.8665648102760315
2006-08-20,3.0329766273498535
2006-08-21,0.09122348576784134
2006-08-22,0.047613516449928284
2006-08-23,0.10194724798202515
2006-08-24,0.033315159380435944
2006-08-25,0.030455490574240685
2006-08-26,0.0
2006-08-27,0.0
2006-08-28,25.440126419067383
2006-08-29,0.04647069796919823
2006-08-30,0.0
2006-08-31,0.0
2006-09-01,0.0
2006-09-02,8.10097885131836
2006-09-03,0.43476414680480957
2006-09-04,0.0
2006-09-05,0.0
2006-09-06,0.12765510380268097
2006-09-07,0.12765510380268097
2006-09-08,0.12765510380268097
2006-09-09,0.12765510380268097
2006-09-10,0.12765510380268097
2006-09-11,0.004968928638845682
2006-09-12,0.02950301393866539
2006-09-13,2.7167623043060303
2006-09-14,0.0021739064250141382
2006-09-15,0.0
2006-09-16,0.01325902994722128
2006-09-17,0.0
2006-09-18,0.09281321614980698
2006-09-19,0.0
2006-09-20,20.321674346923828
2006-09-21,5.539495944976807
2006-09-22,0.20010191202163696
2006-09-23,5.603310585021973
2006-09-24,23.271270751953125
2006-09-25,0.4222736358642578
2006-09-26,0.0
2006-09-27,0.08850755542516708
2006-09-28,27.942535400390625
2006-09-29,0.09665733575820923
2006-09-30,0.8142695426940918
2006-10-01,0.0
2006-10-02,0.0
2006-10-03,4.832363128662109
2006-10-04,1.0534712076187134
2006-10-05,5.55751895904541
2006-10-06,0.4296606481075287
2006-10-07,0.0
2006-10-08,15.767642974853516
2006-10-09,0.07887288182973862
2006-10-10,0.0
2006-10-11,0.0
2006-10-12,51.952327728271484
2006-10-13,1.2427436113357544
2006-10-14,0.0
2006-10-15,27.315105438232422
2006-10-16,65.36180877685547
2006-10-17,0.28527140617370605
2006-10-18,0.015305111184716225
2006-10-19,4.815945148468018
2006-10-20,7.842298984527588
2006-10-21,9.692243576049805
2006-10-22,12.264920234680176
2006-10-23,5.62758207321167
2006-10-24,0.09186316281557083
2006-10-25,0.546124279499054
2006-10-26,6.970549583435059
2006-10-27,16.005817413330078
2006-10-28,0.0
2006-10-29,0.7004327178001404
2006-10-30,1.8055561780929565
2006-10-31,2.059626340866089
2006-11-01,30.164997100830078
2006-11-02,13.59025764465332
2006-11-03,2.116534948348999
2006-11-04,1.482513427734375
2006-11-05,3.017652988433838
2006-11-06,1.4162232875823975
2006-11-07,53.4014778137207
2006-11-08,8.284728050231934
2006-11-09,5.357663631439209
2006-11-10,0.021521562710404396
2006-11-11,0.6419125199317932
2006-11-12,0.0
2006-11-13,0.06796719878911972
2006-11-14,0.0
2006-11-15,0.0
2006-11-16,0.0
2006-11-17,0.4570178985595703
2006-11-18,0.0
2006-11-19,0.0
2006-11-20,10.089457511901855
2006-11-21,0.10317537933588028
2006-11-22,0.128969207406044
2006-11-23,1.5476305484771729
2006-11-24,0.0
2006-11-25,6.061553478240967
2006-11-26,0.8494086265563965
2006-11-27,0.33593326807022095
2006-11-28,12.821842193603516
2006-11-29,14.675063133239746
2006-11-30,60.48689270019531
2006-12-01,3.697214126586914
2006-12-02,0.16047106683254242
2006-12-03,14.597582817077637
2006-12-04,74.28479766845703
2006-12-05,1.8357336521148682
2006-12-06,1.6665676832199097
2006-12-07,0.0
2006-12-08,1.8140733242034912
2006-12-09,14.628737449645996
2006-12-10,6.891717910766602
2006-12-11,0.8692016005516052
2006-12-12,0.0
2006-12-13,0.0
2006-12-14,0.27881863713264465
2006-12-15,1.4053324460983276
2006-12-16,0.0
2006-12-17,0.0
2006-12-18,0.0
2006-12-19,0.0
2006-12-20,0.0
2006-12-21,2.984437942504883
2006-12-22,3.4015586376190186
2006-12-23,3.667879581451416
2006-12-24,7.552157878875732
2006-12-25,11.208681106567383
2006-12-26,1.680350661277771
2006-12-27,0.0021219791378825903
2006-12-28,4.83648681640625
2006-12-29,0.0464254729449749
2006-12-30,10.092170715332031
2006-12-31,23.85102653503418
2007-01-01,0.6511957049369812
2007-01-02,0.0
2007-01-03,1.0188716650009155
2007-01-04,2.3914003372192383
2007-01-05,0.3532296121120453
2007-01-06,62.93241882324219
2007-01-07,0.50132817029953
2007-01-08,3.058654308319092
2007-01-09,48.145809173583984
2007-01-10,2.8913447856903076
2007-01-11,0.0
2007-01-12,0.5112234950065613
2007-01-13,8.539778709411621
2007-01-14,8.789813041687012
2007-01-15,26.581968307495117
2007-01-16,41.9605827331543
2007-01-17,2.6435582637786865
2007-01-18,0.02657312899827957
2007-01-19,2.3638622760772705
2007-01-20,0.0
2007-01-21,34.054039001464844
2007-01-22,2.7481088638305664
2007-01-23,0.0
2007-01-24,1.360526204109192
2007-01-25,13.481398582458496
2007-01-26,2.2161879539489746
2007-01-27,0.0
2007-01-28,0.9648149609565735
2007-01-29,5.926103115081787
2007-01-30,16.808557510375977
2007-01-31,6.156943321228027
2007-02-01,19.689069747924805
2007-02-02,0.25198808312416077
2007-02-03,0.0026248758658766747
2007-02-04,0.0
2007-02-05,1.034322738647461
2007-02-06,0.02477511763572693
2007-02-07,0.02477511763572693
2007-02-08,14.449775695800781
2007-02-09,2.9680893421173096
2007-02-10,20.178373336791992
2007-02-11,25.307498931884766
2007-02-12,1.822194218635559
2007-02-13,9.37955093383789
2007-02-14,0.8383128046989441
2007-02-15,55.66263198852539
2007-02-16,80.8100357055664
2007-02-17,3.807967185974121
2007-02-18,0.6406177282333374
2007-02-19,4.7597432136535645
2007-02-20,1.4074941873550415
2007-02-21,2.024282932281494
2007-02-22,0.08773532509803772
2007-02-23,2.2911672592163086
2007-02-24,6.337342262268066
2007-02-25,14.162040710449219
2007-02-26,1.0360605716705322
2007-02-27,0.0
2007-02-28,0.0
2007-03-01,0.49729451537132263
2007-03-02,8.767826080322266
2007-03-03,1.3331655263900757
2007-03-04,23.415693283081055
2007-03-05,6.8174004554748535
2007-03-06,2.689420700073242
2007-03-07,6.494457244873047
2007-03-08,0.7054433822631836
2007-03-09,4.069004058837891
2007-03-10,3.5154645442962646
2007-03-11,8.076098442077637
2007-03-12,41.48979568481445
2007-03-13,4.627827167510986
2007-03-14,2.270960807800293
2007-03-15,2.5411365032196045
2007-03-16,4.9670562744140625
2007-03-17,5.011145114898682
2007-03-18,23.069704055786133
2007-03-19,12.297175407409668
2007-03-20,3.3360097408294678
2007-03-21,0.31147071719169617
2007-03-22,0.5224065184593201
2007-03-23,3.1648929119110107
2007-03-24,5.151047706604004
2007-03-25,0.9149781465530396
2007-03-26,0.4642476439476013
2007-03-27,2.495818614959717
2007-03-28,12.77017879486084
2007-03-29,3.046382427215576
2007-03-30,2.812687635421753
2007-03-31,1.9425280094146729
2007-04-01,9.611198425292969
2007-04-02,1.7673956155776978
2007-04-03,0.9907047748565674
2007-04-04,23.692211151123047
2007-04-05,3.6424522399902344
2007-04-06,14.594894409179688
2007-04-07,3.771146297454834
2007-04-08,6.369811058044434
2007-04-09,11.274229049682617
2007-04-10,3.0528175830841064
2007-04-11,0.5207886099815369
2007-04-12,2.028062105178833
2007-04-13,18.50092315673828
2007-04-14,2.282752752304077
2007-04-15,3.571702480316162
2007-04-16,1.0269414186477661
2007-04-17,1.016793966293335
2007-04-18,0.7013931274414062
2007-04-19,0.14710307121276855
2007-04-20,0.39487946033477783
2007-04-21,0.8178701996803284
2007-04-22,6.644352912902832
2007-04-23,1.7326288223266602
2007-04-24,2.0095839500427246
2007-04-25,21.4339542388916
2007-04-26,2.182546854019165
2007-04-27,10.509434700012207
2007-04-28,2.92960786819458
2007-04-29,2.2848870754241943
2007-04-30,1.1952499151229858
2007-05-01,6.977046489715576
2007-05-02,3.8919060230255127
2007-05-03,1.9485300779342651
2007-05-04,1.400331735610962
2007-05-05,0.42826730012893677
2007-05-06,4.173338413238525
2007-05-07,1.557089924812317
2007-05-08,9.840917587280273
2007-05-09,5.59351110458374
2007-05-10,9.293455123901367
2007-05-11,0.0
2007-05-12,0.0
2007-05-13,0.0
2007-05-14,0.0
2007-05-15,0.0
2007-05-16,0.9769769906997681
2007-05-17,14.777054786682129
2007-05-18,8.541459083557129
2007-05-19,4.221264362335205
2007-05-20,3.664705991744995
2007-05-21,2.144941806793213
2007-05-22,0.770544707775116
2007-05-23,22.064918518066406
2007-05-24,6.709249973297119
2007-05-25,8.73724365234375
2007-05-26,0.0
2007-05-27,0.0
2007-05-28,0.0
2007-05-29,0.0
2007-05-30,0.0
2007-05-31,0.0
2007-06-01,0.0
2007-06-02,0.0
2007-06-03,0.0
2007-06-04,0.0
2007-06-05,0.0
2007-06-06,0.0
2007-06-07,0.13402481377124786
2007-06-08,0.00575887830927968
2007-06-09,0.0
2007-06-10,0.0
2007-06-11,0.0
2007-06-12,0.0
2007-06-13,0.0
2007-06-14,0.0
2007-06-15,0.0
2007-06-16,0.0
2007-06-17,0.0
2007-06-18,0.0
2007-06-19,0.0
2007-06-20,0.0
2007-06-21,0.0
2007-06-22,0.0
2007-06-23,0.0
2007-06-24,0.0
2007-06-25,0.0
2007-06-26,0.0006884589674882591
2007-06-27,0.8158239722251892
2007-06-28,0.0
2007-06-29,0.0
2007-06-30,0.0
2007-07-01,0.12101010233163834
2007-07-02,0.020168349146842957
2007-07-03,0.020168349146842957
2007-07-04,0.020168349146842957
2007-07-05,0.020168349146842957
2007-07-06,0.0
2007-07-07,0.0
2007-07-08,0.02489670179784298
2007-07-09,3.6074304580688477
2007-07-10,1.8117519617080688
2007-07-11,0.0
2007-07-12,0.0
2007-07-13,0.0
2007-07-14,0.0
2007-07-15,0.0
2007-07-16,0.1173231303691864
2007-07-17,4.193543910980225
2007-07-18,10.499720573425293
2007-07-19,0.21284562349319458
2007-07-20,0.0
2007-07-21,0.04437057301402092
2007-07-22,0.0
2007-07-23,10.048205375671387
2007-07-24,12.514713287353516
2007-07-25,63.13441467285156
2007-07-26,0.021150121465325356
2007-07-27,0.002862017834559083
2007-07-28,0.0012849075719714165
2007-07-29,0.0007451841956935823
2007-07-30,0.0017845199909061193
2007-07-31,0.0
2007-08-01,0.0
2007-08-02,0.0
2007-08-03,0.0
2007-08-04,0.0
2007-08-05,0.0
2007-08-06,0.0
2007-08-07,0.0
2007-08-08,0.0
2007-08-09,0.0
2007-08-10,0.0
2007-08-11,0.0
2007-08-12,0.0
2007-08-13,0.0
2007-08-14,0.0
2007-08-15,0.0
2007-08-16,0.0
2007-08-17,0.0
2007-08-18,0.0
2007-08-19,0.0
2007-08-20,0.0
2007-08-21,0.03889472410082817
2007-08-22,0.03889472410082817
2007-08-23,0.03889472410082817
2007-08-24,0.03889472410082817
2007-08-25,0.23336833715438843
2007-08-26,0.0
2007-08-27,1.3255467414855957
2007-08-28,0.0
2007-08-29,0.0
2007-08-30,0.023337092250585556
2007-08-31,0.08868096768856049
2007-09-01,0.41014575958251953
2007-09-02,0.1597660779953003
2007-09-03,0.1597660779953003
2007-09-04,0.1597660779953003
2007-09-05,0.7082168459892273
2007-09-06,0.5655125975608826
2007-09-07,6.307036876678467
2007-09-08,0.11454249173402786
2007-09-09,0.05727124586701393
2007-09-10,0.28635624051094055
2007-09-11,0.0
2007-09-12,0.0
2007-09-13,0.0
2007-09-14,0.0719158947467804
2007-09-15,19.489206314086914
2007-09-16,4.415762901306152
2007-09-17,0.0
2007-09-18,0.8628502488136292
2007-09-19,3.552912712097168
2007-09-20,0.0
2007-09-21,0.5746981501579285
2007-09-22,3.0267436504364014
2007-09-23,0.0
2007-09-24,0.0
2007-09-25,0.0
2007-09-26,0.0
2007-09-27,0.0
2007-09-28,0.0
2007-09-29,0.0
2007-09-30,0.0
2007-10-01,0.0
2007-10-02,0.0
2007-10-03,0.0
2007-10-04,0.0
2007-10-05,0.0
2007-10-06,2.566030740737915
2007-10-07,13.286493301391602
2007-10-08,3.0917859077453613
2007-10-09,0.0066139670088887215
2007-10-10,0.1303689032793045
2007-10-11,61.7564697265625
2007-10-12,2.15570068359375
2007-10-13,15.722066879272461
2007-10-14,3.3666160106658936
2007-10-15,0.1831427365541458
2007-10-16,2.3885960578918457
2007-10-17,28.426694869995117
2007-10-18,3.2238352298736572
2007-10-19,18.85941505432129
2007-10-20,0.006676580756902695
2007-10-21,0.0
2007-10-22,3.400273561477661
2007-10-23,0.20471389591693878
2007-10-24,19.891216278076172
2007-10-25,0.0
2007-10-26,16.782854080200195
2007-10-27,2.3446297645568848
2007-10-28,11.575234413146973
2007-10-29,0.04768325388431549
2007-10-30,0.0
2007-10-31,0.0
2007-11-01,7.300033092498779
2007-11-02,15.679118156433105
2007-11-03,20.119089126586914
2007-11-04,9.42977523803711
2007-11-05,0.031437769532203674
2007-11-06,0.0
2007-11-07,3.586134195327759
2007-11-08,4.687191486358643
2007-11-09,0.0
2007-11-10,2.7313849925994873
2007-11-11,8.729897499084473
2007-11-12,39.77938461303711
2007-11-13,1.748086929321289
2007-11-14,1.7007896900177002
2007-11-15,9.149436950683594
2007-11-16,4.242168426513672
2007-11-17,0.0734356939792633
2007-11-18,0.0
2007-11-19,0.030994104221463203
2007-11-20,2.939082145690918
2007-11-21,2.781782627105713
2007-11-22,0.22345490753650665
2007-11-23,0.36345410346984863
2007-11-24,7.575563430786133
2007-11-25,14.248866081237793
2007-11-26,1.082376480102539
2007-11-27,38.359954833984375
2007-11-28,0.7095158696174622
2007-11-29,0.213063046336174
2007-11-30,0.18186528980731964
2007-12-01,61.62028503417969
2007-12-02,8.691139221191406
2007-12-03,9.131608009338379
2007-12-04,11.311722755432129
2007-12-05,0.9014350175857544
2007-12-06,28.07878303527832
2007-12-07,0.0
2007-12-08,0.3882443308830261
2007-12-09,10.853044509887695
2007-12-10,4.019201755523682
2007-12-11,37.104244232177734
2007-12-12,2.0952255725860596
2007-12-13,0.052962422370910645
2007-12-14,0.0
2007-12-15,6.690835952758789
2007-12-16,26.12810516357422
2007-12-17,0.6841142177581787
2007-12-18,2.692477226257324
2007-12-19,2.2196507453918457
2007-12-20,4.953868865966797
2007-12-21,0.8679732084274292
2007-12-22,0.0
2007-12-23,0.033539798110723495
2007-12-24,0.0
2007-12-25,37.80022430419922
2007-12-26,2.96349835395813
2007-12-27,0.45501625537872314
2007-12-28,0.02916771173477173
2007-12-29,0.0936511680483818
2007-12-30,4.597043514251709
2007-12-31,9.426420211791992
2008-01-01,16.9995174407959
2008-01-02,22.993749618530273
2008-01-03,0.32044002413749695
2008-01-04,7.281516075134277
2008-01-05,28.94608497619629
2008-01-06,0.8008242249488831
2008-01-07,0.05648326128721237
2008-01-08,0.015992486849427223
2008-01-09,15.566143035888672
2008-01-10,21.478742599487305
2008-01-11,22.497264862060547
2008-01-12,36.2281608581543
2008-01-13,6.222968578338623
2008-01-14,27.457075119018555
2008-01-15,1.0019962787628174
2008-01-16,6.850265979766846
2008-01-17,0.0
2008-01-18,14.1181001663208
2008-01-19,0.12019570916891098
2008-01-20,14.53744888305664
2008-01-21,2.761411190032959
2008-01-22,0.5035579800605774
2008-01-23,1.3836287260055542
2008-01-24,99.05033874511719
2008-01-25,4.607988357543945
2008-01-26,0.06621726602315903
2008-01-27,1.4000219106674194
2008-01-28,11.055578231811523
2008-01-29,19.937782287597656
2008-01-30,59.26398468017578
2008-01-31,8.693815231323242
2008-02-01,4.382909774780273
2008-02-02,24.429061889648438
2008-02-03,5.312406539916992
2008-02-04,19.04228401184082
2008-02-05,0.9308794140815735
2008-02-06,0.0
2008-02-07,0.0
2008-02-08,0.0
2008-02-09,0.0
2008-02-10,0.0
2008-02-11,49.49892807006836
2008-02-12,3.1494765281677246
2008-02-13,2.7302792072296143
2008-02-14,0.906697690486908
2008-02-15,0.0
2008-02-16,0.3883109986782074
2008-02-17,51.52552795410156
2008-02-18,2.0983994007110596
2008-02-19,26.262126922607422
2008-02-20,6.716819763183594
2008-02-21,7.207185745239258
2008-02-22,8.091691970825195
2008-02-23,22.0106143951416
2008-02-24,7.011358261108398
2008-02-25,2.0373499393463135
2008-02-26,10.10451889038086
2008-02-27,4.925873279571533
2008-02-28,1.280961513519287
2008-02-29,5.861881732940674
2008-03-01,8.67682933807373
2008-03-02,39.98473358154297
2008-03-03,2.187129259109497
2008-03-04,20.982810974121094
2008-03-05,7.1783366203308105
2008-03-06,14.030054092407227
2008-03-07,9.631698608398438
2008-03-08,1.7067744731903076
2008-03-09,2.852362871170044
2008-03-10,20.02064323425293
2008-03-11,3.82308292388916
2008-03-12,13.108163833618164
2008-03-13,16.00213623046875
2008-03-14,4.598997592926025
2008-03-15,1.388242244720459
2008-03-16,0.02561008557677269
2008-03-17,0.21982288360595703
2008-03-18,0.28256314992904663
2008-03-19,0.1457711160182953
2008-03-20,0.26923081278800964
2008-03-21,6.19852876663208
2008-03-22,3.0172250270843506
2008-03-23,35.62776184082031
2008-03-24,4.01177978515625
2008-03-25,1.9531123638153076
2008-03-26,4.0054755210876465
2008-03-27,1.2767165899276733
2008-03-28,13.078590393066406
2008-03-29,3.998502254486084
2008-03-30,4.221682548522949
2008-03-31,3.994112968444824
2008-04-01,24.52204132080078
2008-04-02,28.732999801635742
2008-04-03,11.38288402557373
2008-04-04,7.956604957580566
2008-04-05,3.892829179763794
2008-04-06,1.6498485803604126
2008-04-07,0.0
2008-04-08,0.36322399973869324
2008-04-09,2.0866870880126953
2008-04-10,11.757678031921387
2008-04-11,2.3530731201171875
2008-04-12,1.8814284801483154
2008-04-13,1.1492472887039185
2008-04-14,6.562506198883057
2008-04-15,3.028271198272705
2008-04-16,0.0
2008-04-17,0.0
2008-04-18,0.0
2008-04-19,0.0
2008-04-20,0.0
2008-04-21,0.4788329005241394
2008-04-22,0.7423986792564392
2008-04-23,0.06622578203678131
2008-04-24,0.9810872077941895
2008-04-25,0.5092090368270874
2008-04-26,13.229668617248535
2008-04-27,0.8463103175163269
2008-04-28,0.8871361613273621
2008-04-29,5.33782958984375
2008-04-30,73.2546157836914
2008-05-01,0.0
2008-05-02,0.0
2008-05-03,0.0
2008-05-04,0.0
2008-05-05,0.0
2008-05-06,0.07893627882003784
2008-05-07,0.33871036767959595
2008-05-08,0.15101557970046997
2008-05-09,0.1335778832435608
2008-05-10,0.26562952995300293
2008-05-11,1.42604398727417
2008-05-12,1.9877886772155762
2008-05-13,1.1121047735214233
2008-05-14,0.5526582598686218
2008-05-15,0.41231393814086914
2008-05-16,0.0
2008-05-17,0.0
2008-05-18,0.0
2008-05-19,0.0
2008-05-20,0.0
2008-05-21,0.0
2008-05-22,0.0
2008-05-23,0.0
2008-05-24,0.0
2008-05-25,0.0
2008-05-26,0.12718936800956726
2008-05-27,0.5740253329277039
2008-05-28,0.22003483772277832
2008-05-29,12.841142654418945
2008-05-30,24.04021453857422
2008-05-31,0.5688051581382751
2008-06-01,0.0
2008-06-02,0.0
2008-06-03,0.0
2008-06-04,0.0
2008-06-05,0.0
2008-06-06,0.0
2008-06-07,0.0
2008-06-08,0.0
2008-06-09,0.20199702680110931
2008-06-10,2.526618242263794
2008-06-11,1.1596795320510864
2008-06-12,6.406051158905029
2008-06-13,0.8298454880714417
2008-06-14,0.9500164985656738
2008-06-15,0.2806563079357147
2008-06-16,0.0
2008-06-17,0.0
2008-06-18,0.0
2008-06-19,0.0
2008-06-20,0.0
2008-06-21,0.0
2008-06-22,0.0
2008-06-23,0.0
2008-06-24,0.0
2008-06-25,0.0
2008-06-26,0.0
2008-06-27,0.0
2008-06-28,0.0
2008-06-29,0.0
2008-06-30,0.0
2008-07-01,0.04497566074132919
2008-07-02,0.04497566074132919
2008-07-03,0.04497566074132919
2008-07-04,0.04497566074132919
2008-07-05,0.04497566074132919
2008-07-06,0.0
2008-07-07,0.003582801204174757
2008-07-08,0.8017783761024475
2008-07-09,0.08447643369436264
2008-07-10,0.0
2008-07-11,0.0
2008-07-12,0.0
2008-07-13,0.0
2008-07-14,0.0
2008-07-15,0.0
2008-07-16,0.18184418976306915
2008-07-17,0.18184418976306915
2008-07-18,0.18184418976306915
2008-07-19,0.18184418976306915
2008-07-20,0.18184418976306915
2008-07-21,0.13793450593948364
2008-07-22,0.0
2008-07-23,0.0
2008-07-24,0.0
2008-07-25,2.5146522521972656
2008-07-26,0.0
2008-07-27,0.0
2008-07-28,0.0
2008-07-29,0.0
2008-07-30,0.0
2008-07-31,0.0
2008-08-01,0.0
2008-08-02,0.0
2008-08-03,29.63349723815918
2008-08-04,6.911102294921875
2008-08-05,0.0
2008-08-06,0.0
2008-08-07,0.0
2008-08-08,0.0
2008-08-09,0.0
2008-08-10,0.0
2008-08-11,0.0
2008-08-12,0.0
2008-08-13,0.0
2008-08-14,0.0
2008-08-15,0.0
2008-08-16,0.0
2008-08-17,0.0
2008-08-18,0.0
2008-08-19,0.0
2008-08-20,0.0
2008-08-21,0.05874570831656456
2008-08-22,0.05874570831656456
2008-08-23,0.05874570831656456
2008-08-24,0.05874570831656456
2008-08-25,0.05874570831656456
2008-08-26,0.0
2008-08-27,0.0
2008-08-28,0.0
2008-08-29,2.1942214965820312
2008-08-30,0.0
2008-08-31,0.0
2008-09-01,0.0
2008-09-02,0.0
2008-09-03,0.0
2008-09-04,8.475434303283691
2008-09-05,14.90355396270752
2008-09-06,0.1465916931629181
2008-09-07,0.13783997297286987
2008-09-08,0.4507147967815399
2008-09-09,0.09189330786466599
2008-09-10,0.09189330786466599
2008-09-11,0.8495149612426758
2008-09-12,9.129103660583496
2008-09-13,1.3756910562515259
2008-09-14,0.0
2008-09-15,0.0
2008-09-16,0.0
2008-09-17,0.0
2008-09-18,0.07114917784929276
2008-09-19,0.009715073741972446
2008-09-20,17.392391204833984
2008-09-21,13.604841232299805
2008-09-22,1.2872636318206787
2008-09-23,0.0
2008-09-24,0.03814424201846123
2008-09-25,11.683533668518066
2008-09-26,0.07281491905450821
2008-09-27,0.0
2008-09-28,0.6134105324745178
2008-09-29,0.011455478146672249
2008-09-30,5.782846927642822
2008-10-01,0.0
2008-10-02,2.6348772048950195
2008-10-03,43.65576171875
2008-10-04,32.020381927490234
2008-10-05,31.962106704711914
2008-10-06,0.0
2008-10-07,0.0
2008-10-08,0.0
2008-10-09,0.0
2008-10-10,0.0
2008-10-11,0.0
2008-10-12,0.0
2008-10-13,2.377937078475952
2008-10-14,0.0
2008-10-15,0.6250324845314026
2008-10-16,0.0
2008-10-17,8.242709159851074
2008-10-18,13.238739013671875
2008-10-19,1.0275951623916626
2008-10-20,0.0
2008-10-21,0.0
2008-10-22,0.3327716290950775
2008-10-23,0.0
2008-10-24,0.0
2008-10-25,16.513463973999023
2008-10-26,0.6346693634986877
2008-10-27,3.665426254272461
2008-10-28,4.030491352081299
2008-10-29,7.680710315704346
2008-10-30,12.610132217407227
2008-10-31,1.8926448822021484
2008-11-01,0.0
2008-11-02,5.647311687469482
2008-11-03,1.677591323852539
2008-11-04,0.18242517113685608
2008-11-05,0.0
2008-11-06,0.0
2008-11-07,0.0
2008-11-08,0.0
2008-11-09,0.0
2008-11-10,24.5782470703125
2008-11-11,0.10524573177099228
2008-11-12,18.69011878967285
2008-11-13,0.20403791964054108
2008-11-14,0.0
2008-11-15,0.11987625807523727
2008-11-16,7.1211771965026855
2008-11-17,0.864423394203186
2008-11-18,0.10060598701238632
2008-11-19,0.5155529379844666
2008-11-20,11.238207817077637
2008-11-21,5.181374549865723
2008-11-22,0.06249578669667244
2008-11-23,0.0
2008-11-24,0.0
2008-11-25,12.053038597106934
2008-11-26,10.392857551574707
2008-11-27,0.0
2008-11-28,0.8977696895599365
2008-11-29,0.0
2008-11-30,4.793359756469727
2008-12-01,6.243561744689941
2008-12-02,18.002092361450195
2008-12-03,6.040385723114014
2008-12-04,0.0
2008-12-05,0.0
2008-12-06,0.0
2008-12-07,0.010488596744835377
2008-12-08,0.0
2008-12-09,10.0154447555542
2008-12-10,0.9148372411727905
2008-12-11,33.11612319946289
2008-12-12,1.187730073928833
2008-12-13,0.030098844319581985
2008-12-14,33.39292907714844
2008-12-15,13.008273124694824
2008-12-16,0.0
2008-12-17,2.3435027599334717
2008-12-18,40.77058029174805
2008-12-19,7.231107234954834
2008-12-20,1.5684030055999756
2008-12-21,20.654516220092773
2008-12-22,5.177164554595947
2008-12-23,67.57347106933594
2008-12-24,20.20098876953125
2008-12-25,7.900689125061035
2008-12-26,58.37888717651367
2008-12-27,2.885366439819336
2008-12-28,0.8335166573524475
2008-12-29,1.5716055631637573
2008-12-30,11.124887466430664
2008-12-31,20.384754180908203
2009-01-01,3.594083547592163
2009-01-02,0.30158400535583496
2009-01-03,12.837653160095215
2009-01-04,8.287826538085938
2009-01-05,2.745868682861328
2009-01-06,0.0
2009-01-07,0.0
2009-01-08,11.353044509887695
2009-01-09,4.467313289642334
2009-01-10,0.9726802706718445
2009-01-11,3.5778510570526123
2009-01-12,4.841410160064697
2009-01-13,7.728147506713867
2009-01-14,0.0
2009-01-15,0.0
2009-01-16,10.47099781036377
2009-01-17,42.794578552246094
2009-01-18,8.008452415466309
2009-01-19,32.24385452270508
2009-01-20,4.4065260887146
2009-01-21,0.0
2009-01-22,0.0
2009-01-23,0.0
2009-01-24,0.0
2009-01-25,0.0
2009-01-26,41.20930480957031
2009-01-27,2.5862295627593994
2009-01-28,24.88650131225586
2009-01-29,17.841590881347656
2009-01-30,0.020007312297821045
2009-01-31,0.0
2009-02-01,68.92472076416016
2009-02-02,0.019004814326763153
2009-02-03,0.0
2009-02-04,11.422102928161621
2009-02-05,0.49967390298843384
2009-02-06,0.6436651945114136
2009-02-07,3.2690722942352295
2009-02-08,0.0
2009-02-09,17.439680099487305
2009-02-10,5.8170294761657715
2009-02-11,0.0
2009-02-12,25.890336990356445
2009-02-13,12.153814315795898
2009-02-14,2.324047088623047
2009-02-15,56.524166107177734
2009-02-16,0.9549798965454102
2009-02-17,18.59014320373535
2009-02-18,1.8376916646957397
2009-02-19,5.9562201499938965
2009-02-20,1.8965345621109009
2009-02-21,0.0
2009-02-22,10.107928276062012
2009-02-23,39.84206008911133
2009-02-24,2.6632871627807617
2009-02-25,0.808204174041748
2009-02-26,22.503286361694336
2009-02-27,14.059616088867188
2009-02-28,3.4152512550354004
2009-03-01,5.30532693862915
2009-03-02,0.0
2009-03-03,12.757391929626465
2009-03-04,0.27302286028862
2009-03-05,66.2683334350586
2009-03-06,0.9055840373039246
2009-03-07,0.0
2009-03-08,8.21794319152832
2009-03-09,0.9046293497085571
2009-03-10,49.334903717041016
2009-03-11,13.345471382141113
2009-03-12,55.978790283203125
2009-03-13,5.628132343292236
2009-03-14,2.8686368465423584
2009-03-15,1.7651150226593018
2009-03-16,1.6571598052978516
2009-03-17,0.0
2009-03-18,38.54399490356445
2009-03-19,4.581425189971924
2009-03-20,12.660694122314453
2009-03-21,26.896892547607422
2009-03-22,3.8137404918670654
2009-03-23,1.2110230922698975
2009-03-24,18.465065002441406
2009-03-25,7.029651165008545
2009-03-26,3.564807653427124
2009-03-27,0.7125614881515503
2009-03-28,0.5917109847068787
2009-03-29,7.648566246032715
2009-03-30,0.0
2009-03-31,0.145753413438797
2009-04-01,0.8810938596725464
2009-04-02,1.0421597957611084
2009-04-03,25.802490234375
2009-04-04,3.9055233001708984
2009-04-05,0.0
2009-04-06,11.892696380615234
2009-04-07,54.599369049072266
2009-04-08,9.359325408935547
2009-04-09,16.363887786865234
2009-04-10,3.9430060386657715
2009-04-11,2.1796751022338867
2009-04-12,2.0073461532592773
2009-04-13,0.3884376883506775
2009-04-14,56.28798294067383
2009-04-15,1.310889720916748
2009-04-16,0.0
2009-04-17,0.0
2009-04-18,0.0
2009-04-19,0.6562937498092651
2009-04-20,19.680910110473633
2009-04-21,5.046065330505371
2009-04-22,6.6393046379089355
2009-04-23,0.33313336968421936
2009-04-24,42.740901947021484
2009-04-25,2.325498104095459
2009-04-26,0.5649176239967346
2009-04-27,0.0
2009-04-28,0.2963152825832367
2009-04-29,0.0
2009-04-30,0.40436211228370667
2009-05-01,0.0
2009-05-02,0.0
2009-05-03,0.0
2009-05-04,0.0
2009-05-05,0.0
2009-05-06,10.957084655761719
2009-05-07,1.9160454273223877
2009-05-08,0.08845584839582443
2009-05-09,0.7780935764312744
2009-05-10,0.13333967328071594
2009-05-11,1.2687451839447021
2009-05-12,15.570615768432617
2009-05-13,0.6624786257743835
2009-05-14,0.8627423644065857
2009-05-15,10.800034523010254
2009-05-16,0.0
2009-05-17,0.0
2009-05-18,0.0
2009-05-19,0.0
2009-05-20,0.0
2009-05-21,0.0
2009-05-22,0.0
2009-05-23,0.0
2009-05-24,0.0
2009-05-25,0.0
2009-05-26,0.3423657715320587
2009-05-27,5.778372764587402
2009-05-28,9.685510635375977
2009-05-29,13.24411392211914
2009-05-30,2.676222085952759
2009-05-31,1.5917816162109375
2009-06-01,0.0
2009-06-02,0.0
2009-06-03,0.0
2009-06-04,0.0
2009-06-05,0.0
2009-06-06,0.0
2009-06-07,0.0
2009-06-08,0.0
2009-06-09,0.0
2009-06-10,9.331476211547852
2009-06-11,7.219990253448486
2009-06-12,0.49316513538360596
2009-06-13,0.3599294424057007
2009-06-14,0.9039793014526367
2009-06-15,0.0
2009-06-16,0.530551016330719
2009-06-17,0.530551016330719
2009-06-18,0.530551016330719
2009-06-19,0.794360876083374
2009-06-20,2.9194962978363037
2009-06-21,1.4190003871917725
2009-06-22,1.690799355506897
2009-06-23,0.98569655418396
2009-06-24,3.413350820541382
2009-06-25,0.16425366699695587
2009-06-26,0.0
2009-06-27,0.0
2009-06-28,0.0
2009-06-29,0.0
2009-06-30,0.0
2009-07-01,0.0
2009-07-02,0.0
2009-07-03,0.0
2009-07-04,5.457000255584717
2009-07-05,7.7479023933410645
2009-07-06,15.332615852355957
2009-07-07,3.0891127586364746
2009-07-08,0.0
2009-07-09,0.7741934061050415
2009-07-10,1.9085568189620972
2009-07-11,1.3999314308166504
2009-07-12,2.748744010925293
2009-07-13,0.9449085593223572
2009-07-14,0.0
2009-07-15,0.0
2009-07-16,0.0699329823255539
2009-07-17,0.0699329823255539
2009-07-18,0.0699329823255539
2009-07-19,0.0699329823255539
2009-07-20,0.41959789395332336
2009-07-21,0.26727163791656494
2009-07-22,2.6126623153686523
2009-07-23,7.81468391418457
2009-07-24,22.233299255371094
2009-07-25,6.8646063804626465
2009-07-26,0.0
2009-07-27,0.0
2009-07-28,0.0
2009-07-29,0.0
2009-07-30,0.0
2009-07-31,0.0
2009-08-01,0.0
2009-08-02,4.987865447998047
2009-08-03,0.37686100602149963
2009-08-04,0.0
2009-08-05,0.0
2009-08-06,0.0
2009-08-07,0.0
2009-08-08,0.0
2009-08-09,0.0
2009-08-10,0.0
2009-08-11,0.0
2009-08-12,0.0
2009-08-13,0.0
2009-08-14,0.0
2009-08-15,0.0
2009-08-16,0.08946166932582855
2009-08-17,0.08946166932582855
2009-08-18,0.08946166932582855
2009-08-19,0.11263303458690643
2009-08-20,0.513598620891571
2009-08-21,0.03703174740076065
2009-08-22,0.0
2009-08-23,2.74652099609375
2009-08-24,0.46289679408073425
2009-08-25,0.0
2009-08-26,0.21099677681922913
2009-08-27,0.21099677681922913
2009-08-28,0.21099677681922913
2009-08-29,0.21099677681922913
2009-08-30,0.21099677681922913
2009-08-31,0.21099677681922913
2009-09-01,0.0
2009-09-02,0.0
2009-09-03,1.4237293004989624
2009-09-04,0.0
2009-09-05,0.2979898452758789
2009-09-06,0.0
2009-09-07,0.0
2009-09-08,0.0
2009-09-09,0.0
2009-09-10,13.42723560333252
2009-09-11,0.24972978234291077
2009-09-12,0.041621629148721695
2009-09-13,0.041621629148721695
2009-09-14,0.041621629148721695
2009-09-15,0.041621629148721695
2009-09-16,1.5621505975723267
2009-09-17,0.033454008400440216
2009-09-18,0.1212707906961441
2009-09-19,14.81950569152832
2009-09-20,23.80079460144043
2009-09-21,0.0
2009-09-22,0.0
2009-09-23,0.0
2009-09-24,0.0
2009-09-25,0.0
2009-09-26,0.0
2009-09-27,0.0
2009-09-28,11.486712455749512
2009-09-29,13.48599910736084
2009-09-30,0.0
2009-10-01,0.0
2009-10-02,0.0
2009-10-03,0.0
2009-10-04,0.0
2009-10-05,0.0
2009-10-06,0.0
2009-10-07,4.155656337738037
2009-10-08,0.5563781261444092
2009-10-09,0.0
2009-10-10,0.0
2009-10-11,0.0
2009-10-12,2.038607358932495
2009-10-13,2.3233673572540283
2009-10-14,0.00503575848415494
2009-10-15,0.0
2009-10-16,1.4444572925567627
2009-10-17,1.4512357711791992
2009-10-18,4.715506553649902
2009-10-19,0.09545966237783432
2009-10-20,28.02105140686035
2009-10-21,13.443730354309082
2009-10-22,1.7713122367858887
2009-10-23,7.597973346710205
2009-10-24,0.0
2009-10-25,2.684239149093628
2009-10-26,24.799684524536133
2009-10-27,18.695507049560547
2009-10-28,1.0524100065231323
2009-10-29,0.08790016174316406
2009-10-30,0.0
2009-10-31,0.0
2009-11-01,0.0
2009-11-02,0.0
2009-11-03,0.0
2009-11-04,0.0
2009-11-05,0.0
2009-11-06,1.5709093809127808
2009-11-07,2.8688247203826904
2009-11-08,33.11433029174805
2009-11-09,23.300622940063477
2009-11-10,0.7670043110847473
2009-11-11,0.0
2009-11-12,13.77615737915039
2009-11-13,0.9463220238685608
2009-11-14,2.079096555709839
2009-11-15,12.492581367492676
2009-11-16,30.735319137573242
2009-11-17,0.5543340444564819
2009-11-18,0.0
2009-11-19,0.0
2009-11-20,4.485761642456055
2009-11-21,10.959494590759277
2009-11-22,1.026785135269165
2009-11-23,0.6569725871086121
2009-11-24,5.618920803070068
2009-11-25,0.0
2009-11-26,17.666885375976562
2009-11-27,0.1374799907207489
2009-11-28,1.2649965286254883
2009-11-29,0.801331639289856
2009-11-30,3.1004209518432617
2009-12-01,21.011642456054688
2009-12-02,9.766091346740723
2009-12-03,24.626066207885742
2009-12-04,48.444549560546875
2009-12-05,1.14206063747406
2009-12-06,0.0
2009-12-07,0.0
2009-12-08,22.78805923461914
2009-12-09,0.0
2009-12-10,1.7622123956680298
2009-12-11,3.077706813812256
2009-12-12,38.961936950683594
2009-12-13,4.627868175506592
2009-12-14,0.4425956606864929
2009-12-15,0.0
2009-12-16,0.0
2009-12-17,6.726065158843994
2009-12-18,5.535480976104736
2009-12-19,10.163105010986328
2009-12-20,16.766427993774414
2009-12-21,2.176870107650757
2009-12-22,39.49683380126953
2009-12-23,8.043279647827148
2009-12-24,1.6604806184768677
2009-12-25,2.4585068225860596
2009-12-26,0.11241254210472107
2009-12-27,0.0
2009-12-28,1.3503913879394531
2009-12-29,0.0
2009-12-30,3.8027594089508057
2009-12-31,5.840795993804932
2010-01-01,0.0
2010-01-02,9.937902450561523
2010-01-03,19.146574020385742
2010-01-04,7.407272815704346
2010-01-05,1.08793306350708
2010-01-06,0.0
2010-01-07,0.0
2010-01-08,0.756311297416687
2010-01-09,19.526121139526367
2010-01-10,42.5081901550293
2010-01-11,5.711328983306885
2010-01-12,0.0
2010-01-13,5.090593338012695
2010-01-14,3.3807637691497803
2010-01-15,0.7347201108932495
2010-01-16,0.0
2010-01-17,0.0
2010-01-18,20.0001163482666
2010-01-19,2.8525660037994385
2010-01-20,11.5062894821167
2010-01-21,29.076274871826172
2010-01-22,0.24150730669498444
2010-01-23,5.556668281555176
2010-01-24,15.750367164611816
2010-01-25,21.60264778137207
2010-01-26,0.3604308068752289
2010-01-27,26.115556716918945
2010-01-28,5.264747619628906
2010-01-29,0.3004741668701172
2010-01-30,2.5457608699798584
2010-01-31,7.055213928222656
2010-02-01,10.370189666748047
2010-02-02,2.9895505905151367
2010-02-03,0.01574886403977871
2010-02-04,0.0
2010-02-05,70.0514907836914
2010-02-06,7.883440017700195
2010-02-07,2.0368478298187256
2010-02-08,0.0
2010-02-09,0.4244915246963501
2010-02-10,0.42646774649620056
2010-02-11,6.472748756408691
2010-02-12,2.7909371852874756
2010-02-13,10.103086471557617
2010-02-14,34.26138687133789
2010-02-15,1.3776187896728516
2010-02-16,15.321160316467285
2010-02-17,24.89206314086914
2010-02-18,17.743566513061523
2010-02-19,0.8256751894950867
2010-02-20,2.571185350418091
2010-02-21,2.0648696422576904
2010-02-22,0.7393985986709595
2010-02-23,1.8701270818710327
2010-02-24,1.391928791999817
2010-02-25,5.075082302093506
2010-02-26,0.3516981601715088
2010-02-27,0.6058080196380615
2010-02-28,1.664322018623352
2010-03-01,1.9767695665359497
2010-03-02,2.0904951095581055
2010-03-03,5.025918006896973
2010-03-04,27.237789154052734
2010-03-05,9.997923851013184
2010-03-06,8.628893852233887
2010-03-07,0.8051813840866089
2010-03-08,1.0516854524612427
2010-03-09,0.6026667356491089
2010-03-10,1.7215490341186523
2010-03-11,0.0
2010-03-12,0.5086985230445862
2010-03-13,4.593822956085205
2010-03-14,10.162463188171387
2010-03-15,2.3963871002197266
2010-03-16,26.712419509887695
2010-03-17,3.527637481689453
2010-03-18,1.5622450113296509
2010-03-19,0.6869614720344543
2010-03-20,2.259718894958496
2010-03-21,0.25542956590652466
2010-03-22,0.0
2010-03-23,0.3251146972179413
2010-03-24,18.150197982788086
2010-03-25,1.4305226802825928
2010-03-26,0.6773585677146912
2010-03-27,0.9947691559791565
2010-03-28,0.2788746654987335
2010-03-29,1.100490689277649
2010-03-30,3.892326593399048
2010-03-31,0.9726169109344482
2010-04-01,0.0
2010-04-02,0.0
2010-04-03,6.787807941436768
2010-04-04,6.985591411590576
2010-04-05,4.2701945304870605
2010-04-06,0.0
2010-04-07,0.0
2010-04-08,0.0
2010-04-09,0.0
2010-04-10,0.0
2010-04-11,0.0
2010-04-12,0.0
2010-04-13,0.0
2010-04-14,0.0
2010-04-15,0.0
2010-04-16,0.1328035295009613
2010-04-17,0.0
2010-04-18,0.862758219242096
2010-04-19,0.37762686610221863
2010-04-20,0.0
2010-04-21,0.0
2010-04-22,2.930116891860962
2010-04-23,8.299165725708008
2010-04-24,0.0
2010-04-25,0.0
2010-04-26,0.25432953238487244
2010-04-27,0.0
2010-04-28,0.0
2010-04-29,0.36912065744400024
2010-04-30,0.3683498203754425
2010-05-01,0.0
2010-05-02,0.0
2010-05-03,0.0
2010-05-04,0.0
2010-05-05,0.0
2010-05-06,0.0
2010-05-07,0.0
2010-05-08,0.0
2010-05-09,0.0
2010-05-10,0.0
2010-05-11,0.0
2010-05-12,0.0
2010-05-13,0.0
2010-05-14,0.0
2010-05-15,0.0
2010-05-16,0.0
2010-05-17,0.00025024902424775064
2010-05-18,0.004161295481026173
2010-05-19,0.06840869039297104
2010-05-20,0.08020704239606857
2010-05-21,0.22234509885311127
2010-05-22,0.43521466851234436
2010-05-23,0.043514832854270935
2010-05-24,3.7518789768218994
2010-05-25,5.003408908843994
2010-05-26,1.3379420042037964
2010-05-27,0.0
2010-05-28,0.06402565538883209
2010-05-29,0.4944331645965576
2010-05-30,0.0
2010-05-31,1.1768302917480469
2010-06-01,0.0
2010-06-02,0.0
2010-06-03,0.0
2010-06-04,0.0
2010-06-05,0.0
2010-06-06,0.051586974412202835
2010-06-07,0.0885530412197113
2010-06-08,0.0
2010-06-09,0.0
2010-06-10,0.0
2010-06-11,0.0
2010-06-12,0.0
2010-06-13,0.0
2010-06-14,0.0
2010-06-15,0.0
2010-06-16,0.0
2010-06-17,0.0
2010-06-18,0.0
2010-06-19,0.0
2010-06-20,0.0
2010-06-21,0.0
2010-06-22,0.0
2010-06-23,0.0
2010-06-24,0.0
2010-06-25,0.0
2010-06-26,0.0
2010-06-27,0.0
2010-06-28,0.0
2010-06-29,0.0
2010-06-30,0.0
2010-07-01,0.03513554111123085
2010-07-02,0.03513554111123085
2010-07-03,0.03513554111123085
2010-07-04,0.03513554111123085
2010-07-05,0.03513554111123085
2010-07-06,0.0
2010-07-07,0.0
2010-07-08,16.353971481323242
2010-07-09,7.49940299987793
2010-07-10,1.4217076301574707
2010-07-11,0.0
2010-07-12,0.0
2010-07-13,0.0
2010-07-14,0.0
2010-07-15,0.0
2010-07-16,0.43404725193977356
2010-07-17,0.40564268827438354
2010-07-18,0.0
2010-07-19,0.0
2010-07-20,0.003198141697794199
2010-07-21,0.07297828793525696
2010-07-22,0.07297828793525696
2010-07-23,0.07297828793525696
2010-07-24,0.07297828793525696
2010-07-25,0.07297828793525696
2010-07-26,0.0
2010-07-27,0.0
2010-07-28,0.0
2010-07-29,0.0
2010-07-30,0.0
2010-07-31,0.0
2010-08-01,0.0
2010-08-02,0.0
2010-08-03,0.0
2010-08-04,0.0
2010-08-05,0.0
2010-08-06,0.0
2010-08-07,0.0
2010-08-08,0.0
2010-08-09,0.0
2010-08-10,0.0
2010-08-11,0.0
2010-08-12,0.0
2010-08-13,0.0
2010-08-14,0.0
2010-08-15,0.0
2010-08-16,0.0
2010-08-17,0.0
2010-08-18,0.0
2010-08-19,0.0
2010-08-20,0.0
2010-08-21,0.051024969667196274
2010-08-22,0.051024969667196274
2010-08-23,0.051024969667196274
2010-08-24,0.051024969667196274
2010-08-25,0.051024969667196274
2010-08-26,0.0
2010-08-27,0.0
2010-08-28,0.0
2010-08-29,0.0
2010-08-30,12.60483169555664
2010-08-31,0.5316706299781799
2010-09-01,10.861441612243652
2010-09-02,11.425410270690918
2010-09-03,0.0
2010-09-04,0.0
2010-09-05,10.423332214355469
2010-09-06,0.3627106249332428
2010-09-07,0.060451772063970566
2010-09-08,0.060451772063970566
2010-09-09,0.060451772063970566
2010-09-10,0.060451772063970566
2010-09-11,0.2313128262758255
2010-09-12,0.7428441643714905
2010-09-13,0.03648143634200096
2010-09-14,32.063106536865234
2010-09-15,1.9192487001419067
2010-09-16,0.0
2010-09-17,0.0
2010-09-18,0.38456907868385315
2010-09-19,0.0
2010-09-20,0.0
2010-09-21,0.5641401410102844
2010-09-22,0.5641401410102844
2010-09-23,0.5641401410102844
2010-09-24,2.389299154281616
2010-09-25,1.5596814155578613
2010-09-26,0.0
2010-09-27,0.0
2010-09-28,0.0
2010-09-29,0.0
2010-09-30,0.0
2010-10-01,0.0013258052058517933
2010-10-02,42.744808197021484
2010-10-03,1.7729978561401367
2010-10-04,0.09951397031545639
2010-10-05,0.0
2010-10-06,0.0
2010-10-07,0.0
2010-10-08,28.406660079956055
2010-10-09,0.0
2010-10-10,0.26448535919189453
2010-10-11,0.021244686096906662
2010-10-12,0.0
2010-10-13,0.0
2010-10-14,0.1370043009519577
2010-10-15,13.303383827209473
2010-10-16,6.661680698394775
2010-10-17,3.906761884689331
2010-10-18,0.2765626311302185
2010-10-19,0.0
2010-10-20,0.01129687950015068
2010-10-21,0.19350239634513855
2010-10-22,28.76738166809082
2010-10-23,47.3372802734375
2010-10-24,0.45086777210235596
2010-10-25,1.4909698963165283
2010-10-26,23.789133071899414
2010-10-27,0.0
2010-10-28,0.0036632369738072157
2010-10-29,0.17861440777778625
2010-10-30,0.6422079801559448
2010-10-31,4.553077697753906
2010-11-01,0.5669267177581787
2010-11-02,0.4024408459663391
2010-11-03,0.0
2010-11-04,0.0
2010-11-05,6.131443023681641
2010-11-06,16.02199363708496
2010-11-07,0.0
2010-11-08,0.0
2010-11-09,5.420655727386475
2010-11-10,21.611087799072266
2010-11-11,5.835993766784668
2010-11-12,0.17775699496269226
2010-11-13,5.114290714263916
2010-11-14,0.06051453948020935
2010-11-15,16.67839241027832
2010-11-16,27.84181785583496
2010-11-17,0.20143701136112213
2010-11-18,0.0
2010-11-19,0.0
2010-11-20,0.026837533339858055
2010-11-21,0.11764654517173767
2010-11-22,0.0018240062054246664
2010-11-23,0.0
2010-11-24,31.466156005859375
2010-11-25,1.8885353803634644
2010-11-26,2.425788164138794
2010-11-27,6.738413333892822
2010-11-28,0.10745049268007278
2010-11-29,24.513145446777344
2010-11-30,1.6266487836837769
2010-12-01,8.663952827453613
2010-12-02,0.0
2010-12-03,0.0
2010-12-04,0.3884889483451843
2010-12-05,0.0
2010-12-06,0.0
2010-12-07,0.0
2010-12-08,8.833972930908203
2010-12-09,2.1731534004211426
2010-12-10,0.17373313009738922
2010-12-11,0.6448990702629089
2010-12-12,0.0
2010-12-13,2.2958385944366455
2010-12-14,0.4761964976787567
2010-12-15,0.0
2010-12-16,0.0
2010-12-17,0.0
2010-12-18,5.077075481414795
2010-12-19,32.83835220336914
2010-12-20,2.13826060295105
2010-12-21,46.70466613769531
2010-12-22,4.424468517303467
2010-12-23,0.377949059009552
2010-12-24,0.1786668449640274
2010-12-25,3.0687644481658936
2010-12-26,7.33190393447876
2010-12-27,5.222445964813232
2010-12-28,54.62117004394531
2010-12-29,3.745595693588257
2010-12-30,15.117817878723145
2010-12-31,4.277566909790039
2011-01-01,15.929774284362793
2011-01-02,0.6366431713104248
2011-01-03,0.0
2011-01-04,1.0585397481918335
2011-01-05,0.0
2011-01-06,4.7595415115356445
2011-01-07,6.484631538391113
2011-01-08,2.6473851203918457
2011-01-09,1.2532581090927124
2011-01-10,14.251745223999023
2011-01-11,1.8385893106460571
2011-01-12,0.70126873254776
2011-01-13,10.849611282348633
2011-01-14,12.073782920837402
2011-01-15,7.707135200500488
2011-01-16,0.0
2011-01-17,0.0
2011-01-18,0.739109992980957
2011-01-19,39.098243713378906
2011-01-20,0.020342476665973663
2011-01-21,53.44895553588867
2011-01-22,25.464584350585938
2011-01-23,10.721587181091309
2011-01-24,2.231091022491455
2011-01-25,2.3338406085968018
2011-01-26,0.0
2011-01-27,1.0484881401062012
2011-01-28,3.217709541320801
2011-01-29,11.717672348022461
2011-01-30,2.6268887519836426
2011-01-31,0.20897001028060913
2011-02-01,4.465567588806152
2011-02-02,0.048580098897218704
2011-02-03,0.7897927761077881
2011-02-04,7.457221031188965
2011-02-05,5.232906341552734
2011-02-06,27.342758178710938
2011-02-07,0.3179284930229187
2011-02-08,1.30082368850708
2011-02-09,4.654387474060059
2011-02-10,10.481252670288086
2011-02-11,2.8952138423919678
2011-02-12,11.223211288452148
2011-02-13,1.7015262842178345
2011-02-14,0.440416544675827
2011-02-15,48.39365768432617
2011-02-16,0.6521030068397522
2011-02-17,3.0632665157318115
2011-02-18,45.81194305419922
2011-02-19,24.529428482055664
2011-02-20,10.237668991088867
2011-02-21,37.90998077392578
2011-02-22,5.595183372497559
2011-02-23,1.4759782552719116
2011-02-24,7.88104772567749
2011-02-25,4.256974697113037
2011-02-26,7.202689170837402
2011-02-27,0.36519789695739746
2011-02-28,0.12905043363571167
2011-03-01,0.0
2011-03-02,0.0
2011-03-03,0.048968859016895294
2011-03-04,17.019704818725586
2011-03-05,8.84771728515625
2011-03-06,0.0
2011-03-07,2.495053768157959
2011-03-08,6.0878520011901855
2011-03-09,2.2122116088867188
2011-03-10,5.910820007324219
2011-03-11,8.716776847839355
2011-03-12,0.0
2011-03-13,0.0
2011-03-14,19.424036026000977
2011-03-15,0.0
2011-03-16,0.2990199327468872
2011-03-17,0.3694319725036621
2011-03-18,0.3821103274822235
2011-03-19,20.00220489501953
2011-03-20,0.6018213033676147
2011-03-21,0.5779961347579956
2011-03-22,4.3836750984191895
2011-03-23,1.1462041139602661
2011-03-24,5.572099685668945
2011-03-25,7.804067611694336
2011-03-26,6.73298978805542
2011-03-27,3.9345083236694336
2011-03-28,6.070878982543945
2011-03-29,48.88169860839844
2011-03-30,8.612587928771973
2011-03-31,7.284768581390381
2011-04-01,2.545978307723999
2011-04-02,1.0245598554611206
2011-04-03,20.369094848632812
2011-04-04,4.169459819793701
2011-04-05,111.8523178100586
2011-04-06,2.916472911834717
2011-04-07,2.6839163303375244
2011-04-08,19.799413681030273
2011-04-09,0.09856431931257248
2011-04-10,7.592090606689453
2011-04-11,0.0
2011-04-12,0.0
2011-04-13,0.0
2011-04-14,0.0
2011-04-15,0.0
2011-04-16,1.8107939958572388
2011-04-17,4.091293811798096
2011-04-18,1.9723403453826904
2011-04-19,1.7490198612213135
2011-04-20,1.1981868743896484
2011-04-21,0.0
2011-04-22,0.0
2011-04-23,4.968698024749756
2011-04-24,5.592513561248779
2011-04-25,7.6891093254089355
2011-04-26,6.510645389556885
2011-04-27,0.0
2011-04-28,2.0970168113708496
2011-04-29,4.68074893951416
2011-04-30,1.1146275997161865
2011-05-01,8.913557052612305
2011-05-02,4.100389003753662
2011-05-03,7.134782314300537
2011-05-04,6.854346752166748
2011-05-05,6.40516471862793
2011-05-06,0.0
2011-05-07,0.0
2011-05-08,0.0
2011-05-09,0.0
2011-05-10,0.0
2011-05-11,0.0
2011-05-12,0.0
2011-05-13,0.0
2011-05-14,0.0
2011-05-15,0.0
2011-05-16,0.0
2011-05-17,0.0
2011-05-18,0.0
2011-05-19,0.0
2011-05-20,0.0
2011-05-21,0.0
2011-05-22,0.0
2011-05-23,0.0
2011-05-24,0.0
2011-05-25,0.0
2011-05-26,0.8264905214309692
2011-05-27,0.6830962896347046
2011-05-28,0.0
2011-05-29,0.0
2011-05-30,0.0
2011-05-31,0.0
2011-06-01,0.0
2011-06-02,0.0
2011-06-03,0.0
2011-06-04,0.0
2011-06-05,0.0
2011-06-06,0.0
2011-06-07,0.0
2011-06-08,0.0
2011-06-09,0.0
2011-06-10,10.75991439819336
2011-06-11,0.0
2011-06-12,0.0
2011-06-13,0.0
2011-06-14,0.0
2011-06-15,0.0
2011-06-16,0.0
2011-06-17,0.0
2011-06-18,0.0
2011-06-19,0.0
2011-06-20,0.0
2011-06-21,0.0
2011-06-22,0.0
2011-06-23,0.0
2011-06-24,0.0
2011-06-25,0.0
2011-06-26,0.0
2011-06-27,0.0
2011-06-28,0.0
2011-06-29,0.0
2011-06-30,0.0
2011-07-01,0.06552243232727051
2011-07-02,0.05544472485780716
2011-07-03,0.03957105800509453
2011-07-04,0.010794416069984436
2011-07-05,0.03215358033776283
2011-07-06,0.20490868389606476
2011-07-07,0.03415144607424736
2011-07-08,0.03415144607424736
2011-07-09,0.03415144607424736
2011-07-10,0.03415144607424736
2011-07-11,0.0
2011-07-12,0.0
2011-07-13,0.0
2011-07-14,0.0
2011-07-15,0.0
2011-07-16,0.0
2011-07-17,0.0
2011-07-18,4.2661967277526855
2011-07-19,0.0
2011-07-20,0.038524746894836426
2011-07-21,2.3818886280059814
2011-07-22,0.0
2011-07-23,0.0
2011-07-24,0.0
2011-07-25,0.0
2011-07-26,0.0
2011-07-27,0.0
2011-07-28,0.0
2011-07-29,0.0
2011-07-30,0.0
2011-07-31,1.2662131786346436
2011-08-01,79.53980255126953
2011-08-02,10.519129753112793
2011-08-03,0.42494621872901917
2011-08-04,0.9072802662849426
2011-08-05,0.0
2011-08-06,0.0
2011-08-07,0.0
2011-08-08,0.0
2011-08-09,0.0
2011-08-10,0.0
2011-08-11,0.0
2011-08-12,0.0
2011-08-13,0.0
2011-08-14,0.0
2011-08-15,1.4129027128219604
2011-08-16,0.0
2011-08-17,0.0
2011-08-18,0.0
2011-08-19,0.0
2011-08-20,0.0
2011-08-21,0.006289047654718161
2011-08-22,0.21021144092082977
2011-08-23,0.029715752229094505
2011-08-24,0.01415035966783762
2011-08-25,0.0
2011-08-26,0.0
2011-08-27,0.0
2011-08-28,0.0
2011-08-29,0.3801076114177704
2011-08-30,0.7059141397476196
2011-08-31,0.0
2011-09-01,0.1284133493900299
2011-09-02,0.1284133493900299
2011-09-03,0.1284133493900299
2011-09-04,0.1284133493900299
2011-09-05,0.7704800963401794
2011-09-06,0.0
2011-09-07,0.9569348096847534
2011-09-08,0.5269776582717896
2011-09-09,15.904523849487305
2011-09-10,0.30567070841789246
2011-09-11,0.021735286340117455
2011-09-12,0.7671154141426086
2011-09-13,0.0
2011-09-14,0.01051707286387682
2011-09-15,1.0558441877365112
2011-09-16,9.26199722290039
2011-09-17,12.464795112609863
2011-09-18,15.886664390563965
2011-09-19,0.2435048371553421
2011-09-20,0.0
2011-09-21,0.0
2011-09-22,0.0
2011-09-23,14.822652816772461
2011-09-24,12.878406524658203
2011-09-25,0.0
2011-09-26,0.0
2011-09-27,1.1875219345092773
2011-09-28,2.0383856296539307
2011-09-29,0.0
2011-09-30,0.030507706105709076
2011-10-01,0.46000126004219055
2011-10-02,8.950156211853027
2011-10-03,0.09641451388597488
2011-10-04,0.0
2011-10-05,0.0
2011-10-06,1.5332857370376587
2011-10-07,0.0
2011-10-08,0.0
2011-10-09,0.06915745139122009
2011-10-10,0.4437543749809265
2011-10-11,7.855808258056641
2011-10-12,5.844765663146973
2011-10-13,1.6126772165298462
2011-10-14,0.0022433907724916935
2011-10-15,2.591249942779541
2011-10-16,14.181831359863281
2011-10-17,3.874563455581665
2011-10-18,0.0
2011-10-19,0.0
2011-10-20,1.8317022323608398
2011-10-21,0.07258038222789764
2011-10-22,0.0
2011-10-23,2.599496364593506
2011-10-24,4.752872467041016
2011-10-25,7.71135950088501
2011-10-26,36.5217170715332
2011-10-27,0.0
2011-10-28,0.0
2011-10-29,0.0
2011-10-30,10.726332664489746
2011-10-31,19.924928665161133
2011-11-01,0.2854541540145874
2011-11-02,0.0
2011-11-03,0.0
2011-11-04,1.9472920894622803
2011-11-05,20.74036407470703
2011-11-06,23.125030517578125
2011-11-07,0.0
2011-11-08,0.0
2011-11-09,0.0
2011-11-10,0.0
2011-11-11,18.948972702026367
2011-11-12,0.0
2011-11-13,0.0
2011-11-14,0.0
2011-11-15,36.27512741088867
2011-11-16,0.0
2011-11-17,0.0
2011-11-18,43.194236755371094
2011-11-19,4.710610389709473
2011-11-20,0.3481493294239044
2011-11-21,0.0
2011-11-22,15.393449783325195
2011-11-23,5.365901470184326
2011-11-24,0.06004995480179787
2011-11-25,6.633436679840088
2011-11-26,19.087203979492188
2011-11-27,2.835029363632202
2011-11-28,0.0
2011-11-29,0.1694636344909668
2011-11-30,0.0
2011-12-01,3.6066746711730957
2011-12-02,2.510991096496582
2011-12-03,0.0
2011-12-04,0.0
2011-12-05,1.0525016784667969
2011-12-06,1.9678492546081543
2011-12-07,0.5344276428222656
2011-12-08,1.0799825191497803
2011-12-09,19.585229873657227
2011-12-10,5.687370300292969
2011-12-11,0.0
2011-12-12,17.77132797241211
2011-12-13,18.670827865600586
2011-12-14,35.78908920288086
2011-12-15,0.36909714341163635
2011-12-16,0.0
2011-12-17,20.672876358032227
2011-12-18,1.593955159187317
2011-12-19,0.28227144479751587
2011-12-20,4.1314802169799805
2011-12-21,43.018733978271484
2011-12-22,8.067856788635254
2011-12-23,1.1272268295288086
2011-12-24,0.025799348950386047
2011-12-25,48.57849884033203
2011-12-26,4.8902764320373535
2011-12-27,2.1936445236206055
2011-12-28,0.0
2011-12-29,33.499610900878906
2011-12-30,2.9427967071533203
2011-12-31,3.3558545112609863
2012-01-01,12.85226058959961
2012-01-02,28.835243225097656
2012-01-03,1.19534170627594
2012-01-04,0.0
2012-01-05,0.0
2012-01-06,0.011569151654839516
2012-01-07,37.30263137817383
2012-01-08,0.17879904806613922
2012-01-09,0.0
2012-01-10,6.434176445007324
2012-01-11,14.552833557128906
2012-01-12,6.914137840270996
2012-01-13,69.26073455810547
2012-01-14,7.366550445556641
2012-01-15,0.0
2012-01-16,0.0
2012-01-17,1.4160552024841309
2012-01-18,0.33177098631858826
2012-01-19,15.292662620544434
2012-01-20,11.462197303771973
2012-01-21,0.4332560896873474
2012-01-22,0.017363185063004494
2012-01-23,0.00196659448556602
2012-01-24,2.062337636947632
2012-01-25,27.1295223236084
2012-01-26,9.805109024047852
2012-01-27,0.0
2012-01-28,0.4434523582458496
2012-01-29,0.0
2012-01-30,0.0
2012-01-31,0.0
2012-02-01,1.0711814165115356
2012-02-02,30.63703727722168
2012-02-03,27.543161392211914
2012-02-04,22.596025466918945
2012-02-05,1.809442400932312
2012-02-06,2.0934557914733887
2012-02-07,34.38985061645508
2012-02-08,0.0
2012-02-09,0.0
2012-02-10,28.353229522705078
2012-02-11,24.900419235229492
2012-02-12,5.796894550323486
2012-02-13,49.29556655883789
2012-02-14,27.245393753051758
2012-02-15,88.99312591552734
2012-02-16,21.536046981811523
2012-02-17,7.869836330413818
2012-02-18,17.848102569580078
2012-02-19,3.8620240688323975
2012-02-20,2.3564035892486572
2012-02-21,15.592862129211426
2012-02-22,2.265063762664795
2012-02-23,9.88736343383789
2012-02-24,1.4071935415267944
2012-02-25,2.526803731918335
2012-02-26,6.92411470413208
2012-02-27,31.574161529541016
2012-02-28,40.83684158325195
2012-02-29,2.536090135574341
2012-03-01,0.08475795388221741
2012-03-02,18.534366607666016
2012-03-03,1.8624064922332764
2012-03-04,2.7139501571655273
2012-03-05,3.313300848007202
2012-03-06,22.47231674194336
2012-03-07,14.366554260253906
2012-03-08,0.5642296075820923
2012-03-09,2.5885229110717773
2012-03-10,1.0644158124923706
2012-03-11,0.03169332817196846
2012-03-12,0.27079668641090393
2012-03-13,0.023065462708473206
2012-03-14,1.6187528371810913
2012-03-15,32.17039108276367
2012-03-16,0.25009745359420776
2012-03-17,0.25009745359420776
2012-03-18,0.25009745359420776
2012-03-19,1.5005847215652466
2012-03-20,0.25009745359420776
2012-03-21,0.0
2012-03-22,0.0
2012-03-23,12.683547973632812
2012-03-24,24.093507766723633
2012-03-25,19.90243911743164
2012-03-26,0.9990828633308411
2012-03-27,0.3103608787059784
2012-03-28,0.8590328693389893
2012-03-29,0.0
2012-03-30,5.542372226715088
2012-03-31,0.7314068078994751
2012-04-01,0.36656075716018677
2012-04-02,0.4802533984184265
2012-04-03,3.4666457176208496
2012-04-04,5.483710765838623
2012-04-05,0.0
2012-04-06,0.049806904047727585
2012-04-07,12.623017311096191
2012-04-08,0.7161712646484375
2012-04-09,0.7306147217750549
2012-04-10,0.49606797099113464
2012-04-11,20.9251708984375
2012-04-12,6.86823844909668
2012-04-13,0.7505219578742981
2012-04-14,0.10467332601547241
2012-04-15,9.203993797302246
2012-04-16,3.2935476303100586
2012-04-17,17.702619552612305
2012-04-18,0.9897142648696899
2012-04-19,1.044447422027588
2012-04-20,0.0
2012-04-21,7.686574459075928
2012-04-22,0.1142071932554245
2012-04-23,0.0
2012-04-24,3.425363063812256
2012-04-25,0.19457365572452545
2012-04-26,1.147301197052002
2012-04-27,21.014606475830078
2012-04-28,3.159184455871582
2012-04-29,18.123455047607422
2012-04-30,0.4057972729206085
2012-05-01,0.0
2012-05-02,0.0
2012-05-03,0.0
2012-05-04,0.0
2012-05-05,0.0
2012-05-06,0.0
2012-05-07,0.0
2012-05-08,0.0
2012-05-09,0.0
2012-05-10,0.0
2012-05-11,0.0
2012-05-12,1.2307984828948975
2012-05-13,16.143720626831055
2012-05-14,13.881370544433594
2012-05-15,6.275722503662109
2012-05-16,1.0886496305465698
2012-05-17,0.39326566457748413
2012-05-18,5.1691389083862305
2012-05-19,1.5320132970809937
2012-05-20,0.40164560079574585
2012-05-21,0.0
2012-05-22,0.0
2012-05-23,0.0
2012-05-24,1.010215163230896
2012-05-25,12.624473571777344
2012-05-26,0.0
2012-05-27,0.0
2012-05-28,0.0
2012-05-29,0.0
2012-05-30,0.0
2012-05-31,0.0
2012-06-01,0.0
2012-06-02,0.0
2012-06-03,0.0
2012-06-04,0.0
2012-06-05,17.57347297668457
2012-06-06,0.029988573864102364
2012-06-07,0.16143812239170074
2012-06-08,0.08326713740825653
2012-06-09,0.05357395112514496
2012-06-10,0.03429491072893143
2012-06-11,0.0
2012-06-12,0.0
2012-06-13,0.0
2012-06-14,0.0
2012-06-15,0.0
2012-06-16,0.0
2012-06-17,0.0
2012-06-18,0.0
2012-06-19,0.0
2012-06-20,0.0
2012-06-21,0.0
2012-06-22,9.45974349975586
2012-06-23,0.9945590496063232
2012-06-24,0.2268962413072586
2012-06-25,0.0
2012-06-26,0.0
2012-06-27,0.0
2012-06-28,0.0
2012-06-29,0.0
2012-06-30,0.0
2012-07-01,0.06235731393098831
2012-07-02,0.06235731393098831
2012-07-03,0.06235731393098831
2012-07-04,0.06235731393098831
2012-07-05,0.06235731393098831
2012-07-06,0.0
2012-07-07,0.0
2012-07-08,4.333091735839844
2012-07-09,1.8812994956970215
2012-07-10,0.0
2012-07-11,0.0
2012-07-12,0.0
2012-07-13,0.0
2012-07-14,0.0
2012-07-15,0.0
2012-07-16,0.15570101141929626
2012-07-17,0.8625016212463379
2012-07-18,0.14545752108097076
2012-07-19,0.14545752108097076
2012-07-20,0.14545752108097076
2012-07-21,0.0
2012-07-22,0.0
2012-07-23,0.0
2012-07-24,0.022001491859555244
2012-07-25,1.1814801692962646
2012-07-26,2.2413904666900635
2012-07-27,0.0
2012-07-28,13.3856201171875
2012-07-29,0.0
2012-07-30,0.0
2012-07-31,0.0
2012-08-01,0.0
2012-08-02,0.0
2012-08-03,0.0
2012-08-04,0.0
2012-08-05,0.0
2012-08-06,0.0
2012-08-07,0.0
2012-08-08,0.0
2012-08-09,0.0
2012-08-10,0.0
2012-08-11,0.0
2012-08-12,0.0
2012-08-13,0.0
2012-08-14,0.0
2012-08-15,0.0
2012-08-16,0.0
2012-08-17,1.6743221282958984
2012-08-18,0.9498081207275391
2012-08-19,10.888245582580566
2012-08-20,2.7544872760772705
2012-08-21,0.29067015647888184
2012-08-22,0.29067015647888184
2012-08-23,0.29067015647888184
2012-08-24,0.29067015647888184
2012-08-25,0.29067015647888184
2012-08-26,0.16250863671302795
2012-08-27,0.16250863671302795
2012-08-28,0.16250863671302795
2012-08-29,0.16250863671302795
2012-08-30,0.16250863671302795
2012-08-31,0.16250863671302795
2012-09-01,0.18333393335342407
2012-09-02,0.18333393335342407
2012-09-03,0.18333393335342407
2012-09-04,0.18333393335342407
2012-09-05,0.18333393335342407
2012-09-06,0.0
2012-09-07,0.0
2012-09-08,0.0
2012-09-09,0.6514866948127747
2012-09-10,1.7008707523345947
2012-09-11,0.04306982457637787
2012-09-12,0.04306982457637787
2012-09-13,0.04306982457637787
2012-09-14,0.04306982457637787
2012-09-15,0.2584189474582672
2012-09-16,0.0
2012-09-17,0.0
2012-09-18,0.0
2012-09-19,0.0
2012-09-20,6.824799060821533
2012-09-21,38.70070266723633
2012-09-22,4.695004463195801
2012-09-23,0.0
2012-09-24,0.0
2012-09-25,13.074972152709961
2012-09-26,35.84896469116211
2012-09-27,3.178786277770996
2012-09-28,0.7809846997261047
2012-09-29,0.2046089619398117
2012-09-30,0.2763541638851166
2012-10-01,0.09507302939891815
2012-10-02,0.5820905566215515
2012-10-03,0.08989483118057251
2012-10-04,8.261151313781738
2012-10-05,7.089077949523926
2012-10-06,4.315623760223389
2012-10-07,0.5539280772209167
2012-10-08,2.0930752754211426
2012-10-09,0.0
2012-10-10,5.650465488433838
2012-10-11,5.461071968078613
2012-10-12,0.562384843826294
2012-10-13,0.0
2012-10-14,0.0
2012-10-15,0.0
2012-10-16,1.6887317895889282
2012-10-17,10.34478759765625
2012-10-18,3.2013325691223145
2012-10-19,0.00954564567655325
2012-10-20,0.0
2012-10-21,0.0
2012-10-22,0.0
2012-10-23,0.0
2012-10-24,3.0871047973632812
2012-10-25,0.0
2012-10-26,0.18885241448879242
2012-10-27,3.7750236988067627
2012-10-28,0.03610413521528244
2012-10-29,0.12497586011886597
2012-10-30,0.0
2012-10-31,6.23970890045166
2012-11-01,3.221768856048584
2012-11-02,4.277346611022949
2012-11-03,43.88874435424805
2012-11-04,0.16857677698135376
2012-11-05,41.02909469604492
2012-11-06,18.177431106567383
2012-11-07,28.192943572998047
2012-11-08,0.0
2012-11-09,0.0
2012-11-10,0.9871739149093628
2012-11-11,16.358232498168945
2012-11-12,0.0
2012-11-13,0.0
2012-11-14,16.67616081237793
2012-11-15,0.5506139993667603
2012-11-16,0.6727903485298157
2012-11-17,0.3838525414466858
2012-11-18,8.429099082946777
2012-11-19,0.1990896463394165
2012-11-20,4.164063930511475
2012-11-21,5.864738464355469
2012-11-22,4.354746341705322
2012-11-23,0.2500438392162323
2012-11-24,17.73488998413086
2012-11-25,47.47550582885742
2012-11-26,0.0
2012-11-27,0.0
2012-11-28,0.0
2012-11-29,0.0
2012-11-30,0.0
2012-12-01,17.219179153442383
2012-12-02,4.317333221435547
2012-12-03,5.747077465057373
2012-12-04,6.58414888381958
2012-12-05,5.752272129058838
2012-12-06,0.43643414974212646
2012-12-07,0.0
2012-12-08,13.665764808654785
2012-12-09,1.816414713859558
2012-12-10,1.498465895652771
2012-12-11,0.08268286287784576
2012-12-12,6.442330837249756
2012-12-13,0.6822208166122437
2012-12-14,16.75860595703125
2012-12-15,8.96613883972168
2012-12-16,20.13309097290039
2012-12-17,8.143013954162598
2012-12-18,2.2399096488952637
2012-12-19,0.0
2012-12-20,0.6352246999740601
2012-12-21,8.552905082702637
2012-12-22,25.72494888305664
2012-12-23,0.94496089220047
2012-12-24,0.005434780847281218
2012-12-25,0.0
2012-12-26,0.8803374171257019
2012-12-27,17.766691207885742
2012-12-28,8.871417045593262
2012-12-29,18.166093826293945
2012-12-30,2.0761187076568604
2012-12-31,0.48662278056144714
2013-01-01,0.3946329951286316
2013-01-02,42.13745880126953
2013-01-03,0.0
2013-01-04,8.730642318725586
2013-01-05,6.397952079772949
2013-01-06,0.8294816613197327
2013-01-07,0.8703433275222778
2013-01-08,0.0
2013-01-09,8.483524322509766
2013-01-10,9.706446647644043
2013-01-11,11.932597160339355
2013-01-12,10.722919464111328
2013-01-13,1.8103015422821045
2013-01-14,0.5954896211624146
2013-01-15,0.5471640825271606
2013-01-16,11.489514350891113
2013-01-17,2.1339032649993896
2013-01-18,0.37429192662239075
2013-01-19,3.572526693344116
2013-01-20,4.794923305511475
2013-01-21,7.604857921600342
2013-01-22,0.04860624298453331
2013-01-23,5.763552188873291
2013-01-24,0.0
2013-01-25,0.0
2013-01-26,14.781965255737305
2013-01-27,3.6010830402374268
2013-01-28,0.0
2013-01-29,3.899960994720459
2013-01-30,18.69453239440918
2013-01-31,2.429128885269165
2013-02-01,0.00895744189620018
2013-02-02,0.22867989540100098
2013-02-03,61.63473129272461
2013-02-04,19.811695098876953
2013-02-05,1.2976735830307007
2013-02-06,0.0
2013-02-07,14.347213745117188
2013-02-08,14.173216819763184
2013-02-09,17.834087371826172
2013-02-10,0.0020407007541507483
2013-02-11,20.199899673461914
2013-02-12,57.315494537353516
2013-02-13,11.850847244262695
2013-02-14,5.151806354522705
2013-02-15,12.482378005981445
2013-02-16,0.0
2013-02-17,0.0
2013-02-18,0.0
2013-02-19,5.7453765869140625
2013-02-20,13.752381324768066
2013-02-21,0.8414027094841003
2013-02-22,36.92112350463867
2013-02-23,9.407034873962402
2013-02-24,0.0
2013-02-25,5.16011381149292
2013-02-26,31.281721115112305
2013-02-27,25.57159423828125
2013-02-28,6.394498348236084
2013-03-01,1.6378381252288818
2013-03-02,1.7583640813827515
2013-03-03,0.287756085395813
2013-03-04,0.0
2013-03-05,11.214381217956543
2013-03-06,0.0
2013-03-07,0.0
2013-03-08,2.2938923835754395
2013-03-09,0.0
2013-03-10,2.2938923835754395
2013-03-11,6.88869047164917
2013-03-12,0.0
2013-03-13,0.2646940350532532
2013-03-14,28.489290237426758
2013-03-15,3.6974782943725586
2013-03-16,0.0
2013-03-17,0.0
2013-03-18,0.03725062683224678
2013-03-19,3.2943928241729736
2013-03-20,24.867080688476562
2013-03-21,1.260015845298767
2013-03-22,1.5983189344406128
2013-03-23,0.4475540220737457
2013-03-24,0.011900298297405243
2013-03-25,64.45610809326172
2013-03-26,23.522838592529297
2013-03-27,0.8148462176322937
2013-03-28,0.3916127383708954
2013-03-29,0.0
2013-03-30,0.24818256497383118
2013-03-31,0.06006421521306038
2013-04-01,0.0
2013-04-02,0.0
2013-04-03,0.0
2013-04-04,0.0
2013-04-05,0.0
2013-04-06,0.0
2013-04-07,10.58759593963623
2013-04-08,15.731943130493164
2013-04-09,50.04804229736328
2013-04-10,3.5724141597747803
2013-04-11,0.13653451204299927
2013-04-12,11.752485275268555
2013-04-13,7.251347064971924
2013-04-14,17.970197677612305
2013-04-15,1.928880214691162
2013-04-16,0.0
2013-04-17,0.0
2013-04-18,0.0
2013-04-19,0.0
2013-04-20,0.0
2013-04-21,0.19790063798427582
2013-04-22,0.19790063798427582
2013-04-23,0.19790063798427582
2013-04-24,0.19790063798427582
2013-04-25,0.19790063798427582
2013-04-26,0.34566423296928406
2013-04-27,0.34566423296928406
2013-04-28,0.34566423296928406
2013-04-29,0.34566423296928406
2013-04-30,0.34566423296928406
2013-05-01,0.8313995003700256
2013-05-02,2.112257719039917
2013-05-03,0.05260618031024933
2013-05-04,0.13830168545246124
2013-05-05,4.630983352661133
2013-05-06,12.966957092285156
2013-05-07,0.0
2013-05-08,2.9183497428894043
2013-05-09,0.0
2013-05-10,0.0
2013-05-11,0.0
2013-05-12,12.276578903198242
2013-05-13,0.9012062549591064
2013-05-14,0.6706323027610779
2013-05-15,0.045524053275585175
2013-05-16,11.092636108398438
2013-05-17,3.662019968032837
2013-05-18,0.0
2013-05-19,0.0
2013-05-20,0.0
2013-05-21,0.0
2013-05-22,0.0
2013-05-23,0.0
2013-05-24,0.0
2013-05-25,0.0
2013-05-26,0.0
2013-05-27,0.0
2013-05-28,3.590240478515625
2013-05-29,3.067889928817749
2013-05-30,3.3621721267700195
2013-05-31,2.2512571811676025
2013-06-01,6.740394592285156
2013-06-02,3.802518367767334
2013-06-03,0.08622392266988754
2013-06-04,0.0
2013-06-05,0.0
2013-06-06,0.0
2013-06-07,0.0
2013-06-08,5.024430274963379
2013-06-09,2.3250057697296143
2013-06-10,0.0
2013-06-11,3.7784311771392822
2013-06-12,7.75108003616333
2013-06-13,0.0
2013-06-14,0.0
2013-06-15,0.0
2013-06-16,0.0
2013-06-17,0.0
2013-06-18,15.92446517944336
2013-06-19,8.811623573303223
2013-06-20,0.3596363067626953
2013-06-21,0.0
2013-06-22,0.6849689483642578
2013-06-23,10.129499435424805
2013-06-24,12.934219360351562
2013-06-25,8.02214527130127
2013-06-26,11.67486572265625
2013-06-27,3.0938916206359863
2013-06-28,0.0
2013-06-29,0.36668407917022705
2013-06-30,18.31000518798828
2013-07-01,0.0
2013-07-02,0.3392925262451172
2013-07-03,0.004301219247281551
2013-07-04,0.018370363861322403
2013-07-05,0.0
2013-07-06,0.042956288903951645
2013-07-07,0.042956288903951645
2013-07-08,0.042956288903951645
2013-07-09,0.25773775577545166
2013-07-10,0.042956288903951645
2013-07-11,0.0
2013-07-12,0.0
2013-07-13,0.0
2013-07-14,0.0
2013-07-15,0.0
2013-07-16,0.08164498209953308
2013-07-17,0.08164498209953308
2013-07-18,0.4898699223995209
2013-07-19,0.08164498209953308
2013-07-20,0.08164498209953308
2013-07-21,0.09223008900880814
2013-07-22,0.09223008900880814
2013-07-23,0.09223008900880814
2013-07-24,0.09223008900880814
2013-07-25,0.09223008900880814
2013-07-26,0.0
2013-07-27,0.0
2013-07-28,0.0
2013-07-29,0.0
2013-07-30,0.0
2013-07-31,0.0
2013-08-01,0.0
2013-08-02,0.0
2013-08-03,0.0
2013-08-04,0.0
2013-08-05,0.0
2013-08-06,0.01406289916485548
2013-08-07,0.0
2013-08-08,0.0
2013-08-09,3.4953441619873047
2013-08-10,12.410393714904785
2013-08-11,0.0
2013-08-12,0.0
2013-08-13,0.0
2013-08-14,0.0
2013-08-15,0.0
2013-08-16,0.0
2013-08-17,0.0
2013-08-18,0.0
2013-08-19,0.0
2013-08-20,0.0
2013-08-21,0.0
2013-08-22,0.0
2013-08-23,1.1594338417053223
2013-08-24,21.774185180664062
2013-08-25,0.8159108757972717
2013-08-26,0.7532834410667419
2013-08-27,0.20001216232776642
2013-08-28,0.07348170131444931
2013-08-29,0.0
2013-08-30,0.0
2013-08-31,0.0
2013-09-01,0.0
2013-09-02,0.0
2013-09-03,2.124049186706543
2013-09-04,0.7333059310913086
2013-09-05,0.0
2013-09-06,0.0
2013-09-07,0.0
2013-09-08,4.391672134399414
2013-09-09,0.0
2013-09-10,0.37829604744911194
2013-09-11,0.0
2013-09-12,16.869182586669922
2013-09-13,14.078816413879395
2013-09-14,11.25083065032959
2013-09-15,2.9199488162994385
2013-09-16,0.09323498606681824
2013-09-17,0.09323498606681824
2013-09-18,0.09323498606681824
2013-09-19,0.09323498606681824
2013-09-20,0.09323498606681824
2013-09-21,0.0
2013-09-22,0.0
2013-09-23,0.0
2013-09-24,0.0
2013-09-25,0.0
2013-09-26,0.0
2013-09-27,0.0
2013-09-28,0.0
2013-09-29,0.0
2013-09-30,8.475934028625488
2013-10-01,16.529821395874023
2013-10-02,3.4690003395080566
2013-10-03,0.0
2013-10-04,0.08488260209560394
2013-10-05,2.081726312637329
2013-10-06,0.3268692195415497
2013-10-07,0.0
2013-10-08,0.0
2013-10-09,0.0
2013-10-10,9.747960090637207
2013-10-11,7.483508586883545
2013-10-12,0.0556146502494812
2013-10-13,0.9638075232505798
2013-10-14,1.7394658327102661
2013-10-15,0.6992834210395813
2013-10-16,0.43706727027893066
2013-10-17,0.0
2013-10-18,1.963171362876892
2013-10-19,9.531878471374512
2013-10-20,0.0
2013-10-21,0.0
2013-10-22,22.108171463012695
2013-10-23,0.43697890639305115
2013-10-24,3.221970796585083
2013-10-25,3.299980401992798
2013-10-26,9.497360229492188
2013-10-27,12.549983978271484
2013-10-28,51.07610321044922
2013-10-29,1.0188440084457397
2013-10-30,0.12417332828044891
2013-10-31,12.611669540405273
2013-11-01,12.633662223815918
2013-11-02,16.361499786376953
2013-11-03,6.001771926879883
2013-11-04,0.6382558941841125
2013-11-05,0.0
2013-11-06,0.0
2013-11-07,0.0
2013-11-08,0.0
2013-11-09,0.0
2013-11-10,0.0
2013-11-11,0.07518233358860016
2013-11-12,17.334821701049805
2013-11-13,5.315820217132568
2013-11-14,0.0
2013-11-15,0.31755903363227844
2013-11-16,31.19176483154297
2013-11-17,2.086603879928589
2013-11-18,3.8047356605529785
2013-11-19,2.7898736000061035
2013-11-20,19.48358917236328
2013-11-21,28.39740562438965
2013-11-22,11.501009941101074
2013-11-23,2.110107898712158
2013-11-24,0.0
2013-11-25,0.0
2013-11-26,1.5349805355072021
2013-11-27,0.0
2013-11-28,0.6859714984893799
2013-11-29,5.227493762969971
2013-11-30,31.436988830566406
2013-12-01,10.098467826843262
2013-12-02,0.6201783418655396
2013-12-03,9.75192928314209
2013-12-04,8.585148811340332
2013-12-05,0.0
2013-12-06,0.0
2013-12-07,0.0
2013-12-08,1.4084144830703735
2013-12-09,0.0
2013-12-10,17.083772659301758
2013-12-11,20.28944206237793
2013-12-12,0.0276200994849205
2013-12-13,3.088887929916382
2013-12-14,35.41765594482422
2013-12-15,8.691926956176758
2013-12-16,2.34641170501709
2013-12-17,79.4024658203125
2013-12-18,34.32143783569336
2013-12-19,28.262601852416992
2013-12-20,31.070453643798828
2013-12-21,7.777976989746094
2013-12-22,0.9941855072975159
2013-12-23,25.579818725585938
2013-12-24,24.213619232177734
2013-12-25,1.5990180969238281
2013-12-26,0.0
2013-12-27,0.4777475595474243
2013-12-28,3.1639509201049805
2013-12-29,0.0
2013-12-30,0.0
2013-12-31,0.0
2014-01-01,1.4107446670532227
2014-01-02,0.007782850414514542
2014-01-03,10.85671615600586
2014-01-04,27.020999908447266
2014-01-05,1.828335165977478
2014-01-06,17.60495376586914
2014-01-07,6.602331161499023
2014-01-08,4.467697620391846
2014-01-09,14.729561805725098
2014-01-10,0.35751375555992126
2014-01-11,0.1237158253788948
2014-01-12,46.23249816894531
2014-01-13,14.424474716186523
2014-01-14,11.390625953674316
2014-01-15,0.005623446311801672
2014-01-16,54.73197937011719
2014-01-17,4.556884288787842
2014-01-18,0.33779874444007874
2014-01-19,15.196398735046387
2014-01-20,1.631375789642334
2014-01-21,0.8190358281135559
2014-01-22,0.0
2014-01-23,15.389923095703125
2014-01-24,3.6648082733154297
2014-01-25,42.69533920288086
2014-01-26,89.41596221923828
2014-01-27,1.392741322517395
2014-01-28,15.734881401062012
2014-01-29,17.882837295532227
2014-01-30,21.832120895385742
2014-01-31,9.413289070129395
2014-02-01,7.04130744934082
2014-02-02,8.776190757751465
2014-02-03,44.9020881652832
2014-02-04,11.09321117401123
2014-02-05,5.227393627166748
2014-02-06,3.2153778076171875
2014-02-07,17.593931198120117
2014-02-08,6.034901142120361
2014-02-09,20.702228546142578
2014-02-10,13.532149314880371
2014-02-11,43.40306091308594
2014-02-12,17.970544815063477
2014-02-13,11.281607627868652
2014-02-14,44.41777801513672
2014-02-15,6.540853977203369
2014-02-16,2.986699104309082
2014-02-17,2.818037271499634
2014-02-18,2.1204993724823
2014-02-19,2.8263564109802246
2014-02-20,22.627363204956055
2014-02-21,8.474458694458008
2014-02-22,1.9912140369415283
2014-02-23,2.2245993614196777
2014-02-24,3.947197437286377
2014-02-25,1.1589699983596802
2014-02-26,22.997509002685547
2014-02-27,26.742265701293945
2014-02-28,8.668588638305664
2014-03-01,6.734801769256592
2014-03-02,0.9439134001731873
2014-03-03,20.679250717163086
2014-03-04,8.854090690612793
2014-03-05,5.433060646057129
2014-03-06,6.8989434242248535
2014-03-07,4.434701919555664
2014-03-08,4.826059341430664
2014-03-09,0.5110794305801392
2014-03-10,1.7233418226242065
2014-03-11,8.787017822265625
2014-03-12,33.97206497192383
2014-03-13,16.19585418701172
2014-03-14,7.592848300933838
2014-03-15,7.217994213104248
2014-03-16,4.942542552947998
2014-03-17,6.735252380371094
2014-03-18,4.550961017608643
2014-03-19,6.202831268310547
2014-03-20,4.875246524810791
2014-03-21,6.971312522888184
2014-03-22,43.08933639526367
2014-03-23,4.891849517822266
2014-03-24,7.143806457519531
2014-03-25,10.835034370422363
2014-03-26,11.569863319396973
2014-03-27,10.120664596557617
2014-03-28,21.926437377929688
2014-03-29,2.2339205741882324
2014-03-30,3.4774787425994873
2014-03-31,11.364888191223145
2014-04-01,2.762216091156006
2014-04-02,1.9292993545532227
2014-04-03,2.8366692066192627
2014-04-04,5.429078578948975
2014-04-05,9.542296409606934
2014-04-06,3.0153701305389404
2014-04-07,3.0985708236694336
2014-04-08,1.02108895778656
2014-04-09,7.564863681793213
2014-04-10,8.748684883117676
2014-04-11,2.9259555339813232
2014-04-12,0.0
2014-04-13,14.694108009338379
2014-04-14,7.031485557556152
2014-04-15,1.8895244598388672
2014-04-16,4.999664306640625
2014-04-17,0.1370939165353775
2014-04-18,4.665111064910889
2014-04-19,4.337158203125
2014-04-20,20.574810028076172
2014-04-21,6.140355587005615
2014-04-22,28.478111267089844
2014-04-23,1.3353978395462036
2014-04-24,1.4417330026626587
2014-04-25,6.209660530090332
2014-04-26,2.8970110416412354
2014-04-27,1.4311423301696777
2014-04-28,3.492250442504883
2014-04-29,0.880635142326355
2014-04-30,0.7371421456336975
2014-05-01,1.1969207525253296
2014-05-02,1.3633413314819336
2014-05-03,1.5374503135681152
2014-05-04,6.508454322814941
2014-05-05,5.239142417907715
2014-05-06,2.398268699645996
2014-05-07,1.4513243436813354
2014-05-08,1.228907823562622
2014-05-09,3.6626241207122803
2014-05-10,0.8939456343650818
2014-05-11,4.1347784996032715
2014-05-12,4.73903751373291
2014-05-13,3.584967613220215
2014-05-14,8.28867244720459
2014-05-15,3.2372453212738037
2014-05-16,10.15102481842041
2014-05-17,12.649442672729492
2014-05-18,13.740565299987793
2014-05-19,5.394259452819824
2014-05-20,9.813124656677246
2014-05-21,3.35870099067688
2014-05-22,6.910839557647705
2014-05-23,5.4749932289123535
2014-05-24,25.42865753173828
2014-05-25,5.6526594161987305
2014-05-26,0.0
2014-05-27,0.0
2014-05-28,0.0
2014-05-29,0.0
2014-05-30,0.0
2014-05-31,0.0
2014-06-01,0.0
2014-06-02,0.0
2014-06-03,0.0
2014-06-04,0.0
2014-06-05,0.0
2014-06-06,1.7081542015075684
2014-06-07,4.556756973266602
2014-06-08,1.3869280815124512
2014-06-09,2.209606885910034
2014-06-10,1.3162858486175537
2014-06-11,2.979250431060791
2014-06-12,0.9063875675201416
2014-06-13,0.2693115472793579
2014-06-14,0.8682342171669006
2014-06-15,1.5323165655136108
2014-06-16,0.0
2014-06-17,0.0
2014-06-18,0.0
2014-06-19,0.0
2014-06-20,0.0
2014-06-21,0.0
2014-06-22,0.0
2014-06-23,0.0
2014-06-24,0.0
2014-06-25,0.0
2014-06-26,0.0
2014-06-27,1.5226331949234009
2014-06-28,0.0
2014-06-29,1.5226331949234009
2014-06-30,0.0
2014-07-01,0.031985092908144
2014-07-02,0.19191056489944458
2014-07-03,0.031985092908144
2014-07-04,0.031985092908144
2014-07-05,0.031985092908144
2014-07-06,5.811494827270508
2014-07-07,8.585732460021973
2014-07-08,1.2524287700653076
2014-07-09,0.0
2014-07-10,0.0
2014-07-11,0.0
2014-07-12,0.0
2014-07-13,0.0
2014-07-14,0.0
2014-07-15,0.0
2014-07-16,0.0
2014-07-17,0.1460263431072235
2014-07-18,1.6559357643127441
2014-07-19,3.7693252563476562
2014-07-20,0.2680196166038513
2014-07-21,0.27491873502731323
2014-07-22,0.028830429539084435
2014-07-23,0.0
2014-07-24,2.2553889751434326
2014-07-25,0.313608318567276
2014-07-26,0.0
2014-07-27,0.0
2014-07-28,0.0
2014-07-29,0.0
2014-07-30,0.0
2014-07-31,0.0
2014-08-01,0.0
2014-08-02,0.0
2014-08-03,0.0
2014-08-04,0.0
2014-08-05,0.0
2014-08-06,0.0
2014-08-07,0.0
2014-08-08,0.0
2014-08-09,0.0
2014-08-10,0.0
2014-08-11,0.12072781473398209
2014-08-12,0.0
2014-08-13,0.11281123757362366
2014-08-14,0.9242605566978455
2014-08-15,0.0
2014-08-16,0.0
2014-08-17,0.0
2014-08-18,0.0
2014-08-19,0.0
2014-08-20,0.0
2014-08-21,0.06680907309055328
2014-08-22,0.06680907309055328
2014-08-23,0.06680907309055328
2014-08-24,0.06680907309055328
2014-08-25,0.06680907309055328
2014-08-26,0.0
2014-08-27,0.9464079737663269
2014-08-28,0.0
2014-08-29,0.0
2014-08-30,0.0
2014-08-31,0.0
2014-09-01,0.0
2014-09-02,0.0
2014-09-03,0.13436049222946167
2014-09-04,8.259864807128906
2014-09-05,0.033039458096027374
2014-09-06,0.0
2014-09-07,0.0
2014-09-08,0.5977440476417542
2014-09-09,0.0
2014-09-10,0.0
2014-09-11,10.311747550964355
2014-09-12,2.3119139671325684
2014-09-13,0.0
2014-09-14,0.035492341965436935
2014-09-15,16.91779899597168
2014-09-16,0.0
2014-09-17,0.0
2014-09-18,0.0
2014-09-19,0.0
2014-09-20,8.058280944824219
2014-09-21,33.41256332397461
2014-09-22,0.0
2014-09-23,0.0
2014-09-24,0.024637630209326744
2014-09-25,0.09688320010900497
2014-09-26,7.294684886932373
2014-09-27,0.0
2014-09-28,2.7409470081329346
2014-09-29,0.0
2014-09-30,0.0
2014-10-01,5.139590263366699
2014-10-02,7.755624294281006
2014-10-03,0.06974495947360992
2014-10-04,3.3648598194122314
2014-10-05,10.252970695495605
2014-10-06,5.001014709472656
2014-10-07,0.6269100308418274
2014-10-08,7.6979570388793945
2014-10-09,0.0
2014-10-10,0.0
2014-10-11,6.356691360473633
2014-10-12,0.07101887464523315
2014-10-13,0.0
2014-10-14,0.04388514161109924
2014-10-15,0.0
2014-10-16,0.0
2014-10-17,0.0
2014-10-18,0.0
2014-10-19,2.9834768772125244
2014-10-20,3.557835817337036
2014-10-21,2.4084935188293457
2014-10-22,0.0
2014-10-23,11.77017593383789
2014-10-24,2.601320505142212
2014-10-25,0.21971091628074646
2014-10-26,2.9308035373687744
2014-10-27,11.560952186584473
2014-10-28,0.005508746486157179
2014-10-29,0.6796419620513916
2014-10-30,0.0
2014-10-31,1.3823847770690918
2014-11-01,23.405866622924805
2014-11-02,2.3210608959198
2014-11-03,0.026068976148962975
2014-11-04,0.9384830594062805
2014-11-05,1.914873480796814
2014-11-06,0.43400049209594727
2014-11-07,0.0
2014-11-08,0.0
2014-11-09,0.5619530081748962
2014-11-10,14.1770601272583
2014-11-11,0.0
2014-11-12,0.0
2014-11-13,53.94742202758789
2014-11-14,9.545636177062988
2014-11-15,1.2817989587783813
2014-11-16,0.75041663646698
2014-11-17,7.146366119384766
2014-11-18,0.2519510090351105
2014-11-19,0.0
2014-11-20,6.469383716583252
2014-11-21,0.0
2014-11-22,0.05882687121629715
2014-11-23,31.023548126220703
2014-11-24,0.40070411562919617
2014-11-25,0.0
2014-11-26,28.986005783081055
2014-11-27,20.585660934448242
2014-11-28,6.500568866729736
2014-11-29,0.28445133566856384
2014-11-30,0.07099886238574982
2014-12-01,0.0
2014-12-02,0.0
2014-12-03,0.0
2014-12-04,0.0
2014-12-05,0.0
2014-12-06,0.0
2014-12-07,0.0
2014-12-08,56.22107696533203
2014-12-09,0.0
2014-12-10,0.0
2014-12-11,1.3126857280731201
2014-12-12,1.2029502391815186
2014-12-13,0.027374906465411186
2014-12-14,11.628572463989258
2014-12-15,1.7058626413345337
2014-12-16,1.0833064317703247
2014-12-17,4.769543170928955
2014-12-18,25.084753036499023
2014-12-19,17.550731658935547
2014-12-20,1.7374827861785889
2014-12-21,0.0
2014-12-22,7.740846157073975
2014-12-23,66.65868377685547
2014-12-24,0.0
2014-12-25,0.0890500396490097
2014-12-26,0.15632255375385284
2014-12-27,0.45159852504730225
2014-12-28,0.7970640063285828
2014-12-29,0.0
2014-12-30,0.0
2014-12-31,17.770584106445312
2015-01-01,0.0016186957946047187
2015-01-02,1.6021063327789307
2015-01-03,28.294706344604492
2015-01-04,0.7777469158172607
2015-01-05,0.7718412280082703
2015-01-06,21.48885726928711
2015-01-07,0.0
2015-01-08,0.0
2015-01-09,1.2931864261627197
2015-01-10,11.468523025512695
2015-01-11,9.294983863830566
2015-01-12,22.703861236572266
2015-01-13,20.211471557617188
2015-01-14,13.210147857666016
2015-01-15,1.5784777402877808
2015-01-16,37.77587127685547
2015-01-17,4.597289562225342
2015-01-18,30.619409561157227
2015-01-19,4.6660051345825195
2015-01-20,20.574077606201172
2015-01-21,28.8682804107666
2015-01-22,1.653023362159729
2015-01-23,0.0
2015-01-24,4.336493492126465
2015-01-25,2.912740707397461
2015-01-26,44.87814712524414
2015-01-27,3.0918736457824707
2015-01-28,2.181549549102783
2015-01-29,0.17178653180599213
2015-01-30,11.369569778442383
2015-01-31,13.510257720947266
2015-02-01,4.693734645843506
2015-02-02,0.0
2015-02-03,0.0
2015-02-04,0.0
2015-02-05,0.0
2015-02-06,4.00888729095459
2015-02-07,78.37982940673828
2015-02-08,2.270807981491089
2015-02-09,2.156043291091919
2015-02-10,4.877564430236816
2015-02-11,22.053136825561523
2015-02-12,7.915490627288818
2015-02-13,36.44264602661133
2015-02-14,11.606518745422363
2015-02-15,0.9621011018753052
2015-02-16,0.06491304188966751
2015-02-17,19.65719223022461
2015-02-18,23.6684513092041
2015-02-19,0.20447996258735657
2015-02-20,27.37654685974121
2015-02-21,2.230773687362671
2015-02-22,8.556585311889648
2015-02-23,11.830355644226074
2015-02-24,0.8525118827819824
2015-02-25,0.0
2015-02-26,0.0
2015-02-27,1.9614015817642212
2015-02-28,11.127726554870605
2015-03-01,29.2148494720459
2015-03-02,1.0714447498321533
2015-03-03,0.001292881672270596
2015-03-04,1.5019713640213013
2015-03-05,12.085677146911621
2015-03-06,13.770991325378418
2015-03-07,0.12125873565673828
2015-03-08,0.17916074395179749
2015-03-09,9.927992820739746
2015-03-10,0.0024377251975238323
2015-03-11,0.29816606640815735
2015-03-12,0.6312640309333801
2015-03-13,6.489346504211426
2015-03-14,5.21891450881958
2015-03-15,13.533981323242188
2015-03-16,0.0
2015-03-17,0.14395785331726074
2015-03-18,21.79539680480957
2015-03-19,0.5519285798072815
2015-03-20,1.508543848991394
2015-03-21,6.638511657714844
2015-03-22,0.0
2015-03-23,0.05127841606736183
2015-03-24,1.8102201223373413
2015-03-25,1.1146926879882812
2015-03-26,7.700324535369873
2015-03-27,44.85052490234375
2015-03-28,1.568962812423706
2015-03-29,1.184497356414795
2015-03-30,0.8463648557662964
2015-03-31,1.2314778566360474
2015-04-01,0.056792642921209335
2015-04-02,0.044391974806785583
2015-04-03,0.028632614761590958
2015-04-04,0.05517258867621422
2015-04-05,0.0
2015-04-06,53.00186538696289
2015-04-07,1.218712329864502
2015-04-08,1.0267852544784546
2015-04-09,2.869553327560425
2015-04-10,7.211930274963379
2015-04-11,0.2246713489294052
2015-04-12,5.629261016845703
2015-04-13,2.8616416454315186
2015-04-14,1.4638334512710571
2015-04-15,4.322149276733398
2015-04-16,3.506096601486206
2015-04-17,3.624243974685669
2015-04-18,2.517960786819458
2015-04-19,0.06905961781740189
2015-04-20,0.19653089344501495
2015-04-21,0.3039082884788513
2015-04-22,4.221767425537109
2015-04-23,4.344271183013916
2015-04-24,0.0
2015-04-25,0.6550737619400024
2015-04-26,0.02857917919754982
2015-04-27,0.11915920674800873
2015-04-28,11.122560501098633
2015-04-29,0.149122953414917
2015-04-30,0.0
2015-05-01,4.5885844230651855
2015-05-02,2.6400156021118164
2015-05-03,0.382238507270813
2015-05-04,33.78206253051758
2015-05-05,11.766921043395996
2015-05-06,0.07847011834383011
2015-05-07,11.459183692932129
2015-05-08,0.2897357940673828
2015-05-09,0.01470182090997696
2015-05-10,2.602444648742676
2015-05-11,19.395601272583008
2015-05-12,2.243989944458008
2015-05-13,1.6160799264907837
2015-05-14,3.696293354034424
2015-05-15,7.168716907501221
2015-05-16,14.337316513061523
2015-05-17,3.103647470474243
2015-05-18,1.4511054754257202
2015-05-19,0.7219547033309937
2015-05-20,0.08970773220062256
2015-05-21,0.0
2015-05-22,0.0
2015-05-23,0.0
2015-05-24,0.0
2015-05-25,0.0
2015-05-26,10.808423042297363
2015-05-27,18.03104591369629
2015-05-28,1.9310723543167114
2015-05-29,3.874945640563965
2015-05-30,0.5685412883758545
2015-05-31,0.0
2015-06-01,16.955904006958008
2015-06-02,0.5090060234069824
2015-06-03,0.2835935354232788
2015-06-04,0.0
2015-06-05,0.0
2015-06-06,0.0247397031635046
2015-06-07,0.0247397031635046
2015-06-08,0.0247397031635046
2015-06-09,0.0247397031635046
2015-06-10,0.0247397031635046
2015-06-11,0.0
2015-06-12,0.0
2015-06-13,0.0
2015-06-14,0.0
2015-06-15,0.0
2015-06-16,0.0
2015-06-17,0.0
2015-06-18,0.0
2015-06-19,0.0
2015-06-20,0.0
2015-06-21,0.0
2015-06-22,0.0
2015-06-23,0.0
2015-06-24,0.0
2015-06-25,0.0
2015-06-26,0.0
2015-06-27,0.0
2015-06-28,0.0
2015-06-29,0.0
2015-06-30,0.0
2015-07-01,7.268251895904541
2015-07-02,2.11727237701416
2015-07-03,0.0
2015-07-04,0.4837886095046997
2015-07-05,17.209264755249023
2015-07-06,10.34114933013916
2015-07-07,0.0
2015-07-08,0.0
2015-07-09,0.0
2015-07-10,0.0
2015-07-11,0.0
2015-07-12,0.0
2015-07-13,0.0
2015-07-14,0.0
2015-07-15,0.0
2015-07-16,0.998823344707489
2015-07-17,0.0
2015-07-18,0.0
2015-07-19,0.0
2015-07-20,0.0
2015-07-21,0.07216501235961914
2015-07-22,0.07216501235961914
2015-07-23,0.07216501235961914
2015-07-24,0.07216501235961914
2015-07-25,0.07216501235961914
2015-07-26,0.0
2015-07-27,0.0
2015-07-28,0.0
2015-07-29,0.0
2015-07-30,0.0
2015-07-31,0.0
2015-08-01,0.0
2015-08-02,0.0
2015-08-03,0.0
2015-08-04,0.0
2015-08-05,0.0
2015-08-06,0.0
2015-08-07,0.0
2015-08-08,0.0
2015-08-09,0.0
2015-08-10,0.0
2015-08-11,0.0
2015-08-12,0.0
2015-08-13,0.0
2015-08-14,0.0
2015-08-15,0.0
2015-08-16,0.4221348464488983
2015-08-17,0.4221348464488983
2015-08-18,0.4221348464488983
2015-08-19,0.4221348464488983
2015-08-20,0.4221348464488983
2015-08-21,0.028920704498887062
2015-08-22,0.028920704498887062
2015-08-23,0.028920704498887062
2015-08-24,0.17352423071861267
2015-08-25,0.028920704498887062
2015-08-26,0.0
2015-08-27,31.547344207763672
2015-08-28,0.07723480463027954
2015-08-29,0.0
2015-08-30,0.0
2015-08-31,0.7574067711830139
2015-09-01,1.963030219078064
2015-09-02,0.0
2015-09-03,2.2194631099700928
2015-09-04,0.06576341390609741
2015-09-05,0.17470315098762512
2015-09-06,0.5149430632591248
2015-09-07,0.8679543733596802
2015-09-08,0.0
2015-09-09,0.0
2015-09-10,1.0201702117919922
2015-09-11,14.759573936462402
2015-09-12,5.8376665115356445
2015-09-13,0.0
2015-09-14,0.0
2015-09-15,0.0
2015-09-16,0.0
2015-09-17,0.0
2015-09-18,3.8315846920013428
2015-09-19,0.5473687648773193
2015-09-20,1.2378712892532349
2015-09-21,0.0
2015-09-22,0.11190292239189148
2015-09-23,0.0
2015-09-24,0.0
2015-09-25,4.811826229095459
2015-09-26,0.022481121122837067
2015-09-27,1.5754704475402832
2015-09-28,6.177334785461426
2015-09-29,0.0
2015-09-30,4.896573066711426
2015-10-01,15.812602996826172
2015-10-02,0.0247642919421196
2015-10-03,6.832401275634766
2015-10-04,1.0380586385726929
2015-10-05,0.0
2015-10-06,0.0
2015-10-07,0.7521904110908508
2015-10-08,0.007862773723900318
2015-10-09,0.018893107771873474
2015-10-10,13.400330543518066
2015-10-11,0.0
2015-10-12,0.0
2015-10-13,0.0
2015-10-14,0.0
2015-10-15,0.0
2015-10-16,0.0
2015-10-17,16.634252548217773
2015-10-18,0.05118231102824211
2015-10-19,0.0
2015-10-20,0.0
2015-10-21,0.0
2015-10-22,0.0
2015-10-23,0.35926589369773865
2015-10-24,0.0
2015-10-25,5.744387626647949
2015-10-26,0.0
2015-10-27,1.5410014390945435
2015-10-28,23.397302627563477
2015-10-29,2.8193295001983643
2015-10-30,3.7655880451202393
2015-10-31,0.0
2015-11-01,36.58930587768555
2015-11-02,5.10674524307251
2015-11-03,5.565473556518555
2015-11-04,11.422891616821289
2015-11-05,15.23185920715332
2015-11-06,0.1733158528804779
2015-11-07,0.4621756076812744
2015-11-08,0.0
2015-11-09,0.0
2015-11-10,3.119685411453247
2015-11-11,0.27973565459251404
2015-11-12,0.0004405285289976746
2015-11-13,0.0
2015-11-14,0.0
2015-11-15,0.0017621141159906983
2015-11-16,1.351172685623169
2015-11-17,0.9033289551734924
2015-11-18,0.0
2015-11-19,0.0
2015-11-20,2.8410558700561523
2015-11-21,0.3560241758823395
2015-11-22,0.0
2015-11-23,0.0
2015-11-24,0.0
2015-11-25,0.0
2015-11-26,0.0451413132250309
2015-11-27,10.950157165527344
2015-11-28,0.0
2015-11-29,17.618375778198242
2015-11-30,4.16494083404541
2015-12-01,2.964399814605713
2015-12-02,0.0
2015-12-03,0.0
2015-12-04,0.0
2015-12-05,9.2034273147583
2015-12-06,22.167152404785156
2015-12-07,5.611350059509277
2015-12-08,0.0
2015-12-09,0.0
2015-12-10,0.0
2015-12-11,0.45735788345336914
2015-12-12,0.45735788345336914
2015-12-13,0.45735788345336914
2015-12-14,1.9032527208328247
2015-12-15,1.2982525825500488
2015-12-16,6.2986297607421875
2015-12-17,0.0
2015-12-18,0.0
2015-12-19,17.571008682250977
2015-12-20,3.5851047039031982
2015-12-21,2.8018603324890137
2015-12-22,5.902553081512451
2015-12-23,2.3712644577026367
2015-12-24,3.2573165893554688
2015-12-25,9.215620040893555
2015-12-26,0.5651142597198486
2015-12-27,2.3206210136413574
2015-12-28,2.7197978496551514
2015-12-29,1.4684090614318848
2015-12-30,0.7246737480163574
2015-12-31,0.2260691076517105
2016-01-01,4.354752063751221
2016-01-02,2.90531849861145
2016-01-03,1.6644482612609863
2016-01-04,0.7089524865150452
2016-01-05,0.0
2016-01-06,0.0
2016-01-07,23.365293502807617
2016-01-08,3.1610050201416016
2016-01-09,2.08598256111145
2016-01-10,23.741317749023438
2016-01-11,6.848089218139648
2016-01-12,0.3422691822052002
2016-01-13,30.455886840820312
2016-01-14,57.1263313293457
2016-01-15,2.6963629722595215
2016-01-16,0.02506237104535103
2016-01-17,0.0
2016-01-18,21.033843994140625
2016-01-19,1.492073893547058
2016-01-20,5.202084541320801
2016-01-21,0.0
2016-01-22,0.0
2016-01-23,0.0
2016-01-24,0.0
2016-01-25,0.0
2016-01-26,0.0
2016-01-27,6.665480613708496
2016-01-28,36.243350982666016
2016-01-29,2.1462788581848145
2016-01-30,8.915497779846191
2016-01-31,33.88908004760742
2016-02-01,83.74588775634766
2016-02-02,1.862981915473938
2016-02-03,16.510910034179688
2016-02-04,49.064056396484375
2016-02-05,10.339911460876465
2016-02-06,9.31850814819336
2016-02-07,0.0
2016-02-08,0.0
2016-02-09,0.6360241174697876
2016-02-10,17.10595703125
2016-02-11,5.787070274353027
2016-02-12,0.0
2016-02-13,0.0
2016-02-14,0.0
2016-02-15,4.908153533935547
2016-02-16,0.0
2016-02-17,6.192560195922852
2016-02-18,0.0
2016-02-19,0.0
2016-02-20,6.944383144378662
2016-02-21,16.49491310119629
2016-02-22,18.614816665649414
2016-02-23,0.08686893433332443
2016-02-24,1.3977493047714233
2016-02-25,1.3748723268508911
2016-02-26,2.8407087326049805
2016-02-27,2.8146586418151855
2016-02-28,20.746789932250977
2016-02-29,29.914457321166992
2016-03-01,0.3890478014945984
2016-03-02,16.46674156188965
2016-03-03,1.3331247568130493
2016-03-04,0.7085786461830139
2016-03-05,30.034364700317383
2016-03-06,32.32713317871094
2016-03-07,0.0
2016-03-08,0.0
2016-03-09,0.0
2016-03-10,40.1099967956543
2016-03-11,0.813561201095581
2016-03-12,0.0
2016-03-13,0.03681199252605438
2016-03-14,0.0
2016-03-15,0.07728918641805649
2016-03-16,0.1706172525882721
2016-03-17,0.0
2016-03-18,0.0
2016-03-19,6.834632396697998
2016-03-20,0.0
2016-03-21,0.0
2016-03-22,38.85954666137695
2016-03-23,9.330198287963867
2016-03-24,0.42709019780158997
2016-03-25,42.4804573059082
2016-03-26,0.0
2016-03-27,0.0
2016-03-28,0.0
2016-03-29,0.0
2016-03-30,0.0
2016-03-31,0.0
2016-04-01,0.0
2016-04-02,0.0
2016-04-03,0.0
2016-04-04,0.0
2016-04-05,0.0
2016-04-06,0.0
2016-04-07,0.0
2016-04-08,0.0
2016-04-09,0.8956167101860046
2016-04-10,0.8358368277549744
2016-04-11,33.38742446899414
2016-04-12,18.639728546142578
2016-04-13,0.0
2016-04-14,0.37682369351387024
2016-04-15,0.46521392464637756
2016-04-16,0.8277729153633118
2016-04-17,0.0
2016-04-18,0.0
2016-04-19,0.0
2016-04-20,4.5774641036987305
2016-04-21,0.32555845379829407
2016-04-22,37.73723602294922
2016-04-23,2.6612305641174316
2016-04-24,0.0
2016-04-25,2.179694414138794
2016-04-26,37.483985900878906
2016-04-27,1.0462225675582886
2016-04-28,0.0
2016-04-29,0.0
2016-04-30,0.0
2016-05-01,0.0
2016-05-02,0.0
2016-05-03,0.0
2016-05-04,0.0
2016-05-05,0.0
2016-05-06,0.45015186071395874
2016-05-07,17.90132713317871
2016-05-08,2.5656087398529053
2016-05-09,0.0
2016-05-10,8.571432113647461
2016-05-11,13.175446510314941
2016-05-12,0.0
2016-05-13,0.0
2016-05-14,0.0
2016-05-15,0.0
2016-05-16,7.454959869384766
2016-05-17,0.016531754285097122
2016-05-18,0.17042115330696106
2016-05-19,0.0
2016-05-20,0.0
2016-05-21,0.0
2016-05-22,0.0
2016-05-23,0.0
2016-05-24,0.0
2016-05-25,0.0
2016-05-26,0.0
2016-05-27,0.0
2016-05-28,0.0
2016-05-29,0.0
2016-05-30,0.0
2016-05-31,0.0
2016-06-01,0.0
2016-06-02,0.0
2016-06-03,1.190338373184204
2016-06-04,0.0
2016-06-05,0.0
2016-06-06,0.0
2016-06-07,0.20983272790908813
2016-06-08,0.0612206794321537
2016-06-09,0.0
2016-06-10,0.0
2016-06-11,0.0
2016-06-12,0.0
2016-06-13,0.0
2016-06-14,0.0
2016-06-15,0.0
2016-06-16,0.0
2016-06-17,0.0
2016-06-18,0.0
2016-06-19,0.0
2016-06-20,0.0
2016-06-21,0.0
2016-06-22,0.0
2016-06-23,0.0
2016-06-24,0.0
2016-06-25,0.0
2016-06-26,0.447336882352829
2016-06-27,0.3385939598083496
2016-06-28,0.40453431010246277
2016-06-29,0.04369092732667923
2016-06-30,0.0
2016-07-01,0.0
2016-07-02,0.0
2016-07-03,0.0
2016-07-04,0.10219162702560425
2016-07-05,0.10437175631523132
2016-07-06,0.44591838121414185
2016-07-07,0.44591838121414185
2016-07-08,0.44591838121414185
2016-07-09,0.44591838121414185
2016-07-10,0.44591838121414185
2016-07-11,0.0
2016-07-12,0.0
2016-07-13,0.0
2016-07-14,0.0
2016-07-15,0.0
2016-07-16,5.137767314910889
2016-07-17,0.856294572353363
2016-07-18,0.856294572353363
2016-07-19,0.856294572353363
2016-07-20,0.856294572353363
2016-07-21,0.08179617673158646
2016-07-22,0.08179617673158646
2016-07-23,0.08179617673158646
2016-07-24,0.08179617673158646
2016-07-25,0.08179617673158646
2016-07-26,0.0
2016-07-27,0.0
2016-07-28,0.0
2016-07-29,0.0
2016-07-30,0.0
2016-07-31,0.0
2016-08-01,0.0
2016-08-02,0.0
2016-08-03,0.0
2016-08-04,0.0
2016-08-05,0.0
2016-08-06,0.0
2016-08-07,0.0
2016-08-08,0.06410631537437439
2016-08-09,5.9317779541015625
2016-08-10,0.06874088943004608
2016-08-11,0.0
2016-08-12,0.0
2016-08-13,0.0
2016-08-14,0.0
2016-08-15,0.0
2016-08-16,0.0
2016-08-17,0.0
2016-08-18,3.12046480178833
2016-08-19,0.0
2016-08-20,0.11598929762840271
2016-08-21,0.3354833126068115
2016-08-22,0.055913884192705154
2016-08-23,0.055913884192705154
2016-08-24,0.055913884192705154
2016-08-25,0.055913884192705154
2016-08-26,0.0
2016-08-27,0.0
2016-08-28,1.2335176467895508
2016-08-29,30.37787628173828
2016-08-30,0.0
2016-08-31,0.0
2016-09-01,0.0
2016-09-02,17.376924514770508
2016-09-03,33.850276947021484
2016-09-04,0.3684587776660919
2016-09-05,0.2841360867023468
2016-09-06,0.05686704069375992
2016-09-07,0.05686704069375992
2016-09-08,0.05686704069375992
2016-09-09,0.3412022590637207
2016-09-10,0.05686704069375992
2016-09-11,0.10272174328565598
2016-09-12,0.10272174328565598
2016-09-13,0.10272174328565598
2016-09-14,0.10272174328565598
2016-09-15,0.6163304448127747
2016-09-16,0.0
2016-09-17,0.0
2016-09-18,0.0
2016-09-19,7.991375923156738
2016-09-20,0.31524962186813354
2016-09-21,0.0
2016-09-22,0.38037073612213135
2016-09-23,37.13640594482422
2016-09-24,9.293435096740723
2016-09-25,2.1259474754333496
2016-09-26,0.0
2016-09-27,0.0
2016-09-28,0.0
2016-09-29,8.53710651397705
2016-09-30,0.47461187839508057
2016-10-01,23.063993453979492
2016-10-02,9.288649559020996
2016-10-03,2.1585423946380615
2016-10-04,6.1169047355651855
2016-10-05,0.17315341532230377
2016-10-06,13.258946418762207
2016-10-07,0.0607185997068882
2016-10-08,0.07205789536237717
2016-10-09,0.4578607976436615
2016-10-10,2.2951250076293945
2016-10-11,4.762959957122803
2016-10-12,1.4476020336151123
2016-10-13,0.0
2016-10-14,0.23201680183410645
2016-10-15,0.0
2016-10-16,0.011059798300266266
2016-10-17,0.013063469901680946
2016-10-18,0.002206802135333419
2016-10-19,0.0
2016-10-20,0.1441955268383026
2016-10-21,3.336683511734009
2016-10-22,0.2614697217941284
2016-10-23,0.0
2016-10-24,15.358111381530762
2016-10-25,10.955302238464355
2016-10-26,37.08400344848633
2016-10-27,1.5317776203155518
2016-10-28,1.0380593538284302
2016-10-29,0.49345847964286804
2016-10-30,0.20832005143165588
2016-10-31,0.0
2016-11-01,0.0
2016-11-02,8.702512741088867
2016-11-03,1.746954321861267
2016-11-04,0.040418874472379684
2016-11-05,0.0
2016-11-06,0.0
2016-11-07,0.43869009613990784
2016-11-08,0.022840039804577827
2016-11-09,24.679670333862305
2016-11-10,0.21580953896045685
2016-11-11,1.2237712144851685
2016-11-12,41.0907096862793
2016-11-13,0.03773790970444679
2016-11-14,0.0
2016-11-15,0.017153596505522728
2016-11-16,10.280765533447266
2016-11-17,20.98528480529785
2016-11-18,0.4623354375362396
2016-11-19,0.0
2016-11-20,0.0
2016-11-21,3.84635066986084
2016-11-22,6.989254474639893
2016-11-23,0.0
2016-11-24,3.1474649906158447
2016-11-25,3.9494593143463135
2016-11-26,8.689131736755371
2016-11-27,2.1097235679626465
2016-11-28,0.11780852824449539
2016-11-29,1.9348441362380981
2016-11-30,3.513636827468872
2016-12-01,2.580784559249878
2016-12-02,0.0007864791550673544
2016-12-03,0.300555557012558
2016-12-04,3.5095906257629395
2016-12-05,0.04640227183699608
2016-12-06,9.819208145141602
2016-12-07,0.20616205036640167
2016-12-08,0.0
2016-12-09,0.6708364486694336
2016-12-10,8.773539543151855
2016-12-11,9.57422924041748
2016-12-12,0.7603698968887329
2016-12-13,0.0
2016-12-14,5.825199604034424
2016-12-15,0.09255970269441605
2016-12-16,0.0
2016-12-17,0.012419617734849453
2016-12-18,0.0
2016-12-19,0.6110897064208984
2016-12-20,21.995098114013672
2016-12-21,0.985474705696106
2016-12-22,15.891105651855469
2016-12-23,19.339982986450195
2016-12-24,0.0
2016-12-25,0.0
2016-12-26,0.5169082283973694
2016-12-27,0.02392405830323696
2016-12-28,2.187462091445923
2016-12-29,0.06525079160928726
2016-12-30,0.7682210206985474
2016-12-31,6.5822224617004395
2017-01-01,0.024790171533823013
2017-01-02,2.8921868801116943
2017-01-03,0.6225444674491882
2017-01-04,0.0
2017-01-05,29.23308563232422
2017-01-06,16.058895111083984
2017-01-07,6.019063472747803
2017-01-08,4.413002014160156
2017-01-09,16.753629684448242
2017-01-10,0.0
2017-01-11,5.118071556091309
2017-01-12,0.6071720719337463
2017-01-13,2.566349744796753
2017-01-14,10.528854370117188
2017-01-15,1.975378155708313
2017-01-16,0.002698878524824977
2017-01-17,0.0
2017-01-18,9.018722534179688
2017-01-19,11.201117515563965
2017-01-20,10.971098899841309
2017-01-21,2.6862993240356445
2017-01-22,0.06837623566389084
2017-01-23,1.012916088104248
2017-01-24,1.5660871267318726
2017-01-25,83.04489135742188
2017-01-26,18.36383056640625
2017-01-27,1.3695096969604492
2017-01-28,0.0
2017-01-29,0.0
2017-01-30,0.0
2017-01-31,0.0
2017-02-01,0.0
2017-02-02,4.701858043670654
2017-02-03,1.9128590822219849
2017-02-04,0.0
2017-02-05,0.0
2017-02-06,18.536577224731445
2017-02-07,6.47086763381958
2017-02-08,0.6887418627738953
2017-02-09,0.0
2017-02-10,0.0
2017-02-11,0.019205864518880844
2017-02-12,5.1249494552612305
2017-02-13,4.571622371673584
2017-02-14,0.0
2017-02-15,11.141792297363281
2017-02-16,23.836042404174805
2017-02-17,0.2876112759113312
2017-02-18,0.0
2017-02-19,0.4194473922252655
2017-02-20,5.374340534210205
2017-02-21,4.5421366691589355
2017-02-22,10.490592002868652
2017-02-23,24.914974212646484
2017-02-24,1.564249873161316
2017-02-25,1.8142040967941284
2017-02-26,6.259420871734619
2017-02-27,6.182719707489014
2017-02-28,0.2035585343837738
2017-03-01,0.5908161997795105
2017-03-02,8.309326171875
2017-03-03,14.363946914672852
2017-03-04,9.701854705810547
2017-03-05,4.394059658050537
2017-03-06,7.998505115509033
2017-03-07,13.51498794555664
2017-03-08,3.5125114917755127
2017-03-09,0.0
2017-03-10,0.0
2017-03-11,0.582879900932312
2017-03-12,0.0
2017-03-13,30.008750915527344
2017-03-14,0.0
2017-03-15,0.0
2017-03-16,20.425981521606445
2017-03-17,5.900054454803467
2017-03-18,0.706428050994873
2017-03-19,0.05041463300585747
2017-03-20,1.084494709968567
2017-03-21,50.29561233520508
2017-03-22,13.976157188415527
2017-03-23,0.14287112653255463
2017-03-24,9.550235748291016
2017-03-25,2.2130932807922363
2017-03-26,4.53933572769165
2017-03-27,22.056596755981445
2017-03-28,1.476985216140747
2017-03-29,6.054996967315674
2017-03-30,0.5403455495834351
2017-03-31,0.671762228012085
2017-04-01,0.7785335183143616
2017-04-02,1.4140119552612305
2017-04-03,0.825469434261322
2017-04-04,6.199303150177002
2017-04-05,0.0
2017-04-06,2.7386064529418945
2017-04-07,6.947827339172363
2017-04-08,0.0
2017-04-09,0.0
2017-04-10,38.644493103027344
2017-04-11,3.8183491230010986
2017-04-12,0.0
2017-04-13,0.0
2017-04-14,0.0
2017-04-15,0.0
2017-04-16,1.628395915031433
2017-04-17,21.78497886657715
2017-04-18,3.476445436477661
2017-04-19,0.3885168433189392
2017-04-20,0.7541826963424683
2017-04-21,0.6299960017204285
2017-04-22,43.26565170288086
2017-04-23,0.0
2017-04-24,2.175982713699341
2017-04-25,0.0
2017-04-26,7.120240688323975
2017-04-27,26.173294067382812
2017-04-28,0.23513221740722656
2017-04-29,0.0
2017-04-30,0.0
2017-05-01,0.5642812848091125
2017-05-02,0.6470189690589905
2017-05-03,0.4953215420246124
2017-05-04,8.937628746032715
2017-05-05,0.0
2017-05-06,0.0
2017-05-07,1.0533442497253418
2017-05-08,0.0
2017-05-09,0.5300153493881226
2017-05-10,11.334222793579102
2017-05-11,0.0
2017-05-12,0.0
2017-05-13,0.0
2017-05-14,0.0
2017-05-15,0.0
2017-05-16,7.65955114364624
2017-05-17,1.1052727699279785
2017-05-18,8.837543487548828
2017-05-19,2.0899546146392822
2017-05-20,0.0
2017-05-21,11.679117202758789
2017-05-22,2.9214024543762207
2017-05-23,6.209280490875244
2017-05-24,5.305659294128418
2017-05-25,0.0
2017-05-26,0.0
2017-05-27,0.8061306476593018
2017-05-28,1.4771474599838257
2017-05-29,0.0
2017-05-30,0.0
2017-05-31,0.6949880719184875
2017-06-01,0.0
2017-06-02,0.0
2017-06-03,0.0
2017-06-04,0.0
2017-06-05,0.0
2017-06-06,1.1535495519638062
2017-06-07,0.055099811404943466
2017-06-08,0.0
2017-06-09,0.23409585654735565
2017-06-10,0.0
2017-06-11,0.0
2017-06-12,0.0
2017-06-13,0.0
2017-06-14,0.0
2017-06-15,0.0
2017-06-16,0.0
2017-06-17,0.0
2017-06-18,0.0
2017-06-19,0.0
2017-06-20,0.0
2017-06-21,0.0
2017-06-22,0.0
2017-06-23,0.0
2017-06-24,0.0
2017-06-25,0.0
2017-06-26,0.0
2017-06-27,0.0
2017-06-28,0.0
2017-06-29,0.0
2017-06-30,0.0
2017-07-01,0.037357937544584274
2017-07-02,0.037357937544584274
2017-07-03,0.037357937544584274
2017-07-04,0.037357937544584274
2017-07-05,0.037357937544584274
2017-07-06,0.0
2017-07-07,0.28156253695487976
2017-07-08,0.0
2017-07-09,0.0
2017-07-10,0.0
2017-07-11,0.0
2017-07-12,0.0
2017-07-13,0.0
2017-07-14,0.0
2017-07-15,0.0
2017-07-16,0.14671629667282104
2017-07-17,0.14671629667282104
2017-07-18,0.14671629667282104
2017-07-19,0.14671629667282104
2017-07-20,0.14671629667282104
2017-07-21,0.07452263683080673
2017-07-22,0.07452263683080673
2017-07-23,0.07452263683080673
2017-07-24,0.07452263683080673
2017-07-25,0.07452263683080673
2017-07-26,0.0
2017-07-27,0.0
2017-07-28,0.0
2017-07-29,0.0
2017-07-30,0.0
2017-07-31,0.0
2017-08-01,0.0
2017-08-02,0.0
2017-08-03,0.0
2017-08-04,0.0
2017-08-05,0.0
2017-08-06,0.0
2017-08-07,0.0
2017-08-08,0.0
2017-08-09,0.0
2017-08-10,0.0
2017-08-11,0.0
2017-08-12,0.0
2017-08-13,5.306639671325684
2017-08-14,1.1990302801132202
2017-08-15,0.36043399572372437
2017-08-16,9.920581817626953
2017-08-17,1.1589301824569702
2017-08-18,2.3977949619293213
2017-08-19,0.2780952751636505
2017-08-20,1.1171187162399292
2017-08-21,5.632763862609863
2017-08-22,0.0
2017-08-23,0.0
2017-08-24,0.0
2017-08-25,0.0
2017-08-26,4.119946002960205
2017-08-27,2.5610475540161133
2017-08-28,0.0
2017-08-29,0.0
2017-08-30,0.0
2017-08-31,0.0
2017-09-01,0.0
2017-09-02,11.524394989013672
2017-09-03,0.0
2017-09-04,0.0
2017-09-05,28.54503631591797
2017-09-06,0.0
2017-09-07,0.24633735418319702
2017-09-08,0.0
2017-09-09,0.0
2017-09-10,0.2857513129711151
2017-09-11,16.03126335144043
2017-09-12,0.2814881205558777
2017-09-13,0.0
2017-09-14,0.02956637553870678
2017-09-15,9.828146934509277
2017-09-16,3.6827971935272217
2017-09-17,0.0
2017-09-18,0.0
2017-09-19,0.0
2017-09-20,0.0
2017-09-21,0.0
2017-09-22,0.0
2017-09-23,0.0
2017-09-24,0.0
2017-09-25,0.0
2017-09-26,39.98467254638672
2017-09-27,0.1760437786579132
2017-09-28,3.0360281467437744
2017-09-29,0.0
2017-09-30,0.8582134246826172
2017-10-01,0.0
2017-10-02,7.072083473205566
2017-10-03,0.35393059253692627
2017-10-04,0.0
2017-10-05,0.0
2017-10-06,2.85634708404541
2017-10-07,0.0
2017-10-08,0.0
2017-10-09,0.0
2017-10-10,5.438519477844238
2017-10-11,1.332688808441162
2017-10-12,26.14824867248535
2017-10-13,4.444732666015625
2017-10-14,3.8785321712493896
2017-10-15,0.1930447369813919
2017-10-16,0.0
2017-10-17,0.0
2017-10-18,5.196922302246094
2017-10-19,14.3482084274292
2017-10-20,25.287931442260742
2017-10-21,1.1308826208114624
2017-10-22,11.320619583129883
2017-10-23,1.0199848413467407
2017-10-24,0.1511380672454834
2017-10-25,0.0
2017-10-26,0.0
2017-10-27,0.008171547204256058
2017-10-28,7.655704021453857
2017-10-29,0.01877417042851448
2017-10-30,2.568131923675537
2017-10-31,0.01921781338751316
2017-11-01,15.354304313659668
2017-11-02,0.0
2017-11-03,0.0
2017-11-04,0.4999031722545624
2017-11-05,3.1155893802642822
2017-11-06,15.507932662963867
2017-11-07,0.35802847146987915
2017-11-08,0.5010569095611572
2017-11-09,28.672651290893555
2017-11-10,4.835957050323486
2017-11-11,30.78902244567871
2017-11-12,0.0
2017-11-13,0.0
2017-11-14,0.0
2017-11-15,0.8013693690299988
2017-11-16,5.890951633453369
2017-11-17,2.520932674407959
2017-11-18,1.5445082187652588
2017-11-19,39.36532211303711
2017-11-20,1.9823839664459229
2017-11-21,0.0
2017-11-22,18.641151428222656
2017-11-23,0.2719222903251648
2017-11-24,0.0
2017-11-25,4.129824161529541
2017-11-26,1.1601572036743164
2017-11-27,10.417067527770996
2017-11-28,16.094453811645508
2017-11-29,4.761674404144287
2017-11-30,0.0
2017-12-01,5.310446739196777
2017-12-02,23.668981552124023
2017-12-03,16.987871170043945
2017-12-04,0.03262317180633545
2017-12-05,7.9545159339904785
2017-12-06,7.216829299926758
2017-12-07,0.8795926570892334
2017-12-08,0.0
2017-12-09,1.3858766555786133
2017-12-10,31.092151641845703
2017-12-11,6.736783504486084
2017-12-12,0.0
2017-12-13,0.0
2017-12-14,0.0
2017-12-15,6.736783504486084
2017-12-16,21.723684310913086
2017-12-17,2.4821622371673584
2017-12-18,1.8796552419662476
2017-12-19,9.353007316589355
2017-12-20,37.14874267578125
2017-12-21,3.1913137435913086
2017-12-22,10.927318572998047
2017-12-23,7.698108673095703
2017-12-24,36.63889694213867
2017-12-25,73.6408462524414
2017-12-26,3.066957473754883
2017-12-27,2.4486489295959473
2017-12-28,0.6477828621864319
2017-12-29,20.355403900146484
2017-12-30,0.0
2017-12-31,1.2179665565490723
2018-01-01,11.262286186218262
2018-01-02,7.40372896194458
2018-01-03,13.49036693572998
2018-01-04,26.034839630126953
2018-01-05,1.2918812036514282
2018-01-06,9.902749061584473
2018-01-07,17.852754592895508
2018-01-08,1.2859400510787964
2018-01-09,0.0
2018-01-10,15.27054214477539
2018-01-11,14.246543884277344
2018-01-12,13.117344856262207
2018-01-13,5.551296710968018
2018-01-14,36.70769119262695
2018-01-15,14.964764595031738
2018-01-16,37.55741500854492
2018-01-17,4.2568359375
2018-01-18,2.6773862838745117
2018-01-19,2.9829280376434326
2018-01-20,0.716147243976593
2018-01-21,6.17101526260376
2018-01-22,2.1177165508270264
2018-01-23,0.6795892715454102
2018-01-24,1.1091485023498535
2018-01-25,1.3263885974884033
2018-01-26,19.284259796142578
2018-01-27,1.6351910829544067
2018-01-28,52.009742736816406
2018-01-29,4.849143028259277
2018-01-30,6.909427165985107
2018-01-31,0.0
2018-02-01,7.318681716918945
2018-02-02,36.26044845581055
2018-02-03,11.825882911682129
2018-02-04,66.64572143554688
2018-02-05,3.1275689601898193
2018-02-06,0.02004210092127323
2018-02-07,1.3668712377548218
2018-02-08,12.941018104553223
2018-02-09,10.62804889678955
2018-02-10,2.5417823791503906
2018-02-11,0.5487907528877258
2018-02-12,16.948726654052734
2018-02-13,1.0935947895050049
2018-02-14,14.565187454223633
2018-02-15,1.4744641780853271
2018-02-16,15.651926040649414
2018-02-17,5.132291316986084
2018-02-18,10.900919914245605
2018-02-19,7.136132717132568
2018-02-20,2.871005058288574
2018-02-21,0.7563257217407227
2018-02-22,42.61651611328125
2018-02-23,1.906087040901184
2018-02-24,7.266865253448486
2018-02-25,2.18839430809021
2018-02-26,17.381465911865234
2018-02-27,23.53925895690918
2018-02-28,2.525841474533081
2018-03-01,14.508878707885742
2018-03-02,9.394669532775879
2018-03-03,2.1636569499969482
2018-03-04,0.8119300007820129
2018-03-05,3.9746196269989014
2018-03-06,33.91798782348633
2018-03-07,9.544404029846191
2018-03-08,3.367237091064453
2018-03-09,4.900139808654785
2018-03-10,1.8831326961517334
2018-03-11,0.6739336252212524
2018-03-12,1.9186946153640747
2018-03-13,1.7670278549194336
2018-03-14,8.447592735290527
2018-03-15,5.91461706161499
2018-03-16,27.5924072265625
2018-03-17,9.866898536682129
2018-03-18,1.6473406553268433
2018-03-19,2.206148386001587
2018-03-20,18.09786605834961
2018-03-21,13.137911796569824
2018-03-22,1.3360509872436523
2018-03-23,1.0051862001419067
2018-03-24,0.06018766760826111
2018-03-25,3.2753286361694336
2018-03-26,0.8012427091598511
2018-03-27,0.05189743638038635
2018-03-28,0.1849939525127411
2018-03-29,0.20621342957019806
2018-03-30,0.12945802509784698
2018-03-31,2.6053218841552734
2018-04-01,1.8072723150253296
2018-04-02,0.4459984600543976
2018-04-03,2.1758508682250977
2018-04-04,9.556769371032715
2018-04-05,2.4317753314971924
2018-04-06,1.0875849723815918
2018-04-07,7.218343734741211
2018-04-08,13.019676208496094
2018-04-09,8.565255165100098
2018-04-10,0.0
2018-04-11,0.5374682545661926
2018-04-12,0.4346749186515808
2018-04-13,41.644596099853516
2018-04-14,0.3969293236732483
2018-04-15,0.06724037975072861
2018-04-16,0.0
2018-04-17,0.0
2018-04-18,0.0
2018-04-19,0.0
2018-04-20,0.0
2018-04-21,0.007221485022455454
2018-04-22,5.43760871887207
2018-04-23,0.17425476014614105
2018-04-24,8.199316024780273
2018-04-25,0.6534551978111267
2018-04-26,2.0363986492156982
2018-04-27,7.063838005065918
2018-04-28,0.0
2018-04-29,2.1783084869384766
2018-04-30,0.0
2018-05-01,2.2994494438171387
2018-05-02,1.0823615789413452
2018-05-03,0.45888566970825195
2018-05-04,4.333771228790283
2018-05-05,4.3454437255859375
2018-05-06,1.004393458366394
2018-05-07,0.4855607748031616
2018-05-08,0.7987907528877258
2018-05-09,0.49672919511795044
2018-05-10,0.3798462748527527
2018-05-11,16.58579444885254
2018-05-12,5.2306294441223145
2018-05-13,0.8684442639350891
2018-05-14,0.07672446966171265
2018-05-15,0.25771552324295044
2018-05-16,0.022131262347102165
2018-05-17,0.0
2018-05-18,0.29584965109825134
2018-05-19,0.884691059589386
2018-05-20,3.415384292602539
2018-05-21,0.0
2018-05-22,0.0
2018-05-23,0.0
2018-05-24,0.0
2018-05-25,0.0
2018-05-26,0.0
2018-05-27,0.0
2018-05-28,0.0
2018-05-29,0.13981127738952637
2018-05-30,0.4453867971897125
2018-05-31,5.161296367645264
2018-06-01,18.92703628540039
2018-06-02,23.262649536132812
2018-06-03,2.1056387424468994
2018-06-04,0.9061449766159058
2018-06-05,2.805842876434326
2018-06-06,0.06790030747652054
2018-06-07,0.001383605063892901
2018-06-08,0.024006985127925873
2018-06-09,0.015037249773740768
2018-06-10,0.0
2018-06-11,0.0
2018-06-12,0.0
2018-06-13,0.0
2018-06-14,0.0
2018-06-15,0.0
2018-06-16,0.0
2018-06-17,0.0
2018-06-18,0.0
2018-06-19,0.0
2018-06-20,0.0
2018-06-21,1.99089777469635
2018-06-22,0.2102082520723343
2018-06-23,0.0
2018-06-24,1.1112661361694336
2018-06-25,0.0
2018-06-26,0.0
2018-06-27,0.0
2018-06-28,0.0
2018-06-29,0.0
2018-06-30,0.0
2018-07-01,0.03521772846579552
2018-07-02,0.03521772846579552
2018-07-03,0.03521772846579552
2018-07-04,0.03521772846579552
2018-07-05,0.03521772846579552
2018-07-06,0.06014610081911087
2018-07-07,0.06014610081911087
2018-07-08,0.06014610081911087
2018-07-09,0.06014610081911087
2018-07-10,0.06014610081911087
2018-07-11,0.0
2018-07-12,0.0
2018-07-13,0.0
2018-07-14,0.0
2018-07-15,0.0
2018-07-16,0.6857346296310425
2018-07-17,0.0
2018-07-18,0.0
2018-07-19,0.0
2018-07-20,1.3627890348434448
2018-07-21,1.5680230855941772
2018-07-22,11.57630729675293
2018-07-23,0.0
2018-07-24,0.0
2018-07-25,0.0
2018-07-26,0.0
2018-07-27,0.0
2018-07-28,0.0
2018-07-29,0.0
2018-07-30,0.0
2018-07-31,0.0
2018-08-01,0.0
2018-08-02,0.0
2018-08-03,0.0
2018-08-04,0.0
2018-08-05,10.795649528503418
2018-08-06,10.0067138671875
2018-08-07,2.08856463432312
2018-08-08,0.25415393710136414
2018-08-09,0.003062095493078232
2018-08-10,0.0
2018-08-11,0.0
2018-08-12,0.0
2018-08-13,0.0
2018-08-14,1.793764591217041
2018-08-15,3.3665995597839355
2018-08-16,0.0
2018-08-17,0.0
2018-08-18,0.0
2018-08-19,1.7241771221160889
2018-08-20,31.3620548248291
2018-08-21,0.6944791674613953
2018-08-22,0.04929551109671593
2018-08-23,0.0
2018-08-24,0.0
2018-08-25,0.0
2018-08-26,0.22043783962726593
2018-08-27,0.3879232704639435
2018-08-28,0.07604514062404633
2018-08-29,0.07604514062404633
2018-08-30,0.07604514062404633
2018-08-31,0.07604514062404633
2018-09-01,0.0
2018-09-02,1.9277960062026978
2018-09-03,0.0
2018-09-04,0.0
2018-09-05,0.0
2018-09-06,0.15867027640342712
2018-09-07,0.15867027640342712
2018-09-08,0.15867027640342712
2018-09-09,0.15867027640342712
2018-09-10,0.15867027640342712
2018-09-11,0.9749457240104675
2018-09-12,0.9749457240104675
2018-09-13,0.9749457240104675
2018-09-14,5.849674701690674
2018-09-15,0.9749457240104675
2018-09-16,17.368806838989258
2018-09-17,3.0191397666931152
2018-09-18,48.80540466308594
2018-09-19,0.22889642417430878
2018-09-20,14.487223625183105
2018-09-21,0.1720016449689865
2018-09-22,35.1271858215332
2018-09-23,4.152759552001953
2018-09-24,0.018695831298828125
2018-09-25,0.0
2018-09-26,0.0
2018-09-27,0.09158989042043686
2018-09-28,1.4461636543273926
2018-09-29,40.76368713378906
2018-09-30,0.0
2018-10-01,0.47576016187667847
2018-10-02,0.0
2018-10-03,0.0
2018-10-04,12.453120231628418
2018-10-05,2.4854559898376465
2018-10-06,0.039304640144109726
2018-10-07,2.4306819438934326
2018-10-08,0.0
2018-10-09,0.0
2018-10-10,0.0
2018-10-11,8.840034484863281
2018-10-12,2.7273590564727783
2018-10-13,0.09692778438329697
2018-10-14,0.0
2018-10-15,0.012027553282678127
2018-10-16,0.0
2018-10-17,0.34848982095718384
2018-10-18,4.242279052734375
2018-10-19,0.4930483102798462
2018-10-20,25.318384170532227
2018-10-21,0.022981323301792145
2018-10-22,4.348843574523926
2018-10-23,17.18741226196289
2018-10-24,12.383959770202637
2018-10-25,20.91782569885254
2018-10-26,4.64255952835083
2018-10-27,0.15008226037025452
2018-10-28,0.7657840251922607
2018-10-29,7.131793975830078
2018-10-30,0.4915633201599121
2018-10-31,2.4692771434783936
2018-11-01,0.06968626379966736
2018-11-02,0.07276452332735062
2018-11-03,0.023481236770749092
2018-11-04,0.5636719465255737
2018-11-05,36.411598205566406
2018-11-06,6.901175022125244
2018-11-07,49.997318267822266
2018-11-08,1.527928352355957
2018-11-09,4.889412879943848
2018-11-10,0.0
2018-11-11,0.0733768567442894
2018-11-12,0.0654442235827446
2018-11-13,2.300551176071167
2018-11-14,0.0
2018-11-15,16.07671356201172
2018-11-16,10.777924537658691
2018-11-17,11.95567512512207
2018-11-18,11.7376070022583
2018-11-19,24.026233673095703
2018-11-20,4.751459121704102
2018-11-21,4.3252387046813965
2018-11-22,1.898638129234314
2018-11-23,1.1353555917739868
2018-11-24,51.0253791809082
2018-11-25,6.6935133934021
2018-11-26,1.2136502265930176
2018-11-27,17.45746612548828
2018-11-28,5.079162120819092
2018-11-29,1.721950888633728
2018-11-30,7.858699798583984
2018-12-01,16.648412704467773
2018-12-02,77.73450469970703
2018-12-03,0.3145711123943329
2018-12-04,0.0
2018-12-05,0.05019596591591835
2018-12-06,2.517859697341919
2018-12-07,7.772549152374268
2018-12-08,1.2787667512893677
2018-12-09,0.0
2018-12-10,0.0
2018-12-11,0.0
2018-12-12,0.0
2018-12-13,1.8966375589370728
2018-12-14,0.20088760554790497
2018-12-15,8.406767845153809
2018-12-16,15.639349937438965
2018-12-17,12.037418365478516
2018-12-18,2.996068000793457
2018-12-19,23.73207664489746
2018-12-20,8.156342506408691
2018-12-21,10.262548446655273
2018-12-22,2.0644400119781494
2018-12-23,19.740766525268555
2018-12-24,43.541419982910156
2018-12-25,3.264308214187622
2018-12-26,1.4613629579544067
2018-12-27,0.22703467309474945
2018-12-28,0.03396014869213104
2018-12-29,7.197275638580322
2018-12-30,0.9723718762397766
2018-12-31,0.26825299859046936
2019-01-01,0.32541635632514954
2019-01-02,0.40540724992752075
2019-01-03,0.2608847916126251
2019-01-04,20.965848922729492
2019-01-05,1.7527493238449097
2019-01-06,0.7023471593856812
2019-01-07,0.4021128714084625
2019-01-08,27.291406631469727
2019-01-09,0.10171934962272644
2019-01-10,0.15592198073863983
2019-01-11,15.434768676757812
2019-01-12,21.532819747924805
2019-01-13,14.069674491882324
2019-01-14,0.0
2019-01-15,18.604408264160156
2019-01-16,2.8212473392486572
2019-01-17,4.710251331329346
2019-01-18,0.0
2019-01-19,1.5706204175949097
2019-01-20,0.5331982374191284
2019-01-21,4.371884346008301
2019-01-22,7.425737380981445
2019-01-23,0.355119913816452
2019-01-24,0.0
2019-01-25,27.441417694091797
2019-01-26,0.033909790217876434
2019-01-27,0.0
2019-01-28,44.49095153808594
2019-01-29,3.5093884468078613
2019-01-30,22.907978057861328
2019-01-31,10.064879417419434
2019-02-01,34.038787841796875
2019-02-02,7.104222297668457
2019-02-03,1.3864409923553467
2019-02-04,0.20740191638469696
2019-02-05,0.0
2019-02-06,25.158674240112305
2019-02-07,0.09591981768608093
2019-02-08,0.0
2019-02-09,4.540548801422119
2019-02-10,9.160682678222656
2019-02-11,3.2161126136779785
2019-02-12,0.7259120941162109
2019-02-13,24.35607147216797
2019-02-14,0.0
2019-02-15,2.74357008934021
2019-02-16,93.91107940673828
2019-02-17,1.21134614944458
2019-02-18,0.0
2019-02-19,0.09425195306539536
2019-02-20,4.777737617492676
2019-02-21,0.0
2019-02-22,0.948793351650238
2019-02-23,0.07624364644289017
2019-02-24,3.35860276222229
2019-02-25,18.17922019958496
2019-02-26,7.8890886306762695
2019-02-27,14.629317283630371
2019-02-28,57.78517532348633
2019-03-01,2.299109935760498
2019-03-02,0.29948508739471436
2019-03-03,28.083772659301758
2019-03-04,13.807154655456543
2019-03-05,1.1646891832351685
2019-03-06,2.8971307277679443
2019-03-07,8.289401054382324
2019-03-08,5.432543754577637
2019-03-09,5.9871625900268555
2019-03-10,2.641587257385254
2019-03-11,0.46294018626213074
2019-03-12,9.47775936126709
2019-03-13,1.5880879163742065
2019-03-14,1.9682258367538452
2019-03-15,4.4969482421875
2019-03-16,3.4570226669311523
2019-03-17,14.501633644104004
2019-03-18,2.1543807983398438
2019-03-19,4.388631343841553
2019-03-20,7.2425312995910645
2019-03-21,12.364974975585938
2019-03-22,0.9242435097694397
2019-03-23,0.5773637294769287
2019-03-24,2.8291995525360107
2019-03-25,0.3347652554512024
2019-03-26,1.1212362051010132
2019-03-27,0.07120777666568756
2019-03-28,0.9194542765617371
2019-03-29,1.3417353630065918
2019-03-30,1.0797278881072998
2019-03-31,1.9750645160675049
2019-04-01,4.080023288726807
2019-04-02,9.642082214355469
2019-04-03,2.3101651668548584
2019-04-04,0.9444024562835693
2019-04-05,3.901461601257324
2019-04-06,6.818029880523682
2019-04-07,2.1196959018707275
2019-04-08,0.0
2019-04-09,0.0
2019-04-10,0.6082971096038818
2019-04-11,8.13868236541748
2019-04-12,0.2734592854976654
2019-04-13,0.5972968935966492
2019-04-14,0.600065290927887
2019-04-15,1.558731198310852
2019-04-16,9.684370040893555
2019-04-17,9.187390327453613
2019-04-18,0.688987135887146
2019-04-19,0.2848230004310608
2019-04-20,1.9591783285140991
2019-04-21,0.0
2019-04-22,3.0083529949188232
2019-04-23,14.467309951782227
2019-04-24,1.48762047290802
2019-04-25,2.033388614654541
2019-04-26,0.43579646944999695
2019-04-27,5.128211498260498
2019-04-28,0.8472877144813538
2019-04-29,7.914144992828369
2019-04-30,3.193436622619629
2019-05-01,16.51436996459961
2019-05-02,16.068862915039062
2019-05-03,0.0
2019-05-04,9.167308807373047
2019-05-05,1.4370839595794678
2019-05-06,3.381706476211548
2019-05-07,1.5763845443725586
2019-05-08,3.65842604637146
2019-05-09,0.7601709365844727
2019-05-10,0.0
2019-05-11,2.1902220249176025
2019-05-12,8.53231143951416
2019-05-13,10.104808807373047
2019-05-14,1.1083974838256836
2019-05-15,0.8581638336181641
2019-05-16,0.0
2019-05-17,0.0
2019-05-18,0.0
2019-05-19,0.0
2019-05-20,0.0
2019-05-21,0.04632900282740593
2019-05-22,7.082300186157227
2019-05-23,0.0
2019-05-24,2.755582094192505
2019-05-25,0.13504450023174286
2019-05-26,0.0
2019-05-27,0.0
2019-05-28,0.0
2019-05-29,0.0
2019-05-30,0.0
2019-05-31,0.0
2019-06-01,0.0
2019-06-02,0.0
2019-06-03,0.0
2019-06-04,0.0
2019-06-05,0.0
2019-06-06,0.0
2019-06-07,0.0
2019-06-08,0.8191877603530884
2019-06-09,12.6270751953125
2019-06-10,0.0
2019-06-11,0.0
2019-06-12,0.0
2019-06-13,0.0
2019-06-14,0.0
2019-06-15,0.0
2019-06-16,2.3014910221099854
2019-06-17,0.0
2019-06-18,0.033114977180957794
2019-06-19,0.0
2019-06-20,0.0
2019-06-21,0.0
2019-06-22,0.0
2019-06-23,0.0
2019-06-24,0.0
2019-06-25,0.0
2019-06-26,0.0
2019-06-27,0.0
2019-06-28,0.0
2019-06-29,0.0
2019-06-30,0.0
2019-07-01,0.09595043212175369
2019-07-02,0.09595043212175369
2019-07-03,0.09595043212175369
2019-07-04,0.09595043212175369
2019-07-05,0.09595043212175369
2019-07-06,0.0971059501171112
2019-07-07,0.5826357007026672
2019-07-08,0.0971059501171112
2019-07-09,0.0971059501171112
2019-07-10,0.0971059501171112
2019-07-11,0.0
2019-07-12,0.0
2019-07-13,0.0
2019-07-14,0.0
2019-07-15,0.0
2019-07-16,0.41027340292930603
2019-07-17,0.41027340292930603
2019-07-18,0.41027340292930603
2019-07-19,0.41027340292930603
2019-07-20,0.41027340292930603
2019-07-21,1.13001549243927
2019-07-22,0.0
2019-07-23,0.08056844770908356
2019-07-24,18.662256240844727
2019-07-25,2.2134227752685547
2019-07-26,0.0
2019-07-27,0.0
2019-07-28,0.0
2019-07-29,0.0
2019-07-30,0.0
2019-07-31,0.0
2019-08-01,0.0
2019-08-02,0.0
2019-08-03,0.0
2019-08-04,0.0
2019-08-05,0.0
2019-08-06,0.0
2019-08-07,0.0
2019-08-08,0.0
2019-08-09,0.0
2019-08-10,0.0
2019-08-11,0.0
2019-08-12,0.0
2019-08-13,0.0
2019-08-14,0.0
2019-08-15,0.0
2019-08-16,0.0
2019-08-17,0.0
2019-08-18,0.0
2019-08-19,0.0
2019-08-20,0.0
2019-08-21,0.09299323707818985
2019-08-22,0.09299323707818985
2019-08-23,0.09299323707818985
2019-08-24,0.09299323707818985
2019-08-25,0.09299323707818985
2019-08-26,13.930713653564453
2019-08-27,0.36622706055641174
2019-08-28,0.0
2019-08-29,0.0
2019-08-30,0.0
2019-08-31,0.0
2019-09-01,0.0
2019-09-02,0.0
2019-09-03,4.649754047393799
2019-09-04,1.3624861240386963
2019-09-05,0.0
2019-09-06,0.0
2019-09-07,0.9128760695457458
2019-09-08,0.9128760695457458
2019-09-09,0.0
2019-09-10,0.0
2019-09-11,3.9303154945373535
2019-09-12,12.183602333068848
2019-09-13,0.0568985715508461
2019-09-14,0.0
2019-09-15,0.0
2019-09-16,0.0
2019-09-17,0.0
2019-09-18,0.0
2019-09-19,0.0
2019-09-20,3.84690260887146
2019-09-21,3.572248935699463
2019-09-22,0.278017520904541
2019-09-23,0.0
2019-09-24,0.0
2019-09-25,0.04350583255290985
2019-09-26,0.33249223232269287
2019-09-27,0.10406245291233063
2019-09-28,0.10406245291233063
2019-09-29,0.10406245291233063
2019-09-30,0.3959449231624603
2019-10-01,4.430656909942627
2019-10-02,0.0
2019-10-03,8.071227073669434
2019-10-04,0.008860073052346706
2019-10-05,2.3019449710845947
2019-10-06,10.39600658416748
2019-10-07,0.4041905105113983
2019-10-08,0.0
2019-10-09,0.0
2019-10-10,3.4045279026031494
2019-10-11,0.003576260292902589
2019-10-12,0.0
2019-10-13,0.0
2019-10-14,0.20883221924304962
2019-10-15,2.085339069366455
2019-10-16,0.041670169681310654
2019-10-17,0.03571728989481926
2019-10-18,10.289501190185547
2019-10-19,1.748956561088562
2019-10-20,4.95701789855957
2019-10-21,0.0
2019-10-22,0.5754295587539673
2019-10-23,0.4662182033061981
2019-10-24,0.0
2019-10-25,15.586801528930664
2019-10-26,0.2280760109424591
2019-10-27,0.0
2019-10-28,0.19019220769405365
2019-10-29,0.0
2019-10-30,0.08813785016536713
2019-10-31,1.6738461256027222
2019-11-01,5.489928245544434
2019-11-02,0.0
2019-11-03,1.0618723630905151
2019-11-04,0.0
2019-11-05,0.0
2019-11-06,0.0
2019-11-07,6.5460944175720215
2019-11-08,3.722618579864502
2019-11-09,2.1745715141296387
2019-11-10,33.287269592285156
2019-11-11,2.8669850826263428
2019-11-12,0.03657576069235802
2019-11-13,0.0
2019-11-14,26.28118324279785
2019-11-15,38.19134521484375
2019-11-16,0.42897650599479675
2019-11-17,0.052037063986063004
2019-11-18,0.0
2019-11-19,5.689453125
2019-11-20,0.2980508506298065
2019-11-21,0.0
2019-11-22,0.15272264182567596
2019-11-23,20.454853057861328
2019-11-24,13.098870277404785
2019-11-25,0.0
2019-11-26,0.0
2019-11-27,4.006343841552734
2019-11-28,33.9106559753418
2019-11-29,0.021625667810440063
2019-11-30,0.0
2019-12-01,0.004957086872309446
2019-12-02,34.231483459472656
2019-12-03,10.02021598815918
2019-12-04,2.74288010597229
2019-12-05,4.336050510406494
2019-12-06,12.770281791687012
2019-12-07,3.8418850898742676
2019-12-08,4.221786975860596
2019-12-09,27.12697410583496
2019-12-10,2.2732346057891846
2019-12-11,1.3637030124664307
2019-12-12,0.0
2019-12-13,33.77396011352539
2019-12-14,5.201480865478516
2019-12-15,11.129859924316406
2019-12-16,1.7848670482635498
2019-12-17,4.692183017730713
2019-12-18,10.623109817504883
2019-12-19,0.873056948184967
2019-12-20,10.196646690368652
2019-12-21,4.345692157745361
2019-12-22,62.13713073730469
2019-12-23,1.8072408437728882
2019-12-24,0.0
2019-12-25,0.0
2019-12-26,0.0
2019-12-27,32.54711151123047
2019-12-28,5.325779438018799
2019-12-29,1.1451849937438965
2019-12-30,21.587848663330078
2019-12-31,6.999178409576416
2020-01-01,28.587507247924805
2020-01-02,6.367822647094727
2020-01-03,10.3681058883667
2020-01-04,0.16831329464912415
2020-01-05,3.991032600402832
2020-01-06,8.064330101013184
2020-01-07,2.833564043045044
2020-01-08,9.048860549926758
2020-01-09,2.701247215270996
2020-01-10,0.0
2020-01-11,0.17648017406463623
2020-01-12,0.2114725410938263
2020-01-13,1.2473376989364624
2020-01-14,0.6054683327674866
2020-01-15,1.6126374006271362
2020-01-16,0.0
2020-01-17,15.765586853027344
2020-01-18,0.0
2020-01-19,4.305602550506592
2020-01-20,9.406729698181152
2020-01-21,0.0
2020-01-22,30.379161834716797
2020-01-23,1.8533755540847778
2020-01-24,0.0
2020-01-25,0.0
2020-01-26,17.364959716796875
2020-01-27,15.763200759887695
2020-01-28,4.114907741546631
2020-01-29,1.680161714553833
2020-01-30,1.970786213874817
2020-01-31,11.081097602844238
2020-02-01,13.939288139343262
2020-02-02,9.26003646850586
2020-02-03,1.2858490943908691
2020-02-04,16.453536987304688
2020-02-05,0.998381495475769
2020-02-06,0.1248873695731163
2020-02-07,0.49173182249069214
2020-02-08,0.0
2020-02-09,21.23941421508789
2020-02-10,29.99005889892578
2020-02-11,22.53339385986328
2020-02-12,13.069459915161133
2020-02-13,1.9327181577682495
2020-02-14,4.027410507202148
2020-02-15,0.771315336227417
2020-02-16,0.0
2020-02-17,2.4945952892303467
2020-02-18,0.01681242696940899
2020-02-19,0.0
2020-02-20,0.9949976801872253
2020-02-21,18.100385665893555
2020-02-22,8.882208824157715
2020-02-23,0.9374963045120239
2020-02-24,0.0
2020-02-25,0.6953045129776001
2020-02-26,20.290687561035156
2020-02-27,16.947980880737305
2020-02-28,0.2234504222869873
2020-02-29,0.0
2020-03-01,0.0
2020-03-02,0.0
2020-03-03,0.43320658802986145
2020-03-04,0.43320658802986145
2020-03-05,0.0
2020-03-06,0.0
2020-03-07,0.0
2020-03-08,0.0
2020-03-09,12.85060977935791
2020-03-10,5.5529069900512695
2020-03-11,0.1431794911623001
2020-03-12,0.0
2020-03-13,15.97321605682373
2020-03-14,6.074956893920898
2020-03-15,0.4713059961795807
2020-03-16,7.400334358215332
2020-03-17,2.6759068965911865
2020-03-18,0.5287452340126038
2020-03-19,0.0
2020-03-20,13.458786010742188
2020-03-21,10.468002319335938
2020-03-22,12.074743270874023
2020-03-23,4.426883697509766
2020-03-24,6.255312919616699
2020-03-25,0.0
2020-03-26,0.036136019974946976
2020-03-27,15.55393123626709
2020-03-28,0.0
2020-03-29,0.0
2020-03-30,0.3903962969779968
2020-03-31,0.11292755603790283
2020-04-01,0.0
2020-04-02,10.51387882232666
2020-04-03,1.4655059576034546
2020-04-04,0.0215605478733778
2020-04-05,0.4826117157936096
2020-04-06,0.957542896270752
2020-04-07,30.89471435546875
2020-04-08,2.0488858222961426
2020-04-09,0.0
2020-04-10,0.0
2020-04-11,0.0
2020-04-12,0.0
2020-04-13,0.0
2020-04-14,5.198050498962402
2020-04-15,0.0
2020-04-16,0.0
2020-04-17,0.0
2020-04-18,0.0
2020-04-19,0.0
2020-04-20,0.0
2020-04-21,2.2178728580474854
2020-04-22,0.0
2020-04-23,27.745643615722656
2020-04-24,0.0
2020-04-25,0.0
2020-04-26,0.8869280219078064
2020-04-27,16.2672061920166
2020-04-28,2.743345022201538
2020-04-29,7.912262916564941
2020-04-30,1.673155426979065
2020-05-01,5.525660991668701
2020-05-02,0.0
2020-05-03,3.2117159366607666
2020-05-04,1.2604665756225586
2020-05-05,5.343201637268066
2020-05-06,7.342893600463867
2020-05-07,5.23499059677124
2020-05-08,0.45783284306526184
2020-05-09,0.001225276617333293
2020-05-10,0.0
2020-05-11,0.0
2020-05-12,0.0
2020-05-13,11.829130172729492
2020-05-14,21.226871490478516
2020-05-15,3.6721019744873047
2020-05-16,0.0
2020-05-17,0.0
2020-05-18,0.0
2020-05-19,0.0
2020-05-20,0.0
2020-05-21,0.0
2020-05-22,0.0
2020-05-23,16.506553649902344
2020-05-24,0.1275123506784439
2020-05-25,0.0
2020-05-26,0.0
2020-05-27,0.0
2020-05-28,0.0
2020-05-29,0.0
2020-05-30,0.0
2020-05-31,0.0
2020-06-01,0.08220648765563965
2020-06-02,2.654475450515747
2020-06-03,0.8928202390670776
2020-06-04,1.5704224109649658
2020-06-05,0.3243746757507324
2020-06-06,0.0330422967672348
2020-06-07,0.0055070496164262295
2020-06-08,0.0055070496164262295
2020-06-09,0.0055070496164262295
2020-06-10,0.0055070496164262295
2020-06-11,0.0
2020-06-12,0.0
2020-06-13,0.0
2020-06-14,0.0
2020-06-15,0.0
2020-06-16,0.0
2020-06-17,0.0
2020-06-18,0.0
2020-06-19,0.0
2020-06-20,0.0
2020-06-21,0.0
2020-06-22,0.0
2020-06-23,0.0
2020-06-24,0.0
2020-06-25,0.0
2020-06-26,0.0
2020-06-27,0.0
2020-06-28,0.0
2020-06-29,0.0
2020-06-30,0.0
2020-07-01,0.049256857484579086
2020-07-02,0.049256857484579086
2020-07-03,0.049256857484579086
2020-07-04,0.049256857484579086
2020-07-05,0.049256857484579086
2020-07-06,0.0
2020-07-07,0.0
2020-07-08,10.816227912902832
2020-07-09,14.29063606262207
2020-07-10,3.449183225631714
2020-07-11,0.0
2020-07-12,0.0
2020-07-13,0.0
2020-07-14,0.0
2020-07-15,0.0
2020-07-16,0.1762785166501999
2020-07-17,0.1762785166501999
2020-07-18,0.1762785166501999
2020-07-19,0.1762785166501999
2020-07-20,0.1762785166501999
2020-07-21,0.0
2020-07-22,0.0
2020-07-23,0.0
2020-07-24,0.0
2020-07-25,5.273581504821777
2020-07-26,0.0
2020-07-27,0.0
2020-07-28,0.0
2020-07-29,0.0
2020-07-30,0.0
2020-07-31,0.0
2020-08-01,0.0
2020-08-02,0.0
2020-08-03,0.0
2020-08-04,0.0
2020-08-05,0.0
2020-08-06,0.0
2020-08-07,0.0
2020-08-08,0.0
2020-08-09,0.0
2020-08-10,0.0
2020-08-11,0.0
2020-08-12,0.0
2020-08-13,0.0
2020-08-14,0.8648253679275513
2020-08-15,0.0
2020-08-16,0.0
2020-08-17,0.0
2020-08-18,0.0
2020-08-19,0.0
2020-08-20,0.0
2020-08-21,0.3231395184993744
2020-08-22,0.3231395184993744
2020-08-23,0.3231395184993744
2020-08-24,0.3231395184993744
2020-08-25,0.3231395184993744
2020-08-26,0.0
2020-08-27,0.0
2020-08-28,0.0
2020-08-29,0.0
2020-08-30,8.738520622253418
2020-08-31,2.592121124267578
2020-09-01,0.1586907058954239
2020-09-02,0.1586907058954239
2020-09-03,0.1586907058954239
2020-09-04,0.1586907058954239
2020-09-05,0.1586907058954239
2020-09-06,1.7692686319351196
2020-09-07,1.3896878957748413
2020-09-08,0.32053497433662415
2020-09-09,0.0
2020-09-10,0.0
2020-09-11,0.0
2020-09-12,0.7104320526123047
2020-09-13,0.013353985734283924
2020-09-14,12.076400756835938
2020-09-15,1.3603824377059937
2020-09-16,0.0
2020-09-17,2.3067221641540527
2020-09-18,5.483193397521973
2020-09-19,0.5770131349563599
2020-09-20,2.547124147415161
2020-09-21,0.0
2020-09-22,0.0
2020-09-23,0.0
2020-09-24,0.0
2020-09-25,0.0
2020-09-26,0.3253895938396454
2020-09-27,0.0
2020-09-28,18.702978134155273
2020-09-29,12.593767166137695
2020-09-30,0.0
2020-10-01,0.0
2020-10-02,0.0
2020-10-03,6.951272964477539
2020-10-04,0.0
2020-10-05,0.0
2020-10-06,1.9526535272598267
2020-10-07,0.37008219957351685
2020-10-08,0.0
2020-10-09,0.0
2020-10-10,0.0
2020-10-11,0.0
2020-10-12,0.11527969688177109
2020-10-13,1.7995420694351196
2020-10-14,0.2942754924297333
2020-10-15,0.11657516658306122
2020-10-16,39.70270919799805
2020-10-17,0.0
2020-10-18,0.0
2020-10-19,13.445180892944336
2020-10-20,4.863346099853516
2020-10-21,0.0
2020-10-22,0.0
2020-10-23,0.0
2020-10-24,0.0
2020-10-25,0.0
2020-10-26,1.9920358657836914
2020-10-27,15.788025856018066
2020-10-28,0.0
2020-10-29,4.310776233673096
2020-10-30,2.0887258052825928
2020-10-31,0.19226643443107605
2020-11-01,0.0
2020-11-02,0.0
2020-11-03,0.0
2020-11-04,0.0
2020-11-05,0.0
2020-11-06,0.0
2020-11-07,0.0
2020-11-08,3.2670116424560547
2020-11-09,18.420804977416992
2020-11-10,0.5165532827377319
2020-11-11,0.8640177845954895
2020-11-12,4.371589660644531
2020-11-13,15.293794631958008
2020-11-14,0.08599642664194107
2020-11-15,0.0
2020-11-16,4.147238731384277
2020-11-17,0.0
2020-11-18,0.0
2020-11-19,30.60746192932129
2020-11-20,0.0
2020-11-21,0.0
2020-11-22,0.0
2020-11-23,0.0
2020-11-24,0.06942221522331238
2020-11-25,5.5068583488464355
2020-11-26,0.0
2020-11-27,2.3614721298217773
2020-11-28,0.701560914516449
2020-11-29,0.0
2020-11-30,11.43470287322998
2020-12-01,1.3653258085250854
2020-12-02,0.12830588221549988
2020-12-03,3.448209285736084
2020-12-04,20.353473663330078
2020-12-05,6.770238399505615
2020-12-06,0.04117446392774582
2020-12-07,0.3802598714828491
2020-12-08,0.0
2020-12-09,3.827437162399292
2020-12-10,33.652549743652344
2020-12-11,0.0
2020-12-12,0.2815603017807007
2020-12-13,0.0
2020-12-14,7.135067462921143
2020-12-15,18.602624893188477
2020-12-16,11.590970039367676
2020-12-17,0.0
2020-12-18,0.1912965029478073
2020-12-19,0.3153221607208252
2020-12-20,0.0
2020-12-21,25.156583786010742
2020-12-22,0.6970632672309875
2020-12-23,13.837352752685547
2020-12-24,0.5751451849937439
2020-12-25,17.017169952392578
2020-12-26,34.999351501464844
2020-12-27,42.303409576416016
2020-12-28,2.938586473464966
2020-12-29,0.0
2020-12-30,15.720974922180176
2020-12-31,17.756032943725586
2021-01-01,3.6686244010925293
2021-01-02,2.7051546573638916
2021-01-03,0.0
2021-01-04,13.308990478515625
2021-01-05,14.594463348388672
2021-01-06,50.62646484375
2021-01-07,1.1930077075958252
2021-01-08,1.7380863428115845
2021-01-09,0.0
2021-01-10,0.0
2021-01-11,0.2049272060394287
2021-01-12,0.0
2021-01-13,19.907629013061523
2021-01-14,0.5053309798240662
2021-01-15,3.7185914516448975
2021-01-16,0.40551990270614624
2021-01-17,5.74937629699707
2021-01-18,24.627412796020508
2021-01-19,0.1157422661781311
2021-01-20,0.10460664331912994
2021-01-21,0.0
2021-01-22,0.8491124510765076
2021-01-23,12.051661491394043
2021-01-24,24.0479793548584
2021-01-25,0.795989990234375
2021-01-26,8.352987289428711
2021-01-27,9.008293151855469
2021-01-28,16.12557601928711
2021-01-29,18.00025749206543
2021-01-30,0.7651070356369019
2021-01-31,0.5526090860366821
2021-02-01,0.015870453789830208
2021-02-02,2.4327988624572754
2021-02-03,0.3553987443447113
2021-02-04,29.954875946044922
2021-02-05,0.06750106066465378
2021-02-06,0.09548007696866989
2021-02-07,0.0
2021-02-08,0.028985019773244858
2021-02-09,2.339855432510376
2021-02-10,56.89360427856445
2021-02-11,5.183332920074463
2021-02-12,0.0
2021-02-13,1.784855604171753
2021-02-14,14.395037651062012
2021-02-15,24.707536697387695
2021-02-16,11.630674362182617
2021-02-17,0.0
2021-02-18,4.4681901931762695
2021-02-19,0.02464982122182846
2021-02-20,4.680935382843018
2021-02-21,4.049500942230225
2021-02-22,44.32451248168945
2021-02-23,0.0
2021-02-24,0.0
2021-02-25,1.3148527145385742
2021-02-26,12.000761032104492
2021-02-27,2.200615167617798
2021-02-28,0.1858687549829483
2021-03-01,0.0
2021-03-02,0.7198750972747803
2021-03-03,0.40884414315223694
2021-03-04,3.4637398719787598
2021-03-05,28.924097061157227
2021-03-06,3.0269033908843994
2021-03-07,0.15497948229312897
2021-03-08,0.457173228263855
2021-03-09,10.679256439208984
2021-03-10,1.029407024383545
2021-03-11,1.6481750011444092
2021-03-12,2.8880975246429443
2021-03-13,4.462504863739014
2021-03-14,2.9034788608551025
2021-03-15,36.12237548828125
2021-03-16,0.24766483902931213
2021-03-17,0.25953978300094604
2021-03-18,49.03013610839844
2021-03-19,0.9850976467132568
2021-03-20,2.4281489849090576
2021-03-21,9.181624412536621
2021-03-22,7.399919033050537
2021-03-23,6.148766040802002
2021-03-24,2.0742082595825195
2021-03-25,2.7959465980529785
2021-03-26,0.5356689095497131
2021-03-27,1.1965715885162354
2021-03-28,19.389236450195312
2021-03-29,2.391716718673706
2021-03-30,0.0
2021-03-31,6.1708502769470215
2021-04-01,0.5745067000389099
2021-04-02,7.737482070922852
2021-04-03,5.164222717285156
2021-04-04,0.4379594326019287
2021-04-05,14.011905670166016
2021-04-06,1.3190908432006836
2021-04-07,10.671247482299805
2021-04-08,0.0
2021-04-09,0.27010536193847656
2021-04-10,1.1748954057693481
2021-04-11,0.038917165249586105
2021-04-12,5.635478496551514
2021-04-13,0.196226567029953
2021-04-14,0.0
2021-04-15,0.0
2021-04-16,0.004481863230466843
2021-04-17,2.143474578857422
2021-04-18,0.07170980423688889
2021-04-19,30.07561683654785
2021-04-20,0.1593800038099289
2021-04-21,0.0
2021-04-22,0.0
2021-04-23,0.790800929069519
2021-04-24,1.3095430135726929
2021-04-25,25.284751892089844
2021-04-26,1.3663119077682495
2021-04-27,0.026615649461746216
2021-04-28,0.46772903203964233
2021-04-29,0.08392547816038132
2021-04-30,0.0
2021-05-01,0.0
2021-05-02,0.0
2021-05-03,0.0
2021-05-04,0.0
2021-05-05,0.0
2021-05-06,2.3852555751800537
2021-05-07,0.550814151763916
2021-05-08,1.6151492595672607
2021-05-09,0.811603307723999
2021-05-10,1.7384532690048218
2021-05-11,0.0
2021-05-12,0.0
2021-05-13,0.0
2021-05-14,0.0
2021-05-15,0.0
2021-05-16,0.0
2021-05-17,0.0
2021-05-18,0.0
2021-05-19,0.0
2021-05-20,0.0
2021-05-21,0.2350008189678192
2021-05-22,0.7907396554946899
2021-05-23,0.15334036946296692
2021-05-24,10.217745780944824
2021-05-25,0.42385903000831604
2021-05-26,2.7752797603607178
2021-05-27,0.0
2021-05-28,0.0
2021-05-29,0.0
2021-05-30,10.827473640441895
2021-05-31,4.202683925628662
2021-06-01,0.0
2021-06-02,0.0
2021-06-03,0.0
2021-06-04,0.0
2021-06-05,0.0
2021-06-06,0.0
2021-06-07,0.12950848042964935
2021-06-08,0.889194905757904
2021-06-09,15.361128807067871
2021-06-10,18.944074630737305
2021-06-11,17.333322525024414
2021-06-12,0.18624037504196167
2021-06-13,0.0
2021-06-14,0.0
2021-06-15,0.0
2021-06-16,0.0
2021-06-17,0.0
2021-06-18,0.0
2021-06-19,0.0
2021-06-20,0.0
2021-06-21,0.0
2021-06-22,0.0
2021-06-23,0.0
2021-06-24,0.0
2021-06-25,0.0
2021-06-26,0.0
2021-06-27,2.0173234939575195
2021-06-28,0.19613148272037506
2021-06-29,0.615094006061554
2021-06-30,0.0
2021-07-01,0.04317086189985275
2021-07-02,0.04317086189985275
2021-07-03,0.04317086189985275
2021-07-04,0.04317086189985275
2021-07-05,0.04317086189985275
2021-07-06,0.07615366578102112
2021-07-07,0.07615366578102112
2021-07-08,0.07615366578102112
2021-07-09,0.07615366578102112
2021-07-10,0.07615366578102112
2021-07-11,0.0
2021-07-12,0.0
2021-07-13,0.0
2021-07-14,0.0
2021-07-15,0.0
2021-07-16,0.3301571309566498
2021-07-17,0.3301571309566498
2021-07-18,0.3301571309566498
2021-07-19,0.3301571309566498
2021-07-20,0.3301571309566498
2021-07-21,0.08351363241672516
2021-07-22,0.08351363241672516
2021-07-23,0.08351363241672516
2021-07-24,0.08351363241672516
2021-07-25,0.08351363241672516
2021-07-26,0.0
2021-07-27,2.3812761306762695
2021-07-28,1.4150490760803223
2021-07-29,0.0
2021-07-30,0.0
2021-07-31,0.0
2021-08-01,0.0
2021-08-02,0.0
2021-08-03,0.0
2021-08-04,0.0
2021-08-05,0.0
2021-08-06,0.0
2021-08-07,0.0
2021-08-08,0.0
2021-08-09,0.0
2021-08-10,0.0
2021-08-11,0.0
2021-08-12,0.0
2021-08-13,0.0
2021-08-14,0.0
2021-08-15,0.0
2021-08-16,0.0
2021-08-17,0.0
2021-08-18,0.0
2021-08-19,0.0
2021-08-20,0.0
2021-08-21,0.0
2021-08-22,0.0
2021-08-23,0.0
2021-08-24,3.1619606018066406
2021-08-25,0.0
2021-08-26,1.5567880868911743
2021-08-27,8.082759857177734
2021-08-28,0.0
2021-08-29,0.0
2021-08-30,0.0
2021-08-31,0.0
2021-09-01,0.0
2021-09-02,2.414445638656616
2021-09-03,0.23350538313388824
2021-09-04,0.2802064120769501
2021-09-05,8.15867805480957
2021-09-06,0.37552621960639954
2021-09-07,0.09002996981143951
2021-09-08,0.0
2021-09-09,17.63189697265625
2021-09-10,0.0
2021-09-11,0.0
2021-09-12,0.0
2021-09-13,0.0
2021-09-14,1.007531762123108
2021-09-15,1.0005346536636353
2021-09-16,5.694467067718506
2021-09-17,0.0
2021-09-18,0.0
2021-09-19,0.663213312625885
2021-09-20,1.2568925619125366
2021-09-21,4.314236640930176
2021-09-22,3.4723284244537354
2021-09-23,0.0
2021-09-24,0.0
2021-09-25,0.0
2021-09-26,0.0
2021-09-27,0.0
2021-09-28,0.0
2021-09-29,9.121410369873047
2021-09-30,2.837787389755249
2021-10-01,0.0
2021-10-02,0.0618194080889225
2021-10-03,0.0
2021-10-04,21.134183883666992
2021-10-05,15.551559448242188
2021-10-06,0.0322919599711895
2021-10-07,1.5281219482421875
2021-10-08,0.007263882085680962
2021-10-09,0.0
2021-10-10,0.0
2021-10-11,9.645809173583984
2021-10-12,2.323005199432373
2021-10-13,0.0
2021-10-14,0.0
2021-10-15,3.536935567855835
2021-10-16,15.599883079528809
2021-10-17,0.4638688266277313
2021-10-18,0.01594644784927368
2021-10-19,0.09000381827354431
2021-10-20,0.0
2021-10-21,0.0
2021-10-22,0.0
2021-10-23,0.0
2021-10-24,5.356231689453125
2021-10-25,7.1320319175720215
2021-10-26,0.4813013970851898
2021-10-27,0.10375352203845978
2021-10-28,9.151121139526367
2021-10-29,0.16988198459148407
2021-10-30,0.0
2021-10-31,0.0
2021-11-01,0.08810767531394958
2021-11-02,22.365116119384766
2021-11-03,0.2284504771232605
2021-11-04,0.037582043558359146
2021-11-05,13.878446578979492
2021-11-06,0.0
2021-11-07,11.026464462280273
2021-11-08,0.0
2021-11-09,0.0
2021-11-10,0.0
2021-11-11,1.033653736114502
2021-11-12,9.60944938659668
2021-11-13,30.452245712280273
2021-11-14,8.057127952575684
2021-11-15,9.665231704711914
2021-11-16,32.112510681152344
2021-11-17,45.110107421875
2021-11-18,2.7756309509277344
2021-11-19,1.0517703294754028
2021-11-20,1.1661325693130493
2021-11-21,0.0941348597407341
2021-11-22,0.6399132013320923
2021-11-23,0.010754667222499847
2021-11-24,14.388157844543457
2021-11-25,0.6256982684135437
2021-11-26,14.346566200256348
2021-11-27,3.8621294498443604
2021-11-28,4.333309173583984
2021-11-29,5.19761323928833
2021-11-30,25.232412338256836
2021-12-01,3.4424679279327393
2021-12-02,10.94223403930664
2021-12-03,1.524316668510437
2021-12-04,0.0
2021-12-05,12.41746997833252
2021-12-06,6.036879539489746
2021-12-07,0.10705608874559402
2021-12-08,0.3020145893096924
2021-12-09,0.12839242815971375
2021-12-10,9.500602722167969
2021-12-11,10.486279487609863
2021-12-12,21.14808464050293
2021-12-13,1.3449382781982422
2021-12-14,2.5349695682525635
2021-12-15,38.87242126464844
2021-12-16,1.311808705329895
2021-12-17,5.975650310516357
2021-12-18,7.726745128631592
2021-12-19,30.485246658325195
2021-12-20,3.309360980987549
2021-12-21,8.407419204711914
2021-12-22,40.15345764160156
2021-12-23,2.7587316036224365
2021-12-24,20.712499618530273
2021-12-25,0.04338095709681511
2021-12-26,49.7700309753418
2021-12-27,0.3806295096874237
2021-12-28,0.2899266481399536
2021-12-29,5.553982257843018
2021-12-30,0.43558114767074585
2021-12-31,0.0
2022-01-01,0.0
2022-01-02,0.0
2022-01-03,0.0
2022-01-04,0.0
2022-01-05,6.261324882507324
2022-01-06,11.660286903381348
2022-01-07,0.0
2022-01-08,0.0
2022-01-09,0.057446714490652084
2022-01-10,0.0
2022-01-11,1.8167991638183594
2022-01-12,0.02983625791966915
2022-01-13,0.0
2022-01-14,14.347098350524902
2022-01-15,0.0
2022-01-16,0.0
2022-01-17,0.0
2022-01-18,6.363823413848877
2022-01-19,7.722325801849365
2022-01-20,6.7051191329956055
2022-01-21,21.361356735229492
2022-01-22,6.781160831451416
2022-01-23,1.2617262601852417
2022-01-24,12.566194534301758
2022-01-25,0.44184979796409607
2022-01-26,0.0
2022-01-27,0.0
2022-01-28,44.387657165527344
2022-01-29,3.7951619625091553
2022-01-30,1.9080719947814941
2022-01-31,0.28965696692466736
2022-02-01,21.85005760192871
2022-02-02,2.2853457927703857
2022-02-03,0.0
2022-02-04,0.8789229393005371
2022-02-05,0.3571907579898834
2022-02-06,19.835468292236328
2022-02-07,0.9073423743247986
2022-02-08,2.864866256713867
2022-02-09,0.0
2022-02-10,0.0
2022-02-11,0.0
2022-02-12,2.5547053813934326
2022-02-13,19.02311134338379
2022-02-14,0.0
2022-02-15,5.015066146850586
2022-02-16,3.3852124214172363
2022-02-17,0.0
2022-02-18,19.82935905456543
2022-02-19,1.6781061887741089
2022-02-20,0.0
2022-02-21,0.0
2022-02-22,0.14083518087863922
2022-02-23,15.339101791381836
2022-02-24,3.4444262981414795
2022-02-25,0.0038851085118949413
2022-02-26,0.9461870789527893
2022-02-27,0.5846589207649231
2022-02-28,1.9771074056625366
2022-03-01,0.0
2022-03-02,0.0
2022-03-03,11.728816986083984
2022-03-04,5.48574161529541
2022-03-05,0.0
2022-03-06,0.0
2022-03-07,9.371192932128906
2022-03-08,75.50584411621094
2022-03-09,11.273799896240234
2022-03-10,5.152233123779297
2022-03-11,4.382534503936768
2022-03-12,22.591501235961914
2022-03-13,0.3319816291332245
2022-03-14,0.2866724729537964
2022-03-15,12.708871841430664
2022-03-16,0.5413779020309448
2022-03-17,0.0018672309815883636
2022-03-18,7.4038896560668945
2022-03-19,24.73412322998047
2022-03-20,0.8654117584228516
2022-03-21,0.0
2022-03-22,1.4738457202911377
2022-03-23,0.0
2022-03-24,0.08554839342832565
2022-03-25,1.7155895233154297
2022-03-26,8.494161605834961
2022-03-27,0.8839529752731323
2022-03-28,0.0
2022-03-29,3.2172908782958984
2022-03-30,2.5977895259857178
2022-03-31,7.521541118621826
2022-04-01,2.675361394882202
2022-04-02,0.0
2022-04-03,0.0
2022-04-04,0.0
2022-04-05,2.07888126373291
2022-04-06,0.0
2022-04-07,0.0
2022-04-08,0.0
2022-04-09,0.0
2022-04-10,0.0
2022-04-11,0.006966129876673222
2022-04-12,0.0
2022-04-13,0.14873087406158447
2022-04-14,34.45994186401367
2022-04-15,0.0
2022-04-16,0.0
2022-04-17,0.0
2022-04-18,0.0
2022-04-19,0.0
2022-04-20,0.0
2022-04-21,0.3239542543888092
2022-04-22,0.04667632654309273
2022-04-23,0.0
2022-04-24,1.4186285734176636
2022-04-25,0.0
2022-04-26,0.0
2022-04-27,0.0
2022-04-28,0.0
2022-04-29,1.4086596965789795
2022-04-30,0.0
2022-05-01,0.03985905274748802
2022-05-02,0.257542222738266
2022-05-03,15.439236640930176
2022-05-04,3.974160671234131
2022-05-05,0.0
2022-05-06,0.0
2022-05-07,0.0
2022-05-08,0.0
2022-05-09,1.4625462293624878
2022-05-10,9.638569831848145
2022-05-11,24.87645721435547
2022-05-12,0.08243793994188309
2022-05-13,0.0
2022-05-14,0.27124741673469543
2022-05-15,2.4158215522766113
2022-05-16,0.0
2022-05-17,0.0
2022-05-18,0.0
2022-05-19,0.0
2022-05-20,0.0
2022-05-21,0.0
2022-05-22,0.0
2022-05-23,0.0
2022-05-24,0.0
2022-05-25,8.86039924621582
2022-05-26,0.340963214635849
2022-05-27,0.0
2022-05-28,3.275966167449951
2022-05-29,0.22031469643115997
2022-05-30,1.2946690320968628
2022-05-31,0.391690731048584
2022-06-01,0.0
2022-06-02,0.0
2022-06-03,0.0
2022-06-04,0.0
2022-06-05,0.0
2022-06-06,0.0
2022-06-07,0.6097692847251892
2022-06-08,0.0
2022-06-09,13.994037628173828
2022-06-10,34.660823822021484
2022-06-11,29.36697769165039
2022-06-12,0.0
2022-06-13,0.0
2022-06-14,0.0
2022-06-15,0.0
2022-06-16,0.0
2022-06-17,0.0
2022-06-18,0.0
2022-06-19,0.0
2022-06-20,0.0
2022-06-21,0.0
2022-06-22,0.0
2022-06-23,0.0
2022-06-24,0.0
2022-06-25,0.0
2022-06-26,0.0
2022-06-27,0.0
2022-06-28,0.0
2022-06-29,0.0
2022-06-30,0.0
2022-07-01,0.01857459358870983
2022-07-02,0.01857459358870983
2022-07-03,0.01857459358870983
2022-07-04,0.11144755780696869
2022-07-05,0.01857459358870983
2022-07-06,0.1027698665857315
2022-07-07,0.1027698665857315
2022-07-08,0.1027698665857315
2022-07-09,0.1027698665857315
2022-07-10,0.1027698665857315
2022-07-11,0.16038750112056732
2022-07-12,0.16038750112056732
2022-07-13,0.16038750112056732
2022-07-14,0.16038750112056732
2022-07-15,0.16038750112056732
2022-07-16,0.0
2022-07-17,12.25643253326416
2022-07-18,0.15239545702934265
2022-07-19,0.0
2022-07-20,0.0
2022-07-21,0.08905322849750519
2022-07-22,0.08905322849750519
2022-07-23,0.08905322849750519
2022-07-24,0.08905322849750519
2022-07-25,0.08905322849750519
2022-07-26,0.0
2022-07-27,0.0
2022-07-28,0.0
2022-07-29,0.0
2022-07-30,0.0
2022-07-31,0.0
2022-08-01,0.0
2022-08-02,1.3321166038513184
2022-08-03,0.0
2022-08-04,0.60808926820755
2022-08-05,6.754336833953857
2022-08-06,17.357175827026367
2022-08-07,0.0
2022-08-08,0.0
2022-08-09,0.6534164547920227
2022-08-10,0.0
2022-08-11,0.0
2022-08-12,0.0
2022-08-13,0.0
2022-08-14,0.0
2022-08-15,0.0
2022-08-16,0.0
2022-08-17,0.0
2022-08-18,3.9567909240722656
2022-08-19,11.007214546203613
2022-08-20,0.0
2022-08-21,0.061557646840810776
2022-08-22,0.061557646840810776
2022-08-23,0.061557646840810776
2022-08-24,0.061557646840810776
2022-08-25,0.061557646840810776
2022-08-26,0.0
2022-08-27,0.0
2022-08-28,0.0
2022-08-29,0.5747380256652832
2022-08-30,0.12648674845695496
2022-08-31,0.0
2022-09-01,0.14380639791488647
2022-09-02,0.14380639791488647
2022-09-03,0.14380639791488647
2022-09-04,0.14380639791488647
2022-09-05,0.14380639791488647
2022-09-06,0.0
2022-09-07,0.0
2022-09-08,0.0
2022-09-09,0.0
2022-09-10,4.450559616088867
2022-09-11,0.0
2022-09-12,0.0
2022-09-13,7.058836936950684
2022-09-14,0.9975858330726624
2022-09-15,5.488603591918945
2022-09-16,0.2735500633716583
2022-09-17,0.0
2022-09-18,0.0
2022-09-19,0.0
2022-09-20,0.0
2022-09-21,0.0
2022-09-22,13.551390647888184
2022-09-23,0.20100949704647064
2022-09-24,0.0
2022-09-25,0.08375395089387894
2022-09-26,0.0
2022-09-27,0.0
2022-09-28,0.006509731058031321
2022-09-29,14.904131889343262
2022-09-30,0.0330980010330677
2022-10-01,0.0
2022-10-02,0.0
2022-10-03,0.0
2022-10-04,5.37495231628418
2022-10-05,0.5318112969398499
2022-10-06,2.6268057823181152
2022-10-07,21.55816650390625
2022-10-08,0.0
2022-10-09,0.0
2022-10-10,1.4788261651992798
2022-10-11,0.0
2022-10-12,0.0
2022-10-13,1.6524999141693115
2022-10-14,7.100183010101318
2022-10-15,0.14472422003746033
2022-10-16,0.0
2022-10-17,14.784287452697754
2022-10-18,14.060351371765137
2022-10-19,0.06970001757144928
2022-10-20,0.3552822172641754
2022-10-21,8.729588508605957
2022-10-22,63.355262756347656
2022-10-23,0.3418023884296417
2022-10-24,0.5092495679855347
2022-10-25,0.36493203043937683
2022-10-26,0.0
2022-10-27,14.066574096679688
2022-10-28,8.962546348571777
2022-10-29,0.0
2022-10-30,0.0
2022-10-31,5.6190185546875
2022-11-01,10.330309867858887
2022-11-02,0.6932954788208008
2022-11-03,0.05409030616283417
2022-11-04,0.0
2022-11-05,0.0
2022-11-06,0.0
2022-11-07,0.0
2022-11-08,0.0
2022-11-09,0.0
2022-11-10,2.172581434249878
2022-11-11,0.05560119450092316
2022-11-12,0.0
2022-11-13,0.22304905951023102
2022-11-14,21.069496154785156
2022-11-15,1.2404848337173462
2022-11-16,0.0
2022-11-17,0.0
2022-11-18,0.0
2022-11-19,0.0
2022-11-20,0.0
2022-11-21,24.42050552368164
2022-11-22,0.04887175187468529
2022-11-23,0.28415095806121826
2022-11-24,0.026639606803655624
2022-11-25,0.158061683177948
2022-11-26,0.0
2022-11-27,0.0
2022-11-28,0.0
2022-11-29,0.0
2022-11-30,0.0
2022-12-01,33.905662536621094
2022-12-02,34.5463752746582
2022-12-03,0.0
2022-12-04,0.0409855954349041
2022-12-05,4.887582302093506
2022-12-06,6.166599273681641
2022-12-07,7.7493486404418945
2022-12-08,2.5880062580108643
2022-12-09,8.09470272064209
2022-12-10,0.0
2022-12-11,8.693320274353027
2022-12-12,4.49704122543335
2022-12-13,0.2129608690738678
2022-12-14,40.04097366333008
2022-12-15,32.953208923339844
2022-12-16,0.1462254673242569
2022-12-17,0.0
2022-12-18,2.333041191101074
2022-12-19,32.08408737182617
2022-12-20,2.26822566986084
2022-12-21,0.0
2022-12-22,0.0
2022-12-23,0.0
2022-12-24,0.0016191031318157911
2022-12-25,23.87691879272461
2022-12-26,0.0
2022-12-27,0.0
2022-12-28,0.0
2022-12-29,24.29193878173828
2022-12-30,0.9412215352058411
2022-12-31,0.06825684010982513
2023-01-01,0.0
2023-01-02,0.0
2023-01-03,1.2263545989990234
2023-01-04,6.27525520324707
2023-01-05,13.325614929199219
2023-01-06,0.0
2023-01-07,0.0
2023-01-08,0.0
2023-01-09,13.078620910644531
2023-01-10,0.5080272555351257
2023-01-11,0.0
2023-01-12,0.0
2023-01-13,0.0
2023-01-14,15.181124687194824
2023-01-15,3.712475061416626
2023-01-16,41.62980270385742
2023-01-17,4.658915042877197
2023-01-18,2.458115816116333
2023-01-19,0.8654757738113403
2023-01-20,0.0
2023-01-21,0.0
2023-01-22,0.0
2023-01-23,0.0
2023-01-24,3.586210012435913
2023-01-25,4.6748809814453125
2023-01-26,0.09724720567464828
2023-01-27,0.3159513473510742
2023-01-28,5.142176628112793
2023-01-29,33.00669860839844
2023-01-30,17.520429611206055
2023-01-31,0.8421115279197693
2023-02-01,3.619542360305786
2023-02-02,1.5014266967773438
2023-02-03,5.020155429840088
2023-02-04,16.60416603088379
2023-02-05,17.45331382751465
2023-02-06,7.755829811096191
2023-02-07,4.993176460266113
2023-02-08,25.64614486694336
2023-02-09,4.561129570007324
2023-02-10,3.1492135524749756
2023-02-11,8.968132019042969
2023-02-12,2.126317262649536
2023-02-13,0.0
2023-02-14,0.14958471059799194
2023-02-15,2.6433959007263184
2023-02-16,0.9660365581512451
2023-02-17,0.0
2023-02-18,72.1448974609375
2023-02-19,0.8734167218208313
2023-02-20,0.0819743201136589
2023-02-21,0.0
2023-02-22,12.161890983581543
2023-02-23,7.402119159698486
2023-02-24,0.48838046193122864
2023-02-25,0.04097522795200348
2023-02-26,1.5824329853057861
2023-02-27,7.460377216339111
2023-02-28,0.9443500638008118
2023-03-01,0.0
2023-03-02,0.0
2023-03-03,20.713430404663086
2023-03-04,11.030231475830078
2023-03-05,0.3649497628211975
2023-03-06,0.1647285670042038
2023-03-07,0.0
2023-03-08,0.23495358228683472
2023-03-09,21.324981689453125
2023-03-10,5.6373677253723145
2023-03-11,29.092609405517578
2023-03-12,3.578476905822754
2023-03-13,0.0
2023-03-14,0.0
2023-03-15,0.14145128428936005
2023-03-16,23.69701385498047
2023-03-17,1.5227622985839844
2023-03-18,5.357698917388916
2023-03-19,15.906901359558105
2023-03-20,0.36278486251831055
2023-03-21,39.79302215576172
2023-03-22,35.10149383544922
2023-03-23,6.813581466674805
2023-03-24,1.5884169340133667
2023-03-25,0.06486987322568893
2023-03-26,6.629427909851074
2023-03-27,2.3234171867370605
2023-03-28,0.475821852684021
2023-03-29,0.0
2023-03-30,10.514543533325195
2023-03-31,10.573949813842773
2023-04-01,0.17451708018779755
2023-04-02,0.0
2023-04-03,0.0
2023-04-04,0.13641072809696198
2023-04-05,28.365188598632812
2023-04-06,38.836944580078125
2023-04-07,0.31542742252349854
2023-04-08,0.013333090580999851
2023-04-09,0.5416005253791809
2023-04-10,0.0
2023-04-11,1.616378903388977
2023-04-12,0.0
2023-04-13,0.04515645280480385
2023-04-14,21.762163162231445
2023-04-15,0.4359379708766937
2023-04-16,0.2179766744375229
2023-04-17,0.21005025506019592
2023-04-18,0.0
2023-04-19,1.2365971803665161
2023-04-20,12.143204689025879
2023-04-21,0.2780745327472687
2023-04-22,0.2780745327472687
2023-04-23,0.2780745327472687
2023-04-24,0.2780745327472687
2023-04-25,0.2780745327472687
2023-04-26,0.4296010732650757
2023-04-27,0.07160017639398575
2023-04-28,0.07160017639398575
2023-04-29,0.07160017639398575
2023-04-30,0.07160017639398575
2023-05-01,0.8564185500144958
2023-05-02,0.8564185500144958
2023-05-03,0.8564185500144958
2023-05-04,0.8564185500144958
2023-05-05,5.1385111808776855
2023-05-06,0.6526375412940979
2023-05-07,5.166426181793213
2023-05-08,11.247551918029785
2023-05-09,7.83588171005249
2023-05-10,0.8239587545394897
2023-05-11,0.0
2023-05-12,0.0
2023-05-13,0.0
2023-05-14,0.0
2023-05-15,0.0
2023-05-16,0.0
2023-05-17,0.0
2023-05-18,0.0
2023-05-19,1.7247071266174316
2023-05-20,8.068360328674316
2023-05-21,0.8690457940101624
2023-05-22,0.0
2023-05-23,0.0
2023-05-24,0.0
2023-05-25,0.7046316862106323
2023-05-26,0.0
2023-05-27,0.0
2023-05-28,11.63941478729248
2023-05-29,11.867189407348633
2023-05-30,0.0
2023-05-31,0.0
2023-06-01,0.0
2023-06-02,0.0
2023-06-03,0.0
2023-06-04,0.0
2023-06-05,0.0
2023-06-06,0.010578414425253868
2023-06-07,0.01754179410636425
2023-06-08,0.010578414425253868
2023-06-09,0.010578414425253868
2023-06-10,0.05650710314512253
2023-06-11,0.0
2023-06-12,1.8693174123764038
2023-06-13,0.7434198260307312
2023-06-14,1.3343442678451538
2023-06-15,0.0
2023-06-16,0.0
2023-06-17,0.0
2023-06-18,0.0
2023-06-19,0.0
2023-06-20,0.0
2023-06-21,0.0
2023-06-22,0.0
2023-06-23,0.0
2023-06-24,0.0
2023-06-25,0.0
2023-06-26,0.0
2023-06-27,0.0
2023-06-28,0.0
2023-06-29,0.0
2023-06-30,0.0
2023-07-01,0.05415087938308716
2023-07-02,0.05415087938308716
2023-07-03,0.05415087938308716
2023-07-04,0.05415087938308716
2023-07-05,0.05415087938308716
2023-07-06,0.09217464178800583
2023-07-07,0.09217464178800583
2023-07-08,0.09217464178800583
2023-07-09,0.09217464178800583
2023-07-10,0.09217464178800583
2023-07-11,0.0
2023-07-12,0.0
2023-07-13,0.0
2023-07-14,0.0
2023-07-15,0.0
2023-07-16,0.21024362742900848
2023-07-17,0.21024362742900848
2023-07-18,0.21024362742900848
2023-07-19,0.21024362742900848
2023-07-20,0.21024362742900848
2023-07-21,0.10255227237939835
2023-07-22,0.10255227237939835
2023-07-23,0.10255227237939835
2023-07-24,0.10255227237939835
2023-07-25,0.10255227237939835
2023-07-26,0.0
2023-07-27,0.0
2023-07-28,0.0
2023-07-29,0.0
2023-07-30,0.0
2023-07-31,0.0
2023-08-01,0.0
2023-08-02,0.0
2023-08-03,0.0
2023-08-04,0.0
2023-08-05,0.0
2023-08-06,0.0
2023-08-07,0.0
2023-08-08,0.0
2023-08-09,0.0
2023-08-10,0.0
2023-08-11,5.199403285980225
2023-08-12,6.1991868019104
2023-08-13,3.3336167335510254
2023-08-14,1.9191218614578247
2023-08-15,0.0
2023-08-16,0.0
2023-08-17,0.0
2023-08-18,0.0
2023-08-19,0.0
2023-08-20,0.0
2023-08-21,0.04582591354846954
2023-08-22,0.04582591354846954
2023-08-23,0.04582591354846954
2023-08-24,0.04582591354846954
2023-08-25,0.04582591354846954
2023-08-26,0.2510643005371094
2023-08-27,0.2510643005371094
2023-08-28,0.2510643005371094
2023-08-29,0.2510643005371094
2023-08-30,0.2510643005371094
2023-08-31,0.2510643005371094
2023-09-01,0.0
2023-09-02,0.48973679542541504
2023-09-03,6.011312484741211
2023-09-04,3.06984281539917
2023-09-05,3.1891841888427734
2023-09-06,0.5223096609115601
2023-09-07,0.0
2023-09-08,5.4262166023254395
2023-09-09,0.0
2023-09-10,1.1897053718566895
2023-09-11,0.028628798201680183
2023-09-12,0.06296167522668839
2023-09-13,12.97622299194336
2023-09-14,0.06179439276456833
2023-09-15,0.0
2023-09-16,0.0
2023-09-17,0.0
2023-09-18,0.03272157907485962
2023-09-19,9.683629035949707
2023-09-20,5.865152359008789
2023-09-21,0.0
2023-09-22,0.0
2023-09-23,0.0
2023-09-24,0.0
2023-09-25,0.0
2023-09-26,0.0
2023-09-27,0.0
2023-09-28,1.6510183811187744
2023-09-29,0.0
2023-09-30,0.042333804070949554
2023-10-01,0.0
2023-10-02,0.0
2023-10-03,0.0
2023-10-04,0.0
2023-10-05,0.0
2023-10-06,0.0
2023-10-07,0.0
2023-10-08,0.0
2023-10-09,0.0
2023-10-10,0.0
2023-10-11,0.0
2023-10-12,0.0
2023-10-13,0.0
2023-10-14,0.0
2023-10-15,0.0
2023-10-16,0.0
2023-10-17,0.0
2023-10-18,1.0721750259399414
2023-10-19,0.10861599445343018
2023-10-20,6.995959281921387
2023-10-21,0.0
2023-10-22,0.0
2023-10-23,0.0
2023-10-24,0.0
2023-10-25,0.0
2023-10-26,13.739588737487793
2023-10-27,2.5311636924743652
2023-10-28,0.7553303241729736
2023-10-29,6.041060924530029
2023-10-30,0.07923699915409088
2023-10-31,10.95722770690918
2023-11-01,2.506808042526245
2023-11-02,0.0
2023-11-03,26.420516967773438
2023-11-04,4.662203788757324
2023-11-05,0.0
2023-11-06,0.0
2023-11-07,0.15788714587688446
2023-11-08,5.295897960662842
2023-11-09,2.340853214263916
2023-11-10,0.0
2023-11-11,0.0
2023-11-12,0.0
2023-11-13,0.0
2023-11-14,0.7505000233650208
2023-11-15,0.038145359605550766
2023-11-16,0.005698074121028185
2023-11-17,0.0
2023-11-18,0.10734441131353378
2023-11-19,10.812346458435059
2023-11-20,19.208873748779297
2023-11-21,0.1510189324617386
2023-11-22,0.060305844992399216
2023-11-23,1.6462841033935547
2023-11-24,42.01371765136719
2023-11-25,0.17928697168827057
2023-11-26,30.05367088317871
2023-11-27,0.5823583006858826
2023-11-28,15.698309898376465
2023-11-29,11.276795387268066
2023-11-30,5.810211658477783
2023-12-01,0.0
2023-12-02,0.0
2023-12-03,0.0
2023-12-04,13.504541397094727
2023-12-05,1.1434777975082397
2023-12-06,0.0
2023-12-07,0.0
2023-12-08,11.863903999328613
2023-12-09,0.0
2023-12-10,0.0
2023-12-11,13.476458549499512
2023-12-12,0.5110611319541931
2023-12-13,0.0
2023-12-14,6.144535064697266
2023-12-15,19.21796226501465
2023-12-16,24.420522689819336
2023-12-17,0.0
2023-12-18,0.0
2023-12-19,0.0
2023-12-20,2.2899467945098877
2023-12-21,28.16411590576172
2023-12-22,0.4651283919811249
2023-12-23,0.0
2023-12-24,6.619134902954102
2023-12-25,9.797511100769043
2023-12-26,1.0254476070404053
2023-12-27,8.876083374023438
2023-12-28,0.0
2023-12-29,0.0
2023-12-30,8.919694900512695
2023-12-31,6.356988430023193
