date,tp
1998-01-01,0.0
1998-01-02,0.0
1998-01-03,0.0
1998-01-04,0.0
1998-01-05,0.0
1998-01-06,10.686386108398438
1998-01-07,3.857028007507324
1998-01-08,0.0
1998-01-09,0.7597413659095764
1998-01-10,2.367704391479492
1998-01-11,8.932779312133789
1998-01-12,1.1440986394882202
1998-01-13,0.2800270617008209
1998-01-14,0.0
1998-01-15,0.03681345283985138
1998-01-16,4.769552707672119
1998-01-17,1.4742835760116577
1998-01-18,4.7842698097229
1998-01-19,7.685661315917969
1998-01-20,1.6045935153961182
1998-01-21,0.09036950021982193
1998-01-22,0.591458797454834
1998-01-23,11.96411418914795
1998-01-24,0.008341412991285324
1998-01-25,0.0
1998-01-26,1.0061126947402954
1998-01-27,1.2106518745422363
1998-01-28,8.7606201171875
1998-01-29,5.928934574127197
1998-01-30,0.26067936420440674
1998-01-31,0.8909306526184082
1998-02-01,2.3993923664093018
1998-02-02,2.6322097778320312
1998-02-03,0.23988918960094452
1998-02-04,0.027159832417964935
1998-02-05,3.410804271697998
1998-02-06,0.41273242235183716
1998-02-07,0.341179758310318
1998-02-08,13.384916305541992
1998-02-09,0.0
1998-02-10,6.793722152709961
1998-02-11,0.6157891154289246
1998-02-12,2.8255741596221924
1998-02-13,1.363079309463501
1998-02-14,0.0
1998-02-15,7.581786632537842
1998-02-16,0.28206363320350647
1998-02-17,1.4909391403198242
1998-02-18,8.379119873046875
1998-02-19,4.2152791023254395
1998-02-20,0.2621241509914398
1998-02-21,15.366645812988281
1998-02-22,9.208545684814453
1998-02-23,0.7787458896636963
1998-02-24,0.5130338072776794
1998-02-25,11.965429306030273
1998-02-26,0.6826179623603821
1998-02-27,0.005649736616760492
1998-02-28,0.6386273503303528
1998-03-01,1.8447660207748413
1998-03-02,9.054839134216309
1998-03-03,1.3868545293807983
1998-03-04,1.55927312374115
1998-03-05,0.0
1998-03-06,0.19376257061958313
1998-03-07,0.08494370430707932
1998-03-08,2.513758420944214
1998-03-09,0.007542667910456657
1998-03-10,0.2426721751689911
1998-03-11,2.49912428855896
1998-03-12,0.8369814157485962
1998-03-13,6.170495986938477
1998-03-14,0.9159858822822571
1998-03-15,0.903246283531189
1998-03-16,1.1041353940963745
1998-03-17,11.301804542541504
1998-03-18,0.5148304104804993
1998-03-19,0.00045006716391071677
1998-03-20,0.04071399196982384
1998-03-21,0.0
1998-03-22,0.0
1998-03-23,0.0
1998-03-24,0.0
1998-03-25,0.0
1998-03-26,0.0
1998-03-27,0.0
1998-03-28,0.0
1998-03-29,0.0
1998-03-30,0.0
1998-03-31,0.0
1998-04-01,0.34973812103271484
1998-04-02,8.919715881347656
1998-04-03,2.9295387268066406
1998-04-04,0.0
1998-04-05,0.0
1998-04-06,0.0
1998-04-07,0.0
1998-04-08,0.0
1998-04-09,0.0
1998-04-10,0.0
1998-04-11,0.0
1998-04-12,0.0
1998-04-13,0.0
1998-04-14,0.0
1998-04-15,0.0
1998-04-16,0.0
1998-04-17,0.0
1998-04-18,0.0
1998-04-19,0.0
1998-04-20,0.0
1998-04-21,0.0
1998-04-22,0.43788015842437744
1998-04-23,0.8084238767623901
1998-04-24,0.0
1998-04-25,2.165727138519287
1998-04-26,2.6768810749053955
1998-04-27,0.0
1998-04-28,0.707439124584198
1998-04-29,0.0
1998-04-30,0.0
1998-05-01,0.0
1998-05-02,0.0
1998-05-03,0.0
1998-05-04,0.0
1998-05-05,0.0
1998-05-06,0.0
1998-05-07,0.0
1998-05-08,0.0
1998-05-09,0.0
1998-05-10,0.0
1998-05-11,0.0012200695928186178
1998-05-12,2.0528297424316406
1998-05-13,3.4499013423919678
1998-05-14,5.360941410064697
1998-05-15,0.1157345324754715
1998-05-16,0.0
1998-05-17,0.0
1998-05-18,0.0
1998-05-19,0.0
1998-05-20,0.0
1998-05-21,0.0
1998-05-22,0.0
1998-05-23,0.0
1998-05-24,0.0
1998-05-25,0.0
1998-05-26,0.0
1998-05-27,0.0
1998-05-28,0.0
1998-05-29,0.0
1998-05-30,0.0
1998-05-31,0.0
1998-06-01,0.0
1998-06-02,0.0
1998-06-03,0.0
1998-06-04,0.0
1998-06-05,0.0
1998-06-06,0.0
1998-06-07,0.0
1998-06-08,0.0
1998-06-09,0.0
1998-06-10,0.0
1998-06-11,0.0
1998-06-12,0.0
1998-06-13,0.0
1998-06-14,0.0
1998-06-15,0.0
1998-06-16,0.0
1998-06-17,0.0
1998-06-18,0.0
1998-06-19,0.0
1998-06-20,0.0
1998-06-21,0.0
1998-06-22,0.0
1998-06-23,0.0
1998-06-24,0.0
1998-06-25,0.0
1998-06-26,0.0
1998-06-27,0.0
1998-06-28,0.0
1998-06-29,0.0
1998-06-30,0.0
1998-07-01,0.0
1998-07-02,0.0
1998-07-03,0.0
1998-07-04,0.0
1998-07-05,0.0
1998-07-06,0.0
1998-07-07,0.0
1998-07-08,0.0
1998-07-09,0.0
1998-07-10,0.0
1998-07-11,0.0
1998-07-12,0.0
1998-07-13,0.0
1998-07-14,0.0
1998-07-15,0.0
1998-07-16,0.0
1998-07-17,0.0
1998-07-18,0.0
1998-07-19,0.0
1998-07-20,0.0
1998-07-21,0.0
1998-07-22,0.0
1998-07-23,0.0
1998-07-24,0.0
1998-07-25,0.0
1998-07-26,0.0
1998-07-27,0.0
1998-07-28,0.0
1998-07-29,0.0
1998-07-30,0.0
1998-07-31,0.0
1998-08-01,0.0
1998-08-02,0.0
1998-08-03,0.0
1998-08-04,0.0
1998-08-05,0.0
1998-08-06,0.0
1998-08-07,0.0
1998-08-08,0.0
1998-08-09,0.0
1998-08-10,0.0
1998-08-11,0.0
1998-08-12,0.0
1998-08-13,0.0
1998-08-14,0.0
1998-08-15,0.0
1998-08-16,0.0
1998-08-17,0.0
1998-08-18,0.0
1998-08-19,0.0
1998-08-20,0.0
1998-08-21,0.0
1998-08-22,0.0
1998-08-23,0.0
1998-08-24,0.0
1998-08-25,0.0
1998-08-26,0.0
1998-08-27,0.0
1998-08-28,0.0
1998-08-29,0.0
1998-08-30,0.0
1998-08-31,0.0
1998-09-01,0.0
1998-09-02,0.0
1998-09-03,0.0
1998-09-04,0.0
1998-09-05,0.0
1998-09-06,0.0
1998-09-07,0.0
1998-09-08,0.0
1998-09-09,0.0
1998-09-10,0.0
1998-09-11,0.0
1998-09-12,0.0
1998-09-13,0.0
1998-09-14,0.0
1998-09-15,0.0
1998-09-16,0.0
1998-09-17,0.019843660295009613
1998-09-18,0.09723179787397385
1998-09-19,7.4763875007629395
1998-09-20,0.0
1998-09-21,0.0
1998-09-22,0.0
1998-09-23,0.0
1998-09-24,0.0
1998-09-25,0.0
1998-09-26,0.0
1998-09-27,0.0
1998-09-28,0.0
1998-09-29,0.0
1998-09-30,0.0
1998-10-01,0.0
1998-10-02,0.0
1998-10-03,0.0
1998-10-04,0.0
1998-10-05,0.0
1998-10-06,0.0
1998-10-07,0.0
1998-10-08,0.0
1998-10-09,0.0
1998-10-10,0.0
1998-10-11,0.0
1998-10-12,0.03928317874670029
1998-10-13,0.5230632424354553
1998-10-14,4.0763678550720215
1998-10-15,0.0
1998-10-16,0.0
1998-10-17,0.0
1998-10-18,0.0
1998-10-19,0.0
1998-10-20,0.0
1998-10-21,0.6685489416122437
1998-10-22,0.19031713902950287
1998-10-23,1.6354835033416748
1998-10-24,2.785484790802002
1998-10-25,3.170508623123169
1998-10-26,0.16014151275157928
1998-10-27,6.9607110023498535
1998-10-28,5.64644193649292
1998-10-29,9.547555923461914
1998-10-30,3.7376410961151123
1998-10-31,10.928614616394043
1998-11-01,0.0
1998-11-02,0.0
1998-11-03,0.0
1998-11-04,0.0
1998-11-05,0.0
1998-11-06,0.05810045450925827
1998-11-07,0.0
1998-11-08,0.7795397043228149
1998-11-09,5.895388126373291
1998-11-10,0.008622505702078342
1998-11-11,5.36329984664917
1998-11-12,0.14925616979599
1998-11-13,2.515164613723755
1998-11-14,0.3713042438030243
1998-11-15,0.0
1998-11-16,1.4301527738571167
1998-11-17,9.711169242858887
1998-11-18,6.727950572967529
1998-11-19,0.005067488178610802
1998-11-20,0.7696700692176819
1998-11-21,21.898595809936523
1998-11-22,12.088371276855469
1998-11-23,2.4985156059265137
1998-11-24,0.10422991961240768
1998-11-25,6.90919828414917
1998-11-26,0.4302845895290375
1998-11-27,0.0063330489210784435
1998-11-28,1.7989428043365479
1998-11-29,2.676748514175415
1998-11-30,0.03497513383626938
1998-12-01,0.0
1998-12-02,0.0
1998-12-03,0.0
1998-12-04,0.0
1998-12-05,0.0
1998-12-06,0.08410285413265228
1998-12-07,0.014921192079782486
1998-12-08,2.3257155418395996
1998-12-09,0.7431245446205139
1998-12-10,0.30657798051834106
1998-12-11,0.0
1998-12-12,0.0
1998-12-13,0.0
1998-12-14,0.0
1998-12-15,0.0
1998-12-16,1.2069071531295776
1998-12-17,7.490305423736572
1998-12-18,0.1264241635799408
1998-12-19,0.0
1998-12-20,0.2652161717414856
1998-12-21,4.75797700881958
1998-12-22,8.083993911743164
1998-12-23,0.0
1998-12-24,0.0
1998-12-25,0.0
1998-12-26,0.11688394099473953
1998-12-27,0.0
1998-12-28,17.855297088623047
1998-12-29,9.77580738067627
1998-12-30,1.996584177017212
1998-12-31,0.8322691321372986
1999-01-01,0.02777671068906784
1999-01-02,8.676228523254395
1999-01-03,13.04721450805664
1999-01-04,3.470581531524658
1999-01-05,5.724117279052734
1999-01-06,0.0
1999-01-07,0.0
1999-01-08,0.0
1999-01-09,0.0
1999-01-10,0.0
1999-01-11,1.7266510725021362
1999-01-12,0.46519461274147034
1999-01-13,0.03342481330037117
1999-01-14,0.32376667857170105
1999-01-15,0.032598044723272324
1999-01-16,0.6016823053359985
1999-01-17,0.09388606250286102
1999-01-18,8.536661148071289
1999-01-19,1.683082103729248
1999-01-20,1.2409981489181519
1999-01-21,7.981103897094727
1999-01-22,0.0
1999-01-23,0.0
1999-01-24,0.0
1999-01-25,2.0593743324279785
1999-01-26,0.6311964392662048
1999-01-27,0.0
1999-01-28,8.313685417175293
1999-01-29,1.6259251832962036
1999-01-30,4.475002765655518
1999-01-31,29.439619064331055
1999-02-01,7.727755069732666
1999-02-02,11.515339851379395
1999-02-03,4.056900978088379
1999-02-04,0.6607860326766968
1999-02-05,0.0
1999-02-06,0.16110272705554962
1999-02-07,0.34932899475097656
1999-02-08,16.9749755859375
1999-02-09,1.8826098442077637
1999-02-10,3.451505661010742
1999-02-11,3.960414171218872
1999-02-12,1.6164296865463257
1999-02-13,0.33590152859687805
1999-02-14,18.719379425048828
1999-02-15,0.4826194643974304
1999-02-16,6.081153869628906
1999-02-17,20.929765701293945
1999-02-18,22.1574649810791
1999-02-19,7.372092247009277
1999-02-20,0.18716111779212952
1999-02-21,0.0
1999-02-22,0.0
1999-02-23,0.0
1999-02-24,0.0
1999-02-25,0.0
1999-02-26,0.0
1999-02-27,0.0
1999-02-28,0.0
1999-03-01,0.04198099300265312
1999-03-02,1.9655429124832153
1999-03-03,3.111250638961792
1999-03-04,5.666283130645752
1999-03-05,14.686907768249512
1999-03-06,1.8957575559616089
1999-03-07,0.8794012069702148
1999-03-08,10.044318199157715
1999-03-09,1.6941035985946655
1999-03-10,5.9100799560546875
1999-03-11,9.850594520568848
1999-03-12,0.27324703335762024
1999-03-13,0.0
1999-03-14,9.746896743774414
1999-03-15,13.667317390441895
1999-03-16,1.742004156112671
1999-03-17,9.700864791870117
1999-03-18,19.926301956176758
1999-03-19,1.4008657932281494
1999-03-20,4.910195350646973
1999-03-21,1.4505473375320435
1999-03-22,6.0908355712890625
1999-03-23,4.719972610473633
1999-03-24,0.18663108348846436
1999-03-25,20.155284881591797
1999-03-26,15.34718132019043
1999-03-27,0.8939720988273621
1999-03-28,1.2273423671722412
1999-03-29,5.616952419281006
1999-03-30,2.250439405441284
1999-03-31,0.2910912334918976
1999-04-01,0.0
1999-04-02,0.0
1999-04-03,0.0
1999-04-04,0.0
1999-04-05,0.0
1999-04-06,0.0
1999-04-07,0.0
1999-04-08,0.0
1999-04-09,0.0
1999-04-10,0.0
1999-04-11,0.0
1999-04-12,0.0
1999-04-13,0.0
1999-04-14,0.0
1999-04-15,0.0
1999-04-16,0.0
1999-04-17,0.0
1999-04-18,0.0
1999-04-19,0.0
1999-04-20,0.0
1999-04-21,0.0
1999-04-22,0.0
1999-04-23,0.0
1999-04-24,0.0
1999-04-25,0.0
1999-04-26,0.0
1999-04-27,0.0
1999-04-28,0.0
1999-04-29,0.0
1999-04-30,0.0
1999-05-01,0.0
1999-05-02,0.0
1999-05-03,0.0
1999-05-04,0.0
1999-05-05,0.0
1999-05-06,0.0
1999-05-07,0.0
1999-05-08,0.0
1999-05-09,0.0
1999-05-10,0.0
1999-05-11,0.0
1999-05-12,0.0
1999-05-13,0.0
1999-05-14,0.0
1999-05-15,0.0
1999-05-16,0.0
1999-05-17,0.0
1999-05-18,0.0
1999-05-19,0.0
1999-05-20,0.0
1999-05-21,0.0
1999-05-22,0.0
1999-05-23,0.0
1999-05-24,0.0
1999-05-25,0.0
1999-05-26,8.123953819274902
1999-05-27,0.018150480464100838
1999-05-28,0.04359983652830124
1999-05-29,0.2548491656780243
1999-05-30,0.006680965889245272
1999-05-31,0.0
1999-06-01,0.0
1999-06-02,0.0
1999-06-03,0.0
1999-06-04,0.0
1999-06-05,0.0
1999-06-06,0.0
1999-06-07,0.0
1999-06-08,0.0
1999-06-09,0.0
1999-06-10,0.0
1999-06-11,0.0
1999-06-12,0.0
1999-06-13,0.0
1999-06-14,0.0
1999-06-15,0.0
1999-06-16,0.0
1999-06-17,0.0
1999-06-18,0.0
1999-06-19,0.0
1999-06-20,0.0
1999-06-21,0.0
1999-06-22,0.0
1999-06-23,0.0
1999-06-24,0.0
1999-06-25,0.0
1999-06-26,0.0
1999-06-27,0.0
1999-06-28,0.0
1999-06-29,0.0
1999-06-30,0.0
1999-07-01,0.0
1999-07-02,0.0
1999-07-03,0.0
1999-07-04,0.0
1999-07-05,0.0
1999-07-06,0.0
1999-07-07,0.0
1999-07-08,0.0
1999-07-09,0.0
1999-07-10,0.0
1999-07-11,0.0
1999-07-12,0.0
1999-07-13,0.0
1999-07-14,0.0
1999-07-15,0.0
1999-07-16,0.0
1999-07-17,0.0
1999-07-18,0.0
1999-07-19,0.0
1999-07-20,0.0
1999-07-21,0.0
1999-07-22,0.0
1999-07-23,0.0
1999-07-24,0.0
1999-07-25,0.0
1999-07-26,0.0
1999-07-27,0.0
1999-07-28,0.0
1999-07-29,0.0
1999-07-30,0.0
1999-07-31,0.0
1999-08-01,0.0
1999-08-02,0.0
1999-08-03,0.0
1999-08-04,0.0
1999-08-05,0.0
1999-08-06,0.0
1999-08-07,0.0
1999-08-08,0.0
1999-08-09,0.0
1999-08-10,0.0
1999-08-11,0.0
1999-08-12,0.0
1999-08-13,0.0
1999-08-14,0.0
1999-08-15,0.0
1999-08-16,0.0
1999-08-17,0.0
1999-08-18,0.0
1999-08-19,0.0
1999-08-20,0.0
1999-08-21,0.0
1999-08-22,0.0
1999-08-23,0.0
1999-08-24,0.0
1999-08-25,0.0
1999-08-26,0.0
1999-08-27,0.0
1999-08-28,0.0
1999-08-29,0.0
1999-08-30,0.0
1999-08-31,0.0
1999-09-01,0.0
1999-09-02,0.0
1999-09-03,0.0
1999-09-04,0.0
1999-09-05,0.0
1999-09-06,0.0
1999-09-07,0.0
1999-09-08,0.0
1999-09-09,0.0
1999-09-10,0.0
1999-09-11,0.0
1999-09-12,0.0
1999-09-13,0.0
1999-09-14,0.0
1999-09-15,0.0
1999-09-16,0.0
1999-09-17,0.0
1999-09-18,0.0
1999-09-19,0.0
1999-09-20,0.0
1999-09-21,0.0
1999-09-22,0.0
1999-09-23,0.0
1999-09-24,0.0
1999-09-25,0.0
1999-09-26,0.13562776148319244
1999-09-27,0.25436678528785706
1999-09-28,3.9244303703308105
1999-09-29,1.0624778270721436
1999-09-30,0.18309122323989868
1999-10-01,0.0
1999-10-02,2.2923130989074707
1999-10-03,2.2031829357147217
1999-10-04,0.5461792349815369
1999-10-05,0.010117587633430958
1999-10-06,0.0
1999-10-07,0.0
1999-10-08,0.0
1999-10-09,0.0
1999-10-10,0.0
1999-10-11,0.9710479378700256
1999-10-12,0.11955109238624573
1999-10-13,0.005421264562755823
1999-10-14,0.036202773451805115
1999-10-15,2.9004857540130615
1999-10-16,0.0
1999-10-17,0.0
1999-10-18,0.0
1999-10-19,0.0
1999-10-20,0.0
1999-10-21,0.1237800270318985
1999-10-22,3.7414710521698
1999-10-23,0.06975787878036499
1999-10-24,0.016987470909953117
1999-10-25,0.003256760537624359
1999-10-26,0.0
1999-10-27,0.0
1999-10-28,0.0
1999-10-29,0.0
1999-10-30,0.0
1999-10-31,0.0
1999-11-01,7.8114705085754395
1999-11-02,1.1079157590866089
1999-11-03,22.211048126220703
1999-11-04,0.20784957706928253
1999-11-05,0.3892830014228821
1999-11-06,0.0
1999-11-07,0.0
1999-11-08,0.0
1999-11-09,0.0
1999-11-10,0.0
1999-11-11,0.0
1999-11-12,0.0
1999-11-13,0.0
1999-11-14,0.0
1999-11-15,0.0
1999-11-16,0.0
1999-11-17,0.0
1999-11-18,0.0
1999-11-19,0.0
1999-11-20,0.0
1999-11-21,0.0
1999-11-22,0.0
1999-11-23,0.0
1999-11-24,0.0
1999-11-25,0.0
1999-11-26,0.0
1999-11-27,0.0
1999-11-28,0.0
1999-11-29,0.0
1999-11-30,0.0
1999-12-01,0.0
1999-12-02,1.0759739875793457
1999-12-03,0.3125477433204651
1999-12-04,0.32889240980148315
1999-12-05,1.0995923280715942
1999-12-06,5.356836795806885
1999-12-07,1.5220345258712769
1999-12-08,0.028843162581324577
1999-12-09,4.221898555755615
1999-12-10,5.33881139755249
1999-12-11,0.07025869935750961
1999-12-12,0.19557030498981476
1999-12-13,0.0
1999-12-14,5.1765851974487305
1999-12-15,0.11290185153484344
1999-12-16,0.2831818759441376
1999-12-17,0.20669063925743103
1999-12-18,0.0
1999-12-19,0.4085453748703003
1999-12-20,0.45475777983665466
1999-12-21,0.0
1999-12-22,5.224586009979248
1999-12-23,2.019448757171631
1999-12-24,0.18881195783615112
1999-12-25,0.5089216828346252
1999-12-26,0.40842971205711365
1999-12-27,4.398617744445801
1999-12-28,2.105597496032715
1999-12-29,2.6436331272125244
1999-12-30,13.08283519744873
1999-12-31,3.8917198181152344
2000-01-01,0.0
2000-01-02,0.0
2000-01-03,0.0
2000-01-04,0.0
2000-01-05,0.0
2000-01-06,0.0
2000-01-07,0.0
2000-01-08,0.0
2000-01-09,0.0
2000-01-10,0.0
2000-01-11,3.4349677562713623
2000-01-12,1.1272590160369873
2000-01-13,5.3170905113220215
2000-01-14,19.91703224182129
2000-01-15,8.102184295654297
2000-01-16,11.867759704589844
2000-01-17,0.0
2000-01-18,3.3480985164642334
2000-01-19,7.521996974945068
2000-01-20,3.0646018981933594
2000-01-21,0.007001140154898167
2000-01-22,16.09200668334961
2000-01-23,4.827435493469238
2000-01-24,2.6392900943756104
2000-01-25,3.127703905105591
2000-01-26,16.824939727783203
2000-01-27,1.3050832748413086
2000-01-28,10.190303802490234
2000-01-29,11.851688385009766
2000-01-30,12.143009185791016
2000-01-31,6.4033284187316895
2000-02-01,1.8142082691192627
2000-02-02,0.2926483154296875
2000-02-03,10.911866188049316
2000-02-04,9.609757423400879
2000-02-05,0.01906147226691246
2000-02-06,1.9266365766525269
2000-02-07,3.1542842388153076
2000-02-08,5.710212230682373
2000-02-09,26.956335067749023
2000-02-10,1.766805648803711
2000-02-11,0.8351100087165833
2000-02-12,0.0
2000-02-13,2.2657723426818848
2000-02-14,0.2889306843280792
2000-02-15,0.16953928768634796
2000-02-16,0.0
2000-02-17,0.003218126017600298
2000-02-18,0.0
2000-02-19,0.5180939435958862
2000-02-20,4.338977813720703
2000-02-21,0.593288779258728
2000-02-22,0.8067249059677124
2000-02-23,1.242435336112976
2000-02-24,0.9295171499252319
2000-02-25,0.6893800497055054
2000-02-26,9.148165702819824
2000-02-27,0.09712830930948257
2000-02-28,1.692363977432251
2000-02-29,3.5166738033294678
2000-03-01,0.23959243297576904
2000-03-02,0.0
2000-03-03,1.7024285793304443
2000-03-04,4.01472282409668
2000-03-05,0.25014200806617737
2000-03-06,6.907562732696533
2000-03-07,5.801144123077393
2000-03-08,0.3226715624332428
2000-03-09,1.5962592363357544
2000-03-10,5.338307857513428
2000-03-11,1.7033884525299072
2000-03-12,0.34545305371284485
2000-03-13,1.0785504579544067
2000-03-14,0.05231386795639992
2000-03-15,0.04406841844320297
2000-03-16,0.0
2000-03-17,0.39176008105278015
2000-03-18,9.617870330810547
2000-03-19,0.19595259428024292
2000-03-20,0.46055054664611816
2000-03-21,1.1564079523086548
2000-03-22,2.7072672843933105
2000-03-23,3.557913064956665
2000-03-24,0.03662722185254097
2000-03-25,0.8725426197052002
2000-03-26,0.10604548454284668
2000-03-27,1.5601564645767212
2000-03-28,3.9033801555633545
2000-03-29,0.5888856053352356
2000-03-30,3.6349058151245117
2000-03-31,0.06946781277656555
2000-04-01,0.0
2000-04-02,0.0
2000-04-03,0.0
2000-04-04,0.0
2000-04-05,0.0
2000-04-06,0.0
2000-04-07,0.020449528470635414
2000-04-08,1.0912892818450928
2000-04-09,1.6360825300216675
2000-04-10,0.0
2000-04-11,0.0
2000-04-12,0.0
2000-04-13,0.0
2000-04-14,0.0
2000-04-15,0.0
2000-04-16,0.18663598597049713
2000-04-17,0.004268714692443609
2000-04-18,0.0173642635345459
2000-04-19,0.13322819769382477
2000-04-20,0.0
2000-04-21,0.0
2000-04-22,0.0
2000-04-23,0.0
2000-04-24,0.0
2000-04-25,0.0
2000-04-26,0.0
2000-04-27,2.9311609268188477
2000-04-28,1.9018523693084717
2000-04-29,0.0
2000-04-30,0.5463406443595886
2000-05-01,0.0
2000-05-02,0.0
2000-05-03,0.0
2000-05-04,0.0
2000-05-05,0.0
2000-05-06,0.0
2000-05-07,0.0
2000-05-08,0.0
2000-05-09,0.0
2000-05-10,0.0
2000-05-11,0.0
2000-05-12,0.0
2000-05-13,0.0
2000-05-14,0.0
2000-05-15,0.0
2000-05-16,0.0
2000-05-17,0.0
2000-05-18,0.6335648894309998
2000-05-19,1.7045385837554932
2000-05-20,0.14025764167308807
2000-05-21,0.0
2000-05-22,0.0
2000-05-23,0.0
2000-05-24,0.0
2000-05-25,0.0
2000-05-26,0.0
2000-05-27,0.0
2000-05-28,0.0
2000-05-29,0.0
2000-05-30,0.0
2000-05-31,0.0
2000-06-01,0.0
2000-06-02,0.0
2000-06-03,0.0
2000-06-04,0.0
2000-06-05,0.0
2000-06-06,0.2914920747280121
2000-06-07,2.048377275466919
2000-06-08,3.4622302055358887
2000-06-09,3.0252692699432373
2000-06-10,0.0
2000-06-11,0.0
2000-06-12,0.0
2000-06-13,0.0
2000-06-14,0.0
2000-06-15,0.0
2000-06-16,0.0
2000-06-17,0.0
2000-06-18,0.0
2000-06-19,0.0
2000-06-20,0.0
2000-06-21,0.0
2000-06-22,0.0
2000-06-23,0.0
2000-06-24,0.0
2000-06-25,0.0
2000-06-26,0.0
2000-06-27,0.0
2000-06-28,0.0
2000-06-29,0.0
2000-06-30,0.0
2000-07-01,0.0
2000-07-02,0.0
2000-07-03,0.0
2000-07-04,0.0
2000-07-05,0.0
2000-07-06,0.0
2000-07-07,0.0
2000-07-08,0.0
2000-07-09,0.0
2000-07-10,0.0
2000-07-11,0.0
2000-07-12,0.0
2000-07-13,0.0
2000-07-14,0.0
2000-07-15,0.0
2000-07-16,0.0
2000-07-17,0.0
2000-07-18,0.0
2000-07-19,0.0
2000-07-20,0.0
2000-07-21,0.0
2000-07-22,0.0
2000-07-23,0.0
2000-07-24,0.0
2000-07-25,0.0
2000-07-26,0.0
2000-07-27,0.0
2000-07-28,0.0
2000-07-29,0.0
2000-07-30,0.0
2000-07-31,0.0
2000-08-01,0.0
2000-08-02,0.0
2000-08-03,0.0
2000-08-04,0.0
2000-08-05,0.0
2000-08-06,0.0
2000-08-07,0.0
2000-08-08,0.0
2000-08-09,0.0
2000-08-10,0.0
2000-08-11,0.011253648437559605
2000-08-12,0.2796975374221802
2000-08-13,0.21742069721221924
2000-08-14,0.18379557132720947
2000-08-15,0.4349481463432312
2000-08-16,0.0
2000-08-17,0.0
2000-08-18,0.0
2000-08-19,1.0850424766540527
2000-08-20,0.048903219401836395
2000-08-21,0.43079066276550293
2000-08-22,0.23645636439323425
2000-08-23,1.3447511196136475
2000-08-24,0.02583402767777443
2000-08-25,1.1998966932296753
2000-08-26,0.0
2000-08-27,0.0
2000-08-28,0.0
2000-08-29,0.0
2000-08-30,0.0
2000-08-31,0.0
2000-09-01,0.0
2000-09-02,0.0
2000-09-03,0.0
2000-09-04,0.0
2000-09-05,0.0
2000-09-06,0.0
2000-09-07,0.0
2000-09-08,0.0
2000-09-09,0.0002793577150441706
2000-09-10,0.7551039457321167
2000-09-11,1.292085886001587
2000-09-12,0.0
2000-09-13,0.0
2000-09-14,0.0
2000-09-15,0.001756346900947392
2000-09-16,0.0
2000-09-17,0.0
2000-09-18,0.0
2000-09-19,0.0
2000-09-20,0.0
2000-09-21,2.2634360790252686
2000-09-22,5.091075420379639
2000-09-23,0.5349587202072144
2000-09-24,0.0
2000-09-25,0.018471423536539078
2000-09-26,0.0
2000-09-27,0.0
2000-09-28,0.0
2000-09-29,0.0
2000-09-30,0.0
2000-10-01,0.0
2000-10-02,0.0
2000-10-03,0.0
2000-10-04,0.0
2000-10-05,0.0
2000-10-06,0.0
2000-10-07,0.0
2000-10-08,0.0
2000-10-09,0.0
2000-10-10,0.0
2000-10-11,0.6046215891838074
2000-10-12,1.96285080909729
2000-10-13,0.7521805167198181
2000-10-14,1.5968142747879028
2000-10-15,0.12304981052875519
2000-10-16,0.0
2000-10-17,0.0
2000-10-18,0.0
2000-10-19,0.0
2000-10-20,0.0
2000-10-21,0.7464576363563538
2000-10-22,2.528210163116455
2000-10-23,0.10639376193284988
2000-10-24,0.09212571382522583
2000-10-25,0.7413594126701355
2000-10-26,0.17442919313907623
2000-10-27,2.0974459648132324
2000-10-28,1.928670883178711
2000-10-29,0.7956928014755249
2000-10-30,0.009197894483804703
2000-10-31,0.0
2000-11-01,0.0
2000-11-02,0.25371694564819336
2000-11-03,10.637741088867188
2000-11-04,0.0
2000-11-05,0.28769931197166443
2000-11-06,0.0
2000-11-07,0.0
2000-11-08,0.0
2000-11-09,0.0
2000-11-10,0.0
2000-11-11,0.0
2000-11-12,0.0
2000-11-13,0.0
2000-11-14,0.0
2000-11-15,0.0
2000-11-16,0.0
2000-11-17,0.0
2000-11-18,0.0
2000-11-19,0.0
2000-11-20,0.0
2000-11-21,2.2098493576049805
2000-11-22,0.7960403561592102
2000-11-23,0.0
2000-11-24,2.264242172241211
2000-11-25,4.2651448249816895
2000-11-26,5.891279697418213
2000-11-27,1.1255769729614258
2000-11-28,0.04109916836023331
2000-11-29,0.26512619853019714
2000-11-30,0.2355102002620697
2000-12-01,8.185820579528809
2000-12-02,0.0
2000-12-03,0.0
2000-12-04,0.12593725323677063
2000-12-05,1.6200666427612305
2000-12-06,0.6614856123924255
2000-12-07,0.26547005772590637
2000-12-08,0.18880677223205566
2000-12-09,2.1443989276885986
2000-12-10,9.603199005126953
2000-12-11,7.0136399269104
2000-12-12,5.68483304977417
2000-12-13,0.20402269065380096
2000-12-14,0.0
2000-12-15,0.0
2000-12-16,4.7945556640625
2000-12-17,0.0
2000-12-18,0.0
2000-12-19,0.0
2000-12-20,0.0
2000-12-21,0.19922779500484467
2000-12-22,0.9243155717849731
2000-12-23,0.14096000790596008
2000-12-24,6.600614547729492
2000-12-25,1.1317213773727417
2000-12-26,0.8979753255844116
2000-12-27,1.7381304502487183
2000-12-28,11.629515647888184
2000-12-29,2.098679780960083
2000-12-30,2.6911091804504395
2000-12-31,5.098525524139404
2001-01-01,2.8035950660705566
2001-01-02,1.2849105596542358
2001-01-03,2.5497100353240967
2001-01-04,17.240215301513672
2001-01-05,3.9612877368927
2001-01-06,11.415903091430664
2001-01-07,9.144294738769531
2001-01-08,19.108036041259766
2001-01-09,3.8027102947235107
2001-01-10,8.180392265319824
2001-01-11,5.659208297729492
2001-01-12,0.6159776449203491
2001-01-13,8.02955436706543
2001-01-14,26.21849822998047
2001-01-15,0.5469111204147339
2001-01-16,0.941868782043457
2001-01-17,5.382481098175049
2001-01-18,10.172553062438965
2001-01-19,11.60311222076416
2001-01-20,10.38026237487793
2001-01-21,14.71531867980957
2001-01-22,3.770134687423706
2001-01-23,0.6522420644760132
2001-01-24,1.6778572797775269
2001-01-25,0.43854281306266785
2001-01-26,8.225569725036621
2001-01-27,3.914487838745117
2001-01-28,0.0
2001-01-29,12.784440040588379
2001-01-30,6.802797317504883
2001-01-31,0.2499012053012848
2001-02-01,6.308933258056641
2001-02-02,1.1805932521820068
2001-02-03,10.246024131774902
2001-02-04,0.7469280958175659
2001-02-05,1.2527031898498535
2001-02-06,0.008652614429593086
2001-02-07,0.35160982608795166
2001-02-08,1.1852558851242065
2001-02-09,5.1685791015625
2001-02-10,4.534834384918213
2001-02-11,0.33288633823394775
2001-02-12,1.1013609170913696
2001-02-13,0.0
2001-02-14,11.551173210144043
2001-02-15,6.873291969299316
2001-02-16,0.9325770139694214
2001-02-17,4.927612781524658
2001-02-18,1.7810742855072021
2001-02-19,3.582744598388672
2001-02-20,1.7848882675170898
2001-02-21,0.1745636910200119
2001-02-22,0.048197004944086075
2001-02-23,3.0149734020233154
2001-02-24,5.96593713760376
2001-02-25,7.304696559906006
2001-02-26,15.684159278869629
2001-02-27,4.418656826019287
2001-02-28,0.13917472958564758
2001-03-01,1.285298466682434
2001-03-02,4.015898704528809
2001-03-03,0.22324536740779877
2001-03-04,13.957870483398438
2001-03-05,4.556423187255859
2001-03-06,2.592219114303589
2001-03-07,2.6434097290039062
2001-03-08,1.1326080560684204
2001-03-09,17.30435562133789
2001-03-10,1.6337194442749023
2001-03-11,6.0224199295043945
2001-03-12,1.1419731378555298
2001-03-13,1.7672241926193237
2001-03-14,2.3809375762939453
2001-03-15,4.58387565612793
2001-03-16,0.38125884532928467
2001-03-17,4.672359466552734
2001-03-18,0.4177172780036926
2001-03-19,0.15100911259651184
2001-03-20,0.27288511395454407
2001-03-21,1.4787392616271973
2001-03-22,7.824911117553711
2001-03-23,1.1178957223892212
2001-03-24,0.5377675294876099
2001-03-25,0.13943210244178772
2001-03-26,0.0
2001-03-27,0.0
2001-03-28,0.0
2001-03-29,0.0
2001-03-30,0.0
2001-03-31,0.0
2001-04-01,0.0
2001-04-02,0.0
2001-04-03,0.0
2001-04-04,0.0
2001-04-05,0.0
2001-04-06,1.3137835264205933
2001-04-07,0.1401561051607132
2001-04-08,0.2774963974952698
2001-04-09,0.16512396931648254
2001-04-10,1.0098495483398438
2001-04-11,0.0
2001-04-12,0.0
2001-04-13,0.0
2001-04-14,0.0
2001-04-15,0.0
2001-04-16,0.018901731818914413
2001-04-17,0.0
2001-04-18,0.0
2001-04-19,4.737267971038818
2001-04-20,0.2322355955839157
2001-04-21,0.0
2001-04-22,0.0
2001-04-23,0.0
2001-04-24,3.2329089641571045
2001-04-25,0.4388650059700012
2001-04-26,0.0
2001-04-27,0.003099532565101981
2001-04-28,1.9469380378723145
2001-04-29,2.12835693359375
2001-04-30,3.3356876373291016
2001-05-01,0.0
2001-05-02,0.0
2001-05-03,0.0
2001-05-04,0.0
2001-05-05,0.0
2001-05-06,0.12051526457071304
2001-05-07,1.5014418363571167
2001-05-08,0.011364324949681759
2001-05-09,0.0
2001-05-10,0.0
2001-05-11,0.1524382382631302
2001-05-12,0.12153232842683792
2001-05-13,0.055357031524181366
2001-05-14,0.4801616370677948
2001-05-15,5.8991217613220215
2001-05-16,0.0
2001-05-17,0.0
2001-05-18,0.030335862189531326
2001-05-19,0.1428910195827484
2001-05-20,1.4797406196594238
2001-05-21,0.0
2001-05-22,0.0
2001-05-23,0.0
2001-05-24,0.0
2001-05-25,0.0
2001-05-26,0.0
2001-05-27,0.0
2001-05-28,0.0
2001-05-29,0.0
2001-05-30,0.0
2001-05-31,0.0
2001-06-01,0.0
2001-06-02,0.0
2001-06-03,0.0
2001-06-04,0.0
2001-06-05,0.0
2001-06-06,0.0
2001-06-07,0.0
2001-06-08,0.0
2001-06-09,0.0
2001-06-10,0.0
2001-06-11,0.0
2001-06-12,0.0
2001-06-13,0.0
2001-06-14,0.0
2001-06-15,0.0
2001-06-16,0.0
2001-06-17,1.590834140777588
2001-06-18,0.7710064053535461
2001-06-19,0.21681897342205048
2001-06-20,0.1463480442762375
2001-06-21,0.0
2001-06-22,0.0
2001-06-23,0.0
2001-06-24,0.0
2001-06-25,0.0
2001-06-26,0.0
2001-06-27,0.0
2001-06-28,0.0
2001-06-29,0.0
2001-06-30,0.0
2001-07-01,0.0
2001-07-02,0.0
2001-07-03,0.0
2001-07-04,0.0
2001-07-05,0.0
2001-07-06,0.0
2001-07-07,0.0
2001-07-08,0.0
2001-07-09,0.0
2001-07-10,0.0
2001-07-11,0.0
2001-07-12,0.0
2001-07-13,0.0
2001-07-14,0.0
2001-07-15,0.0
2001-07-16,0.0
2001-07-17,0.0
2001-07-18,0.0
2001-07-19,0.0
2001-07-20,0.0
2001-07-21,0.01761617511510849
2001-07-22,0.193777933716774
2001-07-23,0.01761617511510849
2001-07-24,0.10569705814123154
2001-07-25,0.01761617511510849
2001-07-26,0.0012859753333032131
2001-07-27,0.33173245191574097
2001-07-28,0.11100614815950394
2001-07-29,0.0
2001-07-30,0.0
2001-07-31,0.0
2001-08-01,0.0
2001-08-02,0.0
2001-08-03,0.0
2001-08-04,0.0
2001-08-05,0.0
2001-08-06,0.0
2001-08-07,0.0
2001-08-08,0.0
2001-08-09,0.0
2001-08-10,0.0
2001-08-11,0.0
2001-08-12,0.0
2001-08-13,0.0
2001-08-14,0.0
2001-08-15,0.0
2001-08-16,1.2863240242004395
2001-08-17,0.19293776154518127
2001-08-18,3.2603440284729004
2001-08-19,1.558433175086975
2001-08-20,2.4014158248901367
2001-08-21,0.0
2001-08-22,0.0
2001-08-23,0.0
2001-08-24,0.0
2001-08-25,0.0
2001-08-26,0.0
2001-08-27,0.0
2001-08-28,0.0
2001-08-29,0.0
2001-08-30,0.0
2001-08-31,0.0
2001-09-01,0.0
2001-09-02,0.0
2001-09-03,0.0
2001-09-04,0.0
2001-09-05,0.0
2001-09-06,0.0
2001-09-07,0.0
2001-09-08,0.0
2001-09-09,0.0
2001-09-10,0.0
2001-09-11,0.0
2001-09-12,0.0
2001-09-13,0.0
2001-09-14,0.0
2001-09-15,0.0
2001-09-16,0.0
2001-09-17,0.0
2001-09-18,0.0
2001-09-19,0.0
2001-09-20,0.0
2001-09-21,0.0
2001-09-22,0.0
2001-09-23,0.0
2001-09-24,0.0
2001-09-25,0.0
2001-09-26,0.0
2001-09-27,0.0
2001-09-28,0.0
2001-09-29,0.0
2001-09-30,0.0
2001-10-01,0.0
2001-10-02,0.0
2001-10-03,4.807852745056152
2001-10-04,3.128549575805664
2001-10-05,0.029489513486623764
2001-10-06,3.147268056869507
2001-10-07,0.03728371858596802
2001-10-08,0.0019294391386210918
2001-10-09,0.7811066508293152
2001-10-10,0.08643889427185059
2001-10-11,2.0693464279174805
2001-10-12,0.4492360055446625
2001-10-13,3.0398874282836914
2001-10-14,0.3451906740665436
2001-10-15,0.042309682816267014
2001-10-16,1.2482722997665405
2001-10-17,2.448341131210327
2001-10-18,0.08990367501974106
2001-10-19,0.27864542603492737
2001-10-20,0.0
2001-10-21,0.0
2001-10-22,0.0
2001-10-23,0.0
2001-10-24,0.0
2001-10-25,0.0
2001-10-26,0.0
2001-10-27,0.0
2001-10-28,0.0
2001-10-29,0.0
2001-10-30,1.9084547758102417
2001-10-31,0.0
2001-11-01,0.0
2001-11-02,0.0
2001-11-03,0.0
2001-11-04,0.0
2001-11-05,0.0
2001-11-06,4.068056583404541
2001-11-07,0.36150437593460083
2001-11-08,0.07206737250089645
2001-11-09,0.3963785767555237
2001-11-10,0.40287744998931885
2001-11-11,0.0
2001-11-12,0.0
2001-11-13,0.0
2001-11-14,0.0
2001-11-15,0.0
2001-11-16,0.0
2001-11-17,0.0
2001-11-18,0.0
2001-11-19,0.0
2001-11-20,0.0
2001-11-21,0.0
2001-11-22,0.2925250828266144
2001-11-23,0.0
2001-11-24,0.0
2001-11-25,4.382658958435059
2001-11-26,0.21998097002506256
2001-11-27,0.0
2001-11-28,0.0
2001-11-29,1.0651791095733643
2001-11-30,6.041645050048828
2001-12-01,0.0
2001-12-02,0.0
2001-12-03,0.0
2001-12-04,0.0
2001-12-05,0.0
2001-12-06,0.05958085134625435
2001-12-07,0.17566217482089996
2001-12-08,1.2177587747573853
2001-12-09,5.684751987457275
2001-12-10,0.4588038921356201
2001-12-11,2.0053999423980713
2001-12-12,3.635113477706909
2001-12-13,0.6557684540748596
2001-12-14,0.6084005236625671
2001-12-15,6.986891746520996
2001-12-16,0.22337713837623596
2001-12-17,0.4992205500602722
2001-12-18,0.13155396282672882
2001-12-19,0.22503681480884552
2001-12-20,0.0
2001-12-21,10.428874969482422
2001-12-22,0.6673703789710999
2001-12-23,1.4794421195983887
2001-12-24,1.6727643013000488
2001-12-25,12.080377578735352
2001-12-26,0.31206297874450684
2001-12-27,2.378486394882202
2001-12-28,0.7633489966392517
2001-12-29,3.040315866470337
2001-12-30,5.689091205596924
2001-12-31,3.0650529861450195
2002-01-01,0.14012041687965393
2002-01-02,0.8099947571754456
2002-01-03,0.07855124771595001
2002-01-04,0.0787290409207344
2002-01-05,2.4947643280029297
2002-01-06,13.910013198852539
2002-01-07,0.008634669706225395
2002-01-08,0.0
2002-01-09,0.03262327238917351
2002-01-10,0.04840097576379776
2002-01-11,0.0
2002-01-12,0.0
2002-01-13,0.0
2002-01-14,8.814642906188965
2002-01-15,0.0
2002-01-16,3.060159206390381
2002-01-17,1.9516288042068481
2002-01-18,0.4042609930038452
2002-01-19,5.454399108886719
2002-01-20,1.4631221294403076
2002-01-21,0.7392073273658752
2002-01-22,1.8848422765731812
2002-01-23,1.699751853942871
2002-01-24,1.113172173500061
2002-01-25,11.57301139831543
2002-01-26,0.7176826000213623
2002-01-27,0.4784594178199768
2002-01-28,11.636262893676758
2002-01-29,0.42115241289138794
2002-01-30,0.1955185830593109
2002-01-31,4.335378646850586
2002-02-01,6.007297515869141
2002-02-02,15.542845726013184
2002-02-03,15.640499114990234
2002-02-04,0.22918951511383057
2002-02-05,3.5296518802642822
2002-02-06,12.828377723693848
2002-02-07,13.040213584899902
2002-02-08,0.7536612153053284
2002-02-09,0.1562977433204651
2002-02-10,5.876548767089844
2002-02-11,1.104735016822815
2002-02-12,5.074200630187988
2002-02-13,4.36755895614624
2002-02-14,1.4383223056793213
2002-02-15,2.246734142303467
2002-02-16,9.798288345336914
2002-02-17,3.613257646560669
2002-02-18,0.6961528658866882
2002-02-19,19.117774963378906
2002-02-20,0.8410764932632446
2002-02-21,0.864071786403656
2002-02-22,0.10237999260425568
2002-02-23,0.0
2002-02-24,1.1875900030136108
2002-02-25,17.05694580078125
2002-02-26,13.231464385986328
2002-02-27,4.237613201141357
2002-02-28,0.11796805262565613
2002-03-01,3.053488254547119
2002-03-02,2.32826566696167
2002-03-03,4.163358688354492
2002-03-04,9.183202743530273
2002-03-05,0.2783697843551636
2002-03-06,1.6575781106948853
2002-03-07,0.05149637907743454
2002-03-08,0.2173084020614624
2002-03-09,0.23779767751693726
2002-03-10,1.5141321420669556
2002-03-11,2.822672128677368
2002-03-12,5.047447681427002
2002-03-13,0.18222130835056305
2002-03-14,0.0
2002-03-15,3.5111677646636963
2002-03-16,2.901597738265991
2002-03-17,1.0675586462020874
2002-03-18,0.21121244132518768
2002-03-19,4.375613212585449
2002-03-20,2.1211769580841064
2002-03-21,0.0
2002-03-22,0.0
2002-03-23,0.0
2002-03-24,0.0
2002-03-25,0.0
2002-03-26,0.0
2002-03-27,0.38042891025543213
2002-03-28,4.841001510620117
2002-03-29,6.680938720703125
2002-03-30,4.733888149261475
2002-03-31,0.41894131898880005
2002-04-01,0.972984254360199
2002-04-02,0.0
2002-04-03,1.5195541381835938
2002-04-04,0.0
2002-04-05,8.604338645935059
2002-04-06,0.3491566479206085
2002-04-07,0.0
2002-04-08,0.8956377506256104
2002-04-09,6.420236110687256
2002-04-10,1.2616260051727295
2002-04-11,7.935245990753174
2002-04-12,0.6470670700073242
2002-04-13,0.2459539771080017
2002-04-14,0.03780542314052582
2002-04-15,0.0
2002-04-16,0.0
2002-04-17,0.0
2002-04-18,0.0
2002-04-19,0.0
2002-04-20,0.0
2002-04-21,0.0
2002-04-22,0.0
2002-04-23,0.0
2002-04-24,0.0
2002-04-25,0.0
2002-04-26,8.480938911437988
2002-04-27,4.06059455871582
2002-04-28,0.10791563987731934
2002-04-29,0.0
2002-04-30,0.0
2002-05-01,0.08906416594982147
2002-05-02,0.08906416594982147
2002-05-03,0.08906416594982147
2002-05-04,0.08906416594982147
2002-05-05,1.4250266551971436
2002-05-06,0.0
2002-05-07,0.0
2002-05-08,0.0
2002-05-09,0.0
2002-05-10,0.0
2002-05-11,0.0
2002-05-12,0.0
2002-05-13,0.0
2002-05-14,2.981487989425659
2002-05-15,0.002818041481077671
2002-05-16,0.0
2002-05-17,6.411961658159271e-05
2002-05-18,0.15613126754760742
2002-05-19,0.0
2002-05-20,0.0
2002-05-21,0.0
2002-05-22,0.0
2002-05-23,0.0
2002-05-24,0.0
2002-05-25,0.0
2002-05-26,0.0
2002-05-27,0.17525096237659454
2002-05-28,0.0
2002-05-29,0.11840147525072098
2002-05-30,0.022359652444720268
2002-05-31,1.1452354192733765
2002-06-01,0.0
2002-06-02,0.0
2002-06-03,0.0
2002-06-04,0.0
2002-06-05,0.0
2002-06-06,0.0
2002-06-07,0.0
2002-06-08,0.0
2002-06-09,0.0
2002-06-10,0.0
2002-06-11,0.0
2002-06-12,0.0
2002-06-13,0.0
2002-06-14,0.0
2002-06-15,0.0
2002-06-16,0.0
2002-06-17,0.0
2002-06-18,0.0
2002-06-19,0.0
2002-06-20,0.0
2002-06-21,0.0
2002-06-22,0.0
2002-06-23,0.0
2002-06-24,0.0
2002-06-25,0.0
2002-06-26,0.0
2002-06-27,0.0
2002-06-28,0.0
2002-06-29,0.0
2002-06-30,0.0
2002-07-01,0.0
2002-07-02,0.10071663558483124
2002-07-03,3.277632713317871
2002-07-04,8.66955280303955
2002-07-05,0.7508186101913452
2002-07-06,0.0
2002-07-07,0.0
2002-07-08,0.0
2002-07-09,0.0
2002-07-10,0.0
2002-07-11,0.0
2002-07-12,0.0
2002-07-13,0.0
2002-07-14,0.0
2002-07-15,0.0
2002-07-16,0.0
2002-07-17,0.0
2002-07-18,0.0
2002-07-19,0.0
2002-07-20,0.0
2002-07-21,0.0
2002-07-22,0.0
2002-07-23,0.0
2002-07-24,0.0
2002-07-25,0.0
2002-07-26,0.0
2002-07-27,0.0
2002-07-28,4.948906898498535
2002-07-29,0.122151218354702
2002-07-30,0.0
2002-07-31,0.0
2002-08-01,0.0
2002-08-02,0.0
2002-08-03,0.0
2002-08-04,0.0
2002-08-05,0.0
2002-08-06,0.0
2002-08-07,0.0
2002-08-08,0.0
2002-08-09,0.0
2002-08-10,0.0
2002-08-11,0.0
2002-08-12,0.0
2002-08-13,0.0
2002-08-14,0.0
2002-08-15,0.0
2002-08-16,0.11775156110525131
2002-08-17,1.3344329595565796
2002-08-18,0.07709070295095444
2002-08-19,2.238774538040161
2002-08-20,0.0
2002-08-21,0.0
2002-08-22,0.0
2002-08-23,0.4936671257019043
2002-08-24,0.0
2002-08-25,0.0
2002-08-26,0.0
2002-08-27,0.0
2002-08-28,0.0
2002-08-29,0.0
2002-08-30,0.0
2002-08-31,0.0
2002-09-01,0.8105340600013733
2002-09-02,0.12675975263118744
2002-09-03,0.05007415637373924
2002-09-04,1.991485834121704
2002-09-05,0.0
2002-09-06,0.0
2002-09-07,0.0
2002-09-08,0.0
2002-09-09,0.0
2002-09-10,0.0
2002-09-11,0.0
2002-09-12,0.0
2002-09-13,0.0
2002-09-14,0.0
2002-09-15,0.0
2002-09-16,0.0
2002-09-17,0.0
2002-09-18,0.0
2002-09-19,0.0
2002-09-20,0.0
2002-09-21,0.0
2002-09-22,0.0
2002-09-23,0.0
2002-09-24,0.0
2002-09-25,0.0
2002-09-26,0.0
2002-09-27,0.0
2002-09-28,0.0
2002-09-29,0.0
2002-09-30,0.0
2002-10-01,0.0
2002-10-02,0.012629813514649868
2002-10-03,2.4188575744628906
2002-10-04,0.6581389904022217
2002-10-05,0.0015032341470941901
2002-10-06,0.0
2002-10-07,0.12428826838731766
2002-10-08,0.2579604983329773
2002-10-09,0.0
2002-10-10,0.8495652675628662
2002-10-11,0.0
2002-10-12,1.7712968587875366
2002-10-13,0.2433096021413803
2002-10-14,5.62529993057251
2002-10-15,0.18294118344783783
2002-10-16,0.11268502473831177
2002-10-17,0.13264985382556915
2002-10-18,0.0
2002-10-19,0.012514114379882812
2002-10-20,0.10341586172580719
2002-10-21,0.9647228717803955
2002-10-22,3.9561679363250732
2002-10-23,0.047291357070207596
2002-10-24,0.0
2002-10-25,1.7023876905441284
2002-10-26,2.1963188648223877
2002-10-27,0.5071530342102051
2002-10-28,0.062088146805763245
2002-10-29,0.06667754054069519
2002-10-30,2.9880478382110596
2002-10-31,2.5981812477111816
2002-11-01,4.1760687828063965
2002-11-02,1.6016958951950073
2002-11-03,0.0
2002-11-04,2.0729382038116455
2002-11-05,0.0
2002-11-06,0.0
2002-11-07,0.0
2002-11-08,0.0
2002-11-09,0.0
2002-11-10,0.0
2002-11-11,0.0
2002-11-12,4.473193645477295
2002-11-13,6.850522994995117
2002-11-14,0.24550333619117737
2002-11-15,0.11403045058250427
2002-11-16,0.5888352394104004
2002-11-17,1.199097752571106
2002-11-18,1.9509422779083252
2002-11-19,0.0
2002-11-20,0.5577689409255981
2002-11-21,0.008520564064383507
2002-11-22,0.19746005535125732
2002-11-23,0.32325440645217896
2002-11-24,1.7720142602920532
2002-11-25,1.392414927482605
2002-11-26,5.089182376861572
2002-11-27,0.4565024673938751
2002-11-28,3.5863733291625977
2002-11-29,0.0
2002-11-30,0.0
2002-12-01,0.11428338289260864
2002-12-02,0.9779203534126282
2002-12-03,4.2321085929870605
2002-12-04,1.0351500511169434
2002-12-05,9.392596244812012
2002-12-06,0.1282031089067459
2002-12-07,0.08733104914426804
2002-12-08,0.2993597984313965
2002-12-09,1.8573899269104004
2002-12-10,1.8100075721740723
2002-12-11,0.17876413464546204
2002-12-12,0.0024935826659202576
2002-12-13,0.2253062129020691
2002-12-14,0.24144579470157623
2002-12-15,0.17173251509666443
2002-12-16,2.4005987644195557
2002-12-17,0.5675235986709595
2002-12-18,0.20664158463478088
2002-12-19,0.840454638004303
2002-12-20,1.3076761960983276
2002-12-21,0.2372174859046936
2002-12-22,0.21836383640766144
2002-12-23,0.6272495985031128
2002-12-24,6.073332786560059
2002-12-25,0.0
2002-12-26,1.4838491678237915
2002-12-27,3.1579883098602295
2002-12-28,0.08923730999231339
2002-12-29,3.4906227588653564
2002-12-30,1.3697096109390259
2002-12-31,1.4943668842315674
2003-01-01,3.3761937618255615
2003-01-02,9.170719146728516
2003-01-03,0.41074851155281067
2003-01-04,1.465103030204773
2003-01-05,6.32241153717041
2003-01-06,7.711273193359375
2003-01-07,0.2278568297624588
2003-01-08,0.0
2003-01-09,0.4213596284389496
2003-01-10,15.151453971862793
2003-01-11,3.354113817214966
2003-01-12,4.1179327964782715
2003-01-13,4.348226547241211
2003-01-14,5.4592485427856445
2003-01-15,1.4874669313430786
2003-01-16,1.2199538946151733
2003-01-17,3.543444871902466
2003-01-18,21.59242057800293
2003-01-19,2.8475887775421143
2003-01-20,2.680960178375244
2003-01-21,8.412603378295898
2003-01-22,4.27103853225708
2003-01-23,10.845396041870117
2003-01-24,5.285470008850098
2003-01-25,4.127970218658447
2003-01-26,8.321820259094238
2003-01-27,2.2727198600769043
2003-01-28,0.9148203134536743
2003-01-29,1.0236130952835083
2003-01-30,0.7349057197570801
2003-01-31,0.0907285138964653
2003-02-01,0.0692380890250206
2003-02-02,0.0
2003-02-03,1.9083397388458252
2003-02-04,0.0
2003-02-05,7.256012439727783
2003-02-06,3.648798704147339
2003-02-07,1.3825453519821167
2003-02-08,10.013835906982422
2003-02-09,1.864160180091858
2003-02-10,6.370419025421143
2003-02-11,1.9959181547164917
2003-02-12,0.4975925385951996
2003-02-13,13.472396850585938
2003-02-14,0.7948415875434875
2003-02-15,0.0
2003-02-16,1.4355359077453613
2003-02-17,0.5878129601478577
2003-02-18,0.967937171459198
2003-02-19,0.0
2003-02-20,2.6936380863189697
2003-02-21,1.1131761074066162
2003-02-22,1.7049329280853271
2003-02-23,0.7792226076126099
2003-02-24,1.2410740852355957
2003-02-25,14.170180320739746
2003-02-26,0.0
2003-02-27,0.0
2003-02-28,0.0
2003-03-01,0.0
2003-03-02,1.7698845863342285
2003-03-03,6.6487860679626465
2003-03-04,3.700190782546997
2003-03-05,3.2590010166168213
2003-03-06,12.430937767028809
2003-03-07,1.1965104341506958
2003-03-08,0.8744822144508362
2003-03-09,0.010602671653032303
2003-03-10,0.0
2003-03-11,2.6769917011260986
2003-03-12,0.030710779130458832
2003-03-13,0.7727760672569275
2003-03-14,5.732328414916992
2003-03-15,2.0580475330352783
2003-03-16,3.643451452255249
2003-03-17,13.25864028930664
2003-03-18,0.5886235237121582
2003-03-19,0.0
2003-03-20,1.3779746294021606
2003-03-21,0.0
2003-03-22,0.0
2003-03-23,0.0
2003-03-24,0.0
2003-03-25,0.0
2003-03-26,0.0
2003-03-27,0.14826349914073944
2003-03-28,0.06776333600282669
2003-03-29,0.3368772268295288
2003-03-30,4.63700008392334
2003-03-31,4.537701606750488
2003-04-01,1.4904453754425049
2003-04-02,0.03335826098918915
2003-04-03,0.0872868001461029
2003-04-04,0.13609454035758972
2003-04-05,2.513587713241577
2003-04-06,0.0
2003-04-07,0.0
2003-04-08,0.0
2003-04-09,0.0
2003-04-10,0.0
2003-04-11,0.0
2003-04-12,0.0
2003-04-13,0.0
2003-04-14,0.0
2003-04-15,0.0
2003-04-16,0.0
2003-04-17,0.0
2003-04-18,0.0
2003-04-19,0.0
2003-04-20,0.0
2003-04-21,0.0
2003-04-22,0.0
2003-04-23,0.0
2003-04-24,0.0
2003-04-25,0.0
2003-04-26,0.0
2003-04-27,0.0
2003-04-28,0.0
2003-04-29,0.0
2003-04-30,0.0
2003-05-01,0.0
2003-05-02,0.0
2003-05-03,0.0
2003-05-04,0.0
2003-05-05,0.0
2003-05-06,0.0
2003-05-07,0.0
2003-05-08,0.0
2003-05-09,0.0
2003-05-10,0.0
2003-05-11,0.0
2003-05-12,0.0
2003-05-13,0.0
2003-05-14,0.0
2003-05-15,0.0
2003-05-16,0.0
2003-05-17,0.0
2003-05-18,0.0
2003-05-19,0.0
2003-05-20,0.0
2003-05-21,0.0
2003-05-22,0.0
2003-05-23,0.0
2003-05-24,0.0
2003-05-25,0.0
2003-05-26,0.0
2003-05-27,0.0
2003-05-28,0.0
2003-05-29,0.0
2003-05-30,0.0
2003-05-31,0.0
2003-06-01,0.0
2003-06-02,0.0
2003-06-03,1.9520392417907715
2003-06-04,0.0
2003-06-05,0.0
2003-06-06,0.0
2003-06-07,0.0
2003-06-08,0.0
2003-06-09,0.0
2003-06-10,0.0
2003-06-11,0.0
2003-06-12,0.0
2003-06-13,0.0
2003-06-14,0.0
2003-06-15,0.0
2003-06-16,0.0
2003-06-17,0.0
2003-06-18,0.0
2003-06-19,0.0
2003-06-20,0.0
2003-06-21,0.0
2003-06-22,0.0
2003-06-23,0.0
2003-06-24,0.0
2003-06-25,0.0
2003-06-26,0.0
2003-06-27,0.0
2003-06-28,0.0
2003-06-29,0.0
2003-06-30,0.0
2003-07-01,0.0
2003-07-02,0.0
2003-07-03,0.0
2003-07-04,0.0
2003-07-05,0.0
2003-07-06,0.0
2003-07-07,0.0
2003-07-08,0.0
2003-07-09,0.0
2003-07-10,0.0
2003-07-11,0.0
2003-07-12,0.0
2003-07-13,0.0
2003-07-14,0.0
2003-07-15,0.0
2003-07-16,0.0
2003-07-17,0.0
2003-07-18,0.0
2003-07-19,0.0
2003-07-20,0.0
2003-07-21,0.0
2003-07-22,0.0
2003-07-23,0.0
2003-07-24,0.0
2003-07-25,0.0
2003-07-26,0.02188154123723507
2003-07-27,0.061881616711616516
2003-07-28,0.0
2003-07-29,0.0913778766989708
2003-07-30,0.11342358589172363
2003-07-31,0.04207458347082138
2003-08-01,0.0
2003-08-02,0.0
2003-08-03,0.0
2003-08-04,0.0
2003-08-05,0.0
2003-08-06,0.0
2003-08-07,0.06668470799922943
2003-08-08,0.844515860080719
2003-08-09,7.625341415405273
2003-08-10,0.43088626861572266
2003-08-11,0.0
2003-08-12,0.0
2003-08-13,0.0
2003-08-14,0.0
2003-08-15,0.0
2003-08-16,0.0
2003-08-17,0.0
2003-08-18,0.0
2003-08-19,0.0
2003-08-20,0.0
2003-08-21,0.0
2003-08-22,0.0
2003-08-23,0.0
2003-08-24,0.0
2003-08-25,0.0
2003-08-26,0.0
2003-08-27,0.004712524823844433
2003-08-28,2.5860402584075928
2003-08-29,0.0
2003-08-30,0.0
2003-08-31,2.706125020980835
2003-09-01,1.3738082647323608
2003-09-02,0.5896176695823669
2003-09-03,0.08033690601587296
2003-09-04,0.0
2003-09-05,0.0514238178730011
2003-09-06,0.0
2003-09-07,0.0
2003-09-08,0.0
2003-09-09,0.0
2003-09-10,0.0
2003-09-11,0.0
2003-09-12,0.0
2003-09-13,0.0
2003-09-14,0.0
2003-09-15,0.0
2003-09-16,0.0
2003-09-17,0.0
2003-09-18,0.0
2003-09-19,0.0
2003-09-20,0.0
2003-09-21,0.03009818121790886
2003-09-22,0.0
2003-09-23,4.092789173126221
2003-09-24,4.246012210845947
2003-09-25,3.7907660007476807
2003-09-26,0.0
2003-09-27,0.0
2003-09-28,0.0
2003-09-29,0.0
2003-09-30,0.0
2003-10-01,0.0
2003-10-02,0.0
2003-10-03,0.0
2003-10-04,0.0
2003-10-05,0.0
2003-10-06,0.0
2003-10-07,0.0
2003-10-08,0.0
2003-10-09,0.0
2003-10-10,0.0
2003-10-11,2.609266996383667
2003-10-12,9.434164047241211
2003-10-13,4.777317523956299
2003-10-14,0.0
2003-10-15,0.0
2003-10-16,0.0
2003-10-17,0.0
2003-10-18,0.0
2003-10-19,0.0
2003-10-20,0.0
2003-10-21,0.0
2003-10-22,0.0
2003-10-23,0.0
2003-10-24,0.0
2003-10-25,0.0
2003-10-26,0.09943653643131256
2003-10-27,1.2039380073547363
2003-10-28,1.263708472251892
2003-10-29,0.026249902322888374
2003-10-30,1.1773617267608643
2003-10-31,0.017407897859811783
2003-11-01,0.0
2003-11-02,0.0
2003-11-03,0.0
2003-11-04,0.0
2003-11-05,0.0
2003-11-06,0.0
2003-11-07,0.0
2003-11-08,0.0
2003-11-09,1.7619855403900146
2003-11-10,1.405021071434021
2003-11-11,0.0
2003-11-12,1.7238291501998901
2003-11-13,0.3753468096256256
2003-11-14,2.031341791152954
2003-11-15,0.017462940886616707
2003-11-16,0.0
2003-11-17,0.0
2003-11-18,0.0
2003-11-19,0.0
2003-11-20,0.0
2003-11-21,0.0
2003-11-22,0.0
2003-11-23,0.0
2003-11-24,0.0
2003-11-25,0.0
2003-11-26,0.0332256481051445
2003-11-27,1.504991054534912
2003-11-28,8.561628341674805
2003-11-29,7.427152156829834
2003-11-30,1.4389417171478271
2003-12-01,1.1838328838348389
2003-12-02,6.626046657562256
2003-12-03,0.23925623297691345
2003-12-04,2.2306013107299805
2003-12-05,0.16286656260490417
2003-12-06,2.4252681732177734
2003-12-07,0.0
2003-12-08,0.029101215302944183
2003-12-09,5.3903069496154785
2003-12-10,0.0
2003-12-11,0.0
2003-12-12,1.436787486076355
2003-12-13,2.2644155025482178
2003-12-14,4.747988700866699
2003-12-15,5.355718612670898
2003-12-16,1.1419813632965088
2003-12-17,1.815915584564209
2003-12-18,0.1177511215209961
2003-12-19,0.15473529696464539
2003-12-20,12.538790702819824
2003-12-21,0.009887965396046638
2003-12-22,2.984285354614258
2003-12-23,16.765615463256836
2003-12-24,0.33141201734542847
2003-12-25,2.997196912765503
2003-12-26,2.3170201778411865
2003-12-27,5.672934532165527
2003-12-28,22.89227867126465
2003-12-29,0.4495990574359894
2003-12-30,0.5267307758331299
2003-12-31,1.5920580625534058
2004-01-01,5.164004325866699
2004-01-02,4.694575309753418
2004-01-03,0.3006194829940796
2004-01-04,0.16833513975143433
2004-01-05,0.052046746015548706
2004-01-06,10.970087051391602
2004-01-07,13.800023078918457
2004-01-08,0.6613235473632812
2004-01-09,0.7624430656433105
2004-01-10,1.2589857578277588
2004-01-11,0.6165690422058105
2004-01-12,7.043045997619629
2004-01-13,4.9556708335876465
2004-01-14,15.684642791748047
2004-01-15,0.34622451663017273
2004-01-16,0.8385172486305237
2004-01-17,0.01364007219672203
2004-01-18,0.09106703847646713
2004-01-19,0.8524705171585083
2004-01-20,2.185246229171753
2004-01-21,9.568901062011719
2004-01-22,2.6444883346557617
2004-01-23,0.8831936120986938
2004-01-24,0.36137667298316956
2004-01-25,2.375504970550537
2004-01-26,0.0
2004-01-27,0.6671111583709717
2004-01-28,0.9239276051521301
2004-01-29,0.28239765763282776
2004-01-30,0.4390004575252533
2004-01-31,0.14540819823741913
2004-02-01,0.03309990093111992
2004-02-02,0.008411918766796589
2004-02-03,0.014530071057379246
2004-02-04,0.024090977385640144
2004-02-05,0.6628017425537109
2004-02-06,0.0
2004-02-07,0.0
2004-02-08,0.0
2004-02-09,0.0
2004-02-10,0.0
2004-02-11,0.0
2004-02-12,0.9758337140083313
2004-02-13,7.917791843414307
2004-02-14,2.797093152999878
2004-02-15,0.5449932217597961
2004-02-16,4.776869773864746
2004-02-17,0.25407126545906067
2004-02-18,9.489527702331543
2004-02-19,12.195144653320312
2004-02-20,6.8858208656311035
2004-02-21,0.0
2004-02-22,0.0
2004-02-23,0.0
2004-02-24,0.0
2004-02-25,0.0
2004-02-26,0.0
2004-02-27,0.008334244601428509
2004-02-28,0.0
2004-02-29,1.513464331626892
2004-03-01,1.630049705505371
2004-03-02,0.13757887482643127
2004-03-03,7.463150501251221
2004-03-04,0.06607508659362793
2004-03-05,0.04585801064968109
2004-03-06,0.44965869188308716
2004-03-07,0.06758739799261093
2004-03-08,5.561051845550537
2004-03-09,3.177886724472046
2004-03-10,0.5527715682983398
2004-03-11,1.9522370100021362
2004-03-12,0.42286986112594604
2004-03-13,0.0016733171651139855
2004-03-14,0.01937682181596756
2004-03-15,0.10921476781368256
2004-03-16,1.2069714069366455
2004-03-17,2.8658816814422607
2004-03-18,2.435713768005371
2004-03-19,0.0
2004-03-20,0.20003734529018402
2004-03-21,1.4062188863754272
2004-03-22,0.029523974284529686
2004-03-23,0.38384583592414856
2004-03-24,3.291609764099121
2004-03-25,2.5533008575439453
2004-03-26,0.0
2004-03-27,0.0
2004-03-28,0.0
2004-03-29,0.0
2004-03-30,0.0
2004-03-31,0.0
2004-04-01,2.502439260482788
2004-04-02,2.8914754390716553
2004-04-03,0.10931476205587387
2004-04-04,1.8619012832641602
2004-04-05,2.985949754714966
2004-04-06,1.1922065019607544
2004-04-07,4.144039154052734
2004-04-08,0.09065453708171844
2004-04-09,0.0
2004-04-10,6.565014362335205
2004-04-11,4.343643665313721
2004-04-12,0.22248800098896027
2004-04-13,0.0
2004-04-14,0.11570942401885986
2004-04-15,1.5201846361160278
2004-04-16,0.0
2004-04-17,0.0
2004-04-18,0.0
2004-04-19,0.0
2004-04-20,0.0
2004-04-21,0.8779355883598328
2004-04-22,2.5580997467041016
2004-04-23,0.21135485172271729
2004-04-24,0.36835190653800964
2004-04-25,0.21135485172271729
2004-04-26,0.0
2004-04-27,0.0
2004-04-28,0.0
2004-04-29,0.0
2004-04-30,0.0
2004-05-01,0.7784590125083923
2004-05-02,0.0
2004-05-03,0.9292672276496887
2004-05-04,1.5750350952148438
2004-05-05,0.8141272664070129
2004-05-06,0.0
2004-05-07,0.0
2004-05-08,0.0
2004-05-09,0.0
2004-05-10,0.0
2004-05-11,0.0
2004-05-12,0.0
2004-05-13,0.0
2004-05-14,0.0
2004-05-15,0.0
2004-05-16,0.0
2004-05-17,0.0
2004-05-18,0.0
2004-05-19,0.0
2004-05-20,0.0
2004-05-21,0.09996573626995087
2004-05-22,0.0
2004-05-23,0.2336898148059845
2004-05-24,0.05064471438527107
2004-05-25,1.129969596862793
2004-05-26,0.0
2004-05-27,0.0
2004-05-28,0.0
2004-05-29,0.0
2004-05-30,0.0
2004-05-31,0.0
2004-06-01,0.0
2004-06-02,0.0
2004-06-03,0.0
2004-06-04,0.0
2004-06-05,0.0
2004-06-06,0.0
2004-06-07,0.23572853207588196
2004-06-08,1.9666746854782104
2004-06-09,0.2081739902496338
2004-06-10,0.0
2004-06-11,0.0
2004-06-12,0.0
2004-06-13,0.0
2004-06-14,0.0
2004-06-15,0.0
2004-06-16,0.0
2004-06-17,0.0
2004-06-18,0.0
2004-06-19,0.0
2004-06-20,0.0
2004-06-21,0.0
2004-06-22,0.3029859662055969
2004-06-23,0.0
2004-06-24,1.3441345691680908
2004-06-25,0.0
2004-06-26,0.0
2004-06-27,0.0
2004-06-28,0.0
2004-06-29,0.0
2004-06-30,0.0
2004-07-01,0.0
2004-07-02,1.7174149751663208
2004-07-03,4.230945110321045
2004-07-04,4.851217746734619
2004-07-05,3.840965986251831
2004-07-06,0.0
2004-07-07,0.0
2004-07-08,0.0
2004-07-09,0.0
2004-07-10,0.0
2004-07-11,0.0
2004-07-12,0.0
2004-07-13,0.0
2004-07-14,0.0
2004-07-15,0.0
2004-07-16,0.0
2004-07-17,0.0
2004-07-18,0.0
2004-07-19,0.0
2004-07-20,0.0
2004-07-21,0.0
2004-07-22,0.0
2004-07-23,0.0
2004-07-24,0.0
2004-07-25,0.0
2004-07-26,0.0
2004-07-27,0.0
2004-07-28,0.0
2004-07-29,0.0
2004-07-30,0.0
2004-07-31,0.0
2004-08-01,0.0
2004-08-02,0.0
2004-08-03,0.0
2004-08-04,0.0
2004-08-05,0.0
2004-08-06,0.0
2004-08-07,0.0
2004-08-08,0.0
2004-08-09,0.0
2004-08-10,0.0
2004-08-11,0.8017215728759766
2004-08-12,0.0
2004-08-13,0.0
2004-08-14,0.0
2004-08-15,0.0
2004-08-16,1.0739266872406006
2004-08-17,0.03744477033615112
2004-08-18,0.9581323266029358
2004-08-19,0.008428826928138733
2004-08-20,1.1742091178894043
2004-08-21,0.01827038824558258
2004-08-22,0.0
2004-08-23,0.02257177047431469
2004-08-24,0.43264180421829224
2004-08-25,0.7872902750968933
2004-08-26,0.0
2004-08-27,0.0
2004-08-28,0.0
2004-08-29,0.0
2004-08-30,0.0
2004-08-31,0.0
2004-09-01,0.0
2004-09-02,0.0
2004-09-03,0.0
2004-09-04,0.0
2004-09-05,0.0
2004-09-06,0.0
2004-09-07,0.0
2004-09-08,0.0
2004-09-09,0.0
2004-09-10,0.0
2004-09-11,0.0
2004-09-12,0.0
2004-09-13,0.0
2004-09-14,0.0
2004-09-15,0.0
2004-09-16,0.0
2004-09-17,0.0
2004-09-18,0.0
2004-09-19,0.0
2004-09-20,0.0
2004-09-21,0.0
2004-09-22,0.004472049884498119
2004-09-23,2.9372482299804688
2004-09-24,0.004472049884498119
2004-09-25,0.3810126483440399
2004-09-26,0.0
2004-09-27,0.0
2004-09-28,0.0
2004-09-29,0.0
2004-09-30,0.0
2004-10-01,0.0
2004-10-02,0.0
2004-10-03,0.0
2004-10-04,0.0
2004-10-05,0.0
2004-10-06,0.0
2004-10-07,0.0
2004-10-08,0.0
2004-10-09,0.0
2004-10-10,0.0
2004-10-11,0.0
2004-10-12,0.0
2004-10-13,0.0
2004-10-14,0.0
2004-10-15,0.0
2004-10-16,0.0
2004-10-17,0.0
2004-10-18,0.0
2004-10-19,0.0
2004-10-20,0.0
2004-10-21,0.0
2004-10-22,0.0
2004-10-23,0.0
2004-10-24,0.0
2004-10-25,0.0
2004-10-26,0.0
2004-10-27,0.0
2004-10-28,0.0
2004-10-29,0.0
2004-10-30,0.0
2004-10-31,0.0
2004-11-01,1.638832926750183
2004-11-02,3.101644277572632
2004-11-03,0.4432083070278168
2004-11-04,0.160507932305336
2004-11-05,0.09951725602149963
2004-11-06,1.8635610342025757
2004-11-07,3.3279592990875244
2004-11-08,4.140946388244629
2004-11-09,2.6926565170288086
2004-11-10,0.0
2004-11-11,0.0
2004-11-12,0.0
2004-11-13,0.0
2004-11-14,0.0
2004-11-15,0.0
2004-11-16,10.690194129943848
2004-11-17,16.316770553588867
2004-11-18,10.07536792755127
2004-11-19,0.008414862677454948
2004-11-20,0.607837975025177
2004-11-21,0.3295822739601135
2004-11-22,0.04830565303564072
2004-11-23,0.021680783480405807
2004-11-24,0.046375010162591934
2004-11-25,0.005493661854416132
2004-11-26,0.4483988583087921
2004-11-27,2.9310684204101562
2004-11-28,0.4842488467693329
2004-11-29,8.949344635009766
2004-11-30,3.0908467769622803
2004-12-01,0.5523812174797058
2004-12-02,0.24476803839206696
2004-12-03,0.3932003080844879
2004-12-04,2.9957029819488525
2004-12-05,5.01261568069458
2004-12-06,2.0904788970947266
2004-12-07,3.7105302810668945
2004-12-08,0.6669682860374451
2004-12-09,0.4101674556732178
2004-12-10,0.07140709459781647
2004-12-11,0.0004209142061881721
2004-12-12,4.054074764251709
2004-12-13,0.699508547782898
2004-12-14,0.21983219683170319
2004-12-15,1.9914528131484985
2004-12-16,4.8700666427612305
2004-12-17,6.957948684692383
2004-12-18,2.2748117446899414
2004-12-19,0.7044887542724609
2004-12-20,0.06779853254556656
2004-12-21,0.206710085272789
2004-12-22,1.2766931056976318
2004-12-23,4.505042552947998
2004-12-24,3.5707743167877197
2004-12-25,3.5941178798675537
2004-12-26,9.072916984558105
2004-12-27,0.29527223110198975
2004-12-28,0.5136747360229492
2004-12-29,0.11504505574703217
2004-12-30,0.5677367448806763
2004-12-31,2.2212793827056885
2005-01-01,0.3069448173046112
2005-01-02,6.878352642059326
2005-01-03,4.264004230499268
2005-01-04,0.0
2005-01-05,0.0
2005-01-06,0.0
2005-01-07,0.11921655386686325
2005-01-08,0.0020765108056366444
2005-01-09,0.08351422101259232
2005-01-10,1.3650349378585815
2005-01-11,6.181071758270264
2005-01-12,0.9740269184112549
2005-01-13,15.257820129394531
2005-01-14,8.519367218017578
2005-01-15,5.241177558898926
2005-01-16,12.74612045288086
2005-01-17,0.1405811756849289
2005-01-18,0.0
2005-01-19,0.030752932652831078
2005-01-20,0.2094101905822754
2005-01-21,0.6051375865936279
2005-01-22,0.46652477979660034
2005-01-23,15.106941223144531
2005-01-24,8.779784202575684
2005-01-25,5.78736686706543
2005-01-26,0.23840390145778656
2005-01-27,0.0
2005-01-28,0.0
2005-01-29,0.0
2005-01-30,0.02549346350133419
2005-01-31,12.021998405456543
2005-02-01,0.33375993371009827
2005-02-02,0.0
2005-02-03,0.007952372543513775
2005-02-04,0.051533281803131104
2005-02-05,0.0
2005-02-06,1.2273447513580322
2005-02-07,0.1049034371972084
2005-02-08,6.8355913162231445
2005-02-09,1.7404685020446777
2005-02-10,17.847536087036133
2005-02-11,2.9486401081085205
2005-02-12,5.822634220123291
2005-02-13,2.4486069679260254
2005-02-14,5.496181488037109
2005-02-15,13.014036178588867
2005-02-16,0.0
2005-02-17,0.0
2005-02-18,0.0
2005-02-19,0.0
2005-02-20,0.0
2005-02-21,0.17153127491474152
2005-02-22,0.3453733026981354
2005-02-23,3.121904134750366
2005-02-24,0.6143140196800232
2005-02-25,0.4024655222892761
2005-02-26,0.14474734663963318
2005-02-27,0.05981863662600517
2005-02-28,0.08381945639848709
2005-03-01,0.0
2005-03-02,0.0
2005-03-03,0.0
2005-03-04,0.0
2005-03-05,0.0
2005-03-06,0.0
2005-03-07,0.48903515934944153
2005-03-08,0.0
2005-03-09,2.3739330768585205
2005-03-10,0.3220302164554596
2005-03-11,0.42490509152412415
2005-03-12,7.924881935119629
2005-03-13,1.0041028261184692
2005-03-14,0.40896084904670715
2005-03-15,0.0
2005-03-16,0.0
2005-03-17,0.0
2005-03-18,0.0
2005-03-19,0.0
2005-03-20,0.0
2005-03-21,0.0
2005-03-22,0.0
2005-03-23,0.0
2005-03-24,0.0
2005-03-25,0.0
2005-03-26,0.0
2005-03-27,0.06663134694099426
2005-03-28,0.05918309837579727
2005-03-29,1.352168083190918
2005-03-30,8.919149398803711
2005-03-31,0.915063738822937
2005-04-01,0.23091910779476166
2005-04-02,0.0
2005-04-03,11.776992797851562
2005-04-04,0.0
2005-04-05,0.0
2005-04-06,0.033402927219867706
2005-04-07,0.033402927219867706
2005-04-08,0.5024653077125549
2005-04-09,0.06538444757461548
2005-04-10,0.033402927219867706
2005-04-11,0.0
2005-04-12,0.0
2005-04-13,0.0
2005-04-14,0.0
2005-04-15,0.0
2005-04-16,0.0
2005-04-17,0.11248417943716049
2005-04-18,1.82949960231781
2005-04-19,0.0
2005-04-20,0.0
2005-04-21,0.0
2005-04-22,0.0
2005-04-23,0.0
2005-04-24,0.12038177996873856
2005-04-25,14.352200508117676
2005-04-26,0.0
2005-04-27,0.0
2005-04-28,0.0
2005-04-29,0.0
2005-04-30,0.0
2005-05-01,0.0
2005-05-02,0.0
2005-05-03,0.0
2005-05-04,0.0
2005-05-05,0.0
2005-05-06,0.08757029473781586
2005-05-07,0.02593068592250347
2005-05-08,0.0
2005-05-09,0.0
2005-05-10,0.016935067251324654
2005-05-11,0.0
2005-05-12,0.0
2005-05-13,0.0
2005-05-14,0.0
2005-05-15,0.0
2005-05-16,0.0
2005-05-17,0.0
2005-05-18,0.0
2005-05-19,0.0
2005-05-20,0.0
2005-05-21,4.130415916442871
2005-05-22,1.6689130067825317
2005-05-23,0.0
2005-05-24,0.0
2005-05-25,0.0
2005-05-26,0.0
2005-05-27,0.0
2005-05-28,0.0
2005-05-29,0.0
2005-05-30,0.0
2005-05-31,0.0
2005-06-01,0.0
2005-06-02,0.0
2005-06-03,0.0
2005-06-04,0.0
2005-06-05,0.0
2005-06-06,0.0
2005-06-07,0.0
2005-06-08,0.0
2005-06-09,0.0
2005-06-10,0.0
2005-06-11,0.05404634028673172
2005-06-12,0.015824034810066223
2005-06-13,0.05672190338373184
2005-06-14,0.015824034810066223
2005-06-15,0.015824034810066223
2005-06-16,0.0
2005-06-17,0.0
2005-06-18,0.0
2005-06-19,0.0
2005-06-20,0.0
2005-06-21,0.0
2005-06-22,0.0
2005-06-23,0.0
2005-06-24,0.0
2005-06-25,0.0
2005-06-26,0.0
2005-06-27,0.0
2005-06-28,0.0
2005-06-29,0.0
2005-06-30,0.0
2005-07-01,0.0
2005-07-02,0.0
2005-07-03,0.0
2005-07-04,0.0
2005-07-05,0.0
2005-07-06,0.0
2005-07-07,0.0
2005-07-08,0.0
2005-07-09,0.0
2005-07-10,0.0
2005-07-11,0.0
2005-07-12,0.0
2005-07-13,0.0
2005-07-14,0.0
2005-07-15,0.0
2005-07-16,0.0
2005-07-17,0.0
2005-07-18,0.0
2005-07-19,0.0
2005-07-20,0.0
2005-07-21,0.0
2005-07-22,0.11072935909032822
2005-07-23,0.06863053888082504
2005-07-24,0.0
2005-07-25,0.20641884207725525
2005-07-26,0.0
2005-07-27,0.0
2005-07-28,0.0
2005-07-29,0.0
2005-07-30,0.0
2005-07-31,0.0
2005-08-01,0.0
2005-08-02,0.0
2005-08-03,0.0
2005-08-04,0.0
2005-08-05,0.0
2005-08-06,0.0
2005-08-07,0.0
2005-08-08,0.0
2005-08-09,0.0
2005-08-10,0.0
2005-08-11,0.0
2005-08-12,0.0
2005-08-13,0.0
2005-08-14,0.0
2005-08-15,0.0
2005-08-16,0.0
2005-08-17,0.0
2005-08-18,0.0
2005-08-19,0.0
2005-08-20,0.0
2005-08-21,0.0
2005-08-22,0.0
2005-08-23,0.0
2005-08-24,0.0
2005-08-25,0.0
2005-08-26,0.0
2005-08-27,0.0
2005-08-28,0.0
2005-08-29,0.0
2005-08-30,0.0
2005-08-31,0.0
2005-09-01,0.0
2005-09-02,0.0
2005-09-03,0.0
2005-09-04,0.0
2005-09-05,0.0
2005-09-06,0.0
2005-09-07,0.0
2005-09-08,0.0
2005-09-09,0.0
2005-09-10,0.0
2005-09-11,0.0
2005-09-12,0.0
2005-09-13,0.0
2005-09-14,0.0
2005-09-15,0.0
2005-09-16,0.0
2005-09-17,0.0
2005-09-18,0.0
2005-09-19,0.0
2005-09-20,0.0
2005-09-21,0.04449811950325966
2005-09-22,0.01907418668270111
2005-09-23,0.0
2005-09-24,0.3076213300228119
2005-09-25,1.475713849067688
2005-09-26,0.0
2005-09-27,0.0
2005-09-28,0.0
2005-09-29,0.0
2005-09-30,0.0
2005-10-01,0.04618017002940178
2005-10-02,0.0
2005-10-03,0.030917439609766006
2005-10-04,0.0023369931150227785
2005-10-05,14.45666217803955
2005-10-06,0.03435589745640755
2005-10-07,1.8872252702713013
2005-10-08,0.407375305891037
2005-10-09,0.8160904049873352
2005-10-10,0.5553659796714783
2005-10-11,0.0
2005-10-12,0.0
2005-10-13,0.0
2005-10-14,0.0
2005-10-15,0.0
2005-10-16,0.0
2005-10-17,0.0
2005-10-18,0.0
2005-10-19,0.0
2005-10-20,0.0
2005-10-21,0.0
2005-10-22,0.0
2005-10-23,0.0
2005-10-24,0.0
2005-10-25,0.0
2005-10-26,10.393473625183105
2005-10-27,0.0
2005-10-28,0.32413968443870544
2005-10-29,0.04665171355009079
2005-10-30,0.3812545835971832
2005-10-31,0.0
2005-11-01,0.0
2005-11-02,0.0
2005-11-03,0.0
2005-11-04,0.0
2005-11-05,0.0
2005-11-06,0.9757832884788513
2005-11-07,0.12388890236616135
2005-11-08,0.07627706974744797
2005-11-09,3.3605008125305176
2005-11-10,7.4133620262146
2005-11-11,3.8906192779541016
2005-11-12,0.4227255880832672
2005-11-13,0.1832026243209839
2005-11-14,0.7022095322608948
2005-11-15,4.467285633087158
2005-11-16,7.364419460296631
2005-11-17,0.003213005606085062
2005-11-18,2.364936351776123
2005-11-19,19.71877670288086
2005-11-20,3.1542344093322754
2005-11-21,1.199949026107788
2005-11-22,5.022307872772217
2005-11-23,1.4891270399093628
2005-11-24,0.08840794861316681
2005-11-25,37.7698974609375
2005-11-26,0.0
2005-11-27,0.0
2005-11-28,0.0
2005-11-29,0.0
2005-11-30,0.0
2005-12-01,0.19869136810302734
2005-12-02,0.5481761693954468
2005-12-03,4.548995494842529
2005-12-04,6.229515075683594
2005-12-05,0.3949069678783417
2005-12-06,5.480725288391113
2005-12-07,0.1465284675359726
2005-12-08,0.03765542432665825
2005-12-09,0.04218306392431259
2005-12-10,0.27868497371673584
2005-12-11,0.09268204867839813
2005-12-12,0.0
2005-12-13,0.09985224902629852
2005-12-14,1.2679929733276367
2005-12-15,2.2406628131866455
2005-12-16,2.842730760574341
2005-12-17,0.10874596983194351
2005-12-18,1.282664179801941
2005-12-19,0.0
2005-12-20,0.17528723180294037
2005-12-21,0.693993330001831
2005-12-22,0.2500705420970917
2005-12-23,0.3884376287460327
2005-12-24,3.3005826473236084
2005-12-25,3.3660058975219727
2005-12-26,1.093824028968811
2005-12-27,0.8388001322746277
2005-12-28,1.2779461145401
2005-12-29,2.115787982940674
2005-12-30,3.5146079063415527
2005-12-31,7.070731163024902
2006-01-01,4.284012794494629
2006-01-02,14.118939399719238
2006-01-03,5.767814636230469
2006-01-04,2.9020326137542725
2006-01-05,0.3371703028678894
2006-01-06,0.0
2006-01-07,0.0
2006-01-08,0.0
2006-01-09,0.0
2006-01-10,0.0
2006-01-11,11.3179292678833
2006-01-12,5.105965614318848
2006-01-13,7.025108814239502
2006-01-14,13.78691577911377
2006-01-15,4.289944648742676
2006-01-16,5.638025760650635
2006-01-17,1.7196446657180786
2006-01-18,4.651941299438477
2006-01-19,4.486783504486084
2006-01-20,1.0844902992248535
2006-01-21,13.801002502441406
2006-01-22,0.42774441838264465
2006-01-23,0.17038027942180634
2006-01-24,0.3628813624382019
2006-01-25,8.695606231689453
2006-01-26,10.515368461608887
2006-01-27,0.6679629683494568
2006-01-28,12.15243148803711
2006-01-29,1.0028871297836304
2006-01-30,1.004271388053894
2006-01-31,1.6476304531097412
2006-02-01,0.35838034749031067
2006-02-02,0.21826009452342987
2006-02-03,0.03662262484431267
2006-02-04,1.5358319282531738
2006-02-05,0.7978814840316772
2006-02-06,6.8321452140808105
2006-02-07,3.211031436920166
2006-02-08,3.530271291732788
2006-02-09,7.793868541717529
2006-02-10,5.788288116455078
2006-02-11,0.0117284981533885
2006-02-12,4.044488430023193
2006-02-13,0.27007460594177246
2006-02-14,0.9527366757392883
2006-02-15,0.08232300728559494
2006-02-16,0.3639349043369293
2006-02-17,0.5331153273582458
2006-02-18,0.1561136543750763
2006-02-19,0.06613633036613464
2006-02-20,3.059335947036743
2006-02-21,0.00029148938483558595
2006-02-22,0.09009413421154022
2006-02-23,7.770410060882568
2006-02-24,0.4478392004966736
2006-02-25,0.036124348640441895
2006-02-26,0.0
2006-02-27,0.0
2006-02-28,0.0
2006-03-01,0.013338466174900532
2006-03-02,0.03739507123827934
2006-03-03,11.8421049118042
2006-03-04,1.747930645942688
2006-03-05,0.0
2006-03-06,1.1626920700073242
2006-03-07,0.0
2006-03-08,0.0
2006-03-09,0.6894221901893616
2006-03-10,1.0472649335861206
2006-03-11,0.35973143577575684
2006-03-12,1.7126325368881226
2006-03-13,5.897891998291016
2006-03-14,2.274984121322632
2006-03-15,0.0534868985414505
2006-03-16,0.18749932944774628
2006-03-17,0.0
2006-03-18,1.7666925191879272
2006-03-19,0.07789318263530731
2006-03-20,0.14892436563968658
2006-03-21,1.9546546936035156
2006-03-22,1.3394972085952759
2006-03-23,6.4817681312561035
2006-03-24,5.8898444175720215
2006-03-25,2.662212610244751
2006-03-26,0.2077929824590683
2006-03-27,0.08843106776475906
2006-03-28,0.06824307888746262
2006-03-29,8.094244956970215
2006-03-30,0.0563235841691494
2006-03-31,0.08930747210979462
2006-04-01,6.539087295532227
2006-04-02,0.8151934742927551
2006-04-03,1.8482787609100342
2006-04-04,0.5941118001937866
2006-04-05,0.37174537777900696
2006-04-06,1.2087887525558472
2006-04-07,0.03370019048452377
2006-04-08,0.0817200168967247
2006-04-09,0.029267223551869392
2006-04-10,0.0
2006-04-11,0.0
2006-04-12,0.0
2006-04-13,1.2052770853042603
2006-04-14,1.310259222984314
2006-04-15,4.756359577178955
2006-04-16,0.0
2006-04-17,0.0
2006-04-18,0.0
2006-04-19,0.0
2006-04-20,0.0
2006-04-21,0.0
2006-04-22,0.0
2006-04-23,0.0
2006-04-24,0.0
2006-04-25,0.0
2006-04-26,0.0
2006-04-27,0.0
2006-04-28,0.0
2006-04-29,0.0
2006-04-30,0.0
2006-05-01,0.0
2006-05-02,0.0
2006-05-03,0.0
2006-05-04,0.0
2006-05-05,0.0
2006-05-06,0.0
2006-05-07,0.0
2006-05-08,0.0
2006-05-09,0.0
2006-05-10,0.0
2006-05-11,0.0
2006-05-12,0.0
2006-05-13,0.0
2006-05-14,0.0
2006-05-15,0.0
2006-05-16,0.0
2006-05-17,0.0
2006-05-18,0.0
2006-05-19,0.0
2006-05-20,0.0
2006-05-21,0.0
2006-05-22,0.0
2006-05-23,0.0
2006-05-24,0.0
2006-05-25,0.0
2006-05-26,0.0
2006-05-27,0.0
2006-05-28,0.0
2006-05-29,0.0
2006-05-30,0.0
2006-05-31,0.0
2006-06-01,0.0
2006-06-02,0.0
2006-06-03,0.0
2006-06-04,0.0
2006-06-05,0.0
2006-06-06,1.1728752851486206
2006-06-07,0.0
2006-06-08,0.0
2006-06-09,0.0
2006-06-10,0.0
2006-06-11,1.7680952548980713
2006-06-12,0.0
2006-06-13,0.0
2006-06-14,0.5893650650978088
2006-06-15,0.0
2006-06-16,0.0
2006-06-17,0.0
2006-06-18,0.0
2006-06-19,0.0
2006-06-20,0.0
2006-06-21,0.0
2006-06-22,0.0
2006-06-23,0.0
2006-06-24,0.0
2006-06-25,0.0
2006-06-26,0.0
2006-06-27,0.0
2006-06-28,0.0
2006-06-29,0.0
2006-06-30,0.0
2006-07-01,0.0
2006-07-02,0.0
2006-07-03,0.0
2006-07-04,0.0
2006-07-05,0.0
2006-07-06,0.0
2006-07-07,0.0
2006-07-08,0.0
2006-07-09,0.0
2006-07-10,0.0
2006-07-11,0.0
2006-07-12,0.0
2006-07-13,0.0
2006-07-14,0.0
2006-07-15,0.0
2006-07-16,0.0
2006-07-17,0.0
2006-07-18,0.0
2006-07-19,0.0
2006-07-20,0.0
2006-07-21,0.0
2006-07-22,0.0
2006-07-23,0.0
2006-07-24,0.0
2006-07-25,0.0
2006-07-26,0.012484767474234104
2006-07-27,0.0
2006-07-28,0.012934109196066856
2006-07-29,3.209378480911255
2006-07-30,0.00811699777841568
2006-07-31,0.054913949221372604
2006-08-01,0.0
2006-08-02,0.0
2006-08-03,0.0
2006-08-04,0.0
2006-08-05,0.0
2006-08-06,0.0
2006-08-07,0.0
2006-08-08,0.0
2006-08-09,0.0
2006-08-10,0.0
2006-08-11,0.42358359694480896
2006-08-12,2.362919807434082
2006-08-13,0.8066113591194153
2006-08-14,0.42358359694480896
2006-08-15,4.4549736976623535
2006-08-16,6.250761032104492
2006-08-17,0.5682510137557983
2006-08-18,0.5682510137557983
2006-08-19,0.5682510137557983
2006-08-20,3.40950608253479
2006-08-21,0.08302100747823715
2006-08-22,0.08074019849300385
2006-08-23,0.1646905243396759
2006-08-24,0.05719689279794693
2006-08-25,0.0
2006-08-26,0.0
2006-08-27,0.0
2006-08-28,0.0
2006-08-29,0.0
2006-08-30,0.0
2006-08-31,0.0
2006-09-01,0.0
2006-09-02,0.0
2006-09-03,0.0
2006-09-04,0.0
2006-09-05,0.0
2006-09-06,0.0
2006-09-07,0.0
2006-09-08,0.0
2006-09-09,0.0
2006-09-10,0.0
2006-09-11,0.0
2006-09-12,0.0
2006-09-13,0.0
2006-09-14,0.0
2006-09-15,0.0
2006-09-16,0.38168010115623474
2006-09-17,0.38168010115623474
2006-09-18,0.398131787776947
2006-09-19,1.1412014961242676
2006-09-20,5.330908298492432
2006-09-21,2.45981502532959
2006-09-22,0.0
2006-09-23,0.0
2006-09-24,0.4939148724079132
2006-09-25,0.03931005671620369
2006-09-26,0.0824977457523346
2006-09-27,16.497495651245117
2006-09-28,4.069692611694336
2006-09-29,1.2533893585205078
2006-09-30,0.0
2006-10-01,0.0
2006-10-02,4.287127494812012
2006-10-03,0.2273835986852646
2006-10-04,0.0
2006-10-05,1.2287135124206543
2006-10-06,0.341774582862854
2006-10-07,2.202547550201416
2006-10-08,0.260399729013443
2006-10-09,0.5967492461204529
2006-10-10,0.179024800658226
2006-10-11,0.0
2006-10-12,0.0
2006-10-13,0.0
2006-10-14,0.0
2006-10-15,0.0
2006-10-16,2.3747193813323975
2006-10-17,2.8537161350250244
2006-10-18,0.45930957794189453
2006-10-19,0.0
2006-10-20,1.4132869243621826
2006-10-21,0.0
2006-10-22,1.7945038080215454
2006-10-23,9.277320861816406
2006-10-24,0.16132256388664246
2006-10-25,2.1950345039367676
2006-10-26,1.2477374076843262
2006-10-27,0.0886991024017334
2006-10-28,3.132545232772827
2006-10-29,12.215932846069336
2006-10-30,0.531341552734375
2006-10-31,3.8260881900787354
2006-11-01,3.1905834674835205
2006-11-02,0.0
2006-11-03,0.0007942701922729611
2006-11-04,0.011119781993329525
2006-11-05,0.0
2006-11-06,0.21899139881134033
2006-11-07,12.841964721679688
2006-11-08,1.9536206722259521
2006-11-09,1.8975770473480225
2006-11-10,3.5019466876983643
2006-11-11,0.0
2006-11-12,0.0
2006-11-13,0.0
2006-11-14,0.0
2006-11-15,0.0
2006-11-16,0.0
2006-11-17,0.2109619528055191
2006-11-18,0.10940137505531311
2006-11-19,6.303603172302246
2006-11-20,2.0931177139282227
2006-11-21,0.01897205412387848
2006-11-22,0.02055305801331997
2006-11-23,0.23634466528892517
2006-11-24,0.059663545340299606
2006-11-25,4.963993072509766
2006-11-26,1.6613125801086426
2006-11-27,6.914485454559326
2006-11-28,6.550839900970459
2006-11-29,0.0
2006-11-30,2.610104560852051
2006-12-01,2.1518747806549072
2006-12-02,3.534179210662842
2006-12-03,1.0804914236068726
2006-12-04,3.529942512512207
2006-12-05,0.0
2006-12-06,1.6787534952163696
2006-12-07,0.9527003765106201
2006-12-08,9.133184432983398
2006-12-09,0.16070237755775452
2006-12-10,0.3572872281074524
2006-12-11,0.0
2006-12-12,0.0
2006-12-13,0.0
2006-12-14,0.23091363906860352
2006-12-15,3.6007158756256104
2006-12-16,0.12105365842580795
2006-12-17,0.0
2006-12-18,8.5232572555542
2006-12-19,2.0370757579803467
2006-12-20,1.4505175352096558
2006-12-21,6.887690544128418
2006-12-22,0.023642785847187042
2006-12-23,7.409022808074951
2006-12-24,0.3516097664833069
2006-12-25,5.484808921813965
2006-12-26,2.0272891521453857
2006-12-27,0.10064313560724258
2006-12-28,0.16185490787029266
2006-12-29,0.02917633019387722
2006-12-30,1.2452305555343628
2006-12-31,0.3816829025745392
2007-01-01,2.19309663772583
2007-01-02,3.9037673473358154
2007-01-03,7.83944034576416
2007-01-04,1.5208799839019775
2007-01-05,1.117187261581421
2007-01-06,3.112592935562134
2007-01-07,0.9977303743362427
2007-01-08,6.077276229858398
2007-01-09,3.1186954975128174
2007-01-10,1.294653296470642
2007-01-11,0.3546295464038849
2007-01-12,5.9765496253967285
2007-01-13,0.8314996957778931
2007-01-14,24.773229598999023
2007-01-15,2.207507848739624
2007-01-16,9.863077163696289
2007-01-17,0.3278246223926544
2007-01-18,0.31615200638771057
2007-01-19,0.04359680414199829
2007-01-20,2.087085008621216
2007-01-21,2.791677474975586
2007-01-22,0.09450040757656097
2007-01-23,0.010673007927834988
2007-01-24,4.766263484954834
2007-01-25,0.12100861966609955
2007-01-26,8.110507011413574
2007-01-27,0.0
2007-01-28,0.7131262421607971
2007-01-29,1.484556794166565
2007-01-30,24.042150497436523
2007-01-31,1.5707285404205322
2007-02-01,0.7446983456611633
2007-02-02,0.0
2007-02-03,0.07632968574762344
2007-02-04,0.0
2007-02-05,4.247098445892334
2007-02-06,0.0
2007-02-07,12.311046600341797
2007-02-08,1.1992876529693604
2007-02-09,3.4013783931732178
2007-02-10,1.7877861261367798
2007-02-11,0.9965640902519226
2007-02-12,0.4265696704387665
2007-02-13,11.133023262023926
2007-02-14,11.979077339172363
2007-02-15,8.156747817993164
2007-02-16,4.235259056091309
2007-02-17,0.00033304671524092555
2007-02-18,6.207512855529785
2007-02-19,2.354299783706665
2007-02-20,11.820073127746582
2007-02-21,0.1333187371492386
2007-02-22,0.19731098413467407
2007-02-23,2.2196693420410156
2007-02-24,1.6509495973587036
2007-02-25,0.26187223196029663
2007-02-26,0.2056112289428711
2007-02-27,3.32875919342041
2007-02-28,4.17350959777832
2007-03-01,1.275012493133545
2007-03-02,0.21063221991062164
2007-03-03,2.105001211166382
2007-03-04,0.11073774099349976
2007-03-05,6.312981128692627
2007-03-06,0.4635202884674072
2007-03-07,0.5924729108810425
2007-03-08,0.19577039778232574
2007-03-09,1.1444584131240845
2007-03-10,10.042576789855957
2007-03-11,5.379798412322998
2007-03-12,0.1823285073041916
2007-03-13,0.3370095491409302
2007-03-14,0.019756754860281944
2007-03-15,3.7500643730163574
2007-03-16,4.27042818069458
2007-03-17,4.637884140014648
2007-03-18,6.748751163482666
2007-03-19,0.0
2007-03-20,0.0
2007-03-21,0.0
2007-03-22,0.0
2007-03-23,0.0
2007-03-24,0.0
2007-03-25,0.0
2007-03-26,0.0
2007-03-27,0.0
2007-03-28,0.0
2007-03-29,0.01144376490265131
2007-03-30,1.389371633529663
2007-03-31,3.3369030952453613
2007-04-01,2.4773805141448975
2007-04-02,0.07451969385147095
2007-04-03,3.3167812824249268
2007-04-04,0.24706009030342102
2007-04-05,3.585125684738159
2007-04-06,0.0
2007-04-07,0.0
2007-04-08,0.0
2007-04-09,0.0
2007-04-10,0.0
2007-04-11,0.0
2007-04-12,0.0
2007-04-13,11.798929214477539
2007-04-14,0.18004930019378662
2007-04-15,0.0
2007-04-16,0.0
2007-04-17,0.0
2007-04-18,0.0
2007-04-19,0.0
2007-04-20,0.0
2007-04-21,0.0
2007-04-22,0.0
2007-04-23,0.0
2007-04-24,0.0
2007-04-25,0.0
2007-04-26,3.4908926486968994
2007-04-27,4.352194309234619
2007-04-28,0.043397001922130585
2007-04-29,1.2438607215881348
2007-04-30,0.10144338011741638
2007-05-01,0.0
2007-05-02,0.0
2007-05-03,0.0
2007-05-04,0.0
2007-05-05,0.0
2007-05-06,2.1170568466186523
2007-05-07,0.6884942054748535
2007-05-08,3.528468608856201
2007-05-09,2.727888822555542
2007-05-10,0.15936598181724548
2007-05-11,0.0
2007-05-12,0.0
2007-05-13,0.0
2007-05-14,0.0
2007-05-15,0.0
2007-05-16,0.0
2007-05-17,0.4714694619178772
2007-05-18,0.21375305950641632
2007-05-19,0.44878286123275757
2007-05-20,0.3344019651412964
2007-05-21,0.0
2007-05-22,1.7433853149414062
2007-05-23,0.14623932540416718
2007-05-24,0.29871752858161926
2007-05-25,0.4439658224582672
2007-05-26,0.0
2007-05-27,0.0
2007-05-28,0.0
2007-05-29,0.0
2007-05-30,0.0
2007-05-31,0.0
2007-06-01,0.0
2007-06-02,0.0
2007-06-03,0.0
2007-06-04,0.0
2007-06-05,0.0
2007-06-06,0.0
2007-06-07,0.0
2007-06-08,0.0
2007-06-09,0.0
2007-06-10,0.0
2007-06-11,0.0
2007-06-12,0.0
2007-06-13,0.0
2007-06-14,0.0
2007-06-15,0.0
2007-06-16,0.0
2007-06-17,0.0
2007-06-18,0.0
2007-06-19,0.0
2007-06-20,0.0
2007-06-21,0.0
2007-06-22,0.0
2007-06-23,0.0
2007-06-24,3.231431245803833
2007-06-25,0.4022935628890991
2007-06-26,0.7875235676765442
2007-06-27,2.1340219974517822
2007-06-28,0.0
2007-06-29,0.0
2007-06-30,0.0
2007-07-01,0.0
2007-07-02,0.0
2007-07-03,0.0
2007-07-04,0.0
2007-07-05,0.0
2007-07-06,0.0
2007-07-07,0.17223495244979858
2007-07-08,3.725343942642212
2007-07-09,4.981006622314453
2007-07-10,4.347334861755371
2007-07-11,0.0
2007-07-12,0.0
2007-07-13,0.0
2007-07-14,0.0
2007-07-15,0.0
2007-07-16,0.0
2007-07-17,0.0
2007-07-18,0.0
2007-07-19,0.0
2007-07-20,0.0
2007-07-21,0.0
2007-07-22,0.0
2007-07-23,0.0
2007-07-24,0.0
2007-07-25,0.0
2007-07-26,0.0
2007-07-27,0.0
2007-07-28,0.0
2007-07-29,0.0
2007-07-30,0.0
2007-07-31,0.0
2007-08-01,0.0
2007-08-02,0.0
2007-08-03,0.0
2007-08-04,0.0
2007-08-05,0.0
2007-08-06,0.0
2007-08-07,2.0183651447296143
2007-08-08,0.0
2007-08-09,1.6361345052719116
2007-08-10,0.0
2007-08-11,0.0
2007-08-12,0.0
2007-08-13,0.0
2007-08-14,0.0
2007-08-15,0.0
2007-08-16,0.0
2007-08-17,0.0
2007-08-18,0.0
2007-08-19,0.0
2007-08-20,0.0
2007-08-21,0.0
2007-08-22,0.0
2007-08-23,0.0
2007-08-24,0.0
2007-08-25,0.0
2007-08-26,0.0
2007-08-27,0.0
2007-08-28,0.0
2007-08-29,0.0
2007-08-30,0.0
2007-08-31,0.0
2007-09-01,0.0
2007-09-02,0.7412782907485962
2007-09-03,2.936307907104492
2007-09-04,1.7418866157531738
2007-09-05,0.0
2007-09-06,0.2609403431415558
2007-09-07,2.59991717338562
2007-09-08,2.9875104427337646
2007-09-09,2.4241676330566406
2007-09-10,0.11833275854587555
2007-09-11,0.0
2007-09-12,0.0
2007-09-13,0.0
2007-09-14,0.0
2007-09-15,0.0
2007-09-16,1.7168827056884766
2007-09-17,0.3892498016357422
2007-09-18,0.0
2007-09-19,3.9328179359436035
2007-09-20,0.10610392689704895
2007-09-21,0.3612957298755646
2007-09-22,1.2138079404830933
2007-09-23,0.43081626296043396
2007-09-24,6.6975932121276855
2007-09-25,0.1620146483182907
2007-09-26,0.0
2007-09-27,0.0
2007-09-28,0.0
2007-09-29,0.0
2007-09-30,0.0
2007-10-01,0.0
2007-10-02,0.0
2007-10-03,0.008222105912864208
2007-10-04,0.24709700047969818
2007-10-05,0.2582462430000305
2007-10-06,0.0028702435083687305
2007-10-07,0.18204043805599213
2007-10-08,2.2567355632781982
2007-10-09,0.21518656611442566
2007-10-10,2.123079776763916
2007-10-11,0.0690641850233078
2007-10-12,0.02413601242005825
2007-10-13,1.4857653379440308
2007-10-14,0.9098673462867737
2007-10-15,0.10820154845714569
2007-10-16,2.7431132793426514
2007-10-17,9.54909610748291
2007-10-18,0.07673005759716034
2007-10-19,2.7640492916107178
2007-10-20,1.0011236667633057
2007-10-21,0.0
2007-10-22,0.0
2007-10-23,3.0694377422332764
2007-10-24,0.283648282289505
2007-10-25,0.0
2007-10-26,0.2334377020597458
2007-10-27,0.2334377020597458
2007-10-28,0.2334377020597458
2007-10-29,0.2334377020597458
2007-10-30,1.6340638399124146
2007-10-31,0.2334377020597458
2007-11-01,0.0
2007-11-02,0.24761979281902313
2007-11-03,0.0
2007-11-04,5.5737128257751465
2007-11-05,1.0456370115280151
2007-11-06,0.0
2007-11-07,0.0
2007-11-08,0.0
2007-11-09,0.0
2007-11-10,0.0
2007-11-11,0.22019131481647491
2007-11-12,0.0
2007-11-13,0.0
2007-11-14,2.0685391426086426
2007-11-15,3.928436040878296
2007-11-16,0.2003398984670639
2007-11-17,0.24573445320129395
2007-11-18,3.0649077892303467
2007-11-19,5.123435020446777
2007-11-20,20.05739974975586
2007-11-21,2.113323211669922
2007-11-22,0.4193871319293976
2007-11-23,7.130566596984863
2007-11-24,19.42508316040039
2007-11-25,0.0028742486611008644
2007-11-26,0.0
2007-11-27,0.21677160263061523
2007-11-28,0.15867260098457336
2007-11-29,0.8268243670463562
2007-11-30,0.8708842396736145
2007-12-01,13.073953628540039
2007-12-02,1.391348123550415
2007-12-03,2.588099956512451
2007-12-04,4.20133113861084
2007-12-05,0.05698319897055626
2007-12-06,0.9572014212608337
2007-12-07,0.0
2007-12-08,0.0
2007-12-09,11.025972366333008
2007-12-10,0.2825947105884552
2007-12-11,0.6960588097572327
2007-12-12,3.629272699356079
2007-12-13,0.0016343033639714122
2007-12-14,0.18813341856002808
2007-12-15,13.521073341369629
2007-12-16,10.16604232788086
2007-12-17,3.730407238006592
2007-12-18,7.326279163360596
2007-12-19,1.6071099042892456
2007-12-20,0.26796582341194153
2007-12-21,5.315439701080322
2007-12-22,3.9033191204071045
2007-12-23,0.531627893447876
2007-12-24,3.4292516708374023
2007-12-25,0.03810513764619827
2007-12-26,0.0
2007-12-27,0.0
2007-12-28,0.12877419590950012
2007-12-29,0.04946928471326828
2007-12-30,0.5524795651435852
2007-12-31,8.844711303710938
2008-01-01,0.2628610134124756
2008-01-02,0.5903065204620361
2008-01-03,2.7922592163085938
2008-01-04,3.5377769470214844
2008-01-05,5.245932579040527
2008-01-06,1.4135956764221191
2008-01-07,7.501199722290039
2008-01-08,1.076378583908081
2008-01-09,12.904634475708008
2008-01-10,1.4502298831939697
2008-01-11,5.213689804077148
2008-01-12,10.14348030090332
2008-01-13,0.4233132004737854
2008-01-14,0.1962101012468338
2008-01-15,1.4406613111495972
2008-01-16,0.8414705395698547
2008-01-17,0.5666526556015015
2008-01-18,0.06333322077989578
2008-01-19,2.5933430194854736
2008-01-20,31.68124771118164
2008-01-21,5.373109817504883
2008-01-22,16.374614715576172
2008-01-23,4.50555419921875
2008-01-24,4.538296222686768
2008-01-25,6.449315547943115
2008-01-26,4.379542350769043
2008-01-27,8.144058227539062
2008-01-28,5.198146820068359
2008-01-29,1.9172160625457764
2008-01-30,7.579182147979736
2008-01-31,21.619380950927734
2008-02-01,0.13075581192970276
2008-02-02,2.6912410259246826
2008-02-03,1.4883124828338623
2008-02-04,0.007895653136074543
2008-02-05,0.0
2008-02-06,0.03414199501276016
2008-02-07,1.6349588632583618
2008-02-08,0.8546610474586487
2008-02-09,0.25781285762786865
2008-02-10,4.807186126708984
2008-02-11,4.11937952041626
2008-02-12,0.032404810190200806
2008-02-13,0.04222937300801277
2008-02-14,0.0
2008-02-15,1.4372224807739258
2008-02-16,10.071035385131836
2008-02-17,0.2975946366786957
2008-02-18,1.1557310819625854
2008-02-19,0.043361786752939224
2008-02-20,2.5434396266937256
2008-02-21,3.0665805339813232
2008-02-22,3.404651165008545
2008-02-23,25.700475692749023
2008-02-24,1.0475956201553345
2008-02-25,3.5996556282043457
2008-02-26,3.3298442363739014
2008-02-27,6.7232794761657715
2008-02-28,4.058063507080078
2008-02-29,0.017133526504039764
2008-03-01,0.9864503741264343
2008-03-02,0.054428841918706894
2008-03-03,0.06266507506370544
2008-03-04,1.8453048467636108
2008-03-05,2.9043376445770264
2008-03-06,1.006490707397461
2008-03-07,16.791017532348633
2008-03-08,9.47524356842041
2008-03-09,3.320909023284912
2008-03-10,8.958552360534668
2008-03-11,7.467044353485107
2008-03-12,4.613644599914551
2008-03-13,2.4731712341308594
2008-03-14,0.22071439027786255
2008-03-15,0.0
2008-03-16,0.0
2008-03-17,0.0
2008-03-18,0.0
2008-03-19,0.0
2008-03-20,0.0
2008-03-21,0.0
2008-03-22,0.0
2008-03-23,0.0
2008-03-24,0.0
2008-03-25,0.0
2008-03-26,0.0
2008-03-27,0.0
2008-03-28,0.0
2008-03-29,0.0
2008-03-30,0.0
2008-03-31,0.0
2008-04-01,4.0963029861450195
2008-04-02,1.8380229473114014
2008-04-03,4.633380889892578
2008-04-04,3.075380802154541
2008-04-05,1.2068889141082764
2008-04-06,0.0
2008-04-07,0.0
2008-04-08,0.0
2008-04-09,0.0
2008-04-10,0.0
2008-04-11,0.0
2008-04-12,0.0
2008-04-13,0.0
2008-04-14,0.0
2008-04-15,0.0
2008-04-16,0.0
2008-04-17,0.0
2008-04-18,0.0
2008-04-19,0.0
2008-04-20,0.0
2008-04-21,0.0
2008-04-22,0.0
2008-04-23,0.0
2008-04-24,0.0
2008-04-25,0.0
2008-04-26,0.0
2008-04-27,0.0
2008-04-28,0.0
2008-04-29,1.5425219535827637
2008-04-30,6.750368595123291
2008-05-01,0.0
2008-05-02,0.0
2008-05-03,0.0
2008-05-04,0.0
2008-05-05,0.0
2008-05-06,0.0
2008-05-07,0.0
2008-05-08,0.0
2008-05-09,0.0
2008-05-10,0.0
2008-05-11,2.789822816848755
2008-05-12,2.038755416870117
2008-05-13,0.41098862886428833
2008-05-14,0.12243951857089996
2008-05-15,0.0
2008-05-16,0.0
2008-05-17,0.0
2008-05-18,0.0
2008-05-19,0.0
2008-05-20,0.0
2008-05-21,0.0
2008-05-22,0.0
2008-05-23,0.0
2008-05-24,0.0
2008-05-25,0.0
2008-05-26,0.0
2008-05-27,0.0
2008-05-28,0.0
2008-05-29,0.0
2008-05-30,0.0
2008-05-31,0.0
2008-06-01,0.0
2008-06-02,0.0
2008-06-03,0.0
2008-06-04,0.0
2008-06-05,0.0
2008-06-06,0.0
2008-06-07,0.0
2008-06-08,0.0
2008-06-09,0.0
2008-06-10,0.0
2008-06-11,0.658402144908905
2008-06-12,1.0830720663070679
2008-06-13,0.0
2008-06-14,0.0
2008-06-15,0.3342547118663788
2008-06-16,0.0
2008-06-17,0.0
2008-06-18,0.0
2008-06-19,0.0
2008-06-20,0.0
2008-06-21,0.0
2008-06-22,0.0
2008-06-23,0.0
2008-06-24,0.0
2008-06-25,0.0
2008-06-26,0.0
2008-06-27,0.0
2008-06-28,0.0
2008-06-29,0.0
2008-06-30,0.0
2008-07-01,0.0
2008-07-02,0.0
2008-07-03,0.0
2008-07-04,0.0
2008-07-05,0.0
2008-07-06,0.0
2008-07-07,0.0
2008-07-08,0.0
2008-07-09,0.0
2008-07-10,0.0
2008-07-11,0.0
2008-07-12,0.0
2008-07-13,0.0
2008-07-14,0.0
2008-07-15,0.0
2008-07-16,0.0
2008-07-17,0.0
2008-07-18,0.0
2008-07-19,0.0
2008-07-20,0.0
2008-07-21,0.0
2008-07-22,0.0
2008-07-23,0.0
2008-07-24,0.0
2008-07-25,0.0
2008-07-26,0.0
2008-07-27,0.0
2008-07-28,0.0
2008-07-29,0.0
2008-07-30,0.0
2008-07-31,0.0
2008-08-01,4.328241348266602
2008-08-02,1.74337899684906
2008-08-03,0.0685284435749054
2008-08-04,0.0
2008-08-05,0.0
2008-08-06,0.0
2008-08-07,0.0
2008-08-08,0.0
2008-08-09,0.0
2008-08-10,0.0
2008-08-11,0.0
2008-08-12,0.0
2008-08-13,0.0
2008-08-14,0.0
2008-08-15,0.0
2008-08-16,0.0
2008-08-17,0.0
2008-08-18,0.0
2008-08-19,0.0
2008-08-20,0.0
2008-08-21,0.0
2008-08-22,0.0
2008-08-23,0.0
2008-08-24,0.0
2008-08-25,0.0
2008-08-26,0.0
2008-08-27,0.0
2008-08-28,0.0
2008-08-29,0.0
2008-08-30,0.0
2008-08-31,0.0
2008-09-01,0.0
2008-09-02,0.0
2008-09-03,0.0
2008-09-04,0.0
2008-09-05,0.0
2008-09-06,0.0
2008-09-07,0.0
2008-09-08,0.0
2008-09-09,0.0
2008-09-10,0.0
2008-09-11,0.0
2008-09-12,0.0
2008-09-13,0.0
2008-09-14,0.0
2008-09-15,0.0
2008-09-16,0.0
2008-09-17,0.0
2008-09-18,0.0
2008-09-19,0.0
2008-09-20,0.0
2008-09-21,0.0
2008-09-22,0.0
2008-09-23,0.0
2008-09-24,0.0
2008-09-25,0.0
2008-09-26,0.0
2008-09-27,0.0
2008-09-28,0.09587431699037552
2008-09-29,0.1759750097990036
2008-09-30,0.08690617978572845
2008-10-01,0.0
2008-10-02,0.0
2008-10-03,0.44429054856300354
2008-10-04,0.772124707698822
2008-10-05,2.201653242111206
2008-10-06,0.0
2008-10-07,0.0
2008-10-08,0.0
2008-10-09,0.0
2008-10-10,0.0
2008-10-11,0.0
2008-10-12,0.0
2008-10-13,0.0
2008-10-14,0.0
2008-10-15,0.0
2008-10-16,0.0
2008-10-17,0.0
2008-10-18,0.0
2008-10-19,0.0
2008-10-20,0.0
2008-10-21,0.0
2008-10-22,0.036377109587192535
2008-10-23,0.04948221519589424
2008-10-24,0.10816503316164017
2008-10-25,0.1800985187292099
2008-10-26,2.2750425338745117
2008-10-27,3.4745354652404785
2008-10-28,0.2965176999568939
2008-10-29,1.0288875102996826
2008-10-30,10.774810791015625
2008-10-31,0.0746387243270874
2008-11-01,0.023319901898503304
2008-11-02,0.11850135773420334
2008-11-03,0.0
2008-11-04,6.25573205947876
2008-11-05,0.34522974491119385
2008-11-06,2.6760952472686768
2008-11-07,3.039428472518921
2008-11-08,1.9007700681686401
2008-11-09,0.0
2008-11-10,3.124903678894043
2008-11-11,0.0
2008-11-12,0.0
2008-11-13,0.0
2008-11-14,0.0
2008-11-15,0.0
2008-11-16,0.3500472903251648
2008-11-17,0.0
2008-11-18,0.0
2008-11-19,0.6885457038879395
2008-11-20,2.232651710510254
2008-11-21,0.004193225875496864
2008-11-22,1.3069889545440674
2008-11-23,0.43035197257995605
2008-11-24,0.7796168327331543
2008-11-25,0.07606874406337738
2008-11-26,4.6798095703125
2008-11-27,0.5352310538291931
2008-11-28,0.0
2008-11-29,1.1437406539916992
2008-11-30,1.5411831140518188
2008-12-01,0.07532699406147003
2008-12-02,0.5161522626876831
2008-12-03,0.10364082455635071
2008-12-04,0.010783669538795948
2008-12-05,0.01766383834183216
2008-12-06,0.3688441216945648
2008-12-07,0.07071839272975922
2008-12-08,0.06242828443646431
2008-12-09,1.4539119005203247
2008-12-10,7.882221698760986
2008-12-11,11.078139305114746
2008-12-12,0.01972559280693531
2008-12-13,0.03433110937476158
2008-12-14,3.1612040996551514
2008-12-15,0.04052960127592087
2008-12-16,1.1395636796951294
2008-12-17,1.8785444498062134
2008-12-18,0.9929419755935669
2008-12-19,3.100804090499878
2008-12-20,0.876899003982544
2008-12-21,15.006484985351562
2008-12-22,4.504313945770264
2008-12-23,2.061580181121826
2008-12-24,4.601431369781494
2008-12-25,8.670007705688477
2008-12-26,4.585115432739258
2008-12-27,0.6721926331520081
2008-12-28,1.009711503982544
2008-12-29,2.302464485168457
2008-12-30,0.3048052191734314
2008-12-31,0.16311226785182953
2009-01-01,3.2919960021972656
2009-01-02,4.927819728851318
2009-01-03,12.82960319519043
2009-01-04,0.028383003547787666
2009-01-05,0.14938487112522125
2009-01-06,0.0
2009-01-07,1.4492439031600952
2009-01-08,0.47827285528182983
2009-01-09,0.6225129961967468
2009-01-10,0.1108216643333435
2009-01-11,2.4182310104370117
2009-01-12,0.06324605643749237
2009-01-13,2.4886317253112793
2009-01-14,0.608436644077301
2009-01-15,11.508052825927734
2009-01-16,20.140644073486328
2009-01-17,3.9518251419067383
2009-01-18,1.7956820726394653
2009-01-19,7.211210250854492
2009-01-20,0.22537265717983246
2009-01-21,0.29772910475730896
2009-01-22,0.1530333161354065
2009-01-23,0.27098190784454346
2009-01-24,0.24582761526107788
2009-01-25,1.3236184120178223
2009-01-26,0.33093687891960144
2009-01-27,0.015677908435463905
2009-01-28,0.007725900039076805
2009-01-29,0.0041153309866786
2009-01-30,0.008732041344046593
2009-01-31,0.020015887916088104
2009-02-01,0.06985979527235031
2009-02-02,0.31346598267555237
2009-02-03,0.0828244537115097
2009-02-04,7.289811611175537
2009-02-05,0.013229784555733204
2009-02-06,0.7138912081718445
2009-02-07,6.101431846618652
2009-02-08,0.4937542974948883
2009-02-09,23.200031280517578
2009-02-10,7.231935977935791
2009-02-11,14.057568550109863
2009-02-12,1.671791434288025
2009-02-13,1.9646649360656738
2009-02-14,6.107609272003174
2009-02-15,1.3104430437088013
2009-02-16,0.10524552315473557
2009-02-17,0.9175096750259399
2009-02-18,0.6250277757644653
2009-02-19,2.1081368923187256
2009-02-20,5.24638032913208
2009-02-21,0.31181496381759644
2009-02-22,0.26177728176116943
2009-02-23,1.1223890781402588
2009-02-24,3.16348934173584
2009-02-25,12.783659934997559
2009-02-26,0.0
2009-02-27,0.0
2009-02-28,0.0
2009-03-01,0.9355983734130859
2009-03-02,17.392765045166016
2009-03-03,2.1133201122283936
2009-03-04,0.1454346477985382
2009-03-05,0.5766324400901794
2009-03-06,0.0
2009-03-07,0.0
2009-03-08,0.0
2009-03-09,0.0
2009-03-10,0.0
2009-03-11,0.0
2009-03-12,0.0
2009-03-13,0.0
2009-03-14,0.0
2009-03-15,0.0
2009-03-16,0.0
2009-03-17,7.532192707061768
2009-03-18,4.191105842590332
2009-03-19,0.43653133511543274
2009-03-20,3.4433670043945312
2009-03-21,0.0
2009-03-22,0.0
2009-03-23,0.0
2009-03-24,0.0
2009-03-25,0.0
2009-03-26,2.284912109375
2009-03-27,0.08236927539110184
2009-03-28,0.000903827662114054
2009-03-29,1.9402238130569458
2009-03-30,0.03549820929765701
2009-03-31,1.5002425909042358
2009-04-01,0.03002220392227173
2009-04-02,0.0
2009-04-03,0.0
2009-04-04,0.0
2009-04-05,6.312745094299316
2009-04-06,0.2505544424057007
2009-04-07,6.95811128616333
2009-04-08,9.260951042175293
2009-04-09,0.12790563702583313
2009-04-10,0.8608648777008057
2009-04-11,0.0
2009-04-12,0.0
2009-04-13,0.0
2009-04-14,0.0
2009-04-15,0.0
2009-04-16,0.0
2009-04-17,0.0
2009-04-18,0.0
2009-04-19,0.0
2009-04-20,0.0
2009-04-21,0.0
2009-04-22,0.0
2009-04-23,0.0
2009-04-24,0.0
2009-04-25,0.0
2009-04-26,0.0
2009-04-27,0.0
2009-04-28,0.0
2009-04-29,0.0
2009-04-30,0.0
2009-05-01,0.0
2009-05-02,0.0
2009-05-03,0.0
2009-05-04,0.0
2009-05-05,0.0
2009-05-06,0.0
2009-05-07,0.0
2009-05-08,0.0
2009-05-09,0.0
2009-05-10,0.0
2009-05-11,0.0
2009-05-12,0.0
2009-05-13,0.0
2009-05-14,0.0
2009-05-15,0.0
2009-05-16,0.0
2009-05-17,0.0
2009-05-18,0.0
2009-05-19,0.0
2009-05-20,0.0
2009-05-21,0.0
2009-05-22,0.0
2009-05-23,0.0
2009-05-24,0.0
2009-05-25,0.0
2009-05-26,0.0
2009-05-27,0.0
2009-05-28,3.0787532329559326
2009-05-29,6.296152591705322
2009-05-30,0.0
2009-05-31,0.0
2009-06-01,0.0
2009-06-02,0.0
2009-06-03,0.0
2009-06-04,0.0
2009-06-05,0.0
2009-06-06,0.0
2009-06-07,0.0
2009-06-08,0.0
2009-06-09,0.0
2009-06-10,0.0
2009-06-11,0.0
2009-06-12,0.0
2009-06-13,0.0
2009-06-14,0.0
2009-06-15,0.0
2009-06-16,0.0
2009-06-17,0.0
2009-06-18,0.0
2009-06-19,0.0
2009-06-20,0.0
2009-06-21,0.0
2009-06-22,0.0
2009-06-23,0.0
2009-06-24,0.0
2009-06-25,0.0
2009-06-26,0.0
2009-06-27,0.0
2009-06-28,0.0
2009-06-29,0.0
2009-06-30,0.0
2009-07-01,0.0
2009-07-02,0.0
2009-07-03,0.0
2009-07-04,0.0
2009-07-05,0.0
2009-07-06,0.0
2009-07-07,0.0
2009-07-08,0.0
2009-07-09,0.0
2009-07-10,0.0
2009-07-11,0.0
2009-07-12,0.0
2009-07-13,0.0
2009-07-14,0.0
2009-07-15,0.0
2009-07-16,0.0
2009-07-17,0.0
2009-07-18,0.0
2009-07-19,0.0
2009-07-20,0.0
2009-07-21,0.3224833011627197
2009-07-22,0.0
2009-07-23,0.0
2009-07-24,0.20896179974079132
2009-07-25,0.002957473509013653
2009-07-26,0.0
2009-07-27,0.0
2009-07-28,0.0
2009-07-29,0.0
2009-07-30,0.0
2009-07-31,0.0
2009-08-01,0.0
2009-08-02,0.0
2009-08-03,0.0
2009-08-04,0.0
2009-08-05,0.0
2009-08-06,0.0
2009-08-07,0.0
2009-08-08,0.0
2009-08-09,0.0
2009-08-10,0.0
2009-08-11,0.0
2009-08-12,0.0
2009-08-13,0.0
2009-08-14,0.0
2009-08-15,0.0
2009-08-16,0.0
2009-08-17,0.0
2009-08-18,0.0
2009-08-19,0.0
2009-08-20,0.0
2009-08-21,0.0
2009-08-22,0.0
2009-08-23,0.0
2009-08-24,0.0
2009-08-25,0.0
2009-08-26,0.0
2009-08-27,0.0
2009-08-28,0.0
2009-08-29,0.0
2009-08-30,0.0
2009-08-31,0.0
2009-09-01,0.0
2009-09-02,0.0
2009-09-03,0.0
2009-09-04,0.0
2009-09-05,0.0
2009-09-06,0.0
2009-09-07,0.0
2009-09-08,0.0
2009-09-09,0.0
2009-09-10,0.0
2009-09-11,0.0
2009-09-12,0.0
2009-09-13,0.0
2009-09-14,0.0
2009-09-15,0.0
2009-09-16,0.0
2009-09-17,0.0
2009-09-18,0.0
2009-09-19,0.0
2009-09-20,0.0
2009-09-21,0.0
2009-09-22,0.0
2009-09-23,0.0
2009-09-24,0.0
2009-09-25,0.0
2009-09-26,0.0
2009-09-27,0.0
2009-09-28,0.0
2009-09-29,0.0
2009-09-30,0.0
2009-10-01,2.5042645931243896
2009-10-02,4.805467128753662
2009-10-03,0.1989252269268036
2009-10-04,1.066595435142517
2009-10-05,0.8648121953010559
2009-10-06,3.2023465633392334
2009-10-07,1.2186627388000488
2009-10-08,0.0
2009-10-09,4.638489246368408
2009-10-10,0.019399352371692657
2009-10-11,0.0
2009-10-12,0.0
2009-10-13,0.0
2009-10-14,0.0
2009-10-15,0.0
2009-10-16,0.0038040748331695795
2009-10-17,0.24632813036441803
2009-10-18,0.27843156456947327
2009-10-19,1.3429745435714722
2009-10-20,0.23483212292194366
2009-10-21,0.6503149271011353
2009-10-22,0.0
2009-10-23,0.0
2009-10-24,3.4004111289978027
2009-10-25,3.057365655899048
2009-10-26,3.7825191020965576
2009-10-27,11.259805679321289
2009-10-28,0.0
2009-10-29,0.0
2009-10-30,0.017307143658399582
2009-10-31,0.0
2009-11-01,0.0
2009-11-02,0.03633914887905121
2009-11-03,0.0
2009-11-04,0.03876594454050064
2009-11-05,0.2897508442401886
2009-11-06,0.3602888286113739
2009-11-07,0.0
2009-11-08,6.851574897766113
2009-11-09,0.5919203758239746
2009-11-10,0.01538746990263462
2009-11-11,8.211775779724121
2009-11-12,0.20683640241622925
2009-11-13,5.927344799041748
2009-11-14,0.33502820134162903
2009-11-15,9.119847297668457
2009-11-16,0.5414011478424072
2009-11-17,0.6178617477416992
2009-11-18,2.8732516765594482
2009-11-19,9.16318130493164
2009-11-20,8.397658348083496
2009-11-21,8.012933731079102
2009-11-22,1.0313913822174072
2009-11-23,2.675353527069092
2009-11-24,0.38331276178359985
2009-11-25,0.1422746479511261
2009-11-26,1.314026951789856
2009-11-27,0.6790407299995422
2009-11-28,0.007501608692109585
2009-11-29,13.849031448364258
2009-11-30,1.6101443767547607
2009-12-01,9.172200202941895
2009-12-02,10.922342300415039
2009-12-03,3.653956413269043
2009-12-04,1.1489447355270386
2009-12-05,0.15839992463588715
2009-12-06,0.1789207011461258
2009-12-07,0.29934796690940857
2009-12-08,1.3291635513305664
2009-12-09,0.08946686238050461
2009-12-10,2.5987367630004883
2009-12-11,0.0494823083281517
2009-12-12,0.02316482551395893
2009-12-13,0.003054336877539754
2009-12-14,0.0
2009-12-15,0.013151955790817738
2009-12-16,4.33482027053833
2009-12-17,2.8524436950683594
2009-12-18,4.192485809326172
2009-12-19,10.750555038452148
2009-12-20,1.6747909784317017
2009-12-21,11.69974422454834
2009-12-22,0.36639752984046936
2009-12-23,0.02176079712808132
2009-12-24,2.700906753540039
2009-12-25,7.478633403778076
2009-12-26,1.7677663564682007
2009-12-27,3.5023629665374756
2009-12-28,2.6063928604125977
2009-12-29,6.766598224639893
2009-12-30,3.4397671222686768
2009-12-31,0.7390027046203613
2010-01-01,0.3775205910205841
2010-01-02,0.42838388681411743
2010-01-03,7.597133159637451
2010-01-04,2.178199529647827
2010-01-05,0.0
2010-01-06,0.19547371566295624
2010-01-07,9.770974159240723
2010-01-08,2.508256196975708
2010-01-09,1.314284086227417
2010-01-10,0.6812278032302856
2010-01-11,0.022855404764413834
2010-01-12,0.13410420715808868
2010-01-13,7.770959854125977
2010-01-14,4.937300682067871
2010-01-15,0.2787609398365021
2010-01-16,0.0019594954792410135
2010-01-17,3.5734915733337402
2010-01-18,0.0
2010-01-19,4.021825790405273
2010-01-20,14.673041343688965
2010-01-21,0.11767375469207764
2010-01-22,0.0005680343019776046
2010-01-23,0.5488240122795105
2010-01-24,0.3977137506008148
2010-01-25,0.8186370134353638
2010-01-26,2.7386481761932373
2010-01-27,10.050508499145508
2010-01-28,1.0243141651153564
2010-01-29,1.0335290431976318
2010-01-30,4.983017921447754
2010-01-31,13.013805389404297
2010-02-01,8.69633960723877
2010-02-02,0.6616389751434326
2010-02-03,0.05706141144037247
2010-02-04,0.32125797867774963
2010-02-05,14.948472023010254
2010-02-06,3.163999557495117
2010-02-07,1.6365008354187012
2010-02-08,0.2757197320461273
2010-02-09,0.6391773819923401
2010-02-10,0.6225592494010925
2010-02-11,15.863426208496094
2010-02-12,0.5308515429496765
2010-02-13,0.12242870777845383
2010-02-14,0.0
2010-02-15,2.4960038661956787
2010-02-16,10.474954605102539
2010-02-17,1.7649946212768555
2010-02-18,1.508499264717102
2010-02-19,0.7979980111122131
2010-02-20,3.171959161758423
2010-02-21,4.231314182281494
2010-02-22,0.9034826755523682
2010-02-23,2.1938860416412354
2010-02-24,2.5481112003326416
2010-02-25,6.425707817077637
2010-02-26,0.0
2010-02-27,0.0
2010-02-28,0.0
2010-03-01,3.933011531829834
2010-03-02,8.781011581420898
2010-03-03,4.8327789306640625
2010-03-04,2.7977259159088135
2010-03-05,3.8379104137420654
2010-03-06,0.0
2010-03-07,0.0
2010-03-08,0.0
2010-03-09,0.0
2010-03-10,0.0
2010-03-11,0.5811259150505066
2010-03-12,7.094006061553955
2010-03-13,0.04769100993871689
2010-03-14,0.6065799593925476
2010-03-15,0.08876805752515793
2010-03-16,0.0
2010-03-17,0.0
2010-03-18,0.0
2010-03-19,0.0
2010-03-20,0.0
2010-03-21,1.230299949645996
2010-03-22,2.244995355606079
2010-03-23,1.1644428968429565
2010-03-24,12.779178619384766
2010-03-25,0.11437065899372101
2010-03-26,0.0
2010-03-27,0.0
2010-03-28,0.0
2010-03-29,0.0
2010-03-30,0.0
2010-03-31,0.0
2010-04-01,0.0
2010-04-02,0.0
2010-04-03,0.0
2010-04-04,0.0
2010-04-05,0.0
2010-04-06,0.0
2010-04-07,0.0
2010-04-08,0.0
2010-04-09,0.0
2010-04-10,0.0
2010-04-11,0.0
2010-04-12,0.0
2010-04-13,0.0
2010-04-14,0.0
2010-04-15,0.0
2010-04-16,1.054101586341858
2010-04-17,0.2531910538673401
2010-04-18,0.17568358778953552
2010-04-19,0.9390706419944763
2010-04-20,1.0916249752044678
2010-04-21,0.0
2010-04-22,1.2759922742843628
2010-04-23,2.175063371658325
2010-04-24,0.0
2010-04-25,0.0
2010-04-26,0.0
2010-04-27,0.0
2010-04-28,0.0
2010-04-29,0.0
2010-04-30,0.0
2010-05-01,0.0
2010-05-02,0.0
2010-05-03,0.0
2010-05-04,0.0
2010-05-05,0.0
2010-05-06,0.0
2010-05-07,0.0
2010-05-08,0.0
2010-05-09,0.0
2010-05-10,0.0
2010-05-11,0.0
2010-05-12,0.0
2010-05-13,0.0
2010-05-14,0.0
2010-05-15,0.0
2010-05-16,0.0
2010-05-17,0.0
2010-05-18,0.0
2010-05-19,0.0
2010-05-20,0.0
2010-05-21,0.05427100509405136
2010-05-22,0.022329917177557945
2010-05-23,2.6976499557495117
2010-05-24,2.742302179336548
2010-05-25,0.0
2010-05-26,0.0
2010-05-27,0.0
2010-05-28,0.0
2010-05-29,0.0
2010-05-30,0.0
2010-05-31,0.0
2010-06-01,0.0
2010-06-02,0.0
2010-06-03,0.0
2010-06-04,0.0
2010-06-05,0.0
2010-06-06,1.6726868152618408
2010-06-07,0.09698143601417542
2010-06-08,0.0
2010-06-09,0.1284436583518982
2010-06-10,0.0
2010-06-11,0.0
2010-06-12,0.0
2010-06-13,0.0
2010-06-14,0.0
2010-06-15,0.0
2010-06-16,0.0
2010-06-17,0.0
2010-06-18,0.0
2010-06-19,0.0
2010-06-20,0.0
2010-06-21,0.0
2010-06-22,0.0
2010-06-23,0.0
2010-06-24,0.0
2010-06-25,0.0
2010-06-26,0.0
2010-06-27,0.0
2010-06-28,0.0
2010-06-29,0.0
2010-06-30,0.0
2010-07-01,0.0
2010-07-02,0.0
2010-07-03,0.0
2010-07-04,0.0
2010-07-05,0.0
2010-07-06,0.0
2010-07-07,0.0
2010-07-08,0.0
2010-07-09,0.0
2010-07-10,0.0
2010-07-11,0.0
2010-07-12,0.0
2010-07-13,0.0
2010-07-14,0.0
2010-07-15,0.0
2010-07-16,0.0
2010-07-17,0.0
2010-07-18,0.0
2010-07-19,0.0
2010-07-20,0.0
2010-07-21,0.0
2010-07-22,0.0
2010-07-23,0.0
2010-07-24,0.0
2010-07-25,0.0
2010-07-26,0.0
2010-07-27,0.0
2010-07-28,0.0
2010-07-29,0.0
2010-07-30,0.0
2010-07-31,0.0
2010-08-01,0.0
2010-08-02,0.0
2010-08-03,0.005773213692009449
2010-08-04,1.6846237182617188
2010-08-05,0.0
2010-08-06,0.0
2010-08-07,0.0
2010-08-08,0.0
2010-08-09,0.0
2010-08-10,0.0
2010-08-11,0.0
2010-08-12,0.0
2010-08-13,0.0
2010-08-14,0.0
2010-08-15,0.0
2010-08-16,0.0
2010-08-17,0.0
2010-08-18,0.0
2010-08-19,0.0
2010-08-20,0.0
2010-08-21,0.0
2010-08-22,0.0
2010-08-23,0.0
2010-08-24,0.0
2010-08-25,0.0
2010-08-26,0.0
2010-08-27,0.0
2010-08-28,0.0
2010-08-29,0.0
2010-08-30,0.0
2010-08-31,0.0
2010-09-01,0.0
2010-09-02,0.0
2010-09-03,0.0
2010-09-04,0.0
2010-09-05,0.0
2010-09-06,0.0
2010-09-07,0.0
2010-09-08,0.0
2010-09-09,0.0
2010-09-10,0.0
2010-09-11,0.0
2010-09-12,0.0
2010-09-13,0.0
2010-09-14,0.0
2010-09-15,0.0
2010-09-16,0.0
2010-09-17,0.0
2010-09-18,0.0
2010-09-19,0.0
2010-09-20,0.0
2010-09-21,0.0
2010-09-22,0.0
2010-09-23,0.0
2010-09-24,0.0
2010-09-25,0.0
2010-09-26,0.0
2010-09-27,0.0
2010-09-28,0.0
2010-09-29,0.0
2010-09-30,0.0
2010-10-01,0.2748164236545563
2010-10-02,2.3948657512664795
2010-10-03,0.35621213912963867
2010-10-04,0.0
2010-10-05,0.0
2010-10-06,0.0
2010-10-07,0.0
2010-10-08,0.0
2010-10-09,0.0
2010-10-10,0.0
2010-10-11,0.0
2010-10-12,0.0
2010-10-13,0.0
2010-10-14,0.0
2010-10-15,0.0
2010-10-16,0.0
2010-10-17,0.0
2010-10-18,0.0
2010-10-19,0.0
2010-10-20,0.0
2010-10-21,4.387679100036621
2010-10-22,1.0860213041305542
2010-10-23,2.389336347579956
2010-10-24,0.0
2010-10-25,0.0
2010-10-26,1.605877161026001
2010-10-27,1.2182477712631226
2010-10-28,0.0
2010-10-29,0.002390239154919982
2010-10-30,0.4135001301765442
2010-10-31,5.183187007904053
2010-11-01,0.0
2010-11-02,0.0
2010-11-03,0.0
2010-11-04,0.0
2010-11-05,0.0
2010-11-06,0.0
2010-11-07,0.0
2010-11-08,0.0
2010-11-09,0.0
2010-11-10,0.0
2010-11-11,0.0
2010-11-12,0.0
2010-11-13,0.0
2010-11-14,0.0
2010-11-15,0.0
2010-11-16,0.0
2010-11-17,0.0
2010-11-18,0.0
2010-11-19,0.0
2010-11-20,0.0
2010-11-21,0.0
2010-11-22,0.036237407475709915
2010-11-23,5.049645900726318
2010-11-24,2.402383327484131
2010-11-25,0.1578255444765091
2010-11-26,0.0
2010-11-27,0.17139391601085663
2010-11-28,0.3085007965564728
2010-11-29,8.69459056854248
2010-11-30,0.017422929406166077
2010-12-01,0.0
2010-12-02,0.0
2010-12-03,0.0
2010-12-04,0.0
2010-12-05,0.0
2010-12-06,0.0
2010-12-07,1.5100433826446533
2010-12-08,0.5259112119674683
2010-12-09,3.778533935546875
2010-12-10,3.1903209686279297
2010-12-11,0.0025758889969438314
2010-12-12,0.28321659564971924
2010-12-13,15.565058708190918
2010-12-14,0.0031051593832671642
2010-12-15,0.0
2010-12-16,0.0
2010-12-17,0.0
2010-12-18,0.0
2010-12-19,0.0
2010-12-20,0.0
2010-12-21,15.705735206604004
2010-12-22,0.034293364733457565
2010-12-23,1.7904832363128662
2010-12-24,2.1634392738342285
2010-12-25,7.6035685539245605
2010-12-26,13.118350982666016
2010-12-27,5.779993057250977
2010-12-28,5.4267401695251465
2010-12-29,14.190348625183105
2010-12-30,1.2515606880187988
2010-12-31,0.13676787912845612
2011-01-01,0.016043638810515404
2011-01-02,0.007238841615617275
2011-01-03,0.002207506215199828
2011-01-04,0.0037237564101815224
2011-01-05,0.310748428106308
2011-01-06,1.2735015153884888
2011-01-07,0.06541164219379425
2011-01-08,1.7868458032608032
2011-01-09,0.11922022700309753
2011-01-10,0.4180733859539032
2011-01-11,0.3097461462020874
2011-01-12,8.193548202514648
2011-01-13,3.9229462146759033
2011-01-14,0.35695260763168335
2011-01-15,1.8540629148483276
2011-01-16,0.0
2011-01-17,1.4169039726257324
2011-01-18,3.6765875816345215
2011-01-19,0.0
2011-01-20,6.6992058753967285
2011-01-21,1.9663333892822266
2011-01-22,0.12689761817455292
2011-01-23,3.466428279876709
2011-01-24,16.490432739257812
2011-01-25,0.4316923916339874
2011-01-26,0.45839565992355347
2011-01-27,0.0
2011-01-28,5.605344772338867
2011-01-29,0.3078251779079437
2011-01-30,0.34892335534095764
2011-01-31,0.3254888951778412
2011-02-01,3.8884191513061523
2011-02-02,1.297295093536377
2011-02-03,0.2260647565126419
2011-02-04,20.07672691345215
2011-02-05,17.992855072021484
2011-02-06,12.396574974060059
2011-02-07,11.832894325256348
2011-02-08,17.835521697998047
2011-02-09,3.2637953758239746
2011-02-10,3.357201337814331
2011-02-11,11.080835342407227
2011-02-12,0.32754409313201904
2011-02-13,0.660865068435669
2011-02-14,1.6106672286987305
2011-02-15,0.07940766960382462
2011-02-16,0.5106999278068542
2011-02-17,0.39857494831085205
2011-02-18,6.074872016906738
2011-02-19,5.755424499511719
2011-02-20,3.2271530628204346
2011-02-21,3.379838705062866
2011-02-22,1.783683180809021
2011-02-23,3.863142490386963
2011-02-24,14.94002628326416
2011-02-25,7.248100280761719
2011-02-26,12.905901908874512
2011-02-27,3.959730625152588
2011-02-28,0.0
2011-03-01,4.404473781585693
2011-03-02,1.9120984077453613
2011-03-03,4.073824405670166
2011-03-04,1.66706383228302
2011-03-05,0.4381554424762726
2011-03-06,0.5332993865013123
2011-03-07,4.221733570098877
2011-03-08,6.939105033874512
2011-03-09,3.2742865085601807
2011-03-10,17.8317928314209
2011-03-11,0.01509125716984272
2011-03-12,0.3992835581302643
2011-03-13,0.36353054642677307
2011-03-14,2.0621232986450195
2011-03-15,0.21175850927829742
2011-03-16,0.0
2011-03-17,0.22537681460380554
2011-03-18,0.6071048378944397
2011-03-19,22.930240631103516
2011-03-20,0.04821442812681198
2011-03-21,0.0
2011-03-22,0.0
2011-03-23,0.0
2011-03-24,0.0
2011-03-25,0.0
2011-03-26,0.007999129593372345
2011-03-27,3.497408628463745
2011-03-28,0.41774865984916687
2011-03-29,12.510401725769043
2011-03-30,0.055355507880449295
2011-03-31,0.03171613812446594
2011-04-01,0.5733379125595093
2011-04-02,7.4129743576049805
2011-04-03,0.5175126791000366
2011-04-04,0.5142196416854858
2011-04-05,3.138756036758423
2011-04-06,0.0
2011-04-07,0.0
2011-04-08,0.0
2011-04-09,0.0
2011-04-10,0.0
2011-04-11,0.0
2011-04-12,0.0
2011-04-13,0.0
2011-04-14,0.0
2011-04-15,0.0
2011-04-16,0.0
2011-04-17,0.0
2011-04-18,0.0
2011-04-19,0.0
2011-04-20,0.0
2011-04-21,0.0
2011-04-22,0.0
2011-04-23,0.0
2011-04-24,0.0
2011-04-25,0.0
2011-04-26,0.0
2011-04-27,0.0
2011-04-28,0.0
2011-04-29,0.0
2011-04-30,0.0
2011-05-01,0.06062868982553482
2011-05-02,0.22420591115951538
2011-05-03,0.5225709676742554
2011-05-04,0.07755572348833084
2011-05-05,0.018759548664093018
2011-05-06,0.0
2011-05-07,0.0
2011-05-08,0.0
2011-05-09,0.0
2011-05-10,0.0
2011-05-11,0.0
2011-05-12,0.0
2011-05-13,0.0
2011-05-14,0.0
2011-05-15,0.0
2011-05-16,0.0
2011-05-17,0.0
2011-05-18,0.0
2011-05-19,0.0
2011-05-20,0.0
2011-05-21,0.0
2011-05-22,0.0
2011-05-23,0.0
2011-05-24,0.0
2011-05-25,0.0
2011-05-26,0.0
2011-05-27,0.0
2011-05-28,0.0
2011-05-29,0.0
2011-05-30,0.0
2011-05-31,0.0
2011-06-01,0.0
2011-06-02,0.0
2011-06-03,0.0
2011-06-04,0.0
2011-06-05,0.0
2011-06-06,0.0
2011-06-07,0.0
2011-06-08,0.0
2011-06-09,0.0
2011-06-10,0.0
2011-06-11,0.0
2011-06-12,0.0
2011-06-13,0.0
2011-06-14,0.0
2011-06-15,0.0
2011-06-16,0.0
2011-06-17,0.0
2011-06-18,0.0
2011-06-19,0.0
2011-06-20,0.0
2011-06-21,0.0
2011-06-22,0.0
2011-06-23,0.0
2011-06-24,0.0
2011-06-25,0.0
2011-06-26,0.0
2011-06-27,0.0
2011-06-28,0.0
2011-06-29,0.0
2011-06-30,0.0
2011-07-01,0.0
2011-07-02,0.0
2011-07-03,0.0
2011-07-04,0.0
2011-07-05,0.0
2011-07-06,0.0
2011-07-07,0.0
2011-07-08,0.0
2011-07-09,0.0
2011-07-10,0.0
2011-07-11,0.0
2011-07-12,0.0
2011-07-13,0.0
2011-07-14,0.0
2011-07-15,0.0
2011-07-16,0.0
2011-07-17,0.0
2011-07-18,0.0
2011-07-19,0.0
2011-07-20,0.0
2011-07-21,0.0
2011-07-22,0.0
2011-07-23,0.0
2011-07-24,0.0
2011-07-25,0.0
2011-07-26,0.07101436704397202
2011-07-27,0.0
2011-07-28,0.0
2011-07-29,0.0
2011-07-30,0.0
2011-07-31,1.2976261377334595
2011-08-01,0.27144327759742737
2011-08-02,0.0
2011-08-03,0.0
2011-08-04,0.012239038944244385
2011-08-05,0.0601755790412426
2011-08-06,0.37721478939056396
2011-08-07,0.0019017154118046165
2011-08-08,0.009822729043662548
2011-08-09,1.2617498636245728
2011-08-10,0.0
2011-08-11,0.0
2011-08-12,0.0
2011-08-13,0.0
2011-08-14,0.0
2011-08-15,0.0
2011-08-16,0.0
2011-08-17,0.0
2011-08-18,0.0
2011-08-19,0.0
2011-08-20,0.0
2011-08-21,0.0
2011-08-22,0.0
2011-08-23,0.0
2011-08-24,0.0
2011-08-25,0.0
2011-08-26,0.0420219823718071
2011-08-27,0.23478560149669647
2011-08-28,0.0420219823718071
2011-08-29,0.4190191626548767
2011-08-30,0.0420219823718071
2011-08-31,0.2286568135023117
2011-09-01,0.0
2011-09-02,0.0
2011-09-03,0.0
2011-09-04,0.0
2011-09-05,0.0
2011-09-06,0.0
2011-09-07,0.0
2011-09-08,0.0
2011-09-09,0.0
2011-09-10,0.0
2011-09-11,0.0
2011-09-12,0.0
2011-09-13,0.0
2011-09-14,0.0
2011-09-15,0.0
2011-09-16,0.0
2011-09-17,0.0
2011-09-18,0.0
2011-09-19,0.0
2011-09-20,0.0
2011-09-21,0.0
2011-09-22,0.0
2011-09-23,0.0
2011-09-24,0.0
2011-09-25,0.0
2011-09-26,0.0
2011-09-27,0.0
2011-09-28,0.0
2011-09-29,0.0
2011-09-30,0.0
2011-10-01,0.0
2011-10-02,0.0
2011-10-03,0.0
2011-10-04,0.0
2011-10-05,0.0
2011-10-06,0.0
2011-10-07,0.0
2011-10-08,0.0
2011-10-09,0.0
2011-10-10,0.0
2011-10-11,1.8876804113388062
2011-10-12,4.596035957336426
2011-10-13,0.6028804779052734
2011-10-14,7.153319835662842
2011-10-15,1.9173256158828735
2011-10-16,0.0
2011-10-17,0.0
2011-10-18,0.0
2011-10-19,0.0
2011-10-20,0.0
2011-10-21,0.0
2011-10-22,0.0
2011-10-23,0.0
2011-10-24,0.0
2011-10-25,0.0
2011-10-26,0.06567211449146271
2011-10-27,0.09170982241630554
2011-10-28,0.0023371551651507616
2011-10-29,0.004598578438162804
2011-10-30,3.5250372886657715
2011-10-31,0.688761293888092
2011-11-01,0.0
2011-11-02,0.0
2011-11-03,0.0
2011-11-04,0.0
2011-11-05,0.0
2011-11-06,0.019697735086083412
2011-11-07,0.0
2011-11-08,0.0
2011-11-09,0.3312832713127136
2011-11-10,3.1851181983947754
2011-11-11,2.3701958656311035
2011-11-12,0.05133538320660591
2011-11-13,0.2698385715484619
2011-11-14,1.6011981964111328
2011-11-15,6.318356990814209
2011-11-16,1.08143949508667
2011-11-17,0.011647747829556465
2011-11-18,4.564695358276367
2011-11-19,0.7989469766616821
2011-11-20,0.0015480052679777145
2011-11-21,0.10881136357784271
2011-11-22,14.551154136657715
2011-11-23,0.0032779076136648655
2011-11-24,2.245306968688965
2011-11-25,0.9188979268074036
2011-11-26,0.8744812607765198
2011-11-27,0.014204702340066433
2011-11-28,0.0
2011-11-29,0.0
2011-11-30,0.0
2011-12-01,1.3183462619781494
2011-12-02,0.018171941861510277
2011-12-03,0.6714015603065491
2011-12-04,0.0
2011-12-05,0.4410370886325836
2011-12-06,0.4964485168457031
2011-12-07,0.3977763056755066
2011-12-08,6.823602676391602
2011-12-09,0.047491539269685745
2011-12-10,0.1301223635673523
2011-12-11,1.4939559698104858
2011-12-12,0.8358924388885498
2011-12-13,4.433741569519043
2011-12-14,0.3266722857952118
2011-12-15,0.9187682867050171
2011-12-16,0.0
2011-12-17,0.0
2011-12-18,0.0
2011-12-19,0.0
2011-12-20,0.0
2011-12-21,2.240870952606201
2011-12-22,1.378774642944336
2011-12-23,2.0206568241119385
2011-12-24,1.5806474685668945
2011-12-25,15.366259574890137
2011-12-26,0.48867061734199524
2011-12-27,6.655669689178467
2011-12-28,1.1586445569992065
2011-12-29,5.88313102722168
2011-12-30,8.74061107635498
2011-12-31,14.943291664123535
2012-01-01,0.0
2012-01-02,0.0
2012-01-03,0.0
2012-01-04,0.0
2012-01-05,0.0
2012-01-06,1.8516860008239746
2012-01-07,2.237598419189453
2012-01-08,0.14238417148590088
2012-01-09,1.342624545097351
2012-01-10,8.38152027130127
2012-01-11,4.997894763946533
2012-01-12,1.3130649328231812
2012-01-13,0.09495603293180466
2012-01-14,3.4719319343566895
2012-01-15,2.0117552280426025
2012-01-16,10.389789581298828
2012-01-17,5.289194107055664
2012-01-18,1.5035721063613892
2012-01-19,0.535129725933075
2012-01-20,0.26290300488471985
2012-01-21,3.7547268867492676
2012-01-22,7.562769889831543
2012-01-23,3.1416938304901123
2012-01-24,18.16423988342285
2012-01-25,4.88550329208374
2012-01-26,0.3574985861778259
2012-01-27,0.08436285704374313
2012-01-28,0.1888635754585266
2012-01-29,1.0450348854064941
2012-01-30,6.348616600036621
2012-01-31,4.950997829437256
2012-02-01,3.881483793258667
2012-02-02,3.8379313945770264
2012-02-03,0.6329876184463501
2012-02-04,10.920365333557129
2012-02-05,1.1032227277755737
2012-02-06,0.14756672084331512
2012-02-07,0.0
2012-02-08,0.809482991695404
2012-02-09,10.322437286376953
2012-02-10,23.363353729248047
2012-02-11,4.119755268096924
2012-02-12,3.055379867553711
2012-02-13,31.039522171020508
2012-02-14,8.614044189453125
2012-02-15,9.875860214233398
2012-02-16,1.43934965133667
2012-02-17,1.0983811616897583
2012-02-18,0.06095012649893761
2012-02-19,5.49973201751709
2012-02-20,3.2368998527526855
2012-02-21,10.892349243164062
2012-02-22,4.035432815551758
2012-02-23,1.4242773056030273
2012-02-24,6.106748104095459
2012-02-25,1.5517462491989136
2012-02-26,1.196465015411377
2012-02-27,1.9890810251235962
2012-02-28,0.49356645345687866
2012-02-29,1.0843249559402466
2012-03-01,1.8376415967941284
2012-03-02,2.3396992683410645
2012-03-03,3.1515934467315674
2012-03-04,1.7228875160217285
2012-03-05,2.2118303775787354
2012-03-06,5.302403450012207
2012-03-07,0.99521404504776
2012-03-08,0.8802720308303833
2012-03-09,0.005911544431000948
2012-03-10,0.03258300572633743
2012-03-11,3.1799685955047607
2012-03-12,0.5341954827308655
2012-03-13,16.505067825317383
2012-03-14,1.4792369604110718
2012-03-15,0.0
2012-03-16,0.034500930458307266
2012-03-17,0.0
2012-03-18,0.0
2012-03-19,0.6287817358970642
2012-03-20,2.4260294437408447
2012-03-21,0.0
2012-03-22,3.343534469604492
2012-03-23,3.8691253662109375
2012-03-24,0.0
2012-03-25,0.0
2012-03-26,0.0
2012-03-27,0.6011709570884705
2012-03-28,0.0
2012-03-29,8.47962474822998
2012-03-30,7.281973838806152
2012-03-31,3.0023090839385986
2012-04-01,0.4012427031993866
2012-04-02,0.0005845303530804813
2012-04-03,1.2981975078582764
2012-04-04,0.09908431023359299
2012-04-05,0.34027189016342163
2012-04-06,1.4252867698669434
2012-04-07,3.2933154106140137
2012-04-08,1.0035954713821411
2012-04-09,0.11044271290302277
2012-04-10,0.5552974343299866
2012-04-11,7.7093729972839355
2012-04-12,1.1588728427886963
2012-04-13,0.04229293391108513
2012-04-14,0.4827807545661926
2012-04-15,11.85482406616211
2012-04-16,0.0
2012-04-17,0.0
2012-04-18,0.0
2012-04-19,0.0
2012-04-20,0.0
2012-04-21,5.3534040451049805
2012-04-22,0.0
2012-04-23,0.06951010227203369
2012-04-24,0.9393044710159302
2012-04-25,0.0
2012-04-26,0.18099065124988556
2012-04-27,2.1079745292663574
2012-04-28,0.0027065901085734367
2012-04-29,1.085362434387207
2012-04-30,0.02244296483695507
2012-05-01,0.0
2012-05-02,0.0
2012-05-03,0.0
2012-05-04,0.0
2012-05-05,0.0
2012-05-06,0.0
2012-05-07,0.0
2012-05-08,0.0
2012-05-09,0.0
2012-05-10,0.0
2012-05-11,0.0
2012-05-12,0.0
2012-05-13,0.0
2012-05-14,0.0
2012-05-15,0.0
2012-05-16,0.0
2012-05-17,0.0
2012-05-18,0.0
2012-05-19,0.0
2012-05-20,0.0
2012-05-21,0.0
2012-05-22,0.0
2012-05-23,0.0
2012-05-24,0.0
2012-05-25,0.0
2012-05-26,0.0
2012-05-27,0.0
2012-05-28,0.0
2012-05-29,0.0
2012-05-30,0.0
2012-05-31,0.0
2012-06-01,0.0
2012-06-02,0.0
2012-06-03,0.0
2012-06-04,0.0
2012-06-05,0.0
2012-06-06,0.0
2012-06-07,0.03800344839692116
2012-06-08,0.0
2012-06-09,0.06205889955163002
2012-06-10,0.0
2012-06-11,0.0
2012-06-12,0.0
2012-06-13,0.0
2012-06-14,0.0
2012-06-15,0.0
2012-06-16,0.0
2012-06-17,0.0
2012-06-18,0.0
2012-06-19,0.0
2012-06-20,0.0
2012-06-21,0.0
2012-06-22,0.0
2012-06-23,0.0
2012-06-24,0.0
2012-06-25,0.0
2012-06-26,0.0
2012-06-27,0.0
2012-06-28,0.0
2012-06-29,0.0
2012-06-30,0.0
2012-07-01,0.0
2012-07-02,0.0
2012-07-03,0.0
2012-07-04,0.0
2012-07-05,0.0
2012-07-06,0.0
2012-07-07,0.0
2012-07-08,0.0
2012-07-09,0.0
2012-07-10,0.0
2012-07-11,0.0
2012-07-12,0.0
2012-07-13,0.0
2012-07-14,0.0
2012-07-15,0.0
2012-07-16,0.0
2012-07-17,0.0
2012-07-18,0.0
2012-07-19,0.0
2012-07-20,0.0
2012-07-21,0.0
2012-07-22,0.0
2012-07-23,0.0
2012-07-24,0.0
2012-07-25,0.0
2012-07-26,0.0
2012-07-27,0.031577520072460175
2012-07-28,1.3350297212600708
2012-07-29,0.7550967931747437
2012-07-30,2.1502270698547363
2012-07-31,0.8179343938827515
2012-08-01,0.0
2012-08-02,0.0
2012-08-03,0.0
2012-08-04,0.0
2012-08-05,0.0
2012-08-06,0.0
2012-08-07,0.0
2012-08-08,0.0
2012-08-09,0.0
2012-08-10,0.0
2012-08-11,0.0
2012-08-12,0.0
2012-08-13,0.0
2012-08-14,0.0
2012-08-15,0.0
2012-08-16,0.0
2012-08-17,0.0
2012-08-18,0.0
2012-08-19,0.0
2012-08-20,0.0
2012-08-21,0.0
2012-08-22,0.0
2012-08-23,0.0
2012-08-24,0.0
2012-08-25,0.0
2012-08-26,0.0
2012-08-27,0.0
2012-08-28,0.0
2012-08-29,0.0
2012-08-30,0.0
2012-08-31,0.0
2012-09-01,0.0
2012-09-02,0.0
2012-09-03,0.0
2012-09-04,0.0
2012-09-05,0.0
2012-09-06,0.0
2012-09-07,0.001931999810039997
2012-09-08,0.0
2012-09-09,6.148625373840332
2012-09-10,8.126920700073242
2012-09-11,0.18076243996620178
2012-09-12,0.2714860141277313
2012-09-13,0.38731545209884644
2012-09-14,0.18076243996620178
2012-09-15,0.1847565621137619
2012-09-16,0.0
2012-09-17,0.0
2012-09-18,0.0
2012-09-19,0.0
2012-09-20,0.0
2012-09-21,0.0
2012-09-22,0.6942620873451233
2012-09-23,0.03199750930070877
2012-09-24,0.0
2012-09-25,0.4312634766101837
2012-09-26,0.3511463701725006
2012-09-27,0.47308045625686646
2012-09-28,0.41641905903816223
2012-09-29,0.5376198887825012
2012-09-30,1.3962782621383667
2012-10-01,0.0
2012-10-02,0.0
2012-10-03,0.0
2012-10-04,0.0
2012-10-05,0.0
2012-10-06,0.0
2012-10-07,0.0
2012-10-08,0.0
2012-10-09,0.0
2012-10-10,0.0
2012-10-11,5.7342848777771
2012-10-12,0.006597906816750765
2012-10-13,0.15324737131595612
2012-10-14,0.0
2012-10-15,0.0
2012-10-16,0.0
2012-10-17,0.0
2012-10-18,0.0
2012-10-19,0.0
2012-10-20,0.0
2012-10-21,0.0
2012-10-22,0.0
2012-10-23,0.0
2012-10-24,0.0
2012-10-25,0.0
2012-10-26,0.0
2012-10-27,1.1131415367126465
2012-10-28,0.20085927844047546
2012-10-29,0.0
2012-10-30,0.656291127204895
2012-10-31,16.93547248840332
2012-11-01,8.223809242248535
2012-11-02,0.34480196237564087
2012-11-03,1.700404167175293
2012-11-04,0.10984977334737778
2012-11-05,0.3359483480453491
2012-11-06,0.969833493232727
2012-11-07,7.381070613861084
2012-11-08,0.0
2012-11-09,0.0
2012-11-10,8.915685653686523
2012-11-11,4.8679280281066895
2012-11-12,0.0
2012-11-13,0.0
2012-11-14,0.08966130018234253
2012-11-15,0.7220311760902405
2012-11-16,0.0
2012-11-17,0.0
2012-11-18,0.0
2012-11-19,0.0
2012-11-20,0.0
2012-11-21,1.4403266906738281
2012-11-22,2.1920902729034424
2012-11-23,8.059038162231445
2012-11-24,0.02023760974407196
2012-11-25,1.5742989778518677
2012-11-26,0.7354838848114014
2012-11-27,0.001770133152604103
2012-11-28,3.7238588333129883
2012-11-29,1.745890736579895
2012-11-30,6.006916046142578
2012-12-01,0.5259082317352295
2012-12-02,0.2267422080039978
2012-12-03,0.8110194206237793
2012-12-04,0.4465896785259247
2012-12-05,1.9278380870819092
2012-12-06,0.019360791891813278
2012-12-07,3.4129159450531006
2012-12-08,20.069061279296875
2012-12-09,0.770966649055481
2012-12-10,0.006523461081087589
2012-12-11,0.5262477993965149
2012-12-12,1.5281434059143066
2012-12-13,1.519313931465149
2012-12-14,0.36342987418174744
2012-12-15,6.854998588562012
2012-12-16,3.413236141204834
2012-12-17,0.4347562789916992
2012-12-18,1.7570626735687256
2012-12-19,4.170119762420654
2012-12-20,0.9943183660507202
2012-12-21,8.078756332397461
2012-12-22,0.8971443772315979
2012-12-23,0.0
2012-12-24,0.0
2012-12-25,0.07358302921056747
2012-12-26,1.001712679862976
2012-12-27,0.2119666188955307
2012-12-28,9.224100112915039
2012-12-29,4.784653663635254
2012-12-30,1.9841667413711548
2012-12-31,0.6508413553237915
2013-01-01,2.005990743637085
2013-01-02,4.319450855255127
2013-01-03,0.21059450507164001
2013-01-04,0.25687533617019653
2013-01-05,6.658397674560547
2013-01-06,1.1320816278457642
2013-01-07,0.7171173691749573
2013-01-08,13.291780471801758
2013-01-09,9.556668281555176
2013-01-10,7.050126552581787
2013-01-11,0.041149891912937164
2013-01-12,0.011434370651841164
2013-01-13,0.06335987150669098
2013-01-14,0.9924790859222412
2013-01-15,0.37169262766838074
2013-01-16,5.110781192779541
2013-01-17,8.832758903503418
2013-01-18,8.968099594116211
2013-01-19,8.656510353088379
2013-01-20,15.118266105651855
2013-01-21,1.4984214305877686
2013-01-22,0.2842576503753662
2013-01-23,2.1953389644622803
2013-01-24,0.12113305181264877
2013-01-25,0.03174961730837822
2013-01-26,21.33591079711914
2013-01-27,2.204618453979492
2013-01-28,0.8477110266685486
2013-01-29,0.4613763093948364
2013-01-30,0.6634716391563416
2013-01-31,2.446107864379883
2013-02-01,6.948475360870361
2013-02-02,5.026709079742432
2013-02-03,10.638399124145508
2013-02-04,0.2397855520248413
2013-02-05,0.14604023098945618
2013-02-06,0.2386568784713745
2013-02-07,0.8987619280815125
2013-02-08,0.5101390480995178
2013-02-09,0.41631442308425903
2013-02-10,0.030546076595783234
2013-02-11,2.54715633392334
2013-02-12,2.360349655151367
2013-02-13,0.6518711447715759
2013-02-14,5.142238616943359
2013-02-15,1.510867953300476
2013-02-16,4.053469657897949
2013-02-17,0.9509475231170654
2013-02-18,2.52040958404541
2013-02-19,0.06856986880302429
2013-02-20,10.787763595581055
2013-02-21,13.823917388916016
2013-02-22,0.32663896679878235
2013-02-23,4.615931510925293
2013-02-24,0.0
2013-02-25,5.155012130737305
2013-02-26,4.654660224914551
2013-02-27,0.5142863988876343
2013-02-28,1.4859838485717773
2013-03-01,0.0
2013-03-02,3.866614580154419
2013-03-03,3.2832653522491455
2013-03-04,0.6626282930374146
2013-03-05,2.759610891342163
2013-03-06,0.6584062576293945
2013-03-07,0.8953860402107239
2013-03-08,0.879801869392395
2013-03-09,1.5609362125396729
2013-03-10,6.931171894073486
2013-03-11,13.128337860107422
2013-03-12,0.0
2013-03-13,0.11388075351715088
2013-03-14,0.6761091351509094
2013-03-15,1.4628585577011108
2013-03-16,0.005048777442425489
2013-03-17,1.5693782567977905
2013-03-18,0.1134830117225647
2013-03-19,0.3460162580013275
2013-03-20,0.0
2013-03-21,0.0
2013-03-22,0.023384977132081985
2013-03-23,0.002535222563892603
2013-03-24,0.001314804656431079
2013-03-25,0.004173454828560352
2013-03-26,0.0
2013-03-27,0.0
2013-03-28,0.0
2013-03-29,0.0
2013-03-30,0.0
2013-03-31,0.0
2013-04-01,0.0006354172364808619
2013-04-02,0.09044106304645538
2013-04-03,0.015461818315088749
2013-04-04,1.511657476425171
2013-04-05,0.0
2013-04-06,0.0
2013-04-07,0.0
2013-04-08,0.0
2013-04-09,0.0
2013-04-10,0.0
2013-04-11,0.0
2013-04-12,0.0
2013-04-13,0.0
2013-04-14,0.0
2013-04-15,0.0
2013-04-16,0.0
2013-04-17,0.0
2013-04-18,0.0
2013-04-19,0.0
2013-04-20,0.0
2013-04-21,0.0
2013-04-22,0.0
2013-04-23,0.0
2013-04-24,0.0
2013-04-25,0.0
2013-04-26,0.0
2013-04-27,0.0
2013-04-28,0.0
2013-04-29,0.0
2013-04-30,0.0
2013-05-01,0.0
2013-05-02,1.1823593378067017
2013-05-03,0.0
2013-05-04,1.5804601907730103
2013-05-05,0.18312636017799377
2013-05-06,0.0
2013-05-07,0.0
2013-05-08,0.0
2013-05-09,0.0
2013-05-10,0.0
2013-05-11,0.0
2013-05-12,0.0
2013-05-13,0.0
2013-05-14,0.0
2013-05-15,0.0
2013-05-16,0.0
2013-05-17,0.0
2013-05-18,0.0
2013-05-19,0.0
2013-05-20,0.0
2013-05-21,0.0
2013-05-22,0.0
2013-05-23,0.0
2013-05-24,4.865318298339844
2013-05-25,7.591314315795898
2013-05-26,0.0
2013-05-27,0.0
2013-05-28,0.0
2013-05-29,0.0
2013-05-30,0.0
2013-05-31,0.0
2013-06-01,0.0
2013-06-02,0.0
2013-06-03,0.0
2013-06-04,0.0
2013-06-05,0.0
2013-06-06,0.0
2013-06-07,0.1840372532606125
2013-06-08,0.7634181380271912
2013-06-09,1.672722339630127
2013-06-10,1.3537650108337402
2013-06-11,0.0
2013-06-12,0.0
2013-06-13,0.0
2013-06-14,0.0
2013-06-15,0.0
2013-06-16,0.0
2013-06-17,0.20712938904762268
2013-06-18,0.0
2013-06-19,0.2579668462276459
2013-06-20,0.24620261788368225
2013-06-21,0.0
2013-06-22,0.0
2013-06-23,0.0
2013-06-24,0.0
2013-06-25,0.0
2013-06-26,0.0
2013-06-27,0.0
2013-06-28,0.0
2013-06-29,0.0
2013-06-30,0.0
2013-07-01,0.0
2013-07-02,0.0
2013-07-03,0.0
2013-07-04,0.0
2013-07-05,0.0
2013-07-06,0.0
2013-07-07,0.0
2013-07-08,0.0
2013-07-09,0.0
2013-07-10,0.0
2013-07-11,0.0
2013-07-12,0.0
2013-07-13,0.0
2013-07-14,0.0
2013-07-15,0.0
2013-07-16,0.0
2013-07-17,0.0
2013-07-18,0.0
2013-07-19,0.0
2013-07-20,0.0
2013-07-21,0.07831156998872757
2013-07-22,0.07831156998872757
2013-07-23,0.07831156998872757
2013-07-24,0.07831156998872757
2013-07-25,0.07831156998872757
2013-07-26,0.0
2013-07-27,0.0
2013-07-28,0.0
2013-07-29,0.0
2013-07-30,0.0
2013-07-31,0.0
2013-08-01,0.0
2013-08-02,0.0
2013-08-03,0.0
2013-08-04,0.0
2013-08-05,0.0
2013-08-06,0.0
2013-08-07,0.0
2013-08-08,0.0
2013-08-09,0.0
2013-08-10,0.0
2013-08-11,0.0
2013-08-12,0.0
2013-08-13,0.0
2013-08-14,0.0
2013-08-15,0.0
2013-08-16,0.0
2013-08-17,0.0
2013-08-18,0.0
2013-08-19,0.0
2013-08-20,0.0
2013-08-21,0.0
2013-08-22,0.0
2013-08-23,0.017830120399594307
2013-08-24,0.790276825428009
2013-08-25,0.12855398654937744
2013-08-26,0.0
2013-08-27,0.0
2013-08-28,0.0
2013-08-29,0.0
2013-08-30,0.0
2013-08-31,0.0
2013-09-01,0.0
2013-09-02,0.0
2013-09-03,0.0
2013-09-04,0.0
2013-09-05,0.0
2013-09-06,0.11723767966032028
2013-09-07,0.0
2013-09-08,2.173898935317993
2013-09-09,0.016945036128163338
2013-09-10,0.0
2013-09-11,0.0
2013-09-12,0.0
2013-09-13,0.0
2013-09-14,0.0
2013-09-15,0.0
2013-09-16,0.0
2013-09-17,0.0
2013-09-18,0.0
2013-09-19,0.0
2013-09-20,0.0
2013-09-21,0.0
2013-09-22,0.0
2013-09-23,0.0
2013-09-24,0.0
2013-09-25,0.0
2013-09-26,0.0
2013-09-27,0.0
2013-09-28,0.0
2013-09-29,0.0
2013-09-30,0.0
2013-10-01,0.0
2013-10-02,0.0
2013-10-03,0.0
2013-10-04,0.0
2013-10-05,0.0
2013-10-06,0.0
2013-10-07,0.0
2013-10-08,0.0
2013-10-09,0.0
2013-10-10,0.0
2013-10-11,0.18713612854480743
2013-10-12,0.0
2013-10-13,0.8278053402900696
2013-10-14,2.8567416667938232
2013-10-15,3.5247902870178223
2013-10-16,0.0
2013-10-17,0.0
2013-10-18,0.0
2013-10-19,0.0
2013-10-20,0.0
2013-10-21,0.164912611246109
2013-10-22,0.10919371992349625
2013-10-23,0.4245969355106354
2013-10-24,0.5732529759407043
2013-10-25,5.202117443084717
2013-10-26,0.03160039335489273
2013-10-27,1.1690046787261963
2013-10-28,6.1101975440979
2013-10-29,0.18716970086097717
2013-10-30,1.805600881576538
2013-10-31,0.027813509106636047
2013-11-01,2.7161014080047607
2013-11-02,0.22168825566768646
2013-11-03,7.597778797149658
2013-11-04,0.0
2013-11-05,0.8396584391593933
2013-11-06,0.0
2013-11-07,0.0
2013-11-08,0.0
2013-11-09,0.0
2013-11-10,0.0
2013-11-11,0.0
2013-11-12,0.0
2013-11-13,0.0
2013-11-14,0.0
2013-11-15,0.0
2013-11-16,1.4465522766113281
2013-11-17,4.113325119018555
2013-11-18,0.11477135121822357
2013-11-19,0.0
2013-11-20,11.66317081451416
2013-11-21,6.5920820236206055
2013-11-22,3.435364007949829
2013-11-23,10.747026443481445
2013-11-24,1.6532371044158936
2013-11-25,0.04924219474196434
2013-11-26,0.0
2013-11-27,0.0
2013-11-28,0.0
2013-11-29,0.0
2013-11-30,0.0
2013-12-01,0.0
2013-12-02,0.0
2013-12-03,0.0
2013-12-04,0.0
2013-12-05,0.0
2013-12-06,0.2035754770040512
2013-12-07,0.1628316044807434
2013-12-08,3.7332394123077393
2013-12-09,2.0643985271453857
2013-12-10,7.504581451416016
2013-12-11,2.7367117404937744
2013-12-12,1.7913442850112915
2013-12-13,10.136260032653809
2013-12-14,3.9266762733459473
2013-12-15,14.422602653503418
2013-12-16,10.794054985046387
2013-12-17,14.005970001220703
2013-12-18,2.2263104915618896
2013-12-19,10.14322566986084
2013-12-20,2.833087205886841
2013-12-21,0.0
2013-12-22,0.0
2013-12-23,0.0
2013-12-24,0.0
2013-12-25,0.0
2013-12-26,0.18240489065647125
2013-12-27,0.06477010995149612
2013-12-28,0.527664303779602
2013-12-29,0.17769819498062134
2013-12-30,6.846447944641113
2013-12-31,1.4692574739456177
2014-01-01,0.10786154121160507
2014-01-02,0.23471425473690033
2014-01-03,0.6546577215194702
2014-01-04,13.86032772064209
2014-01-05,0.12942536175251007
2014-01-06,1.6267595291137695
2014-01-07,6.520205974578857
2014-01-08,1.992380142211914
2014-01-09,0.3266657590866089
2014-01-10,0.0
2014-01-11,0.0
2014-01-12,2.204418420791626
2014-01-13,0.044032324105501175
2014-01-14,4.26061487197876
2014-01-15,8.870765686035156
2014-01-16,15.22249984741211
2014-01-17,1.233793020248413
2014-01-18,5.0115203857421875
2014-01-19,2.150432586669922
2014-01-20,0.45578789710998535
2014-01-21,0.0364101380109787
2014-01-22,16.20722198486328
2014-01-23,0.021947169676423073
2014-01-24,7.718493461608887
2014-01-25,11.672491073608398
2014-01-26,0.561915397644043
2014-01-27,9.182268142700195
2014-01-28,14.472759246826172
2014-01-29,17.492198944091797
2014-01-30,2.438749313354492
2014-01-31,4.966637134552002
2014-02-01,9.220695495605469
2014-02-02,3.8438055515289307
2014-02-03,1.8043935298919678
2014-02-04,5.151919841766357
2014-02-05,2.103778123855591
2014-02-06,14.496758460998535
2014-02-07,3.824314594268799
2014-02-08,2.722175121307373
2014-02-09,10.102449417114258
2014-02-10,5.2688493728637695
2014-02-11,1.0845962762832642
2014-02-12,1.5880898237228394
2014-02-13,4.828212738037109
2014-02-14,0.2980479300022125
2014-02-15,0.041991449892520905
2014-02-16,1.5921989679336548
2014-02-17,1.793204665184021
2014-02-18,10.236711502075195
2014-02-19,5.4859395027160645
2014-02-20,14.51550579071045
2014-02-21,0.5961572527885437
2014-02-22,3.566514730453491
2014-02-23,0.338213711977005
2014-02-24,0.0
2014-02-25,0.015822865068912506
2014-02-26,3.7230186462402344
2014-02-27,2.6614506244659424
2014-02-28,1.7199170589447021
2014-03-01,0.2728526294231415
2014-03-02,0.07665597647428513
2014-03-03,1.4787390232086182
2014-03-04,1.926413655281067
2014-03-05,1.3773382902145386
2014-03-06,0.04985496401786804
2014-03-07,0.05215415358543396
2014-03-08,8.303045272827148
2014-03-09,3.7552878856658936
2014-03-10,3.320356607437134
2014-03-11,0.32624319195747375
2014-03-12,1.1676496267318726
2014-03-13,2.321816921234131
2014-03-14,1.0446710586547852
2014-03-15,1.9689421653747559
2014-03-16,1.3544259071350098
2014-03-17,1.6434022188186646
2014-03-18,1.564341425895691
2014-03-19,0.28010299801826477
2014-03-20,0.13883662223815918
2014-03-21,0.0
2014-03-22,0.2335285246372223
2014-03-23,0.0
2014-03-24,0.03209666907787323
2014-03-25,1.4346749782562256
2014-03-26,0.0
2014-03-27,0.0
2014-03-28,0.0
2014-03-29,0.0
2014-03-30,0.0
2014-03-31,0.0
2014-04-01,3.1939358711242676
2014-04-02,0.2991839051246643
2014-04-03,1.3228272199630737
2014-04-04,1.452688455581665
2014-04-05,0.23147565126419067
2014-04-06,1.2914592027664185
2014-04-07,0.03432362899184227
2014-04-08,0.0
2014-04-09,0.0
2014-04-10,0.0
2014-04-11,0.24987182021141052
2014-04-12,0.1383865624666214
2014-04-13,0.08050686120986938
2014-04-14,0.0
2014-04-15,4.0029802322387695
2014-04-16,0.2968967854976654
2014-04-17,1.0851094722747803
2014-04-18,1.6914803981781006
2014-04-19,0.0
2014-04-20,0.0
2014-04-21,0.0
2014-04-22,0.0
2014-04-23,0.0
2014-04-24,0.0
2014-04-25,0.0
2014-04-26,0.08175884187221527
2014-04-27,0.0
2014-04-28,0.0
2014-04-29,0.09387480467557907
2014-04-30,4.3425679206848145
2014-05-01,0.5048061013221741
2014-05-02,0.4177705943584442
2014-05-03,0.4177705943584442
2014-05-04,0.4177705943584442
2014-05-05,1.0270193815231323
2014-05-06,0.0
2014-05-07,0.0
2014-05-08,0.0
2014-05-09,0.0
2014-05-10,0.0
2014-05-11,0.0
2014-05-12,0.0
2014-05-13,0.0
2014-05-14,0.0
2014-05-15,0.0
2014-05-16,0.0
2014-05-17,0.0
2014-05-18,0.0
2014-05-19,0.0
2014-05-20,0.0
2014-05-21,0.02697412110865116
2014-05-22,4.17311429977417
2014-05-23,4.49713134765625
2014-05-24,12.058869361877441
2014-05-25,0.0
2014-05-26,0.0
2014-05-27,0.0
2014-05-28,0.0
2014-05-29,0.0
2014-05-30,0.0
2014-05-31,0.0
2014-06-01,0.0
2014-06-02,0.0
2014-06-03,0.0
2014-06-04,0.0
2014-06-05,0.0
2014-06-06,0.0
2014-06-07,0.0
2014-06-08,0.0
2014-06-09,0.0
2014-06-10,0.0
2014-06-11,0.0
2014-06-12,0.0
2014-06-13,0.0
2014-06-14,0.0
2014-06-15,0.0
2014-06-16,0.0
2014-06-17,0.0
2014-06-18,0.0
2014-06-19,0.0
2014-06-20,0.0
2014-06-21,0.0
2014-06-22,0.0
2014-06-23,0.0
2014-06-24,0.0
2014-06-25,0.0
2014-06-26,0.0
2014-06-27,0.0
2014-06-28,0.0
2014-06-29,0.0
2014-06-30,0.0
2014-07-01,0.0
2014-07-02,0.0
2014-07-03,0.0
2014-07-04,0.0
2014-07-05,0.0
2014-07-06,0.0
2014-07-07,0.0
2014-07-08,0.0
2014-07-09,0.0
2014-07-10,0.0
2014-07-11,0.0
2014-07-12,0.0
2014-07-13,0.0
2014-07-14,0.0
2014-07-15,0.0
2014-07-16,0.0
2014-07-17,0.0
2014-07-18,0.0
2014-07-19,0.0
2014-07-20,0.0
2014-07-21,0.0
2014-07-22,0.0
2014-07-23,0.0
2014-07-24,0.0
2014-07-25,0.0
2014-07-26,0.0
2014-07-27,0.0
2014-07-28,0.0
2014-07-29,0.0
2014-07-30,0.0
2014-07-31,0.0
2014-08-01,0.0
2014-08-02,0.0
2014-08-03,0.0
2014-08-04,0.0
2014-08-05,0.0
2014-08-06,0.0
2014-08-07,0.0
2014-08-08,0.0
2014-08-09,0.0
2014-08-10,0.0
2014-08-11,0.0
2014-08-12,0.0
2014-08-13,1.1302928924560547
2014-08-14,0.01727544330060482
2014-08-15,0.3562892973423004
2014-08-16,0.0
2014-08-17,0.0
2014-08-18,0.0
2014-08-19,0.0
2014-08-20,0.0
2014-08-21,0.0
2014-08-22,0.0
2014-08-23,0.0
2014-08-24,0.0
2014-08-25,0.0
2014-08-26,0.0
2014-08-27,0.0
2014-08-28,0.0
2014-08-29,0.0
2014-08-30,0.0
2014-08-31,0.0
2014-09-01,3.870173215866089
2014-09-02,2.1240313053131104
2014-09-03,0.8173813223838806
2014-09-04,0.5413444638252258
2014-09-05,5.257946968078613
2014-09-06,0.0
2014-09-07,0.0
2014-09-08,0.0
2014-09-09,0.0
2014-09-10,0.0
2014-09-11,0.0
2014-09-12,0.0
2014-09-13,0.0
2014-09-14,0.0
2014-09-15,0.0
2014-09-16,0.0
2014-09-17,0.0
2014-09-18,0.0
2014-09-19,0.0
2014-09-20,0.0
2014-09-21,0.0
2014-09-22,0.0
2014-09-23,0.0
2014-09-24,0.0
2014-09-25,0.0
2014-09-26,0.040525831282138824
2014-09-27,0.0
2014-09-28,0.6557132601737976
2014-09-29,5.99238395690918
2014-09-30,0.14184504747390747
2014-10-01,4.465633869171143
2014-10-02,3.1095314025878906
2014-10-03,0.024008499458432198
2014-10-04,0.3605618476867676
2014-10-05,0.4240325391292572
2014-10-06,0.8640654683113098
2014-10-07,4.428711891174316
2014-10-08,0.029670100659132004
2014-10-09,0.07205985486507416
2014-10-10,6.2278923988342285
2014-10-11,4.012482643127441
2014-10-12,0.4251660108566284
2014-10-13,0.0
2014-10-14,1.5342803001403809
2014-10-15,0.0
2014-10-16,0.0
2014-10-17,0.0
2014-10-18,0.0
2014-10-19,0.0
2014-10-20,0.0
2014-10-21,0.0
2014-10-22,0.0
2014-10-23,0.0
2014-10-24,0.0
2014-10-25,0.0
2014-10-26,0.0
2014-10-27,0.0
2014-10-28,0.0
2014-10-29,0.0
2014-10-30,0.0
2014-10-31,0.0
2014-11-01,0.0
2014-11-02,9.440278053283691
2014-11-03,0.0
2014-11-04,0.21529804170131683
2014-11-05,0.0
2014-11-06,0.0
2014-11-07,0.0
2014-11-08,2.5628623962402344
2014-11-09,1.783846139907837
2014-11-10,6.247215270996094
2014-11-11,6.470266342163086
2014-11-12,0.6567833423614502
2014-11-13,18.04566192626953
2014-11-14,2.504549026489258
2014-11-15,1.649966835975647
2014-11-16,0.0
2014-11-17,0.0
2014-11-18,0.0
2014-11-19,0.0
2014-11-20,0.0
2014-11-21,0.3172183334827423
2014-11-22,0.02114260382950306
2014-11-23,1.9828743934631348
2014-11-24,1.0454541444778442
2014-11-25,2.9837799072265625
2014-11-26,0.051786769181489944
2014-11-27,4.4998273849487305
2014-11-28,0.5518070459365845
2014-11-29,0.0
2014-11-30,1.2026187181472778
2014-12-01,7.482433319091797
2014-12-02,0.0
2014-12-03,0.07118145376443863
2014-12-04,0.0
2014-12-05,0.0
2014-12-06,0.0
2014-12-07,0.0
2014-12-08,0.015561877749860287
2014-12-09,0.062229663133621216
2014-12-10,0.07027589529752731
2014-12-11,3.884521245956421
2014-12-12,5.107136249542236
2014-12-13,0.5136508345603943
2014-12-14,0.5801202058792114
2014-12-15,0.1929294914007187
2014-12-16,0.5174862742424011
2014-12-17,6.4872283935546875
2014-12-18,5.5891923904418945
2014-12-19,0.10222303122282028
2014-12-20,0.0406605489552021
2014-12-21,0.10930094122886658
2014-12-22,1.8437495231628418
2014-12-23,4.721733570098877
2014-12-24,0.0006229502032510936
2014-12-25,0.22937330603599548
2014-12-26,4.653069972991943
2014-12-27,0.1827183961868286
2014-12-28,4.4853715896606445
2014-12-29,2.507749319076538
2014-12-30,0.5284366011619568
2014-12-31,0.07509776204824448
2015-01-01,0.0
2015-01-02,1.4050016403198242
2015-01-03,12.750364303588867
2015-01-04,0.3205815851688385
2015-01-05,1.814010500907898
2015-01-06,7.771790027618408
2015-01-07,1.0562770366668701
2015-01-08,0.9455641508102417
2015-01-09,2.1547434329986572
2015-01-10,3.238426446914673
2015-01-11,2.933088541030884
2015-01-12,7.498359680175781
2015-01-13,1.1460949182510376
2015-01-14,1.9616882801055908
2015-01-15,10.96364688873291
2015-01-16,7.94180965423584
2015-01-17,3.103450059890747
2015-01-18,2.6019933223724365
2015-01-19,9.640984535217285
2015-01-20,1.8078256845474243
2015-01-21,2.2214505672454834
2015-01-22,0.43873751163482666
2015-01-23,0.29254934191703796
2015-01-24,0.2935482859611511
2015-01-25,3.1186697483062744
2015-01-26,0.22676022350788116
2015-01-27,0.9103877544403076
2015-01-28,4.406412601470947
2015-01-29,12.10595417022705
2015-01-30,1.4205762147903442
2015-01-31,0.44986385107040405
2015-02-01,0.21310634911060333
2015-02-02,7.0522284507751465
2015-02-03,0.268640398979187
2015-02-04,0.8544318079948425
2015-02-05,0.4610218107700348
2015-02-06,11.702378273010254
2015-02-07,0.8490524291992188
2015-02-08,0.02366477996110916
2015-02-09,0.7684268951416016
2015-02-10,3.314051389694214
2015-02-11,12.088088989257812
2015-02-12,2.091357946395874
2015-02-13,1.2463551759719849
2015-02-14,0.9721041917800903
2015-02-15,0.33002611994743347
2015-02-16,11.687081336975098
2015-02-17,5.346048355102539
2015-02-18,0.2356729954481125
2015-02-19,0.0
2015-02-20,3.2162022590637207
2015-02-21,0.47837162017822266
2015-02-22,0.22951768338680267
2015-02-23,4.784266948699951
2015-02-24,0.3380034267902374
2015-02-25,0.0
2015-02-26,0.0
2015-02-27,11.281862258911133
2015-02-28,0.15705658495426178
2015-03-01,0.40135395526885986
2015-03-02,2.777181386947632
2015-03-03,0.19391851127147675
2015-03-04,0.4800761938095093
2015-03-05,1.7098973989486694
2015-03-06,1.9108909368515015
2015-03-07,0.4374765455722809
2015-03-08,0.7187342047691345
2015-03-09,0.13664782047271729
2015-03-10,0.07054372131824493
2015-03-11,0.0
2015-03-12,0.0
2015-03-13,0.0
2015-03-14,0.0
2015-03-15,0.0
2015-03-16,0.0
2015-03-17,0.0
2015-03-18,0.0
2015-03-19,0.0
2015-03-20,0.0
2015-03-21,0.0
2015-03-22,0.0
2015-03-23,0.0
2015-03-24,0.0
2015-03-25,0.0
2015-03-26,0.19561593234539032
2015-03-27,6.157557487487793
2015-03-28,0.0017765478696674109
2015-03-29,0.0
2015-03-30,0.05214272066950798
2015-03-31,1.2966465950012207
2015-04-01,0.5970783233642578
2015-04-02,0.08660043776035309
2015-04-03,0.09738283604383469
2015-04-04,0.0
2015-04-05,0.008777347393333912
2015-04-06,0.1402425318956375
2015-04-07,1.1548588275909424
2015-04-08,1.5106017589569092
2015-04-09,1.827035665512085
2015-04-10,5.447718620300293
2015-04-11,0.3855603039264679
2015-04-12,0.7103217840194702
2015-04-13,0.0
2015-04-14,0.11702504754066467
2015-04-15,1.1962934732437134
2015-04-16,0.0
2015-04-17,0.0
2015-04-18,0.0
2015-04-19,0.0
2015-04-20,0.0
2015-04-21,0.027362657710909843
2015-04-22,0.46164268255233765
2015-04-23,0.295110821723938
2015-04-24,0.0
2015-04-25,11.410773277282715
2015-04-26,0.0
2015-04-27,3.099094867706299
2015-04-28,0.0
2015-04-29,0.001328629907220602
2015-04-30,0.2944914698600769
2015-05-01,0.0
2015-05-02,0.0
2015-05-03,0.0
2015-05-04,0.0
2015-05-05,0.0
2015-05-06,0.0
2015-05-07,0.0
2015-05-08,0.0
2015-05-09,0.0
2015-05-10,0.0
2015-05-11,0.0
2015-05-12,6.522823810577393
2015-05-13,0.0
2015-05-14,0.2983544170856476
2015-05-15,3.2578108310699463
2015-05-16,8.417027473449707
2015-05-17,5.041661262512207
2015-05-18,0.7244052886962891
2015-05-19,0.0
2015-05-20,0.0
2015-05-21,0.0
2015-05-22,0.0
2015-05-23,0.0
2015-05-24,0.0
2015-05-25,0.0
2015-05-26,0.0
2015-05-27,0.0
2015-05-28,0.0
2015-05-29,0.0
2015-05-30,0.0
2015-05-31,0.0
2015-06-01,0.7618845701217651
2015-06-02,0.0
2015-06-03,0.0
2015-06-04,0.0
2015-06-05,0.0
2015-06-06,0.0
2015-06-07,0.0
2015-06-08,0.0
2015-06-09,0.0
2015-06-10,0.0
2015-06-11,0.0
2015-06-12,0.0
2015-06-13,0.0
2015-06-14,0.0
2015-06-15,0.0
2015-06-16,0.0
2015-06-17,0.0
2015-06-18,0.0
2015-06-19,0.0
2015-06-20,0.0
2015-06-21,0.0
2015-06-22,0.0
2015-06-23,0.0
2015-06-24,0.0
2015-06-25,0.0
2015-06-26,0.0
2015-06-27,0.0
2015-06-28,0.0
2015-06-29,0.0
2015-06-30,0.0
2015-07-01,0.0
2015-07-02,0.051069147884845734
2015-07-03,0.06468387693166733
2015-07-04,8.332640647888184
2015-07-05,0.0009182487847283483
2015-07-06,0.8617531657218933
2015-07-07,1.5905449390411377
2015-07-08,0.0
2015-07-09,0.0
2015-07-10,0.0
2015-07-11,0.0
2015-07-12,0.0
2015-07-13,0.0
2015-07-14,0.0
2015-07-15,0.0
2015-07-16,0.0
2015-07-17,0.0
2015-07-18,0.0
2015-07-19,0.0
2015-07-20,0.0
2015-07-21,0.0
2015-07-22,0.0
2015-07-23,0.0
2015-07-24,0.0
2015-07-25,0.0
2015-07-26,0.0
2015-07-27,0.0
2015-07-28,0.0
2015-07-29,0.0
2015-07-30,0.0
2015-07-31,0.0
2015-08-01,0.0
2015-08-02,0.0
2015-08-03,0.0
2015-08-04,0.0
2015-08-05,0.0
2015-08-06,0.0
2015-08-07,0.0
2015-08-08,0.0
2015-08-09,0.21480338275432587
2015-08-10,0.0013850026298314333
2015-08-11,0.0
2015-08-12,0.7584249973297119
2015-08-13,1.3111499547958374
2015-08-14,3.976938009262085
2015-08-15,0.0
2015-08-16,0.0
2015-08-17,0.0
2015-08-18,0.0
2015-08-19,0.0
2015-08-20,0.0
2015-08-21,0.00861174613237381
2015-08-22,0.0
2015-08-23,0.45158445835113525
2015-08-24,0.0
2015-08-25,0.0
2015-08-26,0.0
2015-08-27,0.0
2015-08-28,0.0
2015-08-29,0.0
2015-08-30,0.0
2015-08-31,0.0
2015-09-01,0.0
2015-09-02,0.0
2015-09-03,0.0
2015-09-04,0.0
2015-09-05,0.0
2015-09-06,0.0
2015-09-07,0.0
2015-09-08,0.0
2015-09-09,0.0
2015-09-10,0.0
2015-09-11,0.0
2015-09-12,0.0
2015-09-13,0.0
2015-09-14,0.0
2015-09-15,0.0
2015-09-16,0.0
2015-09-17,0.0
2015-09-18,0.0
2015-09-19,0.0
2015-09-20,0.0
2015-09-21,0.0
2015-09-22,0.0
2015-09-23,0.0
2015-09-24,0.0
2015-09-25,0.0
2015-09-26,0.0
2015-09-27,0.0
2015-09-28,0.0
2015-09-29,0.0
2015-09-30,0.0
2015-10-01,0.05188886076211929
2015-10-02,0.2584820091724396
2015-10-03,0.8575366735458374
2015-10-04,0.09499440342187881
2015-10-05,0.0
2015-10-06,0.0
2015-10-07,0.989841639995575
2015-10-08,4.963799953460693
2015-10-09,0.0
2015-10-10,0.0
2015-10-11,0.0
2015-10-12,0.0
2015-10-13,0.0
2015-10-14,0.0
2015-10-15,0.0
2015-10-16,0.0
2015-10-17,0.0
2015-10-18,0.0
2015-10-19,0.0
2015-10-20,0.0
2015-10-21,0.0
2015-10-22,0.0
2015-10-23,0.0
2015-10-24,0.0
2015-10-25,0.0
2015-10-26,0.3837905526161194
2015-10-27,3.816864490509033
2015-10-28,0.02865891344845295
2015-10-29,0.12516221404075623
2015-10-30,4.012027263641357
2015-10-31,0.2320757806301117
2015-11-01,0.0
2015-11-02,0.0
2015-11-03,0.0
2015-11-04,0.0
2015-11-05,0.0
2015-11-06,0.0
2015-11-07,0.0
2015-11-08,0.0
2015-11-09,0.0
2015-11-10,0.0
2015-11-11,1.713783860206604
2015-11-12,0.28186801075935364
2015-11-13,0.273792028427124
2015-11-14,0.0
2015-11-15,0.000640904763713479
2015-11-16,0.0
2015-11-17,0.0
2015-11-18,0.0
2015-11-19,0.0
2015-11-20,0.0
2015-11-21,0.05537043511867523
2015-11-22,0.00922840554267168
2015-11-23,2.1276803016662598
2015-11-24,6.487817764282227
2015-11-25,3.316830635070801
2015-11-26,6.425361633300781
2015-11-27,0.11227376759052277
2015-11-28,0.31573641300201416
2015-11-29,2.4420907497406006
2015-11-30,0.3343716263771057
2015-12-01,0.07394448667764664
2015-12-02,0.570724606513977
2015-12-03,1.7098675966262817
2015-12-04,0.0
2015-12-05,1.1382158994674683
2015-12-06,1.6437240839004517
2015-12-07,0.0
2015-12-08,0.14359477162361145
2015-12-09,3.1637468338012695
2015-12-10,0.006089871283620596
2015-12-11,2.995070219039917
2015-12-12,1.7585601806640625
2015-12-13,0.0
2015-12-14,0.0
2015-12-15,2.5806753635406494
2015-12-16,0.0
2015-12-17,0.0013567651621997356
2015-12-18,2.1768996715545654
2015-12-19,5.217734336853027
2015-12-20,0.04668154567480087
2015-12-21,1.6342154741287231
2015-12-22,3.312113046646118
2015-12-23,2.420097589492798
2015-12-24,0.0
2015-12-25,1.5727423429489136
2015-12-26,2.9488699436187744
2015-12-27,2.4423093795776367
2015-12-28,0.190873384475708
2015-12-29,1.8825925588607788
2015-12-30,3.419545888900757
2015-12-31,0.4912656247615814
2016-01-01,1.6777381896972656
2016-01-02,10.062387466430664
2016-01-03,3.893195390701294
2016-01-04,1.5752127170562744
2016-01-05,0.9427281618118286
2016-01-06,7.848411560058594
2016-01-07,0.026741042733192444
2016-01-08,1.5401713848114014
2016-01-09,0.15032197535037994
2016-01-10,1.1676572561264038
2016-01-11,0.0471932552754879
2016-01-12,0.3560142517089844
2016-01-13,16.62520980834961
2016-01-14,3.302868604660034
2016-01-15,0.10988591611385345
2016-01-16,0.19031460583209991
2016-01-17,10.31973934173584
2016-01-18,2.7364611625671387
2016-01-19,0.09880765527486801
2016-01-20,0.006412057671695948
2016-01-21,0.0025674994103610516
2016-01-22,0.0
2016-01-23,0.0
2016-01-24,0.0
2016-01-25,0.5300459861755371
2016-01-26,18.556303024291992
2016-01-27,2.9712374210357666
2016-01-28,0.0
2016-01-29,1.0182061195373535
2016-01-30,6.5775861740112305
2016-01-31,2.946341037750244
2016-02-01,0.0
2016-02-02,9.342925071716309
2016-02-03,4.967302322387695
2016-02-04,2.8686180114746094
2016-02-05,1.5668185949325562
2016-02-06,0.5380718111991882
2016-02-07,0.36981579661369324
2016-02-08,0.1011897400021553
2016-02-09,3.343386173248291
2016-02-10,14.490914344787598
2016-02-11,0.15382932126522064
2016-02-12,17.893667221069336
2016-02-13,0.0
2016-02-14,5.781149387359619
2016-02-15,5.658651351928711
2016-02-16,0.0
2016-02-17,1.3389434814453125
2016-02-18,12.885714530944824
2016-02-19,1.8620915412902832
2016-02-20,0.014918562024831772
2016-02-21,0.08171229809522629
2016-02-22,2.7826828956604004
2016-02-23,4.75756311416626
2016-02-24,2.4765799045562744
2016-02-25,5.912714004516602
2016-02-26,0.9578173160552979
2016-02-27,0.13148896396160126
2016-02-28,3.7551770210266113
2016-02-29,0.12038218975067139
2016-03-01,1.0558918714523315
2016-03-02,0.15280643105506897
2016-03-03,1.0891475677490234
2016-03-04,2.5556108951568604
2016-03-05,5.361101150512695
2016-03-06,1.6322085857391357
2016-03-07,0.20789630711078644
2016-03-08,0.13593807816505432
2016-03-09,1.011884331703186
2016-03-10,0.0
2016-03-11,0.0
2016-03-12,0.0
2016-03-13,0.0
2016-03-14,0.0
2016-03-15,0.0
2016-03-16,0.0
2016-03-17,0.0
2016-03-18,0.0
2016-03-19,0.0
2016-03-20,0.0
2016-03-21,0.0
2016-03-22,0.0
2016-03-23,0.0
2016-03-24,0.0
2016-03-25,0.0
2016-03-26,0.0
2016-03-27,0.0
2016-03-28,0.0
2016-03-29,0.0
2016-03-30,0.0
2016-03-31,0.0
2016-04-01,0.0
2016-04-02,0.0
2016-04-03,0.0
2016-04-04,0.0
2016-04-05,0.0
2016-04-06,0.0
2016-04-07,0.2431986927986145
2016-04-08,0.6459798216819763
2016-04-09,0.8427254557609558
2016-04-10,0.6122940182685852
2016-04-11,0.0
2016-04-12,0.0
2016-04-13,0.0
2016-04-14,0.0
2016-04-15,0.0
2016-04-16,0.0
2016-04-17,0.4086771011352539
2016-04-18,1.1334038972854614
2016-04-19,0.1603676676750183
2016-04-20,0.9835195541381836
2016-04-21,0.0
2016-04-22,0.0
2016-04-23,0.0
2016-04-24,0.0
2016-04-25,0.0
2016-04-26,0.0
2016-04-27,0.0
2016-04-28,0.0
2016-04-29,0.0
2016-04-30,0.0
2016-05-01,0.0
2016-05-02,0.0
2016-05-03,0.0
2016-05-04,0.0
2016-05-05,0.0
2016-05-06,0.0
2016-05-07,0.0
2016-05-08,0.0
2016-05-09,0.0
2016-05-10,0.0
2016-05-11,0.0
2016-05-12,0.0
2016-05-13,0.0
2016-05-14,0.0
2016-05-15,0.0
2016-05-16,0.0
2016-05-17,0.0
2016-05-18,0.0
2016-05-19,0.0
2016-05-20,0.0
2016-05-21,0.0
2016-05-22,0.0
2016-05-23,0.0
2016-05-24,0.0
2016-05-25,0.0
2016-05-26,0.0
2016-05-27,0.0
2016-05-28,0.0
2016-05-29,0.0
2016-05-30,0.0
2016-05-31,0.0
2016-06-01,0.0
2016-06-02,0.0
2016-06-03,0.0
2016-06-04,0.0
2016-06-05,0.0
2016-06-06,0.0
2016-06-07,0.0
2016-06-08,0.0
2016-06-09,0.0
2016-06-10,0.0
2016-06-11,0.0
2016-06-12,0.0
2016-06-13,0.0
2016-06-14,0.0
2016-06-15,0.0
2016-06-16,0.0
2016-06-17,0.0
2016-06-18,0.0
2016-06-19,0.0
2016-06-20,0.0
2016-06-21,0.0
2016-06-22,0.0
2016-06-23,0.0
2016-06-24,0.0
2016-06-25,0.0
2016-06-26,0.0
2016-06-27,0.0
2016-06-28,0.0
2016-06-29,0.0
2016-06-30,0.0
2016-07-01,0.0
2016-07-02,0.0
2016-07-03,0.0
2016-07-04,0.0
2016-07-05,0.0
2016-07-06,0.0
2016-07-07,0.0
2016-07-08,0.0
2016-07-09,0.0
2016-07-10,0.0
2016-07-11,0.0
2016-07-12,0.0
2016-07-13,0.0
2016-07-14,0.0
2016-07-15,0.0
2016-07-16,0.0
2016-07-17,0.0
2016-07-18,0.0
2016-07-19,0.0
2016-07-20,0.0
2016-07-21,0.0
2016-07-22,0.0
2016-07-23,0.0
2016-07-24,0.0
2016-07-25,0.0
2016-07-26,0.0
2016-07-27,0.0
2016-07-28,0.0
2016-07-29,0.0
2016-07-30,0.0
2016-07-31,0.0
2016-08-01,0.0
2016-08-02,0.0
2016-08-03,0.0
2016-08-04,0.0
2016-08-05,0.0
2016-08-06,0.0
2016-08-07,0.0
2016-08-08,0.0
2016-08-09,0.0
2016-08-10,0.0
2016-08-11,0.8733199834823608
2016-08-12,0.0008482692064717412
2016-08-13,1.529733657836914
2016-08-14,0.0247445460408926
2016-08-15,0.0
2016-08-16,0.0
2016-08-17,0.0
2016-08-18,0.0
2016-08-19,0.0
2016-08-20,0.0
2016-08-21,0.0
2016-08-22,0.0
2016-08-23,0.0
2016-08-24,0.0
2016-08-25,0.0
2016-08-26,0.0
2016-08-27,0.25114741921424866
2016-08-28,6.873601913452148
2016-08-29,0.0
2016-08-30,0.0
2016-08-31,0.0
2016-09-01,0.0
2016-09-02,0.6887789368629456
2016-09-03,0.25251078605651855
2016-09-04,0.2597575783729553
2016-09-05,0.27658432722091675
2016-09-06,0.0
2016-09-07,0.0
2016-09-08,0.0
2016-09-09,0.0
2016-09-10,0.0
2016-09-11,0.0
2016-09-12,0.0
2016-09-13,0.0
2016-09-14,0.1141682118177414
2016-09-15,0.18657757341861725
2016-09-16,0.05742860585451126
2016-09-17,0.031474873423576355
2016-09-18,0.49866795539855957
2016-09-19,0.008834589272737503
2016-09-20,0.14290684461593628
2016-09-21,0.925094485282898
2016-09-22,0.40243038535118103
2016-09-23,0.0015539019368588924
2016-09-24,0.10594625025987625
2016-09-25,0.7089454531669617
2016-09-26,0.0
2016-09-27,0.0
2016-09-28,0.0
2016-09-29,0.0
2016-09-30,0.0
2016-10-01,0.0
2016-10-02,0.0
2016-10-03,0.0
2016-10-04,0.0
2016-10-05,0.0
2016-10-06,0.0
2016-10-07,0.0
2016-10-08,0.0
2016-10-09,0.0
2016-10-10,0.0
2016-10-11,0.0
2016-10-12,0.0
2016-10-13,0.0
2016-10-14,0.0
2016-10-15,0.0
2016-10-16,1.0182417631149292
2016-10-17,14.751055717468262
2016-10-18,4.286935806274414
2016-10-19,0.06970376521348953
2016-10-20,0.23084807395935059
2016-10-21,0.49800682067871094
2016-10-22,6.412786960601807
2016-10-23,0.0
2016-10-24,8.971643447875977
2016-10-25,0.053913798183202744
2016-10-26,2.0950777530670166
2016-10-27,1.1699750423431396
2016-10-28,0.15928228199481964
2016-10-29,0.1767767369747162
2016-10-30,0.3699231445789337
2016-10-31,0.0
2016-11-01,0.0
2016-11-02,0.0
2016-11-03,0.0
2016-11-04,0.0
2016-11-05,0.0
2016-11-06,0.0
2016-11-07,4.970804214477539
2016-11-08,0.26885512471199036
2016-11-09,4.663049221038818
2016-11-10,0.4069006145000458
2016-11-11,0.9162224531173706
2016-11-12,1.5687458515167236
2016-11-13,0.0
2016-11-14,0.17830123007297516
2016-11-15,0.0
2016-11-16,0.0
2016-11-17,0.0
2016-11-18,0.0
2016-11-19,0.0
2016-11-20,0.0
2016-11-21,0.0
2016-11-22,0.0
2016-11-23,0.0
2016-11-24,0.0
2016-11-25,0.0
2016-11-26,0.0
2016-11-27,0.04962150752544403
2016-11-28,8.184205055236816
2016-11-29,4.893204212188721
2016-11-30,15.271907806396484
2016-12-01,1.9903854131698608
2016-12-02,6.4635796546936035
2016-12-03,1.4670336246490479
2016-12-04,1.8249523639678955
2016-12-05,0.8565961122512817
2016-12-06,0.2326211780309677
2016-12-07,0.6483644247055054
2016-12-08,1.4268603324890137
2016-12-09,2.7844533920288086
2016-12-10,0.2675946056842804
2016-12-11,0.8946241736412048
2016-12-12,1.876202940940857
2016-12-13,0.0
2016-12-14,1.4651862382888794
2016-12-15,0.0
2016-12-16,0.0
2016-12-17,0.0
2016-12-18,0.004769305232912302
2016-12-19,1.5549687147140503
2016-12-20,0.031960539519786835
2016-12-21,0.0
2016-12-22,0.0
2016-12-23,0.0
2016-12-24,0.0
2016-12-25,2.9254891872406006
2016-12-26,28.762226104736328
2016-12-27,0.352044016122818
2016-12-28,0.7490531206130981
2016-12-29,0.329294353723526
2016-12-30,4.547296047210693
2016-12-31,0.3298012614250183
2017-01-01,8.751246452331543
2017-01-02,2.3151748180389404
2017-01-03,0.031007342040538788
2017-01-04,2.7576539516448975
2017-01-05,2.142564058303833
2017-01-06,2.624460220336914
2017-01-07,12.504325866699219
2017-01-08,8.08608341217041
2017-01-09,0.06839832663536072
2017-01-10,2.591749429702759
2017-01-11,12.140676498413086
2017-01-12,0.33439576625823975
2017-01-13,0.15955843031406403
2017-01-14,0.07672034949064255
2017-01-15,0.0
2017-01-16,3.5167219638824463
2017-01-17,1.2102680206298828
2017-01-18,0.47240322828292847
2017-01-19,0.8917043805122375
2017-01-20,0.0
2017-01-21,2.051377296447754
2017-01-22,0.0
2017-01-23,1.3221725225448608
2017-01-24,7.05145788192749
2017-01-25,1.45826256275177
2017-01-26,0.6283907890319824
2017-01-27,0.06392236799001694
2017-01-28,0.0
2017-01-29,0.0
2017-01-30,0.15472851693630219
2017-01-31,5.297496318817139
2017-02-01,2.490854501724243
2017-02-02,0.6894398331642151
2017-02-03,0.0
2017-02-04,0.0
2017-02-05,4.578378200531006
2017-02-06,11.53475570678711
2017-02-07,1.08722984790802
2017-02-08,0.0
2017-02-09,1.6518704891204834
2017-02-10,0.0
2017-02-11,10.735651969909668
2017-02-12,0.5438535213470459
2017-02-13,0.21852250397205353
2017-02-14,0.0
2017-02-15,0.05367299169301987
2017-02-16,17.57969856262207
2017-02-17,1.3762394189834595
2017-02-18,1.6560158729553223
2017-02-19,17.228031158447266
2017-02-20,12.327733993530273
2017-02-21,0.7270171046257019
2017-02-22,0.41963592171669006
2017-02-23,0.4538707733154297
2017-02-24,0.054296012967824936
2017-02-25,0.5557454824447632
2017-02-26,1.767533302307129
2017-02-27,5.884762763977051
2017-02-28,14.702662467956543
2017-03-01,4.398870944976807
2017-03-02,0.9905861020088196
2017-03-03,1.4727884531021118
2017-03-04,0.3182864189147949
2017-03-05,16.243410110473633
2017-03-06,8.93492603302002
2017-03-07,0.022803429514169693
2017-03-08,1.041522741317749
2017-03-09,0.0012951416429132223
2017-03-10,2.310204267501831
2017-03-11,5.7350077629089355
2017-03-12,3.755946636199951
2017-03-13,1.962272047996521
2017-03-14,0.0
2017-03-15,0.7582091093063354
2017-03-16,0.0
2017-03-17,0.0
2017-03-18,0.0
2017-03-19,0.0
2017-03-20,0.0
2017-03-21,0.0
2017-03-22,2.1388583183288574
2017-03-23,0.8832878470420837
2017-03-24,1.691317081451416
2017-03-25,0.04111313074827194
2017-03-26,2.00632643699646
2017-03-27,7.3427324295043945
2017-03-28,1.2233080863952637
2017-03-29,1.8099418878555298
2017-03-30,0.5838192105293274
2017-03-31,0.039034634828567505
2017-04-01,9.133527755737305
2017-04-02,1.3197063207626343
2017-04-03,12.73403263092041
2017-04-04,11.602133750915527
2017-04-05,0.0
2017-04-06,0.0
2017-04-07,0.0
2017-04-08,0.0
2017-04-09,0.0
2017-04-10,0.0
2017-04-11,0.0
2017-04-12,0.0
2017-04-13,0.0
2017-04-14,0.0
2017-04-15,0.0
2017-04-16,0.7508605718612671
2017-04-17,1.7226015329360962
2017-04-18,6.325685501098633
2017-04-19,0.0
2017-04-20,0.0
2017-04-21,0.0
2017-04-22,0.0
2017-04-23,0.0
2017-04-24,0.0
2017-04-25,0.0
2017-04-26,0.0
2017-04-27,0.0
2017-04-28,0.0
2017-04-29,0.0
2017-04-30,0.0
2017-05-01,0.0
2017-05-02,0.0
2017-05-03,0.0
2017-05-04,0.0
2017-05-05,0.0
2017-05-06,0.0
2017-05-07,0.0
2017-05-08,0.0
2017-05-09,0.0
2017-05-10,0.0
2017-05-11,0.0
2017-05-12,0.0
2017-05-13,0.0
2017-05-14,0.0
2017-05-15,0.0
2017-05-16,0.21342888474464417
2017-05-17,0.0
2017-05-18,0.0
2017-05-19,0.279035359621048
2017-05-20,3.0659666061401367
2017-05-21,0.0
2017-05-22,2.2215416431427
2017-05-23,8.977317810058594
2017-05-24,0.745668888092041
2017-05-25,1.4814954996109009
2017-05-26,0.0
2017-05-27,0.0
2017-05-28,0.0
2017-05-29,0.0
2017-05-30,0.0
2017-05-31,0.0
2017-06-01,0.0
2017-06-02,0.0
2017-06-03,0.0
2017-06-04,0.0
2017-06-05,0.0
2017-06-06,0.0051809195429086685
2017-06-07,0.0828947126865387
2017-06-08,0.0051809195429086685
2017-06-09,0.0051809195429086685
2017-06-10,0.0051809195429086685
2017-06-11,0.0
2017-06-12,0.0
2017-06-13,0.0
2017-06-14,0.0
2017-06-15,0.0
2017-06-16,0.0
2017-06-17,0.0
2017-06-18,0.0
2017-06-19,0.0
2017-06-20,0.0
2017-06-21,0.0
2017-06-22,0.0
2017-06-23,0.0
2017-06-24,0.0
2017-06-25,0.0
2017-06-26,0.0
2017-06-27,0.0
2017-06-28,0.0
2017-06-29,0.0
2017-06-30,0.0
2017-07-01,0.0
2017-07-02,0.0
2017-07-03,0.0
2017-07-04,0.0
2017-07-05,0.0
2017-07-06,0.0
2017-07-07,0.0
2017-07-08,0.0
2017-07-09,0.0
2017-07-10,0.0
2017-07-11,0.0
2017-07-12,0.0
2017-07-13,0.0
2017-07-14,0.0
2017-07-15,0.0
2017-07-16,0.0
2017-07-17,0.0
2017-07-18,0.0
2017-07-19,0.0
2017-07-20,0.0
2017-07-21,0.0
2017-07-22,0.0
2017-07-23,0.0
2017-07-24,0.0
2017-07-25,0.0
2017-07-26,0.0
2017-07-27,0.0
2017-07-28,0.0
2017-07-29,0.0
2017-07-30,0.0
2017-07-31,0.0
2017-08-01,0.0
2017-08-02,0.0
2017-08-03,0.0
2017-08-04,0.0
2017-08-05,0.0
2017-08-06,0.0
2017-08-07,0.0
2017-08-08,0.0
2017-08-09,0.0
2017-08-10,0.0
2017-08-11,0.0
2017-08-12,0.0
2017-08-13,0.0
2017-08-14,0.0
2017-08-15,0.0
2017-08-16,0.0
2017-08-17,0.0
2017-08-18,0.0
2017-08-19,0.0
2017-08-20,0.0
2017-08-21,0.0
2017-08-22,0.0
2017-08-23,0.0
2017-08-24,0.0
2017-08-25,0.0
2017-08-26,0.0
2017-08-27,0.0
2017-08-28,0.0
2017-08-29,0.0
2017-08-30,0.0
2017-08-31,0.0
2017-09-01,0.0
2017-09-02,0.0
2017-09-03,0.0
2017-09-04,0.05773346871137619
2017-09-05,0.48057010769844055
2017-09-06,5.394834518432617
2017-09-07,0.2929820120334625
2017-09-08,0.5218681693077087
2017-09-09,0.01594497822225094
2017-09-10,0.0
2017-09-11,0.007853173650801182
2017-09-12,0.47811877727508545
2017-09-13,0.07950413972139359
2017-09-14,0.013979741372168064
2017-09-15,0.05118715018033981
2017-09-16,0.0
2017-09-17,0.0
2017-09-18,0.0
2017-09-19,0.0
2017-09-20,0.0
2017-09-21,0.0
2017-09-22,0.0
2017-09-23,0.0
2017-09-24,0.0
2017-09-25,0.0
2017-09-26,0.0
2017-09-27,0.0
2017-09-28,0.0
2017-09-29,0.0
2017-09-30,0.0
2017-10-01,0.0
2017-10-02,0.0
2017-10-03,0.0
2017-10-04,0.0
2017-10-05,0.0
2017-10-06,0.0
2017-10-07,7.8303046226501465
2017-10-08,0.0
2017-10-09,0.04465189576148987
2017-10-10,0.0
2017-10-11,0.0
2017-10-12,0.01589665748178959
2017-10-13,0.13199953734874725
2017-10-14,2.4208779335021973
2017-10-15,0.3716389238834381
2017-10-16,1.3526514768600464
2017-10-17,2.1362290382385254
2017-10-18,5.293473243713379
2017-10-19,1.03052818775177
2017-10-20,1.4882307052612305
2017-10-21,0.05069759860634804
2017-10-22,0.1826104372739792
2017-10-23,0.2605014145374298
2017-10-24,0.0
2017-10-25,0.7416285276412964
2017-10-26,0.0
2017-10-27,0.0
2017-10-28,0.0
2017-10-29,0.0
2017-10-30,0.0
2017-10-31,0.0
2017-11-01,0.0013325682375580072
2017-11-02,0.0
2017-11-03,0.0
2017-11-04,0.002573864534497261
2017-11-05,2.2507989406585693
2017-11-06,3.294172763824463
2017-11-07,0.6550312042236328
2017-11-08,0.58588045835495
2017-11-09,0.9529358744621277
2017-11-10,0.014339732937514782
2017-11-11,5.504078388214111
2017-11-12,0.432260125875473
2017-11-13,0.03898923471570015
2017-11-14,0.08603236079216003
2017-11-15,6.515007495880127
2017-11-16,2.805527925491333
2017-11-17,0.14928291738033295
2017-11-18,0.0
2017-11-19,0.03510677441954613
2017-11-20,0.0
2017-11-21,0.0
2017-11-22,0.0
2017-11-23,0.0
2017-11-24,0.0
2017-11-25,0.0
2017-11-26,4.503513336181641
2017-11-27,0.03139079734683037
2017-11-28,8.574165344238281
2017-11-29,0.6100396513938904
2017-11-30,1.544653058052063
2017-12-01,0.9989686608314514
2017-12-02,0.036013707518577576
2017-12-03,0.04049769788980484
2017-12-04,0.4804620146751404
2017-12-05,14.927240371704102
2017-12-06,0.20709635317325592
2017-12-07,11.94739055633545
2017-12-08,0.22823797166347504
2017-12-09,2.438584804534912
2017-12-10,1.1965034008026123
2017-12-11,0.0
2017-12-12,0.0
2017-12-13,0.0
2017-12-14,0.0
2017-12-15,0.0
2017-12-16,0.1740688532590866
2017-12-17,0.360589861869812
2017-12-18,5.978657245635986
2017-12-19,0.22328995168209076
2017-12-20,0.8227956891059875
2017-12-21,1.935256004333496
2017-12-22,16.126419067382812
2017-12-23,3.901390552520752
2017-12-24,0.9201986193656921
2017-12-25,2.0809874534606934
2017-12-26,6.785282611846924
2017-12-27,1.0098748207092285
2017-12-28,0.17845892906188965
2017-12-29,3.8433029651641846
2017-12-30,2.3699991703033447
2017-12-31,0.14133915305137634
2018-01-01,7.0317277908325195
2018-01-02,3.177023410797119
2018-01-03,0.14661870896816254
2018-01-04,0.0
2018-01-05,0.0
2018-01-06,0.0
2018-01-07,0.0
2018-01-08,0.0
2018-01-09,0.0
2018-01-10,0.0
2018-01-11,12.240038871765137
2018-01-12,0.5714238286018372
2018-01-13,12.888195991516113
2018-01-14,3.163947343826294
2018-01-15,4.9816789627075195
2018-01-16,0.630710244178772
2018-01-17,0.3995455801486969
2018-01-18,0.0034905043430626392
2018-01-19,0.08377209305763245
2018-01-20,1.9262009859085083
2018-01-21,0.0
2018-01-22,0.0
2018-01-23,9.976556777954102
2018-01-24,0.07427530735731125
2018-01-25,13.38813304901123
2018-01-26,0.9570253491401672
2018-01-27,6.304641246795654
2018-01-28,4.250217437744141
2018-01-29,4.814233303070068
2018-01-30,0.1818285882472992
2018-01-31,16.418289184570312
2018-02-01,18.997764587402344
2018-02-02,5.265626907348633
2018-02-03,1.516411304473877
2018-02-04,0.020001482218503952
2018-02-05,0.0
2018-02-06,0.4120800197124481
2018-02-07,8.47994613647461
2018-02-08,26.063335418701172
2018-02-09,16.222774505615234
2018-02-10,1.295008659362793
2018-02-11,28.307863235473633
2018-02-12,17.31563949584961
2018-02-13,0.8523561358451843
2018-02-14,3.8134031295776367
2018-02-15,3.1462907791137695
2018-02-16,8.969891548156738
2018-02-17,15.851247787475586
2018-02-18,0.1472579687833786
2018-02-19,0.0
2018-02-20,0.0010307723423466086
2018-02-21,1.4322335720062256
2018-02-22,0.3017575442790985
2018-02-23,0.0
2018-02-24,0.027065850794315338
2018-02-25,0.4287237823009491
2018-02-26,0.0
2018-02-27,0.015835635364055634
2018-02-28,1.0050538778305054
2018-03-01,5.250830173492432
2018-03-02,0.07637935131788254
2018-03-03,0.011767548508942127
2018-03-04,0.055089905858039856
2018-03-05,6.988392353057861
2018-03-06,1.1147245168685913
2018-03-07,0.0
2018-03-08,1.1684232950210571
2018-03-09,8.583160400390625
2018-03-10,9.402959823608398
2018-03-11,0.5354642868041992
2018-03-12,0.23567956686019897
2018-03-13,3.1373531818389893
2018-03-14,7.821778297424316
2018-03-15,1.4793375730514526
2018-03-16,11.260674476623535
2018-03-17,0.06055356189608574
2018-03-18,0.042542267590761185
2018-03-19,0.21125885844230652
2018-03-20,1.3259559869766235
2018-03-21,0.0
2018-03-22,0.6999720335006714
2018-03-23,0.0
2018-03-24,0.5167089104652405
2018-03-25,7.5001912117004395
2018-03-26,0.0
2018-03-27,0.0
2018-03-28,0.0
2018-03-29,0.0
2018-03-30,0.0
2018-03-31,0.0
2018-04-01,0.0
2018-04-02,0.0
2018-04-03,0.0
2018-04-04,0.0
2018-04-05,0.0
2018-04-06,0.0
2018-04-07,0.0
2018-04-08,0.0
2018-04-09,0.0
2018-04-10,0.0
2018-04-11,0.0
2018-04-12,0.0
2018-04-13,0.0
2018-04-14,0.0
2018-04-15,0.0
2018-04-16,0.0
2018-04-17,0.0
2018-04-18,0.0
2018-04-19,0.0
2018-04-20,0.0
2018-04-21,0.22015023231506348
2018-04-22,0.22015023231506348
2018-04-23,0.22015023231506348
2018-04-24,0.5870673060417175
2018-04-25,0.22015023231506348
2018-04-26,0.14496393501758575
2018-04-27,1.4036731719970703
2018-04-28,1.4999282360076904
2018-04-29,0.0
2018-04-30,2.4215831756591797
2018-05-01,2.2752468585968018
2018-05-02,10.874649047851562
2018-05-03,1.7802188396453857
2018-05-04,0.0031983896624296904
2018-05-05,1.1705790758132935
2018-05-06,0.0
2018-05-07,0.6394301652908325
2018-05-08,0.0
2018-05-09,1.5223255157470703
2018-05-10,1.2192463874816895
2018-05-11,0.0
2018-05-12,0.0
2018-05-13,0.0
2018-05-14,0.0
2018-05-15,0.0
2018-05-16,0.0
2018-05-17,0.0
2018-05-18,0.0
2018-05-19,0.0
2018-05-20,0.0
2018-05-21,0.0
2018-05-22,0.0
2018-05-23,0.0
2018-05-24,0.0
2018-05-25,0.0
2018-05-26,0.0
2018-05-27,0.0
2018-05-28,0.0
2018-05-29,0.0
2018-05-30,0.0
2018-05-31,0.0
2018-06-01,0.0
2018-06-02,0.0
2018-06-03,18.972036361694336
2018-06-04,3.5034172534942627
2018-06-05,0.0504431389272213
2018-06-06,0.0
2018-06-07,0.0
2018-06-08,0.0
2018-06-09,0.0
2018-06-10,0.0
2018-06-11,0.0
2018-06-12,0.0
2018-06-13,0.0
2018-06-14,0.0
2018-06-15,0.0
2018-06-16,0.0
2018-06-17,0.0
2018-06-18,0.0
2018-06-19,0.0
2018-06-20,0.0
2018-06-21,0.0
2018-06-22,0.0
2018-06-23,2.268388032913208
2018-06-24,0.7295693755149841
2018-06-25,0.0
2018-06-26,0.0
2018-06-27,0.0
2018-06-28,0.0
2018-06-29,0.0
2018-06-30,0.0
2018-07-01,0.0
2018-07-02,0.0
2018-07-03,0.0
2018-07-04,0.0
2018-07-05,0.0
2018-07-06,0.0
2018-07-07,0.0
2018-07-08,0.0
2018-07-09,0.0
2018-07-10,0.0
2018-07-11,0.0
2018-07-12,0.38666051626205444
2018-07-13,0.0362279899418354
2018-07-14,1.3859800100326538
2018-07-15,0.016607312485575676
2018-07-16,0.0
2018-07-17,0.0
2018-07-18,0.0
2018-07-19,0.0
2018-07-20,0.0
2018-07-21,12.19012451171875
2018-07-22,2.1460421085357666
2018-07-23,0.0
2018-07-24,0.05520989000797272
2018-07-25,0.0
2018-07-26,0.0
2018-07-27,0.0
2018-07-28,0.0
2018-07-29,0.0
2018-07-30,0.0
2018-07-31,0.0
2018-08-01,0.0
2018-08-02,0.17345131933689117
2018-08-03,0.23336400091648102
2018-08-04,2.6374869346618652
2018-08-05,10.48844051361084
2018-08-06,0.0
2018-08-07,2.4782497882843018
2018-08-08,0.3162718415260315
2018-08-09,0.0
2018-08-10,0.0
2018-08-11,0.0
2018-08-12,0.0
2018-08-13,0.0
2018-08-14,0.0
2018-08-15,0.0
2018-08-16,0.0
2018-08-17,0.0
2018-08-18,0.0
2018-08-19,0.0
2018-08-20,0.0
2018-08-21,0.0
2018-08-22,0.0
2018-08-23,0.0
2018-08-24,0.0
2018-08-25,0.0
2018-08-26,0.0
2018-08-27,0.0
2018-08-28,0.0
2018-08-29,0.0
2018-08-30,0.0
2018-08-31,0.0
2018-09-01,0.0
2018-09-02,0.0
2018-09-03,0.0
2018-09-04,0.0
2018-09-05,0.0
2018-09-06,0.0
2018-09-07,0.0
2018-09-08,0.0
2018-09-09,0.0
2018-09-10,0.0
2018-09-11,0.6729283332824707
2018-09-12,0.04205802083015442
2018-09-13,0.04205802083015442
2018-09-14,0.04205802083015442
2018-09-15,0.04205802083015442
2018-09-16,0.2941729724407196
2018-09-17,0.12185407429933548
2018-09-18,0.11569982767105103
2018-09-19,0.11569982767105103
2018-09-20,1.6665699481964111
2018-09-21,4.798516750335693
2018-09-22,1.1048489809036255
2018-09-23,0.0
2018-09-24,3.642204523086548
2018-09-25,0.9243069887161255
2018-09-26,0.0
2018-09-27,0.0
2018-09-28,0.0
2018-09-29,0.0
2018-09-30,0.0
2018-10-01,0.0
2018-10-02,0.0
2018-10-03,0.0
2018-10-04,0.0
2018-10-05,0.0
2018-10-06,0.0
2018-10-07,0.0
2018-10-08,0.0
2018-10-09,0.0
2018-10-10,0.0
2018-10-11,11.59436321258545
2018-10-12,2.466531276702881
2018-10-13,0.11377483606338501
2018-10-14,0.2088138312101364
2018-10-15,0.15371859073638916
2018-10-16,0.0
2018-10-17,0.08814794570207596
2018-10-18,4.52031135559082
2018-10-19,4.519289493560791
2018-10-20,0.10130278021097183
2018-10-21,0.0
2018-10-22,0.21771937608718872
2018-10-23,17.69742774963379
2018-10-24,6.782277584075928
2018-10-25,0.9341953992843628
2018-10-26,3.250241756439209
2018-10-27,0.9480714201927185
2018-10-28,0.0
2018-10-29,0.0
2018-10-30,0.0048935734666883945
2018-10-31,0.1544356644153595
2018-11-01,9.192792892456055
2018-11-02,1.8392685651779175
2018-11-03,0.0
2018-11-04,1.2425862550735474
2018-11-05,0.6285645961761475
2018-11-06,0.588111400604248
2018-11-07,6.250292778015137
2018-11-08,0.0
2018-11-09,0.0
2018-11-10,0.7589597105979919
2018-11-11,0.18794813752174377
2018-11-12,1.837036371231079
2018-11-13,0.7527078986167908
2018-11-14,0.705405056476593
2018-11-15,0.0
2018-11-16,0.018327251076698303
2018-11-17,0.0
2018-11-18,1.0719915628433228
2018-11-19,17.490175247192383
2018-11-20,0.0
2018-11-21,0.7915238738059998
2018-11-22,3.0040740966796875
2018-11-23,0.0
2018-11-24,1.1019402742385864
2018-11-25,0.05215045437216759
2018-11-26,6.918204307556152
2018-11-27,10.263572692871094
2018-11-28,1.8303080797195435
2018-11-29,0.8665260076522827
2018-11-30,0.0
2018-12-01,0.0
2018-12-02,0.0
2018-12-03,0.0
2018-12-04,0.0
2018-12-05,0.0
2018-12-06,0.030809270218014717
2018-12-07,1.3174901008605957
2018-12-08,0.0
2018-12-09,0.5778045058250427
2018-12-10,1.3303825855255127
2018-12-11,0.0
2018-12-12,3.9967093467712402
2018-12-13,0.48565447330474854
2018-12-14,0.0
2018-12-15,0.12773670256137848
2018-12-16,0.04528020694851875
2018-12-17,0.2816530466079712
2018-12-18,1.150437355041504
2018-12-19,1.495516300201416
2018-12-20,0.8836414217948914
2018-12-21,0.05066637322306633
2018-12-22,11.129515647888184
2018-12-23,1.0094128847122192
2018-12-24,9.362213134765625
2018-12-25,0.0058054616674780846
2018-12-26,13.420555114746094
2018-12-27,3.6954870223999023
2018-12-28,4.206392765045166
2018-12-29,35.0120964050293
2018-12-30,10.029117584228516
2018-12-31,7.798692226409912
2019-01-01,0.014293549582362175
2019-01-02,6.0646209716796875
2019-01-03,0.6507063508033752
2019-01-04,7.837856769561768
2019-01-05,0.007858301512897015
2019-01-06,5.714052677154541
2019-01-07,0.0007804370252415538
2019-01-08,1.6427568197250366
2019-01-09,0.37304559350013733
2019-01-10,2.976961135864258
2019-01-11,1.8345173597335815
2019-01-12,0.5089496970176697
2019-01-13,8.39168643951416
2019-01-14,0.09959112107753754
2019-01-15,0.4404987692832947
2019-01-16,8.791178703308105
2019-01-17,0.025622494518756866
2019-01-18,2.782311201095581
2019-01-19,3.5595905780792236
2019-01-20,0.040341801941394806
2019-01-21,0.0
2019-01-22,1.1487491130828857
2019-01-23,2.9329543113708496
2019-01-24,1.6628930568695068
2019-01-25,2.0859506130218506
2019-01-26,0.0
2019-01-27,0.19863437116146088
2019-01-28,0.09945975989103317
2019-01-29,0.4329535961151123
2019-01-30,0.82625412940979
2019-01-31,4.961409091949463
2019-02-01,3.981337785720825
2019-02-02,2.2277021408081055
2019-02-03,8.761213302612305
2019-02-04,0.7240628004074097
2019-02-05,0.310896098613739
2019-02-06,0.7193678617477417
2019-02-07,0.0
2019-02-08,0.0
2019-02-09,3.414646863937378
2019-02-10,1.814366102218628
2019-02-11,9.961389541625977
2019-02-12,6.113999366760254
2019-02-13,3.990464925765991
2019-02-14,1.1515566110610962
2019-02-15,10.431854248046875
2019-02-16,2.4287240505218506
2019-02-17,5.866049289703369
2019-02-18,10.951376914978027
2019-02-19,9.957456588745117
2019-02-20,17.902788162231445
2019-02-21,0.7186007499694824
2019-02-22,0.0
2019-02-23,0.0
2019-02-24,1.0675214529037476
2019-02-25,4.989264488220215
2019-02-26,9.054591178894043
2019-02-27,0.3152661919593811
2019-02-28,0.1267511397600174
2019-03-01,2.453975200653076
2019-03-02,1.3198208808898926
2019-03-03,5.29311990737915
2019-03-04,0.28762856125831604
2019-03-05,0.021775824949145317
2019-03-06,1.182477355003357
2019-03-07,0.029093455523252487
2019-03-08,0.0
2019-03-09,7.745519161224365
2019-03-10,0.0
2019-03-11,0.42942869663238525
2019-03-12,1.5575675964355469
2019-03-13,0.02741461619734764
2019-03-14,0.029345078393816948
2019-03-15,0.6790140271186829
2019-03-16,0.05664387345314026
2019-03-17,0.4412117600440979
2019-03-18,6.166073322296143
2019-03-19,0.7833425998687744
2019-03-20,0.560381293296814
2019-03-21,0.0
2019-03-22,0.0
2019-03-23,0.0
2019-03-24,0.0
2019-03-25,0.0
2019-03-26,0.0
2019-03-27,0.0
2019-03-28,0.0
2019-03-29,0.0
2019-03-30,0.0
2019-03-31,0.0
2019-04-01,7.146130084991455
2019-04-02,0.7008521556854248
2019-04-03,1.549800992012024
2019-04-04,1.0038594007492065
2019-04-05,1.0544638633728027
2019-04-06,0.0
2019-04-07,0.0
2019-04-08,0.0
2019-04-09,0.0
2019-04-10,0.0
2019-04-11,0.0
2019-04-12,0.0
2019-04-13,0.0
2019-04-14,0.0
2019-04-15,0.0
2019-04-16,2.0425186157226562
2019-04-17,0.6669448614120483
2019-04-18,0.6669448614120483
2019-04-19,2.6260952949523926
2019-04-20,0.6669448614120483
2019-04-21,0.21077100932598114
2019-04-22,0.21077100932598114
2019-04-23,2.318481206893921
2019-04-24,1.264626145362854
2019-04-25,0.21077100932598114
2019-04-26,1.6714307069778442
2019-04-27,0.18993529677391052
2019-04-28,0.1519482433795929
2019-04-29,0.1519482433795929
2019-04-30,0.873702347278595
2019-05-01,0.41094735264778137
2019-05-02,0.489109605550766
2019-05-03,0.0
2019-05-04,0.0
2019-05-05,0.023958969861268997
2019-05-06,0.21722343564033508
2019-05-07,2.483905553817749
2019-05-08,1.2088924646377563
2019-05-09,0.21722343564033508
2019-05-10,0.21722343564033508
2019-05-11,0.13828596472740173
2019-05-12,1.5173029899597168
2019-05-13,0.007354388013482094
2019-05-14,0.3087739646434784
2019-05-15,0.0
2019-05-16,0.0
2019-05-17,0.0
2019-05-18,0.0
2019-05-19,0.0
2019-05-20,0.0
2019-05-21,0.0
2019-05-22,0.0
2019-05-23,0.0
2019-05-24,0.0
2019-05-25,0.0
2019-05-26,0.0
2019-05-27,0.0
2019-05-28,0.0
2019-05-29,0.0
2019-05-30,0.0
2019-05-31,0.0
2019-06-01,0.0
2019-06-02,0.0
2019-06-03,0.0
2019-06-04,0.0
2019-06-05,0.0
2019-06-06,0.0
2019-06-07,0.0
2019-06-08,0.0
2019-06-09,0.0
2019-06-10,0.0
2019-06-11,0.0
2019-06-12,0.0
2019-06-13,0.0
2019-06-14,0.0
2019-06-15,4.912163734436035
2019-06-16,1.894873857498169
2019-06-17,0.0003341928531881422
2019-06-18,0.0
2019-06-19,0.0
2019-06-20,0.045784421265125275
2019-06-21,0.0
2019-06-22,0.0
2019-06-23,0.0
2019-06-24,0.0
2019-06-25,0.0
2019-06-26,0.0
2019-06-27,0.0
2019-06-28,0.0
2019-06-29,0.0
2019-06-30,0.0
2019-07-01,0.0
2019-07-02,0.0
2019-07-03,0.0
2019-07-04,0.0
2019-07-05,0.0
2019-07-06,0.0
2019-07-07,0.0
2019-07-08,0.0
2019-07-09,0.0
2019-07-10,0.0
2019-07-11,0.0
2019-07-12,0.0
2019-07-13,0.0
2019-07-14,0.0
2019-07-15,0.0
2019-07-16,0.18050764501094818
2019-07-17,0.16334128379821777
2019-07-18,0.31551602482795715
2019-07-19,0.0
2019-07-20,2.1269965171813965
2019-07-21,0.0
2019-07-22,0.0
2019-07-23,0.07467031478881836
2019-07-24,2.645691156387329
2019-07-25,0.07111191004514694
2019-07-26,0.0
2019-07-27,0.0
2019-07-28,0.0
2019-07-29,0.0
2019-07-30,0.0
2019-07-31,0.0
2019-08-01,0.0
2019-08-02,0.0
2019-08-03,0.0
2019-08-04,0.0
2019-08-05,0.0
2019-08-06,0.0
2019-08-07,0.0
2019-08-08,0.0
2019-08-09,0.0
2019-08-10,0.0
2019-08-11,0.0
2019-08-12,0.0
2019-08-13,0.0
2019-08-14,0.0
2019-08-15,0.0
2019-08-16,0.0
2019-08-17,0.0
2019-08-18,0.0
2019-08-19,0.0
2019-08-20,0.0
2019-08-21,0.0
2019-08-22,0.0
2019-08-23,0.09158482402563095
2019-08-24,0.09021183103322983
2019-08-25,0.18454264104366302
2019-08-26,0.0
2019-08-27,0.0
2019-08-28,0.0
2019-08-29,0.0
2019-08-30,0.0
2019-08-31,0.0
2019-09-01,0.0
2019-09-02,0.0
2019-09-03,0.0
2019-09-04,0.0
2019-09-05,0.0
2019-09-06,0.8049493432044983
2019-09-07,0.47879162430763245
2019-09-08,1.5591754913330078
2019-09-09,0.0
2019-09-10,0.0
2019-09-11,1.3480414152145386
2019-09-12,0.47682127356529236
2019-09-13,0.27136173844337463
2019-09-14,0.0
2019-09-15,0.0
2019-09-16,0.1625135838985443
2019-09-17,0.1625135838985443
2019-09-18,0.43336954712867737
2019-09-19,0.1625135838985443
2019-09-20,0.1625135838985443
2019-09-21,0.0
2019-09-22,0.0
2019-09-23,0.0
2019-09-24,0.0
2019-09-25,0.0
2019-09-26,0.0
2019-09-27,0.0
2019-09-28,0.0
2019-09-29,0.0
2019-09-30,0.0
2019-10-01,0.0
2019-10-02,0.0
2019-10-03,0.0
2019-10-04,0.0
2019-10-05,0.0
2019-10-06,0.0
2019-10-07,0.0
2019-10-08,0.0
2019-10-09,0.0
2019-10-10,0.0
2019-10-11,0.0
2019-10-12,0.0
2019-10-13,0.0
2019-10-14,0.0
2019-10-15,0.0
2019-10-16,0.0
2019-10-17,0.0
2019-10-18,0.0
2019-10-19,0.0
2019-10-20,0.0
2019-10-21,0.0
2019-10-22,0.0
2019-10-23,0.0
2019-10-24,0.0
2019-10-25,0.0
2019-10-26,1.5932506322860718
2019-10-27,0.8521421551704407
2019-10-28,0.7624233961105347
2019-10-29,0.16593383252620697
2019-10-30,0.16916152834892273
2019-10-31,0.8060429096221924
2019-11-01,0.03445599973201752
2019-11-02,0.0
2019-11-03,0.0
2019-11-04,0.12412753701210022
2019-11-05,1.8159204721450806
2019-11-06,7.8905816078186035
2019-11-07,0.20138141512870789
2019-11-08,0.024995088577270508
2019-11-09,6.0699872970581055
2019-11-10,0.5646541118621826
2019-11-11,0.2975904047489166
2019-11-12,4.0412373542785645
2019-11-13,5.4125494956970215
2019-11-14,12.005398750305176
2019-11-15,0.0
2019-11-16,0.0
2019-11-17,0.0
2019-11-18,0.0
2019-11-19,0.0
2019-11-20,0.0
2019-11-21,3.418731927871704
2019-11-22,0.35296544432640076
2019-11-23,1.9104437828063965
2019-11-24,0.0
2019-11-25,3.756608724594116
2019-11-26,5.312557220458984
2019-11-27,0.0
2019-11-28,0.3960907757282257
2019-11-29,0.0
2019-11-30,1.580167293548584
2019-12-01,0.7510612607002258
2019-12-02,2.3909599781036377
2019-12-03,0.0
2019-12-04,0.6041743755340576
2019-12-05,4.526528358459473
2019-12-06,2.0641350746154785
2019-12-07,0.023951180279254913
2019-12-08,8.422035217285156
2019-12-09,0.5894746780395508
2019-12-10,0.859225332736969
2019-12-11,0.16858385503292084
2019-12-12,2.271040678024292
2019-12-13,0.5649473071098328
2019-12-14,0.05402744933962822
2019-12-15,1.610390543937683
2019-12-16,0.5994312763214111
2019-12-17,0.5893967151641846
2019-12-18,0.7248232960700989
2019-12-19,3.8034884929656982
2019-12-20,2.066315174102783
2019-12-21,0.8114346265792847
2019-12-22,1.5136927366256714
2019-12-23,0.0010271150385960937
2019-12-24,0.03149819374084473
2019-12-25,3.6653504371643066
2019-12-26,0.05101168528199196
2019-12-27,0.12260504066944122
2019-12-28,8.564022064208984
2019-12-29,1.1576457023620605
2019-12-30,0.5947757363319397
2019-12-31,9.437975883483887
2020-01-01,2.212979555130005
2020-01-02,2.265134572982788
2020-01-03,0.02355014532804489
2020-01-04,11.619319915771484
2020-01-05,28.940176010131836
2020-01-06,0.0
2020-01-07,0.6998046040534973
2020-01-08,6.178542613983154
2020-01-09,0.0
2020-01-10,3.9667625427246094
2020-01-11,17.683645248413086
2020-01-12,0.5113517642021179
2020-01-13,8.918344497680664
2020-01-14,0.09751925617456436
2020-01-15,8.33006763458252
2020-01-16,7.044101238250732
2020-01-17,1.9760794639587402
2020-01-18,1.3958505392074585
2020-01-19,1.0334912538528442
2020-01-20,3.093567371368408
2020-01-21,6.6178083419799805
2020-01-22,12.213303565979004
2020-01-23,0.06764494627714157
2020-01-24,0.0
2020-01-25,0.0
2020-01-26,0.0
2020-01-27,4.594397068023682
2020-01-28,0.3035353422164917
2020-01-29,0.1738070845603943
2020-01-30,12.524337768554688
2020-01-31,5.44013786315918
2020-02-01,0.44945859909057617
2020-02-02,11.769023895263672
2020-02-03,2.853344202041626
2020-02-04,0.27315834164619446
2020-02-05,1.7633438110351562
2020-02-06,16.130870819091797
2020-02-07,5.226977348327637
2020-02-08,4.509267330169678
2020-02-09,2.0465598106384277
2020-02-10,0.6550547480583191
2020-02-11,7.35930871963501
2020-02-12,0.6197391152381897
2020-02-13,0.28702986240386963
2020-02-14,1.0431667566299438
2020-02-15,0.0
2020-02-16,0.28862687945365906
2020-02-17,3.67661714553833
2020-02-18,1.3299906253814697
2020-02-19,20.373184204101562
2020-02-20,8.858145713806152
2020-02-21,3.5291783809661865
2020-02-22,1.4788248538970947
2020-02-23,0.3896077573299408
2020-02-24,8.07748031616211
2020-02-25,3.937819004058838
2020-02-26,13.779742240905762
2020-02-27,0.34227779507637024
2020-02-28,0.13770915567874908
2020-02-29,0.07898915559053421
2020-03-01,0.0
2020-03-02,0.013870478607714176
2020-03-03,1.3226872682571411
2020-03-04,1.0677748918533325
2020-03-05,1.0986015796661377
2020-03-06,0.0
2020-03-07,0.0
2020-03-08,0.0
2020-03-09,0.0
2020-03-10,0.0
2020-03-11,0.0
2020-03-12,0.0
2020-03-13,0.0
2020-03-14,0.0
2020-03-15,0.0
2020-03-16,0.2845759391784668
2020-03-17,0.06747650355100632
2020-03-18,0.301931768655777
2020-03-19,5.462760925292969
2020-03-20,7.481581211090088
2020-03-21,0.0
2020-03-22,0.0
2020-03-23,0.0
2020-03-24,0.0
2020-03-25,0.0
2020-03-26,14.955941200256348
2020-03-27,3.4822945594787598
2020-03-28,0.0
2020-03-29,4.5330352783203125
2020-03-30,0.0
2020-03-31,0.0
2020-04-01,0.0
2020-04-02,0.0
2020-04-03,0.0
2020-04-04,0.0
2020-04-05,0.0
2020-04-06,1.816411018371582
2020-04-07,7.347786903381348
2020-04-08,0.38937222957611084
2020-04-09,0.0
2020-04-10,0.0
2020-04-11,0.0
2020-04-12,0.0
2020-04-13,0.0
2020-04-14,0.0
2020-04-15,0.0
2020-04-16,0.0
2020-04-17,0.0
2020-04-18,0.0
2020-04-19,0.0
2020-04-20,0.0
2020-04-21,0.0
2020-04-22,0.0
2020-04-23,0.0
2020-04-24,0.0
2020-04-25,0.0
2020-04-26,1.1773701906204224
2020-04-27,0.0
2020-04-28,0.0
2020-04-29,0.0
2020-04-30,0.0
2020-05-01,0.03749914839863777
2020-05-02,0.5727136135101318
2020-05-03,1.0235216617584229
2020-05-04,3.340053081512451
2020-05-05,2.1283774375915527
2020-05-06,0.0
2020-05-07,0.0
2020-05-08,0.0
2020-05-09,0.0
2020-05-10,0.0
2020-05-11,0.0
2020-05-12,0.0
2020-05-13,0.0
2020-05-14,0.0
2020-05-15,0.0
2020-05-16,0.0
2020-05-17,0.0
2020-05-18,0.0
2020-05-19,0.0
2020-05-20,0.0
2020-05-21,0.0
2020-05-22,0.0
2020-05-23,0.0
2020-05-24,0.0
2020-05-25,0.0
2020-05-26,0.0
2020-05-27,0.0
2020-05-28,0.0
2020-05-29,0.0
2020-05-30,0.0
2020-05-31,0.0
2020-06-01,0.0
2020-06-02,0.0
2020-06-03,0.0
2020-06-04,0.0
2020-06-05,0.0
2020-06-06,0.0
2020-06-07,0.0
2020-06-08,0.0
2020-06-09,0.0
2020-06-10,0.0
2020-06-11,0.0
2020-06-12,0.0
2020-06-13,0.0
2020-06-14,0.0
2020-06-15,0.0
2020-06-16,0.0
2020-06-17,0.0
2020-06-18,0.0
2020-06-19,0.0
2020-06-20,0.0
2020-06-21,0.0
2020-06-22,0.0
2020-06-23,0.0
2020-06-24,0.0
2020-06-25,0.0
2020-06-26,0.0
2020-06-27,0.0
2020-06-28,0.0
2020-06-29,0.0
2020-06-30,0.0
2020-07-01,0.0
2020-07-02,0.0
2020-07-03,0.0
2020-07-04,0.0
2020-07-05,0.0
2020-07-06,0.39209866523742676
2020-07-07,0.14703699946403503
2020-07-08,0.14703699946403503
2020-07-09,0.14703699946403503
2020-07-10,0.14703699946403503
2020-07-11,0.0
2020-07-12,0.0
2020-07-13,0.0
2020-07-14,0.0
2020-07-15,0.0
2020-07-16,0.0
2020-07-17,0.0
2020-07-18,0.0
2020-07-19,0.0
2020-07-20,0.0
2020-07-21,0.0
2020-07-22,0.0
2020-07-23,0.0
2020-07-24,0.0
2020-07-25,0.0
2020-07-26,0.0
2020-07-27,0.0
2020-07-28,0.0
2020-07-29,0.0
2020-07-30,0.0
2020-07-31,0.0
2020-08-01,0.0
2020-08-02,0.0
2020-08-03,0.0
2020-08-04,0.0
2020-08-05,0.0
2020-08-06,0.0
2020-08-07,0.0
2020-08-08,0.0
2020-08-09,0.0
2020-08-10,0.0
2020-08-11,0.0
2020-08-12,0.0
2020-08-13,0.0
2020-08-14,0.0
2020-08-15,0.0
2020-08-16,0.0
2020-08-17,0.0
2020-08-18,0.0
2020-08-19,0.0
2020-08-20,0.0
2020-08-21,0.0
2020-08-22,3.505221366882324
2020-08-23,0.0
2020-08-24,0.0
2020-08-25,0.0
2020-08-26,0.0
2020-08-27,0.0
2020-08-28,0.0
2020-08-29,0.0
2020-08-30,0.0
2020-08-31,2.159165382385254
2020-09-01,0.14454913139343262
2020-09-02,0.14454913139343262
2020-09-03,0.14454913139343262
2020-09-04,0.14454913139343262
2020-09-05,0.14454913139343262
2020-09-06,5.802236080169678
2020-09-07,5.331780433654785
2020-09-08,1.4149513244628906
2020-09-09,2.198943853378296
2020-09-10,0.6226457953453064
2020-09-11,0.0
2020-09-12,0.0
2020-09-13,0.0
2020-09-14,0.0
2020-09-15,0.0
2020-09-16,0.0
2020-09-17,0.0
2020-09-18,0.0
2020-09-19,0.0
2020-09-20,0.0
2020-09-21,0.0
2020-09-22,0.0
2020-09-23,0.0
2020-09-24,0.0
2020-09-25,0.0
2020-09-26,0.0
2020-09-27,0.06152844429016113
2020-09-28,0.06152844429016113
2020-09-29,0.12305688858032227
2020-09-30,0.0
2020-10-01,0.0
2020-10-02,0.0
2020-10-03,0.0
2020-10-04,0.0
2020-10-05,0.0
2020-10-06,0.0
2020-10-07,0.0
2020-10-08,0.0
2020-10-09,0.5017371773719788
2020-10-10,6.613465785980225
2020-10-11,1.4871580600738525
2020-10-12,4.614856719970703
2020-10-13,0.0
2020-10-14,3.381457567214966
2020-10-15,0.22989991307258606
2020-10-16,0.2128339409828186
2020-10-17,0.22839660942554474
2020-10-18,0.3627947270870209
2020-10-19,0.006004587281495333
2020-10-20,0.07866168022155762
2020-10-21,2.731043815612793
2020-10-22,0.23393170535564423
2020-10-23,2.7606849670410156
2020-10-24,0.0
2020-10-25,1.2312654256820679
2020-10-26,0.0
2020-10-27,0.0
2020-10-28,0.0
2020-10-29,0.0
2020-10-30,0.0
2020-10-31,0.0
2020-11-01,0.0
2020-11-02,0.0
2020-11-03,0.0
2020-11-04,0.0
2020-11-05,0.0
2020-11-06,0.0
2020-11-07,0.0
2020-11-08,0.0
2020-11-09,0.0
2020-11-10,0.0
2020-11-11,0.0
2020-11-12,0.0
2020-11-13,0.0
2020-11-14,0.0
2020-11-15,0.0
2020-11-16,0.0
2020-11-17,0.0
2020-11-18,0.0
2020-11-19,0.0
2020-11-20,0.0
2020-11-21,0.0
2020-11-22,0.00860209297388792
2020-11-23,0.00225747749209404
2020-11-24,0.008605740033090115
2020-11-25,1.8656706809997559
2020-11-26,0.1341264247894287
2020-11-27,0.22100026905536652
2020-11-28,0.2391538918018341
2020-11-29,0.48089349269866943
2020-11-30,6.2847490310668945
2020-12-01,4.3707451820373535
2020-12-02,0.0
2020-12-03,0.0940704271197319
2020-12-04,1.0202748775482178
2020-12-05,0.7586667537689209
2020-12-06,0.7142426371574402
2020-12-07,0.031504448503255844
2020-12-08,0.541799008846283
2020-12-09,2.0781409740448
2020-12-10,1.124176263809204
2020-12-11,0.7205221056938171
2020-12-12,0.6312049627304077
2020-12-13,0.7055063843727112
2020-12-14,0.02632680907845497
2020-12-15,0.0
2020-12-16,0.5557756423950195
2020-12-17,2.5373027324676514
2020-12-18,0.022239353507757187
2020-12-19,0.15893587470054626
2020-12-20,2.706076145172119
2020-12-21,0.9269400835037231
2020-12-22,0.676284670829773
2020-12-23,0.7073402404785156
2020-12-24,0.5761997699737549
2020-12-25,1.2654602527618408
2020-12-26,4.747424602508545
2020-12-27,1.2017829418182373
2020-12-28,17.632801055908203
2020-12-29,3.2457776069641113
2020-12-30,0.0
2020-12-31,2.8975484371185303
2021-01-01,2.4636080265045166
2021-01-02,0.6025501489639282
2021-01-03,2.685361862182617
2021-01-04,1.2346904277801514
2021-01-05,5.3746657371521
2021-01-06,1.4210410118103027
2021-01-07,0.3297021687030792
2021-01-08,3.628645181655884
2021-01-09,5.375360012054443
2021-01-10,0.15180370211601257
2021-01-11,9.429402351379395
2021-01-12,10.453939437866211
2021-01-13,26.309188842773438
2021-01-14,1.3213218450546265
2021-01-15,3.2738473415374756
2021-01-16,0.779755175113678
2021-01-17,24.388004302978516
2021-01-18,2.6937339305877686
2021-01-19,0.09190932661294937
2021-01-20,1.3735501766204834
2021-01-21,1.2837884426116943
2021-01-22,0.021925922483205795
2021-01-23,0.5234379768371582
2021-01-24,0.18546031415462494
2021-01-25,6.872694969177246
2021-01-26,4.861209392547607
2021-01-27,0.0
2021-01-28,2.4822123050689697
2021-01-29,0.12983815371990204
2021-01-30,0.03068588115274906
2021-01-31,0.4724105894565582
2021-02-01,2.7153851985931396
2021-02-02,4.780360221862793
2021-02-03,12.895125389099121
2021-02-04,6.720461368560791
2021-02-05,1.425747275352478
2021-02-06,0.0
2021-02-07,0.36014142632484436
2021-02-08,1.6518577337265015
2021-02-09,3.0227408409118652
2021-02-10,8.155940055847168
2021-02-11,1.5925809144973755
2021-02-12,2.4606475830078125
2021-02-13,3.5884499549865723
2021-02-14,2.566455364227295
2021-02-15,1.904524803161621
2021-02-16,1.256166934967041
2021-02-17,8.936592102050781
2021-02-18,3.2660980224609375
2021-02-19,1.305442452430725
2021-02-20,1.2987345457077026
2021-02-21,1.6278316974639893
2021-02-22,1.202558159828186
2021-02-23,0.5232500433921814
2021-02-24,0.4014486074447632
2021-02-25,0.0
2021-02-26,1.3023829460144043
2021-02-27,2.25728702545166
2021-02-28,0.32360637187957764
2021-03-01,0.03277811408042908
2021-03-02,0.008153886534273624
2021-03-03,0.016740310937166214
2021-03-04,0.024757089093327522
2021-03-05,0.2896316647529602
2021-03-06,0.0
2021-03-07,0.0
2021-03-08,0.0
2021-03-09,0.0
2021-03-10,0.0
2021-03-11,1.8850370645523071
2021-03-12,1.121220588684082
2021-03-13,0.0
2021-03-14,0.0
2021-03-15,0.7480949759483337
2021-03-16,2.5026960372924805
2021-03-17,5.01154088973999
2021-03-18,5.634995937347412
2021-03-19,0.11650196462869644
2021-03-20,1.6971697807312012
2021-03-21,3.8752496242523193
2021-03-22,1.9524619579315186
2021-03-23,0.09548840671777725
2021-03-24,1.4944825172424316
2021-03-25,0.0
2021-03-26,0.3413047790527344
2021-03-27,1.3577015399932861
2021-03-28,1.3582847118377686
2021-03-29,0.09498082846403122
2021-03-30,1.9837770462036133
2021-03-31,2.372333526611328
2021-04-01,5.105424404144287
2021-04-02,0.0
2021-04-03,0.1461976319551468
2021-04-04,0.05340970680117607
2021-04-05,0.37463778257369995
2021-04-06,5.705800533294678
2021-04-07,0.0
2021-04-08,0.0
2021-04-09,0.6310038566589355
2021-04-10,0.17839612066745758
2021-04-11,0.0
2021-04-12,2.924973487854004
2021-04-13,0.0
2021-04-14,6.593784809112549
2021-04-15,0.03241768851876259
2021-04-16,0.019715305417776108
2021-04-17,0.0
2021-04-18,0.05542081221938133
2021-04-19,0.02507546730339527
2021-04-20,9.028213389683515e-05
2021-04-21,0.0
2021-04-22,0.0
2021-04-23,0.009019155986607075
2021-04-24,0.02105819806456566
2021-04-25,0.27241984009742737
2021-04-26,0.0
2021-04-27,0.0
2021-04-28,0.0
2021-04-29,0.0
2021-04-30,0.0
2021-05-01,0.0
2021-05-02,0.0
2021-05-03,0.0
2021-05-04,0.0
2021-05-05,0.0
2021-05-06,0.24475973844528198
2021-05-07,0.44872617721557617
2021-05-08,0.0407932884991169
2021-05-09,0.0407932884991169
2021-05-10,0.0407932884991169
2021-05-11,0.0
2021-05-12,0.0
2021-05-13,0.0
2021-05-14,0.0
2021-05-15,1.7369064092636108
2021-05-16,0.0
2021-05-17,0.0
2021-05-18,0.0
2021-05-19,0.0
2021-05-20,0.0
2021-05-21,0.0
2021-05-22,0.0
2021-05-23,0.32054615020751953
2021-05-24,0.6033949851989746
2021-05-25,1.6659529209136963
2021-05-26,0.0
2021-05-27,0.0
2021-05-28,0.0
2021-05-29,0.0
2021-05-30,0.0
2021-05-31,0.0
2021-06-01,4.753748893737793
2021-06-02,0.7458328008651733
2021-06-03,0.0
2021-06-04,0.0
2021-06-05,0.2395380586385727
2021-06-06,0.0
2021-06-07,0.0
2021-06-08,0.0
2021-06-09,0.0
2021-06-10,0.0
2021-06-11,0.9625306725502014
2021-06-12,0.16042177379131317
2021-06-13,0.16042177379131317
2021-06-14,0.16042177379131317
2021-06-15,0.16042177379131317
2021-06-16,0.0
2021-06-17,0.0
2021-06-18,0.0
2021-06-19,0.0
2021-06-20,0.0
2021-06-21,0.0
2021-06-22,0.0
2021-06-23,0.0
2021-06-24,0.0
2021-06-25,0.0
2021-06-26,0.0
2021-06-27,0.0
2021-06-28,0.0
2021-06-29,0.0
2021-06-30,0.0
2021-07-01,0.0
2021-07-02,0.0
2021-07-03,0.0
2021-07-04,0.0
2021-07-05,0.0
2021-07-06,0.0
2021-07-07,0.0
2021-07-08,0.0
2021-07-09,0.0
2021-07-10,0.0
2021-07-11,0.0
2021-07-12,0.0
2021-07-13,0.0
2021-07-14,0.0
2021-07-15,0.0
2021-07-16,0.0
2021-07-17,0.0
2021-07-18,0.0
2021-07-19,0.0
2021-07-20,0.0
2021-07-21,0.0
2021-07-22,0.0
2021-07-23,0.0
2021-07-24,0.0
2021-07-25,0.0
2021-07-26,0.0
2021-07-27,0.0
2021-07-28,0.0
2021-07-29,0.0
2021-07-30,0.0
2021-07-31,0.0
2021-08-01,0.0
2021-08-02,0.0
2021-08-03,0.0
2021-08-04,0.0
2021-08-05,0.0
2021-08-06,0.0
2021-08-07,0.0
2021-08-08,0.0
2021-08-09,0.0
2021-08-10,0.0
2021-08-11,0.0
2021-08-12,0.0
2021-08-13,0.0
2021-08-14,0.0
2021-08-15,0.0
2021-08-16,0.0
2021-08-17,0.0
2021-08-18,0.0
2021-08-19,0.0
2021-08-20,0.0
2021-08-21,0.0
2021-08-22,0.0
2021-08-23,0.0
2021-08-24,0.0
2021-08-25,0.0
2021-08-26,0.0
2021-08-27,0.0
2021-08-28,0.0
2021-08-29,0.0
2021-08-30,0.0
2021-08-31,0.0
2021-09-01,0.0
2021-09-02,0.0
2021-09-03,3.5601329803466797
2021-09-04,0.4331829845905304
2021-09-05,0.0
2021-09-06,0.056928928941488266
2021-09-07,0.056928928941488266
2021-09-08,0.341573566198349
2021-09-09,0.056928928941488266
2021-09-10,0.056928928941488266
2021-09-11,0.0
2021-09-12,0.0
2021-09-13,0.0
2021-09-14,1.2371431589126587
2021-09-15,2.5917868614196777
2021-09-16,0.0
2021-09-17,0.0
2021-09-18,0.0
2021-09-19,0.05769246816635132
2021-09-20,0.49118566513061523
2021-09-21,0.5752520561218262
2021-09-22,4.0799455642700195
2021-09-23,0.12493136525154114
2021-09-24,0.07842937111854553
2021-09-25,0.0
2021-09-26,0.0
2021-09-27,0.0
2021-09-28,0.0
2021-09-29,0.0
2021-09-30,0.0
2021-10-01,0.0
2021-10-02,0.0
2021-10-03,0.0
2021-10-04,0.0
2021-10-05,0.0
2021-10-06,0.0
2021-10-07,1.641075849533081
2021-10-08,0.08669523149728775
2021-10-09,1.2999836206436157
2021-10-10,0.09456447511911392
2021-10-11,7.077826023101807
2021-10-12,0.7218055725097656
2021-10-13,0.0
2021-10-14,1.233150839805603
2021-10-15,0.0
2021-10-16,0.0
2021-10-17,0.0
2021-10-18,0.0
2021-10-19,0.0
2021-10-20,0.0
2021-10-21,0.0
2021-10-22,0.0
2021-10-23,0.0
2021-10-24,0.0
2021-10-25,0.0
2021-10-26,0.0
2021-10-27,0.0
2021-10-28,0.0
2021-10-29,0.0
2021-10-30,0.0
2021-10-31,0.0
2021-11-01,2.521658420562744
2021-11-02,6.365389823913574
2021-11-03,0.45327454805374146
2021-11-04,0.0
2021-11-05,3.909945249557495
2021-11-06,8.01468276977539
2021-11-07,0.03191861882805824
2021-11-08,0.36391445994377136
2021-11-09,0.4711339473724365
2021-11-10,0.42945733666419983
2021-11-11,3.0782852172851562
2021-11-12,9.584012985229492
2021-11-13,0.2783525586128235
2021-11-14,0.08520392328500748
2021-11-15,16.417158126831055
2021-11-16,0.008137541823089123
2021-11-17,1.0581492185592651
2021-11-18,0.0
2021-11-19,0.3669402301311493
2021-11-20,0.2881363332271576
2021-11-21,0.08918678015470505
2021-11-22,0.07031043618917465
2021-11-23,0.048398684710264206
2021-11-24,8.113777160644531
2021-11-25,0.0
2021-11-26,17.362163543701172
2021-11-27,0.6002960801124573
2021-11-28,5.7928032875061035
2021-11-29,16.071619033813477
2021-11-30,0.056723278015851974
2021-12-01,0.0
2021-12-02,3.5582473278045654
2021-12-03,7.099617958068848
2021-12-04,0.0
2021-12-05,5.852302551269531
2021-12-06,0.23465518653392792
2021-12-07,0.9091612100601196
2021-12-08,5.326867580413818
2021-12-09,9.050724029541016
2021-12-10,0.24659156799316406
2021-12-11,0.9659323692321777
2021-12-12,3.210224151611328
2021-12-13,0.0
2021-12-14,6.388763427734375
2021-12-15,1.4868217706680298
2021-12-16,11.834779739379883
2021-12-17,0.2633426785469055
2021-12-18,0.1427926868200302
2021-12-19,2.217562675476074
2021-12-20,20.121570587158203
2021-12-21,10.193209648132324
2021-12-22,7.94366979598999
2021-12-23,2.8744518756866455
2021-12-24,1.8672435283660889
2021-12-25,6.722644329071045
2021-12-26,13.195338249206543
2021-12-27,0.22109639644622803
2021-12-28,0.11635430157184601
2021-12-29,1.9879227876663208
2021-12-30,4.610345840454102
2021-12-31,0.18105001747608185
2022-01-01,9.934843063354492
2022-01-02,0.2106623649597168
2022-01-03,1.3195292949676514
2022-01-04,1.1465877294540405
2022-01-05,4.659253120422363
2022-01-06,0.6497833728790283
2022-01-07,0.5503378510475159
2022-01-08,3.707000970840454
2022-01-09,3.020008087158203
2022-01-10,6.340893745422363
2022-01-11,1.248212456703186
2022-01-12,0.9021090865135193
2022-01-13,0.29772457480430603
2022-01-14,0.0
2022-01-15,0.34124279022216797
2022-01-16,0.07596416771411896
2022-01-17,9.873014450073242
2022-01-18,1.9297605752944946
2022-01-19,0.835939347743988
2022-01-20,0.48620542883872986
2022-01-21,2.755554437637329
2022-01-22,0.18201273679733276
2022-01-23,35.5574836730957
2022-01-24,0.8532628417015076
2022-01-25,0.0
2022-01-26,3.7402467727661133
2022-01-27,4.0283894538879395
2022-01-28,0.06588738411664963
2022-01-29,0.5204823017120361
2022-01-30,3.9914710521698
2022-01-31,10.889297485351562
2022-02-01,0.9301271438598633
2022-02-02,0.26535356044769287
2022-02-03,12.286822319030762
2022-02-04,4.486209869384766
2022-02-05,0.8618404269218445
2022-02-06,10.544386863708496
2022-02-07,0.17806994915008545
2022-02-08,0.0
2022-02-09,0.03925951570272446
2022-02-10,1.0469855070114136
2022-02-11,15.141233444213867
2022-02-12,3.3007726669311523
2022-02-13,0.5823054313659668
2022-02-14,0.0
2022-02-15,1.750633716583252
2022-02-16,0.9418227672576904
2022-02-17,1.5434781312942505
2022-02-18,2.0114974975585938
2022-02-19,13.000015258789062
2022-02-20,1.8343689441680908
2022-02-21,2.3088653087615967
2022-02-22,0.47823017835617065
2022-02-23,0.14642274379730225
2022-02-24,0.09672343730926514
2022-02-25,1.1201506853103638
2022-02-26,0.0
2022-02-27,1.2479878664016724
2022-02-28,4.021954536437988
2022-03-01,14.293442726135254
2022-03-02,0.0074758101254701614
2022-03-03,1.3666794300079346
2022-03-04,3.6115777492523193
2022-03-05,0.0
2022-03-06,0.0
2022-03-07,0.0
2022-03-08,0.0
2022-03-09,0.0
2022-03-10,0.0
2022-03-11,0.0
2022-03-12,0.0
2022-03-13,0.0
2022-03-14,0.0
2022-03-15,0.0
2022-03-16,0.0
2022-03-17,0.0
2022-03-18,0.13538150489330292
2022-03-19,0.8146021962165833
2022-03-20,1.0972918272018433
2022-03-21,0.5051286220550537
2022-03-22,0.47307145595550537
2022-03-23,0.0
2022-03-24,0.14975914359092712
2022-03-25,0.6238572597503662
2022-03-26,3.101165533065796
2022-03-27,8.808636665344238
2022-03-28,0.090335913002491
2022-03-29,0.0
2022-03-30,0.03899747133255005
2022-03-31,2.467923879623413
2022-04-01,0.0
2022-04-02,0.0
2022-04-03,0.0
2022-04-04,0.0
2022-04-05,0.0
2022-04-06,0.0
2022-04-07,0.0
2022-04-08,0.0
2022-04-09,0.0
2022-04-10,0.0
2022-04-11,0.0
2022-04-12,0.0
2022-04-13,0.0
2022-04-14,0.0
2022-04-15,0.0
2022-04-16,0.0
2022-04-17,0.0
2022-04-18,0.0
2022-04-19,0.0
2022-04-20,0.0
2022-04-21,0.0
2022-04-22,0.0
2022-04-23,0.0
2022-04-24,0.0
2022-04-25,0.0
2022-04-26,0.14271406829357147
2022-04-27,0.14271406829357147
2022-04-28,0.14271406829357147
2022-04-29,0.8562844395637512
2022-04-30,0.14271406829357147
2022-05-01,0.0
2022-05-02,0.0
2022-05-03,0.0
2022-05-04,0.0
2022-05-05,0.0
2022-05-06,0.0
2022-05-07,0.0
2022-05-08,0.0
2022-05-09,0.0
2022-05-10,0.0
2022-05-11,0.0
2022-05-12,0.0
2022-05-13,0.0
2022-05-14,0.0
2022-05-15,0.0
2022-05-16,0.0
2022-05-17,0.0
2022-05-18,0.0
2022-05-19,0.0
2022-05-20,0.0
2022-05-21,0.0
2022-05-22,0.0
2022-05-23,0.0
2022-05-24,0.0
2022-05-25,0.0
2022-05-26,0.0
2022-05-27,0.0
2022-05-28,0.0
2022-05-29,0.0
2022-05-30,0.0
2022-05-31,0.0
2022-06-01,0.0
2022-06-02,0.0
2022-06-03,0.0
2022-06-04,0.0
2022-06-05,0.0
2022-06-06,0.0
2022-06-07,0.0
2022-06-08,0.0
2022-06-09,0.0
2022-06-10,0.0
2022-06-11,0.0
2022-06-12,0.0
2022-06-13,0.0
2022-06-14,0.0
2022-06-15,0.0
2022-06-16,0.0
2022-06-17,0.0
2022-06-18,0.0
2022-06-19,0.0
2022-06-20,0.0
2022-06-21,0.0
2022-06-22,0.0
2022-06-23,0.0
2022-06-24,0.0
2022-06-25,0.0
2022-06-26,0.0
2022-06-27,0.0
2022-06-28,0.0
2022-06-29,0.0
2022-06-30,0.0
2022-07-01,0.0
2022-07-02,0.0
2022-07-03,0.0
2022-07-04,0.0
2022-07-05,0.0
2022-07-06,0.0
2022-07-07,0.0
2022-07-08,0.0
2022-07-09,0.0
2022-07-10,0.0
2022-07-11,0.0
2022-07-12,1.0236860513687134
2022-07-13,0.0
2022-07-14,0.5211239457130432
2022-07-15,1.346224069595337
2022-07-16,0.0
2022-07-17,0.0
2022-07-18,0.0
2022-07-19,0.0
2022-07-20,0.0
2022-07-21,0.0
2022-07-22,0.0
2022-07-23,0.0
2022-07-24,0.0
2022-07-25,0.0
2022-07-26,0.0
2022-07-27,0.0
2022-07-28,0.0
2022-07-29,0.0
2022-07-30,0.0
2022-07-31,0.0
2022-08-01,0.0
2022-08-02,0.0
2022-08-03,0.0
2022-08-04,0.0
2022-08-05,0.0
2022-08-06,0.0
2022-08-07,0.0
2022-08-08,0.0
2022-08-09,0.0
2022-08-10,0.0
2022-08-11,0.0
2022-08-12,0.0
2022-08-13,0.0
2022-08-14,0.0
2022-08-15,0.0
2022-08-16,0.0
2022-08-17,0.0
2022-08-18,0.0
2022-08-19,0.0
2022-08-20,0.0
2022-08-21,0.0
2022-08-22,0.0
2022-08-23,0.0
2022-08-24,0.0
2022-08-25,0.0
2022-08-26,0.0
2022-08-27,0.0
2022-08-28,0.0
2022-08-29,0.0
2022-08-30,0.0
2022-08-31,0.0
2022-09-01,0.0
2022-09-02,0.0
2022-09-03,0.0
2022-09-04,0.0
2022-09-05,0.0
2022-09-06,0.0
2022-09-07,0.0
2022-09-08,0.0
2022-09-09,0.0
2022-09-10,0.0
2022-09-11,0.0
2022-09-12,0.0
2022-09-13,0.017484426498413086
2022-09-14,1.203336238861084
2022-09-15,0.0
2022-09-16,0.0
2022-09-17,0.0
2022-09-18,0.0
2022-09-19,0.0
2022-09-20,0.0
2022-09-21,0.0
2022-09-22,0.0
2022-09-23,0.0
2022-09-24,0.0
2022-09-25,0.0
2022-09-26,0.0
2022-09-27,0.0
2022-09-28,0.0
2022-09-29,0.0
2022-09-30,0.0
2022-10-01,0.0
2022-10-02,0.0
2022-10-03,0.0
2022-10-04,0.0
2022-10-05,0.0
2022-10-06,0.0
2022-10-07,0.0
2022-10-08,0.0
2022-10-09,0.0
2022-10-10,0.0
2022-10-11,0.0
2022-10-12,0.0
2022-10-13,0.0
2022-10-14,0.0
2022-10-15,0.0
2022-10-16,0.0
2022-10-17,0.0
2022-10-18,0.0
2022-10-19,0.0
2022-10-20,0.0
2022-10-21,0.0
2022-10-22,0.0
2022-10-23,0.0
2022-10-24,0.0
2022-10-25,0.0
2022-10-26,0.0
2022-10-27,0.0
2022-10-28,0.0
2022-10-29,0.0
2022-10-30,0.0
2022-10-31,0.0
2022-11-01,0.0
2022-11-02,0.0
2022-11-03,0.0
2022-11-04,0.0
2022-11-05,0.0
2022-11-06,0.002811384852975607
2022-11-07,0.0009320547105744481
2022-11-08,0.0713190883398056
2022-11-09,0.03830481320619583
2022-11-10,0.0
2022-11-11,0.0
2022-11-12,0.0
2022-11-13,0.0
2022-11-14,0.0
2022-11-15,0.0
2022-11-16,0.0
2022-11-17,0.0
2022-11-18,0.0
2022-11-19,0.0
2022-11-20,0.0
2022-11-21,1.6234650611877441
2022-11-22,3.67350435256958
2022-11-23,3.0032405853271484
2022-11-24,0.012289324775338173
2022-11-25,0.014747191220521927
2022-11-26,0.0
2022-11-27,0.0
2022-11-28,0.0
2022-11-29,0.0
2022-11-30,0.0
2022-12-01,0.0
2022-12-02,0.0
2022-12-03,0.0
2022-12-04,0.0
2022-12-05,0.0
2022-12-06,2.8078017234802246
2022-12-07,11.63033676147461
2022-12-08,0.32201069593429565
2022-12-09,0.9116151928901672
2022-12-10,3.4102132320404053
2022-12-11,9.523118019104004
2022-12-12,0.2519822120666504
2022-12-13,0.7821888327598572
2022-12-14,0.016310201957821846
2022-12-15,0.009315946139395237
2022-12-16,0.0005556442774832249
2022-12-17,5.480526447296143
2022-12-18,1.798122525215149
2022-12-19,0.5651307106018066
2022-12-20,0.021365582942962646
2022-12-21,0.0
2022-12-22,0.0
2022-12-23,0.0
2022-12-24,0.0
2022-12-25,0.0
2022-12-26,0.0
2022-12-27,2.118722677230835
2022-12-28,9.172889709472656
2022-12-29,0.7224909067153931
2022-12-30,0.006930815055966377
2022-12-31,0.28116369247436523
2023-01-01,0.6727991700172424
2023-01-02,8.197035789489746
2023-01-03,5.3855695724487305
2023-01-04,13.280784606933594
2023-01-05,0.005260820500552654
2023-01-06,0.0
2023-01-07,0.0
2023-01-08,0.3468114137649536
2023-01-09,3.5595080852508545
2023-01-10,0.13631023466587067
2023-01-11,21.094371795654297
2023-01-12,0.1061912551522255
2023-01-13,0.11954637616872787
2023-01-14,0.6885791420936584
2023-01-15,0.0
2023-01-16,0.0
2023-01-17,0.0
2023-01-18,0.0
2023-01-19,9.973164558410645
2023-01-20,0.3510761260986328
2023-01-21,0.0
2023-01-22,6.514884948730469
2023-01-23,5.86827278137207
2023-01-24,5.115306377410889
2023-01-25,1.8781168460845947
2023-01-26,0.4817672073841095
2023-01-27,0.9756123423576355
2023-01-28,0.0845545083284378
2023-01-29,13.596207618713379
2023-01-30,1.1058419942855835
2023-01-31,2.8288121223449707
2023-02-01,0.20935438573360443
2023-02-02,0.30632421374320984
2023-02-03,2.5073649883270264
2023-02-04,2.8324761390686035
2023-02-05,0.6000252366065979
2023-02-06,3.5224862098693848
2023-02-07,13.501063346862793
2023-02-08,23.14710235595703
2023-02-09,5.9051642417907715
2023-02-10,1.0440489053726196
2023-02-11,0.3180464804172516
2023-02-12,3.933518648147583
2023-02-13,11.546517372131348
2023-02-14,2.7733240127563477
2023-02-15,0.14773453772068024
2023-02-16,5.883258819580078
2023-02-17,2.876462697982788
2023-02-18,9.605691909790039
2023-02-19,0.0
2023-02-20,0.9504396915435791
2023-02-21,0.09867054224014282
2023-02-22,1.696580410003662
2023-02-23,4.14488410949707
2023-02-24,1.1448777914047241
2023-02-25,0.5820828080177307
2023-02-26,4.313936233520508
2023-02-27,0.0
2023-02-28,0.0
2023-03-01,0.5181019306182861
2023-03-02,5.68593168258667
2023-03-03,0.46149197220802307
2023-03-04,0.4477651119232178
2023-03-05,0.0
2023-03-06,0.037786953151226044
2023-03-07,7.69875431060791
2023-03-08,1.5848653316497803
2023-03-09,0.4559555947780609
2023-03-10,0.0
2023-03-11,0.0
2023-03-12,0.0
2023-03-13,2.5900309085845947
2023-03-14,1.0259186029434204
2023-03-15,3.85853910446167
2023-03-16,0.0
2023-03-17,0.0
2023-03-18,0.0
2023-03-19,0.0
2023-03-20,0.0
2023-03-21,0.4283605217933655
2023-03-22,0.2114153355360031
2023-03-23,5.761043548583984
2023-03-24,0.988494873046875
2023-03-25,3.9538912773132324
2023-03-26,4.792687892913818
2023-03-27,0.9072209596633911
2023-03-28,0.2699597477912903
2023-03-29,2.1649670600891113
2023-03-30,4.626696586608887
2023-03-31,0.767338752746582
2023-04-01,0.025541774928569794
2023-04-02,0.0
2023-04-03,0.1393292248249054
2023-04-04,2.4271461963653564
2023-04-05,0.0037839668802917004
2023-04-06,0.0
2023-04-07,0.0
2023-04-08,0.0
2023-04-09,0.0
2023-04-10,0.0
2023-04-11,0.0
2023-04-12,0.0
2023-04-13,0.0
2023-04-14,0.0
2023-04-15,0.0
2023-04-16,0.0
2023-04-17,0.0
2023-04-18,0.0
2023-04-19,0.0
2023-04-20,0.0
2023-04-21,0.0
2023-04-22,0.0
2023-04-23,0.0
2023-04-24,0.0
2023-04-25,0.0
2023-04-26,0.0
2023-04-27,0.0
2023-04-28,0.0
2023-04-29,0.0
2023-04-30,0.0
2023-05-01,0.0
2023-05-02,0.0
2023-05-03,0.0
2023-05-04,0.16672232747077942
2023-05-05,16.721843719482422
2023-05-06,13.975272178649902
2023-05-07,0.24546922743320465
2023-05-08,0.5732908248901367
2023-05-09,1.1740463972091675
2023-05-10,0.9439904093742371
2023-05-11,0.0
2023-05-12,0.0
2023-05-13,0.0
2023-05-14,0.0
2023-05-15,0.0
2023-05-16,0.0
2023-05-17,0.0
2023-05-18,0.0
2023-05-19,0.0
2023-05-20,0.0
2023-05-21,0.0
2023-05-22,0.0
2023-05-23,0.0
2023-05-24,0.0
2023-05-25,0.0
2023-05-26,0.0
2023-05-27,0.0
2023-05-28,0.0
2023-05-29,0.0
2023-05-30,0.0
2023-05-31,0.0
2023-06-01,0.0
2023-06-02,0.0
2023-06-03,0.0
2023-06-04,0.0
2023-06-05,0.0
2023-06-06,0.0
2023-06-07,0.0
2023-06-08,0.0
2023-06-09,0.0
2023-06-10,0.0
2023-06-11,0.0
2023-06-12,0.0
2023-06-13,0.0
2023-06-14,0.0
2023-06-15,0.0
2023-06-16,0.0
2023-06-17,0.0
2023-06-18,0.0
2023-06-19,0.0
2023-06-20,0.0
2023-06-21,0.0
2023-06-22,0.0
2023-06-23,0.0
2023-06-24,0.0
2023-06-25,0.0
2023-06-26,0.0
2023-06-27,0.0
2023-06-28,0.0
2023-06-29,0.0
2023-06-30,0.0
2023-07-01,0.0
2023-07-02,0.0
2023-07-03,0.0
2023-07-04,0.0
2023-07-05,0.0
2023-07-06,0.0
2023-07-07,0.0
2023-07-08,0.0
2023-07-09,0.0
2023-07-10,0.0
2023-07-11,0.0
2023-07-12,0.0
2023-07-13,0.0
2023-07-14,0.0
2023-07-15,0.0
2023-07-16,0.0
2023-07-17,0.0
2023-07-18,0.0
2023-07-19,0.0
2023-07-20,0.0
2023-07-21,0.0
2023-07-22,0.0
2023-07-23,0.0
2023-07-24,0.0
2023-07-25,0.0
2023-07-26,0.0
2023-07-27,0.0
2023-07-28,0.0
2023-07-29,0.0
2023-07-30,0.0
2023-07-31,0.0
2023-08-01,0.0
2023-08-02,0.0
2023-08-03,0.0
2023-08-04,0.0
2023-08-05,0.0
2023-08-06,0.0
2023-08-07,0.0
2023-08-08,0.0
2023-08-09,0.0
2023-08-10,0.0
2023-08-11,0.950236976146698
2023-08-12,3.9086039066314697
2023-08-13,3.3819193840026855
2023-08-14,6.406978607177734
2023-08-15,0.0
2023-08-16,0.0
2023-08-17,0.0
2023-08-18,0.0
2023-08-19,0.0
2023-08-20,0.0
2023-08-21,0.0
2023-08-22,0.0
2023-08-23,0.0
2023-08-24,0.0
2023-08-25,0.0
2023-08-26,0.0
2023-08-27,0.0
2023-08-28,0.0
2023-08-29,0.0
2023-08-30,0.0
2023-08-31,0.0
2023-09-01,0.1373528391122818
2023-09-02,0.28542983531951904
2023-09-03,13.277462005615234
2023-09-04,0.0
2023-09-05,0.0
2023-09-06,0.0
2023-09-07,0.0
2023-09-08,0.0
2023-09-09,0.0
2023-09-10,0.0
2023-09-11,0.0
2023-09-12,0.0
2023-09-13,0.0
2023-09-14,0.0
2023-09-15,0.0
2023-09-16,0.0
2023-09-17,0.0
2023-09-18,0.0
2023-09-19,1.659621000289917
2023-09-20,0.5129737257957458
2023-09-21,0.28298476338386536
2023-09-22,0.28298476338386536
2023-09-23,0.28298476338386536
2023-09-24,0.28298476338386536
2023-09-25,0.28298476338386536
2023-09-26,0.0
2023-09-27,0.0
2023-09-28,0.0
2023-09-29,0.0
2023-09-30,0.0
2023-10-01,0.0
2023-10-02,0.0
2023-10-03,0.0
2023-10-04,0.0
2023-10-05,0.0
2023-10-06,0.0
2023-10-07,0.0
2023-10-08,0.0
2023-10-09,0.0
2023-10-10,0.0
2023-10-11,0.0
2023-10-12,0.0
2023-10-13,0.0
2023-10-14,0.0
2023-10-15,0.0
2023-10-16,0.0
2023-10-17,0.0
2023-10-18,0.0
2023-10-19,0.0
2023-10-20,0.0
2023-10-21,0.5311545729637146
2023-10-22,0.0
2023-10-23,1.3048893213272095
2023-10-24,3.3559436798095703
2023-10-25,0.3110765218734741
2023-10-26,0.0
2023-10-27,0.0
2023-10-28,0.0
2023-10-29,0.0
2023-10-30,0.0
2023-10-31,0.0
2023-11-01,0.0
2023-11-02,0.0
2023-11-03,0.0
2023-11-04,0.0
2023-11-05,0.0
2023-11-06,0.0
2023-11-07,0.0
2023-11-08,0.0
2023-11-09,0.0
2023-11-10,0.0
2023-11-11,0.12558534741401672
2023-11-12,1.8465017080307007
2023-11-13,2.4531445503234863
2023-11-14,0.0
2023-11-15,0.047275472432374954
2023-11-16,0.06824944913387299
2023-11-17,0.785325288772583
2023-11-18,0.07082866877317429
2023-11-19,1.6820892095565796
2023-11-20,0.0
2023-11-21,3.4459402561187744
2023-11-22,0.03178023546934128
2023-11-23,1.6906729936599731
2023-11-24,8.35302734375
2023-11-25,0.4115855395793915
2023-11-26,0.9024965763092041
2023-11-27,2.0838918685913086
2023-11-28,0.24821656942367554
2023-11-29,0.07939359545707703
2023-11-30,0.5430338382720947
2023-12-01,1.0351123809814453
2023-12-02,5.230964660644531
2023-12-03,7.132693290710449
2023-12-04,5.494307518005371
2023-12-05,0.2636926770210266
2023-12-06,6.372387409210205
2023-12-07,2.5221214294433594
2023-12-08,2.5093188285827637
2023-12-09,0.005389553960412741
2023-12-10,7.0889763832092285
2023-12-11,11.440155029296875
2023-12-12,11.08042049407959
2023-12-13,7.375138759613037
2023-12-14,0.02790134958922863
2023-12-15,1.420636534690857
2023-12-16,0.0
2023-12-17,8.518319129943848
2023-12-18,0.8628907203674316
2023-12-19,0.8782637715339661
2023-12-20,0.03755493089556694
2023-12-21,0.0
2023-12-22,1.6143112182617188
2023-12-23,4.092522621154785
2023-12-24,0.2859549820423126
2023-12-25,1.7485836744308472
2023-12-26,18.247934341430664
2023-12-27,0.8648732900619507
2023-12-28,0.32786619663238525
2023-12-29,1.2281068563461304
2023-12-30,15.672813415527344
2023-12-31,6.076857566833496
