date,tp
1998-01-01,0.0
1998-01-02,0.0
1998-01-03,0.0
1998-01-04,0.0
1998-01-05,0.0
1998-01-06,0.45310527086257935
1998-01-07,34.59895706176758
1998-01-08,0.0
1998-01-09,0.6026501655578613
1998-01-10,5.709326267242432
1998-01-11,1.8986443281173706
1998-01-12,21.7163028717041
1998-01-13,1.6026170253753662
1998-01-14,0.0
1998-01-15,0.0
1998-01-16,0.0
1998-01-17,0.0
1998-01-18,17.63513946533203
1998-01-19,19.19949722290039
1998-01-20,0.0
1998-01-21,0.0
1998-01-22,0.0
1998-01-23,15.499035835266113
1998-01-24,0.6488925218582153
1998-01-25,0.0
1998-01-26,0.24294227361679077
1998-01-27,0.3148496448993683
1998-01-28,4.755444049835205
1998-01-29,11.206178665161133
1998-01-30,0.0
1998-01-31,2.183206796646118
1998-02-01,0.0
1998-02-02,0.0
1998-02-03,0.0
1998-02-04,0.0
1998-02-05,0.0
1998-02-06,0.0
1998-02-07,0.8599889278411865
1998-02-08,0.659916341304779
1998-02-09,0.215496227145195
1998-02-10,48.86731719970703
1998-02-11,0.06944074481725693
1998-02-12,0.41664448380470276
1998-02-13,0.06944074481725693
1998-02-14,0.06944074481725693
1998-02-15,0.06944074481725693
1998-02-16,0.0
1998-02-17,0.0
1998-02-18,18.723617553710938
1998-02-19,38.668270111083984
1998-02-20,5.172755241394043
1998-02-21,7.890108585357666
1998-02-22,0.06433558464050293
1998-02-23,0.0
1998-02-24,0.883009135723114
1998-02-25,0.6118828058242798
1998-02-26,28.304031372070312
1998-02-27,17.71320152282715
1998-02-28,11.31923770904541
1998-03-01,0.0
1998-03-02,0.0
1998-03-03,0.0
1998-03-04,3.664292573928833
1998-03-05,7.983601093292236
1998-03-06,0.0
1998-03-07,0.0
1998-03-08,10.123013496398926
1998-03-09,8.951255798339844
1998-03-10,1.2835772037506104
1998-03-11,14.038494110107422
1998-03-12,0.3930920362472534
1998-03-13,0.16994059085845947
1998-03-14,1.0919771194458008
1998-03-15,0.0
1998-03-16,0.21878847479820251
1998-03-17,0.23383331298828125
1998-03-18,0.12505362927913666
1998-03-19,0.0
1998-03-20,0.0
1998-03-21,0.0
1998-03-22,9.19667911529541
1998-03-23,0.7965556979179382
1998-03-24,0.019571542739868164
1998-03-25,21.10035514831543
1998-03-26,0.0
1998-03-27,0.0
1998-03-28,0.01996488682925701
1998-03-29,0.0
1998-03-30,5.739137172698975
1998-03-31,0.05221585929393768
1998-04-01,0.0
1998-04-02,0.0
1998-04-03,0.0
1998-04-04,0.0
1998-04-05,0.0
1998-04-06,0.0
1998-04-07,36.62715148925781
1998-04-08,0.0
1998-04-09,0.0
1998-04-10,0.0
1998-04-11,0.0
1998-04-12,0.0
1998-04-13,0.3027324676513672
1998-04-14,0.0
1998-04-15,9.835223197937012
1998-04-16,23.701845169067383
1998-04-17,20.719266891479492
1998-04-18,0.048889562487602234
1998-04-19,0.0
1998-04-20,0.0
1998-04-21,0.0
1998-04-22,0.0
1998-04-23,0.0
1998-04-24,0.0
1998-04-25,0.0
1998-04-26,11.750362396240234
1998-04-27,0.009149184450507164
1998-04-28,21.614309310913086
1998-04-29,0.0
1998-04-30,0.0
1998-05-01,0.0
1998-05-02,0.0
1998-05-03,0.0
1998-05-04,0.0
1998-05-05,0.0
1998-05-06,0.0
1998-05-07,0.0
1998-05-08,0.0
1998-05-09,0.0
1998-05-10,0.0
1998-05-11,0.34631046652793884
1998-05-12,0.04004558548331261
1998-05-13,5.35606050491333
1998-05-14,21.25034523010254
1998-05-15,5.14314603805542
1998-05-16,0.0
1998-05-17,0.0
1998-05-18,0.0
1998-05-19,0.0
1998-05-20,0.0
1998-05-21,0.0
1998-05-22,0.0
1998-05-23,0.0
1998-05-24,0.0
1998-05-25,0.0
1998-05-26,0.0
1998-05-27,0.0
1998-05-28,0.0
1998-05-29,0.0
1998-05-30,0.0
1998-05-31,0.0
1998-06-01,0.0830133855342865
1998-06-02,0.0830133855342865
1998-06-03,0.0830133855342865
1998-06-04,0.0830133855342865
1998-06-05,0.0830133855342865
1998-06-06,0.364530086517334
1998-06-07,0.364530086517334
1998-06-08,0.364530086517334
1998-06-09,0.364530086517334
1998-06-10,0.9720802307128906
1998-06-11,1.4663680791854858
1998-06-12,0.0
1998-06-13,0.0
1998-06-14,0.0
1998-06-15,0.0
1998-06-16,0.6891984343528748
1998-06-17,0.6891984343528748
1998-06-18,0.6891984343528748
1998-06-19,0.6891984343528748
1998-06-20,0.6891984343528748
1998-06-21,0.0
1998-06-22,0.0
1998-06-23,0.2564992904663086
1998-06-24,2.7576615810394287
1998-06-25,1.201635479927063
1998-06-26,1.1981109380722046
1998-06-27,0.014741698279976845
1998-06-28,0.0
1998-06-29,0.0
1998-06-30,0.0
1998-07-01,0.0
1998-07-02,0.0
1998-07-03,0.0
1998-07-04,0.0
1998-07-05,0.0
1998-07-06,0.0
1998-07-07,0.0
1998-07-08,0.0
1998-07-09,0.2763523459434509
1998-07-10,0.0
1998-07-11,0.0
1998-07-12,0.0
1998-07-13,0.0
1998-07-14,0.0
1998-07-15,0.0
1998-07-16,0.14822803437709808
1998-07-17,0.14822803437709808
1998-07-18,0.14822803437709808
1998-07-19,0.14822803437709808
1998-07-20,0.14822803437709808
1998-07-21,0.289595365524292
1998-07-22,0.289595365524292
1998-07-23,0.289595365524292
1998-07-24,0.289595365524292
1998-07-25,0.289595365524292
1998-07-26,0.09870937466621399
1998-07-27,0.09870937466621399
1998-07-28,0.09870937466621399
1998-07-29,0.09870937466621399
1998-07-30,0.09870937466621399
1998-07-31,0.09870937466621399
1998-08-01,0.0
1998-08-02,0.0
1998-08-03,0.0
1998-08-04,0.0
1998-08-05,0.0
1998-08-06,0.0
1998-08-07,0.0
1998-08-08,0.0
1998-08-09,0.0
1998-08-10,0.0
1998-08-11,1.5735830068588257
1998-08-12,33.924652099609375
1998-08-13,16.687942504882812
1998-08-14,0.63894122838974
1998-08-15,4.077570915222168
1998-08-16,0.0
1998-08-17,0.0
1998-08-18,0.0
1998-08-19,0.0
1998-08-20,0.0
1998-08-21,0.0
1998-08-22,0.0
1998-08-23,0.0
1998-08-24,0.0
1998-08-25,0.0
1998-08-26,0.0
1998-08-27,0.0
1998-08-28,0.0
1998-08-29,0.0
1998-08-30,0.0
1998-08-31,0.0
1998-09-01,0.013138954527676105
1998-09-02,0.013138954527676105
1998-09-03,0.013138954527676105
1998-09-04,0.013138954527676105
1998-09-05,0.07883372902870178
1998-09-06,0.0
1998-09-07,0.0
1998-09-08,0.0
1998-09-09,0.0
1998-09-10,0.0
1998-09-11,0.11395557969808578
1998-09-12,0.11395557969808578
1998-09-13,0.30388152599334717
1998-09-14,0.11395557969808578
1998-09-15,0.11395557969808578
1998-09-16,0.0022530369460582733
1998-09-17,0.0
1998-09-18,5.076146602630615
1998-09-19,9.823493957519531
1998-09-20,4.39311408996582
1998-09-21,0.0
1998-09-22,0.0
1998-09-23,0.0
1998-09-24,0.0
1998-09-25,0.0
1998-09-26,0.0
1998-09-27,65.4072036743164
1998-09-28,15.315808296203613
1998-09-29,23.577123641967773
1998-09-30,0.3561112582683563
1998-10-01,0.0
1998-10-02,0.0
1998-10-03,0.0
1998-10-04,0.0
1998-10-05,37.991539001464844
1998-10-06,23.329803466796875
1998-10-07,2.1822798252105713
1998-10-08,0.0
1998-10-09,0.0
1998-10-10,0.0
1998-10-11,0.0
1998-10-12,1.411484956741333
1998-10-13,9.122090339660645
1998-10-14,7.749515056610107
1998-10-15,0.09252296388149261
1998-10-16,0.0
1998-10-17,0.0
1998-10-18,0.0
1998-10-19,0.0
1998-10-20,0.0
1998-10-21,0.0
1998-10-22,0.0
1998-10-23,0.005955548491328955
1998-10-24,6.254997730255127
1998-10-25,0.09163252264261246
1998-10-26,0.0
1998-10-27,2.4361209869384766
1998-10-28,9.982841491699219
1998-10-29,0.23872482776641846
1998-10-30,4.1815185546875
1998-10-31,0.7889423966407776
1998-11-01,0.0222092904150486
1998-11-02,4.212410926818848
1998-11-03,0.09795418381690979
1998-11-04,0.0
1998-11-05,0.0
1998-11-06,0.03699786961078644
1998-11-07,12.318953514099121
1998-11-08,6.66525936126709
1998-11-09,0.4528946876525879
1998-11-10,36.170684814453125
1998-11-11,7.906736373901367
1998-11-12,0.0
1998-11-13,29.760894775390625
1998-11-14,1.9980177879333496
1998-11-15,0.050225574523210526
1998-11-16,0.0
1998-11-17,0.0
1998-11-18,0.0
1998-11-19,0.0
1998-11-20,0.0
1998-11-21,0.18081578612327576
1998-11-22,1.2121211290359497
1998-11-23,0.0
1998-11-24,0.0
1998-11-25,33.38033676147461
1998-11-26,0.0
1998-11-27,0.23077037930488586
1998-11-28,0.011456350795924664
1998-11-29,42.58654022216797
1998-11-30,2.1030430793762207
1998-12-01,0.0
1998-12-02,35.04589080810547
1998-12-03,0.0
1998-12-04,0.0
1998-12-05,0.6757917404174805
1998-12-06,0.0
1998-12-07,0.005845151375979185
1998-12-08,13.870834350585938
1998-12-09,21.486419677734375
1998-12-10,1.0405027866363525
1998-12-11,0.0
1998-12-12,0.0
1998-12-13,0.0
1998-12-14,0.0
1998-12-15,0.0
1998-12-16,2.526200294494629
1998-12-17,20.48234748840332
1998-12-18,0.0
1998-12-19,0.0
1998-12-20,0.0
1998-12-21,10.835787773132324
1998-12-22,1.6825162172317505
1998-12-23,0.39148205518722534
1998-12-24,0.0
1998-12-25,0.0
1998-12-26,0.0
1998-12-27,0.0
1998-12-28,0.0
1998-12-29,25.745616912841797
1998-12-30,0.008859273977577686
1998-12-31,0.26055747270584106
1999-01-01,0.6423336863517761
1999-01-02,0.030906999483704567
1999-01-03,0.05339014530181885
1999-01-04,11.299612045288086
1999-01-05,33.52552795410156
1999-01-06,0.08730052411556244
1999-01-07,0.7972315549850464
1999-01-08,0.0
1999-01-09,14.31169319152832
1999-01-10,0.8205147385597229
1999-01-11,0.9960483908653259
1999-01-12,0.0
1999-01-13,21.26908302307129
1999-01-14,12.355851173400879
1999-01-15,0.005665292497724295
1999-01-16,0.0
1999-01-17,0.0
1999-01-18,0.9768299460411072
1999-01-19,12.38038158416748
1999-01-20,0.0
1999-01-21,0.0
1999-01-22,0.0
1999-01-23,0.0
1999-01-24,0.0
1999-01-25,3.98883056640625
1999-01-26,0.7465243935585022
1999-01-27,0.054942626506090164
1999-01-28,0.001459784689359367
1999-01-29,0.00296200904995203
1999-01-30,0.0
1999-01-31,0.03828369081020355
1999-02-01,8.743432998657227
1999-02-02,3.9130373001098633
1999-02-03,0.6072595715522766
1999-02-04,0.0
1999-02-05,0.0
1999-02-06,0.0
1999-02-07,0.0
1999-02-08,0.0
1999-02-09,0.0
1999-02-10,0.0
1999-02-11,0.478924959897995
1999-02-12,0.478924959897995
1999-02-13,0.478924959897995
1999-02-14,7.66279935836792
1999-02-15,0.478924959897995
1999-02-16,0.0
1999-02-17,1.7185595035552979
1999-02-18,12.776281356811523
1999-02-19,14.355257034301758
1999-02-20,0.0
1999-02-21,11.652697563171387
1999-02-22,0.0
1999-02-23,0.0
1999-02-24,0.030048878863453865
1999-02-25,9.942909240722656
1999-02-26,3.6411550045013428
1999-02-27,9.874509811401367
1999-02-28,7.364604949951172
1999-03-01,0.0
1999-03-02,0.0
1999-03-03,17.80586051940918
1999-03-04,18.629915237426758
1999-03-05,0.0
1999-03-06,0.041421178728342056
1999-03-07,0.0
1999-03-08,0.042136140167713165
1999-03-09,79.89087677001953
1999-03-10,4.533797740936279
1999-03-11,0.0
1999-03-12,0.0
1999-03-13,0.0
1999-03-14,0.0
1999-03-15,0.0
1999-03-16,0.19673699140548706
1999-03-17,0.0
1999-03-18,7.828207015991211
1999-03-19,5.225290298461914
1999-03-20,12.350646018981934
1999-03-21,6.375025272369385
1999-03-22,5.421197414398193
1999-03-23,0.0
1999-03-24,0.0
1999-03-25,0.1955309957265854
1999-03-26,0.0
1999-03-27,0.0
1999-03-28,0.3105379343032837
1999-03-29,2.5683724880218506
1999-03-30,21.775922775268555
1999-03-31,0.0
1999-04-01,0.0
1999-04-02,0.0
1999-04-03,0.0
1999-04-04,0.0
1999-04-05,0.0
1999-04-06,0.928765594959259
1999-04-07,0.05804784968495369
1999-04-08,0.05804784968495369
1999-04-09,0.05804784968495369
1999-04-10,0.05804784968495369
1999-04-11,0.0
1999-04-12,0.0
1999-04-13,0.0
1999-04-14,0.0
1999-04-15,0.0
1999-04-16,55.94963455200195
1999-04-17,0.0812198668718338
1999-04-18,0.10777487605810165
1999-04-19,0.5579321980476379
1999-04-20,0.24751004576683044
1999-04-21,0.0
1999-04-22,0.0
1999-04-23,0.0
1999-04-24,0.0
1999-04-25,0.0
1999-04-26,0.0
1999-04-27,0.0
1999-04-28,0.0
1999-04-29,0.0
1999-04-30,0.0
1999-05-01,0.0
1999-05-02,0.0
1999-05-03,0.0
1999-05-04,0.0
1999-05-05,0.0
1999-05-06,0.0
1999-05-07,26.97927474975586
1999-05-08,0.0
1999-05-09,0.0
1999-05-10,0.0
1999-05-11,0.0
1999-05-12,0.0
1999-05-13,0.0
1999-05-14,0.0
1999-05-15,0.0
1999-05-16,0.0
1999-05-17,0.0
1999-05-18,0.0
1999-05-19,0.0
1999-05-20,0.0
1999-05-21,0.0
1999-05-22,0.0
1999-05-23,0.0
1999-05-24,0.0
1999-05-25,0.0
1999-05-26,28.63231658935547
1999-05-27,0.05413313955068588
1999-05-28,0.03761317953467369
1999-05-29,14.029582977294922
1999-05-30,0.0
1999-05-31,0.0
1999-06-01,0.0
1999-06-02,0.026169341057538986
1999-06-03,0.3549877107143402
1999-06-04,0.0
1999-06-05,0.0
1999-06-06,0.03530609980225563
1999-06-07,0.0
1999-06-08,0.021493932232260704
1999-06-09,0.036872707307338715
1999-06-10,2.6809985637664795
1999-06-11,0.12149231880903244
1999-06-12,1.943877100944519
1999-06-13,0.12149231880903244
1999-06-14,0.12149231880903244
1999-06-15,0.12149231880903244
1999-06-16,0.0
1999-06-17,0.02584884874522686
1999-06-18,3.710599184036255
1999-06-19,55.432735443115234
1999-06-20,0.0
1999-06-21,0.0
1999-06-22,0.0
1999-06-23,0.0
1999-06-24,0.0
1999-06-25,14.54748821258545
1999-06-26,0.5742740631103516
1999-06-27,0.5742740631103516
1999-06-28,0.5742740631103516
1999-06-29,0.5742740631103516
1999-06-30,0.5742740631103516
1999-07-01,0.0
1999-07-02,0.0
1999-07-03,0.0
1999-07-04,0.0
1999-07-05,0.0
1999-07-06,0.0748431608080864
1999-07-07,0.025904586538672447
1999-07-08,0.0
1999-07-09,0.0
1999-07-10,0.0
1999-07-11,0.0
1999-07-12,0.0
1999-07-13,0.0
1999-07-14,0.0
1999-07-15,0.0
1999-07-16,0.03168309107422829
1999-07-17,0.8026922941207886
1999-07-18,0.6754639744758606
1999-07-19,0.0
1999-07-20,0.0
1999-07-21,0.0
1999-07-22,0.09405093640089035
1999-07-23,1.2330436706542969
1999-07-24,0.1933957040309906
1999-07-25,0.0
1999-07-26,0.0
1999-07-27,0.0
1999-07-28,0.0
1999-07-29,0.0
1999-07-30,0.07886666804552078
1999-07-31,0.680759847164154
1999-08-01,0.0
1999-08-02,0.0
1999-08-03,0.0
1999-08-04,0.0
1999-08-05,0.0
1999-08-06,0.0
1999-08-07,0.0
1999-08-08,0.0
1999-08-09,0.0
1999-08-10,0.0
1999-08-11,0.0
1999-08-12,0.0
1999-08-13,0.0
1999-08-14,0.0
1999-08-15,0.0
1999-08-16,0.0
1999-08-17,0.0
1999-08-18,0.0
1999-08-19,0.0
1999-08-20,0.0
1999-08-21,0.0
1999-08-22,0.0
1999-08-23,0.0
1999-08-24,0.0
1999-08-25,0.0
1999-08-26,0.0
1999-08-27,0.0
1999-08-28,0.0
1999-08-29,0.0
1999-08-30,0.0
1999-08-31,0.0
1999-09-01,0.0
1999-09-02,0.0
1999-09-03,0.038029417395591736
1999-09-04,0.0
1999-09-05,0.034285664558410645
1999-09-06,0.0
1999-09-07,0.0
1999-09-08,0.19479942321777344
1999-09-09,29.267797470092773
1999-09-10,0.12935234606266022
1999-09-11,0.0
1999-09-12,0.0
1999-09-13,0.0
1999-09-14,8.887397766113281
1999-09-15,3.9514763355255127
1999-09-16,0.0
1999-09-17,0.0
1999-09-18,0.0
1999-09-19,0.0
1999-09-20,0.0
1999-09-21,0.0
1999-09-22,0.0
1999-09-23,0.0
1999-09-24,0.0
1999-09-25,0.0
1999-09-26,0.0
1999-09-27,0.0
1999-09-28,0.0
1999-09-29,0.0
1999-09-30,0.0
1999-10-01,0.0
1999-10-02,23.11966896057129
1999-10-03,0.07196580618619919
1999-10-04,0.0
1999-10-05,0.0
1999-10-06,0.0
1999-10-07,0.0
1999-10-08,0.0
1999-10-09,0.0
1999-10-10,0.0
1999-10-11,0.0
1999-10-12,0.0
1999-10-13,0.0
1999-10-14,0.0
1999-10-15,0.0
1999-10-16,0.0
1999-10-17,0.0
1999-10-18,0.0
1999-10-19,0.0
1999-10-20,0.0
1999-10-21,1.7587699890136719
1999-10-22,9.069034576416016
1999-10-23,0.03640705719590187
1999-10-24,0.0
1999-10-25,21.187238693237305
1999-10-26,0.0
1999-10-27,0.0
1999-10-28,0.0
1999-10-29,0.0
1999-10-30,0.0
1999-10-31,0.0
1999-11-01,0.0
1999-11-02,0.19912157952785492
1999-11-03,6.156726837158203
1999-11-04,0.6072237491607666
1999-11-05,0.0019258057000115514
1999-11-06,0.0
1999-11-07,0.0
1999-11-08,9.758458137512207
1999-11-09,15.844776153564453
1999-11-10,2.1370468139648438
1999-11-11,0.0
1999-11-12,0.0
1999-11-13,0.0
1999-11-14,0.0
1999-11-15,0.0
1999-11-16,3.0128936767578125
1999-11-17,0.03635836020112038
1999-11-18,0.0
1999-11-19,16.96897315979004
1999-11-20,2.082580804824829
1999-11-21,0.0
1999-11-22,0.0
1999-11-23,0.0
1999-11-24,0.0
1999-11-25,0.0
1999-11-26,20.801082611083984
1999-11-27,0.0
1999-11-28,0.0
1999-11-29,0.0
1999-11-30,0.0
1999-12-01,3.439034938812256
1999-12-02,16.00326156616211
1999-12-03,1.4538499116897583
1999-12-04,0.0
1999-12-05,0.0
1999-12-06,12.041682243347168
1999-12-07,0.005785916931927204
1999-12-08,0.0004291883669793606
1999-12-09,0.01315381284803152
1999-12-10,0.0
1999-12-11,0.4771561026573181
1999-12-12,1.2618308067321777
1999-12-13,0.032949626445770264
1999-12-14,51.0289192199707
1999-12-15,0.0
1999-12-16,0.012620415538549423
1999-12-17,0.0
1999-12-18,0.0
1999-12-19,29.391324996948242
1999-12-20,12.461606979370117
1999-12-21,0.0
1999-12-22,4.264636516571045
1999-12-23,14.11348819732666
1999-12-24,0.06973981857299805
1999-12-25,4.115494251251221
1999-12-26,11.132331848144531
1999-12-27,0.8787733316421509
1999-12-28,0.25306934118270874
1999-12-29,0.0
1999-12-30,8.047501564025879
1999-12-31,17.928237915039062
2000-01-01,0.0
2000-01-02,0.0
2000-01-03,0.0
2000-01-04,0.0
2000-01-05,0.0
2000-01-06,12.288077354431152
2000-01-07,0.0
2000-01-08,0.0
2000-01-09,44.13166809082031
2000-01-10,0.6362046599388123
2000-01-11,0.0
2000-01-12,0.0
2000-01-13,0.0
2000-01-14,0.0
2000-01-15,0.0
2000-01-16,0.0
2000-01-17,0.0
2000-01-18,1.7406387329101562
2000-01-19,6.769814968109131
2000-01-20,12.588293075561523
2000-01-21,0.0
2000-01-22,24.02696990966797
2000-01-23,0.14484360814094543
2000-01-24,2.3645553588867188
2000-01-25,9.510232925415039
2000-01-26,4.592236042022705
2000-01-27,9.5938720703125
2000-01-28,3.352055072784424
2000-01-29,5.260586738586426
2000-01-30,0.08721190690994263
2000-01-31,6.111816883087158
2000-02-01,0.3289101719856262
2000-02-02,0.0
2000-02-03,25.431480407714844
2000-02-04,7.208388805389404
2000-02-05,0.9311257600784302
2000-02-06,20.654996871948242
2000-02-07,9.980728149414062
2000-02-08,0.0
2000-02-09,0.033333826810121536
2000-02-10,0.0
2000-02-11,0.0
2000-02-12,0.23752480745315552
2000-02-13,0.07081319391727448
2000-02-14,33.12373733520508
2000-02-15,0.5306206345558167
2000-02-16,0.0655105784535408
2000-02-17,0.06846576184034348
2000-02-18,0.0
2000-02-19,0.0
2000-02-20,0.0
2000-02-21,6.016543865203857
2000-02-22,10.525394439697266
2000-02-23,0.1165083646774292
2000-02-24,0.4002459645271301
2000-02-25,0.0
2000-02-26,7.2252936363220215
2000-02-27,0.0
2000-02-28,2.0383119583129883
2000-02-29,5.863672256469727
2000-03-01,0.0
2000-03-02,0.0
2000-03-03,0.0
2000-03-04,0.0
2000-03-05,2.256553888320923
2000-03-06,8.7879638671875
2000-03-07,2.466522455215454
2000-03-08,65.5341796875
2000-03-09,0.0
2000-03-10,6.685037612915039
2000-03-11,34.975196838378906
2000-03-12,0.7502761483192444
2000-03-13,0.8540230989456177
2000-03-14,30.183958053588867
2000-03-15,0.3298610746860504
2000-03-16,1.4663945436477661
2000-03-17,34.977298736572266
2000-03-18,29.22966766357422
2000-03-19,0.0278509259223938
2000-03-20,0.029994163662195206
2000-03-21,0.6054117679595947
2000-03-22,10.038930892944336
2000-03-23,20.616640090942383
2000-03-24,0.0
2000-03-25,0.0
2000-03-26,0.0
2000-03-27,0.0
2000-03-28,17.73516082763672
2000-03-29,0.0
2000-03-30,0.0
2000-03-31,0.0
2000-04-01,0.0
2000-04-02,0.0
2000-04-03,0.0
2000-04-04,0.0
2000-04-05,0.0
2000-04-06,0.0918206050992012
2000-04-07,0.0918206050992012
2000-04-08,0.0918206050992012
2000-04-09,0.0918206050992012
2000-04-10,0.0918206050992012
2000-04-11,0.0
2000-04-12,0.0
2000-04-13,0.0
2000-04-14,13.8484525680542
2000-04-15,1.1779922246932983
2000-04-16,1.1564451456069946
2000-04-17,24.26497459411621
2000-04-18,10.780195236206055
2000-04-19,1.7304319143295288
2000-04-20,0.0
2000-04-21,0.0
2000-04-22,0.0
2000-04-23,0.0
2000-04-24,0.0
2000-04-25,0.0
2000-04-26,0.0
2000-04-27,9.791391372680664
2000-04-28,3.6166913509368896
2000-04-29,8.247175216674805
2000-04-30,0.0
2000-05-01,0.0
2000-05-02,0.0
2000-05-03,0.03894001990556717
2000-05-04,13.894461631774902
2000-05-05,1.6240513324737549
2000-05-06,0.0
2000-05-07,0.0
2000-05-08,0.0
2000-05-09,0.0
2000-05-10,0.0
2000-05-11,0.0
2000-05-12,0.0
2000-05-13,0.0
2000-05-14,3.8361356258392334
2000-05-15,0.012495556846261024
2000-05-16,0.0
2000-05-17,0.0
2000-05-18,0.0
2000-05-19,0.0
2000-05-20,1.0209369659423828
2000-05-21,0.0
2000-05-22,0.0
2000-05-23,0.0
2000-05-24,0.0
2000-05-25,0.0
2000-05-26,0.0
2000-05-27,0.0
2000-05-28,0.0
2000-05-29,0.0
2000-05-30,8.019049644470215
2000-05-31,0.0
2000-06-01,0.05480143427848816
2000-06-02,0.8768229484558105
2000-06-03,0.05480143427848816
2000-06-04,0.05480143427848816
2000-06-05,0.05480143427848816
2000-06-06,3.2498385906219482
2000-06-07,15.805285453796387
2000-06-08,11.344181060791016
2000-06-09,3.256403684616089
2000-06-10,0.0
2000-06-11,0.0
2000-06-12,0.0
2000-06-13,0.14810332655906677
2000-06-14,3.2351253032684326
2000-06-15,4.6073808670043945
2000-06-16,7.888121128082275
2000-06-17,4.34317684173584
2000-06-18,0.8505207300186157
2000-06-19,0.0
2000-06-20,0.0
2000-06-21,0.4211486876010895
2000-06-22,0.4211486876010895
2000-06-23,0.4211486876010895
2000-06-24,0.4211486876010895
2000-06-25,0.4211486876010895
2000-06-26,0.5851953029632568
2000-06-27,0.5851953029632568
2000-06-28,0.5851953029632568
2000-06-29,3.51117205619812
2000-06-30,0.5851953029632568
2000-07-01,0.0
2000-07-02,10.062129020690918
2000-07-03,11.069708824157715
2000-07-04,0.0
2000-07-05,0.0
2000-07-06,0.0
2000-07-07,0.0
2000-07-08,0.0
2000-07-09,8.969755172729492
2000-07-10,61.60661315917969
2000-07-11,0.0
2000-07-12,0.0
2000-07-13,0.0
2000-07-14,0.0
2000-07-15,0.0
2000-07-16,0.06598575413227081
2000-07-17,0.06598575413227081
2000-07-18,0.06598575413227081
2000-07-19,0.06598575413227081
2000-07-20,0.06598575413227081
2000-07-21,0.0
2000-07-22,8.335709571838379
2000-07-23,3.690675973892212
2000-07-24,4.156306266784668
2000-07-25,0.0
2000-07-26,0.021939851343631744
2000-07-27,0.021939851343631744
2000-07-28,0.021939851343631744
2000-07-29,0.021939851343631744
2000-07-30,0.021939851343631744
2000-07-31,0.1535789668560028
2000-08-01,0.0
2000-08-02,0.0
2000-08-03,0.0
2000-08-04,0.0
2000-08-05,0.0
2000-08-06,0.0
2000-08-07,0.0
2000-08-08,1.8110398054122925
2000-08-09,1.8950058221817017
2000-08-10,4.479398250579834
2000-08-11,0.0
2000-08-12,0.0
2000-08-13,0.0
2000-08-14,0.0
2000-08-15,0.0
2000-08-16,3.116415023803711
2000-08-17,0.0
2000-08-18,0.0
2000-08-19,0.0
2000-08-20,0.0
2000-08-21,0.0
2000-08-22,0.0
2000-08-23,0.0
2000-08-24,0.0
2000-08-25,0.0
2000-08-26,2.7930305004119873
2000-08-27,0.977523148059845
2000-08-28,2.636977195739746
2000-08-29,1.769983172416687
2000-08-30,11.097647666931152
2000-08-31,0.9698821306228638
2000-09-01,0.10874492675065994
2000-09-02,11.968836784362793
2000-09-03,11.038176536560059
2000-09-04,0.0
2000-09-05,0.0
2000-09-06,0.0
2000-09-07,0.0
2000-09-08,0.0
2000-09-09,0.0
2000-09-10,2.6844942569732666
2000-09-11,1.0015963315963745
2000-09-12,0.029861632734537125
2000-09-13,0.7467871904373169
2000-09-14,11.934958457946777
2000-09-15,2.1256296634674072
2000-09-16,0.0
2000-09-17,0.0
2000-09-18,0.0
2000-09-19,0.0
2000-09-20,0.0
2000-09-21,0.0
2000-09-22,0.44467708468437195
2000-09-23,0.0
2000-09-24,3.043668031692505
2000-09-25,0.0
2000-09-26,0.0
2000-09-27,0.0
2000-09-28,0.0
2000-09-29,0.0
2000-09-30,0.0
2000-10-01,0.0
2000-10-02,0.0
2000-10-03,0.0
2000-10-04,60.49114990234375
2000-10-05,9.359075546264648
2000-10-06,0.0
2000-10-07,0.0
2000-10-08,0.3461602032184601
2000-10-09,0.31725478172302246
2000-10-10,24.938814163208008
2000-10-11,3.9458377361297607
2000-10-12,0.0
2000-10-13,21.721784591674805
2000-10-14,0.5654250383377075
2000-10-15,0.0656495913863182
2000-10-16,0.6219421029090881
2000-10-17,0.0
2000-10-18,0.02942303568124771
2000-10-19,0.0
2000-10-20,0.0
2000-10-21,0.08754133433103561
2000-10-22,0.0536750927567482
2000-10-23,14.460107803344727
2000-10-24,3.733736515045166
2000-10-25,0.0027134912088513374
2000-10-26,12.123200416564941
2000-10-27,12.056767463684082
2000-10-28,0.4533313512802124
2000-10-29,0.007036642171442509
2000-10-30,1.1689527034759521
2000-10-31,0.08555974066257477
2000-11-01,0.7186329960823059
2000-11-02,43.52412414550781
2000-11-03,1.7986646890640259
2000-11-04,0.0
2000-11-05,0.0
2000-11-06,0.27244165539741516
2000-11-07,6.954798698425293
2000-11-08,1.9657151699066162
2000-11-09,2.0900208950042725
2000-11-10,0.08321233838796616
2000-11-11,0.0
2000-11-12,0.0
2000-11-13,76.31546020507812
2000-11-14,0.9845799207687378
2000-11-15,0.3057325482368469
2000-11-16,0.0
2000-11-17,0.0
2000-11-18,0.0
2000-11-19,0.0
2000-11-20,0.0
2000-11-21,1.9957891702651978
2000-11-22,0.0
2000-11-23,0.0
2000-11-24,9.245600700378418
2000-11-25,10.21488094329834
2000-11-26,0.0
2000-11-27,2.292231321334839
2000-11-28,0.0
2000-11-29,71.72222900390625
2000-11-30,1.532462477684021
2000-12-01,0.0
2000-12-02,0.0
2000-12-03,0.0
2000-12-04,62.51271438598633
2000-12-05,2.019991636276245
2000-12-06,1.9494062662124634
2000-12-07,0.12217465788125992
2000-12-08,3.7433793544769287
2000-12-09,11.403177261352539
2000-12-10,22.536754608154297
2000-12-11,1.9596079587936401
2000-12-12,23.657745361328125
2000-12-13,2.2069051265716553
2000-12-14,0.002193114720284939
2000-12-15,11.342575073242188
2000-12-16,27.835372924804688
2000-12-17,0.0
2000-12-18,0.0
2000-12-19,0.0
2000-12-20,0.0
2000-12-21,0.04468695819377899
2000-12-22,2.9300925731658936
2000-12-23,0.5771459937095642
2000-12-24,1.574205994606018
2000-12-25,43.723880767822266
2000-12-26,0.4461134076118469
2000-12-27,0.08477029949426651
2000-12-28,0.2889339327812195
2000-12-29,1.0387901067733765
2000-12-30,0.0
2000-12-31,4.835278034210205
2001-01-01,0.0
2001-01-02,0.0
2001-01-03,14.759016990661621
2001-01-04,6.707718849182129
2001-01-05,3.160783529281616
2001-01-06,2.272467613220215
2001-01-07,0.0
2001-01-08,24.96449851989746
2001-01-09,0.5257181525230408
2001-01-10,0.0
2001-01-11,0.0
2001-01-12,0.0
2001-01-13,0.0
2001-01-14,0.0
2001-01-15,0.0
2001-01-16,18.651885986328125
2001-01-17,2.5169601440429688
2001-01-18,0.0
2001-01-19,0.6692284345626831
2001-01-20,10.745477676391602
2001-01-21,0.6904643177986145
2001-01-22,1.2608072757720947
2001-01-23,0.016711166128516197
2001-01-24,0.0
2001-01-25,8.78586196899414
2001-01-26,5.410665512084961
2001-01-27,0.0
2001-01-28,0.0
2001-01-29,2.8693623542785645
2001-01-30,0.1971435248851776
2001-01-31,0.0
2001-02-01,0.0
2001-02-02,0.0
2001-02-03,0.0
2001-02-04,0.0
2001-02-05,0.0
2001-02-06,0.0
2001-02-07,0.0
2001-02-08,0.0
2001-02-09,0.0
2001-02-10,0.0
2001-02-11,0.0
2001-02-12,3.7718448638916016
2001-02-13,7.808353424072266
2001-02-14,0.0031865572091192007
2001-02-15,3.132136583328247
2001-02-16,8.052796363830566
2001-02-17,0.8832272887229919
2001-02-18,54.09516906738281
2001-02-19,10.221485137939453
2001-02-20,5.845591068267822
2001-02-21,10.375469207763672
2001-02-22,0.28636640310287476
2001-02-23,0.1167023554444313
2001-02-24,0.4721480906009674
2001-02-25,5.630798816680908
2001-02-26,2.159374713897705
2001-02-27,1.1498569250106812
2001-02-28,16.456825256347656
2001-03-01,4.032346725463867
2001-03-02,1.7174211740493774
2001-03-03,0.0
2001-03-04,0.0
2001-03-05,0.0
2001-03-06,0.0
2001-03-07,2.7960128784179688
2001-03-08,3.7293343544006348
2001-03-09,5.603170871734619
2001-03-10,0.0
2001-03-11,3.43550443649292
2001-03-12,1.713248372077942
2001-03-13,31.37865447998047
2001-03-14,14.503995895385742
2001-03-15,0.0
2001-03-16,8.438738822937012
2001-03-17,0.03671625256538391
2001-03-18,0.0
2001-03-19,0.0
2001-03-20,0.03610190004110336
2001-03-21,3.000955581665039
2001-03-22,0.054462868720293045
2001-03-23,2.267791986465454
2001-03-24,38.56830596923828
2001-03-25,2.4721031188964844
2001-03-26,0.0
2001-03-27,0.0
2001-03-28,0.0
2001-03-29,0.0
2001-03-30,0.0
2001-03-31,0.0
2001-04-01,0.0
2001-04-02,0.0
2001-04-03,0.0
2001-04-04,0.0
2001-04-05,0.0
2001-04-06,18.81011199951172
2001-04-07,0.5498644709587097
2001-04-08,0.0
2001-04-09,0.0
2001-04-10,0.0
2001-04-11,0.0
2001-04-12,0.0
2001-04-13,0.0
2001-04-14,0.0
2001-04-15,0.0
2001-04-16,0.0
2001-04-17,0.0
2001-04-18,0.0
2001-04-19,0.0
2001-04-20,0.0
2001-04-21,59.08123016357422
2001-04-22,21.142160415649414
2001-04-23,2.0745973587036133
2001-04-24,51.26008987426758
2001-04-25,4.287686347961426
2001-04-26,3.7502880096435547
2001-04-27,0.5458533763885498
2001-04-28,2.821854829788208
2001-04-29,19.651479721069336
2001-04-30,3.4397470951080322
2001-05-01,0.0
2001-05-02,0.0
2001-05-03,0.0
2001-05-04,0.0
2001-05-05,0.0
2001-05-06,0.0
2001-05-07,0.007288261782377958
2001-05-08,0.011600885540246964
2001-05-09,0.0
2001-05-10,0.0
2001-05-11,0.0009504190529696643
2001-05-12,3.7510008811950684
2001-05-13,0.0
2001-05-14,0.032151997089385986
2001-05-15,2.4411420822143555
2001-05-16,0.0
2001-05-17,0.0
2001-05-18,0.0
2001-05-19,0.0
2001-05-20,0.0
2001-05-21,0.0
2001-05-22,0.0
2001-05-23,32.51150131225586
2001-05-24,10.008726119995117
2001-05-25,0.03882034868001938
2001-05-26,16.196353912353516
2001-05-27,0.0
2001-05-28,0.0
2001-05-29,0.0
2001-05-30,0.0
2001-05-31,0.0
2001-06-01,0.09908349812030792
2001-06-02,0.09908349812030792
2001-06-03,0.09908349812030792
2001-06-04,0.09908349812030792
2001-06-05,0.09908349812030792
2001-06-06,0.0
2001-06-07,78.47602844238281
2001-06-08,0.0
2001-06-09,0.0
2001-06-10,0.0
2001-06-11,0.3666209578514099
2001-06-12,0.3666209578514099
2001-06-13,0.3666209578514099
2001-06-14,0.3666209578514099
2001-06-15,0.3666209578514099
2001-06-16,0.049799565225839615
2001-06-17,8.300110816955566
2001-06-18,0.1689932495355606
2001-06-19,1.2214323282241821
2001-06-20,0.0
2001-06-21,0.0
2001-06-22,0.040946412831544876
2001-06-23,2.055992603302002
2001-06-24,3.581345796585083
2001-06-25,0.014319808222353458
2001-06-26,0.005653254687786102
2001-06-27,0.03966968134045601
2001-06-28,4.519703388214111
2001-06-29,0.05680588260293007
2001-06-30,0.0
2001-07-01,0.08038908243179321
2001-07-02,5.712311744689941
2001-07-03,0.0
2001-07-04,0.0
2001-07-05,28.603437423706055
2001-07-06,0.19230031967163086
2001-07-07,0.0
2001-07-08,2.122833490371704
2001-07-09,0.0
2001-07-10,3.7125298976898193
2001-07-11,0.0
2001-07-12,0.0
2001-07-13,0.0
2001-07-14,0.0
2001-07-15,0.0
2001-07-16,0.09327960014343262
2001-07-17,0.09327960014343262
2001-07-18,0.09327960014343262
2001-07-19,0.09327960014343262
2001-07-20,0.09327960014343262
2001-07-21,0.2806476950645447
2001-07-22,0.2806476950645447
2001-07-23,0.2806476950645447
2001-07-24,0.2806476950645447
2001-07-25,0.2806476950645447
2001-07-26,1.7569688558578491
2001-07-27,5.7338972091674805
2001-07-28,0.08872582763433456
2001-07-29,0.0
2001-07-30,0.0
2001-07-31,0.0
2001-08-01,0.0
2001-08-02,0.0
2001-08-03,0.0
2001-08-04,0.0
2001-08-05,0.0
2001-08-06,0.0
2001-08-07,0.0
2001-08-08,0.0
2001-08-09,0.0
2001-08-10,0.0
2001-08-11,0.0
2001-08-12,0.0
2001-08-13,0.0
2001-08-14,0.0
2001-08-15,0.0
2001-08-16,0.7875422835350037
2001-08-17,0.9574069380760193
2001-08-18,14.060182571411133
2001-08-19,28.88333511352539
2001-08-20,3.451474189758301
2001-08-21,0.0
2001-08-22,0.0
2001-08-23,0.0
2001-08-24,0.0
2001-08-25,0.0
2001-08-26,0.0
2001-08-27,0.0
2001-08-28,0.0
2001-08-29,0.0
2001-08-30,0.0
2001-08-31,0.0
2001-09-01,0.0
2001-09-02,0.0
2001-09-03,3.894836664199829
2001-09-04,0.0
2001-09-05,0.0
2001-09-06,0.0
2001-09-07,0.0
2001-09-08,0.0
2001-09-09,0.0
2001-09-10,0.0
2001-09-11,0.0
2001-09-12,0.0
2001-09-13,0.0
2001-09-14,1.1452620029449463
2001-09-15,6.63531494140625
2001-09-16,0.0
2001-09-17,0.0
2001-09-18,0.0
2001-09-19,0.0
2001-09-20,0.0
2001-09-21,8.695924758911133
2001-09-22,0.0
2001-09-23,0.0
2001-09-24,1.0331534147262573
2001-09-25,1.5869157314300537
2001-09-26,79.65145111083984
2001-09-27,8.356224060058594
2001-09-28,0.03427829220890999
2001-09-29,0.0
2001-09-30,0.26478344202041626
2001-10-01,2.8696587085723877
2001-10-02,6.611870765686035
2001-10-03,0.0
2001-10-04,3.8196680545806885
2001-10-05,2.956461191177368
2001-10-06,0.5937073230743408
2001-10-07,0.6669031381607056
2001-10-08,65.31790924072266
2001-10-09,6.805859088897705
2001-10-10,0.31168317794799805
2001-10-11,1.7131059169769287
2001-10-12,38.08454895019531
2001-10-13,0.13724958896636963
2001-10-14,0.18604257702827454
2001-10-15,0.0
2001-10-16,0.0
2001-10-17,0.0
2001-10-18,0.0
2001-10-19,0.0
2001-10-20,0.0
2001-10-21,0.0
2001-10-22,0.0
2001-10-23,0.0
2001-10-24,0.0
2001-10-25,0.0
2001-10-26,0.0
2001-10-27,0.0
2001-10-28,1.9652702808380127
2001-10-29,1.9049229621887207
2001-10-30,33.75080871582031
2001-10-31,0.0
2001-11-01,0.31130218505859375
2001-11-02,25.422386169433594
2001-11-03,5.59480094909668
2001-11-04,0.012280864641070366
2001-11-05,0.0
2001-11-06,0.0
2001-11-07,5.989050388336182
2001-11-08,0.0
2001-11-09,0.0
2001-11-10,0.0
2001-11-11,0.0
2001-11-12,33.85292434692383
2001-11-13,0.3601503372192383
2001-11-14,0.3690182566642761
2001-11-15,53.92268371582031
2001-11-16,40.337215423583984
2001-11-17,0.7844244241714478
2001-11-18,0.0
2001-11-19,0.0
2001-11-20,0.0
2001-11-21,0.0
2001-11-22,0.0
2001-11-23,0.0
2001-11-24,0.0
2001-11-25,0.0
2001-11-26,0.0
2001-11-27,24.552593231201172
2001-11-28,0.01624542847275734
2001-11-29,0.0
2001-11-30,15.890743255615234
2001-12-01,0.0
2001-12-02,0.0
2001-12-03,5.482638835906982
2001-12-04,12.779685974121094
2001-12-05,0.08787120133638382
2001-12-06,0.0
2001-12-07,0.0
2001-12-08,2.3156402111053467
2001-12-09,3.563065528869629
2001-12-10,0.3307047486305237
2001-12-11,0.4598885476589203
2001-12-12,6.713097095489502
2001-12-13,0.7226911783218384
2001-12-14,0.0
2001-12-15,7.384696006774902
2001-12-16,0.0
2001-12-17,1.399877905845642
2001-12-18,5.636719703674316
2001-12-19,0.0
2001-12-20,0.0
2001-12-21,0.7641792297363281
2001-12-22,13.341331481933594
2001-12-23,2.6510238647460938
2001-12-24,0.005435138940811157
2001-12-25,0.0
2001-12-26,0.0
2001-12-27,6.927927494049072
2001-12-28,0.0
2001-12-29,0.0
2001-12-30,0.44240161776542664
2001-12-31,39.5284538269043
2002-01-01,2.7412569522857666
2002-01-02,1.5704872608184814
2002-01-03,0.48558712005615234
2002-01-04,0.0
2002-01-05,23.41737937927246
2002-01-06,20.7664852142334
2002-01-07,0.34761127829551697
2002-01-08,0.0
2002-01-09,0.0
2002-01-10,0.0
2002-01-11,0.008309679105877876
2002-01-12,0.0
2002-01-13,0.0
2002-01-14,10.175806045532227
2002-01-15,0.4095361530780792
2002-01-16,0.0
2002-01-17,0.0
2002-01-18,0.0
2002-01-19,0.0
2002-01-20,0.0
2002-01-21,2.4633166790008545
2002-01-22,54.17166519165039
2002-01-23,0.2739807665348053
2002-01-24,0.0
2002-01-25,0.0
2002-01-26,0.7278978228569031
2002-01-27,0.8153771758079529
2002-01-28,0.284284383058548
2002-01-29,0.0
2002-01-30,1.0840318202972412
2002-01-31,0.0
2002-02-01,3.4019765853881836
2002-02-02,83.58038330078125
2002-02-03,37.27333450317383
2002-02-04,8.03322982788086
2002-02-05,1.0643138885498047
2002-02-06,4.578896522521973
2002-02-07,0.0
2002-02-08,0.0
2002-02-09,0.0
2002-02-10,0.0
2002-02-11,0.1133529469370842
2002-02-12,1.954683542251587
2002-02-13,0.835302472114563
2002-02-14,2.9339354038238525
2002-02-15,3.6491055488586426
2002-02-16,11.069108009338379
2002-02-17,0.3651104271411896
2002-02-18,0.40487080812454224
2002-02-19,13.79810619354248
2002-02-20,65.1483154296875
2002-02-21,44.94497299194336
2002-02-22,16.58148765563965
2002-02-23,0.04823232814669609
2002-02-24,7.416830539703369
2002-02-25,0.0
2002-02-26,0.32305923104286194
2002-02-27,17.777782440185547
2002-02-28,1.4029196500778198
2002-03-01,1.2992303371429443
2002-03-02,27.54948616027832
2002-03-03,0.0
2002-03-04,0.0
2002-03-05,0.0
2002-03-06,0.0
2002-03-07,0.0
2002-03-08,10.654939651489258
2002-03-09,0.9944931864738464
2002-03-10,6.106540203094482
2002-03-11,1.1889150142669678
2002-03-12,19.889501571655273
2002-03-13,0.008649666793644428
2002-03-14,0.0
2002-03-15,0.0
2002-03-16,0.0
2002-03-17,0.0
2002-03-18,0.1721208542585373
2002-03-19,0.0
2002-03-20,10.76790714263916
2002-03-21,0.0
2002-03-22,0.0
2002-03-23,0.0
2002-03-24,0.0
2002-03-25,0.0
2002-03-26,0.0
2002-03-27,0.5325607061386108
2002-03-28,0.9426418542861938
2002-03-29,0.0
2002-03-30,0.538405179977417
2002-03-31,30.27076530456543
2002-04-01,0.0
2002-04-02,0.0
2002-04-03,0.0
2002-04-04,0.0
2002-04-05,0.0
2002-04-06,0.0
2002-04-07,0.0
2002-04-08,0.0
2002-04-09,2.610133409500122
2002-04-10,0.0
2002-04-11,1.498274803161621
2002-04-12,35.91373825073242
2002-04-13,0.09488065540790558
2002-04-14,0.2124214470386505
2002-04-15,0.48775583505630493
2002-04-16,0.0
2002-04-17,0.0
2002-04-18,0.0
2002-04-19,0.0
2002-04-20,0.0
2002-04-21,0.9321299195289612
2002-04-22,0.2100508064031601
2002-04-23,1.6483402252197266
2002-04-24,0.0823870599269867
2002-04-25,26.77606201171875
2002-04-26,28.44758415222168
2002-04-27,8.348233222961426
2002-04-28,0.0
2002-04-29,0.0
2002-04-30,0.0
2002-05-01,0.0
2002-05-02,0.0
2002-05-03,0.0
2002-05-04,0.0
2002-05-05,26.696569442749023
2002-05-06,6.808241367340088
2002-05-07,0.0031681274995207787
2002-05-08,0.0
2002-05-09,0.0
2002-05-10,0.0
2002-05-11,0.0
2002-05-12,0.0
2002-05-13,0.0
2002-05-14,4.104236125946045
2002-05-15,0.29650795459747314
2002-05-16,0.0
2002-05-17,1.398384928703308
2002-05-18,13.352832794189453
2002-05-19,0.0
2002-05-20,5.020153999328613
2002-05-21,15.604700088500977
2002-05-22,0.0
2002-05-23,0.0
2002-05-24,0.0
2002-05-25,0.0
2002-05-26,0.0
2002-05-27,0.0
2002-05-28,0.0
2002-05-29,4.5628275871276855
2002-05-30,6.134008407592773
2002-05-31,0.34028369188308716
2002-06-01,0.21235044300556183
2002-06-02,0.21235044300556183
2002-06-03,0.21235044300556183
2002-06-04,0.21235044300556183
2002-06-05,0.21235044300556183
2002-06-06,5.472015857696533
2002-06-07,1.563433051109314
2002-06-08,1.563433051109314
2002-06-09,1.563433051109314
2002-06-10,5.472016334533691
2002-06-11,0.7266387343406677
2002-06-12,2.4295191764831543
2002-06-13,0.5177786350250244
2002-06-14,6.163857936859131
2002-06-15,0.5177786350250244
2002-06-16,2.013392210006714
2002-06-17,0.12583701312541962
2002-06-18,0.12583701312541962
2002-06-19,0.12583701312541962
2002-06-20,0.12583701312541962
2002-06-21,0.551070511341095
2002-06-22,0.551070511341095
2002-06-23,0.551070511341095
2002-06-24,0.551070511341095
2002-06-25,0.551070511341095
2002-06-26,0.0
2002-06-27,0.26270776987075806
2002-06-28,0.9265638589859009
2002-06-29,0.12517978250980377
2002-06-30,0.1929333209991455
2002-07-01,0.0
2002-07-02,0.2628214657306671
2002-07-03,0.0
2002-07-04,38.61473846435547
2002-07-05,5.673709392547607
2002-07-06,0.03750656172633171
2002-07-07,0.0
2002-07-08,0.0007506485562771559
2002-07-09,0.017290780320763588
2002-07-10,0.0
2002-07-11,0.0
2002-07-12,0.0
2002-07-13,0.0
2002-07-14,0.0
2002-07-15,0.0
2002-07-16,0.0
2002-07-17,0.0
2002-07-18,0.0
2002-07-19,0.30836448073387146
2002-07-20,0.017857179045677185
2002-07-21,0.6954903602600098
2002-07-22,1.9911301136016846
2002-07-23,0.0
2002-07-24,0.0
2002-07-25,20.944766998291016
2002-07-26,0.0
2002-07-27,0.0
2002-07-28,0.9509543776512146
2002-07-29,7.275324821472168
2002-07-30,0.0
2002-07-31,0.0
2002-08-01,1.5494250059127808
2002-08-02,0.25823748111724854
2002-08-03,0.25823748111724854
2002-08-04,0.25823748111724854
2002-08-05,0.25823748111724854
2002-08-06,0.0
2002-08-07,0.0
2002-08-08,0.0
2002-08-09,0.0
2002-08-10,0.0
2002-08-11,0.0
2002-08-12,0.0
2002-08-13,0.0
2002-08-14,0.0
2002-08-15,0.0
2002-08-16,0.0
2002-08-17,0.0
2002-08-18,0.04129684716463089
2002-08-19,0.05577659234404564
2002-08-20,6.513442039489746
2002-08-21,0.0
2002-08-22,0.0
2002-08-23,0.0
2002-08-24,0.0
2002-08-25,0.0
2002-08-26,0.0
2002-08-27,0.32165223360061646
2002-08-28,0.4295988976955414
2002-08-29,9.225582122802734
2002-08-30,0.010864786803722382
2002-08-31,4.30515718460083
2002-09-01,0.10899848490953445
2002-09-02,0.003302966710180044
2002-09-03,0.0
2002-09-04,0.0
2002-09-05,0.00018817665113601834
2002-09-06,0.0
2002-09-07,10.628539085388184
2002-09-08,0.0
2002-09-09,0.0
2002-09-10,0.4781106114387512
2002-09-11,4.695735454559326
2002-09-12,19.49262046813965
2002-09-13,11.304512977600098
2002-09-14,1.8542927503585815
2002-09-15,0.06667917966842651
2002-09-16,0.2653900384902954
2002-09-17,0.0
2002-09-18,0.0
2002-09-19,0.0
2002-09-20,12.002083778381348
2002-09-21,0.0
2002-09-22,0.0
2002-09-23,0.0
2002-09-24,0.0
2002-09-25,0.0
2002-09-26,0.0
2002-09-27,0.0
2002-09-28,0.0
2002-09-29,0.0
2002-09-30,0.0
2002-10-01,34.108272552490234
2002-10-02,0.0
2002-10-03,0.04812893271446228
2002-10-04,0.0
2002-10-05,0.0
2002-10-06,0.0
2002-10-07,0.0
2002-10-08,0.0
2002-10-09,0.0
2002-10-10,0.0
2002-10-11,0.018941354006528854
2002-10-12,7.378942489624023
2002-10-13,0.013185951858758926
2002-10-14,0.10864733904600143
2002-10-15,0.0
2002-10-16,3.610126256942749
2002-10-17,1.7915836572647095
2002-10-18,0.0
2002-10-19,0.0
2002-10-20,0.0
2002-10-21,25.673519134521484
2002-10-22,0.34976091980934143
2002-10-23,0.0
2002-10-24,0.0
2002-10-25,0.0
2002-10-26,0.0
2002-10-27,0.0
2002-10-28,0.00277598830871284
2002-10-29,7.087823390960693
2002-10-30,5.845508575439453
2002-10-31,0.0
2002-11-01,0.09570039063692093
2002-11-02,0.0
2002-11-03,0.0
2002-11-04,27.96544075012207
2002-11-05,0.04087236151099205
2002-11-06,0.0
2002-11-07,0.12853111326694489
2002-11-08,0.0
2002-11-09,0.0
2002-11-10,23.575315475463867
2002-11-11,0.3803878128528595
2002-11-12,0.13782784342765808
2002-11-13,7.318970203399658
2002-11-14,0.0
2002-11-15,0.1626911759376526
2002-11-16,0.0
2002-11-17,0.0
2002-11-18,0.0
2002-11-19,0.0
2002-11-20,0.0
2002-11-21,0.0
2002-11-22,7.6621575355529785
2002-11-23,0.5208569169044495
2002-11-24,3.1411948204040527
2002-11-25,0.0
2002-11-26,0.5375295877456665
2002-11-27,0.16844716668128967
2002-11-28,21.430025100708008
2002-11-29,0.7738361358642578
2002-11-30,3.909714460372925
2002-12-01,0.0
2002-12-02,26.476451873779297
2002-12-03,54.80525588989258
2002-12-04,5.603053569793701
2002-12-05,0.12700900435447693
2002-12-06,0.0
2002-12-07,0.0
2002-12-08,49.58019256591797
2002-12-09,0.042697641998529434
2002-12-10,18.91373062133789
2002-12-11,0.0
2002-12-12,0.037148941308259964
2002-12-13,4.606490135192871
2002-12-14,4.934871196746826
2002-12-15,6.197405815124512
2002-12-16,0.0
2002-12-17,0.13724088668823242
2002-12-18,0.0
2002-12-19,0.0
2002-12-20,6.920930862426758
2002-12-21,13.352884292602539
2002-12-22,0.2194829136133194
2002-12-23,0.06953632831573486
2002-12-24,18.855852127075195
2002-12-25,0.2767241895198822
2002-12-26,0.0
2002-12-27,0.0
2002-12-28,0.0
2002-12-29,2.2594616413116455
2002-12-30,5.8119683265686035
2002-12-31,1.4097795486450195
2003-01-01,0.06276233494281769
2003-01-02,1.3611352443695068
2003-01-03,42.19404983520508
2003-01-04,30.21239471435547
2003-01-05,1.8685894012451172
2003-01-06,28.42839241027832
2003-01-07,0.0
2003-01-08,0.0
2003-01-09,1.7886362075805664
2003-01-10,1.5565283298492432
2003-01-11,0.0767693743109703
2003-01-12,42.81442642211914
2003-01-13,7.099118232727051
2003-01-14,5.34930944442749
2003-01-15,0.18021786212921143
2003-01-16,0.08617372810840607
2003-01-17,4.672836780548096
2003-01-18,16.865041732788086
2003-01-19,12.13507080078125
2003-01-20,0.47877705097198486
2003-01-21,0.230932354927063
2003-01-22,0.26661911606788635
2003-01-23,13.93933391571045
2003-01-24,9.333138465881348
2003-01-25,0.0
2003-01-26,0.017960725352168083
2003-01-27,0.0
2003-01-28,16.050825119018555
2003-01-29,2.2870736122131348
2003-01-30,0.0
2003-01-31,0.0
2003-02-01,0.0
2003-02-02,25.260784149169922
2003-02-03,0.42967501282691956
2003-02-04,0.0
2003-02-05,0.878576934337616
2003-02-06,3.4834816455841064
2003-02-07,2.5491671562194824
2003-02-08,75.84481811523438
2003-02-09,7.3694353103637695
2003-02-10,0.0
2003-02-11,1.2432838678359985
2003-02-12,0.0
2003-02-13,33.890357971191406
2003-02-14,0.0
2003-02-15,0.0
2003-02-16,0.045233774930238724
2003-02-17,1.303945541381836
2003-02-18,0.8594028353691101
2003-02-19,0.0
2003-02-20,19.847806930541992
2003-02-21,0.0
2003-02-22,0.0
2003-02-23,0.0
2003-02-24,0.0
2003-02-25,0.0
2003-02-26,0.44807174801826477
2003-02-27,0.0
2003-02-28,0.0
2003-03-01,0.04408770054578781
2003-03-02,0.0
2003-03-03,0.32746899127960205
2003-03-04,23.064205169677734
2003-03-05,0.0
2003-03-06,0.0
2003-03-07,10.019635200500488
2003-03-08,0.0
2003-03-09,0.09140791743993759
2003-03-10,0.0
2003-03-11,24.159879684448242
2003-03-12,1.664786458015442
2003-03-13,0.30056455731391907
2003-03-14,7.980787754058838
2003-03-15,4.076563835144043
2003-03-16,0.636120617389679
2003-03-17,43.35585021972656
2003-03-18,0.0
2003-03-19,1.5512752532958984
2003-03-20,0.0
2003-03-21,13.983587265014648
2003-03-22,0.1579897701740265
2003-03-23,0.0
2003-03-24,0.0
2003-03-25,0.0
2003-03-26,0.2688887417316437
2003-03-27,12.116267204284668
2003-03-28,4.9140448570251465
2003-03-29,0.0
2003-03-30,1.3705511093139648
2003-03-31,15.184416770935059
2003-04-01,0.0
2003-04-02,0.1542329639196396
2003-04-03,0.0
2003-04-04,0.059336107224226
2003-04-05,9.162778854370117
2003-04-06,0.013363400474190712
2003-04-07,0.010180458426475525
2003-04-08,0.009730001911520958
2003-04-09,1.272066593170166
2003-04-10,23.11418914794922
2003-04-11,0.04873957857489586
2003-04-12,0.0
2003-04-13,0.0
2003-04-14,0.06350229680538177
2003-04-15,0.0
2003-04-16,0.0
2003-04-17,4.305524826049805
2003-04-18,0.0112525699660182
2003-04-19,34.55424499511719
2003-04-20,0.4134266674518585
2003-04-21,0.0
2003-04-22,0.0
2003-04-23,0.0
2003-04-24,0.0
2003-04-25,0.0
2003-04-26,0.0
2003-04-27,0.0
2003-04-28,0.0
2003-04-29,0.0
2003-04-30,0.0
2003-05-01,0.0
2003-05-02,0.0
2003-05-03,0.0
2003-05-04,0.0
2003-05-05,0.0
2003-05-06,0.0
2003-05-07,0.0
2003-05-08,0.0
2003-05-09,0.0
2003-05-10,0.0
2003-05-11,0.0
2003-05-12,0.0
2003-05-13,0.0
2003-05-14,0.0
2003-05-15,0.0
2003-05-16,0.0
2003-05-17,0.0
2003-05-18,0.6338353753089905
2003-05-19,0.0
2003-05-20,0.13834986090660095
2003-05-21,0.0
2003-05-22,0.0
2003-05-23,58.764434814453125
2003-05-24,0.7245551347732544
2003-05-25,0.34669938683509827
2003-05-26,0.0
2003-05-27,0.0
2003-05-28,0.0
2003-05-29,0.0
2003-05-30,0.0
2003-05-31,0.0
2003-06-01,0.0
2003-06-02,0.0
2003-06-03,42.106319427490234
2003-06-04,42.58058547973633
2003-06-05,0.0
2003-06-06,0.5746426582336426
2003-06-07,0.5746426582336426
2003-06-08,0.5746426582336426
2003-06-09,0.5746426582336426
2003-06-10,0.5746426582336426
2003-06-11,0.5830724239349365
2003-06-12,0.5830724239349365
2003-06-13,0.5830724239349365
2003-06-14,0.5830724239349365
2003-06-15,0.5830724239349365
2003-06-16,0.0
2003-06-17,0.0
2003-06-18,0.0
2003-06-19,3.2048542499542236
2003-06-20,0.0
2003-06-21,0.4719310700893402
2003-06-22,0.4719310700893402
2003-06-23,0.4719310700893402
2003-06-24,0.4719310700893402
2003-06-25,0.4719310700893402
2003-06-26,0.0
2003-06-27,0.0
2003-06-28,8.394735336303711
2003-06-29,0.0
2003-06-30,0.0
2003-07-01,0.0
2003-07-02,0.0
2003-07-03,0.0
2003-07-04,0.0
2003-07-05,0.0
2003-07-06,0.0
2003-07-07,4.257115364074707
2003-07-08,0.0
2003-07-09,13.493083000183105
2003-07-10,0.0950305238366127
2003-07-11,0.0
2003-07-12,0.0
2003-07-13,0.0
2003-07-14,0.0
2003-07-15,0.0
2003-07-16,0.0
2003-07-17,0.005361589137464762
2003-07-18,3.8613412380218506
2003-07-19,0.010723178274929523
2003-07-20,0.015087262727320194
2003-07-21,0.06037820503115654
2003-07-22,0.06037820503115654
2003-07-23,0.21132372319698334
2003-07-24,0.21132373809814453
2003-07-25,0.06037820503115654
2003-07-26,0.050996050238609314
2003-07-27,0.10098227858543396
2003-07-28,0.07523179799318314
2003-07-29,0.02524556964635849
2003-07-30,0.02524556964635849
2003-07-31,0.02524556964635849
2003-08-01,0.0
2003-08-02,0.0
2003-08-03,0.0
2003-08-04,0.0
2003-08-05,0.0
2003-08-06,17.85025978088379
2003-08-07,0.021613745018839836
2003-08-08,0.09464973211288452
2003-08-09,2.1660561561584473
2003-08-10,0.05497146025300026
2003-08-11,0.0
2003-08-12,0.0
2003-08-13,0.0
2003-08-14,0.0
2003-08-15,0.0
2003-08-16,0.0
2003-08-17,0.0
2003-08-18,0.0
2003-08-19,0.0
2003-08-20,0.0
2003-08-21,0.0
2003-08-22,0.0
2003-08-23,0.4884973168373108
2003-08-24,6.3039326667785645
2003-08-25,0.19560450315475464
2003-08-26,0.0
2003-08-27,0.0
2003-08-28,0.0
2003-08-29,0.0
2003-08-30,0.0
2003-08-31,0.0
2003-09-01,1.853718876838684
2003-09-02,0.0
2003-09-03,0.0
2003-09-04,0.0
2003-09-05,0.0
2003-09-06,0.0
2003-09-07,0.4120066165924072
2003-09-08,43.25342559814453
2003-09-09,1.2180887460708618
2003-09-10,0.04065309092402458
2003-09-11,0.012498944997787476
2003-09-12,0.5551751852035522
2003-09-13,0.3104190528392792
2003-09-14,0.009472197853028774
2003-09-15,0.014187831431627274
2003-09-16,0.0
2003-09-17,0.0
2003-09-18,0.0
2003-09-19,0.0
2003-09-20,0.0
2003-09-21,11.182147979736328
2003-09-22,0.0
2003-09-23,0.0
2003-09-24,13.936720848083496
2003-09-25,6.526416778564453
2003-09-26,0.001526532811112702
2003-09-27,0.0
2003-09-28,28.32402801513672
2003-09-29,0.03131725639104843
2003-09-30,0.0
2003-10-01,0.0
2003-10-02,0.0
2003-10-03,0.0
2003-10-04,0.0
2003-10-05,0.0
2003-10-06,12.993548393249512
2003-10-07,0.0
2003-10-08,0.02802152931690216
2003-10-09,0.6988482475280762
2003-10-10,30.943470001220703
2003-10-11,0.6997002959251404
2003-10-12,0.6997002959251404
2003-10-13,0.6997002959251404
2003-10-14,0.6997002959251404
2003-10-15,0.6997002959251404
2003-10-16,0.09830688685178757
2003-10-17,0.0
2003-10-18,0.0
2003-10-19,0.09625882655382156
2003-10-20,40.578216552734375
2003-10-21,0.145796537399292
2003-10-22,30.01559066772461
2003-10-23,0.2910189926624298
2003-10-24,0.04391330108046532
2003-10-25,0.0
2003-10-26,0.0
2003-10-27,44.55134963989258
2003-10-28,0.06719452887773514
2003-10-29,0.0
2003-10-30,0.0
2003-10-31,1.7635961771011353
2003-11-01,10.545978546142578
2003-11-02,0.07477296888828278
2003-11-03,0.010858343914151192
2003-11-04,0.0
2003-11-05,0.0
2003-11-06,0.0
2003-11-07,0.0
2003-11-08,0.0
2003-11-09,0.0
2003-11-10,3.3487372398376465
2003-11-11,1.278795838356018
2003-11-12,0.0
2003-11-13,22.137422561645508
2003-11-14,0.00461873784661293
2003-11-15,0.2760850787162781
2003-11-16,0.0
2003-11-17,0.01644592359662056
2003-11-18,24.4771785736084
2003-11-19,0.24104417860507965
2003-11-20,0.0
2003-11-21,0.0
2003-11-22,0.0
2003-11-23,0.0
2003-11-24,0.0
2003-11-25,7.507796764373779
2003-11-26,4.054337501525879
2003-11-27,0.0
2003-11-28,5.268535614013672
2003-11-29,45.305824279785156
2003-11-30,3.009514093399048
2003-12-01,33.371368408203125
2003-12-02,0.012010321021080017
2003-12-03,0.07193270325660706
2003-12-04,14.023921012878418
2003-12-05,0.01759214699268341
2003-12-06,52.903263092041016
2003-12-07,0.0
2003-12-08,0.0932588055729866
2003-12-09,0.41455817222595215
2003-12-10,7.339254379272461
2003-12-11,0.1386989951133728
2003-12-12,42.45903015136719
2003-12-13,0.0
2003-12-14,0.8707401156425476
2003-12-15,0.0
2003-12-16,24.760705947875977
2003-12-17,4.925336837768555
2003-12-18,0.0
2003-12-19,0.0
2003-12-20,0.9734580516815186
2003-12-21,0.021534036844968796
2003-12-22,12.618598937988281
2003-12-23,24.364665985107422
2003-12-24,0.2823732793331146
2003-12-25,0.4059979319572449
2003-12-26,0.36147481203079224
2003-12-27,0.08758148550987244
2003-12-28,29.441211700439453
2003-12-29,1.2617098093032837
2003-12-30,0.0
2003-12-31,14.094647407531738
2004-01-01,17.387346267700195
2004-01-02,0.66164630651474
2004-01-03,0.0
2004-01-04,0.0
2004-01-05,15.265028953552246
2004-01-06,7.423322677612305
2004-01-07,0.0
2004-01-08,14.286734580993652
2004-01-09,12.397364616394043
2004-01-10,0.0
2004-01-11,10.48018741607666
2004-01-12,5.714366912841797
2004-01-13,0.1009933352470398
2004-01-14,1.0056312084197998
2004-01-15,1.4530404806137085
2004-01-16,0.31209662556648254
2004-01-17,0.0
2004-01-18,0.028173962607979774
2004-01-19,2.7305476665496826
2004-01-20,21.286510467529297
2004-01-21,0.9985472559928894
2004-01-22,21.051719665527344
2004-01-23,0.007880477234721184
2004-01-24,0.017216024920344353
2004-01-25,0.0
2004-01-26,0.0
2004-01-27,0.0
2004-01-28,1.4685277938842773
2004-01-29,9.115729331970215
2004-01-30,8.186956405639648
2004-01-31,0.03562748804688454
2004-02-01,0.0
2004-02-02,16.07328224182129
2004-02-03,0.0
2004-02-04,0.0
2004-02-05,40.42580032348633
2004-02-06,7.108233451843262
2004-02-07,4.881664276123047
2004-02-08,0.0
2004-02-09,0.0
2004-02-10,0.0
2004-02-11,0.0
2004-02-12,0.2563750743865967
2004-02-13,24.44288444519043
2004-02-14,1.7109946012496948
2004-02-15,0.70569908618927
2004-02-16,0.0
2004-02-17,0.017038507387042046
2004-02-18,48.0112419128418
2004-02-19,3.933976650238037
2004-02-20,0.1350565105676651
2004-02-21,0.0
2004-02-22,0.0
2004-02-23,0.0
2004-02-24,0.0
2004-02-25,0.0
2004-02-26,0.2411370873451233
2004-02-27,0.2411370873451233
2004-02-28,0.2411370873451233
2004-02-29,0.2411370873451233
2004-03-01,0.09308451414108276
2004-03-02,0.0
2004-03-03,15.522477149963379
2004-03-04,0.011806243099272251
2004-03-05,0.0
2004-03-06,0.0
2004-03-07,0.0
2004-03-08,0.5236510038375854
2004-03-09,9.55938720703125
2004-03-10,0.24620111286640167
2004-03-11,0.003051978535950184
2004-03-12,0.26383331418037415
2004-03-13,1.98065185546875
2004-03-14,8.306221008300781
2004-03-15,18.67809295654297
2004-03-16,0.4980919063091278
2004-03-17,0.0
2004-03-18,28.057050704956055
2004-03-19,0.006777863949537277
2004-03-20,0.0
2004-03-21,0.0
2004-03-22,0.0
2004-03-23,0.0
2004-03-24,0.0
2004-03-25,0.0
2004-03-26,0.0011547653703019023
2004-03-27,0.436462938785553
2004-03-28,0.19148321449756622
2004-03-29,0.0
2004-03-30,0.10401415824890137
2004-03-31,0.0013156364439055324
2004-04-01,0.0
2004-04-02,0.7602002024650574
2004-04-03,12.124092102050781
2004-04-04,4.209461688995361
2004-04-05,3.695286512374878
2004-04-06,1.0767347812652588
2004-04-07,0.0
2004-04-08,32.74437713623047
2004-04-09,0.6969263553619385
2004-04-10,1.027029275894165
2004-04-11,5.508385181427002
2004-04-12,0.0
2004-04-13,0.0
2004-04-14,0.0
2004-04-15,11.60598373413086
2004-04-16,0.0
2004-04-17,0.01907040737569332
2004-04-18,0.33190828561782837
2004-04-19,0.6489472389221191
2004-04-20,0.19846957921981812
2004-04-21,0.0
2004-04-22,0.397549569606781
2004-04-23,0.0
2004-04-24,25.443174362182617
2004-04-25,0.0
2004-04-26,0.0
2004-04-27,0.0
2004-04-28,0.0
2004-04-29,0.0
2004-04-30,0.0
2004-05-01,0.0
2004-05-02,0.0
2004-05-03,0.04355781897902489
2004-05-04,14.576958656311035
2004-05-05,0.8478915095329285
2004-05-06,1.2553253173828125
2004-05-07,0.0
2004-05-08,0.07290024310350418
2004-05-09,0.0
2004-05-10,0.0
2004-05-11,0.0
2004-05-12,3.117645263671875
2004-05-13,10.842013359069824
2004-05-14,0.0
2004-05-15,0.0
2004-05-16,0.0
2004-05-17,0.0
2004-05-18,0.0
2004-05-19,0.0
2004-05-20,0.0
2004-05-21,0.0
2004-05-22,0.0
2004-05-23,0.0
2004-05-24,17.399219512939453
2004-05-25,1.905754566192627
2004-05-26,0.0
2004-05-27,0.0
2004-05-28,0.0
2004-05-29,0.0
2004-05-30,0.0
2004-05-31,0.0
2004-06-01,0.10193132609128952
2004-06-02,0.10193132609128952
2004-06-03,0.10193132609128952
2004-06-04,0.10193132609128952
2004-06-05,0.10193132609128952
2004-06-06,0.0
2004-06-07,0.0
2004-06-08,18.9888916015625
2004-06-09,7.880798816680908
2004-06-10,2.8338699340820312
2004-06-11,27.87226104736328
2004-06-12,0.0849154144525528
2004-06-13,0.0
2004-06-14,0.08728121221065521
2004-06-15,0.0
2004-06-16,0.2861780822277069
2004-06-17,0.2861780822277069
2004-06-18,0.2861780822277069
2004-06-19,0.2861780822277069
2004-06-20,0.2861780822277069
2004-06-21,0.466775119304657
2004-06-22,0.0
2004-06-23,3.568100690841675
2004-06-24,12.234146118164062
2004-06-25,0.0
2004-06-26,25.3926944732666
2004-06-27,1.7793350219726562
2004-06-28,0.018168257549405098
2004-06-29,0.0
2004-06-30,0.0
2004-07-01,0.0
2004-07-02,0.0
2004-07-03,4.45233154296875
2004-07-04,1.3698610067367554
2004-07-05,0.0
2004-07-06,0.0
2004-07-07,0.0
2004-07-08,9.043486595153809
2004-07-09,0.0
2004-07-10,3.0949273109436035
2004-07-11,0.0
2004-07-12,0.0
2004-07-13,0.0
2004-07-14,0.0
2004-07-15,0.0
2004-07-16,0.0
2004-07-17,0.0
2004-07-18,0.7770178318023682
2004-07-19,0.0014902561670169234
2004-07-20,0.0
2004-07-21,0.22507761418819427
2004-07-22,0.0844041034579277
2004-07-23,0.0844041034579277
2004-07-24,0.0844041034579277
2004-07-25,0.0844041034579277
2004-07-26,0.0
2004-07-27,0.0
2004-07-28,0.0
2004-07-29,8.321554183959961
2004-07-30,0.998672366142273
2004-07-31,0.022103305906057358
2004-08-01,0.0
2004-08-02,0.0
2004-08-03,0.0
2004-08-04,0.0
2004-08-05,0.0
2004-08-06,0.0
2004-08-07,0.0
2004-08-08,0.0
2004-08-09,0.0
2004-08-10,0.0
2004-08-11,0.3340805172920227
2004-08-12,0.00018206021923106164
2004-08-13,0.0
2004-08-14,0.0
2004-08-15,0.0
2004-08-16,1.1563355922698975
2004-08-17,0.29178765416145325
2004-08-18,0.26420116424560547
2004-08-19,0.0
2004-08-20,0.0
2004-08-21,1.4092991352081299
2004-08-22,0.0
2004-08-23,0.0
2004-08-24,0.0
2004-08-25,3.980691432952881
2004-08-26,7.8470940589904785
2004-08-27,1.9290471076965332
2004-08-28,0.0
2004-08-29,0.0
2004-08-30,0.0
2004-08-31,0.0
2004-09-01,0.016987234354019165
2004-09-02,0.016987234354019165
2004-09-03,0.016987234354019165
2004-09-04,0.016987234354019165
2004-09-05,0.016987234354019165
2004-09-06,0.0
2004-09-07,0.0
2004-09-08,0.0
2004-09-09,0.0
2004-09-10,0.0
2004-09-11,0.2311534434556961
2004-09-12,0.08668253570795059
2004-09-13,0.08668253570795059
2004-09-14,0.08668253570795059
2004-09-15,0.08668253570795059
2004-09-16,0.20619793236255646
2004-09-17,0.0
2004-09-18,0.0
2004-09-19,0.27289196848869324
2004-09-20,0.7623009085655212
2004-09-21,0.0
2004-09-22,0.0
2004-09-23,0.0
2004-09-24,0.0
2004-09-25,0.0
2004-09-26,0.0
2004-09-27,0.009095033630728722
2004-09-28,0.3809177279472351
2004-09-29,5.254002571105957
2004-09-30,0.0013624653220176697
2004-10-01,0.0
2004-10-02,0.0
2004-10-03,0.0
2004-10-04,0.0
2004-10-05,0.0
2004-10-06,0.0
2004-10-07,0.0
2004-10-08,0.0
2004-10-09,3.438664436340332
2004-10-10,0.0
2004-10-11,0.9118584990501404
2004-10-12,39.9046745300293
2004-10-13,22.88970184326172
2004-10-14,0.37121474742889404
2004-10-15,0.0
2004-10-16,0.0014964791480451822
2004-10-17,45.997066497802734
2004-10-18,0.28828391432762146
2004-10-19,9.678486824035645
2004-10-20,0.0
2004-10-21,0.0
2004-10-22,0.0
2004-10-23,0.0
2004-10-24,94.84138488769531
2004-10-25,17.310611724853516
2004-10-26,0.0
2004-10-27,0.1607285439968109
2004-10-28,0.5039848685264587
2004-10-29,0.0
2004-10-30,0.0
2004-10-31,7.807698726654053
2004-11-01,0.0
2004-11-02,0.0
2004-11-03,0.0
2004-11-04,0.0
2004-11-05,0.0
2004-11-06,0.0
2004-11-07,0.0
2004-11-08,0.0
2004-11-09,0.0
2004-11-10,0.0
2004-11-11,25.327749252319336
2004-11-12,0.0
2004-11-13,0.0
2004-11-14,0.01446738000959158
2004-11-15,1.9100216627120972
2004-11-16,5.876768112182617
2004-11-17,37.77164840698242
2004-11-18,2.527440071105957
2004-11-19,0.0
2004-11-20,0.0
2004-11-21,0.0
2004-11-22,0.36524632573127747
2004-11-23,0.0020930764731019735
2004-11-24,0.014651536010205746
2004-11-25,0.017786718904972076
2004-11-26,0.0
2004-11-27,19.063796997070312
2004-11-28,2.653310775756836
2004-11-29,0.24719083309173584
2004-11-30,0.4030933380126953
2004-12-01,0.0
2004-12-02,0.0
2004-12-03,0.0
2004-12-04,0.0
2004-12-05,0.48975762724876404
2004-12-06,0.0
2004-12-07,1.3401862382888794
2004-12-08,74.11072540283203
2004-12-09,4.184422969818115
2004-12-10,0.12504743039608002
2004-12-11,0.0
2004-12-12,0.7355727553367615
2004-12-13,13.646162986755371
2004-12-14,0.6990730166435242
2004-12-15,7.421586036682129
2004-12-16,17.323591232299805
2004-12-17,5.321281433105469
2004-12-18,0.0
2004-12-19,0.0
2004-12-20,3.4376559257507324
2004-12-21,2.704779863357544
2004-12-22,0.018025895580649376
2004-12-23,0.0
2004-12-24,0.08611854165792465
2004-12-25,30.715139389038086
2004-12-26,1.1265478134155273
2004-12-27,0.0
2004-12-28,0.0
2004-12-29,1.216602087020874
2004-12-30,71.99578094482422
2004-12-31,0.31032559275627136
2005-01-01,0.032241225242614746
2005-01-02,29.611244201660156
2005-01-03,8.368279457092285
2005-01-04,0.1967422366142273
2005-01-05,0.0
2005-01-06,0.0
2005-01-07,0.0
2005-01-08,0.0
2005-01-09,0.03714410960674286
2005-01-10,22.94680404663086
2005-01-11,1.7402797937393188
2005-01-12,0.0
2005-01-13,8.811849594116211
2005-01-14,0.35645216703414917
2005-01-15,0.820363461971283
2005-01-16,8.230900764465332
2005-01-17,0.0957087054848671
2005-01-18,0.031049378216266632
2005-01-19,0.0
2005-01-20,0.0
2005-01-21,0.0
2005-01-22,0.0
2005-01-23,0.6365310549736023
2005-01-24,0.26585280895233154
2005-01-25,19.245668411254883
2005-01-26,14.6674222946167
2005-01-27,0.04742828384041786
2005-01-28,0.3409186601638794
2005-01-29,0.5166535973548889
2005-01-30,2.7752737998962402
2005-01-31,26.472034454345703
2005-02-01,0.052893154323101044
2005-02-02,0.0
2005-02-03,0.0
2005-02-04,0.0
2005-02-05,0.0
2005-02-06,0.01592264138162136
2005-02-07,0.004674396477639675
2005-02-08,1.7286518812179565
2005-02-09,13.118427276611328
2005-02-10,11.31268310546875
2005-02-11,36.396217346191406
2005-02-12,0.0
2005-02-13,4.291161060333252
2005-02-14,8.692639350891113
2005-02-15,4.3649773597717285
2005-02-16,0.0
2005-02-17,0.0
2005-02-18,0.0
2005-02-19,0.0
2005-02-20,0.0
2005-02-21,0.0
2005-02-22,5.076999664306641
2005-02-23,0.5182409882545471
2005-02-24,5.023291110992432
2005-02-25,0.0
2005-02-26,15.881217956542969
2005-02-27,0.03683658689260483
2005-02-28,0.0
2005-03-01,17.29330062866211
2005-03-02,0.19929435849189758
2005-03-03,0.0
2005-03-04,0.0
2005-03-05,0.0
2005-03-06,0.0
2005-03-07,0.0
2005-03-08,0.0
2005-03-09,19.068960189819336
2005-03-10,0.0
2005-03-11,0.7867912650108337
2005-03-12,0.784613847732544
2005-03-13,56.174407958984375
2005-03-14,1.4015201330184937
2005-03-15,0.0
2005-03-16,0.022264642640948296
2005-03-17,0.022264642640948296
2005-03-18,0.022264642640948296
2005-03-19,0.35623428225517273
2005-03-20,0.022264642640948296
2005-03-21,0.0
2005-03-22,25.30851173400879
2005-03-23,0.0
2005-03-24,0.0
2005-03-25,0.0
2005-03-26,0.0
2005-03-27,0.24116559326648712
2005-03-28,2.98360276222229
2005-03-29,0.0
2005-03-30,8.013547897338867
2005-03-31,0.0
2005-04-01,0.0
2005-04-02,22.662099838256836
2005-04-03,0.0
2005-04-04,0.0
2005-04-05,0.0
2005-04-06,0.33816248178482056
2005-04-07,0.0
2005-04-08,0.052084799855947495
2005-04-09,0.0
2005-04-10,0.0
2005-04-11,0.0
2005-04-12,0.0
2005-04-13,0.0
2005-04-14,0.0
2005-04-15,0.0
2005-04-16,0.0
2005-04-17,0.0
2005-04-18,0.0
2005-04-19,0.0
2005-04-20,0.0
2005-04-21,0.0
2005-04-22,0.0
2005-04-23,0.7472110986709595
2005-04-24,0.0
2005-04-25,37.76874923706055
2005-04-26,3.398512601852417
2005-04-27,2.482109546661377
2005-04-28,0.0
2005-04-29,0.0
2005-04-30,0.0
2005-05-01,0.0
2005-05-02,0.0
2005-05-03,0.0
2005-05-04,0.0
2005-05-05,0.0
2005-05-06,2.8519699573516846
2005-05-07,27.397823333740234
2005-05-08,1.5049434900283813
2005-05-09,0.0
2005-05-10,0.0
2005-05-11,0.7809252142906189
2005-05-12,0.7809252142906189
2005-05-13,0.7809252142906189
2005-05-14,3.2058322429656982
2005-05-15,2.2606444358825684
2005-05-16,7.516483783721924
2005-05-17,0.32240748405456543
2005-05-18,0.0
2005-05-19,0.0
2005-05-20,0.0
2005-05-21,21.803163528442383
2005-05-22,0.14652903378009796
2005-05-23,0.0
2005-05-24,0.0
2005-05-25,2.829993724822998
2005-05-26,0.3217843770980835
2005-05-27,0.0
2005-05-28,0.0
2005-05-29,0.0
2005-05-30,30.707538604736328
2005-05-31,0.38487598299980164
2005-06-01,0.2596341073513031
2005-06-02,0.2596341073513031
2005-06-03,0.2596341073513031
2005-06-04,0.2596341073513031
2005-06-05,0.2596341073513031
2005-06-06,0.5118045210838318
2005-06-07,0.5118045210838318
2005-06-08,0.5118045210838318
2005-06-09,0.5118045210838318
2005-06-10,0.5118045210838318
2005-06-11,0.0
2005-06-12,0.0
2005-06-13,0.0
2005-06-14,38.58161544799805
2005-06-15,0.0
2005-06-16,0.0
2005-06-17,9.813613891601562
2005-06-18,0.0
2005-06-19,0.0
2005-06-20,1.0300188064575195
2005-06-21,0.4779842793941498
2005-06-22,1.2746247053146362
2005-06-23,0.4779842793941498
2005-06-24,0.4779842793941498
2005-06-25,0.4779842793941498
2005-06-26,1.4190661907196045
2005-06-27,20.255964279174805
2005-06-28,0.0
2005-06-29,0.0
2005-06-30,0.0
2005-07-01,0.0
2005-07-02,0.0
2005-07-03,0.0
2005-07-04,0.0
2005-07-05,0.0
2005-07-06,0.010158243589103222
2005-07-07,0.010158243589103222
2005-07-08,0.027088647708296776
2005-07-09,0.010158243589103222
2005-07-10,0.010158243589103222
2005-07-11,0.0
2005-07-12,0.0
2005-07-13,0.0
2005-07-14,0.0
2005-07-15,0.0
2005-07-16,0.07280071079730988
2005-07-17,0.36770322918891907
2005-07-18,0.5452646613121033
2005-07-19,0.011612268164753914
2005-07-20,0.0
2005-07-21,0.16422304511070251
2005-07-22,0.16422304511070251
2005-07-23,0.16422304511070251
2005-07-24,0.16422304511070251
2005-07-25,0.16422304511070251
2005-07-26,3.2180356979370117
2005-07-27,0.0
2005-07-28,0.08590240031480789
2005-07-29,0.0
2005-07-30,0.0
2005-07-31,0.0
2005-08-01,0.0
2005-08-02,0.0
2005-08-03,0.0
2005-08-04,0.0
2005-08-05,0.0
2005-08-06,0.0003505597123876214
2005-08-07,0.7992673516273499
2005-08-08,0.3849233090877533
2005-08-09,0.17422816157341003
2005-08-10,0.0
2005-08-11,0.0
2005-08-12,0.0
2005-08-13,0.0
2005-08-14,0.0
2005-08-15,0.0
2005-08-16,0.0
2005-08-17,0.0
2005-08-18,0.0
2005-08-19,0.0
2005-08-20,0.0
2005-08-21,0.0
2005-08-22,0.0
2005-08-23,0.0
2005-08-24,2.0563762187957764
2005-08-25,5.262380123138428
2005-08-26,0.0
2005-08-27,0.0
2005-08-28,0.0
2005-08-29,0.0
2005-08-30,9.071975708007812
2005-08-31,51.81772232055664
2005-09-01,11.043874740600586
2005-09-02,0.0
2005-09-03,0.0
2005-09-04,0.0
2005-09-05,0.0
2005-09-06,0.0
2005-09-07,0.0
2005-09-08,0.0
2005-09-09,0.0
2005-09-10,0.0
2005-09-11,12.608954429626465
2005-09-12,1.8185282945632935
2005-09-13,1.9097390174865723
2005-09-14,0.14712339639663696
2005-09-15,0.09685452282428741
2005-09-16,0.0
2005-09-17,0.0
2005-09-18,0.0
2005-09-19,0.0
2005-09-20,0.0
2005-09-21,0.0
2005-09-22,0.0
2005-09-23,0.016399703919887543
2005-09-24,5.376835346221924
2005-09-25,29.434715270996094
2005-09-26,9.386157035827637
2005-09-27,0.001794439391233027
2005-09-28,0.0
2005-09-29,0.0
2005-09-30,16.365848541259766
2005-10-01,1.7431399822235107
2005-10-02,0.6445700526237488
2005-10-03,0.0
2005-10-04,0.0
2005-10-05,30.661788940429688
2005-10-06,6.5347113609313965
2005-10-07,0.0
2005-10-08,1.597007155418396
2005-10-09,2.1612741947174072
2005-10-10,0.0
2005-10-11,0.0
2005-10-12,0.0
2005-10-13,0.0
2005-10-14,0.10092510282993317
2005-10-15,3.995814323425293
2005-10-16,0.0
2005-10-17,74.72648620605469
2005-10-18,1.9669618606567383
2005-10-19,0.82134610414505
2005-10-20,0.0021860399283468723
2005-10-21,0.0
2005-10-22,0.0
2005-10-23,0.04876447841525078
2005-10-24,5.428046703338623
2005-10-25,7.880143642425537
2005-10-26,11.539885520935059
2005-10-27,0.2759878635406494
2005-10-28,0.5740769505500793
2005-10-29,66.59764862060547
2005-10-30,1.698681116104126
2005-10-31,0.002737633651122451
2005-11-01,0.01984914019703865
2005-11-02,0.0
2005-11-03,0.0
2005-11-04,0.0
2005-11-05,10.0670166015625
2005-11-06,3.8692150115966797
2005-11-07,0.46170172095298767
2005-11-08,5.885953426361084
2005-11-09,0.0
2005-11-10,19.745485305786133
2005-11-11,80.63253021240234
2005-11-12,0.03430749103426933
2005-11-13,0.0
2005-11-14,0.0
2005-11-15,0.0
2005-11-16,2.4663009643554688
2005-11-17,7.819222450256348
2005-11-18,0.8266600370407104
2005-11-19,46.161582946777344
2005-11-20,3.2695534229278564
2005-11-21,0.0
2005-11-22,0.0
2005-11-23,0.1129927784204483
2005-11-24,46.50929641723633
2005-11-25,13.837013244628906
2005-11-26,0.0
2005-11-27,0.0
2005-11-28,0.0
2005-11-29,0.0
2005-11-30,0.0
2005-12-01,14.950834274291992
2005-12-02,2.431079864501953
2005-12-03,0.0
2005-12-04,0.0
2005-12-05,0.039859361946582794
2005-12-06,26.691179275512695
2005-12-07,1.5297467708587646
2005-12-08,0.0
2005-12-09,0.0
2005-12-10,4.287710189819336
2005-12-11,1.1805092096328735
2005-12-12,0.0
2005-12-13,0.0
2005-12-14,1.9831147193908691
2005-12-15,5.812223434448242
2005-12-16,0.0
2005-12-17,0.6412420868873596
2005-12-18,17.97003936767578
2005-12-19,3.3810946941375732
2005-12-20,38.88834762573242
2005-12-21,0.14245161414146423
2005-12-22,0.0
2005-12-23,0.0
2005-12-24,0.13937592506408691
2005-12-25,58.75741195678711
2005-12-26,2.5941359996795654
2005-12-27,9.491291999816895
2005-12-28,0.31259605288505554
2005-12-29,3.423710584640503
2005-12-30,0.0
2005-12-31,0.0
2006-01-01,37.782684326171875
2006-01-02,8.89610481262207
2006-01-03,1.1301448345184326
2006-01-04,5.6433844566345215
2006-01-05,0.0
2006-01-06,0.0
2006-01-07,0.0
2006-01-08,6.656294822692871
2006-01-09,4.144814968109131
2006-01-10,0.8345558047294617
2006-01-11,10.956042289733887
2006-01-12,25.976224899291992
2006-01-13,10.299025535583496
2006-01-14,2.8337910175323486
2006-01-15,0.0
2006-01-16,0.0
2006-01-17,3.1843128204345703
2006-01-18,0.0
2006-01-19,5.356444835662842
2006-01-20,4.231695652008057
2006-01-21,0.0
2006-01-22,35.90066146850586
2006-01-23,0.06335142999887466
2006-01-24,2.5548593997955322
2006-01-25,1.772274374961853
2006-01-26,0.049961261451244354
2006-01-27,0.22837655246257782
2006-01-28,0.0
2006-01-29,0.04552729055285454
2006-01-30,0.0
2006-01-31,17.22344970703125
2006-02-01,0.0
2006-02-02,0.0
2006-02-03,0.0
2006-02-04,0.03311789780855179
2006-02-05,0.026308607310056686
2006-02-06,1.3357429504394531
2006-02-07,3.852177619934082
2006-02-08,3.5043303966522217
2006-02-09,18.084177017211914
2006-02-10,5.498531341552734
2006-02-11,0.0
2006-02-12,0.0
2006-02-13,21.775436401367188
2006-02-14,3.0910825729370117
2006-02-15,0.0
2006-02-16,0.0
2006-02-17,4.686206817626953
2006-02-18,0.0
2006-02-19,5.655438423156738
2006-02-20,3.126699686050415
2006-02-21,0.010493000969290733
2006-02-22,0.0
2006-02-23,0.0
2006-02-24,70.77814483642578
2006-02-25,0.03428436070680618
2006-02-26,0.0
2006-02-27,0.0
2006-02-28,0.4742792248725891
2006-03-01,0.0
2006-03-02,0.0
2006-03-03,0.04932165518403053
2006-03-04,6.518475532531738
2006-03-05,1.2250241041183472
2006-03-06,0.0
2006-03-07,0.3128795325756073
2006-03-08,0.0
2006-03-09,0.0
2006-03-10,12.554539680480957
2006-03-11,0.11254866421222687
2006-03-12,9.805727005004883
2006-03-13,17.91927719116211
2006-03-14,0.21392403542995453
2006-03-15,0.0
2006-03-16,0.0
2006-03-17,0.0
2006-03-18,26.19161605834961
2006-03-19,0.013386056758463383
2006-03-20,2.0342190265655518
2006-03-21,17.997425079345703
2006-03-22,0.2513976991176605
2006-03-23,0.0
2006-03-24,0.1483176201581955
2006-03-25,12.773839950561523
2006-03-26,0.0
2006-03-27,0.18119670450687408
2006-03-28,0.0
2006-03-29,65.78889465332031
2006-03-30,0.08939037472009659
2006-03-31,0.11838184297084808
2006-04-01,3.286386013031006
2006-04-02,37.48876953125
2006-04-03,0.32350316643714905
2006-04-04,26.80702018737793
2006-04-05,11.795761108398438
2006-04-06,35.530487060546875
2006-04-07,0.0
2006-04-08,0.0
2006-04-09,2.107015609741211
2006-04-10,0.0
2006-04-11,0.0
2006-04-12,0.0
2006-04-13,0.0
2006-04-14,0.3321353495121002
2006-04-15,23.066408157348633
2006-04-16,0.08196348696947098
2006-04-17,0.2800946533679962
2006-04-18,0.10321187227964401
2006-04-19,0.034295085817575455
2006-04-20,0.026292899623513222
2006-04-21,0.0
2006-04-22,0.0
2006-04-23,0.0
2006-04-24,0.0
2006-04-25,0.0
2006-04-26,0.0
2006-04-27,0.0
2006-04-28,0.0
2006-04-29,0.0
2006-04-30,0.0
2006-05-01,0.0
2006-05-02,0.0
2006-05-03,0.08843760192394257
2006-05-04,3.0879967212677
2006-05-05,0.0
2006-05-06,0.0
2006-05-07,0.0
2006-05-08,0.0
2006-05-09,0.0
2006-05-10,0.0
2006-05-11,0.0
2006-05-12,0.0
2006-05-13,0.0
2006-05-14,0.0
2006-05-15,0.0
2006-05-16,0.0
2006-05-17,0.0
2006-05-18,0.0
2006-05-19,0.0
2006-05-20,0.0
2006-05-21,0.0
2006-05-22,0.0
2006-05-23,6.371616840362549
2006-05-24,0.7556635141372681
2006-05-25,0.0
2006-05-26,0.0
2006-05-27,0.0
2006-05-28,0.0
2006-05-29,0.0
2006-05-30,0.0
2006-05-31,0.0
2006-06-01,0.0
2006-06-02,1.2968350648880005
2006-06-03,3.954240322113037
2006-06-04,23.771827697753906
2006-06-05,0.0
2006-06-06,0.02566165290772915
2006-06-07,0.0
2006-06-08,0.0
2006-06-09,0.0
2006-06-10,55.968994140625
2006-06-11,1.6781171560287476
2006-06-12,2.9637715816497803
2006-06-13,0.6631268858909607
2006-06-14,0.6631268858909607
2006-06-15,0.6631268858909607
2006-06-16,0.40360888838768005
2006-06-17,0.40360888838768005
2006-06-18,0.40360888838768005
2006-06-19,0.40360888838768005
2006-06-20,0.40360888838768005
2006-06-21,0.34312981367111206
2006-06-22,5.490077018737793
2006-06-23,0.34312981367111206
2006-06-24,0.34312981367111206
2006-06-25,0.34312981367111206
2006-06-26,1.4261549711227417
2006-06-27,0.12965045869350433
2006-06-28,0.12965045869350433
2006-06-29,0.7779027223587036
2006-06-30,0.12965045869350433
2006-07-01,0.0
2006-07-02,0.0
2006-07-03,0.0
2006-07-04,0.0
2006-07-05,0.0
2006-07-06,0.011813300661742687
2006-07-07,0.011813300661742687
2006-07-08,0.011813300661742687
2006-07-09,0.011813300661742687
2006-07-10,0.011813300661742687
2006-07-11,0.0
2006-07-12,0.0
2006-07-13,0.0
2006-07-14,15.139333724975586
2006-07-15,0.0
2006-07-16,0.0756077989935875
2006-07-17,0.0756077989935875
2006-07-18,0.0756077989935875
2006-07-19,0.0756077989935875
2006-07-20,0.0756077989935875
2006-07-21,0.19244500994682312
2006-07-22,0.19244500994682312
2006-07-23,0.19244500994682312
2006-07-24,0.19244500994682312
2006-07-25,0.19244500994682312
2006-07-26,0.0
2006-07-27,0.0
2006-07-28,10.134231567382812
2006-07-29,1.3566999435424805
2006-07-30,0.0
2006-07-31,0.0
2006-08-01,0.23565709590911865
2006-08-02,0.23565709590911865
2006-08-03,0.23565709590911865
2006-08-04,0.23565709590911865
2006-08-05,0.23565709590911865
2006-08-06,1.3497611284255981
2006-08-07,1.3497611284255981
2006-08-08,1.3497611284255981
2006-08-09,1.3497611284255981
2006-08-10,3.599363088607788
2006-08-11,0.36754003167152405
2006-08-12,0.36754003167152405
2006-08-13,0.36754003167152405
2006-08-14,0.36754003167152405
2006-08-15,5.880640506744385
2006-08-16,1.8976256847381592
2006-08-17,14.391955375671387
2006-08-18,0.0
2006-08-19,0.09531974047422409
2006-08-20,0.7628764510154724
2006-08-21,0.0
2006-08-22,0.0
2006-08-23,0.0
2006-08-24,0.0
2006-08-25,0.0
2006-08-26,0.0
2006-08-27,3.0592575073242188
2006-08-28,10.534171104431152
2006-08-29,0.0
2006-08-30,0.0
2006-08-31,0.0
2006-09-01,0.0
2006-09-02,4.846446990966797
2006-09-03,0.0
2006-09-04,0.0
2006-09-05,0.0
2006-09-06,0.0
2006-09-07,0.0
2006-09-08,0.06340089440345764
2006-09-09,4.037656784057617
2006-09-10,0.6831398606300354
2006-09-11,0.015813183039426804
2006-09-12,0.0
2006-09-13,0.0
2006-09-14,0.0
2006-09-15,9.798903465270996
2006-09-16,4.805784702301025
2006-09-17,0.0
2006-09-18,0.0
2006-09-19,0.0
2006-09-20,22.853992462158203
2006-09-21,3.224308729171753
2006-09-22,0.0
2006-09-23,0.08492913097143173
2006-09-24,1.729264259338379
2006-09-25,0.0014109498588368297
2006-09-26,0.0
2006-09-27,0.0
2006-09-28,48.24227523803711
2006-09-29,0.07244563102722168
2006-09-30,0.0
2006-10-01,0.0
2006-10-02,0.0
2006-10-03,0.0
2006-10-04,2.63995361328125
2006-10-05,15.69931411743164
2006-10-06,6.198462963104248
2006-10-07,0.0
2006-10-08,0.8211879134178162
2006-10-09,0.0
2006-10-10,0.0
2006-10-11,0.13505125045776367
2006-10-12,6.916333198547363
2006-10-13,0.0
2006-10-14,0.0
2006-10-15,19.890380859375
2006-10-16,1.2641630172729492
2006-10-17,0.0
2006-10-18,1.4984415769577026
2006-10-19,0.0
2006-10-20,13.694363594055176
2006-10-21,0.8837702870368958
2006-10-22,0.7174601554870605
2006-10-23,19.954891204833984
2006-10-24,0.9687253832817078
2006-10-25,4.549860954284668
2006-10-26,0.0
2006-10-27,0.39450323581695557
2006-10-28,1.641935110092163
2006-10-29,0.0
2006-10-30,10.829697608947754
2006-10-31,0.0
2006-11-01,29.937259674072266
2006-11-02,0.028975550085306168
2006-11-03,0.0
2006-11-04,0.0
2006-11-05,0.0
2006-11-06,5.054337978363037
2006-11-07,2.468651056289673
2006-11-08,0.0349915511906147
2006-11-09,0.0
2006-11-10,0.16120223701000214
2006-11-11,0.0
2006-11-12,0.0
2006-11-13,0.0
2006-11-14,0.0
2006-11-15,0.0
2006-11-16,0.0
2006-11-17,0.0
2006-11-18,0.0
2006-11-19,0.0
2006-11-20,0.0
2006-11-21,0.0
2006-11-22,0.0
2006-11-23,0.0
2006-11-24,0.0
2006-11-25,0.0
2006-11-26,0.0
2006-11-27,0.5770639181137085
2006-11-28,28.734949111938477
2006-11-29,4.157698631286621
2006-11-30,0.0
2006-12-01,0.031506165862083435
2006-12-02,0.1588105410337448
2006-12-03,1.9422193765640259
2006-12-04,11.40558910369873
2006-12-05,0.02385554276406765
2006-12-06,1.0019996166229248
2006-12-07,0.0
2006-12-08,24.034284591674805
2006-12-09,2.2029201984405518
2006-12-10,36.705078125
2006-12-11,6.332312107086182
2006-12-12,5.300687313079834
2006-12-13,0.21664749085903168
2006-12-14,0.025282302871346474
2006-12-15,0.7646749019622803
2006-12-16,14.509316444396973
2006-12-17,0.0
2006-12-18,7.137201309204102
2006-12-19,14.015385627746582
2006-12-20,0.0
2006-12-21,52.315425872802734
2006-12-22,0.0
2006-12-23,0.5482383966445923
2006-12-24,0.0
2006-12-25,0.0
2006-12-26,20.97126007080078
2006-12-27,0.09908781200647354
2006-12-28,0.0
2006-12-29,18.040300369262695
2006-12-30,13.048726081848145
2006-12-31,0.0
2007-01-01,0.0
2007-01-02,6.445906639099121
2007-01-03,20.264739990234375
2007-01-04,31.7709903717041
2007-01-05,1.3014062643051147
2007-01-06,2.756826162338257
2007-01-07,26.437789916992188
2007-01-08,28.343061447143555
2007-01-09,0.546647310256958
2007-01-10,0.7293938994407654
2007-01-11,0.0
2007-01-12,1.2981476783752441
2007-01-13,4.390344619750977
2007-01-14,21.944780349731445
2007-01-15,1.0980737209320068
2007-01-16,6.436811447143555
2007-01-17,9.770771980285645
2007-01-18,0.0
2007-01-19,0.0
2007-01-20,35.13913345336914
2007-01-21,5.726291179656982
2007-01-22,0.0
2007-01-23,0.0
2007-01-24,1.4046186208724976
2007-01-25,29.055057525634766
2007-01-26,0.0
2007-01-27,0.6272196769714355
2007-01-28,8.377870559692383
2007-01-29,0.3120224177837372
2007-01-30,3.74995756149292
2007-01-31,65.51312255859375
2007-02-01,0.19367866218090057
2007-02-02,1.078808069229126
2007-02-03,0.0
2007-02-04,0.20886139571666718
2007-02-05,46.070068359375
2007-02-06,0.0
2007-02-07,5.14414644241333
2007-02-08,0.44414418935775757
2007-02-09,2.442838191986084
2007-02-10,47.01702117919922
2007-02-11,12.55558967590332
2007-02-12,1.0394951105117798
2007-02-13,36.62971496582031
2007-02-14,4.7395100593566895
2007-02-15,18.97364044189453
2007-02-16,44.30239486694336
2007-02-17,9.660628318786621
2007-02-18,16.26500701904297
2007-02-19,0.0
2007-02-20,0.11069899797439575
2007-02-21,0.0
2007-02-22,0.0
2007-02-23,5.125027179718018
2007-02-24,0.18595507740974426
2007-02-25,0.0
2007-02-26,2.2655792236328125
2007-02-27,2.2655792236328125
2007-02-28,2.2655792236328125
2007-03-01,10.398944854736328
2007-03-02,13.367232322692871
2007-03-03,2.269667625427246
2007-03-04,2.1479597091674805
2007-03-05,0.9739254117012024
2007-03-06,0.6355684399604797
2007-03-07,0.794877290725708
2007-03-08,1.0299015045166016
2007-03-09,0.0
2007-03-10,22.080873489379883
2007-03-11,36.5557746887207
2007-03-12,0.17128966748714447
2007-03-13,0.0
2007-03-14,1.4758201837539673
2007-03-15,17.455707550048828
2007-03-16,6.996350288391113
2007-03-17,0.24343642592430115
2007-03-18,2.894897937774658
2007-03-19,0.06402025371789932
2007-03-20,0.0
2007-03-21,0.0
2007-03-22,0.0
2007-03-23,0.0
2007-03-24,0.0
2007-03-25,0.0
2007-03-26,0.0
2007-03-27,0.0
2007-03-28,9.384532928466797
2007-03-29,1.1297937631607056
2007-03-30,0.0
2007-03-31,0.5754430890083313
2007-04-01,0.00335815385915339
2007-04-02,0.0
2007-04-03,0.0
2007-04-04,38.1961669921875
2007-04-05,1.440119981765747
2007-04-06,1.3356332778930664
2007-04-07,3.5616888999938965
2007-04-08,1.3356332778930664
2007-04-09,1.3356332778930664
2007-04-10,1.3356332778930664
2007-04-11,0.0
2007-04-12,18.044795989990234
2007-04-13,7.067893028259277
2007-04-14,0.003780324012041092
2007-04-15,0.0
2007-04-16,0.0
2007-04-17,0.0
2007-04-18,0.0
2007-04-19,0.0
2007-04-20,0.0
2007-04-21,0.7405949831008911
2007-04-22,0.7405949831008911
2007-04-23,0.7405949831008911
2007-04-24,0.7405949831008911
2007-04-25,11.849519729614258
2007-04-26,5.615546703338623
2007-04-27,2.881249189376831
2007-04-28,2.708463430404663
2007-04-29,1.204592227935791
2007-04-30,0.1144593134522438
2007-05-01,0.0
2007-05-02,0.0
2007-05-03,0.0
2007-05-04,0.0
2007-05-05,0.0
2007-05-06,2.099555730819702
2007-05-07,14.883950233459473
2007-05-08,25.469728469848633
2007-05-09,7.466618061065674
2007-05-10,0.3682329058647156
2007-05-11,0.0
2007-05-12,0.0
2007-05-13,0.0
2007-05-14,0.0
2007-05-15,0.0
2007-05-16,0.26116085052490234
2007-05-17,22.959747314453125
2007-05-18,0.06514789164066315
2007-05-19,0.10267459601163864
2007-05-20,0.1940193921327591
2007-05-21,0.0
2007-05-22,5.796854496002197
2007-05-23,9.279889106750488
2007-05-24,0.0
2007-05-25,0.0
2007-05-26,0.0
2007-05-27,0.0
2007-05-28,0.0
2007-05-29,0.0
2007-05-30,0.0
2007-05-31,0.0
2007-06-01,0.09270327538251877
2007-06-02,0.0
2007-06-03,0.30321383476257324
2007-06-04,0.049700792878866196
2007-06-05,0.0
2007-06-06,0.39410802721977234
2007-06-07,0.39410802721977234
2007-06-08,0.39410802721977234
2007-06-09,0.39410802721977234
2007-06-10,0.39410802721977234
2007-06-11,0.19093729555606842
2007-06-12,0.19093729555606842
2007-06-13,0.19093729555606842
2007-06-14,0.19093729555606842
2007-06-15,1.145623803138733
2007-06-16,0.4051498472690582
2007-06-17,0.4051498472690582
2007-06-18,0.4051498472690582
2007-06-19,0.4051498472690582
2007-06-20,0.4051498472690582
2007-06-21,0.0
2007-06-22,0.0
2007-06-23,0.0
2007-06-24,6.452025413513184
2007-06-25,0.141285240650177
2007-06-26,9.444150924682617
2007-06-27,0.19332270324230194
2007-06-28,2.2524304389953613
2007-06-29,0.0
2007-06-30,0.015341810882091522
2007-07-01,0.0
2007-07-02,0.0
2007-07-03,0.0
2007-07-04,0.0
2007-07-05,0.0
2007-07-06,0.0
2007-07-07,0.0
2007-07-08,2.0122063159942627
2007-07-09,12.669593811035156
2007-07-10,7.034780979156494
2007-07-11,0.0
2007-07-12,0.0
2007-07-13,0.04060262441635132
2007-07-14,0.0
2007-07-15,0.7627655863761902
2007-07-16,0.1421326845884323
2007-07-17,0.05329975485801697
2007-07-18,0.05329975485801697
2007-07-19,0.05329975485801697
2007-07-20,0.05329975485801697
2007-07-21,0.0
2007-07-22,0.0
2007-07-23,32.90834426879883
2007-07-24,0.049227274954319
2007-07-25,1.0670801401138306
2007-07-26,0.12250672280788422
2007-07-27,0.12250672280788422
2007-07-28,0.12250672280788422
2007-07-29,0.12250672280788422
2007-07-30,0.49002689123153687
2007-07-31,0.4900268316268921
2007-08-01,0.200447678565979
2007-08-02,0.200447678565979
2007-08-03,1.202686071395874
2007-08-04,0.200447678565979
2007-08-05,0.200447678565979
2007-08-06,0.0
2007-08-07,0.0
2007-08-08,0.0
2007-08-09,0.5429500341415405
2007-08-10,5.827664375305176
2007-08-11,0.0
2007-08-12,0.0
2007-08-13,0.0
2007-08-14,0.0
2007-08-15,0.0
2007-08-16,0.0
2007-08-17,0.0
2007-08-18,0.0
2007-08-19,0.0
2007-08-20,0.0
2007-08-21,0.0
2007-08-22,0.0
2007-08-23,0.0
2007-08-24,0.0
2007-08-25,0.0
2007-08-26,0.0
2007-08-27,0.0
2007-08-28,0.0
2007-08-29,0.0
2007-08-30,0.0
2007-08-31,0.0
2007-09-01,0.00037963359500281513
2007-09-02,0.0
2007-09-03,0.0
2007-09-04,0.0
2007-09-05,0.1218659058213234
2007-09-06,0.0
2007-09-07,0.0
2007-09-08,0.0
2007-09-09,0.0
2007-09-10,4.791184902191162
2007-09-11,0.8537642359733582
2007-09-12,5.306316375732422
2007-09-13,0.0
2007-09-14,0.0
2007-09-15,6.276561260223389
2007-09-16,0.0
2007-09-17,0.0
2007-09-18,0.620650589466095
2007-09-19,2.930774450302124
2007-09-20,8.171672821044922
2007-09-21,0.0
2007-09-22,0.0
2007-09-23,0.01858667843043804
2007-09-24,9.777253150939941
2007-09-25,0.4268340766429901
2007-09-26,0.0
2007-09-27,0.0
2007-09-28,0.0
2007-09-29,0.0
2007-09-30,0.0
2007-10-01,0.0
2007-10-02,0.0
2007-10-03,0.0
2007-10-04,0.0
2007-10-05,0.0
2007-10-06,0.17493535578250885
2007-10-07,39.12284469604492
2007-10-08,0.0
2007-10-09,0.0
2007-10-10,0.0
2007-10-11,5.509124279022217
2007-10-12,0.0
2007-10-13,0.12313587963581085
2007-10-14,18.418882369995117
2007-10-15,0.04022721201181412
2007-10-16,0.14158895611763
2007-10-17,0.0
2007-10-18,2.312619924545288
2007-10-19,0.0
2007-10-20,0.0
2007-10-21,0.0
2007-10-22,0.015041985549032688
2007-10-23,18.65069580078125
2007-10-24,0.0
2007-10-25,0.0
2007-10-26,0.0
2007-10-27,0.0
2007-10-28,0.0
2007-10-29,0.0
2007-10-30,0.0
2007-10-31,8.266417503356934
2007-11-01,33.23534393310547
2007-11-02,0.6161974668502808
2007-11-03,0.4872013032436371
2007-11-04,19.90935516357422
2007-11-05,0.47060856223106384
2007-11-06,0.0
2007-11-07,0.0
2007-11-08,0.0
2007-11-09,0.0
2007-11-10,0.0
2007-11-11,44.010765075683594
2007-11-12,0.6660869121551514
2007-11-13,0.03105834871530533
2007-11-14,0.4773797392845154
2007-11-15,0.0
2007-11-16,0.0032828799448907375
2007-11-17,0.0
2007-11-18,0.11490079760551453
2007-11-19,0.13763584196567535
2007-11-20,26.887035369873047
2007-11-21,1.3312880992889404
2007-11-22,0.0
2007-11-23,0.17119155824184418
2007-11-24,58.716697692871094
2007-11-25,0.5063002109527588
2007-11-26,1.7336173057556152
2007-11-27,0.025087831541895866
2007-11-28,3.9616756439208984
2007-11-29,0.5348520874977112
2007-11-30,0.0
2007-12-01,17.25727081298828
2007-12-02,22.743980407714844
2007-12-03,5.655038356781006
2007-12-04,30.141164779663086
2007-12-05,26.9302921295166
2007-12-06,34.06282424926758
2007-12-07,0.0
2007-12-08,0.018720753490924835
2007-12-09,7.102501392364502
2007-12-10,0.01344076357781887
2007-12-11,17.028900146484375
2007-12-12,9.172857284545898
2007-12-13,0.18412183225154877
2007-12-14,0.0887763723731041
2007-12-15,0.737636923789978
2007-12-16,17.398935317993164
2007-12-17,1.2218550443649292
2007-12-18,0.3061423599720001
2007-12-19,0.0
2007-12-20,0.0
2007-12-21,0.0
2007-12-22,0.0
2007-12-23,0.0
2007-12-24,7.506580829620361
2007-12-25,0.0
2007-12-26,0.0
2007-12-27,0.0
2007-12-28,19.53654670715332
2007-12-29,0.2570956349372864
2007-12-30,0.11928160488605499
2007-12-31,20.52065658569336
2008-01-01,4.566652774810791
2008-01-02,2.543057680130005
2008-01-03,0.0
2008-01-04,7.2246174812316895
2008-01-05,19.416370391845703
2008-01-06,0.03983515873551369
2008-01-07,0.13823069632053375
2008-01-08,11.482959747314453
2008-01-09,10.370882987976074
2008-01-10,0.0
2008-01-11,3.821305513381958
2008-01-12,6.762988090515137
2008-01-13,0.0
2008-01-14,3.0227417945861816
2008-01-15,9.74477481842041
2008-01-16,0.008914030157029629
2008-01-17,0.7338739633560181
2008-01-18,0.0
2008-01-19,15.11068058013916
2008-01-20,89.95604705810547
2008-01-21,4.512021541595459
2008-01-22,80.72957611083984
2008-01-23,45.6725959777832
2008-01-24,10.342040061950684
2008-01-25,1.4863426685333252
2008-01-26,33.245845794677734
2008-01-27,15.569880485534668
2008-01-28,9.004356384277344
2008-01-29,5.327561855316162
2008-01-30,9.015521049499512
2008-01-31,1.9259934425354004
2008-02-01,22.833763122558594
2008-02-02,1.7457480430603027
2008-02-03,0.07836460322141647
2008-02-04,0.296055406332016
2008-02-05,0.0
2008-02-06,0.0
2008-02-07,0.0
2008-02-08,6.791782379150391
2008-02-09,10.904176712036133
2008-02-10,8.700665473937988
2008-02-11,12.156474113464355
2008-02-12,0.0
2008-02-13,0.012316589243710041
2008-02-14,0.0
2008-02-15,0.0
2008-02-16,1.5557752847671509
2008-02-17,0.0
2008-02-18,0.39963483810424805
2008-02-19,3.0212886333465576
2008-02-20,17.53080940246582
2008-02-21,0.0
2008-02-22,0.0
2008-02-23,12.20251750946045
2008-02-24,15.270027160644531
2008-02-25,0.5272506475448608
2008-02-26,14.204981803894043
2008-02-27,19.977283477783203
2008-02-28,28.75632667541504
2008-02-29,17.194156646728516
2008-03-01,0.0
2008-03-02,1.3093438148498535
2008-03-03,20.029220581054688
2008-03-04,0.6560999155044556
2008-03-05,12.111398696899414
2008-03-06,0.06907365471124649
2008-03-07,5.521993160247803
2008-03-08,20.855472564697266
2008-03-09,0.8339280486106873
2008-03-10,63.35254669189453
2008-03-11,29.990333557128906
2008-03-12,6.860894680023193
2008-03-13,9.001984596252441
2008-03-14,0.012216445989906788
2008-03-15,0.0
2008-03-16,0.17047762870788574
2008-03-17,0.17047762870788574
2008-03-18,0.17047762870788574
2008-03-19,0.17047762870788574
2008-03-20,0.17047762870788574
2008-03-21,2.7407619953155518
2008-03-22,0.0
2008-03-23,19.03841781616211
2008-03-24,0.16887179017066956
2008-03-25,0.0
2008-03-26,0.0
2008-03-27,0.0
2008-03-28,12.377382278442383
2008-03-29,15.229740142822266
2008-03-30,0.0
2008-03-31,0.0
2008-04-01,8.600971221923828
2008-04-02,16.696460723876953
2008-04-03,3.704083204269409
2008-04-04,0.11570423096418381
2008-04-05,0.0
2008-04-06,1.0214848518371582
2008-04-07,0.0
2008-04-08,0.0
2008-04-09,14.58772087097168
2008-04-10,0.0
2008-04-11,0.0
2008-04-12,0.0
2008-04-13,0.0
2008-04-14,28.366212844848633
2008-04-15,0.7706166505813599
2008-04-16,0.0
2008-04-17,0.0
2008-04-18,0.0
2008-04-19,0.0
2008-04-20,0.0
2008-04-21,0.0
2008-04-22,0.0
2008-04-23,0.0
2008-04-24,0.0
2008-04-25,0.0
2008-04-26,0.4190368950366974
2008-04-27,0.0
2008-04-28,0.0017403418896719813
2008-04-29,63.46705627441406
2008-04-30,9.11645221710205
2008-05-01,0.0
2008-05-02,0.0
2008-05-03,0.0
2008-05-04,0.0
2008-05-05,0.0
2008-05-06,0.0
2008-05-07,0.0
2008-05-08,0.0
2008-05-09,0.0
2008-05-10,0.0
2008-05-11,5.0492095947265625
2008-05-12,18.43743896484375
2008-05-13,0.2972852289676666
2008-05-14,0.0
2008-05-15,0.0
2008-05-16,0.0
2008-05-17,0.0
2008-05-18,0.0
2008-05-19,0.0
2008-05-20,0.0
2008-05-21,0.0
2008-05-22,0.0
2008-05-23,0.0
2008-05-24,7.435732841491699
2008-05-25,0.043705053627491
2008-05-26,0.0
2008-05-27,0.0
2008-05-28,0.0
2008-05-29,30.500629425048828
2008-05-30,0.4350229799747467
2008-05-31,0.6757913827896118
2008-06-01,0.07303749024868011
2008-06-02,0.07303749024868011
2008-06-03,0.07303749024868011
2008-06-04,0.07303749024868011
2008-06-05,0.07303749024868011
2008-06-06,1.2491505146026611
2008-06-07,0.20918560028076172
2008-06-08,0.20918560028076172
2008-06-09,0.933289647102356
2008-06-10,1.5829007625579834
2008-06-11,0.10448409616947174
2008-06-12,4.039194583892822
2008-06-13,2.7051279544830322
2008-06-14,0.003737515304237604
2008-06-15,0.4318728744983673
2008-06-16,5.392498016357422
2008-06-17,0.33703112602233887
2008-06-18,0.33703112602233887
2008-06-19,0.33703112602233887
2008-06-20,0.33703112602233887
2008-06-21,0.645121157169342
2008-06-22,0.645121157169342
2008-06-23,0.645121157169342
2008-06-24,0.645121157169342
2008-06-25,1.720323085784912
2008-06-26,0.1320456713438034
2008-06-27,0.29710280895233154
2008-06-28,0.1320456713438034
2008-06-29,0.1320456713438034
2008-06-30,0.6272169947624207
2008-07-01,0.0
2008-07-02,0.0
2008-07-03,0.0
2008-07-04,0.0
2008-07-05,0.0
2008-07-06,0.0
2008-07-07,0.21116022765636444
2008-07-08,4.51461935043335
2008-07-09,0.0
2008-07-10,0.0
2008-07-11,0.0
2008-07-12,0.0
2008-07-13,0.0
2008-07-14,0.0
2008-07-15,0.0
2008-07-16,0.06763212382793427
2008-07-17,0.06763212382793427
2008-07-18,0.1803523302078247
2008-07-19,0.06763212382793427
2008-07-20,0.06763212382793427
2008-07-21,0.0
2008-07-22,4.985723495483398
2008-07-23,2.326453447341919
2008-07-24,0.0
2008-07-25,2.2589104175567627
2008-07-26,0.0
2008-07-27,0.0
2008-07-28,0.0
2008-07-29,0.0
2008-07-30,2.6556589603424072
2008-07-31,7.5565080642700195
2008-08-01,15.99372673034668
2008-08-02,9.70999813079834
2008-08-03,1.6139302253723145
2008-08-04,0.0
2008-08-05,0.0
2008-08-06,0.2489900439977646
2008-08-07,0.008073237724602222
2008-08-08,14.439669609069824
2008-08-09,8.945737838745117
2008-08-10,0.0
2008-08-11,0.0
2008-08-12,4.1101179122924805
2008-08-13,0.0
2008-08-14,0.0
2008-08-15,0.0
2008-08-16,0.0
2008-08-17,0.535659670829773
2008-08-18,9.956106185913086
2008-08-19,0.19875575602054596
2008-08-20,0.0
2008-08-21,0.0
2008-08-22,0.0
2008-08-23,0.0
2008-08-24,0.0
2008-08-25,0.0
2008-08-26,0.0
2008-08-27,0.0
2008-08-28,0.0
2008-08-29,0.0
2008-08-30,0.0
2008-08-31,0.0
2008-09-01,0.0
2008-09-02,0.0
2008-09-03,0.0
2008-09-04,30.262161254882812
2008-09-05,14.092370986938477
2008-09-06,0.0
2008-09-07,0.0
2008-09-08,0.0
2008-09-09,0.0
2008-09-10,0.0
2008-09-11,0.0
2008-09-12,20.349166870117188
2008-09-13,0.02106868475675583
2008-09-14,0.009914131835103035
2008-09-15,0.0
2008-09-16,0.0
2008-09-17,0.0
2008-09-18,0.0
2008-09-19,0.0
2008-09-20,0.0
2008-09-21,0.0
2008-09-22,0.0
2008-09-23,0.0
2008-09-24,0.0
2008-09-25,0.0
2008-09-26,0.1923970878124237
2008-09-27,0.0
2008-09-28,0.0
2008-09-29,0.0
2008-09-30,16.61540985107422
2008-10-01,0.7447125911712646
2008-10-02,41.742061614990234
2008-10-03,21.9449520111084
2008-10-04,12.391264915466309
2008-10-05,35.5226936340332
2008-10-06,0.0
2008-10-07,0.0
2008-10-08,0.0
2008-10-09,0.0
2008-10-10,0.0
2008-10-11,0.0
2008-10-12,0.0
2008-10-13,0.0
2008-10-14,0.0
2008-10-15,0.0
2008-10-16,0.0
2008-10-17,0.0
2008-10-18,0.0
2008-10-19,0.0
2008-10-20,0.0
2008-10-21,0.0
2008-10-22,0.09259862452745438
2008-10-23,44.60860824584961
2008-10-24,3.061236619949341
2008-10-25,0.0
2008-10-26,0.0
2008-10-27,0.5065456628799438
2008-10-28,0.0008101010462269187
2008-10-29,0.041994981467723846
2008-10-30,29.751924514770508
2008-10-31,0.41451048851013184
2008-11-01,0.0
2008-11-02,0.0
2008-11-03,24.301116943359375
2008-11-04,0.3301902115345001
2008-11-05,0.0
2008-11-06,59.644691467285156
2008-11-07,1.5191450119018555
2008-11-08,0.05195416510105133
2008-11-09,4.775400638580322
2008-11-10,2.410611629486084
2008-11-11,0.0
2008-11-12,4.4550604820251465
2008-11-13,0.0
2008-11-14,0.0
2008-11-15,0.0
2008-11-16,9.674592971801758
2008-11-17,0.0
2008-11-18,0.09660544991493225
2008-11-19,0.008176645264029503
2008-11-20,0.08040200918912888
2008-11-21,0.0
2008-11-22,0.0
2008-11-23,0.0
2008-11-24,0.0
2008-11-25,3.7646167278289795
2008-11-26,0.023536285385489464
2008-11-27,0.023536285385489464
2008-11-28,0.023536285385489464
2008-11-29,0.023536285385489464
2008-11-30,0.3765805661678314
2008-12-01,7.049237251281738
2008-12-02,0.2692035734653473
2008-12-03,0.2654356360435486
2008-12-04,0.0
2008-12-05,0.0
2008-12-06,0.0
2008-12-07,0.0
2008-12-08,0.06641969084739685
2008-12-09,0.018109112977981567
2008-12-10,17.812732696533203
2008-12-11,41.229923248291016
2008-12-12,2.0864627361297607
2008-12-13,0.5253368020057678
2008-12-14,6.0032124519348145
2008-12-15,0.15658485889434814
2008-12-16,4.262315273284912
2008-12-17,2.4179842472076416
2008-12-18,2.6237149238586426
2008-12-19,7.656991958618164
2008-12-20,4.193146228790283
2008-12-21,0.0
2008-12-22,30.037614822387695
2008-12-23,14.751319885253906
2008-12-24,0.25457340478897095
2008-12-25,10.162459373474121
2008-12-26,2.2930307388305664
2008-12-27,0.02256956696510315
2008-12-28,0.0
2008-12-29,0.25914067029953003
2008-12-30,7.834301471710205
2008-12-31,0.0
2009-01-01,1.303913950920105
2009-01-02,4.675042152404785
2009-01-03,47.614952087402344
2009-01-04,0.12770594656467438
2009-01-05,0.06130695343017578
2009-01-06,0.0
2009-01-07,0.0
2009-01-08,11.478116989135742
2009-01-09,4.07938289642334
2009-01-10,2.9365346431732178
2009-01-11,0.5964394807815552
2009-01-12,0.9785264730453491
2009-01-13,0.0
2009-01-14,1.2410885095596313
2009-01-15,8.186111450195312
2009-01-16,21.90646743774414
2009-01-17,1.0403140783309937
2009-01-18,5.59092378616333
2009-01-19,32.159793853759766
2009-01-20,0.05457283928990364
2009-01-21,0.0
2009-01-22,0.04448976740241051
2009-01-23,0.0
2009-01-24,0.9285444617271423
2009-01-25,0.0
2009-01-26,1.801693081855774
2009-01-27,0.5438634753227234
2009-01-28,3.684246778488159
2009-01-29,33.11024856567383
2009-01-30,0.0
2009-01-31,0.0
2009-02-01,0.0
2009-02-02,0.0
2009-02-03,0.0
2009-02-04,0.0
2009-02-05,0.0
2009-02-06,0.0
2009-02-07,47.20912551879883
2009-02-08,18.065603256225586
2009-02-09,9.008662223815918
2009-02-10,2.5697786808013916
2009-02-11,2.011445999145508
2009-02-12,43.344215393066406
2009-02-13,0.16644050180912018
2009-02-14,1.869354248046875
2009-02-15,0.1878300905227661
2009-02-16,0.09365327656269073
2009-02-17,6.537195205688477
2009-02-18,0.7695273756980896
2009-02-19,1.0369611978530884
2009-02-20,0.08159549534320831
2009-02-21,0.0
2009-02-22,0.0
2009-02-23,0.003681166796013713
2009-02-24,4.0382399559021
2009-02-25,0.0
2009-02-26,0.27634865045547485
2009-02-27,2.0108602046966553
2009-02-28,0.7843655943870544
2009-03-01,6.116021156311035
2009-03-02,3.8164401054382324
2009-03-03,0.22407378256320953
2009-03-04,0.0
2009-03-05,5.713159084320068
2009-03-06,0.0
2009-03-07,0.0
2009-03-08,0.0
2009-03-09,22.734291076660156
2009-03-10,2.1137683391571045
2009-03-11,0.0
2009-03-12,0.0
2009-03-13,0.0
2009-03-14,0.0
2009-03-15,0.0
2009-03-16,0.0
2009-03-17,0.0
2009-03-18,0.0163335669785738
2009-03-19,8.383095741271973
2009-03-20,8.08114242553711
2009-03-21,19.16327667236328
2009-03-22,0.36814799904823303
2009-03-23,23.765737533569336
2009-03-24,2.7454075813293457
2009-03-25,0.043940458446741104
2009-03-26,10.045487403869629
2009-03-27,18.17591094970703
2009-03-28,1.1083310842514038
2009-03-29,0.0
2009-03-30,0.0
2009-03-31,0.21308916807174683
2009-04-01,5.169234275817871
2009-04-02,0.0
2009-04-03,0.0
2009-04-04,0.0
2009-04-05,0.027550239115953445
2009-04-06,0.010517400689423084
2009-04-07,0.07624470442533493
2009-04-08,23.441741943359375
2009-04-09,0.10600967705249786
2009-04-10,0.0
2009-04-11,0.0
2009-04-12,0.0
2009-04-13,0.0
2009-04-14,0.0
2009-04-15,0.0
2009-04-16,0.0
2009-04-17,0.0
2009-04-18,0.0
2009-04-19,0.0
2009-04-20,0.0
2009-04-21,0.0
2009-04-22,7.0432000160217285
2009-04-23,0.0
2009-04-24,24.368745803833008
2009-04-25,0.05376633256673813
2009-04-26,0.0
2009-04-27,0.0
2009-04-28,0.0
2009-04-29,0.0
2009-04-30,0.0
2009-05-01,0.0
2009-05-02,0.0
2009-05-03,0.0
2009-05-04,0.0
2009-05-05,0.0
2009-05-06,2.478480815887451
2009-05-07,0.8645547032356262
2009-05-08,0.0
2009-05-09,0.030136242508888245
2009-05-10,0.0
2009-05-11,0.0023183603771030903
2009-05-12,1.6500180959701538
2009-05-13,0.0
2009-05-14,15.229517936706543
2009-05-15,0.13906650245189667
2009-05-16,0.0
2009-05-17,0.0
2009-05-18,0.0
2009-05-19,0.0
2009-05-20,0.0
2009-05-21,0.0
2009-05-22,0.0
2009-05-23,0.0
2009-05-24,12.786632537841797
2009-05-25,0.0
2009-05-26,11.319993019104004
2009-05-27,33.5037841796875
2009-05-28,7.3265604972839355
2009-05-29,3.403930902481079
2009-05-30,0.37576648592948914
2009-05-31,0.0
2009-06-01,0.23704794049263
2009-06-02,0.03950798884034157
2009-06-03,0.03950798884034157
2009-06-04,0.03950798884034157
2009-06-05,0.03950798884034157
2009-06-06,0.20972204208374023
2009-06-07,0.20972204208374023
2009-06-08,0.20972204208374023
2009-06-09,3.3555526733398438
2009-06-10,0.20972204208374023
2009-06-11,0.7570491433143616
2009-06-12,0.7570491433143616
2009-06-13,0.7570491433143616
2009-06-14,0.7570491433143616
2009-06-15,0.7570491433143616
2009-06-16,1.198813796043396
2009-06-17,0.19980229437351227
2009-06-18,0.19980229437351227
2009-06-19,0.19980229437351227
2009-06-20,0.19980229437351227
2009-06-21,0.0
2009-06-22,0.4383913576602936
2009-06-23,0.0
2009-06-24,9.468240737915039
2009-06-25,0.0
2009-06-26,0.4336172640323639
2009-06-27,0.4336172640323639
2009-06-28,0.4336172640323639
2009-06-29,0.4336172640323639
2009-06-30,0.4336172640323639
2009-07-01,0.0
2009-07-02,0.0
2009-07-03,0.0
2009-07-04,0.0
2009-07-05,0.0
2009-07-06,0.0
2009-07-07,23.325698852539062
2009-07-08,0.0
2009-07-09,6.545322895050049
2009-07-10,0.048896390944719315
2009-07-11,0.0
2009-07-12,0.0
2009-07-13,0.0
2009-07-14,0.0
2009-07-15,0.0
2009-07-16,0.0
2009-07-17,0.07071632891893387
2009-07-18,0.0
2009-07-19,0.001880277181044221
2009-07-20,0.25833216309547424
2009-07-21,0.11775992065668106
2009-07-22,0.9687208533287048
2009-07-23,23.55723762512207
2009-07-24,3.608895778656006
2009-07-25,0.8299363255500793
2009-07-26,0.028703710064291954
2009-07-27,3.8046860694885254
2009-07-28,0.012617017142474651
2009-07-29,0.0
2009-07-30,0.0736798644065857
2009-07-31,0.0
2009-08-01,0.0
2009-08-02,46.41968536376953
2009-08-03,0.0
2009-08-04,0.0
2009-08-05,0.0
2009-08-06,0.0
2009-08-07,0.0
2009-08-08,0.0
2009-08-09,0.0
2009-08-10,0.0
2009-08-11,0.0
2009-08-12,0.0
2009-08-13,0.0
2009-08-14,0.0
2009-08-15,0.0
2009-08-16,0.0
2009-08-17,0.2842136323451996
2009-08-18,0.0
2009-08-19,0.0
2009-08-20,16.40396499633789
2009-08-21,0.0
2009-08-22,0.0
2009-08-23,0.0
2009-08-24,0.0
2009-08-25,0.0
2009-08-26,0.0
2009-08-27,0.0
2009-08-28,0.0
2009-08-29,0.0
2009-08-30,0.0
2009-08-31,0.0
2009-09-01,0.0
2009-09-02,1.2148258686065674
2009-09-03,13.116117477416992
2009-09-04,3.86479115486145
2009-09-05,0.0
2009-09-06,0.0
2009-09-07,0.0
2009-09-08,4.50917911529541
2009-09-09,1.0075916051864624
2009-09-10,11.327707290649414
2009-09-11,0.06814058870077133
2009-09-12,0.23849205672740936
2009-09-13,0.23849205672740936
2009-09-14,0.06814058870077133
2009-09-15,0.06814058870077133
2009-09-16,0.0
2009-09-17,0.0
2009-09-18,0.005622709169983864
2009-09-19,3.751649856567383
2009-09-20,0.7633857727050781
2009-09-21,0.21685141324996948
2009-09-22,0.0
2009-09-23,28.483421325683594
2009-09-24,0.0
2009-09-25,0.0
2009-09-26,0.0
2009-09-27,0.0
2009-09-28,0.0
2009-09-29,0.0
2009-09-30,0.0
2009-10-01,0.0
2009-10-02,0.0
2009-10-03,0.0
2009-10-04,0.0
2009-10-05,0.0
2009-10-06,0.806279718875885
2009-10-07,38.298240661621094
2009-10-08,0.0
2009-10-09,0.0
2009-10-10,0.0
2009-10-11,0.0
2009-10-12,18.910301208496094
2009-10-13,0.0
2009-10-14,0.0
2009-10-15,0.04011879116296768
2009-10-16,0.6086427569389343
2009-10-17,0.0
2009-10-18,0.0
2009-10-19,0.0012967772781848907
2009-10-20,26.94696044921875
2009-10-21,0.11681032925844193
2009-10-22,2.9193074703216553
2009-10-23,0.0
2009-10-24,0.2793811559677124
2009-10-25,16.188079833984375
2009-10-26,23.284765243530273
2009-10-27,0.03016315959393978
2009-10-28,0.0
2009-10-29,0.0
2009-10-30,0.0
2009-10-31,0.0
2009-11-01,0.0
2009-11-02,0.0
2009-11-03,0.0
2009-11-04,0.0
2009-11-05,0.0
2009-11-06,1.932256817817688
2009-11-07,1.9765100479125977
2009-11-08,32.989349365234375
2009-11-09,0.13585461676120758
2009-11-10,0.0
2009-11-11,0.5010812282562256
2009-11-12,0.0
2009-11-13,0.0
2009-11-14,8.966997146606445
2009-11-15,4.606756687164307
2009-11-16,2.8092641830444336
2009-11-17,0.037926558405160904
2009-11-18,0.0
2009-11-19,0.10357200354337692
2009-11-20,0.05302094668149948
2009-11-21,0.29996615648269653
2009-11-22,0.0
2009-11-23,0.26310285925865173
2009-11-24,0.031080832704901695
2009-11-25,0.0
2009-11-26,1.8476957082748413
2009-11-27,0.0
2009-11-28,0.0
2009-11-29,0.0
2009-11-30,5.311594486236572
2009-12-01,16.931957244873047
2009-12-02,0.43824514746665955
2009-12-03,1.3562495708465576
2009-12-04,9.456236839294434
2009-12-05,0.0016090600984171033
2009-12-06,0.635296642780304
2009-12-07,26.159547805786133
2009-12-08,1.3600947856903076
2009-12-09,0.07161512225866318
2009-12-10,0.0
2009-12-11,0.0
2009-12-12,42.4841423034668
2009-12-13,0.0
2009-12-14,0.0
2009-12-15,0.0
2009-12-16,0.0
2009-12-17,2.1899545192718506
2009-12-18,9.342150688171387
2009-12-19,7.916715621948242
2009-12-20,0.0
2009-12-21,10.91560173034668
2009-12-22,6.184867858886719
2009-12-23,0.0
2009-12-24,0.0
2009-12-25,0.0
2009-12-26,0.0
2009-12-27,0.0
2009-12-28,0.0
2009-12-29,0.0
2009-12-30,10.146480560302734
2009-12-31,7.264955520629883
2010-01-01,0.43156710267066956
2010-01-02,18.29558753967285
2010-01-03,40.442447662353516
2010-01-04,0.04802064225077629
2010-01-05,0.0
2010-01-06,0.0
2010-01-07,21.234081268310547
2010-01-08,21.17511749267578
2010-01-09,0.13572491705417633
2010-01-10,2.1863698959350586
2010-01-11,0.039170946925878525
2010-01-12,0.10257524996995926
2010-01-13,56.819679260253906
2010-01-14,0.21449823677539825
2010-01-15,0.045795682817697525
2010-01-16,0.027324285358190536
2010-01-17,0.0
2010-01-18,5.488218307495117
2010-01-19,0.2421713024377823
2010-01-20,32.70337677001953
2010-01-21,7.220680236816406
2010-01-22,0.0
2010-01-23,0.0
2010-01-24,15.727463722229004
2010-01-25,0.04793703183531761
2010-01-26,0.03426835685968399
2010-01-27,9.090091705322266
2010-01-28,0.4975690245628357
2010-01-29,0.0
2010-01-30,2.1440269947052
2010-01-31,1.6037081480026245
2010-02-01,0.012265624478459358
2010-02-02,0.0
2010-02-03,0.0
2010-02-04,0.0
2010-02-05,29.191999435424805
2010-02-06,3.768766403198242
2010-02-07,0.0
2010-02-08,0.0
2010-02-09,1.181233525276184
2010-02-10,0.0
2010-02-11,35.85136795043945
2010-02-12,6.4924845695495605
2010-02-13,0.18642069399356842
2010-02-14,4.9862751960754395
2010-02-15,0.0
2010-02-16,0.048085518181324005
2010-02-17,42.78308868408203
2010-02-18,1.106202244758606
2010-02-19,0.4273896813392639
2010-02-20,0.19447752833366394
2010-02-21,2.304649829864502
2010-02-22,0.07455217093229294
2010-02-23,0.0
2010-02-24,0.0
2010-02-25,5.637949466705322
2010-02-26,1.9237785339355469
2010-02-27,0.0
2010-02-28,0.0
2010-03-01,0.0
2010-03-02,0.0
2010-03-03,0.0
2010-03-04,7.827312469482422
2010-03-05,3.2603261470794678
2010-03-06,0.0
2010-03-07,16.242685317993164
2010-03-08,0.0
2010-03-09,0.0
2010-03-10,0.0
2010-03-11,0.06408008188009262
2010-03-12,0.0008722941856831312
2010-03-13,0.0
2010-03-14,0.0
2010-03-15,0.0
2010-03-16,0.11386716365814209
2010-03-17,0.11386716365814209
2010-03-18,0.11386716365814209
2010-03-19,0.11386716365814209
2010-03-20,0.11386716365814209
2010-03-21,0.0
2010-03-22,0.0
2010-03-23,6.213359355926514
2010-03-24,42.53297424316406
2010-03-25,0.5766423344612122
2010-03-26,0.0
2010-03-27,0.0
2010-03-28,0.0
2010-03-29,0.0
2010-03-30,0.0
2010-03-31,0.0
2010-04-01,0.0
2010-04-02,0.0
2010-04-03,0.0
2010-04-04,0.0
2010-04-05,0.0
2010-04-06,0.14974501729011536
2010-04-07,0.03863730654120445
2010-04-08,0.03863730654120445
2010-04-09,0.03863730654120445
2010-04-10,0.12071610242128372
2010-04-11,0.0
2010-04-12,0.0
2010-04-13,0.0
2010-04-14,0.0
2010-04-15,0.0
2010-04-16,0.0
2010-04-17,0.0
2010-04-18,0.0
2010-04-19,0.0
2010-04-20,0.0
2010-04-21,0.0
2010-04-22,0.8262123465538025
2010-04-23,44.90540313720703
2010-04-24,0.9466454982757568
2010-04-25,0.0
2010-04-26,0.0
2010-04-27,0.0
2010-04-28,0.0
2010-04-29,0.0
2010-04-30,0.0
2010-05-01,0.0
2010-05-02,0.0
2010-05-03,0.0
2010-05-04,0.0
2010-05-05,0.0
2010-05-06,0.0
2010-05-07,0.0
2010-05-08,0.0
2010-05-09,0.0
2010-05-10,0.0
2010-05-11,0.0
2010-05-12,0.0
2010-05-13,0.0
2010-05-14,0.0
2010-05-15,0.0
2010-05-16,0.0
2010-05-17,0.0
2010-05-18,0.0
2010-05-19,0.0
2010-05-20,0.0
2010-05-21,0.05981467664241791
2010-05-22,0.0
2010-05-23,0.2237294465303421
2010-05-24,8.504497528076172
2010-05-25,0.08261740952730179
2010-05-26,1.1487497091293335
2010-05-27,3.0755441188812256
2010-05-28,0.0
2010-05-29,0.0
2010-05-30,0.016852140426635742
2010-05-31,0.006097168195992708
2010-06-01,0.16101235151290894
2010-06-02,0.16101235151290894
2010-06-03,0.16101235151290894
2010-06-04,0.16101235151290894
2010-06-05,0.16101235151290894
2010-06-06,1.1228946447372437
2010-06-07,0.6716393232345581
2010-06-08,0.0
2010-06-09,0.0
2010-06-10,0.0
2010-06-11,0.3650491237640381
2010-06-12,0.3650491237640381
2010-06-13,0.3650491237640381
2010-06-14,0.3650491237640381
2010-06-15,0.3650491237640381
2010-06-16,0.3372023105621338
2010-06-17,0.3372023105621338
2010-06-18,0.3372023105621338
2010-06-19,0.3372023105621338
2010-06-20,0.3372023105621338
2010-06-21,0.5503225326538086
2010-06-22,0.5503225326538086
2010-06-23,0.5503225326538086
2010-06-24,0.5503225326538086
2010-06-25,0.5503225326538086
2010-06-26,0.06268354505300522
2010-06-27,0.06268354505300522
2010-06-28,0.06268354505300522
2010-06-29,1.0029367208480835
2010-06-30,0.06268354505300522
2010-07-01,0.0
2010-07-02,0.0
2010-07-03,0.0
2010-07-04,0.0
2010-07-05,0.0
2010-07-06,0.0
2010-07-07,0.0
2010-07-08,0.0611882284283638
2010-07-09,0.00028400419978424907
2010-07-10,0.08737438172101974
2010-07-11,0.0
2010-07-12,0.0
2010-07-13,0.0
2010-07-14,0.0
2010-07-15,0.0
2010-07-16,1.6019989252090454
2010-07-17,0.46273094415664673
2010-07-18,0.019598236307501793
2010-07-19,0.0014120240230113268
2010-07-20,0.014369460754096508
2010-07-21,0.09659119695425034
2010-07-22,0.09659119695425034
2010-07-23,0.09659119695425034
2010-07-24,0.25757652521133423
2010-07-25,0.09659119695425034
2010-07-26,0.0
2010-07-27,0.0
2010-07-28,0.0
2010-07-29,0.0
2010-07-30,0.0
2010-07-31,1.2080546617507935
2010-08-01,4.235329627990723
2010-08-02,0.000646354106720537
2010-08-03,0.002566220937296748
2010-08-04,0.046785492449998856
2010-08-05,0.0
2010-08-06,0.0
2010-08-07,0.0
2010-08-08,0.0
2010-08-09,0.0
2010-08-10,0.0
2010-08-11,0.0
2010-08-12,0.0
2010-08-13,0.0
2010-08-14,0.0
2010-08-15,0.0
2010-08-16,0.0
2010-08-17,0.0
2010-08-18,0.0
2010-08-19,0.0
2010-08-20,0.0
2010-08-21,0.0
2010-08-22,0.0
2010-08-23,0.0
2010-08-24,0.0
2010-08-25,0.0
2010-08-26,0.0
2010-08-27,0.0
2010-08-28,0.0
2010-08-29,0.0
2010-08-30,14.293307304382324
2010-08-31,0.0
2010-09-01,0.0
2010-09-02,9.966739654541016
2010-09-03,0.0
2010-09-04,0.014033090323209763
2010-09-05,0.23561739921569824
2010-09-06,0.0
2010-09-07,0.0
2010-09-08,0.0
2010-09-09,0.0
2010-09-10,0.0
2010-09-11,0.0
2010-09-12,0.4660773277282715
2010-09-13,0.28365492820739746
2010-09-14,13.876056671142578
2010-09-15,0.0060687921941280365
2010-09-16,0.0
2010-09-17,0.0
2010-09-18,0.0
2010-09-19,0.0
2010-09-20,0.0
2010-09-21,0.0
2010-09-22,0.0
2010-09-23,0.014304260723292828
2010-09-24,0.24092231690883636
2010-09-25,0.0
2010-09-26,0.0
2010-09-27,0.0
2010-09-28,0.0
2010-09-29,9.288619041442871
2010-09-30,4.005026340484619
2010-10-01,0.0028939975891262293
2010-10-02,6.881420135498047
2010-10-03,4.106747150421143
2010-10-04,0.6838546395301819
2010-10-05,0.0
2010-10-06,0.0
2010-10-07,0.8873630166053772
2010-10-08,1.789792776107788
2010-10-09,0.020777782425284386
2010-10-10,0.9304265379905701
2010-10-11,0.0
2010-10-12,0.0
2010-10-13,0.0
2010-10-14,0.0
2010-10-15,0.0
2010-10-16,0.0
2010-10-17,0.0
2010-10-18,0.0
2010-10-19,0.0
2010-10-20,0.0
2010-10-21,0.0
2010-10-22,8.004161834716797
2010-10-23,10.696945190429688
2010-10-24,0.0
2010-10-25,0.0
2010-10-26,0.0
2010-10-27,0.0
2010-10-28,0.0
2010-10-29,3.343954086303711
2010-10-30,30.527324676513672
2010-10-31,9.740118026733398
2010-11-01,0.0
2010-11-02,0.0
2010-11-03,0.0
2010-11-04,0.0
2010-11-05,0.0
2010-11-06,0.0
2010-11-07,0.0
2010-11-08,0.0
2010-11-09,0.0
2010-11-10,0.0
2010-11-11,0.0
2010-11-12,0.0
2010-11-13,0.0
2010-11-14,0.0
2010-11-15,0.0
2010-11-16,0.0
2010-11-17,0.0
2010-11-18,0.0
2010-11-19,0.0
2010-11-20,0.0
2010-11-21,1.5667973756790161
2010-11-22,19.835769653320312
2010-11-23,3.6150524616241455
2010-11-24,6.987587928771973
2010-11-25,0.0
2010-11-26,0.0
2010-11-27,0.0
2010-11-28,0.0032216559629887342
2010-11-29,52.01131820678711
2010-11-30,0.04096885025501251
2010-12-01,0.0
2010-12-02,0.0
2010-12-03,0.0
2010-12-04,0.0
2010-12-05,0.0
2010-12-06,0.0
2010-12-07,0.22689329087734222
2010-12-08,0.0
2010-12-09,2.543794870376587
2010-12-10,0.028097761794924736
2010-12-11,0.0
2010-12-12,4.214268207550049
2010-12-13,22.54170799255371
2010-12-14,0.019345402717590332
2010-12-15,0.0
2010-12-16,0.0
2010-12-17,0.0
2010-12-18,0.0
2010-12-19,10.498954772949219
2010-12-20,0.0
2010-12-21,1.1392754316329956
2010-12-22,0.0
2010-12-23,0.0
2010-12-24,0.0
2010-12-25,25.991867065429688
2010-12-26,2.1886849403381348
2010-12-27,0.07974102348089218
2010-12-28,0.029020633548498154
2010-12-29,15.68436050415039
2010-12-30,4.4705305099487305
2010-12-31,20.297969818115234
2011-01-01,0.0
2011-01-02,0.0
2011-01-03,0.0
2011-01-04,0.0
2011-01-05,0.0
2011-01-06,20.722291946411133
2011-01-07,0.0
2011-01-08,2.305452346801758
2011-01-09,0.0
2011-01-10,0.11260249465703964
2011-01-11,2.34220552444458
2011-01-12,3.7710444927215576
2011-01-13,49.93632125854492
2011-01-14,0.0
2011-01-15,0.09829617291688919
2011-01-16,0.0
2011-01-17,0.0
2011-01-18,48.35148620605469
2011-01-19,0.0
2011-01-20,2.669865369796753
2011-01-21,1.085666537284851
2011-01-22,6.288516521453857
2011-01-23,37.03781509399414
2011-01-24,15.934298515319824
2011-01-25,0.3043859601020813
2011-01-26,0.0
2011-01-27,0.0
2011-01-28,8.023571014404297
2011-01-29,0.0026597483083605766
2011-01-30,0.27982184290885925
2011-01-31,0.0455559603869915
2011-02-01,0.9127185940742493
2011-02-02,3.81345534324646
2011-02-03,1.903308391571045
2011-02-04,2.2143783569335938
2011-02-05,1.430851697921753
2011-02-06,3.786083698272705
2011-02-07,0.10029229521751404
2011-02-08,7.4737348556518555
2011-02-09,14.956380844116211
2011-02-10,1.973976731300354
2011-02-11,6.093108654022217
2011-02-12,7.571629047393799
2011-02-13,2.7560646533966064
2011-02-14,9.303462028503418
2011-02-15,0.25321152806282043
2011-02-16,3.828939199447632
2011-02-17,0.7133822441101074
2011-02-18,20.025146484375
2011-02-19,8.954741477966309
2011-02-20,5.499149799346924
2011-02-21,24.79110336303711
2011-02-22,0.0
2011-02-23,0.0
2011-02-24,28.168899536132812
2011-02-25,7.263092994689941
2011-02-26,5.7805047035217285
2011-02-27,0.0
2011-02-28,0.0
2011-03-01,0.10707944631576538
2011-03-02,0.6424766778945923
2011-03-03,0.10707944631576538
2011-03-04,0.10707944631576538
2011-03-05,0.10707944631576538
2011-03-06,0.0
2011-03-07,0.0
2011-03-08,0.001532958005554974
2011-03-09,0.0
2011-03-10,49.10422134399414
2011-03-11,6.901496887207031
2011-03-12,0.0
2011-03-13,0.6586208343505859
2011-03-14,0.000482920411741361
2011-03-15,0.0
2011-03-16,0.0
2011-03-17,0.0
2011-03-18,0.5024871230125427
2011-03-19,3.3502018451690674
2011-03-20,0.07701407372951508
2011-03-21,0.0
2011-03-22,0.0
2011-03-23,0.0
2011-03-24,0.0
2011-03-25,0.0
2011-03-26,0.0
2011-03-27,22.475887298583984
2011-03-28,0.7356669306755066
2011-03-29,0.2533459961414337
2011-03-30,0.0007853308925405145
2011-03-31,0.0
2011-04-01,4.010159492492676
2011-04-02,3.8008391857147217
2011-04-03,1.3277071714401245
2011-04-04,3.3279833793640137
2011-04-05,2.714068651199341
2011-04-06,1.0978178977966309
2011-04-07,0.0
2011-04-08,4.5417160987854
2011-04-09,0.0
2011-04-10,0.0
2011-04-11,0.0
2011-04-12,0.0
2011-04-13,0.0
2011-04-14,0.0
2011-04-15,6.099616527557373
2011-04-16,0.30300551652908325
2011-04-17,0.0
2011-04-18,0.0
2011-04-19,0.0
2011-04-20,0.0
2011-04-21,0.0
2011-04-22,0.0
2011-04-23,16.238832473754883
2011-04-24,4.919985771179199
2011-04-25,0.0
2011-04-26,1.2310229539871216
2011-04-27,1.2310229539871216
2011-04-28,1.2310229539871216
2011-04-29,1.2310229539871216
2011-04-30,1.2310229539871216
2011-05-01,0.0
2011-05-02,0.0
2011-05-03,0.0
2011-05-04,0.0
2011-05-05,0.0
2011-05-06,0.0
2011-05-07,0.0
2011-05-08,0.0
2011-05-09,0.0
2011-05-10,0.0
2011-05-11,0.0
2011-05-12,0.0
2011-05-13,0.0
2011-05-14,0.0
2011-05-15,0.0
2011-05-16,0.0
2011-05-17,0.0
2011-05-18,0.0
2011-05-19,0.0
2011-05-20,0.0
2011-05-21,0.0
2011-05-22,0.0
2011-05-23,0.0
2011-05-24,0.0
2011-05-25,5.64976167678833
2011-05-26,8.406412124633789
2011-05-27,3.584329128265381
2011-05-28,0.0
2011-05-29,0.0
2011-05-30,0.0
2011-05-31,0.0
2011-06-01,0.048626095056533813
2011-06-02,0.048626095056533813
2011-06-03,0.048626095056533813
2011-06-04,0.048626095056533813
2011-06-05,0.12966959178447723
2011-06-06,0.0
2011-06-07,0.0
2011-06-08,0.0
2011-06-09,2.3919079303741455
2011-06-10,0.005532554816454649
2011-06-11,0.0
2011-06-12,0.0
2011-06-13,2.0468838214874268
2011-06-14,0.0
2011-06-15,0.0
2011-06-16,0.13474558293819427
2011-06-17,0.13474558293819427
2011-06-18,0.13474558293819427
2011-06-19,0.808473527431488
2011-06-20,0.13474558293819427
2011-06-21,0.5561001300811768
2011-06-22,0.5561001300811768
2011-06-23,0.5561001300811768
2011-06-24,0.5561001300811768
2011-06-25,0.5561001300811768
2011-06-26,0.0
2011-06-27,0.0
2011-06-28,0.0
2011-06-29,6.202459335327148
2011-06-30,7.730358123779297
2011-07-01,0.0
2011-07-02,0.0
2011-07-03,0.0
2011-07-04,0.0
2011-07-05,0.0
2011-07-06,0.007501371670514345
2011-07-07,0.020003657788038254
2011-07-08,0.007501371670514345
2011-07-09,0.007501371670514345
2011-07-10,0.007501371670514345
2011-07-11,0.0
2011-07-12,0.0
2011-07-13,0.0
2011-07-14,0.0
2011-07-15,0.0
2011-07-16,0.0
2011-07-17,35.803253173828125
2011-07-18,0.0
2011-07-19,0.23302516341209412
2011-07-20,0.11130373924970627
2011-07-21,14.480385780334473
2011-07-22,2.0369465351104736
2011-07-23,0.0
2011-07-24,0.0
2011-07-25,0.0
2011-07-26,0.0
2011-07-27,0.0
2011-07-28,0.0
2011-07-29,0.0
2011-07-30,10.578457832336426
2011-07-31,7.129178524017334
2011-08-01,2.5119402408599854
2011-08-02,0.5465145707130432
2011-08-03,0.0
2011-08-04,0.0
2011-08-05,0.8213056921958923
2011-08-06,0.0
2011-08-07,0.0
2011-08-08,0.0
2011-08-09,0.0
2011-08-10,0.0
2011-08-11,0.0
2011-08-12,0.0
2011-08-13,0.0
2011-08-14,0.0
2011-08-15,0.0
2011-08-16,0.0
2011-08-17,0.0
2011-08-18,0.0
2011-08-19,6.34550142288208
2011-08-20,1.5909807682037354
2011-08-21,0.0
2011-08-22,0.0
2011-08-23,0.0
2011-08-24,0.0
2011-08-25,0.0
2011-08-26,0.0
2011-08-27,0.0
2011-08-28,0.0
2011-08-29,0.0
2011-08-30,0.0
2011-08-31,0.0
2011-09-01,0.020988818258047104
2011-09-02,0.020988818258047104
2011-09-03,0.020988818258047104
2011-09-04,0.020988818258047104
2011-09-05,0.020988818258047104
2011-09-06,0.015426204539835453
2011-09-07,0.0
2011-09-08,0.5660370588302612
2011-09-09,9.560752868652344
2011-09-10,0.0
2011-09-11,0.13394324481487274
2011-09-12,0.13394324481487274
2011-09-13,0.13394324481487274
2011-09-14,0.13394324481487274
2011-09-15,0.13394324481487274
2011-09-16,0.0
2011-09-17,0.0
2011-09-18,10.6961669921875
2011-09-19,0.0
2011-09-20,0.030263900756835938
2011-09-21,0.0
2011-09-22,0.058371949940919876
2011-09-23,0.9225116968154907
2011-09-24,0.38242462277412415
2011-09-25,0.004263002425432205
2011-09-26,0.0
2011-09-27,0.0
2011-09-28,0.0
2011-09-29,0.0
2011-09-30,0.0
2011-10-01,0.0
2011-10-02,0.18254174292087555
2011-10-03,0.0
2011-10-04,0.0
2011-10-05,0.0
2011-10-06,0.0
2011-10-07,0.0
2011-10-08,0.0
2011-10-09,0.19050343334674835
2011-10-10,19.083032608032227
2011-10-11,34.72475814819336
2011-10-12,10.075630187988281
2011-10-13,12.221125602722168
2011-10-14,17.156715393066406
2011-10-15,0.9521634578704834
2011-10-16,0.0
2011-10-17,0.0
2011-10-18,0.0
2011-10-19,0.0
2011-10-20,0.0
2011-10-21,0.0460391603410244
2011-10-22,0.0460391603410244
2011-10-23,0.0460391603410244
2011-10-24,0.0460391603410244
2011-10-25,0.7366265654563904
2011-10-26,0.0
2011-10-27,0.0
2011-10-28,0.0
2011-10-29,0.0
2011-10-30,13.882285118103027
2011-10-31,0.06764863431453705
2011-11-01,0.0
2011-11-02,0.0
2011-11-03,0.0
2011-11-04,0.0
2011-11-05,0.0
2011-11-06,19.26195526123047
2011-11-07,0.0
2011-11-08,0.0
2011-11-09,0.0
2011-11-10,0.164272740483284
2011-11-11,21.253047943115234
2011-11-12,0.2349540740251541
2011-11-13,0.0
2011-11-14,0.28766149282455444
2011-11-15,0.015608138404786587
2011-11-16,0.16815932095050812
2011-11-17,2.203486442565918
2011-11-18,0.6505879759788513
2011-11-19,0.7554098963737488
2011-11-20,0.5335954427719116
2011-11-21,0.0
2011-11-22,12.95520305633545
2011-11-23,0.0
2011-11-24,0.0
2011-11-25,0.0
2011-11-26,6.870001316070557
2011-11-27,4.7927775382995605
2011-11-28,0.0
2011-11-29,19.635854721069336
2011-11-30,0.0
2011-12-01,0.0
2011-12-02,0.04834708198904991
2011-12-03,0.0
2011-12-04,0.0
2011-12-05,6.146854400634766
2011-12-06,0.3548378348350525
2011-12-07,0.10535924136638641
2011-12-08,50.085330963134766
2011-12-09,0.6453433036804199
2011-12-10,0.6214464902877808
2011-12-11,0.0
2011-12-12,0.40039291977882385
2011-12-13,34.23358154296875
2011-12-14,1.25165855884552
2011-12-15,0.0
2011-12-16,0.05791321024298668
2011-12-17,0.15443523228168488
2011-12-18,0.05791321024298668
2011-12-19,0.05791321024298668
2011-12-20,0.05791321024298668
2011-12-21,0.0
2011-12-22,0.0
2011-12-23,0.0
2011-12-24,20.8099308013916
2011-12-25,0.0
2011-12-26,0.0
2011-12-27,0.8272250294685364
2011-12-28,0.1374119222164154
2011-12-29,0.22557412087917328
2011-12-30,13.414275169372559
2011-12-31,20.15811538696289
2012-01-01,0.10178466886281967
2012-01-02,0.10178466886281967
2012-01-03,0.10178466886281967
2012-01-04,0.10178466886281967
2012-01-05,0.10178466886281967
2012-01-06,1.1179298162460327
2012-01-07,19.179401397705078
2012-01-08,0.0
2012-01-09,0.0
2012-01-10,3.9696671962738037
2012-01-11,25.02142333984375
2012-01-12,88.11801147460938
2012-01-13,0.1357414722442627
2012-01-14,0.0
2012-01-15,0.0
2012-01-16,0.0
2012-01-17,0.0
2012-01-18,9.447931289672852
2012-01-19,0.7899408936500549
2012-01-20,0.0
2012-01-21,0.09478551894426346
2012-01-22,0.8245410919189453
2012-01-23,3.094867467880249
2012-01-24,3.524268627166748
2012-01-25,41.37781524658203
2012-01-26,0.7500998973846436
2012-01-27,0.26711976528167725
2012-01-28,0.015919439494609833
2012-01-29,0.0
2012-01-30,0.0
2012-01-31,0.0
2012-02-01,24.85908317565918
2012-02-02,6.873170852661133
2012-02-03,2.409555435180664
2012-02-04,0.08114276081323624
2012-02-05,3.2906322479248047
2012-02-06,0.0
2012-02-07,0.0
2012-02-08,0.0
2012-02-09,6.655892848968506
2012-02-10,20.012012481689453
2012-02-11,0.0
2012-02-12,2.700429677963257
2012-02-13,5.064717769622803
2012-02-14,0.0
2012-02-15,92.51045989990234
2012-02-16,15.19157600402832
2012-02-17,4.920398235321045
2012-02-18,0.0
2012-02-19,0.0
2012-02-20,0.5296914577484131
2012-02-21,0.8417983055114746
2012-02-22,27.374284744262695
2012-02-23,2.1048994064331055
2012-02-24,4.072418212890625
2012-02-25,0.648944616317749
2012-02-26,15.756601333618164
2012-02-27,33.804359436035156
2012-02-28,0.20241598784923553
2012-02-29,0.0
2012-03-01,11.018136024475098
2012-03-02,1.1265580654144287
2012-03-03,0.04211821407079697
2012-03-04,0.009156133979558945
2012-03-05,0.0
2012-03-06,0.0
2012-03-07,0.0
2012-03-08,18.587614059448242
2012-03-09,0.9150242209434509
2012-03-10,0.0
2012-03-11,0.0
2012-03-12,0.0
2012-03-13,2.512773036956787
2012-03-14,18.094507217407227
2012-03-15,0.03536314144730568
2012-03-16,0.2736670672893524
2012-03-17,0.2736670672893524
2012-03-18,0.2736670672893524
2012-03-19,0.2736670672893524
2012-03-20,0.2736670672893524
2012-03-21,0.0
2012-03-22,0.0
2012-03-23,28.34524154663086
2012-03-24,0.004838999360799789
2012-03-25,0.0
2012-03-26,0.0
2012-03-27,20.114704132080078
2012-03-28,0.1263182908296585
2012-03-29,0.0
2012-03-30,0.0
2012-03-31,0.0
2012-04-01,0.11670950800180435
2012-04-02,0.11670950800180435
2012-04-03,0.14102399349212646
2012-04-04,0.11670950800180435
2012-04-05,1.8430376052856445
2012-04-06,6.053548812866211
2012-04-07,0.0
2012-04-08,0.0
2012-04-09,0.0
2012-04-10,19.324766159057617
2012-04-11,1.1271213293075562
2012-04-12,12.424788475036621
2012-04-13,0.0
2012-04-14,3.5898380279541016
2012-04-15,57.171844482421875
2012-04-16,0.0
2012-04-17,0.0
2012-04-18,0.0
2012-04-19,0.0
2012-04-20,0.0
2012-04-21,11.183180809020996
2012-04-22,0.0
2012-04-23,0.0
2012-04-24,0.0
2012-04-25,19.49281883239746
2012-04-26,1.0446079969406128
2012-04-27,29.154443740844727
2012-04-28,2.5915849208831787
2012-04-29,3.3563404083251953
2012-04-30,0.0
2012-05-01,0.0
2012-05-02,0.0
2012-05-03,0.0
2012-05-04,0.0
2012-05-05,0.0
2012-05-06,0.0
2012-05-07,0.0
2012-05-08,0.0
2012-05-09,0.0
2012-05-10,0.0
2012-05-11,0.0
2012-05-12,14.702018737792969
2012-05-13,45.274845123291016
2012-05-14,5.163157939910889
2012-05-15,0.0
2012-05-16,0.0
2012-05-17,0.0
2012-05-18,0.0
2012-05-19,0.0
2012-05-20,0.0
2012-05-21,0.0
2012-05-22,0.0
2012-05-23,0.0
2012-05-24,0.0
2012-05-25,0.0
2012-05-26,0.3981568515300751
2012-05-27,0.3981568515300751
2012-05-28,0.3981568515300751
2012-05-29,0.3981568515300751
2012-05-30,1.4931104183197021
2012-05-31,1.692144513130188
2012-06-01,0.0
2012-06-02,0.0
2012-06-03,0.0
2012-06-04,28.8466854095459
2012-06-05,32.966373443603516
2012-06-06,0.45351818203926086
2012-06-07,0.08306119590997696
2012-06-08,4.323417663574219
2012-06-09,2.4253227710723877
2012-06-10,0.0
2012-06-11,0.5761885046958923
2012-06-12,0.5761885046958923
2012-06-13,0.5761885046958923
2012-06-14,0.5761885046958923
2012-06-15,0.5761885046958923
2012-06-16,0.06041378155350685
2012-06-17,1.2044047117233276
2012-06-18,0.0
2012-06-19,3.3895742893218994
2012-06-20,29.081327438354492
2012-06-21,0.23603343963623047
2012-06-22,39.6531867980957
2012-06-23,0.0
2012-06-24,0.0
2012-06-25,0.0
2012-06-26,0.3398765027523041
2012-06-27,0.3398765027523041
2012-06-28,0.3398765027523041
2012-06-29,0.3398765027523041
2012-06-30,0.3398765027523041
2012-07-01,0.0
2012-07-02,0.0
2012-07-03,0.5996015071868896
2012-07-04,0.0
2012-07-05,16.639062881469727
2012-07-06,0.8288872838020325
2012-07-07,0.4906995892524719
2012-07-08,0.05042526125907898
2012-07-09,0.0
2012-07-10,0.0
2012-07-11,0.0
2012-07-12,0.0
2012-07-13,0.0
2012-07-14,0.0
2012-07-15,0.0
2012-07-16,0.1256929486989975
2012-07-17,0.04713485389947891
2012-07-18,0.04713485389947891
2012-07-19,0.04713485389947891
2012-07-20,0.04713485389947891
2012-07-21,0.05532633885741234
2012-07-22,0.05532633885741234
2012-07-23,0.05532633885741234
2012-07-24,0.05532633885741234
2012-07-25,0.33195802569389343
2012-07-26,0.0
2012-07-27,0.7473968863487244
2012-07-28,7.680361747741699
2012-07-29,1.0127294063568115
2012-07-30,11.747513771057129
2012-07-31,0.0
2012-08-01,0.0
2012-08-02,0.0
2012-08-03,0.0
2012-08-04,0.0
2012-08-05,0.0
2012-08-06,0.0
2012-08-07,0.0
2012-08-08,0.0
2012-08-09,0.0
2012-08-10,0.0
2012-08-11,0.0
2012-08-12,0.0
2012-08-13,0.0
2012-08-14,0.0
2012-08-15,0.0
2012-08-16,0.0
2012-08-17,0.00154517637565732
2012-08-18,0.06580666452646255
2012-08-19,12.100522994995117
2012-08-20,0.14821143448352814
2012-08-21,0.0
2012-08-22,0.0
2012-08-23,0.0
2012-08-24,0.0
2012-08-25,0.0
2012-08-26,0.0
2012-08-27,0.0
2012-08-28,0.0
2012-08-29,0.0
2012-08-30,0.0
2012-08-31,0.0
2012-09-01,0.033407632261514664
2012-09-02,0.033407632261514664
2012-09-03,0.033407632261514664
2012-09-04,0.033407632261514664
2012-09-05,0.033407632261514664
2012-09-06,0.0
2012-09-07,0.0
2012-09-08,0.0
2012-09-09,0.0
2012-09-10,4.4129767417907715
2012-09-11,0.11300140619277954
2012-09-12,0.11300140619277954
2012-09-13,0.6780084371566772
2012-09-14,0.11300140619277954
2012-09-15,0.11300140619277954
2012-09-16,0.0
2012-09-17,0.0
2012-09-18,0.0
2012-09-19,59.76909637451172
2012-09-20,0.0
2012-09-21,15.656135559082031
2012-09-22,0.0
2012-09-23,0.0
2012-09-24,0.11564318835735321
2012-09-25,3.96734619140625
2012-09-26,0.0
2012-09-27,0.0
2012-09-28,0.0
2012-09-29,0.0
2012-09-30,0.0
2012-10-01,0.11246712505817413
2012-10-02,6.109321117401123
2012-10-03,17.462398529052734
2012-10-04,1.1649447679519653
2012-10-05,0.0
2012-10-06,0.0
2012-10-07,0.0
2012-10-08,0.0
2012-10-09,0.0
2012-10-10,13.851754188537598
2012-10-11,0.0
2012-10-12,0.0
2012-10-13,0.0
2012-10-14,0.0
2012-10-15,0.0
2012-10-16,0.0
2012-10-17,0.0
2012-10-18,0.0
2012-10-19,0.0
2012-10-20,0.0
2012-10-21,0.0
2012-10-22,0.0
2012-10-23,10.129926681518555
2012-10-24,0.0
2012-10-25,0.05485028401017189
2012-10-26,0.0
2012-10-27,0.0
2012-10-28,0.0
2012-10-29,0.0
2012-10-30,0.0
2012-10-31,0.49738985300064087
2012-11-01,0.0
2012-11-02,73.5771713256836
2012-11-03,8.926506042480469
2012-11-04,0.5742068290710449
2012-11-05,8.627073287963867
2012-11-06,17.26106071472168
2012-11-07,0.3388717770576477
2012-11-08,0.0
2012-11-09,0.0
2012-11-10,0.0
2012-11-11,0.0
2012-11-12,0.0
2012-11-13,0.0
2012-11-14,0.0
2012-11-15,0.0
2012-11-16,0.0
2012-11-17,0.0014623707393184304
2012-11-18,0.5977993011474609
2012-11-19,0.00265717227011919
2012-11-20,49.96685791015625
2012-11-21,0.0
2012-11-22,0.0
2012-11-23,17.20296859741211
2012-11-24,17.094139099121094
2012-11-25,0.09027465432882309
2012-11-26,0.0013592960312962532
2012-11-27,0.0
2012-11-28,0.016644224524497986
2012-11-29,0.0
2012-11-30,45.773963928222656
2012-12-01,0.013035627081990242
2012-12-02,0.0
2012-12-03,0.6286429166793823
2012-12-04,0.003340780269354582
2012-12-05,2.706450939178467
2012-12-06,0.0
2012-12-07,0.0
2012-12-08,33.24562454223633
2012-12-09,0.8735491037368774
2012-12-10,0.0
2012-12-11,0.004050727467983961
2012-12-12,0.0
2012-12-13,0.6025670766830444
2012-12-14,16.025667190551758
2012-12-15,0.0
2012-12-16,2.120187997817993
2012-12-17,0.2084362953901291
2012-12-18,0.2084362953901291
2012-12-19,1.2506178617477417
2012-12-20,0.38104763627052307
2012-12-21,6.661152362823486
2012-12-22,0.5741257667541504
2012-12-23,0.0
2012-12-24,0.0
2012-12-25,0.0
2012-12-26,1.0557342767715454
2012-12-27,10.39894962310791
2012-12-28,0.8850715160369873
2012-12-29,1.2153606414794922
2012-12-30,2.6777102947235107
2012-12-31,0.0
2013-01-01,20.228322982788086
2013-01-02,6.598955154418945
2013-01-03,0.0
2013-01-04,0.0
2013-01-05,0.0
2013-01-06,0.1748126745223999
2013-01-07,0.0
2013-01-08,0.8695958256721497
2013-01-09,7.766733646392822
2013-01-10,45.126094818115234
2013-01-11,0.0
2013-01-12,0.0
2013-01-13,0.0
2013-01-14,0.0
2013-01-15,0.0
2013-01-16,0.009658487513661385
2013-01-17,0.3837115168571472
2013-01-18,5.140639305114746
2013-01-19,0.0
2013-01-20,0.014791014604270458
2013-01-21,0.8808695673942566
2013-01-22,0.0
2013-01-23,0.0
2013-01-24,0.0
2013-01-25,1.9020158052444458
2013-01-26,20.073467254638672
2013-01-27,0.0
2013-01-28,0.0
2013-01-29,0.0
2013-01-30,2.724656820297241
2013-01-31,0.05456891655921936
2013-02-01,0.0
2013-02-02,2.3703792095184326
2013-02-03,53.93582534790039
2013-02-04,0.14369991421699524
2013-02-05,1.174613118171692
2013-02-06,0.0
2013-02-07,0.0
2013-02-08,0.0
2013-02-09,0.0
2013-02-10,0.0
2013-02-11,15.021249771118164
2013-02-12,29.25212860107422
2013-02-13,0.1435655802488327
2013-02-14,0.2778768539428711
2013-02-15,1.362603783607483
2013-02-16,0.0
2013-02-17,0.0
2013-02-18,0.0
2013-02-19,0.0
2013-02-20,0.0
2013-02-21,0.7176669836044312
2013-02-22,0.3417436182498932
2013-02-23,0.0
2013-02-24,0.0
2013-02-25,0.908119797706604
2013-02-26,5.091217994689941
2013-02-27,6.533750534057617
2013-02-28,0.0
2013-03-01,0.0
2013-03-02,0.0
2013-03-03,0.9629651308059692
2013-03-04,2.4853286743164062
2013-03-05,1.3499665260314941
2013-03-06,0.02273561805486679
2013-03-07,0.02273561805486679
2013-03-08,0.02273561805486679
2013-03-09,0.02273561805486679
2013-03-10,0.060628317296504974
2013-03-11,0.4268842041492462
2013-03-12,1.5195817947387695
2013-03-13,50.71803283691406
2013-03-14,0.3668903410434723
2013-03-15,0.3132004141807556
2013-03-16,2.6429054737091064
2013-03-17,0.0
2013-03-18,0.0
2013-03-19,0.0
2013-03-20,1.5445328950881958
2013-03-21,0.0
2013-03-22,0.0
2013-03-23,2.38423228263855
2013-03-24,10.306086540222168
2013-03-25,0.0
2013-03-26,0.0
2013-03-27,0.0
2013-03-28,0.0
2013-03-29,0.0
2013-03-30,0.0
2013-03-31,0.0
2013-04-01,0.0
2013-04-02,0.057040758430957794
2013-04-03,73.35737609863281
2013-04-04,1.425723671913147
2013-04-05,1.508893609046936
2013-04-06,0.0
2013-04-07,34.88532257080078
2013-04-08,11.695549011230469
2013-04-09,0.0
2013-04-10,0.0
2013-04-11,0.01177552156150341
2013-04-12,5.672199249267578
2013-04-13,43.78398132324219
2013-04-14,0.0
2013-04-15,0.09553839266300201
2013-04-16,0.0
2013-04-17,0.0
2013-04-18,0.0
2013-04-19,0.0
2013-04-20,0.0
2013-04-21,0.0
2013-04-22,0.0
2013-04-23,0.0
2013-04-24,0.0
2013-04-25,0.0
2013-04-26,0.0
2013-04-27,0.0
2013-04-28,0.0
2013-04-29,0.0
2013-04-30,0.0
2013-05-01,0.0
2013-05-02,0.0
2013-05-03,0.0
2013-05-04,5.714913368225098
2013-05-05,32.036216735839844
2013-05-06,0.0
2013-05-07,0.0
2013-05-08,0.0
2013-05-09,0.0
2013-05-10,0.0
2013-05-11,0.0
2013-05-12,79.95259094238281
2013-05-13,0.0
2013-05-14,0.0
2013-05-15,3.761223077774048
2013-05-16,21.658174514770508
2013-05-17,3.350071430206299
2013-05-18,0.051870107650756836
2013-05-19,0.0
2013-05-20,0.0
2013-05-21,0.0
2013-05-22,0.0
2013-05-23,0.0
2013-05-24,0.0
2013-05-25,0.0
2013-05-26,0.0
2013-05-27,0.0
2013-05-28,0.0
2013-05-29,0.0
2013-05-30,23.901334762573242
2013-05-31,0.0
2013-06-01,0.0
2013-06-02,3.0685648918151855
2013-06-03,0.0
2013-06-04,0.0
2013-06-05,0.0
2013-06-06,0.0
2013-06-07,0.0
2013-06-08,0.5355047583580017
2013-06-09,5.661579608917236
2013-06-10,0.422284871339798
2013-06-11,6.425330638885498
2013-06-12,10.642754554748535
2013-06-13,1.7262171506881714
2013-06-14,0.11511290073394775
2013-06-15,0.12114094197750092
2013-06-16,0.4548181891441345
2013-06-17,6.322978496551514
2013-06-18,0.0
2013-06-19,29.53314971923828
2013-06-20,4.854538917541504
2013-06-21,0.03576836362481117
2013-06-22,0.5599120855331421
2013-06-23,1.339780569076538
2013-06-24,0.14978785812854767
2013-06-25,27.34291648864746
2013-06-26,39.30926513671875
2013-06-27,0.0
2013-06-28,0.0
2013-06-29,0.0
2013-06-30,0.0
2013-07-01,0.0
2013-07-02,0.0
2013-07-03,0.0
2013-07-04,0.0
2013-07-05,0.0
2013-07-06,0.0032796331215649843
2013-07-07,0.0
2013-07-08,0.05247413367033005
2013-07-09,0.0
2013-07-10,0.0
2013-07-11,0.0
2013-07-12,0.0
2013-07-13,0.0
2013-07-14,0.0
2013-07-15,0.0
2013-07-16,0.08892421424388885
2013-07-17,0.08892421424388885
2013-07-18,0.08892421424388885
2013-07-19,0.08892421424388885
2013-07-20,0.08892421424388885
2013-07-21,28.368927001953125
2013-07-22,1.9695545434951782
2013-07-23,0.0
2013-07-24,0.0
2013-07-25,0.0
2013-07-26,0.048567645251750946
2013-07-27,0.048567645251750946
2013-07-28,0.048567645251750946
2013-07-29,0.048567645251750946
2013-07-30,0.048567645251750946
2013-07-31,0.048567645251750946
2013-08-01,0.0
2013-08-02,0.0
2013-08-03,0.0
2013-08-04,0.0
2013-08-05,0.0
2013-08-06,0.0
2013-08-07,0.0
2013-08-08,0.11322259157896042
2013-08-09,25.417850494384766
2013-08-10,0.4083942770957947
2013-08-11,0.0
2013-08-12,0.0
2013-08-13,0.0
2013-08-14,0.0
2013-08-15,0.0
2013-08-16,0.0
2013-08-17,0.0
2013-08-18,0.0
2013-08-19,0.0
2013-08-20,0.0
2013-08-21,0.0
2013-08-22,0.0
2013-08-23,33.817100524902344
2013-08-24,0.7186765074729919
2013-08-25,0.2508961856365204
2013-08-26,0.0
2013-08-27,0.0
2013-08-28,0.0
2013-08-29,0.0
2013-08-30,0.0
2013-08-31,0.0
2013-09-01,0.005713010206818581
2013-09-02,0.005713010206818581
2013-09-03,0.034278061240911484
2013-09-04,0.005713010206818581
2013-09-05,0.005713010206818581
2013-09-06,0.0
2013-09-07,0.0
2013-09-08,0.0
2013-09-09,9.173844337463379
2013-09-10,0.15867243707180023
2013-09-11,0.0
2013-09-12,0.19017092883586884
2013-09-13,1.5454493761062622
2013-09-14,3.969508171081543
2013-09-15,0.0
2013-09-16,0.0
2013-09-17,0.0
2013-09-18,0.0
2013-09-19,0.0
2013-09-20,0.0
2013-09-21,0.0
2013-09-22,0.0
2013-09-23,0.0
2013-09-24,0.0
2013-09-25,0.0
2013-09-26,0.0
2013-09-27,0.0
2013-09-28,0.0
2013-09-29,1.1134995222091675
2013-09-30,0.5305653214454651
2013-10-01,0.7640405893325806
2013-10-02,0.0
2013-10-03,0.0
2013-10-04,11.936675071716309
2013-10-05,0.023739652708172798
2013-10-06,0.724748432636261
2013-10-07,1.4380271434783936
2013-10-08,0.0
2013-10-09,0.0
2013-10-10,1.3428643941879272
2013-10-11,1.2656244039535522
2013-10-12,0.0
2013-10-13,0.6586925983428955
2013-10-14,38.992740631103516
2013-10-15,2.0690157413482666
2013-10-16,1.939130425453186
2013-10-17,4.626993179321289
2013-10-18,29.2413272857666
2013-10-19,0.0
2013-10-20,0.0
2013-10-21,27.85643196105957
2013-10-22,3.376627206802368
2013-10-23,0.0
2013-10-24,0.6655422449111938
2013-10-25,9.2755765914917
2013-10-26,0.29332470893859863
2013-10-27,27.114656448364258
2013-10-28,11.578445434570312
2013-10-29,0.0
2013-10-30,2.040757894515991
2013-10-31,0.33159369230270386
2013-11-01,7.019428253173828
2013-11-02,5.598475456237793
2013-11-03,1.9580063819885254
2013-11-04,0.011705360375344753
2013-11-05,0.0
2013-11-06,0.0
2013-11-07,0.0
2013-11-08,0.0
2013-11-09,0.0
2013-11-10,0.0
2013-11-11,12.791725158691406
2013-11-12,2.995856523513794
2013-11-13,0.0
2013-11-14,0.0
2013-11-15,0.0
2013-11-16,2.3931329250335693
2013-11-17,0.0
2013-11-18,0.0
2013-11-19,1.9644999504089355
2013-11-20,42.33913040161133
2013-11-21,0.0
2013-11-22,0.0
2013-11-23,0.0
2013-11-24,0.0
2013-11-25,0.0
2013-11-26,0.013902382925152779
2013-11-27,0.0
2013-11-28,0.0
2013-11-29,0.0
2013-11-30,27.055105209350586
2013-12-01,0.0
2013-12-02,0.0
2013-12-03,0.0
2013-12-04,0.0
2013-12-05,0.0
2013-12-06,24.920570373535156
2013-12-07,0.6948028206825256
2013-12-08,1.3592671155929565
2013-12-09,0.0
2013-12-10,9.973835945129395
2013-12-11,0.834500789642334
2013-12-12,0.0
2013-12-13,13.206365585327148
2013-12-14,1.6934822797775269
2013-12-15,0.0
2013-12-16,0.0
2013-12-17,7.851929664611816
2013-12-18,2.789414167404175
2013-12-19,23.282773971557617
2013-12-20,0.0
2013-12-21,9.273563385009766
2013-12-22,0.0
2013-12-23,0.2652074992656708
2013-12-24,0.0
2013-12-25,1.3424869775772095
2013-12-26,3.6831727027893066
2013-12-27,3.6831727027893066
2013-12-28,3.6831727027893066
2013-12-29,3.6831727027893066
2013-12-30,3.6831727027893066
2013-12-31,3.6831727027893066
2014-01-01,4.290365219116211
2014-01-02,0.0
2014-01-03,2.813244104385376
2014-01-04,24.817073822021484
2014-01-05,0.1009691059589386
2014-01-06,0.08453796803951263
2014-01-07,0.0
2014-01-08,0.22932517528533936
2014-01-09,13.51902961730957
2014-01-10,0.0
2014-01-11,0.0
2014-01-12,11.744056701660156
2014-01-13,0.0
2014-01-14,0.0
2014-01-15,0.321000337600708
2014-01-16,5.580511569976807
2014-01-17,1.1662046909332275
2014-01-18,0.0
2014-01-19,0.0
2014-01-20,0.0
2014-01-21,0.0
2014-01-22,0.25755250453948975
2014-01-23,0.0
2014-01-24,0.24169644713401794
2014-01-25,70.65054321289062
2014-01-26,0.26327550411224365
2014-01-27,3.1889162063598633
2014-01-28,5.546867370605469
2014-01-29,21.029680252075195
2014-01-30,0.2888803780078888
2014-01-31,2.1235148906707764
2014-02-01,3.5506751537323
2014-02-02,5.091416835784912
2014-02-03,8.959842681884766
2014-02-04,1.513276219367981
2014-02-05,0.0
2014-02-06,8.328039169311523
2014-02-07,15.036179542541504
2014-02-08,3.505479574203491
2014-02-09,7.891110420227051
2014-02-10,20.858787536621094
2014-02-11,8.831948280334473
2014-02-12,2.5579144954681396
2014-02-13,36.02913284301758
2014-02-14,1.1517821550369263
2014-02-15,0.02746889553964138
2014-02-16,0.06530740112066269
2014-02-17,0.0
2014-02-18,0.0
2014-02-19,15.76080322265625
2014-02-20,19.942249298095703
2014-02-21,9.388957977294922
2014-02-22,0.0
2014-02-23,68.8221206665039
2014-02-24,0.0
2014-02-25,0.0
2014-02-26,0.3668455481529236
2014-02-27,0.3668455481529236
2014-02-28,0.3668455481529236
2014-03-01,0.005129967350512743
2014-03-02,0.0
2014-03-03,52.516456604003906
2014-03-04,0.0
2014-03-05,0.03527265414595604
2014-03-06,0.0
2014-03-07,18.174463272094727
2014-03-08,0.01584167219698429
2014-03-09,0.0
2014-03-10,39.82189178466797
2014-03-11,7.199986457824707
2014-03-12,1.1999977827072144
2014-03-13,1.1999977827072144
2014-03-14,1.1999977827072144
2014-03-15,1.1999977827072144
2014-03-16,18.69175148010254
2014-03-17,0.0
2014-03-18,0.9398382306098938
2014-03-19,0.5526520609855652
2014-03-20,46.381378173828125
2014-03-21,0.6411770582199097
2014-03-22,88.549560546875
2014-03-23,0.42403241991996765
2014-03-24,0.0
2014-03-25,0.0
2014-03-26,6.179213523864746
2014-03-27,0.07508150488138199
2014-03-28,38.38313293457031
2014-03-29,0.49578800797462463
2014-03-30,9.00843620300293
2014-03-31,0.2741745710372925
2014-04-01,0.008025062270462513
2014-04-02,0.32902753353118896
2014-04-03,0.32902753353118896
2014-04-04,2.0463907718658447
2014-04-05,0.0
2014-04-06,0.5201895236968994
2014-04-07,0.5201895236968994
2014-04-08,0.5201895236968994
2014-04-09,0.5201895236968994
2014-04-10,3.1211373805999756
2014-04-11,6.234902381896973
2014-04-12,4.454442977905273
2014-04-13,7.344593524932861
2014-04-14,0.0
2014-04-15,0.0
2014-04-16,0.0
2014-04-17,0.0
2014-04-18,0.027791762724518776
2014-04-19,27.172897338867188
2014-04-20,0.5127786993980408
2014-04-21,0.3952920436859131
2014-04-22,54.3604850769043
2014-04-23,2.214946746826172
2014-04-24,0.0
2014-04-25,0.0
2014-04-26,0.32699668407440186
2014-04-27,0.32699668407440186
2014-04-28,0.32699668407440186
2014-04-29,0.32699668407440186
2014-04-30,1.9619802236557007
2014-05-01,3.231764793395996
2014-05-02,8.552702903747559
2014-05-03,0.0
2014-05-04,0.0
2014-05-05,32.97351837158203
2014-05-06,15.937931060791016
2014-05-07,0.0
2014-05-08,0.0
2014-05-09,0.0
2014-05-10,0.0
2014-05-11,0.0
2014-05-12,0.0
2014-05-13,24.762649536132812
2014-05-14,0.1678605079650879
2014-05-15,0.0
2014-05-16,29.15204620361328
2014-05-17,6.2732439041137695
2014-05-18,0.07494493573904037
2014-05-19,0.0
2014-05-20,0.0
2014-05-21,0.0
2014-05-22,22.59203338623047
2014-05-23,22.964569091796875
2014-05-24,17.396926879882812
2014-05-25,0.10662256181240082
2014-05-26,0.0
2014-05-27,0.0
2014-05-28,0.0
2014-05-29,0.0
2014-05-30,0.0
2014-05-31,0.0
2014-06-01,0.21362720429897308
2014-06-02,0.21362720429897308
2014-06-03,0.21362720429897308
2014-06-04,0.21362720429897308
2014-06-05,0.21362720429897308
2014-06-06,0.0
2014-06-07,0.0
2014-06-08,3.598454475402832
2014-06-09,81.27135467529297
2014-06-10,3.7114980220794678
2014-06-11,0.0
2014-06-12,0.0
2014-06-13,76.78792572021484
2014-06-14,4.499840259552002
2014-06-15,0.1118573546409607
2014-06-16,0.7100793123245239
2014-06-17,0.11834654957056046
2014-06-18,0.11834654957056046
2014-06-19,0.11834654957056046
2014-06-20,0.11834654957056046
2014-06-21,0.0
2014-06-22,1.7529398202896118
2014-06-23,0.0
2014-06-24,0.0
2014-06-25,0.0
2014-06-26,1.4443721771240234
2014-06-27,5.781518459320068
2014-06-28,0.11925777047872543
2014-06-29,0.0
2014-06-30,0.0
2014-07-01,0.0
2014-07-02,0.0
2014-07-03,0.0
2014-07-04,0.0
2014-07-05,0.0
2014-07-06,13.249667167663574
2014-07-07,1.893913745880127
2014-07-08,0.09662382304668427
2014-07-09,0.004421294666826725
2014-07-10,0.0
2014-07-11,0.0
2014-07-12,0.0
2014-07-13,0.0
2014-07-14,0.0
2014-07-15,0.0
2014-07-16,0.0
2014-07-17,0.20054540038108826
2014-07-18,36.42344284057617
2014-07-19,0.0
2014-07-20,0.0
2014-07-21,0.0
2014-07-22,0.0
2014-07-23,0.03299273923039436
2014-07-24,4.663976669311523
2014-07-25,0.18432629108428955
2014-07-26,1.9178366661071777
2014-07-27,0.0
2014-07-28,0.0
2014-07-29,0.0
2014-07-30,0.0
2014-07-31,0.0
2014-08-01,0.0
2014-08-02,0.0
2014-08-03,0.0
2014-08-04,0.0
2014-08-05,0.0
2014-08-06,0.0
2014-08-07,0.0
2014-08-08,0.0
2014-08-09,0.0
2014-08-10,0.0
2014-08-11,0.0
2014-08-12,0.0
2014-08-13,7.808130264282227
2014-08-14,0.027161739766597748
2014-08-15,0.19238153100013733
2014-08-16,0.0
2014-08-17,0.0
2014-08-18,0.0
2014-08-19,0.0
2014-08-20,0.0
2014-08-21,0.0
2014-08-22,0.0
2014-08-23,0.0
2014-08-24,0.0
2014-08-25,0.0
2014-08-26,0.0
2014-08-27,0.0
2014-08-28,0.0
2014-08-29,0.0
2014-08-30,0.0
2014-08-31,0.0
2014-09-01,0.640681803226471
2014-09-02,0.640681803226471
2014-09-03,0.640681803226471
2014-09-04,3.472834825515747
2014-09-05,1.0119377374649048
2014-09-06,0.0
2014-09-07,0.0
2014-09-08,0.0
2014-09-09,0.0
2014-09-10,0.0
2014-09-11,5.2527852058410645
2014-09-12,0.0
2014-09-13,0.0
2014-09-14,0.0
2014-09-15,0.0
2014-09-16,0.0
2014-09-17,0.0
2014-09-18,0.0
2014-09-19,12.981284141540527
2014-09-20,57.02854919433594
2014-09-21,5.12874174118042
2014-09-22,0.0
2014-09-23,0.0
2014-09-24,0.023854611441493034
2014-09-25,0.0
2014-09-26,0.01286970917135477
2014-09-27,16.988420486450195
2014-09-28,0.7925071716308594
2014-09-29,0.0
2014-09-30,0.0
2014-10-01,1.7964112758636475
2014-10-02,0.3288612961769104
2014-10-03,2.016284227371216
2014-10-04,0.0
2014-10-05,0.0
2014-10-06,0.0
2014-10-07,0.0
2014-10-08,0.0
2014-10-09,0.0
2014-10-10,0.0
2014-10-11,0.0
2014-10-12,0.0
2014-10-13,0.0
2014-10-14,0.0
2014-10-15,0.0
2014-10-16,0.0
2014-10-17,0.0
2014-10-18,0.0
2014-10-19,0.0
2014-10-20,12.199625968933105
2014-10-21,0.0
2014-10-22,0.0
2014-10-23,0.0
2014-10-24,16.40633773803711
2014-10-25,0.4558429419994354
2014-10-26,0.0
2014-10-27,2.0778732299804688
2014-10-28,0.0
2014-10-29,0.0
2014-10-30,0.0
2014-10-31,16.3343505859375
2014-11-01,0.0006334250210784376
2014-11-02,39.34413146972656
2014-11-03,0.12469145655632019
2014-11-04,13.837060928344727
2014-11-05,0.0
2014-11-06,0.0
2014-11-07,0.5640859007835388
2014-11-08,33.95674133300781
2014-11-09,0.0
2014-11-10,0.11652179807424545
2014-11-11,0.0
2014-11-12,13.721762657165527
2014-11-13,6.5883049964904785
2014-11-14,0.8044518828392029
2014-11-15,0.0
2014-11-16,0.0
2014-11-17,0.0
2014-11-18,0.0
2014-11-19,0.0
2014-11-20,0.0
2014-11-21,36.73834991455078
2014-11-22,19.539892196655273
2014-11-23,0.6708829998970032
2014-11-24,0.0
2014-11-25,5.066895008087158
2014-11-26,41.83190155029297
2014-11-27,0.5742750763893127
2014-11-28,0.0
2014-11-29,0.008494826965034008
2014-11-30,0.0
2014-12-01,15.044628143310547
2014-12-02,0.0
2014-12-03,0.0
2014-12-04,0.0
2014-12-05,0.0
2014-12-06,0.5371405482292175
2014-12-07,0.5371405482292175
2014-12-08,1.4323748350143433
2014-12-09,0.5371405482292175
2014-12-10,0.5371405482292175
2014-12-11,1.432338833808899
2014-12-12,0.03174671158194542
2014-12-13,1.1971780061721802
2014-12-14,23.472856521606445
2014-12-15,0.0
2014-12-16,1.8115609884262085
2014-12-17,3.1078224182128906
2014-12-18,87.27455139160156
2014-12-19,20.36370086669922
2014-12-20,0.04059407860040665
2014-12-21,0.048805613070726395
2014-12-22,51.835166931152344
2014-12-23,16.331989288330078
2014-12-24,0.0
2014-12-25,0.3227294683456421
2014-12-26,1.618546485900879
2014-12-27,0.11739113181829453
2014-12-28,0.46242186427116394
2014-12-29,0.38424554467201233
2014-12-30,0.11739113181829453
2014-12-31,0.11739113181829453
2015-01-01,0.0
2015-01-02,43.35015869140625
2015-01-03,30.851438522338867
2015-01-04,0.3970033824443817
2015-01-05,0.0
2015-01-06,10.693564414978027
2015-01-07,2.0300729274749756
2015-01-08,5.852126121520996
2015-01-09,0.0
2015-01-10,0.5449563264846802
2015-01-11,0.0
2015-01-12,2.4560861587524414
2015-01-13,0.0
2015-01-14,1.452292799949646
2015-01-15,4.550650596618652
2015-01-16,3.287872552871704
2015-01-17,0.0
2015-01-18,0.0
2015-01-19,0.0
2015-01-20,0.0
2015-01-21,2.31046199798584
2015-01-22,0.0
2015-01-23,0.03074871003627777
2015-01-24,0.0
2015-01-25,13.020845413208008
2015-01-26,12.039844512939453
2015-01-27,0.2930605411529541
2015-01-28,0.0
2015-01-29,4.326314449310303
2015-01-30,41.84087371826172
2015-01-31,0.9725347757339478
2015-02-01,0.0
2015-02-02,0.0
2015-02-03,0.0
2015-02-04,0.0
2015-02-05,0.0
2015-02-06,18.13806915283203
2015-02-07,14.47043514251709
2015-02-08,1.9979974031448364
2015-02-09,0.17268584668636322
2015-02-10,0.0
2015-02-11,15.225695610046387
2015-02-12,8.647318840026855
2015-02-13,4.180784702301025
2015-02-14,0.13836157321929932
2015-02-15,0.0
2015-02-16,32.067386627197266
2015-02-17,8.162888526916504
2015-02-18,0.0
2015-02-19,0.0
2015-02-20,15.636417388916016
2015-02-21,0.0
2015-02-22,8.023555755615234
2015-02-23,2.660301446914673
2015-02-24,0.0
2015-02-25,0.0
2015-02-26,0.07655195146799088
2015-02-27,0.7655194997787476
2015-02-28,0.07655195146799088
2015-03-01,0.0
2015-03-02,0.0
2015-03-03,0.0
2015-03-04,27.933265686035156
2015-03-05,1.4570518732070923
2015-03-06,0.3405161499977112
2015-03-07,0.3405161499977112
2015-03-08,0.3405161499977112
2015-03-09,5.448258399963379
2015-03-10,0.3405161499977112
2015-03-11,8.36279296875
2015-03-12,0.26538753509521484
2015-03-13,0.0
2015-03-14,0.0
2015-03-15,0.0
2015-03-16,12.34072208404541
2015-03-17,0.09082965552806854
2015-03-18,0.5437262058258057
2015-03-19,0.3331678509712219
2015-03-20,4.230668544769287
2015-03-21,7.1168341636657715
2015-03-22,0.0
2015-03-23,0.0
2015-03-24,0.0
2015-03-25,0.0
2015-03-26,3.983975410461426
2015-03-27,14.382731437683105
2015-03-28,0.22004318237304688
2015-03-29,0.0
2015-03-30,0.0
2015-03-31,0.18850180506706238
2015-04-01,16.452877044677734
2015-04-02,0.0
2015-04-03,0.0
2015-04-04,0.0
2015-04-05,17.131011962890625
2015-04-06,0.25164932012557983
2015-04-07,0.0
2015-04-08,0.0
2015-04-09,0.0
2015-04-10,4.969203472137451
2015-04-11,0.0
2015-04-12,1.0277483463287354
2015-04-13,10.568374633789062
2015-04-14,0.07761622220277786
2015-04-15,0.0
2015-04-16,0.0
2015-04-17,18.641199111938477
2015-04-18,6.319859981536865
2015-04-19,0.0
2015-04-20,0.05938396602869034
2015-04-21,0.0
2015-04-22,0.0
2015-04-23,0.0
2015-04-24,0.0
2015-04-25,0.0
2015-04-26,0.0
2015-04-27,0.0
2015-04-28,6.219616413116455
2015-04-29,2.258338689804077
2015-04-30,0.0
2015-05-01,0.0
2015-05-02,0.5624105334281921
2015-05-03,2.151176929473877
2015-05-04,75.22146606445312
2015-05-05,0.0
2015-05-06,0.06484349817037582
2015-05-07,0.0
2015-05-08,1.653361201286316
2015-05-09,5.824671268463135
2015-05-10,0.0
2015-05-11,3.629103899002075
2015-05-12,0.0
2015-05-13,0.0
2015-05-14,1.5984630584716797
2015-05-15,6.320265293121338
2015-05-16,39.93107604980469
2015-05-17,14.396417617797852
2015-05-18,1.0641205310821533
2015-05-19,0.6791086792945862
2015-05-20,0.0
2015-05-21,0.0
2015-05-22,0.0
2015-05-23,0.0
2015-05-24,0.0
2015-05-25,82.85606384277344
2015-05-26,0.2561897933483124
2015-05-27,20.47821807861328
2015-05-28,3.5529379844665527
2015-05-29,0.0
2015-05-30,0.0
2015-05-31,0.02614353969693184
2015-06-01,3.38250732421875
2015-06-02,0.0
2015-06-03,0.0
2015-06-04,0.0
2015-06-05,0.0
2015-06-06,1.270349383354187
2015-06-07,1.270349383354187
2015-06-08,1.270349383354187
2015-06-09,1.270349383354187
2015-06-10,1.270349383354187
2015-06-11,0.0
2015-06-12,9.265568733215332
2015-06-13,0.0
2015-06-14,0.0
2015-06-15,2.8698458671569824
2015-06-16,0.1295481026172638
2015-06-17,0.1295481026172638
2015-06-18,2.0727696418762207
2015-06-19,0.1295481026172638
2015-06-20,0.1295481026172638
2015-06-21,0.6465733051300049
2015-06-22,0.6465733051300049
2015-06-23,0.6465733051300049
2015-06-24,0.6465733051300049
2015-06-25,0.6465733051300049
2015-06-26,0.0
2015-06-27,0.0
2015-06-28,0.6500756144523621
2015-06-29,3.5900466442108154
2015-06-30,33.183570861816406
2015-07-01,0.08681926131248474
2015-07-02,0.04457838833332062
2015-07-03,21.220619201660156
2015-07-04,81.5811767578125
2015-07-05,5.122303485870361
2015-07-06,10.113232612609863
2015-07-07,17.51972770690918
2015-07-08,0.08761904388666153
2015-07-09,0.0
2015-07-10,0.0
2015-07-11,0.0
2015-07-12,0.0
2015-07-13,4.223479270935059
2015-07-14,28.845752716064453
2015-07-15,59.14351272583008
2015-07-16,0.5047743916511536
2015-07-17,0.0
2015-07-18,0.0
2015-07-19,0.0
2015-07-20,0.0
2015-07-21,0.11716306209564209
2015-07-22,0.11716306209564209
2015-07-23,0.11716306209564209
2015-07-24,0.11716306209564209
2015-07-25,0.11716306209564209
2015-07-26,0.04862266406416893
2015-07-27,0.04862266406416893
2015-07-28,0.04862266406416893
2015-07-29,0.04862266406416893
2015-07-30,0.04862266406416893
2015-07-31,0.04862266406416893
2015-08-01,0.0
2015-08-02,0.0
2015-08-03,0.0
2015-08-04,0.0
2015-08-05,0.0
2015-08-06,0.0
2015-08-07,0.0
2015-08-08,0.0
2015-08-09,2.686596632003784
2015-08-10,0.0
2015-08-11,0.0
2015-08-12,0.07834414392709732
2015-08-13,0.7744205594062805
2015-08-14,0.5774840712547302
2015-08-15,0.0
2015-08-16,0.0
2015-08-17,6.5371904373168945
2015-08-18,0.1906648874282837
2015-08-19,0.0
2015-08-20,0.032597482204437256
2015-08-21,0.0
2015-08-22,0.0
2015-08-23,0.0
2015-08-24,2.454289197921753
2015-08-25,0.0
2015-08-26,0.0
2015-08-27,9.623839378356934
2015-08-28,0.0
2015-08-29,0.0
2015-08-30,0.0
2015-08-31,0.0
2015-09-01,0.012908780947327614
2015-09-02,0.012908780947327614
2015-09-03,0.012908780947327614
2015-09-04,0.012908780947327614
2015-09-05,0.07745268940925598
2015-09-06,0.0
2015-09-07,0.0
2015-09-08,0.0
2015-09-09,0.0
2015-09-10,0.0
2015-09-11,1.3134074211120605
2015-09-12,0.08208796381950378
2015-09-13,0.08208796381950378
2015-09-14,0.08208796381950378
2015-09-15,0.08208796381950378
2015-09-16,0.0
2015-09-17,0.0
2015-09-18,0.0
2015-09-19,0.0
2015-09-20,0.0
2015-09-21,0.0
2015-09-22,0.0
2015-09-23,0.0
2015-09-24,0.0
2015-09-25,2.979006290435791
2015-09-26,4.224048614501953
2015-09-27,4.030420780181885
2015-09-28,0.0
2015-09-29,0.0
2015-09-30,5.446462631225586
2015-10-01,0.882064163684845
2015-10-02,5.317622184753418
2015-10-03,1.7576006650924683
2015-10-04,2.1017415523529053
2015-10-05,0.0
2015-10-06,0.0
2015-10-07,0.0
2015-10-08,0.28532227873802185
2015-10-09,16.036264419555664
2015-10-10,2.756660223007202
2015-10-11,0.0
2015-10-12,0.0
2015-10-13,0.0
2015-10-14,0.0
2015-10-15,0.0
2015-10-16,1.055493712425232
2015-10-17,0.0
2015-10-18,0.07489558309316635
2015-10-19,0.0
2015-10-20,0.0
2015-10-21,0.0
2015-10-22,0.0
2015-10-23,0.0
2015-10-24,0.0
2015-10-25,0.0
2015-10-26,0.0
2015-10-27,2.465427875518799
2015-10-28,0.4560125172138214
2015-10-29,0.0
2015-10-30,0.0
2015-10-31,13.709766387939453
2015-11-01,18.326650619506836
2015-11-02,1.9408419132232666
2015-11-03,0.47000283002853394
2015-11-04,0.24296551942825317
2015-11-05,0.009572833776473999
2015-11-06,0.0
2015-11-07,0.0
2015-11-08,0.0
2015-11-09,0.0
2015-11-10,0.0
2015-11-11,16.08006477355957
2015-11-12,1.2567131519317627
2015-11-13,0.049961887300014496
2015-11-14,0.0
2015-11-15,0.0
2015-11-16,0.0
2015-11-17,0.0
2015-11-18,0.0
2015-11-19,0.0
2015-11-20,21.633441925048828
2015-11-21,0.0
2015-11-22,0.0
2015-11-23,4.737127780914307
2015-11-24,6.00513219833374
2015-11-25,0.0
2015-11-26,0.6212034821510315
2015-11-27,0.33943021297454834
2015-11-28,1.1593767404556274
2015-11-29,19.878087997436523
2015-11-30,0.8808426856994629
2015-12-01,4.756967067718506
2015-12-02,0.20666103065013885
2015-12-03,0.0
2015-12-04,0.0
2015-12-05,4.124084949493408
2015-12-06,35.558658599853516
2015-12-07,0.0
2015-12-08,0.0
2015-12-09,0.0
2015-12-10,6.833706855773926
2015-12-11,0.19219867885112762
2015-12-12,0.19219867885112762
2015-12-13,0.19219867885112762
2015-12-14,0.19219867885112762
2015-12-15,0.19219867885112762
2015-12-16,27.414644241333008
2015-12-17,0.0
2015-12-18,0.0
2015-12-19,7.969233989715576
2015-12-20,0.5632484555244446
2015-12-21,0.0
2015-12-22,0.0
2015-12-23,0.0
2015-12-24,0.16052836179733276
2015-12-25,19.020021438598633
2015-12-26,1.4477473497390747
2015-12-27,6.578394412994385
2015-12-28,2.1045374870300293
2015-12-29,0.0
2015-12-30,0.0
2015-12-31,0.0
2016-01-01,11.816305160522461
2016-01-02,14.654428482055664
2016-01-03,7.097042083740234
2016-01-04,1.1251486539840698
2016-01-05,0.0
2016-01-06,14.675479888916016
2016-01-07,0.0
2016-01-08,10.83460807800293
2016-01-09,11.955257415771484
2016-01-10,0.6067753434181213
2016-01-11,3.0699241161346436
2016-01-12,0.0
2016-01-13,1.6943506002426147
2016-01-14,21.31107521057129
2016-01-15,0.1383225917816162
2016-01-16,5.941984176635742
2016-01-17,3.2922840118408203
2016-01-18,18.64980125427246
2016-01-19,0.4480437934398651
2016-01-20,0.0
2016-01-21,0.16381630301475525
2016-01-22,0.16381630301475525
2016-01-23,0.16381630301475525
2016-01-24,0.16381630301475525
2016-01-25,0.9828978180885315
2016-01-26,0.04118562117218971
2016-01-27,8.74848747253418
2016-01-28,0.03530801087617874
2016-01-29,0.0
2016-01-30,54.03287124633789
2016-01-31,13.750140190124512
2016-02-01,1.4173166751861572
2016-02-02,7.599836349487305
2016-02-03,2.2882325649261475
2016-02-04,6.596689701080322
2016-02-05,0.6255200505256653
2016-02-06,0.11174984276294708
2016-02-07,0.036140624433755875
2016-02-08,0.0
2016-02-09,0.0
2016-02-10,0.0016374753322452307
2016-02-11,0.6335690021514893
2016-02-12,0.0
2016-02-13,0.0
2016-02-14,7.744100570678711
2016-02-15,0.0
2016-02-16,0.0
2016-02-17,0.0
2016-02-18,0.0
2016-02-19,0.0
2016-02-20,12.280431747436523
2016-02-21,8.283052444458008
2016-02-22,5.652788162231445
2016-02-23,0.0027176765725016594
2016-02-24,0.0918942242860794
2016-02-25,0.0624404177069664
2016-02-26,0.6674781441688538
2016-02-27,4.698115825653076
2016-02-28,32.277530670166016
2016-02-29,0.0
2016-03-01,0.0
2016-03-02,17.930307388305664
2016-03-03,7.948773384094238
2016-03-04,0.4100326895713806
2016-03-05,1.3059290647506714
2016-03-06,0.7487850189208984
2016-03-07,0.0
2016-03-08,0.014594705775380135
2016-03-09,0.0
2016-03-10,0.06151764467358589
2016-03-11,0.0
2016-03-12,0.0
2016-03-13,0.0
2016-03-14,0.0
2016-03-15,0.0
2016-03-16,0.0
2016-03-17,0.0
2016-03-18,0.0
2016-03-19,12.347743034362793
2016-03-20,0.0
2016-03-21,0.725477397441864
2016-03-22,0.39031746983528137
2016-03-23,0.0
2016-03-24,16.090961456298828
2016-03-25,22.62319564819336
2016-03-26,0.0
2016-03-27,0.0
2016-03-28,0.0
2016-03-29,0.0
2016-03-30,0.0
2016-03-31,0.0
2016-04-01,0.0
2016-04-02,0.0
2016-04-03,0.0
2016-04-04,0.0
2016-04-05,0.0
2016-04-06,0.0
2016-04-07,0.0
2016-04-08,0.0
2016-04-09,0.0
2016-04-10,27.557565689086914
2016-04-11,14.909139633178711
2016-04-12,0.18653298914432526
2016-04-13,0.0
2016-04-14,0.0
2016-04-15,7.3863725662231445
2016-04-16,0.0
2016-04-17,0.0
2016-04-18,0.0
2016-04-19,0.0
2016-04-20,4.746144771575928
2016-04-21,19.032588958740234
2016-04-22,4.143496513366699
2016-04-23,3.262568473815918
2016-04-24,0.0
2016-04-25,4.5505218505859375
2016-04-26,10.605566024780273
2016-04-27,0.0
2016-04-28,0.0
2016-04-29,0.0
2016-04-30,0.0
2016-05-01,0.0
2016-05-02,0.0
2016-05-03,0.0
2016-05-04,0.0
2016-05-05,0.0
2016-05-06,0.0
2016-05-07,0.2317344844341278
2016-05-08,0.035333968698978424
2016-05-09,0.0
2016-05-10,20.598018646240234
2016-05-11,0.0
2016-05-12,0.0
2016-05-13,0.0
2016-05-14,0.0
2016-05-15,0.0
2016-05-16,21.46489715576172
2016-05-17,0.0
2016-05-18,0.0
2016-05-19,1.2238558530807495
2016-05-20,0.0
2016-05-21,0.0
2016-05-22,0.0
2016-05-23,0.0
2016-05-24,0.0
2016-05-25,0.0
2016-05-26,0.0
2016-05-27,0.0
2016-05-28,0.0
2016-05-29,0.0
2016-05-30,0.0
2016-05-31,0.0
2016-06-01,0.02037746086716652
2016-06-02,0.0
2016-06-03,0.0
2016-06-04,0.0
2016-06-05,20.683122634887695
2016-06-06,1.7031973600387573
2016-06-07,1.7031973600387573
2016-06-08,1.7031973600387573
2016-06-09,1.7031973600387573
2016-06-10,1.7031973600387573
2016-06-11,0.3879941999912262
2016-06-12,0.3879941999912262
2016-06-13,1.034651279449463
2016-06-14,0.3879941999912262
2016-06-15,0.3879941999912262
2016-06-16,0.4272034764289856
2016-06-17,0.4272034764289856
2016-06-18,0.4272034764289856
2016-06-19,0.4272034764289856
2016-06-20,0.4272034764289856
2016-06-21,0.8619396090507507
2016-06-22,0.8619396090507507
2016-06-23,0.8619396090507507
2016-06-24,0.8619396090507507
2016-06-25,0.8619396090507507
2016-06-26,1.551451563835144
2016-06-27,0.2585752606391907
2016-06-28,0.2585752606391907
2016-06-29,0.2585752606391907
2016-06-30,0.2585752606391907
2016-07-01,0.0
2016-07-02,0.0
2016-07-03,0.0
2016-07-04,0.0
2016-07-05,0.0
2016-07-06,0.008150014095008373
2016-07-07,0.008150014095008373
2016-07-08,0.008150014095008373
2016-07-09,0.008150014095008373
2016-07-10,0.008150014095008373
2016-07-11,0.0
2016-07-12,0.0
2016-07-13,0.0
2016-07-14,0.0
2016-07-15,0.0
2016-07-16,0.08532562106847763
2016-07-17,0.08532562106847763
2016-07-18,0.08532562106847763
2016-07-19,0.08532562106847763
2016-07-20,0.08532562106847763
2016-07-21,0.12399394810199738
2016-07-22,0.12399394810199738
2016-07-23,0.12399394810199738
2016-07-24,0.12399394810199738
2016-07-25,0.12399394810199738
2016-07-26,0.05145750567317009
2016-07-27,0.05145750567317009
2016-07-28,0.05145750567317009
2016-07-29,0.05145750567317009
2016-07-30,0.05145750567317009
2016-07-31,0.05145750567317009
2016-08-01,0.0
2016-08-02,0.0
2016-08-03,0.0
2016-08-04,0.0
2016-08-05,0.0
2016-08-06,0.0
2016-08-07,1.4080524444580078
2016-08-08,0.02852167747914791
2016-08-09,9.411391258239746
2016-08-10,0.9211156964302063
2016-08-11,0.0
2016-08-12,0.0
2016-08-13,0.0
2016-08-14,0.0
2016-08-15,0.0
2016-08-16,0.0
2016-08-17,0.0
2016-08-18,0.0
2016-08-19,7.59722375869751
2016-08-20,0.2564427852630615
2016-08-21,0.0
2016-08-22,0.0
2016-08-23,0.0
2016-08-24,0.0
2016-08-25,0.0
2016-08-26,0.0
2016-08-27,0.0
2016-08-28,22.18103790283203
2016-08-29,27.359458923339844
2016-08-30,4.6194987297058105
2016-08-31,0.0
2016-09-01,0.0
2016-09-02,2.8586161136627197
2016-09-03,8.509584426879883
2016-09-04,1.18569016456604
2016-09-05,3.447831869125366
2016-09-06,0.0
2016-09-07,0.0
2016-09-08,0.0
2016-09-09,0.0
2016-09-10,0.0
2016-09-11,0.16691695153713226
2016-09-12,0.16691695153713226
2016-09-13,0.16691695153713226
2016-09-14,0.16691695153713226
2016-09-15,0.16691695153713226
2016-09-16,0.2688620090484619
2016-09-17,0.2688620090484619
2016-09-18,0.2688620090484619
2016-09-19,0.71696537733078
2016-09-20,0.2688620090484619
2016-09-21,0.0
2016-09-22,0.0
2016-09-23,6.3832173347473145
2016-09-24,2.3570563793182373
2016-09-25,0.0
2016-09-26,0.0
2016-09-27,0.0
2016-09-28,0.0
2016-09-29,0.0
2016-09-30,0.0
2016-10-01,10.78124713897705
2016-10-02,0.0
2016-10-03,3.4856886863708496
2016-10-04,14.583211898803711
2016-10-05,16.33599281311035
2016-10-06,0.0
2016-10-07,0.0
2016-10-08,0.0
2016-10-09,0.0
2016-10-10,0.0
2016-10-11,1.8263119459152222
2016-10-12,0.2816838324069977
2016-10-13,0.004506513476371765
2016-10-14,1.4186809062957764
2016-10-15,0.0
2016-10-16,0.04238655045628548
2016-10-17,0.6660743355751038
2016-10-18,0.04238655045628548
2016-10-19,0.04238655045628548
2016-10-20,0.05449698865413666
2016-10-21,0.6488440036773682
2016-10-22,0.0
2016-10-23,0.0
2016-10-24,5.838352680206299
2016-10-25,0.1043848767876625
2016-10-26,19.276752471923828
2016-10-27,2.571669101715088
2016-10-28,0.0
2016-10-29,0.0
2016-10-30,0.00476727494969964
2016-10-31,0.0
2016-11-01,0.0
2016-11-02,48.53001022338867
2016-11-03,0.10278887301683426
2016-11-04,0.0
2016-11-05,0.0
2016-11-06,0.0
2016-11-07,0.0
2016-11-08,46.649051666259766
2016-11-09,2.035759925842285
2016-11-10,0.008042500354349613
2016-11-11,0.022660106420516968
2016-11-12,0.13419091701507568
2016-11-13,0.0
2016-11-14,0.0
2016-11-15,39.36237335205078
2016-11-16,16.917579650878906
2016-11-17,1.7330591678619385
2016-11-18,0.0
2016-11-19,0.0
2016-11-20,0.0
2016-11-21,0.0
2016-11-22,0.5380579829216003
2016-11-23,1.6141738891601562
2016-11-24,0.0
2016-11-25,0.0
2016-11-26,1.35550057888031
2016-11-27,0.0
2016-11-28,7.52957010269165
2016-11-29,8.610390663146973
2016-11-30,0.0
2016-12-01,0.0
2016-12-02,13.921463966369629
2016-12-03,2.702549934387207
2016-12-04,2.119349956512451
2016-12-05,0.0
2016-12-06,0.923960268497467
2016-12-07,4.954774379730225
2016-12-08,0.0
2016-12-09,3.304344654083252
2016-12-10,70.98735809326172
2016-12-11,2.684788465499878
2016-12-12,4.578681945800781
2016-12-13,0.0
2016-12-14,13.760628700256348
2016-12-15,0.0
2016-12-16,0.0
2016-12-17,0.0
2016-12-18,0.0
2016-12-19,0.0
2016-12-20,11.002434730529785
2016-12-21,0.336575984954834
2016-12-22,4.93242073059082
2016-12-23,0.0
2016-12-24,0.0
2016-12-25,0.0
2016-12-26,0.06463811546564102
2016-12-27,2.477585554122925
2016-12-28,1.3294340372085571
2016-12-29,0.0
2016-12-30,0.0
2016-12-31,0.0
2017-01-01,0.0
2017-01-02,0.0
2017-01-03,2.0462522506713867
2017-01-04,0.6114713549613953
2017-01-05,1.6484124660491943
2017-01-06,8.314657211303711
2017-01-07,0.9622378349304199
2017-01-08,0.0
2017-01-09,0.0
2017-01-10,0.0
2017-01-11,0.0
2017-01-12,7.0270209312438965
2017-01-13,1.8198434114456177
2017-01-14,0.0
2017-01-15,0.0
2017-01-16,0.0
2017-01-17,0.9660648107528687
2017-01-18,10.218036651611328
2017-01-19,14.939762115478516
2017-01-20,0.0
2017-01-21,1.1126492023468018
2017-01-22,0.0
2017-01-23,0.0
2017-01-24,74.82984161376953
2017-01-25,0.08109878748655319
2017-01-26,0.5714266896247864
2017-01-27,0.5006963610649109
2017-01-28,0.0
2017-01-29,0.0
2017-01-30,0.0
2017-01-31,0.0
2017-02-01,0.28927743434906006
2017-02-02,11.955863952636719
2017-02-03,0.0
2017-02-04,0.0
2017-02-05,0.0
2017-02-06,22.95441436767578
2017-02-07,0.04232008382678032
2017-02-08,0.0
2017-02-09,0.0
2017-02-10,0.0
2017-02-11,71.86418914794922
2017-02-12,0.5641910433769226
2017-02-13,0.0
2017-02-14,0.06923304498195648
2017-02-15,31.109474182128906
2017-02-16,43.786861419677734
2017-02-17,0.18867191672325134
2017-02-18,0.0
2017-02-19,7.629216194152832
2017-02-20,0.0
2017-02-21,3.7546894550323486
2017-02-22,0.5789278745651245
2017-02-23,0.0
2017-02-24,0.0
2017-02-25,12.950974464416504
2017-02-26,0.0
2017-02-27,0.0005661948816850781
2017-02-28,5.62967586517334
2017-03-01,2.476818323135376
2017-03-02,7.158577919006348
2017-03-03,3.379495859146118
2017-03-04,11.168813705444336
2017-03-05,0.010312880389392376
2017-03-06,36.41048049926758
2017-03-07,0.013477818109095097
2017-03-08,0.0020903300028294325
2017-03-09,0.0
2017-03-10,0.0
2017-03-11,0.0
2017-03-12,0.0
2017-03-13,13.484613418579102
2017-03-14,0.0
2017-03-15,0.3259679675102234
2017-03-16,26.364078521728516
2017-03-17,0.2612638473510742
2017-03-18,0.0
2017-03-19,0.0
2017-03-20,0.0
2017-03-21,31.679302215576172
2017-03-22,0.47229358553886414
2017-03-23,0.003681735135614872
2017-03-24,0.3245293200016022
2017-03-25,0.2550064027309418
2017-03-26,0.0
2017-03-27,1.5904426574707031
2017-03-28,0.0
2017-03-29,25.866899490356445
2017-03-30,0.0
2017-03-31,0.00310919969342649
2017-04-01,19.480154037475586
2017-04-02,0.08357129245996475
2017-04-03,8.416010856628418
2017-04-04,52.22447204589844
2017-04-05,0.0
2017-04-06,1.5082794427871704
2017-04-07,0.0
2017-04-08,0.0
2017-04-09,6.7498040199279785
2017-04-10,25.052335739135742
2017-04-11,0.0
2017-04-12,0.0
2017-04-13,0.0
2017-04-14,0.0
2017-04-15,0.0
2017-04-16,0.0
2017-04-17,0.044438134878873825
2017-04-18,0.4249677360057831
2017-04-19,0.0018515889532864094
2017-04-20,23.303142547607422
2017-04-21,0.0
2017-04-22,0.0
2017-04-23,0.0
2017-04-24,0.0
2017-04-25,0.0
2017-04-26,49.08257293701172
2017-04-27,2.187192916870117
2017-04-28,0.5510210394859314
2017-04-29,0.16152691841125488
2017-04-30,0.0
2017-05-01,0.0
2017-05-02,0.0
2017-05-03,0.0
2017-05-04,0.0
2017-05-05,0.0
2017-05-06,0.0
2017-05-07,0.0
2017-05-08,0.0
2017-05-09,43.071632385253906
2017-05-10,0.001453796518035233
2017-05-11,0.0
2017-05-12,0.0
2017-05-13,0.0
2017-05-14,0.0
2017-05-15,0.0
2017-05-16,0.0
2017-05-17,0.03944259509444237
2017-05-18,10.475198745727539
2017-05-19,7.936697006225586
2017-05-20,88.1891860961914
2017-05-21,0.8028790354728699
2017-05-22,0.4124753475189209
2017-05-23,6.1827874183654785
2017-05-24,10.305459976196289
2017-05-25,0.0012244002427905798
2017-05-26,5.851221084594727
2017-05-27,2.584287405014038
2017-05-28,0.0
2017-05-29,0.22576667368412018
2017-05-30,0.0
2017-05-31,0.0
2017-06-01,0.0663469061255455
2017-06-02,0.0663469061255455
2017-06-03,0.0663469061255455
2017-06-04,0.0663469061255455
2017-06-05,0.0663469061255455
2017-06-06,0.0
2017-06-07,0.0
2017-06-08,0.8488286733627319
2017-06-09,44.06551742553711
2017-06-10,0.005758987739682198
2017-06-11,1.0577219724655151
2017-06-12,0.1762869954109192
2017-06-13,0.1762869954109192
2017-06-14,0.1762869954109192
2017-06-15,0.1762869954109192
2017-06-16,0.3128870725631714
2017-06-17,0.3128870725631714
2017-06-18,0.3128870725631714
2017-06-19,0.3128870725631714
2017-06-20,0.3128870725631714
2017-06-21,0.3951222598552704
2017-06-22,0.3951222598552704
2017-06-23,0.3951222598552704
2017-06-24,0.3951222598552704
2017-06-25,0.3951222598552704
2017-06-26,0.0
2017-06-27,0.0
2017-06-28,2.5354268550872803
2017-06-29,0.0
2017-06-30,0.0
2017-07-01,0.0
2017-07-02,0.0
2017-07-03,0.0
2017-07-04,0.0
2017-07-05,0.0
2017-07-06,0.007520466577261686
2017-07-07,0.007520466577261686
2017-07-08,0.007520466577261686
2017-07-09,0.007520466577261686
2017-07-10,0.007520466577261686
2017-07-11,0.0
2017-07-12,0.0
2017-07-13,0.0
2017-07-14,0.0
2017-07-15,0.0
2017-07-16,0.1362880915403366
2017-07-17,0.1362880915403366
2017-07-18,0.1362880915403366
2017-07-19,0.1362880915403366
2017-07-20,0.1362880915403366
2017-07-21,0.11705666780471802
2017-07-22,0.11705666780471802
2017-07-23,0.11705666780471802
2017-07-24,0.11705666780471802
2017-07-25,0.11705666780471802
2017-07-26,0.04857858270406723
2017-07-27,0.04857858270406723
2017-07-28,0.04857858270406723
2017-07-29,0.04857858270406723
2017-07-30,0.04857858270406723
2017-07-31,0.04857858270406723
2017-08-01,0.0
2017-08-02,0.0
2017-08-03,0.0
2017-08-04,0.0
2017-08-05,0.0
2017-08-06,0.24268876016139984
2017-08-07,0.24268876016139984
2017-08-08,0.24268876016139984
2017-08-09,0.24268876016139984
2017-08-10,0.24268876016139984
2017-08-11,0.0
2017-08-12,0.0
2017-08-13,13.331415176391602
2017-08-14,0.0
2017-08-15,0.0
2017-08-16,13.210329055786133
2017-08-17,15.457076072692871
2017-08-18,0.9384230971336365
2017-08-19,0.0
2017-08-20,0.0
2017-08-21,0.0
2017-08-22,0.0
2017-08-23,0.0
2017-08-24,0.0
2017-08-25,0.0
2017-08-26,0.0
2017-08-27,0.0
2017-08-28,0.0
2017-08-29,0.0
2017-08-30,0.0
2017-08-31,0.0
2017-09-01,0.0
2017-09-02,0.0
2017-09-03,0.8390402793884277
2017-09-04,0.0
2017-09-05,0.3923135995864868
2017-09-06,0.0
2017-09-07,0.0
2017-09-08,0.0
2017-09-09,0.0
2017-09-10,0.0
2017-09-11,0.0007002375787124038
2017-09-12,0.000771285267546773
2017-09-13,0.0
2017-09-14,0.0
2017-09-15,0.8951048254966736
2017-09-16,0.0
2017-09-17,0.0
2017-09-18,0.0
2017-09-19,0.0
2017-09-20,0.0
2017-09-21,0.0
2017-09-22,0.0
2017-09-23,0.0
2017-09-24,0.0
2017-09-25,0.0
2017-09-26,1.5730814933776855
2017-09-27,0.0
2017-09-28,37.573081970214844
2017-09-29,0.12525616586208344
2017-09-30,0.0
2017-10-01,0.0
2017-10-02,13.17574405670166
2017-10-03,0.0
2017-10-04,0.0
2017-10-05,0.0
2017-10-06,0.0
2017-10-07,2.5532147884368896
2017-10-08,0.0
2017-10-09,0.0
2017-10-10,1.0175975561141968
2017-10-11,0.0
2017-10-12,0.1910114586353302
2017-10-13,22.679832458496094
2017-10-14,0.04660559073090553
2017-10-15,0.0
2017-10-16,0.0
2017-10-17,0.0
2017-10-18,0.0
2017-10-19,24.008115768432617
2017-10-20,40.43785095214844
2017-10-21,1.1288020610809326
2017-10-22,6.276830673217773
2017-10-23,1.6390870809555054
2017-10-24,0.0
2017-10-25,0.0
2017-10-26,0.0
2017-10-27,17.316448211669922
2017-10-28,13.62295913696289
2017-10-29,0.0
2017-10-30,0.0
2017-10-31,44.90251159667969
2017-11-01,0.04890354722738266
2017-11-02,0.0
2017-11-03,0.0
2017-11-04,0.24645450711250305
2017-11-05,17.522729873657227
2017-11-06,0.9619749188423157
2017-11-07,0.05432302877306938
2017-11-08,5.25147008895874
2017-11-09,0.015209073200821877
2017-11-10,10.98346996307373
2017-11-11,15.310579299926758
2017-11-12,0.9569112062454224
2017-11-13,0.9569112062454224
2017-11-14,0.9569112062454224
2017-11-15,0.9569112062454224
2017-11-16,4.558409690856934
2017-11-17,7.435751914978027
2017-11-18,10.460382461547852
2017-11-19,5.621033191680908
2017-11-20,0.0
2017-11-21,0.0
2017-11-22,8.937101364135742
2017-11-23,0.0
2017-11-24,0.0
2017-11-25,0.0
2017-11-26,0.0
2017-11-27,0.5917615294456482
2017-11-28,14.179309844970703
2017-11-29,1.4394758939743042
2017-11-30,0.6262392997741699
2017-12-01,46.95451354980469
2017-12-02,0.0
2017-12-03,0.051545992493629456
2017-12-04,5.885807037353516
2017-12-05,13.213525772094727
2017-12-06,0.0
2017-12-07,0.0
2017-12-08,0.0
2017-12-09,0.0
2017-12-10,26.80080795288086
2017-12-11,0.0
2017-12-12,0.0
2017-12-13,0.0
2017-12-14,0.0
2017-12-15,0.0
2017-12-16,0.0
2017-12-17,0.0
2017-12-18,29.314695358276367
2017-12-19,0.09882289916276932
2017-12-20,1.047479271888733
2017-12-21,0.0
2017-12-22,16.335145950317383
2017-12-23,16.354949951171875
2017-12-24,42.09151840209961
2017-12-25,0.21757304668426514
2017-12-26,0.0
2017-12-27,0.0
2017-12-28,0.0
2017-12-29,20.090118408203125
2017-12-30,0.0
2017-12-31,0.0
2018-01-01,0.17134536802768707
2018-01-02,111.84417724609375
2018-01-03,4.918528079986572
2018-01-04,0.0
2018-01-05,0.0
2018-01-06,22.921363830566406
2018-01-07,7.904560565948486
2018-01-08,0.0
2018-01-09,0.0
2018-01-10,0.4072762727737427
2018-01-11,0.43065837025642395
2018-01-12,0.0
2018-01-13,0.0
2018-01-14,72.23307800292969
2018-01-15,10.135100364685059
2018-01-16,0.437316358089447
2018-01-17,0.3301372230052948
2018-01-18,0.0
2018-01-19,1.4613525867462158
2018-01-20,1.7452843189239502
2018-01-21,0.0
2018-01-22,0.0
2018-01-23,1.0681215524673462
2018-01-24,0.0
2018-01-25,13.795809745788574
2018-01-26,11.071941375732422
2018-01-27,4.769181728363037
2018-01-28,0.0
2018-01-29,3.0782179832458496
2018-01-30,4.473408222198486
2018-01-31,21.25530433654785
2018-02-01,17.430814743041992
2018-02-02,0.08102639019489288
2018-02-03,0.11856285482645035
2018-02-04,0.0
2018-02-05,0.0
2018-02-06,0.0
2018-02-07,0.0
2018-02-08,0.0
2018-02-09,1.9635204076766968
2018-02-10,1.257345199584961
2018-02-11,41.67678451538086
2018-02-12,2.9698281288146973
2018-02-13,1.1674350500106812
2018-02-14,0.0
2018-02-15,0.6887083053588867
2018-02-16,17.14510154724121
2018-02-17,3.623429298400879
2018-02-18,0.03170573711395264
2018-02-19,2.1269242763519287
2018-02-20,24.39048957824707
2018-02-21,2.778846263885498
2018-02-22,6.85714864730835
2018-02-23,0.3596309721469879
2018-02-24,0.0
2018-02-25,0.7933036088943481
2018-02-26,0.0
2018-02-27,0.07012360543012619
2018-02-28,0.16880935430526733
2018-03-01,11.055344581604004
2018-03-02,0.5164064764976501
2018-03-03,2.157589912414551
2018-03-04,0.0
2018-03-05,0.0
2018-03-06,1.2281074523925781
2018-03-07,0.4391954839229584
2018-03-08,0.0
2018-03-09,0.0
2018-03-10,0.0
2018-03-11,0.0
2018-03-12,0.0
2018-03-13,0.0
2018-03-14,0.0
2018-03-15,0.0
2018-03-16,14.441131591796875
2018-03-17,0.9033910036087036
2018-03-18,0.0
2018-03-19,4.079124450683594
2018-03-20,0.0
2018-03-21,0.0
2018-03-22,0.0
2018-03-23,0.0
2018-03-24,0.0
2018-03-25,17.34232521057129
2018-03-26,0.0
2018-03-27,0.0
2018-03-28,0.0
2018-03-29,0.0
2018-03-30,0.0
2018-03-31,0.0
2018-04-01,0.07210681587457657
2018-04-02,6.031906604766846
2018-04-03,0.0
2018-04-04,0.0
2018-04-05,0.0
2018-04-06,0.05175825580954552
2018-04-07,0.0
2018-04-08,8.735677719116211
2018-04-09,13.506338119506836
2018-04-10,0.0
2018-04-11,0.0
2018-04-12,0.0
2018-04-13,34.97417068481445
2018-04-14,0.0
2018-04-15,0.0
2018-04-16,0.0
2018-04-17,0.0
2018-04-18,0.0
2018-04-19,0.0
2018-04-20,0.0
2018-04-21,0.3157177269458771
2018-04-22,0.0
2018-04-23,0.0
2018-04-24,23.76346778869629
2018-04-25,0.0
2018-04-26,0.034276194870471954
2018-04-27,0.034276194870471954
2018-04-28,0.034276194870471954
2018-04-29,0.5484191179275513
2018-04-30,0.034276194870471954
2018-05-01,0.0
2018-05-02,0.0
2018-05-03,0.36871007084846497
2018-05-04,11.05923843383789
2018-05-05,0.0
2018-05-06,2.4231503009796143
2018-05-07,0.0
2018-05-08,0.0
2018-05-09,0.0
2018-05-10,0.0
2018-05-11,38.3825798034668
2018-05-12,0.0
2018-05-13,0.0
2018-05-14,0.0
2018-05-15,0.0
2018-05-16,0.3925803601741791
2018-05-17,0.0
2018-05-18,0.0
2018-05-19,26.51883316040039
2018-05-20,0.0
2018-05-21,0.0
2018-05-22,0.0
2018-05-23,0.0
2018-05-24,0.0
2018-05-25,0.0
2018-05-26,0.0
2018-05-27,0.0
2018-05-28,0.0
2018-05-29,0.0
2018-05-30,0.0
2018-05-31,0.0
2018-06-01,1.5927947759628296
2018-06-02,0.906416118144989
2018-06-03,10.143218994140625
2018-06-04,1.671373724937439
2018-06-05,0.0
2018-06-06,0.5680221915245056
2018-06-07,0.7262920141220093
2018-06-08,0.0721752941608429
2018-06-09,0.4739803969860077
2018-06-10,0.0
2018-06-11,0.0
2018-06-12,2.6842026710510254
2018-06-13,0.8071597814559937
2018-06-14,0.06572886556386948
2018-06-15,0.0
2018-06-16,0.2850712239742279
2018-06-17,0.2850712239742279
2018-06-18,0.2850712239742279
2018-06-19,0.2850712239742279
2018-06-20,0.2850712239742279
2018-06-21,1.0320501327514648
2018-06-22,1.0320501327514648
2018-06-23,2.75213360786438
2018-06-24,1.0320501327514648
2018-06-25,1.0320501327514648
2018-06-26,0.0
2018-06-27,3.6533262729644775
2018-06-28,0.2916044592857361
2018-06-29,0.0
2018-06-30,0.0
2018-07-01,0.26455017924308777
2018-07-02,0.26455017924308777
2018-07-03,0.26455017924308777
2018-07-04,0.26455017924308777
2018-07-05,0.26455017924308777
2018-07-06,0.007317156996577978
2018-07-07,0.007317156996577978
2018-07-08,0.007317156996577978
2018-07-09,0.007317156996577978
2018-07-10,0.007317156996577978
2018-07-11,0.0
2018-07-12,0.0
2018-07-13,0.0
2018-07-14,0.0
2018-07-15,0.0
2018-07-16,0.0
2018-07-17,0.0
2018-07-18,0.0
2018-07-19,0.0
2018-07-20,12.722949028015137
2018-07-21,6.156260013580322
2018-07-22,5.669829845428467
2018-07-23,0.0
2018-07-24,0.0
2018-07-25,0.0
2018-07-26,0.10247476398944855
2018-07-27,0.03415825217962265
2018-07-28,0.03415825217962265
2018-07-29,0.03415825217962265
2018-07-30,0.03415825217962265
2018-07-31,0.03415825217962265
2018-08-01,0.0
2018-08-02,0.05678931996226311
2018-08-03,0.008971059694886208
2018-08-04,41.509178161621094
2018-08-05,50.50401306152344
2018-08-06,0.775537371635437
2018-08-07,0.0
2018-08-08,0.21151018142700195
2018-08-09,0.0
2018-08-10,0.0
2018-08-11,0.0
2018-08-12,0.0
2018-08-13,0.0
2018-08-14,1.0226703882217407
2018-08-15,4.133651256561279
2018-08-16,0.0
2018-08-17,0.0
2018-08-18,0.0
2018-08-19,0.19975429773330688
2018-08-20,10.304863929748535
2018-08-21,5.066897392272949
2018-08-22,0.0
2018-08-23,0.0
2018-08-24,0.2373828887939453
2018-08-25,0.0
2018-08-26,0.0
2018-08-27,0.0
2018-08-28,0.0
2018-08-29,0.0
2018-08-30,0.0
2018-08-31,0.0
2018-09-01,9.908934593200684
2018-09-02,0.1993131935596466
2018-09-03,0.0
2018-09-04,0.0
2018-09-05,0.0
2018-09-06,0.0
2018-09-07,0.0
2018-09-08,0.0
2018-09-09,0.0
2018-09-10,0.0
2018-09-11,0.0
2018-09-12,0.0
2018-09-13,0.0
2018-09-14,4.28667688369751
2018-09-15,0.0
2018-09-16,9.512681007385254
2018-09-17,16.05514144897461
2018-09-18,0.0
2018-09-19,0.005936456844210625
2018-09-20,0.4714505076408386
2018-09-21,0.0
2018-09-22,0.0
2018-09-23,0.0
2018-09-24,0.0
2018-09-25,0.0
2018-09-26,0.0
2018-09-27,0.0
2018-09-28,0.008877484127879143
2018-09-29,11.265230178833008
2018-09-30,0.0
2018-10-01,0.0
2018-10-02,32.111351013183594
2018-10-03,0.4426228106021881
2018-10-04,0.01048067957162857
2018-10-05,0.0
2018-10-06,0.0
2018-10-07,0.0
2018-10-08,0.4702679216861725
2018-10-09,0.0
2018-10-10,10.352326393127441
2018-10-11,7.006569862365723
2018-10-12,0.0
2018-10-13,0.41757363080978394
2018-10-14,0.0
2018-10-15,0.0
2018-10-16,0.0
2018-10-17,0.0
2018-10-18,0.4026489853858948
2018-10-19,35.94147872924805
2018-10-20,2.763469696044922
2018-10-21,0.0
2018-10-22,17.097469329833984
2018-10-23,5.419713020324707
2018-10-24,7.4480485916137695
2018-10-25,9.30720043182373
2018-10-26,3.8217389583587646
2018-10-27,39.41692352294922
2018-10-28,8.7149658203125
2018-10-29,3.3127830028533936
2018-10-30,0.0
2018-10-31,0.0
2018-11-01,0.12258279323577881
2018-11-02,0.0
2018-11-03,0.4134694039821625
2018-11-04,8.743728637695312
2018-11-05,5.500441551208496
2018-11-06,0.4945913851261139
2018-11-07,4.754817485809326
2018-11-08,0.0
2018-11-09,0.0
2018-11-10,0.0
2018-11-11,0.6555669903755188
2018-11-12,0.6555669903755188
2018-11-13,0.6555669903755188
2018-11-14,9.259883880615234
2018-11-15,1.88475501537323
2018-11-16,0.0
2018-11-17,0.0
2018-11-18,21.108766555786133
2018-11-19,19.16196060180664
2018-11-20,0.18281890451908112
2018-11-21,0.0
2018-11-22,0.5007767677307129
2018-11-23,39.37061309814453
2018-11-24,0.0
2018-11-25,0.014756621792912483
2018-11-26,0.0
2018-11-27,0.23454777896404266
2018-11-28,13.956279754638672
2018-11-29,4.352491855621338
2018-11-30,0.0
2018-12-01,49.919925689697266
2018-12-02,0.11346997320652008
2018-12-03,0.0
2018-12-04,0.0
2018-12-05,0.0
2018-12-06,15.206932067871094
2018-12-07,3.0422964096069336
2018-12-08,0.0
2018-12-09,0.0
2018-12-10,0.31133922934532166
2018-12-11,0.06226499751210213
2018-12-12,0.006540789268910885
2018-12-13,3.246718645095825
2018-12-14,0.0
2018-12-15,11.061129570007324
2018-12-16,0.05467437580227852
2018-12-17,1.429640531539917
2018-12-18,0.397899866104126
2018-12-19,0.6900673508644104
2018-12-20,0.0
2018-12-21,0.4030711352825165
2018-12-22,29.303911209106445
2018-12-23,10.924725532531738
2018-12-24,0.0
2018-12-25,0.7409307956695557
2018-12-26,0.0
2018-12-27,0.0
2018-12-28,0.0
2018-12-29,0.0
2018-12-30,0.0
2018-12-31,22.761959075927734
2019-01-01,13.193878173828125
2019-01-02,0.004648009315133095
2019-01-03,0.00987494271248579
2019-01-04,3.1531524658203125
2019-01-05,0.5602988004684448
2019-01-06,0.0011278244201093912
2019-01-07,0.5556811094284058
2019-01-08,15.431082725524902
2019-01-09,0.01819310523569584
2019-01-10,0.0
2019-01-11,46.64619064331055
2019-01-12,0.32022157311439514
2019-01-13,3.0926239490509033
2019-01-14,0.0
2019-01-15,0.0
2019-01-16,0.5033949017524719
2019-01-17,0.05396599322557449
2019-01-18,0.11283117532730103
2019-01-19,0.0011217128485441208
2019-01-20,0.0
2019-01-21,0.0
2019-01-22,2.1349449157714844
2019-01-23,0.0
2019-01-24,0.0
2019-01-25,0.0
2019-01-26,0.0
2019-01-27,12.798213958740234
2019-01-28,28.164453506469727
2019-01-29,10.532767295837402
2019-01-30,5.376692771911621
2019-01-31,0.28627586364746094
2019-02-01,0.5678995847702026
2019-02-02,2.242408514022827
2019-02-03,1.759965181350708
2019-02-04,0.0
2019-02-05,0.0
2019-02-06,1.1502389907836914
2019-02-07,1.1502389907836914
2019-02-08,1.1502389907836914
2019-02-09,1.1502389907836914
2019-02-10,1.1502389907836914
2019-02-11,20.32870101928711
2019-02-12,0.8467012643814087
2019-02-13,1.6196717023849487
2019-02-14,0.376109778881073
2019-02-15,0.6447252035140991
2019-02-16,0.17206522822380066
2019-02-17,0.17206522822380066
2019-02-18,0.17206522822380066
2019-02-19,0.8634929060935974
2019-02-20,2.0616157054901123
2019-02-21,0.0
2019-02-22,0.0
2019-02-23,3.642066240310669
2019-02-24,0.032710373401641846
2019-02-25,0.0
2019-02-26,29.120765686035156
2019-02-27,1.1021318435668945
2019-02-28,0.0
2019-03-01,0.0
2019-03-02,0.0
2019-03-03,8.16598892211914
2019-03-04,0.0
2019-03-05,15.170860290527344
2019-03-06,1.9764018058776855
2019-03-07,0.0
2019-03-08,0.0
2019-03-09,22.611326217651367
2019-03-10,2.932539701461792
2019-03-11,0.0
2019-03-12,3.5290091037750244
2019-03-13,3.6010806560516357
2019-03-14,27.40039825439453
2019-03-15,0.2785215675830841
2019-03-16,0.10514401644468307
2019-03-17,0.170012429356575
2019-03-18,0.6617708802223206
2019-03-19,0.0
2019-03-20,21.9370059967041
2019-03-21,0.0
2019-03-22,0.0
2019-03-23,0.0
2019-03-24,0.1905619353055954
2019-03-25,13.762292861938477
2019-03-26,0.0
2019-03-27,0.0
2019-03-28,0.0
2019-03-29,0.38423317670822144
2019-03-30,0.0
2019-03-31,0.12998069822788239
2019-04-01,0.517633855342865
2019-04-02,1.3756155967712402
2019-04-03,16.946430206298828
2019-04-04,2.5004160404205322
2019-04-05,40.565364837646484
2019-04-06,1.7137627601623535
2019-04-07,0.0
2019-04-08,0.0
2019-04-09,0.0
2019-04-10,0.0
2019-04-11,0.0
2019-04-12,0.0
2019-04-13,0.0
2019-04-14,0.0
2019-04-15,3.246074914932251
2019-04-16,0.020686285570263863
2019-04-17,5.6887288093566895
2019-04-18,0.0
2019-04-19,0.0
2019-04-20,0.0
2019-04-21,0.0
2019-04-22,78.30290985107422
2019-04-23,0.09871886670589447
2019-04-24,0.2311934232711792
2019-04-25,0.0
2019-04-26,0.0
2019-04-27,9.247700691223145
2019-04-28,0.0
2019-04-29,0.0
2019-04-30,1.1689609289169312
2019-05-01,22.78333854675293
2019-05-02,0.16362763941287994
2019-05-03,0.0
2019-05-04,3.936821222305298
2019-05-05,0.015642527490854263
2019-05-06,5.376781463623047
2019-05-07,0.0
2019-05-08,0.0
2019-05-09,0.0
2019-05-10,8.263402938842773
2019-05-11,30.27491569519043
2019-05-12,21.704023361206055
2019-05-13,5.110260009765625
2019-05-14,0.2731260061264038
2019-05-15,0.0
2019-05-16,0.0
2019-05-17,0.0
2019-05-18,0.0
2019-05-19,0.0
2019-05-20,0.0
2019-05-21,0.0
2019-05-22,0.10826077312231064
2019-05-23,35.77571487426758
2019-05-24,0.0
2019-05-25,0.0
2019-05-26,0.0
2019-05-27,0.0
2019-05-28,0.0
2019-05-29,0.0
2019-05-30,0.0
2019-05-31,0.0
2019-06-01,0.0
2019-06-02,13.559761047363281
2019-06-03,0.0
2019-06-04,0.0
2019-06-05,0.0
2019-06-06,0.6472154855728149
2019-06-07,0.6472154855728149
2019-06-08,0.6472154855728149
2019-06-09,0.6472154855728149
2019-06-10,0.6472154855728149
2019-06-11,0.6787728667259216
2019-06-12,0.6787728667259216
2019-06-13,0.6787728667259216
2019-06-14,0.6787728667259216
2019-06-15,0.6787728667259216
2019-06-16,37.94470977783203
2019-06-17,1.6784940958023071
2019-06-18,0.0
2019-06-19,0.0
2019-06-20,0.0
2019-06-21,0.0
2019-06-22,0.0
2019-06-23,0.0
2019-06-24,0.0
2019-06-25,3.6230292320251465
2019-06-26,1.0808948278427124
2019-06-27,1.0808948278427124
2019-06-28,1.0808948278427124
2019-06-29,1.0808948278427124
2019-06-30,1.0808948278427124
2019-07-01,0.0
2019-07-02,0.0
2019-07-03,0.0
2019-07-04,0.0
2019-07-05,0.0
2019-07-06,0.012142159976065159
2019-07-07,0.012142159976065159
2019-07-08,0.012142159976065159
2019-07-09,0.012142159976065159
2019-07-10,0.012142159976065159
2019-07-11,0.0
2019-07-12,0.0
2019-07-13,0.0
2019-07-14,0.0
2019-07-15,0.0
2019-07-16,0.3709791600704193
2019-07-17,0.3709791600704193
2019-07-18,0.3709791600704193
2019-07-19,0.3709791600704193
2019-07-20,0.3709791600704193
2019-07-21,10.642332077026367
2019-07-22,0.0
2019-07-23,6.487430572509766
2019-07-24,18.5073184967041
2019-07-25,14.432981491088867
2019-07-26,0.07719884812831879
2019-07-27,0.07719884812831879
2019-07-28,0.07719884812831879
2019-07-29,0.07719884812831879
2019-07-30,0.07719884812831879
2019-07-31,0.07719884812831879
2019-08-01,0.0
2019-08-02,0.0
2019-08-03,0.0
2019-08-04,0.0
2019-08-05,0.0
2019-08-06,0.0
2019-08-07,0.0
2019-08-08,0.0
2019-08-09,0.0
2019-08-10,0.0
2019-08-11,0.0
2019-08-12,0.0
2019-08-13,0.0
2019-08-14,0.0
2019-08-15,0.0
2019-08-16,0.0
2019-08-17,0.0
2019-08-18,0.0
2019-08-19,0.0
2019-08-20,0.0
2019-08-21,0.0
2019-08-22,0.0
2019-08-23,0.0
2019-08-24,0.0
2019-08-25,0.0
2019-08-26,0.06456516683101654
2019-08-27,0.06456516683101654
2019-08-28,0.06456516683101654
2019-08-29,0.06456516683101654
2019-08-30,0.06456516683101654
2019-08-31,1.2267382144927979
2019-09-01,0.004476066213101149
2019-09-02,0.004476066213101149
2019-09-03,0.004476066213101149
2019-09-04,0.06215481087565422
2019-09-05,0.013938318006694317
2019-09-06,0.0
2019-09-07,0.0
2019-09-08,6.551764011383057
2019-09-09,0.03817829117178917
2019-09-10,1.2523517608642578
2019-09-11,14.931509017944336
2019-09-12,10.680190086364746
2019-09-13,0.0
2019-09-14,0.0
2019-09-15,0.0
2019-09-16,0.0
2019-09-17,0.0
2019-09-18,0.0
2019-09-19,0.0
2019-09-20,33.44675827026367
2019-09-21,0.0
2019-09-22,0.0
2019-09-23,0.0
2019-09-24,0.0
2019-09-25,0.0
2019-09-26,0.0
2019-09-27,0.0
2019-09-28,0.0
2019-09-29,0.0
2019-09-30,0.0
2019-10-01,3.689304828643799
2019-10-02,1.7184369564056396
2019-10-03,4.236413955688477
2019-10-04,0.0
2019-10-05,16.967609405517578
2019-10-06,0.0
2019-10-07,0.0
2019-10-08,0.0
2019-10-09,0.0
2019-10-10,0.0
2019-10-11,0.08961735665798187
2019-10-12,0.08961735665798187
2019-10-13,0.08961735665798187
2019-10-14,0.5580717325210571
2019-10-15,0.9654233455657959
2019-10-16,0.0
2019-10-17,0.0
2019-10-18,0.0
2019-10-19,0.0
2019-10-20,0.0
2019-10-21,0.0
2019-10-22,0.0
2019-10-23,0.0
2019-10-24,0.0
2019-10-25,0.0
2019-10-26,0.3963410258293152
2019-10-27,0.3963410258293152
2019-10-28,0.3963410258293152
2019-10-29,0.3963410258293152
2019-10-30,0.3963410258293152
2019-10-31,7.5304789543151855
2019-11-01,0.015583754517138004
2019-11-02,0.0
2019-11-03,14.568816184997559
2019-11-04,0.0
2019-11-05,2.059049129486084
2019-11-06,62.2859001159668
2019-11-07,3.8003811836242676
2019-11-08,0.23195280134677887
2019-11-09,0.02017544023692608
2019-11-10,23.578481674194336
2019-11-11,0.4208853542804718
2019-11-12,0.0
2019-11-13,0.005532468669116497
2019-11-14,64.15962219238281
2019-11-15,0.0
2019-11-16,0.0
2019-11-17,0.0
2019-11-18,0.0
2019-11-19,0.0
2019-11-20,0.0
2019-11-21,0.0
2019-11-22,1.0687706470489502
2019-11-23,24.369834899902344
2019-11-24,7.321074485778809
2019-11-25,0.7738917469978333
2019-11-26,1.59530770778656
2019-11-27,56.984642028808594
2019-11-28,0.026758112013339996
2019-11-29,0.0
2019-11-30,0.0
2019-12-01,4.412055015563965
2019-12-02,1.0671404600143433
2019-12-03,0.0
2019-12-04,0.0570622943341732
2019-12-05,36.67692565917969
2019-12-06,9.301937103271484
2019-12-07,4.740005016326904
2019-12-08,1.4528143405914307
2019-12-09,22.710552215576172
2019-12-10,0.006877643521875143
2019-12-11,0.05799894034862518
2019-12-12,0.04946020245552063
2019-12-13,3.604051351547241
2019-12-14,0.0180419459939003
2019-12-15,0.0
2019-12-16,4.444852828979492
2019-12-17,21.107561111450195
2019-12-18,1.003212809562683
2019-12-19,0.09102306514978409
2019-12-20,0.0
2019-12-21,43.6966552734375
2019-12-22,2.1627557277679443
2019-12-23,0.0
2019-12-24,0.0
2019-12-25,0.0
2019-12-26,28.626232147216797
2019-12-27,0.01538278628140688
2019-12-28,0.1508592665195465
2019-12-29,0.017705554142594337
2019-12-30,0.029440319165587425
2019-12-31,1.3063585758209229
2020-01-01,15.468376159667969
2020-01-02,2.0470852851867676
2020-01-03,0.8136370182037354
2020-01-04,0.0
2020-01-05,8.186690330505371
2020-01-06,0.0
2020-01-07,35.165199279785156
2020-01-08,13.566506385803223
2020-01-09,0.0
2020-01-10,0.0
2020-01-11,18.3648738861084
2020-01-12,0.16718170046806335
2020-01-13,0.15913130342960358
2020-01-14,0.5617098808288574
2020-01-15,0.0
2020-01-16,0.0
2020-01-17,3.8155975341796875
2020-01-18,22.167888641357422
2020-01-19,0.0
2020-01-20,1.1006675958633423
2020-01-21,0.23005786538124084
2020-01-22,12.247488975524902
2020-01-23,0.04962097480893135
2020-01-24,0.0
2020-01-25,0.11749464273452759
2020-01-26,0.0
2020-01-27,5.473893642425537
2020-01-28,3.08886456489563
2020-01-29,5.654065132141113
2020-01-30,10.341697692871094
2020-01-31,3.6508195400238037
2020-02-01,0.0
2020-02-02,0.7959446907043457
2020-02-03,6.2950286865234375
2020-02-04,0.10202708095312119
2020-02-05,0.08676967769861221
2020-02-06,0.0
2020-02-07,0.0
2020-02-08,15.622288703918457
2020-02-09,38.510658264160156
2020-02-10,22.91360855102539
2020-02-11,28.053518295288086
2020-02-12,0.0
2020-02-13,0.0
2020-02-14,0.0
2020-02-15,0.0
2020-02-16,0.005246512591838837
2020-02-17,0.0008744187070988119
2020-02-18,0.0
2020-02-19,18.963642120361328
2020-02-20,9.011637687683105
2020-02-21,0.8893424272537231
2020-02-22,4.717538833618164
2020-02-23,0.0
2020-02-24,0.0
2020-02-25,0.0
2020-02-26,23.330184936523438
2020-02-27,0.027559667825698853
2020-02-28,0.0
2020-02-29,0.0
2020-03-01,0.10806899517774582
2020-03-02,0.10806899517774582
2020-03-03,0.10806899517774582
2020-03-04,0.10806899517774582
2020-03-05,0.10806899517774582
2020-03-06,0.02158953808248043
2020-03-07,0.02158953808248043
2020-03-08,0.02158953808248043
2020-03-09,0.02158953808248043
2020-03-10,0.02158953808248043
2020-03-11,0.0
2020-03-12,0.0
2020-03-13,0.0
2020-03-14,0.0
2020-03-15,0.0
2020-03-16,28.785226821899414
2020-03-17,2.822767496109009
2020-03-18,0.26628854870796204
2020-03-19,9.113609313964844
2020-03-20,4.590015888214111
2020-03-21,1.5141761302947998
2020-03-22,0.0
2020-03-23,24.72757911682129
2020-03-24,0.0
2020-03-25,0.0
2020-03-26,2.719301700592041
2020-03-27,0.0
2020-03-28,0.0
2020-03-29,0.0
2020-03-30,0.35219094157218933
2020-03-31,0.744563102722168
2020-04-01,0.0
2020-04-02,0.0
2020-04-03,0.0
2020-04-04,0.0
2020-04-05,0.0
2020-04-06,2.9955391883850098
2020-04-07,12.753460884094238
2020-04-08,0.0
2020-04-09,0.0
2020-04-10,0.0
2020-04-11,0.0
2020-04-12,0.0
2020-04-13,0.0
2020-04-14,0.0
2020-04-15,0.0
2020-04-16,0.0
2020-04-17,0.0
2020-04-18,0.0
2020-04-19,0.0
2020-04-20,0.0
2020-04-21,0.0
2020-04-22,0.0
2020-04-23,0.0
2020-04-24,0.0
2020-04-25,4.458747863769531
2020-04-26,1.209088921546936
2020-04-27,0.0
2020-04-28,0.0
2020-04-29,52.05506896972656
2020-04-30,0.0
2020-05-01,0.0
2020-05-02,0.0
2020-05-03,0.0
2020-05-04,0.0
2020-05-05,0.0
2020-05-06,61.566837310791016
2020-05-07,0.35722532868385315
2020-05-08,0.0
2020-05-09,0.0
2020-05-10,0.0
2020-05-11,0.0
2020-05-12,39.35231399536133
2020-05-13,0.0
2020-05-14,0.08839089423418045
2020-05-15,0.0
2020-05-16,0.0
2020-05-17,0.0
2020-05-18,0.0
2020-05-19,0.0
2020-05-20,0.0
2020-05-21,0.0
2020-05-22,3.443608045578003
2020-05-23,0.28763455152511597
2020-05-24,0.0
2020-05-25,0.0
2020-05-26,0.0
2020-05-27,0.0
2020-05-28,0.0
2020-05-29,0.0
2020-05-30,0.0
2020-05-31,0.0
2020-06-01,0.0
2020-06-02,0.0
2020-06-03,0.39581620693206787
2020-06-04,1.0753082036972046
2020-06-05,0.0
2020-06-06,0.4261403977870941
2020-06-07,0.4261403977870941
2020-06-08,0.4261403977870941
2020-06-09,0.4261403977870941
2020-06-10,0.4261403977870941
2020-06-11,0.0
2020-06-12,0.0
2020-06-13,2.572547197341919
2020-06-14,0.0
2020-06-15,0.0
2020-06-16,0.6448767185211182
2020-06-17,0.10747945308685303
2020-06-18,0.10747945308685303
2020-06-19,0.10747945308685303
2020-06-20,0.10747945308685303
2020-06-21,0.0
2020-06-22,125.30232238769531
2020-06-23,0.0
2020-06-24,0.0
2020-06-25,14.240857124328613
2020-06-26,1.141818642616272
2020-06-27,1.141818642616272
2020-06-28,1.141818642616272
2020-06-29,1.141818642616272
2020-06-30,1.141818642616272
2020-07-01,0.0
2020-07-02,0.0
2020-07-03,0.0
2020-07-04,0.0
2020-07-05,0.0
2020-07-06,0.0
2020-07-07,0.0
2020-07-08,27.171533584594727
2020-07-09,4.209418296813965
2020-07-10,0.0
2020-07-11,0.0
2020-07-12,0.0
2020-07-13,0.0
2020-07-14,0.0
2020-07-15,0.0
2020-07-16,0.06892267614603043
2020-07-17,0.06892267614603043
2020-07-18,0.06892267614603043
2020-07-19,0.06892267614603043
2020-07-20,0.06892267614603043
2020-07-21,0.0
2020-07-22,0.0
2020-07-23,0.0
2020-07-24,7.163625717163086
2020-07-25,6.272363662719727
2020-07-26,0.27536895871162415
2020-07-27,0.0
2020-07-28,0.0
2020-07-29,0.0
2020-07-30,0.0
2020-07-31,0.0
2020-08-01,0.0
2020-08-02,0.0
2020-08-03,0.0
2020-08-04,0.0
2020-08-05,0.0
2020-08-06,0.0
2020-08-07,0.0
2020-08-08,0.0
2020-08-09,0.0
2020-08-10,0.0
2020-08-11,7.334667682647705
2020-08-12,41.360130310058594
2020-08-13,43.11009216308594
2020-08-14,1.5536844730377197
2020-08-15,11.624646186828613
2020-08-16,18.752653121948242
2020-08-17,7.761990547180176
2020-08-18,0.5288597345352173
2020-08-19,13.26767635345459
2020-08-20,18.754018783569336
2020-08-21,0.0
2020-08-22,0.0
2020-08-23,0.0
2020-08-24,0.0
2020-08-25,0.0
2020-08-26,0.0
2020-08-27,0.0
2020-08-28,0.0
2020-08-29,0.0
2020-08-30,0.0
2020-08-31,3.98991060256958
2020-09-01,0.018318304792046547
2020-09-02,0.018318304792046547
2020-09-03,0.018318304792046547
2020-09-04,0.018318304792046547
2020-09-05,0.018318304792046547
2020-09-06,0.12544122338294983
2020-09-07,0.5576730370521545
2020-09-08,0.052619535475969315
2020-09-09,0.04087410494685173
2020-09-10,0.04087410494685173
2020-09-11,0.0
2020-09-12,0.0
2020-09-13,0.0
2020-09-14,0.0
2020-09-15,1.3225196599960327
2020-09-16,0.0
2020-09-17,3.9153149127960205
2020-09-18,0.4945400059223175
2020-09-19,3.778226375579834
2020-09-20,0.9248154759407043
2020-09-21,0.0
2020-09-22,0.0
2020-09-23,0.0
2020-09-24,0.0
2020-09-25,0.0
2020-09-26,0.0
2020-09-27,0.0
2020-09-28,14.033281326293945
2020-09-29,0.0
2020-09-30,0.0
2020-10-01,0.0
2020-10-02,0.0
2020-10-03,0.0
2020-10-04,0.0
2020-10-05,0.0
2020-10-06,0.0
2020-10-07,0.0
2020-10-08,0.0
2020-10-09,0.0
2020-10-10,0.0
2020-10-11,0.3050801157951355
2020-10-12,0.3050801157951355
2020-10-13,0.3050801157951355
2020-10-14,0.3050801157951355
2020-10-15,1.830480694770813
2020-10-16,0.26848846673965454
2020-10-17,0.0
2020-10-18,0.0
2020-10-19,0.0
2020-10-20,0.0
2020-10-21,0.0
2020-10-22,0.0
2020-10-23,0.0
2020-10-24,0.0
2020-10-25,0.0
2020-10-26,23.54338264465332
2020-10-27,0.0331030935049057
2020-10-28,0.0
2020-10-29,3.407435894012451
2020-10-30,0.011148473247885704
2020-10-31,0.0
2020-11-01,0.0
2020-11-02,0.0
2020-11-03,0.0
2020-11-04,0.0
2020-11-05,0.0
2020-11-06,0.16086448729038239
2020-11-07,0.16086448729038239
2020-11-08,0.16086448729038239
2020-11-09,1.7671297788619995
2020-11-10,0.9675666689872742
2020-11-11,0.48059895634651184
2020-11-12,27.495803833007812
2020-11-13,0.0
2020-11-14,0.0
2020-11-15,0.0
2020-11-16,0.0
2020-11-17,14.77541732788086
2020-11-18,43.92430114746094
2020-11-19,0.0
2020-11-20,0.0
2020-11-21,0.0
2020-11-22,0.0
2020-11-23,0.0
2020-11-24,0.0
2020-11-25,0.0
2020-11-26,0.0
2020-11-27,4.785116672515869
2020-11-28,0.0
2020-11-29,0.0
2020-11-30,2.138942003250122
2020-12-01,27.52657699584961
2020-12-02,0.0
2020-12-03,1.804419994354248
2020-12-04,8.27762222290039
2020-12-05,2.3794968128204346
2020-12-06,0.0
2020-12-07,0.0
2020-12-08,0.0
2020-12-09,25.364469528198242
2020-12-10,0.46850308775901794
2020-12-11,0.0
2020-12-12,0.0
2020-12-13,0.0
2020-12-14,46.29077911376953
2020-12-15,0.00952142383903265
2020-12-16,0.162775456905365
2020-12-17,0.04257046803832054
2020-12-18,0.0
2020-12-19,0.0
2020-12-20,2.8977630138397217
2020-12-21,13.675219535827637
2020-12-22,0.0
2020-12-23,0.0
2020-12-24,0.0
2020-12-25,1.1511977910995483
2020-12-26,33.6063232421875
2020-12-27,0.6978368163108826
2020-12-28,2.000995397567749
2020-12-29,0.0
2020-12-30,0.0
2020-12-31,1.215595006942749
2021-01-01,0.0
2021-01-02,0.0
2021-01-03,0.0
2021-01-04,8.995748519897461
2021-01-05,42.013126373291016
2021-01-06,26.180274963378906
2021-01-07,0.9712753295898438
2021-01-08,0.0
2021-01-09,0.0
2021-01-10,0.0
2021-01-11,0.0
2021-01-12,0.0
2021-01-13,0.28528523445129395
2021-01-14,7.710580825805664
2021-01-15,0.3942769765853882
2021-01-16,0.33324718475341797
2021-01-17,66.20905303955078
2021-01-18,4.469663619995117
2021-01-19,0.04866524413228035
2021-01-20,0.16027763485908508
2021-01-21,0.0304269976913929
2021-01-22,0.0
2021-01-23,47.684539794921875
2021-01-24,0.7072950005531311
2021-01-25,0.1879187822341919
2021-01-26,18.69301414489746
2021-01-27,4.691239356994629
2021-01-28,62.17732238769531
2021-01-29,1.8711084127426147
2021-01-30,0.0
2021-01-31,0.13111519813537598
2021-02-01,0.029925715178251266
2021-02-02,0.005116710904985666
2021-02-03,0.0
2021-02-04,0.044900305569171906
2021-02-05,0.0
2021-02-06,0.0
2021-02-07,0.0
2021-02-08,0.0
2021-02-09,0.055372681468725204
2021-02-10,7.258210182189941
2021-02-11,0.4667772054672241
2021-02-12,0.018794354051351547
2021-02-13,0.0
2021-02-14,0.0
2021-02-15,0.7623738646507263
2021-02-16,11.689208030700684
2021-02-17,0.4006379544734955
2021-02-18,26.823028564453125
2021-02-19,6.850761413574219
2021-02-20,0.0
2021-02-21,0.0
2021-02-22,0.0
2021-02-23,0.0
2021-02-24,0.0
2021-02-25,0.0
2021-02-26,40.81605529785156
2021-02-27,11.369267463684082
2021-02-28,0.0
2021-03-01,0.0
2021-03-02,0.0
2021-03-03,22.79128646850586
2021-03-04,8.319195747375488
2021-03-05,4.6691789627075195
2021-03-06,0.265728235244751
2021-03-07,0.0
2021-03-08,4.7063164710998535
2021-03-09,16.934410095214844
2021-03-10,0.0
2021-03-11,0.0
2021-03-12,0.0
2021-03-13,0.0
2021-03-14,14.724129676818848
2021-03-15,0.05061136558651924
2021-03-16,0.613111674785614
2021-03-17,23.928470611572266
2021-03-18,3.171895980834961
2021-03-19,0.0
2021-03-20,0.007922663353383541
2021-03-21,8.719992637634277
2021-03-22,0.0
2021-03-23,0.0
2021-03-24,0.1347460299730301
2021-03-25,0.0
2021-03-26,0.0
2021-03-27,17.91302490234375
2021-03-28,0.346887469291687
2021-03-29,0.017720699310302734
2021-03-30,0.0
2021-03-31,0.0
2021-04-01,0.6436315178871155
2021-04-02,0.0
2021-04-03,13.899148941040039
2021-04-04,7.010427951812744
2021-04-05,8.4972505569458
2021-04-06,1.3655494451522827
2021-04-07,1.3655494451522827
2021-04-08,8.193297386169434
2021-04-09,1.3655494451522827
2021-04-10,1.3655494451522827
2021-04-11,0.0
2021-04-12,0.0
2021-04-13,0.0
2021-04-14,0.0
2021-04-15,0.0
2021-04-16,1.9143542051315308
2021-04-17,24.135499954223633
2021-04-18,2.0796058177948
2021-04-19,5.599613666534424
2021-04-20,0.0
2021-04-21,0.0
2021-04-22,0.0
2021-04-23,26.05059814453125
2021-04-24,62.41960144042969
2021-04-25,13.310969352722168
2021-04-26,0.1955508589744568
2021-04-27,0.1955508589744568
2021-04-28,1.1733051538467407
2021-04-29,0.1955508589744568
2021-04-30,0.1955508589744568
2021-05-01,0.0
2021-05-02,0.0
2021-05-03,0.0
2021-05-04,0.0
2021-05-05,0.0
2021-05-06,0.0
2021-05-07,2.6515872478485107
2021-05-08,0.0
2021-05-09,0.0
2021-05-10,0.0
2021-05-11,0.0
2021-05-12,0.0
2021-05-13,0.0
2021-05-14,0.0
2021-05-15,0.0
2021-05-16,0.0
2021-05-17,0.0
2021-05-18,0.0
2021-05-19,0.0
2021-05-20,0.0
2021-05-21,0.0
2021-05-22,7.4218339920043945
2021-05-23,1.411109209060669
2021-05-24,1.03993821144104
2021-05-25,0.026510022580623627
2021-05-26,0.5245509743690491
2021-05-27,0.0
2021-05-28,0.0
2021-05-29,0.0
2021-05-30,14.359579086303711
2021-05-31,0.0
2021-06-01,0.0
2021-06-02,0.0
2021-06-03,0.0
2021-06-04,0.9113550186157227
2021-06-05,3.000802993774414
2021-06-06,40.745784759521484
2021-06-07,1.0092525482177734
2021-06-08,0.0
2021-06-09,0.5174002647399902
2021-06-10,0.0
2021-06-11,19.365774154663086
2021-06-12,0.0
2021-06-13,0.0
2021-06-14,0.0
2021-06-15,0.0
2021-06-16,0.07945802807807922
2021-06-17,0.07945802807807922
2021-06-18,0.07945802807807922
2021-06-19,1.2713284492492676
2021-06-20,0.07945802807807922
2021-06-21,0.2979651093482971
2021-06-22,0.2979651093482971
2021-06-23,0.2979651093482971
2021-06-24,0.2979651093482971
2021-06-25,4.767441749572754
2021-06-26,0.1229526549577713
2021-06-27,27.791236877441406
2021-06-28,0.6676310300827026
2021-06-29,0.0
2021-06-30,0.0
2021-07-01,0.0
2021-07-02,0.0
2021-07-03,0.0
2021-07-04,0.0
2021-07-05,0.0
2021-07-06,0.008872450329363346
2021-07-07,0.008872450329363346
2021-07-08,0.008872450329363346
2021-07-09,0.008872450329363346
2021-07-10,0.008872450329363346
2021-07-11,0.0
2021-07-12,0.0
2021-07-13,0.0
2021-07-14,0.0
2021-07-15,0.0
2021-07-16,0.656779944896698
2021-07-17,0.0
2021-07-18,0.4475896656513214
2021-07-19,0.0
2021-07-20,0.2601981461048126
2021-07-21,0.6749260425567627
2021-07-22,0.0
2021-07-23,0.0
2021-07-24,0.0
2021-07-25,0.0
2021-07-26,0.07679631561040878
2021-07-27,0.07679631561040878
2021-07-28,0.07679631561040878
2021-07-29,0.07679631561040878
2021-07-30,0.07679631561040878
2021-07-31,0.07679631561040878
2021-08-01,0.32331693172454834
2021-08-02,0.06673076003789902
2021-08-03,0.03528454527258873
2021-08-04,0.5717109441757202
2021-08-05,0.09901091456413269
2021-08-06,0.0
2021-08-07,0.0
2021-08-08,0.0
2021-08-09,0.0
2021-08-10,0.0
2021-08-11,0.0
2021-08-12,0.0
2021-08-13,0.0
2021-08-14,0.0
2021-08-15,0.0
2021-08-16,0.0
2021-08-17,0.0
2021-08-18,0.0
2021-08-19,0.0
2021-08-20,0.0
2021-08-21,0.0
2021-08-22,0.0
2021-08-23,0.0
2021-08-24,1.4004112482070923
2021-08-25,43.090999603271484
2021-08-26,42.8496208190918
2021-08-27,0.4311063289642334
2021-08-28,6.225657939910889
2021-08-29,0.0
2021-08-30,0.0
2021-08-31,0.0
2021-09-01,0.0
2021-09-02,0.0
2021-09-03,0.0
2021-09-04,0.0
2021-09-05,7.987483978271484
2021-09-06,0.0
2021-09-07,0.0
2021-09-08,12.366400718688965
2021-09-09,20.661224365234375
2021-09-10,1.6342122554779053
2021-09-11,0.0
2021-09-12,0.0
2021-09-13,0.0
2021-09-14,2.0432803630828857
2021-09-15,6.643404960632324
2021-09-16,0.0
2021-09-17,0.0
2021-09-18,0.0
2021-09-19,0.0
2021-09-20,0.0
2021-09-21,0.0
2021-09-22,0.0
2021-09-23,0.0
2021-09-24,0.0
2021-09-25,0.0
2021-09-26,0.0
2021-09-27,0.0
2021-09-28,0.0
2021-09-29,0.0
2021-09-30,0.0
2021-10-01,0.1837792992591858
2021-10-02,0.1837792992591858
2021-10-03,0.1837792992591858
2021-10-04,0.1837792992591858
2021-10-05,0.1837792992591858
2021-10-06,0.4101733863353729
2021-10-07,0.11392541974782944
2021-10-08,0.0
2021-10-09,3.5235235691070557
2021-10-10,0.20588478446006775
2021-10-11,24.479490280151367
2021-10-12,0.0
2021-10-13,0.0
2021-10-14,0.0
2021-10-15,6.634684085845947
2021-10-16,17.010684967041016
2021-10-17,0.0
2021-10-18,0.0
2021-10-19,0.0
2021-10-20,0.0
2021-10-21,0.0
2021-10-22,0.0
2021-10-23,0.0
2021-10-24,59.91984176635742
2021-10-25,0.041018616408109665
2021-10-26,0.0
2021-10-27,0.0
2021-10-28,0.0
2021-10-29,0.0
2021-10-30,0.0
2021-10-31,0.0
2021-11-01,0.0
2021-11-02,10.713953018188477
2021-11-03,0.0
2021-11-04,0.0
2021-11-05,0.2795271873474121
2021-11-06,19.171133041381836
2021-11-07,0.0
2021-11-08,0.0
2021-11-09,0.0
2021-11-10,0.0
2021-11-11,0.03893326222896576
2021-11-12,0.037811774760484695
2021-11-13,0.19802850484848022
2021-11-14,0.10969556868076324
2021-11-15,40.14566421508789
2021-11-16,4.358119487762451
2021-11-17,1.2214680910110474
2021-11-18,0.0
2021-11-19,0.0016001113690435886
2021-11-20,0.0
2021-11-21,0.0
2021-11-22,0.0
2021-11-23,0.01607685349881649
2021-11-24,13.508578300476074
2021-11-25,0.0
2021-11-26,8.406646728515625
2021-11-27,0.32346951961517334
2021-11-28,1.7753788232803345
2021-11-29,44.00642776489258
2021-11-30,0.0
2021-12-01,0.0
2021-12-02,0.7651735544204712
2021-12-03,0.037289705127477646
2021-12-04,0.23360681533813477
2021-12-05,13.758443832397461
2021-12-06,3.341404676437378
2021-12-07,0.01614205166697502
2021-12-08,0.0
2021-12-09,0.0
2021-12-10,0.0
2021-12-11,8.662991523742676
2021-12-12,27.84245491027832
2021-12-13,2.342458963394165
2021-12-14,69.36738586425781
2021-12-15,14.14016342163086
2021-12-16,12.396819114685059
2021-12-17,1.3167942762374878
2021-12-18,20.75065803527832
2021-12-19,31.692453384399414
2021-12-20,55.69780731201172
2021-12-21,24.63700294494629
2021-12-22,6.475722312927246
2021-12-23,63.51005554199219
2021-12-24,0.7692035436630249
2021-12-25,2.5460476875305176
2021-12-26,1.8692243099212646
2021-12-27,0.0
2021-12-28,0.0
2021-12-29,2.875352621078491
2021-12-30,0.0
2021-12-31,0.0
2022-01-01,0.0
2022-01-02,0.0
2022-01-03,0.0
2022-01-04,0.0
2022-01-05,13.82779312133789
2022-01-06,0.14569953083992004
2022-01-07,0.0
2022-01-08,0.5615931153297424
2022-01-09,0.0
2022-01-10,6.6698713302612305
2022-01-11,8.11561393737793
2022-01-12,0.0
2022-01-13,9.285112380981445
2022-01-14,6.349377155303955
2022-01-15,0.0
2022-01-16,0.0
2022-01-17,0.0
2022-01-18,0.0
2022-01-19,0.0
2022-01-20,0.0
2022-01-21,0.9066235423088074
2022-01-22,0.0
2022-01-23,0.03141888976097107
2022-01-24,0.0
2022-01-25,0.0
2022-01-26,0.0
2022-01-27,4.527751445770264
2022-01-28,5.469071388244629
2022-01-29,0.0034701668191701174
2022-01-30,0.0
2022-01-31,2.0259175300598145
2022-02-01,27.213468551635742
2022-02-02,0.0
2022-02-03,0.0
2022-02-04,0.039023466408252716
2022-02-05,23.002702713012695
2022-02-06,23.776927947998047
2022-02-07,0.0
2022-02-08,0.0
2022-02-09,0.0
2022-02-10,0.0
2022-02-11,0.0
2022-02-12,4.862277030944824
2022-02-13,0.0
2022-02-14,0.0
2022-02-15,0.12350231409072876
2022-02-16,0.0
2022-02-17,1.136667251586914
2022-02-18,32.39341735839844
2022-02-19,0.0
2022-02-20,0.0
2022-02-21,1.1654421091079712
2022-02-22,48.01518249511719
2022-02-23,9.08604621887207
2022-02-24,0.0
2022-02-25,0.0
2022-02-26,0.8485308289527893
2022-02-27,0.1890399307012558
2022-02-28,0.0
2022-03-01,0.3733089566230774
2022-03-02,0.3733089566230774
2022-03-03,2.239853858947754
2022-03-04,0.3733089566230774
2022-03-05,0.3733089566230774
2022-03-06,0.839549720287323
2022-03-07,0.0
2022-03-08,26.731801986694336
2022-03-09,6.762539863586426
2022-03-10,0.11994372308254242
2022-03-11,13.971670150756836
2022-03-12,0.9267844557762146
2022-03-13,0.0
2022-03-14,0.0
2022-03-15,0.0
2022-03-16,0.0
2022-03-17,0.0
2022-03-18,0.0
2022-03-19,17.352441787719727
2022-03-20,0.0935850664973259
2022-03-21,0.0
2022-03-22,0.0
2022-03-23,0.0
2022-03-24,0.44285616278648376
2022-03-25,51.95003890991211
2022-03-26,0.0
2022-03-27,11.700540542602539
2022-03-28,0.0
2022-03-29,0.0
2022-03-30,1.467597246170044
2022-03-31,1.9621742963790894
2022-04-01,0.0
2022-04-02,0.0
2022-04-03,0.0
2022-04-04,0.0
2022-04-05,0.0
2022-04-06,0.0
2022-04-07,0.0
2022-04-08,2.69457745552063
2022-04-09,2.191349744796753
2022-04-10,0.0
2022-04-11,0.0045041274279356
2022-04-12,1.5315052270889282
2022-04-13,72.85396575927734
2022-04-14,0.8773768544197083
2022-04-15,0.0
2022-04-16,0.0
2022-04-17,0.0
2022-04-18,0.0
2022-04-19,0.0
2022-04-20,0.0
2022-04-21,0.0
2022-04-22,0.0
2022-04-23,0.3806416690349579
2022-04-24,0.0
2022-04-25,0.0
2022-04-26,0.0
2022-04-27,0.0
2022-04-28,0.0
2022-04-29,0.0
2022-04-30,0.0
2022-05-01,0.0
2022-05-02,0.0
2022-05-03,7.783111572265625
2022-05-04,0.06068094074726105
2022-05-05,0.0
2022-05-06,0.0
2022-05-07,0.0
2022-05-08,0.0
2022-05-09,0.0
2022-05-10,0.0
2022-05-11,0.0
2022-05-12,0.0
2022-05-13,0.0
2022-05-14,0.0
2022-05-15,0.0
2022-05-16,0.0
2022-05-17,0.0
2022-05-18,0.0
2022-05-19,0.0
2022-05-20,0.0
2022-05-21,0.0
2022-05-22,0.0
2022-05-23,0.0
2022-05-24,0.0
2022-05-25,0.0
2022-05-26,0.11975016444921494
2022-05-27,0.0
2022-05-28,0.0
2022-05-29,0.0
2022-05-30,0.937139630317688
2022-05-31,17.941606521606445
2022-06-01,0.7730324268341064
2022-06-02,4.724316120147705
2022-06-03,0.0
2022-06-04,0.006623694207519293
2022-06-05,0.0
2022-06-06,0.0
2022-06-07,7.76833438873291
2022-06-08,0.0
2022-06-09,1.1164201498031616
2022-06-10,0.8406467437744141
2022-06-11,0.9851414561271667
2022-06-12,0.2814689576625824
2022-06-13,0.2814689576625824
2022-06-14,0.9851414561271667
2022-06-15,0.2814689576625824
2022-06-16,0.23100855946540833
2022-06-17,0.23100855946540833
2022-06-18,0.23100855946540833
2022-06-19,0.23100855946540833
2022-06-20,0.23100855946540833
2022-06-21,0.3286435008049011
2022-06-22,0.3286435008049011
2022-06-23,0.3286435008049011
2022-06-24,0.3286435008049011
2022-06-25,0.3286435008049011
2022-06-26,0.17866899073123932
2022-06-27,0.17866899073123932
2022-06-28,0.17866899073123932
2022-06-29,0.17866899073123932
2022-06-30,0.17866899073123932
2022-07-01,0.09449875354766846
2022-07-02,0.09449875354766846
2022-07-03,0.09449875354766846
2022-07-04,0.5669925212860107
2022-07-05,0.09449875354766846
2022-07-06,0.004751776345074177
2022-07-07,0.004751776345074177
2022-07-08,0.02851065807044506
2022-07-09,0.004751776345074177
2022-07-10,0.004751776345074177
2022-07-11,18.625640869140625
2022-07-12,0.013910111971199512
2022-07-13,0.0
2022-07-14,0.0
2022-07-15,0.0
2022-07-16,27.95952606201172
2022-07-17,29.797069549560547
2022-07-18,0.0
2022-07-19,0.0
2022-07-20,0.0
2022-07-21,0.10632973909378052
2022-07-22,0.10632973909378052
2022-07-23,0.10632973909378052
2022-07-24,0.10632973909378052
2022-07-25,0.10632973909378052
2022-07-26,0.04386488348245621
2022-07-27,0.04386488348245621
2022-07-28,0.04386488348245621
2022-07-29,0.04386488348245621
2022-07-30,0.04386488348245621
2022-07-31,0.04386488348245621
2022-08-01,0.25295183062553406
2022-08-02,0.25295183062553406
2022-08-03,0.25295183062553406
2022-08-04,0.25295183062553406
2022-08-05,1.5177109241485596
2022-08-06,2.7792367935180664
2022-08-07,10.868241310119629
2022-08-08,7.7064666748046875
2022-08-09,1.2159326076507568
2022-08-10,0.0
2022-08-11,0.0
2022-08-12,0.0
2022-08-13,0.0
2022-08-14,0.0
2022-08-15,0.0
2022-08-16,0.0
2022-08-17,0.0
2022-08-18,0.0
2022-08-19,0.0
2022-08-20,0.0
2022-08-21,0.0
2022-08-22,0.0
2022-08-23,0.0
2022-08-24,0.0
2022-08-25,0.0
2022-08-26,0.0
2022-08-27,0.0
2022-08-28,0.0
2022-08-29,0.0
2022-08-30,0.0
2022-08-31,0.0
2022-09-01,0.0
2022-09-02,0.08436163514852524
2022-09-03,0.001619825605303049
2022-09-04,0.0
2022-09-05,0.0
2022-09-06,0.0
2022-09-07,0.0
2022-09-08,0.0
2022-09-09,0.0
2022-09-10,0.0
2022-09-11,0.0
2022-09-12,0.0
2022-09-13,2.1208958625793457
2022-09-14,18.626686096191406
2022-09-15,8.739855766296387
2022-09-16,0.0
2022-09-17,0.0
2022-09-18,0.0
2022-09-19,0.0
2022-09-20,10.971820831298828
2022-09-21,0.0
2022-09-22,25.796993255615234
2022-09-23,0.0
2022-09-24,0.0
2022-09-25,0.0
2022-09-26,3.600139617919922
2022-09-27,15.445140838623047
2022-09-28,33.69475173950195
2022-09-29,5.735028266906738
2022-09-30,0.0022959308698773384
2022-10-01,0.0
2022-10-02,0.0
2022-10-03,0.0
2022-10-04,0.0
2022-10-05,0.0
2022-10-06,5.4261064529418945
2022-10-07,12.046128273010254
2022-10-08,0.0
2022-10-09,0.0
2022-10-10,0.1740412414073944
2022-10-11,0.0
2022-10-12,0.0
2022-10-13,0.0
2022-10-14,0.0
2022-10-15,0.0
2022-10-16,0.0
2022-10-17,0.0
2022-10-18,0.0
2022-10-19,0.0
2022-10-20,0.0
2022-10-21,23.045034408569336
2022-10-22,0.0
2022-10-23,0.0
2022-10-24,0.0
2022-10-25,0.0
2022-10-26,0.0
2022-10-27,24.59612464904785
2022-10-28,0.0
2022-10-29,0.27953076362609863
2022-10-30,0.0
2022-10-31,35.60567092895508
2022-11-01,0.0
2022-11-02,0.0
2022-11-03,0.0
2022-11-04,0.0
2022-11-05,0.0
2022-11-06,0.0
2022-11-07,0.0
2022-11-08,0.0
2022-11-09,0.0
2022-11-10,0.0
2022-11-11,0.0
2022-11-12,8.4647798538208
2022-11-13,0.0
2022-11-14,23.304515838623047
2022-11-15,0.0
2022-11-16,0.0
2022-11-17,0.0
2022-11-18,0.0
2022-11-19,0.0
2022-11-20,0.0
2022-11-21,22.18821144104004
2022-11-22,0.0
2022-11-23,0.0
2022-11-24,0.0
2022-11-25,0.0
2022-11-26,0.0
2022-11-27,0.0
2022-11-28,0.0
2022-11-29,0.06144235283136368
2022-11-30,12.411432266235352
2022-12-01,1.740797758102417
2022-12-02,4.148497581481934
2022-12-03,0.0
2022-12-04,0.0
2022-12-05,0.7532863616943359
2022-12-06,2.145655870437622
2022-12-07,1.9681954383850098
2022-12-08,0.0
2022-12-09,0.0
2022-12-10,0.0
2022-12-11,36.242881774902344
2022-12-12,0.4449704587459564
2022-12-13,0.8555480241775513
2022-12-14,0.11792615801095963
2022-12-15,0.0
2022-12-16,14.952067375183105
2022-12-17,0.0
2022-12-18,52.711280822753906
2022-12-19,1.5391000509262085
2022-12-20,0.0
2022-12-21,0.0
2022-12-22,27.058320999145508
2022-12-23,0.0
2022-12-24,25.04034423828125
2022-12-25,0.40701693296432495
2022-12-26,0.0
2022-12-27,0.0
2022-12-28,0.2653731107711792
2022-12-29,0.10210482776165009
2022-12-30,0.09054924547672272
2022-12-31,6.930171489715576
2023-01-01,0.8313320875167847
2023-01-02,0.38004937767982483
2023-01-03,32.98551940917969
2023-01-04,45.01015090942383
2023-01-05,0.007734853308647871
2023-01-06,0.0
2023-01-07,0.0
2023-01-08,0.0
2023-01-09,1.3818538188934326
2023-01-10,0.0
2023-01-11,0.0
2023-01-12,36.795745849609375
2023-01-13,25.10935401916504
2023-01-14,27.285825729370117
2023-01-15,0.0
2023-01-16,0.0
2023-01-17,0.47462889552116394
2023-01-18,0.0
2023-01-19,0.19651249051094055
2023-01-20,0.0
2023-01-21,0.0
2023-01-22,0.0
2023-01-23,0.0
2023-01-24,35.368125915527344
2023-01-25,0.0
2023-01-26,0.004914261866360903
2023-01-27,1.5908119678497314
2023-01-28,0.16112585365772247
2023-01-29,59.251487731933594
2023-01-30,12.886533737182617
2023-01-31,3.794748306274414
2023-02-01,2.1901068687438965
2023-02-02,24.66849708557129
2023-02-03,41.005313873291016
2023-02-04,2.5265934467315674
2023-02-05,0.9298325777053833
2023-02-06,0.0
2023-02-07,0.0
2023-02-08,0.21285150945186615
2023-02-09,0.0
2023-02-10,8.669100761413574
2023-02-11,0.0
2023-02-12,0.0
2023-02-13,0.0
2023-02-14,0.0
2023-02-15,17.24051856994629
2023-02-16,6.098300933837891
2023-02-17,84.62150573730469
2023-02-18,1.3613263368606567
2023-02-19,0.06083507463335991
2023-02-20,0.0
2023-02-21,0.0
2023-02-22,0.0
2023-02-23,0.7209552526473999
2023-02-24,9.377873420715332
2023-02-25,0.0
2023-02-26,2.2146799564361572
2023-02-27,9.154417991638184
2023-02-28,0.0
2023-03-01,0.0
2023-03-02,23.068056106567383
2023-03-03,17.104650497436523
2023-03-04,0.0
2023-03-05,0.0
2023-03-06,0.25796154141426086
2023-03-07,0.0021157849114388227
2023-03-08,65.04180908203125
2023-03-09,0.13082802295684814
2023-03-10,1.1157859563827515
2023-03-11,0.05992121621966362
2023-03-12,0.0
2023-03-13,0.0
2023-03-14,0.0
2023-03-15,6.083114147186279
2023-03-16,0.4599246084690094
2023-03-17,20.513004302978516
2023-03-18,1.9942286014556885
2023-03-19,0.0
2023-03-20,0.0
2023-03-21,1.5001273155212402
2023-03-22,5.453129768371582
2023-03-23,49.3419075012207
2023-03-24,0.11983737349510193
2023-03-25,0.010947052389383316
2023-03-26,22.11151885986328
2023-03-27,0.06763757020235062
2023-03-28,0.0
2023-03-29,0.0
2023-03-30,0.0
2023-03-31,0.08654749393463135
2023-04-01,16.218095779418945
2023-04-02,0.0
2023-04-03,0.0
2023-04-04,0.0
2023-04-05,11.953146934509277
2023-04-06,0.6409415006637573
2023-04-07,0.6409414410591125
2023-04-08,0.18312613666057587
2023-04-09,0.18312613666057587
2023-04-10,0.18312613666057587
2023-04-11,0.0
2023-04-12,0.0
2023-04-13,1.3292193412780762
2023-04-14,69.76512145996094
2023-04-15,0.029294954612851143
2023-04-16,0.0
2023-04-17,0.0
2023-04-18,0.0
2023-04-19,21.084009170532227
2023-04-20,0.0
2023-04-21,0.0
2023-04-22,0.0
2023-04-23,0.0
2023-04-24,0.0
2023-04-25,0.0
2023-04-26,0.0
2023-04-27,0.0
2023-04-28,0.0
2023-04-29,0.0
2023-04-30,0.0
2023-05-01,49.21379470825195
2023-05-02,0.3171460032463074
2023-05-03,0.0
2023-05-04,0.0
2023-05-05,0.943998396396637
2023-05-06,6.644835948944092
2023-05-07,4.0614166259765625
2023-05-08,6.9423370361328125
2023-05-09,2.6026580333709717
2023-05-10,0.0
2023-05-11,0.0
2023-05-12,0.0
2023-05-13,0.0
2023-05-14,0.0
2023-05-15,0.0
2023-05-16,0.0
2023-05-17,0.0
2023-05-18,0.0
2023-05-19,0.23444043099880219
2023-05-20,16.2620849609375
2023-05-21,0.0
2023-05-22,0.0
2023-05-23,0.0
2023-05-24,0.0
2023-05-25,0.0
2023-05-26,0.0
2023-05-27,0.0
2023-05-28,44.149959564208984
2023-05-29,0.2416619211435318
2023-05-30,0.0
2023-05-31,0.0
2023-06-01,0.08372382074594498
2023-06-02,0.08372382074594498
2023-06-03,0.08372382074594498
2023-06-04,0.08372382074594498
2023-06-05,0.08372382074594498
2023-06-06,0.4659523069858551
2023-06-07,2.7957139015197754
2023-06-08,0.4659523069858551
2023-06-09,0.4659523069858551
2023-06-10,0.4659523069858551
2023-06-11,60.83675765991211
2023-06-12,6.173357009887695
2023-06-13,3.646296739578247
2023-06-14,0.0
2023-06-15,0.0
2023-06-16,0.3526838719844818
2023-06-17,0.3526838719844818
2023-06-18,0.3526838719844818
2023-06-19,0.3526838719844818
2023-06-20,0.3526838719844818
2023-06-21,0.49860844016075134
2023-06-22,0.49860844016075134
2023-06-23,0.49860844016075134
2023-06-24,0.49860844016075134
2023-06-25,0.49860844016075134
2023-06-26,0.4481508731842041
2023-06-27,0.4481508731842041
2023-06-28,1.1950690746307373
2023-06-29,0.4481508731842041
2023-06-30,0.4481508731842041
2023-07-01,0.0
2023-07-02,0.0
2023-07-03,0.0
2023-07-04,0.0
2023-07-05,0.0
2023-07-06,0.012632033787667751
2023-07-07,0.012632033787667751
2023-07-08,0.012632033787667751
2023-07-09,0.012632033787667751
2023-07-10,0.012632033787667751
2023-07-11,0.0
2023-07-12,0.0
2023-07-13,8.735955238342285
2023-07-14,0.25195029377937317
2023-07-15,0.0
2023-07-16,0.07698864489793777
2023-07-17,0.07698864489793777
2023-07-18,0.07698864489793777
2023-07-19,0.07698864489793777
2023-07-20,0.07698864489793777
2023-07-21,0.10687031596899033
2023-07-22,0.10687031596899033
2023-07-23,0.10687031596899033
2023-07-24,0.10687031596899033
2023-07-25,0.10687031596899033
2023-07-26,0.0
2023-07-27,3.8195748329162598
2023-07-28,0.0
2023-07-29,0.004166777245700359
2023-07-30,0.0
2023-07-31,0.0
2023-08-01,0.0
2023-08-02,0.0
2023-08-03,0.0
2023-08-04,0.0
2023-08-05,0.0
2023-08-06,0.19173464179039001
2023-08-07,0.19173464179039001
2023-08-08,3.0677542686462402
2023-08-09,0.19173464179039001
2023-08-10,0.19173464179039001
2023-08-11,0.0
2023-08-12,29.70876693725586
2023-08-13,1.8115828037261963
2023-08-14,0.43596914410591125
2023-08-15,0.0
2023-08-16,0.0
2023-08-17,0.0
2023-08-18,0.0
2023-08-19,0.0
2023-08-20,0.0
2023-08-21,0.0
2023-08-22,0.0
2023-08-23,0.0
2023-08-24,0.0
2023-08-25,0.0
2023-08-26,0.0
2023-08-27,0.0
2023-08-28,0.0
2023-08-29,0.0
2023-08-30,0.0
2023-08-31,0.0
2023-09-01,0.0
2023-09-02,0.0
2023-09-03,6.861982822418213
2023-09-04,6.533491611480713
2023-09-05,0.0
2023-09-06,0.0
2023-09-07,0.0
2023-09-08,0.03898512199521065
2023-09-09,3.550215482711792
2023-09-10,0.0
2023-09-11,0.0
2023-09-12,0.0
2023-09-13,22.655038833618164
2023-09-14,0.0
2023-09-15,0.0
2023-09-16,0.0
2023-09-17,0.0
2023-09-18,0.0
2023-09-19,9.52065658569336
2023-09-20,0.0
2023-09-21,0.0
2023-09-22,0.0
2023-09-23,0.0
2023-09-24,0.0
2023-09-25,0.0
2023-09-26,0.0
2023-09-27,0.1120181605219841
2023-09-28,0.0
2023-09-29,0.1481419950723648
2023-09-30,6.709331512451172
2023-10-01,0.0
2023-10-02,0.0
2023-10-03,0.0
2023-10-04,0.0
2023-10-05,0.0
2023-10-06,0.0
2023-10-07,11.602992057800293
2023-10-08,8.61756420135498
2023-10-09,0.0
2023-10-10,0.0
2023-10-11,0.0
2023-10-12,0.0
2023-10-13,0.0
2023-10-14,0.0
2023-10-15,0.0
2023-10-16,0.0
2023-10-17,0.0
2023-10-18,0.0
2023-10-19,0.0
2023-10-20,0.0
2023-10-21,0.0
2023-10-22,0.0
2023-10-23,0.0
2023-10-24,0.0
2023-10-25,2.0035321712493896
2023-10-26,0.5102095007896423
2023-10-27,0.0
2023-10-28,7.151407241821289
2023-10-29,0.0
2023-10-30,2.395522356033325
2023-10-31,17.49528694152832
2023-11-01,0.0
2023-11-02,0.0
2023-11-03,0.0
2023-11-04,0.0
2023-11-05,0.0
2023-11-06,0.0
2023-11-07,0.0
2023-11-08,0.0
2023-11-09,0.0
2023-11-10,0.0
2023-11-11,0.0
2023-11-12,0.0
2023-11-13,0.0
2023-11-14,0.0
2023-11-15,0.0
2023-11-16,0.0
2023-11-17,0.0
2023-11-18,0.0
2023-11-19,0.9089425206184387
2023-11-20,5.847240447998047
2023-11-21,0.0
2023-11-22,0.0
2023-11-23,1.4209842681884766
2023-11-24,10.28954792022705
2023-11-25,1.363969087600708
2023-11-26,0.0
2023-11-27,4.177028656005859
2023-11-28,0.0
2023-11-29,0.0
2023-11-30,0.0
2023-12-01,0.0
2023-12-02,0.0
2023-12-03,0.0
2023-12-04,0.0
2023-12-05,0.0
2023-12-06,0.0
2023-12-07,0.0
2023-12-08,0.0
2023-12-09,0.930844247341156
2023-12-10,1.2148306369781494
2023-12-11,2.857764720916748
2023-12-12,0.0
2023-12-13,0.4708874821662903
2023-12-14,0.6548490524291992
2023-12-15,0.40483495593070984
2023-12-16,1.3331170082092285
2023-12-17,0.0
2023-12-18,0.0
2023-12-19,72.76191711425781
2023-12-20,0.0
2023-12-21,0.0
2023-12-22,0.0
2023-12-23,0.0
2023-12-24,0.0
2023-12-25,0.0
2023-12-26,7.403724670410156
2023-12-27,0.12331213802099228
2023-12-28,0.0
2023-12-29,0.0
2023-12-30,52.1750373840332
2023-12-31,0.30109986662864685
